LG_walk_Faster04																		
version=1																		
nRows=1990																		
nColumns=19																		
inDegrees=yes																		
endheader																		
time	ground_force2_vx	ground_force2_vy	ground_force2_vz	ground_force2_px	ground_force2_py	ground_force2_pz	ground_torque2_x	ground_torque2_y	ground_torque2_z	ground_force1_vx	ground_force1_vy	ground_force1_vz	ground_force1_px	ground_force1_py	ground_force1_pz	ground_torque1_x	ground_torque1_y	ground_torque1_z
3.42	0	0	0	0.2	0	-0.3	0	0	0	0	0	0	-0.13	0	0.305	0	0	0
3.421	0	0	0	0.2	0	-0.3	0	0	0	0	0	0	-0.13	0	0.305	0	0	0
3.422	0	0	0	0.2	0	-0.3	0	0	0	0	0	0	-0.13	0	0.305	0	0	0
3.423	0	0	0	0.2	0	-0.3	0	0	0	0	0	0	-0.13	0	0.305	0	0	0
3.424	0	0	0	0.2	0	-0.3	0	0	0	0	0	0	-0.13	0	0.305	0	0	0
3.425	0	0	0	0.2	0	-0.3	0	0	0	0	0	0	-0.13	0	0.305	0	0	0
3.426	0	0	0	0.2	0	-0.3	0	0	0	0	0	0	-0.13	0	0.305	0	0	0
3.427	0	0	0	0.2	0	-0.3	0	0	0	0	0	0	-0.13	0	0.305	0	0	0
3.428	0	0	0	0.2	0	-0.3	0	0	0	0	0	0	-0.13	0	0.305	0	0	0
3.429	0	0	0	0.2	0	-0.3	0	0	0	0	0	0	-0.13	0	0.305	0	0	0
3.43	0	0	0	0.2	0	-0.3	0	0	0	0	0	0	-0.13	0	0.305	0	0	0
3.431	0	0	0	0.2	0	-0.3	0	0	0	0	0	0	-0.13	0	0.305	0	0	0
3.432	0	0	0	0.2	0	-0.3	0	0	0	0	0	0	-0.13	0	0.305	0	0	0
3.433	0	0	0	0.2	0	-0.3	0	0	0	0	0	0	-0.13	0	0.305	0	0	0
3.434	0	0	0	0.2	0	-0.3	0	0	0	0	0	0	-0.13	0	0.305	0	0	0
3.435	0	0	0	0.2	0	-0.3	0	0	0	0	0	0	-0.13	0	0.305	0	0	0
3.436	0	0	0	0.2	0	-0.3	0	0	0	0	0	0	-0.13	0	0.305	0	0	0
3.437	0	0	0	0.2	0	-0.3	0	0	0	0	0	0	-0.13	0	0.305	0	0	0
3.438	0	0	0	0.2	0	-0.3	0	0	0	0	0	0	-0.13	0	0.305	0	0	0
3.439	0	0	0	0.2	0	-0.3	0	0	0	0	0	0	-0.13	0	0.305	0	0	0
3.44	0	0	0	0.2	0	-0.3	0	0	0	0	0	0	-0.13	0	0.305	0	0	0
3.441	0	0	0	0.2	0	-0.3	0	0	0	0	0	0	-0.13	0	0.305	0	0	0
3.442	0	0	0	0.2	0	-0.3	0	0	0	0	0	0	-0.13	0	0.305	0	0	0
3.443	0	0	0	0.2	0	-0.3	0	0	0	0	0	0	-0.13	0	0.305	0	0	0
3.444	0	0	0	0.2	0	-0.3	0	0	0	0	0	0	-0.13	0	0.305	0	0	0
3.445	0	0	0	0.2	0	-0.3	0	0	0	0	0	0	-0.13	0	0.305	0	0	0
3.446	0	0	0	0.2	0	-0.3	0	0	0	0	0	0	-0.13	0	0.305	0	0	0
3.447	0	0	0	0.2	0	-0.3	0	0	0	0	0	0	-0.13	0	0.305	0	0	0
3.448	0	0	0	0.2	0	-0.3	0	0	0	0	0	0	-0.13	0	0.305	0	0	0
3.449	0	0	0	0.2	0	-0.3	0	0	0	0	0	0	-0.13	0	0.305	0	0	0
3.45	0	0	0	0.2	0	-0.3	0	0	0	0	0	0	-0.13	0	0.305	0	0	0
3.451	0	0	0	0.2	0	-0.3	0	0	0	0	0	0	-0.13	0	0.305	0	0	0
3.452	0	0	0	0.2	0	-0.3	0	0	0	0	0	0	-0.13	0	0.305	0	0	0
3.453	0	0	0	0.2	0	-0.3	0	0	0	0	0	0	-0.13	0	0.305	0	0	0
3.454	0	0	0	0.2	0	-0.3	0	0	0	0	0	0	-0.13	0	0.305	0	0	0
3.455	0	0	0	0.2	0	-0.3	0	0	0	0	0	0	-0.13	0	0.305	0	0	0
3.456	0	0	0	0.2	0	-0.3	0	0	0	0	0	0	-0.13	0	0.305	0	0	0
3.457	0	0	0	0.2	0	-0.3	0	0	0	0	0	0	-0.13	0	0.305	0	0	0
3.458	0	0	0	0.2	0	-0.3	0	0	0	0	0	0	-0.13	0	0.305	0	0	0
3.459	0	0	0	0.2	0	-0.3	0	0	0	0	0	0	-0.13	0	0.305	0	0	0
3.46	0	0	0	0.2	0	-0.3	0	0	0	0	0	0	-0.13	0	0.305	0	0	0
3.461	0	0	0	0.2	0	-0.3	0	0	0	0	0	0	-0.13	0	0.305	0	0	0
3.462	0	0	0	0.2	0	-0.3	0	0	0	0	0	0	-0.13	0	0.305	0	0	0
3.463	0	0	0	0.2	0	-0.3	0	0	0	0	0	0	-0.13	0	0.305	0	0	0
3.464	0	0	0	0.2	0	-0.3	0	0	0	0	0	0	-0.13	0	0.305	0	0	0
3.465	0	0	0	0.2	0	-0.3	0	0	0	0	0	0	-0.13	0	0.305	0	0	0
3.466	0	0	0	0.2	0	-0.3	0	0	0	0	0	0	-0.13	0	0.305	0	0	0
3.467	0	0	0	0.2	0	-0.3	0	0	0	0	0	0	-0.13	0	0.305	0	0	0
3.468	0	0	0	0.2	0	-0.3	0	0	0	0	0	0	-0.13	0	0.305	0	0	0
3.469	0	0	0	0.2	0	-0.3	0	0	0	0	0	0	-0.13	0	0.305	0	0	0
3.47	0	0	0	0.2	0	-0.3	0	0	0	0	0	0	-0.13	0	0.305	0	0	0
3.471	0	0	0	0.2	0	-0.3	0	0	0	0	0	0	-0.13	0	0.305	0	0	0
3.472	0	0	0	0.2	0	-0.3	0	0	0	0	0	0	-0.13	0	0.305	0	0	0
3.473	0	0	0	0.2	0	-0.3	0	0	0	0	0	0	-0.13	0	0.305	0	0	0
3.474	0	0	0	0.2	0	-0.3	0	0	0	0	0	0	-0.13	0	0.305	0	0	0
3.475	0	0	0	0.2	0	-0.3	0	0	0	0	0	0	-0.13	0	0.305	0	0	0
3.476	0	0	0	0.2	0	-0.3	0	0	0	0	0	0	-0.13	0	0.305	0	0	0
3.477	0	0	0	0.2	0	-0.3	0	0	0	0	0	0	-0.13	0	0.305	0	0	0
3.478	0	0	0	0.2	0	-0.3	0	0	0	0	0	0	-0.13	0	0.305	0	0	0
3.479	0	0	0	0.2	0	-0.3	0	0	0	0	0	0	-0.13	0	0.305	0	0	0
3.48	0	0	0	0.2	0	-0.3	0	0	0	0	0	0	-0.13	0	0.305	0	0	0
3.481	0	0	0	0.2	0	-0.3	0	0	0	0	0	0	-0.13	0	0.305	0	0	0
3.482	0	0	0	0.2	0	-0.3	0	0	0	0	0	0	-0.13	0	0.305	0	0	0
3.483	0	0	0	0.2	0	-0.3	0	0	0	0	0	0	-0.13	0	0.305	0	0	0
3.484	0	0	0	0.2	0	-0.3	0	0	0	0	0	0	-0.13	0	0.305	0	0	0
3.485	0	0	0	0.2	0	-0.3	0	0	0	0	0	0	-0.13	0	0.305	0	0	0
3.486	0	0	0	0.2	0	-0.3	0	0	0	0	0	0	-0.13	0	0.305	0	0	0
3.487	0	0	0	0.2	0	-0.3	0	0	0	0	0	0	-0.13	0	0.305	0	0	0
3.488	0	0	0	0.2	0	-0.3	0	0	0	0	0	0	-0.13	0	0.305	0	0	0
3.489	0	0	0	0.2	0	-0.3	0	0	0	0	0	0	-0.13	0	0.305	0	0	0
3.49	0	0	0	0.2	0	-0.3	0	0	0	0	0	0	-0.13	0	0.305	0	0	0
3.491	0	0	0	0.2	0	-0.3	0	0	0	0	0	0	-0.13	0	0.305	0	0	0
3.492	0	0	0	0.2	0	-0.3	0	0	0	0	0	0	-0.13	0	0.305	0	0	0
3.493	0	0	0	0.2	0	-0.3	0	0	0	0	0	0	-0.13	0	0.305	0	0	0
3.494	0	0	0	0.2	0	-0.3	0	0	0	0	0	0	-0.13	0	0.305	0	0	0
3.495	0	0	0	0.2	0	-0.3	0	0	0	0	0	0	-0.13	0	0.305	0	0	0
3.496	0	0	0	0.2	0	-0.3	0	0	0	0	0	0	-0.13	0	0.305	0	0	0
3.497	0	0	0	0.2	0	-0.3	0	0	0	0	0	0	-0.13	0	0.305	0	0	0
3.498	0	0	0	0.2	0	-0.3	0	0	0	0	0	0	-0.13	0	0.305	0	0	0
3.499	0	0	0	0.2	0	-0.3	0	0	0	0	0	0	-0.13	0	0.305	0	0	0
3.5	0	0	0	0.2	0	-0.3	0	0	0	0	0	0	-0.13	0	0.305	0	0	0
3.501	0	0	0	0.2	0	-0.3	0	0	0	0	0	0	-0.13	0	0.305	0	0	0
3.502	0	0	0	0.2	0	-0.3	0	0	0	0	0	0	-0.13	0	0.305	0	0	0
3.503	0	0	0	0.2	0	-0.3	0	0	0	0	0	0	-0.13	0	0.305	0	0	0
3.504	0	0	0	0.2	0	-0.3	0	0	0	0	0	0	-0.13	0	0.305	0	0	0
3.505	0	0	0	0.2	0	-0.3	0	0	0	0	0	0	-0.13	0	0.305	0	0	0
3.506	0	0	0	0.2	0	-0.3	0	0	0	0	0	0	-0.13	0	0.305	0	0	0
3.507	0	0	0	0.2	0	-0.3	0	0	0	0	0	0	-0.13	0	0.305	0	0	0
3.508	0	0	0	0.2	0	-0.3	0	0	0	0	0	0	-0.13	0	0.305	0	0	0
3.509	0	0	0	0.2	0	-0.3	0	0	0	0	0	0	-0.13	0	0.305	0	0	0
3.51	0	0	0	0.2	0	-0.3	0	0	0	0	0	0	-0.13	0	0.305	0	0	0
3.511	0	0	0	0.2	0	-0.3	0	0	0	0	0	0	-0.13	0	0.305	0	0	0
3.512	0	0	0	0.2	0	-0.3	0	0	0	0	0	0	-0.13	0	0.305	0	0	0
3.513	0	0	0	0.2	0	-0.3	0	0	0	0	0	0	-0.13	0	0.305	0	0	0
3.514	0	0	0	0.2	0	-0.3	0	0	0	0	0	0	-0.13	0	0.305	0	0	0
3.515	0	0	0	0.2	0	-0.3	0	0	0	0	0	0	-0.13	0	0.305	0	0	0
3.516	0	0	0	0.2	0	-0.3	0	0	0	0	0	0	-0.13	0	0.305	0	0	0
3.517	0	0	0	0.2	0	-0.3	0	0	0	0	0	0	-0.13	0	0.305	0	0	0
3.518	0	0	0	0.2	0	-0.3	0	0	0	0	0	0	-0.13	0	0.305	0	0	0
3.519	0	0	0	0.2	0	-0.3	0	0	0	0	0	0	-0.13	0	0.305	0	0	0
3.52	0	0	0	0.2	0	-0.3	0	0	0	0	0	0	-0.13	0	0.305	0	0	0
3.521	0	0	0	0.2	0	-0.3	0	0	0	0	0	0	-0.13	0	0.305	0	0	0
3.522	0	0	0	0.2	0	-0.3	0	0	0	0	0	0	-0.13	0	0.305	0	0	0
3.523	0	0	0	0.2	0	-0.3	0	0	0	0	0	0	-0.13	0	0.305	0	0	0
3.524	0	0	0	0.2	0	-0.3	0	0	0	0	0	0	-0.13	0	0.305	0	0	0
3.525	0	0	0	0.2	0	-0.3	0	0	0	0	0	0	-0.13	0	0.305	0	0	0
3.526	0	0	0	0.2	0	-0.3	0	0	0	0	0	0	-0.13	0	0.305	0	0	0
3.527	0	0	0	0.2	0	-0.3	0	0	0	0	0	0	-0.13	0	0.305	0	0	0
3.528	0	0	0	0.2	0	-0.3	0	0	0	0	0	0	-0.13	0	0.305	0	0	0
3.529	0	0	0	0.2	0	-0.3	0	0	0	0	0	0	-0.13	0	0.305	0	0	0
3.53	0	0	0	0.2	0	-0.3	0	0	0	0	0	0	-0.13	0	0.305	0	0	0
3.531	0	0	0	0.2	0	-0.3	0	0	0	0	0	0	-0.13	0	0.305	0	0	0
3.532	0	0	0	0.2	0	-0.3	0	0	0	0	0	0	-0.13	0	0.305	0	0	0
3.533	0	0	0	0.2	0	-0.3	0	0	0	0	0	0	-0.13	0	0.305	0	0	0
3.534	0	0	0	0.2	0	-0.3	0	0	0	0	0	0	-0.13	0	0.305	0	0	0
3.535	0	0	0	0.2	0	-0.3	0	0	0	0	0	0	-0.13	0	0.305	0	0	0
3.536	0	0	0	0.2	0	-0.3	0	0	0	0	0	0	-0.13	0	0.305	0	0	0
3.537	0	0	0	0.2	0	-0.3	0	0	0	0	0	0	-0.13	0	0.305	0	0	0
3.538	0	0	0	0.2	0	-0.3	0	0	0	0	0	0	-0.13	0	0.305	0	0	0
3.539	0	0	0	0.2	0	-0.3	0	0	0	0	0	0	-0.13	0	0.305	0	0	0
3.54	0	0	0	0.2	0	-0.3	0	0	0	0	0	0	-0.13	0	0.305	0	0	0
3.541	0	0	0	0.2	0	-0.3	0	0	0	0	0	0	-0.13	0	0.305	0	0	0
3.542	0	0	0	0.2	0	-0.3	0	0	0	0	0	0	-0.13	0	0.305	0	0	0
3.543	0	0	0	0.2	0	-0.3	0	0	0	0	0	0	-0.13	0	0.305	0	0	0
3.544	0	0	0	0.2	0	-0.3	0	0	0	0	0	0	-0.13	0	0.305	0	0	0
3.545	0	0	0	0.2	0	-0.3	0	0	0	0	0	0	-0.13	0	0.305	0	0	0
3.546	0	0	0	0.2	0	-0.3	0	0	0	0	0	0	-0.13	0	0.305	0	0	0
3.547	0	0	0	0.2	0	-0.3	0	0	0	0	0	0	-0.13	0	0.305	0	0	0
3.548	0	0	0	0.2	0	-0.3	0	0	0	0	0	0	-0.13	0	0.305	0	0	0
3.549	0	0	0	0.2	0	-0.3	0	0	0	0	0	0	-0.13	0	0.305	0	0	0
3.55	0	0	0	0.2	0	-0.3	0	0	0	0	0	0	-0.13	0	0.305	0	0	0
3.551	0	0	0	0.2	0	-0.3	0	0	0	0	0	0	-0.13	0	0.305	0	0	0
3.552	0	0	0	0.2	0	-0.3	0	0	0	0	0	0	-0.13	0	0.305	0	0	0
3.553	0	0	0	0.2	0	-0.3	0	0	0	0	0	0	-0.13	0	0.305	0	0	0
3.554	0	0	0	0.2	0	-0.3	0	0	0	0	0	0	-0.13	0	0.305	0	0	0
3.555	0	0	0	0.2	0	-0.3	0	0	0	0	0	0	-0.13	0	0.305	0	0	0
3.556	0	0	0	0.2	0	-0.3	0	0	0	0	0	0	-0.13	0	0.305	0	0	0
3.557	0	0	0	0.2	0	-0.3	0	0	0	0	0	0	-0.13	0	0.305	0	0	0
3.558	0	0	0	0.2	0	-0.3	0	0	0	0	0	0	-0.13	0	0.305	0	0	0
3.559	0	0	0	0.2	0	-0.3	0	0	0	0	0	0	-0.13	0	0.305	0	0	0
3.56	0	0	0	0.2	0	-0.3	0	0	0	0	0	0	-0.13	0	0.305	0	0	0
3.561	0	0	0	0.2	0	-0.3	0	0	0	0	0	0	-0.13	0	0.305	0	0	0
3.562	0	0	0	0.2	0	-0.3	0	0	0	0	0	0	-0.13	0	0.305	0	0	0
3.563	0	0	0	0.2	0	-0.3	0	0	0	0	0	0	-0.13	0	0.305	0	0	0
3.564	0	0	0	0.2	0	-0.3	0	0	0	0	0	0	-0.13	0	0.305	0	0	0
3.565	0	0	0	0.2	0	-0.3	0	0	0	0	0	0	-0.13	0	0.305	0	0	0
3.566	0	0	0	0.2	0	-0.3	0	0	0	0	0	0	-0.13	0	0.305	0	0	0
3.567	0	0	0	0.2	0	-0.3	0	0	0	0	0	0	-0.13	0	0.305	0	0	0
3.568	0	0	0	0.2	0	-0.3	0	0	0	0	0	0	-0.13	0	0.305	0	0	0
3.569	0	0	0	0.2	0	-0.3	0	0	0	0	0	0	-0.13	0	0.305	0	0	0
3.57	0	0	0	0.2	0	-0.3	0	0	0	0	0	0	-0.13	0	0.305	0	0	0
3.571	0	0	0	0.2	0	-0.3	0	0	0	0	0	0	-0.13	0	0.305	0	0	0
3.572	0	0	0	0.2	0	-0.3	0	0	0	0	0	0	-0.13	0	0.305	0	0	0
3.573	0	0	0	0.2	0	-0.3	0	0	0	0	0	0	-0.13	0	0.305	0	0	0
3.574	0	0	0	0.2	0	-0.3	0	0	0	0	0	0	-0.13	0	0.305	0	0	0
3.575	0	0	0	0.2	0	-0.3	0	0	0	0	0	0	-0.13	0	0.305	0	0	0
3.576	0	0	0	0.2	0	-0.3	0	0	0	0	0	0	-0.13	0	0.305	0	0	0
3.577	0	0	0	0.2	0	-0.3	0	0	0	0	0	0	-0.13	0	0.305	0	0	0
3.578	0	0	0	0.2	0	-0.3	0	0	0	0	0	0	-0.13	0	0.305	0	0	0
3.579	0	0	0	0.2	0	-0.3	0	0	0	0	0	0	-0.13	0	0.305	0	0	0
3.58	0	0	0	0.2	0	-0.3	0	0	0	0	0	0	-0.13	0	0.305	0	0	0
3.581	0	0	0	0.2	0	-0.3	0	0	0	0	0	0	-0.13	0	0.305	0	0	0
3.582	0	0	0	0.2	0	-0.3	0	0	0	0	0	0	-0.13	0	0.305	0	0	0
3.583	0	0	0	0.2	0	-0.3	0	0	0	0	0	0	-0.13	0	0.305	0	0	0
3.584	0	0	0	0.2	0	-0.3	0	0	0	0	0	0	-0.13	0	0.305	0	0	0
3.585	0	0	0	0.2	0	-0.3	0	0	0	0	0	0	-0.13	0	0.305	0	0	0
3.586	0	0	0	0.2	0	-0.3	0	0	0	0	0	0	-0.13	0	0.305	0	0	0
3.587	0	0	0	0.2	0	-0.3	0	0	0	0	0	0	-0.13	0	0.305	0	0	0
3.588	0	0	0	0.2	0	-0.3	0	0	0	0	0	0	-0.13	0	0.305	0	0	0
3.589	0	0	0	0.2	0	-0.3	0	0	0	0	0	0	-0.13	0	0.305	0	0	0
3.59	0	0	0	0.2	0	-0.3	0	0	0	0	0	0	-0.13	0	0.305	0	0	0
3.591	0	0	0	0.2	0	-0.3	0	0	0	0	0	0	-0.13	0	0.305	0	0	0
3.592	0	0	0	0.2	0	-0.3	0	0	0	0	0	0	-0.13	0	0.305	0	0	0
3.593	0	0	0	0.2	0	-0.3	0	0	0	0	0	0	-0.13	0	0.305	0	0	0
3.594	0	0	0	0.2	0	-0.3	0	0	0	0	0	0	-0.13	0	0.305	0	0	0
3.595	0	0	0	0.2	0	-0.3	0	0	0	0	0	0	-0.13	0	0.305	0	0	0
3.596	0	0	0	0.2	0	-0.3	0	0	0	0	0	0	-0.13	0	0.305	0	0	0
3.597	0	0	0	0.2	0	-0.3	0	0	0	0	0	0	-0.13	0	0.305	0	0	0
3.598	0	0	0	0.2	0	-0.3	0	0	0	0	0	0	-0.13	0	0.305	0	0	0
3.599	0	0	0	0.2	0	-0.3	0	0	0	0	0	0	-0.13	0	0.305	0	0	0
3.6	0	0	0	0.2	0	-0.3	0	0	0	0	0	0	-0.13	0	0.305	0	0	0
3.601	0	0	0	0.2	0	-0.3	0	0	0	0	0	0	-0.13	0	0.305	0	0	0
3.602	0	0	0	0.2	0	-0.3	0	0	0	0	0	0	-0.13	0	0.305	0	0	0
3.603	0	0	0	0.2	0	-0.3	0	0	0	0	0	0	-0.13	0	0.305	0	0	0
3.604	0	0	0	0.2	0	-0.3	0	0	0	0	0	0	-0.13	0	0.305	0	0	0
3.605	0	0	0	0.2	0	-0.3	0	0	0	0	0	0	-0.13	0	0.305	0	0	0
3.606	0	0	0	0.2	0	-0.3	0	0	0	0	0	0	-0.13	0	0.305	0	0	0
3.607	0	0	0	0.2	0	-0.3	0	0	0	0	0	0	-0.13	0	0.305	0	0	0
3.608	0	0	0	0.2	0	-0.3	0	0	0	0	0	0	-0.13	0	0.305	0	0	0
3.609	0	0	0	0.2	0	-0.3	0	0	0	0	0	0	-0.13	0	0.305	0	0	0
3.61	0	0	0	0.2	0	-0.3	0	0	0	0	0	0	-0.13	0	0.305	0	0	0
3.611	0	0	0	0.2	0	-0.3	0	0	0	0	0	0	-0.13	0	0.305	0	0	0
3.612	0	0	0	0.2	0	-0.3	0	0	0	0	0	0	-0.13	0	0.305	0	0	0
3.613	0	0	0	0.2	0	-0.3	0	0	0	0	0	0	-0.13	0	0.305	0	0	0
3.614	0	0	0	0.2	0	-0.3	0	0	0	0	0	0	-0.13	0	0.305	0	0	0
3.615	0	0	0	0.2	0	-0.3	0	0	0	0	0	0	-0.13	0	0.305	0	0	0
3.616	0	0	0	0.2	0	-0.3	0	0	0	0	0	0	-0.13	0	0.305	0	0	0
3.617	0	0	0	0.2	0	-0.3	0	0	0	0	0	0	-0.13	0	0.305	0	0	0
3.618	0	0	0	0.2	0	-0.3	0	0	0	0	0	0	-0.13	0	0.305	0	0	0
3.619	0	0	0	0.2	0	-0.3	0	0	0	0	0	0	-0.13	0	0.305	0	0	0
3.62	0	0	0	0.2	0	-0.3	0	0	0	0	0	0	-0.13	0	0.305	0	0	0
3.621	0	0	0	0.2	0	-0.3	0	0	0	0	0	0	-0.13	0	0.305	0	0	0
3.622	0	0	0	0.2	0	-0.3	0	0	0	0	0	0	-0.13	0	0.305	0	0	0
3.623	0	0	0	0.2	0	-0.3	0	0	0	0	0	0	-0.13	0	0.305	0	0	0
3.624	0	0	0	0.2	0	-0.3	0	0	0	0	0	0	-0.13	0	0.305	0	0	0
3.625	0	0	0	0.2	0	-0.3	0	0	0	0	0	0	-0.13	0	0.305	0	0	0
3.626	0	0	0	0.2	0	-0.3	0	0	0	0	0	0	-0.13	0	0.305	0	0	0
3.627	0	0	0	0.2	0	-0.3	0	0	0	0	0	0	-0.13	0	0.305	0	0	0
3.628	0	0	0	0.2	0	-0.3	0	0	0	0	0	0	-0.13	0	0.305	0	0	0
3.629	0	0	0	0.2	0	-0.3	0	0	0	0	0	0	-0.13	0	0.305	0	0	0
3.63	0	0	0	0.2	0	-0.3	0	0	0	0	0	0	-0.13	0	0.305	0	0	0
3.631	0	0	0	0.2	0	-0.3	0	0	0	0	0	0	-0.13	0	0.305	0	0	0
3.632	0	0	0	0.2	0	-0.3	0	0	0	0	0	0	-0.13	0	0.305	0	0	0
3.633	0	0	0	0.2	0	-0.3	0	0	0	0	0	0	-0.13	0	0.305	0	0	0
3.634	0	0	0	0.2	0	-0.3	0	0	0	0	0	0	-0.13	0	0.305	0	0	0
3.635	0	0	0	0.2	0	-0.3	0	0	0	0	0	0	-0.13	0	0.305	0	0	0
3.636	0	0	0	0.2	0	-0.3	0	0	0	0	0	0	-0.13	0	0.305	0	0	0
3.637	0	0	0	0.2	0	-0.3	0	0	0	0	0	0	-0.13	0	0.305	0	0	0
3.638	0	0	0	0.2	0	-0.3	0	0	0	0	0	0	-0.13	0	0.305	0	0	0
3.639	0	0	0	0.2	0	-0.3	0	0	0	0	0	0	-0.13	0	0.305	0	0	0
3.64	0	0	0	0.2	0	-0.3	0	0	0	0	0	0	-0.13	0	0.305	0	0	0
3.641	0	0	0	0.2	0	-0.3	0	0	0	0	0	0	-0.13	0	0.305	0	0	0
3.642	0	0	0	0.2	0	-0.3	0	0	0	0	0	0	-0.13	0	0.305	0	0	0
3.643	0	0	0	0.2	0	-0.3	0	0	0	0	0	0	-0.13	0	0.305	0	0	0
3.644	0	0	0	0.2	0	-0.3	0	0	0	0	0	0	-0.13	0	0.305	0	0	0
3.645	0	0	0	0.2	0	-0.3	0	0	0	0	0	0	-0.13	0	0.305	0	0	0
3.646	0	0	0	0.2	0	-0.3	0	0	0	0	0	0	-0.13	0	0.305	0	0	0
3.647	0	0	0	0.2	0	-0.3	0	0	0	0	0	0	-0.13	0	0.305	0	0	0
3.648	0	0	0	0.2	0	-0.3	0	0	0	0	0	0	-0.13	0	0.305	0	0	0
3.649	0	0	0	0.2	0	-0.3	0	0	0	0	0	0	-0.13	0	0.305	0	0	0
3.65	0	0	0	0.2	0	-0.3	0	0	0	0	0	0	-0.13	0	0.305	0	0	0
3.651	0	0	0	0.2	0	-0.3	0	0	0	0	0	0	-0.13	0	0.305	0	0	0
3.652	0	0	0	0.2	0	-0.3	0	0	0	0	0	0	-0.13	0	0.305	0	0	0
3.653	0	0	0	0.2	0	-0.3	0	0	0	0	0	0	-0.13	0	0.305	0	0	0
3.654	0	0	0	0.2	0	-0.3	0	0	0	0	0	0	-0.13	0	0.305	0	0	0
3.655	0	0	0	0.2	0	-0.3	0	0	0	0	0	0	-0.13	0	0.305	0	0	0
3.656	0	0	0	0.2	0	-0.3	0	0	0	0	0	0	-0.13	0	0.305	0	0	0
3.657	0	0	0	0.2	0	-0.3	0	0	0	0	0	0	-0.13	0	0.305	0	0	0
3.658	0	0	0	0.2	0	-0.3	0	0	0	0	0	0	-0.13	0	0.305	0	0	0
3.659	0	0	0	0.2	0	-0.3	0	0	0	0	0	0	-0.13	0	0.305	0	0	0
3.66	0	0	0	0.2	0	-0.3	0	0	0	0	0	0	-0.13	0	0.305	0	0	0
3.661	0	0	0	0.2	0	-0.3	0	0	0	0	0	0	-0.13	0	0.305	0	0	0
3.662	0	0	0	0.2	0	-0.3	0	0	0	0	0	0	-0.13	0	0.305	0	0	0
3.663	0	0	0	0.2	0	-0.3	0	0	0	0	0	0	-0.13	0	0.305	0	0	0
3.664	0	0	0	0.2	0	-0.3	0	0	0	0	0	0	-0.13	0	0.305	0	0	0
3.665	0	0	0	0.2	0	-0.3	0	0	0	0	0	0	-0.13	0	0.305	0	0	0
3.666	0	0	0	0.2	0	-0.3	0	0	0	0	0	0	-0.13	0	0.305	0	0	0
3.667	0	0	0	0.2	0	-0.3	0	0	0	0	0	0	-0.13	0	0.305	0	0	0
3.668	0	0	0	0.2	0	-0.3	0	0	0	0	0	0	-0.13	0	0.305	0	0	0
3.669	0	0	0	0.2	0	-0.3	0	0	0	0	0	0	-0.13	0	0.305	0	0	0
3.67	0	0	0	0.2	0	-0.3	0	0	0	0	0	0	-0.13	0	0.305	0	0	0
3.671	0	0	0	0.2	0	-0.3	0	0	0	0	0	0	-0.13	0	0.305	0	0	0
3.672	0	0	0	0.2	0	-0.3	0	0	0	0	0	0	-0.13	0	0.305	0	0	0
3.673	0	0	0	0.2	0	-0.3	0	0	0	0	0	0	-0.13	0	0.305	0	0	0
3.674	0	0	0	0.2	0	-0.3	0	0	0	0	0	0	-0.13	0	0.305	0	0	0
3.675	0	0	0	0.2	0	-0.3	0	0	0	0	0	0	-0.13	0	0.305	0	0	0
3.676	0	0	0	0.2	0	-0.3	0	0	0	0	0	0	-0.13	0	0.305	0	0	0
3.677	0	0	0	0.2	0	-0.3	0	0	0	0	0	0	-0.13	0	0.305	0	0	0
3.678	0	0	0	0.2	0	-0.3	0	0	0	0	0	0	-0.13	0	0.305	0	0	0
3.679	0	0	0	0.2	0	-0.3	0	0	0	0	0	0	-0.13	0	0.305	0	0	0
3.68	0	0	0	0.2	0	-0.3	0	0	0	0	0	0	-0.13	0	0.305	0	0	0
3.681	0	0	0	0.2	0	-0.3	0	0	0	0	0	0	-0.13	0	0.305	0	0	0
3.682	0	0	0	0.2	0	-0.3	0	0	0	0	0	0	-0.13	0	0.305	0	0	0
3.683	0	0	0	0.2	0	-0.3	0	0	0	0	0	0	-0.13	0	0.305	0	0	0
3.684	0	0	0	0.2	0	-0.3	0	0	0	0	0	0	-0.13	0	0.305	0	0	0
3.685	0	0	0	0.2	0	-0.3	0	0	0	0	0	0	-0.13	0	0.305	0	0	0
3.686	0	0	0	0.2	0	-0.3	0	0	0	0	0	0	-0.13	0	0.305	0	0	0
3.687	0	0	0	0.2	0	-0.3	0	0	0	0	0	0	-0.13	0	0.305	0	0	0
3.688	0	0	0	0.2	0	-0.3	0	0	0	0	0	0	-0.13	0	0.305	0	0	0
3.689	0	0	0	0.2	0	-0.3	0	0	0	0	0	0	-0.13	0	0.305	0	0	0
3.69	0	0	0	0.2	0	-0.3	0	0	0	0	0	0	-0.13	0	0.305	0	0	0
3.691	0	0	0	0.2	0	-0.3	0	0	0	0	0	0	-0.13	0	0.305	0	0	0
3.692	0	0	0	0.2	0	-0.3	0	0	0	0	0	0	-0.13	0	0.305	0	0	0
3.693	0	0	0	0.2	0	-0.3	0	0	0	0	0	0	-0.13	0	0.305	0	0	0
3.694	0	0	0	0.2	0	-0.3	0	0	0	0	0	0	-0.13	0	0.305	0	0	0
3.695	0	0	0	0.2	0	-0.3	0	0	0	0	0	0	-0.13	0	0.305	0	0	0
3.696	0	0	0	0.2	0	-0.3	0	0	0	0	0	0	-0.13	0	0.305	0	0	0
3.697	0	0	0	0.2	0	-0.3	0	0	0	0	0	0	-0.13	0	0.305	0	0	0
3.698	0	0	0	0.2	0	-0.3	0	0	0	0	0	0	-0.13	0	0.305	0	0	0
3.699	0	0	0	0.2	0	-0.3	0	0	0	0	0	0	-0.13	0	0.305	0	0	0
3.7	0	0	0	0.2	0	-0.3	0	0	0	0	0	0	-0.13	0	0.305	0	0	0
3.701	0	0	0	0.2	0	-0.3	0	0	0	0	0	0	-0.13	0	0.305	0	0	0
3.702	0	0	0	0.2	0	-0.3	0	0	0	0	0	0	-0.13	0	0.305	0	0	0
3.703	0	0	0	0.2	0	-0.3	0	0	0	0	0	0	-0.13	0	0.305	0	0	0
3.704	0	0	0	0.2	0	-0.3	0	0	0	0	0	0	-0.13	0	0.305	0	0	0
3.705	0	0	0	0.2	0	-0.3	0	0	0	0	0	0	-0.13	0	0.305	0	0	0
3.706	0	0	0	0.2	0	-0.3	0	0	0	0	0	0	-0.13	0	0.305	0	0	0
3.707	0	0	0	0.2	0	-0.3	0	0	0	0	0	0	-0.13	0	0.305	0	0	0
3.708	0	0	0	0.2	0	-0.3	0	0	0	0	0	0	-0.13	0	0.305	0	0	0
3.709	0	0	0	0.2	0	-0.3	0	0	0	0	0	0	-0.13	0	0.305	0	0	0
3.71	0	0	0	0.2	0	-0.3	0	0	0	0	0	0	-0.13	0	0.305	0	0	0
3.711	0	0	0	0.2	0	-0.3	0	0	0	2.332817	31.643814	-0.776199	-0.070256	0	0.462384	0	1.342502	0
3.712	0	0	0	0.2	0	-0.3	0	0	0	3.267748	39.538437	-0.776199	-0.06916	0	0.474128	0	1.342502	0
3.713	0	0	0	0.2	0	-0.3	0	0	0	3.267748	42.942806	-0.776199	-0.06916	0	0.47315	-1.00E-06	0.986767	0
3.714	0	0	0	0.2	0	-0.3	0	0	0	-1.659952	51.660873	-5.712431	-0.067747	0	0.47315	-1.00E-06	0.613646	0
3.715	0	0	0	0.2	0	-0.3	0	0	0	-6.581157	54.546097	-15.271573	-0.058948	0	0.47315	-2.00E-06	0.613646	0
3.716	0	0	0	0.2	0	-0.3	0	0	0	-6.581157	55.506474	-22.245445	-0.05214	0	0.470639	-2.00E-06	0.922647	0
3.717	0	0	0	0.2	0	-0.3	0	0	0	-6.581157	72.103394	-25.145927	-0.05214	0	0.470639	-2.00E-06	1.033197	0
3.718	0	0	0	0.2	0	-0.3	0	0	0	-10.619305	92.503227	-25.145927	-0.065289	0	0.442008	-1.00E-06	1.033197	0
3.719	0	0	0	0.2	0	-0.3	0	0	0	-15.688999	121.330292	-20.054243	-0.081831	0	0.422527	-2.00E-06	0.071404	0
3.72	0	0	0	0.2	0	-0.3	0	0	0	-18.255194	153.028687	-13.943857	-0.088073	0	0.417136	-2.00E-06	-0.008233	0
3.721	0	0	0	0.2	0	-0.3	0	0	0	-18.627853	170.687912	-10.183831	-0.090547	0	0.41068	-3.00E-06	-0.012365	0.00E+00
3.722	0	0	0	0.2	0	-0.3	0	0	0	-19.244888	184.583618	-9.47938	-0.092503	0	0.41068	-3.00E-06	-0.008233	0
3.723	0	0	0	0.2	0	-0.3	0	0	0	-19.54619	196.580688	-9.322921	-0.094278	0	0.412413	-3.00E-06	0.225322	0
3.724	0	0	0	0.2	0	-0.3	0	0	0	-19.54619	202.835953	-6.2665	-0.102624	0	0.423269	-3.00E-06	0.225322	0
3.725	0	0	0	0.2	0	-0.3	0	0	0	-18.4671	202.835953	-2.347719	-0.104662	0	0.431914	-2.00E-06	0.209639	0.00E+00
3.726	0	0	0	0.2	0	-0.3	0	0	0	-14.955149	200.63588	7.68253	-0.107188	0	0.451427	-2.00E-06	0.209639	-1.00E-06
3.727	0	0	0	0.2	0	-0.3	0	0	0	-11.533316	186.749695	15.676068	-0.107188	0	0.469115	-7.00E-06	0.280643	-1.00E-06
3.728	0	0	0	0.2	0	-0.3	0	0	0	-11.533316	172.35054	21.788105	-0.106904	0	0.484663	-7.00E-06	0.280643	-1.00E-06
3.729	0	0	0	0.2	0	-0.3	0	0	0	-13.563213	163.420654	24.452667	-0.106455	0	0.49192	-3.00E-06	0.177164	-1.00E-06
3.73	0	0	0	0.2	0	-0.3	0	0	0	-13.563213	163.420654	27.429548	-0.103617	0	0.49192	-3.00E-06	0.177164	-1.00E-06
3.731	0	0	0	0.2	0	-0.3	0	0	0	-11.668093	172.123184	32.443066	-0.099152	0	0.476765	-5.00E-06	0.451254	-1.00E-06
3.732	0	0	0	0.2	0	-0.3	0	0	0	-9.06221	191.654907	38.866531	-0.097875	0	0.45312	-5.00E-06	0.879163	-1.00E-06
3.733	0	0	0	0.2	0	-0.3	0	0	0	-9.06221	206.032242	45.917007	-0.095336	0	0.434898	-3.00E-06	0.879163	-1.00E-06
3.734	0	0	0	0.2	0	-0.3	0	0	0	-12.098398	225.909225	51.322697	-0.095336	0	0.416513	-3.00E-06	0.708731	-1.00E-06
3.735	0	0	0	0.2	0	-0.3	0	0	0	-12.098398	237.19342	56.729073	-0.095336	0	0.405719	-3.00E-06	0.673073	-1.00E-06
3.736	0	0	0	0.2	0	-0.3	0	0	0	-10.546431	237.19342	62.214184	-0.092559	0	0.405719	-2.00E-06	0.335531	-1.00E-06
3.737	0	0	0	0.2	0	-0.3	0	0	0	-8.754416	230.646942	65.976463	-0.088062	0	0.407594	-2.00E-06	0.236537	-1.00E-06
3.738	0	0	0	0.2	0	-0.3	0	0	0	-7.37186	217.255386	69.660172	-0.084743	0	0.412585	-5.00E-06	0.19344	0.00E+00
3.739	0	0	0	0.2	0	-0.3	0	0	0	-7.37186	203.35733	71.306679	-0.082104	0	0.419914	-5.00E-06	-0.245894	0
3.74	0	0	0	0.2	0	-0.3	0	0	0	-8.784002	194.403442	73.814659	-0.077746	0	0.427958	-7.00E-06	-0.891156	0
3.741	0	0	0	0.2	0	-0.3	0	0	0	-8.784002	194.403442	76.32196	-0.077746	0	0.431101	-5.00E-06	-0.891156	0.00E+00
3.742	0	0	0	0.2	0	-0.3	0	0	0	-6.595517	213.117477	80.709122	-0.079584	0	0.431101	-5.00E-06	-0.643395	0
3.743	0	0	0	0.2	0	-0.3	0	0	0	-2.988395	223.203613	84.469147	-0.083398	0	0.419471	-3.00E-06	-0.630136	-1.00E-06
3.744	0	0	0	0.2	0	-0.3	0	0	0	-1.163909	244.28157	87.131859	-0.083398	0	0.412095	-3.00E-06	-0.11268	-1.00E-06
3.745	0	0	0	0.2	0	-0.3	0	0	0	-1.163909	273.609711	89.246338	-0.086908	0	0.405498	-4.00E-06	0.095319	-1.00E-06
3.746	0	0	0	0.2	0	-0.3	0	0	0	-3.65081	304.141785	90.812706	-0.088579	0	0.397779	-4.00E-06	0.335876	-1.00E-06
3.747	0	0	0	0.2	0	-0.3	0	0	0	-3.65081	324.715515	94.729919	-0.090686	0	0.396355	-4.00E-06	0.335876	-1.00E-06
3.748	0	0	0	0.2	0	-0.3	0	0	0	-4.507171	339.78421	99.039185	-0.090686	0	0.396355	-4.00E-06	0.039624	-1.00E-06
3.749	0	0	0	0.2	0	-0.3	0	0	0	-4.747219	343.870117	100.76358	-0.089539	0	0.398892	-8.00E-06	0.017152	-2.00E-06
3.75	0	0	0	0.2	0	-0.3	0	0	0	-7.170701	346.931213	102.25238	-0.088935	0	0.400078	-9.00E-06	-0.111637	-2.00E-06
3.751	0	0	0	0.2	0	-0.3	0	0	0	-8.343516	355.305237	102.25238	-0.08875	0	0.402081	-9.00E-06	-0.395605	-3.00E-06
3.752	0	0	0	0.2	0	-0.3	0	0	0	-10.680489	369.351379	102.095123	-0.08875	0	0.402081	-7.00E-06	-0.395605	-3.00E-06
3.753	0	0	0	0.2	0	-0.3	0	0	0	-11.212456	389.929688	101.859245	-0.090611	0	0.401279	-4.00E-06	-0.018657	-3.00E-06
3.754	0	0	0	0.2	0	-0.3	0	0	0	-12.528707	419.933655	100.839218	-0.092011	0	0.398532	-4.00E-06	0.001162	-3.00E-06
3.755	0	0	0	0.2	0	-0.3	0	0	0	-14.308455	448.591827	99.42778	-0.094447	0	0.396001	-3.00E-06	0.466366	-2.00E-06
3.756	0	0	0	0.2	0	-0.3	0	0	0	-14.308455	470.022522	98.878426	-0.096709	0	0.394705	-3.00E-06	0.865395	-2.00E-06
3.757	0	0	0	0.2	0	-0.3	0	0	0	-12.18411	492.009521	97.781723	-0.098325	0	0.396001	-3.00E-06	1.099284	-3.00E-06
3.758	0	0	0	0.2	0	-0.3	0	0	0	-10.769082	504.185944	97.781723	-0.09844	0	0.396154	-1.10E-05	1.263268	-3.00E-06
3.759	0	0	0	0.2	0	-0.3	0	0	0	-10.710714	504.185944	98.096321	-0.09844	0	0.397755	-1.10E-05	1.275631	-3.00E-06
3.76	0	0	0	0.2	0	-0.3	0	0	0	-9.628016	501.394745	98.096321	-0.097102	0	0.400265	-1.10E-05	1.263268	-4.00E-06
3.761	0	0	0	0.2	0	-0.3	0	0	0	-9.628016	498.288544	98.096321	-0.095795	0	0.400462	-1.00E-05	1.047454	-4.00E-06
3.762	0	0	0	0.2	0	-0.3	0	0	0	-8.914369	498.288544	98.488014	-0.095164	0	0.400462	-1.50E-05	1.047454	-3.00E-06
3.763	0	0	0	0.2	0	-0.3	0	0	0	-7.099985	514.216797	99.113861	-0.095164	0	0.396788	-1.90E-05	1.274569	-3.00E-06
3.764	0	0	0	0.2	0	-0.3	0	0	0	-4.826432	530.994568	100.287689	-0.095395	0	0.394976	-2.00E-05	1.505744	-2.00E-06
3.765	0	0	0	0.2	0	-0.3	0	0	0	-2.934919	550.890015	101.696472	-0.095537	0	0.39072	-2.00E-05	1.539924	-3.00E-06
3.766	0	0	0	0.2	0	-0.3	0	0	0	-2.145585	570.968628	102.323761	-0.095621	0	0.386212	-9.00E-06	1.59631	-4.00E-06
3.767	0	0	0	0.2	0	-0.3	0	0	0	-0.905743	578.3172	104.673553	-0.095621	0	0.384849	-9.00E-06	1.59631	-4.00E-06
3.768	0	0	0	0.2	0	-0.3	0	0	0	-1.067939	578.3172	107.024559	-0.094835	0	0.383963	-4.00E-06	1.378377	-4.00E-06
3.769	0	0	0	0.2	0	-0.3	0	0	0	-0.905743	573.674683	108.436073	-0.094307	0	0.383963	-1.10E-05	1.184845	-3.00E-06
3.77	0	0	0	0.2	0	-0.3	0	0	0	0.243982	566.790588	110.161072	-0.093245	0	0.385322	-1.20E-05	1.140315	-2.00E-06
3.771	0	0	0	0.2	0	-0.3	0	0	0	1.948765	557.681396	111.807388	-0.092154	0	0.385879	-1.20E-05	0.898884	-1.00E-06
3.772	0	0	0	0.2	0	-0.3	0	0	0	3.043008	557.681396	113.531342	-0.092154	0	0.385879	-7.00E-06	0.898884	-1.00E-06
3.773	0	0	0	0.2	0	-0.3	0	0	0	3.270066	564.215149	115.646706	-0.092654	0	0.385487	-4.00E-06	0.898884	-1.00E-06
3.774	0	0	0	0.2	0	-0.3	0	0	0	4.76078	578.99115	116.97821	-0.093747	0	0.383275	-7.00E-06	0.901288	-1.00E-06
3.775	0	0	0	0.2	0	-0.3	0	0	0	5.945863	597.219666	117.369293	-0.095624	0	0.382156	-2.00E-05	1.262302	-1.00E-06
3.776	0	0	0	0.2	0	-0.3	0	0	0	10.637125	605.252747	119.797989	-0.095765	0	0.382156	-2.00E-05	1.387706	-1.00E-06
3.777	0	0	0	0.2	0	-0.3	0	0	0	11.88346	611.105652	121.443649	-0.09674	0	0.382156	-2.00E-05	1.443712	-5.00E-06
3.778	0	0	0	0.2	0	-0.3	0	0	0	12.658362	611.105652	121.522346	-0.097195	0	0.382218	-7.00E-06	1.443712	-4.00E-06
3.779	0	0	0	0.2	0	-0.3	0	0	0	14.120213	610.274414	123.795258	-0.097195	0	0.383368	-2.00E-05	1.315966	-4.00E-06
3.78	0	0	0	0.2	0	-0.3	0	0	0	14.131758	603.421936	124.658096	-0.097169	0	0.38492	-1.00E-05	1.306368	-2.00E-06
3.781	0	0	0	0.2	0	-0.3	0	0	0	14.896557	600.683655	124.893654	-0.097169	0	0.385772	-1.00E-05	1.246692	-2.00E-06
3.782	0	0	0	0.2	0	-0.3	0	0	0	16.292822	600.683655	124.893852	-0.097266	0	0.385772	-9.00E-06	1.185848	-2.00E-06
3.783	0	0	0	0.2	0	-0.3	0	0	0	18.562769	602.575989	125.207016	-0.097428	0	0.385712	-9.00E-06	1.185848	-2.00E-06
3.784	0	0	0	0.2	0	-0.3	0	0	0	19.510691	605.506714	126.538467	-0.098368	0	0.384797	-1.50E-05	1.378816	-2.00E-06
3.785	0	0	0	0.2	0	-0.3	0	0	0	21.15494	618.221008	127.086182	-0.098771	0	0.382976	-1.50E-05	1.492642	-4.00E-06
3.786	0	0	0	0.2	0	-0.3	0	0	0	22.327757	631.945068	127.086182	-0.0995	0	0.382867	-1.20E-05	1.53257	-4.00E-06
3.787	0	0	0	0.2	0	-0.3	0	0	0	23.42705	637.451782	127.00737	-0.0995	0	0.379892	-1.20E-05	1.535853	-3.00E-06
3.788	0	0	0	0.2	0	-0.3	0	0	0	26.006235	637.451782	126.850708	-0.09896	0	0.379286	-1.30E-05	1.53257	-2.00E-06
3.789	0	0	0	0.2	0	-0.3	0	0	0	26.073259	635.376587	127.00737	-0.098747	0	0.379248	-1.30E-05	1.101833	-1.00E-06
3.79	0	0	0	0.2	0	-0.3	0	0	0	26.931786	630.558594	127.71286	-0.09798	0	0.379043	-1.30E-05	1.101833	-1.00E-06
3.791	0	0	0	0.2	0	-0.3	0	0	0	28.806704	630.558594	128.026642	-0.09798	0	0.378288	-4.00E-06	1.102885	-5.00E-06
3.792	0	0	0	0.2	0	-0.3	0	0	0	31.380835	636.39386	128.496704	-0.097952	0	0.377998	-1.50E-05	1.153002	-5.00E-06
3.793	0	0	0	0.2	0	-0.3	0	0	0	32.322983	638.108826	128.496704	-0.098012	0	0.377478	-4.00E-06	1.153002	-3.00E-06
3.794	0	0	0	0.2	0	-0.3	0	0	0	32.63583	645.853027	127.399544	-0.098108	0	0.3761	-1.70E-05	1.153002	-3.00E-06
3.795	0	0	0	0.2	0	-0.3	0	0	0	32.710075	648.753296	127.399544	-0.098383	0	0.376097	-6.00E-06	1.194613	-3.00E-06
3.796	0	0	0	0.2	0	-0.3	0	0	0	36.544975	653.758423	128.1828	-0.09919	0	0.376097	-6.00E-06	1.331927	-4.00E-06
3.797	0	0	0	0.2	0	-0.3	0	0	0	39.047749	653.925781	128.1828	-0.099401	0	0.375641	-2.00E-06	1.331927	-2.00E-06
3.798	0	0	0	0.2	0	-0.3	0	0	0	40.916901	657.898438	129.671738	-0.099458	0	0.375402	-2.00E-06	1.370923	-2.00E-06
3.799	0	0	0	0.2	0	-0.3	0	0	0	42.945347	657.898438	130.063507	-0.099458	0	0.375107	-1.00E-05	1.370923	-2.00E-06
3.8	0	0	0	0.2	0	-0.3	0	0	0	44.27459	657.898438	130.063538	-0.099458	0	0.375037	-1.00E-05	1.443348	-3.00E-06
3.801	0	0	0	0.2	0	-0.3	0	0	0	45.755924	660.31604	130.063538	-0.099732	0	0.374773	-1.00E-05	1.48953	-3.00E-06
3.802	0	0	0	0.2	0	-0.3	0	0	0	48.182293	660.31604	130.533691	-0.099732	0	0.374122	-1.10E-05	1.48953	-2.00E-06
3.803	0	0	0	0.2	0	-0.3	0	0	0	48.578037	661.868713	131.395203	-0.098778	0	0.373243	-1.10E-05	1.494647	-2.00E-06
3.804	0	0	0	0.2	0	-0.3	0	0	0	49.521633	664.558472	131.628677	-0.098778	0	0.372517	-1.70E-05	1.479867	-3.00E-06
3.805	0	0	0	0.2	0	-0.3	0	0	0	52.031624	683.642151	132.647537	-0.100362	0	0.372402	-2.30E-05	1.494647	-3.00E-06
3.806	0	0	0	0.2	0	-0.3	0	0	0	52.0835	691.00061	132.647537	-0.103057	0	0.370789	-2.30E-05	2.115797	0
3.807	0	0	0	0.2	0	-0.3	0	0	0	57.506447	701.551636	136.801025	-0.103057	0	0.370789	-2.10E-05	2.115797	0.00E+00
3.808	0	0	0	0.2	0	-0.3	0	0	0	60.131016	701.933044	136.801025	-0.103057	0	0.371498	-1.20E-05	2.058502	0.00E+00
3.809	0	0	0	0.2	0	-0.3	0	0	0	61.225254	701.551636	135.940231	-0.103061	0	0.37241	-8.00E-06	2.058502	-3.00E-06
3.81	0	0	0	0.2	0	-0.3	0	0	0	61.225254	698.85553	134.844818	-0.103446	0	0.374776	-5.00E-06	2.07799	-2.00E-06
3.811	0	0	0	0.2	0	-0.3	0	0	0	66.204109	692.179382	134.844818	-0.103807	0	0.375081	-8.00E-06	2.505411	-3.00E-06
3.812	0	0	0	0.2	0	-0.3	0	0	0	66.512627	692.179382	138.449539	-0.104026	0	0.375081	-2.20E-05	2.505411	-3.00E-06
3.813	0	0	0	0.2	0	-0.3	0	0	0	66.834862	693.235474	138.449539	-0.104026	0	0.374526	-2.20E-05	2.505411	-5.00E-06
3.814	0	0	0	0.2	0	-0.3	0	0	0	68.950546	703.883911	132.258972	-0.103875	0	0.372429	-1.70E-05	2.382401	-7.00E-06
3.815	0	0	0	0.2	0	-0.3	0	0	0	69.404663	715.364685	132.258972	-0.10356	0	0.37098	-1.60E-05	2.382401	-5.00E-06
3.816	0	0	0	0.2	0	-0.3	0	0	0	68.950546	716.027893	134.608337	-0.103404	0	0.368946	-1.60E-05	2.382401	-4.00E-06
3.817	0	0	0	0.2	0	-0.3	0	0	0	68.804939	722.366638	137.270767	-0.103073	0	0.367126	-1.60E-05	1.438907	-3.00E-06
3.818	0	0	0	0.2	0	-0.3	0	0	0	68.804939	724.554077	137.270767	-0.102134	0	0.366049	-2.20E-05	1.438907	-3.00E-06
3.819	0	0	0	0.2	0	-0.3	0	0	0	69.910728	728.322754	134.606873	-0.102134	0	0.364599	-2.20E-05	1.321495	-2.00E-06
3.82	0	0	0	0.2	0	-0.3	0	0	0	69.910728	734.481995	133.666672	-0.101733	0	0.363739	-1.70E-05	1.280029	-5.00E-06
3.821	0	0	0	0.2	0	-0.3	0	0	0	69.825661	734.481995	133.666672	-0.101623	0	0.363614	-1.60E-05	1.13732	-2.00E-06
3.822	0	0	0	0.2	0	-0.3	0	0	0	68.17997	733.285095	136.722534	-0.101623	0	0.36364	-1.70E-05	1.065288	-5.00E-06
3.823	0	0	0	0.2	0	-0.3	0	0	0	68.17997	732.284546	136.722534	-0.102149	0	0.36364	-6.00E-06	1.065288	-2.00E-06
3.824	0	0	0	0.2	0	-0.3	0	0	0	69.971985	729.890259	135.469482	-0.102339	0	0.364623	-2.70E-05	1.179878	-3.00E-06
3.825	0	0	0	0.2	0	-0.3	0	0	0	71.212547	729.890259	134.216156	-0.103141	0	0.365254	-2.90E-05	1.48447	-3.00E-06
3.826	0	0	0	0.2	0	-0.3	0	0	0	71.212547	739.2146	133.903351	-0.104375	0	0.365452	-2.90E-05	1.507361	-6.00E-06
3.827	0	0	0	0.2	0	-0.3	0	0	0	70.976112	739.2146	133.903351	-0.104734	0	0.366435	-1.20E-05	1.583355	-7.00E-06
3.828	0	0	0	0.2	0	-0.3	0	0	0	70.976112	739.08728	133.904037	-0.104993	0	0.366692	-1.20E-05	1.625288	-7.00E-06
3.829	0	0	0	0.2	0	-0.3	0	0	0	71.75029	739.08728	133.904037	-0.105078	0	0.366885	-1.00E-05	1.767723	-6.00E-06
3.83	0	0	0	0.2	0	-0.3	0	0	0	72.534576	739.252686	132.493607	-0.105483	0	0.366871	-1.00E-05	1.855771	-5.00E-06
3.831	0	0	0	0.2	0	-0.3	0	0	0	73.241005	740.097839	132.493607	-0.105677	0	0.366872	-2.20E-05	1.961033	-1.00E-06
3.832	0	0	0	0.2	0	-0.3	0	0	0	73.241005	745.940063	132.806763	-0.105677	0	0.366871	-2.20E-05	1.961033	-1.00E-06
3.833	0	0	0	0.2	0	-0.3	0	0	0	72.229668	747.290161	132.806763	-0.105541	0	0.36633	-1.80E-05	1.78957	-1.00E-06
3.834	0	0	0	0.2	0	-0.3	0	0	0	71.304115	755.376038	131.865631	-0.105476	0	0.364603	-1.80E-05	1.704719	-5.00E-06
3.835	0	0	0	0.2	0	-0.3	0	0	0	71.304115	763.266541	131.551346	-0.105541	0	0.363222	-1.80E-05	1.704719	-6.00E-06
3.836	0	0	0	0.2	0	-0.3	0	0	0	73.339783	763.278442	131.551346	-0.105504	0	0.362956	-1.20E-05	1.704719	-5.00E-06
3.837	0	0	0	0.2	0	-0.3	0	0	0	73.499092	768.049927	131.707642	-0.105504	0	0.36295	-7.00E-06	1.748736	-4.00E-06
3.838	0	0	0	0.2	0	-0.3	0	0	0	73.501259	768.049927	131.707642	-0.105313	0	0.362149	-7.00E-06	1.675368	-4.00E-06
3.839	0	0	0	0.2	0	-0.3	0	0	0	73.501259	767.51886	130.924225	-0.104928	0	0.362149	-7.00E-06	1.706185	-4.00E-06
3.84	0	0	0	0.2	0	-0.3	0	0	0	73.421242	767.51886	130.140991	-0.104918	0	0.361992	-1.60E-05	1.706185	-6.00E-06
3.841	0	0	0	0.2	0	-0.3	0	0	0	73.421242	768.042664	129.984177	-0.104928	0	0.361548	-8.00E-06	1.70694	-6.00E-06
3.842	0	0	0	0.2	0	-0.3	0	0	0	73.811218	772.685547	129.984055	-0.105081	0	0.361396	-8.00E-06	1.70694	-3.00E-06
3.843	0	0	0	0.2	0	-0.3	0	0	0	74.125504	773.010437	129.984177	-0.105081	0	0.361394	-8.00E-06	1.70694	-3.00E-06
3.844	0	0	0	0.2	0	-0.3	0	0	0	74.282654	774.222412	130.375626	-0.105081	0	0.361297	-4.00E-06	1.687787	-3.00E-06
3.845	0	0	0	0.2	0	-0.3	0	0	0	74.282654	774.382446	130.375626	-0.105281	0	0.361084	-1.30E-05	1.687787	-3.00E-06
3.846	0	0	0	0.2	0	-0.3	0	0	0	73.10984	780.404053	128.416351	-0.105454	0	0.359771	-2.20E-05	1.389353	-3.00E-06
3.847	0	0	0	0.2	0	-0.3	0	0	0	73.10984	784.375122	128.416351	-0.105782	0	0.359771	-2.20E-05	1.389353	-3.00E-06
3.848	0	0	0	0.2	0	-0.3	0	0	0	73.036316	789.353149	128.02478	-0.105782	0	0.359865	-2.20E-05	1.570182	-5.00E-06
3.849	0	0	0	0.2	0	-0.3	0	0	0	73.269867	789.353149	127.319572	-0.105916	0	0.359865	-1.90E-05	1.620817	-5.00E-06
3.85	0	0	0	0.2	0	-0.3	0	0	0	73.036316	787.448425	126.771019	-0.105916	0	0.359865	-1.90E-05	1.620817	-5.00E-06
3.851	0	0	0	0.2	0	-0.3	0	0	0	72.954857	787.448425	126.692802	-0.106143	0	0.360354	-8.00E-06	1.640912	-5.00E-06
3.852	0	0	0	0.2	0	-0.3	0	0	0	72.333488	789.846924	125.282539	-0.106345	0	0.360354	-8.00E-06	1.646848	-4.00E-06
3.853	0	0	0	0.2	0	-0.3	0	0	0	72.252037	791.423706	125.282455	-0.106847	0	0.36002	-1.20E-05	1.689728	-4.00E-06
3.854	0	0	0	0.2	0	-0.3	0	0	0	71.779877	801.046753	123.402161	-0.107062	0	0.359343	-1.20E-05	1.646848	-1.00E-06
3.855	0	0	0	0.2	0	-0.3	0	0	0	71.779877	801.046753	123.245461	-0.107158	0	0.360008	-1.20E-05	1.633246	-1.00E-06
3.856	0	0	0	0.2	0	-0.3	0	0	0	72.329887	792.803833	122.540123	-0.107158	0	0.359681	-1.00E-05	1.633246	-1.00E-06
3.857	0	0	0	0.2	0	-0.3	0	0	0	72.329887	792.803833	122.540123	-0.107248	0	0.359681	-1.00E-05	1.745062	-3.00E-06
3.858	0	0	0	0.2	0	-0.3	0	0	0	72.093445	796.427002	121.443413	-0.107269	0	0.35961	-7.00E-06	1.745062	-3.00E-06
3.859	0	0	0	0.2	0	-0.3	0	0	0	72.017036	796.580933	120.268257	-0.107519	0	0.358841	-1.00E-05	1.751968	-3.00E-06
3.86	0	0	0	0.2	0	-0.3	0	0	0	72.017036	799.680176	119.406059	-0.107519	0	0.358817	-1.70E-05	1.699423	-3.00E-06
3.861	0	0	0	0.2	0	-0.3	0	0	0	72.017036	799.680176	117.838768	-0.107029	0	0.35861	-1.70E-05	1.561169	-3.00E-06
3.862	0	0	0	0.2	0	-0.3	0	0	0	71.707794	800.194031	116.97657	-0.107029	0	0.357558	-1.70E-05	1.547463	-3.00E-06
3.863	0	0	0	0.2	0	-0.3	0	0	0	71.707794	800.009277	116.506256	-0.107072	0	0.357085	-1.60E-05	1.547463	-3.00E-06
3.864	0	0	0	0.2	0	-0.3	0	0	0	71.947845	800.009277	116.271263	-0.107213	0	0.356933	-1.60E-05	1.547463	-3.00E-06
3.865	0	0	0	0.2	0	-0.3	0	0	0	71.947845	800.009277	116.03595	-0.107243	0	0.356883	-3.00E-06	1.53711	-2.00E-06
3.866	0	0	0	0.2	0	-0.3	0	0	0	71.789261	803.775879	113.920547	-0.107243	0	0.356883	-3.00E-06	1.53711	-2.00E-06
3.867	0	0	0	0.2	0	-0.3	0	0	0	71.397835	803.775879	113.293861	-0.107425	0	0.356601	-4.00E-06	1.53711	-2.00E-06
3.868	0	0	0	0.2	0	-0.3	0	0	0	70.454964	799.690735	112.823799	-0.107496	0	0.356034	-8.00E-06	1.382402	-3.00E-06
3.869	0	0	0	0.2	0	-0.3	0	0	0	70.454964	799.690735	111.492012	-0.107547	0	0.356034	-4.00E-06	1.382402	-3.00E-06
3.87	0	0	0	0.2	0	-0.3	0	0	0	70.60923	799.690735	110.943626	-0.107789	0	0.356122	-9.00E-06	1.415064	-3.00E-06
3.871	0	0	0	0.2	0	-0.3	0	0	0	70.60923	798.167786	109.611641	-0.107841	0	0.356122	-1.50E-05	1.415064	-4.00E-06
3.872	0	0	0	0.2	0	-0.3	0	0	0	70.134903	797.479736	109.141655	-0.108059	0	0.356041	-1.50E-05	1.367835	-5.00E-06
3.873	0	0	0	0.2	0	-0.3	0	0	0	69.901352	798.167786	107.731308	-0.1083	0	0.355915	-1.90E-05	1.332697	-6.00E-06
3.874	0	0	0	0.2	0	-0.3	0	0	0	68.648521	798.351868	105.615982	-0.108405	0	0.355431	2.00E-06	1.332697	-6.00E-06
3.875	0	0	0	0.2	0	-0.3	0	0	0	68.648521	798.351868	105.615982	-0.108405	0	0.355431	-1.10E-05	1.390703	-5.00E-06
3.876	0	0	0	0.2	0	-0.3	0	0	0	70.524155	794.04834	104.989418	-0.108302	0	0.356306	-1.00E-06	1.467305	-2.00E-06
3.877	0	0	0	0.2	0	-0.3	0	0	0	70.524155	790.478821	104.127701	-0.108302	0	0.356306	-1.10E-05	1.467305	-2.00E-06
3.878	0	0	0	0.2	0	-0.3	0	0	0	69.89341	789.587341	103.265984	-0.108679	0	0.35546	-1.60E-05	1.440532	-2.00E-06
3.879	0	0	0	0.2	0	-0.3	0	0	0	69.813393	787.390747	102.247368	-0.108789	0	0.355143	-1.60E-05	1.426307	-5.00E-06
3.88	0	0	0	0.2	0	-0.3	0	0	0	69.26844	786.363525	101.777306	-0.108884	0	0.354783	-8.00E-06	1.350542	-5.00E-06
3.881	0	0	0	0.2	0	-0.3	0	0	0	69.26844	785.864319	100.523857	-0.109071	0	0.354747	-8.00E-06	1.310633	-3.00E-06
3.882	0	0	0	0.2	0	-0.3	0	0	0	69.499107	785.527283	100.210258	-0.109071	0	0.354564	-2.00E-05	1.306137	-2.00E-06
3.883	0	0	0	0.2	0	-0.3	0	0	0	69.499107	783.468262	98.956886	-0.109052	0	0.354564	-2.00E-05	1.230811	-2.00E-06
3.884	0	0	0	0.2	0	-0.3	0	0	0	69.573349	773.661316	98.956688	-0.109052	0	0.354533	-2.00E-05	1.230811	-2.00E-06
3.885	0	0	0	0.2	0	-0.3	0	0	0	69.415482	773.661316	97.625099	-0.108992	0	0.354296	-2.00E-05	1.248039	-4.00E-06
3.886	0	0	0	0.2	0	-0.3	0	0	0	68.396202	773.710266	96.919807	-0.109624	0	0.353295	-1.40E-05	1.248039	-4.00E-06
3.887	0	0	0	0.2	0	-0.3	0	0	0	68.396202	773.710266	95.039436	-0.109674	0	0.353227	-1.40E-05	1.162816	-4.00E-06
3.888	0	0	0	0.2	0	-0.3	0	0	0	68.781853	773.032166	94.178001	-0.109674	0	0.353227	-1.40E-05	1.15668	-4.00E-06
3.889	0	0	0	0.2	0	-0.3	0	0	0	68.781853	771.130493	93.081047	-0.109665	0	0.353041	-1.00E-05	1.15668	-3.00E-06
3.89	0	0	0	0.2	0	-0.3	0	0	0	68.151833	763.94104	92.689278	-0.109665	0	0.352315	5.00E-06	1.01088	-3.00E-06
3.891	0	0	0	0.2	0	-0.3	0	0	0	68.151833	762.598022	91.827721	-0.109855	0	0.352038	5.00E-06	0.945843	-3.00E-06
3.892	0	0	0	0.2	0	-0.3	0	0	0	67.829605	760.690552	91.122658	-0.10994	0	0.352038	-1.00E-05	0.945843	-6.00E-06
3.893	0	0	0	0.2	0	-0.3	0	0	0	67.829605	758.152893	89.791008	-0.110281	0	0.352052	-1.00E-05	0.886349	-6.00E-06
3.894	0	0	0	0.2	0	-0.3	0	0	0	67.280312	758.152893	88.22419	-0.110481	0	0.352052	-5.00E-06	0.886349	-6.00E-06
3.895	0	0	0	0.2	0	-0.3	0	0	0	67.280312	758.152893	86.657501	-0.110481	0	0.351859	-5.00E-06	0.878625	-4.00E-06
3.896	0	0	0	0.2	0	-0.3	0	0	0	67.426636	743.049072	86.03054	-0.110814	0	0.351726	-1.00E-05	0.803692	-3.00E-06
3.897	0	0	0	0.2	0	-0.3	0	0	0	68.054497	743.049072	85.717369	-0.110815	0	0.351726	-1.00E-05	0.803692	-4.00E-06
3.898	0	0	0	0.2	0	-0.3	0	0	0	68.054497	742.403809	84.855858	-0.110815	0	0.351216	-1.50E-05	1.005918	-3.00E-06
3.899	0	0	0	0.2	0	-0.3	0	0	0	68.054497	737.239624	82.975601	-0.110815	0	0.351446	-1.40E-05	1.005918	-5.00E-06
3.9	0	0	0	0.2	0	-0.3	0	0	0	67.500877	735.1922	81.80056	-0.111086	0	0.351216	-1.50E-05	0.828718	-2.00E-06
3.901	0	0	0	0.2	0	-0.3	0	0	0	67.42086	732.626404	81.80056	-0.111198	0	0.35102	-1.40E-05	0.828718	-2.00E-06
3.902	0	0	0	0.2	0	-0.3	0	0	0	67.262276	729.024536	81.017303	-0.111198	0	0.350776	-1.70E-05	0.828718	-2.00E-06
3.903	0	0	0	0.2	0	-0.3	0	0	0	67.262276	722.34845	80.782463	-0.111571	0	0.350686	-1.70E-05	0.809766	-2.00E-06
3.904	0	0	0	0.2	0	-0.3	0	0	0	68.117195	719.267639	80.077011	-0.111571	0	0.350686	-1.70E-05	0.809516	-7.00E-06
3.905	0	0	0	0.2	0	-0.3	0	0	0	68.117195	714.952515	79.607269	-0.111436	0	0.350686	-1.60E-05	0.809516	-7.00E-06
3.906	0	0	0	0.2	0	-0.3	0	0	0	67.096474	713.084473	77.492149	-0.111436	0	0.350387	-1.10E-05	0.783298	-1.00E-06
3.907	0	0	0	0.2	0	-0.3	0	0	0	66.934998	712.957214	76.316986	-0.111882	0	0.349601	-6.00E-06	0.682755	-1.00E-06
3.908	0	0	0	0.2	0	-0.3	0	0	0	66.696388	705.56366	75.768669	-0.112019	0	0.349496	-6.00E-06	0.633872	-2.00E-06
3.909	0	0	0	0.2	0	-0.3	0	0	0	66.934998	703.718628	75.142113	-0.112107	0	0.349496	-1.00E-05	0.663734	-3.00E-06
3.91	0	0	0	0.2	0	-0.3	0	0	0	67.240623	701.278625	74.828941	-0.112311	0	0.349364	-1.00E-05	0.641326	-4.00E-06
3.911	0	0	0	0.2	0	-0.3	0	0	0	67.240623	697.518982	73.888824	-0.112473	0	0.349228	-7.00E-06	0.641326	-4.00E-06
3.912	0	0	0	0.2	0	-0.3	0	0	0	66.529144	690.828613	72.400581	-0.112473	0	0.348954	-7.00E-06	0.568665	-6.00E-06
3.913	0	0	0	0.2	0	-0.3	0	0	0	66.373444	688.274658	71.695366	-0.112626	0	0.348847	-1.20E-05	0.539754	-4.00E-06
3.914	0	0	0	0.2	0	-0.3	0	0	0	66.293427	688.104919	70.520164	-0.112858	0	0.348689	-1.20E-05	0.521818	-6.00E-06
3.915	0	0	0	0.2	0	-0.3	0	0	0	66.293427	687.113586	70.442352	-0.113294	0	0.348673	-1.10E-05	0.514554	-4.00E-06
3.916	0	0	0	0.2	0	-0.3	0	0	0	66.520485	678.690552	70.207443	-0.11356	0	0.348673	-1.10E-05	0.514554	-5.00E-06
3.917	0	0	0	0.2	0	-0.3	0	0	0	66.520485	675.754456	70.207443	-0.11356	0	0.348673	-1.10E-05	0.514554	-5.00E-06
3.918	0	0	0	0.2	0	-0.3	0	0	0	66.759811	669.259277	68.248695	-0.113473	0	0.347449	-1.10E-05	0.43946	-6.00E-06
3.919	0	0	0	0.2	0	-0.3	0	0	0	66.439026	663.09967	68.092323	-0.113473	0	0.347225	-1.70E-05	0.43946	-6.00E-06
3.92	0	0	0	0.2	0	-0.3	0	0	0	66.82251	662.589722	67.54409	-0.113831	0	0.347225	-5.00E-06	0.442905	-5.00E-06
3.921	0	0	0	0.2	0	-0.3	0	0	0	66.436859	658.138428	65.66375	-0.113939	0	0.34726	-9.00E-06	0.463686	-4.00E-06
3.922	0	0	0	0.2	0	-0.3	0	0	0	66.271057	655.732239	65.429001	-0.114	0	0.34726	-9.00E-06	0.463686	-4.00E-06
3.923	0	0	0	0.2	0	-0.3	0	0	0	66.271057	652.671143	64.567329	-0.114104	0	0.346987	-1.30E-05	0.463686	-4.00E-06
3.924	0	0	0	0.2	0	-0.3	0	0	0	66.344582	642.356934	64.489075	-0.114149	0	0.346938	-1.30E-05	0.431945	-4.00E-06
3.925	0	0	0	0.2	0	-0.3	0	0	0	66.344582	637.213257	64.410904	-0.114524	0	0.346938	-1.00E-05	0.431945	-5.00E-06
3.926	0	0	0	0.2	0	-0.3	0	0	0	66.344582	636.907043	62.295654	-0.114627	0	0.346938	-1.00E-05	0.431945	-5.00E-06
3.927	0	0	0	0.2	0	-0.3	0	0	0	66.188156	632.950989	61.199188	-0.114627	0	0.346176	-1.50E-05	0.410192	-5.00E-06
3.928	0	0	0	0.2	0	-0.3	0	0	0	65.790245	632.950989	60.493771	-0.114538	0	0.345575	-1.50E-05	0.377374	-4.00E-06
3.929	0	0	0	0.2	0	-0.3	0	0	0	65.78952	631.926941	59.553722	-0.114538	0	0.345575	-1.00E-05	0.410192	-3.00E-06
3.93	0	0	0	0.2	0	-0.3	0	0	0	65.23951	625.758789	59.397224	-0.114889	0	0.345538	-1.00E-05	0.42024	-3.00E-06
3.931	0	0	0	0.2	0	-0.3	0	0	0	65.23951	620.985168	59.084064	-0.11514	0	0.345173	-1.00E-05	0.42024	-3.00E-06
3.932	0	0	0	0.2	0	-0.3	0	0	0	65.23951	620.964661	58.143818	-0.11514	0	0.345059	1.00E-06	0.410758	-4.00E-06
3.933	0	0	0	0.2	0	-0.3	0	0	0	65.160942	619.601501	57.830494	-0.115476	0	0.344772	1.00E-06	0.389861	-5.00E-06
3.934	0	0	0	0.2	0	-0.3	0	0	0	64.219513	617.225098	55.636917	-0.115788	0	0.344049	-1.20E-05	0.384139	-5.00E-06
3.935	0	0	0	0.2	0	-0.3	0	0	0	64.219513	611.914062	55.323555	-0.115788	0	0.343357	-1.20E-05	0.366339	-5.00E-06
3.936	0	0	0	0.2	0	-0.3	0	0	0	63.905224	605.392639	55.323555	-0.115986	0	0.343332	-1.20E-05	0.341281	-4.00E-06
3.937	0	0	0	0.2	0	-0.3	0	0	0	65.388718	601.624451	55.323555	-0.116371	0	0.343332	-1.20E-05	0.341281	-3.00E-06
3.938	0	0	0	0.2	0	-0.3	0	0	0	65.388718	600.596069	54.6189	-0.116371	0	0.34338	-1.20E-05	0.341281	-3.00E-06
3.939	0	0	0	0.2	0	-0.3	0	0	0	65.388718	597.671143	53.835396	-0.116263	0	0.34338	-1.00E-05	0.357205	-4.00E-06
3.94	0	0	0	0.2	0	-0.3	0	0	0	64.914398	592.872803	52.817017	-0.116263	0	0.343039	-2.00E-06	0.294695	-4.00E-06
3.941	0	0	0	0.2	0	-0.3	0	0	0	64.130119	589.815918	52.503857	-0.116698	0	0.343039	-2.00E-06	0.357205	-4.00E-06
3.942	0	0	0	0.2	0	-0.3	0	0	0	64.130119	589.459534	51.798717	-0.116853	0	0.342259	-2.00E-06	0.395399	-4.00E-06
3.943	0	0	0	0.2	0	-0.3	0	0	0	64.28437	583.984131	51.720631	-0.116698	0	0.343	-1.00E-05	0.40754	-4.00E-06
3.944	0	0	0	0.2	0	-0.3	0	0	0	64.675797	580.704712	51.642384	-0.116653	0	0.342948	-6.00E-06	0.478133	-3.00E-06
3.945	0	0	0	0.2	0	-0.3	0	0	0	64.675797	578.478699	51.328938	-0.116653	0	0.342948	-1.00E-05	0.478133	-3.00E-06
3.946	0	0	0	0.2	0	-0.3	0	0	0	63.890076	576.779541	49.448803	-0.116907	0	0.342314	-1.30E-05	0.426476	-3.00E-06
3.947	0	0	0	0.2	0	-0.3	0	0	0	63.576504	572.505737	49.135441	-0.116967	0	0.341677	-1.30E-05	0.402545	-3.00E-06
3.948	0	0	0	0.2	0	-0.3	0	0	0	63.420078	571.635193	47.725086	-0.117446	0	0.341552	-1.60E-05	0.354227	-3.00E-06
3.949	0	0	0	0.2	0	-0.3	0	0	0	63.182201	568.559082	47.177055	-0.117508	0	0.341677	-1.60E-05	0.402545	-1.00E-06
3.95	0	0	0	0.2	0	-0.3	0	0	0	63.182201	566.155945	46.47168	-0.117508	0	0.3415	-1.60E-05	0.336468	-2.00E-06
3.951	0	0	0	0.2	0	-0.3	0	0	0	63.182201	565.480164	46.47168	-0.117749	0	0.3415	-9.00E-06	0.346588	-2.00E-06
3.952	0	0	0	0.2	0	-0.3	0	0	0	62.397198	559.472534	45.453503	-0.117777	0	0.340893	-5.00E-06	0.346588	-2.00E-06
3.953	0	0	0	0.2	0	-0.3	0	0	0	62.167248	559.472534	45.218472	-0.117878	0	0.340162	-5.00E-06	0.448896	-3.00E-06
3.954	0	0	0	0.2	0	-0.3	0	0	0	61.145084	561.390259	43.651501	-0.118372	0	0.340162	-1.00E-06	0.448896	-1.00E-06
3.955	0	0	0	0.2	0	-0.3	0	0	0	61.145084	561.390259	43.651501	-0.118372	0	0.340643	1.00E-06	0.448896	-3.00E-06
3.956	0	0	0	0.2	0	-0.3	0	0	0	62.00938	551.072571	43.181316	-0.11807	0	0.340674	1.00E-06	0.46278	-3.00E-06
3.957	0	0	0	0.2	0	-0.3	0	0	0	62.00938	546.602417	42.319843	-0.11807	0	0.340674	-1.00E-06	0.46278	-5.00E-06
3.958	0	0	0	0.2	0	-0.3	0	0	0	62.083626	545.77356	42.319843	-0.118291	0	0.339946	-8.00E-06	0.46278	-3.00E-06
3.959	0	0	0	0.2	0	-0.3	0	0	0	61.378639	543.566406	42.319798	-0.118416	0	0.339664	-9.00E-06	0.531836	-3.00E-06
3.96	0	0	0	0.2	0	-0.3	0	0	0	61.225101	542.173462	41.144642	-0.118926	0	0.339946	-1.50E-05	0.531836	-3.00E-06
3.961	0	0	0	0.2	0	-0.3	0	0	0	61.141476	542.173462	40.831318	-0.118945	0	0.340122	-1.30E-05	0.426653	-3.00E-06
3.962	0	0	0	0.2	0	-0.3	0	0	0	60.669319	536.845886	40.753109	-0.118969	0	0.340122	-1.30E-05	0.416013	-4.00E-06
3.963	0	0	0	0.2	0	-0.3	0	0	0	60.669319	536.702454	39.969601	-0.118969	0	0.339382	-1.30E-05	0.386792	-3.00E-06
3.964	0	0	0	0.2	0	-0.3	0	0	0	60.827908	530.50116	39.499458	-0.118774	0	0.338699	-1.30E-05	0.416013	-3.00E-06
3.965	0	0	0	0.2	0	-0.3	0	0	0	60.827908	530.50116	39.186256	-0.118774	0	0.338699	-1.10E-05	0.386792	-3.00E-06
3.966	0	0	0	0.2	0	-0.3	0	0	0	59.26223	533.795654	37.775826	-0.119795	0	0.338699	-1.10E-05	0.454291	-2.00E-06
3.967	0	0	0	0.2	0	-0.3	0	0	0	59.26223	533.795654	37.46246	-0.119795	0	0.338496	-1.20E-05	0.320329	-3.00E-06
3.968	0	0	0	0.2	0	-0.3	0	0	0	59.187267	526.930542	37.775826	-0.119563	0	0.337932	-1.20E-05	0.454291	-3.00E-06
3.969	0	0	0	0.2	0	-0.3	0	0	0	59.10725	526.930542	36.365395	-0.119472	0	0.337836	-1.60E-05	0.406252	-3.00E-06
3.97	0	0	0	0.2	0	-0.3	0	0	0	59.10725	526.603455	36.130642	-0.119563	0	0.337429	-7.00E-06	0.47729	-2.00E-06
3.971	0	0	0	0.2	0	-0.3	0	0	0	59.10725	522.82489	35.582325	-0.11962	0	0.337836	-1.90E-05	0.475689	-2.00E-06
3.972	0	0	0	0.2	0	-0.3	0	0	0	59.185822	522.82489	35.50388	-0.119892	0	0.337995	-1.40E-05	0.47729	-1.00E-06
3.973	0	0	0	0.2	0	-0.3	0	0	0	59.10725	522.82489	35.033733	-0.119966	0	0.337995	-1.40E-05	0.475689	-2.00E-06
3.974	0	0	0	0.2	0	-0.3	0	0	0	58.245838	522.478455	33.466759	-0.119966	0	0.337565	-1.30E-05	0.412456	-2.00E-06
3.975	0	0	0	0.2	0	-0.3	0	0	0	58.245838	521.309753	33.466759	-0.119966	0	0.33658	-1.10E-05	0.412456	-2.00E-06
3.976	0	0	0	0.2	0	-0.3	0	0	0	58.795849	517.347595	33.858574	-0.120394	0	0.33658	-1.10E-05	0.472617	-4.00E-06
3.977	0	0	0	0.2	0	-0.3	0	0	0	58.795849	517.179016	33.858574	-0.120394	0	0.337376	-1.10E-05	0.472617	-4.00E-06
3.978	0	0	0	0.2	0	-0.3	0	0	0	58.795849	516.830322	33.858574	-0.120394	0	0.337446	-1.10E-05	0.533363	-4.00E-06
3.979	0	0	0	0.2	0	-0.3	0	0	0	58.714386	511.859924	33.388428	-0.120422	0	0.337446	-1.00E-05	0.441996	-3.00E-06
3.98	0	0	0	0.2	0	-0.3	0	0	0	58.714386	511.503082	31.351595	-0.120422	0	0.335919	-5.00E-06	0.487604	-2.00E-06
3.981	0	0	0	0.2	0	-0.3	0	0	0	58.01445	511.859924	31.273144	-0.120609	0	0.335797	-2.00E-06	0.457635	-2.00E-06
3.982	0	0	0	0.2	0	-0.3	0	0	0	58.01445	511.527039	31.194653	-0.120934	0	0.335797	1.00E-06	0.487604	-2.00E-06
3.983	0	0	0	0.2	0	-0.3	0	0	0	58.326576	511.527039	31.194653	-0.120609	0	0.335818	1.00E-06	0.482422	-4.00E-06
3.984	0	0	0	0.2	0	-0.3	0	0	0	58.561569	507.4021	31.038073	-0.120934	0	0.336211	-5.00E-06	0.55629	-6.00E-06
3.985	0	0	0	0.2	0	-0.3	0	0	0	58.561569	507.4021	30.411266	-0.120989	0	0.335818	-6.00E-06	0.482422	-6.00E-06
3.986	0	0	0	0.2	0	-0.3	0	0	0	57.465885	506.38031	30.411266	-0.121086	0	0.336211	-1.10E-05	0.580504	-4.00E-06
3.987	0	0	0	0.2	0	-0.3	0	0	0	57.465885	507.434143	29.392607	-0.121137	0	0.33545	-1.10E-05	0.583447	-3.00E-06
3.988	0	0	0	0.2	0	-0.3	0	0	0	57.388756	506.38031	29.157576	-0.121479	0	0.334509	-1.30E-05	0.583447	-4.00E-06
3.989	0	0	0	0.2	0	-0.3	0	0	0	57.704491	506.385742	28.374228	-0.121479	0	0.334509	-8.00E-06	0.5586	-3.00E-06
3.99	0	0	0	0.2	0	-0.3	0	0	0	57.780174	506.285461	28.060705	-0.121095	0	0.334706	-8.00E-06	0.504998	-3.00E-06
3.991	0	0	0	0.2	0	-0.3	0	0	0	57.780174	506.055145	28.060705	-0.121068	0	0.334706	-4.00E-06	0.5586	-3.00E-06
3.992	0	0	0	0.2	0	-0.3	0	0	0	57.470936	504.677795	27.825594	-0.121068	0	0.334706	-4.00E-06	0.515598	-4.00E-06
3.993	0	0	0	0.2	0	-0.3	0	0	0	57.390202	506.055145	27.668932	-0.121068	0	0.334449	-1.10E-05	0.617431	-4.00E-06
3.994	0	0	0	0.2	0	-0.3	0	0	0	56.686653	508.649872	26.571943	-0.12168	0	0.334284	-1.10E-05	0.557392	-3.00E-06
3.995	0	0	0	0.2	0	-0.3	0	0	0	56.686653	508.649872	26.571943	-0.12168	0	0.334284	-9.00E-06	0.557392	-2.00E-06
3.996	0	0	0	0.2	0	-0.3	0	0	0	57.780174	501.753479	26.180252	-0.121329	0	0.335292	-8.00E-06	0.557392	-2.00E-06
3.997	0	0	0	0.2	0	-0.3	0	0	0	57.780174	501.583801	26.180252	-0.121329	0	0.335292	-9.00E-06	0.69079	-2.00E-06
3.998	0	0	0	0.2	0	-0.3	0	0	0	57.159534	499.843018	26.180252	-0.121464	0	0.334831	-8.00E-06	0.69079	-5.00E-06
3.999	0	0	0	0.2	0	-0.3	0	0	0	56.769558	500.915802	25.945059	-0.121619	0	0.333679	-7.00E-06	0.578426	-5.00E-06
4	0	0	0	0.2	0	-0.3	0	0	0	56.848133	500.915802	25.00493	-0.121794	0	0.333679	-7.00E-06	0.578426	-4.00E-06
4.001	0	0	0	0.2	0	-0.3	0	0	0	56.692432	501.936371	24.926399	-0.121794	0	0.334127	-7.00E-06	0.735967	-3.00E-06
4.002	0	0	0	0.2	0	-0.3	0	0	0	56.692432	501.936371	24.534828	-0.121776	0	0.334127	-9.00E-06	0.735967	-3.00E-06
4.003	0	0	0	0.2	0	-0.3	0	0	0	56.692432	499.53949	24.534828	-0.121562	0	0.334047	-1.30E-05	0.737218	-3.00E-06
4.004	0	0	0	0.2	0	-0.3	0	0	0	56.927429	498.32251	24.848026	-0.121562	0	0.334047	-1.30E-05	0.724107	-3.00E-06
4.005	0	0	0	0.2	0	-0.3	0	0	0	56.927429	498.32251	24.848026	-0.121562	0	0.333442	-1.10E-05	0.724107	-3.00E-06
4.006	0	0	0	0.2	0	-0.3	0	0	0	56.226044	502.627991	22.967611	-0.121765	0	0.334213	-1.00E-05	0.724107	-3.00E-06
4.007	0	0	0	0.2	0	-0.3	0	0	0	56.065292	502.627991	22.8892	-0.121765	0	0.334045	-1.00E-05	0.58171	-4.00E-06
4.008	0	0	0	0.2	0	-0.3	0	0	0	56.065292	500.908875	21.949032	-0.121674	0	0.334045	-8.00E-06	0.766811	-4.00E-06
4.009	0	0	0	0.2	0	-0.3	0	0	0	55.288948	499.201996	21.478968	-0.121674	0	0.333175	-8.00E-06	0.766811	-3.00E-06
4.01	0	0	0	0.2	0	-0.3	0	0	0	55.288948	500.908875	21.478968	-0.121806	0	0.333175	-1.60E-05	0.766811	-3.00E-06
4.011	0	0	0	0.2	0	-0.3	0	0	0	55.288948	500.560516	21.478968	-0.121806	0	0.334061	-1.60E-05	0.786607	-2.00E-06
4.012	0	0	0	0.2	0	-0.3	0	0	0	55.054676	500.560516	20.773836	-0.121781	0	0.334061	-1.40E-05	0.710458	-3.00E-06
4.013	0	0	0	0.2	0	-0.3	0	0	0	54.89753	500.560516	20.616932	-0.121781	0	0.333912	-8.00E-06	0.710458	-4.00E-06
4.014	0	0	0	0.2	0	-0.3	0	0	0	54.035393	502.294739	19.206743	-0.121781	0	0.33305	-1.10E-05	0.706165	-4.00E-06
4.015	0	0	0	0.2	0	-0.3	0	0	0	54.035393	502.294739	19.206743	-0.121952	0	0.33297	-5.00E-06	0.706165	-3.00E-06
4.016	0	0	0	0.2	0	-0.3	0	0	0	53.721825	502.294739	19.206299	-0.121952	0	0.33297	-1.10E-05	0.706165	-2.00E-06
4.017	0	0	0	0.2	0	-0.3	0	0	0	54.276165	499.347382	19.206299	-0.121952	0	0.333072	-5.00E-06	0.788687	-3.00E-06
4.018	0	0	0	0.2	0	-0.3	0	0	0	54.276165	499.347382	18.971546	-0.121041	0	0.333682	-8.00E-06	0.843529	-3.00E-06
4.019	0	0	0	0.2	0	-0.3	0	0	0	54.276165	498.66507	18.501244	-0.121041	0	0.334198	-4.00E-06	0.893787	-3.00E-06
4.02	0	0	0	0.2	0	-0.3	0	0	0	53.418362	498.494598	18.188002	-0.121148	0	0.333682	-8.00E-06	0.893787	-4.00E-06
4.021	0	0	0	0.2	0	-0.3	0	0	0	53.338345	498.66507	17.874437	-0.121366	0	0.333867	-8.00E-06	0.939225	-4.00E-06
4.022	0	0	0	0.2	0	-0.3	0	0	0	53.418362	500.213379	17.482946	-0.121401	0	0.333867	-9.00E-06	0.97989	-5.00E-06
4.023	0	0	0	0.2	0	-0.3	0	0	0	53.341228	500.213379	17.326002	-0.121401	0	0.334865	-9.00E-06	0.952602	-4.00E-06
4.024	0	0	0	0.2	0	-0.3	0	0	0	53.341228	497.615845	17.325922	-0.121238	0	0.334865	-7.00E-06	0.976777	-4.00E-06
4.025	0	0	0	0.2	0	-0.3	0	0	0	52.559116	497.615845	16.542536	-0.121018	0	0.334507	-7.00E-06	0.976777	-3.00E-06
4.026	0	0	0	0.2	0	-0.3	0	0	0	52.094173	501.571075	15.680498	-0.121238	0	0.334206	-7.00E-06	0.992024	-3.00E-06
4.027	0	0	0	0.2	0	-0.3	0	0	0	51.234203	501.571075	15.132147	-0.121494	0	0.334206	-7.00E-06	1.0258	-3.00E-06
4.028	0	0	0	0.2	0	-0.3	0	0	0	51.079224	502.109192	14.661839	-0.121494	0	0.333202	-7.00E-06	1.019851	-4.00E-06
4.029	0	0	0	0.2	0	-0.3	0	0	0	51.079224	501.228912	14.113443	-0.120767	0	0.334458	-7.00E-06	1.0258	-4.00E-06
4.03	0	0	0	0.2	0	-0.3	0	0	0	51.076336	501.216583	13.956783	-0.120767	0	0.333904	-1.00E-05	1.022318	-4.00E-06
4.031	0	0	0	0.2	0	-0.3	0	0	0	49.984261	501.216583	13.173157	-0.120907	0	0.334227	-1.00E-05	1.046917	-4.00E-06
4.032	0	0	0	0.2	0	-0.3	0	0	0	49.984261	502.25116	12.938046	-0.121065	0	0.334227	-1.00E-05	1.066168	-4.00E-06
4.033	0	0	0	0.2	0	-0.3	0	0	0	49.829277	503.628876	12.23299	-0.120907	0	0.33435	-1.30E-05	1.066168	-3.00E-06
4.034	0	0	0	0.2	0	-0.3	0	0	0	49.205029	509.295959	10.587324	-0.121065	0	0.334739	-1.30E-05	1.064851	-3.00E-06
4.035	0	0	0	0.2	0	-0.3	0	0	0	49.205029	509.295959	10.509073	-0.120849	0	0.334739	-1.30E-05	1.064851	-3.00E-06
4.036	0	0	0	0.2	0	-0.3	0	0	0	49.205029	502.911469	10.509073	-0.120527	0	0.335341	-1.10E-05	1.272155	-3.00E-06
4.037	0	0	0	0.2	0	-0.3	0	0	0	48.819382	502.911469	10.195589	-0.120527	0	0.335601	-1.20E-05	1.305903	-3.00E-06
4.038	0	0	0	0.2	0	-0.3	0	0	0	48.661514	503.059479	9.725407	-0.12096	0	0.335657	-1.10E-05	1.321195	-4.00E-06
4.039	0	0	0	0.2	0	-0.3	0	0	0	48.661514	503.427582	8.628378	-0.12096	0	0.336062	-1.00E-05	1.321195	-4.00E-06
4.04	0	0	0	0.2	0	-0.3	0	0	0	48.661514	508.742798	7.84479	-0.120408	0	0.336167	-1.00E-05	1.260447	-4.00E-06
4.041	0	0	0	0.2	0	-0.3	0	0	0	48.351555	508.899414	6.82613	-0.120091	0	0.336167	-1.00E-05	1.260447	-2.00E-06
4.042	0	0	0	0.2	0	-0.3	0	0	0	47.416622	508.899414	5.885963	-0.119899	0	0.336167	-1.20E-05	1.351897	-2.00E-06
4.043	0	0	0	0.2	0	-0.3	0	0	0	47.416622	508.383362	5.885963	-0.119953	0	0.336468	-1.20E-05	1.443602	-2.00E-06
4.044	0	0	0	0.2	0	-0.3	0	0	0	47.34021	508.383362	5.41566	-0.119953	0	0.336468	-1.00E-05	1.416834	-2.00E-06
4.045	0	0	0	0.2	0	-0.3	0	0	0	47.34021	513.175903	5.180463	-0.119953	0	0.337705	-1.00E-05	1.416834	-1.00E-06
4.046	0	0	0	0.2	0	-0.3	0	0	0	47.34021	514.187317	2.751577	-0.11989	0	0.337705	-1.50E-05	1.416834	-1.00E-06
4.047	0	0	0	0.2	0	-0.3	0	0	0	46.170288	516.44104	2.35972	-0.119881	0	0.337204	-1.50E-05	1.468448	-3.00E-06
4.048	0	0	0	0.2	0	-0.3	0	0	0	46.170288	518.338501	1.811327	-0.119405	0	0.33663	-8.00E-06	1.468448	-3.00E-06
4.049	0	0	0	0.2	0	-0.3	0	0	0	45.470348	519.010742	0.635845	-0.119804	0	0.33663	-5.00E-06	1.456805	-1.00E-06
4.05	0	0	0	0.2	0	-0.3	0	0	0	45.470348	519.700134	0.478984	-0.119405	0	0.336431	-8.00E-06	1.447056	-1.00E-06
4.051	0	0	0	0.2	0	-0.3	0	0	0	45.473232	521.390686	-0.069611	-0.119063	0	0.336725	-1.10E-05	1.456805	-3.00E-06
4.052	0	0	0	0.2	0	-0.3	0	0	0	45.473232	523.286926	-0.539675	-0.11874	0	0.337149	-1.50E-05	1.575416	-4.00E-06
4.053	0	0	0	0.2	0	-0.3	0	0	0	44.693283	523.286926	-1.244973	-0.119063	0	0.338249	-1.10E-05	1.624672	-3.00E-06
4.054	0	0	0	0.2	0	-0.3	0	0	0	44.693283	528.611816	-3.204041	-0.118846	0	0.338155	-3.00E-06	1.575416	-3.00E-06
4.055	0	0	0	0.2	0	-0.3	0	0	0	44.618317	528.611816	-3.360821	-0.119121	0	0.338249	-3.00E-06	1.646602	-3.00E-06
4.056	0	0	0	0.2	0	-0.3	0	0	0	44.618317	530.318665	-3.360821	-0.119121	0	0.338885	-7.00E-06	1.568932	-3.00E-06
4.057	0	0	0	0.2	0	-0.3	0	0	0	44.541187	530.28656	-4.14445	-0.119121	0	0.339163	-7.00E-06	1.647389	-3.00E-06
4.058	0	0	0	0.2	0	-0.3	0	0	0	44.070473	530.28656	-5.476431	-0.118694	0	0.339072	1.00E-06	1.672746	-3.00E-06
4.059	0	0	0	0.2	0	-0.3	0	0	0	43.841248	530.28656	-5.633294	-0.118694	0	0.339072	3.00E-06	1.721157	-3.00E-06
4.06	0	0	0	0.2	0	-0.3	0	0	0	43.841248	532.866699	-6.808613	-0.118757	0	0.339072	1.00E-06	1.721157	-3.00E-06
4.061	0	0	0	0.2	0	-0.3	0	0	0	44.000561	535.947144	-7.043927	-0.118757	0	0.339434	-4.00E-06	1.772482	-4.00E-06
4.062	0	0	0	0.2	0	-0.3	0	0	0	44.000561	538.344727	-8.532569	-0.118751	0	0.339434	-4.00E-06	1.772482	-3.00E-06
4.063	0	0	0	0.2	0	-0.3	0	0	0	44.000561	538.344727	-9.081203	-0.118301	0	0.339654	-7.00E-06	1.793465	-3.00E-06
4.064	0	0	0	0.2	0	-0.3	0	0	0	44.007774	537.802368	-9.472775	-0.118257	0	0.339934	-4.00E-06	1.856462	-3.00E-06
4.065	0	0	0	0.2	0	-0.3	0	0	0	44.007774	537.802368	-10.726832	-0.117758	0	0.339934	-7.00E-06	1.890519	-4.00E-06
4.066	0	0	0	0.2	0	-0.3	0	0	0	44.007774	543.996765	-11.980601	-0.118257	0	0.339934	-7.00E-06	1.890519	-4.00E-06
4.067	0	0	0	0.2	0	-0.3	0	0	0	44.086349	549.147705	-12.137139	-0.11792	0	0.339962	-7.00E-06	1.890519	-5.00E-06
4.068	0	0	0	0.2	0	-0.3	0	0	0	44.086349	550.329956	-13.31262	-0.117923	0	0.339962	-6.00E-06	1.91156	-3.00E-06
4.069	0	0	0	0.2	0	-0.3	0	0	0	44.635635	551.366028	-14.801507	-0.117923	0	0.339753	-6.00E-06	1.91156	-3.00E-06
4.07	0	0	0	0.2	0	-0.3	0	0	0	44.484985	551.366028	-14.880035	-0.117923	0	0.339684	-9.00E-06	1.91156	-3.00E-06
4.071	0	0	0	0.2	0	-0.3	0	0	0	44.871353	552.397766	-15.820286	-0.118022	0	0.33968	-9.00E-06	2.027434	-6.00E-06
4.072	0	0	0	0.2	0	-0.3	0	0	0	45.112122	552.914307	-16.603792	-0.118004	0	0.339684	-9.00E-06	2.066322	-6.00E-06
4.073	0	0	0	0.2	0	-0.3	0	0	0	45.268543	559.428345	-17.074017	-0.118004	0	0.339999	-1.00E-05	2.097255	-5.00E-06
4.074	0	0	0	0.2	0	-0.3	0	0	0	45.65852	561.831909	-18.719803	-0.117523	0	0.339999	-1.00E-05	2.066322	-4.00E-06
4.075	0	0	0	0.2	0	-0.3	0	0	0	45.897125	561.831909	-18.719803	-0.117523	0	0.33937	-1.30E-05	2.030763	-4.00E-06
4.076	0	0	0	0.2	0	-0.3	0	0	0	46.209251	560.068726	-18.719803	-0.117523	0	0.33937	-1.20E-05	2.030763	-4.00E-06
4.077	0	0	0	0.2	0	-0.3	0	0	0	47.076435	560.068726	-19.816513	-0.117547	0	0.33937	-1.40E-05	2.291645	-4.00E-06
4.078	0	0	0	0.2	0	-0.3	0	0	0	47.465691	562.340698	-19.816874	-0.117547	0	0.340013	-1.20E-05	2.305033	-3.00E-06
4.079	0	0	0	0.2	0	-0.3	0	0	0	47.076435	565.422607	-20.051863	-0.117547	0	0.340013	-1.00E-06	2.305033	-2.00E-06
4.08	0	0	0	0.2	0	-0.3	0	0	0	47.471462	566.259583	-21.070847	-0.117361	0	0.340013	-1.00E-06	2.322979	-3.00E-06
4.081	0	0	0	0.2	0	-0.3	0	0	0	47.237186	566.612549	-21.149054	-0.117361	0	0.340119	-1.10E-05	2.326938	-3.00E-06
4.082	0	0	0	0.2	0	-0.3	0	0	0	47.471462	568.499146	-21.93272	-0.117361	0	0.339521	-1.40E-05	2.359434	-3.00E-06
4.083	0	0	0	0.2	0	-0.3	0	0	0	48.020748	568.666565	-21.93272	-0.117281	0	0.339504	-1.40E-05	2.41468	-3.00E-06
4.084	0	0	0	0.2	0	-0.3	0	0	0	48.494347	571.42334	-22.011093	-0.11706	0	0.339504	-1.30E-05	2.538208	-3.00E-06
4.085	0	0	0	0.2	0	-0.3	0	0	0	48.573643	573.981812	-22.79484	-0.116981	0	0.33935	-1.10E-05	2.538208	-1.00E-06
4.086	0	0	0	0.2	0	-0.3	0	0	0	48.573643	578.620972	-23.970362	-0.116981	0	0.339161	-7.00E-06	2.538208	-1.00E-06
4.087	0	0	0	0.2	0	-0.3	0	0	0	48.578693	578.620972	-23.970362	-0.116952	0	0.338892	-7.00E-06	2.540081	-3.00E-06
4.088	0	0	0	0.2	0	-0.3	0	0	0	48.894428	578.620972	-23.970486	-0.116756	0	0.338892	-7.00E-06	2.688104	-4.00E-06
4.089	0	0	0	0.2	0	-0.3	0	0	0	48.894428	584.090881	-24.910851	-0.116641	0	0.339047	-1.60E-05	2.669497	-4.00E-06
4.09	0	0	0	0.2	0	-0.3	0	0	0	49.287292	586.330444	-25.146206	-0.116612	0	0.339047	-1.00E-06	2.669497	-5.00E-06
4.091	0	0	0	0.2	0	-0.3	0	0	0	49.679436	586.330444	-26.008163	-0.116485	0	0.338966	-3.00E-06	2.660957	-3.00E-06
4.092	0	0	0	0.2	0	-0.3	0	0	0	49.679436	586.833008	-26.008204	-0.11647	0	0.338905	-1.00E-06	2.660957	-3.00E-06
4.093	0	0	0	0.2	0	-0.3	0	0	0	49.448769	588.20929	-27.183643	-0.11647	0	0.338716	-3.00E-06	2.693417	-3.00E-06
4.094	0	0	0	0.2	0	-0.3	0	0	0	49.448769	595.94928	-27.96735	-0.11647	0	0.338716	-1.00E-06	2.731756	-3.00E-06
4.095	0	0	0	0.2	0	-0.3	0	0	0	50.157364	595.94928	-28.280634	-0.116387	0	0.338219	-1.00E-06	2.819476	-2.00E-06
4.096	0	0	0	0.2	0	-0.3	0	0	0	50.157364	597.483643	-28.280916	-0.116387	0	0.338624	-1.00E-06	2.819476	-1.00E-06
4.097	0	0	0	0.2	0	-0.3	0	0	0	50.316673	599.539978	-29.143034	-0.116334	0	0.338346	-5.00E-06	2.819476	-1.00E-06
4.098	0	0	0	0.2	0	-0.3	0	0	0	50.316673	599.676147	-30.083241	-0.116334	0	0.338434	-9.00E-06	2.823437	-1.00E-06
4.099	0	0	0	0.2	0	-0.3	0	0	0	50.403904	600.052612	-30.553709	-0.116334	0	0.338346	-9.00E-06	2.897074	-1.00E-06
4.1	0	0	0	0.2	0	-0.3	0	0	0	50.946697	602.969482	-31.728745	-0.116363	0	0.338434	-1.70E-05	3.049804	-3.00E-06
4.101	0	0	0	0.2	0	-0.3	0	0	0	51.733143	609.464233	-31.807438	-0.116363	0	0.338451	-2.00E-06	3.049804	-7.00E-06
4.102	0	0	0	0.2	0	-0.3	0	0	0	51.733143	609.464233	-32.826138	-0.116066	0	0.338451	-1.00E-05	3.049804	-7.00E-06
4.103	0	0	0	0.2	0	-0.3	0	0	0	51.888126	608.770752	-33.844795	-0.115963	0	0.338152	-1.00E-05	3.091019	-4.00E-06
4.104	0	0	0	0.2	0	-0.3	0	0	0	51.74036	608.770752	-34.001575	-0.115822	0	0.337892	-1.20E-05	3.132299	-4.00E-06
4.105	0	0	0	0.2	0	-0.3	0	0	0	51.74036	613.576904	-35.647163	-0.115743	0	0.337753	-2.00E-05	3.148589	-4.00E-06
4.106	0	0	0	0.2	0	-0.3	0	0	0	51.663952	617.70343	-35.882477	-0.115743	0	0.337648	-1.20E-05	3.148589	-5.00E-06
4.107	0	0	0	0.2	0	-0.3	0	0	0	51.663952	620.088745	-36.979225	-0.115743	0	0.337648	-1.70E-05	3.189393	-2.00E-06
4.108	0	0	0	0.2	0	-0.3	0	0	0	52.21468	622.01886	-37.449612	-0.116024	0	0.337449	-1.70E-05	3.099442	-5.00E-06
4.109	0	0	0	0.2	0	-0.3	0	0	0	52.533298	622.86554	-38.938416	-0.11584	0	0.337452	-1.70E-05	3.25652	-4.00E-06
4.11	0	0	0	0.2	0	-0.3	0	0	0	52.533298	623.016724	-39.330067	-0.11584	0	0.336927	-1.30E-05	3.33851	-4.00E-06
4.111	0	0	0	0.2	0	-0.3	0	0	0	53.158276	624.216797	-40.270473	-0.11584	0	0.337452	-1.30E-05	3.33851	-4.00E-06
4.112	0	0	0	0.2	0	-0.3	0	0	0	53.313976	626.267578	-40.349087	-0.11571	0	0.336934	-5.00E-06	3.33851	-1.00E-06
4.113	0	0	0	0.2	0	-0.3	0	0	0	53.240452	630.571167	-40.819069	-0.115882	0	0.336963	-1.40E-05	3.335845	-5.00E-06
4.114	0	0	0	0.2	0	-0.3	0	0	0	54.411106	630.571167	-42.621357	-0.115678	0	0.336934	-1.60E-05	3.335845	-2.00E-06
4.115	0	0	0	0.2	0	-0.3	0	0	0	54.411106	629.197693	-42.621357	-0.115678	0	0.3366	-1.60E-05	3.330988	-2.00E-06
4.116	0	0	0	0.2	0	-0.3	0	0	0	54.967609	629.197693	-42.621357	-0.115547	0	0.3366	-5.00E-06	3.330988	-1.00E-06
4.117	0	0	0	0.2	0	-0.3	0	0	0	55.431828	636.203796	-42.934837	-0.115547	0	0.335989	-5.00E-06	3.485349	-1.00E-06
4.118	0	0	0	0.2	0	-0.3	0	0	0	55.435436	636.203796	-44.345474	-0.115576	0	0.336617	-9.00E-06	3.506996	-1.00E-06
4.119	0	0	0	0.2	0	-0.3	0	0	0	55.590416	636.226257	-44.972198	-0.115576	0	0.336054	-1.70E-05	3.506996	-2.00E-06
4.12	0	0	0	0.2	0	-0.3	0	0	0	55.670433	636.046143	-45.990898	-0.115115	0	0.336054	-1.70E-05	3.517223	0.00E+00
4.121	0	0	0	0.2	0	-0.3	0	0	0	55.906151	636.38678	-46.539413	-0.115115	0	0.335379	-1.70E-05	3.528965	-1.00E-06
4.122	0	0	0	0.2	0	-0.3	0	0	0	56.145473	636.38678	-47.244671	-0.115236	0	0.335379	-9.00E-06	3.669121	-1.00E-06
4.123	0	0	0	0.2	0	-0.3	0	0	0	56.691154	639.290833	-47.949802	-0.11543	0	0.336168	-9.00E-06	3.693984	-2.00E-06
4.124	0	0	0	0.2	0	-0.3	0	0	0	56.691154	639.290833	-47.950047	-0.11543	0	0.336168	-9.00E-06	3.669121	-2.00E-06
4.125	0	0	0	0.2	0	-0.3	0	0	0	56.696205	639.290833	-49.908875	-0.115284	0	0.335084	-8.00E-06	3.776774	-3.00E-06
4.126	0	0	0	0.2	0	-0.3	0	0	0	56.068344	643.081787	-49.908875	-0.115284	0	0.334909	-6.00E-06	3.627206	-3.00E-06
4.127	0	0	0	0.2	0	-0.3	0	0	0	56.696205	644.279541	-51.397472	-0.115376	0	0.334799	-6.00E-06	3.709268	-4.00E-06
4.128	0	0	0	0.2	0	-0.3	0	0	0	56.854794	644.279541	-51.476128	-0.115653	0	0.334637	-1.80E-05	3.608014	-4.00E-06
4.129	0	0	0	0.2	0	-0.3	0	0	0	57.244045	648.391296	-52.494743	-0.115376	0	0.334637	-1.80E-05	3.709268	-3.00E-06
4.13	0	0	0	0.2	0	-0.3	0	0	0	57.639797	648.391296	-53.043339	-0.115215	0	0.334637	-1.80E-05	3.801333	-3.00E-06
4.131	0	0	0	0.2	0	-0.3	0	0	0	57.639797	648.391296	-54.453571	-0.115215	0	0.33361	-1.30E-05	3.864196	-3.00E-06
4.132	0	0	0	0.2	0	-0.3	0	0	0	57.639797	649.269226	-54.767056	-0.115215	0	0.33361	-1.80E-05	3.900154	-3.00E-06
4.133	0	0	0	0.2	0	-0.3	0	0	0	57.564831	652.855347	-55.315853	-0.115407	0	0.33361	-1.30E-05	3.900154	-3.00E-06
4.134	0	0	0	0.2	0	-0.3	0	0	0	58.661961	655.447449	-56.491215	-0.115066	0	0.333095	-8.00E-06	3.915264	-4.00E-06
4.135	0	0	0	0.2	0	-0.3	0	0	0	59.446964	655.447449	-57.117855	-0.115144	0	0.333095	-8.00E-06	3.961363	-3.00E-06
4.136	0	0	0	0.2	0	-0.3	0	0	0	59.447685	653.198669	-57.118099	-0.115036	0	0.33299	-8.00E-06	3.970993	-4.00E-06
4.137	0	0	0	0.2	0	-0.3	0	0	0	59.446964	653.198669	-58.450237	-0.115092	0	0.332333	-1.30E-05	3.970993	-4.00E-06
4.138	0	0	0	0.2	0	-0.3	0	0	0	59.378494	657.49408	-58.920506	-0.114905	0	0.332087	-1.20E-05	4.003093	-5.00E-06
4.139	0	0	0	0.2	0	-0.3	0	0	0	59.378494	657.501099	-58.920506	-0.115092	0	0.332087	-1.30E-05	4.004406	-8.00E-06
4.14	0	0	0	0.2	0	-0.3	0	0	0	59.536362	659.045593	-60.252567	-0.115208	0	0.331867	-1.20E-05	4.155537	-5.00E-06
4.141	0	0	0	0.2	0	-0.3	0	0	0	59.610603	662.307617	-60.566051	-0.115208	0	0.331453	-1.00E-05	4.155537	-4.00E-06
4.142	0	0	0	0.2	0	-0.3	0	0	0	59.774963	662.307617	-61.114567	-0.115299	0	0.331439	-1.00E-05	4.155537	-4.00E-06
4.143	0	0	0	0.2	0	-0.3	0	0	0	60.554195	661.954285	-61.114845	-0.11508	0	0.330837	-1.10E-05	4.148266	-1.00E-06
4.144	0	0	0	0.2	0	-0.3	0	0	0	59.934273	661.954285	-61.976803	-0.115299	0	0.330609	-1.50E-05	4.148266	-1.00E-06
4.145	0	0	0	0.2	0	-0.3	0	0	0	60.325691	667.463989	-63.543777	-0.115203	0	0.330368	-1.80E-05	4.226598	-1.00E-06
4.146	0	0	0	0.2	0	-0.3	0	0	0	60.325691	667.463989	-64.327202	-0.115203	0	0.330422	-1.80E-05	4.234084	-3.00E-06
4.147	0	0	0	0.2	0	-0.3	0	0	0	61.269283	669.006958	-64.954124	-0.114967	0	0.32967	-1.00E-05	4.37834	-4.00E-06
4.148	0	0	0	0.2	0	-0.3	0	0	0	61.269283	669.688599	-65.111031	-0.114967	0	0.329424	-1.00E-05	4.37834	-4.00E-06
4.149	0	0	0	0.2	0	-0.3	0	0	0	61.269283	671.078735	-66.364799	-0.115266	0	0.328419	-6.00E-06	4.285873	-4.00E-06
4.15	0	0	0	0.2	0	-0.3	0	0	0	61.817127	671.761047	-66.599785	-0.11539	0	0.328419	-1.30E-05	4.285873	-3.00E-06
4.151	0	0	0	0.2	0	-0.3	0	0	0	62.915703	674.161438	-66.756813	-0.11539	0	0.328359	-6.00E-06	4.302586	-3.00E-06
4.152	0	0	0	0.2	0	-0.3	0	0	0	62.915703	674.334595	-67.305046	-0.115385	0	0.328011	-1.40E-05	4.346637	-5.00E-06
4.153	0	0	0	0.2	0	-0.3	0	0	0	62.839291	674.841858	-68.480606	-0.115385	0	0.327475	-1.50E-05	4.346637	-7.00E-06
4.154	0	0	0	0.2	0	-0.3	0	0	0	62.839291	675.887268	-68.715965	-0.115385	0	0.327453	-1.50E-05	4.346637	-5.00E-06
4.155	0	0	0	0.2	0	-0.3	0	0	0	64.640694	675.887268	-68.716003	-0.115451	0	0.326746	-1.20E-05	4.303937	-5.00E-06
4.156	0	0	0	0.2	0	-0.3	0	0	0	64.877853	675.887268	-68.716003	-0.115878	0	0.326381	-1.20E-05	4.301551	-5.00E-06
4.157	0	0	0	0.2	0	-0.3	0	0	0	64.877853	681.201416	-69.812988	-0.115878	0	0.326157	-1.20E-05	4.301551	-4.00E-06
4.158	0	0	0	0.2	0	-0.3	0	0	0	65.817833	681.201416	-71.066689	-0.115474	0	0.326087	-1.90E-05	4.301551	-4.00E-06
4.159	0	0	0	0.2	0	-0.3	0	0	0	65.817833	681.201416	-71.45858	-0.115474	0	0.324948	-1.10E-05	4.363485	-5.00E-06
4.16	0	0	0	0.2	0	-0.3	0	0	0	65.8993	681.908081	-72.320457	-0.115729	0	0.324765	-2.30E-05	4.363485	-5.00E-06
4.161	0	0	0	0.2	0	-0.3	0	0	0	66.995705	683.969849	-72.63398	-0.115805	0	0.324175	-1.70E-05	4.363485	-3.00E-06
4.162	0	0	0	0.2	0	-0.3	0	0	0	67.622124	685.180176	-73.574188	-0.115774	0	0.324025	-1.70E-05	4.406557	-3.00E-06
4.163	0	0	0	0.2	0	-0.3	0	0	0	67.702858	685.180176	-73.574188	-0.115774	0	0.323728	-8.00E-06	4.388259	-3.00E-06
4.164	0	0	0	0.2	0	-0.3	0	0	0	67.702858	687.57251	-73.887672	-0.115774	0	0.323213	-8.00E-06	4.388259	-3.00E-06
4.165	0	0	0	0.2	0	-0.3	0	0	0	67.942177	688.783691	-75.611664	-0.116075	0	0.322822	-7.00E-06	4.388259	-3.00E-06
4.166	0	0	0	0.2	0	-0.3	0	0	0	67.942177	692.086731	-75.611908	-0.11654	0	0.321888	-7.00E-06	4.38123	-3.00E-06
4.167	0	0	0	0.2	0	-0.3	0	0	0	69.585716	693.614136	-75.768242	-0.11654	0	0.320821	-8.00E-06	4.341054	-4.00E-06
4.168	0	0	0	0.2	0	-0.3	0	0	0	70.053535	693.785095	-76.003555	-0.116312	0	0.320302	-8.00E-06	4.301183	-4.00E-06
4.169	0	0	0	0.2	0	-0.3	0	0	0	70.212852	697.216919	-76.473862	-0.116167	0	0.320484	-3.00E-06	4.341054	-2.00E-06
4.17	0	0	0	0.2	0	-0.3	0	0	0	71.232841	697.216919	-76.787224	-0.116167	0	0.320302	-2.00E-06	4.393888	-2.00E-06
4.171	0	0	0	0.2	0	-0.3	0	0	0	71.543526	697.216919	-76.7873	-0.116259	0	0.319373	-2.00E-06	4.393888	-6.00E-06
4.172	0	0	0	0.2	0	-0.3	0	0	0	72.172829	697.591125	-77.022217	-0.116582	0	0.318983	-6.00E-06	4.408357	-6.00E-06
4.173	0	0	0	0.2	0	-0.3	0	0	0	73.112099	702.90094	-77.414146	-0.116582	0	0.318052	-6.00E-06	4.370369	-5.00E-06
4.174	0	0	0	0.2	0	-0.3	0	0	0	73.112816	702.90094	-77.414146	-0.116481	0	0.318052	-1.20E-05	4.426853	-4.00E-06
4.175	0	0	0	0.2	0	-0.3	0	0	0	75.303467	700.689331	-77.335945	-0.116481	0	0.317495	-1.00E-05	4.353027	-4.00E-06
4.176	0	0	0	0.2	0	-0.3	0	0	0	75.303467	700.689331	-77.335945	-0.116875	0	0.317217	-1.00E-05	4.237589	-3.00E-06
4.177	0	0	0	0.2	0	-0.3	0	0	0	75.380592	703.603882	-78.7463	-0.117004	0	0.316229	-6.00E-06	4.237589	-3.00E-06
4.178	0	0	0	0.2	0	-0.3	0	0	0	75.856361	705.501648	-79.294609	-0.117004	0	0.315915	-6.00E-06	4.257848	-3.00E-06
4.179	0	0	0	0.2	0	-0.3	0	0	0	77.965553	707.746948	-80.3918	-0.117166	0	0.315464	4.00E-06	4.353509	-3.00E-06
4.18	0	0	0	0.2	0	-0.3	0	0	0	77.965553	707.746948	-80.704964	-0.117207	0	0.31544	-1.00E-05	4.304036	-3.00E-06
4.181	0	0	0	0.2	0	-0.3	0	0	0	77.965553	708.099915	-81.488548	-0.117405	0	0.314122	-1.00E-05	4.304036	-4.00E-06
4.182	0	0	0	0.2	0	-0.3	0	0	0	79.061958	710.859863	-82.115349	-0.117207	0	0.31398	-1.00E-05	4.304036	-3.00E-06
4.183	0	0	0	0.2	0	-0.3	0	0	0	79.298401	710.859863	-82.585289	-0.117451	0	0.3133	-1.30E-05	4.328981	-3.00E-06
4.184	0	0	0	0.2	0	-0.3	0	0	0	80.862633	710.859863	-82.97715	-0.117451	0	0.312783	-1.50E-05	4.328981	-2.00E-06
4.185	0	0	0	0.2	0	-0.3	0	0	0	81.094749	719.31604	-85.24926	-0.11776	0	0.312519	-2.30E-05	4.309895	-2.00E-06
4.186	0	0	0	0.2	0	-0.3	0	0	0	81.094749	719.31604	-86.111015	-0.11776	0	0.31135	-2.70E-05	4.191832	-3.00E-06
4.187	0	0	0	0.2	0	-0.3	0	0	0	81.331184	720.540466	-86.111015	-0.11762	0	0.308174	-2.70E-05	4.002525	-4.00E-06
4.188	0	0	0	0.2	0	-0.3	0	0	0	81.407593	724.901917	-85.640953	-0.117497	0	0.308064	-1.90E-05	4.002525	-3.00E-06
4.189	0	0	0	0.2	0	-0.3	0	0	0	81.642586	724.901917	-85.640709	-0.117161	0	0.307624	-1.90E-05	4.002525	-4.00E-06
4.19	0	0	0	0.2	0	-0.3	0	0	0	82.025352	724.264343	-85.640709	-0.116723	0	0.305982	-1.90E-05	3.823512	-5.00E-06
4.191	0	0	0	0.2	0	-0.3	0	0	0	82.025352	722.218506	-86.34536	-0.116529	0	0.305371	-2.20E-05	3.823512	-5.00E-06
4.192	0	0	0	0.2	0	-0.3	0	0	0	82.025352	721.917664	-86.736893	-0.116202	0	0.304683	-8.00E-06	3.851489	-5.00E-06
4.193	0	0	0	0.2	0	-0.3	0	0	0	81.868202	721.917664	-86.736893	-0.116202	0	0.302923	-1.20E-05	3.851489	-1.00E-06
4.194	0	0	0	0.2	0	-0.3	0	0	0	81.560402	728.667114	-86.580231	-0.116185	0	0.302191	-8.00E-06	3.929815	-5.00E-06
4.195	0	0	0	0.2	0	-0.3	0	0	0	81.085365	728.667114	-84.229546	-0.116196	0	0.301909	-1.10E-05	3.617304	-6.00E-06
4.196	0	0	0	0.2	0	-0.3	0	0	0	81.560402	728.309204	-84.229546	-0.116196	0	0.301909	-1.10E-05	3.693057	-8.00E-06
4.197	0	0	0	0.2	0	-0.3	0	0	0	81.948936	728.309204	-86.188377	-0.11684	0	0.301831	-1.10E-05	3.693057	-6.00E-06
4.198	0	0	0	0.2	0	-0.3	0	0	0	82.582573	731.580933	-86.188377	-0.116944	0	0.301386	-1.00E-05	3.693057	-8.00E-06
4.199	0	0	0	0.2	0	-0.3	0	0	0	82.582573	733.143188	-86.110695	-0.117339	0	0.300393	-5.00E-06	3.596095	-4.00E-06
4.2	0	0	0	0.2	0	-0.3	0	0	0	82.278389	738.812134	-85.092476	-0.118066	0	0.300393	-5.00E-06	3.596095	-7.00E-06
4.201	0	0	0	0.2	0	-0.3	0	0	0	82.278389	741.892151	-85.092476	-0.118507	0	0.300825	-1.20E-05	3.652154	-4.00E-06
4.202	0	0	0	0.2	0	-0.3	0	0	0	82.981209	742.249023	-85.797646	-0.118822	0	0.300825	-1.20E-05	3.652154	-1.00E-06
4.203	0	0	0	0.2	0	-0.3	0	0	0	83.374077	741.892151	-85.797646	-0.118668	0	0.299382	-9.00E-06	3.643837	-1.00E-06
4.204	0	0	0	0.2	0	-0.3	0	0	0	83.374077	742.249023	-86.581482	-0.118822	0	0.299072	-9.00E-06	3.479872	-3.00E-06
4.205	0	0	0	0.2	0	-0.3	0	0	0	83.139076	747.656494	-86.580833	-0.119046	0	0.297902	-9.00E-06	3.546261	-3.00E-06
4.206	0	0	0	0.2	0	-0.3	0	0	0	83.139076	747.656494	-86.580833	-0.119046	0	0.29784	-6.00E-06	3.546261	-3.00E-06
4.207	0	0	0	0.2	0	-0.3	0	0	0	83.99688	745.946533	-86.423698	-0.119017	0	0.297448	-4.00E-06	3.546261	-3.00E-06
4.208	0	0	0	0.2	0	-0.3	0	0	0	84.696815	743.442566	-86.423698	-0.118464	0	0.295635	-4.00E-06	3.469028	-3.00E-06
4.209	0	0	0	0.2	0	-0.3	0	0	0	85.087517	741.736084	-86.423698	-0.118194	0	0.293922	-8.00E-06	3.392308	-5.00E-06
4.21	0	0	0	0.2	0	-0.3	0	0	0	85.555336	741.736084	-86.031395	-0.118073	0	0.29387	-8.00E-06	3.392308	-5.00E-06
4.211	0	0	0	0.2	0	-0.3	0	0	0	85.555336	741.736084	-85.79612	-0.118194	0	0.292163	-1.00E-06	3.180603	-4.00E-06
4.212	0	0	0	0.2	0	-0.3	0	0	0	85.708878	745.574463	-85.169479	-0.11833	0	0.291583	4.00E-06	3.113637	-3.00E-06
4.213	0	0	0	0.2	0	-0.3	0	0	0	85.553169	746.100342	-85.169479	-0.11833	0	0.29113	4.00E-06	3.101911	-4.00E-06
4.214	0	0	0	0.2	0	-0.3	0	0	0	85.708878	746.100342	-84.464142	-0.118173	0	0.290411	-2.00E-06	3.062129	-3.00E-06
4.215	0	0	0	0.2	0	-0.3	0	0	0	86.492439	744.597595	-83.758766	-0.118173	0	0.289102	-6.00E-06	2.975888	-4.00E-06
4.216	0	0	0	0.2	0	-0.3	0	0	0	86.568123	744.597595	-83.758766	-0.118408	0	0.288715	-6.00E-06	2.895501	-4.00E-06
4.217	0	0	0	0.2	0	-0.3	0	0	0	87.036674	749.250244	-83.915581	-0.11861	0	0.288701	-6.00E-06	2.878049	-4.00E-06
4.218	0	0	0	0.2	0	-0.3	0	0	0	86.958824	749.250244	-83.915581	-0.118784	0	0.288374	-9.00E-06	2.800332	-4.00E-06
4.219	0	0	0	0.2	0	-0.3	0	0	0	86.958824	749.250244	-83.758842	-0.118784	0	0.287954	-9.00E-06	2.792995	-4.00E-06
4.22	0	0	0	0.2	0	-0.3	0	0	0	86.490997	749.136108	-83.758842	-0.118888	0	0.287032	-1.50E-05	2.784905	-4.00E-06
4.221	0	0	0	0.2	0	-0.3	0	0	0	86.336014	750.312927	-83.758842	-0.119195	0	0.285917	-9.00E-06	2.776786	-5.00E-06
4.222	0	0	0	0.2	0	-0.3	0	0	0	86.336014	752.073853	-83.758568	-0.119366	0	0.285579	-9.00E-06	2.776786	-5.00E-06
4.223	0	0	0	0.2	0	-0.3	0	0	0	87.739494	752.073853	-83.288376	-0.119195	0	0.285245	-9.00E-06	2.598785	-5.00E-06
4.224	0	0	0	0.2	0	-0.3	0	0	0	87.739494	752.644409	-83.288376	-0.119048	0	0.284372	-1.10E-05	2.598785	-5.00E-06
4.225	0	0	0	0.2	0	-0.3	0	0	0	85.936661	752.644409	-83.757675	-0.119048	0	0.283279	-1.10E-05	2.640355	-2.00E-06
4.226	0	0	0	0.2	0	-0.3	0	0	0	85.936661	752.644409	-83.757675	-0.119068	0	0.28311	-1.10E-05	2.640355	-2.00E-06
4.227	0	0	0	0.2	0	-0.3	0	0	0	86.481621	745.323792	-82.503822	-0.119068	0	0.281853	-7.00E-06	2.45428	-7.00E-06
4.228	0	0	0	0.2	0	-0.3	0	0	0	86.946556	745.323792	-82.190666	-0.119138	0	0.280804	-1.10E-05	2.409779	-7.00E-06
4.229	0	0	0	0.2	0	-0.3	0	0	0	86.946556	745.86499	-82.190178	-0.119006	0	0.280553	-1.10E-05	2.369469	-6.00E-06
4.23	0	0	0	0.2	0	-0.3	0	0	0	86.946556	745.86499	-81.641502	-0.118867	0	0.27966	-2.00E-05	2.34938	-6.00E-06
4.231	0	0	0	0.2	0	-0.3	0	0	0	86.711555	745.207336	-81.249771	-0.118867	0	0.278344	-2.00E-05	2.214055	-6.00E-06
4.232	0	0	0	0.2	0	-0.3	0	0	0	86.555855	745.044189	-80.936409	-0.119091	0	0.27828	-1.80E-05	2.212488	-6.00E-06
4.233	0	0	0	0.2	0	-0.3	0	0	0	86.164436	745.044189	-80.936409	-0.119264	0	0.277573	-1.20E-05	2.212488	-5.00E-06
4.234	0	0	0	0.2	0	-0.3	0	0	0	86.164436	745.078918	-80.622887	-0.119311	0	0.277462	-9.00E-06	2.207558	-4.00E-06
4.235	0	0	0	0.2	0	-0.3	0	0	0	88.272911	745.078918	-80.152542	-0.119311	0	0.277053	-9.00E-06	2.061977	-4.00E-06
4.236	0	0	0	0.2	0	-0.3	0	0	0	88.272911	744.927429	-80.152542	-0.119311	0	0.276132	-6.00E-06	2.016189	-2.00E-06
4.237	0	0	0	0.2	0	-0.3	0	0	0	86.239403	744.927429	-80.622208	-0.119505	0	0.274353	-1.00E-05	2.016189	-2.00E-06
4.238	0	0	0	0.2	0	-0.3	0	0	0	86.239403	744.459961	-80.622208	-0.119505	0	0.274353	-1.10E-05	2.073035	-1.00E-06
4.239	0	0	0	0.2	0	-0.3	0	0	0	86.239403	745.167358	-80.151978	-0.119395	0	0.274353	-1.10E-05	2.073035	-2.00E-06
4.24	0	0	0	0.2	0	-0.3	0	0	0	86.702904	745.167358	-79.603264	-0.119333	0	0.273458	-1.10E-05	2.026352	-5.00E-06
4.241	0	0	0	0.2	0	-0.3	0	0	0	86.546478	745.167358	-79.368034	-0.119266	0	0.273376	-1.10E-05	1.993765	-5.00E-06
4.242	0	0	0	0.2	0	-0.3	0	0	0	86.546478	744.328857	-79.211082	-0.118969	0	0.272685	-1.10E-05	1.950666	-5.00E-06
4.243	0	0	0	0.2	0	-0.3	0	0	0	86.546478	742.296509	-78.897964	-0.11896	0	0.271098	-1.10E-05	1.933285	-4.00E-06
4.244	0	0	0	0.2	0	-0.3	0	0	0	86.155052	742.296509	-79.132477	-0.118969	0	0.271098	-1.00E-05	1.933285	-3.00E-06
4.245	0	0	0	0.2	0	-0.3	0	0	0	83.57299	749.734436	-79.132477	-0.119053	0	0.27047	-5.00E-06	2.000253	-2.00E-06
4.246	0	0	0	0.2	0	-0.3	0	0	0	83.57299	749.734436	-79.132477	-0.119053	0	0.270885	-1.00E-05	2.079903	-2.00E-06
4.247	0	0	0	0.2	0	-0.3	0	0	0	83.49514	742.870117	-78.113655	-0.118797	0	0.269952	-1.00E-05	2.000253	-5.00E-06
4.248	0	0	0	0.2	0	-0.3	0	0	0	82.865837	742.870117	-78.113655	-0.118762	0	0.26893	-1.00E-05	2.104229	-5.00E-06
4.249	0	0	0	0.2	0	-0.3	0	0	0	81.147346	743.249268	-79.053658	-0.118762	0	0.268257	-1.80E-05	2.049249	-5.00E-06
4.25	0	0	0	0.2	0	-0.3	0	0	0	79.816658	745.636963	-79.132111	-0.119078	0	0.268257	-1.80E-05	2.104229	-4.00E-06
4.251	0	0	0	0.2	0	-0.3	0	0	0	79.738808	744.974243	-79.758881	-0.119078	0	0.267688	-1.80E-05	2.049249	-6.00E-06
4.252	0	0	0	0.2	0	-0.3	0	0	0	78.329552	744.974243	-81.482712	-0.118914	0	0.267431	-1.40E-05	2.032074	-4.00E-06
4.253	4.149143	27.309532	-7.90366	0.170765	0	-0.249607	0	0.516636	0	77.780266	744.974243	-83.284515	-0.118914	0	0.266761	-1.40E-05	2.032074	-5.00E-06
4.254	4.149143	40.766338	-11.90093	0.170765	0	-0.249607	0	0.637084	0	77.153847	744.123779	-86.731865	-0.11874	0	0.266579	-1.40E-05	2.061798	-3.00E-06
4.255	4.149143	52.675571	-11.90093	0.169466	0	-0.246799	0	0.637084	0	76.138901	742.610291	-87.593781	-0.118621	0	0.265538	-9.00E-06	2.100714	-3.00E-06
4.256	4.149143	53.937386	-11.90093	0.169466	0	-0.246799	0	0.637084	0	76.138901	742.610291	-87.515327	-0.118621	0	0.265538	-9.00E-06	2.100714	-3.00E-06
4.257	3.767103	53.937386	-11.508915	0.170765	0	-0.246799	0	0.637084	0	75.508156	745.527466	-87.515327	-0.118621	0	0.265565	-1.50E-05	2.150742	-4.00E-06
4.258	3.767103	53.937386	-11.508915	0.170765	0	-0.246799	0	0.637084	0	74.808937	745.527466	-87.515327	-0.118069	0	0.265565	-1.50E-05	2.150742	-6.00E-06
4.259	7.751935	59.965477	-17.542135	0.162987	0	-0.217317	1.00E-06	0.630004	0	74.724594	744.18396	-87.74984	-0.118069	0	0.264228	-1.30E-05	2.150742	-6.00E-06
4.26	8.066225	65.487991	-22.948391	0.152858	0	-0.213698	1.00E-06	0.5534	0	74.096733	743.154541	-89.786957	-0.118019	0	0.263747	-7.00E-06	2.12411	-3.00E-06
4.261	8.309879	75.492134	-24.203051	0.152858	0	-0.213698	1.00E-06	0.539671	0	73.706764	744.029724	-91.354012	-0.117992	0	0.263382	-5.00E-06	2.165616	-3.00E-06
4.262	9.486303	89.116646	-24.203051	0.157209	0	-0.223694	1.00E-06	0.539671	1.00E-06	73.157478	744.029724	-91.354012	-0.117986	0	0.263273	-4.00E-06	2.173998	-1.00E-06
4.263	10.118492	101.195633	-21.461159	0.158115	0	-0.223694	1.00E-06	0.647739	1.00E-06	73.155312	744.029724	-91.196983	-0.117986	0	0.263273	-5.00E-06	2.173998	0.00E+00
4.264	10.98712	112.257088	-21.461159	0.158115	0	-0.220481	1.00E-06	0.650448	1.00E-06	72.453926	742.002014	-91.196983	-0.117733	0	0.262416	-7.00E-06	2.247614	0
4.265	12.162821	116.072304	-21.775084	0.157732	0	-0.216956	2.00E-06	0.741072	0	68.771843	742.002014	-91.509865	-0.117733	0	0.262193	-1.10E-05	2.290942	-3.00E-06
4.266	12.092907	122.635841	-22.08881	0.157732	0	-0.214558	1.00E-06	0.650448	0	68.771843	744.42395	-91.509865	-0.11801	0	0.261894	-1.50E-05	2.290942	-5.00E-06
4.267	12.092907	128.847549	-22.08881	0.156735	0	-0.212653	1.00E-06	0.587159	1.00E-06	69.241112	744.42395	-91.509987	-0.11801	0	0.261908	-1.50E-05	2.401109	-5.00E-06
4.268	11.935762	130.243118	-20.051733	0.156618	0	-0.210497	1.00E-06	0.461669	1.00E-06	69.241112	744.42395	-92.371582	-0.117724	0	0.261894	-1.50E-05	2.325284	-3.00E-06
4.269	11.236546	137.313492	-17.152739	0.156618	0	-0.210497	1.00E-06	0.552415	1.00E-06	67.596863	744.41394	-92.371582	-0.117353	0	0.261214	-1.50E-05	2.325284	-3.00E-06
4.27	11.236546	145.243164	-13.392388	0.155749	0	-0.212496	2.00E-06	0.552415	2.00E-06	66.731125	743.054321	-92.763313	-0.117266	0	0.26091	-1.50E-05	2.288409	-3.00E-06
4.271	11.018148	150.24794	-10.415305	0.157158	0	-0.213301	1.00E-06	0.552415	2.00E-06	65.478294	741.887146	-93.154686	-0.117266	0	0.26034	-1.20E-05	2.288409	-7.00E-06
4.272	11.245207	159.556625	-5.556961	0.156935	0	-0.213301	1.00E-06	0.429304	2.00E-06	64.306923	741.52063	-94.408302	-0.117308	0	0.26034	0.00E+00	2.331284	-5.00E-06
4.273	11.651058	161.809265	-4.460897	0.156935	0	-0.213223	0.00E+00	0.429304	2.00E-06	64.305473	741.887146	-95.191681	-0.117308	0	0.26015	0	2.473076	-5.00E-06
4.274	11.726744	166.296783	-1.796936	0.156373	0	-0.213223	1.00E-06	0.54421	2.00E-06	63.439735	741.52063	-95.740074	-0.117067	0	0.26015	-5.00E-06	2.473076	-3.00E-06
4.275	11.731073	168.702179	0.710327	0.155799	0	-0.213226	1.00E-06	0.54421	1.00E-06	61.795486	734.153748	-97.306892	-0.117025	0	0.259161	-2.00E-05	2.302534	-3.00E-06
4.276	12.049692	169.738586	3.687611	0.155039	0	-0.213226	1.00E-06	0.522224	2.00E-06	61.795486	734.153748	-97.306892	-0.116464	0	0.258658	-2.70E-05	2.300432	-4.00E-06
4.277	12.049692	169.741302	6.116743	0.155225	0	-0.213076	1.00E-06	0.476119	1.00E-06	61.324772	734.343933	-98.560295	-0.116968	0	0.257991	-2.70E-05	2.302534	-5.00E-06
4.278	12.049692	172.491516	9.486	0.155225	0	-0.212817	5.00E-06	0.476119	1.00E-06	60.77404	734.343933	-98.873581	-0.1165	0	0.257991	-2.20E-05	2.394237	-5.00E-06
4.279	12.131152	174.557465	12.698358	0.155225	0	-0.212817	5.00E-06	0.549897	1.00E-06	60.30838	734.331909	-98.873581	-0.1165	0	0.257991	-7.00E-06	2.394237	-3.00E-06
4.28	12.131152	178.347595	19.280052	0.154568	0	-0.211896	3.00E-06	0.633518	2.00E-06	59.598343	729.535095	-99.735176	-0.116369	0	0.257876	-7.00E-06	2.351261	-3.00E-06
4.281	12.131152	179.894745	22.335747	0.154568	0	-0.211896	1.00E-06	0.633518	3.00E-06	58.892632	729.0271	-99.813385	-0.116369	0	0.257335	-7.00E-06	2.351261	-3.00E-06
4.282	11.669097	181.63588	22.335747	0.153725	0	-0.212328	1.00E-06	0.633518	3.00E-06	58.266216	727.32251	-99.735176	-0.116205	0	0.25713	-1.00E-05	2.375272	-5.00E-06
4.283	10.571245	186.104095	26.018208	0.153725	0	-0.212328	1.00E-06	0.64397	3.00E-06	58.028332	725.080322	-99.343239	-0.116137	0	0.257061	-8.00E-06	2.375272	-5.00E-06
4.284	9.637756	191.446045	28.368649	0.153111	0	-0.213828	1.00E-06	0.64397	2.00E-06	57.40625	725.080322	-99.343239	-0.116127	0	0.257061	-1.60E-05	2.390942	-5.00E-06
4.285	9.637756	200.233978	31.03237	0.15257	0	-0.215612	2.00E-06	0.64397	2.00E-06	55.207661	722.697388	-100.51828	-0.116127	0	0.256618	-8.00E-06	2.241669	-3.00E-06
4.286	9.647859	211.272278	35.73333	0.153111	0	-0.21625	1.00E-06	0.622388	2.00E-06	55.048347	722.697388	-100.51828	-0.115955	0	0.256618	-4.00E-06	2.29581	-3.00E-06
4.287	10.207969	223.520554	39.572289	0.154555	0	-0.217383	1.00E-06	0.646216	2.00E-06	54.736225	713.780884	-99.577789	-0.115955	0	0.256066	-4.00E-06	2.29581	-3.00E-06
4.288	10.207969	234.91214	43.489334	0.154555	0	-0.218223	1.00E-06	0.714366	0	54.110527	713.587646	-99.577789	-0.115935	0	0.255735	-9.00E-06	2.329174	-7.00E-06
4.289	9.664454	244.566071	44.585964	0.154896	0	-0.218956	5.00E-06	0.791424	-1.00E-06	53.481949	713.44574	-99.577789	-0.115662	0	0.255735	-9.00E-06	2.329174	-7.00E-06
4.29	9.664454	254.230026	45.917786	0.153847	0	-0.219328	5.00E-06	0.791424	-1.00E-06	52.692619	708.104919	-99.577469	-0.115632	0	0.255592	-9.00E-06	2.25722	-7.00E-06
4.291	9.669506	262.510742	47.171196	0.154328	0	-0.220153	5.00E-06	0.77571	3.00E-06	52.380489	704.845947	-99.420692	-0.115408	0	0.255555	-6.00E-06	2.174075	-3.00E-06
4.292	9.986683	269.416748	49.443226	0.154328	0	-0.220843	1.00E-06	0.752197	3.00E-06	51.750469	699.176208	-99.420692	-0.115298	0	0.254791	-7.00E-06	2.205683	-3.00E-06
4.293	10.065976	280.271057	51.245266	0.154671	0	-0.221889	4.00E-06	0.752197	3.00E-06	50.579819	699.176208	-100.125946	-0.115298	0	0.254428	-6.00E-06	2.205683	-3.00E-06
4.294	11.635984	289.755646	52.184952	0.154854	0	-0.222297	1.00E-06	0.852097	1.00E-06	50.579819	694.713318	-100.125946	-0.115041	0	0.254261	-7.00E-06	2.205683	-6.00E-06
4.295	11.717443	301.308868	52.420185	0.154671	0	-0.223254	1.00E-06	0.905186	1.00E-06	50.026199	687.509949	-99.499069	-0.115039	0	0.253985	-1.20E-05	1.975011	-6.00E-06
4.296	11.792408	308.554718	53.203247	0.154854	0	-0.223283	-1.00E-06	0.905186	3.00E-06	50.026199	686.654053	-99.499069	-0.115039	0	0.253752	-1.20E-05	1.975011	-5.00E-06
4.297	12.432534	317.883484	53.516411	0.155084	0	-0.223283	1.00E-06	0.734691	3.00E-06	48.851944	684.421875	-100.674225	-0.114802	0	0.253752	-1.00E-05	2.032007	-5.00E-06
4.298	12.82251	327.200623	53.908066	0.15528	0	-0.223283	-1.00E-06	0.734691	1.00E-06	47.990528	680.974182	-101.065964	-0.114541	0	0.253752	-1.00E-05	2.032007	-5.00E-06
4.299	13.219703	333.931549	53.98571	0.155296	0	-0.224111	4.00E-06	0.833194	0.00E+00	47.908348	673.258545	-101.84951	-0.114541	0	0.252736	-4.00E-06	1.915011	-5.00E-06
4.3	13.219703	344.976013	54.06432	0.155296	0	-0.224111	3.00E-06	0.833194	1.00E-06	46.500538	672.402649	-102.39798	-0.114869	0	0.252736	-5.00E-06	1.853047	-3.00E-06
4.301	13.146902	351.002533	53.98571	0.155296	0	-0.226059	3.00E-06	0.736356	1.00E-06	46.49765	670.514771	-102.711304	-0.114869	0	0.252736	-4.00E-06	1.844645	-5.00E-06
4.302	13.146902	358.588593	53.828403	0.155314	0	-0.226059	3.00E-06	0.683494	4.00E-06	45.478371	666.566956	-103.49485	-0.114794	0	0.252627	-4.00E-06	1.806738	-2.00E-06
4.303	13.226918	368.097107	53.828403	0.155683	0	-0.226379	2.00E-06	0.683494	4.00E-06	45.476929	659.861877	-103.49485	-0.114678	0	0.252151	-2.00E-06	1.783017	-3.00E-06
4.304	13.226918	372.748169	53.828403	0.156141	0	-0.226473	3.00E-06	0.78351	4.00E-06	44.697697	656.258057	-103.573303	-0.114236	0	0.252151	-2.00E-06	1.77365	-2.00E-06
4.305	13.149067	378.612701	53.43615	0.155684	0	-0.226976	2.00E-06	0.78351	4.00E-06	42.033447	650.253113	-105.453674	-0.114236	0	0.251891	-2.00E-06	1.770144	-3.00E-06
4.306	12.294872	386.363403	53.43615	0.155711	0	-0.227978	3.00E-06	0.580657	5.00E-06	42.033447	650.253113	-105.453674	-0.114498	0	0.251891	-4.00E-06	1.770144	-4.00E-06
4.307	11.512033	391.202759	53.43615	0.155711	0	-0.22884	6.00E-06	0.567944	5.00E-06	41.407032	643.391846	-105.453674	-0.114498	0	0.251207	-4.00E-06	1.564051	-5.00E-06
4.308	11.20135	399.825256	53.43615	0.156527	0	-0.22884	6.00E-06	0.423558	5.00E-06	41.247002	634.941772	-106.080795	-0.113648	0	0.250856	-5.00E-06	1.564051	-5.00E-06
4.309	9.483578	406.897034	54.532658	0.156527	0	-0.229219	6.00E-06	0.423558	4.00E-06	40.072739	629.288574	-106.394043	-0.113648	0	0.249916	-5.00E-06	1.564051	-5.00E-06
4.31	9.481413	411.383881	54.92411	0.156994	0	-0.230527	5.00E-06	0.418689	4.00E-06	39.835579	625.345276	-106.394165	-0.113648	0	0.249668	-5.00E-06	1.436959	-6.00E-06
4.311	8.23219	417.589355	54.92411	0.156994	0	-0.230595	7.00E-06	0.418689	3.00E-06	39.520569	619.322144	-106.394318	-0.113854	0	0.249668	-4.00E-06	1.321737	-6.00E-06
4.312	6.435845	419.679962	54.92411	0.157785	0	-0.230958	2.00E-06	0.272424	3.00E-06	38.267014	612.968506	-106.394318	-0.113416	0	0.249668	-5.00E-06	1.321737	-5.00E-06
4.313	5.571548	424.329102	56.334419	0.15785	0	-0.231299	7.00E-06	0.222414	3.00E-06	37.643486	609.695984	-106.629196	-0.113359	0	0.250058	-1.60E-05	1.408332	-4.00E-06
4.314	4.085163	426.395813	56.491203	0.15785	0	-0.231349	7.00E-06	0.222414	7.00E-06	36.464176	608.490601	-106.394165	-0.113241	0	0.250058	-1.60E-05	1.408332	-4.00E-06
4.315	3.068049	428.987488	57.431366	0.15785	0	-0.231349	8.00E-06	0.21334	7.00E-06	35.684944	589.412598	-105.924225	-0.1132	0	0.248886	-1.40E-05	1.29511	-4.00E-06
4.316	2.596614	433.282104	58.371899	0.157718	0	-0.232917	7.00E-06	0.123997	6.00E-06	35.369934	588.404297	-105.924225	-0.1132	0	0.248736	-8.00E-06	1.29511	-4.00E-06
4.317	1.110952	433.800903	58.685257	0.158166	0	-0.23327	5.00E-06	0.100973	6.00E-06	34.431393	588.390442	-106.081009	-0.113203	0	0.24858	-8.00E-06	1.29511	-3.00E-06
4.318	-0.06475	435.190643	59.312027	0.15814	0	-0.233383	5.00E-06	0.069225	5.00E-06	32.704239	579.119507	-106.081009	-0.113203	0	0.24858	-1.10E-05	1.189242	-3.00E-06
4.319	-0.144044	436.721985	60.409256	0.15814	0	-0.233855	5.00E-06	0.058514	3.00E-06	32.626389	572.918518	-105.845894	-0.112807	0	0.24844	-1.10E-05	1.127023	-3.00E-06
4.32	-1.63115	438.102478	60.644329	0.15814	0	-0.234246	9.00E-06	0.055522	3.00E-06	31.762091	564.505493	-105.610703	-0.11265	0	0.248185	-1.10E-05	1.189242	-3.00E-06
4.321	-2.648985	440.162201	61.584496	0.158047	0	-0.235617	9.00E-06	0.055522	3.00E-06	29.728584	555.394714	-105.610703	-0.11265	0	0.247602	-6.00E-06	1.093913	-2.00E-06
4.322	-3.667542	441.89566	61.897938	0.158695	0	-0.235617	6.00E-06	0.067031	3.00E-06	29.332836	550.084045	-104.67041	-0.11265	0	0.247602	-6.00E-06	1.050508	-5.00E-06
4.323	-3.982554	441.902222	62.133053	0.158831	0	-0.235504	4.00E-06	0.071146	4.00E-06	29.013494	546.288086	-103.652115	-0.112455	0	0.24664	-6.00E-06	0.991976	-2.00E-06
4.324	-5.314679	444.489624	62.52478	0.158831	0	-0.235504	6.00E-06	0.107742	-1.00E-06	28.941416	533.935974	-103.652115	-0.112455	0	0.246649	-3.00E-06	0.966449	-5.00E-06
4.325	-5.39686	445.68457	63.230118	0.15898	0	-0.237067	4.00E-06	0.134654	2.00E-06	25.571455	530.299011	-103.965309	-0.112356	0	0.24664	-3.00E-06	0.785462	-2.00E-06
4.326	-6.726098	447.748535	63.465157	0.158891	0	-0.238642	7.00E-06	0.134654	1.00E-06	25.247786	526.371155	-103.965309	-0.112356	0	0.246166	-7.00E-06	0.766813	-2.00E-06
4.327	-7.585345	447.748535	64.17025	0.158909	0	-0.237521	3.00E-06	0.134654	2.00E-06	25.019281	510.224365	-101.928154	-0.112072	0	0.245105	-1.00E-05	0.766813	-2.00E-06
4.328	-8.056781	450.513824	65.267273	0.158909	0	-0.238619	4.00E-06	0.172003	4.00E-06	23.916382	505.751404	-100.43911	-0.112072	0	0.245105	-1.00E-05	0.451422	-2.00E-06
4.329	-9.542443	454.300079	65.501907	0.158909	0	-0.238619	4.00E-06	0.281615	4.00E-06	23.61075	501.796143	-98.480682	-0.112072	0	0.246412	-8.00E-06	0.601402	-2.00E-06
4.33	-9.621016	457.230804	66.755478	0.159089	0	-0.238802	4.00E-06	0.281615	2.00E-06	23.287079	490.609314	-98.323509	-0.111702	0	0.246412	-6.00E-06	0.545697	-2.00E-06
4.331	-11.498819	461.896484	66.7556	0.159885	0	-0.239644	6.00E-06	0.151164	2.00E-06	22.581367	481.336517	-96.991562	-0.111506	0	0.245027	-6.00E-06	0.545697	-2.00E-06
4.332	-13.608011	465.507996	68.165749	0.160192	0	-0.240525	6.00E-06	0.151164	2.00E-06	22.502075	472.733276	-96.991562	-0.111264	0	0.24476	-9.00E-06	0.47064	-2.00E-06
4.333	-14.547274	471.042755	70.281036	0.160608	0	-0.240628	4.00E-06	0.175398	4.00E-06	21.404224	464.144745	-97.383217	-0.111506	0	0.244509	-9.00E-06	0.45023	-2.00E-06
4.334	-15.960857	476.54895	72.710052	0.160668	0	-0.241604	3.00E-06	0.300306	2.00E-06	21.404224	460.555908	-97.383217	-0.111384	0	0.244342	-8.00E-06	0.405717	-2.00E-06
4.335	-17.603666	479.137146	73.023491	0.160924	0	-0.241683	4.00E-06	0.317406	3.00E-06	19.837103	445.227905	-95.189522	-0.111384	0	0.244342	-8.00E-06	0.250688	-1.00E-06
4.336	-17.76009	483.975647	74.120361	0.161299	0	-0.242222	0.00E+00	0.300306	3.00E-06	19.675629	432.157593	-95.189522	-0.110986	0	0.244231	-8.00E-06	0.237802	-1.00E-06
4.337	-18.855774	488.263306	75.217468	0.161299	0	-0.243809	6.00E-06	0.317406	3.00E-06	19.046326	423.916595	-94.719177	-0.110986	0	0.243031	-5.00E-06	0.237802	-1.00E-06
4.338	-18.855774	491.878296	77.254585	0.16141	0	-0.243809	8.00E-06	0.486655	3.00E-06	17.638515	416.528412	-94.719177	-0.110747	0	0.242982	-7.00E-06	0.224038	-3.00E-06
4.339	-18.782974	499.310425	79.840256	0.161812	0	-0.243809	8.00E-06	0.500228	4.00E-06	17.635628	403.27948	-93.386909	-0.110978	0	0.242982	-5.00E-06	0.189142	-3.00E-06
4.34	-18.782974	505.137543	81.172356	0.161915	0	-0.245213	3.00E-06	0.500228	4.00E-06	16.537056	394.697815	-92.36837	-0.110978	0	0.242625	-3.00E-06	0.093793	-4.00E-06
4.341	-19.013641	507.903564	83.131264	0.161915	0	-0.245236	3.00E-06	0.461916	4.00E-06	16.459204	385.760925	-91.349915	-0.110978	0	0.242312	-3.00E-06	-0.033587	-3.00E-06
4.342	-20.0322	511.535889	84.149803	0.162304	0	-0.245812	2.00E-06	0.461916	4.00E-06	15.824851	375.440491	-90.56604	-0.110605	0	0.24214	-8.00E-06	-0.033587	-3.00E-06
4.343	-20.0322	516.703064	85.952171	0.162364	0	-0.246251	7.00E-06	0.461916	4.00E-06	15.198435	361.174072	-89.077324	-0.110502	0	0.239611	-8.00E-06	-0.123328	-2.00E-06
4.344	-19.721516	520.483948	86.343864	0.162364	0	-0.24656	8.00E-06	0.499101	6.00E-06	14.104914	350.18927	-86.726318	-0.110502	0	0.239611	-7.00E-06	-0.003235	-1.00E-06
4.345	-19.721516	525.658447	88.067543	0.162469	0	-0.246925	8.00E-06	0.478095	6.00E-06	12.692772	347.249359	-85.786438	-0.110502	0	0.240644	-4.00E-06	-0.094918	-2.00E-06
4.346	-20.348654	528.754639	88.538124	0.162477	0	-0.24758	8.00E-06	0.478095	2.00E-06	12.692772	336.77301	-85.159103	-0.11041	0	0.240918	-4.00E-06	-0.024081	-2.00E-06
4.347	-21.364325	535.470825	89.478256	0.162477	0	-0.248381	7.00E-06	0.420778	1.00E-06	12.687	320.933533	-82.495224	-0.109748	0	0.240644	-4.00E-06	-0.094918	-2.00E-06
4.348	-22.927116	537.895081	90.183266	0.162479	0	-0.248854	7.00E-06	0.420778	1.00E-06	11.741242	309.950012	-80.692696	-0.109748	0	0.238976	-4.00E-06	-0.203343	-1.00E-06
4.349	-23.011461	544.251465	90.183266	0.162479	0	-0.249394	7.00E-06	0.428363	2.00E-06	11.269085	298.611237	-78.65538	-0.109898	0	0.238229	-4.00E-06	-0.203831	-1.00E-06
4.35	-23.632826	549.934265	90.418381	0.162825	0	-0.250509	6.00E-06	0.532508	2.00E-06	11.269085	281.655151	-75.442619	-0.110406	0	0.238229	-4.00E-06	-0.417717	-1.00E-06
4.351	-23.94495	555.117981	91.906937	0.163271	0	-0.250933	6.00E-06	0.532508	2.00E-06	11.337554	279.187592	-72.151489	-0.110406	0	0.236395	-4.00E-06	-0.417717	-1.00E-06
4.352	-24.651382	563.557983	92.377121	0.163486	0	-0.251579	3.00E-06	0.532508	4.00E-06	11.337554	263.711914	-69.017258	-0.109793	0	0.236395	-4.00E-06	-0.410476	-1.00E-06
4.353	-25.508465	568.210632	93.160507	0.163553	0	-0.251709	3.00E-06	0.455965	4.00E-06	11.101115	254.431366	-65.882835	-0.109793	0	0.236395	-2.00E-06	-0.391084	-1.00E-06
4.354	-25.977013	572.355591	93.944138	0.163486	0	-0.251709	3.00E-06	0.455965	5.00E-06	11.101115	250.493057	-63.061646	-0.109954	0	0.235883	-2.00E-06	-0.391084	-2.00E-06
4.355	-26.841312	578.372925	94.335793	0.163475	0	-0.252344	3.00E-06	0.455965	6.00E-06	11.483152	227.101562	-56.793236	-0.109954	0	0.232811	-2.00E-06	-0.430228	-2.00E-06
4.356	-26.991241	584.066956	95.354248	0.163475	0	-0.252532	5.00E-06	0.516121	6.00E-06	11.483152	220.755569	-54.598972	-0.109954	0	0.232811	-4.00E-06	-0.606512	-2.00E-06
4.357	-27.464842	590.624634	95.745987	0.16381	0	-0.253306	1.10E-05	0.369004	6.00E-06	11.003059	217.998337	-49.897449	-0.109903	0	0.235575	-4.00E-06	-0.473517	-1.00E-06
4.358	-29.027634	597.854614	96.137878	0.16381	0	-0.253367	1.10E-05	0.436392	4.00E-06	10.450885	205.435684	-47.389748	-0.109501	0	0.235575	-4.00E-06	-0.654317	-1.00E-06
4.359	-29.104042	601.29718	96.45108	0.16381	0	-0.25418	1.70E-05	0.436392	4.00E-06	10.450885	192.557129	-43.628593	-0.109501	0	0.23355	-2.00E-06	-0.528809	0.00E+00
4.36	-30.122599	607.850586	97.077843	0.16391	0	-0.254593	0.00E+00	0.443897	4.00E-06	9.901601	187.234039	-40.964188	-0.109941	0	0.230442	-2.00E-06	-0.618299	-1.00E-06
4.361	-30.122599	612.161133	97.861511	0.163928	0	-0.25462	1.70E-05	0.492534	2.00E-06	9.427278	176.917847	-37.281487	-0.110189	0	0.231434	-2.00E-06	-0.528809	-1.00E-06
4.362	-30.122599	619.231812	98.801353	0.163928	0	-0.254643	0.00E+00	0.492534	3.00E-06	9.272298	169.360291	-33.755165	-0.110189	0	0.231434	-2.00E-06	-0.618299	-1.00E-06
4.363	-30.35471	624.92511	98.801437	0.163924	0	-0.254777	4.00E-06	0.52978	2.00E-06	9.028643	164.542953	-29.288836	-0.110189	0	0.231434	-2.00E-06	-0.613388	-1.00E-06
4.364	-30.43256	631.623535	99.19297	0.163924	0	-0.255907	3.00E-06	0.569916	3.00E-06	8.795809	148.396851	-24.978968	-0.110669	0	0.230096	-2.00E-06	-0.613388	-1.00E-06
4.365	-30.43256	638.868652	99.349548	0.163962	0	-0.256096	4.00E-06	0.588313	8.00E-06	7.540092	145.784775	-24.509146	-0.110669	0	0.22892	-2.00E-06	-0.457155	-1.00E-06
4.366	-30.743963	641.804321	99.349548	0.164154	0	-0.256446	4.00E-06	0.588313	8.00E-06	7.540092	141.875	-22.784666	-0.110669	0	0.22892	-2.00E-06	-0.457155	-1.00E-06
4.367	-31.291084	650.071533	99.506287	0.164531	0	-0.257193	9.00E-06	0.588313	8.00E-06	7.540092	128.611847	-19.807339	-0.109172	0	0.226283	-1.00E-06	-0.499142	-1.00E-06
4.368	-31.368935	655.07251	99.584381	0.164586	0	-0.257247	7.00E-06	0.649662	1.00E-05	7.692186	121.911797	-19.023632	-0.108498	0	0.226283	-1.00E-06	-0.499142	-1.00E-06
4.369	-31.368935	660.424377	99.584381	0.164531	0	-0.257284	7.00E-06	0.723493	1.00E-05	7.533597	117.955376	-17.377968	-0.108498	0	0.225511	-1.00E-06	-0.499142	-1.00E-06
4.37	-31.443901	666.77533	99.897583	0.164477	0	-0.258005	7.00E-06	0.723493	7.00E-06	7.533597	109.701241	-14.008704	-0.107976	0	0.225511	-1.00E-06	-0.488369	-1.00E-06
4.371	-31.443901	671.614624	99.897583	0.164477	0	-0.25816	4.00E-06	0.645656	4.00E-06	7.533597	100.078552	-10.40438	-0.107976	0	0.221086	-1.00E-06	-0.506785	-1.00E-06
4.372	-32.071758	674.904419	100.446136	0.164879	0	-0.258174	4.00E-06	0.645656	6.00E-06	7.453581	95.441376	-5.938087	-0.107976	0	0.221086	-1.00E-06	-0.499196	-1.00E-06
4.373	-32.693123	684.211548	100.602753	0.164879	0	-0.25832	8.00E-06	0.645656	6.00E-06	7.453581	94.223572	-3.274047	-0.108752	0	0.22874	-1.00E-06	-0.528169	-1.00E-06
4.374	-32.85532	687.98584	100.759293	0.165103	0	-0.258883	8.00E-06	0.64432	6.00E-06	7.453581	92.691467	-2.333755	-0.108759	0	0.22874	-1.00E-06	-0.528169	-1.00E-06
4.375	-33.243134	693.866211	100.916	0.164927	0	-0.259021	1.10E-05	0.605836	7.00E-06	8.546379	74.628746	1.348943	-0.110051	0	0.217964	0	-0.629968	0.00E+00
4.376	-33.319538	698.668823	100.916039	0.165103	0	-0.259124	1.10E-05	0.605836	1.20E-05	8.546379	71.365494	2.602395	-0.110051	0	0.217305	0	-0.629968	0
4.377	-33.550926	701.618896	101.150589	0.165204	0	-0.259784	1.50E-05	0.605836	1.20E-05	7.610725	68.459839	4.953114	-0.110051	0	0.217305	0.00E+00	-0.512758	0
4.378	-34.178787	709.207214	101.621094	0.165204	0	-0.259761	1.50E-05	0.689632	9.00E-06	7.610725	64.66349	5.423539	-0.109563	0	0.218443	0	-0.440262	0
4.379	-34.805199	713.676636	101.777473	0.165417	0	-0.259784	1.80E-05	0.689632	9.00E-06	7.610725	61.209267	8.009091	-0.108749	0	0.2217	0	-0.440262	0
4.38	-34.882332	719.882507	102.247375	0.165484	0	-0.260231	1.20E-05	0.662045	9.00E-06	7.53071	53.474716	8.009091	-0.108026	0	0.2217	0	-0.566979	0
4.381	-35.975853	726.088379	102.247375	0.16596	0	-0.261575	9.00E-06	0.660106	7.00E-06	7.53071	46.247398	7.539029	-0.104056	0	0.218706	0	-0.577902	0
4.382	-36.132275	728.672363	102.247459	0.165991	0	-0.261575	8.00E-06	0.662045	5.00E-06	7.452857	41.764847	6.990551	-0.103405	0	0.211153	0	-0.589084	0
4.383	-36.36655	736.773315	102.325508	0.165992	0	-0.261575	9.00E-06	0.621449	7.00E-06	7.76354	35.927681	6.990551	-0.102846	0	0.200318	0.00E+00	-0.716661	0
4.384	-37.066486	740.395264	102.403961	0.165992	0	-0.261984	8.00E-06	0.673253	5.00E-06	7.452857	35.927681	8.87117	-0.102846	0	0.200318	0	-0.716661	0
4.385	-37.382217	745.556274	102.873978	0.165992	0	-0.262206	1.90E-05	0.554308	7.00E-06	6.357173	26.278753	9.184415	-0.096938	0	0.211775	0	-0.675899	0
4.386	-38.079994	751.424561	103.187141	0.166207	0	-0.262571	3.00E-06	0.617932	0.00E+00	5.964311	25.24189	8.87117	-0.110302	0	0.236219	0	-0.335091	0
4.387	-39.098549	755.902039	103.422089	0.166398	0	-0.263129	9.00E-06	0.585107	7.00E-06	0	0	0	-0.13	0	0.305	0	0	0
4.388	-39.255695	761.767456	103.422089	0.166398	0	-0.263414	8.00E-06	0.585107	0.00E+00	0	0	0	-0.13	0	0.305	0	0	0
4.389	-39.878502	765.209595	103.265228	0.166419	0	-0.26343	9.00E-06	0.585107	1.00E-06	0	0	0	-0.13	0	0.305	0	0	0
4.39	-39.957073	769.172852	103.265228	0.166419	0	-0.26427	8.00E-06	0.577092	1.00E-06	0	0	0	-0.13	0	0.305	0	0	0
4.391	-39.957073	775.717041	104.127266	0.166419	0	-0.264423	1.70E-05	0.59825	1.00E-06	0	0	0	-0.13	0	0.305	0	0	0
4.392	-40.73703	777.78186	105.223938	0.166587	0	-0.264515	1.90E-05	0.553222	2.00E-06	0	0	0	-0.13	0	0.305	0	0	0
4.393	-41.287758	781.931458	105.772369	0.166587	0	-0.264626	1.90E-05	0.609589	2.00E-06	0	0	0	-0.13	0	0.305	0	0	0
4.394	-41.364883	787.602722	105.772369	0.166587	0	-0.265196	1.60E-05	0.672387	5.00E-06	0	0	0	-0.13	0	0.305	0	0	0
4.395	-41.287758	788.285828	106.08577	0.1666	0	-0.265517	1.50E-05	0.692986	7.00E-06	0	0	0	-0.13	0	0.305	0	0	0
4.396	-40.974907	795.363464	105.929153	0.166599	0	-0.265692	0	0.692986	1.00E-05	0	0	0	-0.13	0	0.305	0	0	0
4.397	-40.502029	797.072998	105.929153	0.166783	0	-0.265692	0	0.692986	1.00E-05	0	0	0	-0.13	0	0.305	0	0	0
4.398	-40.502029	798.986206	105.694	0.166783	0	-0.266005	1.20E-05	0.746	4.00E-06	0	0	0	-0.13	0	0.305	0	0	0
4.399	-40.348495	804.307617	105.380638	0.166803	0	-0.266005	1.20E-05	0.746	2.00E-06	0	0	0	-0.13	0	0.305	0	0	0
4.4	-40.03709	804.322266	104.753906	0.16704	0	-0.266315	2.10E-05	0.746	2.00E-06	0	0	0	-0.13	0	0.305	0	0	0
4.401	-40.03709	808.108154	104.048576	0.167163	0	-0.266686	2.10E-05	0.740168	4.00E-06	0	0	0	-0.13	0	0.305	0	0	0
4.402	-39.959961	810.694824	103.265152	0.167237	0	-0.266686	1.00E-05	0.740168	4.00E-06	0	0	0	-0.13	0	0.305	0	0	0
4.403	-39.959961	813.452759	103.030121	0.167358	0	-0.266965	1.00E-05	0.755362	2.00E-06	0	0	0	-0.13	0	0.305	0	0	0
4.404	-39.957794	817.41217	102.011261	0.167358	0	-0.267516	1.00E-05	0.819906	2.00E-06	0	0	0	-0.13	0	0.305	0	0	0
4.405	-39.957794	819.139038	101.227997	0.167551	0	-0.267516	9.00E-06	0.819906	2.00E-06	0	0	0	-0.13	0	0.305	0	0	0
4.406	-40.270645	819.485107	101.227997	0.167643	0	-0.267617	8.00E-06	0.790932	8.00E-06	0	0	0	-0.13	0	0.305	0	0	0
4.407	-40.506363	823.797852	101.227997	0.167711	0	-0.267438	4.00E-06	0.790932	8.00E-06	0	0	0	-0.13	0	0.305	0	0	0
4.408	-40.506363	826.390259	100.757523	0.167843	0	-0.268007	4.00E-06	0.809814	1.20E-05	0	0	0	-0.13	0	0.305	0	0	0
4.409	-40.664948	830.849609	100.287422	0.167762	0	-0.268426	4.00E-06	0.809814	8.00E-06	0	0	0	-0.13	0	0.305	0	0	0
4.41	-40.819931	831.192505	99.582245	0.167843	0	-0.268476	-1.00E-06	0.813509	6.00E-06	0	0	0	-0.13	0	0.305	0	0	0
4.411	-40.973465	834.652832	99.503799	0.168065	0	-0.268566	-1.00E-06	0.813509	3.00E-06	0	0	0	-0.13	0	0.305	0	0	0
4.412	-41.057091	838.270508	98.48526	0.168065	0	-0.268638	4.00E-06	0.920735	3.00E-06	0	0	0	-0.13	0	0.305	0	0	0
4.413	-41.448509	838.434875	98.484894	0.168286	0	-0.26895	1.10E-05	1.024029	3.00E-06	0	0	0	-0.13	0	0.305	0	0	0
4.414	-41.603493	842.063354	98.328316	0.168248	0	-0.26895	1.20E-05	1.024029	3.00E-06	0	0	0	-0.13	0	0.305	0	0	0
4.415	-41.448509	842.216431	97.153038	0.168286	0	-0.269893	1.20E-05	0.865997	3.00E-06	0	0	0	-0.13	0	0.305	0	0	0
4.416	-41.607098	844.984375	96.918121	0.168422	0	-0.269897	1.50E-05	0.865997	9.00E-06	0	0	0	-0.13	0	0.305	0	0	0
4.417	-41.607098	847.213135	96.291077	0.16854	0	-0.270193	1.50E-05	0.928168	9.00E-06	0	0	0	-0.13	0	0.305	0	0	0
4.418	-41.607098	847.394409	95.664352	0.168748	0	-0.270424	1.70E-05	0.970972	6.00E-06	0	0	0	-0.13	0	0.305	0	0	0
4.419	-41.214233	849.635803	94.645737	0.168664	0	-0.270516	1.70E-05	0.970972	6.00E-06	0	0	0	-0.13	0	0.305	0	0	0
4.42	-41.214233	849.635803	94.097137	0.168701	0	-0.271098	1.70E-05	0.984231	7.00E-06	0	0	0	-0.13	0	0.305	0	0	0
4.421	-41.214233	849.797791	93.783897	0.168701	0	-0.271098	1.40E-05	0.984231	7.00E-06	0	0	0	-0.13	0	0.305	0	0	0
4.422	-41.527084	851.178284	93.313675	0.168737	0	-0.271169	1.40E-05	0.984231	-2.00E-06	0	0	0	-0.13	0	0.305	0	0	0
4.423	-41.13422	852.215149	92.451752	0.169001	0	-0.271349	-2.00E-06	1.143096	-2.00E-06	0	0	0	-0.13	0	0.305	0	0	0
4.424	-40.827148	852.373291	91.746696	0.16905	0	-0.271791	8.00E-06	1.143096	-1.00E-06	0	0	0	-0.13	0	0.305	0	0	0
4.425	-40.827148	852.373291	90.728165	0.16922	0	-0.271791	8.00E-06	1.113579	9.00E-06	0	0	0	-0.13	0	0.305	0	0	0
4.426	-41.142159	852.546387	90.414879	0.16922	0	-0.272217	1.00E-05	1.113579	2.00E-06	0	0	0	-0.13	0	0.305	0	0	0
4.427	-41.223618	852.382874	89.31781	0.16922	0	-0.272217	1.00E-05	1.170412	5.00E-06	0	0	0	-0.13	0	0.305	0	0	0
4.428	-41.142159	852.382874	88.690964	0.169159	0	-0.272249	1.50E-05	1.202327	5.00E-06	0	0	0	-0.13	0	0.305	0	0	0
4.429	-41.142159	849.789307	87.907738	0.169317	0	-0.272371	1.50E-05	1.202327	5.00E-06	0	0	0	-0.13	0	0.305	0	0	0
4.43	-41.142159	849.103394	86.889038	0.169325	0	-0.272764	2.20E-05	1.202327	1.00E-05	0	0	0	-0.13	0	0.305	0	0	0
4.431	-41.142159	849.103394	86.340607	0.169325	0	-0.272764	2.20E-05	1.249337	4.00E-06	0	0	0	-0.13	0	0.305	0	0	0
4.432	-40.840134	847.719849	85.870705	0.169325	0	-0.272764	2.40E-05	1.249337	1.00E-05	0	0	0	-0.13	0	0.305	0	0	0
4.433	-40.836525	847.202942	83.833504	0.169478	0	-0.273106	6.00E-06	1.276796	6.00E-06	0	0	0	-0.13	0	0.305	0	0	0
4.434	-40.836525	844.623657	83.598358	0.169592	0	-0.273213	1.60E-05	1.276796	6.00E-06	0	0	0	-0.13	0	0.305	0	0	0
4.435	-40.8423	844.623657	82.736755	0.169865	0	-0.27344	1.60E-05	1.276796	6.00E-06	0	0	0	-0.13	0	0.305	0	0	0
4.436	-40.8423	843.936279	81.953293	0.169865	0	-0.27344	1.60E-05	1.342308	6.00E-06	0	0	0	-0.13	0	0.305	0	0	0
4.437	-40.918709	843.936279	81.404739	0.169891	0	-0.273649	8.00E-06	1.395578	2.00E-06	0	0	0	-0.13	0	0.305	0	0	0
4.438	-40.687317	843.749146	79.446068	0.169891	0	-0.273961	8.00E-06	1.395578	8.00E-06	0	0	0	-0.13	0	0.305	0	0	0
4.439	-40.530174	842.892456	79.132706	0.170265	0	-0.27409	8.00E-06	1.368988	6.00E-06	0	0	0	-0.13	0	0.305	0	0	0
4.44	-40.530174	841.176758	77.878975	0.170265	0	-0.274228	1.70E-05	1.368988	9.00E-06	0	0	0	-0.13	0	0.305	0	0	0
4.441	-40.773827	838.767822	77.644226	0.170457	0	-0.274233	3.00E-06	1.42161	6.00E-06	0	0	0	-0.13	0	0.305	0	0	0
4.442	-41.319508	838.754028	76.547073	0.170642	0	-0.274646	1.50E-05	1.528184	9.00E-06	0	0	0	-0.13	0	0.305	0	0	0
4.443	-41.323837	838.421143	74.901772	0.170648	0	-0.274646	6.00E-06	1.565432	1.10E-05	0	0	0	-0.13	0	0.305	0	0	0
4.444	-41.323837	837.537354	74.745148	0.170648	0	-0.275325	7.00E-06	1.565432	1.10E-05	0	0	0	-0.13	0	0.305	0	0	0
4.445	-41.323837	835.8302	73.726692	0.171097	0	-0.275421	7.00E-06	1.565432	9.00E-06	0	0	0	-0.13	0	0.305	0	0	0
4.446	-41.958191	832.902466	72.002937	0.171273	0	-0.275644	7.00E-06	1.603221	4.00E-06	0	0	0	-0.13	0	0.305	0	0	0
4.447	-41.958191	832.723511	71.376213	0.171273	0	-0.275787	1.70E-05	1.649081	4.00E-06	0	0	0	-0.13	0	0.305	0	0	0
4.448	-41.958191	832.376343	69.965904	0.171273	0	-0.276294	6.00E-06	1.649081	4.00E-06	0	0	0	-0.13	0	0.305	0	0	0
4.449	-42.428902	829.7854	69.495796	0.171646	0	-0.276648	2.30E-05	1.611263	9.00E-06	0	0	0	-0.13	0	0.305	0	0	0
4.45	-42.659569	829.441284	68.869232	0.17168	0	-0.276769	6.00E-06	1.599316	1.10E-05	0	0	0	-0.13	0	0.305	0	0	0
4.451	-42.428902	826.172302	67.772163	0.171873	0	-0.27699	-4.00E-06	1.611263	1.10E-05	0	0	0	-0.13	0	0.305	0	0	0
4.452	-42.513248	825.825928	67.615501	0.171899	0	-0.277241	-4.00E-06	1.783911	1.10E-05	0	0	0	-0.13	0	0.305	0	0	0
4.453	-42.513248	824.608948	66.205399	0.171899	0	-0.277497	1.20E-05	1.783911	7.00E-06	0	0	0	-0.13	0	0.305	0	0	0
4.454	-42.976746	821.680176	65.265106	0.172	0	-0.277937	1.20E-05	1.783911	7.00E-06	0	0	0	-0.13	0	0.305	0	0	0
4.455	-43.218235	819.44104	64.481682	0.172048	0	-0.278072	1.90E-05	1.78556	3.00E-06	0	0	0	-0.13	0	0.305	0	0	0
4.456	-43.534691	817.02832	63.698334	0.17238	0	-0.278181	1.10E-05	1.78556	3.00E-06	0	0	0	-0.13	0	0.305	0	0	0
4.457	-43.534691	816.159241	63.30648	0.17238	0	-0.278582	1.40E-05	1.795114	3.00E-06	0	0	0	-0.13	0	0.305	0	0	0
4.458	-43.377544	812.864685	62.209694	0.17238	0	-0.279059	1.00E-05	1.795114	4.00E-06	0	0	0	-0.13	0	0.305	0	0	0
4.459	-43.377544	812.363281	61.818199	0.172623	0	-0.279796	1.40E-05	1.795114	7.00E-06	0	0	0	-0.13	0	0.305	0	0	0
4.46	-43.46117	806.671509	61.739746	0.172808	0	-0.280154	1.00E-05	1.805826	7.00E-06	0	0	0	-0.13	0	0.305	0	0	0
4.461	-43.768967	806.50415	60.172737	0.172866	0	-0.280192	4.00E-06	1.897269	9.00E-06	0	0	0	-0.13	0	0.305	0	0	0
4.462	-43.46117	805.108154	59.702789	0.172907	0	-0.280222	2.00E-06	1.897269	5.00E-06	0	0	0	-0.13	0	0.305	0	0	0
4.463	-43.071194	800.452881	58.370934	0.172907	0	-0.280751	4.00E-06	1.782133	9.00E-06	0	0	0	-0.13	0	0.305	0	0	0
4.464	-43.071194	800.104919	58.292965	0.173074	0	-0.281375	7.00E-06	1.734077	9.00E-06	0	0	0	-0.13	0	0.305	0	0	0
4.465	-43.229782	797.689087	57.90099	0.173503	0	-0.281375	7.00E-06	1.715068	1.10E-05	0	0	0	-0.13	0	0.305	0	0	0
4.466	-43.313408	794.082947	57.196095	0.173677	0	-0.281556	4.00E-06	1.715068	1.10E-05	0	0	0	-0.13	0	0.305	0	0	0
4.467	-43.313408	792.179016	56.88269	0.173805	0	-0.281935	4.00E-06	1.838985	3.00E-06	0	0	0	-0.13	0	0.305	0	0	0
4.468	-43.313408	789.418823	55.629242	0.174005	0	-0.282056	-3.00E-06	1.838985	1.00E-06	0	0	0	-0.13	0	0.305	0	0	0
4.469	-43.62986	787.18042	55.237511	0.174193	0	-0.282514	8.00E-06	1.838985	1.00E-06	0	0	0	-0.13	0	0.305	0	0	0
4.47	-43.62986	783.720825	54.454163	0.174302	0	-0.282711	1.00E-05	1.784739	1.00E-06	0	0	0	-0.13	0	0.305	0	0	0
4.471	-43.62986	781.661499	54.376114	0.17451	0	-0.283278	1.00E-05	1.784739	9.00E-06	0	0	0	-0.13	0	0.305	0	0	0
4.472	-43.475601	778.373108	53.670822	0.17451	0	-0.283791	1.00E-05	1.780456	9.00E-06	0	0	0	-0.13	0	0.305	0	0	0
4.473	-43.708435	773.545349	52.809185	0.174517	0	-0.284282	1.20E-05	1.765928	8.00E-06	0	0	0	-0.13	0	0.305	0	0	0
4.474	-43.71204	773.200134	52.025917	0.17472	0	-0.284324	2.50E-05	1.69141	4.00E-06	0	0	0	-0.13	0	0.305	0	0	0
4.475	-44.179871	768.203491	51.555653	0.175199	0	-0.284587	2.50E-05	1.69141	4.00E-06	0	0	0	-0.13	0	0.305	0	0	0
4.476	-44.184196	766.660522	51.320702	0.175283	0	-0.284854	1.60E-05	1.760072	8.00E-06	0	0	0	-0.13	0	0.305	0	0	0
4.477	-44.186363	766.128601	51.007622	0.175474	0	-0.285194	5.00E-06	1.760072	8.00E-06	0	0	0	-0.13	0	0.305	0	0	0
4.478	-44.186363	760.786255	49.989082	0.175669	0	-0.285686	1.60E-05	1.760072	8.00E-06	0	0	0	-0.13	0	0.305	0	0	0
4.479	-44.186363	759.919983	49.832382	0.176053	0	-0.286303	1.00E-06	1.742862	8.00E-06	0	0	0	-0.13	0	0.305	0	0	0
4.48	-44.26638	756.983032	49.832382	0.176103	0	-0.286696	2.00E-05	1.678357	8.00E-06	0	0	0	-0.13	0	0.305	0	0	0
4.481	-44.423523	752.850708	49.754414	0.176399	0	-0.28716	1.50E-05	1.678357	4.00E-06	0	0	0	-0.13	0	0.305	0	0	0
4.482	-44.972809	752.155273	49.441132	0.176399	0	-0.287411	1.50E-05	1.733749	4.00E-06	0	0	0	-0.13	0	0.305	0	0	0
4.483	-44.972809	748.185425	48.970909	0.176705	0	-0.287534	1.50E-05	1.733749	1.30E-05	0	0	0	-0.13	0	0.305	0	0	0
4.484	-44.738537	746.458496	48.344501	0.176939	0	-0.288224	1.50E-05	1.664186	1.30E-05	0	0	0	-0.13	0	0.305	0	0	0
4.485	-44.738537	744.893188	47.63969	0.176963	0	-0.289073	1.50E-05	1.664186	1.10E-05	0	0	0	-0.13	0	0.305	0	0	0
4.486	-45.372887	738.345825	47.639244	0.17698	0	-0.289216	1.50E-05	1.680577	6.00E-06	0	0	0	-0.13	0	0.305	0	0	0
4.487	-45.448574	737.835571	46.934513	0.177267	0	-0.289546	1.80E-05	1.68208	6.00E-06	0	0	0	-0.13	0	0.305	0	0	0
4.488	-45.843605	733.522827	46.307625	0.177267	0	-0.28986	1.80E-05	1.68208	9.00E-06	0	0	0	-0.13	0	0.305	0	0	0
4.489	-45.994976	729.038757	45.994507	0.177267	0	-0.289899	1.00E-05	1.68208	9.00E-06	0	0	0	-0.13	0	0.305	0	0	0
4.49	-46.387836	726.964661	44.819508	0.177939	0	-0.29105	1.00E-05	1.56773	8.00E-06	0	0	0	-0.13	0	0.305	0	0	0
4.491	-46.387836	723.178345	44.819508	0.177939	0	-0.29105	1.00E-05	1.56773	6.00E-06	0	0	0	-0.13	0	0.305	0	0	0
4.492	-46.313595	719.383606	44.741096	0.177876	0	-0.291108	1.50E-05	1.592468	6.00E-06	0	0	0	-0.13	0	0.305	0	0	0
4.493	-46.157173	716.958191	44.976452	0.177876	0	-0.291662	1.60E-05	1.711916	6.00E-06	0	0	0	-0.13	0	0.305	0	0	0
4.494	-46.313595	712.313232	43.957832	0.178117	0	-0.291807	1.60E-05	1.598258	8.00E-06	0	0	0	-0.13	0	0.305	0	0	0
4.495	-46.317924	709.736694	43.018066	0.178624	0	-0.291872	4.00E-06	1.598258	4.00E-06	0	0	0	-0.13	0	0.305	0	0	0
4.496	-46.317924	708.504272	42.626133	0.178813	0	-0.292417	4.00E-06	1.552175	4.00E-06	0	0	0	-0.13	0	0.305	0	0	0
4.497	-46.473625	706.460693	41.999489	0.178877	0	-0.293045	1.10E-05	1.552175	3.00E-06	0	0	0	-0.13	0	0.305	0	0	0
4.498	-46.162941	703.51062	41.529427	0.179018	0	-0.29336	1.10E-05	1.529539	3.00E-06	0	0	0	-0.13	0	0.305	0	0	0
4.499	-46.162941	700.415527	40.981071	0.17943	0	-0.293446	8.00E-06	1.596328	2.00E-06	0	0	0	-0.13	0	0.305	0	0	0
4.5	-46.162941	698.696045	40.354347	0.17948	0	-0.293686	6.00E-06	1.568527	4.00E-06	0	0	0	-0.13	0	0.305	0	0	0
4.501	-46.635822	694.72229	40.276299	0.17962	0	-0.293925	6.00E-06	1.568527	4.00E-06	0	0	0	-0.13	0	0.305	0	0	0
4.502	-46.87154	691.625732	39.64933	0.179645	0	-0.294103	2.00E-06	1.568527	4.00E-06	0	0	0	-0.13	0	0.305	0	0	0
4.503	-47.185829	690.926331	38.787575	0.179789	0	-0.294776	2.00E-06	1.611811	1.10E-05	0	0	0	-0.13	0	0.305	0	0	0
4.504	-47.185829	687.815063	38.631035	0.179789	0	-0.295366	8.00E-06	1.611811	1.10E-05	0	0	0	-0.13	0	0.305	0	0	0
4.505	-47.2644	687.31012	38.239342	0.180331	0	-0.295545	8.00E-06	1.611811	1.10E-05	0	0	0	-0.13	0	0.305	0	0	0
4.506	-47.501564	682.485474	36.59404	0.180458	0	-0.295792	1.40E-05	1.577981	8.00E-06	0	0	0	-0.13	0	0.305	0	0	0
4.507	-47.501564	682.30188	36.437416	0.180458	0	-0.295937	6.00E-06	1.577981	1.10E-05	0	0	0	-0.13	0	0.305	0	0	0
4.508	-47.501564	678.340881	35.575539	0.180734	0	-0.296495	-2.00E-06	1.577981	6.00E-06	0	0	0	-0.13	0	0.305	0	0	0
4.509	-47.660149	675.750305	35.184006	0.180806	0	-0.296866	-2.00E-06	1.576954	6.00E-06	0	0	0	-0.13	0	0.305	0	0	0
4.51	-47.815853	675.40509	34.713783	0.181228	0	-0.297412	1.00E-05	1.576954	4.00E-06	0	0	0	-0.13	0	0.305	0	0	0
4.511	-47.892262	674.20166	34.32225	0.181555	0	-0.297693	1.50E-05	1.565878	3.00E-06	0	0	0	-0.13	0	0.305	0	0	0
4.512	-47.977329	670.070068	34.00893	0.181698	0	-0.297809	1.00E-05	1.565878	3.00E-06	0	0	0	-0.13	0	0.305	0	0	0
4.513	-48.287289	670.062439	33.303837	0.181703	0	-0.297857	9.00E-06	1.565878	3.00E-06	0	0	0	-0.13	0	0.305	0	0	0
4.514	-47.977329	666.953857	32.833729	0.181932	0	-0.298814	9.00E-06	1.48951	4.00E-06	0	0	0	-0.13	0	0.305	0	0	0
4.515	-48.362251	663.342651	31.501989	0.181962	0	-0.298857	3.00E-06	1.48951	4.00E-06	0	0	0	-0.13	0	0.305	0	0	0
4.516	-48.446598	662.991699	31.423698	0.182189	0	-0.298861	3.00E-06	1.544625	5.00E-06	0	0	0	-0.13	0	0.305	0	0	0
4.517	-48.446598	661.787842	30.953514	0.18222	0	-0.29926	6.00E-06	1.544625	5.00E-06	0	0	0	-0.13	0	0.305	0	0	0
4.518	-48.446598	658.517273	30.01351	0.182348	0	-0.299486	1.10E-05	1.47396	5.00E-06	0	0	0	-0.13	0	0.305	0	0	0
4.519	-48.209435	658.499512	29.465277	0.182688	0	-0.30007	1.90E-05	1.430273	3.00E-06	0	0	0	-0.13	0	0.305	0	0	0
4.52	-48.448765	654.027466	29.229961	0.182913	0	-0.300151	1.90E-05	1.430273	3.00E-06	0	0	0	-0.13	0	0.305	0	0	0
4.521	-48.448765	652.634888	28.524986	0.182913	0	-0.301177	1.80E-05	1.52397	3.00E-06	0	0	0	-0.13	0	0.305	0	0	0
4.522	-48.448765	650.047852	27.898304	0.182988	0	-0.301178	8.00E-06	1.52397	3.00E-06	0	0	0	-0.13	0	0.305	0	0	0
4.523	-48.058784	646.76416	27.741604	0.183182	0	-0.301792	1.20E-05	1.517742	7.00E-06	0	0	0	-0.13	0	0.305	0	0	0
4.524	-47.903809	645.749756	26.958298	0.18338	0	-0.302293	4.00E-06	1.471015	8.00E-06	0	0	0	-0.13	0	0.305	0	0	0
4.525	-48.058784	644.010498	26.801676	0.183636	0	-0.302437	1.20E-05	1.451047	7.00E-06	0	0	0	-0.13	0	0.305	0	0	0
4.526	-48.14241	641.43457	25.783134	0.183826	0	-0.302437	0.00E+00	1.451047	5.00E-06	0	0	0	-0.13	0	0.305	0	0	0
4.527	-48.14241	639.528748	25.078083	0.183882	0	-0.302862	1.30E-05	1.44307	5.00E-06	0	0	0	-0.13	0	0.305	0	0	0
4.528	-48.14241	637.639893	24.686508	0.184052	0	-0.302958	0.00E+00	1.369208	5.00E-06	0	0	0	-0.13	0	0.305	0	0	0
4.529	-47.749546	634.387085	24.451477	0.184052	0	-0.302958	1.20E-05	1.369208	6.00E-06	0	0	0	-0.13	0	0.305	0	0	0
4.53	-47.749546	631.937256	24.373186	0.184515	0	-0.303723	9.00E-06	1.399279	4.00E-06	0	0	0	-0.13	0	0.305	0	0	0
4.531	-47.35957	631.429321	22.41436	0.184388	0	-0.304169	1.00E-05	1.413497	2.00E-06	0	0	0	-0.13	0	0.305	0	0	0
4.532	-47.124573	629.705078	22.257698	0.184515	0	-0.304184	9.00E-06	1.399279	2.00E-06	0	0	0	-0.13	0	0.305	0	0	0
4.533	-47.35957	626.780884	21.866287	0.184719	0	-0.304295	1.00E-05	1.352996	5.00E-06	0	0	0	-0.13	0	0.305	0	0	0
4.534	-47.594566	626.088135	20.926003	0.184966	0	-0.304248	1.40E-05	1.352996	6.00E-06	0	0	0	-0.13	0	0.305	0	0	0
4.535	-47.594566	622.464722	20.847591	0.185172	0	-0.304922	1.40E-05	1.435846	6.00E-06	0	0	0	-0.13	0	0.305	0	0	0
4.536	-46.817497	621.792725	20.691048	0.185263	0	-0.305137	1.30E-05	1.435846	6.00E-06	0	0	0	-0.13	0	0.305	0	0	0
4.537	-46.737484	621.601074	19.51589	0.185325	0	-0.305402	9.00E-06	1.431108	1.00E-06	0	0	0	-0.13	0	0.305	0	0	0
4.538	-46.737484	619.350708	19.359188	0.185507	0	-0.306346	1.20E-05	1.412454	1.00E-06	0	0	0	-0.13	0	0.305	0	0	0
4.539	-46.583225	617.810059	18.575844	0.185658	0	-0.306382	6.00E-06	1.390682	8.00E-06	0	0	0	-0.13	0	0.305	0	0	0
4.54	-46.581062	614.873962	18.419144	0.185688	0	-0.306382	9.00E-06	1.301316	9.00E-06	0	0	0	-0.13	0	0.305	0	0	0
4.541	-46.581062	614.519836	18.340813	0.18614	0	-0.306382	9.00E-06	1.301316	1.00E-05	0	0	0	-0.13	0	0.305	0	0	0
4.542	-46.113235	613.680176	17.400604	0.18614	0	-0.306857	9.00E-06	1.348839	1.00E-05	0	0	0	-0.13	0	0.305	0	0	0
4.543	-46.113235	611.083069	17.087482	0.18614	0	-0.307405	-2.00E-06	1.348839	1.00E-05	0	0	0	-0.13	0	0.305	0	0	0
4.544	-46.113235	610.56543	17.087482	0.186836	0	-0.307434	-2.00E-06	1.348839	1.00E-05	0	0	0	-0.13	0	0.305	0	0	0
4.545	-46.036823	608.507202	16.617378	0.186836	0	-0.307541	7.00E-06	1.309546	8.00E-06	0	0	0	-0.13	0	0.305	0	0	0
4.546	-45.488983	605.735718	15.598963	0.186871	0	-0.308784	1.10E-05	1.25755	8.00E-06	0	0	0	-0.13	0	0.305	0	0	0
4.547	-45.488983	603.147522	15.598963	0.187163	0	-0.308832	1.20E-05	1.184824	6.00E-06	0	0	0	-0.13	0	0.305	0	0	0
4.548	-45.80183	601.765137	15.598963	0.18727	0	-0.309064	1.20E-05	1.212447	4.00E-06	0	0	0	-0.13	0	0.305	0	0	0
4.549	-45.80183	599.887695	14.894026	0.18748	0	-0.309099	1.20E-05	1.184824	4.00E-06	0	0	0	-0.13	0	0.305	0	0	0
4.55	-45.723255	599.189575	14.893906	0.18748	0	-0.309107	1.70E-05	1.212447	3.00E-06	0	0	0	-0.13	0	0.305	0	0	0
4.551	-45.414017	595.552185	14.345675	0.18763	0	-0.310018	1.70E-05	1.207242	3.00E-06	0	0	0	-0.13	0	0.305	0	0	0
4.552	-44.78688	595.375916	14.189051	0.18763	0	-0.310094	1.70E-05	1.211469	3.00E-06	0	0	0	-0.13	0	0.305	0	0	0
4.553	-44.396183	592.965881	14.110682	0.187782	0	-0.310675	1.20E-05	1.207242	4.00E-06	0	0	0	-0.13	0	0.305	0	0	0
4.554	-44.629013	590.893799	13.719028	0.188173	0	-0.311007	-2.00E-06	1.118955	6.00E-06	0	0	0	-0.13	0	0.305	0	0	0
4.555	-44.396183	588.845947	13.719028	0.188216	0	-0.311319	-2.00E-06	1.118955	6.00E-06	0	0	0	-0.13	0	0.305	0	0	0
4.556	-44.007648	587.961121	13.719028	0.188247	0	-0.311343	1.40E-05	1.178541	5.00E-06	0	0	0	-0.13	0	0.305	0	0	0
4.557	-44.005486	586.939331	13.249166	0.188341	0	-0.311474	1.40E-05	1.178541	5.00E-06	0	0	0	-0.13	0	0.305	0	0	0
4.558	-44.006927	586.757324	13.249166	0.188415	0	-0.311944	1.20E-05	1.178541	8.00E-06	0	0	0	-0.13	0	0.305	0	0	0
4.559	-44.002602	582.970581	12.857393	0.188415	0	-0.312049	1.10E-05	1.106441	8.00E-06	0	0	0	-0.13	0	0.305	0	0	0
4.56	-43.459808	582.959839	12.544149	0.188415	0	-0.312232	7.00E-06	1.106441	8.00E-06	0	0	0	-0.13	0	0.305	0	0	0
4.561	-43.377628	582.959839	11.917225	0.188574	0	-0.312479	7.00E-06	1.065494	8.00E-06	0	0	0	-0.13	0	0.305	0	0	0
4.562	-43.224091	580.710632	11.682474	0.189188	0	-0.313178	4.00E-06	1.001347	5.00E-06	0	0	0	-0.13	0	0.305	0	0	0
4.563	-42.831951	580.710632	11.682474	0.189219	0	-0.313178	1.80E-05	1.001347	6.00E-06	0	0	0	-0.13	0	0.305	0	0	0
4.564	-42.755539	577.787964	11.682474	0.189219	0	-0.313131	1.00E-05	1.001347	6.00E-06	0	0	0	-0.13	0	0.305	0	0	0
4.565	-42.755539	576.423706	11.525694	0.189219	0	-0.313131	1.00E-05	1.07426	1.10E-05	0	0	0	-0.13	0	0.305	0	0	0
4.566	-42.755539	574.67981	11.290741	0.189188	0	-0.313636	1.00E-05	1.07426	1.10E-05	0	0	0	-0.13	0	0.305	0	0	0
4.567	-42.519821	574.67981	11.525694	0.189188	0	-0.314326	1.00E-05	0.985019	6.00E-06	0	0	0	-0.13	0	0.305	0	0	0
4.568	-41.814835	571.916138	11.290741	0.18939	0	-0.314335	1.70E-05	0.923517	6.00E-06	0	0	0	-0.13	0	0.305	0	0	0
4.569	-41.891964	573.46936	10.899008	0.18959	0	-0.315266	1.90E-05	0.932801	7.00E-06	0	0	0	-0.13	0	0.305	0	0	0
4.57	-41.891964	571.233337	10.899008	0.190307	0	-0.315266	1.90E-05	0.92908	8.00E-06	0	0	0	-0.13	0	0.305	0	0	0
4.571	-41.891964	571.233337	10.899008	0.190307	0	-0.315212	1.60E-05	0.932801	8.00E-06	0	0	0	-0.13	0	0.305	0	0	0
4.572	-41.654083	570.354614	11.055792	0.190068	0	-0.315212	3.00E-06	0.92908	6.00E-06	0	0	0	-0.13	0	0.305	0	0	0
4.573	-41.654083	569.67157	10.820877	0.190068	0	-0.315655	3.00E-06	0.817412	4.00E-06	0	0	0	-0.13	0	0.305	0	0	0
4.574	-41.654083	568.295288	10.585766	0.190068	0	-0.315655	4.00E-06	0.817412	3.00E-06	0	0	0	-0.13	0	0.305	0	0	0
4.575	-41.424858	567.766785	10.115704	0.190337	0	-0.315909	9.00E-06	0.825395	3.00E-06	0	0	0	-0.13	0	0.305	0	0	0
4.576	-41.186256	567.766785	10.037373	0.190337	0	-0.316305	9.00E-06	0.825395	7.00E-06	0	0	0	-0.13	0	0.305	0	0	0
4.577	-41.03344	567.766785	9.802299	0.190499	0	-0.316305	9.00E-06	0.760593	8.00E-06	0	0	0	-0.13	0	0.305	0	0	0
4.578	-41.186256	565.708191	9.724091	0.191028	0	-0.316305	4.00E-06	0.735532	8.00E-06	0	0	0	-0.13	0	0.305	0	0	0
4.579	-41.03344	565.184387	9.645962	0.191028	0	-0.316756	9.00E-06	0.735532	8.00E-06	0	0	0	-0.13	0	0.305	0	0	0
4.58	-40.875572	565.184387	9.410688	0.190875	0	-0.317017	1.50E-05	0.729342	8.00E-06	0	0	0	-0.13	0	0.305	0	0	0
4.581	-40.874851	564.673279	9.097406	0.190782	0	-0.317167	1.50E-05	0.729342	7.00E-06	0	0	0	-0.13	0	0.305	0	0	0
4.582	-40.560558	565.010742	8.783922	0.190782	0	-0.317421	9.00E-06	0.729342	5.00E-06	0	0	0	-0.13	0	0.305	0	0	0
4.583	-40.404858	563.790344	8.627182	0.191362	0	-0.317626	9.00E-06	0.713819	5.00E-06	0	0	0	-0.13	0	0.305	0	0	0
4.584	-40.404858	565.002319	8.47064	0.191362	0	-0.317683	7.00E-06	0.663153	5.00E-06	0	0	0	-0.13	0	0.305	0	0	0
4.585	-40.40197	563.629456	8.392029	0.191582	0	-0.318254	6.00E-06	0.663153	5.00E-06	0	0	0	-0.13	0	0.305	0	0	0
4.586	-40.40197	563.629456	8.000336	0.191284	0	-0.318123	-3.00E-06	0.663153	3.00E-06	0	0	0	-0.13	0	0.305	0	0	0
4.587	-40.40197	562.588806	7.922245	0.19138	0	-0.318123	-3.00E-06	0.5441	5.00E-06	0	0	0	-0.13	0	0.305	0	0	0
4.588	-40.091293	562.06311	7.608723	0.19138	0	-0.318123	9.00E-06	0.5441	5.00E-06	0	0	0	-0.13	0	0.305	0	0	0
4.589	-40.089848	561.221375	7.217112	0.191386	0	-0.31817	9.00E-06	0.577345	7.00E-06	0	0	0	-0.13	0	0.305	0	0	0
4.59	-40.089848	561.195557	7.060369	0.191697	0	-0.318813	1.00E-05	0.601547	7.00E-06	0	0	0	-0.13	0	0.305	0	0	0
4.591	-39.774113	559.821228	5.963341	0.19144	0	-0.319126	5.00E-06	0.577345	8.00E-06	0	0	0	-0.13	0	0.305	0	0	0
4.592	-39.539841	559.477539	5.728186	0.19175	0	-0.319126	3.00E-06	0.522556	8.00E-06	0	0	0	-0.13	0	0.305	0	0	0
4.593	-39.693378	559.477539	5.650219	0.191777	0	-0.319126	3.00E-06	0.424958	7.00E-06	0	0	0	-0.13	0	0.305	0	0	0
4.594	-38.913422	559.477539	5.571566	0.191821	0	-0.319083	3.00E-06	0.405918	5.00E-06	0	0	0	-0.13	0	0.305	0	0	0
4.595	-38.754837	560.338501	5.336454	0.191821	0	-0.319202	3.00E-06	0.405918	7.00E-06	0	0	0	-0.13	0	0.305	0	0	0
4.596	-38.286285	559.990479	4.631439	0.191821	0	-0.319202	3.00E-06	0.405918	8.00E-06	0	0	0	-0.13	0	0.305	0	0	0
4.597	-38.128418	559.990479	4.396246	0.191807	0	-0.319422	8.00E-06	0.411178	8.00E-06	0	0	0	-0.13	0	0.305	0	0	0
4.598	-38.128418	559.990479	4.161175	0.191726	0	-0.320117	1.50E-05	0.41635	5.00E-06	0	0	0	-0.13	0	0.305	0	0	0
4.599	-37.972717	560.515503	3.377707	0.191726	0	-0.319763	1.30E-05	0.449337	4.00E-06	0	0	0	-0.13	0	0.305	0	0	0
4.6	-37.815571	561.893311	3.064064	0.191979	0	-0.319763	1.30E-05	0.449337	4.00E-06	0	0	0	-0.13	0	0.305	0	0	0
4.601	-37.815571	560.515503	2.907684	0.191979	0	-0.319763	1.20E-05	0.318876	3.00E-06	0	0	0	-0.13	0	0.305	0	0	0
4.602	-37.815571	560.345764	2.124218	0.191979	0	-0.320159	4.00E-06	0.213107	3.00E-06	0	0	0	-0.13	0	0.305	0	0	0
4.603	-37.65987	560.345764	2.124218	0.192316	0	-0.320159	4.00E-06	0.213107	3.00E-06	0	0	0	-0.13	0	0.305	0	0	0
4.604	-37.65987	561.383362	2.124058	0.192316	0	-0.320159	4.00E-06	0.260293	7.00E-06	0	0	0	-0.13	0	0.305	0	0	0
4.605	-37.65987	562.052612	1.810654	0.192316	0	-0.320442	-1.00E-06	0.321788	7.00E-06	0	0	0	-0.13	0	0.305	0	0	0
4.606	-37.576969	562.069153	0.948576	0.192399	0	-0.320732	-1.00E-06	0.260293	6.00E-06	0	0	0	-0.13	0	0.305	0	0	0
4.607	-37.419102	562.913513	0.713705	0.19248	0	-0.320545	1.00E-05	0.211441	6.00E-06	0	0	0	-0.13	0	0.305	0	0	0
4.608	-37.419102	563.098633	0.321892	0.193024	0	-0.320545	1.30E-05	0.180608	6.00E-06	0	0	0	-0.13	0	0.305	0	0	0
4.609	-37.420544	563.436523	0.400223	0.193024	0	-0.320545	1.00E-05	0.180608	9.00E-06	0	0	0	-0.13	0	0.305	0	0	0
4.61	-37.494068	564.296753	0.243441	0.19263	0	-0.320721	1.00E-05	0.180608	9.00E-06	0	0	0	-0.13	0	0.305	0	0	0
4.611	-37.494068	564.296753	0.243441	0.19263	0	-0.321047	8.00E-06	0.214296	5.00E-06	0	0	0	-0.13	0	0.305	0	0	0
4.612	-37.808357	564.296753	-0.383364	0.19263	0	-0.321698	9.00E-06	0.127328	3.00E-06	0	0	0	-0.13	0	0.305	0	0	0
4.613	-37.885487	565.670654	-0.461575	0.193062	0	-0.321698	8.00E-06	0.133206	2.00E-06	0	0	0	-0.13	0	0.305	0	0	0
4.614	-37.885487	566.357605	-0.931759	0.192668	0	-0.321595	9.00E-06	0.133206	2.00E-06	0	0	0	-0.13	0	0.305	0	0	0
4.615	-37.884041	566.879517	-1.715588	0.192668	0	-0.321595	1.00E-05	0.151806	7.00E-06	0	0	0	-0.13	0	0.305	0	0	0
4.616	-37.882599	566.879517	-1.793758	0.192668	0	-0.32218	1.00E-05	0.151806	7.00E-06	0	0	0	-0.13	0	0.305	0	0	0
4.617	-37.884041	565.137146	-1.871967	0.192995	0	-0.322614	7.00E-06	0.151806	3.00E-06	0	0	0	-0.13	0	0.305	0	0	0
4.618	-37.645439	565.137146	-2.342232	0.192995	0	-0.322614	-1.00E-06	0.046245	1.00E-06	0	0	0	-0.13	0	0.305	0	0	0
4.619	-37.099037	566.873718	-2.498852	0.192995	0	-0.322656	7.00E-06	0.046245	1.00E-06	0	0	0	-0.13	0	0.305	0	0	0
4.62	-37.099037	566.873718	-3.43914	0.192822	0	-0.322656	1.00E-06	0.046245	2.00E-06	0	0	0	-0.13	0	0.305	0	0	0
4.621	-37.256905	566.866333	-3.752504	0.193042	0	-0.322847	1.10E-05	0.057474	7.00E-06	0	0	0	-0.13	0	0.305	0	0	0
4.622	-37.566868	566.866333	-3.831036	0.193162	0	-0.323249	2.00E-06	0.057474	7.00E-06	0	0	0	-0.13	0	0.305	0	0	0
4.623	-37.256905	567.213135	-4.144478	0.193162	0	-0.322989	5.00E-06	0.040315	1.10E-05	0	0	0	-0.13	0	0.305	0	0	0
4.624	-37.178333	567.716431	-4.222607	0.192953	0	-0.322989	5.00E-06	0.040315	6.00E-06	0	0	0	-0.13	0	0.305	0	0	0
4.625	-37.175446	567.213135	-5.163057	0.192869	0	-0.322989	5.00E-06	0.040315	6.00E-06	0	0	0	-0.13	0	0.305	0	0	0
4.626	-36.937565	567.027954	-5.78974	0.192869	0	-0.323244	6.00E-06	-0.125856	3.00E-06	0	0	0	-0.13	0	0.305	0	0	0
4.627	-36.937565	567.027954	-5.868032	0.193013	0	-0.323436	6.00E-06	-0.125856	3.00E-06	0	0	0	-0.13	0	0.305	0	0	0
4.628	-37.407555	567.881531	-6.181515	0.193013	0	-0.32356	1.00E-05	-0.062804	3.00E-06	0	0	0	-0.13	0	0.305	0	0	0
4.629	-37.407555	568.578918	-6.73015	0.192946	0	-0.32356	4.00E-06	0.003931	3.00E-06	0	0	0	-0.13	0	0.305	0	0	0
4.63	-37.091824	568.403442	-7.748608	0.192869	0	-0.324024	6.00E-06	0.003931	3.00E-06	0	0	0	-0.13	0	0.305	0	0	0
4.631	-36.936119	568.403442	-7.748888	0.192869	0	-0.323347	2.00E-06	-0.176005	2.00E-06	0	0	0	-0.13	0	0.305	0	0	0
4.632	-36.936119	568.403442	-8.06201	0.193532	0	-0.323373	6.00E-06	-0.176005	5.00E-06	0	0	0	-0.13	0	0.305	0	0	0
4.633	-36.936119	569.609985	-8.767307	0.193532	0	-0.323373	1.40E-05	-0.088602	5.00E-06	0	0	0	-0.13	0	0.305	0	0	0
4.634	-36.780418	570.321655	-9.550774	0.193109	0	-0.323468	1.70E-05	-0.088602	5.00E-06	0	0	0	-0.13	0	0.305	0	0	0
4.635	-36.776089	572.370178	-9.707596	0.192908	0	-0.324068	1.40E-05	-0.129008	4.00E-06	0	0	0	-0.13	0	0.305	0	0	0
4.636	-36.464684	572.370178	-10.177618	0.193109	0	-0.324412	8.00E-06	-0.193666	4.00E-06	0	0	0	-0.13	0	0.305	0	0	0
4.637	-36.776089	572.370178	-10.256229	0.193427	0	-0.324431	6.00E-06	-0.193666	5.00E-06	0	0	0	-0.13	0	0.305	0	0	0
4.638	-36.618942	573.923889	-11.039536	0.193427	0	-0.324412	8.00E-06	-0.221442	5.00E-06	0	0	0	-0.13	0	0.305	0	0	0
4.639	-36.618942	574.788696	-11.039658	0.193284	0	-0.323853	-3.00E-06	-0.221442	5.00E-06	0	0	0	-0.13	0	0.305	0	0	0
4.64	-36.387558	575.989014	-11.666502	0.193284	0	-0.323853	1.10E-05	-0.228766	5.00E-06	0	0	0	-0.13	0	0.305	0	0	0
4.641	-36.30249	575.989014	-12.215057	0.193284	0	-0.324565	1.50E-05	-0.304499	4.00E-06	0	0	0	-0.13	0	0.305	0	0	0
4.642	-36.30249	575.989014	-12.293428	0.193461	0	-0.324565	1.50E-05	-0.304499	3.00E-06	0	0	0	-0.13	0	0.305	0	0	0
4.643	-36.382507	578.238159	-13.155066	0.193606	0	-0.324641	1.20E-05	-0.256342	3.00E-06	0	0	0	-0.13	0	0.305	0	0	0
4.644	-36.382507	579.436646	-13.547159	0.193606	0	-0.324188	4.00E-06	-0.256342	2.00E-06	0	0	0	-0.13	0	0.305	0	0	0
4.645	-36.382507	579.590088	-13.860521	0.193606	0	-0.325403	4.00E-06	-0.344105	4.00E-06	0	0	0	-0.13	0	0.305	0	0	0
4.646	-36.533878	579.776855	-14.017145	0.193485	0	-0.325138	8.00E-06	-0.347352	3.00E-06	0	0	0	-0.13	0	0.305	0	0	0
4.647	-36.533878	582.353455	-15.035761	0.193669	0	-0.325402	2.40E-05	-0.347352	3.00E-06	0	0	0	-0.13	0	0.305	0	0	0
4.648	-36.533878	583.055481	-15.192663	0.193485	0	-0.325402	1.50E-05	-0.346812	3.00E-06	0	0	0	-0.13	0	0.305	0	0	0
4.649	-36.218868	583.727783	-15.349363	0.193403	0	-0.325654	1.50E-05	-0.346812	0.00E+00	0	0	0	-0.13	0	0.305	0	0	0
4.65	-36.610283	584.243103	-15.976212	0.193403	0	-0.325744	1.40E-05	-0.266499	7.00E-06	0	0	0	-0.13	0	0.305	0	0	0
4.651	-36.610283	587.16571	-16.524807	0.193583	0	-0.326068	1.00E-05	-0.319955	7.00E-06	0	0	0	-0.13	0	0.305	0	0	0
4.652	-36.765266	587.16571	-16.681265	0.193848	0	-0.326068	1.00E-05	-0.319955	7.00E-06	0	0	0	-0.13	0	0.305	0	0	0
4.653	-36.846001	587.16571	-16.838047	0.193585	0	-0.326042	9.00E-06	-0.319955	7.00E-06	0	0	0	-0.13	0	0.305	0	0	0
4.654	-37.155243	588.04364	-17.621716	0.193585	0	-0.325939	3.00E-06	-0.38392	5.00E-06	0	0	0	-0.13	0	0.305	0	0	0
4.655	-37.155243	588.20105	-18.013451	0.193585	0	-0.326042	3.00E-06	-0.38392	7.00E-06	0	0	0	-0.13	0	0.305	0	0	0
4.656	-36.683807	589.757385	-18.248522	0.193522	0	-0.326215	3.00E-06	-0.386184	2.00E-06	0	0	0	-0.13	0	0.305	0	0	0
4.657	-36.683807	590.093262	-18.718544	0.193522	0	-0.326215	2.00E-06	-0.428706	7.00E-06	0	0	0	-0.13	0	0.305	0	0	0
4.658	-36.920967	590.957397	-18.718746	0.193522	0	-0.327246	2.00E-06	-0.386184	5.00E-06	0	0	0	-0.13	0	0.305	0	0	0
4.659	-36.920967	592.507935	-19.58078	0.193423	0	-0.326884	8.00E-06	-0.415306	6.00E-06	0	0	0	-0.13	0	0.305	0	0	0
4.66	-36.75877	593.199585	-19.815815	0.193423	0	-0.326884	1.30E-05	-0.415306	6.00E-06	0	0	0	-0.13	0	0.305	0	0	0
4.661	-36.75877	593.705994	-20.67749	0.193423	0	-0.326884	2.00E-05	-0.565193	6.00E-06	0	0	0	-0.13	0	0.305	0	0	0
4.662	-36.75877	593.705994	-21.069424	0.193663	0	-0.326889	2.00E-05	-0.565193	6.00E-06	0	0	0	-0.13	0	0.305	0	0	0
4.663	-36.835899	594.06665	-21.147835	0.193682	0	-0.326889	1.00E-05	-0.538531	3.00E-06	0	0	0	-0.13	0	0.305	0	0	0
4.664	-36.363022	598.180786	-21.304577	0.193663	0	-0.326993	1.00E-05	-0.538531	3.00E-06	0	0	0	-0.13	0	0.305	0	0	0
4.665	-36.363022	599.400024	-22.166576	0.193682	0	-0.327793	1.00E-05	-0.560055	3.00E-06	0	0	0	-0.13	0	0.305	0	0	0
4.666	-36.363022	599.914551	-22.793259	0.193904	0	-0.327793	7.00E-06	-0.656196	6.00E-06	0	0	0	-0.13	0	0.305	0	0	0
4.667	-36.520168	599.914551	-22.793259	0.193904	0	-0.327362	2.00E-06	-0.659467	8.00E-06	0	0	0	-0.13	0	0.305	0	0	0
4.668	-36.520168	601.630676	-24.125404	0.193875	0	-0.32718	2.00E-06	-0.659467	6.00E-06	0	0	0	-0.13	0	0.305	0	0	0
4.669	-36.443039	601.817383	-24.125404	0.193672	0	-0.32718	2.00E-06	-0.575538	8.00E-06	0	0	0	-0.13	0	0.305	0	0	0
4.67	-36.443039	602.663208	-24.752127	0.193765	0	-0.32785	6.00E-06	-0.575538	5.00E-06	0	0	0	-0.13	0	0.305	0	0	0
4.671	-36.66721	604.384766	-25.379013	0.193765	0	-0.328384	1.00E-05	-0.575538	7.00E-06	0	0	0	-0.13	0	0.305	0	0	0
4.672	-37.452934	607.661133	-25.535913	0.193765	0	-0.328384	1.10E-05	-0.656677	7.00E-06	0	0	0	-0.13	0	0.305	0	0	0
4.673	-37.452934	608.349609	-26.241051	0.193723	0	-0.327668	1.10E-05	-0.656677	7.00E-06	0	0	0	-0.13	0	0.305	0	0	0
4.674	-36.981499	608.349609	-26.946304	0.193723	0	-0.327668	7.00E-06	-0.728505	7.00E-06	0	0	0	-0.13	0	0.305	0	0	0
4.675	-36.981499	611.098633	-27.416212	0.193865	0	-0.328416	7.00E-06	-0.728505	7.00E-06	0	0	0	-0.13	0	0.305	0	0	0
4.676	-37.52718	612.483337	-27.573153	0.194009	0	-0.328416	8.00E-06	-0.69287	1.10E-05	0	0	0	-0.13	0	0.305	0	0	0
4.677	-37.840748	615.402893	-28.27845	0.193865	0	-0.328492	8.00E-06	-0.670657	1.10E-05	0	0	0	-0.13	0	0.305	0	0	0
4.678	-37.762897	616.270752	-29.140205	0.193865	0	-0.328803	8.00E-06	-0.623634	4.00E-06	0	0	0	-0.13	0	0.305	0	0	0
4.679	-37.842911	616.950439	-29.767092	0.193865	0	-0.328833	4.00E-06	-0.623634	4.00E-06	0	0	0	-0.13	0	0.305	0	0	0
4.68	-38.619255	620.740906	-30.629047	0.193865	0	-0.329054	4.00E-06	-0.661465	5.00E-06	0	0	0	-0.13	0	0.305	0	0	0
4.681	-38.619255	621.081848	-30.707462	0.19395	0	-0.329054	1.00E-05	-0.695629	5.00E-06	0	0	0	-0.13	0	0.305	0	0	0
4.682	-38.61998	621.776978	-31.177603	0.19395	0	-0.329054	1.30E-05	-0.808963	7.00E-06	0	0	0	-0.13	0	0.305	0	0	0
4.683	-38.302082	625.226074	-31.412676	0.19395	0	-0.329124	1.00E-05	-0.879996	4.00E-06	0	0	0	-0.13	0	0.305	0	0	0
4.684	-38.768463	626.58844	-32.196102	0.193546	0	-0.329446	1.70E-05	-0.905984	4.00E-06	0	0	0	-0.13	0	0.305	0	0	0
4.685	-38.768463	626.58844	-33.371384	0.193546	0	-0.329593	6.00E-06	-0.905984	4.00E-06	0	0	0	-0.13	0	0.305	0	0	0
4.686	-38.922722	628.82605	-33.450119	0.193837	0	-0.329593	5.00E-06	-1.006586	5.00E-06	0	0	0	-0.13	0	0.305	0	0	0
4.687	-39.23629	630.044189	-34.625114	0.193837	0	-0.329925	5.00E-06	-0.853958	5.00E-06	0	0	0	-0.13	0	0.305	0	0	0
4.688	-39.392715	631.749023	-35.252281	0.193628	0	-0.330057	1.10E-05	-0.967994	6.00E-06	0	0	0	-0.13	0	0.305	0	0	0
4.689	-39.392715	632.27478	-35.879005	0.193628	0	-0.330069	1.10E-05	-0.967994	6.00E-06	0	0	0	-0.13	0	0.305	0	0	0
4.69	-39.624825	634.854492	-36.897747	0.193547	0	-0.330069	6.00E-06	-0.993924	5.00E-06	0	0	0	-0.13	0	0.305	0	0	0
4.691	-39.856213	634.857971	-36.975796	0.193735	0	-0.330069	4.00E-06	-1.002083	5.00E-06	0	0	0	-0.13	0	0.305	0	0	0
4.692	-40.011917	636.417847	-37.211185	0.193573	0	-0.330498	4.00E-06	-1.011246	6.00E-06	0	0	0	-0.13	0	0.305	0	0	0
4.693	-39.856213	638.455933	-38.62138	0.193573	0	-0.330589	1.00E-05	-1.011246	6.00E-06	0	0	0	-0.13	0	0.305	0	0	0
4.694	-40.404057	640.014648	-39.561787	0.193283	0	-0.330885	1.00E-05	-1.135499	4.00E-06	0	0	0	-0.13	0	0.305	0	0	0
4.695	-40.31971	641.914368	-40.188637	0.193283	0	-0.331073	1.00E-05	-1.145298	4.00E-06	0	0	0	-0.13	0	0.305	0	0	0
4.696	-40.633278	641.914368	-41.363831	0.193283	0	-0.330885	2.00E-05	-1.191631	1.10E-05	0	0	0	-0.13	0	0.305	0	0	0
4.697	-40.630394	646.38562	-41.520775	0.193608	0	-0.330848	2.00E-05	-1.191631	1.10E-05	0	0	0	-0.13	0	0.305	0	0	0
4.698	-40.708965	648.463562	-42.539436	0.193395	0	-0.330848	1.40E-05	-1.212852	8.00E-06	0	0	0	-0.13	0	0.305	0	0	0
4.699	-41.096054	649.476807	-43.401108	0.193586	0	-0.331412	1.00E-05	-1.212852	7.00E-06	0	0	0	-0.13	0	0.305	0	0	0
4.7	-41.098942	649.844421	-43.871296	0.193586	0	-0.331708	1.00E-05	-1.212852	3.00E-06	0	0	0	-0.13	0	0.305	0	0	0
4.701	-41.646786	653.277344	-45.046696	0.193586	0	-0.331412	1.30E-05	-1.223943	7.00E-06	0	0	0	-0.13	0	0.305	0	0	0
4.702	-41.718864	653.283081	-45.908455	0.193496	0	-0.33139	1.30E-05	-1.221818	8.00E-06	0	0	0	-0.13	0	0.305	0	0	0
4.703	-42.192463	657.757202	-46.770729	0.193458	0	-0.33139	1.10E-05	-1.223943	8.00E-06	0	0	0	-0.13	0	0.305	0	0	0
4.704	-42.346725	658.790894	-47.632328	0.193496	0	-0.331578	4.00E-06	-1.227272	8.00E-06	0	0	0	-0.13	0	0.305	0	0	0
4.705	-42.498817	661.723877	-48.102432	0.193701	0	-0.331763	4.00E-06	-1.387222	5.00E-06	0	0	0	-0.13	0	0.305	0	0	0
4.706	-42.887352	662.415894	-49.199539	0.193701	0	-0.331763	1.30E-05	-1.387222	5.00E-06	0	0	0	-0.13	0	0.305	0	0	0
4.707	-43.044495	663.96228	-49.826427	0.193454	0	-0.331576	1.30E-05	-1.398286	6.00E-06	0	0	0	-0.13	0	0.305	0	0	0
4.708	-43.51593	666.199097	-51.001587	0.193454	0	-0.331576	1.20E-05	-1.386419	6.00E-06	0	0	0	-0.13	0	0.305	0	0	0
4.709	-43.66658	668.44165	-51.942078	0.193454	0	-0.332221	1.20E-05	-1.386419	3.00E-06	0	0	0	-0.13	0	0.305	0	0	0
4.71	-44.138016	669.987244	-52.098576	0.193523	0	-0.332236	1.20E-05	-1.381562	3.00E-06	0	0	0	-0.13	0	0.305	0	0	0
4.711	-44.762989	672.052002	-53.430641	0.193403	0	-0.332421	2.30E-05	-1.333076	1.00E-06	0	0	0	-0.13	0	0.305	0	0	0
4.712	-44.837231	675.491089	-54.68457	0.193486	0	-0.332421	2.30E-05	-1.333076	4.00E-06	0	0	0	-0.13	0	0.305	0	0	0
4.713	-45.072227	676.17572	-56.094925	0.193486	0	-0.332749	1.00E-06	-1.369684	4.00E-06	0	0	0	-0.13	0	0.305	0	0	0
4.714	-45.303616	676.192017	-56.408165	0.19351	0	-0.333293	1.00E-06	-1.483813	5.00E-06	0	0	0	-0.13	0	0.305	0	0	0
4.715	-45.697197	677.735229	-57.426819	0.19351	0	-0.333293	1.10E-05	-1.483813	5.00E-06	0	0	0	-0.13	0	0.305	0	0	0
4.716	-46.006439	681.521912	-57.896927	0.193267	0	-0.333293	1.20E-05	-1.483813	3.00E-06	0	0	0	-0.13	0	0.305	0	0	0
4.717	-46.238548	683.407349	-59.464058	0.193219	0	-0.333404	1.10E-05	-1.473945	1.00E-06	0	0	0	-0.13	0	0.305	0	0	0
4.718	-46.709263	684.961731	-60.717911	0.193219	0	-0.333404	2.10E-05	-1.480263	3.00E-06	0	0	0	-0.13	0	0.305	0	0	0
4.719	-47.019226	687.536438	-61.187775	0.193338	0	-0.333668	8.00E-06	-1.480263	8.00E-06	0	0	0	-0.13	0	0.305	0	0	0
4.72	-47.018501	688.069153	-62.284683	0.193338	0	-0.333401	8.00E-06	-1.579766	1.10E-05	0	0	0	-0.13	0	0.305	0	0	0
4.721	-47.644917	691.507874	-62.989983	0.193246	0	-0.333897	8.00E-06	-1.579766	1.30E-05	0	0	0	-0.13	0	0.305	0	0	0
4.722	-47.644917	692.880615	-64.322044	0.193215	0	-0.334023	7.00E-06	-1.579766	1.10E-05	0	0	0	-0.13	0	0.305	0	0	0
4.723	-48.029842	694.253418	-64.792145	0.193246	0	-0.334085	1.60E-05	-1.575987	1.10E-05	0	0	0	-0.13	0	0.305	0	0	0
4.724	-48.188431	698.736694	-65.732437	0.192876	0	-0.334085	1.60E-05	-1.575987	6.00E-06	0	0	0	-0.13	0	0.305	0	0	0
4.725	-49.279785	698.900635	-67.377777	0.192858	0	-0.333981	1.60E-05	-1.575987	1.00E-06	0	0	0	-0.13	0	0.305	0	0	0
4.726	-49.356918	700.112549	-67.456306	0.192851	0	-0.333981	1.00E-05	-1.665846	5.00E-06	0	0	0	-0.13	0	0.305	0	0	0
4.727	-49.356918	700.968872	-69.571793	0.192825	0	-0.334785	-2.00E-06	-1.676043	5.00E-06	0	0	0	-0.13	0	0.305	0	0	0
4.728	-49.511894	702.860046	-69.728378	0.192728	0	-0.334785	-2.00E-06	-1.74232	8.00E-06	0	0	0	-0.13	0	0.305	0	0	0
4.729	-50.372589	703.712891	-71.060562	0.192728	0	-0.334785	-2.00E-06	-1.74232	9.00E-06	0	0	0	-0.13	0	0.305	0	0	0
4.73	-50.683266	704.57843	-71.765739	0.192726	0	-0.334774	2.00E-05	-1.74232	9.00E-06	0	0	0	-0.13	0	0.305	0	0	0
4.731	-50.839691	705.955505	-73.175964	0.192743	0	-0.335225	-2.00E-06	-1.792106	9.00E-06	0	0	0	-0.13	0	0.305	0	0	0
4.732	-50.914658	711.455078	-73.724564	0.192743	0	-0.33552	6.00E-06	-1.805764	7.00E-06	0	0	0	-0.13	0	0.305	0	0	0
4.733	-51.148933	712.661621	-74.508026	0.192743	0	-0.335677	6.00E-06	-1.805764	1.00E-05	0	0	0	-0.13	0	0.305	0	0	0
4.734	-51.617477	712.661621	-75.213165	0.192744	0	-0.335739	1.00E-05	-1.805461	1.00E-05	0	0	0	-0.13	0	0.305	0	0	0
4.735	-51.929604	714.380737	-77.01545	0.192619	0	-0.335739	1.20E-05	-1.760423	1.00E-05	0	0	0	-0.13	0	0.305	0	0	0
4.736	-51.929604	715.770142	-77.563927	0.192619	0	-0.335739	1.80E-05	-1.760423	7.00E-06	0	0	0	-0.13	0	0.305	0	0	0
4.737	-52.241013	718.518433	-78.42572	0.192619	0	-0.336454	2.40E-05	-1.910089	4.00E-06	0	0	0	-0.13	0	0.305	0	0	0
4.738	-52.863815	721.96521	-79.522713	0.192296	0	-0.336237	2.50E-05	-1.910089	7.00E-06	0	0	0	-0.13	0	0.305	0	0	0
4.739	-53.178829	723.333374	-80.227768	0.192336	0	-0.336237	2.60E-05	-1.90525	4.00E-06	0	0	0	-0.13	0	0.305	0	0	0
4.74	-53.488792	725.741089	-82.03009	0.192287	0	-0.336237	2.50E-05	-1.884714	7.00E-06	0	0	0	-0.13	0	0.305	0	0	0
4.741	-53.488792	726.433472	-82.03009	0.192243	0	-0.336467	1.90E-05	-1.884714	6.00E-06	0	0	0	-0.13	0	0.305	0	0	0
4.742	-53.488792	727.96167	-82.656937	0.192243	0	-0.336525	1.90E-05	-1.967777	7.00E-06	0	0	0	-0.13	0	0.305	0	0	0
4.743	-54.657997	730.213501	-84.223869	0.192137	0	-0.336562	1.90E-05	-2.047053	6.00E-06	0	0	0	-0.13	0	0.305	0	0	0
4.744	-54.657997	731.427002	-84.929092	0.192136	0	-0.336906	1.00E-05	-2.002781	3.00E-06	0	0	0	-0.13	0	0.305	0	0	0
4.745	-54.657997	735.535706	-86.026001	0.191852	0	-0.33717	1.00E-05	-2.040313	3.00E-06	0	0	0	-0.13	0	0.305	0	0	0
4.746	-54.967957	736.383545	-87.593208	0.1918	0	-0.337706	2.20E-05	-2.040313	3.00E-06	0	0	0	-0.13	0	0.305	0	0	0
4.747	-55.046532	738.636536	-88.063194	0.1918	0	-0.338117	2.20E-05	-2.040313	1.00E-06	0	0	0	-0.13	0	0.305	0	0	0
4.748	-55.28297	740.522705	-89.630249	0.1918	0	-0.337956	1.10E-05	-2.095531	1.00E-06	0	0	0	-0.13	0	0.305	0	0	0
4.749	-55.28297	741.557922	-89.86544	0.191758	0	-0.338446	1.10E-05	-2.078582	2.00E-06	0	0	0	-0.13	0	0.305	0	0	0
4.75	-55.668617	742.58551	-90.962387	0.191643	0	-0.33857	1.30E-05	-2.099774	4.00E-06	0	0	0	-0.13	0	0.305	0	0	0
4.751	-55.74358	746.527588	-92.764313	0.191645	0	-0.339168	1.30E-05	-2.099774	4.00E-06	0	0	0	-0.13	0	0.305	0	0	0
4.752	-56.139328	748.255249	-93.156204	0.191628	0	-0.339168	8.00E-06	-2.099774	4.00E-06	0	0	0	-0.13	0	0.305	0	0	0
4.753	-56.137886	750.328125	-94.488144	0.191628	0	-0.338948	8.00E-06	-2.147017	2.00E-06	0	0	0	-0.13	0	0.305	0	0	0
4.754	-56.137886	750.651794	-95.663467	0.191348	0	-0.338948	9.00E-06	-2.147017	2.00E-06	0	0	0	-0.13	0	0.305	0	0	0
4.755	-55.902168	752.547241	-96.760536	0.191348	0	-0.339699	1.40E-05	-2.197641	7.00E-06	0	0	0	-0.13	0	0.305	0	0	0
4.756	-55.902168	754.427246	-97.622131	0.191348	0	-0.339715	1.40E-05	-2.209672	7.00E-06	0	0	0	-0.13	0	0.305	0	0	0
4.757	-55.902168	756.67749	-98.640839	0.191182	0	-0.340035	1.20E-05	-2.272626	7.00E-06	0	0	0	-0.13	0	0.305	0	0	0
4.758	-55.662125	757.362915	-99.424545	0.190936	0	-0.340066	1.20E-05	-2.272626	7.00E-06	0	0	0	-0.13	0	0.305	0	0	0
4.759	-55.429291	758.717163	-99.972977	0.19078	0	-0.340386	1.00E-05	-2.297598	7.00E-06	0	0	0	-0.13	0	0.305	0	0	0
4.76	-54.717087	761.302368	-101.46154	0.190746	0	-0.340841	3.00E-06	-2.515175	1.20E-05	0	0	0	-0.13	0	0.305	0	0	0
4.761	-54.717087	763.363281	-102.48008	0.190746	0	-0.34084	3.00E-06	-2.515175	1.00E-05	0	0	0	-0.13	0	0.305	0	0	0
4.762	-54.717087	764.739136	-102.558655	0.190532	0	-0.34084	-2.00E-06	-2.514012	1.00E-05	0	0	0	-0.13	0	0.305	0	0	0
4.763	-54.095726	764.903442	-104.047249	0.190326	0	-0.340824	1.10E-05	-2.481069	8.00E-06	0	0	0	-0.13	0	0.305	0	0	0
4.764	-54.095726	768.856323	-105.222656	0.19032	0	-0.340824	-3.00E-06	-2.514012	8.00E-06	0	0	0	-0.13	0	0.305	0	0	0
4.765	-54.092117	769.212769	-106.162865	0.19032	0	-0.341259	1.10E-05	-2.486742	1.30E-05	0	0	0	-0.13	0	0.305	0	0	0
4.766	-53.546436	769.539795	-106.86824	0.190205	0	-0.3416	1.10E-05	-2.581833	1.30E-05	0	0	0	-0.13	0	0.305	0	0	0
4.767	-53.465698	771.783203	-107.729996	0.190205	0	-0.3416	1.30E-05	-2.530226	9.00E-06	0	0	0	-0.13	0	0.305	0	0	0
4.768	-53.313606	773.147095	-108.435135	0.190143	0	-0.3416	1.10E-05	-2.566148	6.00E-06	0	0	0	-0.13	0	0.305	0	0	0
4.769	-52.920021	776.590454	-110.550659	0.18987	0	-0.342132	1.00E-05	-2.566148	6.00E-06	0	0	0	-0.13	0	0.305	0	0	0
4.77	-52.368568	777.447144	-111.099136	0.189969	0	-0.342132	1.00E-05	-2.784808	1.10E-05	0	0	0	-0.13	0	0.305	0	0	0
4.771	-52.212147	777.625732	-111.804031	0.189969	0	-0.342198	8.00E-06	-2.784808	1.10E-05	0	0	0	-0.13	0	0.305	0	0	0
4.772	-52.212147	779.84668	-112.587814	0.189969	0	-0.342288	1.40E-05	-2.809474	5.00E-06	0	0	0	-0.13	0	0.305	0	0	0
4.773	-52.212147	781.22876	-113.684723	0.189595	0	-0.342288	1.40E-05	-2.823563	5.00E-06	0	0	0	-0.13	0	0.305	0	0	0
4.774	-52.442814	783.28894	-114.781715	0.1895	0	-0.342288	1.50E-05	-2.934835	5.00E-06	0	0	0	-0.13	0	0.305	0	0	0
4.775	-51.820724	785.517212	-115.72197	0.189595	0	-0.342939	1.40E-05	-2.860035	6.00E-06	0	0	0	-0.13	0	0.305	0	0	0
4.776	-51.820724	787.241394	-116.113571	0.1895	0	-0.34295	2.00E-05	-2.860035	6.00E-06	0	0	0	-0.13	0	0.305	0	0	0
4.777	-51.81712	788.089233	-117.289017	0.189348	0	-0.34295	1.30E-05	-2.860035	3.00E-06	0	0	0	-0.13	0	0.305	0	0	0
4.778	-51.665749	789.300354	-117.837616	0.189348	0	-0.34307	1.30E-05	-2.923449	3.00E-06	0	0	0	-0.13	0	0.305	0	0	0
4.779	-51.662857	791.526794	-118.699127	0.189327	0	-0.343509	1.30E-05	-2.931542	3.00E-06	0	0	0	-0.13	0	0.305	0	0	0
4.78	-51.351456	792.541931	-119.32605	0.189134	0	-0.343693	1.10E-05	-2.923449	2.00E-06	0	0	0	-0.13	0	0.305	0	0	0
4.781	-51.350735	793.93634	-119.639572	0.188994	0	-0.344125	7.00E-06	-2.89485	1.20E-05	0	0	0	-0.13	0	0.305	0	0	0
4.782	-51.350735	796.480957	-120.814743	0.188793	0	-0.344125	7.00E-06	-2.8821	1.00E-06	0	0	0	-0.13	0	0.305	0	0	0
4.783	-50.805054	796.664917	-121.520157	0.188785	0	-0.344566	9.00E-06	-2.8821	3.00E-06	0	0	0	-0.13	0	0.305	0	0	0
4.784	-51.350735	797.867188	-122.225372	0.188689	0	-0.344618	1.10E-05	-2.8821	3.00E-06	0	0	0	-0.13	0	0.305	0	0	0
4.785	-51.270721	798.881348	-123.478661	0.188689	0	-0.345053	1.40E-05	-2.943468	3.00E-06	0	0	0	-0.13	0	0.305	0	0	0
4.786	-51.270721	800.611267	-123.478859	0.188531	0	-0.345053	1.40E-05	-2.943468	3.00E-06	0	0	0	-0.13	0	0.305	0	0	0
4.787	-50.570782	802.129883	-123.949043	0.188359	0	-0.34515	1.00E-05	-2.96712	3.00E-06	0	0	0	-0.13	0	0.305	0	0	0
4.788	-50.489323	802.129883	-124.889053	0.188064	0	-0.345517	1.00E-05	-2.963545	6.00E-06	0	0	0	-0.13	0	0.305	0	0	0
4.789	-50.489323	802.129883	-124.889252	0.188064	0	-0.345625	0.00E+00	-2.963545	6.00E-06	0	0	0	-0.13	0	0.305	0	0	0
4.79	-50.648632	805.388062	-125.280983	0.188064	0	-0.345698	1.30E-05	-2.849152	6.00E-06	0	0	0	-0.13	0	0.305	0	0	0
4.791	-50.648632	805.388062	-125.437607	0.187749	0	-0.345822	1.30E-05	-2.849152	5.00E-06	0	0	0	-0.13	0	0.305	0	0	0
4.792	-49.708649	805.388062	-126.691299	0.187726	0	-0.346216	1.30E-05	-2.930974	5.00E-06	0	0	0	-0.13	0	0.305	0	0	0
4.793	-48.926529	805.545837	-127.396393	0.187695	0	-0.346236	2.20E-05	-3.008575	5.00E-06	0	0	0	-0.13	0	0.305	0	0	0
4.794	-49.163689	806.414062	-127.474884	0.187573	0	-0.346533	4.00E-06	-2.930974	5.00E-06	0	0	0	-0.13	0	0.305	0	0	0
4.795	-48.773716	807.958496	-127.396637	0.187405	0	-0.346533	2.40E-05	-2.81828	1.20E-05	0	0	0	-0.13	0	0.305	0	0	0
4.796	-48.773716	808.110474	-127.553421	0.187199	0	-0.346889	1.20E-05	-2.81828	1.20E-05	0	0	0	-0.13	0	0.305	0	0	0
4.797	-48.693703	808.63269	-128.728531	0.187136	0	-0.347079	1.20E-05	-2.851319	1.10E-05	0	0	0	-0.13	0	0.305	0	0	0
4.798	-48.226593	809.836548	-129.668671	0.187118	0	-0.346889	1.20E-05	-2.920225	6.00E-06	0	0	0	-0.13	0	0.305	0	0	0
4.799	-47.603786	811.883179	-129.903854	0.187118	0	-0.347447	5.00E-06	-2.851319	3.00E-06	0	0	0	-0.13	0	0.305	0	0	0
4.8	-47.603786	811.017212	-130.060562	0.187094	0	-0.347509	1.60E-05	-2.760872	6.00E-06	0	0	0	-0.13	0	0.305	0	0	0
4.801	-47.603786	811.187744	-130.609222	0.187018	0	-0.347804	5.00E-06	-2.727589	6.00E-06	0	0	0	-0.13	0	0.305	0	0	0
4.802	-47.840225	811.187744	-131.079086	0.186758	0	-0.347864	1.70E-05	-2.718271	7.00E-06	0	0	0	-0.13	0	0.305	0	0	0
4.803	-47.528824	812.027832	-132.019257	0.186693	0	-0.348715	1.40E-05	-2.718271	7.00E-06	0	0	0	-0.13	0	0.305	0	0	0
4.804	-47.528824	812.880676	-132.72464	0.18662	0	-0.348715	1.40E-05	-2.588451	1.00E-05	0	0	0	-0.13	0	0.305	0	0	0
4.805	-47.528824	813.911316	-133.194626	0.186526	0	-0.34862	1.10E-05	-2.576289	5.00E-06	0	0	0	-0.13	0	0.305	0	0	0
4.806	-46.671738	813.911316	-133.821503	0.1865	0	-0.34862	3.00E-06	-2.550487	0	0	0	0	-0.13	0	0.305	0	0	0
4.807	-46.671738	813.911316	-134.056747	0.18648	0	-0.348846	3.00E-06	-2.463964	0.00E+00	0	0	0	-0.13	0	0.305	0	0	0
4.808	-46.282486	814.062134	-134.448181	0.186411	0	-0.349165	1.00E-05	-2.463964	4.00E-06	0	0	0	-0.13	0	0.305	0	0	0
4.809	-46.282486	814.769165	-135.466888	0.186329	0	-0.349165	1.00E-05	-2.441353	4.00E-06	0	0	0	-0.13	0	0.305	0	0	0
4.81	-46.361057	814.769165	-135.702209	0.186223	0	-0.349254	1.00E-05	-2.366005	4.00E-06	0	0	0	-0.13	0	0.305	0	0	0
4.811	-46.519646	814.913452	-136.48555	0.186047	0	-0.349378	1.10E-05	-2.353693	1.00E-05	0	0	0	-0.13	0	0.305	0	0	0
4.812	-46.519646	815.779785	-136.485626	0.186032	0	-0.349726	1.40E-05	-2.189585	1.00E-05	0	0	0	-0.13	0	0.305	0	0	0
4.813	-46.447567	816.45166	-137.425842	0.186014	0	-0.349875	1.70E-05	-2.228391	1.00E-05	0	0	0	-0.13	0	0.305	0	0	0
4.814	-46.366829	816.45166	-137.817245	0.185953	0	-0.350088	1.70E-05	-2.214369	1.50E-05	0	0	0	-0.13	0	0.305	0	0	0
4.815	-46.291145	816.44397	-138.992569	0.185877	0	-0.350188	9.00E-06	-2.214369	1.50E-05	0	0	0	-0.13	0	0.305	0	0	0
4.816	-45.824036	814.373413	-139.541168	0.185737	0	-0.350538	9.00E-06	-2.065622	1.20E-05	0	0	0	-0.13	0	0.305	0	0	0
4.817	-45.666893	813.498535	-139.541168	0.18565	0	-0.350858	1.20E-05	-2.065622	6.00E-06	0	0	0	-0.13	0	0.305	0	0	0
4.818	-45.666893	811.944824	-139.541168	0.185613	0	-0.35109	1.40E-05	-2.02036	1.00E-05	0	0	0	-0.13	0	0.305	0	0	0
4.819	-45.666893	811.243225	-140.168121	0.185613	0	-0.351268	1.40E-05	-1.884331	1.00E-05	0	0	0	-0.13	0	0.305	0	0	0
4.82	-45.519127	811.243225	-141.186462	0.185409	0	-0.351284	1.40E-05	-1.78071	1.00E-05	0	0	0	-0.13	0	0.305	0	0	0
4.821	-44.972729	810.729065	-145.025818	0.185106	0	-0.351588	1.80E-05	-1.780857	1.20E-05	0	0	0	-0.13	0	0.305	0	0	0
4.822	-44.816307	808.656128	-146.122864	0.185267	0	-0.35206	2.10E-05	-1.780857	4.00E-06	0	0	0	-0.13	0	0.305	0	0	0
4.823	-44.508511	808.136963	-146.59259	0.185173	0	-0.352127	2.00E-05	-1.780857	6.00E-06	0	0	0	-0.13	0	0.305	0	0	0
4.824	-44.428497	806.067993	-148.473099	0.185173	0	-0.352218	2.00E-05	-1.718373	5.00E-06	0	0	0	-0.13	0	0.305	0	0	0
4.825	-43.727837	804.862183	-149.256729	0.184966	0	-0.352218	1.60E-05	-1.683595	6.00E-06	0	0	0	-0.13	0	0.305	0	0	0
4.826	-42.949326	804.85144	-150.980484	0.184823	0	-0.352218	1.60E-05	-1.666238	6.00E-06	0	0	0	-0.13	0	0.305	0	0	0
4.827	-42.320744	802.254333	-152.469284	0.184551	0	-0.353147	1.60E-05	-1.641303	6.00E-06	0	0	0	-0.13	0	0.305	0	0	0
4.828	-41.468712	801.737427	-152.78273	0.184823	0	-0.353147	4.00E-06	-1.578277	6.00E-06	0	0	0	-0.13	0	0.305	0	0	0
4.829	-41.464386	800.888916	-153.409332	0.184535	0	-0.353147	4.00E-06	-1.428301	5.00E-06	0	0	0	-0.13	0	0.305	0	0	0
4.83	-40.921593	797.591675	-153.879639	0.184535	0	-0.353316	1.00E-05	-1.413379	3.00E-06	0	0	0	-0.13	0	0.305	0	0	0
4.831	-39.049561	793.644653	-155.289871	0.184384	0	-0.353717	1.20E-05	-1.413379	3.00E-06	0	0	0	-0.13	0	0.305	0	0	0
4.832	-38.581013	793.448608	-155.289871	0.184384	0	-0.354086	1.20E-05	-1.379347	3.00E-06	0	0	0	-0.13	0	0.305	0	0	0
4.833	-38.111019	789.836792	-155.524734	0.184519	0	-0.354218	1.00E-05	-1.379347	7.00E-06	0	0	0	-0.13	0	0.305	0	0	0
4.834	-36.946144	789.493835	-156.70018	0.184519	0	-0.354235	9.00E-06	-1.209781	1.00E-05	0	0	0	-0.13	0	0.305	0	0	0
4.835	-36.866127	786.536865	-157.248505	0.184268	0	-0.354731	-2.00E-06	-1.209781	1.10E-05	0	0	0	-0.13	0	0.305	0	0	0
4.836	-35.303337	783.953369	-157.248505	0.184149	0	-0.354827	9.00E-06	-1.209781	1.10E-05	0	0	0	-0.13	0	0.305	0	0	0
4.837	-35.149078	782.926147	-157.091949	0.184237	0	-0.354938	6.00E-06	-1.154744	0.00E+00	0	0	0	-0.13	0	0.305	0	0	0
4.838	-34.449139	779.812988	-156.778259	0.184237	0	-0.354974	1.20E-05	-1.154744	0	0	0	0	-0.13	0	0.305	0	0	0
4.839	-33.510597	776.359619	-156.778259	0.184237	0	-0.355109	1.20E-05	-1.180422	3.00E-06	0	0	0	-0.13	0	0.305	0	0	0
4.84	-32.808498	776.201477	-156.778259	0.183915	0	-0.354974	1.20E-05	-1.196323	3.00E-06	0	0	0	-0.13	0	0.305	0	0	0
4.841	-32.574223	772.744995	-156.856476	0.183896	0	-0.354857	8.00E-06	-1.240554	3.00E-06	0	0	0	-0.13	0	0.305	0	0	0
4.842	-32.339947	768.260681	-156.699829	0.183757	0	-0.354857	3.00E-06	-1.240554	1.40E-05	0	0	0	-0.13	0	0.305	0	0	0
4.843	-32.032875	766.187256	-155.994522	0.183757	0	-0.355292	3.00E-06	-1.052923	1.40E-05	0	0	0	-0.13	0	0.305	0	0	0
4.844	-31.567211	762.403015	-155.994354	0.183757	0	-0.355783	3.00E-06	-0.980725	9.00E-06	0	0	0	-0.13	0	0.305	0	0	0
4.845	-31.255806	761.875366	-155.367386	0.183687	0	-0.355783	1.10E-05	-0.980725	3.00E-06	0	0	0	-0.13	0	0.305	0	0	0
4.846	-30.632278	754.976318	-155.289307	0.183573	0	-0.35618	1.50E-05	-0.968016	3.00E-06	0	0	0	-0.13	0	0.305	0	0	0
4.847	-30.475853	753.082764	-154.81897	0.183512	0	-0.356392	2.10E-05	-0.968016	3.00E-06	0	0	0	-0.13	0	0.305	0	0	0
4.848	-30.008026	748.945129	-154.035416	0.183512	0	-0.356529	1.50E-05	-0.934162	8.00E-06	0	0	0	-0.13	0	0.305	0	0	0
4.849	-29.465956	742.731567	-153.878632	0.183389	0	-0.356627	1.10E-05	-0.850766	8.00E-06	0	0	0	-0.13	0	0.305	0	0	0
4.85	-28.218176	741.867188	-153.800293	0.182974	0	-0.356926	9.00E-06	-0.70016	9.00E-06	0	0	0	-0.13	0	0.305	0	0	0
4.851	-27.594646	735.48999	-153.173416	0.182974	0	-0.357425	2.00E-06	-0.70016	1.00E-05	0	0	0	-0.13	0	0.305	0	0	0
4.852	-26.739008	729.972595	-152.389618	0.182974	0	-0.357717	2.00E-06	-0.70016	1.00E-05	0	0	0	-0.13	0	0.305	0	0	0
4.853	-26.266851	724.454834	-151.527832	0.182909	0	-0.357722	1.70E-05	-0.667126	5.00E-06	0	0	0	-0.13	0	0.305	0	0	0
4.854	-25.489063	718.436035	-150.822327	0.182909	0	-0.358102	1.70E-05	-0.667126	5.00E-06	0	0	0	-0.13	0	0.305	0	0	0
4.855	-24.399149	710.832642	-150.665863	0.182586	0	-0.358449	2.40E-05	-0.667126	1.00E-05	0	0	0	-0.13	0	0.305	0	0	0
4.856	-24.164154	707.023926	-149.412018	0.182586	0	-0.358968	2.00E-05	-0.663684	1.00E-05	0	0	0	-0.13	0	0.305	0	0	0
4.857	-23.469267	700.509888	-148.550064	0.182586	0	-0.35846	2.00E-05	-0.468435	2.00E-06	0	0	0	-0.13	0	0.305	0	0	0
4.858	-23.309237	696.542786	-147.061142	0.18248	0	-0.358925	2.00E-05	-0.468435	2.00E-06	0	0	0	-0.13	0	0.305	0	0	0
4.859	-21.827904	688.436462	-145.96431	0.182443	0	-0.358635	1.40E-05	-0.457522	1.00E-06	0	0	0	-0.13	0	0.305	0	0	0
4.86	-21.127966	682.942566	-145.023819	0.182178	0	-0.358925	8.00E-06	-0.437653	1.00E-06	0	0	0	-0.13	0	0.305	0	0	0
4.861	-20.975872	676.539917	-143.691605	0.182275	0	-0.359956	8.00E-06	-0.409537	4.00E-06	0	0	0	-0.13	0	0.305	0	0	0
4.862	-19.645191	667.764038	-143.299988	0.182275	0	-0.359956	8.00E-06	-0.3675	4.00E-06	0	0	0	-0.13	0	0.305	0	0	0
4.863	-19.57239	664.329163	-141.889465	0.182275	0	-0.359956	0.00E+00	-0.330209	4.00E-06	0	0	0	-0.13	0	0.305	0	0	0
4.864	-18.245316	657.071045	-140.870728	0.1819	0	-0.360387	0	-0.240473	4.00E-06	0	0	0	-0.13	0	0.305	0	0	0
4.865	-17.466806	649.668579	-140.008896	0.1819	0	-0.360445	2.00E-06	-0.214301	4.00E-06	0	0	0	-0.13	0	0.305	0	0	0
4.866	-17.08116	643.815308	-138.83342	0.182027	0	-0.360856	1.00E-05	-0.12658	3.00E-06	0	0	0	-0.13	0	0.305	0	0	0
4.867	-15.909065	635.367126	-137.971298	0.182175	0	-0.360856	9.00E-06	-0.043089	3.00E-06	0	0	0	-0.13	0	0.305	0	0	0
4.868	-15.909065	630.734253	-136.561066	0.182175	0	-0.360991	9.00E-06	-0.019682	3.00E-06	0	0	0	-0.13	0	0.305	0	0	0
4.869	-15.364109	621.601074	-135.855896	0.181696	0	-0.360991	9.00E-06	-0.019682	2.00E-06	0	0	0	-0.13	0	0.305	0	0	0
4.87	-15.056314	611.941895	-135.228638	0.181696	0	-0.361571	1.20E-05	0.056473	6.00E-06	0	0	0	-0.13	0	0.305	0	0	0
4.871	-14.590651	607.307373	-134.601913	0.181425	0	-0.361717	1.20E-05	0.177512	6.00E-06	0	0	0	-0.13	0	0.305	0	0	0
4.872	-14.206447	597.993713	-133.112793	0.181894	0	-0.361717	8.00E-06	0.269678	7.00E-06	0	0	0	-0.13	0	0.305	0	0	0
4.873	-12.957946	589.740479	-133.034744	0.181591	0	-0.362096	8.00E-06	0.269678	8.00E-06	0	0	0	-0.13	0	0.305	0	0	0
4.874	-11.628707	581.119141	-132.016006	0.181591	0	-0.362905	1.20E-05	0.269678	8.00E-06	0	0	0	-0.13	0	0.305	0	0	0
4.875	-10.930213	569.928162	-129.66507	0.181591	0	-0.362954	1.20E-05	0.293841	6.00E-06	0	0	0	-0.13	0	0.305	0	0	0
4.876	-10.776676	565.103882	-128.17627	0.181539	0	-0.362954	1.00E-05	0.409124	6.00E-06	0	0	0	-0.13	0	0.305	0	0	0
4.877	-10.154589	552.875	-126.530853	0.181425	0	-0.363155	7.00E-06	0.470824	4.00E-06	0	0	0	-0.13	0	0.305	0	0	0
4.878	-9.37608	544.785156	-124.336754	0.181425	0	-0.363341	7.00E-06	0.495018	7.00E-06	0	0	0	-0.13	0	0.305	0	0	0
4.879	-9.222542	537.550598	-123.239685	0.181532	0	-0.363589	7.00E-06	0.541244	4.00E-06	0	0	0	-0.13	0	0.305	0	0	0
4.88	-8.128299	526.866821	-121.045792	0.181726	0	-0.364396	9.00E-06	0.594898	5.00E-06	0	0	0	-0.13	0	0.305	0	0	0
4.881	-7.981256	518.093567	-119.556778	0.181645	0	-0.364428	-1.00E-06	0.719005	2.00E-06	0	0	0	-0.13	0	0.305	0	0	0
4.882	-7.356283	507.91394	-117.44101	0.181645	0	-0.365193	5.00E-06	0.719005	5.00E-06	0	0	0	-0.13	0	0.305	0	0	0
4.883	-6.341335	496.736511	-114.698677	0.181528	0	-0.365382	3.00E-06	0.719005	4.00E-06	0	0	0	-0.13	0	0.305	0	0	0
4.884	-6.034983	489.153198	-113.444626	0.181368	0	-0.365382	5.00E-06	0.70462	5.00E-06	0	0	0	-0.13	0	0.305	0	0	0
4.885	-5.178621	475.704559	-111.250519	0.181528	0	-0.36639	1.30E-05	0.789855	4.00E-06	0	0	0	-0.13	0	0.305	0	0	0
4.886	-5.018591	465.740997	-109.683304	0.181368	0	-0.367167	1.30E-05	0.789855	1.00E-06	0	0	0	-0.13	0	0.305	0	0	0
4.887	-4.638716	453.847595	-106.940697	0.181303	0	-0.36639	1.20E-05	0.843786	1.00E-06	0	0	0	-0.13	0	0.305	0	0	0
4.888	-3.468788	442.839478	-104.19812	0.181303	0	-0.36732	1.00E-05	0.896999	1.00E-06	0	0	0	-0.13	0	0.305	0	0	0
4.889	-3.467344	430.95343	-101.299049	0.181303	0	-0.368144	9.00E-06	0.843786	4.00E-06	0	0	0	-0.13	0	0.305	0	0	0
4.89	-3.082418	420.782654	-97.537567	0.181311	0	-0.368635	6.00E-06	0.833401	4.00E-06	0	0	0	-0.13	0	0.305	0	0	0
4.891	-3.005291	409.249603	-95.029907	0.181379	0	-0.36903	9.00E-06	0.833401	4.00E-06	0	0	0	-0.13	0	0.305	0	0	0
4.892	-2.463219	400.13031	-90.720482	0.181379	0	-0.369156	1.00E-05	1.006191	4.00E-06	0	0	0	-0.13	0	0.305	0	0	0
4.893	-2.077574	386.519714	-87.89949	0.181287	0	-0.369156	1.00E-05	1.006191	4.00E-06	0	0	0	-0.13	0	0.305	0	0	0
4.894	-1.22049	378.601227	-84.529953	0.181287	0	-0.3701	1.10E-05	0.979065	4.00E-06	0	0	0	-0.13	0	0.305	0	0	0
4.895	-0.909809	367.054565	-80.768723	0.181355	0	-0.36988	7.00E-06	0.979065	4.00E-06	0	0	0	-0.13	0	0.305	0	0	0
4.896	-0.371346	357.767944	-76.223701	0.181747	0	-0.371318	5.00E-06	1.08727	5.00E-06	0	0	0	-0.13	0	0.305	0	0	0
4.897	0.17289	346.566162	-72.932686	0.181747	0	-0.371387	5.00E-06	1.08727	5.00E-06	0	0	0	-0.13	0	0.305	0	0	0
4.898	0.562145	335.892487	-68.309662	0.18125	0	-0.371401	5.00E-06	1.143377	5.00E-06	0	0	0	-0.13	0	0.305	0	0	0
4.899	0.562145	327.447449	-64.39164	0.18125	0	-0.371929	2.00E-06	1.115986	2.00E-06	0	0	0	-0.13	0	0.305	0	0	0
4.9	0.784153	316.420776	-59.690002	0.182044	0	-0.37418	2.00E-06	1.143377	5.00E-06	0	0	0	-0.13	0	0.305	0	0	0
4.901	0.784153	308.334839	-54.831974	0.182044	0	-0.37418	2.00E-06	1.270559	1.00E-06	0	0	0	-0.13	0	0.305	0	0	0
4.902	1.168356	299.721344	-51.462555	0.181817	0	-0.374383	2.00E-06	1.273056	1.00E-06	0	0	0	-0.13	0	0.305	0	0	0
4.903	2.262598	290.757141	-48.798393	0.181586	0	-0.374498	3.00E-06	1.273056	1.00E-06	0	0	0	-0.13	0	0.305	0	0	0
4.904	3.121124	280.950928	-46.525963	0.181586	0	-0.374498	3.00E-06	1.273056	1.00E-06	0	0	0	-0.13	0	0.305	0	0	0
4.905	3.268888	276.466919	-43.391335	0.182543	0	-0.374498	3.00E-06	1.284225	1.00E-06	0	0	0	-0.13	0	0.305	0	0	0
4.906	3.427475	263.037201	-39.943665	0.182557	0	-0.374998	4.00E-06	1.334247	1.00E-06	0	0	0	-0.13	0	0.305	0	0	0
4.907	3.812405	257.010681	-37.906506	0.182557	0	-0.375284	5.00E-06	1.443755	3.00E-06	0	0	0	-0.13	0	0.305	0	0	0
4.908	3.88809	250.967194	-33.988533	0.182501	0	-0.375452	5.00E-06	1.443755	3.00E-06	0	0	0	-0.13	0	0.305	0	0	0
4.909	5.293015	239.943207	-29.522121	0.182499	0	-0.377146	8.00E-06	1.288219	2.00E-06	0	0	0	-0.13	0	0.305	0	0	0
4.91	5.293015	234.600189	-25.134245	0.182174	0	-0.377146	4.00E-06	1.288219	1.00E-06	0	0	0	-0.13	0	0.305	0	0	0
4.911	5.293015	224.960602	-21.29472	0.182174	0	-0.377146	4.00E-06	1.320187	1.00E-06	0	0	0	-0.13	0	0.305	0	0	0
4.912	5.134424	219.450928	-18.395847	0.182076	0	-0.377901	4.00E-06	1.337757	1.00E-06	0	0	0	-0.13	0	0.305	0	0	0
4.913	5.370142	213.259308	-17.142075	0.182566	0	-0.378936	4.00E-06	1.337757	1.00E-06	0	0	0	-0.13	0	0.305	0	0	0
4.914	5.134424	205.161072	-13.850986	0.182566	0	-0.378936	6.00E-06	1.337757	1.00E-06	0	0	0	-0.13	0	0.305	0	0	0
4.915	4.900873	201.731613	-10.325306	0.183111	0	-0.380462	2.00E-06	1.337842	1.00E-06	0	0	0	-0.13	0	0.305	0	0	0
4.916	4.900873	195.68924	-8.131287	0.183111	0	-0.380691	4.00E-06	1.365552	1.00E-06	0	0	0	-0.13	0	0.305	0	0	0
4.917	5.052967	185.874939	-7.425995	0.1831	0	-0.380741	4.00E-06	1.365552	1.00E-06	0	0	0	-0.13	0	0.305	0	0	0
4.918	5.052967	180.205215	-6.485825	0.182402	0	-0.381647	5.00E-06	1.190577	2.00E-06	0	0	0	-0.13	0	0.305	0	0	0
4.919	4.668041	170.906586	-5.937389	0.1831	0	-0.380741	7.00E-06	1.190577	3.00E-06	0	0	0	-0.13	0	0.305	0	0	0
4.92	4.043072	167.823151	-5.153763	0.182665	0	-0.383806	7.00E-06	1.173663	2.00E-06	0	0	0	-0.13	0	0.305	0	0	0
4.921	4.043072	161.9505	-4.056854	0.182665	0	-0.381604	4.00E-06	1.260486	2.00E-06	0	0	0	-0.13	0	0.305	0	0	0
4.922	4.043072	157.493118	-3.821819	0.182665	0	-0.383441	4.00E-06	1.221606	2.00E-06	0	0	0	-0.13	0	0.305	0	0	0
4.923	3.730223	152.330994	-3.665119	0.183346	0	-0.383441	3.00E-06	1.221606	2.00E-06	0	0	0	-0.13	0	0.305	0	0	0
4.924	3.260231	145.099838	-3.038315	0.183346	0	-0.384348	5.00E-06	1.203125	3.00E-06	0	0	0	-0.13	0	0.305	0	0	0
4.925	3.029564	137.876038	-2.489639	0.182311	0	-0.38599	2.00E-06	1.165209	3.00E-06	0	0	0	-0.13	0	0.305	0	0	0
4.926	3.029564	130.293137	-2.176357	0.18136	0	-0.38599	2.00E-06	1.105271	1.00E-06	0	0	0	-0.13	0	0.305	0	0	0
4.927	3.029564	125.139488	-1.549553	0.18136	0	-0.38599	2.00E-06	1.073708	1.00E-06	0	0	0	-0.13	0	0.305	0	0	0
4.928	2.953876	121.532242	-0.922626	0.181824	0	-0.38713	4.00E-06	0.99885	1.00E-06	0	0	0	-0.13	0	0.305	0	0	0
4.929	2.953876	113.601379	-0.766006	0.181824	0	-0.383532	4.00E-06	0.99885	1.00E-06	0	0	0	-0.13	0	0.305	0	0	0
4.93	2.721045	111.040604	-0.531013	0.181824	0	-0.385799	4.00E-06	1.035194	1.00E-06	0	0	0	-0.13	0	0.305	0	0	0
4.931	2.721045	107.766983	-0.217693	0.181465	0	-0.385799	4.00E-06	1.087744	1.00E-06	0	0	0	-0.13	0	0.305	0	0	0
4.932	2.954597	100.358025	0.879177	0.183362	0	-0.388403	2.00E-06	1.087744	1.00E-06	0	0	0	-0.13	0	0.305	0	0	0
4.933	3.033171	94.870316	1.584354	0.183644	0	-0.391063	2.00E-06	1.056291	2.00E-06	0	0	0	-0.13	0	0.305	0	0	0
4.934	3.033171	90.73037	1.662766	0.183644	0	-0.391063	2.00E-06	1.032668	1.00E-06	0	0	0	-0.13	0	0.305	0	0	0
4.935	2.722488	85.744553	2.524521	0.183899	0	-0.389422	2.00E-06	1.027012	2.00E-06	0	0	0	-0.13	0	0.305	0	0	0
4.936	2.485327	83.345367	2.602852	0.182443	0	-0.389422	2.00E-06	1.032668	0.00E+00	0	0	0	-0.13	0	0.305	0	0	0
4.937	2.332512	78.172447	2.759556	0.182291	0	-0.38815	3.00E-06	1.060072	1.00E-06	0	0	0	-0.13	0	0.305	0	0	0
4.938	2.258268	74.734131	3.621311	0.182291	0	-0.390062	3.00E-06	1.060072	1.00E-06	0	0	0	-0.13	0	0.305	0	0	0
4.939	2.258268	72.168282	4.012962	0.186264	0	-0.38815	1.00E-06	0.989089	1.00E-06	0	0	0	-0.13	0	0.305	0	0	0
4.94	2.3354	67.697029	5.423393	0.187016	0	-0.383805	1.00E-06	0.989089	1.00E-06	0	0	0	-0.13	0	0.305	0	0	0
4.941	2.3354	65.112305	5.658104	0.186264	0	-0.383805	1.00E-06	1.088051	1.00E-06	0	0	0	-0.13	0	0.305	0	0	0
4.942	2.258268	61.322182	5.658104	0.187016	0	-0.386575	1.00E-06	1.088051	1.00E-06	0	0	0	-0.13	0	0.305	0	0	0
4.943	1.946865	59.257042	5.501606	0.187122	0	-0.390272	1.00E-06	0.972727	1.00E-06	0	0	0	-0.13	0	0.305	0	0	0
4.944	1.870457	54.782639	5.501606	0.189952	0	-0.386575	1.00E-06	0.972727	1.00E-06	0	0	0	-0.13	0	0.305	0	0	0
4.945	1.869736	52.049431	6.049755	0.189952	0	-0.388345	1.00E-06	1.025931	1.00E-06	0	0	0	-0.13	0	0.305	0	0	0
4.946	1.870457	49.456993	6.44157	0.189027	0	-0.388345	2.00E-06	1.03513	1.00E-06	0	0	0	-0.13	0	0.305	0	0	0
4.947	2.104731	46.354633	6.598152	0.189027	0	-0.388345	1.00E-06	1.03513	1.00E-06	0	0	0	-0.13	0	0.305	0	0	0
4.948	2.104731	46.191483	7.538239	0.189901	0	-0.391148	1.00E-06	0.978633	0.00E+00	0	0	0	-0.13	0	0.305	0	0	0
4.949	1.796936	42.744263	7.773472	0.189901	0	-0.393571	0	0.949138	0	0	0	0	-0.13	0	0.305	0	0	0
4.95	1.796936	40.001831	9.183502	0.19128	0	-0.393571	0	0.949138	0	0	0	0	-0.13	0	0.305	0	0	0
4.951	1.796936	38.945679	9.18354	0.187995	0	-0.397329	0.00E+00	0.976387	0	0	0	0	-0.13	0	0.305	0	0	0
4.952	1.409845	37.394691	9.18354	0.188088	0	-0.391749	1.00E-06	0.976387	0	0	0	0	-0.13	0	0.305	0	0	0
4.953	1.327665	32.072899	9.810268	0.188088	0	-0.391749	1.00E-06	0.976387	0	0	0	0	-0.13	0	0.305	0	0	0
4.954	1.32983	30.712446	10.593773	0.188088	0	-0.38798	1.00E-06	0.976911	0	0	0	0	-0.13	0	0.305	0	0	0
4.955	1.32983	27.769794	11.220577	0.187787	0	-0.38798	0	0.976911	0	0	0	0	-0.13	0	0.305	0	0	0
4.956	1.32983	25.531826	11.533901	0.186824	0	-0.392969	0	1.003601	0	0	0	0	-0.13	0	0.305	0	0	0
4.957	1.33416	24.327209	11.690521	0.187787	0	-0.399344	0.00E+00	0.835961	0	0	0	0	-0.13	0	0.305	0	0	0
4.958	1.102772	22.768515	12.160786	0.190318	0	-0.399344	1.00E-06	0.949463	0	0	0	0	-0.13	0	0.305	0	0	0
4.959	1.102772	21.399965	12.160786	0.192978	0	-0.397333	0.00E+00	0.776399	0	0	0	0	-0.13	0	0.305	0	0	0
4.96	0	0	0	0.2	0	-0.3	0	0	0	0	0	0	-0.13	0	0.305	0	0	0
4.961	0	0	0	0.2	0	-0.3	0	0	0	0	0	0	-0.13	0	0.305	0	0	0
4.962	0	0	0	0.2	0	-0.3	0	0	0	0	0	0	-0.13	0	0.305	0	0	0
4.963	0	0	0	0.2	0	-0.3	0	0	0	0	0	0	-0.13	0	0.305	0	0	0
4.964	0	0	0	0.2	0	-0.3	0	0	0	0	0	0	-0.13	0	0.305	0	0	0
4.965	0	0	0	0.2	0	-0.3	0	0	0	0	0	0	-0.13	0	0.305	0	0	0
4.966	0	0	0	0.2	0	-0.3	0	0	0	0	0	0	-0.13	0	0.305	0	0	0
4.967	0	0	0	0.2	0	-0.3	0	0	0	0	0	0	-0.13	0	0.305	0	0	0
4.968	0	0	0	0.2	0	-0.3	0	0	0	0	0	0	-0.13	0	0.305	0	0	0
4.969	0	0	0	0.2	0	-0.3	0	0	0	0	0	0	-0.13	0	0.305	0	0	0
4.97	0	0	0	0.2	0	-0.3	0	0	0	0	0	0	-0.13	0	0.305	0	0	0
4.971	0	0	0	0.2	0	-0.3	0	0	0	0	0	0	-0.13	0	0.305	0	0	0
4.972	0	0	0	0.2	0	-0.3	0	0	0	0	0	0	-0.13	0	0.305	0	0	0
4.973	0	0	0	0.2	0	-0.3	0	0	0	0	0	0	-0.13	0	0.305	0	0	0
4.974	0	0	0	0.2	0	-0.3	0	0	0	0	0	0	-0.13	0	0.305	0	0	0
4.975	0	0	0	0.2	0	-0.3	0	0	0	0	0	0	-0.13	0	0.305	0	0	0
4.976	0	0	0	0.2	0	-0.3	0	0	0	0	0	0	-0.13	0	0.305	0	0	0
4.977	0	0	0	0.2	0	-0.3	0	0	0	0	0	0	-0.13	0	0.305	0	0	0
4.978	0	0	0	0.2	0	-0.3	0	0	0	0	0	0	-0.13	0	0.305	0	0	0
4.979	0	0	0	0.2	0	-0.3	0	0	0	0	0	0	-0.13	0	0.305	0	0	0
4.98	0	0	0	0.2	0	-0.3	0	0	0	0	0	0	-0.13	0	0.305	0	0	0
4.981	0	0	0	0.2	0	-0.3	0	0	0	0	0	0	-0.13	0	0.305	0	0	0
4.982	0	0	0	0.2	0	-0.3	0	0	0	0	0	0	-0.13	0	0.305	0	0	0
4.983	0	0	0	0.2	0	-0.3	0	0	0	0	0	0	-0.13	0	0.305	0	0	0
4.984	0	0	0	0.2	0	-0.3	0	0	0	0	0	0	-0.13	0	0.305	0	0	0
4.985	0	0	0	0.2	0	-0.3	0	0	0	0	0	0	-0.13	0	0.305	0	0	0
4.986	0	0	0	0.2	0	-0.3	0	0	0	0	0	0	-0.13	0	0.305	0	0	0
4.987	0	0	0	0.2	0	-0.3	0	0	0	0	0	0	-0.13	0	0.305	0	0	0
4.988	0	0	0	0.2	0	-0.3	0	0	0	0	0	0	-0.13	0	0.305	0	0	0
4.989	0	0	0	0.2	0	-0.3	0	0	0	0	0	0	-0.13	0	0.305	0	0	0
4.99	0	0	0	0.2	0	-0.3	0	0	0	0	0	0	-0.13	0	0.305	0	0	0
4.991	0	0	0	0.2	0	-0.3	0	0	0	0	0	0	-0.13	0	0.305	0	0	0
4.992	0	0	0	0.2	0	-0.3	0	0	0	0	0	0	-0.13	0	0.305	0	0	0
4.993	0	0	0	0.2	0	-0.3	0	0	0	0	0	0	-0.13	0	0.305	0	0	0
4.994	0	0	0	0.2	0	-0.3	0	0	0	0	0	0	-0.13	0	0.305	0	0	0
4.995	0	0	0	0.2	0	-0.3	0	0	0	0	0	0	-0.13	0	0.305	0	0	0
4.996	0	0	0	0.2	0	-0.3	0	0	0	0	0	0	-0.13	0	0.305	0	0	0
4.997	0	0	0	0.2	0	-0.3	0	0	0	0	0	0	-0.13	0	0.305	0	0	0
4.998	0	0	0	0.2	0	-0.3	0	0	0	0	0	0	-0.13	0	0.305	0	0	0
4.999	0	0	0	0.2	0	-0.3	0	0	0	0	0	0	-0.13	0	0.305	0	0	0
5	0	0	0	0.2	0	-0.3	0	0	0	0	0	0	-0.13	0	0.305	0	0	0
5.001	0	0	0	0.2	0	-0.3	0	0	0	0	0	0	-0.13	0	0.305	0	0	0
5.002	0	0	0	0.2	0	-0.3	0	0	0	0	0	0	-0.13	0	0.305	0	0	0
5.003	0	0	0	0.2	0	-0.3	0	0	0	0	0	0	-0.13	0	0.305	0	0	0
5.004	0	0	0	0.2	0	-0.3	0	0	0	0	0	0	-0.13	0	0.305	0	0	0
5.005	0	0	0	0.2	0	-0.3	0	0	0	0	0	0	-0.13	0	0.305	0	0	0
5.006	0	0	0	0.2	0	-0.3	0	0	0	0	0	0	-0.13	0	0.305	0	0	0
5.007	0	0	0	0.2	0	-0.3	0	0	0	0	0	0	-0.13	0	0.305	0	0	0
5.008	0	0	0	0.2	0	-0.3	0	0	0	0	0	0	-0.13	0	0.305	0	0	0
5.009	0	0	0	0.2	0	-0.3	0	0	0	0	0	0	-0.13	0	0.305	0	0	0
5.01	0	0	0	0.2	0	-0.3	0	0	0	0	0	0	-0.13	0	0.305	0	0	0
5.011	0	0	0	0.2	0	-0.3	0	0	0	0	0	0	-0.13	0	0.305	0	0	0
5.012	0	0	0	0.2	0	-0.3	0	0	0	0	0	0	-0.13	0	0.305	0	0	0
5.013	0	0	0	0.2	0	-0.3	0	0	0	0	0	0	-0.13	0	0.305	0	0	0
5.014	0	0	0	0.2	0	-0.3	0	0	0	0	0	0	-0.13	0	0.305	0	0	0
5.015	0	0	0	0.2	0	-0.3	0	0	0	0	0	0	-0.13	0	0.305	0	0	0
5.016	0	0	0	0.2	0	-0.3	0	0	0	0	0	0	-0.13	0	0.305	0	0	0
5.017	0	0	0	0.2	0	-0.3	0	0	0	0	0	0	-0.13	0	0.305	0	0	0
5.018	0	0	0	0.2	0	-0.3	0	0	0	0	0	0	-0.13	0	0.305	0	0	0
5.019	0	0	0	0.2	0	-0.3	0	0	0	0	0	0	-0.13	0	0.305	0	0	0
5.02	0	0	0	0.2	0	-0.3	0	0	0	0	0	0	-0.13	0	0.305	0	0	0
5.021	0	0	0	0.2	0	-0.3	0	0	0	0	0	0	-0.13	0	0.305	0	0	0
5.022	0	0	0	0.2	0	-0.3	0	0	0	0	0	0	-0.13	0	0.305	0	0	0
5.023	0	0	0	0.2	0	-0.3	0	0	0	0	0	0	-0.13	0	0.305	0	0	0
5.024	0	0	0	0.2	0	-0.3	0	0	0	0	0	0	-0.13	0	0.305	0	0	0
5.025	0	0	0	0.2	0	-0.3	0	0	0	0	0	0	-0.13	0	0.305	0	0	0
5.026	0	0	0	0.2	0	-0.3	0	0	0	0	0	0	-0.13	0	0.305	0	0	0
5.027	0	0	0	0.2	0	-0.3	0	0	0	0	0	0	-0.13	0	0.305	0	0	0
5.028	0	0	0	0.2	0	-0.3	0	0	0	0	0	0	-0.13	0	0.305	0	0	0
5.029	0	0	0	0.2	0	-0.3	0	0	0	0	0	0	-0.13	0	0.305	0	0	0
5.03	0	0	0	0.2	0	-0.3	0	0	0	0	0	0	-0.13	0	0.305	0	0	0
5.031	0	0	0	0.2	0	-0.3	0	0	0	0	0	0	-0.13	0	0.305	0	0	0
5.032	0	0	0	0.2	0	-0.3	0	0	0	0	0	0	-0.13	0	0.305	0	0	0
5.033	0	0	0	0.2	0	-0.3	0	0	0	0	0	0	-0.13	0	0.305	0	0	0
5.034	0	0	0	0.2	0	-0.3	0	0	0	0	0	0	-0.13	0	0.305	0	0	0
5.035	0	0	0	0.2	0	-0.3	0	0	0	0	0	0	-0.13	0	0.305	0	0	0
5.036	0	0	0	0.2	0	-0.3	0	0	0	0	0	0	-0.13	0	0.305	0	0	0
5.037	0	0	0	0.2	0	-0.3	0	0	0	0	0	0	-0.13	0	0.305	0	0	0
5.038	0	0	0	0.2	0	-0.3	0	0	0	0	0	0	-0.13	0	0.305	0	0	0
5.039	0	0	0	0.2	0	-0.3	0	0	0	0	0	0	-0.13	0	0.305	0	0	0
5.04	0	0	0	0.2	0	-0.3	0	0	0	0	0	0	-0.13	0	0.305	0	0	0
5.041	0	0	0	0.2	0	-0.3	0	0	0	0	0	0	-0.13	0	0.305	0	0	0
5.042	0	0	0	0.2	0	-0.3	0	0	0	0	0	0	-0.13	0	0.305	0	0	0
5.043	0	0	0	0.2	0	-0.3	0	0	0	0	0	0	-0.13	0	0.305	0	0	0
5.044	0	0	0	0.2	0	-0.3	0	0	0	0	0	0	-0.13	0	0.305	0	0	0
5.045	0	0	0	0.2	0	-0.3	0	0	0	0	0	0	-0.13	0	0.305	0	0	0
5.046	0	0	0	0.2	0	-0.3	0	0	0	0	0	0	-0.13	0	0.305	0	0	0
5.047	0	0	0	0.2	0	-0.3	0	0	0	0	0	0	-0.13	0	0.305	0	0	0
5.048	0	0	0	0.2	0	-0.3	0	0	0	0	0	0	-0.13	0	0.305	0	0	0
5.049	0	0	0	0.2	0	-0.3	0	0	0	0	0	0	-0.13	0	0.305	0	0	0
5.05	0	0	0	0.2	0	-0.3	0	0	0	0	0	0	-0.13	0	0.305	0	0	0
5.051	0	0	0	0.2	0	-0.3	0	0	0	0	0	0	-0.13	0	0.305	0	0	0
5.052	0	0	0	0.2	0	-0.3	0	0	0	0	0	0	-0.13	0	0.305	0	0	0
5.053	0	0	0	0.2	0	-0.3	0	0	0	0	0	0	-0.13	0	0.305	0	0	0
5.054	0	0	0	0.2	0	-0.3	0	0	0	0	0	0	-0.13	0	0.305	0	0	0
5.055	0	0	0	0.2	0	-0.3	0	0	0	0	0	0	-0.13	0	0.305	0	0	0
5.056	0	0	0	0.2	0	-0.3	0	0	0	0	0	0	-0.13	0	0.305	0	0	0
5.057	0	0	0	0.2	0	-0.3	0	0	0	0	0	0	-0.13	0	0.305	0	0	0
5.058	0	0	0	0.2	0	-0.3	0	0	0	0	0	0	-0.13	0	0.305	0	0	0
5.059	0	0	0	0.2	0	-0.3	0	0	0	0	0	0	-0.13	0	0.305	0	0	0
5.06	0	0	0	0.2	0	-0.3	0	0	0	0	0	0	-0.13	0	0.305	0	0	0
5.061	0	0	0	0.2	0	-0.3	0	0	0	0	0	0	-0.13	0	0.305	0	0	0
5.062	0	0	0	0.2	0	-0.3	0	0	0	0	0	0	-0.13	0	0.305	0	0	0
5.063	0	0	0	0.2	0	-0.3	0	0	0	0	0	0	-0.13	0	0.305	0	0	0
5.064	0	0	0	0.2	0	-0.3	0	0	0	0	0	0	-0.13	0	0.305	0	0	0
5.065	0	0	0	0.2	0	-0.3	0	0	0	0	0	0	-0.13	0	0.305	0	0	0
5.066	0	0	0	0.2	0	-0.3	0	0	0	0	0	0	-0.13	0	0.305	0	0	0
5.067	0	0	0	0.2	0	-0.3	0	0	0	0	0	0	-0.13	0	0.305	0	0	0
5.068	0	0	0	0.2	0	-0.3	0	0	0	0	0	0	-0.13	0	0.305	0	0	0
5.069	0	0	0	0.2	0	-0.3	0	0	0	0	0	0	-0.13	0	0.305	0	0	0
5.07	0	0	0	0.2	0	-0.3	0	0	0	0	0	0	-0.13	0	0.305	0	0	0
5.071	0	0	0	0.2	0	-0.3	0	0	0	0	0	0	-0.13	0	0.305	0	0	0
5.072	0	0	0	0.2	0	-0.3	0	0	0	0	0	0	-0.13	0	0.305	0	0	0
5.073	0	0	0	0.2	0	-0.3	0	0	0	0	0	0	-0.13	0	0.305	0	0	0
5.074	0	0	0	0.2	0	-0.3	0	0	0	0	0	0	-0.13	0	0.305	0	0	0
5.075	0	0	0	0.2	0	-0.3	0	0	0	0	0	0	-0.13	0	0.305	0	0	0
5.076	0	0	0	0.2	0	-0.3	0	0	0	0	0	0	-0.13	0	0.305	0	0	0
5.077	0	0	0	0.2	0	-0.3	0	0	0	0	0	0	-0.13	0	0.305	0	0	0
5.078	0	0	0	0.2	0	-0.3	0	0	0	0	0	0	-0.13	0	0.305	0	0	0
5.079	0	0	0	0.2	0	-0.3	0	0	0	0	0	0	-0.13	0	0.305	0	0	0
5.08	0	0	0	0.2	0	-0.3	0	0	0	0	0	0	-0.13	0	0.305	0	0	0
5.081	0	0	0	0.2	0	-0.3	0	0	0	0	0	0	-0.13	0	0.305	0	0	0
5.082	0	0	0	0.2	0	-0.3	0	0	0	0	0	0	-0.13	0	0.305	0	0	0
5.083	0	0	0	0.2	0	-0.3	0	0	0	0	0	0	-0.13	0	0.305	0	0	0
5.084	0	0	0	0.2	0	-0.3	0	0	0	0	0	0	-0.13	0	0.305	0	0	0
5.085	0	0	0	0.2	0	-0.3	0	0	0	0	0	0	-0.13	0	0.305	0	0	0
5.086	0	0	0	0.2	0	-0.3	0	0	0	0	0	0	-0.13	0	0.305	0	0	0
5.087	0	0	0	0.2	0	-0.3	0	0	0	0	0	0	-0.13	0	0.305	0	0	0
5.088	0	0	0	0.2	0	-0.3	0	0	0	0	0	0	-0.13	0	0.305	0	0	0
5.089	0	0	0	0.2	0	-0.3	0	0	0	0	0	0	-0.13	0	0.305	0	0	0
5.09	0	0	0	0.2	0	-0.3	0	0	0	0	0	0	-0.13	0	0.305	0	0	0
5.091	0	0	0	0.2	0	-0.3	0	0	0	0	0	0	-0.13	0	0.305	0	0	0
5.092	0	0	0	0.2	0	-0.3	0	0	0	0	0	0	-0.13	0	0.305	0	0	0
5.093	0	0	0	0.2	0	-0.3	0	0	0	0	0	0	-0.13	0	0.305	0	0	0
5.094	0	0	0	0.2	0	-0.3	0	0	0	0	0	0	-0.13	0	0.305	0	0	0
5.095	0	0	0	0.2	0	-0.3	0	0	0	0	0	0	-0.13	0	0.305	0	0	0
5.096	0	0	0	0.2	0	-0.3	0	0	0	0	0	0	-0.13	0	0.305	0	0	0
5.097	0	0	0	0.2	0	-0.3	0	0	0	0	0	0	-0.13	0	0.305	0	0	0
5.098	0	0	0	0.2	0	-0.3	0	0	0	0	0	0	-0.13	0	0.305	0	0	0
5.099	0	0	0	0.2	0	-0.3	0	0	0	0	0	0	-0.13	0	0.305	0	0	0
5.1	0	0	0	0.2	0	-0.3	0	0	0	0	0	0	-0.13	0	0.305	0	0	0
5.101	0	0	0	0.2	0	-0.3	0	0	0	0	0	0	-0.13	0	0.305	0	0	0
5.102	0	0	0	0.2	0	-0.3	0	0	0	0	0	0	-0.13	0	0.305	0	0	0
5.103	0	0	0	0.2	0	-0.3	0	0	0	0	0	0	-0.13	0	0.305	0	0	0
5.104	0	0	0	0.2	0	-0.3	0	0	0	0	0	0	-0.13	0	0.305	0	0	0
5.105	0	0	0	0.2	0	-0.3	0	0	0	0	0	0	-0.13	0	0.305	0	0	0
5.106	0	0	0	0.2	0	-0.3	0	0	0	0	0	0	-0.13	0	0.305	0	0	0
5.107	0	0	0	0.2	0	-0.3	0	0	0	0	0	0	-0.13	0	0.305	0	0	0
5.108	0	0	0	0.2	0	-0.3	0	0	0	0	0	0	-0.13	0	0.305	0	0	0
5.109	0	0	0	0.2	0	-0.3	0	0	0	0	0	0	-0.13	0	0.305	0	0	0
5.11	0	0	0	0.2	0	-0.3	0	0	0	0	0	0	-0.13	0	0.305	0	0	0
5.111	0	0	0	0.2	0	-0.3	0	0	0	0	0	0	-0.13	0	0.305	0	0	0
5.112	0	0	0	0.2	0	-0.3	0	0	0	0	0	0	-0.13	0	0.305	0	0	0
5.113	0	0	0	0.2	0	-0.3	0	0	0	0	0	0	-0.13	0	0.305	0	0	0
5.114	0	0	0	0.2	0	-0.3	0	0	0	0	0	0	-0.13	0	0.305	0	0	0
5.115	0	0	0	0.2	0	-0.3	0	0	0	0	0	0	-0.13	0	0.305	0	0	0
5.116	0	0	0	0.2	0	-0.3	0	0	0	0	0	0	-0.13	0	0.305	0	0	0
5.117	0	0	0	0.2	0	-0.3	0	0	0	0	0	0	-0.13	0	0.305	0	0	0
5.118	0	0	0	0.2	0	-0.3	0	0	0	0	0	0	-0.13	0	0.305	0	0	0
5.119	0	0	0	0.2	0	-0.3	0	0	0	0	0	0	-0.13	0	0.305	0	0	0
5.12	0	0	0	0.2	0	-0.3	0	0	0	0	0	0	-0.13	0	0.305	0	0	0
5.121	0	0	0	0.2	0	-0.3	0	0	0	0	0	0	-0.13	0	0.305	0	0	0
5.122	0	0	0	0.2	0	-0.3	0	0	0	0	0	0	-0.13	0	0.305	0	0	0
5.123	0	0	0	0.2	0	-0.3	0	0	0	0	0	0	-0.13	0	0.305	0	0	0
5.124	0	0	0	0.2	0	-0.3	0	0	0	0	0	0	-0.13	0	0.305	0	0	0
5.125	0	0	0	0.2	0	-0.3	0	0	0	0	0	0	-0.13	0	0.305	0	0	0
5.126	0	0	0	0.2	0	-0.3	0	0	0	0	0	0	-0.13	0	0.305	0	0	0
5.127	0	0	0	0.2	0	-0.3	0	0	0	0	0	0	-0.13	0	0.305	0	0	0
5.128	0	0	0	0.2	0	-0.3	0	0	0	0	0	0	-0.13	0	0.305	0	0	0
5.129	0	0	0	0.2	0	-0.3	0	0	0	0	0	0	-0.13	0	0.305	0	0	0
5.13	0	0	0	0.2	0	-0.3	0	0	0	0	0	0	-0.13	0	0.305	0	0	0
5.131	0	0	0	0.2	0	-0.3	0	0	0	0	0	0	-0.13	0	0.305	0	0	0
5.132	0	0	0	0.2	0	-0.3	0	0	0	0	0	0	-0.13	0	0.305	0	0	0
5.133	0	0	0	0.2	0	-0.3	0	0	0	0	0	0	-0.13	0	0.305	0	0	0
5.134	0	0	0	0.2	0	-0.3	0	0	0	0	0	0	-0.13	0	0.305	0	0	0
5.135	0	0	0	0.2	0	-0.3	0	0	0	0	0	0	-0.13	0	0.305	0	0	0
5.136	0	0	0	0.2	0	-0.3	0	0	0	0	0	0	-0.13	0	0.305	0	0	0
5.137	0	0	0	0.2	0	-0.3	0	0	0	0	0	0	-0.13	0	0.305	0	0	0
5.138	0	0	0	0.2	0	-0.3	0	0	0	0	0	0	-0.13	0	0.305	0	0	0
5.139	0	0	0	0.2	0	-0.3	0	0	0	0	0	0	-0.13	0	0.305	0	0	0
5.14	0	0	0	0.2	0	-0.3	0	0	0	0	0	0	-0.13	0	0.305	0	0	0
5.141	0	0	0	0.2	0	-0.3	0	0	0	0	0	0	-0.13	0	0.305	0	0	0
5.142	0	0	0	0.2	0	-0.3	0	0	0	0	0	0	-0.13	0	0.305	0	0	0
5.143	0	0	0	0.2	0	-0.3	0	0	0	0	0	0	-0.13	0	0.305	0	0	0
5.144	0	0	0	0.2	0	-0.3	0	0	0	0	0	0	-0.13	0	0.305	0	0	0
5.145	0	0	0	0.2	0	-0.3	0	0	0	0	0	0	-0.13	0	0.305	0	0	0
5.146	0	0	0	0.2	0	-0.3	0	0	0	0	0	0	-0.13	0	0.305	0	0	0
5.147	0	0	0	0.2	0	-0.3	0	0	0	0	0	0	-0.13	0	0.305	0	0	0
5.148	0	0	0	0.2	0	-0.3	0	0	0	0	0	0	-0.13	0	0.305	0	0	0
5.149	0	0	0	0.2	0	-0.3	0	0	0	0	0	0	-0.13	0	0.305	0	0	0
5.15	0	0	0	0.2	0	-0.3	0	0	0	0	0	0	-0.13	0	0.305	0	0	0
5.151	0	0	0	0.2	0	-0.3	0	0	0	0	0	0	-0.13	0	0.305	0	0	0
5.152	0	0	0	0.2	0	-0.3	0	0	0	0	0	0	-0.13	0	0.305	0	0	0
5.153	0	0	0	0.2	0	-0.3	0	0	0	0	0	0	-0.13	0	0.305	0	0	0
5.154	0	0	0	0.2	0	-0.3	0	0	0	0	0	0	-0.13	0	0.305	0	0	0
5.155	0	0	0	0.2	0	-0.3	0	0	0	0	0	0	-0.13	0	0.305	0	0	0
5.156	0	0	0	0.2	0	-0.3	0	0	0	0	0	0	-0.13	0	0.305	0	0	0
5.157	0	0	0	0.2	0	-0.3	0	0	0	0	0	0	-0.13	0	0.305	0	0	0
5.158	0	0	0	0.2	0	-0.3	0	0	0	0	0	0	-0.13	0	0.305	0	0	0
5.159	0	0	0	0.2	0	-0.3	0	0	0	0	0	0	-0.13	0	0.305	0	0	0
5.16	0	0	0	0.2	0	-0.3	0	0	0	0	0	0	-0.13	0	0.305	0	0	0
5.161	0	0	0	0.2	0	-0.3	0	0	0	0	0	0	-0.13	0	0.305	0	0	0
5.162	0	0	0	0.2	0	-0.3	0	0	0	0	0	0	-0.13	0	0.305	0	0	0
5.163	0	0	0	0.2	0	-0.3	0	0	0	0	0	0	-0.13	0	0.305	0	0	0
5.164	0	0	0	0.2	0	-0.3	0	0	0	0	0	0	-0.13	0	0.305	0	0	0
5.165	0	0	0	0.2	0	-0.3	0	0	0	0	0	0	-0.13	0	0.305	0	0	0
5.166	0	0	0	0.2	0	-0.3	0	0	0	0	0	0	-0.13	0	0.305	0	0	0
5.167	0	0	0	0.2	0	-0.3	0	0	0	0	0	0	-0.13	0	0.305	0	0	0
5.168	0	0	0	0.2	0	-0.3	0	0	0	0	0	0	-0.13	0	0.305	0	0	0
5.169	0	0	0	0.2	0	-0.3	0	0	0	0	0	0	-0.13	0	0.305	0	0	0
5.17	0	0	0	0.2	0	-0.3	0	0	0	0	0	0	-0.13	0	0.305	0	0	0
5.171	0	0	0	0.2	0	-0.3	0	0	0	0	0	0	-0.13	0	0.305	0	0	0
5.172	0	0	0	0.2	0	-0.3	0	0	0	0	0	0	-0.13	0	0.305	0	0	0
5.173	0	0	0	0.2	0	-0.3	0	0	0	0	0	0	-0.13	0	0.305	0	0	0
5.174	0	0	0	0.2	0	-0.3	0	0	0	0	0	0	-0.13	0	0.305	0	0	0
5.175	0	0	0	0.2	0	-0.3	0	0	0	0	0	0	-0.13	0	0.305	0	0	0
5.176	0	0	0	0.2	0	-0.3	0	0	0	0	0	0	-0.13	0	0.305	0	0	0
5.177	0	0	0	0.2	0	-0.3	0	0	0	0	0	0	-0.13	0	0.305	0	0	0
5.178	0	0	0	0.2	0	-0.3	0	0	0	0	0	0	-0.13	0	0.305	0	0	0
5.179	0	0	0	0.2	0	-0.3	0	0	0	0	0	0	-0.13	0	0.305	0	0	0
5.18	0	0	0	0.2	0	-0.3	0	0	0	0	0	0	-0.13	0	0.305	0	0	0
5.181	0	0	0	0.2	0	-0.3	0	0	0	0	0	0	-0.13	0	0.305	0	0	0
5.182	0	0	0	0.2	0	-0.3	0	0	0	0	0	0	-0.13	0	0.305	0	0	0
5.183	0	0	0	0.2	0	-0.3	0	0	0	0	0	0	-0.13	0	0.305	0	0	0
5.184	0	0	0	0.2	0	-0.3	0	0	0	0	0	0	-0.13	0	0.305	0	0	0
5.185	0	0	0	0.2	0	-0.3	0	0	0	0	0	0	-0.13	0	0.305	0	0	0
5.186	0	0	0	0.2	0	-0.3	0	0	0	0	0	0	-0.13	0	0.305	0	0	0
5.187	0	0	0	0.2	0	-0.3	0	0	0	0	0	0	-0.13	0	0.305	0	0	0
5.188	0	0	0	0.2	0	-0.3	0	0	0	0	0	0	-0.13	0	0.305	0	0	0
5.189	0	0	0	0.2	0	-0.3	0	0	0	0	0	0	-0.13	0	0.305	0	0	0
5.19	0	0	0	0.2	0	-0.3	0	0	0	0	0	0	-0.13	0	0.305	0	0	0
5.191	0	0	0	0.2	0	-0.3	0	0	0	0	0	0	-0.13	0	0.305	0	0	0
5.192	0	0	0	0.2	0	-0.3	0	0	0	0	0	0	-0.13	0	0.305	0	0	0
5.193	0	0	0	0.2	0	-0.3	0	0	0	0	0	0	-0.13	0	0.305	0	0	0
5.194	0	0	0	0.2	0	-0.3	0	0	0	0	0	0	-0.13	0	0.305	0	0	0
5.195	0	0	0	0.2	0	-0.3	0	0	0	0	0	0	-0.13	0	0.305	0	0	0
5.196	0	0	0	0.2	0	-0.3	0	0	0	0	0	0	-0.13	0	0.305	0	0	0
5.197	0	0	0	0.2	0	-0.3	0	0	0	0	0	0	-0.13	0	0.305	0	0	0
5.198	0	0	0	0.2	0	-0.3	0	0	0	0	0	0	-0.13	0	0.305	0	0	0
5.199	0	0	0	0.2	0	-0.3	0	0	0	0	0	0	-0.13	0	0.305	0	0	0
5.2	0	0	0	0.2	0	-0.3	0	0	0	0	0	0	-0.13	0	0.305	0	0	0
5.201	0	0	0	0.2	0	-0.3	0	0	0	0	0	0	-0.13	0	0.305	0	0	0
5.202	0	0	0	0.2	0	-0.3	0	0	0	0	0	0	-0.13	0	0.305	0	0	0
5.203	0	0	0	0.2	0	-0.3	0	0	0	0	0	0	-0.13	0	0.305	0	0	0
5.204	0	0	0	0.2	0	-0.3	0	0	0	0	0	0	-0.13	0	0.305	0	0	0
5.205	0	0	0	0.2	0	-0.3	0	0	0	0	0	0	-0.13	0	0.305	0	0	0
5.206	0	0	0	0.2	0	-0.3	0	0	0	0	0	0	-0.13	0	0.305	0	0	0
5.207	0	0	0	0.2	0	-0.3	0	0	0	0	0	0	-0.13	0	0.305	0	0	0
5.208	0	0	0	0.2	0	-0.3	0	0	0	0	0	0	-0.13	0	0.305	0	0	0
5.209	0	0	0	0.2	0	-0.3	0	0	0	0	0	0	-0.13	0	0.305	0	0	0
5.21	0	0	0	0.2	0	-0.3	0	0	0	0	0	0	-0.13	0	0.305	0	0	0
5.211	0	0	0	0.2	0	-0.3	0	0	0	0	0	0	-0.13	0	0.305	0	0	0
5.212	0	0	0	0.2	0	-0.3	0	0	0	0	0	0	-0.13	0	0.305	0	0	0
5.213	0	0	0	0.2	0	-0.3	0	0	0	0	0	0	-0.13	0	0.305	0	0	0
5.214	0	0	0	0.2	0	-0.3	0	0	0	0	0	0	-0.13	0	0.305	0	0	0
5.215	0	0	0	0.2	0	-0.3	0	0	0	0	0	0	-0.13	0	0.305	0	0	0
5.216	0	0	0	0.2	0	-0.3	0	0	0	0	0	0	-0.13	0	0.305	0	0	0
5.217	0	0	0	0.2	0	-0.3	0	0	0	0	0	0	-0.13	0	0.305	0	0	0
5.218	0	0	0	0.2	0	-0.3	0	0	0	0	0	0	-0.13	0	0.305	0	0	0
5.219	0	0	0	0.2	0	-0.3	0	0	0	0	0	0	-0.13	0	0.305	0	0	0
5.22	0	0	0	0.2	0	-0.3	0	0	0	0	0	0	-0.13	0	0.305	0	0	0
5.221	0	0	0	0.2	0	-0.3	0	0	0	0	0	0	-0.13	0	0.305	0	0	0
5.222	0	0	0	0.2	0	-0.3	0	0	0	0	0	0	-0.13	0	0.305	0	0	0
5.223	0	0	0	0.2	0	-0.3	0	0	0	0	0	0	-0.13	0	0.305	0	0	0
5.224	0	0	0	0.2	0	-0.3	0	0	0	0	0	0	-0.13	0	0.305	0	0	0
5.225	0	0	0	0.2	0	-0.3	0	0	0	0	0	0	-0.13	0	0.305	0	0	0
5.226	0	0	0	0.2	0	-0.3	0	0	0	0	0	0	-0.13	0	0.305	0	0	0
5.227	0	0	0	0.2	0	-0.3	0	0	0	0	0	0	-0.13	0	0.305	0	0	0
5.228	0	0	0	0.2	0	-0.3	0	0	0	0	0	0	-0.13	0	0.305	0	0	0
5.229	0	0	0	0.2	0	-0.3	0	0	0	0	0	0	-0.13	0	0.305	0	0	0
5.23	0	0	0	0.2	0	-0.3	0	0	0	0	0	0	-0.13	0	0.305	0	0	0
5.231	0	0	0	0.2	0	-0.3	0	0	0	0	0	0	-0.13	0	0.305	0	0	0
5.232	0	0	0	0.2	0	-0.3	0	0	0	0	0	0	-0.13	0	0.305	0	0	0
5.233	0	0	0	0.2	0	-0.3	0	0	0	0	0	0	-0.13	0	0.305	0	0	0
5.234	0	0	0	0.2	0	-0.3	0	0	0	0	0	0	-0.13	0	0.305	0	0	0
5.235	0	0	0	0.2	0	-0.3	0	0	0	0	0	0	-0.13	0	0.305	0	0	0
5.236	0	0	0	0.2	0	-0.3	0	0	0	0	0	0	-0.13	0	0.305	0	0	0
5.237	0	0	0	0.2	0	-0.3	0	0	0	0	0	0	-0.13	0	0.305	0	0	0
5.238	0	0	0	0.2	0	-0.3	0	0	0	0	0	0	-0.13	0	0.305	0	0	0
5.239	0	0	0	0.2	0	-0.3	0	0	0	0	0	0	-0.13	0	0.305	0	0	0
5.24	0	0	0	0.2	0	-0.3	0	0	0	0	0	0	-0.13	0	0.305	0	0	0
5.241	0	0	0	0.2	0	-0.3	0	0	0	0	0	0	-0.13	0	0.305	0	0	0
5.242	0	0	0	0.2	0	-0.3	0	0	0	0	0	0	-0.13	0	0.305	0	0	0
5.243	0	0	0	0.2	0	-0.3	0	0	0	0	0	0	-0.13	0	0.305	0	0	0
5.244	0	0	0	0.2	0	-0.3	0	0	0	0	0	0	-0.13	0	0.305	0	0	0
5.245	0	0	0	0.2	0	-0.3	0	0	0	0	0	0	-0.13	0	0.305	0	0	0
5.246	0	0	0	0.2	0	-0.3	0	0	0	0	0	0	-0.13	0	0.305	0	0	0
5.247	0	0	0	0.2	0	-0.3	0	0	0	0	0	0	-0.13	0	0.305	0	0	0
5.248	0	0	0	0.2	0	-0.3	0	0	0	0	0	0	-0.13	0	0.305	0	0	0
5.249	0	0	0	0.2	0	-0.3	0	0	0	0	0	0	-0.13	0	0.305	0	0	0
5.25	0	0	0	0.2	0	-0.3	0	0	0	0	0	0	-0.13	0	0.305	0	0	0
5.251	0	0	0	0.2	0	-0.3	0	0	0	0	0	0	-0.13	0	0.305	0	0	0
5.252	0	0	0	0.2	0	-0.3	0	0	0	0	0	0	-0.13	0	0.305	0	0	0
5.253	0	0	0	0.2	0	-0.3	0	0	0	0	0	0	-0.13	0	0.305	0	0	0
5.254	0	0	0	0.2	0	-0.3	0	0	0	0	0	0	-0.13	0	0.305	0	0	0
5.255	0	0	0	0.2	0	-0.3	0	0	0	0	0	0	-0.13	0	0.305	0	0	0
5.256	0	0	0	0.2	0	-0.3	0	0	0	0	0	0	-0.13	0	0.305	0	0	0
5.257	0	0	0	0.2	0	-0.3	0	0	0	0	0	0	-0.13	0	0.305	0	0	0
5.258	0	0	0	0.2	0	-0.3	0	0	0	0	0	0	-0.13	0	0.305	0	0	0
5.259	0	0	0	0.2	0	-0.3	0	0	0	0	0	0	-0.13	0	0.305	0	0	0
5.26	0	0	0	0.2	0	-0.3	0	0	0	0	0	0	-0.13	0	0.305	0	0	0
5.261	0	0	0	0.2	0	-0.3	0	0	0	0	0	0	-0.13	0	0.305	0	0	0
5.262	0	0	0	0.2	0	-0.3	0	0	0	0	0	0	-0.13	0	0.305	0	0	0
5.263	0	0	0	0.2	0	-0.3	0	0	0	0	0	0	-0.13	0	0.305	0	0	0
5.264	0	0	0	0.2	0	-0.3	0	0	0	0	0	0	-0.13	0	0.305	0	0	0
5.265	0	0	0	0.2	0	-0.3	0	0	0	0	0	0	-0.13	0	0.305	0	0	0
5.266	0	0	0	0.2	0	-0.3	0	0	0	0	0	0	-0.13	0	0.305	0	0	0
5.267	0	0	0	0.2	0	-0.3	0	0	0	0	0	0	-0.13	0	0.305	0	0	0
5.268	0	0	0	0.2	0	-0.3	0	0	0	0	0	0	-0.13	0	0.305	0	0	0
5.269	0	0	0	0.2	0	-0.3	0	0	0	0	0	0	-0.13	0	0.305	0	0	0
5.27	0	0	0	0.2	0	-0.3	0	0	0	0	0	0	-0.13	0	0.305	0	0	0
5.271	0	0	0	0.2	0	-0.3	0	0	0	0	0	0	-0.13	0	0.305	0	0	0
5.272	0	0	0	0.2	0	-0.3	0	0	0	0	0	0	-0.13	0	0.305	0	0	0
5.273	0	0	0	0.2	0	-0.3	0	0	0	0	0	0	-0.13	0	0.305	0	0	0
5.274	0	0	0	0.2	0	-0.3	0	0	0	0	0	0	-0.13	0	0.305	0	0	0
5.275	0	0	0	0.2	0	-0.3	0	0	0	0	0	0	-0.13	0	0.305	0	0	0
5.276	0	0	0	0.2	0	-0.3	0	0	0	0	0	0	-0.13	0	0.305	0	0	0
5.277	0	0	0	0.2	0	-0.3	0	0	0	0	0	0	-0.13	0	0.305	0	0	0
5.278	0	0	0	0.2	0	-0.3	0	0	0	0	0	0	-0.13	0	0.305	0	0	0
5.279	0	0	0	0.2	0	-0.3	0	0	0	0	0	0	-0.13	0	0.305	0	0	0
5.28	0	0	0	0.2	0	-0.3	0	0	0	0	0	0	-0.13	0	0.305	0	0	0
5.281	0	0	0	0.2	0	-0.3	0	0	0	0	0	0	-0.13	0	0.305	0	0	0
5.282	0	0	0	0.2	0	-0.3	0	0	0	0	0	0	-0.13	0	0.305	0	0	0
5.283	0	0	0	0.2	0	-0.3	0	0	0	0	0	0	-0.13	0	0.305	0	0	0
5.284	0	0	0	0.2	0	-0.3	0	0	0	0	0	0	-0.13	0	0.305	0	0	0
5.285	0	0	0	0.2	0	-0.3	0	0	0	0	0	0	-0.13	0	0.305	0	0	0
5.286	0	0	0	0.2	0	-0.3	0	0	0	0	0	0	-0.13	0	0.305	0	0	0
5.287	0	0	0	0.2	0	-0.3	0	0	0	0	0	0	-0.13	0	0.305	0	0	0
5.288	0	0	0	0.2	0	-0.3	0	0	0	0	0	0	-0.13	0	0.305	0	0	0
5.289	0	0	0	0.2	0	-0.3	0	0	0	0	0	0	-0.13	0	0.305	0	0	0
5.29	0	0	0	0.2	0	-0.3	0	0	0	0	0	0	-0.13	0	0.305	0	0	0
5.291	0	0	0	0.2	0	-0.3	0	0	0	0	0	0	-0.13	0	0.305	0	0	0
5.292	0	0	0	0.2	0	-0.3	0	0	0	0	0	0	-0.13	0	0.305	0	0	0
5.293	0	0	0	0.2	0	-0.3	0	0	0	0	0	0	-0.13	0	0.305	0	0	0
5.294	0	0	0	0.2	0	-0.3	0	0	0	0	0	0	-0.13	0	0.305	0	0	0
5.295	0	0	0	0.2	0	-0.3	0	0	0	0	0	0	-0.13	0	0.305	0	0	0
5.296	0	0	0	0.2	0	-0.3	0	0	0	0	0	0	-0.13	0	0.305	0	0	0
5.297	0	0	0	0.2	0	-0.3	0	0	0	0	0	0	-0.13	0	0.305	0	0	0
5.298	0	0	0	0.2	0	-0.3	0	0	0	0	0	0	-0.13	0	0.305	0	0	0
5.299	0	0	0	0.2	0	-0.3	0	0	0	0	0	0	-0.13	0	0.305	0	0	0
5.3	0	0	0	0.2	0	-0.3	0	0	0	0	0	0	-0.13	0	0.305	0	0	0
5.301	0	0	0	0.2	0	-0.3	0	0	0	0	0	0	-0.13	0	0.305	0	0	0
5.302	0	0	0	0.2	0	-0.3	0	0	0	0	0	0	-0.13	0	0.305	0	0	0
5.303	0	0	0	0.2	0	-0.3	0	0	0	0	0	0	-0.13	0	0.305	0	0	0
5.304	0	0	0	0.2	0	-0.3	0	0	0	0	0	0	-0.13	0	0.305	0	0	0
5.305	0	0	0	0.2	0	-0.3	0	0	0	0	0	0	-0.13	0	0.305	0	0	0
5.306	0	0	0	0.2	0	-0.3	0	0	0	0	0	0	-0.13	0	0.305	0	0	0
5.307	0	0	0	0.2	0	-0.3	0	0	0	0	0	0	-0.13	0	0.305	0	0	0
5.308	0	0	0	0.2	0	-0.3	0	0	0	0	0	0	-0.13	0	0.305	0	0	0
5.309	0	0	0	0.2	0	-0.3	0	0	0	0	0	0	-0.13	0	0.305	0	0	0
5.31	0	0	0	0.2	0	-0.3	0	0	0	0	0	0	-0.13	0	0.305	0	0	0
5.311	0	0	0	0.2	0	-0.3	0	0	0	0	0	0	-0.13	0	0.305	0	0	0
5.312	0	0	0	0.2	0	-0.3	0	0	0	0	0	0	-0.13	0	0.305	0	0	0
5.313	0	0	0	0.2	0	-0.3	0	0	0	0	0	0	-0.13	0	0.305	0	0	0
5.314	0	0	0	0.2	0	-0.3	0	0	0	0	0	0	-0.13	0	0.305	0	0	0
5.315	0	0	0	0.2	0	-0.3	0	0	0	0	0	0	-0.13	0	0.305	0	0	0
5.316	0	0	0	0.2	0	-0.3	0	0	0	0	0	0	-0.13	0	0.305	0	0	0
5.317	0	0	0	0.2	0	-0.3	0	0	0	0	0	0	-0.13	0	0.305	0	0	0
5.318	0	0	0	0.2	0	-0.3	0	0	0	0	0	0	-0.13	0	0.305	0	0	0
5.319	0	0	0	0.2	0	-0.3	0	0	0	0	0	0	-0.13	0	0.305	0	0	0
5.32	0	0	0	0.2	0	-0.3	0	0	0	0	0	0	-0.13	0	0.305	0	0	0
5.321	0	0	0	0.2	0	-0.3	0	0	0	0	0	0	-0.13	0	0.305	0	0	0
5.322	0	0	0	0.2	0	-0.3	0	0	0	0	0	0	-0.13	0	0.305	0	0	0
5.323	0	0	0	0.2	0	-0.3	0	0	0	0	0	0	-0.13	0	0.305	0	0	0
5.324	0	0	0	0.2	0	-0.3	0	0	0	0	0	0	-0.13	0	0.305	0	0	0
5.325	0	0	0	0.2	0	-0.3	0	0	0	0	0	0	-0.13	0	0.305	0	0	0
5.326	0	0	0	0.2	0	-0.3	0	0	0	0	0	0	-0.13	0	0.305	0	0	0
5.327	0	0	0	0.2	0	-0.3	0	0	0	0	0	0	-0.13	0	0.305	0	0	0
5.328	0	0	0	0.2	0	-0.3	0	0	0	0	0	0	-0.13	0	0.305	0	0	0
5.329	0	0	0	0.2	0	-0.3	0	0	0	0	0	0	-0.13	0	0.305	0	0	0
5.33	0	0	0	0.2	0	-0.3	0	0	0	0	0	0	-0.13	0	0.305	0	0	0
5.331	0	0	0	0.2	0	-0.3	0	0	0	0	0	0	-0.13	0	0.305	0	0	0
5.332	0	0	0	0.2	0	-0.3	0	0	0	0	0	0	-0.13	0	0.305	0	0	0
5.333	0	0	0	0.2	0	-0.3	0	0	0	0	0	0	-0.13	0	0.305	0	0	0
5.334	0	0	0	0.2	0	-0.3	0	0	0	0	0	0	-0.13	0	0.305	0	0	0
5.335	0	0	0	0.2	0	-0.3	0	0	0	0	0	0	-0.13	0	0.305	0	0	0
5.336	0	0	0	0.2	0	-0.3	0	0	0	0	0	0	-0.13	0	0.305	0	0	0
5.337	0	0	0	0.2	0	-0.3	0	0	0	0	0	0	-0.13	0	0.305	0	0	0
5.338	0	0	0	0.2	0	-0.3	0	0	0	0	0	0	-0.13	0	0.305	0	0	0
5.339	0	0	0	0.2	0	-0.3	0	0	0	0	0	0	-0.13	0	0.305	0	0	0
5.34	0	0	0	0.2	0	-0.3	0	0	0	0	0	0	-0.13	0	0.305	0	0	0
5.341	0	0	0	0.2	0	-0.3	0	0	0	0	0	0	-0.13	0	0.305	0	0	0
5.342	0	0	0	0.2	0	-0.3	0	0	0	0	0	0	-0.13	0	0.305	0	0	0
5.343	0	0	0	0.2	0	-0.3	0	0	0	0	0	0	-0.13	0	0.305	0	0	0
5.344	0	0	0	0.2	0	-0.3	0	0	0	0	0	0	-0.13	0	0.305	0	0	0
5.345	0	0	0	0.2	0	-0.3	0	0	0	0	0	0	-0.13	0	0.305	0	0	0
5.346	0	0	0	0.2	0	-0.3	0	0	0	0	0	0	-0.13	0	0.305	0	0	0
5.347	0	0	0	0.2	0	-0.3	0	0	0	0	0	0	-0.13	0	0.305	0	0	0
5.348	0	0	0	0.2	0	-0.3	0	0	0	0	0	0	-0.13	0	0.305	0	0	0
5.349	0	0	0	0.2	0	-0.3	0	0	0	0	0	0	-0.13	0	0.305	0	0	0
5.35	0	0	0	0.2	0	-0.3	0	0	0	0	0	0	-0.13	0	0.305	0	0	0
5.351	0	0	0	0.2	0	-0.3	0	0	0	0	0	0	-0.13	0	0.305	0	0	0
5.352	0	0	0	0.2	0	-0.3	0	0	0	0	0	0	-0.13	0	0.305	0	0	0
5.353	0	0	0	0.2	0	-0.3	0	0	0	0	0	0	-0.13	0	0.305	0	0	0
5.354	0	0	0	0.2	0	-0.3	0	0	0	0	0	0	-0.13	0	0.305	0	0	0
5.355	0	0	0	0.2	0	-0.3	0	0	0	0	0	0	-0.13	0	0.305	0	0	0
5.356	0	0	0	0.2	0	-0.3	0	0	0	0	0	0	-0.13	0	0.305	0	0	0
5.357	0	0	0	0.2	0	-0.3	0	0	0	0	0	0	-0.13	0	0.305	0	0	0
5.358	0	0	0	0.2	0	-0.3	0	0	0	0	0	0	-0.13	0	0.305	0	0	0
5.359	0	0	0	0.2	0	-0.3	0	0	0	0	0	0	-0.13	0	0.305	0	0	0
5.36	0	0	0	0.2	0	-0.3	0	0	0	0	0	0	-0.13	0	0.305	0	0	0
5.361	0	0	0	0.2	0	-0.3	0	0	0	0	0	0	-0.13	0	0.305	0	0	0
5.362	0	0	0	0.2	0	-0.3	0	0	0	0	0	0	-0.13	0	0.305	0	0	0
5.363	0	0	0	0.2	0	-0.3	0	0	0	0	0	0	-0.13	0	0.305	0	0	0
5.364	0	0	0	0.2	0	-0.3	0	0	0	0	0	0	-0.13	0	0.305	0	0	0
5.365	0	0	0	0.2	0	-0.3	0	0	0	0	0	0	-0.13	0	0.305	0	0	0
5.366	0	0	0	0.2	0	-0.3	0	0	0	0	0	0	-0.13	0	0.305	0	0	0
5.367	0	0	0	0.2	0	-0.3	0	0	0	0	0	0	-0.13	0	0.305	0	0	0
5.368	0	0	0	0.2	0	-0.3	0	0	0	0	0	0	-0.13	0	0.305	0	0	0
5.369	0	0	0	0.2	0	-0.3	0	0	0	0	0	0	-0.13	0	0.305	0	0	0
5.37	0	0	0	0.2	0	-0.3	0	0	0	0	0	0	-0.13	0	0.305	0	0	0
5.371	0	0	0	0.2	0	-0.3	0	0	0	0	0	0	-0.13	0	0.305	0	0	0
5.372	0	0	0	0.2	0	-0.3	0	0	0	0	0	0	-0.13	0	0.305	0	0	0
5.373	0	0	0	0.2	0	-0.3	0	0	0	0	0	0	-0.13	0	0.305	0	0	0
5.374	0	0	0	0.2	0	-0.3	0	0	0	0	0	0	-0.13	0	0.305	0	0	0
5.375	0	0	0	0.2	0	-0.3	0	0	0	0	0	0	-0.13	0	0.305	0	0	0
5.376	0	0	0	0.2	0	-0.3	0	0	0	0	0	0	-0.13	0	0.305	0	0	0
5.377	0	0	0	0.2	0	-0.3	0	0	0	0	0	0	-0.13	0	0.305	0	0	0
5.378	0	0	0	0.2	0	-0.3	0	0	0	0	0	0	-0.13	0	0.305	0	0	0
5.379	0	0	0	0.2	0	-0.3	0	0	0	0	0	0	-0.13	0	0.305	0	0	0
5.38	0	0	0	0.2	0	-0.3	0	0	0	0	0	0	-0.13	0	0.305	0	0	0
5.381	0	0	0	0.2	0	-0.3	0	0	0	0	0	0	-0.13	0	0.305	0	0	0
5.382	0	0	0	0.2	0	-0.3	0	0	0	0	0	0	-0.13	0	0.305	0	0	0
5.383	0	0	0	0.2	0	-0.3	0	0	0	0	0	0	-0.13	0	0.305	0	0	0
5.384	0	0	0	0.2	0	-0.3	0	0	0	0	0	0	-0.13	0	0.305	0	0	0
5.385	0	0	0	0.2	0	-0.3	0	0	0	0	0	0	-0.13	0	0.305	0	0	0
5.386	0	0	0	0.2	0	-0.3	0	0	0	0	0	0	-0.13	0	0.305	0	0	0
5.387	0	0	0	0.2	0	-0.3	0	0	0	0	0	0	-0.13	0	0.305	0	0	0
5.388	0	0	0	0.2	0	-0.3	0	0	0	0	0	0	-0.13	0	0.305	0	0	0
5.389	0	0	0	0.2	0	-0.3	0	0	0	0	0	0	-0.13	0	0.305	0	0	0
5.39	0	0	0	0.2	0	-0.3	0	0	0	0	0	0	-0.13	0	0.305	0	0	0
5.391	0	0	0	0.2	0	-0.3	0	0	0	0	0	0	-0.13	0	0.305	0	0	0
5.392	0	0	0	0.2	0	-0.3	0	0	0	0	0	0	-0.13	0	0.305	0	0	0
5.393	0	0	0	0.2	0	-0.3	0	0	0	0	0	0	-0.13	0	0.305	0	0	0
5.394	0	0	0	0.2	0	-0.3	0	0	0	0	0	0	-0.13	0	0.305	0	0	0
5.395	0	0	0	0.2	0	-0.3	0	0	0	0	0	0	-0.13	0	0.305	0	0	0
5.396	0	0	0	0.2	0	-0.3	0	0	0	0	0	0	-0.13	0	0.305	0	0	0
5.397	0	0	0	0.2	0	-0.3	0	0	0	0	0	0	-0.13	0	0.305	0	0	0
5.398	0	0	0	0.2	0	-0.3	0	0	0	0	0	0	-0.13	0	0.305	0	0	0
5.399	0	0	0	0.2	0	-0.3	0	0	0	0	0	0	-0.13	0	0.305	0	0	0
5.4	0	0	0	0.2	0	-0.3	0	0	0	0	0	0	-0.13	0	0.305	0	0	0
5.401	0	0	0	0.2	0	-0.3	0	0	0	0	0	0	-0.13	0	0.305	0	0	0
5.402	0	0	0	0.2	0	-0.3	0	0	0	0	0	0	-0.13	0	0.305	0	0	0
5.403	0	0	0	0.2	0	-0.3	0	0	0	0	0	0	-0.13	0	0.305	0	0	0
5.404	0	0	0	0.2	0	-0.3	0	0	0	0	0	0	-0.13	0	0.305	0	0	0
5.405	0	0	0	0.2	0	-0.3	0	0	0	0	0	0	-0.13	0	0.305	0	0	0
5.406	0	0	0	0.2	0	-0.3	0	0	0	0	0	0	-0.13	0	0.305	0	0	0
5.407	0	0	0	0.2	0	-0.3	0	0	0	0	0	0	-0.13	0	0.305	0	0	0
5.408	0	0	0	0.2	0	-0.3	0	0	0	0	0	0	-0.13	0	0.305	0	0	0
5.409	0	0	0	0.2	0	-0.3	0	0	0	0	0	0	-0.13	0	0.305	0	0	0
