Coordinates
version=1
nRows=481
nColumns=24
inDegrees=yes

Units are S.I. units (second, meters, Newtons, ...)
If the header above contains a line with 'inDegrees', this indicates whether rotational values are in degrees (yes) or radians (no).

endheader
time	pelvis_tilt	pelvis_list	pelvis_rotation	pelvis_tx	pelvis_ty	pelvis_tz	hip_flexion_r	hip_adduction_r	hip_rotation_r	knee_angle_r	ankle_angle_r	subtalar_angle_r	mtp_angle_r	hip_flexion_l	hip_adduction_l	hip_rotation_l	knee_angle_l	ankle_angle_l	subtalar_angle_l	mtp_angle_l	lumbar_extension	lumbar_bending	lumbar_rotation
      4.91000000	      5.23303976	      2.71409999	    -85.97036314	      0.04075575	      0.94344445	     -1.12613605	     24.36829692	    -10.01957027	     -5.23953532	     -1.40635102	      4.71793401	      4.63558740	      0.00000000	     -6.01000804	      8.81726833	     -6.08127710	     -7.07990385	     19.65943380	      2.59798183	      0.00000000	      0.00000000	      0.00000000	      0.00000000
      4.92000000	      4.94822685	      2.94686561	    -85.75436171	      0.03951582	      0.94313273	     -1.12100187	     24.26363522	     -9.71829818	     -5.48822889	     -1.27760111	      3.63200413	      4.03496092	      0.00000000	     -6.06454402	      8.40002074	     -5.79469829	     -7.08867548	     19.72982104	      2.42876911	      0.00000000	      0.00000000	      0.00000000	      0.00000000
      4.93000000	      4.68064508	      3.18032312	    -85.52287025	      0.03828941	      0.94279242	     -1.11585363	     24.19859800	     -9.43696303	     -5.74106156	     -1.22289528	      2.67973687	      3.37713610	      0.00000000	     -6.09815094	      7.99218917	     -5.54817184	     -7.14246107	     19.85047600	      2.37358691	      0.00000000	      0.00000000	      0.00000000	      0.00000000
      4.94000000	      4.42663725	      3.36299702	    -85.41860272	      0.03690299	      0.94249799	     -1.11055211	     24.14597709	     -9.10854475	     -5.78061296	     -1.25273980	      1.87553893	      2.54737452	      0.00000000	     -6.21162782	      7.60835180	     -5.49100388	     -7.15208059	     19.89977271	      2.34041934	      0.00000000	      0.00000000	      0.00000000	      0.00000000
      4.95000000	      4.17272215	      3.54286289	    -85.24853693	      0.03554484	      0.94225807	     -1.10524922	     24.11854079	     -8.81961751	     -6.08138298	     -1.37982248	      1.33769357	      2.17094196	      0.00000000	     -6.28662690	      7.20765523	     -5.42062521	     -7.24042198	     19.99849071	      2.39109885	      0.00000000	      0.00000000	      0.00000000	      0.00000000
      4.96000000	      3.88796925	      3.67664409	    -85.12822825	      0.03404105	      0.94212937	     -1.09989699	     24.07538173	     -8.47501101	     -6.32688090	     -1.56463136	      0.90279891	      1.85448760	      0.00000000	     -6.37878569	      6.76621446	     -5.47577915	     -7.37774066	     20.07275356	      2.47275778	      0.00000000	      0.00000000	      0.00000000	      0.00000000
      4.97000000	      3.60456947	      3.80312671	    -85.07591825	      0.03247320	      0.94206161	     -1.09453504	     24.07927699	     -8.12212067	     -6.63738295	     -1.83129134	      0.51279406	      1.81500415	      0.00000000	     -6.48018880	      6.34295744	     -5.53357044	     -7.50158104	     20.11109669	      2.46200946	      0.00000000	      0.00000000	      0.00000000	      0.00000000
      4.98000000	      3.29321730	      3.88357886	    -84.99522445	      0.03084290	      0.94214480	     -1.08912596	     24.04144101	     -7.75060667	     -7.03969139	     -2.14295468	      0.21959016	      1.85014132	      0.00000000	     -6.62038993	      5.87658924	     -5.55947478	     -7.64175017	     20.09894740	      2.41793886	      0.00000000	      0.00000000	      0.00000000	      0.00000000
      4.99000000	      2.99307055	      3.92181670	    -84.94820676	      0.02913757	      0.94234807	     -1.08368818	     23.99673348	     -7.38003231	     -7.45604896	     -2.52877251	      0.00027301	      1.96069416	      0.00000000	     -6.80743464	      5.42199783	     -5.58215416	     -7.77799302	     20.03546220	      2.32314770	      0.00000000	      0.00000000	      0.00000000	      0.00000000
      5.00000000	      2.70752177	      3.93027094	    -84.92121601	      0.02736328	      0.94267853	     -1.07821139	     23.94804754	     -7.01582842	     -7.85378463	     -2.97683565	     -0.11661736	      2.08658087	      0.00000000	     -7.00737906	      4.97303544	     -5.64305966	     -7.95152344	     19.93188974	      2.24934818	      0.00000000	      0.00000000	      0.00000000	      0.00000000
      5.01000000	      2.43552733	      3.93498897	    -84.92321931	      0.02550906	      0.94313223	     -1.07269618	     23.92129606	     -6.65639163	     -8.21671117	     -3.48144291	     -0.13431554	      2.24126254	      0.00000000	     -7.19423132	      4.53394986	     -5.72079492	     -8.15649895	     19.77289460	      2.17958494	      0.00000000	      0.00000000	      0.00000000	      0.00000000
      5.02000000	      2.18225463	      3.94304397	    -84.94263843	      0.02358257	      0.94370760	     -1.06717685	     23.91854960	     -6.31383878	     -8.55458499	     -4.03194796	     -0.07603830	      2.45065030	      0.00000000	     -7.36083001	      4.11367392	     -5.76915445	     -8.38783675	     19.53185016	      2.03320386	      0.00000000	      0.00000000	      0.00000000	      0.00000000
      5.03000000	      1.95459412	      3.94859870	    -84.97873076	      0.02163431	      0.94436332	     -1.06159984	     23.92629970	     -5.99679043	     -8.86574541	     -4.62295008	      0.07229012	      2.72201354	      0.00000000	     -7.53161644	      3.72411035	     -5.77201922	     -8.61865220	     19.22107565	      1.82873004	      0.00000000	      0.00000000	      0.00000000	      0.00000000
      5.04000000	      1.75134019	      3.94513187	    -85.01261558	      0.01967477	      0.94507667	     -1.05599291	     23.92080946	     -5.70599069	     -9.15741816	     -5.22318760	      0.27243352	      3.03370334	      0.00000000	     -7.67747924	      3.34981366	     -5.83175970	     -8.91639870	     18.89387834	      1.67770912	      0.00000000	      0.00000000	      0.00000000	      0.00000000
      5.05000000	      1.56160856	      3.93875435	    -85.04663297	      0.01770120	      0.94581824	     -1.05035115	     23.89793229	     -5.42655045	     -9.43674391	     -5.80910778	      0.48654125	      3.33261385	      0.00000000	     -7.78057217	      2.97363801	     -6.00725543	     -9.30429689	     18.59034474	      1.66784496	      0.00000000	      0.00000000	      0.00000000	      0.00000000
      5.06000000	      1.38416080	      3.91822805	    -85.06393686	      0.01571812	      0.94660118	     -1.04466065	     23.81989726	     -5.15918634	     -9.72916627	     -6.33711798	      0.72380459	      3.64423564	      0.00000000	     -7.85638591	      2.59394490	     -6.26038739	     -9.77339946	     18.27742009	      1.72991726	      0.00000000	      0.00000000	      0.00000000	      0.00000000
      5.07000000	      1.21629162	      3.88566676	    -85.07367881	      0.01370622	      0.94742278	     -1.03890385	     23.68360646	     -4.89417951	    -10.03074052	     -6.79007417	      0.93775095	      3.93676961	      0.00000000	     -7.93460035	      2.22019013	     -6.51014536	    -10.26018283	     17.92577271	      1.75332272	      0.00000000	      0.00000000	      0.00000000	      0.00000000
      5.08000000	      1.06182410	      3.83740602	    -85.06698030	      0.01166327	      0.94827805	     -1.03308854	     23.48198199	     -4.63319493	    -10.31054179	     -7.16388975	      1.12105967	      4.16656760	      0.00000000	     -8.01898260	      1.85472992	     -6.73141745	    -10.76448531	     17.53033806	      1.72160234	      0.00000000	      0.00000000	      0.00000000	      0.00000000
      5.09000000	      0.91996865	      3.79392641	    -85.04791332	      0.00960071	      0.94913366	     -1.02722648	     23.24422407	     -4.37308933	    -10.51738075	     -7.46916745	      1.23511758	      4.28336573	      0.00000000	     -8.07706502	      1.49493215	     -6.95702565	    -11.30743157	     17.11278070	      1.68033122	      0.00000000	      0.00000000	      0.00000000	      0.00000000
      5.10000000	      0.79711448	      3.79344874	    -85.01889869	      0.00751131	      0.94993694	     -1.02135603	     23.02425610	     -4.12185783	    -10.61524056	     -7.72170916	      1.29495501	      4.29797114	      0.00000000	     -8.05726618	      1.14859739	     -7.18494056	    -11.90440535	     16.66264619	      1.63915780	      0.00000000	      0.00000000	      0.00000000	      0.00000000
      5.11000000	      0.66245825	      3.77425954	    -84.96243697	      0.00541700	      0.95075966	     -1.01546573	     22.76593172	     -3.85102010	    -10.67678088	     -7.94375079	      1.32874651	      4.21617432	      0.00000000	     -8.02703895	      0.77540146	     -7.40852907	    -12.54473470	     16.22434971	      1.63167634	      0.00000000	      0.00000000	      0.00000000	      0.00000000
      5.12000000	      0.53772845	      3.79785932	    -84.89838040	      0.00328456	      0.95150665	     -1.00958006	     22.54447219	     -3.58156555	    -10.64966358	     -8.14275737	      1.36097329	      4.06993500	      0.00000000	     -7.91288558	      0.40447936	     -7.63291093	    -13.24551147	     15.75835366	      1.65665709	      0.00000000	      0.00000000	      0.00000000	      0.00000000
      5.13000000	      0.41122692	      3.83832536	    -84.80857856	      0.00116361	      0.95218300	     -1.00366963	     22.33141959	     -3.30297916	    -10.55142167	     -8.32934272	      1.39166449	      3.77005075	      0.00000000	     -7.74549596	      0.01606185	     -7.86919490	    -14.00950937	     15.31083822	      1.76848029	      0.00000000	      0.00000000	      0.00000000	      0.00000000
      5.14000000	      0.28983679	      3.87544095	    -84.72998376	     -0.00098026	      0.95277262	     -0.99776749	     22.12388358	     -3.01357757	    -10.37337879	     -8.53099634	      1.45408891	      3.34844985	      0.00000000	     -7.55527819	     -0.37697427	     -8.13370363	    -14.82655301	     14.90208042	      1.91033734	      0.00000000	      0.00000000	      0.00000000	      0.00000000
      5.15000000	      0.16141083	      3.91262865	    -84.63178908	     -0.00310604	      0.95333365	     -0.99186371	     21.89763005	     -2.72383450	    -10.22991360	     -8.70506810	      1.50905779	      3.00218163	      0.00000000	     -7.33860911	     -0.78581167	     -8.36228444	    -15.67997192	     14.45966454	      2.00542006	      0.00000000	      0.00000000	      0.00000000	      0.00000000
      5.16000000	      0.00865236	      3.95491226	    -84.52131902	     -0.00521309	      0.95386770	     -0.98596594	     21.65834000	     -2.41549764	    -10.13675516	     -8.83971259	      1.52686401	      2.72681219	      0.00000000	     -7.09092477	     -1.22822684	     -8.57718880	    -16.56776534	     13.98650821	      2.07960067	      0.00000000	      0.00000000	      0.00000000	      0.00000000
      5.17000000	     -0.16398265	      3.99126238	    -84.41100378	     -0.00737479	      0.95433834	     -0.98012449	     21.42427273	     -2.07181384	    -10.01818504	     -8.97854676	      1.55512955	      2.31856467	      0.00000000	     -6.82281906	     -1.70894787	     -8.81626896	    -17.49572157	     13.55647261	      2.21471734	      0.00000000	      0.00000000	      0.00000000	      0.00000000
      5.18000000	     -0.35959252	      4.03279499	    -84.29939693	     -0.00953285	      0.95477928	     -0.97430270	     21.18905936	     -1.70289299	     -9.93479410	     -9.09415393	      1.54893470	      1.93553687	      0.00000000	     -6.52945114	     -2.22490237	     -9.07913996	    -18.44573752	     13.09296762	      2.37316203	      0.00000000	      0.00000000	      0.00000000	      0.00000000
      5.19000000	     -0.55781780	      4.08318309	    -84.20468330	     -0.01171392	      0.95517472	     -0.96850645	     20.96259204	     -1.32059562	     -9.80567456	     -9.20141937	      1.54616176	      1.52084603	      0.00000000	     -6.20985948	     -2.75532956	     -9.39174933	    -19.41696676	     12.59272796	      2.58911402	      0.00000000	      0.00000000	      0.00000000	      0.00000000
      5.20000000	     -0.75438201	      4.13713029	    -84.10314541	     -0.01390377	      0.95552926	     -0.96276079	     20.74446548	     -0.94096979	     -9.69233332	     -9.31636766	      1.57839258	      1.14078437	      0.00000000	     -5.85876277	     -3.30268141	     -9.73631688	    -20.42351557	     12.07743137	      2.84856746	      0.00000000	      0.00000000	      0.00000000	      0.00000000
      5.21000000	     -0.94274678	      4.18902683	    -84.00319434	     -0.01611034	      0.95586563	     -0.95705437	     20.53108552	     -0.56594447	     -9.58403334	     -9.43919796	      1.63256481	      0.79805255	      0.00000000	     -5.49154560	     -3.86301748	    -10.13757808	    -21.45332035	     11.54490381	      3.15293634	      0.00000000	      0.00000000	      0.00000000	      0.00000000
      5.22000000	     -1.11694710	      4.23628403	    -83.91716809	     -0.01836393	      0.95619034	     -0.95138247	     20.31844321	     -0.18866147	     -9.39934416	     -9.56130818	      1.70021431	      0.38699097	      0.00000000	     -5.12519496	     -4.43070681	    -10.58562036	    -22.48494553	     10.96851224	      3.52475345	      0.00000000	      0.00000000	      0.00000000	      0.00000000
      5.23000000	     -1.27839617	      4.27270547	    -83.82931236	     -0.02063550	      0.95650643	     -0.94577210	     20.10079624	      0.18067127	     -9.21456869	     -9.68524331	      1.78257209	     -0.05840435	      0.00000000	     -4.75777021	     -5.00770194	    -11.04464263	    -23.52548171	     10.34679407	      3.93471460	      0.00000000	      0.00000000	      0.00000000	      0.00000000
      5.24000000	     -1.41379683	      4.30041011	    -83.74006435	     -0.02290359	      0.95679128	     -0.94024968	     19.87574093	      0.52263769	     -9.04261739	     -9.80612335	      1.91308803	     -0.52431162	      0.00000000	     -4.38030314	     -5.57660502	    -11.49050243	    -24.58465426	      9.67958676	      4.36897121	      0.00000000	      0.00000000	      0.00000000	      0.00000000
      5.25000000	     -1.52041507	      4.31725298	    -83.64440497	     -0.02514625	      0.95704758	     -0.93483854	     19.64431961	      0.82804799	     -8.91558069	     -9.93304090	      2.10681082	     -0.94897322	      0.00000000	     -3.98644232	     -6.13437234	    -11.92508659	    -25.67461937	      8.97575563	      4.81686178	      0.00000000	      0.00000000	      0.00000000	      0.00000000
      5.26000000	     -1.60882384	      4.32262772	    -83.53921776	     -0.02737035	      0.95729574	     -0.92952690	     19.40352870	      1.10701314	     -8.83768040	    -10.06000808	      2.34739953	     -1.29883507	      0.00000000	     -3.57115036	     -6.69276186	    -12.34253868	    -26.80543305	      8.24694551	      5.27386147	      0.00000000	      0.00000000	      0.00000000	      0.00000000
      5.27000000	     -1.68308655	      4.31597332	    -83.41695116	     -0.02957197	      0.95756441	     -0.92431104	     19.14960054	      1.35842917	     -8.83149510	    -10.18344449	      2.62968209	     -1.52722430	      0.00000000	     -3.12648057	     -7.25157279	    -12.71664578	    -27.98621936	      7.49448965	      5.70963491	      0.00000000	      0.00000000	      0.00000000	      0.00000000
      5.28000000	     -1.72811537	      4.28687283	    -83.28622756	     -0.03169945	      0.95789155	     -0.91918937	     18.86787744	      1.56096079	     -8.90109624	    -10.30417921	      2.95837714	     -1.59118909	      0.00000000	     -2.66280661	     -7.77731404	    -13.00725507	    -29.21493878	      6.69041372	      6.06073810	      0.00000000	      0.00000000	      0.00000000	      0.00000000
      5.29000000	     -1.77695258	      4.26224314	    -83.11958618	     -0.03374592	      0.95819009	     -0.91418823	     18.59242746	      1.74356586	     -9.05665914	    -10.42670262	      3.37218721	     -1.57107886	      0.00000000	     -2.11741164	     -8.30349217	    -13.17683167	    -30.53910560	      5.91750238	      6.32421351	      0.00000000	      0.00000000	      0.00000000	      0.00000000
      5.30000000	     -1.79732618	      4.24514514	    -82.93211107	     -0.03563325	      0.95848114	     -0.90939334	     18.34058673	      1.86766915	     -9.27983401	    -10.57302608	      3.86539039	     -1.42182046	      0.00000000	     -1.48740538	     -8.76507493	    -13.19698813	    -31.94028788	      5.11200101	      6.38681982	      0.00000000	      0.00000000	      0.00000000	      0.00000000
      5.31000000	     -1.79356445	      4.18387283	    -82.74479938	     -0.03739731	      0.95886051	     -0.90475853	     18.04368743	      1.95884456	     -9.53088527	    -10.71185694	      4.34305085	     -1.21213358	      0.00000000	     -0.85202157	     -9.17416103	    -13.12322347	    -33.37587188	      4.22095748	      6.28874019	      0.00000000	      0.00000000	      0.00000000	      0.00000000
      5.32000000	     -1.75663130	      4.12908450	    -82.58217542	     -0.03904368	      0.95923595	     -0.90028908	     17.77060891	      2.00102231	     -9.81271220	    -10.87226129	      4.83770772	     -0.87662314	      0.00000000	     -0.16645712	     -9.50880094	    -12.98356229	    -34.84069401	      3.26632722	      6.03611673	      0.00000000	      0.00000000	      0.00000000	      0.00000000
      5.33000000	     -1.73428984	      4.01866062	    -82.40883593	     -0.04056062	      0.95967401	     -0.89590687	     17.43038349	      2.05682659	    -10.13554929	    -11.00547972	      5.29673953	     -0.54803237	      0.00000000	      0.50885765	     -9.82899744	    -12.75416387	    -36.33528138	      2.30802174	      5.59679439	      0.00000000	      0.00000000	      0.00000000	      0.00000000
      5.34000000	     -1.70233049	      3.90675856	    -82.24503071	     -0.04196792	      0.96012866	     -0.89164122	     17.07797258	      2.09805811	    -10.47424568	    -11.10677053	      5.72224514	     -0.19328558	      0.00000000	      1.22277985	    -10.09548605	    -12.46157320	    -37.85204426	      1.31107697	      4.97627955	      0.00000000	      0.00000000	      0.00000000	      0.00000000
      5.35000000	     -1.67394962	      3.81161045	    -82.10199212	     -0.04329937	      0.96057296	     -0.88752218	     16.72987679	      2.14747871	    -10.75792249	    -11.16102382	      6.09944009	      0.12532430	      0.00000000	      1.99504129	    -10.31997694	    -12.13372995	    -39.39120039	      0.26930975	      4.15715044	      0.00000000	      0.00000000	      0.00000000	      0.00000000
      5.36000000	     -1.64923261	      3.64146563	    -81.96074569	     -0.04462353	      0.96114140	     -0.88347532	     16.26441854	      2.23728625	    -10.92710291	    -11.12748555	      6.38807736	      0.22115425	      0.00000000	      2.71327947	    -10.52886383	    -11.77303193	    -40.91828179	     -0.85884169	      3.18444340	      0.00000000	      0.00000000	      0.00000000	      0.00000000
      5.37000000	     -1.62267535	      3.62292642	    -81.85408561	     -0.04593177	      0.96151108	     -0.87965588	     15.98978902	      2.29902379	    -11.11927534	    -11.12147157	      6.66314286	      0.43058700	      0.00000000	      3.64026279	    -10.68206448	    -11.41588197	    -42.46938325	     -2.08067405	      2.04014294	      0.00000000	      0.00000000	      0.00000000	      0.00000000
      5.38000000	     -1.59849960	      3.52676993	    -81.74804800	     -0.04722922	      0.96198597	     -0.87588546	     15.60467077	      2.39761088	    -11.20250154	    -11.04980289	      6.86964938	      0.41483191	      0.00000000	      4.49779946	    -10.82205451	    -11.03817892	    -43.98581051	     -3.37184970	      0.78524512	      0.00000000	      0.00000000	      0.00000000	      0.00000000
      5.39000000	     -1.57926719	      3.41722852	    -81.65024540	     -0.04850298	      0.96244940	     -0.87220890	     15.19389341	      2.51459633	    -11.22490626	    -10.93961055	      7.05254180	      0.32440076	      0.00000000	      5.35698377	    -10.94171098	    -10.65128597	    -45.47826928	     -4.67966998	     -0.54489039	      0.00000000	      0.00000000	      0.00000000	      0.00000000
      5.40000000	     -1.56818617	      3.21987220	    -81.55136222	     -0.04974469	      0.96298652	     -0.86856981	     14.67195959	      2.66204808	    -11.22267210	    -10.78829674	      7.21593817	      0.16156328	      0.00000000	      6.11996846	    -11.06245498	    -10.26777594	    -46.93169611	     -5.83176924	     -1.83910151	      0.00000000	      0.00000000	      0.00000000	      0.00000000
      5.41000000	     -1.58309426	      3.07931562	    -81.46960128	     -0.05092322	      0.96339987	     -0.86498871	     14.21329479	      2.82686748	    -11.19981983	    -10.62767485	      7.36990406	      0.03729581	      0.00000000	      6.94409771	    -11.17616350	     -9.90405207	    -48.37813309	     -6.52158138	     -3.04973578	      0.00000000	      0.00000000	      0.00000000	      0.00000000
      5.42000000	     -1.61822622	      3.01604350	    -81.41639104	     -0.05206519	      0.96366418	     -0.86151724	     13.85956940	      3.00008328	    -11.15955525	    -10.48790263	      7.49180511	     -0.06964350	      0.00000000	      7.85417286	    -11.27726810	     -9.57565467	    -49.83537910	     -6.43571190	     -4.10663430	      0.00000000	      0.00000000	      0.00000000	      0.00000000
      5.43000000	     -1.62674491	      2.81339454	    -81.38216030	     -0.05313446	      0.96413153	     -0.85801059	     13.33416500	      3.17005483	    -11.11591577	    -10.31568332	      7.63019744	     -0.16406667	      0.00000000	      8.58362521	    -11.35049754	     -9.29127276	    -51.22307347	     -5.69666866	     -5.00994903	      0.00000000	      0.00000000	      0.00000000	      0.00000000
      5.44000000	     -1.59894593	      2.67343294	    -81.34922216	     -0.05409455	      0.96453390	     -0.85470196	     12.90493834	      3.27978003	    -11.08680909	    -10.18679647	      7.76558250	     -0.26734082	      0.00000000	      9.39671231	    -11.33442843	     -8.99508722	    -52.54971741	     -4.56250773	     -5.75702469	      0.00000000	      0.00000000	      0.00000000	      0.00000000
      5.45000000	     -1.53208487	      2.55908335	    -81.35078599	     -0.05501683	      0.96494830	     -0.85149112	     12.51172899	      3.34522010	    -11.02074020	    -10.06992863	      7.89367419	     -0.37279600	      0.00000000	     10.21805063	    -11.24100251	     -8.72566839	    -53.74526481	     -3.46595647	     -6.40117715	      0.00000000	      0.00000000	      0.00000000	      0.00000000
      5.46000000	     -1.44107583	      2.52386530	    -81.39780514	     -0.05594328	      0.96529300	     -0.84839603	     12.22280602	      3.37996085	    -10.88124485	     -9.97620086	      7.97613615	     -0.55511327	      0.00000000	     11.10377143	    -11.08809899	     -8.49539777	    -54.81116578	     -2.59460684	     -6.94060364	      0.00000000	      0.00000000	      0.00000000	      0.00000000
      5.47000000	     -1.33057127	      2.39153742	    -81.41370529	     -0.05682792	      0.96579017	     -0.84523515	     11.79068075	      3.41139598	    -10.77410679	     -9.82140682	      8.06173658	     -0.73567520	      0.00000000	     11.86170181	    -10.91478525	     -8.24717596	    -55.72692603	     -1.97571713	     -7.39175255	      0.00000000	      0.00000000	      0.00000000	      0.00000000
      5.48000000	     -1.20181908	      2.30257678	    -81.45257770	     -0.05769112	      0.96619899	     -0.84218692	     11.43086752	      3.41965420	    -10.63792769	     -9.70420862	      8.14826036	     -0.97743366	      0.00000000	     12.65858462	    -10.70844305	     -8.03895039	    -56.53650097	     -1.46446599	     -7.71734416	      0.00000000	      0.00000000	      0.00000000	      0.00000000
      5.49000000	     -1.06741622	      2.21622341	    -81.50931538	     -0.05848231	      0.96654470	     -0.83919627	     11.08863067	      3.41957826	    -10.49583772	     -9.60746726	      8.24193462	     -1.23343856	      0.00000000	     13.45227198	    -10.48206388	     -7.86027579	    -57.24693275	     -0.95888031	     -7.94244355	      0.00000000	      0.00000000	      0.00000000	      0.00000000
      5.50000000	     -0.94852146	      2.10762255	    -81.57157585	     -0.05923114	      0.96683229	     -0.83626967	     10.73293415	      3.43927899	    -10.34184408	     -9.51576635	      8.34035115	     -1.50430346	      0.00000000	     14.23008247	    -10.26495766	     -7.69184433	    -57.87600873	     -0.40833705	     -8.07551578	      0.00000000	      0.00000000	      0.00000000	      0.00000000
      5.51000000	     -0.87690139	      2.00865504	    -81.64258255	     -0.05995228	      0.96703060	     -0.83339336	     10.39828308	      3.51468491	    -10.12636748	     -9.41807295	      8.35002908	     -1.89596385	      0.00000000	     15.02864502	    -10.09871407	     -7.54785590	    -58.43230882	      0.20332564	     -8.16193663	      0.00000000	      0.00000000	      0.00000000	      0.00000000
      5.52000000	     -0.81509901	      1.89381765	    -81.69176672	     -0.06065369	      0.96719495	     -0.83051145	     10.03556714	      3.61604066	     -9.84433482	     -9.29228892	      8.35056483	     -2.43725852	      0.00000000	     15.81030263	     -9.95332029	     -7.41800399	    -58.89583126	      0.80691780	     -8.22054156	      0.00000000	      0.00000000	      0.00000000	      0.00000000
      5.53000000	     -0.78623500	      1.78564604	    -81.72794848	     -0.06139171	      0.96730992	     -0.82765025	      9.68184881	      3.76677718	     -9.50459257	     -9.14916622	      8.27990465	     -3.15220385	      0.00000000	     16.60584244	     -9.86260485	     -7.31574559	    -59.26373392	      1.36855362	     -8.29599081	      0.00000000	      0.00000000	      0.00000000	      0.00000000
      5.54000000	     -0.77816904	      1.68896657	    -81.73983089	     -0.06217558	      0.96738203	     -0.82476473	      9.33160411	      3.94235376	     -9.18063963	     -8.98249325	      8.18597093	     -3.91090449	      0.00000000	     17.40973149	     -9.81204390	     -7.23374471	    -59.51538867	      1.87079062	     -8.41350789	      0.00000000	      0.00000000	      0.00000000	      0.00000000
      5.55000000	     -0.77249471	      1.59191887	    -81.74162521	     -0.06292794	      0.96742149	     -0.82191725	      8.99281344	      4.10908860	     -8.88588769	     -8.83824379	      8.11464263	     -4.60144435	      0.00000000	     18.19868809	     -9.76756716	     -7.17519410	    -59.63916093	      2.32380532	     -8.62920921	      0.00000000	      0.00000000	      0.00000000	      0.00000000
      5.56000000	     -0.74577161	      1.48693133	    -81.70417838	     -0.06355629	      0.96745461	     -0.81907091	      8.64629468	      4.23360549	     -8.68904210	     -8.71353899	      8.10818051	     -5.16755757	      0.00000000	     18.95303886	     -9.68418798	     -7.11330476	    -59.61292963	      2.72102525	     -9.00251377	      0.00000000	      0.00000000	      0.00000000	      0.00000000
      5.57000000	     -0.70601279	      1.36108098	    -81.64452547	     -0.06406493	      0.96748239	     -0.81623803	      8.28719624	      4.32864623	     -8.52854555	     -8.62188805	      8.21575990	     -5.60455081	      0.00000000	     19.66068464	     -9.57419890	     -7.05132230	    -59.45060631	      3.06101402	     -9.49489004	      0.00000000	      0.00000000	      0.00000000	      0.00000000
      5.58000000	     -0.68403357	      1.24270525	    -81.58519567	     -0.06456233	      0.96748561	     -0.81339010	      7.95531677	      4.43287966	     -8.38423164	     -8.56682135	      8.31986877	     -6.01916529	      0.00000000	     20.34799315	     -9.49298025	     -7.01949188	    -59.16244922	      3.40752600	    -10.03608128	      0.00000000	      0.00000000	      0.00000000	      0.00000000
      5.59000000	     -0.66892510	      1.13628944	    -81.52689880	     -0.06505624	      0.96747295	     -0.81056542	      7.66495564	      4.53233817	     -8.26180333	     -8.56626748	      8.42661229	     -6.41151246	      0.00000000	     21.01981218	     -9.43251348	     -7.02459693	    -58.75334558	      3.77283916	    -10.56924963	      0.00000000	      0.00000000	      0.00000000	      0.00000000
      5.60000000	     -0.63960790	      1.00789101	    -81.44796563	     -0.06550643	      0.96747681	     -0.80771852	      7.36066153	      4.60527112	     -8.19891442	     -8.59894360	      8.63203762	     -6.65258725	      0.00000000	     21.63807920	     -9.36262426	     -7.04630921	    -58.22532671	      4.12155752	    -11.09043263	      0.00000000	      0.00000000	      0.00000000	      0.00000000
      5.61000000	     -0.60751806	      0.89274478	    -81.38596175	     -0.06595879	      0.96748862	     -0.80487225	      7.09236521	      4.66637848	     -8.16276877	     -8.66977368	      8.81468960	     -6.85311879	      0.00000000	     22.23265630	     -9.29876450	     -7.12402777	    -57.57097036	      4.40752608	    -11.69733211	      0.00000000	      0.00000000	      0.00000000	      0.00000000
      5.62000000	     -0.58560935	      0.77060063	    -81.34504095	     -0.06640890	      0.96749713	     -0.80200325	      6.83320821	      4.73308344	     -8.14159750	     -8.76686110	      9.03074087	     -6.98818246	      0.00000000	     22.78777688	     -9.25637203	     -7.24245816	    -56.81143581	      4.59974763	    -12.36850232	      0.00000000	      0.00000000	      0.00000000	      0.00000000
      5.63000000	     -0.56495877	      0.63902021	    -81.32986142	     -0.06683247	      0.96750979	     -0.79910654	      6.57308243	      4.79600866	     -8.10081982	     -8.88497724	      9.26920406	     -7.06428698	      0.00000000	     23.29134814	     -9.22147138	     -7.39513161	    -55.94764637	      4.73612001	    -13.03493472	      0.00000000	      0.00000000	      0.00000000	      0.00000000
      5.64000000	     -0.53356253	      0.50124697	    -81.33730618	     -0.06723026	      0.96752370	     -0.79617297	      6.30780054	      4.84681904	     -8.03230986	     -9.01850888	      9.52652329	     -7.12616904	      0.00000000	     23.73679060	     -9.18698831	     -7.59606033	    -54.97779244	      4.90379838	    -13.55653097	      0.00000000	      0.00000000	      0.00000000	      0.00000000
      5.65000000	     -0.49608877	      0.35923836	    -81.35975791	     -0.06762455	      0.96754867	     -0.79319749	      6.02542032	      4.89296991	     -7.94638642	     -9.13921782	      9.77052859	     -7.18528397	      0.00000000	     24.12687082	     -9.15807465	     -7.83945125	    -53.90409923	      5.13009952	    -13.87714544	      0.00000000	      0.00000000	      0.00000000	      0.00000000
      5.66000000	     -0.46781470	      0.20640346	    -81.39008853	     -0.06806033	      0.96758482	     -0.79017886	      5.71116031	      4.95375715	     -7.87713650	     -9.22461969	     10.00246468	     -7.22505954	      0.00000000	     24.46585281	     -9.15667816	     -8.11730243	    -52.74750911	      5.40531637	    -13.99574175	      0.00000000	      0.00000000	      0.00000000	      0.00000000
      5.67000000	     -0.45141079	     -0.01827740	    -81.43578055	     -0.06852389	      0.96771557	     -0.78709299	      5.29385885	      5.03723164	     -7.84929629	     -9.26302959	     10.22726920	     -7.17761283	      0.00000000	     24.68305761	     -9.19935716	     -8.44041624	    -51.51875082	      5.73710442	    -13.93599676	      0.00000000	      0.00000000	      0.00000000	      0.00000000
      5.68000000	     -0.42568261	     -0.20694889	    -81.47466566	     -0.06892330	      0.96777296	     -0.78400180	      4.92475587	      5.09751566	     -7.84483781	     -9.32349767	     10.49315591	     -7.12137508	      0.00000000	     24.90603147	     -9.22353462	     -8.77322230	    -50.23740794	      6.10527265	    -13.69388331	      0.00000000	      0.00000000	      0.00000000	      0.00000000
      5.69000000	     -0.36860052	     -0.45856004	    -81.50663774	     -0.06916994	      0.96791692	     -0.78085327	      4.48351789	      5.11798604	     -7.88338166	     -9.39555405	     10.80152400	     -6.99203805	      0.00000000	     25.01067279	     -9.20490036	     -9.11415461	    -48.88078472	      6.46285222	    -13.34794464	      0.00000000	      0.00000000	      0.00000000	      0.00000000
      5.70000000	     -0.35175215	     -0.60246438	    -81.59634009	     -0.06942287	      0.96784724	     -0.77775759	      4.19909048	      5.15897741	     -7.85054819	     -9.53066740	     11.14447530	     -6.87284244	      0.00000000	     25.21764578	     -9.23003553	     -9.51155501	    -47.50212991	      6.79770347	    -12.86683483	      0.00000000	      0.00000000	      0.00000000	      0.00000000
      5.71000000	     -0.30580783	     -0.92813633	    -81.67280849	     -0.06953421	      0.96806681	     -0.77449846	      3.66641736	      5.17538669	     -7.96231196	     -9.60259733	     11.49562069	     -6.51536303	      0.00000000	     25.16196476	     -9.23714178	     -9.93352888	    -46.03880816	      7.14626773	    -12.30172227	      0.00000000	      0.00000000	      0.00000000	      0.00000000
      5.72000000	     -0.28737998	     -1.17104356	    -81.76467904	     -0.06965574	      0.96813822	     -0.77121280	      3.22436121	      5.21139234	     -8.02199157	     -9.67298011	     11.85250306	     -6.20647424	      0.00000000	     25.17752241	     -9.27165578	    -10.38038981	    -44.56645748	      7.47024266	    -11.55920013	      0.00000000	      0.00000000	      0.00000000	      0.00000000
      5.73000000	     -0.30566831	     -1.37211988	    -81.90012073	     -0.06979550	      0.96811471	     -0.76793254	      2.84890273	      5.27712922	     -8.06916031	     -9.76701669	     12.17080336	     -5.92138188	      0.00000000	     25.21189242	     -9.36143849	    -10.89252526	    -43.07789658	      7.80121413	    -10.66707242	      0.00000000	      0.00000000	      0.00000000	      0.00000000
      5.74000000	     -0.32263927	     -1.63257685	    -82.02986090	     -0.06984017	      0.96814486	     -0.76460108	      2.38976784	      5.33933429	     -8.13488140	     -9.83165970	     12.52260272	     -5.55667133	      0.00000000	     25.14466576	     -9.44014749	    -11.40049542	    -41.54171847	      8.11282259	     -9.67972968	      0.00000000	      0.00000000	      0.00000000	      0.00000000
      5.75000000	     -0.32619057	     -1.94856136	    -82.14050037	     -0.06971802	      0.96821801	     -0.76123897	      1.85917527	      5.37486914	     -8.25803932	     -9.89132801	     12.92709881	     -5.10994193	      0.00000000	     24.97572741	     -9.47540843	    -11.88363891	    -39.94551464	      8.43095787	     -8.65048301	      0.00000000	      0.00000000	      0.00000000	      0.00000000
      5.76000000	     -0.39578130	     -2.20294788	    -82.29874365	     -0.06959475	      0.96814865	     -0.75793050	      1.42692473	      5.45827332	     -8.34644137	     -9.99158313	     13.30756047	     -4.62660288	      0.00000000	     24.85847394	     -9.57451911	    -12.36658888	    -38.33517330	      8.74311052	     -7.48921920	      0.00000000	      0.00000000	      0.00000000	      0.00000000
      5.77000000	     -0.51780944	     -2.37456127	    -82.48609835	     -0.06947704	      0.96791897	     -0.75465887	      1.10830481	      5.58027593	     -8.37356703	    -10.12429155	     13.66439158	     -4.17364983	      0.00000000	     24.81231687	     -9.71390005	    -12.81883694	    -36.70841624	      9.05358247	     -6.18592775	      0.00000000	      0.00000000	      0.00000000	      0.00000000
      5.78000000	     -0.58709861	     -2.61185250	    -82.63298885	     -0.06924532	      0.96781456	     -0.75123450	      0.66899841	      5.65188261	     -8.45958663	    -10.19879622	     14.04003980	     -3.70694324	      0.00000000	     24.61903419	     -9.77434082	    -13.24107877	    -34.99063925	      9.34882745	     -4.81168315	      0.00000000	      0.00000000	      0.00000000	      0.00000000
      5.79000000	     -0.64314835	     -2.82870464	    -82.75568881	     -0.06895113	      0.96765705	     -0.74777158	      0.23993475	      5.71434093	     -8.47732136	    -10.25930882	     14.43599727	     -3.35575659	      0.00000000	     24.40867144	     -9.78164264	    -13.57846241	    -33.22222852	      9.63115382	     -3.40200372	      0.00000000	      0.00000000	      0.00000000	      0.00000000
      5.80000000	     -0.78401178	     -2.87166390	    -82.91995188	     -0.06868147	      0.96719047	     -0.74442246	      0.05001928	      5.84540884	     -8.40807372	    -10.37928610	     14.78534502	     -3.11584721	      0.00000000	     24.39517303	     -9.85439841	    -13.87379821	    -31.46752809	      9.88907683	     -1.94368478	      0.00000000	      0.00000000	      0.00000000	      0.00000000
      5.81000000	     -0.85639889	     -3.11205906	    -83.05622137	     -0.06830773	      0.96704538	     -0.74087935	     -0.42481376	      5.93073235	     -8.38123969	    -10.40488005	     15.10211661	     -2.85837024	      0.00000000	     24.08588230	     -9.85190482	    -14.14253440	    -29.62238974	     10.09245181	     -0.51792964	      0.00000000	      0.00000000	      0.00000000	      0.00000000
      5.82000000	     -1.00038733	     -3.13970198	    -83.23425121	     -0.06791661	      0.96650077	     -0.73744948	     -0.60349636	      6.05172780	     -8.32247158	    -10.52904127	     15.46650848	     -2.58912897	      0.00000000	     24.02350313	     -9.89608923	    -14.36105776	    -27.81617490	     10.29957161	      0.89533344	      0.00000000	      0.00000000	      0.00000000	      0.00000000
      5.83000000	     -1.07233179	     -3.32272574	    -83.40471908	     -0.06739056	      0.96618583	     -0.73392993	     -0.97079493	      6.09884892	     -8.31057165	    -10.65161049	     15.86593878	     -2.23331628	      0.00000000	     23.71982896	     -9.85870851	    -14.55887740	    -25.94008577	     10.47372917	      2.24562681	      0.00000000	      0.00000000	      0.00000000	      0.00000000
      5.84000000	     -1.20646080	     -3.31840161	    -83.61647596	     -0.06684653	      0.96556103	     -0.73052012	     -1.08267114	      6.17936307	     -8.22938052	    -10.84926645	     16.25624858	     -1.92158586	      0.00000000	     23.62005260	     -9.86186938	    -14.71432590	    -24.08504976	     10.63876826	      3.55470048	      0.00000000	      0.00000000	      0.00000000	      0.00000000
      5.85000000	     -1.27005002	     -3.43211957	    -83.79085832	     -0.06621361	      0.96515269	     -0.72699876	     -1.35799227	      6.19536964	     -8.20326596	    -11.01307304	     16.65230657	     -1.59637309	      0.00000000	     23.32096882	     -9.77151038	    -14.80050938	    -22.15823866	     10.75545381	      4.78017359	      0.00000000	      0.00000000	      0.00000000	      0.00000000
      5.86000000	     -1.38925474	     -3.37214122	    -83.98786598	     -0.06561022	      0.96449280	     -0.72352046	     -1.41833705	      6.25149837	     -8.12101598	    -11.20786280	     17.03064006	     -1.33271825	      0.00000000	     23.20504195	     -9.71904469	    -14.81259847	    -20.25407799	     10.84726985	      5.97248056	      0.00000000	      0.00000000	      0.00000000	      0.00000000
      5.87000000	     -1.48012041	     -3.33919539	    -84.17501451	     -0.06493063	      0.96389851	     -0.71997295	     -1.52909706	      6.27335366	     -8.07637823	    -11.37845931	     17.42290448	     -1.01635904	      0.00000000	     23.01250823	     -9.61942119	    -14.73427605	    -18.32693774	     10.91817947	      7.08086277	      0.00000000	      0.00000000	      0.00000000	      0.00000000
      5.88000000	     -1.56079375	     -3.27973499	    -84.36247186	     -0.06420122	      0.96327855	     -0.71640745	     -1.61609615	      6.27473205	     -8.05036517	    -11.54618541	     17.82858604	     -0.66596058	      0.00000000	     22.82481422	     -9.49734649	    -14.57281041	    -16.42405399	     10.95078064	      8.08367713	      0.00000000	      0.00000000	      0.00000000	      0.00000000
      5.89000000	     -1.62663450	     -3.19722692	    -84.55031144	     -0.06342348	      0.96264350	     -0.71280580	     -1.68459699	      6.25468146	     -8.01895449	    -11.71204033	     18.22658106	     -0.32516483	      0.00000000	     22.64362174	     -9.35694820	    -14.36252191	    -14.57626501	     10.94151776	      8.96945769	      0.00000000	      0.00000000	      0.00000000	      0.00000000
      5.90000000	     -1.69211023	     -3.09269071	    -84.74165186	     -0.06260570	      0.96198730	     -0.70920230	     -1.72597800	      6.23333118	     -7.94265464	    -11.88525529	     18.59393585	     -0.05140793	      0.00000000	     22.48215766	     -9.22158454	    -14.14233264	    -12.81431323	     10.88064098	      9.72723299	      0.00000000	      0.00000000	      0.00000000	      0.00000000
      5.91000000	     -1.75066146	     -2.96875434	    -84.92997589	     -0.06178416	      0.96131829	     -0.70556015	     -1.74540083	      6.20795328	     -7.83289029	    -12.06562187	     18.94226112	      0.15772245	      0.00000000	     22.33475535	     -9.09122605	    -13.95409515	    -11.14420305	     10.75915168	     10.36287218	      0.00000000	      0.00000000	      0.00000000	      0.00000000
      5.92000000	     -1.80183636	     -2.84166951	    -85.10642988	     -0.06096465	      0.96065022	     -0.70187830	     -1.76080321	      6.17679350	     -7.72771745	    -12.25155497	     19.29501568	      0.34734665	      0.00000000	     22.19340024	     -8.97079589	    -13.84722139	     -9.58705092	     10.57613476	     10.86800578	      0.00000000	      0.00000000	      0.00000000	      0.00000000
      5.93000000	     -1.85157479	     -2.72949245	    -85.27391906	     -0.06015358	      0.96000841	     -0.69814322	     -1.79127089	      6.14381058	     -7.64555386	    -12.44408355	     19.66334713	      0.56474289	      0.00000000	     22.04625585	     -8.87221966	    -13.88578319	     -8.16233914	     10.34431470	     11.23621228	      0.00000000	      0.00000000	      0.00000000	      0.00000000
      5.94000000	     -1.89794775	     -2.63095076	    -85.45511004	     -0.05933479	      0.95940469	     -0.69436767	     -1.82837938	      6.09946377	     -7.57421118	    -12.65635195	     20.02171361	      0.81291797	      0.00000000	     21.88624499	     -8.79420814	    -14.12319374	     -6.86641024	     10.09793645	     11.45867240	      0.00000000	      0.00000000	      0.00000000	      0.00000000
      5.95000000	     -1.94702469	     -2.55922455	    -85.66088572	     -0.05850669	      0.95885366	     -0.69056414	     -1.88959617	      6.04722494	     -7.51519644	    -12.88327927	     20.37443725	      1.13336799	      0.00000000	     21.68798968	     -8.74068959	    -14.59907163	     -5.67879129	      9.85917665	     11.57771858	      0.00000000	      0.00000000	      0.00000000	      0.00000000
      5.96000000	     -1.98652257	     -2.48840773	    -85.90027541	     -0.05767079	      0.95831575	     -0.68673085	     -1.95780168	      5.97307901	     -7.45100457	    -13.10652674	     20.72311352	      1.49593783	      0.00000000	     21.45371314	     -8.68633819	    -15.31013161	     -4.55244314	      9.62838019	     11.59664723	      0.00000000	      0.00000000	      0.00000000	      0.00000000
      5.97000000	     -2.01326286	     -2.43369138	    -86.17016887	     -0.05673426	      0.95778742	     -0.68286965	     -2.04344196	      5.86254791	     -7.42936420	    -13.34225548	     21.09761729	      1.94774886	      0.00000000	     21.15693186	     -8.61328604	    -16.22519884	     -3.46410184	      9.41388381	     11.57520938	      0.00000000	      0.00000000	      0.00000000	      0.00000000
      5.98000000	     -2.01787899	     -2.41183956	    -86.41438129	     -0.05560486	      0.95729459	     -0.67881876	     -2.21598065	      5.70441076	     -7.52509568	    -13.51161794	     21.51625251	      2.62690456	      0.00000000	     20.77568252	     -8.49332354	    -17.24299721	     -2.40787504	      9.24374370	     11.66951851	      0.00000000	      0.00000000	      0.00000000	      0.00000000
      5.99000000	     -2.05646417	     -2.33033812	    -86.71461817	     -0.05447852	      0.95667990	     -0.67479968	     -2.30983567	      5.56961161	     -7.56028636	    -13.69987457	     21.95206333	      3.27168315	      0.00000000	     20.46308232	     -8.41848982	    -18.27675180	     -1.48073030	      9.11599065	     11.71253561	      0.00000000	      0.00000000	      0.00000000	      0.00000000
      6.00000000	     -2.10361349	     -2.21106042	    -87.01946545	     -0.05336237	      0.95599970	     -0.67072028	     -2.37919911	      5.43429842	     -7.63521778	    -13.86574820	     22.38877892	      3.97256263	      0.00000000	     20.21937179	     -8.36675240	    -19.25154744	     -0.73708644	      9.07368526	     11.83785786	      0.00000000	      0.00000000	      0.00000000	      0.00000000
      6.01000000	     -2.16678425	     -2.05084353	    -87.33781945	     -0.05229456	      0.95528478	     -0.66655917	     -2.43280286	      5.31337446	     -7.69459304	    -13.98439711	     22.79286417	      4.70245484	      0.00000000	     20.05151875	     -8.35876736	    -20.07420020	     -0.19847088	      9.09366200	     12.02571788	      0.00000000	      0.00000000	      0.00000000	      0.00000000
      6.02000000	     -2.24806409	     -1.86683748	    -87.69308703	     -0.05128619	      0.95455210	     -0.66238058	     -2.46326166	      5.21364182	     -7.67940919	    -14.09588398	     23.16470286	      5.37708871	      0.00000000	     19.93349259	     -8.40859694	    -20.66937239	      0.13827514	      9.15008604	     12.19379855	      0.00000000	      0.00000000	      0.00000000	      0.00000000
      6.03000000	     -2.33463591	     -1.66727331	    -88.06791634	     -0.05029270	      0.95382601	     -0.65812051	     -2.49908893	      5.12511762	     -7.60843142	    -14.16896961	     23.47098109	      5.97908163	      0.00000000	     19.84326105	     -8.49547882	    -21.02390681	      0.29204261	      9.23596463	     12.30795729	      0.00000000	      0.00000000	      0.00000000	      0.00000000
      6.04000000	     -2.42133129	     -1.47422455	    -88.41362892	     -0.04929065	      0.95310420	     -0.65383745	     -2.54571652	      5.03974297	     -7.59271378	    -14.23908874	     23.81088060	      6.59739070	      0.00000000	     19.76191227	     -8.59973685	    -21.17318160	      0.30750256	      9.25666684	     12.48849066	      0.00000000	      0.00000000	      0.00000000	      0.00000000
      6.05000000	     -2.49009236	     -1.27437761	    -88.75788247	     -0.04824367	      0.95242491	     -0.64946571	     -2.60596638	      4.93554615	     -7.55869875	    -14.27929141	     24.10381253	      7.17915412	      0.00000000	     19.67767714	     -8.68844332	    -21.18260602	      0.26065164	      9.24864162	     12.63400073	      0.00000000	      0.00000000	      0.00000000	      0.00000000
      6.06000000	     -2.52868854	     -1.05692981	    -89.10292786	     -0.04708321	      0.95177450	     -0.64505700	     -2.65182665	      4.78609074	     -7.51697120	    -14.31698636	     24.37770325	      7.78308329	      0.00000000	     19.58774369	     -8.72662604	    -21.12949966	      0.25587814	      9.18202213	     12.75714360	      0.00000000	      0.00000000	      0.00000000	      0.00000000
      6.07000000	     -2.52524043	     -0.82617094	    -89.46017908	     -0.04576597	      0.95116046	     -0.64066044	     -2.66524892	      4.56853368	     -7.48212528	    -14.38855363	     24.65605523	      8.42065688	      0.00000000	     19.46204284	     -8.68739138	    -21.05023391	      0.39144313	      8.97661763	     12.80009314	      0.00000000	      0.00000000	      0.00000000	      0.00000000
      6.08000000	     -2.47143237	     -0.59603253	    -89.75119848	     -0.04421409	      0.95059402	     -0.63617989	     -2.70334887	      4.27906988	     -7.58869038	    -14.42380026	     24.97325171	      9.19166178	      0.00000000	     19.29854107	     -8.53886993	    -20.83545799	      0.66714216	      8.61782426	     12.63803877	      0.00000000	      0.00000000	      0.00000000	      0.00000000
      6.09000000	     -2.35958432	     -0.35710622	    -90.08202923	     -0.04263060	      0.95014409	     -0.63168356	     -2.72213978	      3.92428343	     -7.64413334	    -14.47102752	     25.24344511	      9.90204186	      0.00000000	     19.10839609	     -8.32943303	    -20.52779742	      1.00615515	      8.07839339	     12.13255201	      0.00000000	      0.00000000	      0.00000000	      0.00000000
      6.10000000	     -2.20108138	     -0.11619255	    -90.41122162	     -0.04103236	      0.94982131	     -0.62714680	     -2.74288743	      3.52286492	     -7.70987685	    -14.50625136	     25.46846681	     10.58713071	      0.00000000	     18.94178096	     -8.08503941	    -20.13874516	      1.28997058	      7.43269282	     11.35714660	      0.00000000	      0.00000000	      0.00000000	      0.00000000
      6.11000000	     -1.99943043	      0.11463225	    -90.72150004	     -0.03941246	      0.94963416	     -0.62254182	     -2.78981314	      3.08499538	     -7.77209499	    -14.50820268	     25.63836054	     11.20564856	      0.00000000	     18.81320108	     -7.81245230	    -19.77217628	      1.46269586	      6.76688242	     10.47163239	      0.00000000	      0.00000000	      0.00000000	      0.00000000
      6.12000000	     -1.77992156	      0.32552935	    -91.02611161	     -0.03778956	      0.94958325	     -0.61789630	     -2.86836811	      2.64168128	     -7.77602725	    -14.47998191	     25.73473378	     11.71414195	      0.00000000	     18.71616682	     -7.54233352	    -19.52794695	      1.51738185	      6.15261836	      9.65324361	      0.00000000	      0.00000000	      0.00000000	      0.00000000
      6.13000000	     -1.54466732	      0.50856091	    -91.29745253	     -0.03610332	      0.94966519	     -0.61321181	     -2.99169172	      2.19334443	     -7.75799679	    -14.41832642	     25.77014445	     12.11481259	      0.00000000	     18.63730509	     -7.26230104	    -19.37798644	      1.47869921	      5.62155741	      8.98135798	      0.00000000	      0.00000000	      0.00000000	      0.00000000
      6.14000000	     -1.29342174	      0.68388179	    -91.58859042	     -0.03440065	      0.94986868	     -0.60851757	     -3.12191803	      1.73351053	     -7.66680642	    -14.34320892	     25.73152562	     12.41796296	      0.00000000	     18.57561014	     -6.98545341	    -19.34751761	      1.37075815	      5.18298768	      8.47156149	      0.00000000	      0.00000000	      0.00000000	      0.00000000
      6.15000000	     -1.03055379	      0.82664115	    -91.80780629	     -0.03256352	      0.95017182	     -0.60383591	     -3.30377599	      1.26215496	     -7.66140304	    -14.23290808	     25.67393703	     12.73322853	      0.00000000	     18.53011472	     -6.68431457	    -19.30125852	      1.19251769	      4.74416070	      7.99141615	      0.00000000	      0.00000000	      0.00000000	      0.00000000
      6.16000000	     -0.73988546	      0.93479853	    -91.97763810	     -0.03057986	      0.95055101	     -0.59915691	     -3.52862329	      0.75289417	     -7.70680406	    -14.11026632	     25.60799354	     13.08220699	      0.00000000	     18.47179367	     -6.34256612	    -19.23939954	      0.97959339	      4.31060527	      7.56363099	      0.00000000	      0.00000000	      0.00000000	      0.00000000
      6.17000000	     -0.43282659	      1.03092622	    -92.14173052	     -0.02849508	      0.95096268	     -0.59449898	     -3.76026427	      0.21234783	     -7.76945626	    -13.99116395	     25.53203840	     13.46134871	      0.00000000	     18.41404522	     -5.98149396	    -19.23983648	      0.73456596	      3.93257447	      7.19003743	      0.00000000	      0.00000000	      0.00000000	      0.00000000
      6.18000000	     -0.13821875	      1.11279803	    -92.29090136	     -0.02631962	      0.95140239	     -0.58985676	     -4.00660432	     -0.32697242	     -7.87191088	    -13.86834628	     25.42815200	     13.88535677	      0.00000000	     18.34816027	     -5.62496865	    -19.29518633	      0.47739580	      3.61699278	      6.88898596	      0.00000000	      0.00000000	      0.00000000	      0.00000000
      6.19000000	      0.14864668	      1.20071570	    -92.46152186	     -0.02410790	      0.95184083	     -0.58521409	     -4.23167941	     -0.86364709	     -7.92751950	    -13.76322735	     25.30539749	     14.28313682	      0.00000000	     18.27807617	     -5.27546894	    -19.42804381	      0.23235344	      3.37864953	      6.66371191	      0.00000000	      0.00000000	      0.00000000	      0.00000000
      6.20000000	      0.41677473	      1.26663690	    -92.60423827	     -0.02176750	      0.95230981	     -0.58054169	     -4.48169868	     -1.38909013	     -8.02569116	    -13.66031239	     25.15715959	     14.69535689	      0.00000000	     18.18343180	     -4.92325158	    -19.59169583	      0.00152866	      3.16125653	      6.48472346	      0.00000000	      0.00000000	      0.00000000	      0.00000000
      6.21000000	      0.65563709	      1.36109533	    -92.74268599	     -0.01935733	      0.95274339	     -0.57587464	     -4.69366014	     -1.87998462	     -8.08472419	    -13.56512999	     24.97910686	     15.03314205	      0.00000000	     18.12244577	     -4.59326730	    -19.80246528	     -0.22657549	      2.91798469	      6.34220328	      0.00000000	      0.00000000	      0.00000000	      0.00000000
      6.22000000	      0.88330540	      1.42088508	    -92.87461502	     -0.01677833	      0.95319494	     -0.57118947	     -4.92928679	     -2.38407618	     -8.22723239	    -13.49642437	     24.77946890	     15.50317250	      0.00000000	     18.02044403	     -4.25492103	    -19.97226967	     -0.44699007	      2.74250983	      6.20492730	      0.00000000	      0.00000000	      0.00000000	      0.00000000
      6.23000000	      1.08257818	      1.56622686	    -93.05320595	     -0.01421840	      0.95353020	     -0.56657369	     -5.04138770	     -2.84452220	     -8.23687518	    -13.45536962	     24.55422262	     15.78955802	      0.00000000	     18.01458725	     -3.96070373	    -20.20583975	     -0.67020333	      2.52961721	      6.10296356	      0.00000000	      0.00000000	      0.00000000	      0.00000000
      6.24000000	      1.25482317	      1.72563540	    -93.21138430	     -0.01161103	      0.95383296	     -0.56191295	     -5.15168055	     -3.27106439	     -8.26010154	    -13.39316826	     24.29712305	     16.06328543	      0.00000000	     18.02429380	     -3.68421525	    -20.41046085	     -0.87931568	      2.29233499	      6.04639710	      0.00000000	      0.00000000	      0.00000000	      0.00000000
      6.25000000	      1.42921277	      1.86574948	    -93.38511088	     -0.00896927	      0.95413365	     -0.55722425	     -5.26859768	     -3.70780782	     -8.25085563	    -13.35505761	     24.02493268	     16.33637586	      0.00000000	     18.00783019	     -3.39930795	    -20.58857545	     -1.07686407	      2.07050033	      5.97121386	      0.00000000	      0.00000000	      0.00000000	      0.00000000
      6.26000000	      1.61169224	      1.97968951	    -93.55665190	     -0.00629767	      0.95444735	     -0.55249715	     -5.40613869	     -4.15757323	     -8.23411425	    -13.33075788	     23.74058184	     16.60075690	      0.00000000	     17.96316090	     -3.09666515	    -20.74525985	     -1.27230585	      1.83363259	      5.83242167	      0.00000000	      0.00000000	      0.00000000	      0.00000000
      6.27000000	      1.80666801	      2.08531104	    -93.71724724	     -0.00359468	      0.95475931	     -0.54772197	     -5.55218802	     -4.62290159	     -8.21782100	    -13.30604348	     23.44844827	     16.85820490	      0.00000000	     17.90903085	     -2.77531405	    -20.89499162	     -1.46453986	      1.56336842	      5.63420584	      0.00000000	      0.00000000	      0.00000000	      0.00000000
      6.28000000	      2.01823821	      2.17929922	    -93.86604243	     -0.00085121	      0.95506335	     -0.54288377	     -5.70977746	     -5.11274969	     -8.21295241	    -13.28598565	     23.16297274	     17.14487562	      0.00000000	     17.83810201	     -2.43396215	    -21.05183303	     -1.65341058	      1.31825150	      5.40373448	      0.00000000	      0.00000000	      0.00000000	      0.00000000
      6.29000000	      2.24965821	      2.25325433	    -94.01131306	      0.00194978	      0.95538774	     -0.53798512	     -5.88012474	     -5.63460919	     -8.21307238	    -13.28559354	     22.87424242	     17.45404372	      0.00000000	     17.72691877	     -2.06576468	    -21.23931451	     -1.81470407	      1.09785819	      5.19509808	      0.00000000	      0.00000000	      0.00000000	      0.00000000
      6.30000000	      2.48409869	      2.31631565	    -94.14213277	      0.00480026	      0.95573329	     -0.53302831	     -6.06493091	     -6.16465048	     -8.22740620	    -13.28787812	     22.56862035	     17.77420456	      0.00000000	     17.58484466	     -1.68476301	    -21.47527040	     -1.94613239	      0.91606159	      5.05804068	      0.00000000	      0.00000000	      0.00000000	      0.00000000
      6.31000000	      2.70818178	      2.31073549	    -94.22273910	      0.00775820	      0.95618751	     -0.52798407	     -6.34439421	     -6.70009437	     -8.37956994	    -13.27915681	     22.21762628	     18.22499990	      0.00000000	     17.34375055	     -1.28498964	    -21.71473024	     -2.03204437	      0.77668904	      5.01802690	      0.00000000	      0.00000000	      0.00000000	      0.00000000
      6.32000000	      2.93698777	      2.32846283	    -94.32498657	      0.01072088	      0.95664349	     -0.52289069	     -6.58710672	     -7.24374391	     -8.52258217	    -13.28160113	     21.85049886	     18.65710862	      0.00000000	     17.10036976	     -0.87961469	    -22.00095929	     -2.08030637	      0.65708964	      5.01000550	      0.00000000	      0.00000000	      0.00000000	      0.00000000
      6.33000000	      3.16854998	      2.37623910	    -94.46705258	      0.01373141	      0.95710243	     -0.51777805	     -6.76724260	     -7.79791562	     -8.63288308	    -13.31326912	     21.45824857	     19.05852510	      0.00000000	     16.85997777	     -0.46818794	    -22.29761304	     -2.08524271	      0.55373895	      4.98338559	      0.00000000	      0.00000000	      0.00000000	      0.00000000
      6.34000000	      3.38996446	      2.32781583	    -94.53809198	      0.01689717	      0.95771696	     -0.51253730	     -7.07833388	     -8.35174961	     -8.91686884	    -13.33010576	     20.99780029	     19.55364669	      0.00000000	     16.48337923	     -0.02106571	    -22.47384346	     -2.03200083	      0.49221646	      4.97870581	      0.00000000	      0.00000000	      0.00000000	      0.00000000
      6.35000000	      3.62040481	      2.32666050	    -94.66103086	      0.02010985	      0.95829528	     -0.50728333	     -7.29343073	     -8.92309882	     -9.11896185	    -13.39766566	     20.52597637	     20.00856476	      0.00000000	     16.12405976	      0.44114286	    -22.63450634	     -1.92329324	      0.43965005	      4.92780141	      0.00000000	      0.00000000	      0.00000000	      0.00000000
      6.36000000	      3.84205642	      2.33984705	    -94.79459517	      0.02335484	      0.95886195	     -0.50203011	     -7.46017495	     -9.49298573	     -9.31805466	    -13.51482998	     20.02200524	     20.46252621	      0.00000000	     15.75603397	      0.90707906	    -22.76630302	     -1.76758906	      0.39962522	      4.86907123	      0.00000000	      0.00000000	      0.00000000	      0.00000000
      6.37000000	      4.05549908	      2.42314443	    -94.97562976	      0.02657140	      0.95933673	     -0.49681139	     -7.49405136	    -10.05415399	     -9.40090736	    -13.70212364	     19.49561816	     20.82882549	      0.00000000	     15.44513316	      1.35788515	    -22.89987417	     -1.57903784	      0.35965186	      4.78890666	      0.00000000	      0.00000000	      0.00000000	      0.00000000
      6.38000000	      4.26203682	      2.42941101	    -95.06534304	      0.02990559	      0.95986131	     -0.49150520	     -7.62861428	    -10.61702160	     -9.67254713	    -13.90874894	     18.95042848	     21.29060882	      0.00000000	     15.04497419	      1.83944809	    -22.92443759	     -1.37539771	      0.35235273	      4.70922003	      0.00000000	      0.00000000	      0.00000000	      0.00000000
      6.39000000	      4.46442215	      2.52208049	    -95.21340170	      0.03320877	      0.96026446	     -0.48622626	     -7.59955838	    -11.17206900	     -9.76607539	    -14.20041189	     18.39809465	     21.63471483	      0.00000000	     14.73675369	      2.29805704	    -22.97581618	     -1.17601604	      0.34615186	      4.61165150	      0.00000000	      0.00000000	      0.00000000	      0.00000000
      6.40000000	      4.66156474	      2.58211148	    -95.33833544	      0.03655159	      0.96067609	     -0.48095586	     -7.56310983	    -11.73465458	     -9.92899598	    -14.57636549	     17.84218222	     22.02560749	      0.00000000	     14.39678513	      2.76380838	    -23.02321122	     -0.97554472	      0.35139172	      4.52040880	      0.00000000	      0.00000000	      0.00000000	      0.00000000
      6.41000000	      4.84215277	      2.65624206	    -95.48600708	      0.03984633	      0.96105534	     -0.47574902	     -7.44110684	    -12.27997846	    -10.00497596	    -15.05154792	     17.25934101	     22.34333643	      0.00000000	     14.07136976	      3.20712567	    -23.09948325	     -0.76477522	      0.35749798	      4.46469614	      0.00000000	      0.00000000	      0.00000000	      0.00000000
      6.42000000	      5.02160291	      2.72481907	    -95.64762747	      0.04311029	      0.96139061	     -0.47066898	     -7.24383740	    -12.83276020	    -10.04470087	    -15.64363614	     16.68453218	     22.64912280	      0.00000000	     13.76138573	      3.64333455	    -23.21330924	     -0.57431469	      0.35324520	      4.42402397	      0.00000000	      0.00000000	      0.00000000	      0.00000000
      6.43000000	      5.20984889	      2.78880436	    -95.79786965	      0.04636575	      0.96164185	     -0.46564770	     -6.99134869	    -13.39910585	    -10.07956813	    -16.33582829	     16.14648773	     22.95049078	      0.00000000	     13.47039874	      4.08617317	    -23.32818534	     -0.41120783	      0.32859213	      4.38319849	      0.00000000	      0.00000000	      0.00000000	      0.00000000
      6.44000000	      5.40299369	      2.84728480	    -95.91405667	      0.04964876	      0.96180898	     -0.46061636	     -6.70426709	    -13.96773056	    -10.10007757	    -17.11074420	     15.63716492	     23.20903834	      0.00000000	     13.19621909	      4.53575655	    -23.39507760	     -0.28159254	      0.27772439	      4.31720147	      0.00000000	      0.00000000	      0.00000000	      0.00000000
      6.45000000	      5.59687728	      2.89147778	    -95.99705912	      0.05294477	      0.96192432	     -0.45561171	     -6.38452784	    -14.53773322	    -10.12131919	    -17.97935474	     15.13460500	     23.43482560	      0.00000000	     12.93135826	      4.98694864	    -23.40788664	     -0.18810846	      0.21483203	      4.20541450	      0.00000000	      0.00000000	      0.00000000	      0.00000000
      6.46000000	      5.78597636	      2.92577425	    -96.05689795	      0.05620710	      0.96200679	     -0.45066478	     -6.01985863	    -15.10316348	    -10.13391866	    -18.94590252	     14.60570753	     23.62360343	      0.00000000	     12.67322802	      5.43256221	    -23.38727880	     -0.11734619	      0.15858328	      4.07206793	      0.00000000	      0.00000000	      0.00000000	      0.00000000
      6.47000000	      5.97469286	      2.95057395	    -96.11037852	      0.05939559	      0.96204807	     -0.44578822	     -5.60386352	    -15.66974507	    -10.12015218	    -20.00835883	     14.04311785	     23.77404663	      0.00000000	     12.41854522	      5.87579401	    -23.35678066	     -0.05882412	      0.12221693	      3.94361764	      0.00000000	      0.00000000	      0.00000000	      0.00000000
      6.48000000	      6.17303160	      2.96197806	    -96.16756354	      0.06253312	      0.96201763	     -0.44101098	     -5.12668248	    -16.25132869	    -10.05379204	    -21.17961324	     13.46712691	     23.87859466	      0.00000000	     12.17747599	      6.32341433	    -23.30719900	     -0.03833560	      0.13811885	      3.79575979	      0.00000000	      0.00000000	      0.00000000	      0.00000000
      6.49000000	      6.38365020	      2.97677570	    -96.23039547	      0.06569746	      0.96189289	     -0.43631796	     -4.56306571	    -16.85202346	     -9.92056323	    -22.46820483	     12.87279802	     23.91047927	      0.00000000	     11.96079358	      6.78177551	    -23.22532517	     -0.04700175	      0.21627521	      3.61892495	      0.00000000	      0.00000000	      0.00000000	      0.00000000
      6.50000000	      6.60530113	      3.05820694	    -96.27094343	      0.06884382	      0.96166668	     -0.43178662	     -3.84191637	    -17.44725080	     -9.71860229	    -23.88072741	     12.20719256	     23.84394231	      0.00000000	     11.84720650	      7.23292094	    -23.11450039	     -0.10506480	      0.28202680	      3.45367066	      0.00000000	      0.00000000	      0.00000000	      0.00000000
      6.51000000	      6.85846699	      3.00173960	    -96.33614579	      0.07190582	      0.96155205	     -0.42722741	     -3.20394671	    -18.09383213	     -9.45180385	    -25.36828578	     11.54052942	     23.75338258	      0.00000000	     11.55869707	      7.73638134	    -23.04195878	     -0.10926917	      0.37928487	      3.32001949	      0.00000000	      0.00000000	      0.00000000	      0.00000000
      6.52000000	      7.11345628	      3.04778970	    -96.38533581	      0.07490621	      0.96129449	     -0.42285073	     -2.36559781	    -18.71407220	     -9.10743320	    -26.97293219	     10.83650452	     23.57654987	      0.00000000	     11.40893302	      8.21851380	    -22.96545008	     -0.14737247	      0.45638389	      3.16751544	      0.00000000	      0.00000000	      0.00000000	      0.00000000
      6.53000000	      7.36609704	      3.00107784	    -96.46688299	      0.07782998	      0.96108446	     -0.41847874	     -1.55450545	    -19.33149855	     -8.65036165	    -28.64426588	     10.12744317	     23.32752578	      0.00000000	     11.13887376	      8.71208588	    -22.86116221	     -0.13711447	      0.56711080	      2.94079061	      0.00000000	      0.00000000	      0.00000000	      0.00000000
      6.54000000	      7.60704604	      2.99939230	    -96.55162616	      0.08071518	      0.96077492	     -0.41419295	     -0.61427080	    -19.91641164	     -8.12019667	    -30.40365167	      9.35684303	     22.97880013	      0.00000000	     10.92040644	      9.18572710	    -22.69430312	     -0.12202162	      0.67125094	      2.62396841	      0.00000000	      0.00000000	      0.00000000	      0.00000000
      6.55000000	      7.84603239	      2.93452522	    -96.66846814	      0.08352297	      0.96050129	     -0.40996917	      0.34347499	    -20.49699604	     -7.51876852	    -32.23926627	      8.54954193	     22.57724370	      0.00000000	     10.62945729	      9.66175951	    -22.55584681	     -0.08915310	      0.82411887	      2.28503612	      0.00000000	      0.00000000	      0.00000000	      0.00000000
      6.56000000	      8.09118605	      2.87096956	    -96.80484176	      0.08619977	      0.96023304	     -0.40585063	      1.38586906	    -21.05126968	     -6.83757729	    -34.15217648	      7.76730173	     22.07698524	      0.00000000	     10.34331856	     10.13469866	    -22.51643002	     -0.04839661	      0.99396257	      2.05644508	      0.00000000	      0.00000000	      0.00000000	      0.00000000
      6.57000000	      8.33518046	      2.81743102	    -96.95432774	      0.08867644	      0.95998411	     -0.40185560	      2.51068704	    -21.54209323	     -6.05249069	    -36.13355049	      7.10685185	     21.43606809	      0.00000000	     10.07218442	     10.59164054	    -22.59582951	     -0.00160406	      1.17039026	      1.97612622	      0.00000000	      0.00000000	      0.00000000	      0.00000000
      6.58000000	      8.56402021	      2.76712310	    -97.11590278	      0.09096467	      0.95975387	     -0.39797053	      3.69873539	    -21.94109344	     -5.14998956	    -38.17339160	      6.61243320	     20.65356475	      0.00000000	      9.80320590	     11.02217426	    -22.71367677	      0.05943159	      1.33767321	      1.94029177	      0.00000000	      0.00000000	      0.00000000	      0.00000000
      6.59000000	      8.76909338	      2.71844703	    -97.28276238	      0.09309254	      0.95951463	     -0.39417943	      4.92780157	    -22.23412171	     -4.15093483	    -40.25026693	      6.28791151	     19.71866368	      0.00000000	      9.54111526	     11.41723729	    -22.77400596	      0.11693290	      1.50559942	      1.83614626	      0.00000000	      0.00000000	      0.00000000	      0.00000000
      6.60000000	      8.95429045	      2.66457551	    -97.44132864	      0.09507652	      0.95924741	     -0.39045853	      6.15638516	    -22.43307261	     -3.12366781	    -42.31784215	      6.13552930	     18.61667284	      0.00000000	      9.29188006	     11.77890656	    -22.74287678	      0.14118219	      1.68532269	      1.62634140	      0.00000000	      0.00000000	      0.00000000	      0.00000000
      6.61000000	      9.13084772	      2.57174769	    -97.58886874	      0.09691578	      0.95897487	     -0.38675143	      7.31024559	    -22.57152291	     -2.13487756	    -44.30857939	      6.28634611	     17.39790075	      0.00000000	      9.01411729	     12.12736799	    -22.63830086	      0.13816860	      1.89659463	      1.33006931	      0.00000000	      0.00000000	      0.00000000	      0.00000000
      6.62000000	      9.31361924	      2.45473981	    -97.71591615	      0.09864183	      0.95872529	     -0.38304233	      8.38249354	    -22.68052543	     -1.22816569	    -46.16693389	      6.87243365	     16.14646222	      0.00000000	      8.71117451	     12.48261936	    -22.52449660	      0.13339870	      2.09863737	      1.04073160	      0.00000000	      0.00000000	      0.00000000	      0.00000000
      6.63000000	      9.48934653	      2.31923783	    -97.82197404	      0.10030408	      0.95856052	     -0.37931814	      9.36530476	    -22.75853285	     -0.41714483	    -47.84236926	      7.89268284	     14.99924274	      0.00000000	      8.37379941	     12.83656597	    -22.42191612	      0.14846574	      2.29029463	      0.79710283	      0.00000000	      0.00000000	      0.00000000	      0.00000000
      6.64000000	      9.57919129	      2.11596200	    -97.92055920	      0.10191770	      0.95862967	     -0.37554054	     10.17135472	    -22.72798313	      0.31044477	    -49.25895322	      9.17978962	     14.07091895	      0.00000000	      7.92787077	     13.11719356	    -22.30962069	      0.19708738	      2.46539989	      0.56508973	      0.00000000	      0.00000000	      0.00000000	      0.00000000
      6.65000000	      9.61487300	      1.92829956	    -97.96653426	      0.10361354	      0.95883945	     -0.37174894	     10.89566414	    -22.64002912	      0.88675185	    -50.42507767	     10.39759088	     13.29631595	      0.00000000	      7.48189004	     13.34840776	    -22.15291992	      0.24694063	      2.61805510	      0.37286280	      0.00000000	      0.00000000	      0.00000000	      0.00000000
      6.66000000	      9.54272723	      1.90775124	    -98.01488841	      0.10527151	      0.95902728	     -0.36812406	     11.74260299	    -22.39198134	      1.40137920	    -51.36086580	     11.51514367	     12.76012844	      0.00000000	      7.23681288	     13.42972928	    -21.98805478	      0.24449588	      2.71946934	      0.08585481	      0.00000000	      0.00000000	      0.00000000	      0.00000000
      6.67000000	      9.39771053	      1.78874237	    -98.01958782	      0.10691462	      0.95946468	     -0.36442796	     12.38638386	    -22.08259519	      1.78536306	    -52.05774256	     12.42168581	     12.22481364	      0.00000000	      6.85847606	     13.45594086	    -21.78776687	      0.25071018	      2.88416672	     -0.13540619	      0.00000000	      0.00000000	      0.00000000	      0.00000000
      6.68000000	      9.21495485	      1.79518300	    -97.99197823	      0.10849537	      0.95983209	     -0.36087333	     13.12636070	    -21.69788147	      2.09383665	    -52.58551217	     13.25385889	     11.73826761	      0.00000000	      6.64296454	     13.41128622	    -21.57692535	      0.20723991	      2.96034009	     -0.42923977	      0.00000000	      0.00000000	      0.00000000	      0.00000000
      6.69000000	      9.00390740	      1.69626445	    -97.96295010	      0.11003419	      0.96032043	     -0.35730533	     13.72087939	    -21.29054367	      2.34996091	    -52.94579974	     13.96364633	     11.16846147	      0.00000000	      6.31614684	     13.34945335	    -21.39806706	      0.15007329	      3.13760773	     -0.63940594	      0.00000000	      0.00000000	      0.00000000	      0.00000000
      6.70000000	      8.79996522	      1.73361814	    -97.89381294	      0.11156955	      0.96062960	     -0.35389065	     14.45546989	    -20.86123324	      2.53001378	    -53.19157200	     14.56773744	     10.44336882	      0.00000000	      6.17538167	     13.26221006	    -21.19683626	      0.03696484	      3.25599943	     -0.90589302	      0.00000000	      0.00000000	      0.00000000	      0.00000000
      6.71000000	      8.57982609	      1.66520150	    -97.85806132	      0.11298777	      0.96107566	     -0.35043081	     15.06361816	    -20.40835986	      2.69881480	    -53.28359156	     15.03971522	      9.49554820	      0.00000000	      5.90200313	     13.17270494	    -21.06527224	     -0.03958713	      3.37378316	     -1.10830245	      0.00000000	      0.00000000	      0.00000000	      0.00000000
      6.72000000	      8.37848523	      1.66556374	    -97.80391986	      0.11432591	      0.96141059	     -0.34708184	     15.74522995	    -19.95033222	      2.83001708	    -53.26636399	     15.40182269	      8.37912182	      0.00000000	      5.72913093	     13.08087399	    -20.91966508	     -0.15216600	      3.47234472	     -1.34836707	      0.00000000	      0.00000000	      0.00000000	      0.00000000
      6.73000000	      8.21333689	      1.67052604	    -97.76590545	      0.11557149	      0.96165653	     -0.34383247	     16.45138582	    -19.52269897	      2.96276819	    -53.14765259	     15.68189728	      7.20484671	      0.00000000	      5.59056100	     13.01512036	    -20.75858145	     -0.29117245	      3.55336948	     -1.63952089	      0.00000000	      0.00000000	      0.00000000	      0.00000000
      6.74000000	      8.04050334	      1.63501525	    -97.75078389	      0.11671642	      0.96189279	     -0.34056864	     17.09816602	    -19.09511506	      3.08005225	    -52.89793390	     15.91639964	      6.08138961	      0.00000000	      5.42204548	     12.94057762	    -20.60670962	     -0.44705873	      3.63257801	     -1.99355129	      0.00000000	      0.00000000	      0.00000000	      0.00000000
      6.75000000	      7.85823769	      1.56050514	    -97.76813193	      0.11773833	      0.96212112	     -0.33733385	     17.69907547	    -18.66262606	      3.19544635	    -52.53578202	     16.11691323	      5.07425174	      0.00000000	      5.23510158	     12.85022567	    -20.44973958	     -0.63831108	      3.74544161	     -2.38180907	      0.00000000	      0.00000000	      0.00000000	      0.00000000
      6.76000000	      7.67154042	      1.50608151	    -97.77896272	      0.11870683	      0.96228515	     -0.33417259	     18.30643198	    -18.23834365	      3.26004130	    -52.07156122	     16.32146884	      4.24010500	      0.00000000	      5.10215025	     12.74194560	    -20.26742582	     -0.88875605	      3.92176974	     -2.82142579	      0.00000000	      0.00000000	      0.00000000	      0.00000000
      6.77000000	      7.50398222	      1.45568400	    -97.80513663	      0.11960454	      0.96241819	     -0.33102637	     18.91840939	    -17.83560548	      3.32268844	    -51.52282695	     16.53687350	      3.57603171	      0.00000000	      4.97493470	     12.64948749	    -20.08930142	     -1.13638891	      4.12537907	     -3.23478143	      0.00000000	      0.00000000	      0.00000000	      0.00000000
      6.78000000	      7.33622913	      1.36265843	    -97.85866773	      0.12039546	      0.96263555	     -0.32787027	     19.48454820	    -17.43445562	      3.38261651	    -50.89707906	     16.73146941	      3.02804374	      0.00000000	      4.78809760	     12.56043571	    -20.02392987	     -1.35473704	      4.32539254	     -3.54791464	      0.00000000	      0.00000000	      0.00000000	      0.00000000
      6.79000000	      7.18747019	      1.25996314	    -97.90892731	      0.12112331	      0.96287171	     -0.32472109	     20.04246897	    -17.06074225	      3.41821808	    -50.22550804	     16.90207114	      2.57118881	      0.00000000	      4.57856818	     12.48906036	    -20.00100259	     -1.55003977	      4.53447517	     -3.76747704	      0.00000000	      0.00000000	      0.00000000	      0.00000000
      6.80000000	      7.05527531	      1.14288480	    -97.94729816	      0.12178869	      0.96309764	     -0.32157787	     20.57618813	    -16.71428270	      3.42582610	    -49.51520517	     17.05933145	      2.20400154	      0.00000000	      4.35057167	     12.42897145	    -19.99230760	     -1.74582634	      4.76890864	     -3.90967812	      0.00000000	      0.00000000	      0.00000000	      0.00000000
      6.81000000	      6.92849064	      1.00867820	    -97.97177577	      0.12239078	      0.96329145	     -0.31844486	     21.08245484	    -16.38085359	      3.40863043	    -48.78149667	     17.20535348	      1.93754044	      0.00000000	      4.10969487	     12.36812785	    -19.94960192	     -1.96183918	      5.03796999	     -4.04021768	      0.00000000	      0.00000000	      0.00000000	      0.00000000
      6.82000000	      6.80770013	      0.86358356	    -98.00029157	      0.12294106	      0.96345036	     -0.31531800	     21.58567399	    -16.05965482	      3.37839077	    -48.04412290	     17.34650333	      1.82703197	      0.00000000	      3.85014231	     12.31535310	    -19.86940168	     -2.16577157	      5.32971688	     -4.19894178	      0.00000000	      0.00000000	      0.00000000	      0.00000000
      6.83000000	      6.70684719	      0.71733447	    -98.02166064	      0.12341021	      0.96360355	     -0.31222044	     22.09231682	    -15.75814734	      3.33372144	    -47.30061511	     17.54150948	      1.81587377	      0.00000000	      3.58677478	     12.27867317	    -19.79893080	     -2.35739027	      5.58239787	     -4.34058673	      0.00000000	      0.00000000	      0.00000000	      0.00000000
      6.84000000	      6.58454285	      0.58303357	    -98.02982041	      0.12387296	      0.96378191	     -0.30909975	     22.59531111	    -15.44690849	      3.23840663	    -46.54276560	     17.70213339	      1.91493853	      0.00000000	      3.32075180	     12.21827934	    -19.72278481	     -2.53276815	      5.83912215	     -4.47259203	      0.00000000	      0.00000000	      0.00000000	      0.00000000
      6.85000000	      6.45493791	      0.43669537	    -97.94952104	      0.12440775	      0.96401592	     -0.30593730	     23.04086354	    -15.17763071	      3.01283514	    -45.76768693	     17.88179329	      2.13626106	      0.00000000	      3.02618040	     12.15099343	    -19.57292383	     -2.70656212	      6.10306251	     -4.55214357	      0.00000000	      0.00000000	      0.00000000	      0.00000000
      6.86000000	      6.35046567	      0.29193947	    -97.91139134	      0.12486703	      0.96419440	     -0.30279601	     23.53011511	    -14.91012307	      2.84850244	    -45.02886222	     18.05816232	      2.39730236	      0.00000000	      2.73275001	     12.10856792	    -19.49034297	     -2.86066336	      6.38011154	     -4.60283938	      0.00000000	      0.00000000	      0.00000000	      0.00000000
      6.87000000	      6.25352316	      0.12294401	    -97.81019685	      0.12531884	      0.96437811	     -0.29961182	     23.96286304	    -14.66751131	      2.63622362	    -44.28499512	     18.29224192	      2.67987800	      0.00000000	      2.41245011	     12.07246125	    -19.35236881	     -3.02803866	      6.65775119	     -4.62953543	      0.00000000	      0.00000000	      0.00000000	      0.00000000
      6.88000000	      6.14634641	     -0.06323578	    -97.70097849	      0.12573391	      0.96456451	     -0.29639944	     24.35294458	    -14.41930669	      2.41080052	    -43.51623748	     18.52574525	      2.99206457	      0.00000000	      2.08167634	     12.02305391	    -19.17722132	     -3.21960603	      6.95163599	     -4.71583437	      0.00000000	      0.00000000	      0.00000000	      0.00000000
      6.89000000	      6.03721510	     -0.24400158	    -97.57884290	      0.12614960	      0.96473809	     -0.29319865	     24.72008656	    -14.17972795	      2.17032325	    -42.70545991	     18.75964110	      3.37135093	      0.00000000	      1.76293865	     11.96520860	    -18.98295291	     -3.42786589	      7.24395136	     -4.80574801	      0.00000000	      0.00000000	      0.00000000	      0.00000000
      6.90000000	      5.92517890	     -0.42295221	    -97.44346971	      0.12657546	      0.96492200	     -0.29000474	     25.05130344	    -13.95257632	      1.90252185	    -41.83349544	     18.98755722	      3.80942712	      0.00000000	      1.43658503	     11.90267673	    -18.78473992	     -3.62313756	      7.52853377	     -4.86381695	      0.00000000	      0.00000000	      0.00000000	      0.00000000
      6.91000000	      5.80589149	     -0.58518973	    -97.29706244	      0.12699130	      0.96511208	     -0.28682459	     25.36351594	    -13.72630362	      1.60998964	    -40.89734920	     19.16908300	      4.26231786	      0.00000000	      1.11811904	     11.82754555	    -18.58941331	     -3.80299418	      7.80450086	     -4.89514859	      0.00000000	      0.00000000	      0.00000000	      0.00000000
      6.92000000	      5.67945437	     -0.72852748	    -97.14059660	      0.12737359	      0.96530656	     -0.28365587	     25.66135915	    -13.49669336	      1.29512372	    -39.89808334	     19.29526364	      4.70434738	      0.00000000	      0.81839230	     11.73677394	    -18.39714498	     -3.98188882	      8.07915696	     -4.91972421	      0.00000000	      0.00000000	      0.00000000	      0.00000000
      6.93000000	      5.55735048	     -0.86007560	    -96.97140463	      0.12771807	      0.96549177	     -0.28048058	     25.93641249	    -13.27277399	      0.97284154	    -38.83794238	     19.39376978	      5.12851029	      0.00000000	      0.53536506	     11.64208576	    -18.21602312	     -4.17014555	      8.35502985	     -4.92629396	      0.00000000	      0.00000000	      0.00000000	      0.00000000
      6.94000000	      5.44587085	     -0.98998341	    -96.78791571	      0.12802745	      0.96565114	     -0.27728528	     26.17373152	    -13.06122375	      0.65228907	    -37.71776497	     19.48667475	      5.53025547	      0.00000000	      0.25836075	     11.55090397	    -18.04607415	     -4.37072317	      8.63794796	     -4.89429481	      0.00000000	      0.00000000	      0.00000000	      0.00000000
      6.95000000	      5.34433844	     -1.11873128	    -96.59944214	      0.12828543	      0.96578398	     -0.27407460	     26.37841092	    -12.85768860	      0.34262141	    -36.54552124	     19.55918665	      5.89334785	      0.00000000	     -0.01734346	     11.46251272	    -17.88991374	     -4.57515446	      8.92602936	     -4.81986687	      0.00000000	      0.00000000	      0.00000000	      0.00000000
      6.96000000	      5.24373021	     -1.24396911	    -96.40571605	      0.12849066	      0.96589835	     -0.27085018	     26.55949557	    -12.65660694	      0.03610714	    -35.33573681	     19.58489950	      6.22280557	      0.00000000	     -0.29703953	     11.36928861	    -17.72588107	     -4.76983972	      9.21674596	     -4.72715851	      0.00000000	      0.00000000	      0.00000000	      0.00000000
      6.97000000	      5.14785947	     -1.36218662	    -96.20413106	      0.12868473	      0.96597185	     -0.26763686	     26.72999502	    -12.46552773	     -0.27063920	    -34.10321227	     19.57953585	      6.52655457	      0.00000000	     -0.57681151	     11.27939527	    -17.52238567	     -4.94597795	      9.49881231	     -4.65604558	      0.00000000	      0.00000000	      0.00000000	      0.00000000
      6.98000000	      5.07813905	     -1.46078011	    -95.99960772	      0.12888805	      0.96596121	     -0.26446631	     26.91864238	    -12.30348865	     -0.56331955	    -32.86458151	     19.52855797	      6.82675756	      0.00000000	     -0.82737538	     11.21247174	    -17.31145019	     -5.12238849	      9.78606550	     -4.60859204	      0.00000000	      0.00000000	      0.00000000	      0.00000000
      6.99000000	      5.01443696	     -1.59259259	    -95.77026956	      0.12910875	      0.96595796	     -0.26120457	     27.02638688	    -12.16404233	     -0.88518297	    -31.58639976	     19.54396297	      7.09975621	      0.00000000	     -1.13153205	     11.15408323	    -17.10658704	     -5.27692732	     10.08018540	     -4.51626644	      0.00000000	      0.00000000	      0.00000000	      0.00000000
      7.00000000	      4.95785488	     -1.72784709	    -95.55613454	      0.12926163	      0.96592810	     -0.25796354	     27.11361224	    -12.01917585	     -1.15375822	    -30.28498671	     19.51612719	      7.39988123	      0.00000000	     -1.41447705	     11.09229312	    -16.93444901	     -5.47877717	     10.39829547	     -4.41618515	      0.00000000	      0.00000000	      0.00000000	      0.00000000
      7.01000000	      4.91690557	     -1.82157145	    -95.33774550	      0.12938055	      0.96581997	     -0.25474679	     27.22453526	    -11.88353821	     -1.37257255	    -28.96537792	     19.41596428	      7.72617252	      0.00000000	     -1.63020305	     11.03490810	    -16.74380178	     -5.72027276	     10.72378411	     -4.34496139	      0.00000000	      0.00000000	      0.00000000	      0.00000000
      7.02000000	      4.86893927	     -1.97063198	    -95.11307740	      0.12945367	      0.96576769	     -0.25138645	     27.21939337	    -11.74056559	     -1.52532502	    -27.60485849	     19.36571945	      8.06388256	      0.00000000	     -1.94398358	     10.97818422	    -16.49559421	     -5.90863131	     11.05469799	     -4.26599091	      0.00000000	      0.00000000	      0.00000000	      0.00000000
      7.03000000	      4.85132012	     -2.02685691	    -94.85512549	      0.12953256	      0.96557579	     -0.24805065	     27.29532726	    -11.62992387	     -1.65251308	    -26.24900973	     19.23213528	      8.40809840	      0.00000000	     -2.14232881	     10.93467343	    -16.21865289	     -6.12309952	     11.36544136	     -4.19798450	      0.00000000	      0.00000000	      0.00000000	      0.00000000
      7.04000000	      4.83519667	     -2.11685882	    -94.59594927	      0.12960745	      0.96537381	     -0.24467155	     27.31120561	    -11.53346708	     -1.78187889	    -24.88722494	     19.12415963	      8.83930806	      0.00000000	     -2.38634065	     10.89573334	    -15.93220059	     -6.32935174	     11.67977620	     -4.15172342	      0.00000000	      0.00000000	      0.00000000	      0.00000000
      7.05000000	      4.83530294	     -2.21723325	    -94.35461984	      0.12966601	      0.96510757	     -0.24127537	     27.31366525	    -11.45924526	     -1.91270508	    -23.53755081	     19.02008748	      9.39540743	      0.00000000	     -2.64413562	     10.87533565	    -15.66365163	     -6.53112890	     11.99917656	     -4.11992098	      0.00000000	      0.00000000	      0.00000000	      0.00000000
      7.06000000	      4.84183731	     -2.28939867	    -94.10798311	      0.12971343	      0.96476677	     -0.23787864	     27.32716009	    -11.39083596	     -2.03471268	    -22.19282692	     18.87607923	     10.00349324	      0.00000000	     -2.85962796	     10.85228587	    -15.43503321	     -6.75742745	     12.30983242	     -4.06506149	      0.00000000	      0.00000000	      0.00000000	      0.00000000
      7.07000000	      4.85588816	     -2.36708339	    -93.88267400	      0.12967608	      0.96439480	     -0.23440297	     27.30929547	    -11.30805615	     -2.07029803	    -20.85084053	     18.71172241	     10.62200651	      0.00000000	     -3.10278743	     10.83804212	    -15.21307367	     -6.94805886	     12.64907589	     -3.97707588	      0.00000000	      0.00000000	      0.00000000	      0.00000000
      7.08000000	      4.86625152	     -2.43168679	    -93.67239197	      0.12956877	      0.96397805	     -0.23094442	     27.27257851	    -11.20524413	     -2.03089363	    -19.49553298	     18.52540595	     11.25037973	      0.00000000	     -3.31753250	     10.81081949	    -15.04616421	     -7.16144235	     13.02114048	     -3.87959626	      0.00000000	      0.00000000	      0.00000000	      0.00000000
      7.09000000	      4.89744555	     -2.51058087	    -93.46565106	      0.12944107	      0.96354805	     -0.22741656	     27.18626301	    -11.13022590	     -1.95516436	    -18.13258181	     18.37565526	     11.96084230	      0.00000000	     -3.56866871	     10.80560786	    -14.85755295	     -7.33921083	     13.43078082	     -3.71521147	      0.00000000	      0.00000000	      0.00000000	      0.00000000
      7.10000000	      4.92246057	     -2.55058363	    -93.26073684	      0.12929534	      0.96306816	     -0.22385025	     27.09831328	    -11.04789018	     -1.83932056	    -16.75248558	     18.23547873	     12.65812392	      0.00000000	     -3.76678743	     10.78465901	    -14.68946491	     -7.54171431	     13.82237990	     -3.57540427	      0.00000000	      0.00000000	      0.00000000	      0.00000000
      7.11000000	      4.96451937	     -2.59856402	    -93.05669974	      0.12911791	      0.96258255	     -0.22021378	     26.97558051	    -10.98019731	     -1.66350037	    -15.39178790	     18.11700765	     13.24497728	      0.00000000	     -3.98096223	     10.78057607	    -14.49238068	     -7.74023770	     14.20404166	     -3.44157165	      0.00000000	      0.00000000	      0.00000000	      0.00000000
      7.12000000	      5.00756470	     -2.64659511	    -92.84878769	      0.12890958	      0.96208553	     -0.21653237	     26.82758625	    -10.90952195	     -1.42924418	    -14.06512632	     17.97682042	     13.61100981	      0.00000000	     -4.19624784	     10.77310552	    -14.28089872	     -7.94579458	     14.57004352	     -3.32671626	      0.00000000	      0.00000000	      0.00000000	      0.00000000
      7.13000000	      5.05865692	     -2.70272919	    -92.64465088	      0.12869322	      0.96156233	     -0.21281433	     26.65358446	    -10.84721051	     -1.15314394	    -12.78858684	     17.78880995	     13.72848042	      0.00000000	     -4.42461245	     10.77382413	    -14.07462177	     -8.14881331	     14.93694818	     -3.21603206	      0.00000000	      0.00000000	      0.00000000	      0.00000000
      7.14000000	      5.11152743	     -2.71921310	    -92.43755085	      0.12846046	      0.96095554	     -0.20900813	     26.50039993	    -10.79493457	     -0.91577963	    -11.57109906	     17.56830090	     13.65956267	      0.00000000	     -4.62491181	     10.77321816	    -13.85874324	     -8.33522332	     15.29486778	     -3.10691506	      0.00000000	      0.00000000	      0.00000000	      0.00000000
      7.15000000	      5.19188993	     -2.72034073	    -92.22299055	      0.12824477	      0.96027152	     -0.20517486	     26.36131313	    -10.79151139	     -0.79636973	    -10.43592923	     17.35821763	     13.52359346	      0.00000000	     -4.80354921	     10.79949021	    -13.66168622	     -8.53617954	     15.66892396	     -3.00488229	      0.00000000	      0.00000000	      0.00000000	      0.00000000
      7.16000000	      5.28662931	     -2.80167406	    -92.05724743	      0.12795276	      0.95966638	     -0.20126290	     26.13098591	    -10.79616478	     -0.76188076	     -9.36024584	     17.15387421	     13.30608604	      0.00000000	     -5.10162222	     10.85023977	    -13.54691269	     -8.67586623	     16.03086833	     -2.82031953	      0.00000000	      0.00000000	      0.00000000	      0.00000000
      7.17000000	      5.40120585	     -2.79254922	    -91.85028596	      0.12767831	      0.95893548	     -0.19728732	     25.98907653	    -10.84807488	     -0.95174875	     -8.38175865	     17.01868751	     13.14232365	      0.00000000	     -5.30164242	     10.91058496	    -13.37111920	     -8.82897178	     16.38213229	     -2.65959894	      0.00000000	      0.00000000	      0.00000000	      0.00000000
      7.18000000	      5.50490674	     -2.80908755	    -91.64509688	      0.12735387	      0.95824174	     -0.19322513	     25.81012188	    -10.89226708	     -1.24267956	     -7.49722479	     16.91905211	     12.90954403	      0.00000000	     -5.54041054	     10.95596491	    -13.22212902	     -8.97380057	     16.73175659	     -2.49450768	      0.00000000	      0.00000000	      0.00000000	      0.00000000
      7.19000000	      5.60550858	     -2.80738047	    -91.42389758	      0.12699533	      0.95751370	     -0.18906322	     25.64809578	    -10.94262586	     -1.61693446	     -6.73074975	     16.89061326	     12.61694900	      0.00000000	     -5.76598101	     10.98985212	    -13.05172558	     -9.12192524	     17.08125475	     -2.34421604	      0.00000000	      0.00000000	      0.00000000	      0.00000000
      7.20000000	      5.72434398	     -2.70980993	    -91.17938916	      0.12664302	      0.95665413	     -0.18483080	     25.59456727	    -11.02352887	     -2.07660252	     -6.08976220	     16.88442367	     12.31579959	      0.00000000	     -5.89169395	     11.03505982	    -12.82787329	     -9.27217815	     17.40619453	     -2.21851429	      0.00000000	      0.00000000	      0.00000000	      0.00000000
      7.21000000	      5.83247631	     -2.61085121	    -90.95329217	      0.12626067	      0.95579293	     -0.18050533	     25.53503683	    -11.08797634	     -2.57367928	     -5.54136602	     16.86712744	     11.98352583	      0.00000000	     -6.03228992	     11.07017173	    -12.61969986	     -9.40204389	     17.73849309	     -2.08917278	      0.00000000	      0.00000000	      0.00000000	      0.00000000
      7.22000000	      5.89651305	     -2.54847059	    -90.73811686	      0.12580702	      0.95503811	     -0.17607009	     25.40027968	    -11.09656584	     -3.10014821	     -5.05034878	     16.79743330	     11.55938220	      0.00000000	     -6.22955537	     11.05073403	    -12.48011137	     -9.51518719	     18.05780361	     -1.90707138	      0.00000000	      0.00000000	      0.00000000	      0.00000000
      7.23000000	      5.99027045	     -2.39527244	    -90.51737921	      0.12536287	      0.95416800	     -0.17159750	     25.37639796	    -11.13773138	     -3.62379122	     -4.68571965	     16.76300690	     11.17085221	      0.00000000	     -6.33060380	     11.06131990	    -12.30133343	     -9.62828990	     18.34210215	     -1.75664757	      0.00000000	      0.00000000	      0.00000000	      0.00000000
      7.24000000	      6.07983091	     -2.23657030	    -90.31288344	      0.12486575	      0.95329567	     -0.16705236	     25.35127652	    -11.16835555	     -4.06838695	     -4.41068047	     16.75570945	     10.81529498	      0.00000000	     -6.43268782	     11.06677992	    -12.12606345	     -9.73815766	     18.65095418	     -1.61012553	      0.00000000	      0.00000000	      0.00000000	      0.00000000
      7.25000000	      6.13124833	     -2.06301230	    -90.10704468	      0.12431342	      0.95247926	     -0.16239107	     25.31446347	    -11.15793433	     -4.47623866	     -4.21011450	     16.68452719	     10.46104901	      0.00000000	     -6.53693442	     11.02368032	    -11.98922684	     -9.82985098	     18.91701363	     -1.40494345	      0.00000000	      0.00000000	      0.00000000	      0.00000000
      7.26000000	      6.17901472	     -1.87637027	    -89.90423624	      0.12369245	      0.95163727	     -0.15764310	     25.27233250	    -11.13990804	     -4.79639686	     -4.07421921	     16.64861331	     10.16888792	      0.00000000	     -6.64061320	     10.97331962	    -11.85472776	     -9.90775789	     19.19742808	     -1.19366046	      0.00000000	      0.00000000	      0.00000000	      0.00000000
      7.27000000	      6.20032954	     -1.67273171	    -89.70260865	      0.12300790	      0.95079255	     -0.15278106	     25.21111668	    -11.09224858	     -5.08491554	     -3.97603207	     16.58008552	      9.93698046	      0.00000000	     -6.74399642	     10.89058207	    -11.73097340	     -9.96426404	     19.46744154	     -0.96838809	      0.00000000	      0.00000000	      0.00000000	      0.00000000
      7.28000000	      6.20550278	     -1.45222856	    -89.49932144	      0.12225517	      0.94993257	     -0.14780990	     25.12788119	    -11.02730106	     -5.36763715	     -3.91167170	     16.49859191	      9.77876658	      0.00000000	     -6.84459521	     10.78681379	    -11.58660749	    -10.00315341	     19.73586802	     -0.76542395	      0.00000000	      0.00000000	      0.00000000	      0.00000000
      7.29000000	      6.20089656	     -1.21410265	    -89.28609279	      0.12147823	      0.94906904	     -0.14270840	     25.02497284	    -10.95950647	     -5.63229252	     -3.90078109	     16.42266065	      9.67082507	      0.00000000	     -6.94807557	     10.67005532	    -11.43412578	    -10.01398077	     19.99478166	     -0.58354307	      0.00000000	      0.00000000	      0.00000000	      0.00000000
      7.30000000	      6.19196822	     -0.97147767	    -89.05174222	      0.12067443	      0.94824399	     -0.13748694	     24.89561624	    -10.89757714	     -5.89268618	     -3.96024629	     16.37167688	      9.57759736	      0.00000000	     -7.06809831	     10.53910187	    -11.27749438	    -10.00098719	     20.20481871	     -0.33159393	      0.00000000	      0.00000000	      0.00000000	      0.00000000
      7.31000000	      6.18808449	     -0.71326732	    -88.82485547	      0.11986145	      0.94740847	     -0.13212496	     24.75298824	    -10.84582985	     -6.09297750	     -4.02955662	     16.40723781	      9.51676551	      0.00000000	     -7.19051474	     10.41462032	    -11.14265295	     -9.96683041	     20.40690044	     -0.07325532	      0.00000000	      0.00000000	      0.00000000	      0.00000000
      7.32000000	      6.18596967	     -0.43116061	    -88.59163430	      0.11902903	      0.94656918	     -0.12668309	     24.59751610	    -10.80790711	     -6.27291396	     -3.99963442	     16.47460812	      9.50800281	      0.00000000	     -7.30088773	     10.28910024	    -11.01308661	     -9.91610042	     20.58148829	      0.19161768	      0.00000000	      0.00000000	      0.00000000	      0.00000000
      7.33000000	      6.14562672	     -0.09738228	    -88.36346040	      0.11812660	      0.94575212	     -0.12117261	     24.44104886	    -10.73588821	     -6.45613685	     -3.75096678	     16.35616500	      9.51101750	      0.00000000	     -7.36346274	     10.11960122	    -10.91322643	     -9.84847796	     20.69853733	      0.42912234	      0.00000000	      0.00000000	      0.00000000	      0.00000000
      7.34000000	      6.06053537	      0.23977449	    -88.09370468	      0.11711287	      0.94506027	     -0.11571520	     24.23692499	    -10.62933557	     -6.56789449	     -3.29784483	     15.83099692	      9.28154158	      0.00000000	     -7.40633382	      9.87438413	    -10.83071813	     -9.80564550	     20.87734911	      0.82724322	      0.00000000	      0.00000000	      0.00000000	      0.00000000
      7.35000000	      5.87236992	      0.64232733	    -87.87701801	      0.11584037	      0.94446309	     -0.11022500	     24.10872515	    -10.38266678	     -6.37956624	     -2.78686638	     14.73177806	      8.45506691	      0.00000000	     -7.37014345	      9.50934637	    -10.86262250	     -9.75570489	     21.00999483	      1.24580896	      0.00000000	      0.00000000	      0.00000000	      0.00000000
      7.36000000	      5.63045781	      1.07837762	    -87.64781444	      0.11444882	      0.94396632	     -0.10477954	     24.09111313	    -10.09461252	     -6.04070808	     -2.42878347	     13.30906608	      7.28337019	      0.00000000	     -7.27361500	      9.07210839	    -10.89496894	     -9.73526170	     21.13163787	      1.68110283	      0.00000000	      0.00000000	      0.00000000	      0.00000000
      7.37000000	      5.34382943	      1.50740324	    -87.43437014	      0.11298146	      0.94359919	     -0.09932625	     24.19155143	     -9.77053890	     -5.63327029	     -2.32017520	     11.78616018	      5.99370905	      0.00000000	     -7.17088036	      8.57977311	    -10.96230981	     -9.72875436	     21.21143751	      2.15839929	      0.00000000	      0.00000000	      0.00000000	      0.00000000
      7.38000000	      5.02852176	      1.89974871	    -87.25151806	      0.11143368	      0.94335975	     -0.09386579	     24.37965530	     -9.41692154	     -5.28316133	     -2.43600679	     10.31694310	      4.81971431	      0.00000000	     -7.09243377	      8.04987565	    -11.07209395	     -9.73768636	     21.27084194	      2.67018843	      0.00000000	      0.00000000	      0.00000000	      0.00000000
      7.39000000	      4.70906464	      2.22430544	    -87.10628547	      0.10980828	      0.94325397	     -0.08835878	     24.57863811	     -9.04286595	     -5.01994718	     -2.68960746	      8.97476685	      3.81436528	      0.00000000	     -7.08158928	      7.50721290	    -11.24182578	     -9.75075877	     21.30445571	      3.22705243	      0.00000000	      0.00000000	      0.00000000	      0.00000000
      7.40000000	      4.41046272	      2.46736355	    -86.97693955	      0.10815288	      0.94329456	     -0.08278685	     24.73330248	     -8.67350830	     -4.85389469	     -3.02378012	      7.75558417	      2.94239303	      0.00000000	     -7.15831274	      6.97412924	    -11.45686685	     -9.76604568	     21.28594773	      3.84691104	      0.00000000	      0.00000000	      0.00000000	      0.00000000
      7.41000000	      4.14002326	      2.63414713	    -86.89684830	      0.10644728	      0.94347804	     -0.07712980	     24.84949807	     -8.30677134	     -4.71730917	     -3.43095776	      6.61258563	      2.19722597	      0.00000000	     -7.32093704	      6.46617670	    -11.72751257	     -9.78153517	     21.23057718	      4.49541320	      0.00000000	      0.00000000	      0.00000000	      0.00000000
      7.42000000	      3.90758400	      2.74925852	    -86.84851718	      0.10466336	      0.94378749	     -0.07141587	     24.95690089	     -7.96472828	     -4.63736173	     -3.92177347	      5.60650169	      1.63635954	      0.00000000	     -7.53824530	      5.98641881	    -12.05408460	     -9.80639440	     21.13183147	      5.19984946	      0.00000000	      0.00000000	      0.00000000	      0.00000000
      7.43000000	      3.72360574	      2.85547601	    -86.78848350	      0.10282601	      0.94417009	     -0.06564140	     25.08313645	     -7.67938102	     -4.62477125	     -4.48680826	      4.84219239	      1.30150074	      0.00000000	     -7.76239282	      5.53643548	    -12.42258322	     -9.84599938	     20.97930162	      6.02948088	      0.00000000	      0.00000000	      0.00000000	      0.00000000
      7.44000000	      3.58330930	      2.94526832	    -86.73434191	      0.10088157	      0.94459347	     -0.05980722	     25.21493220	     -7.42950709	     -4.58002670	     -5.11446098	      4.30419928	      1.07122784	      0.00000000	     -7.99942163	      5.11084176	    -12.87263091	     -9.90279020	     20.78192414	      6.94965927	      0.00000000	      0.00000000	      0.00000000	      0.00000000
      7.45000000	      3.48453801	      3.01335098	    -86.66113648	      0.09888953	      0.94504658	     -0.05386994	     25.32421619	     -7.21897110	     -4.47012151	     -5.77695967	      3.89656391	      0.82703504	      0.00000000	     -8.26227960	      4.70681550	    -13.34158677	     -9.96779774	     20.54093973	      7.94950745	      0.00000000	      0.00000000	      0.00000000	      0.00000000
      7.46000000	      3.42495890	      3.12022716	    -86.51911265	      0.09692563	      0.94546106	     -0.04786769	     25.47253871	     -7.07808058	     -4.44221801	     -6.47501798	      3.53914119	      0.65871163	      0.00000000	     -8.46819029	      4.31953501	    -13.75770929	    -10.06761678	     20.27041003	      9.00714197	      0.00000000	      0.00000000	      0.00000000	      0.00000000
      7.47000000	      3.38008431	      3.21698978	    -86.35306620	      0.09489079	      0.94591077	     -0.04176459	     25.60618715	     -6.95551489	     -4.43576744	     -7.19049798	      3.21738602	      0.43211180	      0.00000000	     -8.68359059	      3.93023919	    -14.18403398	    -10.17108335	     19.93819744	     10.10057490	      0.00000000	      0.00000000	      0.00000000	      0.00000000
      7.48000000	      3.29538505	      3.30756965	    -86.19325395	      0.09273597	      0.94641516	     -0.03551582	     25.71844808	     -6.78468494	     -4.46993435	     -7.89717435	      2.90307269	      0.15842196	      0.00000000	     -8.90837289	      3.49634795	    -14.60983547	    -10.26633496	     19.54533761	     11.12605863	      0.00000000	      0.00000000	      0.00000000	      0.00000000
      7.49000000	      3.20090626	      3.45998595	    -85.93843961	      0.09062754	      0.94688727	     -0.02921623	     25.87495950	     -6.65594047	     -4.72187047	     -8.61537029	      2.66976720	     -0.00468946	      0.00000000	     -9.03204665	      3.04550603	    -14.82493780	    -10.40949378	     19.13694639	     11.99180831	      0.00000000	      0.00000000	      0.00000000	      0.00000000
      7.50000000	      3.09080151	      3.59831773	    -85.72107945	      0.08846429	      0.94734076	     -0.02274342	     26.00444593	     -6.49397539	     -4.94714324	     -9.32790101	      2.52084575	     -0.20366675	      0.00000000	     -9.18030234	      2.59889010	    -14.98358769	    -10.53781218	     18.70264317	     12.69264714	      0.00000000	      0.00000000	      0.00000000	      0.00000000
      7.51000000	      2.96304526	      3.72509762	    -85.51060976	      0.08625714	      0.94778007	     -0.01613943	     26.09936721	     -6.31230607	     -5.19162196	    -10.01796542	      2.42913966	     -0.37138453	      0.00000000	     -9.33248324	      2.14284739	    -15.08018031	    -10.67881298	     18.24574806	     13.24977532	      0.00000000	      0.00000000	      0.00000000	      0.00000000
      7.52000000	      2.81891304	      3.84788640	    -85.32499822	      0.08400780	      0.94820231	     -0.00941115	     26.17721992	     -6.10897191	     -5.45237738	    -10.69225039	      2.34678232	     -0.48812467	      0.00000000	     -9.49115638	      1.68049398	    -15.18627830	    -10.81277993	     17.75809332	     13.74573177	      0.00000000	      0.00000000	      0.00000000	      0.00000000
      7.53000000	      2.64324537	      3.95248310	    -85.16608975	      0.08165456	      0.94860190	     -0.00254267	     26.22021635	     -5.85771302	     -5.71607521	    -11.35088252	      2.30418143	     -0.57958370	      0.00000000	     -9.66217358	      1.17731378	    -15.40296378	    -10.96888695	     17.26302146	     14.28828800	      0.00000000	      0.00000000	      0.00000000	      0.00000000
      7.54000000	      2.46832958	      4.04020344	    -85.03746480	      0.07926619	      0.94897989	      0.00445140	     26.23006849	     -5.59983946	     -6.02565993	    -11.98994073	      2.23278509	     -0.61915110	      0.00000000	     -9.86898833	      0.67887250	    -15.68686971	    -11.09876002	     16.72761633	     14.87345296	      0.00000000	      0.00000000	      0.00000000	      0.00000000
      7.55000000	      2.27303265	      4.08949748	    -84.94119981	      0.07679540	      0.94933892	      0.01166256	     26.16796081	     -5.29775843	     -6.30295948	    -12.58435703	      2.20348616	     -0.67552004	      0.00000000	    -10.13914887	      0.15475647	    -16.03430672	    -11.20828416	     16.17166665	     15.52130324	      0.00000000	      0.00000000	      0.00000000	      0.00000000
      7.56000000	      2.07272826	      4.10281658	    -84.85943852	      0.07423050	      0.94971780	      0.01894386	     26.06356985	     -4.97175514	     -6.52717953	    -13.16349611	      2.11109720	     -0.80918105	      0.00000000	    -10.43552358	     -0.38721925	    -16.39692038	    -11.34201282	     15.59036236	     16.17512689	      0.00000000	      0.00000000	      0.00000000	      0.00000000
      7.57000000	      1.86895608	      4.16994067	    -84.74302299	      0.07159906	      0.95000880	      0.02615275	     26.03356684	     -4.65033515	     -6.71552422	    -13.76660274	      1.96035223	     -1.00093904	      0.00000000	    -10.61578105	     -0.95641737	    -16.69961539	    -11.56573432	     15.02335613	     16.80168480	      0.00000000	      0.00000000	      0.00000000	      0.00000000
      7.58000000	      1.69804626	      4.23246897	    -84.64941053	      0.06887406	      0.95027499	      0.03316002	     26.05005974	     -4.33809515	     -6.78316232	    -14.42432379	      1.64178882	     -1.34840395	      0.00000000	    -10.75803399	     -1.50437395	    -16.99368045	    -11.84620452	     14.44131371	     17.43781984	      0.00000000	      0.00000000	      0.00000000	      0.00000000
      7.59000000	      1.55826010	      4.32596774	    -84.57234547	      0.06606687	      0.95043877	      0.04003627	     26.14019731	     -4.03260915	     -6.72932828	    -15.12571208	      1.21489505	     -1.84803011	      0.00000000	    -10.82061163	     -2.03103807	    -17.26459380	    -12.20192550	     13.82693794	     18.04561956	      0.00000000	      0.00000000	      0.00000000	      0.00000000
      7.60000000	      1.43894975	      4.43564406	    -84.52989888	      0.06319899	      0.95047797	      0.04700373	     26.25849613	     -3.71372399	     -6.59371297	    -15.83791597	      0.81377980	     -2.46049147	      0.00000000	    -10.85289817	     -2.53666338	    -17.53822721	    -12.59788569	     13.17070115	     18.62664113	      0.00000000	      0.00000000	      0.00000000	      0.00000000
      7.61000000	      1.33081259	      4.53364490	    -84.49708201	      0.06030898	      0.95041520	      0.05419435	     26.34498300	     -3.38140229	     -6.45930525	    -16.53644479	      0.62020609	     -3.15378226	      0.00000000	    -10.90291360	     -3.03511107	    -17.80996321	    -13.00938898	     12.50397242	     19.19517075	      0.00000000	      0.00000000	      0.00000000	      0.00000000
      7.62000000	      1.21119550	      4.60253681	    -84.45886361	      0.05741503	      0.95032169	      0.06158298	     26.36358995	     -3.01188523	     -6.29562884	    -17.19673269	      0.71207452	     -3.92980709	      0.00000000	    -10.98210820	     -3.54874217	    -18.04023022	    -13.43612715	     11.82628350	     19.70121195	      0.00000000	      0.00000000	      0.00000000	      0.00000000
      7.63000000	      1.11493748	      4.65509298	    -84.42029313	      0.05452971	      0.95021461	      0.06899441	     26.36303611	     -2.64916085	     -6.10262985	    -17.87042581	      0.98202770	     -4.78288882	      0.00000000	    -11.06319316	     -4.03496403	    -18.21521878	    -13.88504515	     11.13513068	     20.12401762	      0.00000000	      0.00000000	      0.00000000	      0.00000000
      7.64000000	      1.02025595	      4.70315342	    -84.40691992	      0.05159075	      0.95009842	      0.07636076	     26.35925056	     -2.26051816	     -5.83301600	    -18.54037814	      1.28780477	     -5.64090081	      0.00000000	    -11.11656532	     -4.51386091	    -18.34563903	    -14.38511756	     10.42082625	     20.43440644	      0.00000000	      0.00000000	      0.00000000	      0.00000000
      7.65000000	      0.92598789	      4.74834842	    -84.40346178	      0.04863936	      0.94998121	      0.08367475	     26.35260677	     -1.87126643	     -5.61540582	    -19.20725156	      1.60467978	     -6.41440690	      0.00000000	    -11.14049273	     -4.98869676	    -18.44301355	    -14.92902626	      9.70564801	     20.66191068	      0.00000000	      0.00000000	      0.00000000	      0.00000000
      7.66000000	      0.81323928	      4.78072839	    -84.38880086	      0.04572886	      0.94989597	      0.09098446	     26.30524541	     -1.48716513	     -5.52635677	    -19.83362138	      1.99701266	     -6.97353166	      0.00000000	    -11.14020248	     -5.48503115	    -18.50005607	    -15.52384870	      9.00036848	     20.82351278	      0.00000000	      0.00000000	      0.00000000	      0.00000000
      7.67000000	      0.71407307	      4.80363864	    -84.37530287	      0.04291663	      0.94984426	      0.09825916	     26.22255430	     -1.15293055	     -5.56116129	    -20.42893524	      2.53754732	     -7.22584078	      0.00000000	    -11.11425080	     -5.95682374	    -18.50082348	    -16.16668559	      8.27421116	     20.87620358	      0.00000000	      0.00000000	      0.00000000	      0.00000000
      7.68000000	      0.59287227	      4.81124626	    -84.34784252	      0.04012848	      0.94982657	      0.10552937	     26.08466680	     -0.81404604	     -5.66959344	    -20.96789241	      3.15632079	     -7.37114606	      0.00000000	    -11.06410182	     -6.46092738	    -18.48316055	    -16.87004784	      7.56658896	     20.91811892	      0.00000000	      0.00000000	      0.00000000	      0.00000000
      7.69000000	      0.47232142	      4.78182648	    -84.29564953	      0.03744055	      0.94986243	      0.11275079	     25.86886743	     -0.50758398	     -5.88353277	    -21.45918476	      3.88821399	     -7.34021252	      0.00000000	    -11.00569822	     -6.97081515	    -18.41472974	    -17.63934876	      6.87291529	     20.90007430	      0.00000000	      0.00000000	      0.00000000	      0.00000000
      7.70000000	      0.37359869	      4.75274369	    -84.24263030	      0.03479069	      0.94993857	      0.11985870	     25.61808881	     -0.23495016	     -6.10280346	    -21.89388978	      4.66326814	     -7.19474891	      0.00000000	    -10.89158817	     -7.45276492	    -18.27454793	    -18.47796535	      6.14624796	     20.76516599	      0.00000000	      0.00000000	      0.00000000	      0.00000000
      7.71000000	      0.28679875	      4.74228471	    -84.18061169	      0.03215184	      0.95006310	      0.12682580	     25.35078724	      0.01458143	     -6.33060344	    -22.25494707	      5.41750413	     -6.99740547	      0.00000000	    -10.68407152	     -7.92305917	    -18.06187159	    -19.40888702	      5.38915656	     20.51574001	      0.00000000	      0.00000000	      0.00000000	      0.00000000
      7.72000000	      0.20801876	      4.75046333	    -84.10679227	      0.02953514	      0.95024711	      0.13365698	     25.07094111	      0.24096790	     -6.59549808	    -22.54087631	      6.12244751	     -6.75990918	      0.00000000	    -10.38147596	     -8.38398113	    -17.78759020	    -20.43212106	      4.60537854	     20.14923936	      0.00000000	      0.00000000	      0.00000000	      0.00000000
      7.73000000	      0.14862933	      4.78728981	    -84.02652742	      0.02695713	      0.95047027	      0.14039066	     24.78262662	      0.43006903	     -6.90033562	    -22.74365603	      6.80252789	     -6.42450509	      0.00000000	     -9.97764908	     -8.81434862	    -17.43638618	    -21.54350146	      3.77298837	     19.64350688	      0.00000000	      0.00000000	      0.00000000	      0.00000000
      7.74000000	      0.10450891	      4.83497535	    -83.94292710	      0.02441469	      0.95073794	      0.14699884	     24.46722264	      0.59725723	     -7.22930936	    -22.86390796	      7.45437488	     -6.05227538	      0.00000000	     -9.48860449	     -9.21348116	    -17.01218735	    -22.74400604	      2.91085892	     18.98325891	      0.00000000	      0.00000000	      0.00000000	      0.00000000
      7.75000000	      0.13760325	      4.97013878	    -83.89135130	      0.02194989	      0.95094638	      0.15336159	     24.22662264	      0.66859214	     -7.55640560	    -22.93852193	      8.13174352	     -5.54013226	      0.00000000	     -8.82387405	     -9.48564373	    -16.51548559	    -24.05014090	      2.01093500	     18.11018046	      0.00000000	      0.00000000	      0.00000000	      0.00000000
      7.76000000	      0.16878606	      5.06486790	    -83.81852230	      0.01953671	      0.95127551	      0.15954955	     23.89860362	      0.75124934	     -7.85118543	    -22.91360947	      8.74023709	     -5.10825133	      0.00000000	     -8.10878929	     -9.73694126	    -15.90251444	    -25.45531853	      1.12869869	     17.04947280	      0.00000000	      0.00000000	      0.00000000	      0.00000000
      7.77000000	      0.22370997	      5.15637304	    -83.74599600	      0.01715378	      0.95166785	      0.16552944	     23.56478310	      0.81151580	     -8.10708925	    -22.86659427	      9.29523886	     -4.69275137	      0.00000000	     -7.30816739	     -9.93136202	    -15.21906800	    -26.95276335	      0.21738895	     15.80939842	      0.00000000	      0.00000000	      0.00000000	      0.00000000
      7.78000000	      0.27707086	      5.24092941	    -83.66941398	      0.01481278	      0.95211568	      0.17134349	     23.22487684	      0.87833103	     -8.31210544	    -22.80191625	      9.78255678	     -4.33062046	      0.00000000	     -6.42975866	    -10.09934534	    -14.49904591	    -28.53639257	     -0.74256500	     14.42387593	      0.00000000	      0.00000000	      0.00000000	      0.00000000
      7.79000000	      0.32098500	      5.32701452	    -83.60079848	      0.01258037	      0.95259109	      0.17698151	     22.88621330	      0.96035002	     -8.46074582	    -22.70954169	     10.20166483	     -4.03090340	      0.00000000	     -5.46480897	    -10.23918198	    -13.76836851	    -30.21033775	     -1.74495343	     12.87218585	      0.00000000	      0.00000000	      0.00000000	      0.00000000
      7.80000000	      0.36102010	      5.39462291	    -83.54073294	      0.01049194	      0.95311227	      0.18245045	     22.51816585	      1.05426393	     -8.55816031	    -22.57193646	     10.56559980	     -3.79300735	      0.00000000	     -4.44160749	    -10.34204540	    -13.03284794	    -31.95972986	     -2.80656925	     11.15252664	      0.00000000	      0.00000000	      0.00000000	      0.00000000
      7.81000000	      0.40582633	      5.44029839	    -83.48998938	      0.00854087	      0.95365674	      0.18775813	     22.12506296	      1.14523700	     -8.63474276	    -22.40795374	     10.90211966	     -3.59702204	      0.00000000	     -3.37559484	    -10.40110520	    -12.31272638	    -33.76078172	     -3.95156332	      9.26912357	      0.00000000	      0.00000000	      0.00000000	      0.00000000
      7.82000000	      0.45067596	      5.46778041	    -83.44720922	      0.00668852	      0.95419150	      0.19292092	     21.71525650	      1.23637901	     -8.70276471	    -22.22902905	     11.23240345	     -3.41064290	      0.00000000	     -2.27960511	    -10.42579890	    -11.62765262	    -35.58330516	     -5.20861226	      7.26223985	      0.00000000	      0.00000000	      0.00000000	      0.00000000
      7.83000000	      0.48072075	      5.47633027	    -83.40738383	      0.00491057	      0.95470166	      0.19791836	     21.29313111	      1.34127593	     -8.77739432	    -22.04070626	     11.53475528	     -3.23466829	      0.00000000	     -1.16267029	    -10.44088723	    -11.00072290	    -37.41258495	     -6.60337126	      5.15118505	      0.00000000	      0.00000000	      0.00000000	      0.00000000
      7.84000000	      0.47525868	      5.48315834	    -83.36153252	      0.00320008	      0.95515822	      0.20270934	     20.88446653	      1.47677634	     -8.86834211	    -21.84824468	     11.78042418	     -3.07893334	      0.00000000	     -0.00575975	    -10.47997638	    -10.45514274	    -39.25158591	     -8.06721564	      2.96056995	      0.00000000	      0.00000000	      0.00000000	      0.00000000
      7.85000000	      0.41853186	      5.49093808	    -83.29798559	      0.00153966	      0.95553900	      0.20731746	     20.49167775	      1.65698889	     -8.99334085	    -21.65087911	     11.97633591	     -2.94432850	      0.00000000	      1.19021005	    -10.57749187	    -10.00670355	    -41.10481247	     -9.33409201	      0.76655996	      0.00000000	      0.00000000	      0.00000000	      0.00000000
      7.86000000	      0.32078150	      5.46937316	    -83.22524259	     -0.00008365	      0.95587957	      0.21183750	     20.06984473	      1.87473676	     -9.16767369	    -21.43851034	     12.15915163	     -2.79047408	      0.00000000	      2.37043416	    -10.73830615	     -9.68326923	    -42.96163394	    -10.01021971	     -1.33187434	      0.00000000	      0.00000000	      0.00000000	      0.00000000
      7.87000000	      0.19926868	      5.43922491	    -83.17981660	     -0.00172699	      0.95616511	      0.21635554	     19.63521633	      2.11523107	     -9.39406962	    -21.21263649	     12.39541091	     -2.52668393	      0.00000000	      3.53369623	    -10.95621467	     -9.53509992	    -44.80153862	     -9.90031605	     -3.26893371	      0.00000000	      0.00000000	      0.00000000	      0.00000000
      7.88000000	      0.09506239	      5.36051596	    -83.16999877	     -0.00333885	      0.95649689	      0.22085043	     19.14348149	      2.34230692	     -9.63105847	    -20.97306505	     12.66295008	     -2.18331566	      0.00000000	      4.61955769	    -11.16716339	     -9.50822176	    -46.56385624	     -9.10233312	     -5.06976068	      0.00000000	      0.00000000	      0.00000000	      0.00000000
      7.89000000	      0.01862903	      5.22429803	    -83.18259241	     -0.00490761	      0.95694037	      0.22528121	     18.59263544	      2.55256641	     -9.84271048	    -20.72899920	     12.92644911	     -1.88060378	      0.00000000	      5.62442095	    -11.35215648	     -9.55215076	    -48.19147099	     -8.11557337	     -6.75415948	      0.00000000	      0.00000000	      0.00000000	      0.00000000
      7.90000000	     -0.00396113	      5.12010071	    -83.22249132	     -0.00634653	      0.95743108	      0.22957476	     18.09065993	      2.70150590	     -9.99352622	    -20.50300678	     13.15539730	     -1.58439649	      0.00000000	      6.64893671	    -11.44559893	     -9.61789488	    -49.66146181	     -7.28787376	     -8.32741918	      0.00000000	      0.00000000	      0.00000000	      0.00000000
      7.91000000	      0.02050507	      5.08926699	    -83.30335096	     -0.00770692	      0.95786119	      0.23369873	     17.70211138	      2.79012577	    -10.09527404	    -20.33369671	     13.39788458	     -1.26198207	      0.00000000	      7.74253817	    -11.46396496	     -9.72330941	    -50.99601261	     -6.71207935	     -9.71806415	      0.00000000	      0.00000000	      0.00000000	      0.00000000
      7.92000000	      0.06371286	      4.98888164	    -83.37370006	     -0.00902979	      0.95840592	      0.23774957	     17.24373586	      2.86923786	    -10.18645541	    -20.16852743	     13.58849664	     -1.01872025	      0.00000000	      8.74700373	    -11.46006243	     -9.82033359	    -52.18020690	     -6.28109915	    -10.90630268	      0.00000000	      0.00000000	      0.00000000	      0.00000000
      7.93000000	      0.12937380	      4.84340728	    -83.43084558	     -0.01028135	      0.95901035	      0.24176352	     16.73560648	      2.93435542	    -10.24569518	    -20.00113087	     13.73580670	     -0.86532092	      0.00000000	      9.67903536	    -11.41781369	     -9.90112806	    -53.21805303	     -5.80374267	    -11.86719197	      0.00000000	      0.00000000	      0.00000000	      0.00000000
      7.94000000	      0.21394720	      4.75447012	    -83.50212353	     -0.01144224	      0.95948612	      0.24562410	     16.32189209	      2.97682370	    -10.24329080	    -19.88234329	     13.89274808	     -0.76458554	      0.00000000	     10.66490576	    -11.32798907	     -9.99182092	    -54.14821746	     -5.17364267	    -12.59708452	      0.00000000	      0.00000000	      0.00000000	      0.00000000
      7.95000000	      0.30652062	      4.66312180	    -83.57741039	     -0.01251603	      0.95995244	      0.24946523	     15.89489562	      3.02877611	    -10.14511997	    -19.73339479	     14.02404494	     -0.79419993	      0.00000000	     11.62665122	    -11.20797691	    -10.08609688	    -54.93839086	     -4.38563884	    -13.12333164	      0.00000000	      0.00000000	      0.00000000	      0.00000000
      7.96000000	      0.43091463	      4.57582049	    -83.63924076	     -0.01345398	      0.96038150	      0.25314909	     15.48266306	      3.04590168	    -10.01011833	    -19.59372051	     14.16442070	     -0.92117288	      0.00000000	     12.60242668	    -11.01806077	    -10.14670145	    -55.61121436	     -3.51050330	    -13.48222466	      0.00000000	      0.00000000	      0.00000000	      0.00000000
      7.97000000	      0.58008210	      4.46600386	    -83.68604492	     -0.01427028	      0.96081542	      0.25679281	     15.02182544	      3.04011980	     -9.84646402	    -19.41290671	     14.35742844	     -1.07206096	      0.00000000	     13.54907291	    -10.77440871	    -10.18011387	    -56.14922177	     -2.62892852	    -13.68950302	      0.00000000	      0.00000000	      0.00000000	      0.00000000
      7.98000000	      0.69851484	      4.41707513	    -83.71475825	     -0.01499376	      0.96114693	      0.26036470	     14.61597511	      3.05574658	     -9.69846427	    -19.19749371	     14.45700632	     -1.27445575	      0.00000000	     14.57178964	    -10.53785177	    -10.18810441	    -56.57262972	     -1.71392256	    -13.74099952	      0.00000000	      0.00000000	      0.00000000	      0.00000000
      7.99000000	      0.82597719	      4.34274308	    -83.72649266	     -0.01564626	      0.96148634	      0.26391776	     14.16429422	      3.06257222	     -9.54829104	    -18.95233758	     14.59056540	     -1.48787018	      0.00000000	     15.55656023	    -10.28109752	    -10.18354851	    -56.85646485	     -0.83564789	    -13.61993237	      0.00000000	      0.00000000	      0.00000000	      0.00000000
      8.00000000	      0.91480545	      4.26466138	    -83.72124276	     -0.01625731	      0.96178756	      0.26738596	     13.70606546	      3.10919443	     -9.39924346	    -18.68470714	     14.68346125	     -1.73069706	      0.00000000	     16.54742716	    -10.06278351	    -10.16474918	    -57.02636031	     -0.01161374	    -13.35564766	      0.00000000	      0.00000000	      0.00000000	      0.00000000
      8.01000000	      1.00798625	      4.17368433	    -83.71308997	     -0.01680418	      0.96210799	      0.27082148	     13.22040076	      3.14497790	     -9.26302085	    -18.39158808	     14.77201731	     -1.94272387	      0.00000000	     17.50132294	     -9.83803845	    -10.15966362	    -57.04825585	      0.73232845	    -12.98234581	      0.00000000	      0.00000000	      0.00000000	      0.00000000
      8.02000000	      1.05099435	      4.08797102	    -83.70197750	     -0.01737476	      0.96240059	      0.27421140	     12.73553808	      3.23426962	     -9.13504722	    -18.07088810	     14.80004179	     -2.16747095	      0.00000000	     18.44995554	     -9.68617884	    -10.18446303	    -56.94511839	      1.47085636	    -12.55650610	      0.00000000	      0.00000000	      0.00000000	      0.00000000
      8.03000000	      1.04419643	      4.00995799	    -83.69788780	     -0.01796329	      0.96268403	      0.27757289	     12.25706061	      3.37671570	     -9.01082864	    -17.72622114	     14.76536931	     -2.43577515	      0.00000000	     19.38798266	     -9.60656622	    -10.24998437	    -56.71539210	      2.24144454	    -12.12077239	      0.00000000	      0.00000000	      0.00000000	      0.00000000
      8.04000000	      1.05158822	      3.92806954	    -83.68844575	     -0.01852319	      0.96298392	      0.28089832	     11.76919538	      3.50115871	     -8.86609898	    -17.37124728	     14.76462719	     -2.69295186	      0.00000000	     20.29272323	     -9.51068070	    -10.33366990	    -56.34981911	      2.99765028	    -11.74048493	      0.00000000	      0.00000000	      0.00000000	      0.00000000
      8.05000000	      1.08780264	      3.85316133	    -83.71092389	     -0.01901755	      0.96327951	      0.28422507	     11.28481905	      3.57321378	     -8.77831152	    -17.01952056	     14.83133501	     -2.75382763	      0.00000000	     21.14360965	     -9.38746236	    -10.48870861	    -55.83029984	      3.74140331	    -11.45329494	      0.00000000	      0.00000000	      0.00000000	      0.00000000
      8.06000000	      1.08940936	      3.75905360	    -83.74981477	     -0.01954665	      0.96354819	      0.28752202	     10.78076059	      3.68476407	     -8.70224671	    -16.65507661	     14.87351755	     -2.81395982	      0.00000000	     21.93746002	     -9.31909403	    -10.69193240	    -55.18642967	      4.45677444	    -11.29137530	      0.00000000	      0.00000000	      0.00000000	      0.00000000
      8.07000000	      1.07148961	      3.63639368	    -83.82189812	     -0.02013462	      0.96380685	      0.29077738	     10.25377143	      3.82114064	     -8.61285211	    -16.29414816	     14.91540085	     -2.84346502	      0.00000000	     22.66171288	     -9.29193934	    -10.95076394	    -54.42477609	      5.08028063	    -11.26928505	      0.00000000	      0.00000000	      0.00000000	      0.00000000
      8.08000000	      1.04468185	      3.46045052	    -83.92109880	     -0.02078084	      0.96410538	      0.29402878	      9.67010400	      3.97572934	     -8.50222782	    -15.92972679	     14.95906871	     -2.87293649	      0.00000000	     23.29443029	     -9.29303781	    -11.25623960	    -53.55756351	      5.56511402	    -11.39845110	      0.00000000	      0.00000000	      0.00000000	      0.00000000
      8.09000000	      0.98575663	      3.29158639	    -84.05003097	     -0.02146473	      0.96431804	      0.29726452	      9.10679658	      4.16044473	     -8.38461677	    -15.58408096	     15.04621612	     -2.83047197	      0.00000000	     23.91631061	     -9.33663674	    -11.59399189	    -52.61671743	      5.91880612	    -11.65380703	      0.00000000	      0.00000000	      0.00000000	      0.00000000
      8.10000000	      0.94545928	      3.10391945	    -84.20250169	     -0.02212478	      0.96452841	      0.30055654	      8.52131849	      4.31934154	     -8.27637844	    -15.25106077	     15.15444602	     -2.74693139	      0.00000000	     24.45493712	     -9.36129888	    -11.97201705	    -51.55560278	      6.21947991	    -11.92426248	      0.00000000	      0.00000000	      0.00000000	      0.00000000
      8.11000000	      0.94779828	      2.87467245	    -84.34975717	     -0.02269698	      0.96478271	      0.30391205	      7.88571791	      4.41684349	     -8.24966488	    -14.93323743	     15.31909184	     -2.54960036	      0.00000000	     24.87857933	     -9.32365076	    -12.35567557	    -50.36470074	      6.50099545	    -12.13627608	      0.00000000	      0.00000000	      0.00000000	      0.00000000
      8.12000000	      0.93259177	      2.67257642	    -84.52728425	     -0.02324977	      0.96494153	      0.30718045	      7.31069506	      4.51269584	     -8.24718981	    -14.66190157	     15.51343758	     -2.23971899	      0.00000000	     25.30542741	     -9.29601477	    -12.73676486	    -49.10905259	      6.73481278	    -12.28028496	      0.00000000	      0.00000000	      0.00000000	      0.00000000
      8.13000000	      0.89137352	      2.47549261	    -84.71772510	     -0.02381030	      0.96503918	      0.31038699	      6.76260445	      4.62150478	     -8.26514292	    -14.41818210	     15.71838573	     -1.84700529	      0.00000000	     25.72530170	     -9.28977444	    -13.08590892	    -47.81521172	      6.91694533	    -12.25880063	      0.00000000	      0.00000000	      0.00000000	      0.00000000
      8.14000000	      0.84683269	      2.26092138	    -84.88023506	     -0.02428710	      0.96509719	      0.31360740	      6.20114608	      4.71876533	     -8.32681347	    -14.19303566	     15.97228427	     -1.41309070	      0.00000000	     26.11008532	     -9.25697886	    -13.36190687	    -46.48723362	      7.09083533	    -12.05833788	      0.00000000	      0.00000000	      0.00000000	      0.00000000
      8.15000000	      0.78949073	      2.05625152	    -85.05410472	     -0.02469902	      0.96508238	      0.31684266	      5.66787090	      4.82527635	     -8.34686930	    -14.00450688	     16.23623876	     -1.01079038	      0.00000000	     26.47690075	     -9.21991720	    -13.60644796	    -45.12718456	      7.27018399	    -11.66012657	      0.00000000	      0.00000000	      0.00000000	      0.00000000
      8.16000000	      0.75167882	      1.76855376	    -85.23502703	     -0.02493598	      0.96516730	      0.32013827	      5.04153985	      4.90725271	     -8.36617644	    -13.82306522	     16.48637265	     -0.60770504	      0.00000000	     26.70310994	     -9.13572484	    -13.81990684	    -43.70812989	      7.47877082	    -11.09977781	      0.00000000	      0.00000000	      0.00000000	      0.00000000
      8.17000000	      0.70188777	      1.58324548	    -85.44626099	     -0.02509119	      0.96501377	      0.32334689	      4.56694004	      5.00618857	     -8.22653002	    -13.70542842	     16.76195079	     -0.42223751	      0.00000000	     27.02526250	     -9.04003319	    -13.98688712	    -42.28443860	      7.77830898	    -10.26505735	      0.00000000	      0.00000000	      0.00000000	      0.00000000
      8.18000000	      0.68398382	      1.27029183	    -85.64333888	     -0.02515258	      0.96506919	      0.32671500	      3.91006487	      5.08600453	     -8.07970582	    -13.52035243	     16.96210488	     -0.34663599	      0.00000000	     27.13974012	     -8.89938206	    -14.13717441	    -40.77532195	      8.10735672	     -9.23054865	      0.00000000	      0.00000000	      0.00000000	      0.00000000
      8.19000000	      0.64165165	      1.06210339	    -85.87011028	     -0.02521283	      0.96493596	      0.33008303	      3.37675403	      5.18193285	     -7.88132654	    -13.34783338	     17.15251454	     -0.30099227	      0.00000000	     27.33065922	     -8.78086096	    -14.28733034	    -39.22655880	      8.44149006	     -7.99062848	      0.00000000	      0.00000000	      0.00000000	      0.00000000
      8.20000000	      0.58364573	      0.88624870	    -86.10908958	     -0.02523020	      0.96470775	      0.33342393	      2.88582429	      5.27898921	     -7.68447927	    -13.18791060	     17.36961428	     -0.18397891	      0.00000000	     27.52074769	     -8.66567377	    -14.40310969	    -37.62808243	      8.74390385	     -6.61253763	      0.00000000	      0.00000000	      0.00000000	      0.00000000
      8.21000000	      0.52633462	      0.65938106	    -86.33084230	     -0.02520781	      0.96451116	      0.33687858	      2.30067537	      5.37204476	     -7.55322865	    -12.97189247	     17.62347115	     -0.01353538	      0.00000000	     27.60127600	     -8.54602233	    -14.52694518	    -35.96165681	      9.01319877	     -5.14885287	      0.00000000	      0.00000000	      0.00000000	      0.00000000
      8.22000000	      0.47594616	      0.41338281	    -86.53539587	     -0.02509428	      0.96428683	      0.34039571	      1.67795921	      5.44511413	     -7.47793137	    -12.74138871	     17.94274216	      0.22805201	      0.00000000	     27.60745402	     -8.39658397	    -14.62908494	    -34.22684051	      9.27313527	     -3.64984127	      0.00000000	      0.00000000	      0.00000000	      0.00000000
      8.23000000	      0.38173030	      0.20742902	    -86.76036747	     -0.02495151	      0.96397290	      0.34391185	      1.11025735	      5.54570186	     -7.41716960	    -12.53517555	     18.24546603	      0.54823938	      0.00000000	     27.60858237	     -8.29053840	    -14.74429460	    -32.43534618	      9.49136537	     -2.08627902	      0.00000000	      0.00000000	      0.00000000	      0.00000000
      8.24000000	      0.25957405	      0.00929036	    -86.99002193	     -0.02478955	      0.96361514	      0.34751023	      0.54174491	      5.66360485	     -7.36286029	    -12.32514597	     18.55038038	      0.91575236	      0.00000000	     27.55888801	     -8.20768686	    -14.87432177	    -30.57791601	      9.68716897	     -0.50987316	      0.00000000	      0.00000000	      0.00000000	      0.00000000
      8.25000000	      0.11760950	     -0.19052095	    -87.21698964	     -0.02459851	      0.96321420	      0.35120156	     -0.03482747	      5.78881292	     -7.32604742	    -12.12110609	     18.87658135	      1.35366763	      0.00000000	     27.45754007	     -8.13926788	    -15.01760961	    -28.67420911	      9.88194059	      1.08588228	      0.00000000	      0.00000000	      0.00000000	      0.00000000
      8.26000000	     -0.04471777	     -0.36877165	    -87.44579826	     -0.02439831	      0.96274559	      0.35494613	     -0.57971758	      5.92146239	     -7.31268365	    -11.94252066	     19.21637740	      1.85182258	      0.00000000	     27.33779293	     -8.08343361	    -15.15764804	    -26.72929127	     10.05223671	      2.65841042	      0.00000000	      0.00000000	      0.00000000	      0.00000000
      8.27000000	     -0.26502720	     -0.40095060	    -87.69147758	     -0.02421214	      0.96202308	      0.35864829	     -0.92085451	      6.09787590	     -7.28902068	    -11.84158899	     19.56131771	      2.35444681	      0.00000000	     27.36452581	     -8.08217657	    -15.27147548	    -24.78634228	     10.19887675	      4.20708022	      0.00000000	      0.00000000	      0.00000000	      0.00000000
      8.28000000	     -0.44991488	     -0.49315749	    -87.95864673	     -0.02394712	      0.96142544	      0.36246003	     -1.31544455	      6.21184097	     -7.31897547	    -11.78191506	     19.93853899	      2.98926752	      0.00000000	     27.25801442	     -8.03160281	    -15.36240193	    -22.77899458	     10.26874866	      5.62685601	      0.00000000	      0.00000000	      0.00000000	      0.00000000
      8.29000000	     -0.58025577	     -0.63504280	    -88.21141615	     -0.02352524	      0.96092691	      0.36638742	     -1.74670964	      6.23579179	     -7.48784470	    -11.77766264	     20.37477962	      3.81362835	      0.00000000	     27.04437121	     -7.88515318	    -15.33638402	    -20.72663405	     10.22625295	      6.80213502	      0.00000000	      0.00000000	      0.00000000	      0.00000000
      8.30000000	     -0.78066951	     -0.56609182	    -88.52971273	     -0.02321897	      0.96008098	      0.37024107	     -1.87657367	      6.32780445	     -7.52988908	    -11.90044934	     20.80519334	      4.51599169	      0.00000000	     27.06691279	     -7.84275090	    -15.28157630	    -18.75422669	     10.17728651	      7.96165727	      0.00000000	      0.00000000	      0.00000000	      0.00000000
      8.31000000	     -0.91921188	     -0.58203573	    -88.81769749	     -0.02281768	      0.95938658	      0.37415894	     -2.07833529	      6.33120694	     -7.73488945	    -12.08089212	     21.28849309	      5.42477894	      0.00000000	     26.94547193	     -7.70284404	    -15.08411679	    -16.75226350	      9.99247672	      8.84283913	      0.00000000	      0.00000000	      0.00000000	      0.00000000
      8.32000000	     -1.07465349	     -0.47955971	    -89.15755507	     -0.02255816	      0.95849990	      0.37805387	     -2.10552181	      6.36290156	     -7.79069179	    -12.34495588	     21.75549491	      6.12469819	      0.00000000	     26.93318197	     -7.61942034	    -14.86761590	    -14.81779720	      9.80212776	      9.67912983	      0.00000000	      0.00000000	      0.00000000	      0.00000000
      8.33000000	     -1.20852210	     -0.47055382	    -89.43030385	     -0.02215753	      0.95771190	      0.38204572	     -2.24225868	      6.35296883	     -8.01934264	    -12.60895728	     22.25596727	      7.01030070	      0.00000000	     26.81312173	     -7.48865436	    -14.46927109	    -12.95049378	      9.54289034	     10.25841870	      0.00000000	      0.00000000	      0.00000000	      0.00000000
      8.34000000	     -1.32519416	     -0.42806234	    -89.73951891	     -0.02181498	      0.95684854	      0.38612943	     -2.33818856	      6.32221407	     -8.16049357	    -12.89475051	     22.77465182	      7.83378519	      0.00000000	     26.71895376	     -7.38614195	    -14.09156858	    -11.20422965	      9.30048658	     10.70923234	      0.00000000	      0.00000000	      0.00000000	      0.00000000
      8.35000000	     -1.40282769	     -0.37775787	    -90.04137456	     -0.02146246	      0.95599520	      0.39039409	     -2.44514913	      6.24859376	     -8.27617246	    -13.16459016	     23.27034652	      8.62602308	      0.00000000	     26.61716231	     -7.26415300	    -13.73661220	     -9.57356415	      9.03004020	     10.94744275	      0.00000000	      0.00000000	      0.00000000	      0.00000000
      8.36000000	     -1.49252453	     -0.38536319	    -90.29788425	     -0.02105142	      0.95519725	      0.39469017	     -2.60808801	      6.18783154	     -8.44871707	    -13.44845597	     23.76343532	      9.39546425	      0.00000000	     26.48079780	     -7.16126023	    -13.42388057	     -8.10907424	      8.71630037	     11.02033706	      0.00000000	      0.00000000	      0.00000000	      0.00000000
      8.37000000	     -1.56291861	     -0.39318742	    -90.53778150	     -0.02060089	      0.95442732	      0.39915019	     -2.78915518	      6.11232391	     -8.59907299	    -13.71335199	     24.21772357	     10.08765645	      0.00000000	     26.35077769	     -7.05590701	    -13.26565033	     -6.81423050	      8.39501271	     10.98332769	      0.00000000	      0.00000000	      0.00000000	      0.00000000
      8.38000000	     -1.62008214	     -0.37608693	    -90.79414949	     -0.02010365	      0.95365157	      0.40371970	     -2.95372437	      6.02786159	     -8.66102099	    -13.96830479	     24.64156445	     10.67135845	      0.00000000	     26.26334716	     -6.96336220	    -13.32938542	     -5.71755340	      8.08608293	     10.87159803	      0.00000000	      0.00000000	      0.00000000	      0.00000000
      8.39000000	     -1.66055118	     -0.40217791	    -90.99637092	     -0.01946862	      0.95295707	      0.40837320	     -3.17178845	      5.91935987	     -8.81708409	    -14.22328410	     25.02792316	     11.27116913	      0.00000000	     26.16244958	     -6.84518757	    -13.57319840	     -4.82682420	      7.75871712	     10.72791072	      0.00000000	      0.00000000	      0.00000000	      0.00000000
      8.40000000	     -1.67917490	     -0.36135658	    -91.23292670	     -0.01887806	      0.95223037	      0.41313920	     -3.32840891	      5.81251347	     -8.77351573	    -14.46093393	     25.34494658	     11.58019636	      0.00000000	     26.14440655	     -6.73728165	    -14.05813141	     -4.14154222	      7.43564818	     10.54643993	      0.00000000	      0.00000000	      0.00000000	      0.00000000
      8.41000000	     -1.68335608	     -0.42633350	    -91.42506272	     -0.01814442	      0.95160324	      0.41799564	     -3.60979972	      5.66431874	     -8.88510141	    -14.69274144	     25.76806816	     12.14815390	      0.00000000	     26.04928090	     -6.60571172	    -14.65172033	     -3.67958878	      7.21328077	     10.37818483	      0.00000000	      0.00000000	      0.00000000	      0.00000000
      8.42000000	     -1.65407001	     -0.47677107	    -91.61431296	     -0.01740026	      0.95096133	      0.42297446	     -3.87770461	      5.48514766	     -8.97183231	    -14.93165756	     26.15042808	     12.58645868	      0.00000000	     25.99104627	     -6.45715016	    -15.32875666	     -3.43269787	      7.04861466	     10.17424862	      0.00000000	      0.00000000	      0.00000000	      0.00000000
      8.43000000	     -1.61278914	     -0.50888863	    -91.81845960	     -0.01665600	      0.95031748	      0.42808076	     -4.14361369	      5.29579566	     -9.00533771	    -15.15106881	     26.47228115	     12.94768259	      0.00000000	     25.97705723	     -6.32476017	    -16.03613857	     -3.41045932	      6.96737799	      9.95898352	      0.00000000	      0.00000000	      0.00000000	      0.00000000
      8.44000000	     -1.58457366	     -0.54867691	    -91.99464354	     -0.01595369	      0.94969806	      0.43333728	     -4.47419094	      5.14791604	     -8.95592216	    -15.27825033	     26.78011514	     13.18822070	      0.00000000	     25.98125156	     -6.22354788	    -16.67564875	     -3.58936333	      6.97093937	      9.82082543	      0.00000000	      0.00000000	      0.00000000	      0.00000000
      8.45000000	     -1.58954212	     -0.58653112	    -92.17526479	     -0.01532977	      0.94912769	      0.43872434	     -4.84401825	      5.05941881	     -8.77986389	    -15.33763976	     26.98586898	     13.27049524	      0.00000000	     25.98024003	     -6.18059847	    -17.20567355	     -3.89251725	      7.02977767	      9.76401843	      0.00000000	      0.00000000	      0.00000000	      0.00000000
      8.46000000	     -1.61058022	     -0.61759057	    -92.39148494	     -0.01474367	      0.94858122	      0.44424717	     -5.21691183	      4.98421970	     -8.54585507	    -15.38847548	     27.13733390	     13.30660295	      0.00000000	     25.92541097	     -6.17309006	    -17.63624229	     -4.20204747	      7.11458439	      9.82611839	      0.00000000	      0.00000000	      0.00000000	      0.00000000
      8.47000000	     -1.64080109	     -0.61506451	    -92.63656522	     -0.01408243	      0.94797997	      0.44991105	     -5.55295648	      4.88993015	     -8.35956276	    -15.45787986	     27.28799559	     13.47593741	      0.00000000	     25.81543489	     -6.17033425	    -17.91555124	     -4.43081404	      7.21709573	      9.97764169	      0.00000000	      0.00000000	      0.00000000	      0.00000000
      8.48000000	     -1.65857313	     -0.57917685	    -92.90790489	     -0.01332461	      0.94731133	      0.45573332	     -5.86325621	      4.74376761	     -8.27511743	    -15.53400799	     27.47657012	     13.87040384	      0.00000000	     25.62638737	     -6.14034930	    -18.02736085	     -4.51946958	      7.31867395	     10.22624448	      0.00000000	      0.00000000	      0.00000000	      0.00000000
      8.49000000	     -1.65917562	     -0.51033789	    -93.18512691	     -0.01246288	      0.94657700	      0.46169485	     -6.16309830	      4.54712126	     -8.29001131	    -15.58659509	     27.70292421	     14.45439348	      0.00000000	     25.37319681	     -6.07213921	    -17.97978787	     -4.48608077	      7.39714280	     10.53272576	      0.00000000	      0.00000000	      0.00000000	      0.00000000
      8.50000000	     -1.65323914	     -0.40402175	    -93.46592427	     -0.01153049	      0.94580095	      0.46775642	     -6.43770487	      4.32282772	     -8.34754717	    -15.62237026	     27.95798204	     15.11838531	      0.00000000	     25.07348525	     -5.98293085	    -17.79265669	     -4.34728354	      7.40040604	     10.87348946	      0.00000000	      0.00000000	      0.00000000	      0.00000000
      8.51000000	     -1.63557192	     -0.22088404	    -93.76589159	     -0.01055499	      0.94497411	      0.47392425	     -6.63829355	      4.07032246	     -8.40479169	    -15.64436217	     28.18573119	     15.83505811	      0.00000000	     24.78561744	     -5.87969922	    -17.56246706	     -4.12283126	      7.30701730	     11.19522436	      0.00000000	      0.00000000	      0.00000000	      0.00000000
      8.52000000	     -1.59966636	      0.03143980	    -94.08520440	     -0.00951059	      0.94411472	      0.48015693	     -6.76585152	      3.77819460	     -8.48411746	    -15.66258757	     28.38669575	     16.64439051	      0.00000000	     24.52197188	     -5.75409167	    -17.35600957	     -3.80193494	      7.05914807	     11.39935422	      0.00000000	      0.00000000	      0.00000000	      0.00000000
      8.53000000	     -1.51836680	      0.34085807	    -94.43211693	     -0.00837689	      0.94325052	      0.48644017	     -6.82787515	      3.41425637	     -8.58393267	    -15.68482785	     28.57017537	     17.54644850	      0.00000000	     24.27408498	     -5.57881151	    -17.21109234	     -3.35096865	      6.58392720	     11.34245712	      0.00000000	      0.00000000	      0.00000000	      0.00000000
      8.54000000	     -1.36210264	      0.66770386	    -94.74214999	     -0.00708853	      0.94245614	      0.49286662	     -6.89302855	      2.95336744	     -8.79585456	    -15.66969110	     28.72384782	     18.56707967	      0.00000000	     24.01474872	     -5.30204034	    -17.05783404	     -2.77741365	      5.81837650	     10.89793278	      0.00000000	      0.00000000	      0.00000000	      0.00000000
      8.55000000	     -1.15548102	      1.00994761	    -95.08354773	     -0.00573989	      0.94177675	      0.49927169	     -6.91018818	      2.41883394	     -9.01362338	    -15.69323520	     28.84359533	     19.64579709	      0.00000000	     23.76816996	     -4.99389925	    -16.91469019	     -2.16310142	      4.68456803	     10.01683599	      0.00000000	      0.00000000	      0.00000000	      0.00000000
      8.56000000	     -0.87843824	      1.32924754	    -95.38716231	     -0.00430580	      0.94129207	      0.50577035	     -6.94291244	      1.81170290	     -9.27319263	    -15.71774696	     28.89580690	     20.68651437	      0.00000000	     23.53606331	     -4.62122766	    -16.72622281	     -1.61486438	      3.19168671	      8.74183297	      0.00000000	      0.00000000	      0.00000000	      0.00000000
      8.57000000	     -0.57802856	      1.61087539	    -95.70376750	     -0.00287552	      0.94103204	      0.51228885	     -6.97948654	      1.18410021	     -9.47217176	    -15.78249868	     28.82472439	     21.61135722	      0.00000000	     23.33177464	     -4.26171555	    -16.56708246	     -1.21840677	      1.51716163	      7.24479503	      0.00000000	      0.00000000	      0.00000000	      0.00000000
      8.58000000	     -0.26247809	      1.82354841	    -96.00476245	     -0.00141712	      0.94098820	      0.51886372	     -7.06279597	      0.54382403	     -9.64611278	    -15.87951385	     28.66577067	     22.42373965	      0.00000000	     23.14255162	     -3.90888125	    -16.47191594	     -1.01046121	     -0.09188564	      5.75558481	      0.00000000	      0.00000000	      0.00000000	      0.00000000
      8.59000000	      0.06716665	      1.95585709	    -96.28181728	      0.00013097	      0.94114162	      0.52554055	     -7.22017199	     -0.11642879	     -9.81198765	    -15.98841741	     28.45652867	     23.17901306	      0.00000000	     22.94751004	     -3.54620805	    -16.44287062	     -0.98189398	     -1.41084804	      4.48788852	      0.00000000	      0.00000000	      0.00000000	      0.00000000
      8.60000000	      0.42895830	      1.98833489	    -96.51231210	      0.00183924	      0.94148611	      0.53229221	     -7.47158181	     -0.82495007	    -10.03057525	    -16.11538269	     28.21651091	     23.89313991	      0.00000000	     22.72361587	     -3.13113204	    -16.42552573	     -1.12010666	     -2.35700354	      3.48658516	      0.00000000	      0.00000000	      0.00000000	      0.00000000
      8.61000000	      0.83039089	      1.97079914	    -96.70616123	      0.00370071	      0.94197188	      0.53912565	     -7.78273064	     -1.58291121	    -10.26109192	    -16.21977256	     27.93840998	     24.60250651	      0.00000000	     22.50877499	     -2.65694666	    -16.33871904	     -1.39904783	     -2.98789729	      2.66672226	      0.00000000	      0.00000000	      0.00000000	      0.00000000
      8.62000000	      1.29503191	      1.94996107	    -96.91187033	      0.00568425	      0.94254148	      0.54595153	     -8.06806007	     -2.42115624	    -10.45653055	    -16.34706728	     27.66090723	     25.27615962	      0.00000000	     22.35104249	     -2.11805963	    -16.19245855	     -1.80161458	     -3.43393501	      1.86905645	      0.00000000	      0.00000000	      0.00000000	      0.00000000
      8.63000000	      1.76095188	      1.79709985	    -96.93268625	      0.00794710	      0.94334095	      0.55286847	     -8.55376768	     -3.26364667	    -10.90327192	    -16.40872356	     27.27564470	     26.04233199	      0.00000000	     22.12780458	     -1.49446693	    -15.79535291	     -2.31108152	     -3.84892106	      1.01244627	      0.00000000	      0.00000000	      0.00000000	      0.00000000
      8.64000000	      2.22240727	      1.66388635	    -96.98426144	      0.01026354	      0.94418137	      0.55975373	     -8.98686116	     -4.11142461	    -11.26925701	    -16.50791724	     26.84164491	     26.77489741	      0.00000000	     21.98295409	     -0.89039373	    -15.49450375	     -2.93288622	     -4.19536026	      0.16647424	      0.00000000	      0.00000000	      0.00000000	      0.00000000
      8.65000000	      2.63915713	      1.55530478	    -97.04289015	      0.01256673	      0.94504948	      0.56662142	     -9.38114849	     -4.90839729	    -11.56482671	    -16.62109025	     26.31790448	     27.46981927	      0.00000000	     21.92204085	     -0.34925828	    -15.35982661	     -3.66952539	     -4.49160232	     -0.57480762	      0.00000000	      0.00000000	      0.00000000	      0.00000000
      8.66000000	      2.97141087	      1.37777362	    -96.99238609	      0.01492787	      0.94603457	      0.57355607	     -9.91389436	     -5.59101647	    -11.92993667	    -16.65818931	     25.63819110	     28.12069388	      0.00000000	     21.84079991	      0.13407978	    -15.28250490	     -4.51298169	     -4.70679187	     -1.11569516	      0.00000000	      0.00000000	      0.00000000	      0.00000000
      8.67000000	      3.22889208	      1.18862578	    -96.95538298	      0.01728089	      0.94702721	      0.58045533	    -10.45857594	     -6.18823038	    -12.22649374	    -16.69544461	     24.86250934	     28.66567442	      0.00000000	     21.78006772	      0.52330835	    -15.34790012	     -5.43805388	     -4.83262508	     -1.47351904	      0.00000000	      0.00000000	      0.00000000	      0.00000000
      8.68000000	      3.43677790	      0.99040845	    -96.89843909	      0.01965414	      0.94797418	      0.58746094	    -11.06308284	     -6.71450215	    -12.49763910	    -16.65818412	     24.04632109	     29.15162199	      0.00000000	     21.72685131	      0.86141898	    -15.48714687	     -6.41817623	     -4.89050344	     -1.73552505	      0.00000000	      0.00000000	      0.00000000	      0.00000000
      8.69000000	      3.57519969	      0.80453517	    -96.85366625	      0.02200469	      0.94886117	      0.59446703	    -11.65954795	     -7.15950706	    -12.72477145	    -16.61285320	     23.17585064	     29.56495235	      0.00000000	     21.70094645	      1.11567681	    -15.66088156	     -7.43777093	     -4.91231820	     -1.96223830	      0.00000000	      0.00000000	      0.00000000	      0.00000000
      8.70000000	      3.62864208	      0.64371134	    -96.80969829	      0.02434062	      0.94969975	      0.60149514	    -12.23142005	     -7.50291571	    -12.89837252	    -16.56402001	     22.21254797	     29.91781000	      0.00000000	     21.70436636	      1.28054762	    -15.77187914	     -8.47485837	     -4.87405025	     -2.24501634	      0.00000000	      0.00000000	      0.00000000	      0.00000000
      8.71000000	      3.61383938	      0.52006669	    -96.78168461	      0.02663623	      0.95048455	      0.60861096	    -12.77457858	     -7.76244847	    -12.99695866	    -16.48670268	     21.14161390	     30.22967543	      0.00000000	     21.72941970	      1.37315198	    -15.82457967	     -9.49831906	     -4.74244836	     -2.62201961	      0.00000000	      0.00000000	      0.00000000	      0.00000000
      8.72000000	      3.55170121	      0.42060600	    -96.76457675	      0.02893374	      0.95117456	      0.61573937	    -13.28813429	     -7.97527692	    -13.09304508	    -16.41133155	     20.03612623	     30.57457854	      0.00000000	     21.77027439	      1.41881693	    -15.81626822	    -10.52307819	     -4.45301941	     -3.06646700	      0.00000000	      0.00000000	      0.00000000	      0.00000000
      8.73000000	      3.53741185	      0.31071887	    -96.76396274	      0.03122087	      0.95178616	      0.62302142	    -13.83377383	     -8.24850669	    -13.21472091	    -16.29463042	     18.96765703	     31.02464480	      0.00000000	     21.76126757	      1.52296800	    -15.79911156	    -11.50070799	     -4.03319896	     -3.55513201	      0.00000000	      0.00000000	      0.00000000	      0.00000000
      8.74000000	      3.48719382	      0.32929984	    -96.82239110	      0.03343523	      0.95220601	      0.63018091	    -14.17219125	     -8.47532502	    -13.18518048	    -16.25685467	     17.91675774	     31.36630349	      0.00000000	     21.87628076	      1.55135214	    -15.82275711	    -12.48820172	     -3.47521551	     -3.95335085	      0.00000000	      0.00000000	      0.00000000	      0.00000000
      8.75000000	      3.52207367	      0.29328079	    -96.76327474	      0.03578974	      0.95261550	      0.63747310	    -14.59368246	     -8.77882350	    -13.36189291	    -16.22853930	     16.87820249	     31.78087799	      0.00000000	     21.88669289	      1.73971103	    -15.67526081	    -13.38700882	     -2.89278333	     -4.41285323	      0.00000000	      0.00000000	      0.00000000	      0.00000000
      8.76000000	      3.58637614	      0.29538336	    -96.79893122	      0.03801147	      0.95301862	      0.64468173	    -14.89991348	     -9.12686333	    -13.38087213	    -16.27065299	     15.82322287	     32.09497290	      0.00000000	     21.86866476	      1.93180855	    -15.63827145	    -14.16839313	     -2.32561657	     -4.84862428	      0.00000000	      0.00000000	      0.00000000	      0.00000000
      8.77000000	      3.67531577	      0.39281430	    -96.86707362	      0.04015398	      0.95332009	      0.65179554	    -15.04314819	     -9.48717008	    -13.29443146	    -16.38399663	     14.78281833	     32.28123496	      0.00000000	     21.90322790	      2.12595004	    -15.67491831	    -14.85407198	     -1.76064445	     -5.17521060	      0.00000000	      0.00000000	      0.00000000	      0.00000000
      8.78000000	      3.81307852	      0.51539751	    -96.92674362	      0.04232377	      0.95357036	      0.65891381	    -15.11708502	     -9.89467846	    -13.19244677	    -16.56666495	     13.76764920	     32.43310685	      0.00000000	     21.91915459	      2.38126059	    -15.69252793	    -15.44083491	     -1.20961677	     -5.43590006	      0.00000000	      0.00000000	      0.00000000	      0.00000000
      8.79000000	      3.96384819	      0.62417607	    -97.01374663	      0.04449251	      0.95382904	      0.66598024	    -15.12634963	    -10.33316518	    -13.06101476	    -16.87131930	     12.74074800	     32.56810010	      0.00000000	     21.88622327	      2.65489213	    -15.72046466	    -15.94996844	     -0.69615921	     -5.67727700	      0.00000000	      0.00000000	      0.00000000	      0.00000000
      8.80000000	      4.12536479	      0.72514082	    -97.14912912	      0.04662984	      0.95409474	      0.67300362	    -15.06650069	    -10.79793106	    -12.85599612	    -17.27498323	     11.70203218	     32.63719536	      0.00000000	     21.81069787	      2.94577506	    -15.72025551	    -16.38018114	     -0.22678591	     -5.95993668	      0.00000000	      0.00000000	      0.00000000	      0.00000000
      8.81000000	      4.29889541	      0.83999129	    -97.35409185	      0.04875036	      0.95434448	      0.67991031	    -14.89297818	    -11.29608236	    -12.54485291	    -17.79359910	     10.70071658	     32.62217820	      0.00000000	     21.72182599	      3.25505340	    -15.68450469	    -16.73014838	      0.17540456	     -6.39522180	      0.00000000	      0.00000000	      0.00000000	      0.00000000
      8.82000000	      4.44922689	      0.97346717	    -97.55171543	      0.05089052	      0.95460725	      0.68670166	    -14.63587056	    -11.76674180	    -12.20887518	    -18.39662075	      9.66790536	     32.54634790	      0.00000000	     21.62913767	      3.55848319	    -15.58564645	    -17.02166856	      0.56262078	     -6.84459977	      0.00000000	      0.00000000	      0.00000000	      0.00000000
      8.83000000	      4.57753949	      1.10119700	    -97.75124824	      0.05302948	      0.95491524	      0.69338494	    -14.31995931	    -12.22004667	    -11.84166250	    -19.08635078	      8.61461652	     32.44654000	      0.00000000	     21.50127429	      3.85149617	    -15.47823879	    -17.25509574	      0.96190026	     -7.27453921	      0.00000000	      0.00000000	      0.00000000	      0.00000000
      8.84000000	      4.67608113	      1.18351510	    -97.90725407	      0.05519235	      0.95530278	      0.69994041	    -14.01065744	    -12.64305217	    -11.51952038	    -19.84765356	      7.50515535	     32.37051082	      0.00000000	     21.29779994	      4.13521989	    -15.36445607	    -17.43692578	      1.38505981	     -7.59029354	      0.00000000	      0.00000000	      0.00000000	      0.00000000
      8.85000000	      4.79858191	      1.35210612	    -98.13493981	      0.05734159	      0.95553860	      0.70627913	    -13.48343138	    -13.09460378	    -11.03855666	    -20.75911330	      6.53429619	     32.18564099	      0.00000000	     21.17092334	      4.42013988	    -15.31812816	    -17.55987127	      1.78356803	     -7.98317496	      0.00000000	      0.00000000	      0.00000000	      0.00000000
      8.86000000	      4.92737990	      1.48600570	    -98.30591672	      0.05950421	      0.95577013	      0.71253907	    -12.97221318	    -13.53891794	    -10.61507342	    -21.71216110	      5.56323744	     32.03291407	      0.00000000	     20.98480740	      4.72715591	    -15.28122535	    -17.63339137	      2.21106262	     -8.21954832	      0.00000000	      0.00000000	      0.00000000	      0.00000000
      8.87000000	      5.06045637	      1.70263172	    -98.45018627	      0.06164409	      0.95586867	      0.71860952	    -12.30144976	    -13.95992281	    -10.17051033	    -22.77137858	      4.64563604	     31.80958389	      0.00000000	     20.88731133	      5.02426965	    -15.27028903	    -17.68345150	      2.61819378	     -8.37607827	      0.00000000	      0.00000000	      0.00000000	      0.00000000
      8.88000000	      5.16538363	      1.87955954	    -98.59052206	      0.06372664	      0.95603308	      0.72444127	    -11.58838432	    -14.35115359	     -9.68617355	    -23.94258302	      3.73542898	     31.56774726	      0.00000000	     20.74516453	      5.29306453	    -15.27904490	    -17.70804182	      3.02134932	     -8.49941285	      0.00000000	      0.00000000	      0.00000000	      0.00000000
      8.89000000	      5.24097331	      1.96867581	    -98.73763849	      0.06576165	      0.95635358	      0.73003831	    -10.87526347	    -14.72527758	     -9.18964480	    -25.23009465	      2.77172371	     31.30795396	      0.00000000	     20.50683302	      5.53934479	    -15.31630266	    -17.70535724	      3.40175000	     -8.61473256	      0.00000000	      0.00000000	      0.00000000	      0.00000000
      8.90000000	      5.27491139	      2.25299588	    -98.82297456	      0.06777484	      0.95646759	      0.73533076	     -9.85557772	    -14.99600064	     -8.72073893	    -26.67324993	      1.73504782	     30.92966635	      0.00000000	     20.51089438	      5.70158429	    -15.35557019	    -17.75075082	      3.75302497	     -8.59244642	      0.00000000	      0.00000000	      0.00000000	      0.00000000
      8.91000000	      5.35086168	      2.41620497	    -98.91015702	      0.06971962	      0.95668424	      0.74057975	     -8.90858710	    -15.31923274	     -8.25214723	    -28.18348278	      0.71288281	     30.51919713	      0.00000000	     20.36313284	      5.92376116	    -15.44761685	    -17.73339475	      4.07998361	     -8.55847419	      0.00000000	      0.00000000	      0.00000000	      0.00000000
      8.92000000	      5.44237359	      2.47024459	    -99.00686152	      0.07160605	      0.95696443	      0.74580843	     -8.02583260	    -15.66014550	     -7.74090547	    -29.75019198	     -0.28038955	     30.05998658	      0.00000000	     20.06816394	      6.18155416	    -15.55504140	    -17.64887907	      4.43100273	     -8.52674445	      0.00000000	      0.00000000	      0.00000000	      0.00000000
      8.93000000	      5.52600599	      2.69732393	    -99.05204094	      0.07347632	      0.95697341	      0.75078107	     -6.86518272	    -15.93847051	     -7.27002768	    -31.46279590	     -1.24432274	     29.45284801	      0.00000000	     19.99155085	      6.38726624	    -15.68378489	    -17.61324748	      4.78804297	     -8.30910462	      0.00000000	      0.00000000	      0.00000000	      0.00000000
      8.94000000	      5.59296091	      2.81596472	    -99.11290735	      0.07526156	      0.95711550	      0.75560422	     -5.74069147	    -16.20017903	     -6.76847449	    -33.24906981	     -2.25242469	     28.74333503	      0.00000000	     19.78846400	      6.57952842	    -15.85549668	    -17.54878647	      5.15704316	     -8.06428910	      0.00000000	      0.00000000	      0.00000000	      0.00000000
      8.95000000	      5.62268299	      2.95791415	    -99.14765173	      0.07694286	      0.95727718	      0.76019187	     -4.51813548	    -16.37959332	     -6.25259733	    -35.10550882	     -3.37019236	     27.88728089	      0.00000000	     19.62067166	      6.71672025	    -16.01717131	    -17.49579315	      5.51580707	     -7.74666886	      0.00000000	      0.00000000	      0.00000000	      0.00000000
      8.96000000	      5.63377060	      3.10829999	    -99.14778990	      0.07851401	      0.95745291	      0.76461496	     -3.24385762	    -16.50208681	     -5.77256897	    -36.99408311	     -4.59692068	     26.89408137	      0.00000000	     19.46971483	      6.82854371	    -16.16009788	    -17.44809780	      5.85364761	     -7.41174589	      0.00000000	      0.00000000	      0.00000000	      0.00000000
      8.97000000	      5.64801026	      3.24601361	    -99.13130107	      0.08003875	      0.95761765	      0.76898050	     -1.95911235	    -16.61269147	     -5.34792670	    -38.88107808	     -5.90783641	     25.78255155	      0.00000000	     19.30182327	      6.95447648	    -16.27157966	    -17.38494923	      6.18281837	     -7.11661935	      0.00000000	      0.00000000	      0.00000000	      0.00000000
      8.98000000	      5.68063294	      3.34669438	    -99.10355395	      0.08155336	      0.95777892	      0.77332638	     -0.70288447	    -16.73957413	     -4.98495266	    -40.74179543	     -7.28403632	     24.56102552	      0.00000000	     19.08327308	      7.12665435	    -16.31985956	    -17.28372638	      6.47858101	     -6.92265249	      0.00000000	      0.00000000	      0.00000000	      0.00000000
      8.99000000	      5.72784279	      3.41884393	    -99.05428046	      0.08310783	      0.95794181	      0.77757788	      0.53912725	    -16.88246009	     -4.69069587	    -42.57847750	     -8.71986798	     23.23342362	      0.00000000	     18.83533469	      7.34837878	    -16.25941564	    -17.15256544	      6.71094680	     -6.88910023	      0.00000000	      0.00000000	      0.00000000	      0.00000000
      9.00000000	      5.77583367	      3.47772211	    -98.97277406	      0.08467707	      0.95810783	      0.78169687	      1.78273898	    -17.01886896	     -4.45486367	    -44.39305427	    -10.23313972	     21.79581033	      0.00000000	     18.58020212	      7.59763879	    -16.08875680	    -17.00651369	      6.87979495	     -6.99582613	      0.00000000	      0.00000000	      0.00000000	      0.00000000
      9.01000000	      5.81890026	      3.53411440	    -98.86409925	      0.08623111	      0.95825297	      0.78569377	      3.03284585	    -17.13028273	     -4.24142865	    -46.17909672	    -11.82496772	     20.20984237	      0.00000000	     18.32304990	      7.85916740	    -15.83480292	    -16.84528679	      7.01744085	     -7.19741185	      0.00000000	      0.00000000	      0.00000000	      0.00000000
      9.02000000	      5.87231488	      3.57582588	    -98.75563157	      0.08770382	      0.95836437	      0.78964627	      4.26508048	    -17.21335601	     -3.98232964	    -47.92725297	    -13.29915773	     18.43587819	      0.00000000	     18.03286321	      8.14099965	    -15.52310326	    -16.64242675	      7.13706247	     -7.45277181	      0.00000000	      0.00000000	      0.00000000	      0.00000000
      9.03000000	      5.96744328	      3.58426464	    -98.66049339	      0.08912598	      0.95840173	      0.79352635	      5.45983281	    -17.31577561	     -3.68980873	    -49.66508023	    -14.09150991	     16.55077789	      0.00000000	     17.71100170	      8.46735401	    -15.22944182	    -16.42445598	      7.25673980	     -7.73374928	      0.00000000	      0.00000000	      0.00000000	      0.00000000
      9.04000000	      6.10099696	      3.50881978	    -98.57243862	      0.09048780	      0.95843969	      0.79744080	      6.52018472	    -17.44459515	     -3.39164220	    -51.36003867	    -13.56115095	     14.70326451	      0.00000000	     17.28829393	      8.84497336	    -14.94995233	    -16.17663497	      7.37801985	     -8.02143953	      0.00000000	      0.00000000	      0.00000000	      0.00000000
      9.05000000	      6.29063845	      3.36030207	    -98.47852431	      0.09181856	      0.95848599	      0.80141351	      7.45018270	    -17.63617987	     -3.15133875	    -52.96158300	    -11.64948856	     12.92609086	      0.00000000	     16.77831475	      9.28966709	    -14.70766234	    -15.90379244	      7.51619294	     -8.26478649	      0.00000000	      0.00000000	      0.00000000	      0.00000000
      9.06000000	      6.46521398	      3.25860905	    -98.36001905	      0.09309430	      0.95850904	      0.80534316	      8.36539332	    -17.77130453	     -2.95694718	    -54.36516682	     -8.92807386	     11.20426572	      0.00000000	     16.30930800	      9.70776965	    -14.45064089	    -15.62298432	      7.62600436	     -8.48330688	      0.00000000	      0.00000000	      0.00000000	      0.00000000
      9.07000000	      6.57305583	      3.10642831	    -98.19696662	      0.09433763	      0.95875800	      0.80930508	      9.14285702	    -17.81773436	     -2.83668395	    -55.47514794	     -6.35381094	      9.35832442	      0.00000000	     15.74653732	     10.06451942	    -14.17790927	    -15.31024708	      7.75103277	     -8.58858918	      0.00000000	      0.00000000	      0.00000000	      0.00000000
      9.08000000	      6.60679160	      3.08076223	    -98.10523527	      0.09555616	      0.95900051	      0.81310213	     10.08038824	    -17.73392920	     -2.62539324	    -56.36028941	     -4.34803935	      7.40118144	      0.00000000	     15.31614821	     10.31422032	    -13.91718202	    -14.98797408	      7.78980030	     -8.86146332	      0.00000000	      0.00000000	      0.00000000	      0.00000000
      9.09000000	      6.60326353	      3.03902627	    -97.97351245	      0.09682849	      0.95938690	      0.81699417	     10.93322963	    -17.62776787	     -2.50212844	    -56.99747452	     -2.91656526	      5.28082978	      0.00000000	     14.83536256	     10.52959321	    -13.66336832	    -14.63985025	      7.85649041	     -8.99494499	      0.00000000	      0.00000000	      0.00000000	      0.00000000
      9.10000000	      6.55974804	      3.00411266	    -97.83708655	      0.09807793	      0.95983870	      0.82083929	     11.76725537	    -17.46675263	     -2.39827905	    -57.44881282	     -1.91795683	      2.95497142	      0.00000000	     14.36203668	     10.69109814	    -13.42019564	    -14.30653236	      7.91103292	     -9.08869679	      0.00000000	      0.00000000	      0.00000000	      0.00000000
      9.11000000	      6.49601359	      3.04212158	    -97.67111469	      0.09927272	      0.96022087	      0.82460528	     12.65369935	    -17.24906805	     -2.32059787	    -57.74522324	     -1.13003549	      0.48701610	      0.00000000	     13.98948597	     10.80005151	    -13.22156279	    -14.02816574	      8.03074722	     -9.04069670	      0.00000000	      0.00000000	      0.00000000	      0.00000000
      9.12000000	      6.42547461	      2.96026990	    -97.55930859	      0.10035268	      0.96077946	      0.82830564	     13.41210355	    -17.00382359	     -2.16871627	    -57.87254246	     -0.33297567	     -1.94485498	      0.00000000	     13.49271340	     10.89779701	    -13.11283503	    -13.73932772	      8.07466734	     -9.01131544	      0.00000000	      0.00000000	      0.00000000	      0.00000000
      9.13000000	      6.33696153	      2.93936213	    -97.42046710	      0.10138233	      0.96123935	      0.83188191	     14.20996899	    -16.71036965	     -2.04006429	    -57.84137542	      0.56918744	     -4.25721568	      0.00000000	     13.08821697	     10.94826419	    -13.06329140	    -13.50659560	      8.21394061	     -8.84931526	      0.00000000	      0.00000000	      0.00000000	      0.00000000
      9.14000000	      6.26751654	      2.91394297	    -97.29559034	      0.10237511	      0.96165161	      0.83532950	     15.00930170	    -16.42799728	     -1.89092030	    -57.66842995	      1.56738766	     -6.34688556	      0.00000000	     12.68476899	     11.01498631	    -12.99976927	    -13.26125355	      8.33168505	     -8.69273686	      0.00000000	      0.00000000	      0.00000000	      0.00000000
      9.15000000	      6.19402918	      2.89737878	    -97.16966011	      0.10335650	      0.96200695	      0.83866487	     15.80853264	    -16.14461591	     -1.76662468	    -57.35096344	      2.56308513	     -8.23383681	      0.00000000	     12.29169168	     11.07707579	    -12.90299599	    -13.00570452	      8.44707668	     -8.57319643	      0.00000000	      0.00000000	      0.00000000	      0.00000000
      9.16000000	      6.11416162	      2.89126480	    -97.03949964	      0.10429268	      0.96230897	      0.84188278	     16.60977573	    -15.84597123	     -1.65353988	    -56.90940276	      3.48173309	     -9.92823575	      0.00000000	     11.92065490	     11.12512983	    -12.78904791	    -12.76025130	      8.56274786	     -8.46574910	      0.00000000	      0.00000000	      0.00000000	      0.00000000
      9.17000000	      6.04056717	      2.89447704	    -96.90034252	      0.10515160	      0.96254558	      0.84500721	     17.41508025	    -15.52531631	     -1.50931302	    -56.37312204	      4.32928087	    -11.38066959	      0.00000000	     11.57112323	     11.16958473	    -12.66621247	    -12.52631580	      8.67816311	     -8.35826570	      0.00000000	      0.00000000	      0.00000000	      0.00000000
      9.18000000	      5.97709240	      2.91168918	    -96.75572370	      0.10592040	      0.96269060	      0.84807746	     18.24621504	    -15.18156611	     -1.31155239	    -55.78394590	      5.13451006	    -12.52120596	      0.00000000	     11.24994634	     11.21190933	    -12.53186670	    -12.31260222	      8.82426509	     -8.23319203	      0.00000000	      0.00000000	      0.00000000	      0.00000000
      9.19000000	      5.92653291	      2.89417460	    -96.61152349	      0.10660265	      0.96284472	      0.85115775	     19.06971687	    -14.84082942	     -1.08196369	    -55.17053549	      5.87765985	    -13.33575768	      0.00000000	     10.90096584	     11.26167027	    -12.40890979	    -12.11427279	      8.95901726	     -8.11199476	      0.00000000	      0.00000000	      0.00000000	      0.00000000
      9.20000000	      5.86267787	      2.90171679	    -96.45862914	      0.10719434	      0.96296014	      0.85420839	     19.94157784	    -14.49140981	     -0.87560725	    -54.53772627	      6.61087646	    -13.73788958	      0.00000000	     10.60862432	     11.27247940	    -12.36015619	    -11.97769223	      9.14461735	     -7.88025736	      0.00000000	      0.00000000	      0.00000000	      0.00000000
      9.21000000	      5.81636221	      2.85562028	    -96.30208070	      0.10773258	      0.96310623	      0.85723206	     20.75239570	    -14.18823647	     -0.69004658	    -53.86043319	      7.39398279	    -13.75299406	      0.00000000	     10.27342453	     11.30322402	    -12.31246819	    -11.85999946	      9.33495754	     -7.66967632	      0.00000000	      0.00000000	      0.00000000	      0.00000000
      9.22000000	      5.78205347	      2.79310359	    -96.14010711	      0.10822054	      0.96322638	      0.86021864	     21.51329414	    -13.91878324	     -0.52514738	    -53.11493137	      8.24591873	    -13.42557582	      0.00000000	      9.92425496	     11.34306674	    -12.26121968	    -11.74659461	      9.54375501	     -7.43277641	      0.00000000	      0.00000000	      0.00000000	      0.00000000
      9.23000000	      5.76584492	      2.70329866	    -95.97407953	      0.10867302	      0.96331713	      0.86318029	     22.21974395	    -13.68636801	     -0.36986976	    -52.31685893	      9.09104593	    -12.92328493	      0.00000000	      9.53537726	     11.40424318	    -12.18757323	    -11.61112931	      9.75396233	     -7.20098525	      0.00000000	      0.00000000	      0.00000000	      0.00000000
      9.24000000	      5.75301541	      2.59722601	    -95.79534013	      0.10910523	      0.96339800	      0.86612815	     22.89361649	    -13.47058313	     -0.23350043	    -51.48569395	      9.83400456	    -12.41283482	      0.00000000	      9.11673353	     11.47194312	    -12.08233340	    -11.45649475	      9.95971042	     -6.98104779	      0.00000000	      0.00000000	      0.00000000	      0.00000000
      9.25000000	      5.73047658	      2.48071624	    -95.61884985	      0.10950580	      0.96349671	      0.86905911	     23.56307595	    -13.25223066	     -0.12384554	    -50.64686922	     10.39928768	    -12.01800273	      0.00000000	      8.68179097	     11.53024686	    -11.93743920	    -11.29404420	     10.15302352	     -6.80723207	      0.00000000	      0.00000000	      0.00000000	      0.00000000
      9.26000000	      5.73242718	      2.33129217	    -95.43554999	      0.10989869	      0.96361852	      0.87200426	     24.21078287	    -13.08562085	     -0.08275251	    -49.81162217	     10.85933015	    -11.76050318	      0.00000000	      8.20564067	     11.61940529	    -11.77413123	    -11.11775283	     10.31106360	     -6.67109350	      0.00000000	      0.00000000	      0.00000000	      0.00000000
      9.27000000	      5.73803938	      2.13146417	    -95.24080157	      0.11027091	      0.96379533	      0.87498401	     24.79951882	    -12.94868660	     -0.12170423	    -48.96407044	     11.20926330	    -11.60048558	      0.00000000	      7.66207031	     11.71998464	    -11.56319510	    -10.92430709	     10.44603051	     -6.57691379	      0.00000000	      0.00000000	      0.00000000	      0.00000000
      9.28000000	      5.72813459	      1.95648535	    -95.03239289	      0.11058461	      0.96392947	      0.87798288	     25.39782961	    -12.80064693	     -0.21975108	    -48.09569764	     11.43271065	    -11.43948763	      0.00000000	      7.14460693	     11.79434593	    -11.33163421	    -10.73925305	     10.61043711	     -6.47898100	      0.00000000	      0.00000000	      0.00000000	      0.00000000
      9.29000000	      5.74080160	      1.73365226	    -94.79962984	      0.11084468	      0.96411942	      0.88107590	     25.91086653	    -12.69816010	     -0.38503234	    -47.18541555	     11.65121866	    -11.18896247	      0.00000000	      6.56957071	     11.88559343	    -11.14383460	    -10.54738469	     10.76475986	     -6.31594207	      0.00000000	      0.00000000	      0.00000000	      0.00000000
      9.30000000	      5.74928142	      1.50124302	    -94.56618867	      0.11105756	      0.96433746	      0.88422829	     26.38203057	    -12.59994105	     -0.58488498	    -46.22624204	     11.83017637	    -10.71356604	      0.00000000	      5.98791381	     11.96090516	    -10.98508266	    -10.36715081	     10.93477234	     -6.11303257	      0.00000000	      0.00000000	      0.00000000	      0.00000000
      9.31000000	      5.77199234	      1.32217236	    -94.29577113	      0.11127057	      0.96445584	      0.88737259	     26.87255800	    -12.53038149	     -0.82618883	    -45.22216793	     12.04288220	     -9.99118489	      0.00000000	      5.48278570	     12.03686248	    -10.79837755	    -10.23150406	     11.14876868	     -5.87479373	      0.00000000	      0.00000000	      0.00000000	      0.00000000
      9.32000000	      5.77892943	      1.01208222	    -94.04943538	      0.11141266	      0.96475421	      0.89065981	     27.15774603	    -12.45491469	     -1.06707780	    -44.12943101	     12.28985469	     -8.97381425	      0.00000000	      4.80171710	     12.09909319	    -10.66232539	    -10.05073098	     11.34098174	     -5.62183486	      0.00000000	      0.00000000	      0.00000000	      0.00000000
      9.33000000	      5.79260030	      0.75061875	    -93.77353076	      0.11149972	      0.96495328	      0.89396012	     27.44544495	    -12.38886738	     -1.32662618	    -42.98066205	     12.54318189	     -7.77055249	      0.00000000	      4.18657733	     12.14578968	    -10.54229729	     -9.91183018	     11.56562917	     -5.28375955	      0.00000000	      0.00000000	      0.00000000	      0.00000000
      9.34000000	      5.80746780	      0.46868337	    -93.48991885	      0.11153525	      0.96515544	      0.89731182	     27.66295304	    -12.32724385	     -1.60074830	    -41.76902759	     12.76307171	     -6.45632088	      0.00000000	      3.55185035	     12.18235755	    -10.44979923	     -9.79089989	     11.80313759	     -4.90100191	      0.00000000	      0.00000000	      0.00000000	      0.00000000
      9.35000000	      5.84492562	      0.20785738	    -93.18889532	      0.11156109	      0.96529201	      0.90067425	     27.86772032	    -12.29540464	     -1.89805742	    -40.51009305	     12.92235126	     -5.09711227	      0.00000000	      2.95347450	     12.23402884	    -10.33790483	     -9.69605765	     12.04040400	     -4.51998215	      0.00000000	      0.00000000	      0.00000000	      0.00000000
      9.36000000	      5.86290003	     -0.09194280	    -92.91080578	      0.11150824	      0.96547828	      0.90413124	     27.97378288	    -12.22262873	     -2.17077762	    -39.17409383	     13.04360513	     -3.76612028	      0.00000000	      2.30495458	     12.26475308	    -10.17917165	     -9.59191448	     12.27878009	     -4.21626125	      0.00000000	      0.00000000	      0.00000000	      0.00000000
      9.37000000	      5.89376655	     -0.34689312	    -92.62299068	      0.11145716	      0.96559368	      0.90758905	     28.09286040	    -12.16460276	     -2.46177821	    -37.79682187	     13.06076956	     -2.49788541	      0.00000000	      1.72201271	     12.30183618	     -9.98417752	     -9.51879825	     12.52313414	     -3.95569832	      0.00000000	      0.00000000	      0.00000000	      0.00000000
      9.38000000	      5.91620632	     -0.57609764	    -92.33000692	      0.11136683	      0.96568246	      0.91103460	     28.19676894	    -12.09191754	     -2.75655611	    -36.37317516	     12.98447085	     -1.31821785	      0.00000000	      1.18102685	     12.31865830	     -9.78059163	     -9.47711886	     12.76978164	     -3.71566644	      0.00000000	      0.00000000	      0.00000000	      0.00000000
      9.39000000	      5.94398077	     -0.72821238	    -92.00621806	      0.11127743	      0.96565400	      0.91438368	     28.35280322	    -12.03093255	     -3.07394930	    -34.92479804	     12.83539747	     -0.22975074	      0.00000000	      0.75173319	     12.32624719	     -9.55659406	     -9.48589227	     13.04463772	     -3.45812303	      0.00000000	      0.00000000	      0.00000000	      0.00000000
      9.40000000	      5.95612174	     -0.89989436	    -91.70230772	      0.11113297	      0.96566194	      0.91773803	     28.44418691	    -11.94546860	     -3.38843823	    -33.42644546	     12.66617432	      0.79933012	      0.00000000	      0.30210775	     12.31044076	     -9.36348380	     -9.49390812	     13.29586086	     -3.20679745	      0.00000000	      0.00000000	      0.00000000	      0.00000000
      9.41000000	      5.96554196	     -0.99031126	    -91.42592042	      0.11095599	      0.96553667	      0.92114853	     28.59273416	    -11.84527195	     -3.70130179	    -31.90414131	     12.48668454	      1.74014379	      0.00000000	     -0.06812644	     12.28666423	     -9.18595942	     -9.48628764	     13.57717415	     -2.95039874	      0.00000000	      0.00000000	      0.00000000	      0.00000000
      9.42000000	      5.98311816	     -1.12114602	    -91.17716499	      0.11075882	      0.96544950	      0.92463237	     28.66461668	    -11.75040435	     -4.01066533	    -30.36148745	     12.29251197	      2.64191386	      0.00000000	     -0.49730339	     12.27226779	     -9.03903974	     -9.45478125	     13.83400485	     -2.68996009	      0.00000000	      0.00000000	      0.00000000	      0.00000000
      9.43000000	      6.00516917	     -1.29788593	    -90.96780442	      0.11049326	      0.96540487	      0.92819916	     28.65833899	    -11.63931702	     -4.27792897	    -28.80768801	     12.09565127	      3.44673498	      0.00000000	     -0.99663112	     12.26368401	     -8.90199324	     -9.38681299	     14.05033095	     -2.47235707	      0.00000000	      0.00000000	      0.00000000	      0.00000000
      9.44000000	      6.03018610	     -1.40947397	    -90.76955408	      0.11017997	      0.96522891	      0.93184890	     28.69829476	    -11.51691708	     -4.51556431	    -27.26995037	     11.95974208	      4.16191305	      0.00000000	     -1.43351382	     12.25387144	     -8.73235666	     -9.31109000	     14.30459195	     -2.28603396	      0.00000000	      0.00000000	      0.00000000	      0.00000000
      9.45000000	      6.07868935	     -1.44431053	    -90.54274158	      0.10986606	      0.96491683	      0.93548975	     28.79974537	    -11.42471073	     -4.75325959	    -25.75922466	     11.84654011	      4.80541555	      0.00000000	     -1.77123252	     12.25738476	     -8.53339427	     -9.27016747	     14.59866651	     -2.07323355	      0.00000000	      0.00000000	      0.00000000	      0.00000000
      9.46000000	      6.12701059	     -1.51806018	    -90.34721527	      0.10949253	      0.96463946	      0.93924695	     28.82231508	    -11.31722376	     -4.95787346	    -24.24912122	     11.78105340	      5.42755589	      0.00000000	     -2.17481265	     12.26054737	     -8.36764787	     -9.19242236	     14.87552405	     -1.85681606	      0.00000000	      0.00000000	      0.00000000	      0.00000000
      9.47000000	      6.16490066	     -1.60468576	    -90.17576317	      0.10904348	      0.96435777	      0.94312881	     28.78627885	    -11.17905382	     -5.11278954	    -22.73696254	     11.76617811	      5.99900395	      0.00000000	     -2.61118605	     12.25218555	     -8.21704645	     -9.09206843	     15.12583210	     -1.67036215	      0.00000000	      0.00000000	      0.00000000	      0.00000000
      9.48000000	      6.20848891	     -1.63349717	    -89.98990617	      0.10861057	      0.96397857	      0.94703598	     28.78094078	    -11.05498323	     -5.26189889	    -21.24489248	     11.72125242	      6.55979384	      0.00000000	     -2.97620867	     12.24945059	     -8.02444766	     -9.01709225	     15.37474449	     -1.52263758	      0.00000000	      0.00000000	      0.00000000	      0.00000000
      9.49000000	      6.25614233	     -1.63879464	    -89.79979983	      0.10819529	      0.96354838	      0.95100414	     28.76150164	    -10.94020441	     -5.40080649	    -19.76038322	     11.68064634	      7.13650130	      0.00000000	     -3.31270649	     12.25263069	     -7.80749060	     -8.95463929	     15.60679210	     -1.42349883	      0.00000000	      0.00000000	      0.00000000	      0.00000000
      9.50000000	      6.31233375	     -1.59503160	    -89.58496562	      0.10781033	      0.96305492	      0.95501191	     28.74775950	    -10.84460962	     -5.53293014	    -18.28377677	     11.61653640	      7.68399710	      0.00000000	     -3.58474351	     12.25956570	     -7.55914465	     -8.92043230	     15.84190130	     -1.33084901	      0.00000000	      0.00000000	      0.00000000	      0.00000000
      9.51000000	      6.34786105	     -1.57577169	    -89.39868110	      0.10737505	      0.96259397	      0.95912550	     28.65994544	    -10.71372647	     -5.61702588	    -16.81105023	     11.59281803	      8.21739997	      0.00000000	     -3.88573921	     12.24173882	     -7.35500393	     -8.88664876	     16.09044797	     -1.25131452	      0.00000000	      0.00000000	      0.00000000	      0.00000000
      9.52000000	      6.37115990	     -1.47682458	    -89.18084018	      0.10692358	      0.96206834	      0.96323116	     28.61275230	    -10.57699204	     -5.66531029	    -15.35336633	     11.47285766	      8.60304426	      0.00000000	     -4.08321549	     12.19523789	     -7.14658743	     -8.89212737	     16.36116942	     -1.09723165	      0.00000000	      0.00000000	      0.00000000	      0.00000000
      9.53000000	      6.36802573	     -1.40627201	    -88.98014710	      0.10645899	      0.96158080	      0.96743026	     28.48780389	    -10.41238727	     -5.66867891	    -13.90338106	     11.35280559	      8.92044951	      0.00000000	     -4.32172433	     12.11639222	     -6.98376774	     -8.88947577	     16.64923481	     -0.89134548	      0.00000000	      0.00000000	      0.00000000	      0.00000000
      9.54000000	      6.35583727	     -1.34090671	    -88.79202957	      0.10600527	      0.96109642	      0.97170982	     28.31976328	    -10.24147190	     -5.60500759	    -12.48521534	     11.21675394	      9.11745794	      0.00000000	     -4.57465914	     12.02690281	     -6.85022864	     -8.87919450	     16.93448622	     -0.66144963	      0.00000000	      0.00000000	      0.00000000	      0.00000000
      9.55000000	      6.33190409	     -1.31296836	    -88.63552976	      0.10554141	      0.96064679	      0.97607403	     28.08909131	    -10.05343198	     -5.46026706	    -11.13035479	     11.08330594	      9.18087922	      0.00000000	     -4.87844353	     11.92827074	     -6.76438522	     -8.85109530	     17.21450468	     -0.42789886	      0.00000000	      0.00000000	      0.00000000	      0.00000000
      9.56000000	      6.31620000	     -1.23907460	    -88.43185359	      0.10512544	      0.96015093	      0.98047622	     27.87548900	     -9.90308944	     -5.32931969	     -9.85093753	     10.94676803	      9.10135854	      0.00000000	     -5.12562855	     11.83593068	     -6.60690228	     -8.84432436	     17.48409712	     -0.24606748	      0.00000000	      0.00000000	      0.00000000	      0.00000000
      9.57000000	      6.30994809	     -1.13996310	    -88.18975977	      0.10473281	      0.95962411	      0.98496615	     27.65411773	     -9.78746693	     -5.24425143	     -8.64360590	     10.82279254	      8.92632727	      0.00000000	     -5.35201728	     11.75051196	     -6.39460743	     -8.83742638	     17.71230330	     -0.10022654	      0.00000000	      0.00000000	      0.00000000	      0.00000000
      9.58000000	      6.28161586	     -1.09998689	    -87.97920142	      0.10426867	      0.95912232	      0.98958578	     27.34855341	     -9.63896640	     -5.13841997	     -7.51638381	     10.70250134	      8.65395748	      0.00000000	     -5.65756273	     11.64362067	     -6.20266537	     -8.81196937	     17.97960836	      0.00788580	      0.00000000	      0.00000000	      0.00000000	      0.00000000
      9.59000000	      6.25672297	     -0.99384210	    -87.71290058	      0.10382458	      0.95852860	      0.99429179	     27.09772201	     -9.53171894	     -5.12231525	     -6.51684020	     10.60458718	      8.39023577	      0.00000000	     -5.90152714	     11.53072877	     -5.93664290	     -8.78960164	     18.20650687	      0.11880696	      0.00000000	      0.00000000	      0.00000000	      0.00000000
      9.60000000	      6.20492954	     -0.93302123	    -87.47544883	      0.10330958	      0.95795821	      0.99908154	     26.80715873	     -9.39324301	     -5.08221314	     -5.66801244	     10.55930178	      8.12520398	      0.00000000	     -6.19315798	     11.38415075	     -5.72331438	     -8.77682228	     18.48271969	      0.24354996	      0.00000000	      0.00000000	      0.00000000	      0.00000000
      9.61000000	      6.17793130	     -0.76589757	    -87.19196305	      0.10284126	      0.95726022	      1.00386801	     26.64888947	     -9.32183730	     -5.15743053	     -5.00699066	     10.55540399	      8.01612259	      0.00000000	     -6.34880897	     11.25686906	     -5.49369691	     -8.80966427	     18.73122652	      0.38980935	      0.00000000	      0.00000000	      0.00000000	      0.00000000
      9.62000000	      6.13816755	     -0.66652220	    -86.94186352	      0.10234718	      0.95665760	      1.00879693	     26.41616762	     -9.23012036	     -5.24843322	     -4.48280157	     10.55514870	      7.92086222	      0.00000000	     -6.61004187	     11.11568823	     -5.30819845	     -8.78393364	     18.97635831	      0.58471649	      0.00000000	      0.00000000	      0.00000000	      0.00000000
      9.63000000	      6.11877952	     -0.52584712	    -86.68469947	      0.10186170	      0.95598115	      1.01375139	     26.23651497	     -9.17156058	     -5.35617022	     -4.11394768	     10.57909338	      7.85979167	      0.00000000	     -6.81685144	     10.99634150	     -5.12132150	     -8.77899078	     19.22289778	      0.73138317	      0.00000000	      0.00000000	      0.00000000	      0.00000000
      9.64000000	      6.08021031	     -0.42530064	    -86.44834446	      0.10131462	      0.95535465	      1.01885090	     26.01389539	     -9.08774406	     -5.50612861	     -3.89773829	     10.61703636	      7.83505655	      0.00000000	     -7.10357115	     10.85003389	     -4.96437763	     -8.71423282	     19.46719987	      0.92635727	      0.00000000	      0.00000000	      0.00000000	      0.00000000
      9.65000000	      6.07682618	     -0.21600971	    -86.16468563	      0.10072991	      0.95459629	      1.02392747	     25.92543599	     -9.06580669	     -5.66198800	     -3.87888706	     10.66828121	      7.79062809	      0.00000000	     -7.25716227	     10.72817899	     -4.75500727	     -8.69036125	     19.68758314	      1.12646677	      0.00000000	      0.00000000	      0.00000000	      0.00000000
      9.66000000	      6.05591876	     -0.00547799	    -85.87967381	      0.10007165	      0.95384027	      1.02912796	     25.83201789	     -9.02789689	     -5.84001997	     -4.01356713	     10.73975835	      7.79061354	      0.00000000	     -7.42279684	     10.57173365	     -4.60099731	     -8.65442189	     19.91753198	      1.41954799	      0.00000000	      0.00000000	      0.00000000	      0.00000000
      9.67000000	      6.05877248	      0.20230815	    -85.60216215	      0.09942705	      0.95303412	      1.03436942	     25.74176603	     -9.01655751	     -5.99219827	     -4.26819286	     10.86157342	      7.80649801	      0.00000000	     -7.59941800	     10.43466858	     -4.49540151	     -8.61126321	     20.16613461	      1.77104205	      0.00000000	      0.00000000	      0.00000000	      0.00000000
      9.68000000	      6.01758961	      0.41676246	    -85.35518281	      0.09878288	      0.95222029	      1.03973584	     25.63097632	     -8.95797627	     -6.12592716	     -4.48657004	     11.00676613	      7.96150678	      0.00000000	     -7.77760011	     10.24269653	     -4.49420196	     -8.55529502	     20.41737216	      2.27779146	      0.00000000	      0.00000000	      0.00000000	      0.00000000
      9.69000000	      5.96614864	      0.67108052	    -85.11576252	      0.09811367	      0.95141407	      1.04510147	     25.52430281	     -8.89043217	     -6.24173708	     -4.51753593	     11.02911498	      8.14597856	      0.00000000	     -7.90997781	     10.03569251	     -4.52122275	     -8.49532399	     20.65844821	      2.81056835	      0.00000000	      0.00000000	      0.00000000	      0.00000000
      9.70000000	      5.84990993	      1.02110008	    -84.81713460	      0.09739783	      0.95065697	      1.05044010	     25.44540611	     -8.78082880	     -6.39333026	     -4.26000895	     10.65083094	      8.22157588	      0.00000000	     -7.91014989	      9.74880793	     -4.46879438	     -8.47558590	     20.86567406	      3.30050360	      0.00000000	      0.00000000	      0.00000000	      0.00000000
      9.71000000	      5.69902090	      1.39811557	    -84.55077752	      0.09649942	      0.94996597	      1.05574611	     25.37377870	     -8.61487301	     -6.48753858	     -3.81603226	      9.83868929	      8.15066685	      0.00000000	     -7.86347038	      9.41227120	     -4.56297502	     -8.46586579	     21.06681079	      3.96297811	      0.00000000	      0.00000000	      0.00000000	      0.00000000
