Inverse Dynamics Generalized Forces
version=1
nRows=481
nColumns=24
inDegrees=no
endheader
time	pelvis_tilt_moment	pelvis_list_moment	pelvis_rotation_moment	pelvis_tx_force	pelvis_ty_force	pelvis_tz_force	hip_flexion_r_moment	hip_adduction_r_moment	hip_rotation_r_moment	hip_flexion_l_moment	hip_adduction_l_moment	hip_rotation_l_moment	lumbar_extension_moment	lumbar_bending_moment	lumbar_rotation_moment	knee_angle_r_moment	knee_angle_l_moment	ankle_angle_r_moment	ankle_angle_l_moment	subtalar_angle_r_moment	subtalar_angle_l_moment	mtp_angle_r_moment	mtp_angle_l_moment
      4.91000000	    -23.77447276	     61.84657824	     -7.68054922	      1.65676190	    735.35161268	     -4.56726835	     16.43417726	     -3.93595867	     -0.02161903	     -9.90158846	      2.96010136	     -0.03839927	     -6.20007509	    -10.46273204	     -1.14282719	      5.14011622	     -3.46214533	      0.78764577	      0.80600061	     -0.13273359	     -0.12775687	      0.02625913	      0.03186927
      4.92000000	     -7.03198463	     37.71492503	     -5.59935323	    -15.81776345	    724.76511879	      8.97304059	     21.62474691	     -1.97286810	      0.03050288	     -7.13042597	      2.65634077	     -0.40184543	      6.06590433	      0.35048904	     -3.78250817	      5.93651187	     -3.05579198	      0.91466867	      0.80258999	     -0.15345277	     -0.12203530	      0.03267453	      0.03110443
      4.93000000	     -8.02122128	     22.99406955	     -5.92598287	    -20.70041544	    733.36420543	     10.93289062	     24.03996843	     -2.61404383	     -0.12280477	     -4.68807735	      2.95471169	     -0.60103611	     13.96408978	     -0.05943729	     -4.86049973	      6.25112952	     -2.60002859	      0.99625466	      0.80120608	     -0.15273341	     -0.11911137	      0.03695051	      0.03047959
      4.94000000	    -27.29219886	     20.79993540	     -9.86746697	     -8.13203259	    758.45543405	     -0.69196371	     23.07051874	     -5.59637725	     -0.41141340	     -3.63267907	      3.76112405	     -0.54134225	     16.13817268	    -12.10673789	     -5.06330207	      5.96634136	     -2.35201151	      1.00235584	      0.80068111	     -0.14144846	     -0.11962303	      0.03744433	      0.03023002
      4.95000000	    -48.28204648	     23.27320411	    -15.04000626	     11.20718406	    781.40773269	    -20.44453171	     20.98524513	     -8.30083200	     -0.61012061	     -4.43766488	      4.58227549	     -0.26665030	     16.98855164	    -25.50739893	     -5.58115468	      5.54686181	     -2.44328942	      0.95014900	      0.79617367	     -0.14163172	     -0.11971468	      0.03462465	      0.03018541
      4.96000000	    -53.40858256	     19.99671818	    -16.39924555	     16.46115450	    789.44053516	    -43.10837506	     19.97577126	     -8.95236789	     -0.62907628	     -6.32431160	      4.77917292	      0.02939761	     22.51373821	    -29.03387230	     -5.59862502	      5.34120823	     -2.76061917	      0.89640649	      0.78942834	     -0.16004129	     -0.12171934	      0.03145290	      0.03010722
      4.97000000	    -39.19980193	     11.36156296	    -12.19812978	     -1.06599211	    786.91554322	    -60.26513137	     20.12212870	     -7.75475322	     -0.50900287	     -7.67281514	      3.99838245	      0.14124531	     31.40218336	    -20.14148019	     -4.23713725	      5.26964723	     -3.05542293	      0.88327629	      0.79021216	     -0.17990411	     -0.13074288	      0.03064861	      0.03009506
      4.98000000	    -17.19743639	     10.15411877	     -6.50346746	    -28.08853390	    788.63113580	    -57.14307170	     20.34356353	     -6.00192514	     -0.31085440	     -7.56412068	      2.59121933	      0.07280781	     33.71447014	     -5.59847303	     -2.76081660	      5.18976907	     -3.13312150	      0.91097460	      0.80270062	     -0.18361240	     -0.14465443	      0.03240763	      0.03024726
      4.99000000	     -0.98344659	     25.63044302	     -3.28531035	    -48.11826430	    802.85633832	    -28.27332213	     20.08690604	     -4.92647275	     -0.11229759	     -6.80070110	      1.43730259	      0.04141098	     22.88255615	      6.44556847	     -2.35117968	      5.12543469	     -3.02449864	      0.95436782	      0.81726102	     -0.17223380	     -0.15556836	      0.03502499	      0.03035756
      5.00000000	      6.36911382	     49.61945729	     -2.01613524	    -57.99440084	    819.47446529	      9.13009274	     19.50899211	     -4.72969322	      0.02018781	     -6.72384820	      1.06761611	      0.18269423	      5.68351969	     13.55470786	     -2.31520566	      5.07771461	     -2.93085217	      0.98148850	      0.82202443	     -0.15519365	     -0.15908629	      0.03666913	      0.03026899
      5.01000000	     10.61606236	     64.98106142	     -0.49534940	    -61.27543691	    819.23449008	     32.13492496	     18.78605670	     -4.57429669	      0.08467171	     -7.14945614	      1.00945699	      0.31827719	     -5.36635584	     17.76415099	     -1.60812483	      4.94359506	     -2.92625898	      0.96986778	      0.81833985	     -0.13579176	     -0.15910227	      0.03649014	      0.03016762
      5.02000000	     15.03784418	     64.65055560	      1.50248668	    -58.18952096	    796.51745793	     35.48338676	     17.76117567	     -3.80504040	      0.11147331	     -6.60424969	      0.49031410	      0.14695961	     -5.98936397	     19.87874570	     -0.24497608	      4.66505406	     -2.87701512	      0.92572649	      0.81649211	     -0.11629525	     -0.16205043	      0.03490496	      0.03028595
      5.03000000	     16.64091077	     55.65146407	      2.73442674	    -49.19124056	    765.94734799	     28.41854567	     16.24870144	     -2.77574601	      0.10046073	     -4.73396018	     -0.28918814	     -0.32366873	     -1.16243495	     18.61129788	      1.09334182	      4.32363376	     -2.71268810	      0.88001940	      0.81827688	     -0.10447281	     -0.16750103	      0.03305240	      0.03049601
      5.04000000	     13.41107918	     47.50903071	      2.97447885	    -41.14871744	    744.92133700	     18.18872610	     14.46427885	     -2.12807466	      0.04194678	     -3.18869329	     -0.23356519	     -0.70863153	      3.92439830	     14.66800808	      1.96633768	      4.05067700	     -2.58131713	      0.85520280	      0.81494032	     -0.10400113	     -0.16728932	      0.03172020	      0.03052365
      5.05000000	      9.39270128	     44.65283710	      3.43314078	    -42.19285763	    737.16116742	      7.74398740	     12.85063434	     -1.81465867	     -0.01009393	     -3.59594201	      1.03923419	     -0.69109565	      7.35945460	     11.90902833	      2.44396238	      3.86155742	     -2.67240165	      0.84118390	      0.80254943	     -0.10667267	     -0.15887537	      0.03070420	      0.03038857
      5.06000000	     10.00258716	     49.16597117	      4.91072671	    -51.58161082	    735.67448526	      4.30464715	     11.62017784	     -1.33706858	      0.05078747	     -5.55094075	      2.34820123	     -0.37634483	      6.67960383	     13.33307738	      2.77532457	      3.64846644	     -2.98341571	      0.81325560	      0.78872874	     -0.10152405	     -0.15363529	      0.02937155	      0.03030489
      5.07000000	     14.51186246	     61.55062369	      6.69691594	    -59.32703009	    735.16829834	     16.01793135	     10.87267406	     -0.56966198	      0.25750674	     -7.21195232	      2.47151926	     -0.10587510	     -0.83556521	     17.24539349	      3.06823892	      3.38896856	     -3.29275716	      0.76973294	      0.78193716	     -0.08572170	     -0.15854679	      0.02780029	      0.03039252
      5.08000000	     16.32165879	     76.06712271	      7.50490389	    -56.18040161	    735.69099804	     37.96021129	     10.96584077	      0.12654597	      0.49398960	     -7.41083270	      1.63953197	     -0.05139318	    -12.39474665	     18.55101184	      3.27936120	      3.26016018	     -3.37496158	      0.73861428	      0.78066324	     -0.06483086	     -0.16362830	      0.02693464	      0.03056629
      5.09000000	     11.83341424	     84.35729130	      7.04763422	    -42.97881638	    736.12157564	     56.16717907	     12.09180973	      0.51989531	      0.61699536	     -6.57531719	      0.82149017	     -0.12208753	    -21.27686933	     14.83653095	      3.35516411	      3.39437828	     -3.24881378	      0.74337238	      0.77692954	     -0.04822124	     -0.15739655	      0.02747866	      0.03068290
      5.10000000	      5.93797516	     85.49551384	      6.20991587	    -29.11018101	    730.74418733	     65.75341313	     13.54131956	      0.86828339	      0.61777856	     -5.83796415	      0.33115058	     -0.18094806	    -25.07800475	      9.84668549	      3.24116422	      3.59309187	     -3.17178715	      0.77274274	      0.76830659	     -0.04385053	     -0.14350570	      0.02898735	      0.03082025
      5.11000000	      4.56267250	     82.82911703	      5.42120258	    -20.70204176	    716.02604397	     67.09260957	     14.13706894	      1.32733244	      0.56811743	     -5.84497694	     -0.19742049	     -0.18090837	    -24.68619801	      7.92271967	      2.81375233	      3.50604666	     -3.35114310	      0.79486442	      0.76139404	     -0.05352427	     -0.13725559	      0.03030425	      0.03118402
      5.12000000	      4.80119254	     75.82493711	      3.81292815	    -13.93899015	    699.12513663	     54.43807126	     13.46951606	      1.25846792	      0.46732561	     -6.44499606	     -0.87335689	     -0.11648071	    -19.11503003	      7.14837560	      2.07176862	      3.10087830	     -3.70744712	      0.79497010	      0.76010617	     -0.07144282	     -0.14805205	      0.03066872	      0.03161123
      5.13000000	     -1.37300666	     65.38388155	      0.69869113	     -1.73568377	    693.01427926	     28.32517840	     12.28262755	      0.03548917	      0.27581559	     -7.23032403	     -1.38686735	      0.00769152	     -9.75880755	      2.13645315	      1.29335431	      2.74078612	     -4.02216712	      0.78587770	      0.75800997	     -0.08825574	     -0.16959661	      0.03017979	      0.03161772
      5.14000000	    -15.39243021	     57.24330292	     -3.20977861	     17.34420242	    700.08851461	      2.40243418	     11.65353105	     -1.56407103	      0.04853991	     -8.05445618	     -1.63506727	      0.13819822	     -2.32724109	     -8.26895930	      0.60307986	      2.73055524	     -4.23477203	      0.78598921	      0.74988518	     -0.09945710	     -0.18735975	      0.02949814	      0.03122578
      5.15000000	    -29.37086998	     54.73856311	     -6.59483182	     37.20894089	    709.34362888	    -12.04334145	     11.83362511	     -2.09034573	     -0.09561552	     -8.81505674	     -1.84115571	      0.19495891	     -0.11575541	    -18.97221726	     -0.27933657	      2.94272184	     -4.40554050	      0.79898083	      0.73877068	     -0.10794018	     -0.19088004	      0.02928911	      0.03093979
      5.16000000	    -34.25472752	     57.03389261	     -8.42980833	     48.21386811	    712.58571641	    -13.38444381	     11.98389745	     -1.40164496	     -0.11562093	     -9.12793513	     -2.17289581	      0.15391255	     -1.97752912	    -23.25904681	     -1.33783795	      2.98491174	     -4.50294771	      0.81344777	      0.72692951	     -0.11510024	     -0.18045783	      0.02971986	      0.03078357
      5.17000000	    -27.31662058	     61.71460346	     -7.92943841	     43.29317293	    712.30232563	     -6.38328052	     11.40589716	     -0.60575741	     -0.07615069	     -8.75321373	     -2.63638634	      0.05722372	     -5.12654863	    -18.36333704	     -1.85277522	      2.68316678	     -4.47428622	      0.81939162	      0.71721736	     -0.11645557	     -0.16700410	      0.03053782	      0.03053437
      5.18000000	    -12.72945889	     64.50519372	     -4.98293083	     23.58563724	    713.63234014	     -0.82754866	     10.64051803	     -0.31305926	     -0.04616156	     -8.18732526	     -3.20906486	     -0.04029771	     -6.05262747	     -7.37713168	     -1.31776109	      2.28772105	     -4.44506711	      0.81906955	      0.71822478	     -0.10854550	     -0.16322509	      0.03142719	      0.03054157
      5.19000000	      2.42206730	     62.12577845	     -0.99105261	     -0.73564168	    718.29890587	     -4.72751691	     10.65390908	     -0.11484923	     -0.02115031	     -8.27450279	     -3.90481379	     -0.07561539	     -2.60390475	      3.60067538	     -0.29488947	      2.15755128	     -4.60763872	      0.81881915	      0.72900802	     -0.09542654	     -0.17110871	      0.03204607	      0.03105201
      5.20000000	     13.51924890	     55.79704814	      2.05665352	    -18.95299191	    723.76420337	    -17.68274898	     11.38243399	      0.33330306	      0.02673383	     -9.14005137	     -4.77742141	      0.03264975	      3.89380079	     10.76225677	      0.34062473	      2.34104948	     -4.92276440	      0.82236592	      0.73252383	     -0.09041851	     -0.18155352	      0.03218726	      0.03144295
      5.21000000	     21.25172025	     48.80797383	      3.62793077	    -29.33280990	    724.08958476	    -35.20902298	     11.79173732	      0.68061970	      0.05076171	    -10.02246021	     -5.85935351	      0.30932286	     10.65786481	     15.14189365	      0.63692725	      2.54955534	     -5.15300656	      0.83279872	      0.71880252	     -0.10711168	     -0.18775302	      0.03207373	      0.03112661
      5.22000000	     28.51452834	     42.97504359	      4.63929407	    -36.63139679	    716.43803992	    -53.93277149	     11.19138821	      0.52841854	     -0.02711624	    -10.22731576	     -7.01861675	      0.64292876	     16.19843866	     19.52231711	      1.22453405	      2.50932935	     -5.18592209	      0.84899466	      0.69936821	     -0.14075780	     -0.19105555	      0.03212253	      0.03049916
      5.23000000	     35.00612954	     38.39004577	      5.62046356	    -42.92261067	    707.64876172	    -70.42220320	     10.01229928	      0.02133930	     -0.18602634	     -9.76066608	     -7.90237089	      0.85980199	     20.47246553	     23.84651746	      2.12477286	      2.25007229	     -5.14249302	      0.86104280	      0.69132238	     -0.16663139	     -0.19287677	      0.03236307	      0.03040852
      5.24000000	     37.07372353	     34.65855489	      6.11890627	    -45.87802471	    709.01105932	    -80.60732198	      9.16160469	     -0.56284041	     -0.32392276	     -9.05859952	     -8.13571110	      0.90293572	     23.85917435	     25.38511413	      2.78526255	      1.99870996	     -5.21318594	      0.85972003	      0.69888236	     -0.16711888	     -0.19073528	      0.03243054	      0.03122484
      5.25000000	     32.67392860	     32.34060782	      5.72282803	    -43.28499637	    722.86535526	    -81.52722771	      8.88099453	     -1.25721315	     -0.38407833	     -8.30023931	     -7.61769631	      0.88265705	     25.84583718	     22.76105953	      3.04263163	      1.85589017	     -5.44183177	      0.85177357	      0.71665513	     -0.15369121	     -0.18347088	      0.03228158	      0.03278245
      5.26000000	     23.77719277	     33.51126484	      4.74954838	    -34.53898054	    738.63422686	    -73.29907606	      8.63112346	     -2.01025083	     -0.38340210	     -7.31654369	     -6.51848080	      0.92005458	     24.51010630	     17.50688256	      3.34340451	      1.71179861	     -5.71513622	      0.85659823	      0.73863101	     -0.15168804	     -0.17327729	      0.03252357	      0.03475256
      5.27000000	     15.14362595	     38.05619679	      3.80677154	    -21.24680474	    745.52124012	    -63.57338845	      8.00872045	     -2.29120721	     -0.35171078	     -6.05227667	     -5.13400863	      0.99863932	     19.92194794	     12.63967265	      3.92804799	      1.48100101	     -5.88550328	      0.87971093	      0.75568629	     -0.16709737	     -0.16189689	      0.03349512	      0.03650974
      5.28000000	     12.26486464	     39.52269990	      2.89208169	     -8.78640058	    744.78642720	    -67.31445010	      7.33442844	     -1.59398047	     -0.31316296	     -4.71868006	     -3.95115382	      1.02672503	     17.81327268	     11.08069841	      4.14306882	      1.27171625	     -5.83723540	      0.89626502	      0.75376916	     -0.17962731	     -0.14973405	      0.03426331	      0.03700270
      5.29000000	     15.45941082	     31.19786222	      1.06396010	      0.07583659	    743.48666214	    -89.66398564	      7.22541151	     -0.14554561	     -0.30826984	     -3.44363209	     -3.43075513	      0.97479028	     23.74379969	     12.26433263	      3.06663423	      1.24697761	     -5.53147610	      0.87783863	      0.73070688	     -0.17039558	     -0.13862799	      0.03351111	      0.03586220
      5.30000000	     15.88643319	     16.37507438	     -2.44810418	     12.41519312	    742.16710935	   -114.29295128	      7.72511741	      1.30406002	     -0.36491888	     -2.26624611	     -3.32457349	      0.86496506	     34.26541644	     10.29674528	      0.88348312	      1.37800930	     -5.14692426	      0.83140776	      0.70711711	     -0.14561481	     -0.13168442	      0.03140490	      0.03443764
      5.31000000	      5.57260069	      5.62481830	     -6.79416411	     34.68292917	    738.21734387	   -123.35130416	      8.00075219	      2.33308333	     -0.42897149	     -1.50091519	     -2.83657779	      0.70477051	     40.85055826	      0.84552887	     -1.11760860	      1.43489002	     -5.04741417	      0.79085098	      0.70169983	     -0.12527156	     -0.13119252	      0.02950365	      0.03435704
      5.32000000	    -10.54939522	      6.27896026	     -9.96242133	     57.66269746	    735.11997986	   -117.09783724	      7.10731134	      3.07904885	     -0.37765894	     -1.46436672	     -1.68487893	      0.49143686	     39.37392376	    -11.33728341	     -2.13222278	      1.24246039	     -5.38785360	      0.77577849	      0.70477952	     -0.11825231	     -0.13520138	      0.02887142	      0.03536174
      5.33000000	    -20.84499852	     20.49982732	    -10.68668795	     64.85834827	    738.60108005	   -100.39399449	      5.09226847	      3.70558742	     -0.16686280	     -1.88446478	     -0.45045030	      0.24636433	     29.39164298	    -17.33512757	     -2.52954291	      0.86045067	     -5.87164351	      0.77811784	      0.69463232	     -0.11836310	     -0.13832801	      0.02921415	      0.03584720
      5.34000000	    -20.74958298	     47.72146371	     -9.26336360	     52.88952854	    747.89080236	    -67.66102733	      3.14170197	      4.14835990	      0.06300056	     -2.09389298	      0.06041599	      0.04691936	     10.16145381	    -14.08480091	     -2.82361855	      0.50634484	     -6.05526545	      0.78212240	      0.66790636	     -0.11630609	     -0.14002318	      0.02971289	      0.03495638
      5.35000000	    -13.90719707	     75.07138505	     -6.82010642	     32.77788338	    755.07067707	    -28.24157294	      2.43274267	      4.42356290	      0.14693186	     -1.71165289	     -0.41683759	     -0.00692440	    -10.26947456	     -6.09214253	     -2.88432191	      0.34721347	     -5.80111376	      0.78100435	      0.63359215	     -0.10910018	     -0.14418390	      0.02993506	      0.03297367
      5.36000000	     -6.06094222	     73.50442739	     -4.59734989	     16.13891809	    750.54944547	    -27.12849928	      2.98515339	      4.66863665	      0.12704181	     -1.02921510	     -1.31954794	      0.09573004	     -9.56289272	     -0.88154541	     -2.39830002	      0.35781453	     -5.39785820	      0.77658658	      0.59189155	     -0.10282176	     -0.14835507	      0.02991953	      0.03051903
      5.37000000	     -3.75458462	     35.90496035	     -3.84520536	     11.38767235	    732.49840732	    -82.26200254	      3.87711331	      4.73978657	      0.14250997	     -0.90226940	     -1.86391144	      0.24195327	     18.77162457	     -3.77686125	     -1.67577789	      0.39759281	     -5.31290481	      0.77312280	      0.55767348	     -0.10359908	     -0.14627961	      0.02986698	      0.02926543
      5.38000000	    -13.14858534	      6.95169352	     -5.49084925	     26.95048866	    712.43028489	   -125.31431765	      4.34963454	      4.27479833	      0.17723921	     -2.16500435	     -1.89118301	      0.30859865	     40.33111262	    -14.13179563	     -1.68083490	      0.39778523	     -5.88590766	      0.77229952	      0.60321656	     -0.10655106	     -0.14652676	      0.02988047	      0.03322583
      5.39000000	    -31.41855747	     26.25105976	     -9.00051944	     60.13794640	    704.90977071	    -89.99574791	      4.45010475	      3.42514520	      0.11809039	     -4.32589107	     -1.85477785	      0.26223433	     24.05141274	    -25.58055730	     -2.89313930	      0.39970455	     -6.95687393	      0.77151990	      0.82133122	     -0.10248499	     -0.17378074	      0.02987840	      0.04617911
      5.40000000	    -41.49278745	     62.13572628	    -11.59297294	     84.49731361	    712.09734040	    -25.27827261	      4.78542261	      3.00558180	     -0.05360272	     -5.07951630	     -2.13209393	      0.12069094	     -5.15463473	    -29.28333570	     -4.25707305	      0.46199012	     -7.65020770	      0.76943571	      1.19404859	     -0.09286364	     -0.23257134	      0.02979776	      0.06544718
      5.41000000	    -27.21267191	     62.08513586	    -10.19309643	     70.97640200	    724.99134319	    -18.06032664	      5.68861420	      3.46601738	     -0.24901919	     -2.38677488	     -2.62602323	     -0.09925909	     -5.84416432	    -18.95260956	     -4.15714190	      0.60797180	     -6.93391676	      0.77114465	      1.52480201	     -0.08995841	     -0.27838769	      0.02974727	      0.08021669
      5.42000000	      4.95763122	     41.24013841	     -5.11743658	     25.59011799	    738.09196327	    -47.72230377	      6.57197687	      4.32860391	     -0.35850668	      2.77219586	     -3.12874999	     -0.27605602	     10.24386687	      2.79389960	     -2.62636825	      0.79092537	     -4.73009272	      0.77802219	      1.56735410	     -0.09893591	     -0.25586254	      0.02972014	      0.07911987
      5.43000000	     31.27713078	     48.05958329	     -0.05668880	    -16.65764697	    751.06094372	    -36.23206153	      6.59356116	      4.90863211	     -0.32712682	      7.02059520	     -3.62674274	     -0.20530547	      5.15209791	     23.75746644	     -1.30653414	      0.90397350	     -2.21776881	      0.78126986	      1.24703701	     -0.10882153	     -0.16250596	      0.02952464	      0.06032579
      5.44000000	     38.62959556	     74.24056054	      2.64082287	    -35.81546129	    758.32786307	      7.53157437	      5.89386298	      5.03803691	     -0.20928113	      8.20259870	     -4.12667311	      0.12320617	    -14.71020699	     32.61510815	     -0.82400512	      0.87956529	     -0.74727168	      0.77642263	      0.74846736	     -0.10857161	     -0.05420028	      0.02924418	      0.03417756
      5.45000000	     34.40346396	     76.49085273	      3.68819086	    -38.23454862	    750.92323771	     17.14437170	      5.45598230	      5.02652622	     -0.13901240	      7.34027081	     -4.68874701	      0.48135419	    -16.23696770	     29.31669517	     -0.27458838	      0.77577721	     -0.56822386	      0.77089922	      0.37288912	     -0.10093300	      0.00715105	      0.02924823	      0.01532190
      5.46000000	     27.87067967	     53.55165300	      3.00158548	    -27.73128030	    728.56085881	    -11.52610728	      5.77942117	      5.20524782	     -0.19685040	      6.87689168	     -5.32178114	      0.65477864	     -0.02347452	     20.59799415	      0.25825061	      0.71062974	     -0.87165974	      0.76891815	      0.29337424	     -0.09373966	      0.00347155	      0.02953800	      0.01128323
      5.47000000	     16.04100628	     35.89689694	     -1.29907414	      3.04672526	    700.86868210	    -33.75861017	      6.30922988	      5.46436624	     -0.30637872	      7.82152854	     -5.57606856	      0.58038637	      9.39087109	      8.46104614	     -0.52402183	      0.70422395	     -0.97612475	      0.76318254	      0.44392491	     -0.08952523	     -0.03817400	      0.02959142	      0.01832858
      5.48000000	     -5.54965506	     32.67372896	     -8.52506701	     50.57930126	    679.04280443	    -36.54150184	      6.29356913	      5.55275367	     -0.30276568	      9.13986696	     -5.15161379	      0.37892274	      6.61552310	     -8.82830169	     -2.48463712	      0.67018412	     -0.98262756	      0.74756034	      0.63333336	     -0.08586086	     -0.08583454	      0.02909268	      0.02725092
      5.49000000	    -28.31684725	     34.16947225	    -13.91329417	     90.74589588	    670.77380014	    -33.64640693	      5.72413525	      5.68127137	     -0.10870030	      9.57239461	     -4.74516959	      0.29694167	      2.23872373	    -26.46232694	     -3.67748859	      0.57408690	     -1.21673807	      0.72948524	      0.72937598	     -0.08135734	     -0.12936467	      0.02844187	      0.03154690
      5.50000000	    -37.84553102	     38.28399310	    -13.43995506	     98.99238606	    677.63264185	    -25.02094584	      5.18521850	      6.07385122	      0.16926768	      9.24355384	     -5.28731386	      0.47993290	     -0.88278012	    -34.42115785	     -2.84388264	      0.50412421	     -1.55253763	      0.72325104	      0.72785917	     -0.07933349	     -0.17039954	      0.02824673	      0.03055316
      5.51000000	    -31.66044545	     48.13563261	     -8.21495501	     74.64677584	    693.46409768	     -4.43563940	      5.04443704	      6.12822264	      0.32471501	      9.12471311	     -6.64502144	      0.82175071	     -6.67886481	    -29.72912352	     -0.75689920	      0.54105156	     -1.58509807	      0.73339965	      0.69346643	     -0.08475532	     -0.20743532	      0.02854509	      0.02720711
      5.52000000	    -18.60857533	     59.31129349	     -2.33755363	     38.39199701	    707.50503256	     17.99097911	      5.17361116	      5.04414838	      0.23747774	      9.55021087	     -7.81099950	      1.08500942	    -13.62357394	    -18.24700306	      1.16357276	      0.63140806	     -1.20695754	      0.75195135	      0.67751269	     -0.09848288	     -0.23668865	      0.02897056	      0.02447183
      5.53000000	     -4.49391885	     61.62070754	      1.92582684	      9.90672928	    711.51476182	     22.28782365	      5.36241917	      3.22083993	     -0.02300042	     10.02532264	     -8.17735222	      1.16488822	    -14.12514288	     -5.59974162	      2.55911226	      0.64331350	     -0.70529034	      0.77150403	      0.68792039	     -0.11527459	     -0.25932339	      0.02952657	      0.02340362
      5.54000000	      8.20274622	     51.98253646	      4.24409290	     -1.57531090	    706.11540554	      4.42355623	      5.59237791	      1.91048551	     -0.26107909	     10.16068306	     -8.08844121	      1.19678602	     -5.56708245	      4.43358610	      3.60062770	      0.53374197	     -0.40404206	      0.79168994	      0.70974024	     -0.12962557	     -0.28099742	      0.03048073	      0.02351490
      5.55000000	     12.55361926	     41.15710453	      3.83387811	      6.29035507	    700.51561001	    -14.42795071	      5.87966963	      1.54076722	     -0.32098524	     10.00176606	     -8.20234756	      1.36198972	      3.15456663	      6.73152032	      3.69714314	      0.39852972	     -0.45462357	      0.80951482	      0.73511368	     -0.14233842	     -0.30273613	      0.03146848	      0.02437057
      5.56000000	      5.29160180	     41.59604451	      1.02450404	     23.99558294	    703.58362597	    -13.32965490	      6.13851876	      1.42055810	     -0.22285804	      9.64532306	     -8.71529573	      1.63581204	      2.21769825	      0.69560095	      2.42900884	      0.33372819	     -0.85547710	      0.81520254	      0.76763855	     -0.15675544	     -0.31706703	      0.03160344	      0.02617752
      5.57000000	     -3.11110870	     51.12416494	     -0.90685749	     30.29436071	    714.85499026	      2.23263625	      6.31251570	      1.02980841	     -0.12982944	      9.28917515	     -9.27222510	      1.81232158	     -5.55389782	     -4.89331900	      0.97974844	      0.34809991	     -1.41850203	      0.80713076	      0.80424771	     -0.16969229	     -0.31850484	      0.03079409	      0.02863536
      5.58000000	     -1.93861661	     57.37319650	      0.03989662	     16.80315601	    726.56156750	     12.80906032	      6.52826882	      0.64054745	     -0.16276904	      9.45180961	     -9.35976988	      1.74173226	    -10.01157741	     -2.88980276	      0.56360591	      0.45763031	     -1.81883174	      0.79799337	      0.82757818	     -0.17382050	     -0.31420668	      0.02991925	      0.03028181
      5.59000000	      2.94747200	     55.37597877	      0.74455780	      3.91830840	    732.75963831	     12.67914636	      6.90492310	      0.69449686	     -0.27890442	     10.35442155	     -8.79294479	      1.49866400	     -8.54145025	      1.23128491	      0.30929804	      0.69145481	     -1.92245042	      0.79693149	      0.82221421	     -0.16851624	     -0.31706689	      0.02951373	      0.02987783
      5.60000000	      0.53943419	     50.75651890	     -2.23804937	     13.24879766	    732.35347921	      9.58019000	      7.20350765	      1.27564748	     -0.34026290	     11.33218273	     -7.95594275	      1.31234912	     -6.28154187	     -0.97389857	     -1.16788287	      0.92397129	     -1.95989558	      0.80007075	      0.79503777	     -0.16038828	     -0.32682137	      0.02947597	      0.02816842
      5.61000000	     -5.88546990	     49.81516785	     -6.73384751	     35.27145323	    727.41587404	      8.82078723	      6.85451135	      2.23589784	     -0.27024757	     11.52634556	     -7.42326725	      1.30504635	     -6.50376199	     -6.56686138	     -3.21607787	      0.88022037	     -2.19646019	      0.79889897	      0.77604472	     -0.15422490	     -0.32598359	      0.02969981	      0.02757845
      5.62000000	     -6.12962579	     53.71039964	     -8.14207795	     43.71622484	    722.99706578	      9.19302777	      5.45566103	      3.29501614	     -0.13528296	     10.90870878	     -7.28857657	      1.34688828	     -8.11928953	     -7.16289209	     -4.12210839	      0.43963945	     -2.59717520	      0.78819620	      0.79178716	     -0.15055311	     -0.30222749	      0.02995690	      0.02973149
      5.63000000	     -1.46949479	     56.75193814	     -6.04524919	     31.25691773	    723.28332571	      3.09186162	      3.27620232	      3.90997901	     -0.07487044	     10.10214933	     -7.15995014	      1.26530325	     -7.16727447	     -3.53868000	     -3.56367922	     -0.16648026	     -3.00872568	      0.77262517	      0.83664655	     -0.14979558	     -0.26981741	      0.02986019	      0.03361162
      5.64000000	     -0.49057476	     51.03355975	     -3.59919390	     13.35632165	    726.16410641	    -17.33697735	      1.37898993	      3.71806278	     -0.15582092	      9.42855849	     -6.90977761	      1.13099951	      0.23237972	     -2.99488758	     -2.52585476	     -0.53946521	     -3.47039349	      0.76523389	      0.88098543	     -0.15175109	     -0.25886154	      0.02944894	      0.03678045
      5.65000000	     -2.51485056	     40.05644532	     -2.20715246	      4.86700757	    726.37287218	    -40.98080717	      1.05485457	      3.24028626	     -0.30438893	      8.72764416	     -6.96328682	      1.17300961	      9.83858516	     -5.56068477	     -1.57097912	     -0.45885628	     -4.06369722	      0.77273884	      0.90489246	     -0.15437293	     -0.28188467	      0.02921094	      0.03796311
      5.66000000	     -0.36952789	     38.29191228	     -1.13520898	      9.21354377	    722.63952699	    -41.82242354	      2.56556645	      3.34055677	     -0.38744798	      8.13328669	     -7.47975540	      1.39883162	     10.32877862	     -4.85794931	     -0.71397807	     -0.07450141	     -4.57010878	      0.78785400	      0.91013217	     -0.15742420	     -0.31733463	      0.02944308	      0.03772870
      5.67000000	      3.48057088	     47.86396440	     -1.43079148	     25.78691783	    717.87972942	    -19.17046986	      4.47565819	      3.96408877	     -0.36594343	      8.31451323	     -7.77358764	      1.49274103	      0.63313732	     -1.83749884	     -0.59214131	      0.20467862	     -4.62428355	      0.79812832	      0.90585842	     -0.16135202	     -0.33265713	      0.02992566	      0.03717251
      5.68000000	     -0.39394617	     52.27641577	     -4.80714815	     49.54638844	    715.26154021	     -5.76363264	      4.94105987	      4.26628750	     -0.33468823	      9.39711885	     -7.24471258	      1.24603700	     -5.14577277	     -4.41967466	     -1.82579926	      0.08706756	     -4.28414172	      0.79711402	      0.89921726	     -0.16265736	     -0.32183369	      0.03019004	      0.03686660
      5.69000000	    -11.96257535	     47.41176792	     -9.19150648	     67.46618985	    717.38049157	    -12.28109643	      3.70237495	      4.00328748	     -0.36665309	     10.26477277	     -6.43956445	      0.90229911	     -2.15988404	    -13.22609164	     -3.52484963	     -0.29895058	     -4.10073607	      0.78710719	      0.89596064	     -0.15725224	     -0.30884105	      0.02998480	      0.03688139
      5.70000000	    -22.27963950	     53.18901819	    -10.87041222	     71.96207090	    724.33427636	     -6.29476315	      2.19675295	      3.89179606	     -0.39800735	      9.85389613	     -6.29602783	      0.81289243	     -5.82775665	    -20.40398201	     -4.33369294	     -0.55122974	     -4.38333265	      0.77584359	      0.89897059	     -0.14685814	     -0.31250739	      0.02951610	      0.03709254
      5.71000000	    -25.09993984	     70.43231381	     -9.50363777	     68.00972608	    728.45133480	     15.99977720	      1.76320047	      4.31140516	     -0.35713639	      8.69109578	     -6.65684352	      0.93170405	    -18.37870509	    -21.31466118	     -3.99312747	     -0.46805943	     -4.72989436	      0.77210852	      0.90759246	     -0.13912495	     -0.32417425	      0.02923220	      0.03740621
      5.72000000	    -22.25132366	     68.77740451	     -7.85953813	     65.10377868	    720.04941598	      7.36118712	      2.25293548	      4.59300185	     -0.29018883	      8.11244597	     -6.61973011	      0.99518673	    -17.18001202	    -19.60695382	     -3.06679468	     -0.28080089	     -4.59782272	      0.77935471	      0.92013106	     -0.14070843	     -0.32706622	      0.02938714	      0.03780728
      5.73000000	    -25.56273339	     48.68387167	     -9.34446610	     77.52160928	    704.80877207	    -32.37386056	      2.44947499	      4.01652288	     -0.25423674	      8.25129001	     -6.09843161	      1.00507144	     -2.58768589	    -23.77161116	     -2.86530925	     -0.34155426	     -4.06652885	      0.78982548	      0.93286335	     -0.15045830	     -0.32000457	      0.02973956	      0.03821456
      5.74000000	    -41.96228869	     51.65552239	    -14.11975727	    107.77742795	    701.20307022	    -36.66920470	      1.69480654	      2.94234351	     -0.22181784	      8.01971279	     -5.89762971	      1.16466796	     -6.22529949	    -35.54275499	     -4.30017733	     -0.67094640	     -3.67211085	      0.79057975	      0.94191409	     -0.15877321	     -0.31267062	      0.02979264	      0.03856723
      5.75000000	    -51.26654374	     84.83506156	    -15.36366544	    118.71755124	    714.09626175	     11.09807277	      0.72838643	      2.60139140	     -0.15903136	      6.95752150	     -6.43002319	      1.50269191	    -31.50038912	    -39.54176684	     -5.22401605	     -0.96704446	     -3.65977555	      0.78177466	      0.95240159	     -0.15647860	     -0.31257191	      0.02959667	      0.03906995
      5.76000000	    -30.98489325	    111.26149654	     -7.15908761	     76.75163006	    729.14522894	     55.53186046	      0.47894544	      3.72372463	     -0.06755806	      5.75408867	     -7.11738694	      1.81490830	    -48.33595932	    -22.05737488	     -2.76541595	     -1.02947403	     -3.79932559	      0.77739632	      0.97303396	     -0.14514965	     -0.31930369	      0.02976075	      0.03998103
      5.77000000	     -0.14167115	    117.42640372	      3.72599132	     19.88922388	    736.38398097	     69.29696391	      0.67170260	      5.65213708	      0.03947934	      5.28085567	     -7.16140809	      1.90152553	    -49.21006803	      1.50025246	      1.20016885	     -0.97220968	     -3.75007101	      0.77988701	      0.99927696	     -0.13154301	     -0.32337640	      0.03029089	      0.04106755
      5.78000000	      6.12134278	    116.97543657	      5.81372953	      9.73198577	    737.38397154	     67.89370105	      0.62156986	      7.00266036	      0.09459808	      5.78139792	     -6.49153252	      1.73498566	    -48.56716915	      5.63304151	      2.22645384	     -0.95527760	     -3.43026991	      0.77582388	      1.01255941	     -0.11882334	     -0.31523818	      0.03034571	      0.04160153
      5.79000000	     -8.78710200	    109.58601448	     -0.54643875	     40.74503539	    732.54348581	     54.79932806	      0.51970322	      7.06263818	     -0.00117885	      6.98762951	     -5.94181113	      1.47553642	    -45.55801325	     -7.09053546	     -0.06491946	     -0.97448005	     -2.96255051	      0.76319037	      1.01041718	     -0.10955674	     -0.30079649	      0.02969606	      0.04139350
      5.80000000	    -17.27363238	     93.61278638	     -6.28995127	     65.40999323	    722.14995436	     31.36208569	      0.89983003	      6.21787821	     -0.20927427	      8.09170670	     -6.15162669	      1.29591432	    -35.59426401	    -15.44312738	     -2.53240299	     -0.98003341	     -2.56163791	      0.75641810	      1.01042023	     -0.10795930	     -0.29160155	      0.02918740	      0.04122477
      5.81000000	    -11.48836257	     83.58171509	     -6.87886352	     65.03668515	    714.75387190	     15.34757820	      1.54404954	      5.28923763	     -0.34460322	      8.25691688	     -6.62052872	      1.19563535	    -28.14998621	    -11.75510115	     -3.32867990	     -0.99952519	     -2.39574758	      0.76049690	      1.02076045	     -0.11444458	     -0.28426844	      0.02927293	      0.04173098
      5.82000000	     -2.06578574	     89.80288860	     -3.67220197	     48.83605288	    720.62630761	     18.35145719	      1.69636106	      4.86085313	     -0.30431987	      7.35373654	     -6.49074716	      1.10312061	    -31.20376567	     -3.21203637	     -2.60263801	     -1.08702843	     -2.47579438	      0.76592369	      1.03099429	     -0.12299342	     -0.26980303	      0.02947756	      0.04254557
      5.83000000	      2.62960376	    109.38724417	      0.83032911	     28.08421879	    739.59499656	     40.40837706	      1.07079369	      4.90968759	     -0.17716634	      5.94647109	     -5.69525227	      1.03582974	    -43.53863926	      3.17840636	     -1.05432586	     -1.21349738	     -2.66585737	      0.76978393	      1.03180664	     -0.12726797	     -0.24852010	      0.02950066	      0.04305500
      5.84000000	      1.77152721	    131.99069167	      4.21090104	     13.05359983	    759.81702179	     71.92790443	      0.13159635	      4.97081774	     -0.11449599	      4.75667517	     -4.81123393	      1.03973176	    -58.74614240	      5.37094781	      0.33157673	     -1.29009771	     -2.81613019	      0.77865567	      1.02494543	     -0.12590967	     -0.22410533	      0.02962798	      0.04324122
      5.85000000	      0.61788558	    141.39372409	      5.29898604	      7.11602734	    768.22159268	     87.27489175	     -0.54164364	      4.79383711	     -0.17526105	      4.19510771	     -4.22326391	      1.07246349	    -64.88046495	      5.74688435	      0.87109676	     -1.30705319	     -2.91878083	      0.79155929	      1.01224084	     -0.12153492	     -0.19714437	      0.02998500	      0.04330699
      5.86000000	      4.55442600	    130.19459914	      5.13714533	      4.12947339	    763.39189923	     69.62449401	     -0.85736649	      4.66100279	     -0.28078120	      4.07498094	     -3.85389406	      1.03022602	    -55.37997724	      7.91507348	      0.78678349	     -1.37267026	     -3.13267734	      0.79626367	      0.98832806	     -0.11718106	     -0.17018722	      0.03019843	      0.04308480
      5.87000000	     10.73192598	    113.13468064	      4.80437729	      2.55552401	    756.33203666	     40.02469941	     -1.08792045	      4.94885095	     -0.29265801	      4.17052005	     -3.63826824	      0.85147841	    -41.34777448	     10.85437109	      0.50187447	     -1.56172968	     -3.42417796	      0.78468635	      0.95189584	     -0.11368764	     -0.15107812	      0.02991939	      0.04215084
      5.88000000	     12.60173777	    108.28492972	      4.77387591	      4.36996755	    754.73102618	     28.30031018	     -1.28615486	      5.53365151	     -0.16860679	      3.71951273	     -3.51466571	      0.55764794	    -36.86545807	     11.21997858	      0.26265064	     -1.78297759	     -3.84143932	      0.76561606	      0.89952861	     -0.11077674	     -0.14746006	      0.02934244	      0.04022514
      5.89000000	     11.73351783	    111.39530229	      6.09359130	      2.43941720	    755.19620596	     33.33775328	     -1.12525175	      5.79555618	     -0.02598910	      2.94190685	     -3.66523049	      0.20294511	    -39.04566032	     10.36277011	      0.57757192	     -1.86559011	     -4.17936154	      0.75860595	      0.84013056	     -0.10960735	     -0.16458909	      0.02907970	      0.03745490
      5.90000000	     13.05501073	    106.68039573	      9.07469470	     -9.04326937	    751.58118356	     33.34499794	     -0.39331014	      5.24469537	     -0.00474090	      2.53449963	     -4.29416700	     -0.19015552	    -35.82457282	     11.18215775	      1.62285909	     -1.74889741	     -4.28377215	      0.77349256	      0.78636756	     -0.11160318	     -0.20583651	      0.02946696	      0.03432913
      5.91000000	     14.54762697	     89.94971305	     11.21796281	    -18.70635046	    744.76735530	     17.27720428	      0.57158139	      4.05467076	     -0.10630528	      2.79554431	     -5.39928464	     -0.62250776	    -23.80410802	     11.44395392	      2.32069284	     -1.55300667	     -4.19279677	      0.79767234	      0.74912383	     -0.11578275	     -0.27008825	      0.03006133	      0.03155966
      5.92000000	     11.00981149	     71.40415066	      9.67191069	    -12.32936208	    739.96695421	     -8.57086811	      1.03052318	      2.87528454	     -0.21991642	      3.10362873	     -6.52049744	     -1.06651404	    -10.01829043	      7.45613454	      1.26320606	     -1.47732797	     -4.08401276	      0.80922462	      0.73313537	     -0.12021325	     -0.34322174	      0.03011801	      0.02981816
      5.93000000	      3.87642351	     61.78741462	      5.19115652	      5.83998865	    737.85752407	    -32.89540282	      0.46574746	      2.23036626	     -0.27735694	      2.47023992	     -6.91491439	     -1.44632989	     -1.62741673	      1.33719217	     -1.37811947	     -1.62965290	     -4.08273868	      0.80115658	      0.73333505	     -0.12475519	     -0.39698817	      0.02952059	      0.02927893
      5.94000000	      0.12030161	     61.21084978	      1.44434069	     21.14923648	    732.58710575	    -49.10428727	     -0.84242640	      2.20308955	     -0.32339628	      0.66400573	     -6.34229918	     -1.65873667	      1.29600388	     -1.16339505	     -3.67111147	     -1.93033504	     -4.12203210	      0.78648333	      0.73577406	     -0.12953388	     -0.40523840	      0.02890460	      0.02943167
      5.95000000	      1.53301561	     64.38701273	      0.53992429	     31.31498403	    719.76715886	    -53.00763090	     -2.06930525	      2.57377683	     -0.42125038	     -1.77514164	     -5.48465907	     -1.61298130	      1.47895900	      0.55912928	     -4.00004828	     -2.20365669	     -4.19134866	      0.78200833	      0.72406849	     -0.13135836	     -0.36556068	      0.02896133	      0.02962327
      5.96000000	      0.91507598	     73.66305547	      0.66293300	     46.16052662	    705.44443596	    -35.42166042	     -2.83579614	      3.03587530	     -0.53161683	     -3.64516107	     -5.25055370	     -1.28801796	     -4.67424551	      0.16627600	     -2.95183279	     -2.37221119	     -4.27830194	      0.79281306	      0.69454542	     -0.12684139	     -0.30155590	      0.02981513	      0.02960891
      5.97000000	     -7.64164371	     96.81778250	     -0.80777781	     64.59386969	    702.47858260	     10.17049774	     -3.53643997	      3.17418140	     -0.54227384	     -3.80160315	     -5.50264722	     -0.75544027	    -23.72582386	     -6.31912057	     -2.39371340	     -2.50112558	     -4.32458477	      0.80931258	      0.65511721	     -0.12004889	     -0.23364290	      0.03084402	      0.02954948
      5.98000000	    -18.80151045	    128.85690438	     -3.38334550	     70.31185408	    716.35533405	     68.75433981	     -4.55858975	      2.68741071	     -0.40681222	     -2.16968733	     -5.37938992	     -0.10522939	    -50.48810474	    -13.90943805	     -2.95404189	     -2.66760000	     -4.32222620	      0.81540848	      0.61015287	     -0.11719512	     -0.15822151	      0.03114828	      0.02953924
      5.99000000	    -23.36948258	    150.20014271	     -5.01337895	     58.09906209	    737.32589783	    106.60890729	     -5.61052827	      1.95301934	     -0.18929752	     -0.31765698	     -4.71491331	      0.62219326	    -67.75912388	    -16.23736082	     -3.80475166	     -2.84755107	     -4.47640532	      0.80453842	      0.55361985	     -0.11608021	     -0.07028804	      0.03048991	      0.02927622
      6.00000000	    -20.05757108	    147.99849011	     -5.14343365	     42.74640211	    749.36552547	    102.01085318	     -6.02114119	      1.86784755	     -0.00827590	     -0.24156506	     -4.12700688	      1.35231744	    -64.75794300	    -13.88723313	     -4.16755285	     -2.95246517	     -5.03538055	      0.78776533	      0.48028677	     -0.11085024	      0.01137103	      0.02958285	      0.02825334
      6.01000000	    -11.94094579	    128.19422442	     -3.33269683	     32.08652519	    746.49468249	     65.98448828	     -5.52217335	      2.76779447	      0.02693995	     -1.96556743	     -4.02907321	      1.87284177	    -47.21302781	     -9.42317623	     -3.39541722	     -2.95434674	     -5.75263365	      0.78103936	      0.40420764	     -0.10084811	      0.06037841	      0.02928585	      0.02632470
      6.02000000	      0.12751914	    106.24675675	      0.96771564	     17.98715089	    738.91219438	     30.48739392	     -4.59703259	      3.91931164	     -0.07476468	     -2.72450420	     -4.25640407	      1.95674687	    -29.36977864	     -2.11434363	     -1.22693908	     -2.92394094	     -5.59433717	      0.78627358	      0.36797251	     -0.09076295	      0.07277361	      0.02964686	      0.02415790
      6.03000000	     14.11671108	     93.42086714	      5.38388402	      0.79621593	    741.05199074	     19.91809757	     -3.99028692	      4.35585272	     -0.15637604	      0.72107940	     -4.41322809	      1.60353087	    -21.86014044	      7.62837669	      1.07375745	     -2.93595786	     -3.33992633	      0.79031979	      0.41913801	     -0.08781831	      0.06874760	      0.02990565	      0.02278397
      6.04000000	     25.87840504	     89.66553109	      6.71817125	     -6.83179499	    754.19554317	     31.74827522	     -3.86532053	      3.87551822	     -0.11960571	      8.56901965	     -4.33286652	      1.07088866	    -24.61658775	     16.48486668	      2.08009276	     -2.96245559	      1.16314089	      0.78660709	      0.55564823	     -0.09611048	      0.06849727	      0.02963822	      0.02224072
      6.05000000	     35.61158632	     87.38816674	      6.19190297	     -5.03909188	    767.93201470	     44.26434722	     -3.79711854	      3.18045580	     -0.08042284	     17.08685206	     -4.36003283	      0.68919980	    -29.11154762	     23.71430199	      2.40736794	     -2.92886486	      6.31153301	      0.78627870	      0.70526611	     -0.10849177	      0.06732858	      0.02943256	      0.02128921
      6.06000000	     48.47662985	     83.01741103	      7.47850101	    -11.34565662	    779.21469144	     44.09054111	     -3.62650829	      3.22155329	     -0.17792680	     22.00282912	     -5.14502966	      0.65104658	    -29.03175200	     32.42988273	      3.21007178	     -2.86725976	      9.72701080	      0.79585685	      0.78642015	     -0.11000280	      0.03745129	      0.02978958	      0.01921849
      6.07000000	     58.74529649	     99.32818648	     13.56756076	    -34.96380191	    753.51092874	     27.65490212	     -3.70727821	      4.20914655	     -0.34493263	      0.63777497	     -4.02580067	      1.17990835	    -25.79057501	     43.71942025	      3.97726440	     -2.90429670	     -2.55380928	      0.80251685	     -1.01343903	     -0.09479721	      0.69271399	      0.03017964	      0.01711226
      6.08000000	     73.93242080	     95.30637271	     16.07729388	    -65.74485797	    762.89103698	     29.67952715	     -4.24266000	      5.28318777	     -0.39890380	      0.74110949	     -6.46714140	      1.48032817	    -22.11722738	     53.17821736	      4.04358706	     -3.08655783	     -3.20392189	      0.79609384	     -0.15110729	     -0.07440045	      0.73338331	      0.02998072	      0.01675689
      6.09000000	     74.93226361	     87.88471868	     16.50268482	    -82.97105580	    762.03333095	     34.07349080	     -4.91215530	      5.55955848	     -0.26115423	      0.91201200	     -6.29743301	      0.98967440	    -16.67982517	     54.41264749	      4.01347527	     -3.29701324	     -5.76255830	      0.78483476	     -0.79463539	     -0.06348100	      0.66372946	      0.02940560	      0.01902105
      6.10000000	     61.09288097	     76.08469073	     14.80495148	    -70.50393534	    742.69476593	     28.50235524	     -5.33147913	      5.17657105	     -0.00936646	      0.52855257	     -5.71415515	      0.19509790	     -8.30942481	     45.00625356	      4.08003306	     -3.40291281	     -7.37471984	      0.77965113	      0.06995182	     -0.06426745	      0.68859758	      0.02895248	      0.02327460
      6.11000000	     37.00662760	     67.53502259	     10.83052722	    -37.91217781	    710.27716611	     14.36406798	     -5.56998328	      4.80335805	      0.20277605	     -3.65701387	     -2.70807296	     -0.60680388	      0.13016404	     29.87991854	      3.65204191	     -3.43332871	    -10.81841741	      0.78126899	     -0.40380803	     -0.06921315	      0.75639354	      0.02881946	      0.02767648
      6.12000000	     20.16344985	     60.97933623	      7.52725647	     -8.28436708	    684.23230747	     -4.28706944	     -5.87702819	      4.55753127	      0.25599923	     -6.09980101	     -1.30259810	     -0.77622519	      6.37430919	     18.62868959	      3.41903624	     -3.48885758	    -11.33319045	      0.78682001	      0.52387666	     -0.07192097	      0.95305508	      0.02907202	      0.03010682
      6.13000000	     15.96383845	     55.55097809	      8.26500122	     -1.83373766	    660.91652454	    -26.79151519	     -6.15161365	      3.92622624	      0.16358620	     -9.39042195	     -0.07948367	     -0.41231664	     12.46733962	     17.27507349	      4.87181300	     -3.54846873	    -12.55350926	      0.79452754	      0.04749026	     -0.07319648	      0.93073677	      0.02966078	      0.02972977
      6.14000000	     19.37193926	     48.60426864	     11.63573254	     -7.97948030	    627.22228057	    -48.63228254	     -6.15309651	      2.55454138	      0.05632109	    -12.73466184	     -0.27100922	      0.01247067	     18.72872440	     21.68912011	      7.11344129	     -3.51313000	    -13.21760894	      0.80022416	      0.51611208	     -0.07898129	      1.09134011	      0.03019568	      0.02811973
      6.15000000	     15.31385437	     49.05834004	     11.67521623	     -5.11493334	    595.18384335	    -56.86950452	     -6.02730446	      0.80295875	      0.03962611	    -16.83137086	      0.23822445	     -0.02526744	     19.73663185	     20.91972678	      7.01857932	     -3.39152902	    -14.66776570	      0.79977884	      0.68041245	     -0.09128729	      0.89198508	      0.03026229	      0.02785937
      6.16000000	     -1.34117289	     58.27495839	      4.99230791	     19.82018694	    575.58385047	    -40.61195458	     -6.13263012	     -0.47417152	      0.10022436	    -18.07372501	      0.58428576	     -0.10447630	     12.51965502	      9.15520318	      3.63263070	     -3.32720795	    -14.69441692	      0.79579547	      0.61890943	     -0.10254436	      0.93913074	      0.03001658	      0.02952689
      6.17000000	    -23.51264615	     70.84164260	     -3.36575498	     52.47997634	    572.94001077	    -16.41377578	     -6.42209783	     -0.72489518	      0.16440281	    -18.04030749	      1.50412851	     -0.19805198	      3.06405068	     -7.88612296	     -0.17713000	     -3.41002134	    -13.97999045	      0.79464279	      0.90766850	     -0.10414891	      0.96393375	      0.02996755	      0.03112860
      6.18000000	    -39.64833595	     76.18234641	     -8.33287697	     79.29908909	    570.71128185	      0.71787734	     -6.43596399	     -0.21295052	      0.17649677	    -17.79685379	      1.67798991	     -0.12641930	     -1.12054472	    -21.14664497	     -1.58300880	     -3.52812997	    -13.47125504	      0.79691337	      0.72617386	     -0.09671086	      0.93796129	      0.03018829	      0.03078991
      6.19000000	    -47.89459355	     76.38698859	    -10.28077234	     98.41469686	    566.97566536	      8.13920878	     -6.01206211	      0.44944939	      0.11718326	    -17.59296508	      1.64001848	      0.00418518	     -1.80765679	    -28.49758929	     -1.24170719	     -3.50778361	    -13.12868125	      0.79651798	      0.72408534	     -0.08600777	      0.82963982	      0.03027254	      0.02897447
      6.20000000	    -51.48231430	     85.37569891	    -12.60026742	    116.87821658	    560.41446987	     24.28255386	     -5.69541152	      1.00910101	      0.03065456	    -18.34727726	      0.12261003	      0.16661062	     -9.06424382	    -33.50652287	     -1.69296352	     -3.36338733	    -13.21269056	      0.79041917	      0.61399746	     -0.07592455	      0.87952058	      0.03005749	      0.02741215
      6.21000000	    -54.60300261	    108.38424715	    -16.23768779	    126.27906607	    556.92654686	     57.41764620	     -6.16201697	      1.43497885	      0.01317821	    -19.74220501	     -0.55164130	      0.42579014	    -26.21622752	    -37.76570948	     -3.50486968	     -3.30308312	    -13.59853307	      0.78283850	      0.78263910	     -0.06879289	      0.81761043	      0.02986883	      0.02672927
      6.22000000	    -53.94966713	    124.25865972	    -17.76504331	    116.07159094	    553.10525982	     84.09117772	     -7.19122595	      1.37533264	      0.10201499	    -19.81835676	     -0.37770549	      0.58906668	    -38.35155621	    -37.52942389	     -4.67570991	     -3.44879384	    -13.60769427	      0.77685980	      0.56894494	     -0.06687558	      0.97011733	      0.02992687	      0.02644770
      6.23000000	    -44.81598478	    111.86160456	    -14.15060222	     84.14408520	    538.22820443	     68.65098655	     -7.73651982	      0.55005395	      0.21789472	    -20.48907163	     -0.09284974	      0.68535056	    -28.51088969	    -28.27543648	     -3.70376946	     -3.65415353	    -13.94429173	      0.77028458	      0.64542046	     -0.06999741	      0.89582650	      0.03002938	      0.02636747
      6.24000000	    -28.02904059	     79.58798360	     -7.50184634	     42.14574725	    518.31646066	     24.80696303	     -7.29764400	     -0.61145399	      0.27670348	    -20.74159245	      0.20391316	      0.77869492	     -4.48895227	    -11.79501225	     -1.38713372	     -3.68952667	    -14.25461227	      0.76404526	      0.60475986	     -0.07549328	      1.04048594	      0.03002268	      0.02648793
      6.25000000	     -9.27736292	     61.83945588	     -0.83719287	      7.15692195	    502.37937243	     -2.28591536	     -6.45197107	     -1.54658171	      0.29471799	    -23.42454674	     -0.98209485	      0.81634873	      9.58490368	      4.20312218	      0.67016368	     -3.50895685	    -15.56748480	      0.76465881	      0.41003776	     -0.08242332	      1.03136522	      0.03008964	      0.02673444
      6.26000000	      1.91135781	     65.93164367	      3.05576944	    -12.18060682	    490.95813169	      6.17412709	     -5.96993877	     -2.20958528	      0.32550298	    -25.73925625	     -1.77248015	      0.49928510	      6.53784147	     13.42567478	      1.78420372	     -3.30933863	    -16.50032718	      0.77287475	      0.34161938	     -0.09032295	      0.99692102	      0.03040041	      0.02748849
      6.27000000	      3.45567246	     73.30507679	      4.18649747	    -12.75005368	    484.20042059	     17.61576118	     -6.14072482	     -2.81179847	      0.35759748	    -27.29787840	     -2.79408084	      0.27951431	      1.57378948	     14.47534610	      2.28449387	     -3.34052501	    -16.56120171	      0.78031949	      0.51067710	     -0.09626944	      1.08368209	      0.03082236	      0.02909975
      6.28000000	     -5.45864457	     69.15824391	      3.25610916	     -0.25280624	    480.89363403	      7.42969685	     -6.76906474	     -3.43526706	      0.32568947	    -27.90765316	     -2.52498992	      0.05917884	      6.34639234	      8.86237547	      2.62834590	     -3.60515598	    -16.24560351	      0.78170342	      0.53529772	     -0.09757924	      1.20941153	      0.03110385	      0.03096629
      6.29000000	    -19.38407867	     63.38486200	      0.53934383	     18.50832653	    474.82012965	     -6.40878004	     -7.39127354	     -3.84399225	      0.20496883	    -29.01609263	     -2.01235760	      0.03024616	     12.92777629	     -0.12966004	      2.43340628	     -3.83251264	    -16.24923547	      0.78157559	      0.52239643	     -0.09495930	      1.52048222	      0.03119710	      0.03214913
      6.30000000	    -30.00781284	     69.39084718	     -3.84480948	     35.03377584	    477.14151941	      3.15031007	     -7.62230355	     -3.50250022	      0.04279198	    -29.18685955	     -1.47411639	      0.13842736	      9.17409482	     -8.09591364	      1.06780109	     -3.82707578	    -16.09073349	      0.78472467	      0.36900614	     -0.08947564	      1.48389599	      0.03123593	      0.03254931
      6.31000000	    -33.96697997	     81.05362108	     -8.28501184	     50.60204521	    470.59161165	     24.09668913	     -7.29555401	     -2.21712726	     -0.11128209	    -31.34738294	     -1.76687156	      0.45565162	      1.01430987	    -12.28249573	     -0.62673736	     -3.66642696	    -17.10114138	      0.78672619	     -0.17435097	     -0.07861250	      1.81482721	      0.03120587	      0.03284034
      6.32000000	    -33.43356982	     80.56283496	    -10.91767951	     64.33074516	    464.93213383	     28.40696072	     -6.47511328	     -0.79608532	     -0.20906017	    -32.03283214	     -2.90732756	      0.99690126	      0.83596674	    -13.68782576	     -1.38016509	     -3.48765083	    -16.98403018	      0.78172968	     -0.18233774	     -0.06289783	      1.83396027	      0.03098605	      0.03345747
      6.33000000	    -35.96603308	     80.12100837	    -12.80170456	     74.90938159	    446.59188947	     30.18012447	     -5.75650111	     -0.40230079	     -0.16157099	    -33.52121709	     -3.45608878	      1.18031305	      0.69483811	    -15.58120266	     -2.03595973	     -3.36241127	    -17.42407182	      0.77176951	     -0.51650179	     -0.05171882	      2.07628478	      0.03071922	      0.03404909
      6.34000000	    -40.63574536	     96.92140764	    -15.22180700	     75.65045943	    435.87855693	     53.37071404	     -5.88762677	     -1.33391530	      0.04567142	    -33.97399212	     -3.49815838	      1.31020974	    -12.81439963	    -19.17555915	     -3.60771452	     -3.38608669	    -17.29521555	      0.76053949	     -0.55766743	     -0.05323506	      2.11849913	      0.03065851	      0.03398983
      6.35000000	    -43.18680608	    117.35183406	    -15.51753155	     66.28582284	    413.13823448	     82.64771251	     -6.54747486	     -2.92600511	      0.26253596	    -35.44172536	     -4.77410914	      1.39360745	    -28.87905679	    -21.30672704	     -4.23239360	     -3.54755849	    -17.81609485	      0.74965158	     -0.97862943	     -0.06416229	      2.25221394	      0.03079122	      0.03317509
      6.36000000	    -40.48321211	    117.23128162	    -11.44941737	     50.21309738	    388.56702164	     87.62133485	     -6.52736740	     -4.26588181	      0.35438358	    -35.89932713	     -6.79112608	      1.31389981	    -30.19694641	    -19.22005931	     -2.27262068	     -3.61787782	    -17.84452871	      0.74351520	     -0.69432875	     -0.07343621	      2.05738989	      0.03098663	      0.03208905
      6.37000000	    -38.08483608	    103.45455734	     -7.39811375	     40.14706650	    364.76715337	     77.28356453	     -5.47475039	     -4.82329093	      0.35732585	    -36.64765583	     -7.59680385	      0.97802848	    -21.17731504	    -16.07151610	      0.00128701	     -3.47265749	    -19.12849000	      0.74362302	     -1.55646598	     -0.07205176	      2.20429469	      0.03117102	      0.03126845
      6.38000000	    -37.40254222	     90.90911420	     -7.39384379	     44.07684236	    353.91155174	     63.54580686	     -4.24975832	     -4.87594180	      0.36095713	    -36.27594261	    -10.57327204	      0.99541035	    -13.26360722	    -16.57066352	     -0.31540944	     -3.28002742	    -18.66886949	      0.74208108	     -1.13826083	     -0.06147561	      2.02398468	      0.03119792	      0.03089010
      6.39000000	    -42.31791975	     81.85191858	    -10.12916144	     48.43370524	    344.00515382	     39.09295396	     -3.55350474	     -5.00672292	      0.37514009	    -37.36135856	    -10.86751635	      0.58214498	     -5.96358187	    -19.00829589	     -2.50209682	     -3.20471905	    -19.79006643	      0.73184258	     -2.08256991	     -0.04894046	      2.24395786	      0.03100044	      0.03064470
      6.40000000	    -40.82580238	     70.80053035	    -10.36117626	     40.74942840	    325.83357925	      6.07854857	     -3.23779601	     -5.32202725	      0.38405453	    -38.51479212	    -12.13587338	      0.43555866	      2.48757350	    -17.01294093	     -3.63447280	     -3.20053067	    -20.18708413	      0.71975329	     -1.96460886	     -0.03947300	      2.18740861	      0.03094429	      0.02988907
      6.41000000	    -30.45486850	     62.02858830	     -6.23115693	     20.32689672	    291.80967978	     -8.34954068	     -2.81711664	     -5.54325355	      0.40667810	    -39.81868650	    -13.72651636	      0.32552360	      7.33512250	     -8.55095156	     -2.04719585	     -3.16699911	    -21.37555622	      0.71915441	     -2.80892097	     -0.03508999	      2.17310520	      0.03148063	      0.02831410
      6.42000000	    -17.34510419	     58.51340784	      0.09237330	      0.64515950	    256.18414081	      2.60389594	     -2.10382326	     -5.61799803	      0.46166231	    -40.68881455	    -16.25978668	      0.40415336	      6.91962139	      0.70998968	      1.40348581	     -3.10844070	    -22.11378005	      0.73000767	     -3.09616976	     -0.03541809	      2.29236759	      0.03235211	      0.02661224
      6.43000000	    -12.71843034	     56.34141850	      4.82160726	    -10.38201019	    239.33791788	     16.17532280	     -1.41661847	     -5.95760913	      0.53410646	    -40.68919603	    -17.63680837	      0.22617914	      6.61489957	      4.30329277	      4.28592339	     -3.10247345	    -22.29441830	      0.73666034	     -3.06956950	     -0.03853706	      2.29364588	      0.03273335	      0.02606181
      6.44000000	    -17.14307845	     52.70555327	      5.59580200	    -14.38682851	    233.78444942	      9.25949666	     -1.23977711	     -6.88602004	      0.59649431	    -42.17753629	    -18.49608713	      0.12457592	     10.74744057	      2.38540166	      4.76219407	     -3.20385735	    -23.22698847	      0.72692528	     -3.82756154	     -0.04242537	      2.45132128	      0.03226466	      0.02725657
      6.45000000	    -24.49218404	     49.06800800	      3.20668568	    -18.33420010	    229.27273302	    -12.34587702	     -1.61140731	     -7.97753967	      0.65095355	    -43.90299944	    -17.89474359	      0.07165794	     15.96892746	     -0.38157948	      3.03650624	     -3.38058866	    -24.24952678	      0.70492406	     -4.37625681	     -0.04584082	      2.57393340	      0.03142027	      0.02952790
      6.46000000	    -26.23418028	     51.22674810	     -0.02395341	    -16.21447207	    211.50785860	    -21.11487408	     -2.00553964	     -8.42654418	      0.72587642	    -45.14026777	    -19.07209026	      0.11954406	     14.68263299	     -1.21687601	      0.81223558	     -3.54080033	    -24.63887496	      0.68343137	     -4.53654926	     -0.04911325	      2.82170191	      0.03080147	      0.03165340
      6.47000000	    -20.37151118	     61.16934900	     -1.53532286	     -9.19134549	    189.27346546	     -7.83519558	     -1.92339346	     -8.09657728	      0.83272158	    -46.82641187	    -22.45675733	     -0.02616049	      5.97935992	      0.59239683	     -0.23642382	     -3.64132053	    -25.42948739	      0.67177875	     -5.61703359	     -0.05264766	      2.79307405	      0.03061260	      0.03281503
      6.48000000	    -10.45492700	     67.04352677	      0.18035535	    -13.10741298	    170.86984112	      1.19232324	     -1.29572715	     -7.68513400	      0.94983599	    -49.14443801	    -25.48868895	     -0.19863030	      0.68407485	      6.44676615	      0.30211632	     -3.68791088	    -26.22480855	      0.67690121	     -6.18872705	     -0.05394936	      3.20143767	      0.03102351	      0.03293946
      6.49000000	      0.88356649	     59.00106432	      4.03522558	    -31.39803407	    164.86613195	    -13.73795584	     -0.63168607	     -7.68509980	      1.04869078	    -50.88581044	    -28.99006323	     -0.37232322	      6.98875501	     14.50620919	      1.31970720	     -3.77148540	    -26.23590114	      0.70074593	     -6.54865615	     -0.04869518	      3.22540838	      0.03232800	      0.03247860
      6.50000000	     -0.38015083	     47.42395574	      4.96755131	    -42.65740834	    149.83319044	    -31.85982241	     -0.24516369	     -7.95887469	      1.13219052	    -52.01133470	    -29.87940168	     -0.64793223	     16.27865061	     16.02875212	      1.23942660	     -3.87790580	    -26.81280054	      0.73443935	     -7.76024520	     -0.04086181	      3.86402112	      0.03418678	      0.03192785
      6.51000000	    -15.14193131	     43.97904525	      0.64825072	    -21.19678519	    131.36532465	    -29.39437143	      0.05618236	     -8.33827409	      1.22741543	    -51.36932402	    -31.92802951	     -0.64872968	     18.22938099	      5.00594916	     -0.44982652	     -3.91614568	    -26.09096106	      0.75711471	     -8.14219067	     -0.04387469	      3.80488692	      0.03539081	      0.03156135
      6.52000000	    -36.37276182	     44.23472694	     -6.27944525	     19.79771903	    104.37318017	    -19.31550808	      0.61005037	     -8.86601061	      1.30750334	    -51.94225865	    -33.44393531	     -0.73261962	     17.77613830	    -10.76211679	     -2.72831729	     -3.87046809	    -26.91158245	      0.75798054	     -9.61208215	     -0.06183962	      4.21929577	      0.03531738	      0.03159930
      6.53000000	    -43.11435006	     38.34958033	     -9.51774230	     41.47872538	     84.57745224	    -24.51407507	      1.15341131	     -9.19291208	      1.27180366	    -52.45037878	    -37.38751836	     -0.89556843	     21.66774010	    -16.84348203	     -4.07352436	     -3.95219705	    -26.80827805	      0.75743697	     -9.93764175	     -0.07530732	      4.24396150	      0.03538639	      0.03218166
      6.54000000	    -33.21824230	     36.10670045	     -7.58084648	     20.02679546	     78.16737208	    -37.29562103	      0.90532478	     -8.50346760	      1.06547680	    -53.94360050	    -39.49700651	     -1.50811011	     24.01257029	     -9.32764743	     -3.86841499	     -4.48052387	    -27.84027034	      0.79175557	    -11.18777426	     -0.05979010	      4.68450610	      0.03801914	      0.03291994
      6.55000000	    -16.35369891	     46.03842882	     -3.92096750	    -17.87453022	     85.41298712	    -36.20673766	     -0.44570189	     -6.47454834	      0.78186792	    -54.28263028	    -42.51643761	     -1.99067638	     17.08318731	      0.48976171	     -2.86693782	     -5.53494256	    -27.34706931	      0.86683293	    -11.49407342	     -0.01629891	      5.06181301	      0.04361248	      0.03304952
      6.56000000	    -12.09982254	     65.23685978	     -3.98091831	    -30.48847385	     89.73925154	    -21.75734579	     -2.28037974	     -3.88137187	      0.57818877	    -56.49267668	    -44.73385501	     -2.37870768	      5.41585842	     -0.70322720	     -2.28017287	     -6.78818178	    -28.50221181	      0.93771769	    -12.98682140	      0.02598714	      5.06350097	      0.04926390	      0.03232903
      6.57000000	    -21.88140245	     73.37982571	     -7.89710548	     -5.91047223	     70.62343610	     -9.57898810	     -3.69342356	     -1.95242145	      0.48886857	    -56.76922136	    -48.19722755	     -2.19018416	      0.00215719	    -12.48392162	     -2.31732987	     -7.69451176	    -28.55993703	      0.95791243	    -13.78541100	      0.03570400	      5.05136503	      0.05169791	      0.03127164
      6.58000000	    -31.39562626	     64.68586809	    -10.67965428	     18.44006473	     31.71137270	    -10.92501792	     -4.15322935	     -1.35826923	      0.37926784	    -55.13770762	    -50.26995501	     -1.91095963	      4.28307705	    -20.51561295	     -1.91009436	     -7.76622127	    -28.62475947	      0.95199115	    -14.87852025	      0.00488066	      5.34193423	      0.05147153	      0.03051463
      6.59000000	    -22.15140972	     46.47677302	     -7.67510764	      8.60173908	    -17.92860806	    -25.12249500	     -3.49422262	     -1.89544768	      0.11791345	    -54.04062603	    -54.16005290	     -1.75372795	     13.56791551	    -13.09790897	     -0.20672889	     -6.79123010	    -28.53114260	      1.01041637	    -15.54145694	     -0.04489782	      5.47343594	      0.05297790	      0.03036529
      6.60000000	     -4.84190139	     27.45878381	     -1.22850786	    -25.63015746	    -47.84903781	    -47.17597844	     -1.74793645	     -2.90301800	     -0.24399257	    -53.98045402	    -55.84789239	     -2.24203192	     24.33894750	      2.83340979	      1.95774463	     -4.95275560	    -29.00301493	      1.17836065	    -16.48238735	     -0.07706575	      5.59046689	      0.05883890	      0.03071357
      6.61000000	     -2.86696835	     11.97908225	      0.85021678	    -23.87871976	    -44.26064363	    -68.66132829	      1.08386865	     -3.87297164	     -0.52009457	    -54.73883094	    -59.03382900	     -2.88909383	     35.62536763	      4.97961723	      2.60435970	     -2.61574626	    -28.99254193	      1.36576355	    -17.53089149	     -0.06518259	      5.78671387	      0.06499807	      0.03112657
      6.62000000	    -36.14615753	     13.93049481	     -7.07825668	     44.90802007	     -4.93610082	    -67.96238143	      4.39438028	     -4.77361046	     -0.57983515	    -56.10119785	    -60.78930616	     -3.29609066	     38.48143087	    -21.82694156	      0.72598602	     -0.25865805	    -29.27069775	      1.39850211	    -18.32993628	     -0.01006231	      5.86432395	      0.06335872	      0.03114850
      6.63000000	    -88.11385565	     48.00740715	    -20.99815900	    150.43958369	     44.45088026	    -15.93410881	      7.23634047	     -6.03910162	     -0.39962018	    -57.11910077	    -64.31598173	     -3.57212942	     17.84813915	    -67.88650075	     -2.55736429	      1.70097147	    -29.16861292	      1.20132041	    -18.94787286	      0.05660884	      6.08841267	      0.05068737	      0.03067735
      6.64000000	   -130.64826500	    100.64533808	    -31.67618096	    217.53456502	     82.11953376	     66.25396311	      9.08424574	     -7.88618048	      0.00116998	    -56.81894383	    -65.01200547	     -3.67409482	    -19.56848371	   -105.78046092	     -5.02233607	      2.95333164	    -29.36965032	      0.89114868	    -19.72994936	      0.08987606	      6.02394171	      0.03312497	      0.03009772
      6.65000000	   -137.51415910	    125.29240574	    -31.45861860	    213.35200865	     82.97355446	    107.72965939	     10.29136745	     -9.46890327	      0.47542224	    -55.30111691	    -66.23461333	     -3.80187215	    -40.74439601	   -113.12007534	     -5.07845200	      3.41205925	    -28.95348587	      0.65925131	    -20.33591435	      0.06851557	      6.21336275	      0.02032638	      0.02985921
      6.66000000	   -110.51786719	    103.93813583	    -21.52301463	    154.00795940	     47.32423724	     77.20664634	     11.41376185	     -9.48623555	      0.72438143	    -54.49386934	    -66.46108860	     -4.03887443	    -30.00130743	    -89.57586392	     -2.94887428	      3.28903318	    -29.19746120	      0.58873621	    -20.86028717	      0.01279367	      6.10798299	      0.01636546	      0.02993107
      6.67000000	    -68.69993094	     65.52108891	     -9.51439794	     88.22687996	     -4.26459157	     25.98312040	     12.49200097	     -7.79393187	      0.58297391	    -52.97695258	    -67.65424738	     -4.24378512	     -8.87593957	    -54.96655465	     -0.54310044	      2.92930341	    -28.86564705	      0.62082724	    -21.42554883	     -0.04552555	      6.30741594	      0.01792791	      0.02993185
      6.68000000	    -36.01419150	     47.34991691	     -2.40853295	     43.31466832	    -34.31972279	      2.51711266	     13.31398653	     -5.58855087	      0.21694183	    -52.59588995	    -66.67701980	     -4.35750510	     -0.59463039	    -29.02597668	      0.45967975	      2.56599979	    -29.28438266	      0.66250954	    -22.09430108	     -0.09579400	      6.23188343	      0.01984357	      0.02965446
      6.69000000	    -15.24128666	     48.38025655	      0.61470162	     15.59889155	    -41.14107585	      7.01257607	     13.72886662	     -4.19073736	     -0.02420789	    -51.55661552	    -66.35659317	     -4.25699803	     -5.08699728	    -14.18148972	      0.24383963	      2.24349808	    -28.46036661	      0.67541025	    -22.03977451	     -0.14054315	      6.54608127	      0.02006515	      0.02926299
      6.70000000	      1.65504046	     56.54776943	      3.04918086	    -17.16884666	    -33.87586404	     11.47730608	     13.58899386	     -4.25688419	      0.13619197	    -52.45121286	    -65.67480443	     -4.08437824	    -11.67696405	     -1.68092223	     -0.01531452	      1.91056669	    -28.63018726	      0.67271925	    -22.15799477	     -0.17536777	      6.24808939	      0.01966030	      0.02898925
      6.71000000	     13.22401606	     53.90587941	      5.41330782	    -49.06123542	    -35.60214547	      2.20243308	     12.87223039	     -5.75041700	      0.71440872	    -51.34029711	    -64.42262268	     -3.80581177	    -10.86637572	      9.79705453	     -0.17914491	      1.51364494	    -28.35094636	      0.67556368	    -22.64331249	     -0.19031765	      6.59216400	      0.02011496	      0.02874860
      6.72000000	      9.99095231	     36.78166061	      4.19624764	    -52.26669972	    -46.15718858	    -25.95190466	     11.87116961	     -8.12063265	      1.46884686	    -49.88925236	    -64.14497309	     -3.59192010	      2.23728895	     11.33764252	     -1.12490032	      1.03539170	    -28.19791411	      0.69220779	    -22.96880601	     -0.18318619	      6.48949944	      0.02180030	      0.02856924
      6.73000000	     -7.64498691	     17.61577325	     -0.86854482	    -23.44817986	    -50.16806806	    -52.09324452	     10.99760171	    -10.40658778	      2.07175575	    -47.71219737	    -65.03272566	     -3.35821700	     17.93115455	      0.65199340	     -2.65757614	      0.49660619	    -27.66222952	      0.72373283	    -23.54345540	     -0.16180999	      6.62052851	      0.02438189	      0.02911677
      6.74000000	    -22.57792741	     18.72696009	     -5.06810814	      1.91678544	    -41.44954111	    -51.15898093	     10.52679250	    -11.52946024	      2.29440479	    -47.05364034	    -65.34003904	     -3.17504395	     18.96004717	    -10.41697236	     -3.39473507	     -0.08040125	    -27.45601782	      0.76973328	    -24.16594348	     -0.13730244	      6.81451924	      0.02751963	      0.03072585
      6.75000000	    -20.07627784	     35.42480420	     -4.92947066	      1.47593007	    -17.56412819	    -28.78190492	     10.64228172	    -11.12295665	      2.15466609	    -47.29165159	    -65.67856862	     -3.28024228	      7.14988474	    -10.91080614	     -3.00677506	     -0.69356306	    -26.99180726	      0.82484173	    -25.10954492	     -0.12335119	      6.88400484	      0.03074837	      0.03237210
      6.76000000	     -7.22744197	     44.87662615	     -2.11795901	    -15.56530365	      4.18397430	    -20.41674530	     11.26070532	    -10.01048999	      1.90789790	    -48.88220813	    -66.03613510	     -3.31796335	      0.90386510	     -2.72611266	     -2.25258343	     -1.36301907	    -26.72518090	      0.87465281	    -25.86337725	     -0.13336776	      7.29413452	      0.03324558	      0.03279347
      6.77000000	      4.10085992	     38.35541467	      1.55046013	    -32.84561551	     12.30266052	    -31.96466877	     11.64895048	     -9.34385026	      1.81134366	    -49.42950498	    -66.58422110	     -3.44537251	      5.95481145	      6.34305591	     -1.13261832	     -2.14851187	    -26.57564329	      0.90050591	    -27.52993159	     -0.16639773	      7.53325746	      0.03437965	      0.03217602
      6.78000000	      9.40812987	     28.73815919	      4.87435709	    -44.60656479	     -4.43208079	    -45.44533843	     10.98889454	     -9.34683217	      1.88569407	    -48.54274241	    -66.80904380	     -3.43230505	     12.01175030	     12.03360850	      0.58217657	     -3.07183377	    -26.32127258	      0.89584936	    -29.28839812	     -0.20102477	      8.14319174	      0.03447270	      0.03168281
      6.79000000	     10.00706363	     25.77248592	      6.35662561	    -50.29530372	    -34.27452045	    -47.97445477	      9.57703048	     -9.38092501	      1.95446800	    -47.13367869	    -66.38249591	     -3.31004154	     12.38651749	     13.77361862	      1.87578057	     -3.96614291	    -26.41912805	      0.88128370	    -31.32384164	     -0.21501303	      8.32949183	      0.03471902	      0.03173762
      6.80000000	      6.94722905	     28.34840061	      5.14916289	    -47.42036572	    -55.73300637	    -40.18512296	      8.60709402	     -9.10503102	      1.89743731	    -44.99424161	    -66.13998341	     -2.99436929	      8.24282536	     11.70344831	      1.71810066	     -4.57610033	    -25.83221636	      0.89091420	    -33.00730027	     -0.20989265	      8.61063891	      0.03611514	      0.03171187
      6.81000000	     -0.42979498	     38.60524249	      2.32408710	    -34.82770010	    -45.33161919	    -24.76646233	      8.69033741	     -8.91841853	      1.77052626	    -44.43259669	    -65.66667905	     -2.93708670	      1.00449741	      5.27208977	      0.92688719	     -4.85937517	    -25.83962554	      0.93327873	    -34.88653256	     -0.20575952	      8.72314207	      0.03835143	      0.03116012
      6.82000000	    -11.18414853	     51.47531482	      0.29877124	    -14.21421435	    -18.88185703	     -4.49548488	      9.43099736	     -9.06418935	      1.66150037	    -44.05948662	    -65.83766648	     -3.11528981	     -7.22828710	     -4.28781716	      1.16939932	     -4.99354415	    -25.53089802	      0.98008778	    -36.60785996	     -0.21365280	      8.96917294	      0.04012205	      0.03059769
      6.83000000	    -16.50304387	     58.35883396	      0.74869240	      1.04280622	      3.99410901	      7.73872677	     10.25493620	     -8.91573792	      1.55763595	    -43.76735321	    -66.10208894	     -3.36273301	    -11.50902034	     -9.82585300	      2.60851536	     -5.08705360	    -25.19917320	      1.00523181	    -37.86561477	     -0.22705905	      9.03246583	      0.04078955	      0.03067844
      6.84000000	     -8.85457759	     51.87066020	      3.66066058	     -4.31135729	     -8.19009476	      3.02929095	     10.82551640	     -7.87760985	      1.44360492	    -43.55742780	    -67.22556003	     -3.53330048	     -8.51571963	     -4.62846871	      3.86803523	     -5.09289750	    -25.38444062	      1.01338565	    -39.61143167	     -0.23914718	      9.19730943	      0.04097088	      0.03111478
      6.85000000	      2.30665709	     36.77819664	      6.43506321	    -24.61102386	    -33.21581605	    -13.03445333	     10.78880664	     -6.58980545	      1.40304776	    -41.80646447	    -66.24180002	     -3.35524602	     -0.63146323	      5.53361776	      4.06294322	     -4.99738043	    -25.41353476	      1.01610306	    -40.92048286	     -0.25005375	      9.29037966	      0.04114874	      0.03113455
      6.86000000	      3.27401478	     26.21665392	      5.91245860	    -29.35692255	    -54.18577490	    -26.27112440	      9.84391617	     -6.34404022	      1.53016953	    -39.72153683	    -65.81768605	     -3.27719992	      5.55996550	      7.74407137	      3.40038367	     -4.87837863	    -25.30367099	      1.00899417	    -42.36504381	     -0.25918774	      9.48869211	      0.04085760	      0.03063945
      6.87000000	     -8.34478975	     30.55412319	      1.26165016	     -9.73177608	    -48.77267676	    -28.85513430	      8.33344881	     -7.47678546	      1.79706654	    -38.71710080	    -65.25176324	     -3.18980831	      4.37966027	     -0.87606272	      2.23035730	     -4.72959280	    -25.32021427	      0.98913917	    -43.67947226	     -0.26508205	      9.48921077	      0.03966826	      0.03017796
      6.88000000	    -20.99069008	     46.93471941	     -4.39093133	     16.80666733	    -31.74353308	    -21.36504016	      7.32910199	     -9.02208500	      2.04036556	    -39.63928605	    -65.64363255	     -3.14862732	     -4.30496078	    -11.79067741	      0.94164474	     -4.40725326	    -25.80810816	      0.96872700	    -45.68793921	     -0.26921317	      9.74430857	      0.03793153	      0.03010903
      6.89000000	    -26.90965030	     64.13266377	     -7.08980039	     27.89052923	     -7.13757793	     -7.71598258	      7.68120652	     -9.83610752	      2.09640151	    -39.81404457	    -65.22850469	     -3.21294934	    -15.70177007	    -17.57835946	      0.12853340	     -3.82473520	    -25.29644889	      0.96014190	    -46.54366665	     -0.27285117	      9.70070534	      0.03629590	      0.03032661
      6.90000000	    -24.38517051	     73.43512275	     -6.29156197	     20.55684148	      5.20284456	      7.94443296	      9.01898388	     -9.55046535	      1.95394728	    -38.96441898	    -65.16405168	     -3.23711964	    -24.35544569	    -16.66074560	      0.13086152	     -3.13077223	    -24.85245597	      0.96408371	    -47.97667423	     -0.27406241	      9.88290780	      0.03528007	      0.03053933
      6.91000000	    -15.75933409	     71.80489418	     -2.97604446	      0.08904150	      4.86832240	     17.12533585	     10.01807475	     -8.55831328	      1.74677011	    -36.68601398	    -64.37078706	     -3.32550262	    -26.74397468	     -9.96880086	      0.80212838	     -2.63855714	    -24.28095733	      0.97375770	    -49.05539170	     -0.27120613	      9.87969116	      0.03519938	      0.03053782
      6.92000000	     -4.95315917	     62.62820439	      0.36916184	    -21.69535224	     -9.22180167	     14.18090359	      9.86169083	     -7.62257833	      1.62625492	    -34.62877047	    -63.70665487	     -3.31590894	    -22.95407282	     -0.85359372	      1.56206779	     -2.53003900	    -24.17422475	      0.98069393	    -50.43584230	     -0.26776792	      9.95688913	      0.03577965	      0.03034642
      6.93000000	      1.44592848	     53.65645724	      1.62668043	    -33.17617824	    -21.04383848	      3.99017240	      9.17183403	     -7.43180628	      1.65472618	    -33.18341775	    -63.57494313	     -3.13844743	    -17.61673995	      4.80811951	      1.71413224	     -2.65256761	    -23.72066105	      0.97992926	    -51.24265083	     -0.27009383	      9.98336709	      0.03613894	      0.03019172
      6.94000000	     -1.19031989	     51.83768110	      0.61449075	    -31.95479412	    -24.86445728	     -2.62938104	      9.14816650	     -7.95200243	      1.74535361	    -32.82565567	    -62.56077577	     -2.87819590	    -16.22808803	      4.29765000	      1.21100635	     -2.68591853	    -23.61023053	      0.97546931	    -52.48383319	     -0.27792254	     10.22124004	      0.03578378	      0.03023066
      6.95000000	     -4.68689193	     54.82267066	     -0.70881285	    -23.24716712	    -19.96161013	     -3.52302453	      9.97054839	     -8.23916439	      1.69826686	    -32.57674816	    -62.04053330	     -2.56138590	    -18.76553316	      1.89486943	      0.83004635	     -2.52045382	    -23.02532416	      0.97646692	    -53.19536448	     -0.28086175	     10.28868497	      0.03533067	      0.03034347
      6.96000000	     -3.20837242	     53.38103197	     -0.53907083	    -16.79024956	    -20.35891805	     -6.96393827	     10.76743229	     -7.47865601	      1.40873006	    -31.93296932	    -61.51356817	     -2.35595607	    -18.93607728	      2.84690802	      1.10417203	     -2.30133918	    -22.59899464	      0.98750902	    -53.99784222	     -0.26934152	     10.27486854	      0.03571774	      0.03031575
      6.97000000	      0.88808283	     43.26696542	      0.17494721	    -14.17280320	    -28.91493112	    -18.34914127	     10.81283753	     -6.21819437	      1.07627302	    -30.51679841	    -61.34874997	     -2.30001759	    -12.88119038	      5.92340327	      1.43214280	     -2.17971918	    -22.36021604	      0.99960484	    -54.93795194	     -0.24681412	     10.42612589	      0.03675072	      0.03018718
      6.98000000	     -0.00144286	     34.97154823	     -0.52772772	    -15.31265347	    -29.84546268	    -28.13876151	     10.07763032	     -5.85659870	      1.06428762	    -28.99363138	    -59.96640817	     -2.23864569	     -6.74964369	      6.47232839	      0.97123096	     -2.20057585	    -22.61981925	      0.99468897	    -55.84560723	     -0.22680829	     10.53802813	      0.03714858	      0.03025415
      6.99000000	     -4.85892509	     39.58927333	     -1.94622069	    -20.11811897	    -21.25810439	    -20.31486285	      8.88679966	     -6.75165285	      1.44926710	    -27.28361786	    -58.49437901	     -2.12456844	     -9.78833962	      4.17991043	      0.21484423	     -2.38171802	    -22.30405723	      0.96837178	    -56.47916973	     -0.21820778	     10.65045510	      0.03640718	      0.03065575
      7.00000000	     -7.05173239	     57.44242507	     -1.95074601	    -29.21974814	     -7.90255202	      4.91358333	      7.75673874	     -7.70554538	      1.84623646	    -27.11252455	    -57.13707592	     -1.80568028	    -22.15177150	      2.99018272	      0.51334915	     -2.65957942	    -22.20415548	      0.93911277	    -57.37393925	     -0.21482572	     10.72281659	      0.03553579	      0.03105234
      7.01000000	     -3.24614384	     72.65825633	     -0.02587993	    -36.06017658	     -2.15859653	     28.25008778	      7.44156092	     -7.60797060	      1.80664064	    -27.19166658	    -57.18156529	     -1.60101802	    -33.88420295	      4.80342554	      1.83552293	     -2.75596071	    -21.64893557	      0.92519549	    -58.22475583	     -0.20113650	     10.77547878	      0.03539681	      0.03092387
      7.02000000	      0.74308812	     71.12250715	      0.89216675	    -32.82861368	     -5.40171071	     25.71012697	      8.39949721	     -6.67645279	      1.30166194	    -26.96638966	    -57.48459667	     -1.41008568	    -34.09710568	      6.85487397	      2.43606085	     -2.39330256	    -20.92944744	      0.92584633	    -58.29423881	     -0.17140510	     10.60748114	      0.03562478	      0.03018616
      7.03000000	     -0.29022085	     54.27874930	     -0.95987672	    -18.37388173	    -22.03138147	      1.66290350	      9.91745857	     -5.69512888	      0.72065807	    -25.81894360	    -58.42823519	     -1.32838985	    -23.70660632	      5.88030634	      1.28743211	     -1.76249019	    -20.22966970	      0.92564375	    -58.80625475	     -0.13768374	     10.62390524	      0.03548511	      0.02932317
      7.04000000	     -5.16188542	     42.65711067	     -3.74084356	     -6.15270191	    -27.27587373	    -15.51055205	     10.33677868	     -4.83186054	      0.44334824	    -24.17871710	    -57.80630925	     -1.41681097	    -16.00744707	      2.46559497	     -0.61740770	     -1.48256626	    -19.42725062	      0.90764686	    -58.79878088	     -0.11170736	     10.50113505	      0.03480734	      0.02903402
      7.05000000	     -9.23150264	     45.61753321	     -5.69697784	     -4.43610349	    -23.96636274	    -13.09661023	      8.74222321	     -3.98010997	      0.52134526	    -22.43915896	    -56.49580322	     -1.21505827	    -17.85342491	     -0.54774888	     -1.90739973	     -1.88307888	    -18.71865356	      0.87379240	    -59.57941405	     -0.09223920	     10.90729708	      0.03416550	      0.02975240
      7.06000000	    -10.20261243	     55.17666651	     -6.45489029	     -9.01978891	    -15.28936989	     -8.93544092	      6.11642333	     -3.67588610	      0.74849032	    -22.13233489	    -55.79212887	     -1.09165592	    -22.62919499	     -1.68219223	     -2.25327528	     -2.55566714	    -18.27971800	      0.85179751	    -59.83804842	     -0.07875299	     10.69728982	      0.03438648	      0.03111390
      7.07000000	    -10.42136921	     60.67873766	     -6.78002402	    -12.09276977	    -11.91018991	     -7.69590581	      4.31218334	     -4.43298351	      0.90335122	    -21.36777270	    -55.65769680	     -0.85297955	    -25.62250266	     -1.31382876	     -1.90776126	     -2.85591038	    -17.67024534	      0.86525446	    -60.47997707	     -0.07978843	     10.87162311	      0.03564115	      0.03199489
      7.08000000	     -9.37479131	     63.98461902	     -6.81824558	    -11.52875352	     -8.18610835	     -3.61718304	      4.19703665	     -5.51205227	      0.90789782	    -21.01239084	    -56.68379116	     -0.59192003	    -28.15438786	     -0.43259676	     -1.19816041	     -2.64556858	    -17.21060276	      0.90138905	    -60.90210225	     -0.09998307	     10.81497273	      0.03706128	      0.03161535
      7.09000000	     -9.96365641	     62.86973496	     -5.99181735	    -11.45240564	     -3.41028035	     -1.09005133	      5.07099324	     -5.60691281	      0.82665095	    -20.33153644	    -55.89282708	     -0.31083606	    -28.21459385	      0.13048786	     -0.51109863	     -2.34248958	    -16.90603310	      0.91914279	    -61.31380847	     -0.13214232	     10.98862112	      0.03730838	      0.03045004
      7.10000000	    -10.48809850	     56.80698069	     -5.08160118	     -9.17398509	     -4.10703230	     -7.53254951	      5.56855360	     -4.63312698	      0.74294902	    -19.40332018	    -55.84356495	     -0.07209303	    -24.49712525	     -0.46611059	     -0.09391639	     -2.39921491	    -16.15630599	      0.88873146	    -61.50857834	     -0.16671486	     10.91929508	      0.03563366	      0.02956507
      7.11000000	    -12.27677229	     55.07155500	     -4.93610042	     -5.16614188	     -9.90002531	     -9.68148074	      5.09213226	     -3.84370955	      0.62903056	    -18.21887462	    -55.71543811	      0.12539005	    -23.95312574	     -2.22634486	      0.04921625	     -2.81335567	    -15.09227195	      0.82245500	    -61.68046332	     -0.19987275	     10.88671156	      0.03264440	      0.02939433
      7.12000000	    -11.46699011	     60.89153086	     -5.55094950	     -3.63473896	    -19.02268422	      0.12690164	      4.09382553	     -4.12982702	      0.35437640	    -16.81881120	    -56.65805931	      0.17699177	    -29.59977303	     -2.35931565	     -0.06754945	     -3.25223112	    -13.51906126	      0.75987124	    -61.48529721	     -0.22911260	     10.65383949	      0.02989771	      0.02967864
      7.13000000	     -6.67185157	     61.86441078	     -6.16896472	    -10.84011408	    -30.21983608	     -0.44230673	      3.53183031	     -5.03528667	     -0.14463540	    -16.80898721	    -57.00497704	      0.17523316	    -30.66869216	      1.97099073	     -0.52506535	     -3.37995662	    -13.27890844	      0.73058455	    -62.35490499	     -0.24960941	     10.63709941	      0.02852244	      0.03010974
      7.14000000	      0.23804917	     48.57789891	     -6.01202768	    -21.60152418	    -36.63853845	    -21.48521435	      3.93631771	     -5.66609573	     -0.72211821	    -15.51884777	    -57.79520404	      0.19696173	    -21.63802219	      7.94884343	     -1.03277679	     -3.13841074	    -11.94067482	      0.73690011	    -62.27676374	     -0.25860627	     10.69277362	      0.02858673	      0.03046104
      7.15000000	      0.56687077	     41.00119687	     -5.23504642	    -29.16258964	    -30.92475712	    -33.01989486	      4.98637276	     -5.91549426	     -1.09482583	    -15.15289022	    -57.40367186	      0.42186101	    -16.08401635	      9.27401914	     -0.75773488	     -2.78901760	    -11.61845665	      0.76175337	    -62.77378041	     -0.26004425	     10.81348278	      0.02955277	      0.03050334
      7.16000000	     -5.52777766	     52.38487240	     -3.81737562	    -29.86158441	    -19.20162070	     -7.03795142	      5.89196988	     -6.31283027	     -1.08217440	    -13.99396341	    -57.69261869	      0.61323838	    -26.20727321	      4.79479002	      0.56623697	     -2.66385096	    -10.85501220	      0.77912869	    -63.28827610	     -0.26096143	     10.74700080	      0.03058505	      0.03022674
      7.17000000	    -12.82779978	     76.71418191	     -2.57273080	    -28.76571938	     -8.93137768	     42.27795180	      6.15694571	     -6.95069211	     -0.78661036	    -12.74129763	    -57.46977680	      0.83090718	    -46.69859160	     -0.35281429	      1.92705097	     -2.80184674	    -10.27639031	      0.76618301	    -64.02408897	     -0.26102407	     10.73582388	      0.03062763	      0.02989185
      7.18000000	    -16.65338994	     95.27253007	     -3.24726167	    -21.12618376	     -8.84160289	     79.57257708	      5.71559256	     -7.13122728	     -0.49288428	    -10.99700779	    -58.63915938	      1.03313982	    -62.96361068	     -4.02877917	      1.97123711	     -2.99953022	     -9.07082653	      0.71789095	    -64.69990393	     -0.25022961	     10.85258416	      0.02906153	      0.02968914
      7.19000000	    -23.97426836	     94.97034666	     -6.87344754	     -0.85479508	    -10.02057549	     76.03675894	      4.80023717	     -6.31066947	     -0.36318125	    -10.38483353	    -58.51349153	      1.06547217	    -62.33441468	    -10.22683481	      0.30078520	     -3.10395064	     -8.99576579	      0.65450528	    -66.15285813	     -0.22319601	     10.83564244	      0.02650932	      0.02959396
      7.20000000	    -32.13355548	     77.45099938	    -11.46072781	     26.07434981	    -13.25460086	     40.43229942	      3.76389240	     -4.99141376	     -0.30744835	     -8.65655554	    -59.48082430	      1.04225189	    -48.45376411	    -18.04149824	     -1.87151806	     -3.15197425	     -7.89174006	      0.60900954	    -67.07201773	     -0.18758777	     10.93442417	      0.02465429	      0.02962443
      7.21000000	    -33.85540260	     69.39830482	    -12.87060610	     32.63148138	    -10.27572145	     17.03209115	      2.97548905	     -4.13980919	     -0.15633349	     -8.17266696	    -59.10254359	      1.09254644	    -41.21589003	    -19.39153814	     -2.77089566	     -3.21958752	     -7.75933113	      0.59609574	    -68.00848071	     -0.15052494	     10.95083533	      0.02459168	      0.02990043
      7.22000000	    -28.40722006	     75.34212840	    -10.93367585	     21.37956964	    -11.43853779	     25.21550170	      2.74371320	     -4.02730193	      0.14013501	     -6.95087115	    -59.63362279	      1.21603692	    -46.95984585	    -14.68592164	     -2.28576335	     -3.24882590	     -7.19178578	      0.59682749	    -69.36183356	     -0.10896628	     11.25665520	      0.02549801	      0.03028596
      7.23000000	    -29.47926927	     80.13005652	     -9.42842487	     14.86926089	    -10.14824114	     33.91378579	      3.12324363	     -4.22685696	      0.47868249	     -7.48016414	    -59.04724140	      1.09711858	    -50.70987313	    -14.26953536	     -1.81758795	     -3.07159119	     -7.99102582	      0.58839219	    -70.92831983	     -0.06295448	     11.00801708	      0.02580574	      0.03040411
      7.24000000	    -38.16417845	     70.18086567	     -9.95036648	     23.47964110	    -18.87766575	     26.93257131	      3.79446743	     -4.37682912	      0.69190083	     -5.60502403	    -59.40522834	      0.99461678	    -45.32775959	    -20.56616036	     -2.00555993	     -2.57695348	     -7.13120165	      0.57426630	    -72.16196163	     -0.02449567	     11.04158172	      0.02511913	      0.03023885
      7.25000000	    -46.14506911	     62.97837059	    -10.98075414	     30.14948434	    -22.64977912	     16.57314680	      4.09841362	     -4.46716189	      0.68382503	     -5.68090233	    -58.29716364	      0.96266314	    -39.95245704	    -26.03423855	     -2.24289121	     -1.98678118	     -7.59591306	      0.56511662	    -73.05747602	     -0.00695174	     10.88877309	      0.02401918	      0.03016092
      7.26000000	    -45.43133696	     62.06575430	    -11.04659196	     30.15462295	    -29.87769371	     17.32955503	      3.21081328	     -4.56799293	      0.52109292	     -4.04643388	    -59.34975133	      0.94255710	    -40.36642151	    -26.23924422	     -1.87358289	     -1.96653940	     -7.07137026	      0.55528372	    -74.50254366	     -0.01478556	     10.77391617	      0.02316787	      0.03024795
      7.27000000	    -39.79096002	     66.21991221	     -9.82400701	     22.54368955	    -26.46902069	     19.47638825	      0.92007784	     -4.62404505	      0.37692965	     -3.48260107	    -59.23373888	      0.87048031	    -42.07762055	    -22.04298275	     -0.86118186	     -3.00037385	     -7.06905825	      0.54610756	    -75.11640516	     -0.04324083	     10.41994510	      0.02356521	      0.03021580
      7.28000000	    -29.26907102	     64.89897064	     -8.02438495	     14.31130204	    -24.19573842	     20.06713676	     -0.97846787	     -4.74414689	      0.34794507	     -1.45447899	    -60.41603380	      0.80135160	    -40.98727135	    -14.72843646	      0.17908043	     -4.21037910	     -6.17704062	      0.57430610	    -75.79470699	     -0.08224177	     10.39139914	      0.02613345	      0.02998641
      7.29000000	    -20.64504996	     61.25161021	     -6.16754999	      4.87165447	    -20.26572923	     23.45826673	      1.46171527	     -5.58158639	      0.35335534	     -1.66190854	    -59.91770076	      0.71080548	    -39.80790199	     -6.62970435	      0.52309890	     -3.14905554	     -7.06601338	      0.68009018	    -76.98356386	     -0.12058468	     10.33369536	      0.02953948	      0.02979524
      7.30000000	    -20.18967004	     53.27210885	     -4.53503408	      1.49275359	    -13.92920434	     36.14461488	     11.14915244	     -7.83197735	      0.29135546	     -0.72053233	    -59.89316832	      0.48621390	    -42.24806080	     -3.38771825	      0.18023287	      2.13453094	     -7.25202204	      0.82813500	    -78.30253832	     -0.14769778	     10.23410781	      0.02911687	      0.02980948
      7.31000000	    -36.06145154	     45.10723017	     -4.18022882	      8.59534512	     14.71068412	     46.41868068	     25.44909348	    -11.22656311	      0.28708104	     -0.45825193	    -59.36000073	      0.22959832	    -46.68858131	    -11.61138206	     -0.42019244	     10.23784998	     -7.77699330	      0.89013502	    -79.36362767	     -0.16063804	      9.89328118	      0.02024748	      0.03006660
      7.32000000	    -68.25943190	     39.25061131	     -6.70928114	     29.77233225	     59.92600173	     46.65648690	     36.58250681	    -14.54473864	      0.61656461	      1.26872192	    -58.64460534	      0.09895325	    -50.74784534	    -32.57087278	     -1.54662461	     16.49090851	     -7.33337536	      0.76812138	    -80.39626980	     -0.17453155	      9.93539755	      0.00450234	      0.03051662
      7.33000000	    -97.82137819	     82.09220467	    -21.25408892	     60.42113342	     92.57934534	      9.54148974	      9.53068586	    -17.58166017	      1.04813608	     -4.79949944	    -60.94186497	     -0.50208792	    -55.63760496	    -57.63360646	     -3.63726508	      1.42259300	    -10.80074071	      0.68752451	    -80.87759011	      0.41363359	      8.80301070	     -0.00901432	      0.03079094
      7.34000000	   -111.30342619	     90.67851272	    -26.48684503	     91.07822102	    101.16474950	     16.12364924	      1.47528836	    -13.25622295	      0.24482489	     -3.77541559	    -60.82285721	     -0.71087217	    -57.66866067	    -72.65030584	     -5.82355655	     -6.43369902	    -11.17926868	     -1.72756845	    -82.45000747	      0.34456972	      8.74461272	     -0.01115320	      0.03055350
      7.35000000	   -110.20192967	     56.08474426	    -21.79044165	     99.81359406	    101.45559448	     19.64284508	     16.03431534	    -12.87440153	      1.81586792	     -2.05677534	    -58.88078999	     -0.66522903	    -45.03199035	    -70.36840313	     -6.82989774	      0.63873391	    -11.25349972	      1.97134180	    -82.61158361	      1.82800071	      8.58610556	     -0.00129518	      0.03007826
      7.36000000	    -82.82832359	     14.17289960	    -19.83769535	     93.32026037	     39.55043800	    -23.00130597	      8.82468908	     -7.68073216	     -0.43019243	      1.54841679	    -56.72270335	     -0.49785482	    -12.76961142	    -55.78806161	     -6.78042159	     -7.31133662	    -10.59245980	     -1.17955958	    -83.09668715	      2.61909746	      8.91680057	      0.01313997	      0.02979509
      7.37000000	    -54.92183600	    -43.38590534	    -16.21794744	     72.38662997	    -14.76025762	    -95.31288016	      9.58898761	     -6.73303915	     -0.78400995	      3.87334828	    -54.92335160	     -0.36074466	     28.14445139	    -37.25773754	     -6.44506179	     -5.44608966	    -10.32446099	      1.76319527	    -82.92146546	      3.41764308	      8.88561452	      0.02425980	      0.02971351
      7.38000000	    -23.21896305	    -75.57964244	    -14.50274704	     45.60547217	    -67.39664259	   -162.09233898	     -3.67768135	     -2.10465876	     -2.27070990	      6.72370425	    -51.83010202	     -0.43615609	     60.67235112	    -18.75916778	     -5.98453602	    -12.48437760	     -9.78747611	     -1.15540863	    -83.00684254	      4.11652069	      9.10451823	      0.02902485	      0.02979670
      7.39000000	     -0.73920381	    -87.67831783	     -9.93749616	     12.85727422	    -70.96541780	   -190.37240262	     -4.59286567	     -0.84119226	     -1.80445935	      5.79684092	    -48.40314756	     -0.60487626	     73.05090917	     -1.50392703	     -5.25943248	    -10.19147714	    -10.83681907	      0.27465811	    -82.55986396	      4.57838261	      8.84677156	      0.02948749	      0.03020146
      7.40000000	     13.67308691	    -72.13701110	     -5.22184463	    -29.71232793	    -57.78447741	   -169.14807830	     -5.61033304	     -3.37221666	     -1.42599711	      5.81176946	    -44.62330218	     -0.53078245	     63.06366758	     14.44237724	     -3.91256837	     -9.32894445	    -11.10472794	      0.53153563	    -82.32107508	      5.03484895	      9.08872358	      0.03023119	      0.03077507
      7.41000000	     26.62424248	    -35.70777379	      0.67208729	    -79.51847517	    -40.02541776	   -120.53657704	     -9.99706535	     -6.70742996	     -1.35195132	      5.69770463	    -41.61530154	     -0.68272951	     39.31504855	     29.80953241	     -1.43468401	    -11.39197218	    -10.82023556	      0.11641509	    -81.03073851	      5.29793554	      8.64316879	      0.03396389	      0.03099874
      7.42000000	     41.35835007	     -2.08851935	      8.90710025	   -122.00269413	    -36.67025023	    -72.07184295	    -13.70933341	     -6.22749375	     -1.35680280	      6.23489637	    -38.72237448	     -0.82332933	     15.86660620	     43.76368019	      2.00953473	    -13.01024081	    -10.36752817	      0.18869699	    -80.38477508	      5.61248250	      8.46505879	      0.03840395	      0.03072742
      7.43000000	     51.60267067	     18.06875836	     16.31441657	   -146.31767622	    -40.29062561	    -36.93796373	    -15.07678775	     -5.66244086	     -1.03798310	      6.90703427	    -36.15038621	     -0.83428341	      0.43183284	     53.14903938	      5.53717970	    -13.31218397	     -9.55788915	     -0.25739669	    -78.77432551	      5.60165079	      8.22098261	      0.03890919	      0.03036600
      7.44000000	     52.29139738	     25.83721038	     21.22063812	   -144.26007718	    -47.30681174	     -9.49818623	    -13.48543581	     -3.45907638	     -0.77361612	      8.33974186	    -33.19199065	     -0.80238314	     -8.95382217	     53.13775386	      7.95211455	    -11.40687773	     -8.53551652	      0.47258030	    -77.39566121	      6.10566127	      8.00491690	      0.03444819	      0.03014238
      7.45000000	     34.63027064	     37.48041746	     18.55575970	   -117.03950026	    -32.64307160	      7.39316836	    -15.45009287	     -2.84540420	     -1.37319694	      7.97537514	    -30.33424689	     -0.91449947	    -16.37171545	     39.27411070	      8.09521396	    -12.00521527	     -8.14662569	      0.47835282	    -75.11670014	      6.35555489	      7.13264997	      0.02911279	      0.02992801
      7.46000000	      1.17801340	     49.10718707	     11.32936308	    -71.60394170	     -1.84483243	     23.46882918	    -16.43786071	     -2.33326323	     -2.04772769	      8.10082121	    -26.33742178	     -0.80284732	    -24.70382569	     14.85700735	      6.25645160	    -12.29655066	     -7.71030450	      0.31251012	    -73.26237048	      6.75393411	      6.52659134	      0.02733384	      0.02993443
      7.47000000	    -29.72710245	     61.59198119	      3.22433097	    -27.09273619	     30.23715089	     40.58602204	    -17.04743278	     -3.26015478	     -2.47198091	      8.23503816	    -23.59687388	     -0.73084423	    -33.94648622	     -7.06782031	      4.10873278	    -12.12445514	     -6.98941274	      0.38023271	    -70.65611191	      6.78907490	      5.38381179	      0.02946243	      0.03061588
      7.48000000	    -40.49908175	     64.92584028	     -1.98204519	      5.69490165	     27.85558407	     49.85491374	    -18.87246796	     -1.04693845	     -2.90489863	      9.27149925	    -21.74407266	     -0.61198874	    -37.04677782	    -17.29490447	      2.07255814	    -12.16151063	     -6.31528460	      0.53470247	    -68.99442098	      7.41736841	      4.50722740	      0.03250620	      0.03163361
      7.49000000	    -39.12454355	     53.39787503	     -6.73097648	     26.65686301	     11.26851870	     34.38033253	    -21.06942235	      0.59652942	     -2.82104642	     10.77317848	    -21.71978252	     -0.57551627	    -28.56021236	    -19.82338091	     -0.65471041	    -12.31910210	     -5.04648091	      0.38946919	    -66.55109270	      7.94687227	      3.53952704	      0.03366212	      0.03201123
      7.50000000	    -37.02709890	     35.35668867	    -10.72308900	     39.98324823	     -4.11544899	      8.13851023	    -22.56540694	      2.33358646	     -2.91951987	     12.36498406	    -21.26543751	     -0.88157942	    -15.41807603	    -22.03711820	     -3.61617025	    -12.32434031	     -4.17334434	     -0.31744495	    -65.02618575	      9.16750138	      2.85272870	      0.03250503	      0.03147224
      7.51000000	    -37.21002382	     23.95376578	    -13.86267836	     47.16868408	     -9.58319059	    -12.57542244	    -23.56595606	      2.09754011	     -2.91753336	     12.94843342	    -21.77515833	     -1.21682932	     -6.48574614	    -24.79161899	     -5.63904557	    -11.79101892	     -3.24298502	     -0.34134236	    -63.17243770	     10.00543834	      1.99045034	      0.03048371	      0.03067361
      7.52000000	    -36.98612146	     19.74282663	    -14.93737253	     48.57865934	    -11.53689965	    -23.02881724	    -25.81223945	      2.80551016	     -3.30598737	     11.70809315	    -19.68046704	     -1.22176333	     -0.44262568	    -25.85242183	     -6.56247890	    -12.34162759	     -3.49302760	     -1.00634433	    -61.50548555	     10.95126402	      2.04034882	      0.02911809	      0.03025919
      7.53000000	    -32.19806968	     13.30178771	    -14.26183962	     45.68588123	    -13.81768769	    -27.12399219	    -27.37651570	      3.64213154	     -3.54969763	     11.71546361	    -18.87474015	     -1.07026188	      6.03403379	    -24.52230481	     -6.38295360	    -12.72780739	     -2.76013506	     -1.77739334	    -59.26354646	     11.47232124	      1.50789608	      0.02884983	      0.03042752
      7.54000000	    -24.45741397	      9.72913168	     -9.97087372	     26.84915523	     -9.10972647	    -30.28234486	    -27.03213112	      3.72228948	     -3.39626582	     12.04906488	    -17.12095903	     -0.60362229	      8.92946702	    -19.04652805	     -4.41787326	    -11.87592823	     -2.41749449	     -2.05045980	    -57.64563229	     12.33253355	      1.32572623	      0.02885516	      0.03111608
      7.55000000	     -8.91285995	     17.86536269	     -2.44380548	    -13.77227333	     13.70072773	    -44.29146010	    -26.73573666	      3.09185265	     -3.04388977	     12.05173937	    -15.44999938	      0.10844090	      4.56652351	     -5.72403545	     -0.91981280	    -11.13840279	     -1.83149223	     -2.18649776	    -55.21625373	     13.11494806	      1.09088059	      0.02763549	      0.03192406
      7.56000000	     16.26182047	     31.49168125	      5.35211729	    -60.99569695	     27.86908766	    -68.22182445	    -28.85965651	      3.80092703	     -2.93635931	     12.67091332	    -14.07280940	      0.54186646	     -2.52737371	     14.16468996	      1.81207350	    -11.90668620	     -0.80632438	     -3.40410818	    -53.34535237	     13.97546493	      1.18297030	      0.02478035	      0.03207345
      7.57000000	     37.31882040	     41.22113015	      8.72719195	    -90.00278601	     30.82382603	    -75.73418209	    -29.26134522	      4.75488262	     -2.80533435	     12.21996092	    -12.39681296	      0.95403997	     -8.08735587	     30.45203325	      1.73186267	    -11.01456364	     -0.39318606	     -3.42405396	    -50.93821223	     14.75987297	      0.77082846	      0.02265844	      0.03119674
      7.58000000	     41.13714248	     48.10726961	      6.62563950	    -80.40961859	      4.28956834	    -38.42369600	    -32.49481504	      6.64775714	     -3.24455402	     13.43791869	     -9.60106865	      0.90812010	    -13.69600881	     32.45399505	     -0.29768750	    -11.66847585	      0.05556371	     -4.07169601	    -49.37369817	     16.02102224	      0.78094454	      0.02516128	      0.03012955
      7.59000000	     25.70634732	     48.90724895	      1.96240468	    -45.20549170	    -17.04668888	     24.45525967	    -34.81908897	      6.17860738	     -3.45775737	     15.57533686	     -7.01815176	      0.77978938	    -17.10960086	     20.50976633	     -1.66810744	    -11.97114866	      1.14180459	     -4.71254853	    -46.88335195	     16.68848923	      0.22326915	      0.03344963	      0.03015622
      7.60000000	      9.19742465	     39.64229087	     -0.44468473	    -13.39663073	    -24.86490569	     51.72272479	    -37.16956713	      6.59337486	     -3.83401292	     17.76504838	     -4.28960475	      0.69140757	    -11.50702648	      6.37601183	     -1.23475730	    -12.09885978	      2.26927265	     -5.45177286	    -45.34258751	     18.12333645	      0.00960844	      0.04328656	      0.03139446
      7.61000000	      0.74161331	     28.23831284	     -1.52385647	     -9.93418681	     -1.97999206	     12.49278308	    -41.52855777	      4.30292955	     -3.75751240	     18.67999256	     -2.12523800	      0.76671346	      1.57846580	      0.82588183	     -0.26107557	    -13.19095851	      3.82936429	     -6.01846806	    -42.82751540	     18.57990787	     -0.28053192	      0.04806274	      0.03267202
      7.62000000	      5.37331019	     19.78416553	     -1.02754175	    -22.55222186	      5.06210226	    -40.92672129	    -44.56486602	      3.60670791	     -4.11677813	     18.59044143	     -1.13161800	      0.66366987	     11.64488104	      2.32354511	     -0.35710074	    -13.02007695	      4.78032524	     -9.23841959	    -41.22468525	     21.47824731	     -0.58921777	      0.04519406	      0.03309028
      7.63000000	      2.62513009	     18.31848356	     -3.39169895	    -28.14136508	     21.46238533	    -68.14649666	    -44.58185752	     -0.44957176	     -3.95399209	     19.72622635	     -1.06089009	      0.55523706	     12.53521463	      1.45438759	     -1.36956498	    -11.56833065	      6.66494747	    -12.21916105	    -38.54395719	     23.71622146	     -0.76021264	      0.03867076	      0.03298561
      7.64000000	     -2.57043592	     25.52561101	     -6.80147513	     -9.62790599	     24.41197704	    -62.76724972	    -47.86974565	      0.87137496	     -5.76090116	     20.45244563	     -0.22588351	      0.55167975	      8.37319157	     -5.63324353	     -1.93528826	    -11.93617411	      7.48929951	    -15.22705262	    -36.45133447	     25.96780684	     -0.74118054	      0.03450267	      0.03313685
      7.65000000	    -10.23236943	     26.84266955	    -10.15769528	     13.73040673	     20.27013601	    -46.55391896	    -50.92358102	     -0.50778624	     -6.85396305	     22.19324527	     -0.97648273	      0.41438623	      7.23736628	    -14.26914792	     -1.44798271	    -11.94326632	      9.17059123	    -18.04201791	    -33.77268565	     28.02947049	     -1.04570354	      0.03470328	      0.03372986
      7.66000000	     -9.67931265	     20.46390467	     -9.90135228	     26.53635532	      6.70402717	    -44.87610488	    -53.22846540	      0.76751165	     -7.72320282	     22.03273910	     -0.61550282	      0.44123615	     13.17979791	    -18.60090998	     -0.41218909	    -11.68489255	      9.48669516	    -21.95307346	    -31.63700423	     31.01723270	     -1.05998940	      0.03677096	      0.03440314
      7.67000000	      1.58605569	     10.67471829	     -6.99484340	     20.12270736	     -4.04997189	    -61.63383766	    -55.17630921	      3.29244194	     -8.18036489	     22.10669416	     -0.13254456	      0.37469535	     22.44307645	    -15.36758839	      0.60393548	    -11.33752029	     10.31270190	    -25.85933074	    -28.72093481	     33.39615580	     -1.04991899	      0.03766008	      0.03470567
      7.68000000	     21.20390596	     10.80534639	     -2.18693970	     -4.94796665	    -13.54850586	    -74.43822165	    -58.43291305	      6.35372030	     -8.52502648	     21.81446100	      0.83287923	      0.27210555	     25.86744668	     -5.03696870	      1.39651099	    -11.45659415	     10.53514974	    -30.62917936	    -26.55431889	     36.39165303	     -0.85649630	      0.03647179	      0.03442693
      7.69000000	     36.51712046	     23.45555677	      1.19637878	    -34.37321358	      1.32627840	    -65.23316578	    -60.16044138	      7.03735500	     -8.60207428	     22.93961942	      1.82988444	      0.37187893	     18.22639147	      6.01154826	      1.91656675	    -11.03256279	     11.83962523	    -33.88069483	    -23.64658329	     38.11629233	     -0.49681337	      0.03398475	      0.03387139
      7.70000000	     42.26864378	     40.68882020	      3.21594660	    -50.87352282	     20.93108723	    -26.06844575	    -58.15078512	      5.81048518	     -8.48205716	     23.06126329	      2.62397047	      0.29961918	      3.89248218	     10.88066329	      2.16263027	     -8.93603920	     12.07177963	    -37.81691964	    -21.18149881	     39.90138701	     -0.31590943	      0.03141813	      0.03355430
      7.71000000	     42.02014671	     59.78996852	      3.26904299	    -54.49516497	     35.97242176	     15.66182073	    -57.72988408	      3.72892232	     -8.62269348	     21.67478793	      3.18869144	      0.14721213	    -10.02547590	     11.94188232	      2.10748817	     -8.27341568	     11.42306186	    -41.44248667	    -18.98942994	     41.04977936	     -0.11257747	      0.02986943	      0.03359593
      7.72000000	     48.86647099	     74.86626516	      3.88115949	    -60.81830626	     31.38162286	     45.24411712	    -58.98112030	      3.01030930	     -8.93922649	     20.17812733	      4.60052421	      0.00157888	    -19.87318296	     17.64841354	      1.78321387	     -8.06696528	     10.56179910	    -44.99679363	    -16.88379864	     42.29723709	      0.10357617	      0.02979147	      0.03394116
      7.73000000	     63.09719776	     78.34121085	      5.08681193	    -76.95130141	     23.51196650	     43.92254243	    -61.12466363	      2.08101478	     -8.73807244	     20.11338459	      5.26106305	     -0.29033649	    -20.35250707	     28.19030229	      1.51384158	     -8.04511778	     10.72733315	    -47.84949248	    -14.13567577	     43.30002658	      0.20957075	      0.03055937	      0.03479855
      7.74000000	     71.18711463	     61.76215227	      6.80946101	    -91.42485815	     12.41101349	      3.62425449	    -62.32483475	      1.43435566	     -8.19763956	     18.92923010	      6.57066848	     -0.40261438	     -5.31437638	     32.68004481	      1.62371110	     -7.71897082	      9.84863558	    -50.84551563	    -12.48836097	     44.56892569	      0.17738989	      0.03100436	      0.03608001
      7.75000000	     63.53310379	     32.85539235	      6.25621066	    -86.77659046	     16.60173152	    -50.70136661	    -62.26544038	      0.71362806	     -7.87215059	     17.76799340	      7.31427759	     -0.64541620	     18.15522099	     23.54853435	      1.75842558	     -7.93516489	      9.21358872	    -53.19024800	     -9.93550454	     45.33873369	      0.47683474	      0.03060894	      0.03692063
      7.76000000	     43.40305310	     15.80399867	      2.38658809	    -58.16410734	     20.91810325	    -73.23921841	    -60.76276484	     -1.13569062	     -7.64045301	     14.34387001	      6.79021538	     -0.53549082	     31.52135933	      5.25164555	      1.04956676	     -8.01455650	      6.81324166	    -56.20639795	     -8.49659987	     46.46464777	      0.36423754	      0.02987755	      0.03667233
      7.77000000	     21.20087179	     13.96686017	     -4.44881642	     -9.65956285	     21.30198031	    -58.97513905	    -59.15434917	     -3.00239396	     -7.29963439	     14.73315010	      5.91772649	     -0.92554868	     29.05018640	    -12.96662305	     -0.73302083	     -7.92230529	      6.71150995	    -58.47839498	     -6.80284915	     46.72559908	      0.53070860	      0.02949932	      0.03606030
      7.78000000	     10.04426686	     18.77397517	    -10.53332402	     35.77547290	     19.28965133	    -44.84076694	    -57.81828340	     -3.36433344	     -7.19389777	     12.92395057	      4.34073041	     -1.05480674	     24.25292322	    -24.05040959	     -2.65026800	     -7.05530631	      5.21827443	    -59.81447759	     -5.09871756	     47.27034209	      0.66695663	      0.02964534	      0.03621042
      7.79000000	     12.73656677	     13.93913666	    -13.88807930	     52.82450526	      8.95680410	    -50.59969328	    -58.49842620	     -3.81073282	     -7.37686641	     12.91615185	      2.40585252	     -0.99817846	     28.15313162	    -25.04725761	     -3.59548768	     -7.44200009	      4.97783206	    -61.58709772	     -3.51708060	     47.50222142	      0.58930850	      0.03008206	      0.03653216
      7.80000000	     21.57144240	      7.58859159	    -12.48036492	     39.43475857	     -0.46771829	    -68.49987468	    -58.83265671	     -4.28802476	     -7.73721012	      9.81987296	      1.56045977	     -0.91666851	     36.28275763	    -20.37997718	     -3.47972897	     -7.92751614	      3.05896335	    -62.87543798	     -2.32997365	     47.79642196	      0.41950993	      0.03040207	      0.03474011
      7.81000000	     19.78745769	      5.77643303	    -11.30060596	     23.35057524	     -8.04889185	    -79.73025490	    -58.33831339	     -7.69141586	     -7.73607963	      7.72781484	      1.04807063	     -0.80477897	     38.54718176	    -20.24478650	     -3.00743782	     -8.18106613	      2.46653852	    -63.74501453	     -1.22896983	     47.70076950	      0.50235787	      0.03015652	      0.03010470
      7.82000000	      6.36921449	     24.87541738	    -10.03012772	     30.45733187	     17.12376499	    -79.53966017	    -57.14285094	     -9.89764712	     -7.74430829	     -2.91315901	     -0.68774227	     -0.96605324	     31.46920621	    -30.76173879	     -2.67315235	     -8.18842382	     -4.84463122	    -64.14414055	      0.45094583	     47.64447087	     -0.03854611	      0.02930455	      0.02700859
      7.83000000	    -17.68936341	     38.28908957	    -12.17734727	     58.66633412	     17.64415073	    -71.53945473	    -56.00674065	    -12.35556715	     -7.32895102	     -5.61500407	     -1.52274887	     -1.07422358	     20.17393321	    -47.02544392	     -2.60851946	     -8.13567847	     -5.68607713	    -64.14347502	      0.54347946	     47.33013335	     -0.06687783	      0.02857153	      0.03337571
      7.84000000	    -28.43504041	     43.89231791	    -14.35740849	     79.79582535	     14.63194396	    -53.92822190	    -54.56471337	    -12.52043986	     -7.50618429	     -6.44590082	     -3.81126885	     -1.00526319	     14.09353250	    -57.17777724	     -3.06333669	     -8.28286801	     -6.22488039	    -65.29800837	      0.91791078	     47.96852408	     -0.14951195	      0.02887892	      0.05254811
      7.85000000	    -19.55710206	     33.35519004	    -15.23866544	     68.05105126	     11.42004709	    -44.55292342	    -53.63773426	    -14.04500942	     -7.45080128	     -4.42856862	     -6.29456666	     -0.88536043	     20.77214980	    -52.42967076	     -4.10332938	     -8.27951446	     -5.90647941	    -65.74599220	      1.42853747	     48.17591408	     -0.25394992	      0.03020800	      0.07632958
      7.86000000	     10.03073947	     10.38195284	    -13.07972229	     28.20567904	     16.57517371	    -53.48278747	    -51.75249588	    -13.44709577	     -7.61266290	     -0.21323011	     -7.57139737	     -0.82364617	     37.29834702	    -32.97898827	     -4.95643664	     -8.07146017	     -4.47681252	    -66.45384106	      1.74989655	     48.71538304	     -0.31014738	      0.03145732	      0.08899953
      7.87000000	     46.01647922	      1.20929046	     -8.86706690	    -19.64441272	     30.30646426	    -63.51113486	    -51.85047322	    -13.07118574	     -7.71504272	      4.28364741	     -7.78880993	     -0.67223518	     45.55402380	     -6.11372670	     -4.67910505	     -8.59727897	     -2.27897264	    -67.31419632	      1.64208545	     48.98336993	     -0.26906446	      0.03174234	      0.08021429
      7.88000000	     77.14321182	     22.57887156	     -3.29423104	    -51.55344603	     50.84162156	    -39.39456942	    -51.06072069	    -10.83964074	     -7.55860469	      7.12091117	     -8.07952747	     -0.23282636	     30.00060533	     18.44238542	     -3.35925227	     -8.99735373	     -0.22621971	    -68.78293778	      1.16743418	     49.93866380	     -0.14672506	      0.03127701	      0.05460872
      7.89000000	     90.24512139	     56.20139339	      0.52300898	    -66.77098719	     60.97040742	     -4.02762860	    -52.46380113	    -11.12856729	     -7.48558846	      7.43896439	     -8.63942153	      0.38550280	      6.14998552	     31.66650951	     -1.72648624	    -10.64725674	      0.71377876	    -70.51738012	      0.64324315	     49.91738659	     -0.01703879	      0.03058431	      0.02851534
      7.90000000	     86.85377993	     57.20491428	      2.97993899	    -71.37381423	     49.99798617	     -8.65938146	    -51.23911324	    -12.14432733	     -7.27872254	      5.70932309	     -8.72253202	      0.88801470	      4.90006313	     29.70219504	     -0.16863512	    -10.61984895	      0.26797738	    -71.21675528	      0.37094408	     50.30888712	      0.04220695	      0.02970927	      0.01615644
      7.91000000	     73.41580504	     33.65920316	      3.48770380	    -65.82792678	     26.32135408	    -47.03277567	    -50.88889232	    -13.15632696	     -7.19271084	      3.45035877	     -8.17009863	      1.13797022	     22.66124796	     18.12618387	      0.89326339	    -11.58507149	     -0.83103768	    -72.33707315	      0.41449286	     50.27454667	      0.01195986	      0.02885704	      0.01920083
      7.92000000	     59.31600173	     24.61943732	      2.27427071	    -49.30307149	      7.52099674	    -53.77356380	    -49.21321012	    -14.13931894	     -6.66514700	      2.45890822	     -7.52332151	      1.16062833	     26.83730880	      7.78418626	      0.87278146	    -11.60191372	     -1.51176250	    -73.02852278	      0.62141043	     50.30582649	     -0.05956390	      0.02876996	      0.02921233
      7.93000000	     53.51085535	     41.23165142	     -0.19694324	    -30.27569612	      3.93670911	    -22.09440886	    -48.89088854	    -13.89574670	     -6.77077432	      3.64983150	     -7.11184773	      1.03766818	     11.48601500	      5.23244460	      0.23945212	    -12.32363853	     -1.30205293	    -73.77161449	      0.80140851	     49.41366863	     -0.11412942	      0.02970198	      0.03701426
      7.94000000	     56.20924103	     52.61607283	     -0.91108356	    -23.61250217	      7.39147806	      0.60786996	    -48.22589642	    -13.47450089	     -6.54044765	      6.35361856	     -6.99940897	      0.94237301	      0.01423568	      8.30575976	      0.32179392	    -12.34007536	     -0.52754690	    -74.39704590	      0.86587817	     49.33555085	     -0.13554853	      0.03083262	      0.03878138
      7.95000000	     57.84782952	     52.78359762	     -0.92737850	    -22.26066271	     10.94046657	      1.62688531	    -49.47736777	    -13.17517716	     -6.73458565	      8.91155455	     -7.23330524	      1.03100121	     -0.78050201	      8.97606813	      1.28917426	    -13.67680519	      0.18269302	    -76.03362316	      0.83859717	     49.19605521	     -0.14149814	      0.03114570	      0.03606573
      7.96000000	     47.80603665	     52.72809041	     -1.88061366	    -13.02232139	     16.85829110	      9.58634088	    -48.26741382	    -14.53333100	     -6.54039760	     10.17635396	     -7.71140180	      1.25878207	     -3.19118730	      1.87934039	      1.98511086	    -13.26711921	      0.46848488	    -76.12317508	      0.78112408	     49.11426157	     -0.14609968	      0.03052776	      0.03222945
      7.97000000	     35.09075052	     54.57800964	     -3.79632741	      5.28721870	     18.88656596	     18.66413088	    -47.14011317	    -13.53386233	     -6.60550081	     10.29282276	     -8.28088440	      1.48541584	     -6.58591658	     -9.20305084	      1.76702258	    -13.58149556	      0.40958452	    -76.82408266	      0.72741255	     49.57608540	     -0.14889635	      0.02983979	      0.02906960
      7.98000000	     24.82039271	     46.74094965	     -6.26448681	     17.74245748	     19.33497983	      3.66064381	    -46.81861280	    -14.06157816	     -6.74777434	      9.99929988	     -9.00303817	      1.68634931	     -1.06126726	    -17.97744396	      0.89833746	    -14.66132715	      0.25469483	    -77.76998817	      0.68567204	     49.28796527	     -0.15346322	      0.02970161	      0.02660275
      7.99000000	     17.43441979	     33.01389207	     -8.72156225	     29.64581742	     22.06073382	    -23.04494918	    -45.11800431	    -13.91974827	     -6.59669417	      9.67650063	     -9.89886004	      1.88545273	      8.48990000	    -25.66318311	     -0.44250662	    -14.89561490	      0.09744535	    -78.44487782	      0.67377474	     49.42388782	     -0.17592199	      0.02965450	      0.02511316
      8.00000000	      5.20458410	     32.08843681	    -12.16186615	     46.85275014	     35.72980600	    -31.10134364	    -44.31661225	    -14.08846415	     -6.56933688	      9.34203943	    -10.68326338	      2.02592304	      8.88641419	    -35.48739683	     -2.05054933	    -15.47594923	     -0.15055449	    -78.52800746	      0.71710167	     49.09166930	     -0.22770911	      0.02927835	      0.02572124
      8.01000000	     -1.76877526	     43.65426745	    -13.65867868	     55.64527330	     47.96024636	    -12.70488123	    -43.36608279	    -14.27990529	     -6.54590553	      9.02162459	    -11.10001264	      2.06242286	     -0.51609631	    -40.25830277	     -3.01965090	    -15.63918884	     -0.57630174	    -78.67614211	      0.80952997	     49.03371264	     -0.29802318	      0.02925283	      0.02864690
      8.02000000	     13.11800040	     57.03287771	    -10.22331317	     38.13717280	     55.59367706	      9.82201361	    -43.26383977	    -12.26498491	     -6.64707022	      8.64003830	    -11.20893354	      2.04592179	     -9.02868191	    -29.36181737	     -2.66107887	    -17.00509152	     -1.14741961	    -79.81827222	      0.90286522	     49.50527546	     -0.36110628	      0.03020605	      0.03218451
      8.03000000	     40.01894439	     58.94687573	     -4.92986108	      6.13256928	     48.90224694	     13.11226891	    -42.58201885	    -10.04811904	     -6.75773989	      7.94660700	    -11.03489991	      2.00309730	     -8.40174537	    -10.04386026	     -1.97781079	    -17.84222033	     -1.73859291	    -80.57811976	      0.94622302	     50.07554064	     -0.39937092	      0.03130805	      0.03404560
      8.04000000	     50.47307761	     46.09227902	     -4.14665058	     -5.24289580	     29.81585157	    -13.79296286	    -42.60781226	     -8.45824151	     -6.96142555	      7.06879370	    -10.33813267	      1.86965544	      2.54629288	     -3.83377627	     -2.68513946	    -19.14356061	     -2.22949464	    -81.83387045	      0.92643219	     50.52183496	     -0.41481012	      0.03131707	      0.03324776
      8.05000000	     34.33535295	     23.06740098	     -9.03915791	     10.74517704	     12.21532016	    -59.91659919	    -42.71725606	     -8.62258101	     -6.90837583	      6.87181533	     -9.07782196	      1.61649151	     18.85384209	    -17.08363751	     -4.81493107	    -20.05155888	     -2.55472919	    -82.12988501	      0.87069015	     50.70823837	     -0.41882113	      0.03052238	      0.03063193
      8.06000000	     13.32338900	      5.17020803	    -14.29891609	     29.51670734	      5.24467727	    -90.15367596	    -42.62171389	     -9.52230649	     -6.67037006	      7.96455356	     -7.66233706	      1.29781264	     29.94315430	    -32.90294243	     -6.63923227	    -20.77704571	     -2.72358495	    -81.72635170	      0.82061469	     50.16662419	     -0.41549176	      0.03026542	      0.02815605
      8.07000000	     12.36944817	      5.33746844	    -14.25784773	     27.32333933	      1.76007431	    -78.74823186	    -42.54743023	     -9.13909381	     -6.51923542	      9.38007556	     -6.59588334	      1.00501606	     28.21215406	    -33.27796741	     -6.61273010	    -22.09034515	     -2.87926845	    -82.61114106	      0.80454469	     50.52905795	     -0.40046326	      0.03086668	      0.02769707
      8.08000000	     32.66900116	     18.30337383	     -8.79055587	      2.72650320	      7.90902776	    -44.11424108	    -41.30531010	     -8.47025554	     -6.62159481	      9.43132288	     -6.21754392	      0.89121132	     18.96335979	    -16.46008971	     -4.69327725	    -22.70856837	     -3.19466622	    -82.20912710	      0.82608374	     50.14235140	     -0.37554035	      0.03131606	      0.02977094
      8.09000000	     56.74233814	     30.98484983	     -2.20891033	    -23.60608254	     12.96362602	    -21.88453284	    -39.86007812	     -7.92686529	     -6.59679861	      7.95407052	     -6.51589626	      1.07846498	     11.38997061	      2.69814744	     -2.48560622	    -23.10789985	     -3.65477168	    -82.00451871	      0.86652656	     49.97763516	     -0.35267288	      0.03093930	      0.03304838
      8.10000000	     60.21624986	     41.48508069	     -0.84024336	    -25.15606387	     17.94336944	    -20.75578468	    -39.65490372	     -8.03760202	     -6.64673298	      6.47938579	     -6.92833520	      1.44117493	      4.82765138	      5.92645238	     -1.79249809	    -23.79644372	     -4.10887679	    -81.76921681	      0.89748225	     49.87573802	     -0.33794880	      0.03022865	      0.03560302
      8.11000000	     39.04927740	     50.60380455	     -4.31517773	     -2.96123763	     20.73194815	    -22.46214525	    -40.06206279	    -10.31096536	     -6.41345118	      6.13967369	     -6.75581278	      1.67200094	     -3.38248786	     -8.13528354	     -2.31030729	    -24.67879565	     -4.50981776	    -82.08809033	      0.90384115	     49.67370454	     -0.32369636	      0.02992465	      0.03683334
      8.12000000	     18.93458429	     52.34351559	     -7.18281916	     20.23029231	     21.29185946	    -22.04109630	    -39.41716343	    -11.06729291	     -6.04223088	      6.50258290	     -5.92430706	      1.61043642	     -7.18166948	    -22.68629957	     -2.29110820	    -24.85989756	     -4.93408555	    -81.71677408	      0.89752485	     49.51482554	     -0.30343447	      0.03014131	      0.03775475
      8.13000000	     17.59107984	     43.57361188	     -7.32917137	     32.30772987	     16.74147446	    -29.35965367	    -38.59775530	     -9.46499787	     -5.72429022	      6.62786812	     -4.98710424	      1.36428936	     -1.20738868	    -25.32888277	     -1.61075631	    -25.11553616	     -5.38647522	    -81.35376956	      0.90396279	     49.29134111	     -0.28176225	      0.03049637	      0.03960759
      8.14000000	     30.59238933	     32.65794178	     -7.44154882	     40.71626427	     14.01628074	    -45.38913146	    -38.45841690	     -5.32808700	     -5.80540520	      6.38191831	     -4.40853289	      1.12179021	      8.68800485	    -19.14029287	     -1.58748606	    -25.87266057	     -5.70955946	    -81.14973328	      0.93712213	     49.18653817	     -0.26317186	      0.03056170	      0.04269805
      8.15000000	     42.44981188	     31.25847066	     -8.03496840	     43.55358844	     16.53085272	    -53.12577792	    -38.84033180	     -3.17344473	     -5.77066679	      6.24697437	     -4.22998281	      0.97394212	     11.54637792	    -11.78988172	     -2.31450212	    -26.55973299	     -5.72746033	    -81.25390067	      0.98567813	     48.77650721	     -0.24575381	      0.03006152	      0.04607920
      8.16000000	     45.54923559	     44.37832332	     -7.81725111	     35.52483536	     27.77477967	    -33.48284631	    -37.66000404	     -4.20377987	     -5.53171141	      6.42067982	     -4.34029721	      0.91362635	      1.02495111	     -7.69503617	     -2.86846458	    -25.79263181	     -5.40106461	    -81.01059662	      1.01993010	     48.12699457	     -0.23006256	      0.02909178	      0.04798158
      8.17000000	     39.27548435	     70.06444831	     -7.06693685	     23.39942231	     37.18611727	      9.11031028	    -36.67977276	     -7.16753332	     -5.27908546	      6.65787980	     -4.57753663	      0.88186398	    -20.31455706	     -8.75817193	     -3.02324516	    -24.93013946	     -4.84947658	    -81.24659337	      1.02005599	     48.04839178	     -0.22097582	      0.02844487	      0.04742354
      8.18000000	     29.13396186	     89.01390667	     -6.08404573	     13.86037127	     41.94536596	     39.48562063	    -35.94017024	    -10.88602395	     -4.99729882	      6.76004317	     -4.64890204	      0.79143825	    -36.49988175	    -12.25982832	     -2.67215746	    -24.27768736	     -4.28913560	    -80.91852399	      0.99809673	     47.67895704	     -0.22065887	      0.02903467	      0.04543810
      8.19000000	     28.87356475	     79.36112243	     -3.86262037	      5.93685004	     29.93388813	     21.94742532	    -34.88357023	    -11.19947872	     -4.64663183	      6.66757706	     -4.42202641	      0.61480704	    -30.07804739	    -12.64980332	     -1.40957520	    -23.85987695	     -3.92239855	    -80.79114914	      0.98204728	     48.12473746	     -0.22790943	      0.03062474	      0.04388093
      8.20000000	     33.41353403	     54.72183900	     -2.45341217	      4.31567540	     17.12345659	    -23.76031957	    -34.89024232	     -9.54918799	     -4.90007016	      6.15616350	     -4.08447697	      0.43285926	    -10.03458732	    -11.62268119	     -0.13971821	    -24.82137160	     -3.82946067	    -81.40589416	      0.98294587	     47.93525003	     -0.23854101	      0.03184021	      0.04349359
      8.21000000	     29.44598256	     44.32876347	     -3.75636317	     20.49909896	     10.82522626	    -42.14422829	    -32.97649068	     -7.86402816	     -4.30962449	      5.13272460	     -3.68020427	      0.29050142	     -2.75641811	    -16.72023447	     -0.54977956	    -24.50260063	     -3.93889538	    -81.75368774	      0.99012483	     48.57297054	     -0.24368051	      0.03171317	      0.04380779
      8.22000000	     15.60074179	     57.68689010	     -7.67167926	     45.08566595	     17.82151912	    -21.36030063	    -31.63956017	     -7.25199834	     -3.82176948	      4.17425630	     -3.12463828	      0.14854834	    -13.99053496	    -27.10316819	     -2.24091674	    -24.24709921	     -4.05323868	    -81.21188930	      0.99799162	     48.40133984	     -0.24024781	      0.03076461	      0.04434191
      8.23000000	      4.93965532	     77.77507563	     -9.72176425	     55.62121614	     20.74129832	     16.32590934	    -30.32506572	     -7.51076463	     -3.36422328	      4.05021949	     -2.65014482	      0.02106997	    -31.54706023	    -34.31177673	     -3.24008432	    -24.11327443	     -3.94095170	    -81.30103394	      1.01713455	     48.40171041	     -0.23602182	      0.03018069	      0.04512724
      8.24000000	      2.96216778	     99.65937655	     -9.26253299	     51.88101764	     25.10750419	     54.42880835	    -30.18399294	     -7.48438554	     -3.10479870	      4.82788149	     -2.56805523	     -0.00325409	    -49.91306758	    -35.23364846	     -3.09850055	    -24.84531955	     -3.52092516	    -81.55674546	      1.05021741	     48.09265308	     -0.23594425	      0.03024338	      0.04606208
      8.25000000	      9.65336762	    110.82042657	     -8.16694617	     42.29119908	     33.95631224	     76.75010037	    -27.92208393	     -7.78610990	     -3.05979344	      6.10908634	     -2.90223641	      0.13979869	    -61.13313697	    -30.10288767	     -2.73124107	    -24.02004138	     -2.92580959	    -80.67699719	      1.07896286	     47.44062212	     -0.23744717	      0.03028573	      0.04647334
      8.26000000	     29.43541031	     99.12513072	     -6.27029578	     24.88162761	     44.23950054	     59.11679415	    -26.96847516	     -6.84558678	     -3.11708697	      7.53219763	     -3.46901864	      0.42825785	    -52.15154982	    -16.87422279	     -2.38766549	    -24.52466392	     -2.40999307	    -80.85698446	      1.08367834	     47.34542224	     -0.23767367	      0.02998984	      0.04582486
      8.27000000	     53.03851739	     80.82730214	     -4.50641826	      3.25522435	     52.91717199	     28.95677556	    -27.19697873	     -5.49293829	     -3.70122742	      8.37763507	     -3.88200254	      0.73571663	    -36.35957309	     -0.92776120	     -2.12000691	    -25.68817607	     -2.24464366	    -81.23501045	      1.06391926	     46.80873079	     -0.23198662	      0.02981304	      0.04458615
      8.28000000	     62.73143835	     90.66110672	     -3.73733723	     -9.36966966	     57.51858946	     37.20222675	    -27.75424319	     -4.46506379	     -3.75471449	      7.63122179	     -3.63706847	      0.91142405	    -42.66629417	      5.78317886	     -2.36347400	    -26.43949172	     -2.57990238	    -81.61908285	      1.03237178	     46.67338361	     -0.21374773	      0.03006714	      0.04369928
      8.29000000	     59.11362499	    117.85338195	     -3.12538909	    -17.19274401	     56.42003590	     62.29675266	    -28.63580782	     -4.27787916	     -3.54167001	      5.25436494	     -2.81732988	      0.94899062	    -62.18430316	      3.67856320	     -2.53197809	    -26.86822611	     -3.29638050	    -82.23798234	      0.99799895	     46.52732522	     -0.18735536	      0.03038889	      0.04336288
      8.30000000	     59.75209782	    118.12827698	     -0.30127178	    -32.88088554	     48.58144887	     44.51102878	    -29.14884908	     -4.23017793	     -3.46156105	      3.01721135	     -2.56037020	      0.97779855	    -60.50122165	      4.17770900	     -1.42683070	    -26.83802287	     -3.90971446	    -82.70529157	      0.96843250	     45.98466637	     -0.17157367	      0.03038136	      0.04307914
      8.31000000	     69.20610365	     87.73829492	      4.66252973	    -54.02097878	     34.65159979	     -8.07515007	    -29.53741068	     -5.65710027	     -3.16639324	      2.32157432	     -3.69878075	      1.02973150	    -35.61491165	     11.24847013	      0.58135136	    -26.68481980	     -4.17531611	    -83.62945972	      0.94218989	     45.52230094	     -0.17990229	      0.03012712	      0.04237885
      8.32000000	     81.36995467	     60.98684282	      8.34976276	    -69.31219002	     26.61619849	    -40.23600131	    -29.79285728	     -7.11021343	     -3.07713911	      3.02195558	     -5.50458986	      0.94500286	    -14.81993682	     20.18898218	      2.05088834	    -25.99395187	     -4.21031530	    -83.84966682	      0.91028968	     44.75309227	     -0.20643180	      0.02986525	      0.04100312
      8.33000000	     88.36544689	     53.02933379	     10.30304566	    -77.60762311	     22.13581961	    -39.36418176	    -30.10421322	     -8.25835137	     -3.01853800	      3.79625785	     -6.40050203	      0.57509067	     -9.35886904	     25.45121038	      2.72511059	    -25.95820672	     -4.31712106	    -85.97408284	      0.86082723	     44.53924267	     -0.23450813	      0.02968291	      0.03875635
      8.34000000	     84.86848294	     50.74825520	     10.96877438	    -74.53574571	     27.53891111	    -38.93651536	    -29.09274491	     -8.80595768	     -2.71347779	      3.67227711	     -5.83223004	     -0.03318655	     -8.24050839	     23.56166089	      3.33584343	    -24.77521393	     -4.67829961	    -86.32904366	      0.79157329	     44.10609705	     -0.25365748	      0.02955977	      0.03579701
      8.35000000	     76.48267147	     49.51931998	      9.96536439	    -57.71765813	     29.60544786	    -43.25219285	    -27.91380170	     -7.91219898	     -2.54361150	      2.86254441	     -4.72742588	     -0.70368000	     -7.62935099	     16.70860879	      3.75306418	    -24.06888337	     -5.22688584	    -88.12763875	      0.71658965	     44.15707350	     -0.26545382	      0.02936245	      0.03282073
      8.36000000	     69.45977715	     61.52585800	      7.78784661	    -39.09013032	     40.35768275	    -33.20213966	    -29.16066145	     -7.78397510	     -2.69040283	      1.87791559	     -4.09727159	     -1.27988594	    -14.89939508	     11.45059225	      3.36072062	    -24.43717926	     -5.83447863	    -89.60772033	      0.65036582	     43.47452630	     -0.27587997	      0.02897061	      0.03040692
      8.37000000	     70.25526837	     75.90570094	      6.46371030	    -30.57431994	     46.67682519	    -14.35622505	    -28.77557581	     -7.23930076	     -2.42673260	      0.90330030	     -3.95881581	     -1.66312966	    -25.73618394	     11.22431327	      2.59222739	    -23.70933778	     -6.37632221	    -91.27719438	      0.59511787	     43.32622207	     -0.28492962	      0.02870344	      0.02853302
      8.38000000	     73.88296297	     74.88884895	      7.14880237	    -37.47701675	     45.84983721	    -21.82552778	    -28.07962692	     -7.85927860	     -2.08025967	     -0.22878546	     -3.82309519	     -1.77995471	    -24.70883957	     14.76026323	      2.33331138	    -22.93927641	     -6.85922181	    -92.22739122	      0.54879301	     42.97659329	     -0.28598101	      0.02917166	      0.02728198
      8.39000000	     80.20913837	     52.08742997	      8.97382160	    -52.57888554	     23.70010539	    -54.95664597	    -24.74530418	     -8.33686249	     -1.80766440	     -1.28437252	     -3.74039903	     -1.59650854	     -9.79244886	     20.31266741	      2.67834120	    -21.21256853	     -7.24778352	    -93.53694981	      0.51615987	     43.22494440	     -0.27487751	      0.03019506	      0.02700868
      8.40000000	     86.84697253	     36.32645694	     10.38084457	    -67.36842097	      3.58899231	    -74.61539936	    -23.14031475	     -8.65814701	     -1.84605957	     -1.80952322	     -4.00655839	     -1.16984929	      0.39953928	     25.81379244	      3.08351244	    -20.63478287	     -7.46855375	    -94.86332905	      0.49628263	     43.06744668	     -0.25218778	      0.03065485	      0.02748825
      8.41000000	     89.28227690	     45.33706489	     10.27069712	    -72.74154541	      2.48440348	    -51.32014396	    -22.08209015	     -7.37818203	     -1.33506135	     -1.50014149	     -4.34097270	     -0.63402435	     -8.46356282	     26.02249563	      3.07009808	    -19.78683115	     -7.40860201	    -96.09211805	      0.47935555	     43.21665843	     -0.21564496	      0.03020983	      0.02788437
      8.42000000	     78.57077163	     66.24980884	      7.49015991	    -63.24147518	     17.41297457	    -15.05307447	    -22.25462113	     -6.15380993	     -0.54848361	     -0.44378460	     -4.16156457	     -0.10628309	    -24.99531352	     15.77722659	      2.43611346	    -18.89436026	     -6.89191765	    -97.43122771	      0.46330217	     43.36238466	     -0.15996992	      0.02977780	      0.02771036
      8.43000000	     55.43556325	     75.14766689	      1.93026690	    -36.76920669	     34.04690988	     -2.18823493	    -21.78245187	     -5.99904162	      0.14124513	      0.76126680	     -3.52386405	      0.37422522	    -31.80185287	     -2.65211297	      0.78099305	    -18.10717194	     -5.75656625	    -98.91353994	      0.46239343	     43.08784594	     -0.08892174	      0.02968864	      0.02721455
      8.44000000	     33.24393383	     74.09010194	     -5.34417517	     -0.58992363	     38.31706110	     -2.97053164	    -19.47057583	     -6.53323595	      0.36568726	      1.27159357	     -3.11915617	      0.82128730	    -32.22843062	    -19.40366202	     -2.13840036	    -17.39066587	     -4.07302749	    -99.99725341	      0.49189253	     42.87421201	     -0.01796046	      0.02939945	      0.02694726
      8.45000000	     24.81046951	     76.78597023	    -11.03280741	     28.27941680	     24.63777322	     11.15313209	    -14.47344285	     -8.05810203	      0.15486166	      0.69961733	     -3.39602791	      1.24592807	    -38.62934825	    -25.07745711	     -5.01285167	    -15.46596257	     -2.24544881	    -99.98780052	      0.54711037	     42.57968529	      0.03776301	      0.02915843	      0.02719488
      8.46000000	     34.31254933	     89.01864936	    -11.73537584	     34.03147517	      4.58066009	     32.46319418	    -12.89047163	     -8.39773973	     -0.34745788	     -0.63260407	     -4.16703212	      1.60950283	    -50.20021245	    -18.15093465	     -5.66458636	    -15.49874395	     -0.86398483	   -100.68140430	      0.60167781	     42.59830750	      0.06889179	      0.02991037	      0.02767806
      8.47000000	     50.71270031	     98.79428490	     -6.98420129	     16.90547020	     -5.06954684	     42.28365592	    -12.20969985	     -8.31585656	     -0.15554665	     -2.01533846	     -4.90916723	      1.80600509	    -58.56015912	     -6.11089861	     -3.79448985	    -15.15777630	     -0.33337809	   -101.14155120	      0.62775823	     42.47298710	      0.07098850	      0.03159271	      0.02773505
      8.48000000	     60.89858159	    107.83295279	     -2.23839568	     -4.57502807	      7.69451176	     43.61376517	    -12.99170465	     -7.71191120	      0.09433272	     -2.20300612	     -5.20565412	      1.70639843	    -64.56351602	      0.77184887	     -1.63835486	    -15.30383072	     -0.32607036	   -101.88955451	      0.62350290	     42.23079841	      0.04736452	      0.03281213	      0.02685273
      8.49000000	     62.74696885	    118.63398091	     -1.68391955	    -11.53975985	     37.39492551	     62.11265864	    -11.42900529	     -5.74566114	      0.63251194	      0.67607828	     -5.12513852	      1.25933043	    -75.48957137	     -0.48219317	     -1.32702212	    -14.43133741	      0.33554346	   -102.74507926	      0.62167130	     42.09292651	      0.00569967	      0.03243960	      0.02497614
      8.50000000	     62.94354551	    129.74840883	     -3.41041191	    -14.15641195	     74.23330628	     93.32723260	    -11.04425947	     -6.04063021	      1.00001207	      7.70811768	     -5.35256443	      0.58913434	    -88.96737064	     -1.54705080	     -2.30565850	    -14.38057952	      2.76841028	   -103.16775613	      0.65910919	     41.26040658	     -0.05285840	      0.03098909	      0.02222808
      8.51000000	     78.82883682	    122.99523437	     -2.58957989	    -30.22591464	     96.31416253	    107.93249568	     -9.97049661	     -5.54126606	      0.88418736	     17.19669216	     -6.81976334	     -0.01320770	    -92.43251309	      8.63913688	     -2.09406126	    -14.10057460	      6.69381103	   -103.91313290	      0.72841514	     40.49916115	     -0.13476406	      0.02998118	      0.01847528
      8.52000000	    109.64695958	     99.56391882	      4.19481556	    -68.54093754	    111.13039841	     79.76324410	    -12.48723268	     -5.44182371	      0.57004735	     25.04065550	     -9.94707101	     -0.27502050	    -79.20168796	     30.88275657	      0.46342936	    -15.85284852	     10.22703259	   -104.81624805	      0.76816983	     39.71081049	     -0.23950206	      0.03016029	      0.01346139
      8.53000000	    142.56574917	     66.39756959	     13.00754847	   -109.70661193	    128.83316082	     22.40242792	    -13.91146639	     -3.63178924	      0.19083264	     28.25728669	    -13.90607213	     -0.18071290	    -55.21285569	     53.62437080	      3.74373261	    -17.13621100	     11.44208318	   -105.24563835	      0.71994247	     39.03527535	     -0.34308828	      0.03075355	      0.00770105
      8.54000000	    156.05814801	     33.72146773	     18.50361102	   -132.33028517	    159.73014208	    -37.63174575	    -13.14546204	     -2.94731238	     -0.08560935	     27.81242732	    -16.82078896	     -0.00264895	    -28.81305077	     63.63112116	      5.47268375	    -17.44989465	     10.17159157	   -104.42701730	      0.60600566	     37.50738171	     -0.40462737	      0.03047733	      0.00357439
      8.55000000	    148.28755484	     -1.41708815	     17.08797806	   -120.90952402	    176.75403718	    -89.28782412	    -10.49692325	      0.89406297	     -0.02446275	     27.06699200	    -17.29331636	     -0.04659680	     -1.52568112	     56.26210131	      5.12670899	    -17.52159069	      7.99666586	   -104.90805560	      0.53806642	     37.08211350	     -0.39853295	      0.02914803	      0.00500979
      8.56000000	    118.54017711	    -36.95253638	     11.33724101	    -87.84625322	    184.01793691	   -138.41637693	    -10.77650724	      0.87143575	     -0.42564657	     27.89482970	    -15.42421557	     -0.35853581	     28.10482735	     38.01908259	      3.97141375	    -18.52118038	      6.54079044	   -103.29837876	      0.62170708	     35.17036433	     -0.32972252	      0.02804497	      0.01456856
      8.57000000	     91.92473961	    -73.82931576	      6.16737276	    -52.46854052	    167.26909583	   -180.34904296	     -8.81491314	      2.00140385	     -0.47771549	     29.17353520	    -12.13999699	     -0.67016730	     55.13603103	     22.64600115	      3.60391525	    -17.84223315	      6.07643422	   -101.67262096	      0.84433224	     34.08594390	     -0.21811824	      0.02836601	      0.03015047
      8.58000000	     83.43657625	    -87.75996331	      4.60125627	    -41.54904832	    156.25676602	   -207.07533521	    -10.92499743	      2.64693399	     -0.76397377	     28.78633081	     -8.38730487	     -0.63017326	     67.95115401	     21.22933286	      4.53740727	    -18.69647246	      5.82783373	    -99.45829486	      1.07575063	     32.57637425	     -0.09158923	      0.02980199	      0.04534572
      8.59000000	     97.22381243	    -77.36252734	      7.35725471	    -59.37523264	    158.39984747	   -207.82692264	    -12.36730959	      4.94757015	     -0.55890704	     26.29309427	     -5.19055770	     -0.13601079	     61.72973758	     33.21981982	      6.38219784	    -18.85952654	      5.26574432	    -97.81715798	      1.18525194	     31.73067597	      0.00821871	      0.03116353	      0.05366817
      8.60000000	    115.95607918	    -54.93590907	     11.67112486	    -86.38449511	    180.71224144	   -201.27329074	    -15.22012986	      7.72496635	     -0.54700514	     23.40911260	     -3.50992222	      0.51464750	     48.26920416	     46.75335652	      8.87466743	    -19.53104594	      4.72287846	    -95.31613937	      1.14471491	     30.96561183	      0.04087561	      0.03172257	      0.05274569
      8.61000000	    118.22363456	    -44.09526283	     13.80858844	    -87.93675244	    202.54612176	   -192.65529640	    -13.50608434	     11.38473768	     -0.22614567	     22.28497100	     -3.41939617	      0.80642278	     39.93622071	     46.13432299	     10.72469805	    -18.56876494	      4.80962463	    -93.32269219	      1.02673552	     30.52005733	     -0.00074786	      0.03146857	      0.04537110
      8.62000000	     88.27541575	    -31.42790390	      8.12003866	    -48.71399274	    227.68599218	   -168.76743859	    -11.99043281	     12.18329849	      0.13152960	     23.36223756	     -3.86083259	      0.42330954	     31.42589500	     22.59640670	      9.16231379	    -17.36934855	      5.52162374	    -89.32767741	      0.92506707	     29.41410849	     -0.08093864	      0.03074354	      0.03704861
      8.63000000	     41.16324457	    -14.18792292	     -4.66352382	     20.59038181	    245.58867673	   -122.23661715	     -8.43413295	     15.25469126	      0.72597178	     24.84929148	     -3.75226356	     -0.43964044	     18.27773994	    -16.53872709	      4.23727516	    -15.64343328	      6.14389913	    -86.59960121	      0.87757849	     28.97858215	     -0.14811491	      0.02989073	      0.03183712
      8.64000000	     -4.99988010	     -0.43427343	    -16.68536147	     81.19489445	    258.75026025	   -101.34919478	    -10.31463548	     15.91681135	      0.69930921	     24.90520459	     -3.06599461	     -1.22400161	     13.70431600	    -51.79713485	      0.10792139	    -16.14345303	      6.13951724	    -83.47699106	      0.86068533	     27.77750891	     -0.16999920	      0.02912301	      0.03013210
      8.65000000	    -26.30451326	     -7.46082195	    -22.38571525	    116.64210739	    251.68288899	   -112.23130007	    -10.24046561	     19.38945291	      0.78029617	     23.55776028	     -2.45633529	     -1.50862924	     21.92955195	    -68.62535954	     -1.13904451	    -15.79200412	      5.69023686	    -81.09574186	      0.84123436	     27.00302011	     -0.15093688	      0.02894650	      0.03005491
      8.66000000	    -29.27103894	     -6.78610906	    -25.14238606	    126.08475222	    246.88856151	   -115.90925955	    -12.06938377	     20.55131283	      0.66020143	     21.87778930	     -2.10187899	     -1.29317934	     24.24716283	    -69.87922031	     -1.83057709	    -16.10889714	      5.23497157	    -77.45963910	      0.81189826	     25.36855034	     -0.11962831	      0.02981294	      0.02997189
      8.67000000	    -28.04516697	      9.98895582	    -28.93035887	    131.22567947	    248.57262924	    -78.62637534	     -8.90642597	     22.65877749	      0.74161069	     20.70016223	     -1.47750529	     -0.82432880	      8.88678937	    -70.80915192	     -3.83067696	    -14.22542150	      5.05327216	    -74.81556661	      0.79161237	     24.73451796	     -0.09987556	      0.03086380	      0.02978370
      8.68000000	    -41.91194348	     43.75973092	    -34.58956356	    143.01239478	    285.76099725	    -27.23180798	     -9.87266487	     20.49132333	      0.66882496	     20.11493677	     -0.37781790	     -0.33371311	    -13.57525808	    -80.48104913	     -6.31369224	    -14.27160509	      5.14143504	    -70.42661266	      0.80898625	     23.04555947	     -0.10148575	      0.03071339	      0.03062992
      8.69000000	    -52.37345970	     63.67386552	    -37.90856761	    152.09835888	    314.18670062	     12.29753768	     -6.53818322	     20.53986781	      0.84461095	     19.39148069	      0.55645820	      0.03132709	    -29.17305200	    -89.13155101	     -7.89561458	    -12.64133035	      5.12988358	    -68.25876177	      0.87218522	     22.41332140	     -0.12541157	      0.02971956	      0.03338356
      8.70000000	    -42.38088038	     75.11986751	    -35.79995579	    127.68942286	    331.45096080	     25.92263251	     -7.04751879	     18.87803229	      0.75808881	     17.56598121	      0.64632817	      0.20495346	    -36.21554390	    -79.58007413	     -7.96427313	    -12.63344569	      4.53060090	    -65.62607470	      0.95061765	     21.21291834	     -0.15979460	      0.02970803	      0.03739739
      8.71000000	     -2.08567543	     77.19258824	    -27.37853679	     67.85558317	    322.61550259	     27.41230488	     -4.57020670	     20.95604594	      0.78444744	     14.25983827	      0.12994273	      0.22972433	    -41.24000626	    -49.46099326	     -6.31451098	    -11.18394309	      3.20931485	    -63.56313850	      0.99685966	     21.03154819	     -0.18234347	      0.03127850	      0.04088227
      8.72000000	     41.94966566	     84.80407648	    -14.93218588	     -9.56432285	    332.97675351	     18.26969127	     -6.25397359	     19.45126190	      0.47635739	      9.91876119	     -0.12270860	      0.22209244	    -45.53835195	    -12.60192298	     -2.88762083	    -11.85341492	      1.54278373	    -59.36342475	      0.98861197	     19.01844641	     -0.18292312	      0.03288811	      0.04231677
      8.73000000	     80.21224961	     80.22166281	     -1.90159461	    -75.20387526	    348.29900896	     -2.13202041	     -1.53975914	     21.32747890	      0.77918787	      5.68428153	      0.19846312	      0.23671766	    -44.52932326	     17.42629505	      0.98850309	     -9.84538618	      0.19262602	    -56.72301487	      0.94605171	     18.54855175	     -0.17543603	      0.03302858	      0.04140898
      8.74000000	     97.78888398	     84.61827788	      4.35286244	   -114.92448306	    392.91572511	    -23.34429431	     -2.25179754	     20.50219600	      0.55653949	      2.90318065	      0.47259986	      0.19988793	    -43.62744312	     33.40335244	      2.37074090	    -10.28654912	     -0.33880524	    -53.44791189	      0.90634519	     17.11930887	     -0.17478747	      0.03206066	      0.03907634
      8.75000000	    100.62294871	     97.32354455	      3.30682978	   -117.93351478	    434.64604121	    -14.51235024	     -0.81559959	     21.80255374	      1.07694671	      2.33151183	      0.07373728	      0.06532051	    -52.09398062	     33.86715801	      0.57741079	     -8.91300558	     -0.06108923	    -50.39390894	      0.88538405	     16.62756791	     -0.17426775	      0.03128916	      0.03665819
      8.76000000	     90.04386817	    108.17151870	     -1.02690568	    -98.11619181	    465.60278215	      2.52170205	     -2.94769597	     20.63589384	      0.98028676	      3.87549336	     -0.78846892	     -0.04288231	    -57.84128529	     26.04787796	     -1.37915861	     -9.63341667	      0.62558739	    -47.27886035	      0.86939004	     15.21772674	     -0.16090235	      0.03119264	      0.03478149
      8.77000000	     77.11895814	     84.32711304	     -4.21382756	    -67.34467579	    468.02651620	    -11.33718507	     -1.11531659	     20.90684360	      0.96925141	      6.73394651	     -1.14364678	      0.01400151	    -42.08307713	     18.32697022	     -2.14506253	     -8.80973014	      1.30217172	    -44.15359067	      0.84002063	     14.26584020	     -0.13780478	      0.03127712	      0.03315056
      8.78000000	     59.13694862	     49.15747381	     -9.32223596	    -33.33219245	    473.69141286	    -50.74499120	     -1.18998472	     19.88594180	      0.55173683	      9.37385771	     -0.26274174	      0.20024151	    -14.81536390	     10.34413213	     -3.74818465	     -9.13939746	      1.66746722	    -40.72606669	      0.80180053	     12.83664664	     -0.12078724	      0.03121208	      0.03167125
      8.79000000	     38.97210110	     31.48857432	    -15.79530298	      1.45384802	    490.74562994	    -74.07553733	      0.85564973	     19.88677357	      0.38293752	     10.20896347	      1.46818272	      0.35314307	     -0.56365190	     -1.70158113	     -6.28296157	     -7.45352930	      1.54890514	    -37.43250464	      0.77869395	     11.82994193	     -0.11997267	      0.03130211	      0.03104186
      8.80000000	     14.42289326	     41.61813048	    -19.76804240	     28.02157994	    529.50912883	    -83.71957207	     -3.04666575	     16.86255607	      0.28690724	      8.97668981	      2.96672804	      0.31932559	      0.31505000	    -17.03144953	     -6.83674013	     -8.38377667	      1.01413130	    -34.59168997	      0.78464295	     10.61262508	     -0.12975175	      0.03173850	      0.03176995
      8.81000000	     -3.90963569	     41.74782969	    -17.63412978	     46.86157936	    559.11985404	    -99.49980480	     -2.24656539	     16.02767482	      0.69196247	      6.88601272	      3.47967309	      0.07745377	      4.98680386	    -29.81067580	     -4.54495276	     -7.17745906	      0.36818366	    -32.60020214	      0.80724111	     10.36125366	     -0.13954159	      0.03226648	      0.03316671
      8.82000000	    -10.35104268	     36.98606726	    -13.35831885	     48.74308798	    577.14005112	   -121.37868794	     -3.11558719	     13.96684182	      0.68454670	      5.13556042	      2.92504551	     -0.21296355	     12.75876538	    -32.09149361	     -1.98148572	     -6.65891853	     -0.10637362	    -29.26728273	      0.82374068	      9.68805414	     -0.14943779	      0.03283809	      0.03391860
      8.83000000	      8.06469151	     42.46707375	     -9.04681096	     27.64308860	    571.16314343	   -110.05068040	     -2.76609136	     15.87071586	      0.88293070	      4.02733646	      1.78836754	     -0.37736016	      6.46478724	    -20.17272414	     -0.78070360	     -6.16410805	     -0.33561301	    -27.34361641	      0.82335014	      9.41028123	     -0.16191411	      0.03371881	      0.03348496
      8.84000000	     34.79281708	     64.68883347	     -3.95501257	    -15.33554939	    564.92761509	    -71.11955005	     -5.42557946	     15.83294949	      0.90001480	      3.60724140	      0.86663966	     -0.41683102	    -12.37180397	     -1.37059280	      0.35730240	     -7.09948630	     -0.34320017	    -25.20997949	      0.81148701	      8.55395131	     -0.16924416	      0.03474230	      0.03243645
      8.85000000	     46.73451340	     67.77890019	      1.31001859	    -44.19957222	    568.68366613	    -56.40531062	     -3.81394330	     15.71464062	      0.94470981	      4.13654707	      0.80373985	     -0.44526264	    -18.07067998	      8.24331768	      1.99061781	     -5.30874673	     -0.14320760	    -21.98980091	      0.80066724	      7.98845083	     -0.16546323	      0.03529541	      0.03158883
      8.86000000	     25.82277357	     49.56803170	      0.34098772	    -29.21739046	    597.47585193	   -101.64605569	     -6.45969332	     12.27700163	      0.77148855	      5.52875132	      1.49078655	     -0.50680252	      1.43598594	     -1.87098766	      2.26678474	     -6.74560020	      0.19288242	    -20.34968785	      0.79951129	      6.90927531	     -0.15974761	      0.03492533	      0.03118839
      8.87000000	     -5.78030328	     27.18852206	     -5.08018147	     16.29882268	    638.45300544	   -148.70304326	     -5.01762511	     11.87624287	      0.47724449	      6.95142113	      2.18940546	     -0.56853199	     22.77313044	    -22.80662306	      0.83276929	     -6.25310955	      0.48194785	    -18.55350389	      0.80361382	      6.63293151	     -0.16143544	      0.03365649	      0.03090131
      8.88000000	    -17.95886662	     30.36111238	     -6.91935995	     30.61903459	    672.24312979	   -143.39942322	     -5.48308514	     10.39097702	      0.44037239	      7.60235161	      2.44297509	     -0.60865440	     23.21073328	    -30.59882775	      0.20840900	     -6.99680824	      0.55766737	    -16.87290674	      0.80033471	      5.98024604	     -0.16522921	      0.03229164	      0.03041676
      8.89000000	      7.68644338	     30.30660105	     -1.11412265	     -8.68159201	    660.84401930	   -111.47010829	     -2.57019951	     12.06592656	     -0.03136279	      7.43770644	      2.30056228	     -0.60156014	     17.00578764	    -11.68035104	      1.65914713	     -5.35031999	      0.39922952	    -14.93738553	      0.78677673	      5.69334010	     -0.16506292	      0.03217048	      0.02990467
      8.90000000	     39.72692872	     22.64808758	      5.99495667	    -61.58416630	    633.92787437	   -101.59673040	     -6.15361844	     10.21979676	      0.04838816	      6.81705996	      1.80842106	     -0.52363019	     20.94118782	     16.60106495	      3.36194980	     -7.60552773	      0.12964056	    -13.25935776	      0.77423146	      4.42800734	     -0.16452938	      0.03367013	      0.02973507
      8.91000000	     48.29537665	     17.90963769	      7.50126260	    -68.98310345	    619.13335187	    -95.14866379	     -5.55283366	     10.15195962	      0.01683925	      6.11944516	      1.09528412	     -0.42521972	     22.51040837	     23.81129098	      3.35555252	     -7.43031536	     -0.06389848	    -11.68005698	      0.77263745	      3.96154298	     -0.16695085	      0.03543828	      0.02990388
      8.92000000	     21.78846300	     35.30068576	      1.70941777	    -32.14969957	    653.05593572	    -88.77580308	     -8.58734025	      6.37267557	      0.03630543	      5.79689629	      0.71832398	     -0.38083442	     16.43250940	      4.53359287	      1.90288316	     -9.48959396	     -0.07614075	     -9.72037901	      0.78044438	      2.78734641	     -0.17144014	      0.03568028	      0.03007118
      8.93000000	     -7.99054250	     41.19946238	     -2.70552663	      4.27499538	    696.22924759	    -93.97338955	     -6.14988034	      5.35726301	      0.02699135	      6.08101228	      1.27218820	     -0.39785798	     15.69797041	    -18.29212098	      0.77959207	     -8.31214178	      0.02079963	     -9.05963861	      0.78949708	      2.57883275	     -0.17507008	      0.03389244	      0.03010195
      8.94000000	    -21.49790056	     45.44991399	     -2.67575089	      1.22236304	    735.74078519	    -99.24320712	     -9.47990399	      1.00226792	      0.83964734	      6.68545338	      2.75110974	     -0.44077605	     18.80714374	    -23.69388862	      1.14206643	    -10.63793551	      0.05820428	     -7.81984036	      0.79116110	      1.41794489	     -0.17098305	      0.03136618	      0.03019013
      8.95000000	    -16.09158981	     37.22257793	      3.68246114	    -33.94219819	    752.50590879	    -72.64526928	     -1.30625859	     -5.07105259	      0.01960806	      7.20214761	      4.53327585	     -0.45640793	     18.33061888	    -10.46967189	      2.36293728	     -5.17333795	     -0.04587117	      0.51545953	      0.78064465	      0.11395395	     -0.15472024	      0.03012858	      0.03042910
      8.96000000	      6.41083251	     29.21956588	      5.78671019	    -59.16335240	    722.17202174	    -65.59648509	     -2.32829816	     -3.87895174	     -0.24655572	      7.48980392	      5.92514841	     -0.37907978	     20.79844673	      8.37515622	      3.25392229	     -5.42695358	     -0.20072041	      0.51082485	      0.76201306	      0.10659095	     -0.13342959	      0.03097823	      0.03058864
      8.97000000	     16.57183854	     16.02720627	      5.94586636	    -59.44497433	    701.96071028	    -82.40494046	     -2.63819183	     -3.29020936	     -0.43982496	      7.51505507	      6.71484255	     -0.21179502	     29.10886377	     18.05158650	      3.69216176	     -5.45196058	     -0.27048478	      0.51978687	      0.74580936	      0.09958618	     -0.11896612	      0.03211859	      0.03045374
      8.98000000	      8.95507325	     13.56314263	      4.70490779	    -41.73653067	    706.88502969	    -99.24513734	     -2.15371684	     -3.66896968	     -0.37980021	      7.14115032	      7.15028030	     -0.05722896	     32.29676957	     12.85905734	      4.01312177	     -5.29572523	     -0.26542950	      0.48192503	      0.73919793	      0.09301394	     -0.11512879	      0.03022854	      0.03018237
      8.99000000	     -4.63910741	     28.48491457	      2.50494813	    -25.40643774	    722.34017152	    -91.50401104	     -2.23484840	     -4.14575883	     -0.03541099	      6.32407478	      7.38846555	     -0.00534683	     23.88608348	      0.81098746	      3.79705822	     -5.49277144	     -0.31582776	      0.37780463	      0.73993355	      0.07968613	     -0.11745594	      0.02530988	      0.03007248
      9.00000000	     -5.80674383	     43.48494347	      0.33722521	    -27.12146129	    722.32781716	    -75.99788367	     -4.52267913	     -3.93028233	      0.51922112	      5.48750755	      7.14544193	     -0.05302659	     14.82780511	     -2.21714592	      2.60155425	     -6.62669540	     -0.46410605	      0.33735217	      0.74169533	      0.04581077	     -0.12210292	      0.02552782	      0.03013446
      9.01000000	     14.74048651	     34.77713760	      0.79066586	    -53.93799316	    696.59632919	    -89.75362843	     -8.68733420	     -3.36813487	      1.08857407	      5.40676787	      6.11715911	     -0.16248380	     21.45556567	     13.97667043	      1.37101648	     -8.43487856	     -0.58046245	      0.59276163	      0.74337735	     -0.01725982	     -0.12808395	      0.04270268	      0.03019720
      9.02000000	     47.70070668	      2.74144579	      5.71578703	    -97.57424799	    661.09320137	   -132.59811627	    -11.43820142	     -3.09995273	      1.27920867	      6.26499796	      4.60752081	     -0.30844314	     42.74805464	     42.45003083	      1.78713694	     -9.33143205	     -0.55189309	      1.22115408	      0.74932436	     -0.09495794	     -0.13408271	      0.07763318	      0.03025499
      9.03000000	     67.52189182	    -21.45275670	     11.81780563	   -127.39903461	    646.96569524	   -155.31094442	     -9.21146345	     -2.89818356	      0.74924008	      7.11594385	      3.50010658	     -0.45297039	     56.58201837	     59.54377613	      3.79901442	     -7.60850738	     -0.45357551	      1.93327020	      0.76046232	     -0.14549966	     -0.13855843	      0.11185269	      0.03037333
      9.04000000	     47.47808191	     -8.48128629	     11.06240181	   -101.30023452	    677.00860700	   -117.13731346	     -1.82412990	     -2.60910635	     -0.17931947	      6.97053308	      3.60368360	     -0.55160305	     44.54292685	     41.42528326	      4.61316391	     -3.26029399	     -0.40863217	      2.23429538	      0.76962048	     -0.13942254	     -0.14056877	      0.11997384	      0.03040122
      9.05000000	    -14.30388792	     37.50803772	     -1.16034830	     -7.66408867	    743.89575199	    -32.65947005	      7.02148355	     -3.33845349	     -0.52067298	      5.91654525	      4.74214686	     -0.57193017	     12.40298708	    -11.52158910	      1.45278427	      1.75854967	     -0.43888889	      1.86430004	      0.77071635	     -0.10125355	     -0.14292985	      0.09198981	      0.03015152
      9.06000000	    -82.21877723	     87.19847587	    -18.27203324	    103.13848386	    809.65707399	     50.75917291	     12.74312069	     -5.99886952	      0.28247002	      4.72614337	      5.59221471	     -0.50497981	    -19.78620078	    -67.77197306	     -4.29956816	      4.97576338	     -0.52681874	      1.06341054	      0.76938585	     -0.08274595	     -0.15131852	      0.04391871	      0.02984266
      9.07000000	   -112.20736444	    113.17724101	    -27.05096197	    155.63042837	    835.44366361	     95.58346929	     13.50231220	     -9.33165670	      1.59032750	      4.22070687	      5.17019292	     -0.41756397	    -36.36108247	    -91.52465974	     -7.58487066	      5.16436653	     -0.58973007	      0.36058321	      0.77510920	     -0.10637706	     -0.16134624	      0.00517574	      0.02993860
      9.08000000	    -94.92990663	    106.02407330	    -22.22405599	    125.85479202	    815.55364250	     88.39709824	     11.00798095	    -10.70382532	      2.26751594	      4.89953395	      4.07181306	     -0.42678267	    -32.59871923	    -76.55514692	     -5.87497512	      3.14087475	     -0.48802428	      0.10305304	      0.78470439	     -0.14780920	     -0.16203053	     -0.00663185	      0.03034316
      9.09000000	    -57.90186241	     74.45771663	    -11.58748431	     59.10237943	    775.87936297	     37.66618328	      8.39346425	     -9.02533825	      1.95002002	      6.42402711	      3.47612421	     -0.56578253	    -13.03930915	    -45.69696346	     -2.38306625	      0.95162188	     -0.22468380	      0.25479135	      0.78579718	     -0.16779802	     -0.15593677	      0.00421051	      0.03032133
      9.10000000	    -29.77737908	     37.58622155	     -4.45171042	      8.95356079	    741.92414865	    -28.13814052	      7.75078949	     -6.11074817	      1.27837469	      7.62471477	      3.66431684	     -0.73055489	     10.84029516	    -21.75100040	     -1.01982766	      0.13813700	      0.00256181	      0.58047471	      0.77736623	     -0.15509304	     -0.15406681	      0.02302369	      0.02972827
      9.11000000	    -16.92008231	     18.08691874	     -2.03271036	    -12.39759512	    720.01465925	    -68.38229191	      9.07049684	     -4.51595466	      0.91910231	      7.29410853	      4.16139388	     -0.75963061	     22.87707624	    -10.26518484	     -1.52799555	      0.72099208	     -0.02178348	      0.86474145	      0.77146225	     -0.12561405	     -0.15647015	      0.03793042	      0.02945870
      9.12000000	    -12.49921992	     25.49874215	     -1.39244151	    -18.95299865	    706.07826661	    -64.79489174	     10.79940065	     -4.89028548	      0.87724728	      5.33111392	      4.63382609	     -0.57337155	     15.81282284	     -6.55473090	     -1.73962342	      1.61727926	     -0.31053089	      0.98839633	      0.77115560	     -0.09488922	     -0.15529603	      0.04384260	      0.02996095
      9.13000000	    -11.97484596	     44.08350705	     -1.42159408	    -19.96683394	    697.74768182	    -43.82254161	     11.21380716	     -6.00477776	      0.86979892	      3.04083474	      5.08384367	     -0.27916244	      1.97885064	     -6.45869663	     -1.16869151	      1.72607118	     -0.64555916	      0.93755389	      0.76627073	     -0.07004485	     -0.14978991	      0.04151056	      0.03045668
      9.14000000	    -12.03663714	     54.52943019	     -1.58892465	    -21.29832238	    693.72460180	    -34.95907510	      9.86240103	     -6.29299254	      0.81714062	      1.86099757	      5.49910389	     -0.07966962	     -4.43706667	     -6.79239981	     -0.40757724	      0.72345518	     -0.80318853	      0.78945133	      0.75458107	     -0.05263945	     -0.14627849	      0.03553204	      0.03029204
      9.15000000	     -6.69438762	     55.04835488	     -0.04522603	    -32.52284635	    691.05519831	    -32.15573855	      8.28837424	     -5.02756666	      0.75315377	      2.08789744	      5.72460463	     -0.05576065	     -4.43816906	     -3.39372880	      0.40828145	     -0.85277159	     -0.75197325	      0.65801682	      0.74598093	     -0.03834060	     -0.14747944	      0.03129098	      0.02980945
      9.16000000	      3.78060048	     50.94244532	      3.65147960	    -52.90494184	    690.88744793	    -17.44358795	      9.00656524	     -2.95165575	      0.61245285	      3.26959930	      5.67386498	     -0.14772390	     -4.03898091	      3.76154476	      1.15549521	     -2.11135165	     -0.57186264	      0.62150764	      0.74614070	     -0.02403791	     -0.14979628	      0.03153192	      0.02951588
      9.17000000	      9.10733686	     43.60011405	      6.91373074	    -67.16235936	    700.04464983	      6.40668416	     12.62536181	     -1.93886697	      0.38716812	      5.02868249	      5.49501436	     -0.30628505	     -3.09802675	      8.32687638	      1.37941697	     -2.58712009	     -0.31384328	      0.68190226	      0.75249440	     -0.01774754	     -0.14930759	      0.03512381	      0.02946763
      9.18000000	      3.96092932	     33.65297296	      7.33903467	    -67.61913527	    717.30280419	     15.47919749	     15.91005388	     -3.29820170	      0.32701605	      6.72796531	      5.43825024	     -0.48995434	      1.89527848	      7.13000951	      1.09478987	     -2.73670266	     -0.07196864	      0.77712997	      0.76171982	     -0.03409177	     -0.14598997	      0.03893526	      0.02962430
      9.19000000	     -2.59629166	     23.58933520	      5.55612275	    -65.13496910	    726.67843579	    -10.81622062	     14.47287208	     -6.32238452	      0.69713718	      7.15641108	      5.60247864	     -0.58074304	     12.22390592	      6.01455066	      0.96895343	     -3.45840521	     -0.04799539	      0.83394152	      0.77008785	     -0.07934872	     -0.14180598	      0.04058805	      0.03003751
      9.20000000	     -1.18670316	     18.40469403	      3.57913257	    -69.16836540	    717.04403781	    -59.97711881	      8.11691114	     -8.98860362	      1.39680330	      5.58848879	      5.85173732	     -0.48925252	     23.09253093	      9.85371779	      1.36497950	     -4.97446087	     -0.35660929	      0.82551998	      0.77158840	     -0.14712695	     -0.13789524	      0.03965997	      0.03053908
      9.21000000	      3.55504942	     22.96668986	      1.97663390	    -71.17838744	    700.69400064	    -91.85408799	      1.83820572	     -9.86501244	      1.97935380	      2.89794237	      6.00409564	     -0.29088618	     26.28172790	     13.61752262	      1.79120800	     -6.50341781	     -0.83046001	      0.78634493	      0.76420396	     -0.22654132	     -0.13520871	      0.03720380	      0.03075918
      9.22000000	      1.82237881	     33.59489544	      0.15299899	    -58.87603947	    699.43342646	    -85.01009327	      0.65705666	     -8.91115840	      1.99574620	      0.88731001	      6.07961723	     -0.13229369	     20.66756691	     10.47992765	      1.58237411	     -7.14763286	     -1.16808173	      0.77225955	      0.75384796	     -0.30577700	     -0.13444300	      0.03477031	      0.03057662
      9.23000000	     -5.45724940	     38.06479295	     -1.55582359	    -37.61533523	    716.65635711	    -60.67810832	      4.68798740	     -6.96078394	      1.32905418	      0.47900073	      6.21488371	     -0.06383706	     15.32976570	      3.14436975	      0.83416498	     -6.79721591	     -1.25377076	      0.80884652	      0.74672833	     -0.37059730	     -0.13472869	      0.03359127	      0.03020500
      9.24000000	     -9.73377187	     30.30607989	     -1.96511875	    -24.44969625	    734.79153720	    -49.55134378	      9.89690109	     -5.02376443	      0.31170417	      1.07548508	      6.44809537	     -0.04706129	     17.69610381	     -0.64209644	      0.33224043	     -6.07151920	     -1.20426339	      0.87265839	      0.74321074	     -0.40675210	     -0.13406626	      0.03390846	      0.02989625
      9.25000000	     -8.69904921	     20.43606261	     -0.96434686	    -26.25918527	    739.61389553	    -50.65517450	     12.58288352	     -3.77451218	     -0.51431789	      1.78901673	      6.71773621	     -0.07268165	     22.78772864	      0.28569934	      0.60176227	     -5.59786525	     -1.09829910	      0.91559150	      0.74298861	     -0.40418152	     -0.13104016	      0.03487267	      0.02977688
      9.26000000	     -5.80262497	     22.80547070	      0.59870290	    -37.35719666	    735.34915965	    -39.88735272	     12.27355597	     -3.24774164	     -0.83899193	      2.62543132	      6.85568185	     -0.18568999	     19.97419288	      1.97187262	      1.45375194	     -5.48252548	     -0.83040425	      0.91419120	      0.74974804	     -0.36268192	     -0.12653257	      0.03564689	      0.02981537
      9.27000000	     -1.81007038	     37.71231648	      2.16243680	    -50.54653613	    733.25037498	    -10.26650914	     10.76883417	     -3.09787860	     -0.73847844	      3.90185155	      6.63860649	     -0.37216622	      7.80381391	      3.54325073	      2.35893756	     -5.43470009	     -0.36132344	      0.89186541	      0.76569639	     -0.29737270	     -0.12360334	      0.03643107	      0.02993148
      9.28000000	      1.85857400	     52.67114157	      2.64882197	    -56.67059029	    735.73837956	     16.66143614	      9.46682889	     -3.19151166	     -0.40528515	      5.03297845	      6.08008784	     -0.50000436	     -4.17964476	      4.87947820	      2.71120759	     -5.26905419	      0.02281543	      0.88398960	      0.78451580	     -0.23345662	     -0.12537397	      0.03779799	      0.03016566
      9.29000000	     -0.16138884	     55.44338135	      0.67737072	    -47.51426687	    736.01745995	     15.07413645	      8.31599988	     -3.69893998	      0.07558156	      4.93856524	      5.52115972	     -0.48133336	     -5.15213740	      3.03828133	      2.11819642	     -5.11417805	     -0.04792342	      0.89723387	      0.79269476	     -0.19223950	     -0.13219429	      0.03956516	      0.03042236
      9.30000000	     -7.85457155	     45.70803442	     -2.58800674	    -31.27985894	    728.75622003	    -14.07559240	      6.99823131	     -4.63636698	      0.62637918	      3.55813543	      5.29647807	     -0.41983312	      5.15536959	     -1.76783189	      1.08119958	     -5.10453050	     -0.55616181	      0.91463401	      0.78145537	     -0.18194176	     -0.13948236	      0.04088700	      0.03031857
      9.31000000	    -12.09593176	     39.71830047	     -3.67050800	    -28.41890027	    717.46044370	    -35.09347528	      6.00620903	     -5.47287327	      1.02618837	      2.05155533	      5.44074766	     -0.44787233	     11.76085198	     -3.83042602	      0.80623399	     -5.09468339	     -1.07782633	      0.92370026	      0.75931208	     -0.19552453	     -0.14008363	      0.04116799	      0.02982200
      9.32000000	     -7.46562574	     49.36120737	     -1.70093884	    -42.34615765	    709.68825884	    -21.79414501	      6.02378710	     -5.39439713	      1.04005165	      1.53395987	      5.79457541	     -0.50136758	      3.57658800	     -0.31795497	      1.50897672	     -4.86130448	     -1.22404227	      0.92742825	      0.74500130	     -0.21667468	     -0.13117897	      0.04063502	      0.02948216
      9.33000000	     -1.61208538	     62.33544766	     -0.46658726	    -51.05995769	    708.78144204	      4.97047352	      6.84937289	     -4.27420204	      0.72854502	      2.13906222	      6.26919058	     -0.41218034	     -8.71856214	      3.27434371	      1.69091350	     -4.45508820	     -0.97859628	      0.93503121	      0.74708402	     -0.23570060	     -0.11755609	      0.03998019	      0.02967729
      9.34000000	     -4.01538765	     66.17842821	     -3.01419962	    -39.01587540	    714.31753776	     17.70862147	      7.55673623	     -3.06935622	      0.44191545	      3.04479392	      6.78426063	     -0.17096674	    -12.97014569	      0.74401432	      0.38014676	     -4.16127516	     -0.65554429	      0.94828932	      0.75925819	     -0.25645980	     -0.10796986	      0.03952525	      0.03023244
      9.35000000	    -11.70470052	     71.96917357	     -6.71650863	    -20.76587460	    725.53918086	     24.25237254	      7.54259025	     -2.84450263	      0.43673371	      3.15641010	      7.10228914	      0.03055963	    -16.83298299	     -5.40229860	     -0.94978595	     -4.14619836	     -0.59447118	      0.96075862	      0.77118633	     -0.28376077	     -0.10774233	      0.03906731	      0.03078184
      9.36000000	    -15.86999024	     92.26563607	     -7.33682733	    -17.54343635	    739.70395739	     40.00752600	      6.98217402	     -3.68515775	      0.65013205	      2.10686330	      7.05504353	      0.02997715	    -30.87004510	     -8.58732360	     -0.46222803	     -4.28997920	     -0.84273119	      0.97385370	      0.77605553	     -0.31213107	     -0.11347872	      0.03875476	      0.03105703
      9.37000000	    -16.59555477	    117.67044399	     -5.87484474	    -24.69214967	    751.36077801	     58.21386849	      6.38617674	     -4.78305024	      0.84517678	      0.59616331	      6.78249225	     -0.12502227	    -48.87689831	     -8.91207771	      0.96324914	     -4.36854465	     -1.15038632	      1.00186045	      0.77279825	     -0.33079400	     -0.11708838	      0.03942051	      0.03095824
      9.38000000	    -20.20371162	    129.35466000	     -7.11759424	    -20.72773402	    755.69693937	     64.98722105	      6.02013306	     -5.31017385	      0.84864759	     -0.45115396	      6.47550725	     -0.26709733	    -56.79085413	    -11.46251439	      0.66521409	     -4.31801726	     -1.29644113	      1.04555782	      0.76599739	     -0.33417403	     -0.11556542	      0.04127171	      0.03059108
      9.39000000	    -26.82343444	    117.97509112	    -12.36649594	     -0.65629297	    750.64624811	     52.53050588	      5.86209187	     -5.15358516	      0.69980944	     -0.80997563	      6.18137119	     -0.29918332	    -47.40355933	    -16.46020742	     -2.15691199	     -4.24579217	     -1.32533382	      1.07854997	      0.75933535	     -0.32775639	     -0.11233572	      0.04303529	      0.03012195
      9.40000000	    -29.87396721	     89.30839480	    -17.42096702	     16.86259006	    737.85571301	     20.99181795	      5.87291216	     -4.81870755	      0.59412011	     -0.83472106	      5.96586265	     -0.23329388	    -25.04871422	    -18.48745778	     -5.33559877	     -4.23419933	     -1.38983342	      1.08034785	      0.75258684	     -0.32315001	     -0.11078435	      0.04349806	      0.02967521
      9.41000000	    -24.79049257	     68.60492977	    -17.61125060	     12.60706408	    724.91738148	     -1.68944248	      6.01510285	     -4.63897031	      0.62890260	     -0.86313129	      5.85067538	     -0.11430510	     -9.41778182	    -14.03556914	     -6.17110319	     -4.25155825	     -1.48548983	      1.06712268	      0.75207838	     -0.32388160	     -0.11238358	      0.04325875	      0.02961426
      9.42000000	    -13.21759877	     82.15737000	    -12.52292406	    -13.26193865	    720.92552369	     23.05916513	      6.05897069	     -4.41109809	      0.69148161	     -1.00042155	      5.67248595	     -0.00226448	    -20.97374621	     -4.96659053	     -4.05603112	     -4.26523289	     -1.49227236	      1.06581761	      0.76870733	     -0.31971035	     -0.11681949	      0.04371812	      0.03036425
      9.43000000	     -2.80964604	    114.72101232	     -6.65049537	    -39.90096821	    724.90120643	     73.62329983	      5.65815874	     -3.95707942	      0.66853919	     -1.16143493	      5.42321608	      0.01689859	    -47.00478722	      2.75186143	     -1.14643977	     -4.33659746	     -1.41115504	      1.07181886	      0.79274220	     -0.30091161	     -0.12018038	      0.04486688	      0.03139647
      9.44000000	     -3.01805064	    122.63691694	     -5.57511612	    -43.48114160	    726.73826119	     83.30984019	      4.74159231	     -3.57371979	      0.61783827	     -1.27278592	      5.49114677	     -0.07980461	    -52.45467526	      2.46799464	     -0.35850436	     -4.51613238	     -1.40783330	      1.05830222	      0.79504914	     -0.27227398	     -0.11801276	      0.04535551	      0.03144016
      9.45000000	    -13.89192528	    102.27550844	     -9.43196615	    -24.51673145	    723.25604622	     47.90498684	      3.68885998	     -3.63440318	      0.63785641	     -1.47148340	      6.16216578	     -0.18676652	    -34.89453520	     -5.45819356	     -1.80571721	     -4.69161265	     -1.59379557	      1.01457801	      0.76747091	     -0.24528806	     -0.10918606	      0.04425851	      0.03034300
      9.46000000	    -22.78594090	     92.67024256	    -12.43468657	     -7.84479690	    721.18508759	     29.77117604	      2.94790122	     -3.93606334	      0.68473353	     -1.76773173	      6.94922093	     -0.18689245	    -26.33279390	    -11.64367235	     -2.63419760	     -4.68658515	     -1.82390975	      0.95369823	      0.73794095	     -0.22165561	     -0.09817324	      0.04189309	      0.02936389
      9.47000000	    -20.67257434	    108.83434971	    -11.09801415	     -8.48769291	    724.27013899	     52.90762201	      2.45028044	     -3.92621107	      0.66055145	     -1.73500869	      7.07134104	     -0.10429735	    -39.07971813	     -9.82967775	     -1.31081270	     -4.55261183	     -1.82820189	      0.89772825	      0.73460731	     -0.19742454	     -0.09299395	      0.03951125	      0.02933875
      9.48000000	    -14.54208622	    127.11877692	     -8.52310576	    -15.30732022	    730.70003272	     79.65908558	      1.74571566	     -3.50856730	      0.58828487	     -1.13774946	      6.45951045	     -0.06252128	    -53.60216897	     -5.66749270	      0.45116382	     -4.53959528	     -1.56614144	      0.86341861	      0.75610942	     -0.17612902	     -0.09841858	      0.03828288	      0.02989055
      9.49000000	    -16.38337004	    130.80317655	     -8.79980865	    -12.10942375	    739.80446656	     81.77204838	      0.86443746	     -3.15486853	      0.56882622	     -0.60291750	      5.62326973	     -0.12006999	    -55.73610540	     -7.97584585	      0.73615175	     -4.67114995	     -1.32306347	      0.84888415	      0.78196412	     -0.16500430	     -0.11149057	      0.03800412	      0.03039579
      9.50000000	    -28.31756635	    124.26926499	    -12.27273126	      4.45276625	    749.22482900	     65.27780296	      0.46067388	     -3.40039620	      0.65158948	     -0.99480673	      4.92183634	     -0.22489293	    -49.14876064	    -17.69280262	     -0.42028109	     -4.64304616	     -1.40244168	      0.83864058	      0.79440909	     -0.16789372	     -0.12303039	      0.03740726	      0.03065091
      9.51000000	    -43.03874525	    109.98369543	    -17.43360543	     29.18346261	    750.13784085	     36.44176992	      0.49591551	     -4.30911641	      0.79945620	     -2.19390863	      4.40319631	     -0.30438797	    -36.61088870	    -29.01406183	     -2.32642914	     -4.45196875	     -1.77783706	      0.82169347	      0.79005197	     -0.18462879	     -0.12674569	      0.03608578	      0.03065684
      9.52000000	    -51.51176423	     88.42179433	    -22.02824290	     50.28649964	    739.27780071	     -0.14443147	      0.48246244	     -5.37411778	      0.91878945	     -3.17049288	      4.19935961	     -0.33149140	    -19.14872927	    -35.17515948	     -4.24873459	     -4.37716910	     -2.12071507	      0.80275941	      0.77870830	     -0.20949310	     -0.12319637	      0.03491167	      0.03045967
      9.53000000	    -47.12265606	     75.15085434	    -22.08340456	     48.81477533	    727.68262693	    -19.65629201	      0.11668811	     -5.74129854	      0.89113979	     -3.26541020	      4.53694681	     -0.30307178	     -8.81406800	    -31.15099667	     -4.46992165	     -4.60057972	     -2.14746265	      0.78163226	      0.77202159	     -0.22812657	     -0.11535871	      0.03430907	      0.03018800
      9.54000000	    -31.18466034	     83.70247874	    -15.60858925	     18.06262984	    724.96391515	     -1.76169133	     -0.29887327	     -4.99479949	      0.66222679	     -2.83460057	      5.36484624	     -0.22311737	    -15.79812449	    -17.94435204	     -1.84597431	     -4.90387210	     -1.90830143	      0.74922470	      0.77199258	     -0.22812146	     -0.10590384	      0.03354404	      0.02996927
      9.55000000	    -16.40778874	     99.44216125	     -7.52952933	    -18.69635872	    724.04761860	     30.76920600	     -0.35901706	     -3.79056857	      0.33278104	     -2.64138449	      6.29194177	     -0.12641163	    -28.53352729	     -5.66520321	      1.55347721	     -4.99336223	     -1.72793041	      0.70284507	      0.77182246	     -0.21224435	     -0.09849210	      0.03196979	      0.02986371
      9.56000000	    -15.34555757	    101.23312788	     -4.75655250	    -32.26807833	    715.53020598	     42.89580822	     -0.07646909	     -3.27305028	      0.08315788	     -3.09263032	      6.81427148	     -0.06525701	    -30.45354540	     -4.33571306	      2.60742030	     -4.92548659	     -1.86426619	      0.65275669	      0.76671925	     -0.19181879	     -0.09755890	      0.03007087	      0.02988870
      9.57000000	    -24.93527476	     96.34667877	     -7.21264825	    -24.43659103	    706.56368809	     40.29144496	      0.06040113	     -3.93861624	     -0.01061988	     -4.00964741	      6.68227177	     -0.07239408	    -26.81142397	    -11.23873614	      1.45714103	     -5.06095229	     -2.25236317	      0.61264289	      0.75933963	     -0.17390108	     -0.10280692	      0.02895555	      0.03000464
      9.58000000	    -31.20401248	    103.16916267	     -9.60258535	    -17.69598411	    709.74429934	     48.81416485	     -0.22605780	     -5.12452045	     -0.04244901	     -4.74713357	      6.01551809	     -0.14883570	    -31.69649920	    -15.21415856	      0.49893650	     -5.51593394	     -2.56228726	      0.58620968	      0.75736774	     -0.15911311	     -0.10898660	      0.02889518	      0.03011222
      9.59000000	    -27.83977065	    115.20295638	    -10.06037380	    -17.87133826	    721.54313664	     61.84698051	     -0.89066382	     -5.58684267	     -0.13197364	     -4.78034703	      5.15697262	     -0.25381341	    -40.21760854	    -12.22684251	      0.30727256	     -6.05725327	     -2.53402786	      0.56139638	      0.76666507	     -0.14675787	     -0.11179987	      0.02887938	      0.03017546
      9.60000000	    -21.72436660	    111.26780115	    -11.02226713	    -12.91419530	    727.40589628	     52.10277856	     -1.46455830	     -4.82242118	     -0.26264620	     -4.36201216	      4.54088039	     -0.31271013	    -36.39161156	     -8.56701552	     -0.43356392	     -6.29472299	     -2.26484595	      0.53027372	      0.78451410	     -0.13840233	     -0.11150026	      0.02791867	      0.03030148
      9.61000000	    -19.63612733	     94.78503040	    -12.80499868	     -4.58282588	    724.08849094	     25.56422910	     -1.69882380	     -3.65926552	     -0.32464170	     -4.35980419	      4.44812528	     -0.27913434	    -22.91443515	     -8.47866075	     -1.73443499	     -6.17704014	     -2.10996858	      0.49842023	      0.80017826	     -0.13573595	     -0.11203024	      0.02624362	      0.03055342
      9.62000000	    -17.44722795	     95.39080176	    -11.49633706	    -15.54328875	    723.38057492	     24.16916413	     -2.17684835	     -3.20742192	     -0.27341072	     -5.34870278	      4.68662902	     -0.18728316	    -21.96234107	     -6.48008611	     -1.55964304	     -6.22107357	     -2.29537577	      0.46691187	      0.80384670	     -0.13683387	     -0.11650501	      0.02473594	      0.03074288
      9.63000000	     -8.66208899	    122.86763077	     -5.54298670	    -52.02854442	    729.27199461	     60.88826672	     -3.91538098	     -3.38052282	     -0.16242918	     -6.86152871	      4.68028682	     -0.13445779	    -40.48504774	      2.54733086	      0.89713470	     -7.07040362	     -2.69083073	      0.42964665	      0.79676933	     -0.13502000	     -0.12417783	      0.02418152	      0.03067417
      9.64000000	      1.24885453	    144.18317124	     -0.92447429	    -77.73019855	    726.61815839	     88.80047906	     -6.52011614	     -3.14437295	     -0.06103235	     -7.76975802	      3.89892936	     -0.19566062	    -54.33787812	     11.15805434	      2.91561037	     -8.41914799	     -2.99100641	      0.40983432	      0.78999763	     -0.12374628	     -0.13275746	      0.02545884	      0.03047036
      9.65000000	     -1.46854732	    128.80061151	     -4.49053693	    -52.14377124	    708.89751746	     69.69962679	     -6.45548279	     -2.37918315	      0.00685232	     -7.58468974	      2.34342346	     -0.32483277	    -43.53711029	      6.61646738	      1.42328073	     -8.21050945	     -3.04181229	      0.47018505	      0.78993966	     -0.10495479	     -0.13940699	      0.02860757	      0.03032879
      9.66000000	    -22.31300153	     95.93939895	    -13.66759205	     12.01995785	    704.39943296	     39.74332518	      1.30887337	     -2.64634203	      0.07969361	     -7.02852815	      0.92469379	     -0.38290555	    -25.91389828	    -12.00106425	     -2.44858289	     -3.66934983	     -2.93333452	      0.63482043	      0.79245900	     -0.08964449	     -0.14107395	      0.03031095	      0.03021746
      9.67000000	    -52.45412467	     87.91449980	    -18.77601595	     58.88657580	    747.79938622	     60.03991425	     17.87882946	     -5.27784152	      0.21353649	     -7.09753697	      0.87062878	     -0.31259615	    -32.89720365	    -32.57094653	     -4.60013704	      5.70839367	     -2.83769336	      0.80625736	      0.79404322	     -0.08621640	     -0.13912563	      0.02457676	      0.03006120
      9.68000000	    -77.30052216	    110.86553274	    -15.57022523	     55.77135185	    826.61065906	    124.08134226	     36.47117678	     -9.22925050	      0.38725407	     -7.98039774	      2.40655578	     -0.22899203	    -63.16168610	    -43.98373491	     -3.47142372	     16.05639876	     -2.87289892	      0.84641079	      0.79535631	     -0.09364587	     -0.13495728	      0.01039928	      0.02997443
      9.69000000	    -83.65462693	    129.20768738	     -9.50299365	     24.86225263	    876.79402210	    159.35492425	     45.65450072	    -11.17184468	      0.46597273	     -9.13977157	      4.05124056	     -0.22624744	    -81.92573835	    -43.18888965	     -1.46702372	     21.01615159	     -3.08999620	      0.76773484	      0.79820765	     -0.10010291	     -0.12968028	     -0.00141294	      0.03022558
      9.70000000	    -63.57514445	    111.77064572	     -6.77300627	      4.91948808	    842.09212393	    112.06804110	     38.41576953	     -8.24434266	      0.31572205	    -10.02149621	      4.05400998	     -0.19765229	    -61.75251734	    -30.99476396	     -0.80200256	     16.71645924	     -3.45041737	      0.72407299	      0.80508245	     -0.09120913	     -0.12720112	      0.00344767	      0.03103594
      9.71000000	    -23.31425374	     62.71269369	     -7.35844277	      3.40539318	    734.29791294	     -0.88716321	     18.84468677	     -1.48076740	     -0.01973205	    -10.35481731	      2.73863288	     -0.05380436	     -9.36096046	    -10.99279557	     -1.18779494	      5.41896138	     -3.80332304	      0.77081909	      0.81279136	     -0.07223370	     -0.12234861	      0.02441511	      0.03222843
