PathFileType	3	(X/Y/Z)	C:\Users\hrist\Documents\PhD\NeuroM Model Experiments\Complete_Controller_Data_Collection\S2_M\LG_Walk_Slower\LG_Walk_Slower01.trc																																																																																																							
DataRate	CameraRate	NumFrames	NumMarkers	Units	OrigDataRate	OrigDataStartFrame	OrigNumFrames																																																																																																			
100	100	481	35	mm	100	492	481																																																																																																			
Frame#	Time	R.ASIS			L.ASIS			V.Sacral			R.Thigh.Upper			R.Knee.Med			R.Knee.Lat			R.Thigh.Rear			R.Thigh.Front			L.Thigh.Upper			L.Knee.Med			L.Knee.Lat			L.Thigh.Rear			L.Thigh.Front			R.Shank.Upper			R.Ankle.Med			R.Ankle.Lat			R.Shank.Front			R.Shank.Rear			L.Shank.Upper			L.Ankle.Med			L.Ankle.Lat			L.Shank.Front			L.Shank.Rear			R.Toe.Tip			R.Heel			R.Toe.Med			R.Toe.Lat			R.Midfoot.Lat			R.Midfoot.Sup			L.Heel			L.Toe.Tip			L.Toe.Med			L.Toe.Lat			L.Midfoot.Lat			L.Midfoot.Sup		
		X1	Y1	Z1	X2	Y2	Z2	X3	Y3	Z3	X4	Y4	Z4	X5	Y5	Z5	X6	Y6	Z6	X7	Y7	Z7	X8	Y8	Z8	X9	Y9	Z9	X10	Y10	Z10	X11	Y11	Z11	X12	Y12	Z12	X13	Y13	Z13	X14	Y14	Z14	X15	Y15	Z15	X16	Y16	Z16	X17	Y17	Z17	X18	Y18	Z18	X19	Y19	Z19	X20	Y20	Z20	X21	Y21	Z21	X22	Y22	Z22	X23	Y23	Z23	X24	Y24	Z24	X25	Y25	Z25	X26	Y26	Z26	X27	Y27	Z27	X28	Y28	Z28	X29	Y29	Z29	X30	Y30	Z30	X31	Y31	Z31	X32	Y32	Z32	X33	Y33	Z33	X34	Y34	Z34	X35	Y35	Z35
492	4.91	-86.7231991	973.8852383	-1099.192039	176.1753887	975.1861367	-1112.56635	31.86185021	1004.960986	-1293.258697	-156.0985751	746.1953833	-1135.58318	-1.254862196	496.9976667	-1046.203018	-137.756048	503.7493513	-1049.939489	-143.0722499	641.0062069	-1101.245697	-54.67351441	727.9428614	-1011.258059	216.5501355	795.5846915	-1228.726574	29.88427229	501.1954618	-1258.195507	158.1869257	487.8179224	-1271.571738	184.8248334	642.1394415	-1243.915584	138.8447919	694.2924232	-1114.012597	-139.0608769	456.5723382	-1035.879799	-52.30875095	112.669214	-890.4678956	-135.0631995	78.50646613	-914.1701067	-83.51449826	428.0242428	-958.9907496	-158.440004	373.7899543	-1018.422627	158.8820395	449.1644163	-1282.300934	17.37469598	85.62941258	-1367.136307	104.4237053	79.62091124	-1405.323829	105.7191631	398.4032972	-1236.829653	161.9952392	377.047516	-1300.776178	-98.92792808	123.483466	-722.3089529	-82.4997464	17.87854234	-957.5687798	-66.08225225	90.345382	-754.4749574	-174.0964445	81.80311199	-767.023251	-163.2031668	77.55504621	-809.1995175	-71.77447095	103.2275167	-794.4408576	44.65349838	35.75837179	-1465.983493	95.32173578	34.17170809	-1208.965473	50.5529446	24.87627912	-1249.561572	157.1273814	23.27603927	-1277.876394	143.2181645	37.26989389	-1314.11013	44.74075855	38.08031323	-1285.709617
493	4.92	-87.77164406	973.5743227	-1093.218162	175.1225369	974.4361255	-1107.72845	30.13478433	1004.731191	-1287.825757	-157.2984952	745.735954	-1130.465761	-2.128054449	496.1753933	-1043.07658	-138.5020585	502.8087275	-1046.384741	-143.9631937	640.2451619	-1096.675995	-55.05995188	726.295357	-1006.676455	215.2465483	795.124015	-1224.561741	28.53432103	501.0034559	-1255.634771	157.1046852	487.7147762	-1268.969575	183.6803007	641.8579946	-1240.542211	137.7244643	693.4838861	-1109.705653	-140.3696681	456.0858916	-1032.432014	-52.19163801	111.5287013	-887.9106518	-135.3758528	77.94951563	-912.471684	-83.88355538	427.269412	-955.5566564	-158.8761089	373.1746473	-1014.885235	157.9296489	448.9917645	-1279.765201	17.15344765	85.8687327	-1366.815249	104.2065087	80.14467248	-1404.676479	104.7844729	397.9956325	-1234.761721	160.9675038	377.0789201	-1298.736057	-99.41291856	119.0827601	-719.4797775	-82.19808071	18.38784654	-956.6094928	-66.55763607	86.45579927	-752.0362986	-174.6289348	78.43805809	-765.2339673	-163.4394987	74.86625359	-807.4644684	-72.03785941	100.087158	-791.6422458	44.57422715	36.14301777	-1465.858746	95.29996047	34.11782576	-1208.865181	50.55453805	24.78866995	-1249.500598	157.0790982	23.37691164	-1277.851719	143.1101148	37.32070433	-1314.009123	44.49533827	37.99970331	-1285.843791
494	4.93	-88.84818744	973.3111961	-1087.275287	174.0258387	973.6876639	-1102.804884	28.40930667	1004.533037	-1282.349904	-158.3248997	745.1869475	-1125.035687	-2.998445951	495.4780049	-1039.71149	-139.2226525	501.9640001	-1042.595654	-144.9446263	639.55784	-1092.025996	-55.56809927	724.7739342	-1002.0043	213.9291527	794.7012662	-1220.35694	27.26212012	500.7661036	-1252.931618	156.0047322	487.6250111	-1266.27033	182.5090979	641.5979621	-1237.075162	136.4996656	692.62966	-1105.618411	-141.1026275	455.488696	-1028.684299	-52.16455083	110.4154973	-885.4031782	-135.5277551	77.2466485	-910.6982901	-84.35137912	426.5153475	-952.0009695	-159.3437496	372.5512535	-1011.376501	156.932378	448.9542025	-1277.266324	16.91855979	86.1365811	-1366.437234	103.9962528	80.75301599	-1404.165907	103.835417	397.6222642	-1232.6001	159.9687154	377.1601789	-1296.711042	-100.0094706	114.9089054	-716.7679751	-81.90003212	18.87902562	-955.655341	-67.11458021	82.87454075	-749.7556054	-175.2916393	75.15506886	-763.5789518	-163.7388619	72.30568766	-805.8096993	-72.3712403	97.13776224	-789.0116778	44.45616309	36.63953618	-1465.707449	95.28608561	34.06174233	-1208.761609	50.53721599	24.70220906	-1249.412105	157.0073691	23.44936495	-1277.82078	142.9944223	37.37404365	-1313.906316	44.33268091	37.97295514	-1285.789425
495	4.94	-89.98028252	973.1530327	-1081.373621	172.852931	972.9688382	-1097.786638	26.69449041	1004.378194	-1276.82892	-159.358553	744.761825	-1119.550712	-3.874421123	494.9537323	-1036.029839	-139.9964612	501.3473319	-1038.528845	-146.0430779	639.0099432	-1087.249725	-56.29144056	723.4779958	-997.2077647	212.5976391	794.3291209	-1216.070056	26.07722494	500.4950495	-1250.034311	154.8813531	487.576895	-1263.442613	181.2970899	641.3753013	-1233.477403	135.1454921	691.7143376	-1101.903923	-141.5496039	454.8772568	-1024.690912	-52.25730881	109.3503453	-883.0367348	-135.4802021	76.36782593	-908.8560175	-84.98474108	425.7821455	-948.2866693	-159.8657332	371.9482903	-1007.919361	155.8903707	449.0607623	-1274.74628	16.64924513	86.46452584	-1365.990003	103.7790588	81.47772887	-1403.77528	102.8769605	397.316278	-1230.251791	159.0107708	377.3356485	-1294.670682	-100.6912097	111.0914905	-714.2804113	-81.62472107	19.32677564	-954.7242128	-67.71525302	79.71354404	-747.7258004	-175.9684848	72.01818461	-762.084643	-164.0589105	69.88749618	-804.2509598	-72.7584969	94.46509561	-786.6486422	44.274849	37.28612873	-1465.511734	95.28069246	34.00931565	-1208.64975	50.49374004	24.61474636	-1249.286929	156.8988122	23.49151677	-1277.784794	142.8714673	37.44941689	-1313.789521	44.24432363	37.99456511	-1285.56405
496	4.95	-91.17686349	973.1367446	-1075.497777	171.5936496	972.3178333	-1092.686197	24.99774903	1004.269005	-1271.280355	-160.6772531	744.7080087	-1114.373635	-4.77181029	494.62193	-1032.044187	-140.9080386	501.0036038	-1034.287249	-147.269294	638.6525864	-1082.344391	-57.30149361	722.4703448	-992.279792	211.2519842	794.0052595	-1211.675269	25.06672774	500.1704775	-1246.840254	153.7275375	487.599435	-1260.488815	180.046088	641.1979192	-1229.755287	133.7117406	690.8030201	-1098.394856	-142.1887719	454.3869814	-1020.652504	-52.45255071	108.3477768	-880.8679083	-135.3346025	75.40281563	-907.0242304	-85.8122283	425.1086133	-944.4364339	-160.4533969	371.4134141	-1004.51585	154.8085426	449.2310571	-1272.103159	16.34092096	86.8557103	-1365.479985	103.5193775	82.29975616	-1403.383452	101.9140724	397.1082231	-1227.626145	158.0662499	377.6264664	-1292.536961	-101.3338778	107.5999948	-712.0446964	-81.3959277	19.73760859	-953.8423488	-68.25581181	76.86580608	-745.9443162	-176.4588869	69.01684448	-760.6917683	-164.334519	67.55182083	-802.7805511	-73.1180661	92.00999842	-784.5485349	44.03081425	38.07773581	-1465.27023	95.27733142	33.9700002	-1208.528662	50.43357869	24.51943008	-1249.132017	156.7613232	23.53718732	-1277.746733	142.7435884	37.58312924	-1313.638329	44.1786171	38.03218882	-1285.272993
497	4.96	-92.43733968	973.2588997	-1069.647406	170.2550027	971.7432499	-1087.49973	23.32564633	1004.207809	-1265.726775	-162.310847	744.98506	-1109.429583	-5.708404044	494.5299201	-1027.748417	-141.9469867	500.8452795	-1029.984702	-148.6103667	638.5131362	-1077.334074	-58.6298032	721.7829084	-987.219793	209.8841869	793.7215853	-1207.178541	24.22032766	499.7996861	-1243.33221	152.5304024	487.6932412	-1257.405206	178.7639986	641.0616237	-1225.91942	132.2567431	689.992822	-1094.700974	-143.0469824	454.0345161	-1016.655007	-52.71545312	107.423732	-878.8319967	-135.2601434	74.5006377	-905.313362	-86.80989162	424.5340581	-940.4870097	-161.1049755	370.9831515	-1001.146175	153.6792136	449.3974109	-1269.280858	16.00067753	87.29984482	-1364.912253	103.1904886	83.19669961	-1402.901385	100.9301799	396.9868536	-1224.751915	157.1010547	378.0199345	-1290.246314	-101.8569846	104.3193052	-710.0120823	-81.21963669	20.15679511	-953.0294779	-68.69188556	74.16805669	-744.3527084	-176.7776593	66.08351116	-759.3764814	-164.5717287	65.26167246	-801.4163348	-73.39607643	89.66365839	-782.6448478	43.74983103	39.03211405	-1464.998593	95.26899526	33.946993	-1208.4059	50.36945758	24.40362611	-1248.961233	156.616866	23.61637957	-1277.688712	142.6041315	37.80333569	-1313.434014	44.10637681	38.06219424	-1284.954994
498	4.97	-93.77779034	973.5097988	-1063.83983	168.8385677	971.2298974	-1082.234534	21.68312484	1004.182012	-1260.181026	-164.1086266	745.3834867	-1104.392329	-6.711845377	494.7173121	-1023.12415	-143.0703232	500.7884161	-1025.674722	-150.0443924	638.5905136	-1072.255795	-60.26720624	721.4160561	-982.0267642	208.4872779	793.4723175	-1202.593771	23.2657499	499.5137253	-1239.72916	151.2841064	487.8317186	-1254.173187	177.4505758	640.9661922	-1221.972202	130.8042128	689.3177688	-1090.632197	-144.010563	453.799157	-1012.653519	-53.01081037	106.5882539	-876.8149458	-135.4004189	73.77712556	-903.8353749	-87.91232092	424.0711373	-936.4618334	-161.8212082	370.6781077	-997.7593494	152.5121737	449.566412	-1266.287833	15.64193553	87.81029794	-1364.289177	102.8064703	84.18369552	-1402.326937	99.87922268	396.8391009	-1221.946449	156.1038522	378.4656642	-1287.740681	-102.2995204	101.1518081	-708.1351825	-81.07508951	20.59985634	-952.2771475	-69.07168299	71.53400995	-742.8947068	-177.1060136	63.19789916	-758.1730094	-164.8186076	63.02588901	-800.1701525	-73.6303112	87.38659278	-780.8749942	43.47599171	40.19460413	-1464.707547	95.25335168	33.93338141	-1208.292285	50.29860953	24.26371264	-1248.789051	156.4824243	23.72526326	-1277.589815	142.4434649	38.10628662	-1313.17884	44.01268808	38.0745041	-1284.621783
499	4.98	-95.21207272	973.8954587	-1058.088617	167.3420727	970.7860612	-1076.9192	20.0681975	1004.170737	-1254.644733	-165.9634404	745.7984381	-1099.125204	-7.815585536	495.164302	-1018.207257	-144.2646681	500.8243367	-1021.34253	-151.579845	638.8623386	-1067.154492	-62.19482044	721.3403445	-976.7042057	207.0626037	793.2813854	-1197.942427	22.03728894	499.413107	-1236.184771	150.0081934	488.0004912	-1250.777322	176.1073263	640.934314	-1217.92447	129.3534173	688.7625568	-1086.286336	-145.0417562	453.6915559	-1008.527955	-53.32461691	105.8340021	-874.8337515	-135.7359798	73.20060811	-902.621485	-89.05922982	423.7011687	-932.3679863	-162.6148347	370.5075518	-994.2847103	151.3322318	449.7939281	-1263.155725	15.29862939	88.41254589	-1363.599909	102.4111312	85.29850425	-1401.700266	98.72954559	396.5450971	-1219.565239	155.0726368	378.9064525	-1284.973182	-102.7643529	98.05824708	-706.4015063	-80.93909605	21.01833599	-951.5530225	-69.47023642	68.96708108	-741.5394619	-177.5244308	60.42160165	-757.0833797	-165.1010781	60.87759836	-799.0261628	-73.90914875	85.21864921	-779.2117909	43.24176061	41.59045958	-1464.38612	95.23504431	33.91664168	-1208.194079	50.2053049	24.12320441	-1248.621017	156.3602746	23.84215193	-1277.474815	142.2665939	38.45956229	-1312.905562	43.89419287	38.0987264	-1284.285634
500	4.99	-96.73478277	974.4174312	-1052.392444	165.7710477	970.4520029	-1071.562392	18.46971464	1004.185385	-1249.114467	-167.8684432	746.2673714	-1093.73483	-9.040095969	495.8075484	-1013.083616	-145.5334226	500.9731688	-1016.922162	-153.1937492	639.3001974	-1062.038921	-64.38360985	721.5174928	-971.2690961	205.6116115	793.1911066	-1193.232368	20.70045441	499.4439646	-1232.568563	148.7436743	488.2246005	-1247.219173	174.7482053	640.9941733	-1213.77663	127.8970003	688.3208611	-1081.802989	-146.0892668	453.7359813	-1004.20113	-53.66703143	105.1516683	-873.0223749	-136.0564778	72.63542037	-901.5622704	-90.22159539	423.4021619	-928.2015727	-163.4894777	370.4744385	-990.6720171	150.1620122	450.1154122	-1259.884007	14.99638566	89.13526303	-1362.829312	102.0456344	86.5745997	-1401.037176	97.54545065	396.2122292	-1217.359415	154.0147998	379.355296	-1282.013282	-103.3080771	95.07843473	-704.8130631	-80.82179395	21.39003764	-950.8572686	-69.91878229	66.53191899	-740.2804006	-177.9834759	57.80844763	-756.0810384	-165.4017655	58.8539249	-797.9741178	-74.27585743	83.21769898	-777.6646831	43.0391479	43.21510071	-1464.013076	95.22316227	33.89001811	-1208.113184	50.08735155	24.00614598	-1248.446718	156.2480398	23.95463707	-1277.385287	142.0918049	38.83367895	-1312.63815	43.76009596	38.18870057	-1283.939847
501	5	-98.33992767	975.0624906	-1046.741809	164.1304854	970.2581988	-1066.145313	16.87243742	1004.277681	-1243.584444	-169.8442351	746.8498176	-1088.352485	-10.3780545	496.5937025	-1007.818555	-146.872718	501.2606982	-1012.345028	-154.828409	639.8786082	-1056.885953	-66.77428262	721.9070929	-965.7536478	204.1355016	793.2222429	-1188.423695	19.43075383	499.5365682	-1228.727229	147.5237553	488.549682	-1243.506574	173.3862685	641.1599794	-1209.498743	126.4371401	688.0045715	-1077.233889	-147.172855	453.9998876	-999.7632566	-54.04999412	104.5521158	-871.4347687	-136.2015973	72.07434178	-900.5367288	-91.40039422	423.1762007	-923.9515302	-164.4341425	370.5838202	-986.9278709	149.0304592	450.5385878	-1256.449879	14.7281598	90.02146335	-1361.984272	101.7393794	88.03745378	-1400.31898	96.45828634	396.1117384	-1214.640916	152.970849	379.8994916	-1278.990131	-103.9042526	92.30714299	-703.3795328	-80.75800941	21.77984038	-950.2510132	-70.39047243	64.3166419	-739.1319864	-178.4583513	55.37355677	-755.1858746	-165.6902659	56.99163659	-797.0204029	-74.70299188	81.42646511	-776.266649	42.84583603	45.06970009	-1463.573768	95.22471411	33.85810933	-1208.053056	49.96544394	23.91250827	-1248.251574	156.1470657	24.06412952	-1277.3088	141.9390333	39.2333291	-1312.349474	43.61517835	38.35454662	-1283.605996
502	5.01	-100.032797	975.818115	-1041.127866	162.4176206	970.1986954	-1060.656903	15.26412563	1004.498817	-1238.044248	-171.8974164	747.5733028	-1083.036394	-11.79427994	497.5090471	-1002.426374	-148.2494051	501.7140081	-1007.579319	-156.4690961	640.5783985	-1051.695772	-69.30081659	722.4629756	-960.1940942	202.6447873	793.3799429	-1183.474227	18.14339934	499.7357902	-1224.740836	146.3569252	489.0084044	-1239.634575	172.0292245	641.4428921	-1205.066881	124.9915727	687.8346377	-1072.565819	-148.4087441	454.5664033	-995.360647	-54.4678472	104.0606925	-870.0101843	-136.242487	71.64428381	-899.5469331	-92.62115143	423.0441693	-919.6123964	-165.4465518	370.838989	-983.1139548	147.9614014	451.0742585	-1252.840014	14.50865789	91.10256806	-1361.077348	101.506685	89.69244852	-1399.514465	95.52621916	396.3270496	-1211.212154	151.9900792	380.6019339	-1275.883144	-104.4935443	89.80895634	-702.1152901	-80.75753282	22.23222289	-949.7772943	-70.83747086	62.36873082	-738.1163611	-178.9552652	53.13699976	-754.422986	-165.9676369	55.3241761	-796.1635915	-75.14166103	79.86237504	-775.0456384	42.66115926	47.17171545	-1463.064584	95.24096971	33.82668656	-1208.018498	49.85460005	23.84574697	-1248.032564	156.051302	24.16698511	-1277.192651	141.8238926	39.68649051	-1311.990271	43.46903568	38.5701863	-1283.333669
503	5.02	-101.815879	976.6821832	-1035.533706	160.6318011	970.2551155	-1055.106256	13.6388211	1004.86431	-1232.480223	-174.0140475	748.4337527	-1077.793938	-13.2452802	498.5674814	-996.9148963	-149.6145203	502.3350614	-1002.645918	-158.1271178	641.3874612	-1046.493452	-71.91690689	723.152988	-954.6173463	201.1528923	793.6698619	-1178.394281	16.66513872	500.1256842	-1220.785744	145.239956	489.6014882	-1235.583362	170.7012989	641.8609157	-1200.50726	123.5688281	687.8203568	-1067.76663	-149.8033722	455.3518835	-990.9765163	-54.89329368	103.6934187	-868.6917434	-136.3335597	71.35985667	-898.6456896	-93.90807474	423.0110393	-915.2031066	-166.5286632	371.219187	-979.3073102	146.9557493	451.7340576	-1249.045179	14.38085223	92.36753296	-1360.091408	101.3375467	91.51397034	-1398.594188	94.69817382	396.7125545	-1207.440885	151.0838705	381.4684584	-1272.583511	-105.030516	87.57419664	-701.0147498	-80.79132797	22.69809414	-949.398012	-71.22951176	60.64943457	-737.2506288	-179.4170668	51.1067012	-753.7534111	-166.2651074	53.85503955	-795.4030133	-75.55941312	78.50742643	-773.9971286	42.49595069	49.5270718	-1462.485399	95.26861216	33.79470794	-1208.008558	49.75515131	23.81092996	-1247.78978	155.9508041	24.25692961	-1277.001825	141.7464531	40.20471091	-1311.543949	43.34988436	38.83769502	-1283.094618
504	5.03	-103.6733661	977.6497543	-1029.932598	158.7819094	970.4269446	-1049.508916	11.99495439	1005.355153	-1226.882401	-176.1387217	749.3855059	-1072.569749	-14.70429117	499.7757521	-991.324883	-150.9574257	503.0872222	-997.6268673	-159.7948099	642.2934078	-1041.299119	-74.57502759	723.9638165	-949.0390846	199.6608175	794.0886459	-1173.22319	15.07734969	500.6759901	-1216.80576	144.1707558	490.2970884	-1231.331977	169.425949	642.4127591	-1195.845529	122.1541573	687.9377596	-1062.82249	-151.2236446	456.1194499	-986.4848354	-55.29870314	103.4311928	-867.4576878	-136.525009	71.11892245	-897.8419224	-95.25499149	423.0422092	-910.76984	-167.6529928	371.6771053	-975.5542061	146.0069033	452.5111059	-1245.055637	14.32478187	93.78865655	-1359.001643	101.2013291	93.46359608	-1397.550656	93.90679504	397.13946	-1203.60833	150.2438907	382.4931303	-1269.112536	-105.4907319	85.55280106	-700.0429159	-80.83163146	23.12576786	-949.0527832	-71.55928129	59.05175096	-736.5548267	-179.7524709	49.2732832	-753.1075727	-166.5968973	52.54008823	-794.7500592	-75.94082973	77.31604035	-773.0835303	42.34960256	52.11325045	-1461.828151	95.30431236	33.76065025	-1208.013527	49.67525577	23.78442789	-1247.516752	155.8532628	24.35369077	-1276.740606	141.6941966	40.78837238	-1311.030836	43.28101735	39.1803055	-1282.774239
505	5.04	-105.5763238	978.6969013	-1024.306101	156.8804656	970.7250119	-1043.874881	10.32418309	1005.943178	-1221.243608	-178.1444775	750.3307177	-1067.201962	-16.16317362	501.0974154	-985.7194313	-152.3152148	503.9102426	-992.6340962	-161.4591959	643.2742699	-1036.120757	-77.22158052	724.8752026	-943.4617016	198.1606759	794.6209646	-1167.988473	13.74177787	501.2219925	-1212.44082	143.1468934	491.0539753	-1226.876093	168.1816589	643.0549396	-1191.039058	120.7407158	688.1570916	-1057.745097	-152.5722316	456.7458194	-981.8743885	-55.68471935	103.2165549	-866.293596	-136.771083	70.87265107	-897.1174728	-96.63915023	423.0840252	-906.3729157	-168.7592406	372.1682589	-971.8617053	145.107318	453.3748343	-1240.873673	14.27106764	95.3419644	-1357.800651	101.064355	95.5171006	-1396.413007	93.13148161	397.5743232	-1199.721087	149.4703413	383.642055	-1265.562332	-105.8698388	83.69235907	-699.1595537	-80.87451317	23.51988245	-948.7229973	-71.83257344	57.48371389	-736.0327012	-179.9505444	47.630759	-752.4625653	-166.923686	51.32096083	-794.185306	-76.27993606	76.23609898	-772.2600248	42.2019764	54.89751451	-1461.075777	95.34931203	33.72634789	-1208.022055	49.62933191	23.73516025	-1247.209439	155.7750306	24.4949323	-1276.455823	141.6630489	41.4643773	-1310.485245	43.24537069	39.59785081	-1282.309387
506	5.05	-107.500263	979.7865198	-1018.643531	154.9341248	971.1529103	-1038.205182	8.605790089	1006.605474	-1215.554956	-179.9015071	751.1781222	-1061.52374	-17.61819082	502.4445419	-980.167273	-153.7340992	504.7465001	-987.7629855	-163.1200697	644.2960823	-1030.961097	-79.83009004	725.8477114	-937.8688091	196.6445975	795.2410822	-1162.691202	12.88543631	501.6358933	-1207.406339	142.1637342	491.8462948	-1222.236126	166.9308079	643.7442932	-1186.063041	119.3498754	688.4810489	-1052.544009	-153.8431737	457.2720469	-977.2726768	-56.0691634	102.9927351	-865.1921964	-137.0125246	70.63240614	-896.4498025	-98.04822711	423.0976777	-902.0670725	-169.8068585	372.6531676	-968.2441666	144.2422733	454.2870608	-1236.52098	14.19516388	96.99480921	-1356.480785	100.9001515	97.66848486	-1395.20526	92.39037525	398.0154043	-1195.702145	148.7351655	384.8219359	-1261.901602	-106.1861953	81.94386043	-698.3396386	-80.92360177	23.89676821	-948.4171444	-72.06108229	55.96428251	-735.602756	-180.0842768	46.13273936	-751.8671607	-167.1843634	50.1598022	-793.6515364	-76.58047487	75.22358155	-771.4969148	42.0175247	57.85714055	-1460.212302	95.40855656	33.69291222	-1208.028293	49.62066136	23.65312657	-1246.868275	155.7122223	24.69110051	-1276.204308	141.6485095	42.25100445	-1309.930262	43.19691278	40.06694955	-1281.731164
507	5.06	-109.4394478	980.8896294	-1012.927533	152.9463829	971.7014526	-1032.497322	6.824973624	1007.31502	-1209.812571	-181.4608601	751.961164	-1055.623555	-19.06470194	503.7163491	-974.7412743	-155.2208699	505.5422996	-983.0668461	-164.7900689	645.3192974	-1025.825478	-82.39230403	726.8245106	-932.2416904	195.0987115	795.9158515	-1157.315529	12.29309767	501.9671485	-1201.857299	141.2125854	492.6644328	-1217.442179	165.6584319	644.4721215	-1180.962085	118.0075769	688.9209916	-1047.2097	-155.0709492	457.7458413	-972.8057254	-56.45394997	102.7450854	-864.1447834	-137.2147723	70.40340735	-895.8065535	-99.46970456	423.0652924	-897.8864757	-170.8075799	373.0785864	-964.7441946	143.3963783	455.2198362	-1232.023877	14.09537896	98.71617348	-1355.031077	100.6838755	99.91276792	-1393.894899	91.71414688	398.4724724	-1191.504517	147.9697231	385.9391198	-1257.989536	-106.4702002	80.25834041	-697.5688921	-80.97566006	24.25418416	-948.1356407	-72.25632741	54.59458767	-735.1134477	-180.2112212	44.69181163	-751.3700488	-167.3671832	49.03594631	-793.1170526	-76.85446294	74.24533353	-770.7767313	41.76528925	60.97161226	-1459.228854	95.48620265	33.66218479	-1208.031407	49.64124711	23.54024953	-1246.495761	155.6492593	24.92144747	-1275.982192	141.6230757	43.0984909	-1309.349808	43.11224813	40.55699011	-1281.078484
508	5.07	-111.4028208	981.9959943	-1007.137718	150.9281859	972.3492416	-1026.754008	4.985367781	1008.038885	-1204.020921	-183.0353558	752.8004746	-1049.803754	-20.49552789	504.8437044	-969.5111028	-156.7095488	506.230026	-978.5419614	-166.4831054	646.3074044	-1020.723597	-84.87189203	727.7327901	-926.588721	193.5029556	796.6226513	-1151.863701	11.62426138	502.3243448	-1196.141286	140.2836192	493.5045736	-1212.509609	164.3536336	645.2339029	-1175.747941	116.7292581	689.4541939	-1041.731616	-156.3205283	458.1698007	-968.5319895	-56.82269902	102.4890561	-863.1341133	-137.3590899	70.17508101	-895.1511998	-100.8744988	422.9812646	-893.8447449	-171.7872105	373.4034822	-961.3779087	142.5600376	456.1578038	-1227.388153	13.94762054	100.4927017	-1353.444711	100.3967502	102.2413957	-1392.442044	91.12739101	398.9616744	-1187.118095	147.1511973	386.9900399	-1253.775959	-106.7424525	78.58825999	-696.8307519	-81.02334984	24.58509014	-947.8637514	-72.42155374	53.39095256	-734.502166	-180.3425757	43.25129145	-750.9511241	-167.5137327	47.93772946	-792.5923858	-77.11205793	73.27389413	-770.0835396	41.43446223	64.21699676	-1458.120513	95.5834913	33.63893913	-1208.03283	49.67971026	23.39717206	-1246.100194	155.584894	25.17843801	-1275.734709	141.5572268	43.94327877	-1308.710097	43.00218867	41.04491924	-1280.359374
509	5.08	-113.3991965	983.1007028	-1001.262286	148.8949774	973.0691444	-1020.985774	3.091561451	1008.755229	-1198.182842	-184.7512876	753.7218768	-1044.22675	-21.89984925	505.7930543	-964.5327428	-158.1153328	506.7523914	-974.1426593	-168.1979114	647.2298782	-1015.661608	-87.20791385	728.5003852	-920.9421442	191.8442303	797.3564896	-1146.370775	10.8409483	502.7028236	-1190.342193	139.3802553	494.3596696	-1207.431982	163.0140719	646.019018	-1170.407275	115.5263317	690.0335873	-1036.117724	-157.6370706	458.5306356	-964.4422671	-57.15882519	102.2275403	-862.1511483	-137.4432044	69.93921649	-894.4732972	-102.2283334	422.8441024	-889.9382653	-172.7543361	373.6318431	-958.1007011	141.7413608	457.0982832	-1222.605743	13.74414798	102.3293807	-1351.720442	100.0448826	104.658198	-1390.868987	90.63561774	399.4778121	-1182.544198	146.3375778	388.0599728	-1249.399713	-106.9932153	76.89233092	-696.1020367	-81.06349999	24.89435681	-947.5877936	-72.54868288	52.20139192	-733.881632	-180.4690256	41.80733832	-750.5455543	-167.6576099	46.86687462	-792.0875076	-77.34728101	72.2854611	-769.4028495	41.02496898	67.58024361	-1456.885328	95.69702791	33.62551964	-1208.02979	49.73064996	23.22336515	-1245.691554	155.5305199	25.4893405	-1275.445993	141.4479194	44.79017524	-1308.007909	42.8728599	41.53345298	-1279.574521
510	5.09	-115.4310247	984.1799779	-995.3028947	146.856838	973.8357367	-1015.204	1.133499666	1009.461117	-1192.295504	-186.6146831	754.64567	-1038.89239	-23.27102361	506.5503188	-959.8420658	-159.4275547	507.1241681	-969.8173826	-169.9112819	648.0615831	-1010.630512	-89.35818128	729.0852155	-915.3272357	190.1203536	798.1102097	-1140.86862	10.06767582	503.0433738	-1184.353152	138.5211432	495.2145505	-1202.196658	161.6566862	646.8215893	-1164.969667	114.4056896	690.6238605	-1030.392895	-158.9353948	458.8206311	-960.4503314	-57.44768608	101.9462612	-861.1970008	-137.4949375	69.70993335	-893.7976711	-103.4993817	422.6534471	-886.1466347	-173.7124467	373.7969896	-954.8407321	140.9688116	458.0450078	-1217.676141	13.51081587	104.23152	-1349.8595	99.65883825	107.1798696	-1389.22433	90.22946433	399.9883041	-1177.785207	145.5849842	389.221792	-1245.014291	-107.1729446	75.1503877	-695.3611119	-81.09847622	25.19496135	-947.3081597	-72.6263235	50.85673286	-733.3816259	-180.5627974	40.38848243	-750.0951234	-167.7896653	45.84392139	-791.5901818	-77.53074134	71.26755366	-768.7263809	40.5378262	71.05937819	-1455.523948	95.81421097	33.62000767	-1208.010014	49.7984177	23.01745275	-1245.274413	155.4948264	25.88479828	-1275.143306	141.3067974	45.68404248	-1307.264307	42.71998889	42.03368699	-1278.729744
511	5.1	-117.4895849	985.1908349	-989.2739814	144.816105	974.6220264	-1009.416721	-0.907368397	1010.164319	-1186.358871	-188.6283656	755.5141598	-1033.797083	-24.60683754	507.1265298	-955.4353998	-160.7167749	507.442676	-965.5273479	-171.5867358	648.7838361	-1005.607007	-91.3155666	729.4870677	-909.7539098	188.332132	798.8680233	-1135.359348	9.332442342	503.3325691	-1178.134829	137.7208992	496.053553	-1196.79973	160.2893705	647.6251846	-1159.457857	113.3733083	691.2172892	-1024.57952	-160.1054358	459.0515839	-956.4528482	-57.66965276	101.6426965	-860.271497	-137.5459937	69.54083647	-893.1258097	-104.6517733	422.4144741	-882.4406287	-174.6712293	373.9317967	-951.5352397	140.2590186	458.9893306	-1212.593117	13.27968456	106.1765305	-1347.855083	99.25301113	109.7878837	-1387.475826	89.90053523	400.4578217	-1172.845605	144.902828	390.4744167	-1240.610697	-107.2169893	73.37439376	-694.5990677	-81.13005769	25.49328949	-947.0336875	-72.62839096	49.37627846	-732.9697266	-180.5909516	39.04186688	-749.5859511	-167.8740318	44.90053117	-791.0805154	-77.62390131	70.22558736	-768.0568501	39.98148234	74.64505995	-1454.034743	95.90922416	33.61980787	-1207.968689	49.86731675	22.78408261	-1244.85396	155.4662494	26.3574739	-1274.826007	141.1426201	46.64452914	-1306.491433	42.56052801	42.5314172	-1277.83046
512	5.11	-119.5560759	986.1019802	-983.1939253	142.7677137	975.3964911	-1003.631435	-3.04330992	1010.874841	-1180.377715	-190.7204681	756.3041694	-1028.795297	-25.8959366	507.5718242	-951.2609067	-162.0181943	507.769206	-961.2174851	-173.1978336	649.3934519	-1000.568496	-93.09482772	729.7321691	-904.2337458	186.4773239	799.6187828	-1129.833644	8.635941663	503.5613796	-1171.688162	136.9821416	496.8668584	-1191.240674	158.9031718	648.4009507	-1153.85938	112.4365818	691.8258514	-1018.678992	-161.2001206	459.2516701	-952.4146325	-57.80599405	101.3354759	-859.3719927	-137.6228921	69.48570441	-892.4197851	-105.6477044	422.135945	-878.7989582	-175.6419948	374.0530825	-948.1398482	139.599613	459.9076531	-1207.332722	13.0761651	108.1332357	-1345.704613	98.8042912	112.4154059	-1385.515813	89.64292568	400.866566	-1167.729886	144.2783617	391.7753834	-1236.094701	-107.0973966	71.59288577	-693.8215886	-81.15651237	25.78564604	-946.7706215	-72.51832166	47.91363168	-732.5346901	-180.5429671	37.81660102	-749.0597921	-167.8848155	44.05741615	-790.5533563	-77.60940571	69.17872139	-767.4065701	39.37445304	78.31518237	-1452.413644	95.9552166	33.62262115	-1207.91808	49.88009578	22.55616105	-1244.447815	155.405776	26.86118786	-1274.465995	140.9625513	47.66020164	-1305.675587	42.41812103	43.00730688	-1276.879156
513	5.12	-121.6160545	986.9154407	-977.0738896	140.7044506	976.1303143	-997.8511772	-5.267715474	1011.59598	-1174.352778	-192.7181013	756.9878375	-1023.598585	-27.12260424	507.9538995	-947.2607343	-163.2117291	508.000475	-956.7905774	-174.7501046	649.9127243	-995.5045065	-94.71872834	729.8644222	-898.7843617	184.5462925	800.3514375	-1124.286232	8.027927297	503.689987	-1164.994165	136.3068155	497.6388098	-1185.51408	157.499833	649.1284102	-1148.164389	111.5889145	692.449488	-1012.680763	-162.3135338	459.4420254	-948.3378765	-57.85154382	101.0469925	-858.4850966	-137.7398084	69.5023198	-891.679027	-106.4623112	421.8283269	-875.2167537	-176.6255656	374.1587938	-944.6354898	138.9829889	460.7780079	-1201.877592	12.89951956	110.0982984	-1343.421243	98.31128353	115.0394479	-1383.368204	89.45674606	401.2055689	-1162.448825	143.7010865	393.0443675	-1231.362166	-106.8453749	69.83293485	-693.0421564	-81.17654314	26.06644398	-946.5214456	-72.31115872	46.52105213	-732.0648218	-180.4271653	36.73299422	-748.5619871	-167.8284701	43.30904402	-790.0216747	-77.50482139	68.15143927	-766.7870134	38.73780824	82.05189916	-1450.65782	95.95369669	33.62542554	-1207.849287	49.80373233	22.37757879	-1244.071723	155.269575	27.33688222	-1274.060164	140.7741637	48.71329558	-1304.792565	42.28891888	43.47653596	-1275.879501
514	5.13	-123.6649913	987.6582551	-970.9188823	138.6283938	976.806615	-992.0699536	-7.556629567	1012.313049	-1168.288266	-194.519532	757.5517552	-1018.092824	-28.29009347	508.3161034	-943.4093575	-164.1473588	507.9906346	-952.1893074	-176.2754876	650.3792334	-990.4178463	-96.21230242	729.9453484	-893.414513	182.5230475	801.0470868	-1118.708381	7.540689476	503.683295	-1158.056805	135.6997539	498.3465381	-1179.614524	156.1065187	649.7994476	-1142.372334	110.8006853	693.0518531	-1006.586052	-163.4255176	459.6135628	-944.2117281	-57.83007891	100.7735787	-857.6107206	-137.8638009	69.46565934	-890.9556353	-107.1073675	421.5019606	-871.6957116	-177.5999036	374.2416674	-941.0437083	138.4308577	461.5885201	-1196.238056	12.71266054	112.0837635	-1341.020719	97.82605675	117.7058718	-1381.207703	89.35929768	401.4636347	-1157.024623	143.1692432	394.1745369	-1226.328892	-106.5219533	68.11571948	-692.2766617	-81.19053568	26.33568974	-946.2849495	-72.07348479	45.12165028	-731.6321186	-180.2499244	35.7614913	-748.0965107	-167.7330713	42.63169027	-789.5035385	-77.34478111	67.1625879	-766.2005051	38.08482364	85.85258229	-1448.770914	95.93289196	33.62311509	-1207.729596	49.68370044	22.25456599	-1243.715405	155.0595301	27.76290963	-1273.625204	140.5821689	49.7913495	-1303.846365	42.15743569	43.9732595	-1274.838155
515	5.14	-125.6949362	988.3595589	-964.7342285	136.5541408	977.4232523	-986.2815059	-9.887181802	1012.995611	-1162.213277	-196.1774012	758.0257845	-1012.403034	-29.41864948	508.6649679	-939.6925284	-164.9259101	507.8227944	-947.5121928	-177.8016106	650.820506	-985.3156919	-97.60119369	730.0154784	-888.1134051	180.3993947	801.6806674	-1113.080405	7.14577985	503.539923	-1150.928672	135.1617243	498.9784634	-1173.548096	154.7560786	650.4079977	-1136.483373	110.0284337	693.589858	-1000.407351	-164.5111373	459.747505	-940.0570919	-57.78929498	100.478721	-856.7998698	-137.9780271	69.29746644	-890.2983756	-107.6435465	421.1578907	-868.2345628	-178.5285545	374.2993407	-937.4278183	137.9700275	462.3313407	-1190.442144	12.48887564	114.0914712	-1338.515773	97.38248792	120.43723	-1379.066901	89.36780799	401.6269983	-1151.482981	142.6882561	395.1500088	-1221.091061	-106.1762295	66.44378421	-691.5393128	-81.19764781	26.59720727	-946.0453491	-71.83743098	43.68072749	-731.2622935	-180.0237198	34.84214814	-747.6514315	-167.6227475	41.99973178	-789.0105566	-77.15876703	66.21271803	-765.6427907	37.41531411	89.71635063	-1446.764901	95.91035445	33.60974137	-1207.56139	49.58140667	22.1627956	-1243.361462	154.8492139	28.20072331	-1273.160939	140.3897673	50.88503169	-1302.86373	42.01692849	44.51786187	-1273.761089
516	5.15	-127.6935385	989.0334001	-958.525896	134.4955433	977.9848777	-980.4959772	-12.2480084	1013.617147	-1156.167527	-197.8271955	758.4878436	-1006.678532	-30.52553439	508.9871955	-936.0828799	-165.8214082	507.7360083	-942.9348612	-179.3317423	651.2442937	-980.1963005	-98.91037284	730.0726879	-882.8621955	178.1869086	802.2167724	-1107.380962	6.807714279	503.2775595	-1143.680389	134.6912773	499.5317354	-1167.335847	153.4587143	650.9433735	-1130.505956	109.2380018	694.0587313	-994.1488505	-165.6159947	459.8479914	-935.9521392	-57.74769702	100.1540426	-856.0677217	-138.1281814	69.01948895	-889.7189278	-108.1573661	420.7917861	-864.8311048	-179.3925284	374.3254593	-933.8661409	137.603179	462.9929186	-1184.511088	12.25245379	116.1091073	-1335.915813	96.95495093	123.2155532	-1376.814267	89.46752182	401.6840973	-1145.857493	142.2804996	396.073384	-1215.832523	-105.8301035	64.79287446	-690.8384217	-81.19377148	26.849257	-945.7679529	-71.58514022	42.24735823	-730.9136288	-179.7694899	33.92678835	-747.2126421	-167.5090846	41.39288176	-788.5413027	-76.96375665	65.28603072	-765.1091735	36.72614656	93.63377405	-1444.646605	95.88394429	33.58232226	-1207.378006	49.51453589	22.08474991	-1243.017364	154.7070407	28.72033967	-1272.670295	140.2016264	51.97586534	-1301.862325	41.86958133	45.10842483	-1272.645338
517	5.16	-129.6659056	989.6805877	-952.3023268	132.453903	978.4901396	-974.7351419	-14.62669729	1014.164561	-1150.161839	-199.5715056	758.995547	-1000.989169	-31.62616781	509.2734432	-932.5490034	-166.9108303	507.7888761	-938.4995973	-180.8612554	651.654768	-975.0517763	-100.157563	730.1312114	-877.6537631	175.9167931	802.6271321	-1101.62109	6.531220714	502.9074671	-1136.355635	134.2943411	499.9951859	-1161.003151	152.1979474	651.3854233	-1124.450718	108.4318283	694.4844042	-987.8086266	-166.7310057	459.9162765	-931.9612262	-57.67965886	99.85109442	-855.3319184	-138.3135616	68.72571261	-889.1701286	-108.7181575	420.4056677	-861.4871474	-180.2087814	374.3079612	-930.4170523	137.3137033	463.5624358	-1178.459723	12.05587553	118.1152827	-1333.21879	96.5111669	126.0346034	-1374.431086	89.62216225	401.6212269	-1140.2063	141.9616243	397.0246785	-1210.5206	-105.4906345	63.13726946	-690.177689	-81.16860855	27.07485453	-945.4352433	-71.3092403	40.8606796	-730.5569607	-179.5049404	33.01049551	-746.760868	-167.4001724	40.80423417	-788.0871146	-76.76741385	64.37051439	-764.5953974	36.01937016	97.59132013	-1442.407485	95.85012859	33.54083398	-1207.192116	49.46700697	22.02692206	-1242.695351	154.6198756	29.3109695	-1272.187502	140.0158603	53.03607027	-1300.849481	41.73829492	45.71144277	-1271.475019
518	5.17	-131.6334705	990.2969702	-946.0818211	130.4199402	978.9302063	-969.0067981	-17.00251956	1014.634568	-1144.18131	-201.3994914	759.5203493	-995.3399198	-32.73855629	509.5360909	-929.0582479	-168.0808079	507.8840114	-934.1411318	-182.4027456	652.0608713	-969.8875337	-101.3543862	730.2255024	-872.4811981	173.6313949	802.9285311	-1095.870233	6.335753076	502.4296173	-1128.956447	133.9849957	500.3698091	-1154.581251	150.9566854	651.7198358	-1118.325724	107.6493192	694.8848838	-981.4040691	-167.7639643	459.9286828	-928.0887261	-57.57922097	99.59475997	-854.5655623	-138.4400649	68.5326521	-888.570179	-109.3478478	420.0084121	-858.2075462	-181.0165581	374.2422938	-927.0993663	137.0903379	464.0515244	-1172.315262	11.92881362	120.093788	-1330.4107	96.05702881	128.8947219	-1371.992029	89.82389732	401.4350318	-1134.591197	141.7001786	398.0186705	-1205.045211	-105.156399	61.48470178	-689.5552471	-81.11335342	27.2491981	-945.0914407	-71.02999659	39.522621	-730.206392	-179.2677505	32.12528629	-746.3133394	-167.3012549	40.2515313	-787.6474759	-76.57339802	63.46943522	-764.100567	35.28682258	101.5731411	-1440.034046	95.80768583	33.48735858	-1206.994183	49.41105084	22.01007525	-1242.385934	154.5410616	29.93158625	-1271.739331	139.8229804	54.06184375	-1299.826441	41.65927964	46.27330383	-1270.232697
519	5.18	-133.6050217	990.8759406	-939.891934	128.3784862	979.3004701	-963.3071848	-19.35809421	1015.042452	-1138.216523	-203.2213114	760.0145452	-989.6889538	-33.86915061	509.8013223	-925.5788243	-169.2944887	507.9935426	-929.869832	-183.9780251	652.456289	-964.7301889	-102.5288497	730.3334756	-867.3183492	171.3637933	803.1756146	-1090.210949	6.244033432	501.8439465	-1121.45003	133.7731657	500.692148	-1148.107304	149.7501964	651.9720648	-1112.155605	106.9358459	695.2644719	-974.9796779	-168.6995199	459.8757167	-924.3122515	-57.4763013	99.33412808	-853.8761006	-138.4409151	68.48898914	-887.8837058	-110.0186461	419.6029644	-854.9927808	-181.8430348	374.1353097	-923.8849461	136.9401775	464.4894164	-1166.105901	11.84814269	122.0548517	-1327.480507	95.62299974	131.7562777	-1369.464017	90.12127015	401.1781824	-1128.981614	141.4711329	399.0813264	-1199.529082	-104.8066105	59.87155394	-688.9634276	-81.04121181	27.37598155	-944.8066799	-70.76003955	38.22732711	-729.8859914	-179.1033146	31.29574109	-745.9264044	-167.2059144	39.77191542	-787.2327016	-76.37469507	62.58969574	-763.6318471	34.50693849	105.5704941	-1437.51576	95.75508278	33.42844101	-1206.775372	49.33434383	22.02912647	-1242.091582	154.4320779	30.54139112	-1271.306221	139.6258858	55.08742102	-1298.79081	41.64163956	46.76970625	-1268.916392
520	5.19	-135.5755526	991.4125756	-933.7539822	126.3166185	979.6085671	-957.6398175	-21.68782748	1015.424882	-1132.27194	-204.936113	760.467134	-983.9845893	-35.00363156	510.0846549	-922.1026405	-170.5814844	508.1326547	-925.7399273	-185.5957848	652.8062307	-959.6194866	-103.7318597	730.4035996	-862.1447711	169.1216494	803.4076436	-1084.648737	6.290011425	501.1664694	-1113.796931	133.6582852	500.9995944	-1141.596949	148.6153057	652.1998854	-1105.978348	106.3161845	695.6342599	-968.5856196	-169.6324008	459.7853744	-920.5988612	-57.38452872	99.02137973	-853.3510289	-138.3622432	68.52105183	-887.1582018	-110.6761591	419.1794422	-851.8372071	-182.6786921	374.0002719	-920.7049474	136.8840717	464.9103928	-1159.848046	11.77527396	124.02993	-1324.423046	95.21533399	134.5647013	-1366.787854	90.60422407	400.9976489	-1123.135988	141.3292668	400.220255	-1194.155922	-104.4055341	58.32303325	-688.402678	-80.98455055	27.49788828	-944.6003734	-70.4817777	36.96589894	-729.6067357	-179.0013801	30.53896941	-745.6151335	-167.096161	39.39933766	-786.8508878	-76.14642747	61.73289903	-763.2003987	33.67025547	109.5961183	-1434.841665	95.69532443	33.37484272	-1206.535914	49.24638828	22.06343546	-1241.824249	154.2610521	31.09306449	-1270.844767	139.4389782	56.14065537	-1297.7396	41.65055017	47.23246236	-1267.544444
521	5.2	-137.5525242	991.909146	-927.672464	124.2315693	979.8750819	-952.0124299	-23.9973523	1015.810757	-1126.362056	-206.4984023	760.8686102	-978.2326787	-36.11935489	510.384305	-918.6494962	-171.9118024	508.2866657	-921.7200342	-187.2512466	653.0680238	-954.6000076	-105.0030239	730.4318167	-856.9750877	166.8982599	803.6295023	-1079.108909	6.496369203	500.4247753	-1105.992826	133.644696	501.3145954	-1135.05191	147.5632152	652.4473827	-1099.817145	105.8013534	696.0148744	-962.2195528	-170.6298722	459.6958236	-916.8989725	-57.2763837	98.67657201	-852.9450929	-138.2820536	68.4998662	-886.4752268	-111.2718692	418.7342901	-848.7350353	-183.4983591	373.8539801	-917.4911942	136.9421693	465.3612069	-1153.567174	11.72082576	126.0390313	-1321.223186	94.78500908	137.3360717	-1364.008077	91.35224491	401.0402836	-1116.76817	141.3482935	401.3620948	-1188.880442	-103.9154502	56.82588782	-687.8891545	-80.96254918	27.64779145	-944.4424567	-70.16040109	35.72584797	-729.3668421	-178.8872672	29.92083325	-745.3078951	-166.9506891	39.1454332	-786.4970298	-75.85903515	60.89953516	-762.810082	32.78947871	113.6739001	-1432.003775	95.63784068	33.33502779	-1206.280527	49.15617102	22.12538329	-1241.549858	154.0514845	31.60445499	-1270.33364	139.2602433	57.20379898	-1296.666124	41.64811609	47.70671839	-1266.136666
522	5.21	-139.5620383	992.371795	-921.6424434	122.1258912	980.1297278	-946.4309202	-26.29997976	1016.194066	-1120.502793	-207.9995987	761.2174972	-972.5285303	-37.20342484	510.6915753	-915.2414274	-173.2097147	508.4211717	-917.7136266	-188.9369562	653.2374503	-949.7031546	-106.3437267	730.4342619	-851.8453711	164.6863605	803.8437536	-1073.532945	6.857114673	499.6372062	-1098.072764	133.7505596	501.676779	-1128.494754	146.5662398	652.7218144	-1093.668712	105.4044169	696.4286748	-955.7676871	-171.6641225	459.6217561	-913.1741291	-57.10858665	98.3536727	-852.5509637	-138.2204213	68.401046	-885.8734987	-111.7787908	418.2794013	-845.6843092	-184.3043767	373.7051045	-914.227685	137.1182673	465.8952916	-1147.299584	11.73874117	128.078984	-1317.860452	94.2863618	140.1390852	-1361.178331	92.36044031	401.2383919	-1110.024882	141.5174288	402.4167113	-1183.5386	-103.3174559	55.3483118	-687.4320058	-80.96514081	27.82181225	-944.3007464	-69.78046781	34.50511989	-729.1564562	-178.6888379	29.51283717	-744.9200382	-166.7593237	38.99206838	-786.1569851	-75.50137013	60.0882776	-762.4526001	31.88684367	117.8176909	-1429.00266	95.59180609	33.30455821	-1206.010529	49.06625366	22.23925063	-1241.221408	153.8675064	32.14246193	-1269.791357	139.0791341	58.24136516	-1295.568132	41.64691727	48.19709241	-1264.689439
523	5.22	-141.6309246	992.8000215	-915.6620251	119.9987558	980.398428	-940.9030898	-28.61512545	1016.552376	-1114.703194	-209.5910972	761.5372225	-966.9819937	-38.2593941	510.9970059	-911.8892443	-174.4205263	508.4861716	-913.657519	-190.621068	653.364507	-944.9176268	-107.7381029	730.4084245	-846.7803123	162.4693668	804.0730658	-1067.939388	7.35730673	498.8072489	-1090.074247	133.9922424	502.1132706	-1121.938336	145.5962846	653.0014974	-1087.509126	105.1311732	696.8943602	-949.100973	-172.6648408	459.5433203	-909.4259271	-56.86551157	98.07740537	-852.1181234	-138.1778472	68.34949385	-885.319997	-112.1904558	417.8218309	-842.6848856	-185.1290859	373.5392112	-910.9538632	137.4094865	466.5341444	-1141.060104	11.87278815	130.1413359	-1314.333521	93.76952144	142.9984614	-1358.27711	93.55085358	401.3510918	-1103.433179	141.7680534	403.3954864	-1178.070496	-102.6710591	53.90063444	-687.0088942	-80.96534546	28.0026222	-944.1564968	-69.37610295	33.33481345	-728.9563696	-178.4232101	29.27454527	-744.4629327	-166.5406191	38.89940182	-785.8264823	-75.09621167	59.30418564	-762.1172716	30.9891953	122.0282787	-1425.841226	95.55989344	33.26165971	-1205.727363	48.97479041	22.41613429	-1240.835587	153.7210089	32.71199981	-1269.248489	138.9142569	59.2604803	-1294.458555	41.68722817	48.70347402	-1263.189677
524	5.23	-143.7628285	993.1827939	-909.7416999	117.8459941	980.6903474	-935.443119	-30.96900547	1016.882492	-1108.979792	-211.2828959	761.8312001	-961.602256	-39.30738934	511.2903182	-908.6016264	-175.5537402	508.452504	-909.5775863	-192.2248652	653.4888708	-940.1958156	-109.1806565	730.3425001	-841.7746794	160.2337305	804.3481261	-1062.397008	7.997589296	497.9295207	-1082.013793	134.3794864	502.6027015	-1115.351699	144.6830813	653.2757864	-1081.336851	104.9916311	697.3941444	-942.3061312	-173.5897368	459.4198214	-905.687739	-56.57311001	97.8350464	-851.6697154	-138.1711313	68.39757005	-884.7738407	-112.5274107	417.3497426	-839.7357318	-185.9814262	373.3364628	-907.7137118	137.8299297	467.2448147	-1134.827232	12.12752058	132.2272791	-1310.664857	93.35464298	145.880735	-1355.246906	94.88202152	401.2736806	-1097.234437	142.0795935	404.4302206	-1172.536499	-102.1179718	52.55074287	-686.5870895	-80.9358611	28.16847889	-944.0031024	-69.01368951	32.28208317	-728.7425204	-178.1973024	29.08734869	-744.0268485	-166.3371918	38.82925264	-785.5228062	-74.69313798	58.57407841	-761.8016447	30.12904026	126.3053343	-1422.515115	95.5413828	33.18624914	-1205.428988	48.88265852	22.66474254	-1240.399438	153.582834	33.2715747	-1268.717355	138.8066944	60.31399015	-1293.362818	41.77317364	49.27636712	-1261.643335
525	5.24	-145.9260974	993.5037809	-903.9044655	115.6686578	980.9994018	-930.0687074	-33.38266493	1017.189451	-1103.371933	-212.92268	762.0632576	-956.2704395	-40.37095482	511.5616937	-905.381896	-176.6587238	508.3488195	-905.5538501	-193.707598	653.5897455	-935.5205215	-110.6693128	730.2161927	-836.8059164	158.0163193	804.6780683	-1056.954582	8.788530458	496.993511	-1073.879613	134.9271133	503.1280379	-1108.707527	143.9182608	653.5790348	-1075.227836	105.0151782	697.8670675	-935.6765048	-174.4162489	459.2090935	-901.9966593	-56.27691783	97.60743069	-851.2436669	-138.2059253	68.42416172	-884.2494137	-112.8424025	416.8472368	-836.8371913	-186.8115104	373.1048711	-904.5173321	138.397151	467.9761354	-1128.562232	12.4764683	134.3549782	-1306.879803	93.10268904	148.7555479	-1352.053323	96.38173317	401.0952259	-1091.240096	142.5000766	405.6346838	-1167.006421	-101.7641212	51.35741882	-686.1616822	-80.86772786	28.29240336	-943.8475825	-68.73726384	31.39836583	-728.5049422	-178.0877603	28.88324421	-743.6688915	-166.181505	38.76069711	-785.265994	-74.33415223	57.922965	-761.5123844	29.33698694	130.6615012	-1419.015225	95.53796074	33.07988387	-1205.093435	48.80649308	22.98667415	-1239.888263	153.4471815	33.81487922	-1268.196527	138.7659956	61.41561374	-1292.283483	41.87499151	49.97674948	-1260.060721
526	5.25	-148.0735386	993.7496187	-898.16838	113.4806974	981.3212529	-924.7960158	-35.85394743	1017.459666	-1097.916284	-214.3677918	762.1941597	-950.826849	-41.44920917	511.8053792	-902.2061106	-177.7563745	508.2281428	-901.6287439	-195.1505182	653.6364397	-930.9407279	-112.1934613	730.0233665	-831.8670958	155.8935023	805.0403126	-1051.601771	9.738882098	495.9882824	-1065.619948	135.6458563	503.6912893	-1102.033588	143.3630424	653.9408876	-1069.266388	105.1897892	698.3109643	-929.3137847	-175.1663421	458.9123193	-898.3880071	-56.01747539	97.38478321	-850.8579934	-138.2419943	68.37243725	-883.7591399	-113.2065216	416.3208708	-833.9879747	-187.5740216	372.8656652	-901.3771834	139.1044488	468.7111882	-1122.227567	12.88971526	136.5640378	-1302.986278	92.97020373	151.6373075	-1348.704849	98.07711227	400.9212875	-1085.234909	143.0741819	406.9761066	-1161.452041	-101.5888458	50.32238834	-685.747357	-80.79456887	28.36717219	-943.7075077	-68.53617283	30.67271222	-728.253716	-178.0477083	28.65606542	-743.3765327	-166.0717215	38.68536219	-785.0546456	-74.02483654	57.3389603	-761.2580314	28.63014423	135.1284885	-1415.338264	95.55404145	32.94609935	-1204.692006	48.75723938	23.40432154	-1239.254635	153.3183234	34.37609124	-1267.681617	138.747636	62.5020484	-1291.156136	41.95336223	50.84774733	-1258.426594
527	5.26	-150.1723102	993.9243146	-892.5315856	111.3085084	981.6691448	-919.6467663	-38.3608328	1017.689195	-1092.604181	-215.6532181	762.2283112	-945.2711865	-42.51936164	512.023748	-899.0259025	-178.8590221	508.1015234	-897.8024851	-196.6691007	653.6464961	-926.5127958	-113.7361516	729.797068	-826.9756157	153.8922749	805.4117242	-1046.309427	10.85183549	494.9282442	-1057.195416	136.5076043	504.2609195	-1095.374057	142.9730364	654.3150833	-1063.38769	105.4532473	698.8330842	-922.899972	-176.0046465	458.613401	-894.9083382	-55.82121124	97.16731653	-850.5097968	-138.2015184	68.31095655	-883.2668805	-113.6884382	415.7990613	-831.1721688	-188.2947108	372.6208177	-898.3515226	139.9295233	469.4587833	-1115.771498	13.34779196	138.9019794	-1298.974566	92.89209595	154.5805891	-1345.216715	99.9551148	400.8319091	-1079.106457	143.803127	408.3455985	-1155.760226	-101.492669	49.41505618	-685.3546911	-80.77920015	28.42183875	-943.5979865	-68.36761945	30.07054257	-728.0031234	-177.9798029	28.40562234	-743.1194766	-165.9893925	38.59792668	-784.8739556	-73.75014098	56.80105729	-761.0377063	28.00620518	139.7525675	-1411.486143	95.59789122	32.78326597	-1204.202395	48.72012375	23.98461737	-1238.452968	153.184839	35.01076056	-1267.157696	138.7059641	63.56718105	-1289.898147	41.96577849	51.95294303	-1256.694122
528	5.27	-152.2086211	994.0585265	-886.9846238	109.1801881	982.0668941	-914.655289	-40.87720728	1017.911856	-1087.386576	-217.0233768	762.2477639	-939.9059404	-43.57691403	512.2255927	-895.8029009	-180.0167325	507.9397109	-894.1019934	-198.2770396	653.6594676	-922.223567	-115.2780644	729.5759874	-822.1439085	151.9621309	805.7952006	-1041.078904	12.11584744	493.8700296	-1048.643	137.4384956	504.7877706	-1088.669711	142.6558321	654.6157944	-1057.403189	105.7779945	699.5095951	-916.1459968	-177.0910388	458.389107	-891.5926746	-55.7073227	96.96486332	-850.1821306	-138.0954993	68.25677274	-882.7835025	-114.3374304	415.3045585	-828.3589973	-189.0246124	372.3670438	-895.5077351	140.8546166	470.2086008	-1109.112454	13.83021211	141.4033399	-1294.834169	92.84488246	157.6591624	-1341.575377	101.9650121	400.8915076	-1072.756131	144.6618284	409.6984625	-1149.830688	-101.4129	48.62380034	-685.0022568	-80.83331181	28.48844707	-943.5157448	-68.20765519	29.58983118	-727.7665156	-177.8742601	28.1393088	-742.89047	-165.9303475	38.49281868	-784.7177675	-73.51336174	56.32893655	-760.8457234	27.444988	144.5763538	-1407.450387	95.67671493	32.6142738	-1203.592687	48.68301216	24.77926227	-1237.452189	153.0356293	35.78834671	-1266.591394	138.6407733	64.75438413	-1288.497858	41.93035166	53.32626209	-1254.814679
529	5.28	-154.1742154	994.1899953	-881.5333555	107.1140775	982.5251895	-909.8567849	-43.37655034	1018.163674	-1082.230287	-218.7009794	762.3546162	-935.0510038	-44.64980123	512.4166602	-892.5299406	-181.2418828	507.7499557	-890.5518647	-199.8725011	653.6820376	-917.9858411	-116.7974604	729.3795073	-817.3582916	150.0685725	806.2108205	-1035.933382	13.49611353	492.860944	-1039.996484	138.3773944	505.2603711	-1081.732163	142.3782924	654.8078681	-1051.192456	106.1409812	700.2834885	-909.3673562	-178.3302044	458.2008197	-888.4379997	-55.68995258	96.79575619	-849.848196	-138.0743849	68.18178846	-882.4132242	-115.1569663	414.8301639	-825.5560327	-189.7863515	372.1192866	-892.8717036	141.8653337	470.9346743	-1102.167229	14.30256422	144.0808215	-1290.554872	92.83022055	160.9332891	-1337.745939	104.0098647	401.0699056	-1066.121745	145.613768	411.0557561	-1143.600204	-101.3667855	47.97431518	-684.7233517	-80.89331587	28.56268825	-943.445976	-68.06718087	29.24798568	-727.563404	-177.7973949	27.88953466	-742.6966662	-165.9056976	38.36637041	-784.5892918	-73.34284376	55.96535952	-760.6904671	26.91636981	149.623235	-1403.194913	95.77872258	32.47153212	-1202.83383	48.64019016	25.7914806	-1236.2386	152.8697557	36.76437867	-1265.944121	138.5612291	66.21328268	-1286.999474	41.96792346	54.88940797	-1252.785921
530	5.29	-156.052945	994.333629	-876.2024449	105.1233827	983.0382677	-905.2632193	-45.83466271	1018.440346	-1077.173255	-220.6067051	762.5558976	-930.6033456	-45.76614784	512.5975923	-889.2219137	-182.4728406	507.5943413	-887.1240588	-201.3770422	653.7039822	-913.7439838	-118.2727472	729.2214279	-812.5869544	148.2680637	806.68548	-1030.898002	14.92263317	491.9168315	-1031.232481	139.3247632	505.699706	-1074.402988	142.1757255	654.9163487	-1044.758172	106.4609704	701.0766747	-903.1340088	-179.5130639	457.9809813	-885.4327761	-55.77430622	96.68257596	-849.4851745	-138.2213723	68.09036203	-882.2099779	-116.0922828	414.348378	-822.8531225	-190.5856641	371.9031947	-890.4324719	142.938164	471.622287	-1094.88454	14.72541024	146.9175829	-1286.102532	92.83937294	164.405992	-1333.685028	105.9665058	401.2483227	-1059.204764	146.6228254	412.4397875	-1137.040884	-101.383054	47.48765291	-684.5372491	-80.92174211	28.624497	-943.3855734	-67.95974232	29.04053738	-727.4109924	-177.7770622	27.69032748	-742.5403977	-165.9228993	38.22074353	-784.4890553	-73.26686762	55.72279792	-760.5915492	26.38314177	154.9022008	-1398.660244	95.87166258	32.35678683	-1201.914904	48.55964661	27.01964729	-1234.808023	152.6767596	37.95394363	-1265.190568	138.4416937	67.96718586	-1285.426169	42.16256906	56.56466175	-1250.626503
531	5.3	-157.8209775	994.4830538	-871.0156446	103.2286269	983.6089228	-900.8582692	-48.2373383	1018.694437	-1072.316049	-222.4709448	762.7780487	-926.1926524	-46.92379722	512.7725238	-885.8958903	-183.675516	507.5012741	-883.8037071	-202.8432026	653.7422104	-909.5579037	-119.7014568	729.1107863	-807.8048195	146.6385931	807.2304118	-1025.979126	16.3106865	491.0781088	-1022.350329	140.3111549	506.1144603	-1066.667726	142.0898283	654.9811051	-1038.141058	106.6826809	701.9161335	-897.3020258	-180.5929665	457.7544741	-882.5867302	-55.97222441	96.64492408	-849.1105828	-138.4142501	67.98966699	-882.0739053	-117.088204	413.8553948	-820.3189781	-191.4169456	371.7361216	-888.167337	144.0361533	472.260765	-1087.246487	15.08263589	149.8595035	-1281.42026	92.84148338	168.0212912	-1329.341181	107.7536753	401.3567354	-1052.008731	147.6676051	413.8331828	-1130.168463	-101.4504548	47.13062697	-684.4257154	-80.95288404	28.67777364	-943.3415626	-67.88251867	28.92917062	-727.3077155	-177.7788995	27.54707483	-742.4202555	-165.9773834	38.06064488	-784.4110204	-73.29137344	55.57781897	-760.5498311	25.80220089	160.4000517	-1393.793988	95.93445473	32.24547123	-1200.822193	48.41799233	28.45409659	-1233.156906	152.4299446	39.35844832	-1264.311305	138.2418215	69.9705954	-1283.73491	42.43461224	58.40298684	-1248.30779
532	5.31	-159.4684169	994.6405159	-865.97774	101.4554681	984.2535642	-896.6246704	-50.57183924	1018.877775	-1067.724014	-224.1582233	762.9755985	-921.669879	-48.09113977	512.9533214	-882.5510629	-184.8491119	507.4393067	-880.6152626	-204.347682	653.8196563	-905.5230804	-121.1063526	729.0470645	-803.0243418	145.1629599	807.788282	-1021.116361	17.61495634	490.3985935	-1013.37748	141.3381284	506.4641117	-1058.585116	142.1335231	655.0266854	-1031.369039	106.8151252	702.8844952	-891.085659	-181.6345783	457.5791041	-879.9112012	-56.29904605	96.68750401	-848.7846608	-138.5053508	67.85975816	-881.879018	-118.1370096	413.3839679	-817.9009091	-192.2589981	371.6136166	-886.0569338	145.1210379	472.8340255	-1079.258796	15.41669156	152.8246633	-1276.461009	92.7970003	171.725141	-1324.668067	109.3625309	401.415857	-1044.512011	148.7279214	415.1411852	-1122.943882	-101.5473427	46.82701033	-684.3427528	-81.01839824	28.74182376	-943.3128416	-67.83004225	28.8637867	-727.2319331	-177.7660535	27.43478436	-742.3305221	-166.0567388	37.88435319	-784.3457958	-73.38814083	55.5074609	-760.5241478	25.15398627	166.0811027	-1388.565795	95.98216488	32.11955853	-1199.532572	48.25053156	30.03757101	-1231.28742	152.1161597	41.01190985	-1263.267208	137.9471094	72.20781712	-1281.839954	42.63162372	60.47510748	-1245.78111
533	5.32	-161.0150266	994.82637	-861.0825441	99.8115794	984.9724513	-892.5588934	-52.81042384	1019.001188	-1063.339016	-225.7116998	763.155038	-917.159115	-49.22610434	513.1537633	-879.1637657	-185.9510378	507.3879253	-877.5669518	-205.874078	653.9332401	-901.674326	-122.5078413	729.0217467	-798.3144078	143.7537689	808.2430151	-1016.195333	18.83807166	489.8855927	-1004.330697	142.3548257	506.6757758	-1050.188715	142.2868074	655.0479312	-1024.453751	106.8731389	703.9908787	-884.2303022	-182.6484496	457.4561187	-877.3995305	-56.71199591	96.78996072	-848.535278	-138.50862	67.66747829	-881.6171052	-119.2302458	412.9659857	-815.5315297	-193.0966037	371.5106918	-884.0965408	146.163052	473.3348265	-1070.94104	15.79300639	155.7605497	-1271.209197	92.67516595	175.5124163	-1319.646133	110.8151023	401.4552877	-1036.703642	149.7576817	416.2622662	-1115.256847	-101.6681321	46.51376806	-684.2477671	-81.10659258	28.82388237	-943.2896351	-67.80172542	28.81144052	-727.1564712	-177.7335607	27.31716458	-742.2537015	-166.1474597	37.68710978	-784.2860946	-73.50490622	55.49975391	-760.4580071	24.45877828	171.9225713	-1382.954459	96.042729	31.99736651	-1198.015393	48.10267185	31.70289813	-1229.213915	151.7556873	42.96976286	-1261.996029	137.5731244	74.70874384	-1279.670782	42.65190627	62.74767217	-1243.028471
534	5.33	-162.4900539	995.0502694	-856.3305199	98.27018192	985.7387598	-888.6521535	-54.91822615	1019.118464	-1059.039343	-227.1895673	763.3299406	-912.8039623	-50.29112985	513.374365	-875.7557612	-186.969199	507.3411696	-874.685963	-207.3518107	654.062678	-898.0023629	-123.9055027	728.9987912	-793.8273931	142.3797341	808.5192312	-1011.14736	19.9992326	489.5076804	-995.2240204	143.2916772	506.7278482	-1041.494221	142.5172748	655.0285062	-1017.405653	106.8959216	705.1501979	-877.3458426	-183.5915189	457.358898	-875.0369011	-57.10463183	96.9129994	-848.3156905	-138.536981	67.43426046	-881.3603223	-120.3205456	412.6018265	-813.2367946	-193.9182734	371.407822	-882.2882174	147.1360178	473.7736675	-1062.315647	16.15806976	158.7111567	-1265.680929	92.45961313	179.4031837	-1314.280949	112.117587	401.4813374	-1028.596266	150.7114775	417.2150952	-1107.119045	-101.8109449	46.17477462	-684.1304931	-81.19253707	28.91677459	-943.2653848	-67.79483165	28.76231887	-727.0676553	-177.693884	27.16999946	-742.1679197	-166.2403227	37.47514368	-784.2314946	-73.6014759	55.52717541	-760.3418221	23.72957011	177.9005508	-1376.943639	96.11943659	31.91723526	-1196.233618	47.97677205	33.43144353	-1226.954144	151.3821991	45.26157834	-1260.448546	137.1420853	77.50312127	-1277.181933	42.49215435	65.13193543	-1240.035165
535	5.34	-163.9086573	995.2949791	-851.7290201	96.78982273	986.5234626	-884.8824087	-56.88204176	1019.249968	-1054.786869	-228.5904712	763.5012154	-908.651415	-51.26073021	513.5929842	-872.4914225	-187.9757326	507.2809341	-872.0503778	-208.7287088	654.1848211	-894.5029694	-125.2877582	728.8920678	-789.797839	141.0843109	808.6499049	-1006.004636	21.09652322	489.2344244	-986.0610336	144.1173522	506.6860535	-1032.54013	142.8149789	654.984035	-1010.249421	106.9175055	706.2977111	-870.9176874	-184.4266801	457.2763279	-872.8077525	-57.41153613	97.01474103	-848.0759734	-138.6631672	67.26459478	-881.1679191	-121.3473737	412.2660374	-811.0837445	-194.6756444	371.317575	-880.6130619	148.0135052	474.1678891	-1053.407092	16.33850233	161.759633	-1259.892489	92.14290549	183.395851	-1308.583566	113.2561442	401.4999799	-1020.211276	151.5986633	418.0984253	-1098.679376	-101.9638929	45.82522505	-683.9997955	-81.26736563	29.01151458	-943.2419919	-67.80087689	28.7188761	-726.9700559	-177.6538927	26.99771228	-742.064572	-166.3303805	37.2672452	-784.1848397	-73.6655671	55.54816371	-760.2134871	22.94309481	183.9494168	-1370.52567	96.19679747	31.86513475	-1194.198707	47.8646611	35.22014568	-1224.510898	151.0132274	47.8681122	-1258.613304	136.6716274	80.58348065	-1274.350922	42.22649885	67.58203074	-1236.789031
536	5.35	-165.2835774	995.5371295	-847.2792954	95.34335467	987.3134318	-881.2292385	-58.72001995	1019.37889	-1050.644228	-229.8825359	763.6627511	-904.687869	-52.13374449	513.787912	-869.5777154	-188.9891485	507.1982143	-869.6819287	-209.9897135	654.2851381	-891.1893891	-126.6369254	728.6238045	-786.3509008	139.9064439	808.7391198	-1000.85305	22.089382	489.0513493	-976.8304059	144.8374194	506.6415502	-1023.371199	143.191307	654.9636537	-1003.015747	106.8780945	707.4563601	-864.7324553	-185.1454267	457.2028532	-870.7063329	-57.65212886	97.07601311	-847.82407	-138.8685418	67.23649657	-881.0474459	-122.2659255	411.9414748	-809.109178	-195.3157974	371.2627903	-879.0449217	148.7651397	474.5331972	-1044.24283	16.26057993	164.8998984	-1253.821898	91.72131974	187.4561937	-1302.559469	114.2184831	401.5223591	-1011.572783	152.4473162	418.9983849	-1090.025893	-102.1116767	45.47981909	-683.8616815	-81.33816261	29.10560405	-943.2242732	-67.80807219	28.68611183	-726.872854	-177.6128428	26.83043143	-741.9549017	-166.4112831	37.08250606	-784.1437818	-73.69325273	55.54586731	-760.0936875	22.07874357	190.0043519	-1363.699236	96.27135375	31.75834421	-1192.002147	47.78822971	37.0448147	-1221.879068	150.6405172	50.73313656	-1256.48168	136.1763996	83.90277495	-1271.183886	41.94318081	70.08602562	-1233.309667
537	5.36	-166.634239	995.764018	-842.9684117	93.91894313	988.1081391	-877.6777036	-60.45961972	1019.504904	-1046.661036	-231.0477743	763.8039114	-900.9000273	-52.93506788	513.9648523	-867.0471466	-189.9210299	507.1050105	-867.5014171	-211.1289327	654.3644516	-888.0698671	-127.9066214	728.2310843	-783.2704481	138.8412284	808.8567784	-995.7234759	22.93512836	488.9584083	-967.5157443	145.4392597	506.665993	-1014.02809	143.6303796	654.987694	-995.7079632	106.693299	708.6624498	-858.4397325	-185.7947176	457.1302976	-868.75131	-57.86393903	97.11761227	-847.5917746	-139.0750976	67.3098586	-880.9629076	-123.0616582	411.6357185	-807.3125061	-195.8537022	371.2359527	-877.5821192	149.3788437	474.8909888	-1034.846239	16.01338687	168.0408689	-1247.422637	91.20042648	191.5385696	-1296.206021	115.0159441	401.5686513	-1002.705181	153.2152155	419.9893186	-1081.148471	-102.259228	45.13804948	-683.7346289	-81.41049678	29.20036161	-943.2129439	-67.80675759	28.66436666	-726.7801154	-177.5759168	26.70553595	-741.8547436	-166.4743339	36.93098965	-784.103859	-73.68354055	55.53863868	-759.968596	21.14479001	196.0509382	-1356.467406	96.36732152	31.5438911	-1189.716224	47.77930395	38.90698537	-1219.068688	150.2491278	53.79872733	-1254.018112	135.6611706	87.39350654	-1267.680958	41.72058666	72.59612008	-1229.622263
538	5.37	-167.9663862	995.9669692	-838.7810756	92.51023131	988.9089359	-874.2111635	-62.12007387	1019.642911	-1042.836383	-232.1004191	763.9126862	-897.2909438	-53.68677657	514.1343384	-864.810584	-190.7135845	507.0243518	-865.4368888	-212.1302591	654.429994	-885.1312782	-129.021216	727.833274	-780.1884367	137.8505269	808.9849998	-990.546631	23.61995443	488.9638822	-958.1108643	145.8821879	506.7978009	-1004.558102	144.0600996	655.010504	-988.2864873	106.3504942	709.9073712	-852.0053424	-186.4347648	457.0592561	-866.9494478	-58.06009547	97.17156248	-847.3911845	-139.2226043	67.38773787	-880.8759814	-123.7402973	411.3522595	-805.6787999	-196.3386705	371.2112154	-876.2188793	149.8883027	475.2761156	-1025.242662	15.6947294	171.1056876	-1240.672719	90.59498987	195.6086778	-1289.521442	115.6811591	401.6749254	-993.6286594	153.7998459	421.1045177	-1072.017477	-102.4344784	44.79341593	-683.6606113	-81.48091015	29.29177513	-943.2059082	-67.7992248	28.65038648	-726.6921403	-177.5585197	26.64411507	-741.7651129	-166.5145211	36.81301191	-784.0666845	-73.65786249	55.55651701	-759.8260397	20.15012416	202.0879506	-1348.842938	96.52208268	31.22233103	-1187.310864	47.8430604	40.8290497	-1216.082997	149.8490253	57.02621064	-1251.198271	135.1175338	91.0064178	-1263.830178	41.58099723	75.06952886	-1225.740979
539	5.38	-169.261764	996.1341745	-834.7185763	91.12647858	989.7098502	-870.8156128	-63.71475384	1019.781963	-1039.179906	-233.0683589	763.9812173	-893.861631	-54.38793202	514.2818203	-862.8414882	-191.3900187	506.9638954	-863.4734273	-212.9869971	654.4838182	-882.3476822	-129.9292305	727.4920755	-776.995775	136.9159629	809.0857134	-985.2933707	24.14699872	489.0682291	-948.6381358	146.1621212	507.0133264	-994.9837644	144.4011414	654.9895072	-980.728989	105.8880859	711.1835138	-845.5094299	-187.0453706	456.9925529	-865.2609628	-58.23856503	97.24165562	-847.2207743	-139.3144582	67.4216376	-880.7772233	-124.3045791	411.0764438	-804.1934732	-196.7946316	371.1764258	-874.9173397	150.3218303	475.7168582	-1015.46793	15.33686126	174.086158	-1233.612859	89.90823288	199.6572166	-1282.538358	116.2302323	401.8672083	-984.364002	154.1375713	422.2996	-1062.631087	-102.6466891	44.4528344	-683.6502435	-81.54611885	29.37139684	-943.203133	-67.80445578	28.64988135	-726.6047528	-177.5636126	26.62582363	-741.6782785	-166.5338645	36.72226747	-784.0349225	-73.65323467	55.61538823	-759.6753146	19.06543607	208.0656332	-1340.87597	96.7359808	30.71024767	-1184.674095	47.97172926	42.78332124	-1212.877978	149.4767998	60.38451614	-1248.050804	134.5401328	94.7522265	-1259.649867	41.48234724	77.5231657	-1221.646822
540	5.39	-170.4957776	996.2608804	-830.7922602	89.79934529	990.5006871	-867.4856302	-65.24146641	1019.893532	-1035.701517	-233.9725476	764.000121	-890.6117599	-55.03104725	514.3866364	-861.1389748	-191.9776743	506.9007664	-861.6049198	-213.7179847	654.5241557	-879.6922155	-130.6326233	727.1900198	-773.8453779	136.0627518	809.167151	-980.0636544	24.52883177	489.2564336	-939.1346455	146.3296302	507.2512103	-985.2884854	144.6233525	654.9489436	-973.0858411	105.3574309	712.5223054	-838.9778779	-187.6179392	456.9261009	-863.6528111	-58.39448952	97.30569566	-847.0848834	-139.3880198	67.42371605	-880.6798358	-124.763668	410.8021493	-802.8380334	-197.2325487	371.1306275	-873.6417974	150.6517923	476.2093329	-1005.58089	14.91172582	177.0475241	-1226.355133	89.10996498	203.7050782	-1275.348268	116.6482771	402.1325568	-974.9408293	154.2495103	423.4994344	-1053.064395	-102.8660134	44.13515769	-683.6592952	-81.60725401	29.43424398	-943.2054202	-67.83488785	28.67589512	-726.5087948	-177.5689381	26.60137127	-741.5960057	-166.5410129	36.64899719	-784.0067221	-73.67855411	55.6929835	-759.5475359	17.81740908	213.8543673	-1332.691725	96.9564834	29.86451815	-1181.568461	48.190119	44.7217833	-1209.340143	149.1654705	63.85763345	-1244.631142	133.9385077	98.67370874	-1255.170958	41.42007242	80.00526908	-1217.231345
541	5.4	-171.6581088	996.3592648	-827.0045089	88.55528255	991.2752713	-864.219749	-66.66203722	1019.986465	-1032.3162	-234.8143849	763.9726484	-887.5308637	-55.61823225	514.4477515	-859.6369512	-192.5017481	506.82058	-859.8186008	-214.3528319	654.5541258	-877.1434341	-131.1688557	726.901679	-770.8772506	135.2854456	809.2454023	-974.9173686	24.78397994	489.5081314	-929.6240656	146.4191853	507.4830759	-975.4661817	144.7216954	654.9173593	-965.4175251	104.7957705	713.9507145	-832.4403593	-188.2310422	456.8595795	-862.1336454	-58.5273555	97.34302329	-846.9923425	-139.465142	67.41324266	-880.5982632	-125.156193	410.5417205	-801.5858411	-197.6641531	371.0740395	-872.3936964	150.8268495	476.743266	-995.6846073	14.35138913	180.0838387	-1219.025543	88.13862839	207.7959504	-1268.088839	116.9184195	402.4455857	-965.4011484	154.2009318	424.6638882	-1043.469654	-103.0607249	43.85114414	-683.6551915	-81.66084693	29.47613644	-943.2088865	-67.86427263	28.71872274	-726.4067341	-177.556096	26.54632617	-741.5267489	-166.5480979	36.58334982	-783.9818102	-73.70694832	55.7440788	-759.4745124	16.32104388	219.2245559	-1324.485487	97.18474796	28.8977428	-1177.592901	48.56866876	46.69685505	-1205.223281	148.935515	67.47781636	-1240.900935	133.3397726	102.7536782	-1250.357939	41.44481882	82.60804248	-1212.303475
542	5.41	-172.7523874	996.446491	-823.3523464	87.3920963	992.0312601	-861.0177946	-67.92873701	1020.101907	-1028.897349	-235.5582674	763.9472625	-884.5668711	-56.15865452	514.4783469	-858.2376153	-193.0240337	506.7509187	-858.1122838	-214.9141504	654.5824642	-874.6902917	-131.5966622	726.618928	-768.1154188	134.5235507	809.3051103	-969.7896482	24.91738259	489.8006636	-920.1178988	146.4249572	507.7350917	-965.5570872	144.6807309	654.8698669	-957.7253166	104.2103076	715.4477789	-825.9349403	-188.8516092	456.7898404	-860.6970392	-58.63985468	97.35335999	-846.9386851	-139.5451054	67.39390237	-880.5362992	-125.5306506	410.3053773	-800.3992166	-198.0889035	371.0110504	-871.2007187	150.8221401	477.3240721	-985.8616307	13.61684161	183.2353832	-1211.652026	86.93897606	211.9525412	-1260.894064	117.0389684	402.8111103	-955.7987967	154.0514794	425.8132996	-1033.999965	-103.2260164	43.59788018	-683.6459012	-81.69525013	29.49328493	-943.2055895	-67.85654357	28.73491285	-726.3306243	-177.5339143	26.47988746	-741.4718286	-166.5639389	36.51943254	-783.9651114	-73.72041351	55.75191572	-759.4548395	14.52412047	223.8621319	-1316.446108	97.5739976	28.7360961	-1172.361731	49.16769457	48.94967311	-1200.09692	148.8187396	71.34404334	-1236.555188	132.801434	106.9247579	-1245.04811	41.57634597	85.47270843	-1206.59916
543	5.42	-173.7839986	996.5296104	-819.8362059	86.29176663	992.7690525	-857.8766115	-69.04039372	1020.23786	-1025.475686	-236.174417	763.9727469	-881.6710106	-56.65823108	514.4909593	-856.8611963	-193.5738387	506.7109661	-856.4914851	-215.4244646	654.6148456	-872.3339842	-131.9779608	726.3445344	-765.5210326	133.7398832	809.3340744	-964.6327428	24.92045004	490.1344873	-910.6084894	146.3418295	508.0659515	-955.6342444	144.5024289	654.7974089	-950.0033681	103.592614	716.9802611	-819.4734368	-189.3125604	456.7014931	-859.3042497	-58.72987813	97.35103484	-846.8980507	-139.6235049	67.37121801	-880.4886538	-125.8992815	410.0875206	-799.2197458	-198.4901955	370.9468658	-870.0819278	150.6738049	477.9539998	-976.0980395	12.73604428	186.4369444	-1204.111198	85.52204671	216.0742343	-1253.757362	117.0274322	403.2597867	-946.1878503	153.8266462	427.0263863	-1024.704623	-103.3745896	43.36273187	-683.6428256	-81.71152847	29.49714691	-943.1973689	-67.81594219	28.69248423	-726.309999	-177.5209634	26.42962454	-741.4247386	-166.5902745	36.45870129	-783.961114	-73.725302	55.73171582	-759.4595704	12.46399466	227.5137641	-1308.640027	98.29645528	30.48543427	-1165.675794	49.95420363	51.7954533	-1193.518304	148.8554743	75.57978308	-1231.035748	132.3884917	111.1699085	-1238.943649	41.78521784	88.69416734	-1199.81026
544	5.43	-174.7625864	996.6049152	-816.4511782	85.24141863	993.4967529	-854.7812274	-70.03389699	1020.347489	-1022.205995	-236.7052775	764.0276052	-878.8703802	-57.11021769	514.496045	-855.459541	-194.0719523	506.6613393	-854.9525197	-215.9093404	654.6451264	-870.0808322	-132.3573497	726.0789509	-763.0422278	132.9465961	809.3548385	-959.4641956	24.80079394	490.5771912	-901.0511705	146.1764025	508.5434754	-945.7773245	144.2278293	654.7613216	-942.2983853	102.9372953	718.5517157	-813.0581428	-189.5856541	456.5907943	-857.9379038	-58.78855536	97.34544552	-846.8413919	-139.6955174	67.36368387	-880.4461289	-126.2264619	409.8699943	-797.9910339	-198.8441217	370.8801269	-869.0262744	150.4562744	478.6372079	-966.3475999	11.76970777	189.5331584	-1196.220073	83.99927674	219.9045265	-1246.418362	116.9256842	403.8172112	-936.5962314	153.511772	428.4012442	-1015.489117	-103.517605	43.12585265	-683.6437924	-81.73496755	29.51363624	-943.2006854	-67.76273715	28.60969328	-726.3185178	-177.5208055	26.40057882	-741.379717	-166.6234239	36.40985021	-783.9667178	-73.72721398	55.69363411	-759.4620078	10.33483056	230.1848687	-1300.942927	99.30939984	34.2388143	-1157.49901	50.79249345	55.2530119	-1185.393358	149.049045	80.13931766	-1223.886409	132.1139799	115.4703963	-1231.724906	42.01875776	92.1900106	-1191.797158
545	5.44	-175.7119759	996.6634981	-813.180944	84.23381001	994.23473	-851.7134498	-70.93291641	1020.424481	-1019.12152	-237.2129694	764.0612304	-876.2189069	-57.5012214	514.5077579	-854.0354395	-194.4286842	506.5590942	-853.4759136	-216.3774561	654.6581998	-867.9318795	-132.7621192	725.8053709	-760.6356535	132.1652027	809.4118665	-954.2920766	24.58865247	491.2126545	-891.4344705	145.9249369	509.1973049	-936.0336065	143.9047643	654.832073	-934.6692331	102.2508537	720.189257	-806.7035275	-189.8168125	456.4802472	-856.6099415	-58.80385237	97.33593982	-846.7545332	-139.7478104	67.39195866	-880.3956302	-126.4658121	409.6287277	-796.7456744	-199.1238426	370.8076979	-868.0009709	150.1874283	479.388647	-956.6011576	10.77431636	192.3381299	-1187.878832	82.5382839	223.2056025	-1238.544957	116.7832149	404.493642	-927.0066156	153.0674612	429.9391641	-1006.205751	-103.6533617	42.87253322	-683.6405072	-81.76464063	29.54832446	-943.2135665	-67.70787665	28.52382512	-726.3022679	-177.5271211	26.38379566	-741.335115	-166.6570192	36.38388209	-783.971772	-73.72050355	55.63504035	-759.442643	8.437756001	232.1243383	-1293.095611	100.3404953	38.85501966	-1148.019598	51.52443532	58.8772708	-1176.09945	149.3351429	84.66760501	-1215.13335	131.9366984	119.6446296	-1223.288209	42.22179551	95.63407729	-1182.764837
546	5.45	-176.6634951	996.6969858	-810.005878	83.25089754	995.0093139	-848.667755	-71.74646863	1020.51798	-1016.114522	-237.6989225	764.0513375	-873.7252355	-57.82961094	514.53715	-852.6668909	-194.673006	506.4226286	-852.0335431	-216.8157793	654.6430612	-865.8817746	-133.2051074	725.5042463	-758.2765895	131.4141822	809.5419219	-949.1144926	24.30725257	492.0509528	-881.8474051	145.5642495	509.9714707	-926.3751798	143.5614873	655.0388403	-927.1347331	101.5539378	721.9115602	-800.4300915	-190.1136039	456.3867014	-855.3260343	-58.76479399	97.32196193	-846.6339001	-139.7639077	67.4635615	-880.3230019	-126.6050753	409.3504179	-795.6157392	-199.3003929	370.7304897	-866.9748949	149.807925	480.2404869	-946.8848689	9.821635073	194.6964968	-1179.084101	81.26417538	225.928774	-1230.049096	116.6230967	405.2918946	-917.3646135	152.4718189	431.5126081	-996.7816313	-103.7713198	42.60235149	-683.6250049	-81.75743969	29.58467733	-943.2052987	-67.67321182	28.44308581	-726.251836	-177.5399258	26.38174594	-741.2868286	-166.6852097	36.38751419	-783.9686533	-73.69822187	55.55267066	-759.385136	6.971243528	233.5955638	-1284.84514	101.1080965	43.08440751	-1137.709616	52.05185755	62.11859019	-1166.165328	149.6045335	88.70314992	-1205.269875	131.8024034	123.3653586	-1213.86678	42.37900754	98.60880254	-1173.097166
547	5.46	-177.6350521	996.7002621	-806.9128554	82.26422172	995.8314474	-845.6487413	-72.49226409	1020.65991	-1013.116685	-238.143238	763.9786466	-871.3818086	-58.10502595	514.5809143	-851.4396827	-194.8893824	506.2962885	-850.5995057	-217.2114654	654.5964688	-863.926164	-133.6844903	725.1766912	-755.9530586	130.7168358	809.7546498	-943.9681145	23.9567451	493.0565496	-872.3865735	145.083257	510.7863262	-916.7361265	143.2147287	655.3817148	-919.6798444	100.8699762	723.7301205	-794.2430988	-190.4391411	456.2784177	-854.074528	-58.66306958	97.30088314	-846.4840616	-139.7356973	67.56460336	-880.2232381	-126.6719855	409.0573055	-794.652333	-199.3598613	370.6463025	-865.9371271	149.3018696	481.2418936	-937.2443481	9.01160057	196.5304309	-1169.838635	80.21108533	228.1361956	-1221.081135	116.4243178	406.2014771	-907.6004753	151.7765168	432.9986596	-987.2100904	-103.865397	42.32049224	-683.5920753	-81.72144699	29.6370624	-943.1769602	-67.6786774	28.34981412	-726.196574	-177.5595851	26.40733024	-741.2276788	-166.7058615	36.41981534	-783.9588258	-73.66012409	55.44239051	-759.2886174	5.909656558	234.7089427	-1276.053646	101.5368836	46.42380283	-1127.021069	52.36073092	64.71890544	-1155.880869	149.7640548	91.94647961	-1194.87399	131.6629019	126.3508424	-1203.852129	42.48922685	100.9228742	-1163.042919
548	5.47	-178.6217427	996.6725428	-803.8968931	81.25894497	996.6791512	-842.6666301	-73.19006434	1020.828437	-1010.144169	-238.5547134	763.8217156	-869.1903257	-58.32350277	514.6263619	-850.3122741	-195.0776112	506.1835042	-849.1648934	-217.5658015	654.5164228	-862.0642912	-134.1844274	724.8342262	-753.6561176	130.0885575	810.0340256	-938.8994276	23.53300307	494.2097642	-863.0658688	144.5193359	511.6297882	-907.091292	142.8825911	655.8338268	-912.2755993	100.2102739	725.6527792	-788.1262319	-190.6418783	456.0980449	-852.8282871	-58.48442335	97.25659875	-846.3255107	-139.6577717	67.65816267	-880.1045411	-126.6917458	408.7871568	-793.7417637	-199.3254889	370.5441542	-864.8968299	148.7573947	482.3981335	-927.7041719	8.406153702	197.858387	-1160.129992	79.36333065	229.816534	-1211.739805	116.1395824	407.1870899	-897.6628065	151.0808452	434.3357874	-977.4627907	-103.9369228	42.02251104	-683.5372124	-81.71350627	29.73234561	-943.167758	-67.72748926	28.23648555	-726.1500784	-177.5814898	26.45935063	-741.1604897	-166.7207649	36.47515757	-783.9489988	-73.60920694	55.29283922	-759.1759489	5.109432073	235.425916	-1266.721125	101.7577095	48.96602923	-1116.057832	52.50344358	66.71699148	-1145.202039	149.7843221	94.30633625	-1184.223841	131.4918221	128.5028947	-1193.504463	42.5146522	102.6920478	-1152.607995
549	5.48	-179.6087379	996.6188085	-800.9556951	80.24237522	997.5111931	-839.7381958	-73.8540906	1020.979862	-1007.226513	-238.9241158	763.6066417	-867.1103657	-58.46326736	514.6607388	-849.1605433	-195.1821806	506.0535062	-847.7418718	-217.8678777	654.3990213	-860.2780427	-134.6708733	724.4792652	-751.3822255	129.526469	810.3475752	-933.9039808	23.05023743	495.494597	-853.8604879	143.9408577	512.5122651	-897.4440435	142.5830939	656.344395	-904.8826589	99.56912194	727.6650838	-782.0550637	-190.6276643	455.862995	-851.5569701	-58.20224951	97.16656279	-846.1875408	-139.5149621	67.69329286	-879.9786056	-126.6454665	408.5421873	-792.7857305	-199.2426645	370.4126158	-863.8571039	148.2536398	483.6165473	-918.2235798	7.977803247	198.754204	-1149.974592	78.70150441	230.8581983	-1201.938762	115.7414663	408.2018901	-887.5570283	150.439352	435.4756389	-967.561665	-103.9823258	41.68887546	-683.4516719	-81.7075373	29.83244744	-943.1724593	-67.82016026	28.12413228	-726.0895541	-177.602932	26.51688007	-741.095626	-166.7316385	36.55052878	-783.9445996	-73.53972581	55.08735615	-759.069475	4.460609426	235.6489774	-1256.940013	101.9122289	50.96429514	-1104.641795	52.56294463	68.26819998	-1133.930338	149.6985716	95.84802182	-1173.203579	131.2958447	129.897199	-1182.827665	42.44512953	104.0848294	-1141.674545
550	5.49	-180.5851928	996.5461197	-798.0812201	79.23003325	998.2973946	-836.8752766	-74.50034496	1021.088949	-1004.374897	-239.1877497	763.4003278	-865.0403303	-58.50968819	514.6706333	-847.9657896	-195.1977675	505.8828567	-846.3361621	-218.0690497	654.238472	-858.5165893	-135.1011999	724.1068264	-749.129941	129.0215946	810.6487235	-928.9361624	22.53945839	496.8723098	-844.7551428	143.4053009	513.4084198	-887.790024	142.3249461	656.8691434	-897.4612858	98.922873	729.7280298	-776.0083023	-190.5373256	455.6734233	-850.2580033	-57.79258676	97.01619515	-846.0879145	-139.3161228	67.64379274	-879.8539517	-126.4777105	408.2947364	-791.8032473	-199.1424629	370.2452386	-862.7898511	147.7790747	484.7212186	-908.6629773	7.649442321	199.2776574	-1139.419894	78.19672597	231.2023715	-1191.586611	115.2548924	409.2154007	-877.3372457	149.8594456	436.3834358	-957.6278976	-103.9919875	41.30098775	-683.3199172	-81.6174166	29.87215039	-943.1426733	-67.93809035	28.03258561	-725.9847803	-177.6156828	26.5613332	-741.0306571	-166.7347679	36.64961591	-783.9474945	-73.43108523	54.8099359	-758.9667004	3.933606969	235.2990899	-1246.811902	102.0193641	52.59887939	-1092.547499	52.59609502	69.49857616	-1121.955762	149.5747959	96.73311446	-1161.54837	131.1058614	130.6828487	-1171.664484	42.33936229	105.1447283	-1130.140582
551	5.5	-181.5431377	996.4542007	-795.2554651	78.23277043	999.0260607	-834.0775632	-75.14388312	1021.15689	-1001.583185	-239.3053151	763.2260915	-862.9052368	-58.46869235	514.6453348	-846.8282408	-195.141345	505.653817	-844.9191226	-218.1377678	654.029528	-856.7394858	-135.4427551	723.7084117	-746.8978694	128.5677459	810.88618	-923.9453125	22.030273	498.2843151	-835.741075	142.942498	514.2971371	-878.1415269	142.1094683	657.3943102	-889.99766	98.23646778	731.8046917	-769.9801917	-190.5463876	455.5519108	-848.9401098	-57.25000905	96.79695004	-846.0310982	-139.1386001	67.57061996	-879.7407828	-126.1341771	408.0295784	-790.8385593	-199.0270684	370.0344728	-861.6428662	147.3249863	485.5891261	-898.8945811	7.363564338	199.4444949	-1128.506348	77.80806107	230.9334874	-1180.761158	114.7433517	410.2287293	-867.0564783	149.3632681	437.0796005	-947.7258211	-103.9681036	40.86050191	-683.1321048	-81.43497901	29.85277668	-943.0685001	-68.03187783	27.94557303	-725.8353332	-177.6002106	26.59139504	-740.9518297	-166.7184978	36.78027987	-783.9540685	-73.2581593	54.45037093	-758.8605354	3.543543904	234.3393491	-1236.37927	102.0702794	53.95407642	-1079.669925	52.62440169	70.42905989	-1109.31181	149.4932137	97.15321955	-1149.178569	130.9692183	130.9854689	-1159.884851	42.26659287	105.8455241	-1117.97669
552	5.51	-182.4707655	996.3270009	-792.4566661	77.25331997	999.6873962	-831.3422074	-75.79199315	1021.19673	-998.8345281	-239.3511218	763.0216883	-860.7371605	-58.36382234	514.5884902	-845.846881	-195.0060833	505.3603756	-843.4516622	-218.1144959	653.7727539	-854.9515396	-135.6679977	723.2693159	-744.6982027	128.1619555	811.040272	-918.9058613	21.54015822	499.6835204	-826.788476	142.5552762	515.1925908	-868.5358066	141.9408733	657.9359695	-882.5173458	97.48059142	733.8773454	-763.9891175	-190.5395594	455.3771802	-847.5651689	-56.58106638	96.50729922	-846.0179333	-139.0221627	67.60075135	-879.6244525	-125.5926796	407.7482563	-789.9049805	-198.872665	369.7746199	-860.3706755	146.9484615	486.3018274	-888.9921883	7.123591246	199.2344525	-1117.235689	77.51058497	230.1831084	-1169.612033	114.2740071	411.2673825	-856.740887	148.9615391	437.6371238	-937.7805571	-103.9228628	40.38262959	-682.8992198	-81.22739343	29.82899914	-942.9815718	-68.06401223	27.83215784	-725.6599925	-177.5475883	26.61871099	-740.8558167	-166.6663166	36.94906687	-783.9511623	-73.01070059	54.0195236	-758.756189	3.296417259	232.7665247	-1225.615151	102.1656443	55.07277146	-1066.069555	52.70283903	71.01076847	-1096.049442	149.5208278	97.24205546	-1136.213222	130.9436684	130.8744973	-1147.489407	42.28371484	106.1624127	-1105.226818
553	5.52	-183.3578217	996.137856	-789.6659823	76.29699946	1000.264697	-828.6643337	-76.44950592	1021.221495	-996.1142325	-239.4407689	762.7117761	-858.6032586	-58.2280359	514.5189743	-845.0696652	-194.8041547	505.0385791	-841.9315379	-218.0646718	653.4776344	-853.1637839	-135.7430409	722.7789857	-742.5542387	127.8052269	811.1527552	-913.8511489	21.08516535	501.0656447	-817.8118528	142.2227347	516.1283776	-859.0079884	141.8244836	658.526145	-875.0652996	96.63879081	735.941272	-758.0717036	-190.3095407	455.0537946	-846.0886734	-55.80969548	96.18190379	-846.019832	-138.8411379	67.77721596	-879.4437771	-124.8756581	407.4490132	-789.0023183	-198.654571	369.4744293	-858.9697697	146.6653483	487.0419046	-879.1487832	6.996131821	198.6010715	-1105.552719	77.3033673	229.0186527	-1158.185788	113.8911757	412.3565981	-846.3999332	148.6087505	438.1177042	-927.6899193	-103.8567747	39.87763979	-682.6429905	-81.04462579	29.84124756	-942.8999547	-68.04341546	27.67528037	-725.4795414	-177.4830065	26.66550273	-740.7562346	-166.5647761	37.15338145	-783.9171597	-72.70490735	53.56135949	-758.6418583	3.16759759	230.586843	-1214.454421	102.4639779	55.95412613	-1051.867879	52.94091652	71.20766413	-1082.181594	149.6973803	97.00498878	-1122.720358	131.078522	130.3766698	-1134.555301	42.43820439	106.1000336	-1091.955411
554	5.53	-184.2024956	995.8725631	-786.8725088	75.38169548	1000.746871	-826.0332521	-77.12553737	1021.237152	-993.4158033	-239.5668899	762.3124064	-856.4614278	-58.07979301	514.4470702	-844.4598477	-194.5781644	504.7316975	-840.3822787	-218.0151622	653.1585186	-851.3576345	-135.6441277	722.246193	-740.4717917	127.4969178	811.2959291	-908.8550529	20.69006889	502.4456834	-808.7270405	141.9137557	517.1353223	-849.5827061	141.7499875	659.1960179	-867.6676784	95.70664751	737.9921565	-752.2730266	-189.9900775	454.6604057	-844.5670179	-55.00454324	95.89133734	-845.9653501	-138.4697849	67.99545048	-879.1738208	-124.046423	407.1226982	-788.1194207	-198.3841507	369.1548316	-857.4928694	146.4178212	487.9191707	-869.5000815	7.060807632	197.4928885	-1093.367416	77.19072457	227.4394465	-1146.444237	113.6124708	413.5005434	-836.0437565	148.2645579	438.5558326	-917.479122	-103.76224	39.3509549	-682.3775737	-80.87807255	29.88428931	-942.8117776	-68.01411989	27.4748543	-725.3203474	-177.4382073	26.75565543	-740.6614489	-166.4118506	37.37713918	-783.8336806	-72.3710541	53.12489052	-758.4860981	3.119706921	227.7864259	-1202.834663	103.0627038	56.54659223	-1037.152633	53.44718528	71.02165895	-1067.710864	150.070885	96.3984227	-1108.690111	131.3969972	129.4926015	-1121.131844	42.76964587	105.6901114	-1078.164568
555	5.54	-184.9974029	995.54498	-784.0758631	74.52929814	1001.140769	-823.4437506	-77.82737652	1021.234565	-990.73578	-239.6258089	761.9115038	-854.193227	-57.90695449	514.3534925	-843.8677258	-194.3689893	504.4377788	-838.8150788	-217.9407697	652.8242476	-849.4913716	-135.3882138	721.6934066	-738.4335318	127.226122	811.5045714	-903.9742846	20.37247906	503.8204069	-799.5975268	141.6097844	518.2282511	-840.2872506	141.6873299	659.9624073	-860.3120248	94.71373374	740.0286527	-746.6303581	-189.8894295	454.3345066	-843.1083093	-54.24767791	95.65955874	-845.8253583	-137.9753206	68.14251585	-878.8836943	-123.1982733	406.7660566	-787.2178553	-198.0958687	368.8343482	-856.0157751	146.1699889	488.9443077	-860.0867024	7.33581616	195.8918785	-1080.642172	77.1771818	225.4028234	-1134.341232	113.447469	414.6933184	-825.6972873	147.9418977	438.9870819	-907.2861768	-103.6453474	38.81734195	-682.1115211	-80.67316478	29.91621278	-942.6978847	-68.01681297	27.2516077	-725.1953471	-177.3972887	26.88693078	-740.5564195	-166.2251435	37.6044858	-783.7043763	-72.02930237	52.72004284	-758.2914713	3.12408889	224.3322088	-1190.72808	104.0048511	56.82100957	-1021.955334	54.29485606	70.47809907	-1052.631287	150.721867	95.45095181	-1094.174172	131.9173633	128.2268488	-1107.229996	43.34892333	104.9313265	-1063.792882
556	5.55	-185.7155685	995.1832361	-781.2776033	73.7562208	1001.464964	-820.8993451	-78.55003859	1021.192285	-988.0696561	-239.596407	761.5484184	-851.7787766	-57.70714523	514.2163074	-843.1482036	-194.194435	504.1369823	-837.2316372	-217.796561	652.4760277	-847.52314	-135.0357195	721.144493	-736.4259023	126.9707489	811.7543489	-899.2346407	20.12894527	505.1920855	-790.6418267	141.3133858	519.4078924	-831.1609968	141.6139664	660.8162498	-852.9925431	93.72964104	742.0661022	-741.1599541	-189.9810922	454.0673598	-841.7169273	-53.56144641	95.43439828	-845.6659304	-137.483557	68.2113649	-878.6451011	-122.4271913	406.3924069	-786.2381816	-197.804262	368.5236368	-854.5793324	145.9136878	490.0325346	-850.8424394	7.777299585	193.8186796	-1067.42775	77.269527	222.8201962	-1121.788279	113.4044024	415.9539417	-815.4039218	147.6603665	439.4328026	-897.2231666	-103.5269591	38.3082451	-681.856608	-80.39280609	29.90639012	-942.5627724	-68.04296324	27.03167839	-725.0886005	-177.3191532	27.0234318	-740.4318801	-166.0404129	37.83393836	-783.5634784	-71.68893417	52.32683738	-758.105559	3.167930452	220.2039316	-1178.139947	105.344122	56.83533587	-1006.231642	55.52320428	69.61444855	-1036.948501	151.7172118	94.23398815	-1079.240141	132.6857725	126.6093734	-1092.870576	44.26796866	103.7859556	-1048.808549
557	5.56	-186.3240603	994.8090178	-778.473594	73.0705044	1001.739821	-818.3993922	-79.27750017	1021.09678	-985.414785	-239.5590241	761.1942933	-849.3098768	-57.52629172	514.0451003	-842.2896632	-194.0247118	503.8241205	-835.624437	-217.5880834	652.1176799	-845.4474723	-134.6547727	720.6199342	-734.4423721	126.7078499	812.0034569	-894.6520906	19.93767614	506.5984713	-781.9831782	141.035474	520.6615063	-822.2377812	141.5417934	661.7166417	-845.7909911	92.81650051	744.1267313	-735.8678824	-189.9850583	453.7619411	-840.2939014	-52.9282306	95.18317316	-845.5540661	-137.037767	68.25465078	-878.4620048	-121.7858425	406.0198991	-785.1352982	-197.5146555	368.2291053	-853.1648601	145.6347036	491.0738851	-841.6893308	8.357796986	191.2974734	-1053.781495	77.47105192	219.6237248	-1108.701593	113.4790651	417.3191178	-805.2027045	147.4182739	439.8888894	-887.3508966	-103.4272879	37.86398474	-681.6274997	-80.0814695	29.86901493	-942.4368015	-68.0488205	26.83478622	-724.9733176	-177.2042749	27.12565991	-740.3105614	-165.8859777	38.05918952	-783.4538289	-71.36318669	51.93837986	-757.9736155	3.261625972	215.4111273	-1165.075347	107.1379345	56.68873958	-989.9179039	57.1436103	68.46404136	-1020.725162	153.0665975	92.79413935	-1063.882713	133.7444476	124.6701779	-1078.077446	45.56135322	102.2578906	-1033.265585
558	5.57	-186.8107286	994.4378803	-775.656958	72.4687356	1001.986015	-815.9364405	-79.99212121	1020.9575	-982.7697816	-239.5725784	760.8343387	-846.8522153	-57.41278203	513.8608393	-841.3218235	-193.8278686	503.4991816	-833.9688454	-217.3987735	651.7637611	-843.3092103	-134.2892257	720.1306002	-732.4618656	126.4244362	812.2343747	-890.2355413	19.76403886	508.085639	-773.4909854	140.7806392	521.9611714	-813.5228516	141.5021429	662.619554	-838.8447838	92.00242274	746.2179525	-730.7623549	-189.8255324	453.4310772	-838.7570664	-52.36504867	94.93430816	-845.492697	-136.6616503	68.3015426	-878.3042132	-121.2690798	405.6515284	-783.8997968	-197.2639932	367.9525254	-851.7410739	145.3365674	492.0422689	-832.6582255	9.1111014	188.3470389	-1039.723348	77.79057608	215.8875666	-1095.145379	113.6576084	418.7943388	-795.1011993	147.2247356	440.3408685	-877.6892555	-103.355812	37.51038033	-681.4383989	-79.82522861	29.82999831	-942.3432861	-68.02223084	26.68630321	-724.8371649	-177.0903185	27.17736268	-740.2146822	-165.7644528	38.25113039	-783.3940701	-71.06731953	51.5619728	-757.9229964	3.436949417	209.9849668	-1151.524269	109.3923699	56.44598417	-973.0266966	59.151177	67.04636464	-1004.044015	154.7388289	91.15771065	-1048.063426	135.0801307	122.4336594	-1062.854642	47.19616444	100.394437	-1017.260569
559	5.58	-187.1907824	994.0844636	-772.8281819	71.94096858	1002.218879	-813.4989402	-80.68155729	1020.800225	-980.1301481	-239.6409223	760.4875691	-844.401951	-57.36806851	513.6740827	-840.1970934	-193.6431526	503.1709156	-832.2376689	-217.3224892	651.4385292	-841.1582782	-133.9684931	719.681083	-730.4494868	126.1184975	812.4610947	-885.9824932	19.5932709	509.662017	-765.0337941	140.5479169	523.2862794	-805.0195872	141.5047055	663.5244492	-832.21411	91.30189098	748.3330085	-725.8470059	-189.6516895	453.1621753	-837.0917267	-51.90721334	94.71347888	-845.4658536	-136.3797263	68.34617289	-878.1512624	-120.8525003	405.2799662	-782.5397912	-197.1061197	367.6914388	-850.3215194	145.0527821	492.9991023	-823.8379863	10.10407213	185.0074301	-1025.274091	78.24439934	211.7896549	-1081.283139	113.9277613	420.354398	-785.0881856	147.1151122	440.7734996	-868.1815249	-103.3109721	37.23988655	-681.2957459	-79.66810072	29.79876718	-942.2877262	-67.9865191	26.59181033	-724.7020848	-177.0134405	27.19014536	-740.1380642	-165.6714593	38.38387266	-783.3741664	-70.80535711	51.1888119	-757.9777721	3.719989164	203.9787945	-1137.483674	112.0543591	56.14240841	-955.6254966	61.51912691	65.38643401	-986.8722224	156.6982082	89.34343857	-1031.774049	136.6468942	119.9496291	-1047.204236	49.1357965	98.23805295	-1000.818846
560	5.59	-187.4947118	993.7541796	-770.0023285	71.47838037	1002.444876	-811.0671233	-81.33848935	1020.652271	-977.4901676	-239.7628908	760.1684088	-841.9463477	-57.36772303	513.5006963	-838.8463651	-193.527332	502.8628963	-830.4092921	-217.3793973	651.1606774	-838.9934545	-133.72954	719.280406	-728.3715035	125.7960548	812.7083561	-881.880819	19.45310143	511.2958993	-756.6917204	140.339178	524.6426162	-796.7546461	141.5280267	664.4648849	-825.8575191	90.72395734	750.4603072	-721.1089273	-189.5551624	452.9474958	-835.3313731	-51.53897112	94.50453837	-845.4642098	-136.1728476	68.38383674	-878.0042789	-120.5257574	404.9067471	-781.0563459	-197.0491674	367.4511796	-848.9180171	144.8067563	494.0124743	-815.2644686	11.35075561	181.343425	-1010.424783	78.83232034	207.4537481	-1067.193693	114.2780848	421.9769435	-775.1676239	147.0912576	441.1886452	-858.8096595	-103.2875001	37.02236942	-681.1878504	-79.59554676	29.78649423	-942.2638591	-67.95160652	26.49140375	-724.6328994	-176.9921157	27.19287004	-740.0644869	-165.6093491	38.46148451	-783.3709713	-70.56488596	50.78441192	-758.1572504	4.116083822	197.4705443	-1122.965148	115.0573889	55.82692372	-937.7527845	64.17859143	63.54660058	-969.0550884	158.9185177	87.36677758	-1015.051861	138.419447	117.286362	-1031.143581	51.35633714	95.84919341	-983.8274438
561	5.6	-187.7635241	993.442987	-767.196252	71.07035645	1002.668213	-808.6187304	-81.95537557	1020.531435	-974.8460145	-239.9519581	759.8748868	-839.5006273	-57.38942974	513.3620042	-837.2506467	-193.480041	502.5917482	-828.4752691	-217.5218227	650.9251348	-836.7743209	-133.6060063	718.9340698	-726.2012421	125.4678642	812.9827558	-877.9050213	19.36878275	512.9559054	-748.5692844	140.1511169	526.0398552	-788.7280295	141.5461491	665.4570575	-819.7202963	90.26892091	752.5868233	-716.5202679	-189.500444	452.6950674	-833.5196302	-51.2144235	94.29125177	-845.4479179	-136.0071606	68.42139299	-877.8621695	-120.2842265	404.5424393	-779.4496477	-197.0403671	367.2449929	-847.4789086	144.5718325	495.0959857	-806.9242877	12.7664852	177.4189702	-995.0618102	79.5419014	202.8980829	-1052.840931	114.6982692	423.6434864	-765.3650428	147.0719419	441.5856861	-849.6853951	-103.2808465	36.82651608	-681.0880108	-79.56650419	29.81675739	-942.2549801	-67.91049304	26.32272626	-724.6655582	-177.0113891	27.20473692	-739.988426	-165.5743887	38.50709225	-783.3598122	-70.34243094	50.36317719	-758.4009181	4.630730873	190.539934	-1107.963222	118.3541335	55.54045703	-919.4291366	67.09322884	61.63342215	-950.5808608	161.3742047	85.25511542	-997.9470825	140.3975154	114.500701	-1014.711385	53.82750113	93.31692224	-966.217889
562	5.61	-188.0386171	993.1528068	-764.4118862	70.69403779	1002.891073	-806.1392449	-82.5235153	1020.438978	-972.194599	-240.2019179	759.606274	-837.0712294	-57.41789569	513.2668071	-835.4404159	-193.4714886	502.3421708	-826.4589747	-217.713451	650.7101113	-834.4807788	-133.6048107	718.6288572	-723.9234822	125.1460408	813.270353	-874.0231223	19.3296736	514.6286451	-740.6446184	139.9585473	527.4641686	-780.864748	141.5459031	666.4917331	-813.7843917	89.9371348	754.7007347	-712.0614931	-189.4384162	452.3850722	-831.668696	-50.94212086	94.12035763	-845.3326278	-135.8772676	68.46027295	-877.712232	-120.1077166	404.1908867	-777.7354758	-197.0233918	367.0722508	-845.9531672	144.309946	496.1928992	-798.8028775	14.28743529	173.2941592	-979.0815074	80.38074707	198.0874611	-1038.153671	115.1837867	425.3391205	-755.7048	146.991571	441.8973273	-840.7860088	-103.2834743	36.62867377	-680.9720655	-79.56641585	29.91964807	-942.2699405	-67.87059865	26.1412916	-724.706927	-177.0309109	27.21871422	-739.9127967	-165.5528206	38.54174178	-783.3252302	-70.17386436	50.06258178	-758.5098454	5.28617337	183.2553299	-1092.448949	121.9025603	55.25161529	-900.7405433	70.32161166	59.7323597	-931.7263356	164.0294264	83.05601329	-980.4878797	142.5822581	111.6217759	-997.9652111	56.5432961	90.70493993	-948.1760476
563	5.62	-188.3432555	992.8931246	-761.6422094	70.31232195	1003.11498	-803.6196628	-83.0400524	1020.363797	-969.5324449	-240.4587938	759.3724209	-834.6094514	-57.44695514	513.2121058	-833.4815213	-193.4781977	502.0831274	-824.401959	-217.9520234	650.4962244	-832.1252596	-133.7039613	718.3393113	-721.5375931	124.8420619	813.5686649	-870.2165114	19.31503372	516.3052616	-732.8597795	139.737529	528.8814923	-773.0874485	141.5260571	667.5630521	-808.0598394	89.723002	756.7866938	-707.7283775	-189.343446	452.1018706	-829.7564421	-50.76181487	94.05417552	-845.0859983	-135.802898	68.48403677	-877.5638277	-119.9581779	403.8464833	-775.9414744	-196.976836	366.9157192	-844.3545206	144.0559253	497.192799	-790.8558986	15.94934454	169.0365575	-962.5948521	81.36900098	193.0071454	-1023.073935	115.725279	427.0595057	-746.1928542	146.9103693	442.0494945	-831.9032326	-103.2849275	36.41932869	-680.8330289	-79.61030225	30.10294656	-942.3384198	-67.84974163	26.04700067	-724.6400627	-177.02389	27.21866168	-739.8373035	-165.5321426	38.57672279	-783.2686409	-70.08514081	49.97298316	-758.3650267	6.112211097	175.6913321	-1076.42802	125.6267152	54.90934788	-881.8026582	73.85589721	57.84854407	-912.7245669	166.8408658	80.82136912	-962.6872191	144.9560441	108.6375714	-980.9344457	59.4953943	88.03981711	-929.929342
564	5.63	-188.6858152	992.6636649	-758.8812019	69.89502558	1003.347613	-801.0532502	-83.51423433	1020.296452	-966.8553919	-240.6779829	759.1620608	-832.0694635	-57.47005299	513.1852264	-831.4443552	-193.4769919	501.8187078	-822.3183326	-218.2187809	650.2713683	-829.7201153	-133.8622786	718.0449582	-719.0539241	124.5663343	813.9100477	-866.4843408	19.31800986	517.9696347	-725.2090702	139.518711	530.2531686	-765.4497441	141.4879385	668.651889	-802.5466907	89.59026135	758.8181152	-703.5012757	-189.172175	451.8991898	-827.7663176	-50.6518034	94.06779855	-844.803293	-135.8005002	68.4696239	-877.4450636	-119.8031055	403.5056841	-774.1009905	-196.9075594	366.7612389	-842.7314277	143.9038024	498.0354865	-783.0337513	17.76458308	164.7105148	-945.8476759	82.51781949	187.7016215	-1007.593831	116.2984108	428.798391	-736.8205792	146.9439486	442.074827	-823.0239697	-103.2782	36.20415814	-680.6823246	-79.67370443	30.31432693	-942.4272166	-67.84633502	26.02241206	-724.4960597	-176.9882105	27.19727872	-739.7561465	-165.5080689	38.61221787	-783.2041821	-70.03556199	49.97509425	-758.1115151	7.143489429	167.9251785	-1059.963506	129.4037581	54.56306695	-862.6299833	77.50736869	55.9719608	-893.4677403	169.7563184	78.57521242	-944.5351386	147.4592847	105.5170194	-963.5689253	62.57923372	85.35667682	-911.4585253
565	5.64	-189.0712382	992.4493497	-756.1213992	69.44094043	1003.597522	-798.4379079	-83.96207964	1020.230276	-964.159106	-240.8744351	758.9398904	-829.4753389	-57.47764533	513.161856	-829.3815432	-193.4536348	501.5844659	-820.2025235	-218.4704488	650.0309823	-827.2732005	-134.0310607	717.7366064	-716.493623	124.3298755	814.3252246	-862.8222671	19.3385945	519.5959796	-717.7334924	139.3684801	531.542171	-758.0929335	141.4260123	669.695814	-797.2037699	89.48018803	760.7702465	-699.3389158	-188.9076432	451.7374951	-825.7334853	-50.55466535	94.08133756	-844.6109082	-135.8446741	68.43240063	-877.3480399	-119.6416544	403.16097	-772.2761644	-196.8364635	366.6074117	-841.1316642	143.8803532	498.7840398	-775.349947	19.67608736	160.3716334	-928.9756016	83.84602293	182.2240855	-991.747263	116.8782062	430.5422659	-727.57957	147.158768	442.0506574	-814.3313201	-103.2660094	35.99287832	-680.5370192	-79.6992932	30.48188141	-942.4581338	-67.84481257	25.98885319	-724.3707964	-176.9324069	27.15577482	-739.6682861	-165.4842237	38.63945798	-783.1464798	-69.97579136	49.93062715	-757.9170091	8.421126073	160.017612	-1043.119783	133.115459	54.33002215	-843.1485515	81.05975481	54.14950904	-873.7421057	172.7109341	76.30512576	-925.9749018	149.9999438	102.2512902	-945.7859535	65.64917801	82.72419239	-892.6219954
566	5.65	-189.4981501	992.2380481	-753.3527178	68.96626288	1003.866833	-795.7733403	-84.39498784	1020.150685	-961.4394656	-241.0650494	758.7083268	-826.8616927	-57.47675472	513.1208672	-827.3369072	-193.4277959	501.3788725	-818.0917485	-218.6811137	649.7788139	-824.8059338	-134.1749779	717.4173305	-713.8892434	124.1429561	814.7871506	-859.2028907	19.37133832	521.1733679	-710.4567635	139.3166021	532.7255911	-751.0791614	141.3442322	670.6537871	-791.9956356	89.35731341	762.6332701	-695.227887	-188.6978185	451.592298	-823.7740678	-50.45280526	94.05366365	-844.5409852	-135.8713567	68.42993923	-877.2342882	-119.5027123	402.7792797	-770.5921617	-196.7680784	366.4618482	-839.5869441	143.9126162	499.5092887	-767.8351896	21.65278417	156.0789877	-911.9641147	85.36948361	176.6189823	-975.5805434	117.4497106	432.2842887	-718.473937	147.5607183	442.0075787	-805.8779338	-103.2611546	35.79139128	-680.4046265	-79.67936771	30.59406848	-942.4215674	-67.84022273	25.93013703	-724.2827597	-176.8765925	27.10391119	-739.5852337	-165.4678852	38.65090563	-783.0993852	-69.90782432	49.84222458	-757.7821047	9.955371444	152.0356303	-1025.939051	136.7073652	54.29022941	-823.3249122	84.41624578	52.46275945	-853.5391107	175.6538014	73.99710341	-906.9756672	152.5155844	98.8685237	-927.553722	68.65088449	80.22712925	-873.3888857
567	5.66	-189.953665	992.0302562	-750.5666182	68.48131778	1004.151535	-793.0578392	-84.81595789	1020.040946	-958.6927991	-241.2431494	758.4904099	-824.2415352	-57.49031902	513.0540724	-825.3294752	-193.4278238	501.157908	-816.0475753	-218.8547154	649.5241143	-822.3545143	-134.2904282	717.0984118	-711.2730451	124.0112229	815.2357117	-855.5943119	19.42450186	522.710937	-703.3785343	139.3631438	533.8177916	-744.4052451	141.2725045	671.5475891	-786.9319461	89.22368039	764.3943904	-691.2081748	-188.7772982	451.5066664	-822.0108238	-50.35758731	93.99677294	-844.510065	-135.82318	68.48964875	-877.1028994	-119.4219148	402.324781	-769.1545458	-196.6870879	366.3290143	-838.1066322	143.9341318	500.183182	-760.4889597	23.70283894	151.8952441	-894.7776944	87.07061818	170.9911709	-959.182444	118.0026069	434.026945	-709.5131975	148.0950187	441.9151198	-797.534256	-103.2745498	35.60153838	-680.2817625	-79.65615196	30.69101071	-942.3682979	-67.83804646	25.87130636	-724.2017606	-176.8490673	27.05822326	-739.5217162	-165.4633571	38.64617564	-783.0566203	-69.85590765	49.74955198	-757.6707748	11.69666928	144.0666488	-1008.457525	140.1697156	54.48016907	-803.212291	87.60412633	51.00027781	-833.0315303	178.5640254	71.66152685	-887.6154796	155.0186207	95.46084911	-908.896329	71.61421357	77.93795686	-853.8616779
568	5.67	-190.4117429	991.8265249	-747.7635281	67.99436822	1004.441184	-790.2937793	-85.22153935	1019.893675	-955.9206457	-241.4148285	758.2567922	-821.6491803	-57.52891418	512.9557367	-823.3242711	-193.4371827	500.906198	-814.0628865	-218.9950205	649.2784582	-819.9499039	-134.3974111	716.7841887	-708.6623042	123.9318999	815.6452084	-851.9862138	19.52866249	524.1905022	-696.5456733	139.511284	534.8451468	-738.0674685	141.2402995	672.3797239	-782.0038364	89.07108917	766.0276283	-687.3068174	-189.0993434	451.4614797	-820.4050059	-50.28483961	93.94952481	-844.3997688	-135.6845099	68.57920645	-876.9912312	-119.4167197	401.8342146	-767.8340443	-196.605407	366.203422	-836.687268	143.9487695	500.7457277	-753.3018147	25.82591421	147.8752464	-877.4457381	88.93812057	165.4892927	-942.6758546	118.539243	435.7658428	-700.702211	148.6739184	441.673294	-789.1546847	-103.3042346	35.42374783	-680.1628991	-79.65760635	30.80159914	-942.323743	-67.84523126	25.82638772	-724.1101929	-176.8624067	27.02778182	-739.4793339	-165.4697815	38.62522918	-783.0144506	-69.83293639	49.6465086	-757.604987	13.6046854	136.1887202	-990.7247847	143.478665	54.92379064	-782.8989654	90.7155395	49.85098863	-812.3989273	181.4307089	69.34045826	-868.0068643	157.5585187	92.15445189	-889.8937825	74.55503118	75.90962555	-834.1673723
569	5.68	-190.843758	991.6241575	-744.9552616	67.5245326	1004.723165	-787.4848813	-85.60399012	1019.707895	-953.1315129	-241.5747801	757.9740678	-819.1057649	-57.57964691	512.8200065	-821.2554059	-193.4362807	500.659585	-812.0843136	-219.0885406	649.0519425	-817.600453	-134.5156465	716.4699364	-706.0529119	123.8895935	816.0260606	-848.3818293	19.69325053	525.5676802	-690.0213435	139.7363954	535.7900493	-731.9786481	141.2460357	673.1394536	-777.1758429	88.86906721	767.5230125	-683.4949163	-189.3072411	451.3301912	-818.7657929	-50.25128666	93.94382823	-844.173413	-135.5140222	68.66380845	-876.9119597	-119.4668052	401.4306556	-766.2656599	-196.5635118	366.0799249	-835.3167136	144.0238866	501.1821814	-746.2505846	28.01220935	144.0579041	-860.0461799	90.97490501	160.1425813	-926.0618653	119.0815993	437.4828174	-692.0516763	149.2605152	441.1830685	-780.7132679	-103.3431879	35.26217803	-680.0443418	-79.67600443	30.92365297	-942.2843754	-67.86684189	25.7964225	-724.0115552	-176.8989589	27.00144413	-739.446972	-165.4855694	38.58525595	-782.9763095	-69.83698028	49.52076265	-757.6009589	15.72920616	128.4647562	-972.8190332	146.587282	55.63217286	-762.4588292	93.80371928	49.06794327	-791.7246489	184.2465688	67.11763229	-848.1970311	160.1487583	89.00819509	-870.6791919	77.43786953	74.17540023	-814.3814804
570	5.69	-191.2400822	991.4274699	-742.1531307	67.0907994	1004.991677	-784.6245938	-85.95434181	1019.491247	-950.3303007	-241.6898004	757.6817165	-816.5819965	-57.6201314	512.6545771	-819.0774658	-193.4635855	500.4582383	-810.1163696	-219.1274901	648.8476443	-815.3020961	-134.6551256	716.1616175	-703.4249527	123.8630319	816.3991468	-844.7935456	19.89162879	526.839102	-683.774857	139.9923129	536.6100618	-725.9932067	141.2640254	673.8884795	-772.4597299	88.62713019	768.9070623	-679.7541464	-189.2264192	451.0599433	-816.9958817	-50.23827693	93.96911631	-843.9059913	-135.4238783	68.75115565	-876.8438826	-119.5315969	401.1866001	-764.251003	-196.5701886	365.9642086	-833.970291	144.2515349	501.515114	-739.2989831	30.25198769	140.4529749	-842.6345651	93.12620162	154.8078201	-909.1506391	119.6503949	439.1604512	-683.580435	149.8947281	440.4490153	-772.2805986	-103.3898033	35.12187635	-679.9223347	-79.69332649	31.04783148	-942.2508762	-67.90197251	25.77601603	-723.9237208	-176.9324875	26.96270315	-739.4142225	-165.5093726	38.52923307	-782.942172	-69.85360992	49.40752336	-757.5950993	18.13267399	120.9509314	-954.7828845	149.4602857	56.59194602	-741.9501378	96.81352989	48.62019297	-771.0283392	187.0040159	65.07864516	-828.1883832	162.7607138	86.01882306	-851.3521918	80.2205037	72.72780322	-794.5531732
571	5.7	-191.6138793	991.2440469	-739.3530553	66.6967175	1005.246882	-781.7016136	-86.26185389	1019.263219	-947.5099314	-241.7540037	757.4295943	-814.0645865	-57.63368976	512.4864786	-816.7880089	-193.524644	500.3022825	-808.1871912	-219.1185921	648.6605454	-813.0504198	-134.8244809	715.875957	-700.7577681	123.8437887	816.7979204	-841.2516454	20.1009689	528.0423657	-677.7043145	140.2733616	537.2970486	-720.0735195	141.2745934	674.6914399	-767.8914662	88.38496108	770.2080433	-676.0948097	-189.0930101	450.7844485	-815.2033017	-50.18918743	93.98254124	-843.7123364	-135.4660197	68.86930208	-876.7717986	-119.6084981	400.9680427	-762.0936589	-196.5841155	365.8694077	-832.6239426	144.658166	501.7756606	-732.4555536	32.52564696	137.0430096	-825.2063736	95.33098794	149.4365445	-891.863915	120.2449621	440.7921412	-675.299372	150.6200444	439.5840297	-763.8972341	-103.4431849	34.99575151	-679.7946494	-79.70521929	31.1794206	-942.2245563	-67.93922233	25.75702389	-723.8530713	-176.9616401	26.91759253	-739.3768311	-165.5368898	38.4680561	-782.9040326	-69.86870854	49.35808853	-757.5066762	20.75935558	113.6924314	-936.5982029	152.0957812	57.76588816	-721.4343973	99.64293564	48.41986322	-750.3427281	189.680723	63.25435124	-807.9892673	165.3595954	83.19737678	-831.9107337	82.88964431	71.51681761	-774.7399754
572	5.71	-191.9961522	991.080971	-736.5199688	66.33635799	1005.485287	-778.712194	-86.5108776	1019.034049	-944.6584209	-241.8070442	757.1975883	-811.5954099	-57.61722176	512.3408296	-814.4173218	-193.5509445	500.1595788	-806.2752315	-219.0693481	648.4853742	-810.8354213	-135.0344867	715.6124734	-698.0452177	123.8466898	817.2377978	-837.7745316	20.3207768	529.1822891	-671.7585408	140.6148893	537.8666643	-714.2907968	141.2857554	675.498029	-763.4563001	88.13979082	771.413407	-672.5023618	-189.1568779	450.6504727	-813.5103531	-50.09756954	93.97201849	-843.6229983	-135.5566674	69.0093267	-876.6950334	-119.7365706	400.5657868	-760.2566167	-196.5646084	365.8053047	-831.2797994	145.1834251	501.9718562	-725.7849159	34.81189337	133.8281238	-807.7617086	97.62398751	144.2331352	-874.4256363	120.8496944	442.3793218	-667.2024848	151.4317253	438.7005629	-755.5369065	-103.5001702	34.86514042	-679.6640253	-79.71948409	31.33057862	-942.1995871	-67.95734275	25.73770243	-723.7651026	-177.0004129	26.88181009	-739.3339059	-165.5652494	38.40976305	-782.8560611	-69.88457228	49.37178977	-757.3473148	23.48793784	106.7268983	-918.2850386	154.5146729	59.12402942	-700.9738445	102.2494692	48.41605404	-729.717958	192.2586701	61.64200218	-787.6405155	167.9113282	80.58026663	-812.2934805	85.45471647	70.49921081	-755.0142607
573	5.72	-192.4313091	990.9514761	-733.5912026	66.00317757	1005.693292	-775.6580109	-86.68532054	1018.789244	-941.770579	-241.8677322	756.9549947	-809.19677	-57.58272398	512.2158728	-812.0033853	-193.5277053	500.0147783	-804.3656151	-218.9921119	648.3216715	-808.6443997	-135.2851785	715.3529933	-695.2975786	123.8968203	817.6652922	-834.329048	20.55699082	530.2144718	-665.969964	141.0400251	538.3102574	-708.7005812	141.3225207	676.1782115	-759.1045514	87.86252295	772.4781274	-668.9571072	-189.3359003	450.6122188	-811.9034919	-50.03930271	93.97616896	-843.5378445	-135.5549464	69.11863909	-876.6104311	-119.9291752	400.0072665	-758.7388578	-196.5162312	365.7742364	-829.9686259	145.7757059	502.0694932	-719.3306265	37.10490324	130.8489427	-790.3585916	100.0560007	139.3840601	-857.0396556	121.4529867	443.9296515	-659.257105	152.3089786	437.7855014	-747.1956125	-103.5594529	34.71903005	-679.5317024	-79.74556373	31.50214059	-942.1729997	-67.94803306	25.72670412	-723.6179189	-177.0424434	26.84564616	-739.286382	-165.5997185	38.35080376	-782.802891	-69.91489815	49.41791014	-757.1767109	26.267646	100.0625869	-899.905831	156.7328232	60.67246785	-680.6074742	104.658682	48.6254819	-709.2005799	194.7558553	60.25147139	-767.228968	170.3962064	78.19733296	-792.5011635	87.92629714	69.67266791	-735.4589659
574	5.73	-192.9092828	990.8559784	-730.5771019	65.69493161	1005.850092	-772.5452803	-86.77472588	1018.510456	-938.8492476	-241.903891	756.7318815	-806.8229563	-57.55758206	512.0953658	-809.5726472	-193.5138121	499.8852643	-802.483695	-218.9084436	648.1723354	-806.4716806	-135.5613732	715.0964114	-692.516287	124.004241	817.9885618	-830.8602967	20.80952936	531.0944525	-660.389625	141.5346105	538.5914379	-703.3146005	141.3952175	676.6421509	-754.8164446	87.5509569	773.3548684	-665.4713009	-189.4328887	450.5283446	-810.3280753	-50.06886544	94.02093293	-843.3563441	-135.4252397	69.18101414	-876.510987	-120.1726785	399.4984212	-757.1987885	-196.4845213	365.7754385	-828.726411	146.4146169	502.0106261	-713.0753823	39.39735399	128.1511684	-773.01503	102.6069915	134.8533647	-839.6836623	122.0557222	445.4536853	-651.3876212	153.2506042	436.7420641	-738.9377461	-103.6192929	34.56256737	-679.3939124	-79.78124745	31.67937209	-942.1469464	-67.93336362	25.73313845	-723.4294505	-177.070052	26.78472211	-739.2370889	-165.6487061	38.27645356	-782.7544167	-69.9690439	49.48836662	-757.0143023	29.1389418	93.65586602	-881.4774614	158.7470711	62.43528107	-660.341799	106.9073705	49.0854594	-688.8408837	197.2102641	59.10857148	-746.8310883	172.8401669	76.05630116	-772.6608961	90.29560351	69.08067501	-716.0781225
575	5.74	-193.3094106	990.7594882	-727.6340659	65.42314785	1005.940165	-769.3884964	-86.77158181	1018.195847	-935.8964232	-241.9078913	756.5568045	-804.4361285	-57.57592783	511.9741791	-807.128224	-193.549705	499.7866718	-800.6432029	-218.8370319	648.044374	-804.3146138	-135.8535916	714.8606045	-689.677289	124.1569009	818.1551731	-827.3525494	21.06532203	531.8042272	-655.0310677	142.0610791	538.6786954	-698.1366094	141.4863032	676.9001958	-750.6215547	87.23573262	774.0159948	-662.0500124	-189.4352855	450.382275	-808.7649501	-50.16426675	94.08767725	-843.0949731	-135.2726792	69.24821308	-876.3984573	-120.4776955	399.1259666	-755.4673326	-196.5235322	365.8044552	-827.568386	147.0563117	501.7381946	-706.9685958	41.67236542	125.7436692	-755.6688306	105.2448863	130.5045587	-822.2803629	122.6502388	446.9388877	-643.5337817	154.2664473	435.5404902	-730.8166158	-103.6794453	34.40885027	-679.2565403	-79.80312504	31.845231	-942.120745	-67.93619936	25.75170192	-723.2665302	-177.0927282	26.69116072	-739.1940413	-165.7173807	38.17242614	-782.7159811	-70.04903571	49.58509596	-756.8606227	32.17934113	87.47236331	-863.0078833	160.5587925	64.43025093	-640.1859594	109.0107252	49.82096543	-668.6701437	199.6382177	58.24322213	-726.4392317	175.299306	74.16687359	-752.8985099	92.53027204	68.79793121	-696.7357549
576	5.75	-193.5382613	990.6319766	-724.8646784	65.21045258	1005.964419	-766.1984601	-86.67122419	1017.856339	-932.9099527	-241.9233066	756.4085502	-802.044484	-57.6507799	511.8507838	-804.6490994	-193.6395645	499.7094048	-798.8292064	-218.7881421	647.9463548	-802.1639245	-136.1688249	714.6436723	-686.7611093	124.3376878	818.1698546	-823.8313431	21.27251313	532.3474094	-649.8689535	142.5851813	538.5695064	-693.1632784	141.5679623	677.0227314	-746.5657784	86.97377756	774.473496	-658.6328208	-189.461377	450.2684772	-807.1955745	-50.29078889	94.15374121	-842.8343665	-135.2039122	69.35888674	-876.2866386	-120.8555694	398.8373871	-753.5909101	-196.6522311	365.8515455	-826.4665884	147.6523504	501.2283178	-700.965218	43.94686081	123.5753928	-738.3590298	107.9883226	126.279574	-804.8227553	123.1930101	448.3204131	-635.7876952	155.3556798	434.2428011	-722.8093185	-103.7473651	34.27283532	-679.1391893	-79.80082282	32.00021552	-942.0913487	-67.95577955	25.76306196	-723.1750953	-177.1345761	26.57173199	-739.1659261	-165.8120677	38.04270022	-782.6917225	-70.15512575	49.69499294	-756.7353802	35.45426273	81.55403554	-844.5845854	162.1984762	66.6734837	-620.1883837	110.9688559	50.84153718	-648.6786357	202.0270499	57.67108157	-706.0087921	177.8028533	72.54219273	-733.2155957	94.6074202	68.84634258	-677.3595411
577	5.76	-193.6580164	990.4874204	-722.1476569	65.07224632	1005.935587	-762.9667027	-86.47788621	1017.508805	-929.890146	-241.9640418	756.2798215	-799.6283429	-57.76092374	511.7140737	-802.1319247	-193.767349	499.6292305	-797.0152456	-218.7723899	647.8771042	-800.0046339	-136.509761	714.4149446	-683.7914525	124.5386744	818.0615361	-820.3275509	21.36306141	532.7327229	-644.9123509	143.0943735	538.2861815	-688.370118	141.615536	677.066361	-742.6952891	86.8191902	774.7618076	-655.1328765	-189.5943145	450.2256788	-805.6110883	-50.43018992	94.21163764	-842.6267842	-135.2318378	69.49607096	-876.1845688	-121.2683602	398.5572341	-751.7003057	-196.833528	365.9063225	-825.3505187	148.195141	500.5405361	-695.0679496	46.28189696	121.5753949	-721.2745538	110.8923016	122.244893	-787.3664113	123.6267953	449.5331323	-628.3611445	156.4897233	432.9133024	-714.8525032	-103.8269791	34.16732791	-679.0516342	-79.81377013	32.15521402	-942.0608002	-67.98622301	25.75631962	-723.1496988	-177.1943218	26.4420109	-739.1471387	-165.9390156	37.9114054	-782.6945614	-70.28354837	49.7956288	-756.6596361	38.9964732	75.96122677	-826.3041838	163.6943348	69.17917811	-600.3955752	112.7880128	52.15240196	-628.8550614	204.364194	57.37872857	-685.5551452	180.3386501	71.17881327	-713.5666759	96.55767116	69.17516954	-658.109679
578	5.77	-193.7737111	990.3452264	-719.3215733	65.00391523	1005.861341	-759.6746332	-86.2031036	1017.166992	-926.8403442	-242.0061996	756.1770993	-797.1486574	-57.8775127	511.5620502	-799.6352734	-193.8938416	499.5272766	-795.1671651	-218.7997596	647.8187389	-797.8230355	-136.8582941	714.1368019	-680.842491	124.7607577	817.8591533	-816.869096	21.35241416	532.9461613	-640.2718616	143.5866426	537.8523513	-683.7306303	141.6158236	677.0267242	-739.0666429	86.76283204	774.8765869	-651.5753128	-189.8124859	450.1875156	-804.020456	-50.56098066	94.26245029	-842.4708332	-135.3130985	69.63071125	-876.0850765	-121.6363547	398.2374342	-749.9133354	-197.0113803	365.9541489	-824.1517506	148.6911544	499.7835899	-689.3251244	48.72098148	119.7287868	-704.5314992	113.9915218	118.4895183	-769.9782849	123.9196741	450.5926821	-621.3614348	157.6107191	431.5690763	-706.9189973	-103.9072387	34.09259573	-678.9831249	-79.87936089	32.30637271	-942.0344378	-68.02819645	25.74578597	-723.1495984	-177.2550171	26.33035082	-739.1234839	-166.0853511	37.79804581	-782.731296	-70.41836252	49.86606337	-756.6335203	42.79687763	70.69158508	-808.1684362	165.0398167	71.95405469	-580.8069739	114.4844143	53.76984546	-609.2130706	206.6570338	57.35133779	-665.1532162	182.894428	70.09415444	-693.943287	98.45251956	69.77297305	-639.1555633
579	5.78	-193.9291386	990.1959417	-716.3403115	64.98692112	1005.737682	-756.3157258	-85.86032814	1016.833491	-923.7583708	-242.0406048	756.0704349	-794.6149247	-57.98619658	511.4156019	-797.2456773	-193.971719	499.397775	-793.260016	-218.8597883	647.7435562	-795.6101891	-137.1798655	713.7806567	-677.9941782	125.0111828	817.5866929	-813.4929223	21.30400934	532.9584884	-636.0470639	144.0354784	537.2828363	-679.2486776	141.5996666	676.8105758	-735.6708787	86.73269287	774.7708053	-648.0972071	-190.0183607	450.0894179	-802.3988984	-50.67207793	94.33067794	-842.3122072	-135.3991393	69.75209964	-875.9764801	-121.8859619	397.8686363	-748.2656213	-197.1512861	365.9733541	-822.8489181	149.1120382	499.0017908	-683.7771966	51.25801022	118.0668965	-688.0930115	117.2716872	115.0408085	-752.690212	124.0587472	451.561346	-614.7309494	158.671472	430.2187503	-699.0564857	-103.9766025	34.03229681	-678.9217938	-79.96195908	32.4408798	-942.010656	-68.07767452	25.75229579	-723.135891	-177.3069147	26.25697443	-739.0891616	-166.2086209	37.6912552	-782.7770212	-70.53574394	49.89450217	-756.6436031	46.81161783	65.71105683	-790.1488355	166.2237993	75.00565577	-561.4254404	116.0770361	55.7015857	-589.7937056	208.9127839	57.61675187	-644.8583153	185.4784884	69.35002979	-674.360844	100.3537846	70.70415835	-620.4436906
580	5.79	-194.105894	990.0187641	-713.2395481	65.0107268	1005.554621	-752.8957673	-85.46636561	1016.508497	-920.6342724	-242.0560432	755.93572	-792.0493713	-58.07367815	511.2917573	-794.9968026	-193.9862295	499.2437399	-791.3092665	-218.9126899	647.626615	-793.3590045	-137.4363244	713.3581981	-675.2333895	125.2967372	817.2624	-810.2274949	21.18401457	532.7652947	-632.1847825	144.3943813	536.5867581	-674.9548088	141.6196378	676.3146619	-732.3852635	86.67238673	774.4274502	-644.7678288	-190.1334327	449.9537568	-800.6887089	-50.76198859	94.43532325	-842.096951	-135.4524686	69.86338017	-875.8553489	-121.9943486	397.422919	-746.8481327	-197.2243792	365.9537338	-821.464493	149.4334053	498.1651875	-678.4189476	53.86571458	116.6045581	-671.9040981	120.6925152	111.896629	-735.5124227	124.0382163	452.4586566	-608.3704436	159.6896137	428.897572	-691.3211898	-104.0361255	33.97048056	-678.8625999	-79.9935233	32.56082942	-941.9823638	-68.12345749	25.77393853	-723.1017304	-177.3507481	26.21318682	-739.0508614	-166.26806	37.56904301	-782.7936014	-70.62033137	49.88458344	-756.682051	51.01295084	61.0178408	-772.2649951	167.2573404	78.3432056	-542.2984912	117.5807972	57.91230433	-570.6816012	211.1199196	58.24703461	-624.6632043	188.0903879	68.99906517	-654.8491755	102.2816282	72.00685254	-601.8464581
581	5.8	-194.2357266	989.8112515	-710.1056531	65.08329032	1005.301993	-749.4131518	-85.04063738	1016.195737	-917.4578799	-242.0395991	755.7631908	-789.4673509	-58.11522884	511.1755358	-792.8345206	-193.9544433	499.0688437	-789.3450226	-218.9111473	647.4570702	-791.0583418	-137.600979	712.9332995	-672.429894	125.6003405	816.9006755	-807.0488436	20.89877998	532.3856251	-628.5613959	144.6464954	535.758931	-670.8691521	141.6543248	675.5946425	-729.122111	86.58449497	773.8800555	-641.5400263	-190.1392751	449.8256102	-798.8747532	-50.8129492	94.54171816	-841.8430951	-135.4571688	69.97259718	-875.7256604	-121.9954411	396.8536821	-745.7758664	-197.2023015	365.9050687	-820.04122	149.7216647	497.2520206	-673.2042145	56.52017765	115.3319217	-655.9566531	124.2183733	109.0704621	-718.4618509	123.8712863	453.2466261	-602.2084037	160.7336725	427.6187464	-683.6795656	-104.0873233	33.90671217	-678.7978351	-79.96507464	32.68444935	-941.9512185	-68.15834478	25.79306513	-723.0580103	-177.39877	26.1778929	-739.0264566	-166.2674562	37.44609553	-782.7688531	-70.67625883	49.8544413	-756.7402899	55.40162074	56.65454048	-754.5457749	168.1633809	81.96534656	-523.4883066	119.0037532	60.3590846	-551.9653791	213.2715165	59.31715373	-604.5621338	190.6920316	69.04097123	-635.4405848	104.2040501	73.57807256	-583.4645487
582	5.81	-194.2992425	989.5903373	-706.9890712	65.21158297	1004.979961	-745.8557656	-84.59443009	1015.891523	-914.2232113	-242.00038	755.5209935	-786.9041344	-58.08851191	511.0305936	-790.6564211	-193.8765133	498.8728894	-787.3559857	-218.8307959	647.2448154	-788.6985329	-137.6641212	712.5475731	-669.5228131	125.8656404	816.5142637	-803.8656749	20.42663401	531.8397978	-625.1185406	144.8110811	534.7840646	-666.9682732	141.61971	674.820952	-725.9256646	86.50392194	773.1639769	-638.362114	-190.0677152	449.6857042	-797.0230566	-50.81305543	94.6100233	-841.5946386	-135.4263265	70.08145572	-875.5963592	-121.950769	396.210127	-744.8252832	-197.0983359	365.8377516	-818.6191281	150.1021366	496.2475416	-668.0896071	59.20523974	114.2467832	-640.2642694	127.8273877	106.5851424	-701.5619991	123.5935074	453.8896339	-596.2301561	161.8284687	426.337829	-676.0422583	-104.12165	33.84658762	-678.722332	-79.92368593	32.83139763	-941.9325009	-68.18279306	25.80105151	-723.011463	-177.4525503	26.13997701	-739.0278071	-166.2442096	37.3546967	-782.7201653	-70.72161216	49.83147898	-756.7776047	59.94715531	52.66582069	-736.9823398	168.9599704	85.85545196	-505.0520653	120.3568772	63.06166401	-533.6602036	215.3824798	60.8563811	-584.6366368	193.2347663	69.4436255	-616.1704725	106.0527773	75.241835	-565.6067954
583	5.82	-194.318199	989.338129	-703.9021169	65.38340519	1004.602801	-742.2162472	-84.12380481	1015.581864	-910.9261274	-241.9266086	755.2166922	-784.3618745	-57.99042918	510.8316186	-788.3861935	-193.7395501	498.6566172	-785.3083253	-218.6776479	647.0133488	-786.2839683	-137.6282791	712.1607728	-666.6706591	126.0469148	816.0959266	-800.5752585	19.83498362	531.1374574	-621.8799582	144.8994286	533.6782429	-663.1852534	141.4798164	674.0622254	-722.8669266	86.45390426	772.2963376	-635.2220136	-189.9827789	449.4931557	-795.2073284	-50.78292005	94.64881546	-841.3529744	-135.3953014	70.17179584	-875.4839605	-121.9078445	395.6322512	-743.484065	-196.9603702	365.7583038	-817.202917	150.6224057	495.0940402	-663.0756381	61.91068377	113.3748346	-624.8374475	131.4963869	104.4390697	-684.837783	123.2476433	454.401067	-590.4915172	162.8912425	424.9952664	-668.4004778	-104.1328219	33.78624126	-678.6454814	-79.90069626	33.00827415	-941.9378002	-68.19739641	25.79879619	-722.9796999	-177.4893709	26.09638159	-739.0484695	-166.2278949	37.29427065	-782.6732581	-70.76862607	49.83886413	-756.7418672	64.57208108	49.03909009	-719.5592277	169.6412124	89.99765788	-487.0418427	121.6529906	66.07254602	-515.7326101	217.4625977	62.83488156	-565.0234744	195.7152759	70.20012001	-597.1207888	107.7820129	76.97815758	-548.4156383
584	5.83	-194.2327116	989.0023663	-700.9067355	65.57939117	1004.187148	-738.4951837	-83.61469403	1015.252732	-907.5654801	-241.7704419	754.9290627	-781.7795236	-57.83488486	510.5808629	-786.0160445	-193.5617806	498.4243644	-783.1968637	-218.4717965	646.7798207	-783.8312195	-137.5030371	711.7275882	-664.0206705	126.1858163	815.596042	-797.1399762	19.20868278	530.2535118	-618.902366	144.8990913	532.500107	-659.4710348	141.2729839	673.2485559	-719.949824	86.41821379	771.2855461	-632.1162266	-189.8909187	449.267728	-793.3906834	-50.75118248	94.6823139	-841.1058632	-135.3958302	70.21939328	-875.4036053	-121.868015	395.1662565	-741.609309	-196.8222959	365.6781622	-815.764881	151.1892884	493.7853786	-658.2132638	64.61316507	112.7637801	-609.672028	135.1924188	102.5967735	-668.3187235	122.8609201	454.813939	-585.0598892	163.8181103	423.5946471	-660.8984838	-104.1403135	33.70238892	-678.6005728	-79.8909491	33.19811282	-941.9552746	-68.20406478	25.78963729	-722.9852048	-177.4910276	26.04167675	-739.0777257	-166.2320731	37.24929059	-782.640989	-70.81417526	49.876414	-756.6389135	69.21461931	45.72621941	-702.3177189	170.1816838	94.39951964	-469.4971994	122.8848735	69.37800788	-498.2103674	219.4920386	65.20287029	-545.8088182	198.1616355	71.35379749	-578.4103587	109.4122385	78.94570737	-531.7249064
585	5.84	-194.0086105	988.5934189	-697.9877515	65.7994605	1003.743089	-734.6950437	-83.04834042	1014.896072	-904.1468447	-241.5103265	754.7087922	-779.1116801	-57.63846524	510.2937773	-783.5831185	-193.3764649	498.1791607	-781.0402277	-218.2292837	646.5432439	-781.3552223	-137.3072673	711.2689877	-661.4679718	126.3765114	814.9621369	-793.5867055	18.56870496	529.1434786	-616.1999349	144.7996282	531.2814359	-655.8703751	141.0694657	672.283782	-717.1193391	86.35693049	770.1302152	-629.0389692	-189.7282284	449.0595497	-791.4706603	-50.73065473	94.71773121	-840.8588446	-135.4202922	70.23961633	-875.3437491	-121.798837	394.6969544	-739.6621446	-196.706258	365.5983118	-814.2969788	151.6354535	492.4794473	-653.5888263	67.26417281	112.4417069	-594.7800905	138.8951838	101.046931	-652.0549949	122.4293566	455.1477088	-579.9446686	164.6041761	422.2495889	-653.7177694	-104.1840381	33.56729174	-678.6297152	-79.88336153	33.37171037	-941.9605493	-68.21558298	25.7847301	-723.008577	-177.4677998	25.97870695	-739.1020274	-166.2605148	37.21573576	-782.6205979	-70.85274121	49.9166372	-756.5360115	73.86254612	42.71654464	-685.3456155	170.5683917	99.07982033	-452.4455035	124.017123	72.89989401	-481.2010153	221.4328057	67.93548812	-527.0103141	200.5644336	72.94707803	-560.1238702	110.9843058	81.26868492	-515.351174
586	5.85	-193.7409493	988.1823973	-694.9910532	66.06985988	1003.266453	-730.8213015	-82.40400508	1014.516606	-900.6765643	-241.1842017	754.5098642	-776.3902172	-57.41463168	509.9788892	-781.1228329	-193.1886532	497.9222883	-778.8571242	-217.9539402	646.2938377	-778.8605718	-137.0737162	710.8139061	-658.8441055	126.6673394	814.2172037	-789.9815175	17.88447225	527.8026086	-613.7491702	144.6020197	529.9888343	-652.4658612	140.9075331	671.1586261	-714.3233703	86.25384594	768.8255742	-625.9963738	-189.4948753	448.8607125	-789.456126	-50.72286277	94.74982866	-840.6209612	-135.4221854	70.29280765	-875.2630234	-121.6873495	394.1231844	-738.0418632	-196.6235465	365.5066658	-812.8213671	151.8660302	491.3235833	-649.256714	69.8369333	112.3743313	-580.242851	142.5950546	99.85474348	-636.1026817	121.9220968	455.4259173	-575.1004186	165.3033207	421.0879839	-646.8875162	-104.2701872	33.40050095	-678.717963	-79.87625797	33.51525877	-941.9457174	-68.24440206	25.79632137	-723.0027352	-177.4469559	25.925083	-739.1051011	-166.3042797	37.18683137	-782.6073002	-70.88682691	49.92773345	-756.4910598	78.52300625	40.03842318	-668.7154978	170.8015632	104.0264896	-435.9120636	124.9975339	76.59044123	-464.7879427	223.2404926	71.03031352	-508.6452866	202.87522	74.95324657	-542.2859018	112.4990647	83.94114746	-499.2913141
587	5.86	-193.4996775	987.7964325	-691.8333537	66.41253226	1002.737743	-726.8789469	-81.66523624	1014.12916	-897.1519777	-240.8360031	754.2650474	-773.6688123	-57.17594553	509.638686	-778.6559047	-192.9890417	497.6540598	-776.6729092	-217.641038	646.0282041	-776.3486422	-136.8377927	710.3519619	-656.1258301	127.0566874	813.4396601	-786.4149669	17.1617711	526.2756315	-611.5780737	144.3083617	528.5973652	-649.2520032	140.7398342	669.988578	-711.5796483	86.13021094	767.3767042	-623.0071195	-189.2664648	448.6236996	-787.4592269	-50.72269774	94.7720413	-840.3941401	-135.3698925	70.41846351	-875.1298332	-121.5614203	393.4842556	-736.6068016	-196.5311188	365.4069113	-811.3418275	151.9261111	490.2662212	-645.1694319	72.35009038	112.5002713	-566.185421	146.2403627	99.07668415	-620.4661565	121.3008242	455.6821643	-570.4844762	165.9445934	420.111634	-640.3308595	-104.3544404	33.26681763	-678.786076	-79.86944282	33.63488418	-941.9224625	-68.28229416	25.8228533	-722.9588201	-177.4425093	25.88399912	-739.0892075	-166.3479397	37.15313818	-782.5976917	-70.92095618	49.90517326	-756.5000305	83.19880384	37.7236081	-652.4715365	170.8577834	109.1819075	-419.9327053	125.7765502	80.4683895	-448.9638332	224.864176	74.47260779	-490.752026	205.0524888	77.29026596	-524.899353	113.9126947	86.88320224	-483.6617009
588	5.87	-193.2528576	987.4071562	-688.5694571	66.81951921	1002.144912	-722.8630771	-80.82687074	1013.734242	-893.565719	-240.4567711	753.9875469	-770.9409766	-56.92938911	509.2809703	-776.1976303	-192.790289	497.3711842	-774.5230431	-217.2883911	645.7530449	-773.8340193	-136.6190543	709.8601956	-653.3574224	127.5360021	812.6633849	-782.9351828	16.44059149	524.6395504	-609.7194708	143.9425751	527.1547855	-646.1647692	140.5153812	668.851054	-708.9572676	86.00775954	765.7961302	-620.0787245	-189.0787356	448.3449208	-785.5365091	-50.71477517	94.78254584	-840.177655	-135.28174	70.58561603	-874.9586543	-121.4422909	392.8599962	-735.0763511	-196.3606741	365.3102597	-809.8385891	151.8947443	489.2076992	-641.2310042	74.79999579	112.8023271	-552.6893757	149.7450261	98.66256216	-605.157228	120.5429977	455.9466413	-566.0804456	166.5417245	419.2265361	-634.0323917	-104.4035649	33.19823589	-678.7893848	-79.85892344	33.73861105	-941.9009319	-68.31211017	25.85575285	-722.9019997	-177.4489049	25.84168346	-739.0727187	-166.3803803	37.11566905	-782.5873769	-70.95340725	49.86817807	-756.5183836	87.87245127	35.79695508	-636.6528792	170.686818	114.4639307	-404.5596804	126.3379231	84.55791647	-433.6935466	226.2485883	78.21329309	-473.3876337	207.0525897	79.89866994	-508.000417	115.1501179	89.9865207	-468.6270405
589	5.88	-192.961322	986.9943139	-685.2610223	67.27229581	1001.492002	-718.7650728	-79.8954605	1013.314612	-889.9167027	-240.0268626	753.7243275	-768.18514	-56.66960648	508.9183326	-773.7577215	-192.5992536	497.0725778	-772.4215199	-216.8984593	645.4781637	-771.3420497	-136.4169609	709.3237898	-650.5484202	128.1025663	811.8667992	-779.5280644	15.72683692	523.0065858	-608.0819638	143.5656893	525.736923	-643.1776804	140.3008186	667.6279699	-706.4825415	85.879399	764.1062549	-617.1945815	-188.9056493	448.0523731	-783.6609788	-50.68408771	94.78471775	-839.9689124	-135.1952046	70.73142575	-874.793701	-121.3034943	392.267558	-733.4220575	-196.1072092	365.2040096	-808.3122013	151.8147887	488.163607	-637.3958047	77.12676434	113.29428	-539.7655054	153.0584507	98.5340013	-590.3099695	119.6619677	456.2525339	-561.8650934	167.0934086	418.3843778	-628.009937	-104.4245799	33.16900593	-678.7553882	-79.84045523	33.82547318	-941.8786329	-68.33043097	25.8804337	-722.8567675	-177.460647	25.80012442	-739.0672654	-166.3973633	37.08242916	-782.5753307	-70.97892929	49.83646891	-756.5109113	92.45576214	34.26013762	-621.3106845	170.2650302	119.7804522	-389.8579008	126.6991868	88.80432008	-419.0234404	227.3450889	82.15012346	-456.6618091	208.8160754	82.73966115	-491.672617	116.1468314	93.16641983	-454.3051775
590	5.89	-192.6231497	986.5634595	-681.9232225	67.76790444	1000.779284	-714.5890348	-78.88085113	1012.862034	-886.2107328	-239.5742557	753.458292	-765.4391237	-56.38230299	508.5586434	-771.3422933	-192.3694903	496.763286	-770.3394376	-216.4701899	645.2070461	-768.8836051	-136.2186846	708.7399661	-647.672084	128.7608598	811.0312977	-776.1718512	15.01367809	521.4706943	-606.5317716	143.2218773	524.3803481	-640.2825487	140.2029975	666.1739672	-704.0976161	85.7315728	762.3611165	-614.3217363	-188.6845369	447.7625455	-781.763171	-50.63183386	94.78431707	-839.7616052	-135.1245265	70.8325802	-874.6586387	-121.0994392	391.6886025	-731.7208293	-195.8227511	365.070837	-806.7787797	151.7265361	487.1936527	-633.6704668	79.2719077	113.9580322	-527.389711	156.1387965	98.64930284	-576.0884039	118.7071085	456.6383513	-557.8047024	167.5562252	417.6250829	-622.2385121	-104.4328931	33.14314688	-678.721727	-79.81289291	33.89045213	-941.8477626	-68.34568478	25.8580592	-722.8601278	-177.4713335	25.76990509	-739.0717775	-166.3997097	37.05849578	-782.564133	-70.9974606	49.82689186	-756.462208	96.76691635	33.07572498	-606.5150685	169.6446157	125.0311749	-375.9061779	126.8775676	93.08035559	-405.0786212	228.1585722	86.12182599	-440.7043403	210.3165856	85.70464826	-476.0184253	116.9070437	96.39088542	-440.7177894
591	5.9	-192.2417741	986.1208066	-678.556684	68.32482449	1000.007198	-710.3562728	-77.7893272	1012.382148	-882.4553464	-239.1257387	753.1522509	-762.7327602	-56.06209314	508.2041699	-768.9628594	-192.0603573	496.4441003	-768.2348234	-216.0001461	644.932593	-766.4416027	-136.0088122	708.1189134	-644.7006539	129.5112377	810.1546603	-772.8406635	14.32171236	520.049258	-605.0266576	142.8921915	523.0966943	-637.4568544	140.1945722	664.5942183	-701.6960794	85.58416145	760.6565692	-611.4112782	-188.3518934	447.4893566	-779.7593554	-50.56238258	94.77837584	-839.5567331	-135.0617528	70.91433656	-874.5367719	-120.8145888	391.1059785	-729.993908	-195.5441699	364.9162735	-805.2243227	151.6422422	486.3198537	-630.0740274	81.24094498	114.744754	-515.5443569	158.9066338	98.94838524	-562.5675887	117.7521842	457.1197564	-553.8957452	167.8971766	416.9762512	-616.6998195	-104.4358151	33.1066258	-678.699147	-79.7795444	33.93861124	-941.8068974	-68.36435028	25.7666062	-722.9313331	-177.4670457	25.74887772	-739.0747218	-166.3917601	37.04138663	-782.5540022	-71.01331167	49.84058958	-756.3789241	100.6258251	32.19085101	-592.3445198	168.9554111	130.1160916	-362.78737	126.8874366	97.28776397	-391.9448342	228.7809798	89.94975701	-425.6087741	211.5960361	88.60579959	-461.1479761	117.5127893	99.63701879	-427.8694738
592	5.91	-191.8125716	985.6656045	-675.1554356	68.97060925	999.199524	-706.0920471	-76.62423787	1011.879872	-878.6569735	-238.6553176	752.8236551	-760.0120659	-55.72039071	507.8500615	-766.6063187	-191.6993841	496.1124905	-766.0773165	-215.4898764	644.6444432	-763.9788103	-135.7775875	707.4775337	-641.6385493	130.3268938	809.2520548	-769.4787257	13.66659183	518.7430944	-603.5277634	142.542275	521.9153623	-634.696625	140.1336884	663.1745186	-699.1775124	85.4815606	759.1100207	-608.3965124	-187.9296275	447.2233371	-777.6445043	-50.46839797	94.74646517	-839.3739942	-135.0008719	71.0071857	-874.3986932	-120.4736979	390.5035331	-728.2376582	-195.2691706	364.7543898	-803.60818	151.5217498	485.5337223	-626.6220237	83.08406661	115.6243294	-504.2379204	161.3113827	99.35062412	-549.7971887	116.9041052	457.6600757	-550.17672	168.1576716	416.3866997	-611.4375212	-104.4397795	33.06372035	-678.6856163	-79.74596889	33.98884081	-941.7613915	-68.38303647	25.67095256	-723.0028861	-177.4487029	25.73446263	-739.064362	-166.3789836	37.0247028	-782.5399286	-71.03107588	49.86021206	-756.2846256	103.9563076	31.56737968	-578.8723266	168.3826978	134.937913	-350.5595125	126.7913807	101.3879928	-379.6310151	229.3455199	93.47383634	-411.4768398	212.7376661	91.27234945	-447.1830008	118.0950493	102.8550188	-415.7902744
593	5.92	-191.3430866	985.2081734	-671.6911996	69.7150675	998.3956841	-701.8034974	-75.38599023	1011.36163	-874.8203885	-238.141617	752.4926873	-757.2192378	-55.36347451	507.4814708	-764.1841472	-191.3083859	495.7736812	-763.8330129	-214.9484793	644.341821	-761.4524456	-135.5248903	706.8313511	-638.5252469	131.1461953	808.3846353	-766.0279178	13.06251888	517.5941632	-601.9082073	142.1777715	520.8638486	-632.0181806	139.9467028	662.0674505	-696.4713292	85.44403361	757.8216497	-605.22371	-187.510623	446.932383	-775.4952325	-50.35674549	94.68495577	-839.2190509	-134.9461749	71.12293114	-874.233009	-120.1233172	389.8731664	-726.4561125	-194.9815325	364.5974052	-801.9138391	151.3200379	484.786575	-623.3078639	84.80919196	116.596112	-493.479723	163.361496	99.77677405	-537.8385308	116.3033428	458.1751488	-546.7088795	168.3806161	415.7823747	-606.5677536	-104.4529706	33.02183827	-678.6779985	-79.71345071	34.05970603	-941.7124892	-68.39680055	25.65203325	-722.9926334	-177.4446098	25.73323083	-739.0434592	-166.3654476	37.00537162	-782.5137242	-71.05805498	49.88458868	-756.1842004	106.7412919	31.1715589	-566.1570538	168.135796	139.4031001	-339.2505348	126.7735617	105.321094	-368.1491282	229.9701425	96.57592919	-398.4383866	213.8295937	93.61912385	-434.2567305	118.7844543	105.9648879	-404.4966268
594	5.93	-190.8301481	984.7619816	-668.1681784	70.54003044	997.625954	-697.4709654	-74.07115157	1010.835632	-870.9482078	-237.6165029	752.1400213	-754.3716244	-54.9873994	507.0890811	-761.5914694	-190.8750806	495.4352436	-761.4795049	-214.3948472	644.0349969	-758.8359549	-135.2569741	706.1950873	-635.4042955	131.8943848	807.6424981	-762.4576435	12.55291308	516.6406989	-600.0259078	141.8208887	519.9310417	-629.4199842	139.6993346	661.2251397	-693.4996997	85.44800863	756.8351796	-601.9007975	-187.1421731	446.6244867	-773.3451158	-50.27262751	94.65092444	-839.0356133	-134.9028741	71.2642527	-874.0476494	-119.8097643	389.2279135	-724.6477189	-194.6815289	364.4648458	-800.1693789	151.0030461	483.9716707	-620.1053517	86.37657509	117.6406806	-483.2626218	165.0742557	100.1569765	-526.7572881	116.0669004	458.5636067	-543.5535293	168.5333544	415.1044388	-602.2335092	-104.4798274	32.98325369	-678.662882	-79.67883027	34.15759688	-941.6540706	-68.41105423	25.69102947	-722.9242426	-177.4752516	25.74093829	-739.0218942	-166.3547394	36.98040403	-782.472957	-71.09878552	49.91686928	-756.0823944	108.9510378	30.95335362	-554.2198329	168.397825	143.4491796	-328.8701745	127.1101479	108.9729872	-357.530353	230.7488925	99.24187774	-386.5905393	214.9571124	95.6433493	-422.4976167	119.6452985	108.8697637	-393.9485042
595	5.94	-190.2156448	984.3173965	-664.6942241	71.41101342	996.9101756	-693.0579115	-72.67564431	1010.295648	-867.0418767	-237.0987697	751.7831929	-751.4863525	-54.59971025	506.6772378	-758.8236052	-190.4308215	495.1070954	-759.0528806	-213.8534913	643.7355055	-756.139234	-134.9819362	705.585944	-632.2953631	132.5146063	807.0385413	-758.6991893	12.16170242	515.8839915	-597.804194	141.4749476	519.0642544	-626.898235	139.4944202	660.5794953	-690.2095374	85.4588364	756.121896	-598.4869547	-186.8112327	446.338644	-771.1780513	-50.25828057	94.70503941	-838.7578599	-134.8703274	71.43240254	-873.8548277	-119.5624777	388.591931	-722.8045585	-194.3908546	364.3754633	-798.4225595	150.5557441	482.9835533	-617.0564611	87.77192773	118.6863046	-473.5902086	166.4617087	100.4496745	-516.6462195	116.2000255	458.731215	-540.7254886	168.5816576	414.2834472	-598.4968844	-104.5185226	32.94502416	-678.6235777	-79.64676256	34.27751476	-941.5843336	-68.4341752	25.7193133	-722.8757633	-177.5219661	25.72754448	-739.0032711	-166.352469	36.93793691	-782.4307143	-71.14376776	49.90951684	-756.0512821	110.5548488	30.84535132	-543.0466766	169.2810407	147.0642894	-319.4091731	127.9903535	112.2601853	-347.7482869	231.7571646	101.5654437	-375.9884693	216.1990553	97.39271831	-411.9682442	120.6863523	111.4992664	-384.0838306
596	5.95	-189.4684765	983.8649206	-661.3620072	72.29395937	996.2660527	-688.529614	-71.20144967	1009.719893	-863.1039783	-236.5521603	751.4909447	-748.5402014	-54.21991802	506.2528931	-755.9544778	-190.0398788	494.811918	-756.6384406	-213.3404527	643.4489164	-753.4098093	-134.7139028	705.0162551	-629.1940628	133.0112473	806.4787149	-754.6386079	11.85285685	515.288635	-595.2756633	141.1426563	518.1512912	-624.5037764	139.3669414	660.0910612	-686.6742209	85.48175053	755.5917689	-594.9999607	-186.5073904	446.0903155	-769.0115084	-50.30307913	94.82778982	-838.4032711	-134.8492919	71.61662702	-873.670549	-119.391382	387.9769729	-720.9293303	-194.1278494	364.3331155	-796.7183148	150.0225525	481.7869603	-614.3501851	88.99839443	119.6476299	-464.4840829	167.5247363	100.6167017	-507.5362588	116.5647217	458.6056082	-538.1533738	168.5437612	413.2387751	-595.3322747	-104.5663411	32.90321273	-678.5633361	-79.63917105	34.40827948	-941.5145471	-68.47152926	25.70490182	-722.8877454	-177.5557924	25.67194682	-738.984956	-166.3761906	36.86641554	-782.4135654	-71.18426696	49.81808892	-756.1629052	111.5372864	30.76681621	-532.624034	170.8040221	150.2644365	-310.8483898	129.4016812	115.1929818	-338.7095877	233.0356105	103.6078495	-366.6561804	217.5774703	98.91049944	-402.637374	121.9302452	113.8423687	-374.9107126
597	5.96	-188.6745931	983.4269801	-658.1058908	73.17440172	995.7011177	-683.8741751	-69.65989107	1009.096977	-859.1327207	-235.9533355	751.2797894	-745.565685	-53.86504911	505.8213448	-753.0415923	-189.7198439	494.5639081	-754.3029546	-212.8512747	643.1763147	-750.7116056	-134.4789387	704.4814519	-626.094343	133.4911946	805.9087008	-750.291992	11.61006901	514.7392343	-592.6150295	140.8594968	517.0176579	-622.3438974	139.3005068	659.6357216	-683.0408086	85.58693688	755.1014869	-591.3530715	-186.2272806	445.8782432	-766.8898819	-50.37134339	94.9619118	-838.0381383	-134.8494285	71.78797943	-873.5226678	-119.2975198	387.380902	-719.0325814	-193.8900688	364.3341911	-795.0937283	149.537359	480.3779598	-612.1665144	90.03590027	120.4741795	-455.9653861	168.2422542	100.610975	-499.3329097	116.9661983	458.1594734	-535.7361154	168.4478191	411.9151647	-592.6866967	-104.6229002	32.8603162	-678.4986602	-79.66979002	34.53991715	-941.4575366	-68.53250986	25.65313114	-722.9586112	-177.5785054	25.59500515	-738.9638337	-166.4579799	36.77605782	-782.4417191	-71.24603808	49.73238014	-756.3127353	111.915464	30.6303515	-522.9355218	172.8832671	153.0596257	-303.1665876	131.2000043	117.8154971	-330.3443007	234.554794	105.2894445	-358.5466845	219.0040443	100.1674896	-394.4358895	123.3827615	115.91539	-366.4949839
598	5.97	-187.9414304	983.0296038	-654.8022596	74.05723322	995.1958185	-679.102369	-68.06128666	1008.447817	-855.1139438	-235.3238828	751.0980226	-742.6661387	-53.54231528	505.3807482	-750.1088817	-189.4342423	494.343592	-752.0570607	-212.3638018	642.9234215	-748.0960648	-134.3119364	703.9556161	-623.0104842	134.1142786	805.3704475	-745.8335538	11.50840833	514.0477026	-590.0229574	140.6828081	515.5278113	-620.5087726	139.3123077	659.0085232	-679.4372349	85.89110126	754.4648393	-587.4307499	-185.938039	445.7053738	-764.8310699	-50.45011165	95.08169753	-837.6959709	-134.8765634	71.92365062	-873.4295588	-119.2833922	386.7988151	-717.1282701	-193.6690543	364.3738461	-793.5705684	149.2803114	478.7162154	-610.457457	90.86821813	121.1423722	-448.0663113	168.6130878	100.3973628	-491.9420663	117.2998624	457.4316864	-533.4410413	168.3259364	410.3319533	-590.4188316	-104.6875605	32.82577788	-678.4396572	-79.70818903	34.67056787	-941.4110477	-68.62319272	25.60155991	-723.0457057	-177.6150167	25.52798651	-738.9435884	-166.6065387	36.69649999	-782.4971532	-71.36775185	49.79269384	-756.3135319	111.7713497	30.36576374	-513.962744	175.3430256	155.4330702	-296.3262876	133.2216788	120.1220857	-322.6648382	236.2059169	106.4854257	-351.5458601	220.3397862	101.0664128	-387.2833437	124.973094	117.7065097	-358.8575513
599	5.98	-187.3036192	982.669194	-651.385156	74.94549149	994.6967349	-674.2270746	-66.39816473	1007.813878	-851.0256525	-234.6932081	750.9097804	-739.9206754	-53.24988427	504.9195772	-747.174863	-189.1530789	494.1266097	-749.8964173	-211.8581667	642.7047616	-745.5907259	-134.2455823	703.4019623	-619.9635816	134.9767022	804.8621539	-741.3794013	11.63527024	513.0906079	-587.5012832	140.6468931	513.7048071	-618.9804051	139.4655037	658.0909425	-676.0131064	86.5256262	753.5208927	-583.2317422	-185.6109786	445.5626168	-762.8439663	-50.54179364	95.18325763	-837.3816307	-134.9112899	72.04304772	-873.3679257	-119.3503765	386.221668	-715.2484477	-193.4678867	364.4376403	-792.1497207	149.3125976	476.7962909	-608.9987958	91.51249191	121.613357	-440.8583452	168.7051951	99.96265002	-485.3529341	117.6205605	456.5070893	-531.2741886	168.2212707	408.6075761	-588.2738285	-104.7582352	32.8073318	-678.3898197	-79.71711454	34.80417869	-941.3645457	-68.73690624	25.59532331	-723.0911006	-177.6754354	25.47591029	-738.928178	-166.77794	36.641926	-782.529955	-71.52895704	49.93365056	-756.2283527	111.2494334	29.9433319	-505.7545517	177.9395423	157.3307678	-290.2906664	135.2980234	122.0401155	-315.744947	237.8455925	107.1811666	-345.5399366	221.509231	101.5377099	-381.083428	126.5886086	119.1593535	-351.973903
600	5.99	-186.7433758	982.3159872	-647.8369518	75.83683545	994.1376629	-669.2582412	-64.64065934	1007.233973	-846.8545878	-234.0843323	750.7158872	-737.3492607	-52.98241601	504.430982	-744.2626154	-188.8862236	493.9210913	-747.8489982	-211.3321125	642.5302302	-743.2064106	-134.293008	702.7904742	-616.9575191	136.063129	804.2887718	-736.9130928	11.98343223	511.9081989	-584.8402926	140.7401239	511.725233	-617.5926178	139.7962226	656.9119502	-672.9241823	87.6024998	752.2288715	-578.9057894	-185.3167131	445.4171548	-760.9852326	-50.64462113	95.26954732	-837.097297	-134.9344186	72.18427713	-873.306269	-119.4845071	385.6386577	-713.4399276	-193.2998153	364.5044931	-790.823476	149.4870407	474.7695609	-607.5353753	92.01222633	121.8103661	-434.4528105	168.6432577	99.31892279	-479.5824129	118.0512655	455.4529228	-529.1753709	168.1631321	406.8863173	-586.0496043	-104.8318729	32.8043153	-678.3502442	-79.71866339	34.94310809	-941.3175816	-68.86078977	25.6430874	-723.0819667	-177.7420682	25.42063155	-738.9158032	-166.9120869	36.58502651	-782.5170239	-71.66373252	49.94349835	-756.3133259	110.5441333	29.33773389	-498.4318631	180.390432	158.6584141	-285.0544279	137.2156133	123.4535314	-309.6674868	239.3375928	107.4618937	-340.4319086	222.5001954	101.5977274	-375.7517407	128.0746635	120.1781676	-345.8752734
601	6	-186.1963865	981.9273657	-644.2106284	76.7374678	993.4741507	-664.2146437	-62.75186736	1006.739507	-842.6069632	-233.4901429	750.5298657	-734.9184021	-52.73050331	503.9223862	-741.3971235	-188.6440135	493.7470296	-745.9419818	-210.7912842	642.3919801	-740.9415914	-134.4386725	702.1076617	-613.9808325	137.2866226	803.5696834	-732.417643	12.46581323	510.6514278	-581.85305	140.9176657	509.8151823	-616.0734366	140.2651342	655.5373386	-670.2127522	89.13402475	750.6744592	-574.6384757	-185.1739784	445.2527535	-759.3092868	-50.76251912	95.35953134	-836.8334259	-134.9725188	72.34514503	-873.258854	-119.6528457	385.0518697	-711.731231	-193.1697996	364.5671042	-789.5834263	149.6207013	472.8607725	-605.8515152	92.4063014	121.6396132	-428.978188	168.5537895	98.47655551	-474.6355475	118.6197168	454.2859422	-527.0160685	168.1667217	405.2356637	-583.7193772	-104.904933	32.8101638	-678.3210712	-79.76135648	35.08732714	-941.2781162	-68.9774228	25.72906105	-723.0515123	-177.7988218	25.34499442	-738.9074448	-166.9896702	36.48702797	-782.4853475	-71.76111018	49.80626132	-756.5959669	109.9007293	28.46181443	-492.0953718	182.4008932	159.2983421	-280.590909	138.7531282	124.2255952	-304.487843	240.5522888	107.3782128	-336.1003099	223.2928145	101.2917279	-371.2111728	129.2301788	120.6317491	-340.6640177
602	6.01	-185.5782984	981.4700277	-640.6078943	77.65650597	992.700447	-659.1178888	-60.71561788	1006.344263	-838.296007	-232.8582932	750.3813354	-732.5490161	-52.48003724	503.4095074	-738.6077451	-188.4030278	493.5984107	-744.1523176	-210.2317841	642.2726444	-738.7811261	-134.6482127	701.3558499	-611.0154054	138.5449454	802.7014322	-727.9464406	13.00669315	509.4493902	-578.579788	141.1416733	508.1416551	-614.1561159	140.7762226	654.0278482	-667.7436324	90.97207839	748.9910512	-570.5197572	-185.1658129	445.1041654	-757.7639577	-50.90406858	95.47605478	-836.5690029	-135.0648453	72.50697411	-873.242973	-119.8213916	384.4809574	-710.1159714	-193.054686	364.6375305	-788.4085461	149.7184735	471.1838642	-603.8218779	92.6863623	121.0140961	-424.545004	168.5203647	97.41078167	-470.5121336	119.2183106	453.011063	-524.6744068	168.2561536	403.6548674	-581.3285429	-104.9763477	32.8204898	-678.3019323	-79.84135738	35.23830823	-941.2479555	-69.07381686	25.83854316	-723.0296114	-177.8507775	25.25284854	-738.9059849	-167.0458693	36.34840355	-782.4703286	-71.8756214	49.71813141	-756.8437202	109.5430066	27.21828502	-486.8570726	183.7090656	159.1619588	-276.7975855	139.7612529	124.2133091	-300.2319198	241.373323	106.8783168	-332.4119263	223.8422809	100.6000002	-367.3847029	129.9387888	120.3826671	-336.4076501
603	6.02	-184.8551529	980.9436621	-637.0641179	78.59256125	991.8432727	-653.9700432	-58.55209935	1006.02557	-833.9237343	-232.1713203	750.2892043	-730.1918333	-52.22001025	502.9056874	-735.9205577	-188.1297503	493.4523549	-742.4276469	-209.6392522	642.1603783	-736.6971718	-134.8766387	700.5520212	-608.0452442	139.7556291	801.7293432	-723.5594193	13.59184771	508.3152776	-575.2557735	141.434227	506.7397316	-611.7238556	141.2340322	652.5022414	-665.2337631	92.88058373	747.304578	-566.5114656	-185.1477753	445.0098363	-756.2411365	-51.06142011	95.61761222	-836.2974101	-135.196111	72.67649458	-873.2275461	-119.9724197	383.9475282	-708.572707	-192.9209971	364.7257974	-787.2691114	149.9435111	469.7268431	-601.3913782	92.80949486	119.8675113	-421.1960857	168.5702623	96.08048734	-467.2143938	119.7194677	451.6437679	-522.0971765	168.4748578	402.1412496	-578.8515823	-105.0470107	32.83534241	-678.2890495	-79.91683161	35.39895048	-941.2201673	-69.15632263	25.95631373	-723.0184821	-177.907657	25.15831778	-738.9108461	-167.1256226	36.20089625	-782.4808481	-72.04093088	49.7865151	-756.9184658	109.5309801	25.64398568	-482.9344717	184.184752	158.2199073	-273.5783552	140.1746952	123.3109436	-296.8962001	241.7220645	105.8417442	-329.2854462	224.0973968	99.42488127	-364.2304126	130.2216987	119.3584661	-333.0833297
604	6.03	-184.0443933	980.3766047	-633.5292278	79.55065483	990.9388895	-648.7567722	-56.30482118	1005.736264	-829.4848582	-231.4733031	750.2259554	-727.8626786	-51.94656602	502.4183609	-733.3373258	-187.8095709	493.30294	-740.7282174	-208.999647	642.0566139	-734.6486459	-135.065597	699.7266723	-605.0679925	140.8696311	800.7088328	-719.2418191	14.22892909	507.18039	-572.069952	141.866642	505.5239667	-608.8357269	141.6204239	651.1085812	-662.3796737	94.66173708	745.7200065	-562.4892269	-185.0519693	444.9540289	-754.7170266	-51.21733537	95.76339602	-836.0332356	-135.2848239	72.85685426	-873.1731258	-120.1072209	383.4538702	-707.0801236	-192.7627458	364.8277864	-786.1536667	150.3903947	468.4227914	-598.5427885	92.77237021	118.2123245	-418.8721327	168.6894346	94.48825124	-464.7330954	120.0779112	450.1751513	-519.3207667	168.8568416	400.7079294	-576.1965499	-105.1148102	32.85503931	-678.2767305	-79.97663381	35.57277696	-941.1869197	-69.23595326	26.07775063	-723.0027358	-177.9714054	25.06946344	-738.9188566	-167.2377435	36.06408825	-782.5037447	-72.2423507	49.95015558	-756.8798792	109.7502229	23.95560785	-480.5130063	183.8929904	156.4694553	-270.9389983	139.9849088	121.5300639	-294.4274533	241.5751452	104.1703563	-326.6777075	224.0312855	97.70620227	-361.6991601	130.1144921	117.6150359	-330.6159044
605	6.04	-183.1617787	979.8002822	-629.9512904	80.56578116	990.0135718	-643.4735627	-54.01202843	1005.443354	-824.9801913	-230.7658191	750.150487	-725.5588407	-51.6594715	501.9487719	-730.8317307	-187.4582479	493.1733695	-739.0407052	-208.3153883	641.9773757	-732.5902259	-135.1529226	698.909042	-602.0965932	141.8794165	799.6933007	-714.8960101	14.90596063	505.9709362	-569.0283625	142.4761518	504.3869091	-605.6002084	142.0351558	649.9043522	-659.020465	96.21020069	744.2894384	-558.3141686	-184.9180613	444.9041713	-753.2258948	-51.36684307	95.9068408	-835.7862524	-135.255987	73.05159713	-873.0810286	-120.2388368	382.9836166	-705.6090861	-192.5947771	364.9414755	-785.0694426	150.9846042	467.1967582	-595.314342	92.62486455	116.2073268	-417.3874955	168.8494485	92.72638756	-462.963953	120.3183688	448.5711693	-516.4404585	169.3779852	399.3609206	-573.3256997	-105.177199	32.87855363	-678.2634739	-80.04286463	35.76441738	-941.1451811	-69.31763711	26.20537197	-722.9775512	-178.0404085	24.98819506	-738.9263811	-167.3649074	35.93375573	-782.5236816	-72.45835619	50.13050648	-756.8195355	110.0509632	22.48024774	-479.4779828	183.0185871	153.9667654	-268.8945496	139.2360323	119.0753283	-292.6680291	240.975135	101.919932	-324.4621856	223.6752264	95.56091871	-359.6130666	129.614247	115.3463845	-328.8647222
606	6.05	-182.2002628	979.2288764	-626.3135317	81.68620786	989.0909508	-638.131399	-51.68775521	1005.148453	-820.4144409	-229.9878788	750.0519523	-723.2248565	-51.35696795	501.4852169	-728.3677514	-187.110877	493.0911881	-737.3695339	-207.6147207	641.9443409	-730.4936053	-135.1012461	698.1099186	-599.1476073	142.8318977	798.7422358	-710.3975971	15.61376506	504.6217075	-566.0778859	143.2407777	503.2600625	-602.1719274	142.6275535	648.8445194	-655.1933878	97.49299026	742.9714617	-553.9106662	-184.7430876	444.8699023	-751.7372841	-51.52302768	96.06691725	-835.5384374	-135.1559387	73.27289349	-873.0046361	-120.3762623	382.5210559	-704.1317086	-192.4150096	365.0797151	-784.0161756	151.618817	466.0095126	-591.8308222	92.40174911	114.1196947	-416.3939335	169.023635	90.95991776	-461.5916061	120.480303	446.8322359	-513.5714794	169.9746161	398.0802862	-570.3299636	-105.2373567	32.90455841	-678.2535647	-80.1297766	35.9759756	-941.0971692	-69.41430609	26.32356158	-722.965884	-178.1125916	24.90834167	-738.933521	-167.4950059	35.79710953	-782.5353125	-72.68314484	50.3055538	-756.7736554	110.3365306	21.49744583	-479.298403	181.743669	150.9902961	-267.2170282	138.0556883	116.3201772	-291.2938685	240.0127068	99.34803324	-322.3727861	223.1152629	93.26401541	-357.6552662	128.762418	112.8395796	-327.5285196
607	6.06	-181.1450851	978.6569451	-622.6139788	82.92693813	988.2156246	-632.7339441	-49.32531363	1004.870018	-815.7890474	-229.0764771	749.9519252	-720.7934315	-51.02473898	501.0050315	-725.9106333	-186.7758149	493.0504482	-735.7100745	-206.9179099	641.9634272	-728.347244	-134.9152048	697.3195945	-596.232485	143.8293904	797.9200577	-705.652121	16.34684929	503.093797	-563.2587146	144.1306023	502.1043816	-598.8261947	143.476394	647.8925804	-651.0752733	98.50076159	741.6580739	-549.3013728	-184.4873942	444.8702924	-750.2018861	-51.72572143	96.2671714	-835.2452974	-135.1159745	73.49642375	-872.9953847	-120.5119694	382.0597838	-702.6429652	-192.2020528	365.2587861	-782.9874338	152.2724736	464.8388315	-588.3409408	92.09864887	112.1841848	-415.4352235	169.1949513	89.3515036	-460.1450481	120.6026075	445.0442105	-510.8134037	170.6156353	396.8405212	-567.3392018	-105.300203	32.93278406	-678.2524519	-80.23223381	36.20589269	-941.0451869	-69.53517571	26.41837064	-722.986936	-178.1869334	24.82031878	-738.9451811	-167.6276066	35.64874696	-782.5406901	-72.91771609	50.48455769	-756.7429743	110.5784918	21.05508959	-479.2373263	180.2070644	148.0229909	-265.3845715	136.6599586	113.5983926	-289.890939	238.815292	96.77491519	-320.1486324	222.4353134	91.06270333	-355.5308346	127.7092416	110.3440445	-326.1500816
608	6.07	-179.9918255	978.0747091	-618.8468334	84.25383786	987.4518793	-627.2679936	-46.91335432	1004.622306	-811.1057171	-227.9856361	749.8791928	-718.2165657	-50.63393849	500.4922472	-723.4258631	-186.4106192	493.0204716	-734.0403473	-206.1855161	642.0033451	-726.1376492	-134.6258675	696.5205067	-593.3559522	144.9891828	797.2763825	-700.6126992	17.06820996	501.4198445	-560.7455622	145.120965	500.9331429	-595.7876975	144.5556298	647.0697945	-646.8696215	99.22043728	740.2728859	-544.5778297	-184.171923	444.900244	-748.6554551	-52.00899922	96.50211509	-834.8854488	-135.1618508	73.70483685	-873.0155037	-120.6271821	381.6033297	-701.1514611	-191.9494007	365.4888679	-781.9893276	152.9645792	463.6708776	-585.1031482	91.71862435	110.5007961	-414.1525399	169.3635945	87.99412731	-458.2937713	120.7203214	443.3741032	-508.1822911	171.3156375	395.665386	-564.3851981	-105.3648675	32.96404944	-678.2609406	-80.33183526	36.45555532	-940.9858605	-69.66507591	26.50538203	-723.0225613	-178.2641068	24.72735448	-738.9653799	-167.7622981	35.49739066	-782.5416103	-73.16157534	50.67926966	-756.7158152	110.8016	20.98611334	-478.8178861	178.5476142	145.3416248	-262.9987439	135.2507902	111.0051329	-288.1824427	237.5677206	94.38656311	-317.7009986	221.6709716	89.01677105	-353.1284308	126.6528904	107.9337448	-324.3684738
609	6.08	-178.7479284	977.4846909	-615.0070707	85.61817575	986.8478272	-621.7319854	-44.44874934	1004.424488	-806.3684517	-226.7193393	749.8426341	-715.5049428	-50.16318066	499.9525837	-720.8930141	-185.9615632	492.9907959	-732.3467848	-205.3435476	642.0151322	-723.8564774	-134.2602665	695.7090862	-590.5036975	146.3783106	796.8376586	-695.2838819	17.73437556	499.7281407	-558.7577863	146.1732221	499.8524526	-592.966535	145.7986984	646.4150974	-642.6848755	99.65041033	738.8411732	-539.8439816	-183.8414025	444.9713618	-747.1780414	-52.31382133	96.73290962	-834.5131382	-135.1869028	73.97103642	-872.9738258	-120.7031727	381.1683445	-699.658945	-191.6678174	365.7752435	-781.0240623	153.7293205	462.5765572	-582.1132512	91.31324825	109.0544244	-412.4715188	169.5420778	86.90846788	-456.0740114	120.8421957	441.987828	-505.5682891	172.0938143	394.6432832	-561.3720829	-105.4260351	32.99634914	-678.2733762	-80.40676326	36.73425963	-940.9127193	-69.78325685	26.60035305	-723.0433619	-178.3410423	24.64508291	-738.9887556	-167.8903785	35.36067952	-782.5378107	-73.41142464	50.88991364	-756.6745799	111.0254426	21.10014371	-478.0342509	176.9443806	142.7791512	-260.149211	133.9357477	108.4432159	-286.1630227	236.4560064	92.16237012	-315.1188943	220.8625223	87.04031342	-350.541873	125.7165544	105.5388965	-322.1799556
610	6.09	-177.4242594	976.9026064	-611.1027066	86.98473874	986.4129624	-616.1550661	-41.94591946	1004.312185	-801.5831002	-225.3319447	749.8357274	-712.718903	-49.60738955	499.4153819	-718.3186841	-185.4132628	492.980029	-730.64441	-204.3604452	641.9879025	-721.5200788	-133.8242171	694.9029619	-587.6338416	147.9840261	796.6103014	-689.7254233	18.36135861	498.24082	-557.3081149	147.2492726	499.0195617	-589.9891028	147.16032	645.9771155	-638.4819293	99.82428387	737.4759425	-535.1735274	-183.4956368	445.1062551	-745.8044493	-52.51813713	96.94445272	-834.1853494	-135.1347092	74.39420578	-872.8454934	-120.7181576	380.7847608	-698.159386	-191.3304331	366.1111088	-780.053653	154.6389397	461.6938865	-579.0784772	90.97631454	107.7952481	-410.5792474	169.7396656	86.08797613	-453.7704089	120.95883	440.9409863	-502.8074252	172.9400229	393.8439644	-558.2003527	-105.4792392	33.02242686	-678.2794949	-80.45846271	37.0622417	-940.8262561	-69.88389697	26.69306436	-723.0411352	-178.403932	24.58257262	-739.0008455	-167.9961017	35.25594634	-782.5263935	-73.65395697	51.10142136	-756.6031376	111.2372195	21.29472734	-477.0967367	175.5807453	140.0616746	-257.1834824	132.8029771	105.7919698	-283.9931004	235.5694658	89.96630208	-312.578631	220.105855	85.07296317	-347.9712425	124.9266385	103.0886469	-319.8381068
611	6.1	-176.0333089	976.3494029	-607.1456081	88.33256293	986.1387705	-610.5762316	-39.43860648	1004.326449	-796.760928	-223.8587188	749.8553386	-709.8967089	-48.95913934	498.9255349	-715.729151	-184.7731694	493.0168341	-728.9582495	-203.2518532	641.9629513	-719.1555782	-133.3034837	694.1263096	-584.6991166	149.739168	796.5868892	-684.033539	19.03116865	497.18714	-556.0616449	148.3426004	498.5291112	-586.5370505	148.6203572	645.8076629	-634.0918076	99.81107483	736.3244026	-530.5874365	-183.0762377	445.282185	-744.4800759	-52.58159028	97.17072259	-833.8698985	-135.0645816	74.96801823	-872.6807774	-120.63891	380.487336	-696.6505717	-190.8643815	366.4858111	-779.0262869	155.7215218	461.0971316	-575.7362223	90.78257873	106.6891635	-408.7037838	169.9530453	85.49556585	-451.617602	121.0908876	440.1698018	-499.8074866	173.8079019	393.2577696	-554.8956296	-105.5215463	33.03455782	-678.2685479	-80.51507606	37.46835169	-940.7300868	-69.96773543	26.76473515	-723.0221817	-178.4361828	24.5382475	-738.9934225	-168.0656237	35.19331707	-782.4996787	-73.8700366	51.29403731	-756.4944279	111.4092929	21.54310797	-476.1566755	174.5787531	137.1312553	-254.3220392	131.9637748	103.0181482	-281.8180808	234.9151511	87.69299215	-310.2406987	219.4845777	83.13162554	-345.5916249	124.3019614	100.5876103	-317.5458033
612	6.11	-174.5989188	975.8531456	-603.1340915	89.65998913	986.0291608	-605.0237033	-36.96084558	1004.498695	-791.913393	-222.2978487	749.9094831	-707.0351127	-48.20441504	498.5291922	-713.1675085	-184.0163623	493.1337979	-727.282994	-202.033269	641.9943036	-716.7735203	-132.6720111	693.4003163	-581.6815564	151.5713114	796.7682612	-678.3125203	19.8335289	496.6400135	-554.5657111	149.486918	498.3493002	-582.6206942	150.1614229	645.905582	-629.2941264	99.70665497	735.509141	-526.0518257	-182.5000917	445.483178	-743.102923	-52.56335347	97.44459613	-833.5065866	-135.0395128	75.59293211	-872.5209954	-120.4330077	380.2963922	-695.1456336	-190.2430488	366.9137685	-777.9513552	156.9084294	460.7715412	-572.0792554	90.73354888	105.716069	-406.9341655	170.1711467	85.00765707	-449.6447851	121.3121912	439.5859144	-496.5850041	174.6750055	392.8620476	-551.506392	-105.5514073	33.03117681	-678.2352549	-80.58047632	37.97420704	-940.6095537	-70.03384507	26.80790408	-722.9942932	-178.4400928	24.51123544	-738.974207	-168.0969386	35.17283259	-782.449678	-74.05249922	51.4588245	-756.347767	111.509434	21.84825917	-475.2820856	173.9545311	134.0986147	-251.6172578	131.4510018	100.2118209	-279.7216477	234.4713771	85.32344401	-308.1990335	219.0159387	81.23824198	-343.4822714	123.8851054	98.11560996	-315.3626348
613	6.12	-173.1495437	975.4444904	-599.0613845	90.9894791	986.1012939	-599.5173736	-34.52662198	1004.83975	-787.0451795	-220.6569668	750.0177636	-704.1289706	-47.33650724	498.2542948	-710.6811726	-183.1138037	493.3548135	-725.5936901	-200.7091231	642.1139136	-714.365203	-131.9033881	692.741744	-578.6000578	153.4434023	797.1711176	-672.6449966	20.82005963	496.4752537	-552.5648909	150.7320451	498.3805942	-578.4749466	151.7811664	646.2265794	-624.017006	99.6301405	735.0731359	-521.5060643	-181.7258957	445.7808237	-741.6321146	-52.53185715	97.78673194	-833.0756507	-135.052821	76.22518644	-872.3572033	-120.0930585	380.2082717	-693.6614431	-189.5149926	367.4285221	-776.8738057	158.1499194	460.6781413	-568.2394187	90.78713419	104.8648766	-405.2524848	170.3959956	84.4974224	-447.782424	121.7144105	439.1493063	-493.1976431	175.6075834	392.6632993	-547.9823428	-105.5705722	33.01775641	-678.1830385	-80.62824124	38.59590475	-940.4442081	-70.08203821	26.82912967	-722.9623651	-178.4367848	24.50180206	-738.9555479	-168.0982079	35.18865532	-782.3748738	-74.20106286	51.59864634	-756.1667272	111.5428808	22.20479672	-474.5033488	173.6111667	131.1079799	-249.0848805	131.174982	97.51440663	-277.7683671	234.193111	82.90905039	-306.4738663	218.6947196	79.40282182	-341.6337161	123.6676386	95.77483252	-313.3274662
614	6.13	-171.684587	975.1305609	-594.9357617	92.35439118	986.3680559	-594.0746172	-32.13541532	1005.334251	-782.1625204	-218.9702758	750.1938989	-701.1905348	-46.36294123	498.0949898	-708.2924471	-182.1103542	493.6822663	-723.9071179	-199.2871144	642.3231178	-711.9192639	-130.9807644	692.1548203	-575.4932179	155.3658017	797.8037642	-667.0637486	22.00629649	496.5207102	-550.0546628	152.1123563	498.559412	-574.2659615	153.5191495	646.7467024	-618.4827176	99.71011813	734.9742788	-516.9116756	-180.7671169	446.2462911	-740.0989442	-52.51943978	98.21426873	-832.5873075	-135.0487138	76.92611797	-872.1500157	-119.6390744	380.2113675	-692.1923885	-188.7213664	368.0474176	-775.7866874	159.4684368	460.7658174	-564.2885261	90.91218609	104.143881	-403.6294349	170.6546505	83.99863405	-446.032109	122.3461678	438.8648322	-489.680801	176.6886398	392.6506528	-544.3073653	-105.5815286	33.00198799	-678.1210166	-80.65603216	39.35448392	-940.2445843	-70.11206361	26.84351276	-722.9253089	-178.4390333	24.506035	-738.9415668	-168.0793943	35.23564795	-782.2783597	-74.31834957	51.72391578	-755.9612969	111.5791713	22.5962799	-473.8120578	173.4146036	128.231027	-246.7534062	131.0210654	94.98390992	-275.9963603	234.0294246	80.5599532	-304.9692275	218.5235099	77.64372641	-339.9826585	123.560493	93.6045954	-311.5235764
615	6.14	-170.1584271	974.886879	-590.7799871	93.78639222	986.8329238	-588.7068315	-29.78533418	1005.951286	-777.2813025	-217.2697193	750.4264514	-698.2392905	-45.30522417	498.0152227	-705.9916916	-181.087869	494.1046239	-722.2716449	-197.7843035	642.6035565	-709.4390155	-129.8966586	691.6263378	-572.4108438	157.3790738	798.6495298	-661.563595	23.38494082	496.7037437	-547.1575483	153.6357053	498.8869425	-570.011249	155.4205226	647.4490461	-613.0279214	100.06023	735.1399896	-512.286849	-179.6374428	446.8297528	-738.5165449	-52.52715919	98.71294016	-832.0750253	-134.9942119	77.74262903	-871.8752108	-119.1001777	380.2990426	-690.7163584	-187.8769249	368.7575834	-774.652707	160.8672576	460.9863851	-560.2368977	91.09562416	103.5666336	-402.0529068	170.9728416	83.61655263	-444.4343807	123.1933908	438.7292331	-486.0635244	177.9147202	392.7898275	-540.5867021	-105.5846722	32.98891906	-678.0579915	-80.66795899	40.25252736	-940.0378506	-70.12058371	26.8713362	-722.873569	-178.4421472	24.51972241	-738.9294533	-168.0528694	35.30685408	-782.1657866	-74.42566553	51.8555505	-755.7418932	111.6891798	23.01836604	-473.1794132	173.3022805	125.4286648	-244.6240249	130.9383818	92.56884259	-274.3882882	233.9505732	78.37174641	-303.5143566	218.49224	75.9698902	-338.4603751	123.477493	91.56974016	-309.9991398
616	6.15	-168.5045525	974.682227	-586.6110121	95.31616359	987.4872556	-583.4160576	-27.47163146	1006.656561	-772.4216554	-215.5551994	750.6959887	-695.2840906	-44.19110972	497.9722222	-703.747981	-180.0611948	494.5982749	-720.6738481	-196.2192465	642.9374409	-706.9407862	-128.6586306	691.1415985	-569.3962432	159.5202882	799.6670414	-656.1361659	24.92791261	497.0556479	-544.0135624	155.2866737	499.3707431	-565.7081537	157.4806179	648.2872845	-607.8170377	100.7588254	735.5087505	-507.6879589	-178.3726586	447.4285229	-736.8774111	-52.55891498	99.25167734	-831.5638622	-134.9256957	78.63295065	-871.5485288	-118.5067948	380.4598736	-689.2261136	-187.0105582	369.5228004	-773.458664	162.3679572	461.3258414	-556.1088707	91.34197224	103.1169008	-400.5572275	171.3460593	83.3356264	-442.9685809	124.2165992	438.6943038	-482.412185	179.2477535	393.0536173	-536.8825177	-105.5837712	32.97950436	-677.9985119	-80.64869189	41.26862817	-939.8323873	-70.11125898	26.92641298	-722.79856	-178.4404342	24.54189148	-738.9158436	-168.0341172	35.38767328	-782.0461614	-74.55191279	52.01738021	-755.5091363	111.8853726	23.47524826	-472.5904098	173.2990002	122.630244	-242.6548824	130.9402956	90.20230663	-272.8973383	233.9477152	76.31753642	-302.0511456	218.5697931	74.3652546	-337.0403876	123.4233009	89.63328808	-308.6755637
617	6.16	-166.6776302	974.5002779	-582.4239304	96.9703242	988.2959381	-578.1987595	-25.1816345	1007.413813	-767.6006414	-213.7988642	751.000853	-692.316558	-43.04374311	497.9398032	-701.5235522	-178.9816761	495.1365616	-719.0322188	-194.6007875	643.319379	-704.4395804	-127.3029183	690.7045497	-566.4518764	161.7961763	800.7959121	-650.7763245	26.59413503	497.6163623	-540.7221267	157.0366029	499.970494	-561.4039288	159.650755	649.1974178	-602.8176627	101.8344521	736.0253987	-503.1464891	-177.1284906	448.0229739	-735.2353564	-52.6346875	99.81773943	-831.0402281	-134.9066674	79.53773713	-871.206821	-117.8948222	380.6750499	-687.7335307	-186.1510898	370.3095058	-772.2101491	164.0513918	461.7719554	-551.954014	91.66591917	102.7293575	-399.2193685	171.7521082	83.06657898	-441.6020264	125.3816409	438.7095469	-478.793411	180.6864585	393.4101566	-533.1492631	-105.5871582	32.97202036	-677.9410044	-80.61744432	42.38561458	-939.6183873	-70.1094816	26.99503653	-722.714007	-178.4341738	24.56915174	-738.8988988	-168.0325843	35.46272257	-781.9244695	-74.71120483	52.21571895	-755.2564552	112.1212875	23.9534028	-472.0524093	173.4391249	119.8243196	-240.8141117	131.0500842	87.88123553	-271.4963814	234.0222274	74.29556994	-300.6835154	218.7198601	72.79951802	-335.7410191	123.4667836	87.79345932	-307.413987
618	6.17	-164.6857044	974.3471377	-578.2063008	98.76450924	989.1998975	-573.0467667	-22.89300008	1008.188802	-762.8240068	-211.9759729	751.349169	-689.3326448	-41.88114269	497.9134483	-699.2908215	-177.8298036	495.7126041	-717.3088622	-192.9297317	643.7541518	-701.9483189	-125.8796381	690.3276574	-563.5507419	164.1865319	801.9739867	-645.4806456	28.33979292	498.350587	-537.3281409	158.8497565	500.6066827	-557.1623058	161.8663921	650.1127231	-597.947963	103.2628451	736.6297169	-498.6394846	-176.0756289	448.6595303	-733.6820005	-52.76524165	100.4098495	-830.4847817	-134.9573995	80.45514707	-870.8698545	-117.2974714	380.9362982	-686.2413773	-185.2980132	371.1251926	-770.9348851	165.8986558	462.2771546	-547.8535483	92.05466455	102.3250296	-398.0664649	172.1756102	82.76719648	-440.3422518	126.656884	438.7660155	-475.2120628	182.216626	393.7977907	-529.3999605	-105.598969	32.96513617	-677.8809446	-80.63102714	43.59347754	-939.3815758	-70.14557606	27.05084955	-722.6461598	-178.4262584	24.59125552	-738.8786842	-168.0494911	35.52763547	-781.7963909	-74.90612639	52.43756355	-754.9829193	112.3370564	24.4205838	-471.5769876	173.7099346	117.0789078	-239.1123585	131.2516083	85.67062558	-270.1933574	234.1792701	72.27154721	-299.4994242	218.9161156	71.25083026	-334.5930899	123.6398142	86.06504556	-306.1678953
619	6.18	-162.5815964	974.2463594	-573.965897	100.7055498	990.142429	-567.939663	-20.56799658	1008.959028	-758.0740987	-210.0813875	751.7473648	-686.353478	-40.71461511	497.9000008	-697.0269414	-176.6434017	496.3330579	-715.545954	-191.2098313	644.2511177	-699.4780913	-124.425201	690.0083067	-560.6735864	166.6669328	803.1474264	-640.2559207	30.12419392	499.1533781	-533.8468992	160.6810629	501.2064338	-553.0278708	164.0674413	650.9756515	-593.1693565	104.9902118	737.251966	-494.1278175	-175.159431	449.3599775	-732.2136093	-52.94696809	101.034033	-829.8961864	-135.0390442	81.42085429	-870.5145554	-116.7273853	381.2492185	-684.7315657	-184.4347566	372.0104905	-769.6690438	167.7569151	462.7767997	-543.8820063	92.46718842	101.8880157	-397.0230068	172.6082912	82.44459222	-439.1944607	128.0110309	438.8550247	-471.6453401	183.778371	394.1445442	-525.7538303	-105.6169985	32.95927122	-677.8203412	-80.71873492	44.88035008	-939.1145667	-70.22341002	27.09594392	-722.5977819	-178.4240459	24.59825731	-738.8582881	-168.0872507	35.58975047	-781.6556402	-75.13488095	52.67241455	-754.6953194	112.515385	24.84716568	-471.1526757	174.0661357	114.4800187	-237.5654737	131.5049672	83.63090518	-269.0051199	234.4154104	70.28845585	-298.4682614	219.1449471	69.7195908	-333.6041801	123.9102993	84.4586149	-304.9871094
620	6.19	-160.4057012	974.2113614	-569.722442	102.7957235	991.0816421	-562.8456115	-18.15355036	1009.717688	-753.3166075	-208.127741	752.2065059	-683.415286	-39.53995812	497.905215	-694.7062199	-175.4505407	497.0031638	-713.7739092	-189.4518149	644.8159652	-697.0278759	-122.9630924	689.7317491	-557.7976449	169.2211698	804.2628357	-635.1152654	31.9231501	499.9316076	-530.2845173	162.4903252	501.7403535	-549.0172123	166.223687	651.7623208	-588.5019522	106.9670243	737.8142597	-489.5960676	-174.156993	450.1261138	-730.6882699	-53.1732652	101.7104481	-829.2761953	-135.1375948	82.45694481	-870.1292422	-116.1689149	381.6138176	-683.1859311	-183.5592877	372.9721806	-768.3946347	169.4885442	463.2287825	-540.048295	92.8744549	101.4582226	-395.9860588	173.0384568	82.12300672	-438.1352942	129.4237669	438.9364568	-468.0961224	185.3140741	394.4200567	-522.2873126	-105.6377826	32.95500942	-677.767134	-80.86210392	46.23735536	-938.8216128	-70.32492353	27.15521916	-722.5497933	-178.4347978	24.5924828	-738.8395874	-168.1507118	35.6603781	-781.4995158	-75.38896583	52.92218101	-754.3966446	112.6646431	25.22355094	-470.7540202	174.464032	112.0409052	-236.1494483	131.7855747	81.74052016	-267.92272	234.7021568	68.3811817	-297.5189999	219.3962015	68.20933303	-332.7284165	124.2310156	82.95780669	-303.9030129
621	6.2	-158.1460329	974.2241326	-565.4800929	105.0255946	991.9814539	-557.7394322	-15.59755619	1010.46502	-748.5308674	-206.1385974	752.739121	-680.5376957	-38.34334097	497.9317945	-692.3212342	-174.2257948	497.7309209	-711.9573264	-187.6600761	645.438872	-694.5833306	-121.5071204	689.4854003	-554.8834904	171.8363798	805.2737058	-630.0654826	33.73175249	500.6608591	-526.641646	164.2683926	502.2150886	-545.1243936	168.3371057	652.4824013	-583.9985012	109.1605614	738.2654039	-485.0486727	-172.9717016	450.9615815	-728.9817219	-53.4257471	102.4540258	-828.6249788	-135.3051951	83.55318528	-869.7588157	-115.586271	382.0211343	-681.5967736	-182.674485	373.9741721	-767.0457463	171.0632333	463.6312991	-536.3253713	93.2615122	101.0358663	-394.9249213	173.4470296	81.82333282	-437.1267656	130.8907002	438.9764961	-464.5835118	186.7932795	394.6431655	-518.981812	-105.657903	32.95227713	-677.7211122	-81.02102554	47.66495538	-938.5071723	-70.43158239	27.23783995	-722.4879387	-178.4537831	24.5890404	-738.8181619	-168.2367311	35.75049773	-781.324836	-75.65143394	53.1883694	-754.0791645	112.7687721	25.56573816	-470.3703909	174.8706574	109.6938763	-234.8078565	132.0767009	79.91734861	-266.9074828	234.9922024	66.53554905	-296.6316293	219.6544347	66.71183247	-331.8819653	124.5595541	81.5077735	-302.8929712
622	6.21	-155.7770624	974.2511656	-561.2267081	107.3679112	992.8045478	-552.6156069	-12.8702657	1011.20506	-743.7224995	-204.1226532	753.3461482	-677.696806	-37.1147885	497.9875565	-689.8892183	-172.9407637	498.5170692	-710.0556913	-185.8231471	646.0978319	-692.1214672	-120.0553562	689.2619237	-551.8977913	174.4922683	806.1634908	-625.1066719	35.54752768	501.3558993	-522.9274101	166.0346273	502.6360776	-541.3342753	170.4154588	653.1355891	-579.6896475	111.5482816	738.6191176	-480.4940823	-171.7107876	451.8466997	-727.1355171	-53.67030902	103.2517347	-827.9377144	-135.5282393	84.68076252	-869.4003443	-114.9457422	382.4682163	-679.953977	-181.763417	375.0241876	-765.6100542	172.5981417	463.9919712	-532.6896	93.60824247	100.5784545	-393.8687829	173.8119551	81.54600135	-436.1307027	132.4118797	438.974269	-461.118362	188.2062158	394.831882	-515.7925913	-105.6742909	32.94916018	-677.6701619	-81.16473946	49.17264001	-938.1658002	-70.52858849	27.32910115	-722.4095764	-178.468969	24.60302789	-738.7869783	-168.3307966	35.87341366	-781.1230751	-75.90166134	53.46137757	-753.7323009	112.8075569	25.90245345	-469.9941164	175.2516411	107.3559852	-233.5000634	132.3510649	78.09084299	-265.915238	235.2351016	64.70197686	-295.8376461	219.9008712	65.24412626	-331.0075139	124.8452041	80.04321467	-301.9328873
623	6.22	-153.3159481	974.2705517	-556.9450106	109.7921484	993.5187296	-547.4834036	-9.974174325	1011.94684	-738.8996696	-202.0640776	754.0125534	-674.8483812	-35.85014854	498.0846555	-687.4256872	-171.6102718	499.3416418	-708.0792937	-183.9330702	646.7768107	-689.6166065	-118.5969859	689.0551354	-548.832232	177.160174	806.9397948	-620.2382842	37.36470769	502.0158658	-519.1646037	167.8039753	502.9960308	-537.6284348	172.4622006	653.6882001	-575.5435434	114.102845	738.9101168	-475.9519598	-170.4879178	452.7532005	-725.2639873	-53.88238432	104.0712195	-827.2021701	-135.6808227	85.85073944	-868.9487124	-114.24021	382.9540687	-678.2481945	-180.831158	376.161181	-764.1387455	174.2567263	464.2955034	-529.1160629	93.90235582	100.0953367	-392.8096705	174.1210171	81.27102717	-435.1177287	133.9765197	438.9397732	-457.6929298	189.5747939	394.9794398	-512.6593108	-105.6860144	32.94002393	-677.6032291	-81.2858845	50.76608878	-937.7871104	-70.60486944	27.40803	-722.3202633	-178.4781595	24.63927534	-738.7419389	-168.4174997	36.04004927	-780.8852216	-76.12381285	53.72597162	-753.3535139	112.8205845	26.25378449	-469.5935701	175.5562981	104.9806375	-232.2135005	132.5758962	76.22310963	-264.9174806	235.3805407	62.85539201	-295.1151605	220.1154771	63.87213004	-330.1074049	125.0350727	78.53206105	-301.0080038
624	6.23	-150.8062933	974.2829844	-552.6221202	112.2785792	994.1157585	-542.3529681	-6.934541107	1012.686025	-734.0531404	-199.9616403	754.7129518	-671.9862618	-34.54698759	498.2239927	-684.937207	-170.2543265	500.1831324	-706.0521273	-182.0014362	647.4716563	-687.0515082	-117.1159455	688.8355081	-545.754295	179.8191595	807.6040837	-615.4514697	39.17588052	502.6177692	-515.3755414	169.5664843	503.291051	-533.9752805	174.4907032	654.1212408	-571.4934524	116.7821716	739.1309338	-471.4604218	-169.2879358	453.6749597	-723.3954848	-54.06327973	104.8879895	-826.4226892	-135.7104535	87.11671622	-868.3568155	-113.4876968	383.4650088	-676.4879008	-179.9151896	377.3461985	-762.6325645	176.0270728	464.5270683	-525.5725087	94.16249164	99.64444063	-391.6948001	174.380317	80.98108542	-434.0732272	135.5517288	438.870741	-454.2824817	190.9389677	395.0747515	-509.5078991	-105.694068	32.91867461	-677.5203453	-81.39159073	52.42994143	-937.3673043	-70.65903603	27.4624681	-722.2296991	-178.487196	24.69213302	-738.6837421	-168.4921949	36.24473152	-780.6154896	-76.31380634	53.9733307	-752.948172	112.8869405	26.62299612	-469.139019	175.7220017	102.5768297	-230.9191685	132.7178451	74.29585418	-263.9070412	235.4053889	61.05190282	-294.3192516	220.272358	62.63082356	-329.2007124	125.107582	76.98899404	-300.0656206
625	6.24	-148.2653809	974.3040404	-548.26238	114.8141914	994.620764	-537.2192726	-3.784483982	1013.394749	-729.1679201	-197.8260494	755.4244861	-669.1018326	-33.19520617	498.3841038	-682.4405517	-168.8633122	501.0358517	-703.9631729	-180.0416708	648.1804772	-684.4130964	-115.5893676	688.5291612	-542.8512567	182.467668	808.1605487	-610.7287737	40.96545415	503.1468351	-511.5771576	171.2985607	503.5294746	-530.3232112	176.5203933	654.4709638	-567.4875456	119.5442937	739.2705043	-467.0535853	-168.0304497	454.6120589	-721.4741102	-54.22320286	105.7058147	-825.625217	-135.726871	88.47208219	-867.7228766	-112.7024045	383.9815041	-674.6868093	-179.0117461	378.4971214	-761.0361439	177.7399613	464.703932	-522.0043091	94.41763136	99.23872468	-390.513062	174.6049667	80.68378586	-432.9966945	137.0808895	438.7630847	-450.8565365	192.3070519	395.1226274	-506.2897762	-105.6994708	32.88392598	-677.4287391	-81.4973147	54.13554548	-936.9142358	-70.69913678	27.49382049	-722.1442555	-178.4955789	24.74907131	-738.6180831	-168.5634947	36.46694793	-780.3317495	-76.48245312	54.20356586	-752.5242396	113.0136724	26.99972728	-468.6504331	175.7210452	100.1688385	-229.572779	132.7469697	72.31108013	-262.8912847	235.3336871	59.33559098	-293.339661	220.3465207	61.44560765	-328.276995	125.0874299	75.43953897	-299.0457222
626	6.25	-145.6801201	974.3442906	-543.8818966	117.3919694	995.076516	-532.0622443	-0.56473932	1014.043912	-724.2387941	-195.6301909	756.1309313	-666.0902841	-31.78430067	498.5314886	-679.9542182	-167.4212538	501.9004943	-701.778514	-178.0520351	648.8913548	-681.6803704	-113.9896684	688.1012419	-540.1977715	185.1142583	808.6450385	-606.0558289	42.71523272	503.6221266	-507.7840511	172.9874817	503.7343543	-526.6181266	178.5593026	654.791004	-563.4857249	122.357459	739.3661367	-462.7305251	-166.6864905	455.5476366	-719.450857	-54.36370934	106.552301	-824.8141813	-135.8351847	89.84414563	-867.1272648	-111.8844347	384.4921199	-672.8372075	-178.0767493	379.5975549	-759.3342128	179.287138	464.8702578	-518.3620528	94.64949709	98.85221416	-389.306384	174.8085968	80.3988055	-431.8970727	138.5122529	438.6292661	-447.3982602	193.646562	395.1480658	-502.9901799	-105.7023807	32.83861132	-677.335032	-81.62608082	55.86868789	-936.4381915	-70.73269439	27.5109375	-722.0637824	-178.4990217	24.79550222	-738.5523908	-168.645711	36.6879913	-780.0456147	-76.65057876	54.42149656	-752.08911	113.1213747	27.3710194	-468.1783957	175.6144738	97.73652527	-228.1711348	132.6703022	70.29308314	-261.8782043	235.2115965	57.61694369	-292.2613428	220.343793	60.20587796	-327.3238946	125.0224347	73.88517399	-297.9655974
627	6.26	-143.037493	974.3919051	-539.4823099	120.0160604	995.5290631	-526.8646469	2.676478485	1014.623499	-719.268054	-193.3676032	756.8056888	-662.8685519	-30.33314478	498.6465544	-677.4570753	-165.9399425	502.7697232	-699.4765218	-176.0257808	649.5795248	-678.8333643	-112.2805795	687.6750398	-537.4369215	187.7674969	809.1143683	-601.4160164	44.42442271	504.0928093	-504.0101128	174.6500668	503.9410451	-522.8368092	180.6149415	655.1103206	-559.4442629	125.176017	739.4696933	-458.4444615	-165.3304876	456.4554998	-717.3358577	-54.48725648	107.4471277	-823.9542984	-136.027364	91.19329724	-866.5304789	-111.0375181	384.9939108	-670.9137682	-177.0898601	380.6985665	-757.5518424	180.7274821	465.0613424	-514.661083	94.8158318	98.4801923	-388.1137551	175.0089007	80.13370672	-430.7933943	139.8404111	438.4940138	-443.9213784	194.9374739	395.1847761	-499.6175831	-105.7034126	32.78502878	-677.2425662	-81.79798503	57.63083575	-935.9429842	-70.7647432	27.52351103	-721.9838411	-178.5012195	24.82016334	-738.491973	-168.7499917	36.8956729	-779.7545561	-76.83740266	54.63582157	-751.6455688	113.1601824	27.73920402	-467.7470263	175.5317377	95.25795532	-226.7502054	132.572701	68.27475487	-260.8717984	235.0981861	55.7926011	-291.2422331	220.3160654	58.87272429	-326.3710133	124.971273	72.32984183	-296.8883746
628	6.27	-140.3358777	974.4160415	-535.041977	122.692429	996.0233491	-521.6154691	5.90431756	1015.140263	-714.2591355	-191.11554	757.4146267	-659.5181061	-28.88683749	498.7350399	-674.8948309	-164.4590958	503.6213273	-697.0596162	-173.9672368	650.2212331	-675.8643957	-110.434603	687.4105733	-534.133426	190.4401531	809.6198752	-596.7828371	46.12068676	504.6069263	-500.2698719	176.3276161	504.172961	-519.0051792	182.706632	655.4476865	-555.3376722	127.9359192	739.6143843	-454.1306043	-164.0540727	457.3322178	-715.1531305	-54.62420583	108.3740599	-823.0258101	-136.2659231	92.5323648	-865.8716261	-110.1744987	385.4854805	-668.9065246	-176.0827308	381.8517782	-755.7076693	182.2386623	465.2645768	-510.9529699	94.9632624	98.11336111	-386.9554325	175.229455	79.8885313	-429.7159977	141.1224109	438.3759901	-440.4653273	196.2168447	395.2495868	-496.2124768	-105.705131	32.72630307	-677.1508865	-82.02237478	59.42548164	-935.4283703	-70.80571509	27.54210979	-721.8983537	-178.5138167	24.81837659	-738.4391289	-168.8813274	37.08104761	-779.4570058	-77.05436598	54.85662063	-751.1896044	113.162501	28.11771946	-467.3404795	175.5904917	92.77137903	-225.3568713	132.5783542	66.29461731	-259.8837768	235.0638857	53.90143909	-290.3562335	220.326112	57.47162775	-325.476596	124.9966954	70.81128917	-295.8518323
629	6.28	-137.5791057	974.3977861	-530.5367933	125.415194	996.5844027	-516.3023436	9.110247219	1015.606134	-709.2151187	-188.938102	757.962795	-656.1358643	-27.47733673	498.8136749	-672.2400753	-163.0099198	504.4362892	-694.5418612	-171.89294	650.8131313	-672.771107	-108.4623245	687.2812917	-530.3898578	193.1553806	810.1854366	-592.111789	47.85012735	505.1811355	-496.5767879	178.0562146	504.4197905	-515.1885041	184.8499342	655.8390264	-551.1801264	130.6005952	739.8250841	-449.7527982	-162.8227708	458.2145074	-712.8702615	-54.83072578	109.2971045	-822.0738431	-136.538717	93.88638583	-865.1369701	-109.3099863	385.9623575	-666.8445338	-175.11591	383.0585515	-753.8030387	183.9157101	465.4446376	-507.2847784	95.20975178	97.71924928	-385.847111	175.4826793	79.66180428	-428.7026144	142.4591752	438.2697662	-437.0807617	197.5540302	395.3093898	-492.8797451	-105.710885	32.66751619	-677.0575686	-82.29679833	61.27120099	-934.8913267	-70.8681413	27.57639866	-721.8041145	-178.5457059	24.79839382	-738.3905762	-169.0374351	37.24400431	-779.1576676	-77.30683956	55.0896817	-750.7145635	113.177781	28.50462277	-466.9287231	175.8409366	90.33727668	-224.0520793	132.7428644	64.40929122	-258.942997	235.1557207	52.04904014	-289.6016115	220.4137982	56.05185507	-324.6816639	125.1413717	69.37202865	-294.8788521
630	6.29	-134.770452	974.3570972	-525.9557622	128.1730653	997.2049325	-510.9210518	12.29429383	1016.032192	-704.1391918	-186.8447581	758.515292	-652.7261189	-26.10601811	498.8969466	-669.4982924	-161.5898907	505.2299245	-691.9381065	-169.820423	651.3836728	-669.554555	-106.4044396	687.1561349	-526.6172836	195.9389244	810.8019985	-587.3356283	49.65269394	505.7953038	-492.9419709	179.847352	504.6543155	-511.4656945	187.0489338	656.3240611	-546.992604	133.1878313	740.1106824	-445.3126711	-161.5410577	459.1469212	-710.4556461	-55.13339342	110.2111507	-821.1541905	-136.8372403	95.28676124	-864.3451375	-108.4600088	386.4354677	-664.761411	-174.2001855	384.292068	-751.824878	185.6487011	465.5859059	-503.7371406	95.58387736	97.30337898	-384.7959354	175.7607842	79.44030812	-427.7850588	143.9409323	438.1435575	-433.8206878	198.9877466	395.2925802	-489.7735705	-105.7218555	32.61059411	-676.9627788	-82.60055464	63.20793978	-934.322263	-70.9551937	27.62898752	-721.703984	-178.5944633	24.78459275	-738.3375037	-169.209457	37.40043221	-778.8542589	-77.59127483	55.3334944	-750.2150035	113.2173745	28.87918724	-466.5011955	176.2583648	87.99654176	-222.8822751	133.0238235	62.67039947	-258.0804836	235.3706598	50.27880799	-288.9463115	220.597633	54.66675746	-323.9872974	125.4144342	68.0296169	-293.9913801
631	6.3	-131.912601	974.3415437	-521.2958173	130.9612046	997.8663869	-505.4842305	15.45398764	1016.429247	-699.0316525	-184.8230891	759.1463422	-649.2777294	-24.75918143	498.998951	-666.6612448	-160.1718034	506.0511205	-689.2666327	-167.7577444	651.9829293	-666.2311955	-104.3123778	687.0065162	-522.9727186	198.8023746	811.4644485	-582.3972652	51.54477728	506.4152018	-489.3729484	181.6977298	504.8580973	-507.9004321	189.3010707	656.903467	-542.750128	135.741207	740.4474585	-440.8266431	-160.2485548	460.1472432	-707.9698266	-55.49785921	111.1526576	-820.2434637	-137.1571676	96.78387168	-863.5303509	-107.6448722	386.9504597	-662.6345411	-173.2774562	385.5532666	-749.7726703	187.3181201	465.6767567	-500.4164903	95.99833986	96.9287579	-383.7844778	176.0510332	79.20563189	-426.9696234	145.5918241	437.9743936	-430.7255663	200.4966685	395.172438	-486.9774602	-105.7360734	32.55421588	-676.8700446	-82.8923422	65.2645077	-933.6992557	-71.05940316	27.69380256	-721.6038838	-178.6478428	24.79543931	-738.2777072	-169.3859083	37.57558577	-778.5347814	-77.88675674	55.58003654	-749.6849706	113.2729172	29.22352249	-466.077761	176.7750789	85.7718961	-221.8501594	133.3674303	61.07668781	-257.3040269	235.6681256	48.57514529	-288.3620056	220.8653138	53.34004773	-323.3811134	125.7794826	66.79141314	-293.198162
632	6.31	-129.0085465	974.3875468	-516.5561904	133.7752913	998.5640266	-500.0056033	18.5980963	1016.803341	-693.8838418	-182.761833	759.8728882	-645.7405554	-23.42439991	499.1360132	-663.698031	-158.7286116	506.9515631	-686.5486368	-165.69835	652.6558295	-662.8327596	-102.2426551	686.894608	-519.3587431	201.7437704	812.1936194	-577.2881282	53.51706799	507.0203632	-485.8818648	183.600222	505.0266896	-504.5223285	191.6028292	657.5342597	-538.4180164	138.2948624	740.7902609	-436.3085208	-159.08313	461.216776	-705.5108664	-55.87672312	112.1466492	-819.2638795	-137.4851611	98.41550205	-862.7032774	-106.8852	387.5490757	-660.4041563	-172.299204	386.8726782	-747.6733894	188.9580677	465.7183168	-497.3634258	96.39943219	96.63493589	-382.7981516	176.3478456	78.95412085	-426.2376865	147.3660831	437.7819637	-427.8088162	202.0272989	395.0199035	-484.41411	-105.7518883	32.50026871	-676.7811651	-83.12119343	67.42833149	-932.9830683	-71.16815377	27.75996264	-721.5046578	-178.6945982	24.82416845	-738.217919	-169.5572394	37.78854257	-778.1910863	-78.16071383	55.82662363	-749.111373	113.3432323	29.53479938	-465.6828192	177.329075	83.66377162	-220.9400291	133.757475	59.5905129	-256.6021984	235.9973224	46.92520206	-287.8398792	221.1718187	52.0683458	-322.8600559	126.167785	65.66129499	-292.487136
633	6.32	-126.05743	974.4984757	-511.741382	136.6064582	999.3107206	-494.4854415	21.75118547	1017.154609	-688.6833938	-180.4629463	760.6518374	-642.0053764	-22.09226189	499.3202936	-660.5790457	-157.2494917	507.9606866	-683.7933637	-163.6206414	653.4299399	-659.3886931	-100.246081	686.8644001	-515.6702309	204.7638821	812.9987306	-572.0392862	55.53751505	507.6055217	-482.5130609	185.5432434	505.1726126	-501.3302935	193.964025	658.1683907	-534.0298035	140.8652119	741.090454	-431.7636147	-158.0452984	462.3544413	-703.1034471	-56.24622657	113.1984158	-818.162554	-137.7648817	100.1611837	-861.820227	-106.1863911	388.2281209	-658.0465725	-171.2608533	388.2787808	-745.5504517	190.6514392	465.7516672	-494.5176822	96.82563829	96.39694331	-381.873933	176.64794	78.69821192	-425.5700722	149.184448	437.5994978	-425.0629559	203.5517852	394.9240532	-481.9495751	-105.7715587	32.45472678	-676.6906488	-83.24255244	69.65869885	-932.1277437	-71.26727421	27.81447749	-721.3915768	-178.7312284	24.85957927	-738.1512923	-169.7179124	38.04689114	-777.8225249	-78.39531786	56.09210079	-748.4689705	113.4255621	29.81932989	-465.3216488	177.878205	81.67033957	-220.1363528	134.174322	58.20137995	-255.9667366	236.3166124	45.34606496	-287.3780273	221.4776336	50.86517397	-322.4097097	126.5300017	64.63120498	-291.8347857
634	6.33	-123.064286	974.6622343	-506.8632114	139.4525403	1000.118427	-488.9171901	24.94053722	1017.489549	-683.42679	-177.8195993	761.4440754	-638.0227219	-20.75208773	499.5525391	-657.2856931	-155.7353906	509.0783163	-680.9875453	-161.4969933	654.3159875	-655.9138824	-98.35645902	686.915088	-511.8745485	207.8610278	813.8526484	-566.6856233	57.56618506	508.1646019	-479.3500709	187.5196671	505.3205956	-498.3083367	196.3935666	658.7747236	-529.6701716	143.4607524	741.3081012	-427.1976321	-156.9321764	463.5622325	-700.6532115	-56.58435408	114.3373507	-816.9183031	-137.9337176	101.9713999	-860.826737	-105.5309166	388.9658333	-655.5767613	-170.168284	389.7777153	-743.3936084	192.4400566	465.8076192	-491.7848705	97.28698201	96.19374541	-381.0683788	176.9460355	78.45481251	-424.9636019	150.972388	437.4331802	-422.4772789	205.0871659	394.8906488	-479.5485722	-105.7977096	32.42127352	-676.5864207	-83.25031676	71.94363357	-931.1197417	-71.34322038	27.84723234	-721.2364551	-178.7512564	24.9010805	-738.0537087	-169.862402	38.35477358	-777.4244003	-78.59948711	56.4000045	-747.7388672	113.50816	30.08093362	-464.9895239	178.3798837	79.8267659	-219.4156785	134.5699899	56.93304716	-255.3951055	236.60181	43.87461996	-286.9708903	221.7671451	49.7577363	-322.0005608	126.8550022	63.69665341	-291.2344659
635	6.34	-120.0546942	974.8772577	-501.9384587	142.3203669	1000.971313	-483.2969171	28.18691389	1017.828323	-678.1190099	-174.9027009	762.2577426	-633.8904297	-19.39547108	499.8252902	-653.8103313	-154.191652	510.2789194	-678.1043945	-159.3059334	655.2994362	-652.4107203	-96.58466559	687.0265475	-507.9740567	211.0089258	814.7159866	-561.2528177	59.58409346	508.6900203	-476.4678651	189.529227	505.4839322	-495.4369628	198.8636372	659.3410553	-525.4191859	146.088575	741.4218281	-422.6277874	-155.5673381	464.8469819	-698.0142332	-56.86003616	115.5790846	-815.5316656	-137.9914442	103.8267321	-859.7060793	-104.8884568	389.747777	-652.9971383	-169.0254015	391.3500851	-741.1589677	194.3394312	465.8605674	-489.112223	97.71673016	96.03237642	-380.3870789	177.238947	78.2365758	-424.4224107	152.6874074	437.2743139	-420.0480698	206.6449434	394.8748542	-477.2510978	-105.8273292	32.39792097	-676.4597665	-83.22371598	74.35610504	-930.0277776	-71.3881043	27.85581032	-721.0235423	-178.7416166	24.94286489	-737.9153539	-169.9835647	38.7211037	-776.9827854	-78.78624247	56.74191315	-746.9316289	113.5849914	30.31758764	-464.6909426	178.7923736	78.16906657	-218.7564397	134.8928758	55.8052472	-254.8777594	236.8395577	42.5314436	-286.605177	222.025451	48.75433494	-321.614297	127.1434286	62.85837758	-290.6981446
636	6.35	-117.0537509	975.1534396	-496.9820604	145.209986	1001.825334	-477.6276871	31.50037372	1018.195876	-672.7659694	-171.8971835	763.1340476	-629.8004409	-18.02608308	500.1303732	-650.1555229	-152.6207377	511.5176512	-675.1188461	-157.0361424	656.340317	-648.8731072	-94.91782209	687.1752676	-503.9642674	214.1631299	815.5548994	-555.7700146	61.59918777	509.1817556	-473.8818095	191.5599865	505.6509746	-492.6976652	201.3245924	659.871217	-521.3228243	148.7438237	741.4235849	-418.0742865	-154.0193962	466.1934381	-695.1334176	-57.06241569	116.8819884	-814.0241171	-137.9891463	105.73367	-858.4694768	-104.2252231	390.5539892	-650.2833634	-167.848667	392.9673396	-738.783221	196.2768139	465.892846	-486.5370676	98.07954699	95.90249486	-379.7939815	177.5317197	78.0443738	-423.9387297	154.325516	437.1163132	-417.7803034	208.2022057	394.854742	-475.0791987	-105.8533962	32.38020389	-676.316304	-83.28240436	76.99745273	-928.9630749	-71.41261969	27.83087357	-720.7795234	-178.7014494	24.97574299	-737.7521261	-170.079155	39.15591246	-776.4843619	-78.9528117	57.08229315	-746.0688828	113.6628518	30.52886677	-464.4371576	179.0973566	76.66987664	-218.1481141	135.1189283	54.80881556	-254.3980253	237.01881	41.30784901	-286.2559517	222.2261142	47.84869083	-321.2416447	127.3808855	62.09992997	-290.2295205
637	6.36	-114.055924	975.4902089	-491.9893842	148.1114308	1002.637612	-471.9222991	34.87670112	1018.60822	-667.373733	-168.9861808	764.1193685	-625.8841061	-16.65570392	500.4537497	-646.3197382	-151.0171494	512.7380263	-672.0092985	-154.6830518	657.4010364	-645.2787116	-93.33069405	687.3414418	-499.8288782	217.2925553	816.335642	-550.2709242	63.61506361	509.6413102	-471.5496042	193.5913918	505.8034969	-490.0701693	203.7515077	660.3663209	-517.3628504	151.4006882	741.3088758	-413.545803	-152.4933825	467.5522313	-692.0633841	-57.22478503	118.216106	-812.4179689	-137.9734696	107.6916283	-857.1361663	-103.5165387	391.3557813	-647.4021427	-166.6589481	394.6057749	-736.2049216	198.1088188	465.9374725	-484.1399523	98.40842973	95.78869663	-379.2661155	177.8314925	77.8648696	-423.4937235	155.9004045	436.9478859	-415.6835876	209.7467549	394.8225913	-473.0333308	-105.8710479	32.36261954	-676.173568	-83.42676285	79.84308099	-927.9245617	-71.44399011	27.74421377	-720.5599002	-178.6468805	25.00939264	-737.576872	-170.1526201	39.65833121	-775.9269896	-79.0875853	57.39371063	-745.1598374	113.7481402	30.7190532	-464.2313083	179.3013806	75.27398937	-217.5779805	135.2526811	53.90025363	-253.9600407	237.1320822	40.20000882	-285.891012	222.3570636	47.03100851	-320.8738585	127.5463491	61.40448514	-289.8177197
638	6.37	-111.0358808	975.8696462	-486.9238128	151.0197318	1003.389546	-466.1970681	38.30245688	1019.068252	-661.9503125	-166.2004105	765.2104196	-622.0674176	-15.29450775	500.7648318	-642.2863898	-149.3853314	513.9080124	-668.7396672	-152.2452788	658.467862	-641.5822185	-91.79642008	687.5183917	-495.5590366	220.3890526	817.0315404	-544.7825604	65.61256788	510.0602665	-469.4041105	195.6150078	505.9404154	-487.531373	206.1515626	660.8143738	-513.4741298	154.0245462	741.0886395	-409.0412809	-151.0978993	468.8693252	-688.8478512	-57.38079351	119.5968924	-810.7281078	-137.9646841	109.688663	-855.7217334	-102.7643103	392.1290326	-644.3244296	-165.4611498	396.2424129	-733.3906249	199.8530633	465.9959732	-481.8919655	98.7325135	95.69720821	-378.8041732	178.1312728	77.68038312	-423.080563	157.4258449	436.761135	-413.7445954	211.300135	394.7562299	-471.1148123	-105.8796148	32.33856679	-676.0469033	-83.53151549	82.7587849	-926.7822017	-71.49536258	27.5912875	-720.3783459	-178.5955818	25.06771446	-737.3847627	-170.2070349	40.21517762	-775.3190241	-79.18352435	57.67075469	-744.2118777	113.8383502	30.88930662	-464.065416	179.4262007	73.9575705	-217.0391886	135.3138456	53.0285228	-253.5930128	237.183836	39.20915229	-285.5059646	222.4439955	46.28740915	-320.5200344	127.6472384	60.77419666	-289.4489688
639	6.38	-107.9776196	976.2786431	-481.7436994	153.9399634	1004.083105	-460.4636154	41.76410362	1019.563443	-656.504346	-163.3727034	766.306091	-618.1172419	-13.95472185	501.0220279	-638.029238	-147.7590443	515.0532637	-665.2529486	-149.7410519	659.5244779	-637.7342226	-90.28542185	687.7145508	-491.1568108	223.4522633	817.6474136	-539.3330553	67.57502427	510.4312125	-467.3720011	197.62984	506.0692651	-485.0619801	208.534589	661.2160174	-509.6043591	156.5914966	740.8015477	-404.5606696	-149.8210529	470.1120522	-685.4678203	-57.51667707	121.0219642	-808.9585963	-137.9593227	111.7190638	-854.2245566	-101.9973004	392.8594016	-641.0340364	-164.2589085	397.8510978	-730.3389237	201.680699	466.0158547	-479.6607355	99.04414829	95.63742452	-378.4055118	178.414884	77.48786993	-422.7109115	158.9263784	436.5745345	-411.8881564	212.8678964	394.6499817	-469.3002563	-105.8790979	32.30802059	-675.9395838	-83.53290944	85.68853954	-925.4593522	-71.55157463	27.42902031	-720.1793685	-178.5652005	25.15812799	-737.1757451	-170.2455171	40.81142213	-774.6732247	-79.24676897	57.91507434	-743.2419286	113.927585	31.03566694	-463.9242844	179.5051605	72.71316953	-216.5477488	135.341711	52.17425153	-253.2971676	237.1968011	38.2991603	-285.1497686	222.5190396	45.60862361	-320.1952888	127.7186981	60.20565932	-289.1161188
640	6.39	-104.8879754	976.7073451	-476.4721539	156.8771582	1004.721799	-454.7343939	45.24806341	1020.064052	-651.0450593	-160.3542381	767.2929857	-613.8846827	-12.65388619	501.1927826	-633.5179458	-146.188262	516.2132283	-661.4995762	-147.2225249	660.5234553	-633.7019385	-88.76316974	687.9390717	-486.6159999	226.4801016	818.2158337	-533.9561127	69.51468738	510.7693526	-465.3770497	199.6326432	506.1856256	-482.64699	210.8971121	661.6026284	-505.7341443	159.0980216	740.4964907	-400.1094021	-148.5830129	471.2870017	-681.8326492	-57.61321474	122.4642308	-807.0981296	-137.9369979	113.7971717	-852.6265086	-101.2521079	393.5392864	-637.5252365	-163.079352	399.4134038	-727.0551733	203.6113291	465.9868805	-477.3976237	99.32365735	95.61098935	-378.0483671	178.6793684	77.3030883	-422.3902883	160.4375984	436.4226909	-410.0123088	214.4151552	394.5550009	-467.5172843	-105.8647244	32.28355612	-675.8431974	-83.46524535	88.68201223	-923.9909966	-71.58056545	27.31333157	-719.9157632	-178.5725414	25.25116477	-736.9698307	-170.271001	41.43739823	-773.9990159	-79.29916689	58.11176451	-742.2789487	114.0113137	31.15617175	-463.7901104	179.5680267	71.52221873	-216.1164222	135.3716484	51.35336726	-253.0270573	237.2006645	37.4140893	-284.8676672	222.5848778	44.98600898	-319.8933801	127.7828037	59.68493445	-288.8221361
641	6.4	-101.795723	977.1205863	-471.2535969	159.8344093	1005.297515	-449.0309438	48.73654917	1020.540741	-645.5848059	-157.1886991	768.1579666	-609.3939404	-11.41231079	501.2660225	-628.7251135	-144.719577	517.3942588	-657.4426953	-144.7295819	661.4181786	-629.4592409	-87.1960567	688.1882365	-481.91652	229.4693823	818.7537502	-528.6672467	71.45776016	511.1026726	-463.3557331	201.6238217	506.284221	-480.2701546	213.2350481	661.9993101	-501.8461371	161.5539828	740.2019825	-395.6929782	-147.2734975	472.4265678	-677.8239397	-57.68328733	123.923024	-805.1340053	-137.8746013	115.9480198	-850.9092147	-100.5542994	394.1617744	-633.7855665	-161.9554144	400.9304169	-723.5310889	205.4683044	465.9817452	-475.1913561	99.57134606	95.60646009	-377.7074746	178.9362618	77.13693221	-422.1002891	161.9800456	436.3164119	-408.0748525	215.9203468	394.5173066	-465.7138693	-105.8278944	32.27693028	-675.7446703	-83.34386169	91.78339905	-922.4219601	-71.55023102	27.23037253	-719.6025569	-178.608639	25.2927293	-736.7893881	-170.2782623	42.09155019	-773.2929167	-79.35557371	58.24358648	-741.340464	114.0888976	31.25682013	-463.652698	179.6255827	70.35280885	-215.7287111	135.3953463	50.58672137	-252.7418504	237.2154937	36.54581193	-284.6264034	222.6371078	44.39578622	-319.6031864	127.83473	59.20171689	-288.564326
642	6.41	-98.73254086	977.4691813	-466.2708682	162.8230374	1005.794115	-443.3786958	52.20779657	1020.97835	-640.1395582	-153.9976204	768.9361574	-604.7144583	-10.2497988	501.2404572	-623.6287508	-143.3694633	518.568201	-653.0364001	-142.2576969	662.1956619	-624.9789126	-85.56818178	688.453603	-477.0386115	232.4272347	819.2421821	-523.4476822	73.41193986	511.4383715	-461.2784973	203.6052771	506.376667	-477.9081285	215.5538965	662.3814579	-497.9349652	163.9666544	739.9151651	-391.3090078	-145.8907748	473.5247749	-673.4150846	-57.73934334	125.4115407	-803.0569235	-137.7571553	118.1820215	-849.0675649	-99.91590265	394.7064553	-629.7971429	-160.8960236	402.414697	-719.7493131	207.1162644	466.07415	-473.1354077	99.8146189	95.59250006	-377.3731162	179.1932758	76.98118822	-421.8106692	163.5545425	436.2314205	-406.0892275	217.4039193	394.5071996	-463.908194	-105.7659404	32.28196129	-675.6360159	-83.14600956	95.00121394	-920.7604623	-71.45467327	27.1329871	-719.2732311	-178.6378454	25.2633018	-736.6252034	-170.2538774	42.78449852	-772.5377474	-79.38929966	58.34391393	-740.3788531	114.1675613	31.35517647	-463.5130256	179.6842734	69.1686049	-215.3604858	135.3848513	49.86130157	-252.4343135	237.237881	35.71779204	-284.348922	222.6853429	43.80647059	-319.3218249	127.8688708	58.73529825	-288.3165763
643	6.42	-95.69692153	977.7403759	-461.5255596	165.8533507	1006.202998	-437.7958101	55.63756274	1021.366117	-634.728795	-150.8512645	769.6233789	-599.900942	-9.173235384	501.1076213	-618.2066221	-142.0854105	519.6341272	-648.2640084	-139.8111575	662.8555654	-620.2473123	-83.8944751	688.7323046	-471.9728659	235.3714468	819.6532425	-518.2411995	75.36592421	511.7595517	-459.1411447	205.5707729	506.4721121	-475.5241567	217.8628311	662.7022138	-494.0802551	166.3409182	739.6212085	-386.9473523	-144.5635739	474.5165401	-668.6787847	-57.7668441	126.9188256	-800.8530194	-137.5848122	120.4810788	-847.1066452	-99.33885597	395.1298715	-625.5511665	-159.8997204	403.8741679	-715.6971676	208.6044159	466.2337744	-471.1969739	100.0755042	95.54943283	-377.0275923	179.4464655	76.82417889	-421.498269	165.1575946	436.1330599	-404.0558468	218.8873644	394.4810531	-462.0957417	-105.6848453	32.28034861	-675.5184141	-82.86385179	98.33219451	-918.9931048	-71.31475071	27.00024354	-718.9382408	-178.630449	25.23196224	-736.413854	-170.187151	43.54183742	-771.7164653	-79.35228605	58.47163883	-739.3148463	114.2572245	31.47402314	-463.3724418	179.7566447	67.93938329	-214.9959772	135.3374118	49.12114077	-252.1206398	237.2409496	34.89573691	-284.0198871	222.7345133	43.19437978	-319.0392211	127.8933818	58.24691715	-288.044105
644	6.43	-92.64581714	977.9752255	-456.7993004	168.9118865	1006.533676	-432.2898656	59.00194339	1021.697259	-629.3735655	-147.7687359	770.1918788	-594.9806129	-8.172648427	500.8573889	-612.4427959	-140.7834594	520.4498781	-643.1500176	-137.4271889	663.3899074	-615.2693163	-82.20546665	689.0192072	-466.7184648	238.3054063	819.9774709	-512.9859523	77.30912191	512.0581046	-456.9334073	207.5125193	506.5538492	-473.0779421	220.1643819	662.9571568	-490.343435	168.6927601	739.3208932	-382.590285	-143.384688	475.3433951	-663.665087	-57.74205076	128.4311039	-798.5141768	-137.3790205	122.8193403	-845.0253963	-98.811252	395.3948508	-621.0289229	-158.9777724	405.2970938	-711.3603657	210.1152921	466.3465155	-469.203533	100.3434188	95.49736237	-376.6263622	179.6901885	76.66584343	-421.1538567	166.7761998	436.0024883	-401.955653	220.3678625	394.4364134	-460.2147742	-105.5899256	32.26037841	-675.3960376	-82.51294935	101.77256	-917.0975568	-71.14992669	26.84206626	-718.5941061	-178.5685641	25.31121298	-736.0656686	-170.0781458	44.39238085	-770.8267811	-79.23594767	58.6186057	-738.1473133	114.3581079	31.62543787	-463.2263334	179.8381461	66.63111993	-214.6179961	135.2743208	48.30880888	-251.8123218	237.2148522	33.99604109	-283.6980322	222.7813541	42.55128716	-318.7454123	127.9231448	57.70461532	-287.7322898
645	6.44	-89.5441965	978.2200398	-451.9205444	171.9743149	1006.806676	-426.866038	62.28570359	1021.974327	-624.0908725	-144.7562533	770.6274228	-589.9511933	-7.248102592	500.4892698	-606.337663	-139.4415872	520.9751372	-637.6722353	-135.1409575	663.7815544	-610.0602721	-80.52062052	689.3007545	-461.2778528	241.2338099	820.224738	-507.6907772	79.23040593	512.3490372	-454.6331992	209.4329565	506.598556	-470.5470089	222.4480293	663.1776397	-486.5681121	171.043143	739.0387648	-378.2132421	-142.3587996	476.0217418	-658.3461218	-57.66053177	129.9590276	-796.0429099	-137.1566751	125.1971457	-842.8075655	-98.31380243	395.5104232	-616.190468	-158.1299233	406.6377203	-706.7021766	211.8285848	466.3336504	-466.9680871	100.5987252	95.45671133	-376.1525208	179.9250325	76.51651033	-420.778682	168.3773674	435.8328264	-399.7995277	221.8341041	394.3694107	-458.2404717	-105.4831148	32.22477008	-675.2691116	-82.11054802	105.3213875	-915.0513834	-70.96939372	26.67991862	-718.2383868	-178.4473798	25.53968332	-735.5536031	-169.9358217	45.34375392	-769.8748426	-79.07067699	58.73448792	-736.9349894	114.4587809	31.80395437	-463.0703155	179.9122389	65.21641177	-214.2170058	135.2209299	47.40013858	-251.5004326	237.1918908	33.0016057	-283.4115104	222.8342683	41.90444743	-318.4500273	127.9773702	57.09017109	-287.3974271
646	6.45	-86.40577242	978.4704624	-446.9291821	175.0337282	1007.035283	-421.5330119	65.49270325	1022.192934	-618.8914961	-141.857043	770.9372624	-584.8505466	-6.42534497	500.0056331	-599.8995185	-138.1381148	521.303678	-631.7868565	-132.9585867	664.0068483	-604.6261819	-78.85081792	689.5638101	-455.6511937	244.1755748	820.4131894	-502.4542006	81.1186456	512.6460082	-452.2309868	211.3365441	506.6056162	-467.9307004	224.7006044	663.3636273	-482.5755535	173.4013679	738.7920496	-373.8217016	-141.4745739	476.6362853	-652.6619972	-57.53513527	131.5205939	-793.4397514	-136.8915998	127.6342098	-840.4287651	-97.83539307	395.5046354	-611.017368	-157.3317961	407.8407898	-701.6757048	213.7386407	466.2705912	-464.5273571	100.8352083	95.4054515	-375.6480708	180.1502179	76.38677256	-420.3752269	169.9237553	435.5990359	-397.6517858	223.2839542	394.2575726	-456.1984523	-105.3681252	32.18127092	-675.1333932	-81.67098872	108.9825385	-912.8413888	-70.77693786	26.52703395	-717.8673221	-178.286978	25.84711914	-734.9509725	-169.766527	46.37912749	-768.8581043	-78.8766271	58.82139123	-735.691153	114.5454608	31.99187334	-462.9046002	179.975413	63.71764821	-213.7986407	135.1809344	46.40254898	-251.1827985	237.2014565	32.00566601	-283.1117736	222.9004183	41.31501628	-318.1639783	128.062306	56.39104785	-287.0712352
647	6.46	-83.26961835	978.6848178	-441.9455959	178.0909943	1007.218188	-416.2927072	68.64427816	1022.331754	-613.7808948	-139.1287657	771.1317251	-579.7336219	-5.731007094	499.4034307	-593.1343246	-137.0043093	521.545173	-625.5420274	-130.8538752	664.0494483	-598.9443849	-77.21411506	689.8015165	-449.8329673	247.0823241	820.5641959	-497.4301784	82.98293031	512.9446795	-449.7360833	213.2194102	506.5893598	-465.233139	226.9323477	663.4759428	-478.5233375	175.772905	738.5531269	-369.4835609	-140.7470886	477.2396149	-646.5849084	-57.38008413	133.1191502	-790.7082336	-136.5365274	130.1367619	-837.8736957	-97.37326742	395.3778068	-605.5300301	-156.5789795	408.8940161	-696.2648279	215.5936309	466.3297173	-462.123416	101.0347322	95.30759625	-375.1388389	180.3572875	76.2748932	-419.9411681	171.4028382	435.2740037	-395.5641735	224.724489	394.1011516	-454.0910683	-105.2522052	32.12914175	-674.9865224	-81.20629021	112.7653207	-910.4652368	-70.57145758	26.37475647	-717.4693902	-178.1159829	26.15102563	-734.3419826	-169.5689682	47.48442991	-767.7672391	-78.65392262	58.92176356	-734.3851666	114.6115401	32.16649531	-462.7326994	180.0100846	62.19800663	-213.3712478	135.1204335	45.36057813	-250.8666362	237.219314	31.12076229	-282.7605665	222.948466	40.82673627	-317.8720536	128.1288332	55.64656943	-286.7608124
648	6.47	-80.16229905	978.8390969	-437.0400128	181.1371263	1007.352635	-411.1339574	71.76129425	1022.37428	-608.7552303	-136.5191117	771.1779532	-574.5048135	-5.157522857	498.6837379	-586.0492505	-136.0986171	521.7148812	-619.0086041	-128.8151691	663.9059894	-592.987767	-75.62643633	690.0102454	-443.8136378	249.8527471	820.6916734	-492.7351502	84.84734959	513.2337865	-447.1645254	215.0755626	506.5570111	-462.4549252	229.1774818	663.5051977	-474.6884887	178.1702942	738.2824126	-365.2562418	-140.1822089	477.7632455	-640.1161753	-57.21508835	134.743064	-787.8652872	-136.08774	132.6927705	-835.1478709	-96.92665359	395.1239636	-599.7437782	-155.8987162	409.8262678	-690.4858682	217.2270979	466.4641841	-459.7671911	101.1660454	95.16392448	-374.6021069	180.5372779	76.16554102	-419.4754273	172.8371781	434.8873995	-393.4841384	226.1612023	393.9315226	-451.8942277	-105.1476192	32.06121426	-674.8354934	-80.71312577	116.6803776	-907.9149431	-70.35225658	26.20885558	-717.0305558	-177.9512034	26.43833826	-733.7416422	-169.3432706	48.6632212	-766.6004049	-78.39941521	59.062204	-732.9993625	114.6594919	32.30964141	-462.5610024	179.9638386	60.71761886	-212.948313	134.997036	44.34383739	-250.530292	237.1831067	30.3896085	-282.3892001	222.9255005	40.44552759	-317.5574903	128.0905657	54.9511033	-286.4452265
649	6.48	-77.08671727	978.9366558	-432.2333907	184.1670991	1007.445797	-406.0501003	74.84870352	1022.332238	-603.8061836	-133.8785942	771.0079999	-568.9437943	-4.652937811	497.8582082	-578.6492331	-135.3486154	521.7448675	-612.1587894	-126.8774931	663.5804702	-586.7577757	-74.08304702	690.1894375	-437.585883	252.5119791	820.7873448	-488.26617	86.71918195	513.5072007	-444.5417509	216.9065201	506.5081382	-459.6143353	231.4509384	663.5068355	-470.9908771	180.5936762	737.9808425	-361.1036088	-139.707482	478.0900015	-633.2338939	-57.05275784	136.3990716	-784.9098742	-135.6047477	135.3001216	-832.2573781	-96.50271762	394.7547094	-593.6461461	-155.30593	410.6611153	-684.3460196	218.8180762	466.4437029	-457.2318237	101.2377752	95.01576908	-374.0601032	180.6886022	76.04311828	-418.991115	174.2585689	434.5104713	-391.3089628	227.589208	393.7663992	-449.6221801	-105.0683778	31.97572722	-674.6876186	-80.17632922	120.7443917	-905.1668366	-70.12421203	26.03894683	-716.5416672	-177.7936591	26.73327885	-733.1309679	-169.0931318	49.92392422	-765.3656819	-78.11124138	59.25131922	-731.5360727	114.696353	32.4184551	-462.3989514	179.7956012	59.31832496	-212.5503054	134.7907974	43.38936322	-250.1552301	237.0567327	29.79397914	-282.0489119	222.8101614	40.16650428	-317.2312446	127.927841	54.32841619	-286.1325217
650	6.49	-74.03078239	978.9818197	-427.5185424	187.1879133	1007.508776	-401.0519986	77.89369607	1022.236986	-598.9429105	-131.1892303	770.6154461	-563.0147685	-4.172919707	496.9376444	-570.9311569	-134.6597826	521.5889749	-604.9173389	-125.0745519	663.085205	-580.2697926	-72.56039941	690.3423578	-431.1549474	255.2085208	820.8388083	-483.7451342	88.58141136	513.7721485	-441.9006859	218.7231017	506.4478842	-456.7541909	233.7199582	663.540577	-467.1791005	183.0151428	737.6709711	-356.9532379	-139.2261285	478.1927159	-625.9098063	-56.86583164	138.1456369	-781.7851225	-135.1512074	137.9949103	-829.1850197	-96.11868965	394.2743642	-587.2223689	-154.7918448	411.4143029	-677.833589	220.5603994	466.2848957	-454.5404577	101.3145622	94.90668652	-373.6141969	180.8193553	75.90445044	-418.5147096	175.6749452	434.1816683	-389.02657	228.9950448	393.6030191	-447.3346365	-105.0191925	31.87795286	-674.5277717	-79.59447349	124.9910109	-902.2009225	-69.89330378	25.90007879	-715.9936487	-177.6435459	27.03159471	-732.5240617	-168.8203079	51.2764023	-764.068945	-77.79562494	59.50115719	-729.9993609	114.7313504	32.50639277	-462.2551317	179.5239514	58.01518866	-212.1875456	134.5102172	42.47757758	-249.786627	236.8666717	29.29602131	-281.7631369	222.620483	39.96896101	-316.9116655	127.7156887	53.69981317	-285.8606927
651	6.5	-70.99174078	978.9810352	-422.8768336	190.196363	1007.548519	-396.1501804	80.87781938	1022.113607	-594.1862969	-128.6132312	770.0795127	-556.9271033	-3.727492868	495.9294911	-562.8972389	-134.009275	521.263023	-597.2568186	-123.3992192	662.4428635	-573.5286756	-71.03464785	690.476618	-424.5415539	257.9834513	820.8578231	-479.0575264	90.4090622	514.050588	-439.2642137	220.531992	506.3917729	-453.9158653	235.9370027	663.6128795	-463.2830921	185.3969293	737.3606099	-352.7885611	-138.7457909	478.1338708	-618.1573922	-56.61269083	140.0384831	-778.4217819	-134.7380756	140.8333176	-825.9083995	-95.78096743	393.6725359	-580.47175	-154.3564601	412.1228472	-670.9510226	222.3705138	466.1871538	-451.9373721	101.4546648	94.84399664	-373.3302206	180.9480765	75.7682622	-418.066453	177.0772724	433.8942821	-386.7179344	230.376623	393.4474045	-445.0866236	-104.9847755	31.77710663	-674.3074709	-78.98051013	129.4653698	-899.0108393	-69.66238028	25.83994118	-715.3712039	-177.5114152	27.3353985	-731.9475928	-168.5267672	52.73993696	-762.7026317	-77.47630992	59.84260202	-728.3813322	114.7729544	32.5896825	-462.1303078	179.2134616	56.79383771	-211.858214	134.1941734	41.57997269	-249.4894945	236.6710201	28.85451378	-281.5357834	222.3942091	39.80777268	-316.6135369	127.5207963	53.03336223	-285.6339184
652	6.51	-67.9941571	978.9586389	-418.3089857	193.1683396	1007.566056	-391.3343139	83.79644563	1021.969812	-589.5343209	-126.2600927	769.464567	-550.8270856	-3.330014012	494.8432337	-554.562223	-133.4071456	520.7866095	-589.1997419	-121.8311681	661.6793676	-566.5442329	-69.49609186	690.6101525	-417.7706009	260.7092654	820.8732514	-474.3752474	92.18009234	514.3620432	-436.6504589	222.3258887	506.3534988	-451.1240781	238.0898335	663.7017816	-459.4969868	187.7119864	737.0436518	-348.6444708	-138.3336471	477.9771852	-609.9989951	-56.29319896	142.064463	-774.8050226	-134.3541839	143.8463129	-822.4189658	-95.47794964	392.9520179	-573.3782127	-154.0120627	412.8194899	-663.715433	224.1183519	466.2113266	-449.5464988	101.6416552	94.79988219	-373.1488918	181.0961939	75.67037138	-417.6522503	178.4661823	433.6319727	-384.4561228	231.7502986	393.3040779	-442.9019675	-104.9228546	31.68892221	-673.9589952	-78.33052626	134.1968416	-895.5730017	-69.43474072	25.90296645	-714.6571348	-177.3898492	27.74708278	-731.364985	-168.2171514	54.33897873	-761.2469512	-77.18270399	60.31925599	-726.6633444	114.8228178	32.67454954	-462.0175818	178.9265818	55.63119568	-211.5595674	133.8890417	40.71318069	-249.2632624	236.5105805	28.44962304	-281.3501205	222.17547	39.64788905	-316.3571066	127.3456371	52.39949597	-285.4220645
653	6.52	-65.07124513	978.9516843	-413.8430902	196.0731349	1007.557118	-386.5803225	86.66340756	1021.795844	-584.9638465	-124.0885299	768.7741933	-544.6749142	-2.947786049	493.686128	-545.9306051	-132.8439836	520.1731334	-580.7802897	-120.3676232	660.8137115	-559.3480325	-67.94644455	690.770646	-410.8609962	263.2830924	820.9013096	-469.8861413	93.89723428	514.6995537	-434.1243063	224.0974427	506.3261987	-448.3861168	240.2041313	663.7888515	-455.9599778	189.9442482	736.7118494	-344.554388	-137.9566862	477.7519321	-601.4240133	-55.95729708	144.1926942	-770.9544505	-133.9950682	147.0352915	-818.698066	-95.20731338	392.1376458	-565.8976488	-153.7275068	413.4866516	-656.1178876	225.7819947	466.2368136	-447.2381476	101.8097967	94.75018771	-372.9590454	181.2689417	75.62583596	-417.2754302	179.8478019	433.3765279	-382.2676305	233.1275976	393.1649088	-440.7742752	-104.8039945	31.62696518	-673.442194	-77.62373993	139.1837461	-891.8312071	-69.21887256	26.11329672	-713.8344902	-177.2501931	28.41941975	-730.6847558	-167.8983036	56.09155462	-759.6844185	-76.92837588	60.96211237	-724.8265839	114.8762616	32.75955697	-461.9109202	178.7090458	54.5190104	-211.2905141	133.6265662	39.92872163	-249.055791	236.3999295	28.10382504	-281.1540959	222.0007521	39.48656604	-316.1550549	127.18221	51.86213957	-285.2083195
654	6.53	-62.23788178	978.9918893	-409.50725	198.8836992	1007.516468	-381.8713174	89.49568665	1021.574798	-580.4610077	-122.0246862	768.0002893	-538.4063007	-2.539025508	492.4739565	-536.9590875	-132.3017084	519.4790566	-572.0263191	-119.0088852	659.8570228	-551.9708269	-66.38781957	690.9825012	-403.8251799	265.7714359	820.9220007	-465.5294622	95.60457397	515.0156129	-431.812359	225.846934	506.2828251	-445.7053952	242.303824	663.8466857	-452.7511821	192.0806116	736.3545695	-340.5358569	-137.5392223	477.4687963	-592.443004	-55.68014991	146.4322226	-766.860143	-133.6269566	150.3977938	-814.703642	-94.97633288	391.2550675	-558.0312617	-153.408837	414.0892883	-648.1214604	227.3414582	466.0251929	-444.7069809	101.930556	94.69752677	-372.7218313	181.4496477	75.60403178	-416.9380298	181.2133893	433.1008574	-380.1542639	234.4996675	393.0196402	-438.6955755	-104.6996362	31.57875252	-672.7871028	-76.85290526	144.4204361	-887.7269783	-69.02455793	26.49547579	-712.8707428	-177.0748568	29.38844866	-729.8524669	-167.5756733	58.00064315	-758.0191515	-76.71211322	61.79211935	-722.8436761	114.9276712	32.8406323	-461.8106562	178.6001526	53.47588954	-211.0565044	133.4346337	39.25580788	-248.8512087	236.3470095	27.83306364	-280.9146698	221.8927184	39.33824518	-316.0017217	127.0525699	51.41995191	-285.0004703
655	6.54	-59.50058569	979.0910893	-405.3116049	201.5816609	1007.440773	-377.2074687	92.29247883	1021.317958	-576.0320307	-120.035564	767.1502383	-532.0286618	-2.080449339	491.2461506	-527.565866	-131.7535465	518.7650342	-562.9514436	-117.7363031	658.8211629	-544.4265519	-64.81657184	691.2583261	-396.6739949	268.3012567	820.8986556	-461.1054473	97.3404132	515.2498404	-429.7736909	227.5678974	506.2069165	-443.0974332	244.3802297	663.8453124	-449.705609	194.1102706	735.9575055	-336.6146395	-137.1144001	477.1470119	-583.1231922	-55.48665635	148.8089665	-762.4559043	-133.2019169	153.9502283	-810.4229987	-94.77136543	390.3244549	-549.8898197	-152.9853189	414.6382611	-639.7159119	228.8283534	465.5204674	-441.8890001	102.026515	94.65514518	-372.4736874	181.619378	75.56566777	-416.6355115	182.5424845	432.7877391	-378.1100181	235.8461484	392.858821	-436.6746414	-104.7532614	31.51030066	-672.0293535	-76.00535687	149.9217272	-883.2232899	-68.85185476	27.11540894	-711.6997335	-176.8548304	30.55686565	-728.9038669	-167.2367271	60.07985144	-756.2672502	-76.5260027	62.8620952	-720.6614712	114.9741396	32.91041651	-461.722563	178.6168652	52.54219579	-210.8685374	133.3230632	38.6939165	-248.6715114	236.3544169	27.60208182	-280.6704595	221.8557171	39.21431131	-315.8820765	126.9809549	51.03669105	-284.8109582
656	6.55	-56.87629412	979.2423201	-401.260926	204.1576391	1007.330673	-372.5974486	95.02577317	1021.078597	-571.7003964	-118.1020712	766.2358886	-525.5800162	-1.53869607	490.0471544	-517.7401749	-131.1432117	518.024933	-553.5530084	-116.5126248	657.7270117	-536.7222624	-63.22216824	691.6035899	-389.4222192	270.8489552	820.8255081	-456.5979208	99.0723884	515.4018789	-427.8656317	229.2440447	506.111095	-440.5660149	246.3957158	663.8069656	-446.4666214	196.0311218	735.5173901	-332.813622	-136.732405	476.8201421	-573.5072939	-55.27736029	151.3624105	-757.691006	-132.7029579	157.7371054	-805.9058869	-94.54725822	389.3829983	-541.6417251	-152.4579835	415.1838862	-630.9370391	230.3326817	465.0256905	-439.1305993	102.1186459	94.62568134	-372.2524013	181.7700578	75.50299611	-416.3635674	183.8197545	432.4481669	-376.12653	237.1551551	392.6844128	-434.7131999	-104.9938695	31.41027514	-671.0708818	-75.03478719	155.7276307	-878.3317743	-68.6869717	28.07158093	-710.230971	-176.5934756	31.90346284	-727.9022429	-166.8332132	62.41803418	-754.4088282	-76.34481136	64.281854	-718.213311	115.0178741	32.96340361	-461.6516479	178.7299137	51.74076885	-210.7271091	133.2534017	38.24056725	-248.5110005	236.4041962	27.37453603	-280.4728527	221.8681883	39.11199352	-315.7844079	126.95068	50.68324261	-284.6399004
657	6.56	-54.38304432	979.4330261	-397.3681945	206.601498	1007.196096	-368.0445856	97.66283565	1020.904066	-567.4931376	-116.1965707	765.2697613	-519.084343	-0.876519059	488.9097964	-507.6267602	-130.4313122	517.2373301	-543.8340559	-115.2880969	656.5977786	-528.8522929	-61.58556536	692.0245765	-382.0889777	273.2578683	820.7295468	-452.2025212	100.7099762	515.5448592	-425.8478024	230.8641775	506.0132496	-438.0850913	248.3154798	663.7855022	-442.9625761	197.8474474	735.0523119	-329.1180799	-136.3449263	476.5059332	-563.5692506	-54.87321736	154.1711551	-752.6465271	-132.0956851	161.803275	-801.1991178	-94.20634694	388.5081828	-533.3397655	-151.8543452	415.7664736	-621.8207269	231.8086804	464.8678335	-436.8375635	102.2051344	94.59955218	-372.070799	181.89959	75.42814939	-416.1176681	185.0384147	432.1068505	-374.1936511	238.4246413	392.5124151	-432.8074624	-105.2719621	31.30320019	-669.6809817	-73.90054902	161.8931366	-873.1445588	-68.50942168	29.45837948	-708.3768886	-176.3037306	33.63511791	-726.8169381	-166.2883904	65.20021197	-752.3571257	-76.11469673	66.197366	-715.4478068	115.0625876	33.00282308	-461.5948668	178.872516	51.03750148	-210.6190828	133.1793587	37.87517446	-248.343916	236.4639694	27.15719779	-280.3268873	221.8917129	39.01834105	-315.7037318	126.9112727	50.37388321	-284.4805764
658	6.57	-52.0270963	979.6537736	-393.6391103	208.9014955	1007.050692	-363.5472361	100.2016558	1020.789703	-563.4082481	-114.3003619	764.2681473	-512.5502579	-0.075649609	487.8729281	-497.4316377	-129.6409039	516.4341971	-533.8150362	-113.9998193	655.4339036	-520.7765142	-59.87995483	692.5260902	-374.6943673	275.4552997	820.632769	-448.0362975	102.1990342	515.7280511	-423.6585828	232.4159396	505.9167216	-435.6395389	250.1349352	663.7791544	-439.4496253	199.5528885	734.5852304	-325.4958955	-135.8700954	476.188848	-553.2734846	-54.13850471	157.3405503	-747.5059548	-131.2900074	166.1712635	-796.2970037	-93.56837683	387.8138378	-524.7521781	-151.2055359	416.3946911	-612.3843955	233.133879	465.1078072	-435.163181	102.2789427	94.56767261	-371.9259678	182.0111468	75.35240337	-415.8873069	186.1952864	431.7867347	-372.2955222	239.6349703	392.3615851	-430.95894	-105.4366843	31.18873455	-667.6694468	-72.60351013	168.4365735	-867.7949649	-68.30874552	31.36181606	-706.0690384	-175.9321727	36.05345582	-725.4832477	-165.5358575	68.63710504	-749.982174	-75.7576898	68.74499823	-712.3366893	115.1073358	33.03746321	-461.5451193	178.9814475	50.37313052	-210.532575	133.1025691	37.55309484	-248.1544834	236.5105918	26.97257473	-280.2146738	221.8950754	38.92642815	-315.6338676	126.833376	50.13408846	-284.3310222
659	6.58	-49.80759664	979.898014	-390.0522503	211.0542396	1006.899535	-359.1095511	102.6644964	1020.69327	-559.412535	-112.4135084	763.2420856	-505.9776817	0.905984009	486.9890156	-487.2766722	-128.7903055	515.6510578	-523.5140724	-112.5916479	654.2138306	-512.4525136	-58.08176254	693.1053359	-367.2577177	277.5199257	820.5359426	-443.9976558	103.5859904	515.9150334	-421.4777249	233.8706923	505.8206081	-433.2493617	251.8658748	663.7557581	-436.0961583	201.1187651	734.1257724	-321.9363129	-135.2504169	475.8510253	-542.621926	-53.05833921	160.955073	-742.4092783	-130.2022134	170.8557368	-791.1850222	-92.45478957	387.3503449	-515.6015359	-150.5226371	417.0576238	-602.6576433	234.34183	465.5356281	-433.8375387	102.3400904	94.53308579	-371.8017232	182.113979	75.28345869	-415.6636694	187.2859334	431.5011398	-370.413108	240.7595035	392.2406023	-429.1498187	-105.4834841	30.97661394	-665.0042345	-71.15379929	175.2910709	-862.3698687	-68.09678072	33.8380857	-703.2704483	-175.3665437	39.33605909	-723.6795978	-164.556766	72.86545079	-747.1543186	-75.18928931	71.98711792	-708.880852	115.1483447	33.07441566	-461.5002259	179.0370478	49.7274056	-210.4607827	133.0343645	37.24314214	-247.9440112	236.5408526	26.82929651	-280.1252841	221.8717751	38.83927444	-315.5673369	126.7310525	49.93797624	-284.1903712
660	6.59	-47.71964397	980.1575272	-386.5740648	213.0675076	1006.740007	-354.7437547	105.0566588	1020.587904	-555.4825768	-110.5402186	762.190821	-499.3614494	2.135740257	486.3008264	-477.1811905	-127.8346473	514.875319	-512.9528918	-111.0715729	652.9480973	-503.9331342	-56.17811474	693.7576859	-359.7987261	279.5289146	820.4348632	-439.9522253	104.9462553	516.0511665	-419.4618704	235.208723	505.7312615	-430.91858	253.5058679	663.7149	-432.8566286	202.508238	733.6761142	-318.4425668	-134.4626437	475.4946782	-531.6803772	-51.66511479	165.009627	-737.3724682	-128.7977022	175.8462064	-785.8894295	-90.88001153	386.9465531	-506.142008	-149.7451944	417.7484875	-592.6888124	235.536836	465.8253004	-432.3231474	102.3913531	94.50621123	-371.6794881	182.2113838	75.22043081	-415.44231	188.3002838	431.2457223	-368.5333822	241.8097688	392.1280605	-427.3460981	-105.5122676	30.54498193	-661.7327132	-69.51704667	182.2508459	-856.8833178	-67.8992223	36.82752396	-699.9750012	-174.5927527	43.4573019	-721.2054298	-163.3864554	77.87953871	-743.7618382	-74.35493101	75.85156609	-705.1135647	115.1838082	33.11513306	-461.4600221	179.0620349	49.11973532	-210.3930366	132.9582218	36.934974	-247.7473611	236.563606	26.7252661	-280.0498278	221.8355659	38.76088098	-315.5034996	126.6262183	49.74030695	-284.0578498
661	6.6	-45.75089671	980.423328	-383.1785076	214.9539897	1006.5699	-350.4632279	107.3529847	1020.494554	-551.617687	-108.6807551	761.1214804	-492.7048936	3.6323536	485.8210312	-467.1212959	-126.7190594	514.0952071	-502.1930143	-109.5102281	651.7006565	-495.3662555	-54.15677496	694.4851429	-352.3409726	281.4564637	820.3344666	-435.9027684	106.2727926	516.1444076	-417.58038	236.4469426	505.6597256	-428.5945311	255.0404284	663.6671251	-429.6446696	203.7022313	733.2433549	-315.0213231	-133.5270379	475.1175575	-520.5994741	-49.94522546	169.3721521	-732.2998559	-127.0742471	181.0535251	-780.4726565	-89.06117898	386.3430847	-497.0228069	-148.7638433	418.4848766	-582.5324834	236.7087518	465.7564028	-430.2647749	102.4315066	94.49184686	-371.5528095	182.2878924	75.15040824	-415.2165534	189.2267411	431.0084092	-366.6571935	242.8071061	392.0045217	-425.5293397	-105.6623837	29.98551188	-657.7886323	-67.60788393	188.8835912	-851.3522631	-67.75353946	40.13075324	-696.103803	-173.746601	48.20471836	-717.859602	-162.1166275	83.48517272	-739.7029171	-73.28870888	80.14107191	-701.0033041	115.2143044	33.15792413	-461.4210518	179.0880184	48.57283824	-210.3175614	132.8747841	36.61998599	-247.6086728	236.5862411	26.65234707	-279.9778968	221.8005888	38.69630072	-315.4456758	126.5266974	49.53500585	-283.9393204
662	6.61	-43.89504537	980.6967703	-379.8456777	216.7233863	1006.392809	-346.2791737	109.5253139	1020.445111	-547.8167362	-106.8355603	760.0683402	-486.0242372	5.353321787	485.5293043	-457.0867551	-125.4373521	513.3637645	-491.3461816	-107.9498159	650.5337517	-486.8541578	-51.99737181	695.292529	-344.9145667	283.2467067	820.2416207	-431.90818	107.4836162	516.2514028	-415.7316169	237.6098004	505.6085206	-426.2249196	256.4631839	663.6155887	-426.4410342	204.7137004	732.8379934	-311.6917706	-132.441236	474.7212732	-509.5609775	-47.93761599	173.8108693	-727.0214475	-125.0509673	186.2685437	-774.9746849	-87.15970717	385.6103601	-488.3467615	-147.519071	419.3040928	-572.2859877	237.7715576	465.3745376	-427.7395378	102.4570919	94.48620826	-371.4242405	182.3312875	75.07187418	-414.9834472	190.0604926	430.7787628	-364.7961146	243.7410379	391.8930953	-423.7002616	-106.0810445	29.91175782	-652.9273221	-65.33926217	194.5902848	-845.8163599	-67.69455129	43.59096165	-691.3488821	-172.9887649	53.28243547	-713.4251856	-160.8763276	89.31603655	-734.8784121	-72.14501969	84.62854172	-696.3043132	115.2418906	33.20670523	-461.380749	179.1327387	48.09727554	-210.2309245	132.8020703	36.30615274	-247.5298255	236.6102049	26.59260726	-279.9086036	221.7726533	38.65116564	-315.3936625	126.4440602	49.3425994	-283.8427372
663	6.62	-42.1625882	980.9998651	-376.5568433	218.3854109	1006.217383	-342.2008281	111.5647569	1020.428005	-544.0712482	-105.0073932	759.0867921	-479.338493	7.236777437	485.3871762	-447.1174264	-124.018589	512.7971173	-480.5534249	-106.3796311	649.4820665	-478.4001359	-49.67990732	696.182223	-337.5565316	284.8843377	820.1572416	-427.992557	108.5290853	516.4035284	-413.8634096	238.6902416	505.5642466	-423.8288718	257.7790164	663.5646467	-423.2726863	205.5832185	732.4638856	-308.4682749	-131.0994989	474.3799533	-498.6931665	-45.81485101	178.0278242	-721.3033666	-122.7723631	191.1721876	-769.3081964	-85.16008204	385.1440126	-479.5470094	-146.0287325	420.2444838	-562.1235924	238.6555469	464.9899664	-425.1669154	102.4696953	94.48209537	-371.2968142	182.3697167	75.01928522	-414.7546774	190.8053884	430.5446307	-362.9600277	244.608882	391.8042847	-421.8707796	-106.7406752	31.31177861	-646.9027182	-62.71885909	198.9470786	-840.1737839	-67.67428021	47.26627725	-685.294032	-172.3829055	58.46936245	-707.769502	-159.7380768	94.97252638	-729.1987841	-71.10294005	89.14688605	-690.6252642	115.2694733	33.26928366	-461.3414896	179.1965441	47.68387809	-210.1336284	132.7333828	36.01935365	-247.4764307	236.6364966	26.53359578	-279.8426242	221.7551312	38.61983895	-315.3452634	126.3933031	49.17512887	-283.7640762
664	6.63	-40.54532688	981.3700474	-373.278047	219.9650629	1006.052312	-338.2306198	113.471422	1020.411436	-540.3797168	-103.207549	758.2501553	-472.6852364	9.226313423	485.369584	-437.2930964	-122.4620816	512.5051151	-469.9580838	-104.796375	648.593928	-469.9983023	-47.19777344	697.1674811	-330.3127913	286.3783929	820.0735746	-424.1770645	109.4444321	516.5796284	-411.9742775	239.6665498	505.5139475	-421.4613262	258.9953272	663.5204659	-420.1637295	206.359715	732.113106	-305.3323037	-129.3756253	474.2547083	-488.0889259	-43.74674434	181.723154	-714.8956506	-120.3288309	195.4510382	-763.2082323	-83.07382567	385.1867281	-470.2963028	-144.3126259	421.3409461	-552.2377264	239.3758982	464.8295744	-422.8456052	102.4737811	94.47488524	-371.172946	182.4372856	75.02180413	-414.5471318	191.4679512	430.2982568	-361.1551033	245.4184348	391.7092217	-420.0634134	-107.2882491	34.61655653	-639.6280883	-59.93480024	201.9937371	-834.1056529	-67.53287279	51.21589821	-677.8007805	-171.8425347	63.58894733	-700.9176878	-158.6451134	100.1439986	-722.6006382	-70.19181952	93.54623195	-683.7306715	115.2999735	33.34392217	-461.3078532	179.2650166	47.30311826	-210.0237175	132.6565528	35.75012978	-247.4381109	236.6654796	26.47974531	-279.7728829	221.7484248	38.58833144	-315.2996987	126.3640086	49.02764022	-283.6877066
665	6.64	-38.9830883	981.8427548	-369.9558114	221.5084845	1005.906485	-334.3587543	115.2447232	1020.399198	-536.746462	-101.4728861	757.6524253	-466.1517067	11.2767144	485.485384	-427.6979937	-120.7066765	512.5346089	-459.6803473	-103.2201114	647.9541497	-461.6990367	-44.5663244	698.2879384	-323.2380948	287.7461208	819.9765482	-420.5041067	110.2773842	516.7517115	-410.0771111	240.5299336	505.4625037	-419.1543966	260.1179626	663.4870852	-417.1288701	207.0786323	731.7728132	-302.2399469	-127.2805902	474.5171579	-477.8658087	-41.77656992	184.709853	-707.6527464	-117.870655	198.9224802	-756.3788304	-81.07279741	385.6590162	-460.8034724	-142.3546542	422.6167663	-542.7448604	240.0752691	464.7946232	-420.6960126	102.4659167	94.46334273	-371.0539673	182.5175204	75.06002482	-414.3626739	192.0468863	430.0491057	-359.3804922	246.1358074	391.6071666	-418.2942003	-107.3484367	39.07637025	-631.1563886	-57.25305444	204.0416796	-827.297998	-67.12859355	55.17848809	-669.0949727	-171.1858018	68.32315174	-692.9975614	-157.4842989	104.584983	-715.0712494	-69.28648282	97.59391572	-675.6892105	115.334635	33.42125653	-461.2806211	179.3182659	46.92069532	-209.8998412	132.575607	35.46211805	-247.4218888	236.6924924	26.43526458	-279.7010278	221.7446928	38.55514989	-315.2548422	126.3228358	48.88712332	-283.6027882
666	6.65	-37.39873498	982.4430242	-366.5534765	223.0684735	1005.785157	-330.5723809	116.8935422	1020.424887	-533.166122	-99.84404308	757.370539	-459.8186927	13.33348069	485.7730564	-418.3811422	-118.7163898	512.8849868	-449.7952621	-101.6865143	647.6525509	-453.6039184	-41.831739	699.5877525	-316.3857312	289.0111062	819.8582581	-417.0151679	111.0218938	516.9171307	-408.1803936	241.2736768	505.4204694	-416.9276306	261.1409013	663.4541838	-414.1890552	207.7526917	731.4352419	-299.1503169	-124.948736	475.2533831	-468.1069512	-39.89504611	186.953818	-699.5763834	-115.5481862	201.5282939	-748.7058112	-79.32670803	386.3866098	-451.3179658	-140.1476323	424.0597043	-533.6320635	240.8690795	464.7112011	-418.5643796	102.4350284	94.44437888	-370.9378652	182.578768	75.11603252	-414.1899564	192.5275243	429.8208606	-357.616094	246.7035359	391.5333531	-416.5498429	-106.9308117	43.50201337	-621.6236664	-54.80433363	205.2769897	-819.6546359	-66.4559031	58.72754095	-659.4388708	-170.2975001	72.27385232	-684.1465276	-156.2079679	108.0978985	-706.6575359	-68.29560456	101.049706	-666.6975679	115.3664755	33.49795681	-461.2524555	179.3436524	46.51114382	-209.7610253	132.5041654	35.1610287	-247.3788966	236.7117055	26.39751421	-279.6384596	221.7340569	38.53375164	-315.2067617	126.2520555	48.73565249	-283.507485
667	6.66	-35.75464567	983.185854	-363.0786041	224.6827316	1005.682222	-326.8702215	118.4390547	1020.514961	-529.6298468	-98.28337676	757.3984496	-453.6142779	15.3291804	486.2777915	-409.3193761	-116.5570267	513.5163482	-440.314101	-100.2490057	647.7257627	-445.802924	-39.0702036	701.0764728	-309.7889399	290.1882766	819.7151337	-413.7031481	111.6518938	517.0869321	-406.2750649	241.8949408	505.3825789	-414.7802758	262.0385162	663.3953729	-411.3610475	208.4007712	731.1048252	-296.0780392	-122.5135523	476.3873515	-458.7635347	-38.13713787	188.5075226	-690.7261479	-113.4224356	203.2653732	-740.2517339	-77.83114028	387.2449871	-441.8864802	-137.7393477	425.5964467	-524.7612434	241.6305513	464.5183479	-416.362254	102.3732028	94.41403085	-370.819426	182.6234899	75.21239164	-414.0255518	192.8927106	429.6293268	-355.8288969	247.1127369	391.487559	-414.7990798	-106.3055189	47.26858758	-611.1755045	-52.57261769	205.6928988	-811.2448767	-65.59975924	61.63717588	-648.9215052	-169.2153214	75.24662322	-674.4415192	-154.8551596	110.6127315	-697.41497	-67.24926868	103.8162931	-656.8838463	115.3795966	33.57727831	-461.2133566	179.3409913	46.06336061	-209.6035856	132.4562543	34.8658958	-247.2556348	236.7219302	26.36630645	-279.5868054	221.712715	38.53239845	-315.1551426	126.164362	48.55355647	-283.4031055
668	6.67	-34.06448385	984.0641517	-359.5730107	226.3617949	1005.588596	-323.2569404	119.9072329	1020.68087	-526.137364	-96.68902794	757.6492472	-447.3534022	17.23862789	487.0107154	-400.4376523	-114.3299707	514.3323862	-431.1672122	-98.92631164	648.1035128	-438.2766281	-36.36847587	702.7265438	-303.444963	291.2820638	819.5397785	-410.5183408	112.1690338	517.2704264	-404.3229062	242.4153677	505.334294	-412.6615286	262.8126284	663.2965213	-408.6221216	209.0804554	730.7975047	-293.1192428	-120.0630812	477.6907557	-449.6822404	-36.53130339	189.4116561	-681.1551368	-111.463335	204.1666102	-731.095143	-76.45055682	388.1486401	-432.4513907	-135.20864	427.0887141	-515.944452	242.1496171	464.2672002	-414.0754767	102.275615	94.36967995	-370.6855716	182.6576435	75.35498302	-413.8709177	193.1499143	429.4655106	-353.9954813	247.4250739	391.4245718	-413.0270218	-105.6362717	50.34430469	-599.868174	-50.51308283	205.2612413	-802.1479092	-64.65152921	63.89075767	-637.5601743	-168.0632345	77.32368788	-663.8966903	-153.4949402	112.2091632	-687.3611446	-66.2076832	105.9052506	-646.2988846	115.3649051	33.66139047	-461.1612075	179.3215554	45.58533036	-209.425882	132.4321587	34.56010773	-247.0803771	236.7285193	26.34171022	-279.5387574	221.6810605	38.54527283	-315.1037433	126.0748666	48.32988319	-283.2928238
669	6.68	-32.35881763	985.0331603	-356.081131	228.0936461	1005.499852	-319.7346989	121.3242378	1020.920573	-522.689019	-95.06945161	758.0399836	-441.044553	19.11116667	487.9272281	-391.6763991	-112.0991237	515.2305294	-422.2146074	-97.63793289	648.612311	-430.8970081	-33.80089933	704.4964487	-297.3198083	292.3027675	819.3351095	-407.4344115	112.604581	517.4630222	-402.2711099	242.8669718	505.2775199	-410.505858	263.5111001	663.1754636	-405.9232003	209.8422852	730.5142466	-290.3238027	-117.6427614	478.9197783	-440.7171327	-35.04577093	189.6385902	-670.9164304	-109.6065085	204.2893822	-721.27069	-75.06565285	389.0344916	-422.9338385	-132.6166068	428.3935125	-507.0400868	242.5044247	464.0430561	-411.776708	102.1351363	94.30460272	-370.5090104	182.6469968	75.48548979	-413.696271	193.3474495	429.2993684	-352.1150665	247.7016522	391.332881	-411.2453002	-104.9581885	52.84588844	-587.6863782	-48.55385599	204.0058905	-792.3789736	-63.7139296	65.5017182	-625.4056565	-166.9591302	78.68165443	-652.5402871	-152.1870908	113.0294926	-676.5241318	-65.20506083	107.328365	-634.9617939	115.3282584	33.74822418	-461.1012825	179.3028395	45.09666313	-209.2322444	132.4283975	34.24086452	-246.8910771	236.7417905	26.31999829	-279.4903077	221.6431738	38.56217482	-315.0557475	125.982537	48.06694437	-283.1730624
670	6.69	-30.65256343	986.0240536	-352.6198498	229.8528598	1005.407492	-316.3083134	122.7097858	1021.212952	-519.2827057	-93.59678636	758.5408682	-434.971126	21.01782421	488.953313	-383.0246257	-109.8962188	516.1650174	-413.3079101	-96.26891764	649.0946271	-423.5568008	-31.40871929	706.3435636	-291.3693659	293.2608318	819.1179351	-404.4355436	113.0068633	517.6343957	-400.0919537	243.2729446	505.2257401	-408.2877053	264.1493098	663.0601458	-403.2559124	210.6729827	730.2238155	-287.5828924	-115.2442147	479.9604946	-431.8016149	-33.62326935	189.1595975	-660.0297229	-107.7841458	203.6777532	-710.8065176	-73.64348924	389.8743869	-413.2732029	-130.0313594	429.4290516	-498.0009963	242.9430382	463.8252283	-409.4457898	101.9586961	94.21345251	-370.2693647	182.5513291	75.54427099	-413.4481509	193.5494062	429.0980582	-350.1972617	247.9464421	391.2530378	-409.4628316	-104.3689998	54.84117527	-574.6543229	-46.56910381	201.9434514	-781.8936458	-62.9195661	66.4831427	-612.5065489	-165.9854777	79.45654431	-640.4459154	-150.9820834	113.2107351	-664.9783542	-64.28546884	108.0909005	-622.8736936	115.2786314	33.83477045	-461.0382382	179.2962395	44.60579037	-209.0234801	132.4478446	33.93204003	-246.6899345	236.7690814	26.29837695	-279.4390275	221.607614	38.57692466	-315.011512	125.8865329	47.78275332	-283.0262229
671	6.7	-28.95597181	986.9801814	-349.1918467	231.60262	1005.300277	-312.976202	124.0695317	1021.534493	-515.9210631	-92.37207454	759.1196234	-429.3001709	22.98491487	490.0213687	-374.4966507	-107.7049291	517.1085511	-404.3654517	-94.82645844	649.5444759	-416.2594059	-29.18309384	708.2309667	-285.5477882	294.155136	818.8987342	-401.4744001	113.4169141	517.7467595	-397.8001447	243.6556632	505.1719169	-406.0107039	264.7205181	662.9551427	-400.6315219	211.5249591	729.8924105	-284.7500628	-112.8291763	480.847186	-422.9264512	-32.20348532	188.0293774	-648.4567218	-105.947491	202.3695044	-699.7285374	-72.19523356	390.6819508	-403.4552441	-127.551243	430.1576593	-488.8554614	243.4149248	463.628126	-407.107542	101.7659797	94.09777688	-369.9865348	182.3927176	75.55886752	-413.1140135	193.7841286	428.8493323	-348.2380969	248.1577565	391.1939642	-407.6447124	-104.0366761	56.36273828	-560.8661382	-44.46162707	199.0450319	-770.6414351	-62.38463443	66.87999794	-598.8699854	-165.2115617	79.76483872	-627.6672566	-149.9163781	112.8825555	-652.7673455	-63.50575433	108.2267012	-610.039356	115.2222936	33.92386672	-460.9720184	179.3011458	44.09635243	-208.7885477	132.4791849	33.62329872	-246.496212	236.8072082	26.27839785	-279.3761518	221.5799252	38.59093473	-314.9665799	125.7985586	47.49746559	-282.8446342
672	6.71	-27.29550242	987.8716923	-345.8178734	233.2999439	1005.174597	-309.7156284	125.3984855	1021.875131	-512.6048881	-91.24008631	759.6818468	-423.7969565	24.98713943	491.0914678	-366.0911171	-105.463338	518.0068065	-395.3886168	-93.4218207	650.0324711	-409.0651092	-27.07402173	710.1336836	-279.806511	294.9922034	818.675115	-398.5150413	113.8352637	517.7958008	-395.4287943	244.0301816	505.093321	-403.6623536	265.2789886	662.8411298	-398.0082185	212.3625451	729.5153627	-281.7863967	-110.4056322	481.657331	-414.0845161	-30.75714368	186.3155265	-636.1884913	-104.0913517	200.4223178	-688.0507133	-70.71778637	391.4841175	-393.5057552	-125.2437261	430.5571516	-479.6380587	243.6803143	463.6146244	-404.9677515	101.5420906	93.95022876	-369.7131963	182.2307331	75.6039167	-412.724696	194.0189118	428.5659383	-346.2190383	248.3711362	391.1083066	-405.7137199	-104.0491089	57.42365626	-546.4300418	-42.25172852	195.3038914	-758.6412619	-62.15359702	66.74934223	-584.4909527	-164.6932896	79.7269481	-614.1994865	-148.9990095	112.1572077	-639.8589597	-62.8942839	107.8050311	-596.4794401	115.1652429	34.02359103	-460.8979787	179.3163246	43.533591	-208.5155605	132.4971652	33.26964589	-246.3150628	236.8467742	26.2618833	-279.2882917	221.5563412	38.61262382	-314.9108577	125.7553843	47.19761785	-282.6724269
673	6.72	-25.70507307	988.6849943	-342.5241576	234.9072403	1005.028961	-306.4941541	126.6942797	1022.218088	-509.3279236	-90.02301037	760.151369	-418.1900198	26.98101131	492.1600757	-357.78321	-103.1471554	518.801058	-386.3981031	-92.09335895	650.5412837	-401.9994993	-25.02416887	712.0355006	-274.1084801	295.7987313	818.4341634	-395.554878	114.2339077	517.8039732	-393.0133668	244.3855427	504.9787443	-401.2128556	265.8730943	662.6964022	-395.3339444	213.173666	729.1203132	-278.7571438	-108.0697107	482.4060846	-405.2733962	-29.33795697	184.0135544	-623.3193379	-102.2551621	197.8873872	-675.7939451	-69.1903248	392.2869956	-383.4576053	-123.1062908	430.6312626	-470.3427143	243.8101042	463.8488773	-403.069494	101.2440251	93.75806029	-369.4791216	182.0770121	75.69187209	-412.2931957	194.1879578	428.2626272	-344.1180308	248.6152417	390.9559019	-403.6037313	-104.3612787	58.03556816	-531.4140216	-40.04702933	190.7966845	-745.981804	-62.1952573	66.14768528	-569.3900244	-164.4257785	79.40102577	-600.0360818	-148.2300529	111.0890566	-626.2403974	-62.44235354	106.9120366	-582.2231858	115.1060676	34.13715691	-460.8086703	179.3455868	42.88445677	-208.2062357	132.4959972	32.84818073	-246.1051578	236.8809589	26.24416825	-279.1694811	221.5313267	38.65396997	-314.8330172	125.8050534	46.84040107	-282.5773746
674	6.73	-24.21008628	989.4191796	-339.3149719	236.4004129	1004.853238	-303.2917769	127.9641344	1022.52572	-506.0927938	-88.7740227	760.5609853	-412.5667846	28.93317744	493.2422119	-349.5534267	-100.8402451	519.4739956	-377.4079848	-90.80674749	651.0341768	-395.0664038	-22.99603008	713.9252198	-268.4470891	296.5967759	818.1519383	-392.58348	114.582757	517.791971	-390.5765474	244.6953768	504.8195147	-398.6434069	266.4613701	662.5019402	-392.6051837	213.9574885	728.7399912	-275.7538012	-105.9258412	483.0499226	-396.5161177	-28.04347775	181.1507229	-609.9543357	-100.502189	194.7879927	-662.9911429	-67.60806918	393.0775181	-373.3323227	-121.1129501	430.4154271	-460.9478333	244.0738137	464.1587026	-401.1492526	100.8692023	93.5379884	-369.2380385	181.8823044	75.76163421	-411.812368	194.2428947	427.940984	-341.9094999	248.8630657	390.7366042	-401.2983175	-104.8682412	58.25315015	-515.8191431	-37.95991138	185.6446724	-732.7434926	-62.42838575	65.14475338	-553.6149499	-164.3390718	78.74671562	-585.2185411	-147.6112458	109.6582659	-611.9786194	-62.12133973	105.6201225	-567.3211101	115.034386	34.25923899	-460.6959218	179.3843724	42.15076744	-207.8731947	132.503523	32.38218914	-245.8550091	236.904655	26.21716726	-279.0269491	221.5076785	38.7283596	-314.7291542	125.9227697	46.41217262	-282.5389398
675	6.74	-22.8228849	990.0873059	-336.1821119	237.7755781	1004.630847	-300.1053653	129.2202361	1022.756391	-502.9172938	-87.578145	760.9705094	-407.0907831	30.82349147	494.3463404	-341.3985265	-98.69886418	520.1075354	-368.506406	-89.57338978	651.5741193	-388.2859463	-20.97809655	715.8016898	-262.840831	297.3782281	817.8097926	-389.5847557	114.8535245	517.7725063	-388.1082679	244.9402074	504.6029402	-395.950054	266.9944877	662.2416112	-389.8177263	214.6935933	728.3789863	-272.8100818	-103.9914979	483.569417	-387.8341284	-26.91448005	177.8801782	-596.1033376	-98.89934484	191.1606725	-649.6666421	-66.01516743	393.850385	-363.1476378	-119.2593155	429.9799416	-451.4671149	244.4777288	464.2631051	-398.8626994	100.4529123	93.32830251	-368.9109388	181.6041015	75.76671046	-411.2951418	194.1823963	427.5926102	-339.5779751	249.040924	390.4806148	-398.8395274	-105.4547467	58.16803203	-499.615151	-36.08122618	179.9588059	-718.9624842	-62.74382571	63.82680396	-537.2223911	-164.3437592	77.70059883	-569.7777881	-147.1115643	107.8106488	-597.1288436	-61.88962637	103.9746907	-551.8636729	114.9454856	34.38428258	-460.5593163	179.4180334	41.3940381	-207.5342233	132.5423103	31.91348362	-245.6254312	236.9139126	26.18059348	-278.8753801	221.4836398	38.82912914	-314.6091129	126.0105696	45.94999831	-282.4492988
676	6.75	-21.539094	990.7089885	-333.1261127	239.04963	1004.352125	-296.9369589	130.4718845	1022.89019	-499.8127991	-86.39297599	761.3868792	-401.7327635	32.63156938	495.4682382	-333.3158118	-96.79792474	520.8184339	-359.8357166	-88.41058902	652.2104962	-381.6422352	-18.97757382	717.6766067	-257.3122078	298.1166826	817.4162467	-386.602238	115.0489127	517.7359711	-385.584956	245.1148362	504.3369292	-393.1502284	267.4811278	661.9173718	-386.9428282	215.3432892	728.026441	-269.8921394	-102.2169856	484.0163881	-379.2246016	-25.90146533	174.3251764	-581.7793066	-97.50745813	187.095577	-635.8281946	-64.50418849	394.6252033	-352.9293951	-117.534485	429.4233464	-441.9561779	244.81655	463.9988394	-396.0602614	100.0124853	93.13346051	-368.4975563	181.2719946	75.74558853	-410.7713819	194.0487461	427.2065112	-337.1448845	249.0943252	390.2209248	-396.3177583	-105.994694	57.8759925	-482.797507	-34.47937195	173.8322865	-704.6535841	-63.03416641	62.29524878	-520.2634026	-164.3467961	76.26042284	-553.6707188	-146.6681012	105.5299082	-581.6646401	-61.70094268	102.025029	-535.9544083	114.8511826	34.51287676	-460.4195204	179.4398981	40.70786214	-207.2139986	132.5833302	31.4712166	-245.4680298	236.9125482	26.14370563	-278.7319711	221.4364845	38.91459866	-314.485457	126.0141548	45.49690296	-282.260998
677	6.76	-20.34003648	991.3009203	-330.1512561	240.2393062	1004.027119	-293.781572	131.7248253	1022.941186	-496.7649132	-85.19182934	761.7966325	-396.4352778	34.33824793	496.5930646	-325.2997444	-95.05896299	521.5863133	-351.4295712	-87.28281006	652.881101	-375.0654334	-17.00936116	719.5684376	-251.8798152	298.8042682	817.0068157	-383.7960129	115.2010054	517.6770263	-382.9885445	245.229448	504.0502455	-390.296282	267.9266761	661.5613992	-383.9891321	215.8832621	727.6861727	-266.9568498	-100.513423	484.4756528	-370.6811918	-24.94586522	170.514275	-567.039133	-96.34677444	182.699571	-621.4864149	-63.16503019	395.4379386	-342.7110691	-115.8803742	428.8195508	-432.4583352	244.9719864	463.5038848	-392.9632452	99.54883426	92.92520014	-368.0724262	180.9605298	75.78200303	-410.2606525	193.8985213	426.7846054	-334.6625491	249.0454761	389.9557983	-393.812229	-106.3734995	57.4804104	-465.3860776	-33.17360315	167.3498987	-689.834665	-63.22443338	60.66831776	-502.7679401	-164.2828937	74.48749043	-536.8747998	-146.2382323	102.8829149	-565.5497441	-61.50858145	99.87726351	-519.6281611	114.7749065	34.64763525	-460.3133995	179.4554474	40.14654543	-206.931417	132.5754438	31.07093944	-245.3501018	236.9095586	26.1151166	-278.6107443	221.3481318	38.95924044	-314.358147	125.9351734	45.06739093	-282.0222618
678	6.77	-19.20923577	991.8751513	-327.2463262	241.3409525	1003.681455	-290.6241501	132.9820382	1022.93637	-493.7450557	-84.0530832	762.2193315	-391.2391894	35.93848226	497.7052153	-317.344251	-93.38005438	522.3072047	-343.178577	-86.199078	653.5274234	-368.5111746	-15.08357594	721.4879505	-246.5606576	299.4614812	816.6178728	-381.3082358	115.323371	517.6294378	-380.3178202	245.3042844	503.7712942	-387.4447451	268.3230512	661.2211949	-380.9961205	216.3155234	727.3726649	-263.9910291	-98.79311258	484.9989255	-362.2112931	-24.0530122	166.6116861	-551.7872989	-95.36180253	178.0431047	-606.6719889	-62.01894486	396.318229	-332.5114459	-114.24536	428.1695223	-422.9551434	244.9405482	463.0696514	-389.9422006	99.0835032	92.69780833	-367.6801115	180.6975389	75.90234698	-409.7672615	193.7669356	426.3494051	-332.1787435	248.9606668	389.6656792	-391.3453616	-106.5369249	57.07932762	-447.4233523	-32.11590918	160.5976034	-674.530459	-63.27145389	59.05963922	-484.7392454	-164.1699466	72.48033594	-519.5009172	-145.8127969	99.99652907	-548.8265508	-61.25708939	97.70788777	-502.7866263	114.7170108	34.77453762	-460.2453965	179.4700528	39.69367076	-206.6845501	132.5094057	30.71003432	-245.2229259	236.9051826	26.09493216	-278.5140787	221.236845	38.99291747	-314.2236124	125.779891	44.65564041	-281.7807719
679	6.78	-18.14281039	992.4436399	-324.3874003	242.3479669	1003.341181	-287.4546901	134.2325789	1022.887808	-490.7402106	-83.11011792	762.7246547	-386.242494	37.43773631	498.8107255	-309.4317849	-91.75317396	523.0185599	-334.9601555	-85.24076115	654.1794011	-361.9845384	-13.1978296	723.4292475	-241.3677171	300.1099872	816.2553069	-378.9628546	115.4204646	517.6197812	-377.6001461	245.3589658	503.5233861	-384.6140564	268.6893765	660.9270448	-377.9814004	216.6565467	727.0906186	-261.0135358	-97.08625372	485.5722281	-353.8075437	-23.23642992	162.8585333	-535.8989409	-94.46681667	173.1893191	-591.4240199	-61.00075715	397.2819699	-322.2884151	-112.6796444	427.4416412	-413.3936525	244.8006771	462.9130724	-387.2662236	98.65954687	92.47286426	-367.3175868	180.4585742	76.05940364	-409.2923687	193.655735	425.9277158	-329.7205809	248.8726995	389.3692672	-388.9127954	-106.5070387	56.7315768	-429.002512	-31.21501415	153.6771262	-658.7629792	-63.16057865	57.53433133	-466.2012249	-164.0639342	70.37614745	-501.6943282	-145.3832919	97.00007261	-531.5968323	-60.90653547	95.67770519	-485.3153294	114.6313738	34.86153912	-460.1540377	179.4841837	39.30642126	-206.4641956	132.4240087	30.37741635	-245.08321	236.8879708	26.07803853	-278.4334714	221.1350481	39.04644102	-314.0903827	125.5889559	44.25304376	-281.5476473
680	6.79	-17.14152874	993.0124419	-321.557591	243.2756024	1003.026925	-284.2885386	135.4505312	1022.799804	-487.7535845	-82.38738927	763.3424513	-381.4284215	38.84095511	499.9444348	-301.5337046	-90.26366307	523.8607716	-326.7490232	-84.41321686	654.8831571	-355.4920226	-11.34848407	725.3827684	-236.3036423	300.7548181	815.9033924	-376.3627723	115.5246592	517.6396459	-374.8405884	245.4083855	503.3155056	-381.8008748	269.0361398	660.6787759	-374.9757517	216.9305948	726.8331989	-258.0525689	-95.52794111	486.1233315	-345.4047633	-22.47198215	159.2118423	-519.6329234	-93.61710661	168.246593	-575.7730812	-60.00320121	398.3597016	-311.9052909	-111.2970421	426.6458428	-403.7319663	244.7136747	463.0742234	-385.0289415	98.30344346	92.2570695	-366.9975939	180.2366125	76.20729764	-408.8412171	193.5505588	425.5302564	-327.3039431	248.7770455	389.1077563	-386.5165543	-106.3405322	56.46082385	-410.249438	-30.38957207	146.7150984	-642.5612165	-62.92668918	56.09170715	-447.2818193	-163.9491942	68.30742587	-483.5095838	-144.9296535	93.99093177	-513.9619284	-60.46816331	93.79895051	-467.3295868	114.4969152	34.91445525	-459.9998238	179.4962587	38.96556631	-206.2704334	132.3611005	30.08001518	-244.9376101	236.8549968	26.06344845	-278.3585318	221.0532205	39.10610981	-313.9736194	125.432364	43.85327127	-281.3272334
681	6.8	-16.20037384	993.5732253	-318.7527543	244.1483505	1002.7497	-281.1544355	136.6109373	1022.690048	-484.7818623	-81.74835318	763.988388	-376.6369999	40.14980888	501.1414292	-293.6366318	-88.99338125	524.8392685	-318.600403	-83.61792089	655.6327377	-349.0364631	-9.547820538	727.3449209	-231.3607272	301.387124	815.5628923	-373.391094	115.6827717	517.6709744	-372.0173926	245.4617187	503.1323902	-379.0273184	269.3675754	660.4495413	-372.0225827	217.1684696	726.5955547	-255.122275	-94.20201075	486.5767224	-336.910044	-21.73732808	155.4736768	-503.4064472	-92.7992913	163.3329139	-559.7491563	-58.9473753	399.5887612	-301.2290671	-110.1296213	425.83133	-393.9265831	244.7490154	463.2820622	-382.9378696	97.99576235	92.03327751	-366.7599577	180.0483833	76.33441833	-408.4216149	193.4443132	425.1512452	-324.9396576	248.6809321	388.8859112	-384.1634565	-106.0617103	56.28374039	-391.2632794	-29.60884634	139.8476122	-625.9792297	-62.62336033	54.71116813	-428.1865757	-163.7315126	66.3150536	-464.9750172	-144.4326136	91.03219731	-496.0090364	-59.96415476	91.97133394	-449.1269723	114.3714307	34.99117193	-459.8441542	179.5051658	38.67642179	-206.1090427	132.3223132	29.8211316	-244.8129636	236.8217175	26.05620181	-278.2831418	220.9847525	39.14618561	-313.8793912	125.3358096	43.46098344	-281.1334236
682	6.81	-15.30907672	994.1157758	-315.9730001	244.9760368	1002.505434	-278.060458	137.6955531	1022.585533	-481.8213179	-81.08167013	764.5495435	-371.7897443	41.36394753	502.4102882	-285.7579448	-87.88633111	525.8239966	-310.5333822	-82.79750545	656.3834203	-342.6374881	-7.825628226	729.3110443	-226.5272958	301.9927947	815.2498492	-370.2859137	115.8914376	517.692018	-369.2167819	245.5197505	502.9516216	-376.3417352	269.7200309	660.204629	-369.118319	217.4064515	726.3731639	-252.2286931	-93.08686702	486.9286333	-328.2956648	-21.01845936	151.7418608	-487.1918389	-91.99263166	158.5087943	-543.4008331	-57.83872316	400.9209164	-290.3472064	-109.0966618	425.001416	-383.923197	244.7825178	463.2247983	-380.5895965	97.69136921	91.80650619	-366.600695	179.8955791	76.4380908	-408.0413278	193.3467139	424.7847843	-322.6305592	248.5967267	388.6828083	-381.8685869	-105.6288303	56.23063465	-372.0994253	-28.88087965	133.1669527	-609.0776348	-62.23291407	53.43112711	-409.0254443	-163.3337584	64.385846	-446.1498336	-143.8715536	88.16731793	-477.7982603	-59.37181387	90.19993985	-430.8332871	114.3059308	35.11186916	-459.7513328	179.5116377	38.44486091	-205.9843351	132.2872053	29.58969007	-244.7426082	236.7989771	26.05638155	-278.2103693	220.9283696	39.16752263	-313.8023726	125.2656722	43.11288558	-280.9813666
683	6.82	-14.46100444	994.6411815	-313.2085533	245.7587339	1002.285627	-274.9904865	138.7014043	1022.496533	-478.8745825	-80.39210303	765.0042077	-366.9379183	42.4790825	503.7436041	-277.925448	-86.80037998	526.7390367	-302.4899799	-81.97928431	657.1131894	-336.3207735	-6.223801183	731.2796224	-221.7828222	302.5641755	814.9648396	-367.2623172	116.0701751	517.696109	-366.6013698	245.5737576	502.7658303	-373.7734617	270.0903105	659.9431755	-366.2630624	217.6780699	726.1514481	-249.3784096	-92.14713016	487.2523317	-319.6301635	-20.29520909	148.3319186	-470.6663796	-91.1886429	153.7983775	-526.7920334	-56.74731543	402.2261548	-279.571744	-108.1108442	424.087689	-373.7003604	244.7206018	462.9572717	-378.0165901	97.36828716	91.62750667	-366.4381472	179.7662392	76.52102178	-407.7016214	193.2759721	424.4324246	-320.3699726	248.5114266	388.4946011	-379.6637886	-104.9709901	56.35187609	-352.8007525	-28.21845774	126.6931319	-591.8985046	-61.66689122	52.36375679	-389.756714	-162.750049	62.5628889	-427.0806598	-143.2155581	85.4335632	-459.3513675	-58.65163002	88.63135849	-412.3744785	114.2829348	35.22942186	-459.7018703	179.5170264	38.26176729	-205.8977108	132.256952	29.39016913	-244.7042882	236.7813573	26.05074073	-278.1549299	220.8901613	39.19296074	-313.7332115	125.184809	42.85618945	-280.8730788
684	6.83	-13.65357099	995.1547454	-310.4358794	246.5086672	1002.086407	-271.9338249	139.6472767	1022.409761	-475.9303166	-79.70652949	765.4347059	-362.1106526	43.48346301	505.1426019	-270.1488297	-85.72459419	527.6186656	-294.4438968	-81.20310811	657.8675557	-330.1039672	-4.779501154	733.2607577	-217.0856368	303.100234	814.6942576	-364.353646	116.1639955	517.7021316	-364.1475837	245.6106265	502.5806174	-371.3094002	270.4161237	659.6964138	-363.4935662	218.0020511	725.9110608	-246.5641323	-91.37203298	487.6248357	-310.9836347	-19.5386114	145.3549922	-453.7815088	-90.41951712	149.2599422	-509.9707074	-55.71032534	403.4593066	-269.143207	-107.1490993	423.0774786	-363.3083908	244.6428323	462.6692142	-375.4558764	97.0537189	91.53363476	-366.2124957	179.6579747	76.60773886	-407.3934358	193.2413233	424.0961193	-318.1490655	248.4126253	388.3257752	-377.5682079	-104.0476914	56.7084152	-333.4044939	-27.63626592	120.4415084	-574.4878594	-60.86773671	51.61291605	-370.3454813	-162.0151816	60.92968759	-407.8034021	-142.4388566	82.87270327	-440.6830518	-57.79207638	87.34113675	-393.8050632	114.2660634	35.3096927	-459.6542856	179.522482	38.10145723	-205.8505292	132.2407562	29.23178379	-244.6591201	236.7627635	26.02764	-278.1276136	220.8722851	39.24239401	-313.6575003	125.0929947	42.68572137	-280.7893698
685	6.84	-12.8748338	995.658202	-307.6336008	247.250244	1001.898349	-268.9027511	140.5432013	1022.319593	-472.9762353	-79.0311845	765.9223984	-357.2999411	44.37642356	506.6228948	-262.3972269	-84.81176615	528.5334919	-286.4731024	-80.47657454	658.6977978	-323.9998109	-3.500149853	735.2698267	-212.3803167	303.5957453	814.4346544	-361.5238707	116.2185914	517.7048809	-361.6884541	245.6291643	502.4003323	-368.9094721	270.6880923	659.4799436	-360.8082302	218.3790229	725.6434476	-243.7673433	-90.67458904	488.0742155	-302.314813	-18.71119321	142.7050921	-436.7343991	-89.71787191	144.9879602	-492.9488317	-54.69641232	404.7354935	-258.972557	-106.2329225	422.0735407	-352.8346311	244.6736065	462.4181181	-373.0011636	96.79822388	91.50432781	-365.9598486	179.5737634	76.72471703	-407.1090398	193.2312086	423.7608505	-315.9827903	248.3166459	388.1634569	-375.5486835	-102.8699761	57.36268468	-313.9278326	-27.14832411	114.4657302	-556.9100127	-59.84838803	51.20781786	-350.8564423	-161.1699578	59.55406094	-388.3638085	-141.5470957	80.54498349	-421.8262801	-56.80847689	86.28907988	-375.3109072	114.23972	35.37064348	-459.6018511	179.5276637	37.94329483	-205.8366733	132.2325171	29.10659441	-244.6013763	236.7434809	26.00034921	-278.1101422	220.8709754	39.32020082	-313.5599115	124.9995123	42.55091993	-280.6869953
686	6.85	-12.10476188	996.1509868	-304.7875428	247.9979584	1001.705981	-265.9169543	141.3717456	1022.246481	-470.0269677	-78.38611028	766.4597142	-352.5439801	45.20943826	508.2017219	-254.56994	-84.14917974	529.5041553	-278.6526298	-79.77314771	659.5879616	-318.010321	-2.372413392	737.3176975	-207.6420191	304.0466575	814.1869017	-358.7457032	116.2926133	517.6714297	-359.1932615	245.6468685	502.2273436	-366.5291451	270.9351485	659.2934924	-358.1968647	218.794226	725.358636	-240.9861211	-89.89979515	488.5814286	-293.523672	-17.79680193	140.3017314	-419.6466801	-89.05406262	141.0227162	-475.7304829	-53.67082602	406.2332263	-248.6249982	-105.3926459	421.1817667	-342.324944	244.8059181	462.2811774	-370.7390585	96.61230928	91.49248235	-365.7295633	179.4979611	76.85962664	-406.8445177	193.2186498	423.381373	-313.9265115	248.2406261	387.9839048	-373.5603696	-101.4960668	58.35754143	-294.4027355	-26.72826151	108.7792844	-539.1915294	-58.6470217	51.12695012	-331.3710856	-160.2287863	58.48472572	-368.8006245	-140.575962	78.52187651	-402.8194403	-55.7200193	85.4672125	-356.9388779	114.2041699	35.44690003	-459.5578623	179.5296769	37.80083993	-205.8264766	132.2231247	29.00768971	-244.5218808	236.726152	25.99402996	-278.0613147	220.8774911	39.41353452	-313.4452844	124.8902977	42.42324739	-280.5248032
687	6.86	-11.33601546	996.6357399	-301.8833111	248.7488885	1001.505099	-262.9791994	142.1180146	1022.206718	-467.102989	-77.78364412	767.0039071	-347.8811758	46.06622339	509.8849639	-246.5427882	-83.61865688	530.4877859	-270.9383289	-79.04426777	660.5168952	-312.0974125	-1.390512904	739.4004242	-202.9219736	304.4631622	813.938783	-356.0045057	116.3722308	517.6158243	-356.7138223	245.6724849	502.061166	-364.1468327	271.1359661	659.1271015	-355.684789	219.2186477	725.0746278	-238.2354494	-89.01120619	489.0988932	-284.6020478	-16.82790018	138.1137552	-402.5752145	-88.36827914	137.3054093	-458.3555168	-52.61310513	408.0538952	-237.7082395	-104.651697	420.4446757	-331.7716513	244.8633241	462.2843926	-368.6451934	96.44842702	91.45868917	-365.5159626	179.4037544	76.97701268	-406.5836019	193.1858175	422.9328429	-311.9912058	248.1778423	387.7730653	-371.6135972	-100.0070573	59.67589059	-274.9147722	-26.30275091	103.318316	-521.2953098	-57.30486514	51.34403337	-311.9165218	-159.154283	57.74151218	-349.1291363	-139.5632671	76.84655977	-383.6908157	-54.53317188	84.91291863	-338.5935602	114.1636814	35.55064132	-459.522605	179.5311235	37.69368737	-205.7921879	132.2167558	28.94157911	-244.395314	236.7162877	26.01287987	-277.9682671	220.8776603	39.49631623	-313.3461745	124.7670941	42.30293103	-280.32204
688	6.87	-10.57849022	997.12111	-298.9140801	249.4963003	1001.303883	-260.0786798	142.7873159	1022.181353	-464.2072186	-77.18957158	767.5504286	-343.2587996	46.9662157	511.6590154	-238.33531	-83.05230675	531.463072	-263.2514964	-78.22429009	661.5104151	-306.1878977	-0.546425324	741.5027607	-198.2880135	304.8605967	813.68069	-353.2995981	116.4118943	517.5918055	-354.2240067	245.688419	501.8934022	-361.768144	271.3036347	658.9298672	-353.2374791	219.6198405	724.804371	-235.5195888	-88.13527134	489.5902479	-275.641673	-15.85867516	136.1097562	-385.5769672	-87.66155973	133.7739169	-440.8882993	-51.48829114	410.1162955	-226.4121836	-104.0075669	419.8431764	-321.1711494	244.7461508	462.2116133	-366.4214393	96.26450908	91.39299575	-365.30176	179.2906103	77.07331257	-406.3056492	193.1436984	422.4832062	-310.0340714	248.1086907	387.5453697	-369.7218022	-98.44902773	61.25857502	-255.5351998	-25.84530579	98.0301459	-503.2058441	-55.88015092	51.83371018	-292.4940784	-157.9369264	57.32887027	-329.3403764	-138.5286139	75.50189025	-364.463377	-53.25810134	84.63551371	-320.1966607	114.1199374	35.6629256	-459.469686	179.5408647	37.60395134	-205.7446983	132.2242006	28.90278142	-244.239306	236.7220417	26.0419963	-277.8795855	220.8608526	39.54692262	-313.2925083	124.6650512	42.18460137	-280.145722
689	6.88	-9.844011121	997.6120546	-295.8884549	250.2381295	1001.103826	-257.2148138	143.3946073	1022.132092	-461.3290236	-76.55182903	768.1002434	-338.5828532	47.85458765	513.4953673	-230.1435275	-82.40952999	532.4543867	-255.6098105	-77.26746257	662.5667968	-300.2639191	0.194502305	743.6388839	-193.669396	305.2442069	813.4123766	-350.6378779	116.4161594	517.6000392	-351.687326	245.6813643	501.723036	-359.3891965	271.5288848	658.662325	-350.7501491	219.9832105	724.5552894	-232.8254999	-87.38097589	490.0661044	-266.7337825	-14.90796187	134.2631864	-368.6503022	-86.99072195	130.4295401	-423.3609879	-50.28671804	412.2210784	-215.3267655	-103.4263942	419.3073291	-310.5530068	244.5786284	461.8923989	-363.9083611	96.06774786	91.31834641	-365.0917372	179.1838568	77.17429282	-406.0123148	193.1156139	422.1258233	-307.8948516	248.0069958	387.3409439	-367.8200862	-96.80420609	63.07834643	-236.2323458	-25.45588096	92.9439006	-484.998243	-54.42713724	52.56825498	-273.1049395	-156.6680264	57.23962168	-309.4415416	-137.4807334	74.43149961	-345.1586535	-51.92736578	84.60871744	-301.7347396	114.0766427	35.76203608	-459.3849776	179.556996	37.5141131	-205.6989689	132.2334909	28.8559415	-244.128056	236.741001	26.06522364	-277.8466769	220.8290574	39.56744874	-313.2745943	124.591054	42.05646658	-280.0231032
690	6.89	-9.13544515	998.1032459	-292.8209056	250.9735538	1000.898096	-254.3989683	143.9534611	1022.040911	-458.4500848	-75.84249262	768.648674	-333.8248502	48.70284884	515.3700009	-222.1459253	-81.73419287	533.4752748	-248.0852518	-76.20767218	663.6253178	-294.4043181	0.881360863	745.8571446	-188.8748558	305.6093189	813.1318383	-348.0184698	116.433627	517.5784269	-349.1363993	245.6622709	501.5625978	-356.9967131	271.8183298	658.3776286	-348.1669731	220.3161795	724.3300267	-230.1413777	-86.74531819	490.5558035	-257.9496354	-13.96717311	132.536259	-351.7655059	-86.39710946	127.2770185	-405.7591279	-49.05582092	414.2541201	-204.7447474	-102.8722683	418.7841333	-299.9618265	244.4877905	461.4843584	-361.3703245	95.88200463	91.25485252	-364.8957545	179.0982672	77.28941547	-405.7244997	193.1076391	421.8504622	-305.6210153	247.8640228	387.1819973	-365.8481283	-95.0520831	65.13817209	-216.9272562	-25.26664254	88.12004491	-466.76661	-52.96365299	53.53241355	-253.7364789	-155.4476539	57.42452502	-289.4915515	-136.4347857	73.58763477	-325.7870735	-50.58088822	84.79630943	-283.2304672	114.0427817	35.85107437	-459.2970735	179.5689764	37.43560751	-205.6450048	132.2193471	28.7730618	-244.0982869	236.7532293	26.07341767	-277.8540583	220.7947188	39.58160996	-313.2543549	124.5181057	41.91453672	-279.9390974
691	6.9	-8.446610909	998.5883137	-289.7207903	251.7024653	1000.690071	-251.6320444	144.4644776	1021.922578	-455.5551971	-75.09598495	769.2386308	-329.0510826	49.53524423	517.2666177	-214.4009865	-81.06267385	534.5236344	-240.7123549	-75.13553751	664.6394202	-288.6844356	1.548663977	748.1458439	-183.8723924	305.9505665	812.8480897	-345.4303353	116.4738534	517.4800802	-346.6379684	245.6463394	501.4125189	-354.6058258	272.0552139	658.1442863	-345.5573656	220.6301851	724.1248704	-227.4686227	-86.20060116	491.0688417	-249.3790839	-13.05914203	130.9207949	-334.8826024	-85.88888982	124.2927871	-388.0605542	-47.84426586	416.2547936	-194.5451098	-102.3337731	418.2772997	-289.446188	244.4878151	461.195452	-359.0703538	95.71176938	91.19988504	-364.7159159	179.0260736	77.40537799	-405.459848	193.1080807	421.5756952	-303.3792582	247.7155539	387.0548599	-363.8523678	-93.24034377	67.4227744	-197.6031652	-25.2681776	83.53395221	-448.4856189	-51.49484884	54.72328455	-234.3734133	-154.297567	57.82672571	-269.5562407	-135.4120326	72.9463152	-306.3487884	-49.25233881	85.17726813	-264.7063046	114.0221191	35.94349183	-459.2322147	179.5789553	37.36704085	-205.5838846	132.1911128	28.67002333	-244.097139	236.7467489	26.07454834	-277.8580823	220.7690522	39.6103183	-313.2108297	124.4436707	41.76774546	-279.8944053
692	6.91	-7.769813116	999.0637364	-286.5898762	252.4261752	1000.490309	-248.8945925	144.9145948	1021.805174	-452.6458211	-74.43228249	769.899683	-324.3759874	50.36834123	519.1602149	-206.9152981	-80.41865613	535.588385	-233.4961646	-74.12205429	665.6099225	-283.1050252	2.211457066	750.3990902	-178.8669562	306.2674042	812.5758835	-342.8644206	116.4846021	517.32698	-344.2128076	245.6382316	501.2535803	-352.2515228	272.1826132	657.9459869	-343.0542091	220.9315236	723.928419	-224.8135426	-85.72819702	491.6207315	-241.0826845	-12.23377474	129.4909147	-317.8924866	-85.45780901	121.4660177	-370.2559537	-46.66339669	418.3020938	-184.5635473	-101.8212637	417.8046762	-279.0530831	244.5573722	461.0347065	-356.9377209	95.54684947	91.14399312	-364.5466584	178.9520649	77.51431305	-405.2204933	193.1044199	421.2571522	-301.2459883	247.5997203	386.9374238	-361.9078084	-91.46369173	69.92079852	-178.3029929	-25.328538	79.07739663	-430.0224903	-50.04124973	56.13361824	-215.0109582	-153.1895652	58.43203448	-249.6391199	-134.4333716	72.50220736	-286.8543663	-47.97346296	85.75045282	-246.173004	114.0056105	36.0413523	-459.1790661	179.595645	37.29486301	-205.5319101	132.1866553	28.57947669	-244.0535052	236.7388751	26.09131394	-277.8522126	220.7511585	39.65263549	-313.1556905	124.3838988	41.63502357	-279.884085
693	6.92	-7.106092115	999.5212393	-283.4209841	253.1412068	1000.295503	-246.163562	145.2895473	1021.711295	-449.741437	-73.91013226	770.5427118	-319.8265351	51.18950856	521.0129706	-199.6949371	-79.80702361	536.6238755	-226.4457866	-73.19577055	666.5550039	-277.6340423	2.883104635	752.5254447	-174.0147213	306.5578684	812.306355	-340.3197991	116.4334985	517.1866336	-341.79491	245.6297156	501.0767332	-349.9501045	272.2847469	657.7376354	-340.6643647	221.2297787	723.7245273	-222.1704227	-85.28105293	492.2544663	-232.9984177	-11.50946026	128.291297	-300.7295383	-85.09106595	118.8081913	-352.344372	-45.51239032	420.4167623	-174.7504698	-101.3419439	417.3633522	-268.7986893	244.6347237	460.954257	-354.8208298	95.38015114	91.0883484	-364.3735892	178.8676817	77.6229034	-404.9940325	193.0932442	420.8960648	-299.2031755	247.5083817	386.8041633	-360.0283721	-89.7832666	72.65153908	-159.0630859	-25.37788118	74.70015683	-411.3200965	-48.63050291	57.75651516	-195.6482813	-152.0846965	59.2595445	-229.6866619	-133.5215709	72.26726033	-267.3378261	-46.76806224	86.52131737	-227.6412932	113.9820472	36.14365348	-459.1173095	179.6162612	37.22464093	-205.4960794	132.2211304	28.51028615	-243.9536299	236.7507797	26.13425716	-277.8527348	220.72991	39.69025956	-313.1148773	124.3364674	41.52919033	-279.8699639
694	6.93	-6.466011979	999.9465022	-280.2045885	253.8352568	1000.090454	-243.4329577	145.5854755	1021.644132	-446.8562925	-73.39096979	771.0496228	-315.2711545	51.98682549	522.7842172	-192.7478084	-79.19802995	537.5583718	-219.5645752	-72.35287859	667.4897916	-272.2411729	3.583400705	754.5018384	-169.2956526	306.817959	812.0226207	-337.7891316	116.3711174	517.0865706	-339.2956875	245.6021061	500.8961038	-347.6847256	272.4472804	657.51604	-338.2395747	221.5358887	723.504348	-219.5257141	-84.80528849	492.9698363	-225.014074	-10.8508903	127.2231582	-283.5223575	-84.78050798	116.3257506	-334.3417677	-44.39161178	422.5708563	-165.1109767	-100.8860843	416.938071	-258.6573596	244.6577552	460.9060643	-352.6851291	95.2115945	91.04755793	-364.1785973	178.7732756	77.73523149	-404.7688173	193.0783345	420.5031751	-297.2138162	247.4013505	386.6385781	-358.1871494	-88.19124816	75.63609764	-139.8930183	-25.43902716	70.43711872	-392.4452827	-47.29370398	59.60174822	-176.2996204	-150.966736	60.3386562	-209.677005	-132.6930237	72.26111152	-247.8384183	-45.64024301	87.4916564	-209.1268249	113.9535757	36.25942331	-459.0474756	179.6346756	37.16253015	-205.4807447	132.2644405	28.4433348	-243.8542919	236.7708281	26.18367441	-277.8605384	220.6959223	39.70896972	-313.0999883	124.2925384	41.4401819	-279.8265478
695	6.94	-5.857976613	1000.325213	-276.9439123	254.4903333	999.8670948	-240.7112676	145.8137324	1021.57832	-443.9771541	-72.80225101	771.4401328	-310.6356514	52.77244726	524.4357758	-186.0821386	-78.55955886	538.3491769	-212.839555	-71.56783853	668.4157532	-266.8960414	4.329012212	756.3235506	-164.6574563	307.0501033	811.7320565	-335.25739	116.36642	516.9873017	-336.6900127	245.5437206	500.722885	-345.4229292	272.6365104	657.2944494	-335.7115554	221.8474175	723.2676879	-216.88109	-84.2918136	493.6708229	-217.1301045	-10.22065185	126.1868141	-266.4309101	-84.52173939	114.0199675	-316.2865576	-43.2915647	424.7392709	-155.6566757	-100.4477419	416.5160052	-248.6047621	244.6154878	460.8220325	-350.5533634	95.05286393	91.03497594	-363.9676946	178.6720948	77.84563619	-404.5453172	193.0606854	420.0943609	-295.2406379	247.2474165	386.4680828	-356.354644	-86.65931854	78.86959536	-120.80218	-25.52896699	66.33787556	-373.4658364	-46.05746329	61.68087606	-157.0077556	-149.8724301	61.68503095	-189.6816715	-131.9356793	72.50033097	-228.3671347	-44.58500645	88.65810064	-190.6463094	113.9294013	36.40443757	-458.9904607	179.6518818	37.10224475	-205.4815394	132.2775132	28.35961051	-243.8162072	236.76487	26.20694942	-277.871496	220.6509513	39.72040208	-313.0855741	124.2607332	41.34668723	-279.7624626
696	6.95	-5.28166138	1000.646929	-273.6478209	255.091522	999.6296405	-238.0032571	145.9937563	1021.481843	-441.0760425	-72.33132183	771.8279505	-306.0455803	53.5657554	525.9393571	-179.6990965	-77.90322017	539.0397368	-206.2468979	-70.83240436	669.3154027	-261.5912484	5.130386796	757.9810892	-160.096911	307.2574653	811.4491199	-332.7298169	116.408415	516.8648523	-334.0258693	245.462461	500.5508468	-343.1507346	272.7532598	657.084063	-333.2014173	222.1526594	723.0119197	-214.2483153	-83.80112368	494.2643931	-209.4083798	-9.640180819	125.2630139	-249.4163779	-84.30506693	111.9080556	-298.2204063	-42.20173345	426.9171813	-146.3965593	-100.0335349	416.0860948	-238.6548408	244.4804665	460.7065299	-348.480817	94.93661861	91.04186375	-363.7877671	178.5672178	77.95101957	-404.3276216	193.0372093	419.683121	-293.2595912	247.0580425	386.3327823	-354.5336903	-85.19539158	82.3246821	-101.8242842	-25.66155628	62.49032653	-354.4194853	-44.91873848	63.97728521	-137.8322589	-148.8656511	63.29079018	-169.8014503	-131.2120688	72.99243816	-208.9127189	-43.60560633	90.02251518	-172.2198201	113.8980543	36.58649817	-458.9719515	179.6681485	37.04607691	-205.4719127	132.2607907	28.26554212	-243.8276873	236.7175912	26.18244586	-277.8870648	220.6044257	39.75220106	-313.0355805	124.2529294	41.24598623	-279.6859464
697	6.96	-4.731291219	1000.906526	-270.3097775	255.6442666	999.3855014	-235.3058432	146.1344628	1021.344511	-438.1379638	-72.09581058	772.2560688	-301.5892528	54.36071404	527.2924294	-173.5763362	-77.28036195	539.7407148	-199.7532709	-70.17228838	670.1635003	-256.3555187	5.998406915	759.4692681	-155.6393587	307.4353086	811.1665248	-330.2308488	116.4216418	516.7376995	-331.4388299	245.3785457	500.3711505	-340.8852122	272.7487177	656.9022036	-330.8332668	222.4458551	722.7359759	-211.6252947	-83.3889256	494.7492954	-201.824984	-9.150118151	124.6002418	-232.3546533	-84.11458273	110.0179022	-280.1740186	-41.13140075	429.1026544	-137.3339314	-99.64188393	415.647566	-228.8339765	244.2740451	460.5674425	-346.4726837	94.87634824	91.02860551	-363.6503964	178.4632575	78.05781431	-404.1173779	193.0092051	419.2659679	-291.274794	246.8742527	386.2299954	-352.7586358	-83.83514994	85.98264124	-83.01077157	-25.85834585	58.98070766	-335.3454574	-43.85123531	66.47234599	-118.813491	-147.9766846	65.14791128	-150.0797848	-130.5028132	73.73405999	-189.5006865	-42.70634314	91.60858883	-153.8586425	113.8277349	36.7846576	-458.9956116	179.6780008	37.00845797	-205.4248504	132.2331682	28.17102746	-243.8601371	236.6543243	26.12475548	-277.8840233	220.5644285	39.81014209	-312.9555238	124.2486997	41.15998275	-279.586994
698	6.97	-4.204854859	1001.106495	-266.9225277	256.1794078	999.1370489	-232.6198011	146.2234118	1021.164846	-435.1772705	-71.94895943	772.6970509	-297.1735597	55.1306602	528.5114754	-167.6739739	-76.73655254	540.5047633	-193.3423281	-69.60936308	670.9414281	-251.2205088	6.940924352	760.7893686	-151.3123982	307.5793329	810.868696	-327.7643292	116.3636285	516.6062848	-329.0749503	245.3111156	500.1739238	-338.6508588	272.6854644	656.7331336	-328.5556946	222.7254394	722.4465769	-209.002676	-82.97991219	495.1552171	-194.3126	-8.708568732	124.1829985	-215.2880846	-83.94653868	108.3595118	-262.1755668	-40.10311279	431.2830343	-128.4667869	-99.26484689	415.2309148	-219.1439811	244.1671417	460.3550814	-344.4713883	94.83076044	90.95684774	-363.4579175	178.3653361	78.17438433	-403.9187459	192.9810703	418.8361066	-289.2978376	246.7094991	386.1325252	-351.0320136	-82.58686997	89.85299259	-64.40232563	-26.10788066	55.78045833	-316.2694989	-42.83864997	69.18993879	-99.95925398	-147.1739932	67.26146668	-130.5291181	-129.8289216	74.72223992	-170.2112752	-41.86890001	93.46155585	-135.5421412	113.7176291	36.95477236	-459.0227071	179.6789773	36.99703287	-205.3408625	132.2013529	28.07436437	-243.9153714	236.6228762	26.08960449	-277.8364792	220.5360278	39.86960745	-312.8846644	124.197519	41.10804528	-279.4488381
699	6.98	-3.716350081	1001.255388	-263.504636	256.7182613	998.8810962	-229.9486331	146.2453264	1020.92846	-432.2201669	-71.69597038	773.1501031	-292.6632926	55.86254313	529.6027609	-161.9625262	-76.2714915	541.2479315	-187.0455858	-69.1277988	671.6403571	-246.1820268	7.950975744	761.945866	-147.1294345	307.6963226	810.5585171	-325.3077655	116.2710517	516.453799	-326.8470688	245.2663108	499.940775	-336.452403	272.682531	656.5205939	-326.2168131	222.9898519	722.1496232	-206.3765134	-82.4107432	495.4878559	-186.8503064	-8.220397109	123.911353	-198.3365229	-83.81786824	106.9205618	-244.2527792	-39.11996395	433.4396975	-119.7927794	-98.90357367	414.8725468	-209.5736058	244.2797645	460.10727	-342.48749	94.75562628	90.83907383	-363.136376	178.2743812	78.29806072	-403.7374476	192.9520377	418.3942882	-287.3257706	246.5463759	386.0058665	-349.2981837	-81.3972889	93.94745823	-46.02980409	-26.40389222	52.80254991	-297.2167267	-41.87173281	72.16267325	-81.28967773	-146.3787613	69.63814457	-111.1945542	-129.2140518	75.95965626	-151.1137909	-41.0522022	95.60067865	-117.277237	113.6127062	37.07259426	-459.007478	179.6849567	36.9919203	-205.2741443	132.1792818	27.99032515	-243.9512141	236.6376363	26.10550396	-277.7727068	220.5215279	39.90901408	-312.8442318	124.0753467	41.07728332	-279.2728681
700	6.99	-3.28085188	1001.354625	-260.0746691	257.2432882	998.6170347	-227.2825171	146.2028812	1020.624701	-429.2649746	-71.27393805	773.6185714	-288.0075444	56.56822913	530.553622	-156.4395539	-75.83217955	541.8453632	-180.9052088	-68.68307514	672.2476057	-241.2044249	9.004564493	762.9399639	-143.0889364	307.8033778	810.2459918	-322.8396974	116.21207	516.2698763	-324.4948119	245.2313957	499.6611719	-334.2724677	272.7798991	656.2358196	-323.7513248	223.2394626	721.8479567	-203.7396661	-81.63731629	495.7625104	-179.4650913	-7.691722518	123.8358605	-181.469056	-83.74778231	105.6953232	-226.4259306	-38.14837765	435.5579118	-111.3081816	-98.56448752	414.5639659	-200.1110455	244.4798773	459.8996941	-340.5020816	94.639521	90.72421751	-362.7870416	178.1872999	78.41394992	-403.5731472	192.9182833	417.9401095	-285.3459736	246.3983465	385.8033337	-347.5006283	-80.17184163	98.25376894	-27.93288896	-26.78032182	50.03205545	-278.2335496	-40.92401478	75.37384395	-62.86204424	-145.5125728	72.26225608	-92.13997464	-128.6487424	77.43776077	-132.2250838	-40.22297946	97.94437204	-99.22043692	113.5444276	37.16006622	-458.9637584	179.7142815	36.95494936	-205.3043001	132.1802004	27.9446019	-243.8862853	236.6544523	26.13145286	-277.7384806	220.5166126	39.93097157	-312.8227118	123.9464824	41.02492809	-279.1296498
701	7	-2.886308729	1001.390395	-256.6155251	257.7281797	998.3500518	-224.6006659	146.1057957	1020.265795	-426.2813783	-70.84016999	774.0189804	-283.3359295	57.27253313	531.3406116	-151.1305303	-75.3531642	542.2616114	-174.915379	-68.25690139	672.7301191	-236.278656	10.07037971	763.7687877	-139.186532	307.9198162	809.9211791	-320.3391569	116.2142918	516.0413641	-321.9543803	245.1850798	499.3507454	-332.0731053	272.9053635	655.906493	-321.2127908	223.4732149	721.5434472	-201.0844943	-80.81163985	496.0120618	-172.2281538	-7.238944332	124.0440656	-164.6688407	-83.7592284	104.6972526	-208.7237785	-37.14268106	437.6286754	-103.0084374	-98.25101686	414.2652315	-190.7397744	244.5545608	459.700112	-338.3876562	94.48373329	90.63795824	-362.5506189	178.1036228	78.51173453	-403.4158398	192.8782253	417.4724464	-283.3509924	246.3094451	385.5124389	-345.6291948	-78.83368028	102.7363424	-10.13814383	-27.24656534	47.53542836	-259.3591457	-39.95398416	78.76264575	-44.7329963	-144.5672474	75.08355201	-73.37057274	-128.0967868	79.13001005	-113.5428628	-39.37053148	100.3428051	-81.60744749	113.505341	37.26099312	-458.9522681	179.751753	36.88901127	-205.4001823	132.1829697	27.93394213	-243.7112744	236.6356007	26.1285826	-277.73296	220.5113275	39.94812995	-312.8005903	123.9365581	40.91629807	-279.1438156
702	7.01	-2.506628206	1001.351945	-253.0872282	258.1729507	998.0793645	-221.8910425	145.9569103	1019.868727	-423.2473723	-70.64645802	774.2251436	-278.8729725	58.00157368	531.9399032	-146.0633703	-74.81461984	542.5563009	-169.0264174	-67.86827022	673.061982	-231.4252508	11.12810872	764.4329036	-135.4188409	308.0530917	809.5722115	-317.7829739	116.2384143	515.7835837	-319.3752921	245.1212582	499.0470113	-329.7956393	272.9702094	655.5852885	-318.6777745	223.6876306	721.2311613	-198.4115616	-80.09055326	496.2360699	-165.1908191	-6.92020794	124.4449948	-148.1339445	-83.88349042	103.937273	-191.2015724	-36.08081739	439.6439596	-94.89729851	-97.96172028	413.9643805	-181.4655561	244.4891941	459.4969499	-336.1614542	94.30695541	90.56756826	-362.4193632	178.0262564	78.59473237	-403.2532395	192.8276238	416.9903495	-281.3533922	246.2700042	385.1894611	-343.7147573	-77.38352842	107.3298544	7.35098867	-27.77762151	45.37713676	-240.634214	-38.91947759	82.27888815	-26.9224994	-143.604254	78.05850308	-54.81612519	-127.5063616	81.01437029	-95.08704985	-38.49673857	102.7502651	-64.48348521	113.4792063	37.38753118	-458.9869044	179.7631284	36.84976933	-205.4135687	132.1436304	27.92147157	-243.5187392	236.6052098	26.11617905	-277.727992	220.4996506	39.96608992	-312.7706187	124.0620441	40.76962431	-279.303503
703	7.02	-2.129588595	1001.248976	-249.4465001	258.593975	997.7948787	-219.1552167	145.7620179	1019.432051	-420.165465	-70.63706328	774.2456939	-274.5746958	58.7644215	532.3476062	-141.2363378	-74.2499817	542.8149063	-163.1850744	-67.51097308	673.2850194	-226.6166108	12.17954447	764.9430288	-131.7694367	308.1895283	809.2115417	-315.1679093	116.2277486	515.54073	-316.8611868	245.0537241	498.7762724	-327.4169552	272.9661072	655.3029924	-316.1754986	223.8775867	720.8993447	-195.7219075	-79.45958268	496.4003329	-158.3253292	-6.670244591	124.8877474	-132.0747437	-84.10843463	103.4097104	-173.9087766	-34.96935969	441.5928075	-86.9920704	-97.69547409	413.6896517	-172.3148339	244.4205006	459.3415064	-333.9870145	94.13958076	90.49285773	-362.2987339	177.9533826	78.6693236	-403.0818462	192.7563485	416.4904382	-279.3760998	246.1925226	384.9173459	-341.810425	-75.86921607	111.9613304	24.51934795	-28.37798929	43.55563909	-222.1501011	-37.78127869	85.93237201	-9.410781062	-142.6492516	81.1783676	-36.43709266	-126.8268142	83.08929208	-76.89570903	-37.59932163	105.2678609	-47.68441896	113.4549648	37.50954458	-459.0182004	179.7478146	36.8663301	-205.2951851	132.0594017	27.87480804	-243.4081735	236.5952505	26.12388567	-277.71363	220.4830876	39.98306369	-312.7421321	124.1523717	40.6502082	-279.3907119
704	7.03	-1.761411477	1001.090749	-245.6907721	259.0037639	997.4897219	-216.3974618	145.5312801	1018.947659	-417.053004	-70.47593956	774.2300956	-270.1243814	59.53590117	532.5942347	-136.6062718	-73.7037766	543.0636191	-157.3844325	-67.14878365	673.4776836	-221.7873126	13.2318449	765.3225164	-128.1961494	308.3098163	808.8507309	-312.5067481	116.1826545	515.3091847	-314.4152259	244.9950355	498.5146679	-325.0023537	272.9780774	655.0333542	-313.664406	224.0354599	720.5374443	-193.0136409	-78.84899691	496.4896906	-151.6153099	-6.406918684	125.3771959	-116.4667372	-84.36874731	103.0822089	-156.8507806	-33.82398161	443.460637	-79.32027296	-97.44964785	413.4487723	-163.2926061	244.4067024	459.1796287	-331.8763631	93.98415205	90.40693457	-362.1486587	177.8770599	78.73721634	-402.9082028	192.6601026	415.9714133	-277.4176379	246.0219641	384.7183847	-339.9492673	-74.2828587	116.6139712	41.3302103	-29.06566555	42.01887626	-203.993185	-36.5037256	89.76118777	7.813742398	-141.6352341	84.44385198	-18.27646514	-126.0482007	85.35624998	-58.98049758	-36.64634065	107.9763299	-31.11548003	113.4285433	37.61564184	-459.0289347	179.7289172	36.90723501	-205.15455	132.0028095	27.78745525	-243.4247345	236.5859885	26.14558914	-277.6946248	220.463655	39.99852479	-312.7278618	124.0756853	40.59611109	-279.2730317
705	7.04	-1.42080099	1000.865431	-241.8963476	259.4019865	997.1588577	-213.6144526	145.2611398	1018.425985	-413.9307033	-70.07874308	774.2449015	-265.4215156	60.27358125	532.7502157	-132.0628671	-73.19512126	543.2341434	-151.6907544	-66.77891375	673.6361707	-216.93815	14.27541238	765.5985772	-124.6408637	308.4087083	808.4789805	-309.8118802	116.1455188	515.0385451	-312.0143965	244.9469885	498.2125816	-322.6373437	273.0627538	654.726919	-311.0949442	224.1582317	720.1405148	-190.2836474	-78.28347408	496.5044658	-145.1006495	-6.109906439	126.076962	-101.0725493	-84.6426832	102.8763625	-140.0066991	-32.65040416	445.2320658	-71.90108778	-97.21339525	413.2003604	-154.4050506	244.4413629	458.8944017	-329.7317601	93.82185435	90.31168247	-361.9887483	177.7923195	78.7982166	-402.7427991	192.5512916	415.4421477	-275.4352064	245.8161024	384.5266773	-338.1235068	-72.54622831	121.3157679	57.74634488	-29.81652073	40.70625533	-186.1515192	-35.0609142	93.7317581	24.67712974	-140.4551978	87.83987315	-0.39330787	-125.192867	87.79421697	-41.31857841	-35.57603443	110.8584072	-14.83721574	113.4047555	37.73624227	-459.0609614	179.7181219	36.92877795	-205.0891455	132.0394983	27.66549645	-243.5721914	236.5500139	26.15838072	-277.6779994	220.4403268	40.01743802	-312.7246707	123.9125905	40.57771412	-279.074226
706	7.05	-1.119940213	1000.565188	-238.1194113	259.7759598	996.7906603	-210.7958885	144.9451917	1017.883824	-410.7983875	-69.70411377	774.2055179	-260.7027859	60.96211875	532.8844758	-127.484889	-72.69854648	543.2794928	-146.1704491	-66.43785477	673.6836261	-212.1396437	15.28589682	765.7770178	-121.061826	308.4866605	808.0793468	-307.0993108	116.1215333	514.7199165	-309.6232343	244.9050428	497.8601542	-320.337052	273.1396499	654.3817573	-308.5097238	224.2523008	719.7073234	-187.5248758	-77.75559089	496.4369045	-138.7844894	-5.785536092	127.071357	-85.76631879	-84.95845615	102.7220389	-123.3659435	-31.44041956	446.9054435	-64.70362634	-96.96489375	412.9142664	-145.6997537	244.5166814	458.4663841	-327.5381029	93.65442735	90.20797549	-361.8325159	177.6956909	78.85018021	-402.5969227	192.4506375	414.9184947	-273.3805972	245.6603909	384.2780647	-336.3278137	-70.57886151	126.0591475	73.74196402	-30.5549374	39.55687255	-168.545372	-33.43640423	97.73889595	41.05530881	-139.0333206	91.31724543	17.1645561	-124.2520536	90.35587274	-23.90588027	-34.3340464	113.8739925	1.088367926	113.3868087	37.88461317	-459.1323187	179.7146654	36.91805019	-205.0956867	132.1352664	27.53343618	-243.7770424	236.5017391	26.12989729	-277.6985147	220.4127677	40.04064522	-312.7215494	123.8027083	40.55053637	-278.9463617
707	7.06	-0.8566632	1000.194601	-234.3431721	260.1134063	996.3804103	-207.9356777	144.6006597	1017.312945	-407.6196295	-69.54017075	774.0531011	-256.1531813	61.62332168	532.955771	-122.9332236	-72.16986999	543.2547914	-140.8166528	-66.14898591	673.588657	-207.4405159	16.23828388	765.8310492	-117.453783	308.5366834	807.6434734	-304.3733335	116.0784805	514.3908836	-307.2000109	244.8601817	497.4875618	-318.0559226	273.1005865	654.0288594	-305.9782208	224.3261786	719.2395077	-184.7296405	-77.14484664	496.2801199	-132.6237358	-5.420945405	128.2183439	-70.74769654	-85.27456787	102.6572389	-106.9630227	-30.190091	448.5076546	-57.63577027	-96.67434067	412.5936029	-137.2163731	244.5374394	457.9699025	-325.3207151	93.49817184	90.09322398	-361.6749827	177.5709711	78.88724143	-402.4850599	192.3719317	414.3800708	-271.3041098	245.5725273	383.9704358	-334.5593338	-68.33419062	130.7928399	89.30189397	-31.19663495	38.51481053	-151.1310971	-31.60892787	101.7217571	56.89977115	-137.3611852	94.8052807	34.34904231	-123.1762759	92.99069353	-6.781256768	-32.90554036	116.9885006	16.64819234	113.368484	38.02556781	-459.2040074	179.7138443	36.89482914	-205.1219403	132.210604	27.43418929	-243.9125129	236.4649048	26.02748304	-277.7986299	220.386006	40.05843135	-312.7179553	123.7808407	40.50470537	-278.8943479
708	7.07	-0.632567854	999.7461851	-230.573022	260.4097738	995.939768	-205.0319867	144.2472662	1016.691316	-404.3587528	-69.54315441	773.8129978	-251.7362019	62.28288485	532.8246065	-118.6335905	-71.62183234	543.1895089	-135.5988496	-65.91097601	673.3594351	-202.8555457	17.11554644	765.7272834	-113.826066	308.5531816	807.181713	-301.617337	116.0167162	514.0550616	-304.7377279	244.8050898	497.1129904	-315.7444203	272.9863196	653.656378	-303.4386765	224.3843904	718.7456147	-181.8937914	-76.43450016	496.0185247	-126.610442	-5.002981691	129.364587	-56.23845328	-85.49516119	102.7948693	-90.88533013	-28.91369724	450.0493945	-50.66977235	-96.34775849	412.2336589	-128.9285811	244.4284702	457.4910122	-323.0972878	93.3560404	89.96699043	-361.5153633	177.4024933	78.90783981	-402.41372	192.3158571	413.7551097	-269.3664176	245.5100862	383.6318022	-332.7659096	-65.80240694	135.4839459	104.4126235	-31.75199533	37.58084424	-133.9947046	-29.55261611	105.6946752	72.23364283	-135.4710075	98.25900552	51.12532888	-121.924927	95.67128601	9.997537321	-31.32422342	120.1411083	31.79432143	113.3356637	38.09137582	-459.2094457	179.7138885	36.87903861	-205.1331334	132.2517913	27.3952772	-243.9317639	236.4419111	25.89561873	-277.9304232	220.3682754	40.0650862	-312.7157749	123.7997182	40.45059043	-278.8604964
709	7.08	-0.450843127	999.2148504	-226.8154688	260.6637472	995.4808786	-202.0760921	143.8777709	1016.016857	-401.0159648	-69.62255299	773.4863804	-247.3870549	62.95823698	532.4298003	-114.679717	-71.11544556	543.0112591	-130.5197921	-65.72124503	672.9947366	-198.3954303	17.90994517	765.4596064	-110.1657472	308.5444423	806.7184948	-298.821103	115.9758729	513.6744418	-302.2561886	244.740103	496.730992	-313.3802149	272.940714	653.2203564	-300.7547559	224.4289536	718.2384343	-179.0186033	-75.77940959	495.6186547	-120.7833371	-4.539912662	130.5172064	-42.23198449	-85.62207071	103.1943538	-75.22672196	-27.61772808	451.4539208	-43.98612682	-96.04389505	411.8288265	-120.7978284	244.2930196	457.0737316	-320.9169866	93.22258613	89.83658724	-361.3586164	177.2141341	78.92165476	-402.3586893	192.2711739	413.0249418	-267.6028477	245.4294175	383.292523	-330.8579593	-63.00914177	140.1444428	119.046088	-32.34234183	36.82697785	-117.3257767	-27.2642722	109.6760687	87.04951477	-133.3979444	101.7088336	67.49048324	-120.5033495	98.39064624	26.36623973	-29.63704577	123.2661729	46.4187374	113.2735485	38.00416273	-459.0784493	179.7162696	36.87016416	-205.1286776	132.296748	27.41432469	-243.8809876	236.4284379	25.8463487	-277.9755909	220.362777	40.06867869	-312.711752	123.8030036	40.39617008	-278.8274586
710	7.09	-0.303899976	998.6163928	-223.0207681	260.8731478	995.0076036	-199.0557383	143.4702376	1015.310839	-397.6117796	-69.74880469	773.0470338	-243.1055092	63.67040293	531.8406622	-110.9585534	-70.64943596	542.6327647	-125.6118521	-65.57411886	672.5165077	-194.0503362	18.61999071	765.0621485	-106.4255688	308.5283319	806.265874	-295.9879061	115.9718898	513.2436971	-299.7475056	244.6710364	496.3334152	-310.9661596	273.0038817	652.7289445	-297.9256968	224.4636004	717.7224961	-176.1126395	-75.25711368	495.0628123	-115.1760408	-4.036417296	131.7294087	-28.66632497	-85.76018897	103.8278233	-60.03762193	-26.27893446	452.6189985	-37.81056516	-95.78921582	411.3961706	-112.8463772	244.2448836	456.7190776	-318.8058016	93.09593276	89.7110603	-361.2087199	177.0575148	78.94084159	-402.2831701	192.2213991	412.2819446	-265.816728	245.3422126	382.9585213	-328.8315322	-60.01356533	144.7990274	133.1502208	-33.05270409	36.29940954	-101.2506386	-24.78531816	113.6576506	101.2991972	-131.1921966	105.2482665	83.4495375	-118.9722384	101.1731658	42.26241819	-27.85586941	126.3422171	60.42051691	113.1903169	37.76687814	-458.8187284	179.720022	36.86349303	-205.1192553	132.3455616	27.46072856	-243.8018472	236.4223256	25.90475051	-277.9134064	220.3657772	40.07822929	-312.7074574	123.772428	40.34901379	-278.8070616
711	7.1	-0.18832614	997.9704195	-219.1528757	261.0308761	994.5216474	-195.9682707	143.0033785	1014.596709	-394.1633709	-69.87666081	772.5104095	-238.8434319	64.43595995	531.1400532	-107.3554255	-70.15757834	542.0389839	-120.894154	-65.44526947	671.9548217	-189.794932	19.24500939	764.5975927	-102.5395001	308.5150437	805.8165058	-293.1173841	115.9726044	512.8038205	-297.1884246	244.6049615	495.9146354	-308.5210825	273.0615337	652.2514914	-295.1017079	224.4964472	717.1906782	-173.182984	-74.7605095	494.3915834	-109.7662282	-3.482976226	132.9911113	-15.56700017	-85.94159391	104.6246625	-45.31735615	-24.88108023	453.543649	-32.12436924	-95.53164718	410.9523723	-105.1268601	244.2261254	456.4032454	-316.6853493	92.97634339	89.59101319	-361.0675287	176.954118	78.96913324	-402.180759	192.1560491	411.6034678	-263.8561011	245.2502121	382.6138955	-326.8985698	-56.90793761	149.4427797	146.6646067	-33.8469223	35.95715201	-85.76530648	-22.20610772	117.6209407	114.9566322	-128.9287077	108.9416765	98.95041142	-117.4158339	104.0819687	57.64001581	-25.99446941	129.3787553	73.77517002	113.1273395	37.53095283	-458.5694588	179.7230594	36.86355346	-205.1102933	132.3607005	27.48901701	-243.7056679	236.4205572	25.98316639	-277.8393594	220.3721792	40.093896	-312.7088325	123.7251015	40.3138962	-278.7944801
712	7.11	-0.121670293	997.2917716	-215.2130188	261.1308188	994.0213429	-192.8232206	142.4690126	1013.876758	-390.6669589	-69.91882903	771.9225757	-234.4913032	65.24948948	530.3585019	-103.848654	-69.61873246	541.321136	-116.3141202	-65.2985597	671.303594	-185.6124758	19.78062683	764.1153597	-98.48277836	308.4973533	805.3573603	-290.1997289	115.9397814	512.3856428	-294.5896075	244.5452241	495.4727907	-306.071015	273.0040499	651.8372999	-292.3991383	224.5365585	716.632717	-170.2249163	-74.15951632	493.6818385	-104.4876356	-2.891942808	134.2324246	-2.99768006	-86.03898213	105.5168259	-31.07910111	-23.45023959	454.2968289	-26.73114486	-95.20982689	410.4993386	-97.66295811	244.1370904	456.0734602	-314.4569396	92.86598063	89.47251642	-360.9316555	176.8851407	79.00064509	-402.0693215	192.0755986	410.9609055	-261.7864858	245.0542547	382.2884321	-325.3033554	-53.81569575	154.0204094	159.5467717	-34.62527854	35.73158772	-70.82806552	-19.65086842	121.5291803	128.0322556	-126.6866573	112.7565281	113.8650973	-115.8741078	107.0991874	72.44255712	-24.12696579	132.3694609	86.53854328	113.1149415	37.44630034	-458.4564502	179.7267276	36.873727	-205.1034417	132.3293894	27.47598817	-243.6114058	236.4219908	26.02029979	-277.8143913	220.3799637	40.110636	-312.7174095	123.6652484	40.28072841	-278.772179
713	7.12	-0.128321161	996.589479	-211.191706	261.1798969	993.499306	-189.6341425	141.8826407	1013.13385	-387.0974155	-69.87181891	771.3191196	-230.0690933	66.08644171	529.4907753	-100.4448535	-69.06198948	540.5633245	-111.8156162	-65.11063333	670.5545186	-181.4839816	20.22140485	763.59851	-94.35605994	308.456794	804.8810847	-287.2257546	115.8717254	511.9812195	-291.9846025	244.4856671	495.0152707	-303.6324882	272.8484372	651.4604669	-289.7811116	224.5869546	716.0407033	-167.229402	-73.42760528	492.9756251	-99.30207096	-2.306720974	135.3734728	9.004965704	-85.90062122	106.464872	-17.40176675	-22.03585047	454.9116842	-21.50870224	-94.80765493	410.0333013	-90.45043926	243.9974263	455.6627966	-312.1162499	92.77189508	89.35756048	-360.7928135	176.8268787	79.02175005	-401.9607432	191.9843309	410.2930075	-259.7365329	244.7156219	382.0302231	-323.9565612	-50.88572401	158.4403879	171.7838411	-35.27110565	35.57636422	-56.41803921	-17.242186	125.3083964	140.5321145	-124.5427352	116.55303	128.0325972	-114.3507056	110.0533276	86.56972253	-22.3497403	135.2734306	98.77415608	113.1342545	37.49271635	-458.453166	179.7342534	36.88516942	-205.1010378	132.2682102	27.43146691	-243.5568804	236.4312557	26.03123114	-277.8202258	220.3877576	40.12402064	-312.7266151	123.5835652	40.23304153	-278.7381474
714	7.13	-0.204390077	995.8541485	-207.0835527	261.1898628	992.9496411	-186.4105944	141.2578413	1012.362287	-383.4444309	-69.8691862	770.7241482	-225.8135046	66.92559428	528.5241153	-97.11768624	-68.49443127	539.7423986	-107.4201592	-64.88470354	669.748521	-177.370716	20.56590038	762.9769614	-90.32295855	308.372534	804.3931568	-284.2037152	115.7971128	511.5565081	-289.3890524	244.4109511	494.5552332	-301.2089232	272.6949951	651.0538348	-287.10667	224.6433471	715.4133887	-164.1964362	-72.61175327	492.2682175	-94.21979995	-1.748777865	136.3878569	20.45673473	-85.52593346	107.3793891	-4.387849676	-20.68642573	455.378318	-16.44993044	-94.34265466	409.5255246	-83.50901722	243.8482866	455.1548245	-309.7298266	92.69683352	89.24973885	-360.645779	176.7681351	79.01318324	-401.861029	191.8887757	409.5855852	-257.7475511	244.4149739	381.7862467	-322.5344236	-48.26717108	162.6183125	183.3836956	-35.6608311	35.4413984	-42.5213187	-15.07468641	128.8774182	152.4444067	-122.5773784	120.1362234	141.3148207	-112.892363	112.7964801	99.90909289	-20.72588444	138.0358678	110.4960218	113.1488318	37.56411367	-458.4716424	179.7462125	36.88555938	-205.1050413	132.2022656	27.37703295	-243.5558302	236.454534	26.04903294	-277.829866	220.3920764	40.13218017	-312.7260688	123.508552	40.17101404	-278.7103121
715	7.14	-0.310599977	995.0578548	-202.9223054	261.1617652	992.3729327	-183.1525053	140.5834597	1011.571798	-379.7263394	-70.02748404	770.1417141	-221.9091378	67.76163988	527.4670144	-93.79734385	-67.91168881	538.8441651	-103.1376563	-64.64719886	668.9401827	-173.2404948	20.81976079	762.2184565	-86.40934109	308.2255895	803.9074833	-281.1608181	115.7284424	511.0930243	-286.7817494	244.3061095	494.1048456	-298.7972907	272.6062561	650.5867994	-284.2840716	224.6984953	714.758463	-161.1360129	-71.78486503	491.5146014	-89.30678796	-1.178191571	137.3141788	31.41403785	-85.00810709	108.0705658	7.88431924	-19.44802388	455.6848783	-11.5680497	-93.84373115	408.9217549	-76.89646932	243.6685439	454.619891	-307.3854054	92.61688604	89.1411494	-360.4940286	176.7008486	78.96889985	-401.7775002	191.8057709	408.8702404	-255.7680867	244.325921	381.4514258	-320.8707592	-46.06368971	166.509926	194.352845	-35.72146312	35.28360837	-29.18212099	-13.20963802	132.1967098	163.7648127	-120.8507681	123.3733587	153.6413128	-111.562187	115.3283	112.3866498	-19.28617511	140.6231518	121.6824112	113.1466751	37.62168158	-458.4896279	179.7587709	36.87602792	-205.1112956	132.1608299	27.32970989	-243.573907	236.4848189	26.08096918	-277.836535	220.3948866	40.1362865	-312.7157487	123.4833582	40.10994436	-278.700517
716	7.15	-0.406348723	994.1784174	-198.7526073	261.0899562	991.7735085	-179.8460216	139.8444479	1010.757187	-375.9537649	-70.35111527	769.4905727	-218.2206963	68.58486984	526.3597199	-90.3920138	-67.33815941	537.875581	-98.95104411	-64.4285898	668.1008689	-169.1087475	20.99659489	761.3617036	-82.48377206	308.0027809	803.4338975	-278.1264696	115.6420588	510.6069056	-284.1290807	244.1644342	493.6731448	-296.3847533	272.5469056	650.0899478	-281.3766151	224.7441568	714.0866674	-158.0600277	-71.03395803	490.6039753	-84.70607377	-0.521674287	138.1982152	41.92568137	-84.33699142	108.4501428	19.39789274	-18.3637057	455.8293276	-6.856284139	-93.32630182	408.1875334	-70.65341281	243.4905494	454.1460375	-305.158061	92.48497174	89.01855215	-360.3518652	176.6184413	78.92933382	-401.7010293	191.7544594	408.1859861	-253.7203323	244.3667396	381.034207	-319.0358469	-44.3098493	170.1065258	204.6834469	-35.48479289	35.13324924	-16.57406706	-11.67638526	135.2688411	174.5021766	-119.3882444	126.2724053	165.0300984	-110.3797235	117.6689562	123.9777469	-18.0382796	143.0233409	132.3023185	113.1325825	37.68018207	-458.5158875	179.7643541	36.87344217	-205.1067741	132.1534645	27.29274616	-243.5764358	236.4993474	26.10401903	-277.8348316	220.410731	40.15031636	-312.7087962	123.4973604	40.05857127	-278.6958553
717	7.16	-0.483621763	993.2220715	-194.5813231	260.9760007	991.1570532	-176.4707734	139.0408966	1009.897018	-372.108642	-70.80345399	768.6276992	-214.4530089	69.36164953	525.2478112	-86.82485737	-66.8157949	536.7622466	-94.90033814	-64.2467574	667.1369958	-165.0099009	21.10742581	760.4465149	-78.43417189	307.7058049	802.970798	-275.1130585	115.5176004	510.1033105	-281.4347328	243.9845526	493.2603118	-293.960733	272.4460438	649.5921932	-278.5254663	224.7709032	713.4048692	-154.9745707	-70.40068073	489.444687	-80.49444537	0.265348984	139.0345735	51.98036942	-83.42052952	108.6609477	30.18631269	-17.46550637	455.8132719	-2.301406383	-92.77848977	407.3038238	-64.79753206	243.3841276	453.7710167	-303.0635784	92.28592012	88.88413733	-360.2310065	176.5276888	78.95832898	-401.6011079	191.7281044	407.5393746	-251.5776604	244.3292182	380.6462023	-317.1921842	-42.99095312	173.4097974	214.3570316	-34.99973296	35.03330294	-4.850274616	-10.47373984	138.0992258	184.6525972	-118.2038528	128.913585	175.5413026	-109.355387	119.7660288	134.6845204	-16.9719844	145.2195762	142.324148	113.1044109	37.72406454	-458.5121703	179.7576913	36.89094375	-205.0798868	132.1594561	27.25914854	-243.5642589	236.4879694	26.099503	-277.8202148	220.4523511	40.19721074	-312.7165347	123.5079286	40.01330131	-278.6802308
718	7.17	-0.582695589	992.2221621	-190.3354978	260.8316891	990.5263762	-173.0158883	138.1742135	1008.992039	-368.1737113	-71.31445996	767.5143517	-210.4590791	70.05326739	524.1532013	-83.06695072	-66.36423709	535.4483871	-91.02189582	-64.10972547	666.012233	-160.942841	21.14832455	759.4669752	-74.24830683	307.3523897	802.509868	-272.1072198	115.3583172	509.5733068	-278.7269424	243.7689422	492.8490994	-291.5350217	272.2756259	649.0859171	-275.7776085	224.7685245	712.7124044	-151.8791546	-69.85133329	488.087344	-76.52852506	1.164443005	139.7660543	61.50330468	-82.23996742	108.8374555	40.22936558	-16.76444759	455.6395633	2.113476433	-92.18580492	406.2339989	-59.36310068	243.3063837	453.4871824	-301.0377488	92.07556913	88.75368034	-360.1068597	176.4295975	79.06319909	-401.4708138	191.6731738	406.880607	-249.4068035	244.1365452	380.3406731	-315.4148783	-42.07639816	176.4112625	223.3540777	-34.23023955	34.92250705	6.031889814	-9.573161716	140.6721301	194.1830223	-117.3055183	131.3122248	185.1856591	-108.4955302	121.5514007	144.5097835	-16.07472453	147.1878593	151.7228661	113.0590816	37.73099265	-458.4433119	179.7445552	36.91459909	-205.0386648	132.1579736	27.2234958	-243.551407	236.467545	26.08119229	-277.8029427	220.505155	40.27266503	-312.7342459	123.4983821	39.96680219	-278.6537436
719	7.18	-0.76128947	991.2085796	-185.8962636	260.666995	989.8734204	-169.4830858	137.2354363	1008.082758	-364.1547523	-71.76570348	766.2690068	-206.2705283	70.64560938	523.0798478	-79.12698846	-65.94960423	533.9957334	-87.27813172	-64.02012325	664.7700069	-156.8806025	21.10992329	758.3972217	-69.97977646	306.9577727	802.0417391	-269.0761868	115.1627639	509.0403095	-276.0055756	243.5285515	492.4159516	-289.1200945	272.0298158	648.582263	-273.0454041	224.7300166	711.9998055	-148.7676643	-69.35548827	486.6497469	-72.60190623	2.127369387	140.330215	70.41312427	-80.92113297	108.9556351	49.44471679	-16.24661058	455.3116425	6.417680638	-91.55276853	404.9415057	-54.382073	243.1551592	453.2200001	-298.9584372	91.92449606	88.63626362	-359.9320696	176.3123095	79.18902873	-401.3367093	191.5213917	406.1412316	-247.3248465	243.8753086	380.0549315	-313.6222601	-41.53862302	179.0750725	231.6655505	-33.12088303	34.69506118	16.17984592	-8.940125596	142.9518334	203.0499311	-116.6795493	133.3997982	193.9254215	-107.7802993	122.9686618	153.4504794	-15.33612782	148.9070094	160.4889399	113.0074373	37.73076324	-458.3479905	179.7379026	36.91201755	-205.0080055	132.1523733	27.18509841	-243.5348694	236.4528599	26.07045704	-277.7957496	220.5366367	40.33802897	-312.7443348	123.4793636	39.91109347	-278.6222842
720	7.19	-1.029873475	990.1803913	-181.2303166	260.4788036	989.1840389	-165.8719317	136.2201616	1007.215151	-360.0518627	-72.1037919	765.0232945	-201.9549075	71.15831568	522.028394	-75.02065647	-65.52668555	532.4887672	-83.61276046	-63.98764998	663.4702454	-152.8035551	20.99653284	757.2277471	-65.72638674	306.5226965	801.5539539	-265.9866604	114.9230043	508.5309065	-273.2562734	243.2745763	491.9571256	-286.7110265	271.6989187	648.114247	-270.2450284	224.6601691	711.2508093	-145.6243112	-68.92186424	485.180858	-68.66230532	3.13310787	140.6969192	78.67969181	-79.65331771	108.9363536	57.81111156	-15.87957065	454.8359219	10.64539413	-90.8914353	403.4506808	-49.8049567	242.9273251	452.8514294	-296.7493088	91.83780292	88.52925861	-359.7001192	176.1887237	79.29492089	-401.2077168	191.2693654	405.3326824	-245.3692668	243.6255722	379.7114985	-311.7576985	-41.34864009	181.3270686	239.2956696	-31.68035964	34.30577097	25.60163295	-8.554918273	144.8784264	211.2294047	-116.2815945	135.0911951	201.7522492	-107.1736258	123.9834397	161.5014361	-14.74007712	150.3429069	168.6215351	112.9623925	37.7603269	-458.2772385	179.7423886	36.8698567	-205.0005189	132.1657626	27.14962665	-243.4824128	236.4438167	26.07221061	-277.7950474	220.5362313	40.36562121	-312.7382644	123.4648976	39.83917597	-278.588511
721	7.2	-1.354742792	989.124604	-176.4117586	260.2585325	988.4531108	-162.1713052	135.1375067	1006.411245	-355.8449278	-72.39737336	763.8115261	-197.5541602	71.62977952	520.997208	-70.78937503	-65.10097818	530.956006	-79.99421256	-64.02157206	662.149065	-148.7120935	20.81699313	755.9797395	-61.56988162	306.0417299	801.0426601	-262.8298543	114.6540335	508.0229688	-270.4918497	243.0047098	491.4889857	-284.3026223	271.2877353	647.6782954	-267.4101147	224.57254	710.4520152	-142.427262	-68.53628448	483.6740102	-64.78770852	4.187098505	140.8558946	86.31268354	-78.45699111	108.6603524	65.39247286	-15.62578679	454.224184	14.81886556	-90.20552222	401.8856438	-45.46224398	242.6904199	452.3780269	-294.4776991	91.77031847	88.42944232	-359.4487533	176.0850171	79.38701691	-401.0720663	190.9913979	404.5451272	-243.4547569	243.3942329	379.3064741	-309.8852312	-41.45528554	183.0759137	246.2563176	-29.97108565	33.75920959	34.24059194	-8.392019416	146.3801322	218.7305685	-116.0500972	136.3145819	208.7067199	-106.6196419	124.6193317	168.6714519	-14.26132939	151.4329201	176.1114484	112.9241612	37.81821422	-458.2326589	179.7532722	36.80481009	-205.0005523	132.2147063	27.12618496	-243.3627386	236.4479342	26.08405934	-277.7884319	220.5228107	40.36159254	-312.7230158	123.4586592	39.75327289	-278.5535834
722	7.21	-1.717104146	988.0471097	-171.5064419	260.0039355	987.6884454	-158.3708527	134.004498	1005.67989	-351.5222512	-72.73287696	762.5910467	-193.1142079	72.08889083	519.9856523	-66.51615255	-64.69608773	529.3976217	-76.40194999	-64.07879912	660.8036139	-144.628155	20.55650321	754.6964449	-57.46496333	305.5114535	800.5277017	-259.6209818	114.3861006	507.4804836	-267.7362347	242.7143162	491.0288375	-281.9078595	270.8136861	647.2497574	-264.6109904	224.4732965	709.6048503	-139.1679122	-68.13053422	482.1198598	-61.05995012	5.283005889	140.78841	93.30936886	-77.17365928	108.0399973	72.23316606	-15.44867939	453.4847376	18.93804183	-89.49321134	400.3595787	-41.21438874	242.4630799	451.9160457	-292.2583702	91.69306435	88.34209345	-359.2061778	176.0013767	79.49218189	-400.9270836	190.7587168	403.8214182	-241.4995832	243.1770675	378.9062307	-308.0629507	-41.77491382	184.2570076	252.5683616	-28.07604714	33.06872738	42.04229739	-8.392733214	147.4021727	225.5763224	-115.9353925	137.0237798	214.844859	-106.063017	124.9079207	175.0040401	-13.86285124	152.1093445	182.945496	112.8867105	37.89610292	-458.195328	179.7754614	36.73340982	-204.9809627	132.2796154	27.10968059	-243.2119662	236.4812564	26.10358607	-277.7634561	220.5170355	40.34542265	-312.7031517	123.456819	39.66939805	-278.5176344
723	7.22	-2.127413607	986.968396	-166.5220403	259.7107343	986.9040756	-154.4707519	132.8449136	1005.02205	-347.0859943	-73.15117684	761.2811767	-188.7092065	72.54353291	518.9939057	-62.28113668	-64.30851643	527.8186552	-72.81408853	-64.06314351	659.4033338	-140.5868829	20.18481011	753.4161354	-53.26944156	304.9348153	800.0406956	-256.3738608	114.1260584	506.9101646	-264.9909286	242.413235	490.5902461	-279.5409875	270.3075224	646.8296213	-261.8376147	224.3569315	708.7279059	-135.8612872	-67.65303413	480.5228333	-57.4741144	6.40229209	140.477939	99.65389533	-75.72715289	107.1295346	78.31041016	-15.30273476	452.614276	22.98323695	-88.76103706	398.8508423	-37.0930333	242.2239228	451.500281	-290.087914	91.60934329	88.277816	-358.9708254	175.9245185	79.63143701	-400.7745778	190.5842787	403.1331648	-239.5058511	242.9593567	378.5870269	-306.2877298	-42.19638562	184.8497084	258.2605668	-26.07208737	32.23322117	48.97820651	-8.462575167	147.9038441	231.7648911	-115.8904801	137.2158094	220.2244466	-105.4831502	124.8280177	180.566955	-13.49022419	152.3393306	189.1239908	112.8481011	37.99470486	-458.1514921	179.8222777	36.65816042	-204.9264152	132.3136394	27.07909144	-243.1276344	236.5550175	26.13317981	-277.7001661	220.5232296	40.33103183	-312.676638	123.4583772	39.60664372	-278.4813911
724	7.23	-2.59988284	985.9057989	-161.4470777	259.3625657	986.1114605	-150.4758946	131.6711732	1004.427675	-342.5358129	-73.66067591	759.8373459	-184.3856297	72.98265405	518.0183285	-58.12107171	-63.933385	526.230382	-69.21529674	-63.92912178	657.9312399	-136.6128207	19.69387919	752.1532024	-48.91092501	304.323216	799.5978613	-253.0872127	113.8578648	506.3454189	-262.2401584	242.1106821	490.1857593	-277.1926866	269.7878752	646.4419969	-259.0555226	224.2185828	707.8467764	-132.5257082	-67.13655624	478.9313786	-53.94993051	7.540821208	139.9123604	105.3316326	-74.20825478	105.9900221	83.59574235	-15.13115933	451.600294	26.92892433	-88.0295739	397.2957991	-33.17115991	241.9730659	451.093755	-287.8910028	91.53001432	88.24187372	-358.7295045	175.8494515	79.80770373	-400.6158515	190.4340548	402.4637147	-237.5101195	242.7189537	378.3530122	-304.5426512	-42.58367221	184.8603761	263.3567049	-24.02767015	31.2239554	55.04605464	-8.479945754	147.8421448	237.2621266	-115.8317903	136.9189431	224.9148803	-104.8719476	124.3388697	185.4266146	-13.0733301	152.1237841	194.6530081	112.8114706	38.10856685	-458.0937188	179.8784516	36.58260583	-204.8598032	132.2939474	27.02607476	-243.1593371	236.6799044	26.19200894	-277.581782	220.531842	40.32384337	-312.6451931	123.467415	39.57227491	-278.4480545
725	7.24	-3.136101677	984.8691954	-156.2762586	258.941595	985.3135294	-146.3868911	130.4670986	1003.891429	-337.8699926	-74.20625592	758.3713377	-180.0722265	73.38257968	517.0482344	-54.03785486	-63.58529391	524.6445717	-65.60867214	-63.76705371	656.4272142	-132.6796485	19.10691038	750.8976999	-44.42743374	303.6849004	799.18712	-249.7471631	113.5734127	505.797973	-259.4736982	241.7965653	489.8215273	-274.8405516	269.2407244	646.0940132	-256.2644961	224.0617765	706.9700609	-129.161908	-66.63819803	477.4034529	-50.40962608	8.707745553	139.041209	110.2942665	-72.72908897	104.6199575	88.1291896	-14.88830817	450.4267517	30.75441839	-87.32893173	395.6937928	-29.436384	241.7183672	450.7279277	-285.6690423	91.45797754	88.22973207	-358.4776295	175.7762325	80.00534695	-400.4568843	190.2704141	401.8209593	-235.5340153	242.4630091	378.1191787	-302.8472137	-42.79215353	184.2999675	267.8706738	-22.02172721	30.01818188	60.24684173	-8.330588522	147.1983369	242.0525207	-115.6430662	136.1480201	228.9991653	-104.1964263	123.417501	189.643157	-12.54450052	151.4600736	199.5264615	112.7796675	38.22823466	-458.025206	179.8978867	36.51284327	-204.8399742	132.2499617	26.96654061	-243.2483465	236.8337186	26.28628508	-277.4444536	220.5350711	40.32532893	-312.6120367	123.4891858	39.56076249	-278.4164373
726	7.25	-3.73057379	983.864862	-151.0017531	258.4436868	984.5076196	-142.1966043	129.2144918	1003.415832	-333.0872435	-74.68273811	757.0652211	-175.6462747	73.73099815	516.0556878	-50.04110072	-63.27420804	523.0692422	-62.00722719	-63.7130966	654.9702632	-128.7159121	18.46219883	749.6182901	-39.87760199	303.0114184	798.782364	-246.3463608	113.2690691	505.2511445	-256.7002606	241.4527888	489.4847979	-272.4778216	268.6714714	645.7521689	-253.4400327	223.887484	706.0753263	-125.7669157	-66.18015533	475.9101872	-46.81208794	9.921427866	137.7901003	114.475453	-71.31609459	103.0769722	92.02375667	-14.56156049	449.0818314	34.44409735	-86.67854838	394.0545531	-25.85268318	241.4368173	450.4357407	-283.4861877	91.38818825	88.23082073	-358.2233841	175.703805	80.20737652	-400.3003325	190.0848172	401.200896	-233.5786181	242.2083751	377.806703	-301.2332731	-42.7090508	183.1699079	271.8228509	-20.13758406	28.64250341	64.57011252	-7.948968399	146.025728	246.1986602	-115.2310054	134.88239	232.5581938	-103.4076791	122.0525506	193.2743398	-11.86077037	150.332916	203.7415295	112.7504102	38.35076763	-457.9584313	179.8677557	36.45689714	-204.8761653	132.2262356	26.91700662	-243.3040361	236.92975	26.36132871	-277.3797265	220.5369848	40.332251	-312.577715	123.5238102	39.56075668	-278.3789379
727	7.26	-4.387468389	982.8987689	-145.6055367	257.8813721	983.6896047	-137.8959409	127.9134652	1002.998737	-328.1869802	-75.05565521	755.9277664	-171.0961542	74.03413571	514.9960506	-46.17416905	-62.99487007	521.4931004	-58.42679399	-63.79787423	653.6022415	-124.6780255	17.80077776	748.2755817	-35.29390728	302.2853783	798.3602996	-242.8929812	112.9265052	504.6876157	-253.9468765	241.065319	489.1500156	-270.1204725	268.11017	645.3724674	-250.5405873	223.681703	705.1269875	-122.360485	-65.79587229	474.346265	-43.19167366	11.20305263	136.170235	117.9029653	-69.93770421	101.4188564	95.36503123	-14.17111967	447.5634208	37.98482143	-86.06687356	392.3543019	-22.41423441	241.0968956	450.1737849	-281.3639113	91.31408234	88.23307018	-357.976072	175.6352261	80.41504111	-400.1380109	189.8776286	400.5857193	-231.6376463	241.9375336	377.4710241	-299.6361835	-42.28624447	181.4637638	275.2510593	-18.413423	27.12359199	68.01639327	-7.322648375	144.3877733	249.7814054	-114.5659018	133.0931208	235.6442223	-102.4753515	120.2409165	196.3718858	-11.01180485	148.7356521	207.3203326	112.7168025	38.47639331	-457.9048377	179.8307435	36.42395728	-204.8955653	132.2327362	26.87759187	-243.299951	236.9092857	26.35435377	-277.4234147	220.5433304	40.33430926	-312.5450697	123.562034	39.55834029	-278.333918
728	7.27	-5.112735233	981.9719895	-140.0624318	257.2740356	982.8507037	-133.4852434	126.5621125	1002.631976	-323.1712528	-75.39957585	754.8210695	-166.4911004	74.29116305	513.8337735	-42.48307434	-62.75304268	519.8748433	-54.90033009	-63.96925745	652.2953145	-120.5820006	17.15801191	746.8436249	-30.69007327	301.5009011	797.9075536	-239.3867789	112.5248674	504.109337	-251.2407396	240.6229544	488.802784	-267.7917865	267.5664396	644.9361683	-247.5591137	223.4181622	704.1103603	-118.9659854	-65.52439462	472.6482221	-39.65431687	12.52975885	134.3088399	120.7211576	-68.5634346	99.57228053	98.12445751	-13.7546376	445.8758672	41.3658081	-85.48238681	390.5754857	-19.13703611	240.7041432	449.8887364	-279.2638575	91.2352654	88.22931091	-357.7369657	175.5843056	80.64447658	-399.9602674	189.62879	399.9639715	-229.7057262	241.612695	377.2565615	-297.9448202	-41.54787758	179.1756583	278.1819269	-16.80817757	25.42373482	70.61246977	-6.472694619	142.2530494	252.7837129	-113.6697341	130.7652868	238.254435	-101.4044053	117.9873304	198.9563821	-10.0167907	146.6729897	210.2847316	112.6727022	38.60140593	-457.8660074	179.8226764	36.40263288	-204.8546234	132.2522546	26.84125658	-243.2672484	236.8376847	26.2904326	-277.4987748	220.5533333	40.32720288	-312.5152834	123.5913564	39.54483494	-278.2884895
729	7.28	-5.892315443	981.0740121	-134.3497575	256.6314596	981.981499	-128.9735585	125.1518342	1002.298424	-318.0301059	-75.79777167	753.6774575	-161.8411922	74.48541534	512.5663046	-38.97201987	-62.56773732	518.1650414	-51.47080455	-64.19515858	650.9835157	-116.4643075	16.55868227	745.3133516	-26.07354867	300.6682509	797.4296114	-235.809174	112.0590679	503.5320832	-248.5876787	240.1242806	488.4487272	-265.4961914	267.0169221	644.4664257	-244.5243614	223.0696309	703.0441203	-115.5868833	-65.34491406	470.8592674	-36.26754451	13.84260184	132.2794739	122.9987824	-67.18168961	97.43480489	100.2104192	-13.34518431	444.0216817	44.58049371	-84.9454777	388.7342859	-16.04515931	240.2692444	449.5821682	-277.1611835	91.15742944	88.22622934	-357.4999247	175.5633678	80.90923334	-399.7692864	189.3179085	399.341439	-227.7796282	241.2360716	377.1721471	-296.1885154	-40.5721422	176.2994405	280.5826411	-15.24480549	23.47772503	72.3701899	-5.43827955	139.5556706	255.1167908	-112.5849369	127.8923799	240.3188487	-100.2266694	115.2876574	200.9751315	-8.910670757	144.1369192	212.6013674	112.6218325	38.72449857	-457.833068	179.8373788	36.36535465	-204.7900735	132.2812997	26.81071228	-243.2281999	236.8182521	26.24613715	-277.5268512	220.5668667	40.32084975	-312.4780102	123.6092649	39.52692518	-278.2472366
730	7.29	-6.705555313	980.1875588	-128.4622915	255.9458251	981.0858103	-124.3640871	123.6829476	1001.980727	-312.7362184	-76.28951691	752.5200021	-157.0974769	74.60531036	511.2120692	-35.6080223	-62.43575339	516.3547886	-48.13698764	-64.47266849	649.6012452	-112.3480634	16.01426061	743.6793272	-21.44625418	299.7890427	796.955094	-232.1554357	111.5379942	502.9691211	-245.9638505	239.5806711	488.1172055	-263.2147904	266.4119384	644.0187845	-241.4892814	222.6309892	701.9485802	-112.2478218	-65.1897974	469.0507723	-33.00554897	15.12312433	129.9907033	124.6040599	-65.79705231	95.00123267	101.544267	-12.95518491	441.9895439	47.62873785	-84.46787697	386.8397362	-13.16312441	239.7775821	449.309261	-275.0806678	91.08777736	88.24406246	-357.2535817	175.5598213	81.21154315	-399.5756971	188.9633241	398.7407658	-225.86388	240.8485983	377.0890868	-294.4617581	-39.45048519	172.8391608	282.3607739	-13.70438667	21.26001759	73.26826963	-4.260308534	136.2952862	256.7209261	-111.3625588	124.5098901	241.7433054	-98.98867149	112.1658297	202.3317531	-7.721267694	141.101648	214.1855293	112.5844939	38.86483892	-457.7962671	179.8551871	36.30462563	-204.7417286	132.3387675	26.8048104	-243.1698646	236.853244	26.23390377	-277.5134438	220.5869626	40.32506689	-312.4199893	123.626763	39.52335545	-278.2091948
731	7.3	-7.54692602	979.2967796	-122.4133968	255.2043789	980.1810617	-119.6485824	122.1576604	1001.681631	-307.2716499	-76.88151889	751.3741673	-152.2134344	74.66132645	509.7775083	-32.35653593	-62.33594737	514.5111138	-44.81645026	-64.7999448	648.1387982	-108.2151958	15.52538936	741.9291195	-16.79933514	298.8384024	796.525485	-228.4515127	110.976825	502.4283676	-243.3308163	239.0011698	487.8495292	-260.9407568	265.7199663	643.6414807	-238.4782187	222.1280283	700.8378671	-108.9616281	-64.99245195	467.2112196	-29.81384154	16.38415615	127.3625205	125.4147767	-64.45137964	92.34345643	102.1245607	-12.57536535	439.7546484	50.51363799	-84.02540057	384.8620516	-10.51552621	239.2515631	449.1308781	-273.0376778	91.0332537	88.30405468	-356.9830864	175.544217	81.54607116	-399.381813	188.6169616	398.1924382	-223.98127	240.456738	376.99394	-292.7394216	-38.2566541	168.9006585	283.4776529	-12.32165926	18.85711368	73.39057279	-2.976745798	132.5696504	257.662255	-110.0699546	120.8100674	242.57024	-97.76081245	108.8026538	203.0647657	-6.473902388	137.6211343	215.0621644	112.5820008	39.06340801	-457.7650717	179.8707753	36.2357809	-204.7088339	132.4251195	26.83405759	-243.088255	236.8686442	26.20499339	-277.5005233	220.6120959	40.33430837	-312.3487564	123.6553803	39.55318948	-278.1708664
732	7.31	-8.417777217	978.392743	-116.2230444	254.4076887	979.2833675	-114.8178752	120.5624996	1001.414205	-301.6535344	-77.5443949	750.2596314	-147.1549979	74.67978324	508.2451107	-29.21024234	-62.2721739	512.70884	-41.43460972	-65.17710933	646.6756739	-103.9916295	15.09053423	740.0445089	-12.12082101	297.7903986	796.1690916	-224.7180185	110.3829883	501.9209889	-240.6735619	238.3845573	487.663898	-258.6935879	264.9406354	643.3566487	-235.473928	221.588068	699.7429767	-105.6527558	-64.74256863	465.2519593	-26.72737895	17.57009167	124.5393122	125.6598191	-63.27563063	89.59349283	102.2165976	-12.18972852	437.3400171	53.23469204	-83.59869367	382.7809135	-8.101454161	238.7488189	449.0655833	-271.0157841	90.9990851	88.41559104	-356.6766943	175.505904	81.91084235	-399.183415	188.3085418	397.7125726	-222.1762384	240.0120269	376.9930051	-291.0021786	-37.04566051	164.8484395	284.1613916	-11.35810594	16.54780534	73.14361505	-1.668335698	128.6834584	258.2680134	-108.8102943	117.1973761	243.1593034	-96.63726554	105.5725935	203.540499	-5.243875731	133.991881	215.5909404	112.5980981	39.33635226	-457.7618871	179.8939608	36.17105985	-204.6760626	132.4873003	26.86358323	-243.0327753	236.8403019	26.1456347	-277.5018363	220.6370249	40.32944088	-312.2921722	123.698737	39.62499205	-278.1256278
733	7.32	-9.310851187	977.4789542	-109.917478	253.5698402	978.3931279	-109.8743767	118.8691611	1001.190868	-295.9320978	-78.25542407	749.1772503	-141.9174555	74.66724131	506.5791587	-26.222686	-62.2851997	510.9422841	-38.06924908	-65.61452386	645.2732841	-99.63218636	14.71156617	738.0135565	-7.414615857	296.6444477	795.8829735	-220.9491297	109.7501148	501.4543901	-238.0110758	237.7293305	487.5551218	-256.4903921	264.0611513	643.1566944	-232.4884491	221.0201052	698.6819704	-102.2482007	-64.52860498	463.146733	-23.8743093	18.52206247	121.8714424	126.0418016	-62.44708357	86.98477785	102.5012005	-11.83167775	434.9197757	55.80563665	-83.22859371	380.6596584	-5.833207445	238.2503834	449.0769925	-269.0226753	90.99000575	88.57609981	-356.3343975	175.4596609	82.32288122	-398.9870829	188.0112292	397.2887244	-220.4764181	239.4881937	377.1099692	-289.3443564	-35.8616375	161.1947296	285.0276758	-10.94680743	14.74586977	73.17056926	-0.507294941	125.1131842	259.1289826	-107.7298681	114.0222236	244.106921	-95.69627364	102.75692	204.3801349	-4.185085417	130.6678153	216.4380942	112.5804877	39.64705555	-457.7730954	179.9339953	36.10936054	-204.6376904	132.4769868	26.84723052	-243.0347858	236.8154995	26.08781683	-277.5028255	220.6624612	40.29841738	-312.2608919	123.7604908	39.73156631	-278.0693085
734	7.33	-10.20702413	976.5706344	-103.5345098	252.7091263	977.4988351	-104.8347594	117.0592533	1001.030148	-290.158507	-79.04496056	748.1012942	-136.5442697	74.55575066	504.7398474	-23.53214202	-62.44703653	509.1934286	-34.92565866	-66.12688976	643.8816389	-95.21384217	14.39431753	735.8419522	-2.70774313	295.4236431	795.6410341	-217.1265068	109.0831317	501.0150629	-235.3602924	237.0352538	487.5248824	-254.3314518	263.0806016	643.0096268	-229.5507948	220.4224569	697.6366932	-98.76116404	-64.48309287	461.1030118	-21.22459188	19.09629319	119.6747298	127.3383735	-62.02551241	84.83939704	103.7368429	-11.63975801	432.7994942	58.3185126	-83.05467636	378.6667003	-3.498387495	237.6611506	449.1151324	-267.0908679	91.01236955	88.78418831	-355.9675328	175.4222692	82.81729435	-398.8042714	187.6812863	396.9052397	-218.8264136	238.9290836	377.2981224	-287.8047353	-34.78030194	158.0599439	286.8202036	-10.90604865	13.7571605	73.85554939	0.311681962	122.0499115	260.7992657	-106.9646965	111.179624	245.8621929	-94.98678413	100.2282904	206.0624526	-3.443263945	127.8293316	218.1896105	112.511932	39.98022246	-457.7481944	179.9870817	36.04307324	-204.5948161	132.4386736	26.81241234	-243.0130238	236.8300017	26.04960211	-277.4901177	220.6934328	40.25335854	-312.2297	123.8596062	39.8627818	-278.0132848
735	7.34	-11.08682877	975.6939248	-97.11777196	251.8346624	976.6060086	-99.71719891	115.1543534	1000.942424	-284.3472097	-79.95308671	747.0451802	-131.1018459	74.19756819	502.7471617	-21.2794947	-62.847004	507.5262327	-32.09239599	-66.72362628	642.4664043	-90.85357985	14.14068383	733.5630295	1.979495345	294.1588293	795.4221258	-213.2272707	108.3995591	500.5856866	-232.7181093	236.2970219	487.5835372	-252.2042894	262.0448003	642.9016316	-226.6268222	219.7890308	696.5914274	-95.22232565	-64.77932953	459.4783506	-18.4504496	19.30234991	117.9921964	129.7103635	-61.91271276	83.35488394	106.0803799	-11.76453057	431.1991446	60.98883352	-83.25463414	377.0101381	-0.815986393	236.9455263	449.1879584	-265.220197	91.07153808	89.04506944	-355.5910901	175.397312	83.40770603	-398.6346512	187.3135776	396.5806661	-217.1171921	238.3848838	377.5514171	-286.3085944	-33.96636727	154.9261318	289.8109476	-10.9403864	13.56306458	75.02502183	0.730308735	119.0991716	263.3881254	-106.570588	108.2133202	248.3914018	-94.54804826	97.66910883	208.5455644	-3.038414199	125.1852369	220.9447505	112.4405985	40.38348946	-457.6525695	180.0423673	35.96833062	-204.5477979	132.4668291	26.84105469	-242.8689323	236.8724752	26.01961158	-277.4670993	220.7328013	40.21234611	-312.1748822	124.0402926	40.02294625	-277.9937413
736	7.35	-11.95321408	974.8949317	-90.70853011	250.9295152	975.7466238	-94.53000242	113.2128486	1000.926065	-278.4837684	-80.98250151	746.0817176	-125.6499875	73.46208085	500.7890078	-19.3832002	-63.53512751	506.0973424	-29.27192016	-67.41334724	641.1283735	-86.54992149	13.93120665	731.2615532	6.677801835	292.855195	795.2412906	-209.2526919	107.6922478	500.1804871	-230.0682262	235.5153456	487.729338	-250.0823026	260.9972698	642.8519694	-223.638013	219.1090064	695.5613338	-91.63200849	-65.5994779	458.4707926	-15.17389468	19.2689981	116.6510584	132.6248791	-62.00494266	82.38353526	108.9577072	-12.17197092	430.0890907	64.06958299	-83.87436051	375.8324335	2.437725755	236.1649514	449.3500437	-263.3677087	91.17455653	89.3662603	-355.2153016	175.3782355	84.06105762	-398.468446	186.9263389	396.3437641	-215.3434969	237.8532439	377.8958965	-284.7879306	-33.57096706	151.1909845	293.556201	-10.92248635	13.87483871	76.25279381	0.862728606	115.6879943	266.5033853	-106.5173592	104.8375018	251.2643295	-94.38733979	94.9677726	211.353614	-2.887188751	122.3396111	224.3273666	112.4174076	40.89142296	-457.4837445	180.0967313	35.88937164	-204.5006308	132.588464	26.96282401	-242.6497343	236.9215457	25.9766481	-277.449806	220.7833364	40.16993005	-312.1085217	124.331872	40.21947687	-278.0506847
737	7.36	-12.84314727	974.2401956	-84.34061428	249.9575916	974.9445246	-89.279553	111.2879123	1000.995515	-272.5721471	-82.10825933	745.2804782	-120.2280214	72.35563995	499.2201615	-17.40671976	-64.47923658	505.1194399	-25.86170139	-68.22799412	640.0265419	-82.14706432	13.7121462	729.0945462	11.45627303	291.4807772	795.13904	-205.2483608	106.9436073	499.8284677	-227.3758783	234.7066125	487.9444181	-247.9269588	259.9424631	642.8712409	-220.5510846	218.367716	694.5776521	-87.98105773	-66.8739801	458.036338	-11.23224263	19.11729496	115.5055258	135.5242897	-62.28153866	81.61758965	111.725551	-12.63732858	429.3073847	67.67695716	-84.77415057	375.1549306	6.333103384	235.3881333	449.6245541	-261.4803503	91.33908116	89.76204125	-354.836575	175.3713439	84.74370207	-398.2937561	186.5211836	396.1824302	-213.5999732	237.3154754	378.3442025	-283.2282413	-33.54797321	146.7358587	297.4567427	-10.87969802	14.40648265	77.29699866	0.841105523	111.6072284	269.6905586	-106.705103	101.1177379	254.0963556	-94.44861115	92.1633452	214.0625449	-2.906276165	119.1634091	227.9041788	112.4594564	41.51034336	-457.276102	180.1563952	35.81451803	-204.4607248	132.7479898	27.13743266	-242.4952737	236.9750526	25.90710098	-277.4496031	220.8525402	40.10896918	-312.0545093	124.6560988	40.44651101	-278.1357116
738	7.37	-13.81340021	973.7950128	-78.03422318	248.8864834	974.1976663	-83.97844357	109.3983731	1001.180886	-266.6501379	-83.30298652	744.6832001	-114.8353997	71.03345925	498.3315772	-14.80699465	-65.61675755	504.6988967	-21.47983338	-69.23091068	639.2782459	-77.43662071	13.4045051	727.2714698	16.36054374	290.024396	795.1174492	-201.2324554	106.1724572	499.5298578	-224.5973403	233.8953849	488.211927	-245.701355	258.868979	642.9461741	-217.3886896	217.5557611	693.6625095	-84.27275266	-68.34465485	458.0325043	-6.716018321	18.91981606	114.5137317	138.274176	-62.73688298	80.9387592	114.2075708	-12.9708131	428.7566295	71.73703536	-85.77658754	374.8934804	10.78769721	234.6420319	449.9944152	-259.521054	91.58931915	90.25236922	-354.4343694	175.4206381	85.4745883	-398.0925925	186.1125978	396.0730577	-211.8465561	236.7947932	378.8826773	-281.6527502	-33.70946967	141.848517	301.3037422	-10.8425087	15.04155831	78.17842561	0.697210367	107.0933528	272.8021632	-106.9784661	97.26059381	256.8045948	-94.6398064	89.30324573	216.5815839	-3.035261185	115.7729288	231.4713223	112.5764849	42.27506128	-457.087115	180.2261206	35.74799163	-204.4303887	132.8806655	27.318163	-242.4506049	237.0455008	25.81588955	-277.458992	220.9585422	40.03195604	-312.0101331	124.8621775	40.7010811	-278.0889994
739	7.38	-14.91677227	973.6047249	-71.79643248	247.6931078	973.5046117	-78.63879705	107.5411436	1001.493269	-260.7545882	-84.55192006	744.36936	-109.3923063	69.68233041	498.0923456	-11.35832242	-66.89134483	504.7047867	-16.30402525	-70.46754391	638.9547242	-72.2858932	12.93478511	725.9918239	21.39777887	288.5417933	795.1233015	-197.1378435	105.4273858	499.2585753	-221.7043063	233.1093218	488.5318597	-243.3955797	257.7781703	643.0679019	-214.1697245	216.6758358	692.8312986	-80.52279655	-69.90173208	458.2865563	-1.823788205	18.72798535	113.645665	140.972095	-63.25678478	80.38257492	116.5406896	-13.17137872	428.4028491	76.1152599	-86.78960986	374.9078735	15.64342978	233.9370647	450.4379377	-257.4763913	91.94076936	90.84752656	-353.9818983	175.5796822	86.30313759	-397.8433467	185.7577672	396.0281327	-209.9232466	236.3504731	379.4945525	-280.1004299	-33.89983923	136.8693054	305.0961692	-10.79996429	15.7623873	79.00534361	0.443156101	102.5563053	275.8715498	-107.1943003	93.45045757	259.4353293	-94.86725476	86.48469176	218.9960322	-3.201221869	112.3406094	234.9537684	112.7774543	43.23722934	-456.9369306	180.305063	35.6827351	-204.4080674	132.966507	27.48595701	-242.432474	237.1483841	25.71502829	-277.4639849	221.1262613	39.95466238	-311.949078	124.9498072	40.9993978	-277.8546695
740	7.39	-16.18720567	973.6892247	-65.62647922	246.3564883	972.8863972	-73.26182471	105.7076057	1001.911471	-254.8924994	-85.84828256	744.492197	-103.7252619	68.40006521	498.2075947	-7.222562224	-68.16749807	504.8974749	-10.76926042	-71.91143608	639.0977806	-66.67678436	12.25819797	725.3655398	26.58535572	287.0744088	795.1439307	-192.9168097	104.7533971	498.9993834	-218.6822238	232.375477	488.9250994	-241.0289633	256.6904067	643.2484814	-210.9029426	215.7381551	692.1104392	-76.73980649	-71.41506207	458.6120745	3.33189732	18.59126708	112.8404708	143.6594594	-63.60520398	79.91648699	118.8178973	-13.36286109	428.1770008	80.741558	-87.78329222	375.0492547	20.71979973	233.2872878	450.9503738	-255.3407736	92.39890065	91.54816943	-353.4655572	175.8574486	87.26102017	-397.5378998	185.5083334	396.0619308	-207.8203244	236.0073552	380.1970062	-278.5543438	-34.01014655	131.9621351	308.7492143	-10.73164546	16.53982923	79.82997545	0.173196994	98.21601552	278.8727805	-107.3037537	89.76957985	261.9651203	-95.02544657	83.76103224	221.3454661	-3.319680031	108.9501723	238.279593	113.0549202	44.42921825	-456.794306	180.3923802	35.60503644	-204.3933968	133.0456368	27.65947611	-242.3620709	237.293523	25.60387773	-277.4615377	221.3678767	39.88382529	-311.8465353	125.1061516	41.37522792	-277.5885267
741	7.4	-17.63818339	974.0306449	-59.51305806	244.8568501	972.3807224	-67.83826241	103.8872	1002.389817	-249.0410666	-87.19293509	745.1248036	-97.68759327	67.19725715	498.4445512	-2.620387646	-69.25879891	505.1349418	-5.115105433	-73.48532228	639.6951237	-60.65498534	11.3609776	725.3595866	31.9761302	285.5769597	795.2667519	-188.6238626	104.1662199	498.7824078	-215.5161307	231.7048778	489.4362801	-238.5855629	255.6233407	643.5255254	-207.5797709	214.7600567	691.5353035	-72.90966903	-72.62063844	458.889002	8.71795302	18.54631177	112.0546222	146.3165627	-63.68101106	79.48449628	121.0125108	-13.65708024	427.9865707	85.60128604	-88.7173103	375.2053285	25.84024705	232.7022724	451.5644348	-253.1028495	92.97970351	92.36553917	-352.8955401	176.2307013	88.36518308	-397.1835579	185.3732708	396.1661102	-205.6637097	235.7153691	381.0447951	-276.901919	-33.97290078	127.0972765	312.1901619	-10.62854808	17.32668932	80.64218628	-0.000754764	93.98157199	281.720521	-107.3419543	86.16723297	264.3440448	-95.03571069	81.06466426	223.605587	-3.338137633	105.5828289	241.4198705	113.3942459	45.86240506	-456.618884	180.4921412	35.51233537	-204.3855312	133.1765404	27.87869934	-242.2558125	237.4777426	25.47861899	-277.4471846	221.6763866	39.82142559	-311.6870713	125.4336847	41.86911759	-277.4073121
742	7.41	-19.27040934	974.5642351	-53.43295248	243.1859257	972.0259285	-62.360323	102.0667871	1002.866412	-243.1589187	-88.60578895	746.1123877	-91.29647619	66.06698774	498.8098778	2.396277803	-70.16001517	505.4305795	0.67230399	-75.12613015	640.6422798	-54.29159671	10.26546255	725.8182042	37.61674685	284.0132563	795.5931521	-184.3082854	103.65012	498.671924	-212.1923958	231.0893449	490.122444	-235.9918625	254.5693006	643.9628995	-204.1275594	213.770117	691.1370912	-69.00280654	-73.46340464	459.1254296	14.24825465	18.58651615	111.2869434	148.9436226	-63.65171602	79.12166199	123.0964207	-14.08542036	427.7918511	90.67933074	-89.52771957	375.3348238	30.90163494	232.1949129	452.3353007	-250.7569949	93.71187881	93.32432185	-352.290869	176.6842388	89.63243175	-396.7922113	185.3571154	396.360159	-203.498356	235.4265091	382.0884202	-275.0653342	-33.81397017	122.2484631	315.4476295	-10.50074738	18.0897069	81.43035788	-0.043662039	89.73348055	284.3515255	-107.3394521	82.59399928	266.5834494	-94.91971929	78.37214322	225.7662525	-3.255769414	102.2451024	244.385372	113.7946247	47.53522579	-456.3838029	180.6107876	35.4221477	-204.3825688	133.3587737	28.15884867	-242.1889122	237.6911516	25.34814768	-277.4079304	222.047372	39.76723671	-311.4679613	125.8524734	42.5015375	-277.2545211
743	7.42	-21.07637202	975.2008418	-47.35824984	241.3552044	971.8500847	-56.82440187	100.2125967	1003.303472	-237.2108031	-90.12176916	747.1914028	-84.67398087	64.99840587	499.4031469	7.82480186	-71.08833677	505.8621728	6.656666398	-76.79778379	641.7311736	-47.69664392	9.033457637	726.5433751	43.50360056	282.4245948	796.1529109	-179.9551692	103.1987563	498.7015964	-208.7027817	230.5429631	491.0048066	-233.2510283	253.5179004	644.6112916	-200.4905433	212.7999986	690.9293283	-65.00093819	-74.12213468	459.3846197	19.81657159	18.67061584	110.5373617	151.5193347	-63.65500567	78.84961838	125.0968714	-14.61049323	427.6020119	95.93578	-90.19615555	375.4581223	35.92396653	231.7883817	453.3027109	-248.324855	94.58226149	94.43853499	-351.6279804	177.2084307	91.06348913	-396.375992	185.4967914	396.7103785	-201.2783437	235.1767538	383.3402824	-273.1212933	-33.58770938	117.562912	318.5277297	-10.37667103	18.81545264	82.19569284	0.031351029	85.59794709	286.7286662	-107.2730528	79.15609963	268.7302207	-94.74490105	75.78382198	227.8322852	-3.084962068	99.04871856	247.1395728	114.2669039	49.43763267	-456.0790491	180.7456309	35.35258622	-204.3833512	133.5490273	28.48580431	-242.2101458	237.9317738	25.22155921	-277.3455844	222.4902883	39.7072095	-311.2131549	126.3118069	43.26188447	-277.0737505
744	7.43	-23.03516481	975.8664546	-41.25874559	239.3976773	971.8578281	-51.22847296	98.25817819	1003.728693	-231.1900816	-91.76649915	748.18178	-77.91570862	63.95610574	500.2067257	13.55268803	-72.21789871	506.444769	12.83375532	-78.45803471	642.7241473	-40.99929246	7.736811335	727.3672492	49.5952015	280.8558607	796.9139926	-175.5734426	102.8394242	498.8466926	-205.0369014	230.1052786	492.0528741	-230.4636619	252.486199	645.4628382	-196.7458967	211.8763171	690.8972018	-60.91264318	-74.74530275	459.672087	25.43563869	18.76636461	109.7797867	153.95325	-63.65129649	78.6074969	127.0305211	-15.17607836	427.407814	101.3014053	-90.79438544	375.609732	40.99761562	231.4747586	454.4712073	-245.8610092	95.52879479	95.70359434	-350.8334463	177.7948822	92.63623193	-395.9359168	185.8323127	397.2587898	-198.9752624	235.0362908	384.7892102	-271.1897295	-33.26986126	113.233832	321.3577927	-10.28969293	19.5007064	82.92590309	0.224618286	81.79345362	288.8214407	-107.0916252	76.01369001	270.813107	-94.52253721	73.38053918	229.7892944	-2.820706005	96.10751734	249.6088786	114.8150892	51.54862024	-455.7104471	180.880646	35.29970725	-204.3900162	133.7546705	28.84377785	-242.2954105	238.2009139	25.09153259	-277.2824832	223.0011093	39.6248892	-310.9657181	126.8727333	44.12005268	-276.8850682
745	7.44	-25.10662122	976.5200018	-35.09636791	237.3651265	972.0135306	-45.58000025	96.13024323	1004.194039	-225.1060135	-93.52668498	749.0339768	-71.06372152	62.9030657	501.0723042	19.41430326	-73.4943586	507.0953806	19.16680424	-80.06733295	643.5015392	-34.27322087	6.407049387	728.1808836	55.84747093	279.3075829	797.8141742	-171.1897049	102.6025763	499.0615963	-201.1801327	229.7631228	493.2417049	-227.6274202	251.4995873	646.4647434	-193.0257654	211.0293599	691.0048484	-56.75530012	-75.33544421	459.9242153	31.24932308	18.85921204	108.9927674	156.1691928	-63.62503522	78.33880509	128.878678	-15.75630669	427.1774989	106.741657	-91.41897298	375.7887795	46.16996673	231.2081608	455.8028852	-243.4191495	96.55174258	97.10704492	-349.9040852	178.4501701	94.32763056	-395.4557903	186.3664726	397.9632878	-196.5945881	235.0307679	386.4182556	-269.3004539	-32.80724289	109.2664012	323.9015216	-10.25905438	20.13801078	83.60655835	0.541875346	78.31965956	290.6192436	-106.7695634	73.15715285	272.8311796	-94.22806242	71.13391312	231.6333766	-2.465085344	93.41162061	251.7833077	115.4346854	53.84509511	-455.2841939	181.0032124	35.24732496	-204.40853	134.0333233	29.22343206	-242.3646952	238.4886786	24.93531671	-277.240001	223.5486432	39.5225362	-310.7484746	127.5661294	45.03057479	-276.6857393
746	7.45	-27.23628613	977.1452897	-28.82460244	235.3054535	972.2604945	-39.89016054	93.78180257	1004.711401	-218.956813	-95.36626981	749.7532288	-64.15274277	61.8307011	501.8715711	25.3330201	-74.7448723	507.7068457	25.63769924	-81.62239622	644.1014484	-27.52592279	5.011262004	728.9301955	62.22467836	277.7628253	798.7942135	-166.7621537	102.4843755	499.3086166	-197.1324806	229.4509985	494.5697319	-224.6668458	250.5619385	647.5567682	-189.4021009	210.294918	691.2091812	-52.53458719	-75.76406291	460.0526306	37.40108583	18.94225137	108.1893228	158.1981766	-63.63320362	78.00767709	130.6694179	-16.36106536	426.9130318	112.3168877	-92.10698768	375.9551604	51.40332697	230.9716286	457.2448148	-240.99912	97.71625045	98.62258185	-348.9375089	179.1892954	96.13652005	-394.9109694	187.0759265	398.7537031	-194.1455013	235.116727	388.192659	-267.4201751	-32.22733225	105.4919158	326.2225283	-10.28054926	20.72441599	84.24307552	0.953899423	74.98283131	292.1660111	-106.3472612	70.41489374	274.7457098	-93.87356563	68.97121851	233.3859211	-2.055116917	90.85518843	253.7397386	116.119073	56.32461701	-454.7976536	181.1140723	35.18837429	-204.4373877	134.4097868	29.62085939	-242.3373735	238.7745426	24.72792372	-277.2313774	224.1079566	39.41712173	-310.5406895	128.3355006	45.93996615	-276.4259456
747	7.46	-29.3705171	977.7379682	-22.40108019	233.2371022	972.5699267	-34.15439193	91.20274495	1005.266485	-212.7295797	-97.26668871	750.3283553	-57.23727336	60.73971841	502.6053664	31.36291772	-75.88831939	508.2405222	32.23438121	-83.14201165	644.5995792	-20.7699934	3.478771495	729.59376	68.69270984	276.2023006	799.8433956	-162.2358138	102.4367276	499.5636407	-192.9261713	229.1328344	496.0113646	-221.6329531	249.6473111	648.7016941	-185.8628337	209.6942098	691.4690784	-48.24478205	-76.06817975	460.063006	43.83138136	19.02079522	107.4071963	160.1385723	-63.70204841	77.5911726	132.480585	-16.99340706	426.6447171	118.0620403	-92.84350715	376.095199	56.67596634	230.7873043	458.7667092	-238.5458239	98.98346869	100.2092546	-347.9493658	180.0070913	98.07269561	-394.2698591	187.9170616	399.621729	-191.637381	235.1850001	390.0486469	-265.4990593	-31.63749593	101.7540073	328.409393	-10.33237389	21.29619015	84.84701164	1.385177141	71.67319862	293.5886585	-105.9226938	67.65468663	276.4869988	-93.51798499	66.86324026	235.0517797	-1.653062298	88.34573355	255.5745656	116.8447765	59.00893685	-454.2549164	181.2174927	35.13062531	-204.4600325	134.8497863	30.01830245	-242.2053449	239.034403	24.47183511	-277.2535312	224.6793987	39.33182408	-310.2990198	129.1008489	46.8085429	-276.0733742
748	7.47	-31.47489806	978.3012565	-15.80349556	231.1612885	972.9427291	-28.35558331	88.42257277	1005.857774	-206.4032322	-99.20619797	750.7652758	-50.35639861	59.61135329	503.3453954	37.59310565	-76.97822009	508.7179618	38.90574413	-84.64305786	645.0241286	-14.05203143	1.750785217	730.1633994	75.22490129	274.5735256	800.9983065	-157.6511138	102.3805495	499.8289635	-188.6162591	228.8004938	497.5046851	-218.6195375	248.6999787	649.9053475	-182.2884235	209.2177298	691.7557629	-43.86824895	-76.72507342	460.2020923	50.2479593	19.10322224	106.6815463	162.0633427	-63.80173061	77.13161356	134.3174307	-17.62739785	426.3734107	123.8660495	-93.62446194	376.2681436	62.07172142	230.6390857	460.3533981	-235.9984053	100.2025575	101.833873	-346.8341854	180.8677352	100.1246106	-393.501875	188.7707538	400.585578	-189.0614451	235.1340407	391.9172987	-263.4472729	-31.16214724	98.00833362	330.5089391	-10.38323918	21.91216298	85.42521213	1.740620491	68.44253775	295.0170134	-105.5926509	64.90439012	278.0255441	-93.22847051	64.84189354	236.607811	-1.31863	85.86358109	257.3434299	117.5731523	61.89924396	-453.6596959	181.3126082	35.08828222	-204.4613396	135.2782953	30.37999894	-242.0556484	239.2541385	24.22038557	-277.2658184	225.2681298	39.29833395	-309.9840007	129.804629	47.62755451	-275.6375854
749	7.48	-33.54631812	978.851207	-9.031667318	229.0882075	973.3573272	-22.48103735	85.50922467	1006.486116	-199.9371465	-101.1342119	751.1152614	-43.50242551	58.41417959	504.1197693	44.01819551	-78.10662931	509.1415766	45.5598884	-86.15525434	645.3954097	-7.406339944	-0.193267127	730.6452799	81.82379839	272.8145921	802.2724133	-153.1017133	102.2310262	500.1379474	-184.2579364	228.4198274	498.9861865	-215.5802495	247.6604301	651.180115	-178.5153496	208.8231979	692.0511306	-39.37826203	-78.02034923	460.690351	56.51352738	19.18363669	106.0217529	163.9790373	-63.85251134	76.70992343	136.0582899	-18.24335879	426.0751222	129.6079602	-94.47815207	376.5234883	67.67030475	230.4371674	461.9762701	-233.2861868	101.2999154	103.4855814	-345.5650764	181.7247618	102.2616869	-392.5980319	189.4366872	401.607721	-186.3598485	234.9466449	393.7582719	-261.1362542	-30.89073402	94.31431401	332.5211478	-10.40839683	22.58088596	85.98105378	1.95248414	65.35216185	296.4357723	-105.4033396	62.29245685	279.4123727	-93.04658582	62.95081798	238.0271332	-1.085836037	83.45171966	259.0362568	118.2840295	64.91655586	-452.9768788	181.3914597	35.06845847	-204.4419916	135.6158222	30.6920257	-241.9715761	239.446889	24.04095107	-277.2191805	225.8548559	39.3346866	-309.573004	130.4347655	48.4011983	-275.1431996
750	7.49	-35.60655953	979.4157276	-2.097013561	227.0261085	973.7457278	-16.5199723	82.54533376	1007.132996	-193.3002063	-102.9986085	751.4330183	-36.63790402	57.13008874	504.9050243	50.53589371	-79.32626965	509.4930196	52.13508747	-87.72543161	645.7692507	-0.818592131	-2.337949713	731.0672631	88.52621465	270.939858	803.5954918	-148.5584497	101.9302342	500.5240854	-179.8865891	227.9297873	500.4252099	-212.3517735	246.5037659	652.4891294	-174.4830289	208.4324506	692.3348583	-34.75717523	-79.50716471	461.3341138	62.80678533	19.2444214	105.4103127	165.8344576	-63.81304275	76.36752424	137.5787268	-18.86389318	425.7449653	135.3023001	-95.42716051	376.8165323	73.40192247	230.0874372	463.5800628	-230.3098892	102.3166439	105.1667889	-344.2328594	182.5358926	104.4639301	-391.5700365	189.759245	402.6259018	-183.4564233	234.654141	395.5583595	-258.4903704	-30.82756895	90.77526121	334.407605	-10.40967263	23.25238585	86.5100775	2.015930739	62.42753966	297.7362697	-105.3517024	59.88503598	280.6956649	-92.97564797	61.19769201	239.2959528	-0.956515447	81.16313472	260.5942576	118.9705714	67.94181213	-452.148285	181.4470604	35.07188151	-204.4089872	135.8492928	30.9599931	-241.9437641	239.6425809	23.96092439	-277.1028621	226.3866077	39.4214462	-309.0898333	131.0141504	49.11741104	-274.5962986
751	7.5	-37.68192739	980.0190045	4.985061686	224.9553631	974.042775	-10.44895283	79.59373169	1007.775635	-186.5187473	-104.7661258	751.7561016	-29.71842262	55.76348075	505.6840877	57.05030973	-80.62189006	509.7922851	58.65062355	-89.38957549	646.2007464	5.759152246	-4.640047916	731.4727027	95.37412103	269.0106711	804.850734	-143.8281276	101.469316	500.9799555	-175.4994346	227.2966871	501.8288451	-208.8051925	245.2377677	653.7625317	-170.2401818	207.9384604	692.5891849	-29.99769774	-80.80592185	461.7885729	69.16944403	19.26464005	104.8310374	167.5779857	-63.77439099	76.08752805	138.9283408	-19.54806587	425.3906637	141.0004048	-96.44724858	377.0813008	79.11597266	229.5801662	465.106069	-227.0186612	103.2688201	106.8728648	-342.8796377	183.2570293	106.7220411	-390.432134	189.7411875	403.6178027	-180.3221483	234.2765775	397.3212469	-255.5588515	-30.89128089	87.44699378	336.1270682	-10.40793927	23.89265447	87.0045016	1.980619003	59.6968014	298.8882537	-105.4050996	57.61684761	281.8599726	-92.98660805	59.55412425	240.4278787	-0.915702638	79.01744465	261.98227	119.6033793	70.92875924	-451.1536101	181.482629	35.09635086	-204.3650377	136.0327111	31.17524578	-241.9119809	239.851593	23.96759919	-276.9279205	226.8260015	39.54599187	-308.6062754	131.5698252	49.75830857	-273.9784325
752	7.51	-39.78856181	980.6674207	12.1930435	222.8373748	974.2467938	-4.235928574	76.68838735	1008.414199	-179.6547683	-106.432158	752.1169992	-22.70487462	54.32498305	506.4635922	63.52754541	-81.96736687	510.1130984	65.16938481	-91.15802033	646.6840126	12.36898623	-7.036703704	731.9021307	102.3762134	267.0390711	805.9757077	-138.7848296	100.8820244	501.4579982	-171.0468928	226.5454222	503.2166334	-204.9320953	243.8749908	654.9505415	-165.8419611	207.2421047	692.8149612	-25.09130109	-82.06287078	461.9824932	75.40379811	19.22548544	104.2859893	169.2171954	-63.82775384	75.81590783	140.2652841	-20.36686872	425.0087641	146.6875198	-97.47663285	377.3107644	84.72359569	228.98235	466.5459509	-223.4740706	104.1140999	108.585971	-341.4570763	183.8498629	109.0189357	-389.1871644	189.5182538	404.591755	-176.9962182	233.8177372	399.0741651	-252.4669346	-30.99588653	84.29117144	337.6829268	-10.41573864	24.50320053	87.46570001	1.902588628	57.1410201	299.9376303	-105.5154596	55.39194057	282.8940696	-93.04489793	57.97238812	241.4594964	-0.950954292	77.0077921	263.2485787	120.1453748	73.91619068	-450.0186608	181.5076467	35.12930603	-204.306007	136.2046047	31.32904039	-241.8303789	240.0490176	24.02450472	-276.7045789	227.1954244	39.74133035	-308.1549898	132.1209571	50.32633814	-273.2768357
753	7.52	-41.93408982	981.3490448	19.49613835	220.6432458	974.3975477	2.140300068	73.86011853	1009.051403	-172.7312354	-108.0956278	752.5588545	-15.58176496	52.81669361	507.2528755	69.97993994	-83.37773255	510.4929909	71.70956676	-93.02198574	647.164438	19.02656048	-9.458275306	732.3727826	109.4939423	265.0007297	806.9901321	-133.4796286	100.2191185	501.9073665	-166.4540842	225.7236844	504.5873067	-200.8454513	242.4218168	656.0397905	-161.3134671	206.2940638	693.0246496	-20.0435869	-83.42054408	462.0930966	81.4761077	19.12572323	103.7671689	170.793316	-63.92572573	75.51740722	141.5949706	-21.37149242	424.5921285	152.3380629	-98.48348105	377.5064334	90.18880752	228.3419848	467.9592886	-219.7842767	104.836784	110.2895881	-339.9168097	184.3130377	111.3408442	-387.8224971	189.2518066	405.552297	-173.5494145	233.2738624	400.8733066	-249.3290225	-31.11867852	81.21621844	339.1147237	-10.42774695	25.07637598	87.9064665	1.80254099	54.68140687	300.921161	-105.644158	53.15822589	283.8288098	-93.14231463	56.40249969	242.4208478	-1.056502935	75.11293189	264.4815147	120.5927481	76.96518174	-448.7835012	181.531943	35.15372004	-204.2208966	136.3629242	31.43089815	-241.6808355	240.2015996	24.08587147	-276.4478846	227.5303633	40.02919461	-307.6867279	132.6484278	50.84816214	-272.507069
754	7.53	-44.12752398	982.0428167	26.86627834	218.3636793	974.5110703	8.680217958	71.14237912	1009.652225	-165.7003487	-110.0283547	753.1360887	-8.400336997	51.23581598	508.0456899	76.43046698	-84.82767966	510.7736966	78.16959473	-94.97484134	647.6250261	25.75441318	-11.84155923	732.8728411	116.6655713	262.8923673	807.9356971	-127.9821098	99.52328879	502.2981127	-161.6690529	224.865212	505.9145789	-196.7394473	240.8838655	657.0589741	-156.6447233	205.1068425	693.2260704	-14.87749866	-84.87247464	462.2843737	87.5275042	18.99014768	103.2298727	172.3155493	-63.99044892	75.20996488	142.7817403	-22.56126561	424.1381179	157.9596167	-99.53256674	377.6158112	95.44098125	227.6348245	469.4183296	-216.0030248	105.4799018	111.9776514	-338.2490656	184.6869249	113.6936798	-386.3351343	189.041764	406.4971913	-170.0212942	232.6464082	402.7554369	-246.1907621	-31.28185541	78.14313609	340.4557895	-10.43573011	25.6081175	88.34148897	1.668854518	52.24457241	301.8529225	-105.7793892	50.86455185	284.6726478	-93.29302726	54.81077478	243.3231466	-1.228936407	73.28943831	265.7220369	120.970453	80.13364035	-447.4842916	181.5618797	35.16328349	-204.1047838	136.5011808	31.49809835	-241.468035	240.2941411	24.11492913	-276.1820306	227.8303451	40.37228266	-307.1604992	133.0838436	51.35606038	-271.6982023
755	7.54	-46.38115371	982.7323157	34.29503972	216.002495	974.5783147	15.37302649	68.52307334	1010.170047	-158.4997415	-112.467103	753.8567549	-1.261556102	49.58669498	508.8189615	82.88158351	-86.2376667	510.7028777	84.42308366	-97.03510995	648.1196563	32.61412414	-14.1381189	733.3780213	123.8434903	260.7203531	808.8395489	-122.3146558	98.8204258	502.6181989	-156.6889147	223.9766376	507.2086679	-192.6958714	239.2742739	658.0793869	-151.7764761	203.7349648	693.425311	-9.592332196	-86.38591589	462.5125164	93.6015755	18.84251394	102.6391776	173.7803644	-64.03599466	74.92007649	143.8135597	-23.88214291	423.6419784	163.5649644	-100.7227423	377.58733	100.4341343	226.8364053	470.9360608	-212.1176771	106.1080131	113.6507674	-336.4704234	185.0188343	116.0831582	-384.7533002	188.9079134	407.4307615	-166.3892957	231.9551788	404.6556117	-242.9819534	-31.49736416	75.04239711	341.7228278	-10.44145791	26.13467249	88.77863283	1.492424604	49.80079765	302.7358628	-105.9252946	48.49427098	285.4300836	-93.49396656	53.17659218	244.1656518	-1.458996734	71.49317135	266.9568638	121.3085932	83.43901501	-446.1325278	181.5970816	35.16384717	-203.969679	136.6217634	31.54826733	-241.205712	240.3204591	24.08303921	-275.9425016	228.0814206	40.71725834	-306.5874879	133.3801126	51.86754691	-270.8796185
756	7.55	-48.70285827	983.4140425	41.78885772	213.5696671	974.6001754	22.21611614	65.9337796	1010.592623	-151.1285313	-115.2790087	754.6335193	5.851336212	47.88320828	509.5423971	89.31418258	-87.61380538	510.3504444	90.56650987	-99.22186056	648.6845213	39.65360563	-16.32283651	733.8686727	131.0055448	258.4847022	809.7099026	-116.4940987	98.12824906	502.8633846	-151.5377816	223.0289925	508.5413432	-188.5585785	237.6147721	659.1448856	-146.6602906	202.2418512	693.6285662	-4.149830361	-87.9040362	462.6286585	99.65398339	18.67756753	102.0341795	175.2341338	-64.12364793	74.6566267	144.8309057	-25.25919099	423.0951485	169.1612828	-102.0384749	377.4625734	105.3016933	226.0019617	472.4634294	-208.0890838	106.76632	115.3172382	-334.6004687	185.3465199	118.5020848	-383.1036442	188.8256931	408.3535098	-162.6040607	231.2415864	406.4701467	-239.5698692	-31.74062186	71.92533279	342.9295413	-10.45255221	26.70102699	89.21523644	1.287128379	47.35473759	303.5678566	-106.0954046	46.15327127	286.1874659	-93.71655137	51.5049241	244.9541344	-1.721145222	69.70704378	268.1641284	121.6451981	86.82843686	-444.7033248	181.6355217	35.16991857	-203.8279431	136.7281086	31.59628581	-240.9080283	240.2899186	23.98571611	-275.7442847	228.2899807	41.04883748	-305.9731848	133.5548859	52.38899567	-270.0835976
757	7.56	-51.09099772	984.0858684	49.35455439	211.0746458	974.5854256	29.21020807	63.3117016	1010.982946	-143.7360719	-118.0906546	755.3559796	13.11084687	46.14238848	510.1902733	95.71046447	-89.04525239	510.1019347	96.88844461	-101.5158151	649.260743	46.84500175	-18.39435736	734.3267692	138.1419818	256.2023524	810.5209171	-110.5145035	97.4671732	503.0336747	-146.2320868	222.0090782	509.9263235	-184.180879	235.9267698	660.2072671	-141.3328402	200.6784065	693.8273741	1.481696891	-89.43163876	462.5719245	105.6843917	18.49038592	101.4814754	176.7314667	-64.2780761	74.42635617	145.922565	-26.63278234	422.4913605	174.7636441	-103.3730733	377.3282168	110.2776678	225.2137069	473.9498848	-203.877256	107.4806809	116.9977294	-332.6463017	185.7119433	120.9511274	-381.378467	188.7736393	409.2419854	-158.6444956	230.5616142	408.202486	-235.9056321	-31.96387292	68.78091322	344.0927504	-10.4745814	27.3122725	89.63983004	1.082683052	44.89660154	304.3486228	-106.3070745	43.93265768	287.0194373	-93.94422481	49.85613147	245.7251117	-1.983786559	67.92398593	269.3289925	122.0247485	90.24482601	-443.1673908	181.6789863	35.19960196	-203.6742435	136.8244602	31.64669131	-240.5958157	240.2591129	23.87559788	-275.5359479	228.4911112	41.3930967	-305.291241	133.6469765	52.9367253	-269.3269343
758	7.57	-53.53514102	984.7233221	56.98806176	208.5215805	974.531687	36.33384658	60.63288187	1011.579137	-136.7603353	-120.738272	755.9891836	20.60263741	44.38951543	510.7492122	102.0660694	-90.55541635	510.129745	103.5322454	-103.8722733	649.757628	54.12538876	-20.36156266	734.7209861	145.241661	253.8901459	811.2303729	-104.3555953	96.86280914	503.125905	-140.7700449	221.0009728	511.2579637	-179.6130281	234.2255806	661.183394	-135.8718758	199.0842441	693.9938574	7.295039068	-91.00696139	462.3949881	111.7741935	18.31267527	100.9931759	178.2675323	-64.49126367	74.23859592	147.0672272	-27.96251983	421.8299717	180.3892704	-104.6807702	377.2071292	115.4780696	224.4900321	475.3724598	-199.4798496	108.2832929	118.71422	-330.6271001	186.1563798	123.4383699	-379.5555516	188.7631441	410.0666353	-154.5246438	229.9664	409.9274932	-232.03824	-32.1217923	65.52606788	345.2323539	-10.50672646	27.94711566	90.04433575	0.916701791	42.36496323	305.0861285	-106.5522856	41.74891439	287.8779232	-94.18004107	48.28947202	246.5165876	-2.227072923	66.11084971	270.4393473	122.472654	93.69145766	-441.5203154	181.7304226	35.2456624	-203.5078168	136.9182648	31.69506032	-240.2898171	240.2958501	23.82052211	-275.2370367	228.7294885	41.7780932	-304.5188118	133.7055993	53.52999687	-268.574749
759	7.58	-56.02343024	985.2708127	64.64381687	205.9129537	974.4317285	43.54806906	57.89296306	1012.636728	-130.6205363	-123.3720849	756.5478442	28.2072938	42.66318217	511.2158222	108.3812089	-92.10982709	510.2672649	110.4079163	-106.2373647	650.1314571	61.45903942	-22.23698573	735.0027592	152.2812962	251.5207734	811.8344964	-98.03661513	96.34144879	503.1271513	-135.1416439	220.1325712	512.4510419	-174.9095868	232.5277395	662.0500842	-130.2983551	197.4990841	694.1044501	13.26889822	-92.56025287	462.2326216	118.079273	18.19684706	100.5343488	179.8111311	-64.75207482	74.11427391	148.2536813	-29.19676673	421.115488	186.0427206	-105.9807819	377.0725683	120.9080435	223.8156479	476.7245133	-194.9197812	109.1878585	120.4677257	-328.568982	186.6962599	125.956792	-377.6295119	188.8297242	410.8229996	-150.2606913	229.4931135	411.6680575	-228.0104492	-32.18331088	62.05263468	346.3744468	-10.53853578	28.60606849	90.43768612	0.825867865	39.68207359	305.7984757	-106.7906254	39.47676523	288.7008103	-94.41459349	46.79482452	247.3303667	-2.425470607	64.18450467	271.4765087	122.9799428	97.20180264	-439.7681887	181.7867626	35.2418405	-203.3808067	137.0155718	31.73904213	-239.9968052	240.4032487	23.82240685	-274.8183351	229.024393	42.19864441	-303.6863965	133.815279	54.14812196	-267.7478436
760	7.59	-58.55406407	985.6589606	72.21023023	203.2531519	974.291912	50.82466875	55.08773919	1013.930003	-124.9188214	-126.1388312	756.9765717	35.7651606	41.00496353	511.5912422	114.6455405	-93.70026318	510.319875	117.3879791	-108.5466338	650.3591089	68.82683106	-24.04156175	735.1328614	159.2481099	249.0452181	812.3757572	-91.60718315	95.91717536	503.0363919	-129.3378182	219.4381619	513.532197	-169.9955655	230.8567954	662.8650001	-124.5493673	195.9645542	694.1617018	19.3970784	-93.95832609	462.1835014	124.710992	18.2038105	100.0453178	181.3302122	-64.99789133	74.06695234	149.5317566	-30.25317563	420.358615	191.724512	-107.2600639	376.9052674	126.5873015	223.2253394	478.0116432	-190.1663723	110.1397476	122.2385439	-326.4370011	187.3162214	128.4894464	-375.6118331	188.9881787	411.5230594	-145.8491185	229.1519045	413.384043	-223.8285404	-32.15672456	58.34860189	347.5547732	-10.54968306	29.30628713	90.84506028	0.822634956	36.88172988	306.5221522	-106.986627	37.11308485	289.4875883	-94.62924995	45.36957085	248.1521131	-2.532796408	62.07934003	272.4232642	123.5148101	100.7929646	-437.906714	181.8328969	35.11526022	-203.3721202	137.1154036	31.7788008	-239.711684	240.5304192	23.8271948	-274.3125076	229.3548513	42.63569589	-302.86313	134.0382401	54.740212	-266.7942917
761	7.6	-61.1359229	985.8556634	79.60909086	200.5432754	974.129312	58.15177035	52.21228371	1014.854047	-118.6652658	-128.7778295	757.0613936	43.27850408	39.45222411	511.8817212	120.8332306	-95.2902848	510.19407	124.4132404	-110.7514755	650.421472	76.20924023	-25.80669183	735.1188782	166.1970066	246.4581503	812.8927686	-85.09374399	95.57322589	502.8806911	-123.3608074	218.8538511	514.5594176	-164.7874464	229.231487	663.6928476	-118.5668619	194.509213	694.1746451	25.6546439	-95.15303916	462.1601884	131.6034678	18.40018049	99.47631558	182.7779661	-65.09636428	74.07139641	150.9363386	-31.03866827	419.5747206	197.4539373	-108.4657535	376.6802688	132.5361323	222.7576406	479.2341062	-185.1615647	111.0687205	124.0074221	-324.1672451	187.9783363	131.0270223	-373.5030104	189.2037132	412.1700561	-141.2674063	228.898653	415.0303326	-219.4843427	-32.1498747	54.62622933	348.7721975	-10.51811115	30.02372579	91.28264283	0.880916511	34.24766662	307.2969709	-107.1517737	34.83046571	290.2381574	-94.82252985	44.12916662	248.941236	-2.509076986	59.92313291	273.3041651	124.0433105	104.4578387	-435.9191812	181.8572428	34.90580781	-203.4649011	137.2128993	31.8095452	-239.4107094	240.6374434	23.79278589	-273.7897151	229.6768747	43.09648205	-302.0726854	134.350133	55.28699492	-265.7340145
762	7.61	-63.77929656	985.9239106	86.96507129	197.7806354	973.9527613	65.51831111	49.26951853	1015.180101	-111.5153766	-130.657644	756.5355249	50.9445992	38.03450908	512.0994605	126.9149578	-96.75626499	509.8842154	131.481143	-112.8446593	650.3343812	83.594832	-27.56934809	735.0031992	173.2258339	243.8061476	813.3930087	-78.48972487	95.26263062	502.6884635	-117.2312449	218.308442	515.5478743	-159.2858419	227.6570546	664.5199376	-112.3924975	193.1349156	694.123201	31.95170537	-96.17880874	461.9553397	138.5835879	18.81399348	98.86929411	184.1133417	-64.98096431	74.10743644	152.4253687	-31.48877987	418.771546	203.2545846	-109.5541829	376.3466584	138.6883636	222.3644882	480.3726896	-179.9068198	111.9691101	125.7770997	-321.7667247	188.6378319	133.5706617	-371.2780128	189.4134498	412.7578704	-136.488486	228.66194	416.5913905	-214.9478581	-32.35025487	51.27367662	349.915609	-10.44423732	30.67917923	91.72457208	0.960675831	32.19425734	308.0962318	-107.3337844	32.96567094	290.9449677	-94.98297866	43.26064843	249.6151237	-2.329968885	58.01864373	274.1555938	124.5417752	108.1802651	-433.7889951	181.8656406	34.7422321	-203.5327383	137.3054199	31.83330645	-239.0561859	240.7211591	23.72860633	-273.3133373	229.9656467	43.61807567	-301.2666073	134.702593	55.80151454	-264.6403353
763	7.62	-66.49079935	985.9641665	94.46407476	194.965041	973.7577689	72.91155777	46.26928845	1015.178882	-103.9229589	-131.4966067	755.4429679	58.96329175	36.76329596	512.2662785	132.8864354	-97.96570785	509.4555059	138.6078576	-114.8450883	650.139311	90.97465409	-29.36102129	734.8176531	180.3763182	241.1382845	813.8717191	-71.782527	94.93864318	502.4711383	-110.9653618	217.7614619	516.4822282	-153.5324994	226.1311771	665.2742536	-106.1189236	191.8212181	693.9902113	38.23212085	-97.05599774	461.4785866	145.541024	19.39775961	98.3331925	185.3088747	-64.74382904	74.19835902	153.8957592	-31.60171886	417.9232733	209.0639022	-110.4751502	375.875878	144.903733	221.9687743	481.4181626	-174.4298785	112.8544049	127.5813793	-319.2746271	189.2658828	136.1339856	-368.8969367	189.5692115	413.2836795	-131.4933324	228.3921159	418.0597912	-210.1386698	-32.83865412	48.49982186	350.8713006	-10.36682946	31.20498213	92.11485441	1.039224014	30.88208535	308.8370346	-107.5263028	31.77438669	291.6255004	-95.0620578	42.84200394	250.130077	-1.981938193	56.52971121	274.9531826	125.0090744	111.9596623	-431.5202535	181.8570885	34.680586	-203.4867091	137.3873937	31.87446519	-238.6551503	240.803504	23.68929359	-272.8786077	230.2384524	44.24658155	-300.3828869	135.0745779	56.29299278	-263.5774635
764	7.63	-69.27025424	985.9867795	102.0228347	192.0986826	973.5388722	80.32456458	43.22732827	1015.12698	-96.32801579	-131.9186065	754.4133512	67.34867386	35.63087215	512.4288718	138.7993883	-98.90446172	508.9882923	145.7829158	-116.757944	649.8705322	98.33260803	-31.19404813	734.5851395	187.6211839	238.480829	814.3220966	-64.96812089	94.58124996	502.2266687	-104.5501292	217.1916792	517.3423258	-147.558599	224.6433461	665.9113931	-99.76900512	190.5399413	693.8395796	44.64789478	-97.77758005	460.8790762	152.4687392	20.06895165	97.8980074	186.3428595	-64.50003033	74.34615993	155.2499766	-31.47397499	416.9747677	214.6956116	-111.1521734	375.3209951	151.0327347	221.5464252	482.3860932	-168.7281273	113.6973304	129.4389752	-316.6992447	189.8578382	138.740976	-366.317997	189.6588821	413.7448325	-126.2724028	228.0473898	419.4173155	-204.9595536	-33.46084152	46.11649273	351.7251836	-10.30805183	31.61665212	92.43533756	1.09365816	30.07484246	309.4988404	-107.6395521	31.17639398	292.3038891	-95.0288573	42.7480218	250.5461661	-1.502398719	55.34464033	275.6648726	125.4762301	115.8200592	-429.1366049	181.8221845	34.67478488	-203.3418275	137.4546507	31.95549794	-238.2673435	240.9018666	23.72022824	-272.4441601	230.5130374	45.01246932	-299.4020398	135.4026363	56.77396257	-262.5061005
765	7.64	-72.10482695	985.9584139	109.4439761	189.1883418	973.2994282	87.7458071	40.17096912	1015.107872	-88.8543874	-132.921217	754.1973342	75.84280504	34.62014269	512.6514903	144.7517054	-99.70543172	508.5583214	152.9388014	-118.554498	649.5552784	105.6416754	-33.0528415	734.3518475	194.9182921	235.8445073	814.7248441	-58.04583607	94.19761697	501.9317533	-97.95614958	216.5915657	518.1109781	-141.3789667	223.1643133	666.4452472	-93.25175186	189.2651291	693.7751874	51.43301275	-98.3738887	460.3737692	159.3175783	20.76870621	97.49418841	187.2276241	-64.25793866	74.49772464	156.4645292	-31.31811897	415.92538	220.0314904	-111.5735371	374.7670651	156.8964494	221.1048621	483.2880038	-162.7872025	114.4588247	131.3204592	-314.0341408	190.4173506	141.4098551	-363.5291413	189.6911232	414.1276396	-120.8286576	227.6151316	420.6659668	-199.4364062	-33.97518386	43.85677923	352.6565382	-10.21124417	31.99657408	92.73443526	1.09800502	29.43676257	310.1284624	-107.6111376	30.88261423	292.9675874	-94.90762308	42.77431624	250.9579994	-0.980154343	54.29331324	276.3200948	125.9780166	119.7833901	-426.6446683	181.7752281	34.67723925	-203.1401542	137.5127934	32.06918134	-237.9045792	241.0217279	23.84223377	-271.9700984	230.7718927	45.91094407	-298.3445878	135.6022253	57.27096122	-261.3249591
766	7.65	-74.96773278	985.925049	116.7668103	186.2589177	973.0509469	95.1478568	37.13609506	1015.101549	-81.46089524	-134.8645403	754.7442137	83.94740197	33.70040954	512.9596169	150.8252605	-100.5533243	508.2329909	159.9390551	-120.2093771	649.2310881	112.8544485	-34.90730088	734.1831527	202.2256481	233.2276981	815.0466434	-51.01743014	93.81356988	501.5505266	-91.16477368	215.9765593	518.7836186	-134.9862031	221.6490704	666.8941644	-86.45794129	187.969259	693.8095277	58.58490755	-98.95478872	459.9857002	165.8838864	21.44661515	97.09447808	188.0198804	-63.99032997	74.61725059	157.5803818	-31.38060494	414.8739153	225.1852936	-111.8659472	374.250847	162.3203989	220.6571034	484.1205291	-156.5944096	115.1248735	133.2146656	-311.2531915	190.9432744	144.1423287	-360.5656321	189.6727051	414.4168176	-115.1713768	227.1866245	421.8568595	-193.7553281	-34.26957902	41.73348865	353.6706095	-10.02411451	32.40704869	93.05367019	1.07381397	28.81904575	310.7321637	-107.4685482	30.68096452	293.5730133	-94.73801654	42.80339706	251.3959836	-0.481067911	53.33045969	276.9483774	126.5084463	123.8459923	-424.0211178	181.7455919	34.67897499	-202.8778163	137.5546184	32.20156341	-237.4832812	241.1771425	24.08806666	-271.3912807	230.999976	46.92487923	-297.2179652	135.6923168	57.8099777	-260.0202742
767	7.66	-77.82434968	985.9629359	124.1345167	183.3548592	972.8087352	102.5006194	34.15749267	1015.069965	-74.08813869	-137.388038	755.3133611	91.33824852	32.81165839	513.3089226	157.0381921	-101.5836311	507.9991679	166.6144275	-121.7450031	648.9487562	119.9066988	-36.75247983	734.1266384	209.4987352	230.6224378	815.246224	-43.89847945	93.45742681	501.0754164	-84.17127306	215.380016	519.3712017	-128.3525301	220.0800535	667.2693888	-79.41895386	186.6142547	693.8628514	65.89729544	-99.67099405	459.5981866	171.9889008	22.02596849	96.76480652	188.7729883	-63.71947582	74.7209003	158.620587	-31.78928178	413.9245587	230.3439118	-112.2107572	373.7894221	167.2947117	220.2271726	484.879146	-150.1415808	115.7051855	135.1601049	-308.3274584	191.4347938	146.9341648	-357.4626195	189.611689	414.6100708	-109.3012745	226.8608056	423.0368975	-187.9885783	-34.38577896	39.94319858	354.619333	-9.801238805	32.8430324	93.37095734	1.075194418	28.24725837	311.2618051	-107.2878129	30.52760294	294.1050532	-94.55795036	42.81961576	251.8247818	-0.03561548	52.49829441	277.5174431	127.0202499	128.0071294	-421.2510919	181.7517709	34.68973928	-202.5073128	137.5677055	32.36907727	-236.917415	241.3567758	24.47299707	-270.6738669	231.2121846	48.06313458	-296.0122273	135.7644425	58.41968512	-258.6431479
768	7.67	-80.64117616	986.0879821	131.5582877	180.5150545	972.5903385	109.7823236	31.25969266	1015.011992	-66.73458286	-140.0533024	755.5260243	98.17427265	31.8709068	513.6355476	163.3368167	-102.8013329	507.7291623	172.8603634	-123.2176167	648.7563538	126.7384214	-38.63224711	734.1806629	216.7007556	228.0220471	815.2926974	-36.72023217	93.13594528	500.5462878	-76.96536353	214.8315154	519.8848527	-121.454882	218.4954021	667.6212798	-72.29611301	185.1628854	693.8759827	73.23883639	-100.6056661	459.1670596	177.6783699	22.43157481	96.57260223	189.5024999	-63.48561039	74.82448674	159.5351107	-32.50844303	413.0900704	235.5461727	-112.7232344	373.3917754	171.955054	219.8357615	485.5592331	-143.4390398	116.2063487	137.1950178	-305.272629	191.895351	149.7906073	-354.218931	189.5300669	414.7207013	-103.2068189	226.6167164	424.1595241	-181.957265	-34.42076578	38.59757712	355.3887028	-9.629947942	33.26185861	93.64566008	1.116438006	27.78703735	311.6898982	-107.1474218	30.44122429	294.5815194	-94.41087127	42.83078638	252.2026804	0.320680287	51.81995281	277.96268	127.4602701	132.2971168	-418.3368071	181.7974446	34.72386739	-201.9881232	137.5774011	32.61906645	-236.2014683	241.4922408	24.95516088	-269.8742372	231.4180197	49.34265681	-294.7542976	135.8647847	59.13781193	-257.1983842
769	7.68	-83.3952801	986.2699282	138.9692914	177.7538102	972.4138819	116.9703272	28.44549135	1014.966144	-59.44121516	-142.5975244	755.5950864	104.7029635	30.8016906	513.9102115	169.5953862	-104.073554	507.3185661	178.7064724	-124.6948611	648.6566343	133.2947095	-40.61798481	734.2892576	223.8040793	225.4143576	815.1907153	-29.51712694	92.8422645	500.0005726	-69.54592755	214.3450125	520.3235931	-114.2881225	216.9276359	667.9668227	-65.15796978	183.6039371	693.860163	80.62935317	-101.7297189	458.6870195	183.0769472	22.64256722	96.51538353	190.1866829	-63.30303397	74.90948154	160.2315966	-33.43030401	412.3055953	240.6511881	-113.430895	373.0016655	176.3765043	219.4822381	486.1561841	-136.5053111	116.6232437	139.3360669	-302.1159865	192.3203351	152.7210246	-350.8199676	189.4542607	414.7711412	-96.86759398	226.4477546	425.1534366	-175.5894566	-34.45198644	37.65569474	355.9559113	-9.529820749	33.62400387	93.86397515	1.164973742	27.47764019	312.0411349	-107.0802926	30.36108852	294.9716985	-94.32294545	42.82377538	252.5086831	0.562366634	51.2850412	278.2622736	127.8063235	136.7417517	-415.2536004	181.8663756	34.79324016	-201.324016	137.6238645	32.99344502	-235.3705885	241.5331658	25.48171993	-269.0828278	231.6050104	50.7671645	-293.4926843	135.9790221	59.98576848	-255.6535841
770	7.69	-86.07758397	986.4721141	146.31556	175.070214	972.2960997	124.0412203	25.70009446	1014.970499	-52.23625417	-144.9746463	755.7189648	110.9171743	29.55802511	514.135447	175.6488049	-105.327693	506.8192165	184.2573263	-126.2559789	648.5900346	139.5204087	-42.77567323	734.3657525	230.7826846	222.777849	814.9787771	-22.31427793	92.58924935	499.4246442	-61.9455618	213.9229678	520.684017	-106.8459605	215.3583074	668.2227567	-57.89173172	181.9550476	693.85896	88.1260039	-102.9860312	458.1359348	188.2171398	22.70663537	96.51191715	190.7568315	-63.17965309	74.95513647	160.6762501	-34.46451843	411.5019291	245.4449541	-114.3112027	372.5495499	180.5428782	219.1705961	486.6774392	-129.3276551	116.9669698	141.5802098	-298.8196537	192.691834	155.7335507	-347.2512192	189.3953961	414.7731115	-90.26591162	226.4139152	426.0536491	-169.0222166	-34.51035293	37.01501034	356.35066	-9.474916927	33.9069337	94.03060445	1.18469848	27.32005121	312.3494142	-107.0733981	30.19759896	295.2030646	-94.28898593	42.76919782	252.727215	0.700540542	50.9099664	278.4801261	128.0806059	141.3239225	-411.9429376	181.9307477	34.90033425	-200.5483988	137.7100333	33.49327068	-234.4443917	241.5183892	26.05623937	-268.3399899	231.7623493	52.34591404	-292.2204438	136.077521	60.95189803	-253.9907802
771	7.7	-88.68814729	986.6679162	153.5778308	172.4613898	972.2595	130.9857662	23.02085776	1015.064703	-45.16490214	-147.3238627	755.8344896	116.83034	28.1380549	514.3205535	181.3644877	-106.6669695	506.339722	189.5540793	-127.9609193	648.4983434	145.3830055	-45.15378412	734.3281397	237.6086935	220.0962761	814.7098251	-15.11900151	92.39728388	498.7900135	-54.17236026	213.5650656	520.9713249	-99.10830248	213.7705926	668.3156009	-50.39509708	180.2510438	693.9070154	95.7392685	-104.3552065	457.5563066	193.0927293	22.69274016	96.47007584	191.1500436	-63.13824093	74.97629405	160.9559665	-35.57215224	410.6393182	249.7677955	-115.3190414	372.0417754	184.4416324	218.9325892	487.1446676	-121.8407716	117.2555459	143.9198908	-295.310021	192.9971105	158.8496909	-343.4826001	189.3528735	414.7234949	-83.39415747	226.4907496	426.9615985	-162.2555582	-34.58953848	36.58067189	356.6228015	-9.444738043	34.10946991	94.15784132	1.166550101	27.2607321	312.6079484	-107.1162506	29.99096868	295.2878402	-94.29177093	42.65044096	252.848301	0.760700311	50.71172966	278.6933132	128.3319044	146.0139105	-408.3600134	181.9887957	35.03209027	-199.6863531	137.8065564	34.0842185	-233.4309569	241.5361325	26.74972639	-267.5930802	231.8899154	54.0934396	-290.8482799	136.1490702	62.01042983	-252.2137225
772	7.71	-91.23418382	986.8398377	160.7558988	169.9214102	972.3389188	137.8083449	20.41408821	1015.293977	-38.29820677	-149.7176084	755.8324964	122.6448112	26.57999486	514.4764943	186.7129643	-108.1864081	505.8833407	194.5228272	-129.8216738	648.3757969	150.8818323	-47.78110331	734.1196953	244.2471463	217.3818914	814.4367996	-7.920804949	92.25301922	498.097711	-46.15712286	213.2641738	521.197128	-91.0575532	212.1862968	668.2703826	-42.68296038	178.5413437	694.0259362	103.4519356	-105.8281288	457.0294407	197.694802	22.62175077	96.40563192	191.4322323	-63.19989168	74.99756407	161.2131163	-36.76563688	409.7069389	253.5957851	-116.4004051	371.5189301	188.0510374	218.7744906	487.5782933	-113.989158	117.4804005	146.367411	-291.5690356	193.2443071	162.1010716	-339.4733554	189.327062	414.6213304	-76.246241	226.6049777	427.9503453	-155.1589006	-34.67301026	36.27453106	356.8208313	-9.428914304	34.25048012	94.26294223	1.127233588	27.21671692	312.7878842	-107.1971033	29.84206036	295.331198	-94.32592075	42.49600482	252.8959108	0.759949714	50.63153018	278.8984854	128.5949438	150.8267324	-404.4970367	182.0803526	35.15943272	-198.7423404	137.8871659	34.74366734	-232.3252618	241.6264894	27.63857734	-266.7486678	231.992993	56.02875745	-289.2768431	136.2122536	63.15084508	-250.3363512
773	7.72	-93.73075166	986.9694846	167.8446584	167.4371325	972.5678624	144.5097921	17.85679517	1015.646633	-31.57742709	-152.1381603	755.7041898	128.4432687	24.93405112	514.6227857	191.7836544	-109.8476115	505.3813663	199.0637439	-131.8250751	648.2293915	156.024557	-50.64928112	733.7114402	250.6586886	214.6882365	814.2005135	-0.700696817	92.11925122	497.3673462	-37.82007902	212.9929512	521.3695049	-82.68338478	210.6521864	668.1694488	-34.77247582	176.8741106	694.2284627	111.264558	-107.3764142	456.5805311	201.9844052	22.47113857	96.4172192	191.7632921	-63.36396519	75.01003193	161.5277354	-38.08279251	408.7474605	257.0812798	-117.5104943	371.0102404	191.3386699	218.6555912	487.9841284	-105.7764986	117.6312997	148.9398482	-287.6159472	193.4491293	165.5055745	-335.2053425	189.3107586	414.4665149	-68.8136545	226.7363312	429.0104212	-147.6883535	-34.75158504	36.03442497	356.9770009	-9.417111661	34.36330512	94.35698399	1.084748376	27.14745462	312.895196	-107.2844176	29.75768113	295.4070051	-94.40008417	42.36270234	252.9252104	0.715299332	50.57957351	279.0528494	128.8274541	155.8223422	-400.3554063	182.2572432	35.23730733	-197.7225398	137.9507224	35.50384969	-231.0905943	241.7323927	28.74616142	-265.775587	232.0702581	58.17702631	-287.4943961	136.3139661	64.39303419	-248.3855871
774	7.73	-96.19621628	987.042346	174.8249038	164.9922232	972.9575771	151.080545	15.3062402	1016.0551	-24.82839746	-154.5588126	755.511986	134.0699055	23.24544949	514.7553106	196.6578388	-111.5491093	504.8203211	203.1407048	-133.9425171	648.0328047	160.822306	-53.69050474	733.1040112	256.814494	212.0908269	814.0217994	6.556156246	91.96471816	496.623901	-29.1519951	212.7161729	521.4722364	-73.9644211	209.2264973	668.0606481	-26.63050748	175.2673324	694.5162207	119.1995711	-108.9645176	456.1426157	205.8926837	22.24472105	96.52621575	192.2033195	-63.59625234	74.99313964	161.8717514	-39.54101752	407.8187618	260.3912693	-118.6323162	370.5413449	194.3097226	218.5622221	488.3501431	-97.19283998	117.7183062	151.6229822	-283.4475231	193.5966999	169.0597392	-330.6933041	189.2767887	414.2510873	-61.08340924	226.8807605	430.0367568	-139.8298211	-34.82294332	35.82195681	357.1067904	-9.404809103	34.4866122	94.43826383	1.044418965	27.07256401	312.972916	-107.359722	29.69367669	295.5148226	-94.52579916	42.28258084	252.9817943	0.644122949	50.52300881	279.1519731	128.9087007	161.0428827	-395.9125501	182.5419686	35.21526699	-196.6483933	138.0121583	36.42480586	-229.6813491	241.7630516	30.08559031	-264.7131129	232.0981863	60.54194909	-285.5550637	136.4763102	65.76055649	-246.3823952
775	7.74	-98.64579435	987.0644202	181.678001	162.5715217	973.4949392	157.5075542	12.74584221	1016.489477	-18.04988672	-156.9090115	755.3361699	139.3944506	21.55070754	514.8222047	201.2693502	-113.1814103	504.2395549	206.7512104	-136.1168229	647.7542148	165.3127741	-56.7853304	732.3323991	262.6976242	209.6484713	813.8984739	13.85473926	91.75542255	495.9005204	-20.19474368	212.433092	521.4664353	-64.8449362	207.9594537	667.9041169	-18.23652308	173.7026547	694.8847289	127.2887038	-110.5598249	455.6017982	209.3576574	21.97968474	96.65675539	192.6728969	-63.84777934	74.95241358	162.1721087	-41.10314028	406.9165162	263.4749922	-119.7697603	370.0919216	196.9683534	218.5080224	488.6444734	-88.18953079	117.72756	154.380844	-279.0365888	193.6187107	172.7487606	-325.9456134	189.186428	413.9686284	-53.0304768	227.0428702	430.9569165	-131.5478041	-34.88624471	35.6244189	357.2160653	-9.399985744	34.63571312	94.50218757	1.004604251	27.02666263	313.0554622	-107.4394606	29.64312258	295.630593	-94.70554233	42.22807126	253.0644295	0.550798511	50.47936785	279.2191111	128.7538064	166.4765612	-391.122149	182.8836314	35.08935477	-195.4901587	138.0713174	37.5164827	-228.0939421	241.6981987	31.74471024	-263.5666703	232.0396983	63.12951787	-283.4701039	136.6089665	67.24184431	-244.2793127
776	7.75	-101.086861	987.0632105	188.3932719	160.1612417	974.156565	163.7796309	10.19476911	1016.97707	-11.46042191	-159.1414806	755.2141065	144.4437991	19.86466108	514.7873532	205.4791832	-114.6731621	503.6227941	209.9001201	-138.2911432	647.4074615	169.5664602	-59.79554092	731.4643464	268.2948735	207.3906791	813.8085935	21.2014071	91.45092241	495.2386116	-10.98906801	212.1856891	521.3167156	-55.24781949	206.8786831	667.6232536	-9.596403637	172.1377969	695.3267466	135.559861	-112.1428817	454.9231276	212.3928439	21.68929849	96.76058429	193.0918969	-64.09362627	74.9031286	162.3923931	-42.69766593	406.0436391	266.2463201	-120.9274242	369.6069949	199.3057778	218.4637818	488.8244017	-78.75433236	117.5937511	157.213015	-274.3259503	193.4407478	176.5692459	-320.9138688	189.0029273	413.6204662	-44.62065439	227.2388366	431.7980429	-122.863286	-34.94466333	35.44677578	357.3082062	-9.416738089	34.78605808	94.54827022	0.963845712	27.02418113	313.145964	-107.5394177	29.60815723	295.7328821	-94.91360988	42.11633835	253.1196161	0.430172573	50.46931086	279.2698115	128.3787677	172.1007132	-385.9366484	183.1730406	34.92319393	-194.128949	138.114084	38.7269111	-226.3509427	241.5896296	33.84758038	-262.247436	231.8663846	65.99071206	-281.181738	136.5764141	68.82661918	-241.9709381
777	7.76	-103.5135906	987.0728138	194.9586974	157.7570649	974.9207763	169.8890918	7.67868592	1017.534386	-5.202770194	-161.280451	755.1384517	149.3126168	18.18926643	514.6845696	209.2249459	-116.1114205	502.9364679	212.7433686	-140.4373641	647.0545079	173.6641967	-62.5932424	730.5885139	273.6022908	205.3320968	813.7218528	28.61774681	91.03846666	494.6745592	-1.57867375	211.9964409	520.9975474	-45.14068129	205.9905673	667.178175	-0.710246729	170.5200527	695.8279714	144.018928	-113.7277771	454.2069462	215.1041227	21.35385726	96.85909985	193.4491483	-64.33694571	74.84319053	162.5362423	-44.26312766	405.2775438	268.829796	-122.106747	369.103513	201.3827533	218.3701861	488.8581029	-68.9141492	117.2514595	160.1580442	-269.2355757	193.0540417	180.5404612	-315.5007159	188.694506	413.2063837	-35.81328145	227.4268839	432.5315224	-113.805873	-35.00557431	35.30012987	357.3892409	-9.463763443	34.9087691	94.57653422	0.921475927	27.05594016	313.2309648	-107.6413	29.55186857	295.7940533	-95.10895264	41.8917336	253.0990912	0.280492996	50.49937013	279.3084387	127.8130817	177.9243091	-380.3082543	183.3458515	34.77045075	-192.4706536	138.1486566	40.00531731	-224.4275108	241.4568554	36.41143464	-260.66863	231.5677847	69.17380088	-278.6330638	136.3837025	70.56740569	-239.3577678
778	7.77	-105.9026779	987.1197505	201.3563909	155.3780413	975.7705286	175.832591	5.212421761	1018.128939	0.807747907	-163.3535285	755.1195194	154.0818728	16.54266535	514.5757898	212.541516	-117.7019653	502.3059358	215.607803	-142.5230709	646.7732491	177.6746521	-65.08009161	729.7903264	278.6329936	203.4681388	813.6129271	36.12308933	90.55420169	494.1997194	7.996466287	211.8162023	520.500962	-34.56555693	205.2795108	666.5781205	8.432400068	168.8021762	696.3732087	152.6397773	-115.3339764	453.5811896	217.6100324	20.9580829	96.98428586	193.7636438	-64.59146114	74.76547217	162.6214958	-45.76111906	404.6524768	271.3338602	-123.3071708	368.6736791	203.3183851	218.1902079	488.73207	-58.68058373	116.6890471	163.2299302	-263.7078795	192.4875902	184.6707504	-309.6385038	188.2432443	412.7156895	-26.55905506	227.5227871	433.0713635	-104.3252534	-35.07230969	35.18781652	357.4645665	-9.537205862	35.01071988	94.58805434	0.876267229	27.10233683	313.3000534	-107.7213431	29.44642997	295.8051428	-95.28856465	41.61497489	253.0324172	0.105278618	50.56700369	279.3359087	127.021757	183.9621362	-374.1762352	183.4285032	34.61892892	-190.5207669	138.1853129	41.33350031	-222.2537554	241.2548026	39.34296632	-258.8378524	231.1448273	72.67292055	-275.8075894	136.1552891	72.53206097	-236.3568294
779	7.78	-108.2157156	987.2158182	207.5615053	153.0669925	976.692667	181.6095804	2.813081437	1018.710939	6.713701726	-165.36102	755.1927151	158.7978825	14.95771307	514.4914807	215.5064792	-119.4430135	501.9078633	218.6111073	-144.4903416	646.6260445	181.6433122	-67.20071709	729.1215918	283.4076758	201.7525792	813.4715198	43.69407687	90.03828366	493.7366503	17.77859503	211.5679527	519.8433841	-23.59753732	204.6980092	665.8541671	17.83351517	166.9602633	696.961642	161.3711298	-116.9282336	453.086148	219.9673752	20.50868919	97.13828431	194.0480754	-64.86993147	74.67813942	162.6762717	-47.1733538	404.0894011	273.643806	-124.5146643	368.3710045	205.17645	217.9384248	488.4498148	-48.02963125	115.9242132	166.4009204	-257.7200639	191.7289496	188.9314279	-303.3267412	187.6594286	412.133346	-16.81949062	227.4832871	433.4475109	-94.34838157	-35.14335762	35.09825205	357.5333241	-9.62809116	35.11656259	94.58577476	0.828046627	27.14921459	313.3521128	-107.7791187	29.3225749	295.7999875	-95.48555436	41.39146848	252.9980031	-0.09143095	50.66790515	279.3521943	125.9502626	190.1985238	-367.4811063	183.4818412	34.43237643	-188.3223948	138.1710986	42.71515267	-219.7946447	240.9701424	42.59841232	-256.7620962	230.6012008	76.45543158	-272.6928553	135.9265919	74.69748439	-232.9592914
780	7.79	-110.4112022	987.3601034	213.546099	150.8714441	977.6796683	187.2244049	0.506865855	1019.271425	12.52743811	-167.2973186	755.3726124	163.4688405	13.46009675	514.4272371	218.1986857	-121.0471249	501.6828801	221.4878027	-146.297949	646.6299684	185.5800525	-68.94955022	728.5860743	287.9390902	200.1166519	813.2928095	51.27363823	89.48102668	493.2008616	27.9143329	211.2181915	519.0512873	-12.30395441	204.1617532	665.0349369	27.46670386	165.007144	697.611447	170.1629723	-118.425876	452.7329533	222.2161009	20.03178182	97.30489552	194.3076413	-65.17223151	74.6020361	162.7311386	-48.50162228	403.5058428	275.6265795	-125.6967821	368.1467693	206.9154855	217.6675399	488.0382175	-36.92851913	114.9601993	169.6307006	-251.2608742	190.7416425	193.2780335	-296.5691843	186.9780907	411.4615405	-6.599243501	227.3011643	433.761134	-83.87548741	-35.2181372	35.01549134	357.5927057	-9.733416868	35.2260168	94.5728819	0.778723638	27.19725112	313.3952115	-107.8157208	29.21128369	295.8125643	-95.70615003	41.21618503	253.0099342	-0.304993013	50.79789518	279.3563185	124.5929945	196.5897599	-360.1842707	183.5544428	34.19869744	-185.9035276	138.0273535	44.16332932	-217.0769567	240.6489696	46.22085364	-254.3519911	229.9403727	80.51212568	-269.2170034	135.6110529	76.95803798	-229.2489502
781	7.8	-112.4624056	987.5449178	219.2989231	148.8193973	978.7275085	192.6934152	-1.684124298	1019.844543	18.17023791	-169.1479133	755.6215421	168.0612996	12.06383573	514.3723468	220.6855775	-122.3159057	501.3967849	224.0115869	-147.9527566	646.7431719	189.4498148	-70.36777995	728.1498674	292.2328292	198.5326527	813.0470159	58.83764964	88.85227485	492.5833248	38.53290198	210.7710548	518.1709081	-0.730792045	203.5729187	664.1461617	37.27111174	162.9910483	698.3488017	178.9875048	-119.7694886	452.5488694	224.4042632	19.56149567	97.47703325	194.551606	-65.48428786	74.56162061	162.8095462	-49.75813562	402.9114442	277.3437532	-126.8218851	367.9233608	208.4723531	217.3697281	487.533812	-25.39907632	113.796248	172.8733159	-244.3236144	189.5255914	197.6626067	-289.3277373	186.2392093	410.7275434	4.045579163	226.9947712	434.0514439	-73.01279988	-35.29642983	34.93414007	357.6437513	-9.847594955	35.32392423	94.556895	0.727811458	27.26129545	313.4443254	-107.8385402	29.11894222	295.8512468	-95.92339811	41.00927337	253.0153629	-0.528135059	50.95167624	279.3479618	122.986464	203.0709239	-352.2649082	183.6658199	33.91664674	-183.2711215	137.7716457	45.69395402	-214.1189776	240.3084897	50.2076741	-251.5091265	229.1576944	84.86284952	-265.2448115	135.1553651	79.23252892	-225.2636671
782	7.81	-114.3683056	987.7584974	224.8392911	146.9081193	979.8245985	198.0382841	-3.747178285	1020.451339	23.6041961	-170.8865628	755.8554332	172.5109061	10.77857395	514.320336	223.023241	-123.3359829	500.9323643	226.2939972	-149.4820819	646.8981002	193.1930714	-71.53331069	727.7624456	296.3003728	197.0215418	812.6923214	66.39566313	88.154953	491.9250971	49.63047024	210.2282845	517.2704806	11.07923197	202.8630522	663.2186972	47.16227301	160.9809499	699.1914508	187.8238645	-120.9836989	452.4401988	226.4794096	19.11851682	97.66045916	194.7917925	-65.79092055	74.56312185	162.9125932	-50.95032954	402.3647033	278.9589301	-127.8739498	367.7157237	209.8825825	216.9279625	486.956682	-13.52408584	112.445494	176.0743388	-236.9136015	188.0991346	202.0318831	-281.5705834	185.4715731	409.9690119	15.03947927	226.5978893	434.3157616	-61.91023877	-35.37633638	34.86060514	357.6895222	-9.948294744	35.40831187	94.55547869	0.670970692	27.3581095	313.5124624	-107.8777396	29.06284978	295.9175412	-96.12477337	40.7782012	253.0097474	-0.75165473	51.12280949	279.3307677	121.1492495	209.5529	-343.718677	183.783776	33.53960935	-180.4273714	137.5071995	47.30971824	-210.8848286	239.912418	54.45851943	-248.2083191	228.2498651	89.48991377	-260.6936879	134.5734357	81.49569746	-220.9641327
783	7.82	-116.1498873	987.9845196	230.1996023	145.1144243	980.9450586	203.2638156	-5.675253662	1021.07944	28.82141175	-172.503621	756.005463	176.7633879	9.609089006	514.2615165	225.2536088	-124.3140564	500.4256545	228.5372646	-150.8973471	647.0467768	196.7596997	-72.54908068	727.3780492	300.1658909	195.5687973	812.2506884	73.89561664	87.41266795	491.2412261	61.10282523	209.5822286	516.3964365	23.05462211	202.0274118	662.2958062	57.0527123	159.0499463	700.1397336	196.6320077	-122.119709	452.2202151	228.314992	18.69940781	97.85177499	195.028222	-66.07915832	74.57786674	163.0088732	-52.07796245	401.8883813	280.5506677	-128.8528909	367.5890836	211.2287797	216.2584322	486.3284606	-1.387191469	110.9155447	179.1843679	-229.05321	186.4371781	206.3509312	-273.350173	184.6882837	409.2224387	26.32227747	226.095628	434.5428326	-50.64056713	-35.45580094	34.8031092	357.7327739	-10.00253088	35.46076343	94.60422964	0.612593888	27.47688346	313.5890214	-107.9383162	29.04031372	296.0025573	-96.31555147	40.58985934	253.0297121	-0.966310766	51.30281201	279.3129208	119.0459508	215.9373545	-334.5821927	183.8235849	32.93146366	-177.4153773	137.2788603	48.94217845	-207.3767406	239.4251054	58.85261266	-244.4617725	227.2311975	94.29662356	-255.6155501	133.8686958	83.74066969	-216.3467562
784	7.83	-117.838283	988.1995838	235.394865	143.4134574	982.0456734	208.3329055	-7.467054608	1021.703484	33.79084508	-174.0041267	756.0899959	180.8065197	8.545650818	514.1800481	227.4014393	-125.398424	500.1271313	230.7445955	-152.1975419	647.1655709	200.1169453	-73.52449677	726.9667403	303.8620897	194.095198	811.8118063	81.2155025	86.63748586	490.5211203	72.84293401	208.8321696	515.5667074	35.12156689	201.1257441	661.4246354	66.86259953	157.2625968	701.1829277	205.3577943	-123.1998519	451.8708869	229.9090892	18.28987693	98.03042288	195.2501612	-66.33380957	74.57385618	163.0663101	-53.14657348	401.4596232	282.0924059	-129.7680535	367.5149312	212.4851557	215.4418961	485.7061631	10.92088857	109.1909504	182.1882669	-220.7819791	184.4586499	210.6319173	-264.8274262	183.8941103	408.5114841	37.83409811	225.3992087	434.6995858	-39.10973876	-35.53529313	34.76281179	357.7749688	-9.991635143	35.4368939	94.7489663	0.573363116	27.55878391	313.6241167	-107.9830971	29.00587613	296.0850999	-96.494181	40.44224053	253.0643542	-1.168799781	51.48118872	279.3008418	116.6085925	222.1231769	-324.9542461	183.73126	31.92089294	-174.3227607	137.0714819	50.46918728	-203.6506986	238.8348132	63.30484638	-240.2820664	226.1085652	99.17441372	-250.1152373	133.0546804	85.98130946	-211.4289802
785	7.84	-119.4628661	988.3801629	240.421807	141.787755	983.0581334	213.147333	-9.121088477	1022.285861	38.53730645	-175.3731963	756.1787709	184.6431204	7.562639756	514.0629957	229.4893886	-126.5896347	500.1331082	232.7821885	-153.3876587	647.2472146	203.2465272	-74.55154278	726.5133408	307.4242605	192.5484637	811.4285795	88.28206992	85.83577865	489.7632814	84.77566146	208.0014082	514.7972991	47.24764343	200.23255	660.6246991	76.51927279	155.6663868	702.3110847	213.9638112	-124.2453036	451.5706099	231.398034	17.87973072	98.18664347	195.458419	-66.5469452	74.54883063	163.0843333	-54.18200622	401.0499869	283.5385157	-130.6290164	367.4129589	213.5619703	214.6196737	485.1566289	23.26134163	107.2479114	185.1271665	-212.1418186	182.0910319	214.9257315	-256.1839341	183.1003608	407.8402142	49.48729376	224.3947718	434.7780365	-27.06269851	-35.62086285	34.73304176	357.8142966	-9.93547944	35.33580177	94.99387088	0.563131965	27.55222985	313.5737806	-107.9993712	28.91754715	296.1427637	-96.65875402	40.29218647	253.0836422	-1.3677672	51.65159472	279.2938276	113.7576756	227.9620592	-314.9841452	183.6264558	30.56959778	-171.1069339	136.9407262	51.88335822	-199.57748	238.1358646	67.76382663	-235.6624939	224.863645	104.0598752	-244.2495143	132.2029511	88.26815882	-206.1092644
786	7.85	-121.045139	988.520383	245.2839137	140.2259016	983.9201787	217.6224247	-10.63562826	1022.780995	43.18789866	-176.5923104	756.314294	188.269933	6.626304757	513.9153851	231.5538757	-127.7751788	500.2925568	234.574692	-154.4834361	647.3009137	206.1444433	-75.69215557	726.0165731	310.8872035	190.9562233	811.0742247	95.11884908	85.03854405	488.9919845	96.86790439	207.1257935	514.0963173	59.4041074	199.3862677	659.875235	85.98630471	154.2861567	703.513595	222.4435173	-125.2891961	451.4428753	232.8701807	17.46323886	98.34142153	195.6739937	-66.72755987	74.52070008	163.0780082	-55.22938208	400.6504165	284.8758635	-131.4540368	367.2884173	214.4615794	213.8472229	484.7127859	35.49755221	105.0868093	188.0547205	-203.1460951	179.326827	219.2559306	-247.4884622	182.3420374	407.2239873	61.20317901	223.1145838	434.8576616	-14.3992327	-35.72209044	34.70449112	357.8484341	-9.894774357	35.23681635	95.24766671	0.552691038	27.5037146	313.4774977	-108.022953	28.74750751	296.1397243	-96.8190827	40.12830564	253.089042	-1.57799059	51.81689218	279.2880026	110.3722289	233.1959287	-304.8490151	183.8176336	29.58122697	-167.3029096	136.9888131	53.41442181	-194.6597045	237.3466459	72.26163487	-230.4990813	223.4952335	108.9293857	-237.9821354	131.4074866	90.68498985	-200.0721718
787	7.86	-122.5985575	988.6334583	249.9959039	138.7158882	984.6489676	221.8473548	-12.02370578	1023.170402	47.84506774	-177.6863618	756.4943347	191.6885234	5.697869507	513.7606317	233.6262232	-128.8793881	500.3758862	236.1438068	-155.5117797	647.3426213	208.8159889	-76.97867971	725.486433	314.2794573	189.3729182	810.7049547	101.7848218	84.31622659	488.2658751	109.1331415	206.2423051	513.4670726	71.52412545	198.6066088	659.1537936	95.31384594	153.1231717	704.7775233	230.8058582	-126.3532517	451.4170623	234.2770686	17.04252275	98.51828621	195.9139553	-66.88502292	74.51247109	163.0473277	-56.3324384	400.2663256	286.1224155	-132.2716342	367.1864857	215.2455563	213.1202588	484.3864547	47.57979912	102.7518089	190.9478308	-193.7511765	176.1892701	223.557149	-238.6947208	181.6818742	406.7200833	72.9588334	221.8545589	435.1209869	-1.699765345	-35.84329283	34.67378928	357.8800896	-9.934478157	35.24290388	95.37546616	0.499602898	27.52608134	313.4326875	-108.0808853	28.47272577	296.0433215	-96.98751534	39.95543883	253.0896975	-1.807048273	51.98422851	279.282931	106.3037493	237.4974769	-294.70346	184.5838721	30.20850381	-162.045733	137.2546394	55.44698592	-188.196652	236.5713394	76.99782155	-224.5062818	222.056772	113.8283814	-231.1417036	130.7577151	93.34855907	-192.8373495
788	7.87	-124.1271817	988.7345214	254.5664252	137.246495	985.3327775	226.0434346	-13.31277384	1023.484275	52.47191455	-178.7081945	756.6765282	194.8987892	4.745337251	513.6228472	235.720463	-129.9493691	500.3081977	237.5508251	-156.5053766	647.3827512	211.2782679	-78.41431766	724.9375064	317.6174645	187.8329429	810.3260704	108.3191199	83.73545523	487.6352475	121.5432161	205.4112393	512.9294935	83.53860042	197.9299232	658.4824075	104.6143331	152.1606925	706.1017897	239.0606145	-127.4490098	451.3314331	235.5157988	16.63314555	98.71632856	196.174785	-67.02414694	74.53881088	162.9927989	-57.50947382	399.9050478	287.3097793	-133.0985833	367.107313	215.9434515	212.4184228	484.2072276	59.54253516	100.3118982	193.6849523	-183.8716578	172.7214538	227.6952418	-229.6912942	181.1744956	406.3905844	84.7257696	220.8525959	435.8233725	10.03126367	-35.97881208	34.64850184	357.9153217	-10.05663428	35.3901724	95.35069234	0.393956906	27.66186055	313.4751867	-108.1580523	28.14872469	295.909575	-97.1698236	39.77485715	253.0889293	-2.052262961	52.15867938	279.2843062	101.5660987	240.6865392	-284.5708755	185.9341224	33.17366338	-154.6523828	137.7238998	58.21629948	-179.7248346	235.9496585	82.17502606	-217.3139713	220.6175082	118.8429958	-223.4345339	130.3214026	96.33113845	-184.0263305
789	7.88	-125.6267559	988.8334502	258.9941956	135.8147624	986.0332904	230.3156559	-14.5258844	1023.764636	56.96167917	-179.6915411	756.8226555	197.9153761	3.76518691	513.5184118	237.8508879	-131.0690831	500.1866313	238.865622	-157.4883801	647.4265312	213.5682742	-79.97366038	724.3863689	320.9079561	186.3754397	810.029551	114.7134575	83.3029443	487.1103207	133.9746873	204.6918177	512.5397156	95.42437697	197.3882927	657.9182352	113.949246	151.3738087	707.5099953	247.2193069	-128.5130844	451.1189085	236.5487585	16.24337062	98.93153634	196.4510327	-67.17137642	74.58674093	162.9534631	-58.74665051	399.576793	288.4761196	-133.9171681	367.0670487	216.5917878	211.6822307	484.232566	71.41692389	97.83150244	196.1059318	-173.4412915	169.0583314	231.5018794	-220.2733659	180.8364201	406.2589399	96.43472185	219.8610286	437.1652949	20.48847651	-36.11832374	34.63878073	357.9581632	-10.19362377	35.62035849	95.28828437	0.259349749	27.84926828	313.5501751	-108.2326402	27.91675915	295.8671242	-97.36488314	39.5952719	253.0964235	-2.310362713	52.34521365	279.3026797	96.50220801	242.8615026	-274.2642096	187.5805313	37.78354096	-145.1785088	138.3348731	61.49508866	-169.4007083	235.4875834	87.64317169	-208.7115177	219.2020197	123.8958608	-214.6090761	130.0577096	99.47894558	-173.6949777
790	7.89	-127.0939562	988.9395399	263.2771765	134.4166428	986.7609405	234.5984447	-15.66963066	1024.022091	61.26254938	-180.6372545	756.9417994	200.790937	2.78436829	513.4614018	240.0252513	-132.2176786	500.1083236	240.1480957	-158.4647596	647.4873085	215.7441822	-81.60973425	723.8541886	324.1577621	185.0945568	809.9872293	120.9028441	82.9851233	486.7371857	146.3636549	204.0788188	512.3945129	107.2150317	196.9840367	657.5231356	123.2822967	150.7407694	709.0496405	255.2998315	-129.2991453	450.8919467	237.4413352	15.8566337	99.17707032	196.7466583	-67.35375107	74.64074988	162.9680126	-60.00233765	399.2923266	289.6570046	-134.6665654	367.1048079	217.2143464	210.8605468	484.514067	83.18531597	95.37172681	198.0866781	-162.4339511	165.4094499	234.7875925	-210.2193279	180.6683236	406.3406331	108.1004763	218.4270719	439.082023	30.30870461	-36.2535391	34.64448828	358.009462	-10.29197013	35.84742696	95.29917261	0.121800273	28.02229177	313.6052266	-108.3115276	27.84451757	295.9518803	-97.55810378	39.41906897	253.1101304	-2.581067602	52.54768726	279.3457344	91.59885453	244.2681152	-263.493574	189.1133051	42.59824814	-134.2833293	138.9255138	64.70720978	-157.8978527	235.0209312	92.89685338	-198.7736429	217.7871809	128.6374667	-204.6773515	129.7824667	102.4114277	-162.3288873
791	7.9	-128.533512	989.0623272	267.4194694	133.0379204	987.526787	238.8110724	-16.74245238	1024.263164	65.3792939	-181.5270064	757.0611228	203.5903192	1.844525899	513.4603242	242.2297046	-133.2706768	500.0826999	241.4350524	-159.4210974	647.5797251	217.8689747	-83.264534	723.365213	327.3800942	184.0973299	810.3142194	126.850568	82.7510463	486.625952	158.7816974	203.5129615	512.5560538	118.9499796	196.6998094	657.3397122	132.5407271	150.2518558	710.7733313	263.3192899	-129.6500892	450.8199304	238.2908328	15.47006798	99.45572643	197.0523523	-67.55383233	74.7202759	163.0173986	-61.21452638	399.0513356	290.866565	-135.2913586	367.1970073	217.7709169	209.977957	485.0433032	94.83251999	93.0019455	199.5779644	-150.8383189	161.9470706	237.409241	-199.4593788	180.6560482	406.6630492	119.8565533	216.645501	441.0410056	40.3171224	-36.37754053	34.65541774	358.0668601	-10.35378612	36.00402714	95.41200233	-0.007208478	28.17150956	313.643635	-108.4127185	27.86843351	296.075414	-97.71502586	39.21608022	253.0907283	-2.856708148	52.75721193	279.4098451	87.15128055	245.1476193	-252.1094711	190.2349047	46.65278999	-122.6429918	139.3000022	67.38944191	-145.8588274	234.3837198	97.4565368	-187.8127049	216.3259863	132.665117	-193.9019542	129.308592	104.8141475	-150.4358785
792	7.91	-129.9532138	989.2066239	271.4351659	131.6663104	988.3533903	242.9281524	-17.75585802	1024.51662	69.33537753	-182.3638632	757.1951501	206.3675612	0.992553586	513.5107478	244.4413448	-134.1329672	500.0708669	242.7514611	-160.3362911	647.6887887	219.9825354	-84.87829243	722.9322302	330.5896712	183.3663879	810.882785	132.6837301	82.56728012	486.8385562	171.208598	202.937628	512.9731496	130.6067178	196.5089914	657.3603694	141.665296	149.9042312	712.7053894	271.2733015	-129.9052518	450.9147699	239.1591697	15.13601996	99.72761371	197.3297869	-67.73855757	74.84934129	163.0712283	-62.31274477	398.8453287	292.0948328	-135.8083399	367.2777134	218.2797457	209.0871057	485.74493	106.3877881	90.78432055	200.5882983	-138.6767525	158.754225	239.3378814	-188.0903934	180.7292394	407.213479	131.7984405	215.0852277	442.3292489	51.13975976	-36.48109339	34.66225601	358.1247584	-10.40873013	36.08465629	95.59388644	-0.127328951	28.31432359	313.6914742	-108.5305707	27.89830616	296.1573244	-97.80646637	38.96565886	253.0057019	-3.113415249	52.94808125	279.4834346	83.18742266	245.6404592	-240.1929498	190.8823176	49.75708781	-110.5399019	139.3735324	69.42926678	-133.4817349	233.5441318	101.0909533	-176.2042437	214.7796307	135.8036797	-182.5071562	128.6034681	106.6401141	-138.1913672
793	7.92	-131.3508534	989.3642805	275.3421398	130.3029282	989.250373	246.9483356	-18.73863052	1024.791367	73.18213815	-183.1687166	757.3477426	209.1632781	0.269993236	513.5968117	246.6199691	-134.808864	500.0379936	244.1230588	-161.1803378	647.7805421	222.1010258	-86.39556129	722.5423129	333.7946565	182.7549026	811.426298	138.6051268	82.39707418	487.354521	183.4658427	202.3311583	513.5326438	142.1399303	196.3819408	657.5373288	150.6331462	149.6854076	714.8230759	279.1304576	-130.4614782	451.0186757	240.1029694	14.92247133	99.93702941	197.5343426	-67.89405927	75.02642757	163.1485564	-63.22488278	398.6663708	293.3208925	-136.258118	367.3101783	218.8831423	208.207663	486.5185157	117.894289	88.72800715	201.1603262	-126.0513986	155.828672	240.6331765	-176.2614773	180.766402	407.9141829	143.9008793	213.913249	442.8673737	62.88580131	-36.5556172	34.66017641	358.1773748	-10.48341208	36.21983171	95.74309156	-0.236033341	28.44839478	313.7558994	-108.6373238	27.86904087	296.1706092	-97.84769195	38.74016011	252.911785	-3.318828497	53.09171263	279.557839	79.62160271	245.7127345	-227.9162898	191.1570014	52.13421507	-97.85384736	139.1887558	70.94065586	-120.5781133	232.5670984	103.7649242	-164.1176282	213.1683368	138.1228825	-170.4927471	127.7569507	108.0015919	-125.4653129
794	7.93	-132.7098124	989.5117423	279.1546843	128.9604744	990.2072706	250.8755033	-19.72031814	1025.058779	76.98556621	-183.9156419	757.5035457	211.9895075	-0.305722887	513.7005135	248.6953237	-135.345568	499.9699016	245.5658944	-161.9209846	647.8391398	224.2364488	-87.76769358	722.1637674	336.9914815	182.1540177	811.8494112	144.6495371	82.21598696	488.1556182	195.4574409	201.7132691	514.1492613	153.5572088	196.2870315	657.8122852	159.4569951	149.5675731	717.073263	286.8603773	-131.1398329	451.0072188	241.1895475	14.83449446	100.0846116	197.6701653	-68.00597576	75.24280487	163.2900128	-63.88756633	398.4984316	294.5199463	-136.6117783	367.2954432	219.7014495	207.3541715	487.2570652	129.3426893	86.77260003	201.3507093	-113.1039872	153.1174046	241.3524324	-164.072859	180.6591804	408.6706784	156.0877496	212.8149456	443.2294786	75.011378	-36.60017618	34.64567564	358.2218097	-10.55957641	36.53278919	95.76780901	-0.319367541	28.53693515	313.8147149	-108.7095552	27.75217723	296.1126686	-97.88123479	38.66086557	252.9151787	-3.451436194	53.1725455	279.6310058	76.40088283	245.2088867	-215.3877091	191.1807571	54.0753781	-84.30355156	138.821204	72.06441198	-106.8759421	231.5289197	105.5879585	-151.3890577	211.5706766	139.7481463	-157.7448269	126.8468633	108.9857024	-112.0541287
795	7.94	-134.0121274	989.6214801	282.8913047	127.6553926	991.2041147	254.7155524	-20.72017878	1025.302912	80.77117323	-184.5584509	757.6146368	214.8249329	-0.74056435	513.8100442	250.6048216	-135.7619908	499.8643555	247.0702957	-162.5418602	647.8588075	226.3972229	-88.95136718	721.7644844	340.1588895	181.5613446	812.2516322	150.6840252	81.99914835	489.2178525	207.1933001	201.1192454	514.7818171	164.9002226	196.1891173	658.134904	168.164486	149.5136409	719.4100755	294.4620872	-131.5673523	450.8954018	242.4290227	14.81874914	100.2327182	197.8076148	-68.05762005	75.48099563	163.4967739	-64.27513657	398.3150763	295.6728716	-136.8190865	367.2558023	220.7234437	206.5581426	487.8756104	140.6975123	84.87152642	201.1944154	-99.86233967	150.5870469	241.4723963	-151.5361001	180.3609068	409.4275886	168.3113796	211.6573027	443.7440767	87.00581086	-36.62133247	34.61932706	358.2584834	-10.5897769	36.92259892	95.7082477	-0.36649274	28.55279615	313.8489257	-108.7390129	27.60197713	296.0250097	-97.91606068	38.74168519	253.0270424	-3.51031901	53.19233968	279.7027461	73.53718596	243.9811603	-202.6257303	191.0253069	55.75361727	-69.67785049	138.3182395	72.86257871	-92.22906999	230.4805363	106.7485191	-137.7104153	210.0596253	140.7335766	-144.1833641	125.89039	109.6031725	-97.84175819
796	7.95	-135.2499736	989.6732393	286.5779926	126.3997404	992.2236368	258.4651346	-21.74799442	1025.54618	84.50654186	-185.1270708	757.6143552	217.639391	-1.04216138	513.9092036	252.3221074	-136.0497637	499.723838	248.5984796	-163.0332212	647.8239519	228.5807321	-89.90616726	721.3210821	343.2550148	181.000365	812.7221628	156.5968255	81.70945718	490.4765128	218.6748167	200.5645788	515.4225465	176.2008375	196.0678734	658.4974437	176.8031	149.47872	721.8169946	301.9552779	-131.6774351	450.7399207	243.7382043	14.85233724	100.4020358	197.9846544	-68.05267493	75.7025468	163.7165715	-64.42237237	398.1015852	296.7710186	-136.8920808	367.2105171	221.8453521	205.8324415	488.3752307	152.0359095	83.07470578	200.6959716	-86.18902533	148.2496295	240.9214928	-138.6077711	179.883194	410.1869385	180.5737398	210.5623049	444.2215482	98.82557178	-36.62588252	34.58686412	358.2903772	-10.57055609	37.2052036	95.6676752	-0.38514357	28.51486075	313.8669352	-108.727942	27.53649281	295.9909614	-97.92199331	38.87817725	253.1561367	-3.507267187	53.16460589	279.7707408	71.05585716	241.9756916	-189.6052756	190.7170783	57.17496474	-53.91672854	137.7088583	73.3214142	-76.62875626	229.4445363	107.3525234	-122.9207136	208.668659	141.0720787	-129.7878287	124.8794862	109.8333976	-82.82396133
797	7.96	-136.4199885	989.6541815	290.2363899	125.1972919	993.2537646	262.108646	-22.8046083	1025.812302	88.16018371	-185.6731791	757.4537923	220.4098286	-1.212955616	513.9635542	253.8409563	-136.2088504	499.5600081	250.0992024	-163.3711728	647.7219041	230.7738154	-90.60100955	720.8212554	346.229517	180.4729376	813.2642208	162.3740361	81.31805507	491.8891877	229.9608914	200.0411652	516.0896557	187.4705608	195.9345339	658.9374317	185.4304165	149.4117222	724.295475	309.3493882	-131.5478312	450.5271712	244.9884478	14.96241432	100.5337595	198.1426353	-68.01247345	75.87510404	163.8950311	-64.40487792	397.8675016	297.7997087	-136.8693357	367.1515289	222.9559469	205.1535635	488.8229748	163.5045061	81.4542024	199.8387423	-71.97766301	146.1469364	239.6802932	-125.2394446	179.2688055	410.9866699	192.9068577	209.5958393	444.4266178	110.593722	-36.61481874	34.55187568	358.3192038	-10.5311206	37.34748277	95.68024128	-0.390277761	28.4594001	313.8842271	-108.6866221	27.61851943	296.0552364	-97.88085473	38.99028098	253.2378392	-3.455244691	53.10459782	279.8322188	68.95802055	239.2276739	-176.2751778	190.2571754	58.23685872	-37.08139093	137.0271936	73.41403256	-60.11812622	228.4411054	107.380546	-107.0707075	207.4010689	140.7353738	-114.5866934	123.8378441	109.6639305	-67.03441504
798	7.97	-137.5135993	989.5604282	293.8753568	124.0487356	994.2817354	265.6298985	-23.87893261	1026.093921	91.74018198	-186.1143827	757.1721495	223.1349102	-1.257509361	513.9373387	255.1671676	-136.2574838	499.3926888	251.5297924	-163.5351468	647.5621365	232.9555391	-91.0278407	720.2649887	349.0443303	179.9740877	813.8434583	168.0547909	80.82154183	493.438772	241.1521313	199.5343403	516.8118074	198.7096604	195.824636	659.5100868	194.0819638	149.2665297	726.8479087	316.6334869	-131.2262378	450.210224	246.0937561	15.15306486	100.5872466	198.2249123	-67.95670714	75.99699884	164.0239422	-64.28442123	397.6309429	298.7337897	-136.7728926	367.0478391	223.98051	204.4945569	489.2720102	175.1103812	80.00854969	198.5909577	-57.28185902	144.3521368	237.7799134	-111.3823669	178.5694902	411.8641502	205.3382347	208.7452021	444.3510499	122.4154904	-36.58478257	34.50911084	358.3366368	-10.48488832	37.42353982	95.71909755	-0.387145267	28.40722799	313.9073403	-108.6305274	27.78604648	296.1720411	-97.8060269	39.07815038	253.2764795	-3.363002445	53.02095918	279.8875854	67.23173824	235.794675	-162.5672939	189.6552705	58.86870916	-19.28212071	136.3049967	73.13668817	-42.73722591	227.5031962	106.7848724	-90.29316164	206.2526007	139.7086841	-98.62913048	122.8334798	109.0971699	-50.49084956
799	7.98	-138.5176587	989.4031527	297.491601	122.962225	995.2918275	269.02224	-24.95139757	1026.36727	95.27298041	-186.3008863	756.9247753	225.8593146	-1.184062784	513.8258956	256.3190866	-136.2306911	499.2359953	252.8666509	-163.5420556	647.3772145	235.1013485	-91.20784532	719.6622279	351.682026	179.4999159	814.4325554	173.6733045	80.23858481	495.0846118	252.2850463	199.0331855	517.621972	209.932516	195.7615154	660.243388	202.7388058	149.011328	729.4742607	323.7902805	-130.7945611	449.8315168	247.0746818	15.38602568	100.5846044	198.2450174	-67.89121498	76.08096223	164.1236578	-64.07610579	397.3996873	299.554599	-136.6135633	366.870001	224.8807898	203.8504149	489.7537177	186.7411031	78.72045275	196.9303037	-42.17689685	142.9176115	235.2382226	-97.00064763	177.8374135	412.8421632	217.8678725	208.0163551	444.1523017	134.3948454	-36.53856155	34.45263635	358.3297164	-10.43606823	37.48655774	95.75530507	-0.371038445	28.35822178	313.9348775	-108.5688445	27.92767553	296.2614444	-97.71825221	39.16760942	253.2960148	-3.233742426	52.91402869	279.9408213	65.86695716	231.7283909	-148.4229066	188.9531301	59.10336089	-0.61630819	135.562544	72.49219482	-24.52591129	226.6490806	105.5185936	-72.71767553	205.2419733	138.0084931	-81.95023707	121.9106898	108.1354256	-33.22687155
800	7.99	-139.4219281	989.2051964	301.0745421	121.9530732	996.2678483	272.2948162	-26.00132762	1026.625669	98.7651607	-186.2300721	756.8106929	228.6092965	-1.010769539	513.6623157	257.3099946	-136.1844405	499.0902823	254.1021926	-163.4429213	647.2010421	237.1836765	-91.18472949	719.0324352	354.1423121	179.044684	815.0226172	179.2360867	79.6062747	496.8005587	263.3645906	198.5322617	518.5444661	221.1478356	195.7127519	661.0940444	211.3348735	148.6278106	732.1655676	330.7988788	-130.3921133	449.4991748	247.9994052	15.63054457	100.5571025	198.2381084	-67.80610739	76.13638948	164.2051231	-63.77292982	397.1722369	300.2573956	-136.3924218	366.6262119	225.6666852	203.2276029	490.2947252	198.3253059	77.62628239	194.8544748	-26.64829672	141.822319	232.0575489	-82.09895608	177.124816	413.9380837	230.4751531	207.4284567	443.9931438	146.5779707	-36.48833316	34.39433219	358.3093223	-10.38330392	37.54038011	95.77975172	-0.338139484	28.29887689	313.959275	-108.4960786	27.98601525	296.288205	-97.62664617	39.2708148	253.3125403	-3.067854214	52.78195451	279.9967792	64.8587794	227.0848292	-133.8109251	188.2082634	58.97794848	18.8320461	134.8258352	71.47689982	-5.538466034	225.8692526	103.5421471	-54.45469583	204.4061126	135.6659689	-64.5784014	121.0503408	106.7726862	-15.29924528
801	8	-140.2234811	988.9892467	304.6106843	121.0317287	997.19588	275.4769064	-27.0065222	1026.87526	102.1902055	-186.0142816	756.7234304	231.3048369	-0.777649991	513.4923317	258.1347349	-136.1704656	498.9491616	255.2380504	-163.2907114	647.0435045	239.1733276	-91.01059163	718.4042908	356.4368088	178.6047521	815.6122521	184.728747	78.9692524	498.6098725	274.4116285	198.0394662	519.5683968	232.2919392	195.6205823	662.0119727	219.8426273	148.1081289	734.8954936	337.6233866	-130.1274971	449.2428808	248.8687928	15.88311006	100.5167373	198.2263285	-67.6899099	76.17564329	164.2710602	-63.39193885	396.9505051	300.8526852	-136.1204396	366.3823015	226.3991252	202.632544	490.91155	209.8393317	76.78096061	192.3658741	-10.64833932	141.0366948	228.2493623	-66.69561554	176.4737645	415.1651197	243.1279734	206.9360813	443.9242274	158.9303726	-36.44085309	34.3527586	358.3051697	-10.31465685	37.56894141	95.79953452	-0.289601399	28.21365667	313.9677084	-108.4082939	27.95754241	296.2539945	-97.53085838	39.38382713	253.3317259	-2.875199553	52.6322394	280.0568239	64.19493762	221.9126457	-118.7287015	187.49375	58.4778158	38.96512028	134.1383287	70.11237918	14.15454986	225.1735708	100.89012	-35.57918826	203.7665023	132.7187563	-46.55893519	120.2386969	105.023612	3.267793026
802	8.01	-140.9276864	988.7719911	308.0866791	120.1977433	998.0656144	278.6072033	-27.94282158	1027.110665	105.5307543	-185.7142719	756.5510971	233.8534121	-0.541521992	513.3474261	258.7883066	-136.1815958	498.8110312	256.2752348	-163.1256348	646.8960697	241.0544423	-90.7332249	717.8046554	358.5816312	178.1764731	816.1956258	190.1328594	78.35970779	500.5250419	285.3866002	197.5873782	520.6701564	243.2374079	195.4733889	662.9914578	228.2633836	147.4567527	737.631701	344.2318851	-130.0371869	449.033299	249.6456509	16.14044624	100.4697993	198.2229642	-67.5516601	76.21740368	164.3321869	-62.99487688	396.7442096	301.3662665	-135.8412105	366.2001844	227.1088432	202.0720124	491.6173048	221.2602898	76.21307796	189.4783477	5.845887295	140.5480788	223.8752594	-50.81002445	175.9055084	416.5252583	255.7817823	206.450971	443.9374227	171.3134292	-36.39282406	34.32378017	358.3176386	-10.22846076	37.57431287	95.82020957	-0.22574388	28.08464336	313.9375309	-108.3239694	27.86315925	296.1648151	-97.43082489	39.4925533	253.3507157	-2.689330087	52.48657547	280.111635	63.83474982	216.2225812	-103.1569473	186.9130228	57.63657274	59.69059258	133.5612016	68.48909746	34.49906164	224.6341555	97.71232659	-16.10210643	203.3261805	129.2338789	-27.95762507	119.5537303	102.9571635	22.47641889
803	8.02	-141.5497858	988.5659831	311.4935369	119.4431416	998.8665936	281.7099167	-28.7980992	1027.333063	108.7958632	-185.3667745	756.4112096	236.300345	-0.35470734	513.2359158	259.2988116	-136.1620839	498.6800244	257.2069587	-162.9858377	646.7686217	242.8391593	-90.39475907	717.2475343	360.5921266	177.749288	816.769546	195.4411972	77.79649022	502.4981107	296.1399488	197.2093849	521.877967	253.9199737	195.302163	664.0172396	236.5451335	146.6942799	740.3671788	350.6573975	-130.156443	448.9198494	250.3661303	16.38143838	100.4248858	198.232711	-67.41881307	76.27251331	164.3980467	-62.66831738	396.5661965	301.8303944	-135.6179231	366.0735825	227.7341692	201.5477715	492.4236372	232.5640716	75.92308521	186.2397938	22.84236353	140.2981641	219.067244	-34.48856339	175.4252609	418.0057028	268.3870334	205.9645943	444.0231857	183.5400995	-36.34590847	34.29265791	358.3189849	-10.14643463	37.59083439	95.83580878	-0.149682938	27.90492784	313.8518544	-108.2661754	27.76752842	296.0584344	-97.33353018	39.58524992	253.3680119	-2.554199235	52.36784308	280.1424496	63.72690844	209.9651175	-87.01731183	186.5723509	56.62159751	80.98972092	133.1927238	66.74680864	55.5114395	224.3463518	94.22028167	4.007559607	203.0890007	125.3267866	-8.838379966	119.1560057	100.6764287	42.2617878
804	8.03	-142.1118767	988.3804032	314.8263312	118.7555348	999.5898218	284.790144	-29.58457669	1027.561421	112.0019139	-185.0783621	756.4647617	238.7723132	-0.251628971	513.1482113	259.7218864	-136.0859241	498.5603737	258.02707	-162.909323	646.6994782	244.5526926	-90.04285398	716.7339075	362.4862907	177.3187981	817.3450159	200.655109	77.290715	504.4897243	306.5656933	196.8831384	523.2479587	264.4108711	195.1342038	665.0822144	244.6489576	145.8466902	743.1242988	356.9867865	-130.4589059	448.9813722	251.0947046	16.58211389	100.3910319	198.2578394	-67.3116905	76.33525621	164.4616099	-62.47547023	396.4242494	302.2745998	-135.4937115	365.9732742	228.2117084	201.0522389	493.3333891	243.7077216	75.89080433	182.7298823	40.36516635	140.2088091	213.9529165	-17.77057305	175.0244047	419.5669281	280.8760012	205.5210011	444.1076862	195.5733608	-36.30835024	34.26318783	358.3080231	-10.09038583	37.65113007	95.83987916	-0.077913743	27.71640497	313.7410594	-108.2321462	27.74970052	296.0042395	-97.25287003	39.66416098	253.3881439	-2.484066785	52.28243571	280.1445963	63.82356995	203.094283	-70.25690244	186.5464026	55.67953231	102.9306198	133.1569431	64.98651346	77.19928964	224.3648936	90.60704549	24.74628114	203.0737115	121.1572669	10.78244238	119.1809452	98.27836347	62.52179513
805	8.04	-142.636343	988.2190905	318.080324	118.1184949	1000.238376	287.8531189	-30.31516278	1027.798317	115.1846467	-185.0090022	756.5765529	241.2829483	-0.243048513	513.0724094	260.1140241	-135.9813498	498.4554195	258.7423811	-162.9166715	646.7062666	246.1965346	-89.73755156	716.2536127	364.2921214	176.9027743	817.931496	205.7774879	76.83979735	506.5156739	316.7042492	196.5306175	524.741373	274.7647532	194.9774553	666.2229642	252.6098741	144.922674	745.9023143	363.223759	-130.7369644	449.143737	251.7840129	16.73045003	100.3767062	198.3085936	-67.23147368	76.39105407	164.5023788	-62.42229732	396.3145178	302.7147166	-135.4546218	365.8973205	228.570421	200.5863528	494.3446392	254.6166958	76.07910736	179.0140442	58.44084228	140.2386122	208.5858978	-0.654118995	174.6923376	421.1628229	293.166984	205.0738469	444.1076341	207.5180361	-36.28549733	34.2456165	358.311207	-10.05691577	37.74223529	95.83898477	-0.026724236	27.5831497	313.6667152	-108.2043035	27.81395801	296.0254589	-97.19971271	39.73400642	253.4108526	-2.454363809	52.22081972	280.1395659	64.05896342	195.6662084	-52.94100453	186.8867839	54.97784486	125.52124	133.5199699	63.23111191	99.42863041	224.7045795	87.03631503	46.06479936	203.3187617	116.9030515	30.92914989	119.6306648	95.84319679	83.28276033
806	8.05	-143.1449596	988.0800966	321.2508074	117.5120873	1000.825427	290.91438	-30.96676364	1028.020261	118.3684749	-185.2817158	756.4507674	243.6838197	-0.309787381	513.0105795	260.536373	-135.9042184	498.3680311	259.3687245	-163.008	646.7585112	247.7436127	-89.5399849	715.7869548	366.0482685	176.5252186	818.5129471	210.8204549	76.43177902	508.5622403	326.5896183	196.0936911	526.2377463	284.8988923	194.8209838	667.4633778	260.4653677	143.9213026	748.6544288	369.2613502	-130.8607154	449.235616	252.3312568	16.82579297	100.3801445	198.3836433	-67.1683826	76.43166912	164.5071666	-62.46924867	396.2235426	303.1362765	-135.4564913	365.8511278	228.8842651	200.1541465	495.4249636	265.2019946	76.44277193	175.0861394	77.01628225	140.3642405	202.9770866	16.87203286	174.4428185	422.8086387	305.242932	204.5105046	444.0225961	219.4031972	-36.28010127	34.23160579	358.3311779	-10.02724648	37.81796153	95.84870202	0.009396018	27.51295757	313.6457222	-108.1753987	27.88906665	296.0756104	-97.17204364	39.78757392	253.4263966	-2.437969613	52.17337388	280.1474738	64.36496497	187.8084609	-35.14864757	187.6382363	54.51469106	148.5868549	134.2577529	61.48952402	122.0393293	225.3675768	83.6294687	67.8855111	203.8509084	112.6866091	51.55682489	120.3951062	93.40435024	104.6242868
807	8.06	-143.6610366	987.9591022	324.3353695	116.9147749	1001.36193	293.9932872	-31.49771266	1028.21395	121.4830481	-185.8534818	756.0887994	245.8290619	-0.417889638	512.9778463	261.0291014	-135.9047821	498.298923	259.923835	-163.1754744	646.8198361	249.1780201	-89.49400152	715.3123631	367.7938668	176.193335	819.0574153	215.8078504	76.04317973	510.571152	336.2095872	195.5774399	527.6964265	294.7421411	194.6352628	668.7589399	268.1799234	142.8647067	751.3391654	375.0423918	-130.9762952	449.2150359	252.7412998	16.87676324	100.3862174	198.4583863	-67.11351951	76.46433017	164.4897499	-62.56862213	396.1349994	303.5017627	-135.4803385	365.8300671	229.184443	199.7165745	496.4953155	275.4312602	76.93962937	170.9010268	95.95205595	140.5692707	197.1578326	34.81548857	174.2927124	424.5696021	317.1707451	203.8481819	443.8592142	231.1209064	-36.29019504	34.2111667	358.3441736	-9.994530395	37.84853645	95.87805288	0.038805993	27.47232534	313.6449471	-108.1468122	27.9343974	296.1211927	-97.16015095	39.81863671	253.4281133	-2.428404936	52.13832418	280.1658947	64.70425073	179.6311679	-16.84499592	188.8239669	54.19551148	171.8858047	135.3475434	59.80128875	144.9962531	226.3410794	80.41846086	90.07908804	204.6446422	108.5364877	72.52616239	121.3847562	90.9322574	126.4671737
808	8.07	-144.2072164	987.8526431	327.3368526	116.3065599	1001.855325	297.1037136	-31.90317694	1028.390417	124.4130331	-186.5558662	755.7920853	247.7066316	-0.548063755	512.9873955	261.5685893	-135.9862334	498.2480198	260.4311167	-163.3997384	646.8790125	250.5181568	-89.61516313	714.8195505	369.5565971	175.9058241	819.5504964	220.7603393	75.60734071	512.5721974	345.7194784	195.0159826	529.1496502	304.3211651	194.3900225	670.0127089	275.6566347	141.7951343	753.9470414	380.6197695	-131.22641	449.1772406	253.1044372	16.89520689	100.3878691	198.5190859	-67.0628518	76.49436653	164.4683758	-62.69346829	396.038439	303.8021356	-135.5197075	365.8252722	229.4425517	199.2133072	497.5154603	285.415362	77.54066292	166.4846484	115.1808276	140.8485586	191.1872451	53.18280777	174.2115578	426.460545	329.0029835	203.2513396	443.5872839	242.6035581	-36.30682057	34.19771978	358.3341108	-9.978751956	37.8533202	95.90789863	0.046031645	27.46223219	313.64859	-108.1266769	27.97659766	296.1721368	-97.15709151	39.83159137	253.4168785	-2.430580715	52.11800992	280.1828242	65.06392318	171.2172498	2.055299639	190.4199324	53.9511958	195.2702243	136.8174037	58.18908054	168.2792378	227.5869697	77.36957329	112.4963573	205.6468493	104.4884906	93.77430846	122.5967525	88.40901633	148.670733
809	8.08	-144.7983343	987.7523877	330.2624609	115.6745561	1002.312773	300.2468654	-32.21626728	1028.551507	127.1673951	-187.2463498	755.7426382	249.4181457	-0.698385554	513.0363314	262.1147331	-136.1099045	498.2130638	260.916953	-163.6465882	646.9336454	251.7997299	-89.88911889	714.3139367	371.3491873	175.6666782	820.009048	225.678755	75.03220883	514.6814931	355.3844507	194.4277604	530.5797731	313.6618661	194.0822703	671.1761036	282.8647448	140.7457278	756.4750002	386.0645204	-131.6010593	449.2062792	253.4876871	16.89089407	100.3879964	198.5690292	-67.01385329	76.51147	164.43465	-62.8466385	395.9348012	304.0872302	-135.5654226	365.8305505	229.6268816	198.630437	498.5011215	295.2986637	78.23431008	161.9531092	134.7716804	141.1928506	185.1145606	71.94617556	174.1277791	428.4273007	340.7259377	202.7989457	443.2039962	253.9522928	-36.32374892	34.20688059	358.3039177	-10.00678759	37.88948207	95.8829752	0.014193414	27.5184227	313.6830654	-108.1346769	28.03207768	296.2180274	-97.15980114	39.82625349	253.3924087	-2.448918555	52.11636519	280.1924062	65.4421008	162.6432474	21.56971634	192.3444916	53.77939434	218.7047847	138.6483608	56.62717228	191.7890191	229.0469555	74.45843024	135.059907	206.8169202	100.6220676	115.3622116	124.0561803	85.8762228	171.1763976
810	8.09	-145.4346978	987.6417044	333.1189023	115.0183806	1002.736222	303.4125655	-32.46241835	1028.673242	129.9047351	-187.7373278	755.8206143	251.125957	-0.874462129	513.1010038	262.6864383	-136.2469057	498.1849399	261.4005976	-163.894827	646.9758906	253.0551359	-90.28004505	713.807276	373.1728836	175.4754409	820.4789958	230.5279932	74.297148	516.8962075	365.1549711	193.8046415	531.9355545	322.7659154	193.7338659	672.2995621	289.8960983	139.7317846	758.9096773	391.4094719	-131.9882534	449.2991036	253.8899056	16.87664501	100.3745429	198.5953785	-66.96750116	76.51384508	164.3775766	-63.05044479	395.8252826	304.4121164	-135.63247	365.8481771	229.7538518	197.9842727	499.4235005	305.0768204	79.01820098	157.4235934	154.7646032	141.5976606	178.9743687	91.04393821	173.973481	430.4145064	352.3000724	202.418454	442.7684076	265.254685	-36.34358256	34.23257782	358.2728145	-10.06527405	37.99776816	95.75050738	-0.046156901	27.65238025	313.7728518	-108.1771257	28.05544843	296.211372	-97.16650987	39.79049925	253.3518409	-2.484975701	52.13745318	280.1955777	65.85951937	153.9762463	41.62892201	194.4794652	53.72510671	242.2184971	140.7131633	55.10663512	215.4393619	230.6605341	71.69421486	157.7905751	208.1160915	96.93053679	137.2883263	125.7349314	83.38622621	193.909696
811	8.1	-146.1041652	987.510439	335.9135812	114.3460306	1003.118165	306.5878593	-32.65574474	1028.729921	132.7694389	-187.8333974	755.7344512	252.9619799	-1.097461061	513.1541635	263.3755522	-136.4061186	498.1596538	261.8970742	-164.1548326	646.9974216	254.3042252	-90.74747495	713.3098771	375.0229958	175.3225066	821.0296477	235.2375444	73.47217918	519.0631659	374.6362963	193.1215282	533.1838281	331.629459	193.3646972	673.4248152	296.8226081	138.7548033	761.2296625	396.6536422	-132.1828493	449.3731408	254.2474829	16.85298742	100.344799	198.5944526	-66.9309044	76.51683082	164.3064214	-63.32484285	395.7024541	304.7847763	-135.7537702	365.8890946	229.86528	197.2809247	500.2329446	314.6738984	79.89084633	152.9662335	175.0822535	142.0788062	172.8229585	110.435531	173.7087319	432.3960244	363.7002344	202.0400449	442.3517028	276.4160649	-36.37127153	34.26299994	358.257866	-10.10769646	38.17776855	95.50519333	-0.108963419	27.81910661	313.8881414	-108.2228295	27.97769667	296.1212572	-97.17711845	39.70971883	253.29071	-2.539562583	52.182916	280.1927789	66.37674893	145.2972609	62.14247058	196.7073538	53.85152614	265.8522828	142.8644125	53.70229551	239.2164429	232.3784822	69.08860166	180.7397719	209.5114042	93.33814747	159.4642481	127.5358116	80.9902734	216.762533
812	8.11	-146.7903388	987.3655084	338.6583268	113.6639376	1003.447104	309.7607451	-32.81859695	1028.725795	135.7181061	-187.6123919	755.3043025	254.9216759	-1.401773627	513.1878866	264.2984516	-136.6214005	498.1492684	262.4231151	-164.4391614	647.0007584	255.5576838	-91.25910036	712.8287196	376.8947639	175.1979924	821.6539807	239.8048001	72.60747885	521.0840947	383.5649759	192.3635203	534.3278147	340.2681979	192.9783912	674.5034038	303.6101813	137.8027712	763.4131022	401.7828436	-132.0712011	449.3213207	254.4895452	16.78025988	100.3483693	198.6186252	-66.91184344	76.52735057	164.2294366	-63.67880882	395.5616238	305.1976014	-135.9560368	365.9604319	229.9766046	196.5251036	500.9341641	324.0882351	80.84718802	148.633607	195.6155718	142.6793469	166.7401321	130.1258716	173.3192372	434.3634341	374.9264383	201.6298336	441.9365684	287.3098262	-36.40622044	34.29707025	358.2571374	-10.1217458	38.3891318	95.21900759	-0.157817543	27.95766492	313.9673175	-108.2429313	27.81650576	295.9911409	-97.19871361	39.58621461	253.2135884	-2.616331469	52.25323289	280.1784145	67.08434811	136.7347231	83.06234862	198.9132028	54.21264707	289.6169542	144.9970951	52.52522581	263.1171817	234.1523975	66.63816085	203.924041	210.9903292	89.85425919	181.8634247	129.3460171	78.77486303	239.7027603
813	8.12	-147.4743616	987.2177481	341.3675561	112.9813569	1003.716515	312.9204702	-32.96317552	1028.693219	138.5723557	-187.4362073	754.8003052	256.8805066	-1.787707681	513.2006963	265.4726506	-136.9326443	498.1664019	262.9955574	-164.736778	647.004105	256.8316736	-91.79419595	712.3639419	378.7890939	175.0920322	822.1718825	244.3872768	71.67503858	522.9898233	392.0054115	191.5499164	535.419958	348.7711156	192.5642465	675.4726107	310.2194899	136.8513573	765.4427399	406.786959	-131.8439756	449.0962185	254.6104014	16.61869546	100.4274271	198.7138435	-66.91599807	76.53871414	164.147534	-64.12312805	395.402644	305.6653755	-136.2564735	366.0503732	230.0692202	195.7322016	501.5517648	333.3727759	81.87396671	144.5114953	216.2761148	143.4791976	160.7851071	150.1239987	172.8021039	436.3160545	385.9924699	201.1493024	441.4289241	297.9913396	-36.44348407	34.33697494	358.260317	-10.14022973	38.54291307	95.0357371	-0.197306221	28.05729028	313.9925306	-108.2618944	27.68639162	295.9045448	-97.24788987	39.45583517	253.1526686	-2.724022062	52.3477288	280.1423007	68.05961006	128.4308335	104.3208904	200.963903	54.82424829	313.4847062	147.0082364	51.62982205	287.09084	235.9213563	64.34856772	227.3277054	212.5265934	86.55488601	204.5093667	131.077302	76.82432083	262.7336821
814	8.13	-148.1333082	987.0671495	344.0539751	112.3225218	1003.928717	316.0616268	-33.07144374	1028.633814	141.3137246	-187.6159087	754.7337263	258.7244227	-2.188012823	513.1700238	266.7657506	-137.3589241	498.2063732	263.6328194	-165.023158	647.0214965	258.1484528	-92.34508736	711.9081162	380.7180174	174.998171	822.4352659	249.0962206	70.63142398	524.8245703	400.1051318	190.7149015	536.481595	357.2116253	192.1042172	676.3299462	316.6815294	135.8712549	767.3064189	411.6582019	-131.8726429	448.7786587	254.7119086	16.39373572	100.547256	198.8445482	-66.95113121	76.54495649	164.0711287	-64.66419199	395.2183388	306.2095842	-136.63964	366.1326796	230.1369929	194.9247156	502.0829149	342.5721438	82.95009732	140.7225399	237.0010256	144.5373795	155.0001286	170.3885477	172.1521256	438.2533736	396.9101817	200.6264704	440.7793372	308.7002447	-36.48072293	34.37878089	358.2616977	-10.18745403	38.59567586	95.00703316	-0.242872734	28.14733013	313.9950616	-108.3234198	27.63728621	295.8734356	-97.33301853	39.35316466	253.1360374	-2.870163042	52.4567778	280.0763271	69.32315283	120.5014619	125.7277287	202.7182	55.66723286	337.4174081	148.7765384	51.01388599	311.0585325	237.6147551	62.23589177	250.9222619	214.0582818	83.47565017	227.3884063	132.6512299	75.16733106	285.8003133
815	8.14	-148.7457498	986.9039468	346.7244966	111.7158379	1004.094725	319.1940535	-33.1172429	1028.500116	144.1211149	-188.0894481	755.1358532	260.4753084	-2.52938639	513.0702927	268.0671928	-137.8430011	498.2412567	264.3509338	-165.2744771	647.0393952	259.5184594	-92.91290493	711.4497092	382.7023308	174.9144541	822.5378401	253.8002141	69.47531026	526.5778374	407.9155419	189.8788824	537.442717	365.5389305	191.5753997	677.0937074	323.0403574	134.8386267	769.0017871	416.3864234	-132.3011257	448.5086347	254.9507776	16.17609723	100.6525558	198.9489526	-67.01759496	76.54787886	164.0162359	-65.25317508	395.0002182	306.8325644	-137.0196937	366.1907981	230.2485572	194.1204873	502.4933618	351.7027154	84.04005901	137.3265742	257.7100028	145.824133	149.4494446	190.8484353	171.3512051	440.1724748	407.6931421	200.1533563	440.0054989	319.6192574	-36.51854269	34.41447168	358.2602004	-10.25526474	38.64715664	94.95990087	-0.30014281	28.23325613	313.9916518	-108.4184576	27.63129339	295.863908	-97.43868204	39.27466585	253.147407	-3.041073896	52.56082046	279.9928836	70.85375198	113.0216401	147.0954804	204.0494871	56.73251734	361.4012734	150.196655	50.69358637	334.9687248	239.1539399	60.29207652	274.6632828	215.5089734	80.59561275	250.4487479	133.9867065	73.81837414	308.8336091
816	8.15	-149.3013351	986.7163901	349.3807316	111.1727148	1004.231607	322.3523437	-33.10019553	1028.261006	147.0423788	-188.5284389	755.5279776	262.2524389	-2.790193529	512.9117189	269.4030368	-138.2481214	498.2231796	265.1522974	-165.4821387	647.0362687	260.9369326	-93.49449169	710.9731576	384.7585954	174.8239026	822.6031226	258.3604583	68.23719117	528.2282054	415.445516	189.0469545	538.2246094	373.6744323	190.9546606	677.7488697	329.2795221	133.7405613	770.538909	420.9664459	-132.8339083	448.3499466	255.4309032	16.02797116	100.7231306	199.0057105	-67.08781929	76.55386619	163.9828764	-65.75451182	394.7543648	307.5144293	-137.2771447	366.2226658	230.5293687	193.3331212	502.7515684	360.7831105	85.0911576	134.2686983	278.2616096	147.2645587	144.1858111	211.4477169	170.3667691	442.0709286	418.3561948	199.7743284	439.1541293	330.7385436	-36.55528639	34.44036053	358.2568482	-10.31999246	38.80262572	94.71819099	-0.360113286	28.27812516	313.9544683	-108.4922969	27.66507304	295.8899248	-97.54179596	39.21151338	253.156997	-3.190219347	52.64363865	279.9353717	72.63771998	105.9918045	168.4060561	204.8609179	58.05906287	385.44272	151.2006226	50.72959925	358.8161631	240.477092	58.554765	298.5707315	216.8120428	77.89003532	273.6408676	135.0130351	72.83032152	331.8217905
817	8.16	-149.8062582	986.4947551	352.0247733	110.6895558	1004.344595	325.5647246	-33.04583829	1027.929651	149.9519451	-188.7568343	755.5932827	264.1163299	-2.955315548	512.7346466	270.7963466	-138.4451098	498.1099656	266.0262234	-165.6617613	647.0213314	262.4026405	-94.07008333	710.4632608	386.8917068	174.6934005	822.569154	262.8582413	66.94085844	529.7737861	422.7144685	188.2172285	538.8145583	381.6111286	190.2349132	678.2608374	335.336626	132.5755302	771.9279815	425.405575	-133.0629348	448.3031435	256.1771579	15.98317141	100.7523529	199.0265604	-67.11820402	76.56237523	163.9537723	-66.01813165	394.4994941	308.2261974	-137.3539083	366.2171388	231.0399944	192.6017886	502.8762764	369.8458686	86.0585849	131.487322	298.5520182	148.8059094	139.2125524	232.1164593	169.1736044	443.9459265	428.8901838	199.4808561	438.2637529	341.9682185	-36.58706918	34.46340219	358.2553745	-10.35712416	38.99775573	94.37773942	-0.407845263	28.2547363	313.861735	-108.5144109	27.74279421	295.9556027	-97.62264723	39.16760437	253.1492486	-3.269577554	52.69595637	279.9332031	74.67397256	99.35877167	189.681106	205.1071026	59.72476638	409.5308995	151.7513109	51.17574746	382.60062	241.5717662	57.20325913	322.8181368	217.9425224	75.42643314	297.0030907	135.6908215	72.2517261	354.7657213
818	8.17	-150.2778638	986.2311099	354.66243	110.2590229	1004.417543	328.8230303	-32.97645808	1027.535107	152.8369204	-188.8535957	755.377008	266.0557334	-2.987575218	512.572262	272.1843085	-138.3914816	497.9016497	266.9571626	-165.8168981	647.0074369	263.9176442	-94.5962661	709.9147183	389.0968955	174.5127227	822.3280684	267.4346395	65.58348712	531.2065333	429.7191574	187.3933866	539.2541723	389.3749601	189.4309887	678.6272453	341.1860962	131.3514604	773.1676578	429.7248725	-132.9179346	448.3553113	257.1472292	16.03148286	100.7390773	199.0480422	-67.0851787	76.56414732	163.9174172	-66.00214412	394.2460398	308.9454423	-137.2705082	366.1628345	231.7133451	191.9695831	502.9158061	378.8571085	86.93094981	128.9818921	318.5888916	150.4320487	134.531755	252.798499	167.784572	445.7942068	439.2484281	199.2540275	437.325028	353.2088097	-36.61146574	34.49447493	358.2600694	-10.34678994	39.05726912	94.22655839	-0.42743466	28.18898262	313.7536746	-108.5004502	27.81780473	296.0063345	-97.65487696	39.13870226	253.1142323	-3.271718561	52.70877278	279.9600391	76.97782885	93.09583848	210.8661734	204.7979649	61.79417067	433.6278463	151.8417231	52.04285584	406.2923395	242.4281568	56.37712522	347.5321744	218.9288617	73.36664152	320.662536	136.0297618	72.06452105	377.5992826
819	8.18	-150.731388	985.9184932	357.3037941	109.8695623	1004.44485	332.1402411	-32.89387	1027.102389	155.8039059	-188.9080463	755.0029181	268.1044536	-2.873336734	512.4284394	273.5130854	-138.1539836	497.642906	267.9286905	-165.8891202	646.9440378	265.4629151	-95.01199856	709.3310823	391.3558302	174.318038	821.9241186	272.0627145	64.15195913	532.5021958	436.431859	186.5916122	539.596447	396.9803322	188.5651408	678.8997691	346.8757722	130.080253	774.2533286	433.9636781	-132.6289248	448.4283388	258.2092163	16.11045364	100.7042435	199.1250338	-66.99477688	76.55319185	163.8782983	-65.79331076	393.9810726	309.6653822	-137.0686716	366.0789463	232.4334447	191.3744217	502.8648684	387.6685563	87.72643656	126.7668559	338.4253836	152.1516572	130.1658999	273.5323066	166.2513329	447.6115794	449.3669279	199.0699863	436.3462878	364.4045857	-36.62534732	34.5315624	358.2676486	-10.28676823	38.88642906	94.43015439	-0.410994988	28.11803429	313.6806619	-108.4747931	27.85908022	296.0098694	-97.62703929	39.12353794	253.061238	-3.2237874	52.67933319	279.9745945	79.60583752	87.20319545	231.9576503	203.9820277	64.2745802	457.6842532	151.5011208	53.31217817	429.8496601	242.9926918	55.97754547	372.5646373	219.7976566	71.78636617	344.6421801	136.0723858	72.22501256	400.2464269
820	8.19	-151.1709563	985.5533817	359.9659299	109.507292	1004.433093	335.55069	-32.78437063	1026.645885	158.8754379	-188.8663263	754.5771281	270.3014764	-2.648037089	512.2817292	274.7886016	-137.8583111	497.3850431	268.9279989	-165.8004713	646.7638066	267.011214	-95.26646874	708.7184824	393.6320573	174.1523488	821.5138554	276.5916208	62.64680119	533.6345082	442.8361256	185.8282933	539.860896	404.416855	187.6556553	679.1206832	352.4442793	128.7740591	775.1913455	438.1839159	-132.3912831	448.3913471	259.1939978	16.15631449	100.6816261	199.2847507	-66.86800213	76.53340978	163.8491657	-65.51429041	393.6753853	310.378416	-136.7859032	365.984027	233.1117664	190.6922089	502.6931386	396.1495568	88.46750997	124.8367765	358.1108335	153.9662102	126.1086423	294.3713527	164.6301074	449.3867187	459.1901803	198.9061228	435.3719086	375.5394547	-36.62509219	34.55990948	358.2666743	-10.20159592	38.58979384	94.82485961	-0.376241072	28.06761638	313.6534517	-108.4472172	27.88519428	295.9951941	-97.56972123	39.13320776	253.0220893	-3.157571149	52.61930188	279.9660181	82.56798405	81.62405448	253.0527866	202.7367903	67.12438232	481.6333283	150.7865168	54.95079765	453.2352181	243.2381841	55.85357993	397.6665896	220.5258211	70.59356259	368.7780958	135.856714	72.72278474	422.7030691
821	8.2	-151.5885724	985.1433784	362.6724004	109.1655235	1004.362144	339.0206994	-32.6311781	1026.170466	162.0026912	-188.6116692	754.3299503	272.3515119	-2.375068338	512.1062359	276.0386208	-137.5916975	497.153667	269.9461237	-165.5516368	646.4944178	268.5672158	-95.3472216	708.0882847	395.8803694	174.0167356	821.1755126	280.9604144	61.09101459	534.5885005	448.9402571	185.0917885	540.0152985	411.6280614	186.717761	679.2576306	357.8475184	127.4483398	775.980327	442.4252502	-132.2297158	448.1621904	260.0050236	16.18042722	100.6806033	199.4872371	-66.72706126	76.51565125	163.8405718	-65.25553563	393.3067558	311.0475557	-136.4653869	365.8429188	233.6791838	189.9262344	502.4372024	404.3530249	89.16037209	123.1650544	377.6756333	155.8657984	122.3448085	315.2739001	162.9502089	451.0983788	468.6847571	198.7408042	434.3723949	386.512937	-36.61558703	34.5737885	358.2488029	-10.12233598	38.36147618	95.10859057	-0.357927094	28.07854131	313.6804567	-108.417712	27.91032516	295.9954917	-97.52433306	39.16775523	253.0151935	-3.097619595	52.54948836	279.9416642	85.67679274	76.25192516	274.2281817	201.1433156	70.29985749	505.3943599	149.7614405	56.9237137	476.4065654	243.2140301	56.00211517	422.7117536	221.0774682	69.68823173	392.8902525	135.4101631	73.5480863	444.9722526
822	8.21	-151.9706717	984.7114433	365.4434402	108.846807	1004.205925	342.4944952	-32.42400772	1025.675268	165.162023	-188.1067008	754.6725037	273.3911863	-2.116440659	511.8942326	277.2851916	-137.3767872	496.9456803	270.9658972	-165.220457	646.2311841	270.1594261	-95.28269187	707.460301	398.0626874	173.8875472	820.8591836	285.2414898	59.51971672	535.3602932	454.7554489	184.3285794	539.997988	418.518987	185.7669047	679.2475778	363.0197883	126.1226092	776.5718909	446.6339279	-132.0416466	447.7636352	260.6467448	16.23816259	100.6791777	199.6654458	-66.58885294	76.50952089	163.8446618	-65.07576081	392.8887728	311.6463826	-136.1591426	365.6194159	234.1020431	189.1600043	502.1022746	412.40769	89.79766907	121.71934	397.1105004	157.8309089	118.8988378	336.1551002	161.2132949	452.7183102	477.8389434	198.5595047	433.2363039	397.1484624	-36.60864342	34.58562565	358.21708	-10.05928235	38.26475177	95.20403336	-0.370327341	28.15414146	313.7474601	-108.3832584	27.91770126	296.0066304	-97.50622019	39.20796463	253.0271506	-3.060101216	52.48985791	279.9078162	88.65997534	71.06040319	295.4464425	199.2542401	73.79216942	528.9024149	148.4792982	59.21274804	499.3164244	242.9734864	56.49113356	447.6570765	221.4544339	69.07687795	416.8885626	134.7617886	74.66912898	467.0112224
823	8.22	-152.3081415	984.285064	368.2854129	108.560227	1003.969635	345.9888623	-32.14570749	1025.162706	168.3457296	-187.4896835	755.6952796	273.043533	-1.916548878	511.6569212	278.5422664	-137.2206477	496.7472649	271.9594321	-164.8835792	646.0311807	271.8019095	-95.12971034	706.8527585	400.1609982	173.7510226	820.4866545	289.5169597	57.94819868	535.9250143	460.2569189	183.4801467	539.762177	425.0158275	184.8166163	679.0662747	367.957004	124.813061	776.8958352	450.7203189	-131.7366595	447.3349888	261.2095646	16.32504954	100.6630363	199.7906298	-66.47095877	76.50801401	163.8288264	-65.01040919	392.4669317	312.2200162	-135.9173071	365.3915206	234.4529381	188.4104404	501.5964684	420.2914434	90.3759976	120.4829854	416.3797386	159.7821232	115.7704706	356.9580231	159.4150942	454.2161673	486.6494002	198.3519606	431.8854288	407.3353084	-36.61119397	34.61183824	358.1813101	-10.00633549	38.22816518	95.235267	-0.400371921	28.23522718	313.7938229	-108.351201	27.90153526	296.009355	-97.51132411	39.22768425	253.0290444	-3.054385106	52.45483965	279.8668238	91.45248282	66.14694303	316.5911222	197.1060539	77.61505998	552.1014637	146.9844519	61.82322176	521.9200469	242.5257897	57.36315201	472.4429691	221.6852318	68.82856284	440.7301064	133.944272	76.07252773	488.7739942
824	8.23	-152.6001706	983.8783912	371.1922159	108.3192872	1003.667746	349.5592897	-31.7626221	1024.64333	171.5602301	-187.0466917	756.7185153	272.6222844	-1.800749129	511.4038994	279.8150119	-137.141422	496.5614437	272.9136787	-164.5825723	645.8937489	273.4833531	-94.95910354	706.2679369	402.1859868	173.5984685	820.0029885	293.8231832	56.35895935	536.2193619	465.3894299	182.5426699	539.2974598	431.119555	183.8730735	678.721682	372.7065559	123.5294566	776.927557	454.694935	-131.3977686	447.0349012	261.809085	16.37997883	100.6400528	199.8714959	-66.39379447	76.48473272	163.7593678	-65.07561993	392.0639845	312.8229475	-135.7703255	365.3005736	234.8586827	187.6598106	500.871048	427.8922239	90.90004435	119.4619808	435.4553862	161.5964433	112.8953633	377.6311282	157.5689244	455.5665417	495.1105748	198.103497	430.4065746	417.1792803	-36.62328191	34.65820057	358.1458577	-9.962425154	38.194169	95.25888226	-0.436259499	28.28816262	313.7850881	-108.3452776	27.88872902	295.9980571	-97.5306105	39.19356655	252.9893713	-3.087967239	52.45487004	279.8189631	94.16702992	61.60866469	337.6073791	194.7452332	81.77625902	574.9121891	145.3208742	64.76700919	544.1701096	241.8782933	58.63369319	496.9492864	221.7781589	69.01439636	464.3907536	132.9932871	77.78365126	510.2275377
825	8.24	-152.8517521	983.4873873	374.1570946	108.1329461	1003.296147	353.2407475	-31.26100632	1024.124228	174.8345016	-186.9994814	757.0041649	273.7816629	-1.779066985	511.1350825	281.1103045	-137.1638956	496.4121708	273.8512785	-164.3338099	645.7949199	275.18074	-94.83932811	705.6924967	404.1772519	173.4252813	819.3719437	298.1659091	54.73936914	536.1881239	470.1305632	181.5736668	538.6122923	436.9005845	182.9349378	678.1972684	377.2901674	122.2786919	776.6872785	458.653205	-131.1927297	446.8851217	262.4786084	16.36413452	100.6144429	199.9196575	-66.35887361	76.42413606	163.6323643	-65.27101112	391.6625013	313.4607265	-135.7230793	365.3616646	235.337636	186.8930597	499.9690403	435.1743906	91.36295994	118.6759382	454.3231567	163.2146871	110.2389232	398.1223841	155.7116168	456.7532636	503.2136553	197.8117824	429.030836	426.9650892	-36.64273225	34.71728914	358.1074963	-9.9333347	38.15495736	95.24213264	-0.478378033	28.33535618	313.7419456	-108.376927	27.88622869	295.9771007	-97.55971638	39.0814777	252.8952018	-3.171484819	52.50072624	279.7712974	96.84743358	57.44535152	358.5546958	192.2161708	86.27945885	597.2474378	143.5268918	68.04501332	566.018655	241.0561734	60.33519504	521.0559778	221.7157992	69.67256365	487.8327279	131.9359896	79.83237698	531.3412514
826	8.25	-153.0697893	983.0995667	377.1801577	107.9980512	1002.839204	357.044747	-30.67368362	1023.60341	178.1821081	-187.4090585	756.3615845	276.9819707	-1.851623107	510.8517933	282.4545929	-137.3026032	496.3106516	274.8139493	-164.1472992	645.7101576	276.8801016	-94.82382615	705.1094064	406.1906941	173.2440804	818.5896197	302.5311026	53.11056364	535.8321938	474.5284334	180.6161081	537.7180301	442.4266892	181.9987978	677.45674	381.6848943	121.0636094	776.1946951	462.6591943	-131.1785796	446.8076097	263.1926019	16.27996533	100.5790766	199.9425385	-66.34071608	76.34421946	163.4691061	-65.58333303	391.24919	314.1574612	-135.7694547	365.4556712	235.8021432	186.1038614	498.9471888	442.1422499	91.74005425	118.1520491	472.9730578	164.6583495	107.8530895	418.422022	153.8800361	457.7719457	510.9524189	197.4799731	427.8728446	436.8030007	-36.66829731	34.77770124	358.0665909	-9.920505697	38.11139843	95.19318066	-0.53059099	28.40305601	313.6928322	-108.4275674	27.8578604	295.9461172	-97.61239638	38.91721437	252.7802366	-3.319780173	52.60331741	279.7460567	99.45078884	53.62598671	379.4760363	189.5465884	91.12591463	619.0522523	141.6276945	71.6507131	587.4296415	240.0821091	62.54102414	544.7398777	221.4991133	70.80238175	510.9733514	130.7747902	82.21254638	552.0930993
827	8.26	-153.2580174	982.7047081	380.2624598	107.9049173	1002.284583	360.9765534	-30.04256597	1023.079734	181.5842739	-188.1259589	755.0415222	281.6036572	-2.018340177	510.5589346	283.9004044	-137.5270073	496.2328911	275.8383763	-164.0459443	645.6298	278.593333	-94.94434562	704.5073931	408.2789166	173.0783605	817.6953539	306.8998699	51.49164458	535.1854189	478.6515746	179.6427397	536.6350371	447.7118954	181.0660768	676.5198	385.8995821	119.8800371	775.4532548	466.7082526	-131.3329183	446.7724945	263.9862499	16.14373152	100.542274	199.9621407	-66.32574131	76.27921345	163.2948133	-66.00962494	390.8205044	314.9739458	-135.911935	365.494038	236.2076724	185.2959244	497.8274358	448.7813165	92.01253313	117.9188845	491.3893375	165.9645647	105.8382643	438.549243	152.0778748	458.633177	518.332543	197.0928575	426.8138231	446.4756804	-36.70123202	34.83448399	358.031017	-9.923605005	38.06607227	95.15855861	-0.600555872	28.49916881	313.6528141	-108.4824798	27.79130344	295.8966753	-97.70812645	38.7441836	252.6837417	-3.532118148	52.75972218	279.7525137	101.953667	50.16959641	400.3152726	186.7686452	96.29730011	640.2985908	139.6420948	75.57231473	608.37326	238.9697076	65.31223978	568.0255141	221.1464443	72.39042494	533.7288112	129.506197	84.89226253	572.4600591
828	8.27	-153.4140598	982.3018999	383.396863	107.8475894	1001.626186	365.0427411	-29.37263968	1022.56231	185.0363792	-188.7644226	753.7667308	286.0860892	-2.280132316	510.255816	285.5253394	-137.7644446	496.1433283	276.9630532	-164.0543863	645.5551922	280.3562143	-95.21241344	703.8894379	410.4858434	172.9479715	816.7394461	311.2662469	49.86704948	534.2736035	482.523332	178.6076801	535.3999269	452.764918	180.1543545	675.4432468	389.9908293	118.7209027	774.4615617	470.7612723	-131.6256593	446.7958445	264.9466593	15.96718842	100.5420739	200.0203536	-66.33850513	76.26171737	163.1484389	-66.56168344	390.358966	315.9470215	-136.156808	365.4867978	236.61429	184.4573107	496.6194749	455.1133995	92.18742995	117.9778413	509.5251867	167.1735654	104.3125519	458.5325575	150.2709235	459.363394	525.3784576	196.6366167	425.7276988	455.771753	-36.74343526	34.88804323	358.0078671	-9.945380241	38.04173286	95.15558244	-0.704612077	28.6263193	313.6392014	-108.5514561	27.72034375	295.8312916	-97.84013751	38.56832679	252.6051063	-3.769311855	52.94321497	279.750031	104.3574409	47.12086152	420.9790066	183.9247616	101.7464611	660.9486315	137.5862314	79.78491424	628.8106738	237.7373622	68.64768858	590.8827829	220.6505729	74.42120515	556.0512247	128.1459264	87.85054317	592.3949818
829	8.28	-153.5349381	981.9010694	386.5691464	107.8233816	1000.865597	369.2492647	-28.64042732	1022.058742	188.6120086	-189.1215211	753.0755069	289.2195879	-2.626927282	509.9392339	287.4138767	-137.9732384	496.0280795	278.2457579	-164.1620823	645.471941	282.2091066	-95.62650309	703.2743432	412.8551785	172.8635702	815.7411256	315.6425097	48.21567435	533.1271885	486.1372603	177.5032605	534.0583169	457.6370826	179.3055693	674.2572369	394.0478429	117.5841794	773.2287119	474.7803835	-131.9681164	446.8295177	266.0953903	15.75608755	100.6177839	200.148796	-66.39828058	76.3097304	163.0706508	-67.22903237	389.8481786	317.073307	-136.4728292	365.4982506	237.1491386	183.6230205	495.3774792	461.2603339	92.29372839	118.3036133	527.3066037	168.3154382	103.3399342	478.3549924	148.4145678	460.0036012	532.1351377	196.1126583	424.6456743	464.72153	-36.79437712	34.93958151	357.9992964	-9.985618573	38.0847735	95.17515632	-0.854937349	28.78617315	313.6718894	-108.6381313	27.65563616	295.7698128	-97.98514659	38.40311649	252.5532348	-3.98991582	53.12834319	279.7003738	106.6397322	44.53082384	441.3883904	181.0298641	107.4223407	680.9613798	135.4638716	84.2527608	648.6898938	236.4220392	72.49166347	613.2292841	219.9923815	76.8702772	577.8860564	126.708926	91.08064323	611.8327848
830	8.29	-153.6261508	981.512382	389.7669617	107.8256696	1000.011536	373.5955089	-27.8294007	1021.560423	192.4087392	-189.3688044	752.7349548	291.3512289	-3.033717485	509.6107096	289.6168195	-138.1924741	495.8944162	279.7516483	-164.3212361	645.3378523	284.1808096	-96.17381966	702.6784382	415.4222912	172.8236299	814.6912334	320.0482549	46.53621492	531.7959584	489.4964792	176.3429878	532.6496491	462.3938265	178.5592541	672.9910484	398.1922001	116.4756971	771.7790762	478.7466016	-132.2697184	446.7870345	267.396985	15.52072693	100.7751421	200.3445533	-66.4766715	76.3950927	163.0284481	-67.96132882	389.2922598	318.3387604	-136.7856524	365.577132	237.9214926	182.8525985	494.1857514	467.3648925	92.35511532	118.8945202	544.6716051	169.3727059	102.8624606	497.8595042	146.4805702	460.5963163	538.6525284	195.5153546	423.6454924	473.4206458	-36.85149501	34.99135495	358.0054473	-10.03896336	38.22817349	95.2118505	-1.035016815	28.97113963	313.7447972	-108.7243372	27.57378219	295.7294238	-98.13171412	38.27871094	252.5527697	-4.200180839	53.3188072	279.6358861	108.7423872	42.47162832	461.4682575	178.058512	113.3011986	700.3228467	133.2611128	88.93701913	667.9466103	235.0439557	76.73991453	634.9687261	219.1873548	79.71992811	599.1428499	125.1912178	94.5677261	630.7099093
831	8.3	-153.7007207	981.1307419	392.9875308	107.8478926	999.0755627	378.0675226	-26.93202679	1021.067031	196.3582447	-189.6132587	752.4170136	293.3806341	-3.472419661	509.2660651	292.1322523	-138.4883581	495.7485582	281.5142658	-164.5004356	645.1336465	286.3028095	-96.83209719	702.0952767	418.1933539	172.8207542	813.5820892	324.4875058	44.83001333	530.3206671	492.6054965	175.1319056	531.2046268	467.0762566	177.9062716	671.6663145	402.4427961	115.4029592	770.1454023	482.6609418	-132.5543965	446.6872974	268.8819338	15.27969374	100.9856314	200.5862305	-66.49575745	76.46556679	162.9197189	-68.69664939	388.7158666	319.7676312	-137.0505351	365.6990259	238.9326852	181.9944097	493.1015534	473.3758314	92.36946245	119.7781822	561.570148	170.3147345	102.7923053	516.849311	144.4650802	461.1688996	544.9609628	194.8291926	422.7542799	481.8800976	-36.91267497	35.04345815	358.0254461	-10.0973352	38.45833925	95.26638876	-1.206176647	29.16392744	313.8229409	-108.7985738	27.46976791	295.7181912	-98.27387535	38.17568992	252.581669	-4.425187714	53.52924879	279.6073326	110.6406466	40.98065073	481.120404	174.9861879	119.3451862	719.0019966	130.9623453	93.79862387	686.5086708	233.5625755	81.24631663	656.0006537	218.2740572	82.97035124	619.7433831	123.5885938	98.28120334	648.9597764
832	8.31	-153.76743	980.7358204	396.2424579	107.8917979	998.0729081	382.6398507	-25.94186995	1020.57885	200.2765311	-189.7456196	752.1596241	295.747376	-3.928970582	508.8844884	294.9268021	-138.8660171	495.5786413	283.5055614	-164.7181455	644.920161	288.623814	-97.5771534	701.4983647	421.1447297	172.8578528	812.4129108	328.9364283	43.08469187	528.7167812	495.4699062	173.8652154	529.7592731	471.7017461	177.3027893	670.253403	406.6531902	114.3640277	768.3604551	486.5287514	-132.8817164	446.6003425	270.5968033	15.04664912	101.2104897	200.8562771	-66.36155013	76.53150586	162.7250061	-69.39064252	388.1607982	321.4507085	-137.2926201	365.8031088	240.1012598	180.7927386	492.1447103	479.1131144	92.3282465	120.9470107	577.9261616	171.145367	103.0970962	535.2191546	142.3855163	461.7352119	551.0715844	194.044643	422.0091974	490.1151756	-36.97629532	35.09070545	358.055611	-10.15425843	38.73316753	95.3353052	-1.348455738	29.3496224	313.8815548	-108.8722795	27.36315234	295.7324138	-98.40463538	38.04914665	252.5927452	-4.665086843	53.75738664	279.6175549	112.3916763	39.99989922	500.2198093	171.8224531	125.4732724	736.9116397	128.5747654	98.79452927	704.3024964	231.9130485	85.85662508	676.2294941	217.2765182	86.58824808	639.6409736	121.9134908	102.1810283	666.5029626
833	8.32	-153.8217635	980.3074535	399.5562611	107.9656329	997.0244652	387.290525	-24.8722265	1020.032432	204.1751432	-189.7131792	752.0510344	298.4627614	-4.409040711	508.4356397	297.9523706	-139.2680663	495.3553781	285.6478179	-164.9818397	644.7483175	291.1516355	-98.38498577	700.8597016	424.2414795	172.946643	811.1777405	333.3636835	41.3022168	527.0083864	498.1409336	172.5418344	528.3552642	476.2888488	176.7294983	668.7169779	410.7146604	113.3448282	766.4580902	490.343876	-133.2377698	446.4956853	272.4785342	14.82423075	101.4219413	201.1406289	-66.10106819	76.65127262	162.5598197	-70.03756366	387.6372941	323.4430603	-137.5514086	365.8758532	241.3688315	179.3744108	491.2791551	484.6245956	92.23666767	122.3395148	593.6473284	171.8770319	103.749072	552.8935222	140.2730675	462.2992561	556.9977517	193.1683397	421.4464022	498.1556761	-37.03853582	35.1291043	358.0881962	-10.20886121	39.01066346	95.40950396	-1.474856684	29.5232074	313.9193247	-108.9555962	27.26893488	295.7518621	-98.5242802	37.89097437	252.5705208	-4.910211615	53.98989373	279.6440804	114.0630024	39.42736802	518.6374464	168.6088285	131.6202484	753.9672055	126.1369843	103.8631144	721.2581126	230.0881576	90.46127909	695.5685016	216.2092236	90.44035807	658.7562408	120.1952208	106.2100273	683.2623738
834	8.33	-153.8485073	979.8356081	402.9544516	108.0785757	995.9551874	392.014889	-23.75407162	1019.34053	208.2300793	-189.593803	752.0689031	301.38878	-4.915123978	507.8977917	301.1477597	-139.6449556	495.0621645	287.8714641	-165.239832	644.5537547	293.8106121	-99.22836155	700.1612549	427.4529807	173.0891166	809.8777568	337.7629839	39.54234529	525.2690273	500.7443522	171.1741813	527.0213847	480.873226	176.1948124	667.0783959	414.6834027	112.332536	764.4879014	494.1072077	-133.5926705	446.310551	274.4383166	14.60885933	101.6137591	201.4296172	-65.89474196	76.82771587	162.5148412	-70.69148066	387.0555003	325.5866949	-137.8233978	365.9353131	242.7258114	178.1314631	490.418044	490.1516938	92.09966915	123.9031632	608.6853911	172.4980435	104.6906159	569.7788002	138.1640907	462.8531618	562.7669443	192.2329232	421.0302552	505.9902672	-37.09461185	35.16022888	358.1141767	-10.26170507	39.26178829	95.48283405	-1.602212765	29.68164473	313.937269	-109.0436614	27.18190614	295.7567606	-98.63815394	37.7195319	252.5286993	-5.162799699	54.21748166	279.6748629	115.6449766	39.19135367	536.2602475	165.4238557	137.7050675	770.1048598	123.7156402	108.9085955	737.3209057	228.1785427	95.06269274	713.9433397	215.0877335	94.32130143	676.9574039	118.4756763	110.2795416	699.1853142
835	8.34	-153.8313932	979.3199526	406.4512122	108.2373446	994.8903576	396.8179552	-22.60665047	1018.501421	212.4919179	-189.4491996	752.1120809	304.4205441	-5.420629193	507.2784784	304.4627153	-139.9888018	494.7199027	290.1633219	-165.4350476	644.2576741	296.522737	-100.0749833	699.3990424	430.7624267	173.2774602	808.5446606	342.1620188	37.88860293	523.5973369	503.4339899	169.7974039	525.7662822	485.4935764	175.689181	665.3992885	418.6725799	111.3313806	762.5313201	497.8674956	-133.9562197	446.0489291	276.4677061	14.38928533	101.8006491	201.7337092	-65.84936791	77.01428989	162.5594442	-71.4005782	386.3211502	327.631981	-138.0732744	365.9633775	244.1668349	177.1148711	489.5383975	495.7475465	91.90233565	125.5999197	623.0304272	172.9681111	105.8442527	585.7922491	136.0949421	463.3826685	568.4146912	191.2859561	420.698007	513.610372	-37.14907481	35.18807747	358.1387532	-10.31405611	39.48833051	95.55365526	-1.731068996	29.81627384	313.9371865	-109.1339782	27.0900408	295.7429086	-98.75470493	37.55445739	252.4926439	-5.425368515	54.43562024	279.7120012	117.0207901	39.24897947	553.0075294	162.3921417	143.5468693	785.2593666	121.3969647	113.8063108	752.4648605	226.3111487	99.68991338	731.2860768	213.9247483	98.05691687	694.1115558	116.8039897	114.2783886	714.2414406
836	8.35	-153.7586738	978.7650662	410.0469952	108.4478546	993.8485754	401.6955976	-21.43328811	1017.576213	216.8983955	-189.2701767	751.914038	307.4770694	-5.882575848	506.6139667	307.8851674	-140.296684	494.358425	292.5435329	-165.5295188	643.8775991	299.2767325	-100.8860882	698.5877022	434.1719161	173.5137787	807.2278557	346.6102974	36.38583114	522.0586015	506.3224903	168.4762586	524.5825587	490.1624063	175.1762417	663.744471	422.7636181	110.366488	760.7026893	501.7266534	-134.3201833	445.7320819	278.5877112	14.15160696	102.0070376	202.0859514	-65.89995102	77.18981226	162.6232497	-72.07890088	385.5382391	329.6282733	-138.2791699	365.9242076	245.6837319	176.0734324	488.7021488	501.2685221	91.59990742	127.3525119	636.6532422	173.2137146	107.1062125	600.8601129	134.1059937	463.872618	573.9703142	190.3483697	420.3891545	520.9752039	-37.22433763	35.21933208	358.2025915	-10.36990397	39.73075183	95.61998337	-1.853939178	29.91874345	313.9306444	-109.225742	26.99695968	295.720028	-98.89227564	37.42235665	252.4998104	-5.682463718	54.63730173	279.7629593	117.9939392	39.54401094	568.8362856	159.6525488	148.9582304	799.420505	119.2650741	118.4330112	766.6887074	224.5507437	104.1841343	747.4909427	212.7292557	101.5358728	710.1032039	115.2266437	118.1003048	728.4138728
837	8.36	-153.6227911	978.1758345	413.7374448	108.7162652	992.8348567	406.6329231	-20.23789477	1016.602192	221.4291115	-189.013047	751.2420357	310.5139795	-6.270379495	505.9393779	311.4202502	-140.5317927	493.9775901	295.0153233	-165.4849055	643.4784058	302.09391	-101.6218	697.7535137	437.6909106	173.8110754	805.9588641	351.1674685	35.06106099	520.6916889	509.4830716	167.2779587	523.4551583	494.8661262	174.6276891	662.1878698	427.039023	109.4697982	759.1210595	505.7950545	-134.6129797	445.3475085	280.7867957	13.90087684	102.2579496	202.5084758	-65.95724758	77.38215942	162.6868372	-72.56905728	384.9195815	331.8754384	-138.439224	365.8358298	247.2951749	174.9275766	487.9126081	506.649479	91.12957091	129.0630151	649.5124924	173.1453284	108.3555667	614.9071597	132.2573623	464.3094833	579.4488259	189.4052545	420.019429	527.9867791	-37.34106125	35.25716197	358.3553743	-10.42648945	40.04516281	95.68443257	-1.964973626	29.99076552	313.9317447	-109.3074242	26.91863131	295.7044381	-99.06668041	37.3547087	252.582196	-5.905524329	54.80981313	279.8317755	118.3899229	39.99568408	583.7074753	157.3146999	153.8642206	812.6324659	117.3810421	122.6950025	779.9977485	222.9192722	108.2599065	762.4156684	211.502813	104.6489163	724.8342884	113.7739048	121.657355	741.6989455
838	8.37	-153.4213616	977.5599125	417.5253323	109.0430371	991.847225	411.6198116	-19.02852755	1015.591533	226.1008875	-188.65276	750.2964623	313.5797453	-6.569459402	505.2710761	315.0445435	-140.6595922	493.564003	297.5670922	-165.295889	643.098902	304.9883129	-102.2504312	696.9157322	441.3120681	174.1682993	804.7440579	355.9004175	33.94722631	519.545632	512.9814365	166.234649	522.3701267	499.5875364	174.0440893	660.8060476	431.5852445	108.6574123	757.8535811	510.134765	-134.7614171	444.8813694	283.0386124	13.67501697	102.562754	202.9807105	-65.99001934	77.65591718	162.7924552	-72.87832107	384.4364193	334.372814	-138.5320002	365.7620753	249.0334138	173.8197529	487.0865951	511.9382436	90.44478032	130.6579508	661.5805709	172.6988475	109.4866578	627.87027	130.6349645	464.6806728	584.8556121	188.4513355	419.5177271	534.6084221	-37.46807245	35.28008218	358.5653483	-10.46979711	40.46907677	95.76072183	-2.062082619	30.04574863	313.9494159	-109.3663633	26.86083462	295.7002881	-99.24568577	37.3477126	252.7137387	-6.076462957	54.94269963	279.9176245	118.1291082	40.52473704	597.5561158	155.4521489	158.2235284	824.8861043	115.7796548	126.5259043	792.390713	221.4581258	111.723679	775.9446082	210.2622442	107.2895982	738.2401522	112.4590981	124.8708289	754.0930871
839	8.38	-153.1552432	976.9275073	421.4156753	109.4228809	990.8959632	416.6594503	-17.81090599	1014.563396	230.9191927	-188.2354114	749.5533591	316.7406751	-6.764853868	504.6165945	318.69289	-140.6906003	493.1329986	300.2040376	-164.9979916	642.7368527	307.967201	-102.7461514	696.0755664	445.0058153	174.56115	803.5881753	360.8777262	33.04953928	518.6669216	516.866067	165.3468942	521.3124479	504.3091891	173.445996	659.6319328	436.4253912	107.9307619	756.8872029	514.737657	-134.7661975	444.4070484	285.3778069	13.52207265	102.8900271	203.4668291	-65.99390528	78.04529609	162.9751899	-73.1950859	383.7948519	336.7075225	-138.5177452	365.7220019	250.8848849	172.8838819	486.1564906	517.1679313	89.52866723	132.0921882	672.8411331	171.8555659	110.4136358	639.6995607	129.3238737	464.9718365	590.1966266	187.5126253	418.8697674	540.8935995	-37.52754452	35.25009847	358.7132051	-10.48465082	40.99762422	95.86379997	-2.146324308	30.09665996	313.9867577	-109.40072	26.82037422	295.6967412	-99.3479742	37.34575142	252.813102	-6.200070316	55.03805293	280.0197041	117.1971971	41.05727824	610.3100179	154.1063538	161.9187976	836.1023283	114.4727781	129.8602554	803.8579289	220.180925	114.4379684	788.0001348	209.0533723	109.4146263	750.2967909	111.2877322	127.6643813	765.578193
840	8.39	-152.8206682	976.2850759	425.4035045	109.8533401	990.0085842	421.7573409	-16.58694468	1013.54341	235.8776956	-187.8016496	749.1962543	320.0188799	-6.83300294	503.9816303	322.2887192	-140.646269	492.7289203	302.9489244	-164.617437	642.3712019	311.0440819	-103.0868303	695.2243215	448.7440115	174.9672812	802.5159982	366.1372801	32.33788807	518.0710575	521.1574128	164.6045536	520.2759813	509.0315013	172.8571652	658.6455214	441.5061164	107.3013344	756.178118	519.5669998	-134.6825713	444.0547184	287.88689	13.45946867	103.1872983	203.955543	-65.96268989	78.5041046	163.2130017	-73.60077895	382.8787146	338.6995431	-138.3923842	365.6702074	252.7895847	172.1228832	485.1148036	522.3109665	88.38798106	133.3346815	683.2882178	170.6353912	111.0522308	650.3440412	128.3706001	465.1698222	595.4882224	186.6153766	418.0867277	546.8823651	-37.49767928	35.16719875	358.74565	-10.46152724	41.5822161	95.9921784	-2.217796894	30.14153918	314.0388834	-109.4253012	26.80951577	295.6947306	-99.34158533	37.3118681	252.8453967	-6.293223925	55.10899086	280.1393624	115.6177107	41.50708561	621.9139022	153.2732506	164.8026036	846.2214115	113.4533923	132.6103341	814.3808939	219.0447524	116.2751961	798.549127	207.9038784	111.012732	761.0183618	110.2555903	129.9618789	776.1254677
841	8.4	-152.4107618	975.6400433	429.4829399	110.3406876	989.2105471	426.908371	-15.35673476	1012.553749	240.9687352	-187.3084935	748.9813703	323.4328178	-6.773377745	503.3411984	325.8265568	-140.5357099	492.3752201	305.8083944	-164.1639802	641.987343	314.2398244	-103.2642066	694.3625014	452.5204136	175.3929255	801.5642547	371.6414279	31.77889446	517.7337119	525.8616559	163.9885885	519.2787832	513.8071269	172.3004386	657.8090886	446.7546483	106.7971992	755.7170602	524.6206977	-134.5611744	443.8220003	290.5451808	13.46618162	103.4389331	204.4517542	-65.88516226	78.96083413	163.465842	-73.92258743	381.974861	340.7745184	-138.2006466	365.5922638	254.7213093	171.4110272	484.00982	527.3241683	87.05334018	134.3171094	692.8866703	169.0835179	111.3255896	659.7619113	127.7720467	465.2567836	600.7642915	185.7471706	417.1354615	552.5329251	-37.44724247	35.07837243	358.7433299	-10.39859424	42.16171883	96.12954206	-2.275361188	30.16834945	314.0940619	-109.4667883	26.84222671	295.7149201	-99.29054782	37.27647817	252.8614148	-6.36901419	55.16735634	280.2776559	113.472988	41.77408296	632.3231227	152.8865192	166.7962369	855.2491865	112.6965279	134.6711137	823.9270973	218.033594	117.2619302	807.666331	206.7971521	111.999164	770.4082038	109.3438398	131.6806531	785.6968891
842	8.41	-151.9247211	975.0021197	433.6575822	110.8968477	988.5052117	432.1045113	-14.11935701	1011.611372	246.1864482	-186.7290007	748.6536313	326.9939483	-6.646648771	502.6070694	329.4397659	-140.3652785	492.0359275	308.745273	-163.6578142	641.5874087	317.5636332	-103.289912	693.5013587	456.3409318	175.8627777	800.7456032	377.2854503	31.35147969	517.6083124	530.9890427	163.4688528	518.3412114	518.7172965	171.8144544	657.1049881	452.1479204	106.4459002	755.5209085	529.9312983	-134.4190808	443.5871136	293.2414027	13.51058656	103.674424	204.9591023	-65.76092281	79.36275935	163.6914393	-74.00433663	381.3386215	343.3410229	-137.991477	365.5380206	256.718108	170.6703738	482.8777339	532.2575314	85.56547406	134.9088849	701.5386013	167.2637282	111.190876	667.9497146	127.4901133	465.1906157	606.0706451	184.8679163	415.954957	557.7984621	-37.43269232	35.01479597	358.7895755	-10.3092787	42.71237732	96.26877757	-2.32065942	30.17202009	314.1438392	-109.5426154	26.89414267	295.773917	-99.25907142	37.27003189	252.9034911	-6.431527571	55.2149145	280.4325652	110.9170093	41.76450771	641.4908796	152.8121028	167.9098697	863.2326064	112.1443756	135.9508078	832.4536917	217.172592	117.5517656	815.4901122	205.7034977	112.2457115	778.4317599	108.5170249	132.7386619	794.2472177
843	8.42	-151.3681192	974.3695759	437.931976	111.5259499	987.8706646	437.3540886	-12.87293959	1010.729398	251.5260275	-186.1107423	748.2033938	330.6819118	-6.511439689	501.7249856	333.230934	-140.1293412	491.6563065	311.7025331	-163.1216217	641.1869896	320.9953875	-103.1903083	692.6439028	460.2068271	176.3798935	800.0348579	382.984948	31.03757853	517.6687169	536.5703626	163.0107857	517.4667401	523.8241121	171.4556342	656.5490188	457.7309972	106.2638536	755.5684281	535.5009643	-134.2394644	443.3236543	295.9528378	13.57895476	103.9203178	205.4636371	-65.61892425	79.70110724	163.8552674	-73.92499479	380.8233937	346.1914855	-137.7822496	365.5286321	258.8082435	170.0241445	481.6821342	537.282117	83.9544047	135.0054717	709.1536708	165.2648685	110.6534307	674.9539368	127.4617664	464.9089962	611.4367436	183.9723701	414.5746207	562.7932528	-37.44387067	34.96820804	358.8843294	-10.23000582	43.28525555	96.42103668	-2.356772393	30.15938508	314.1903261	-109.6498595	26.92577012	295.8663412	-99.24361678	37.26460425	252.9456511	-6.482119733	55.24877252	280.5994366	108.1573647	41.42755569	649.375199	152.8639213	168.1706609	870.2160437	111.6892257	136.3907447	839.931603	216.4250134	117.2248751	822.0977658	204.5965553	111.7688507	785.1183999	107.7132009	133.0694099	801.7470221
844	8.43	-150.7491083	973.731211	442.3078182	112.2180869	987.2732789	442.6914909	-11.61461085	1009.918294	256.9827214	-185.4988676	747.7365839	334.4622186	-6.311355812	500.8259952	336.9923248	-139.8303826	491.2350881	314.6577271	-162.5608665	640.7983521	324.4960135	-102.9944179	691.7802223	464.1176371	176.9318229	799.3990958	388.7665099	30.81952793	517.9101746	542.6363002	162.5773197	516.6628562	529.1674415	171.2687977	656.1515811	463.5520648	106.2613655	755.7686239	541.265591	-133.9995375	443.0718232	298.706368	13.68502414	104.1683608	205.9181023	-65.50327113	80.06773251	164.0021729	-73.78457226	380.1634266	348.8346292	-137.5621893	365.531556	260.9687952	169.5593587	480.4416957	542.5235166	82.24557879	134.6017495	715.7223068	163.2021987	109.7528902	680.8674845	127.5844675	464.3674104	616.8433506	183.0955247	413.1352499	567.7623002	-37.45364237	34.92522068	358.9924736	-10.19688686	43.9657466	96.59302241	-2.386131396	30.14186077	314.2413087	-109.7564181	26.94163356	295.9601889	-99.21804164	37.22444224	252.9521588	-6.527599781	55.27321113	280.7757071	105.4166454	40.7694908	655.9693755	152.8334665	167.5693969	876.2467284	111.1856263	135.970278	846.3766492	215.6620437	116.3016196	827.5604721	203.4370485	110.7398991	790.6282189	106.8404004	132.6323483	808.2107771
845	8.44	-150.0776151	973.0803903	446.7822333	112.9607438	986.690772	448.1718701	-10.34056222	1009.18627	262.5515553	-184.8807022	747.3258522	338.3092303	-5.937545358	500.1179564	340.3812563	-139.4946323	490.826782	317.6347581	-161.9722598	640.4239961	328.0367882	-102.718606	690.9024017	468.0736942	177.5638592	798.8284467	394.7801631	30.68601768	518.2788231	549.1367113	162.1424661	515.9189517	534.736769	171.2561308	655.881994	469.6164804	106.4569678	755.9960454	547.1403358	-133.7021888	442.8115406	301.4664414	13.8378542	104.3970774	206.2877876	-65.44976582	80.59360058	164.2351356	-73.54548303	379.3081701	351.0415019	-137.3118447	365.5473437	263.1810377	169.1341209	479.2763279	547.945641	80.48053628	133.7367493	721.2891134	161.1971609	108.543669	685.8403363	127.6926416	463.5488956	622.2283152	182.2651219	411.7670795	572.8633773	-37.45436865	34.88199762	359.0914843	-10.1905019	44.7454987	96.77821274	-2.411122252	30.12738362	314.3022288	-109.8156184	26.98919527	296.0065423	-99.18231804	37.17147061	252.9440237	-6.578216145	55.30096715	280.9637244	102.8906237	39.81840422	661.3465462	152.5174585	166.1365945	881.4321326	110.4903089	134.7306869	851.8661245	214.7437952	114.867801	832.0794742	202.1736921	109.3158577	795.2050936	105.801942	131.4474211	813.7118068
846	8.45	-149.3638645	972.4149662	451.3409142	113.7456858	986.1210154	453.8546321	-9.046183044	1008.539311	268.2274327	-184.1938363	746.9460068	342.2184343	-5.414929835	499.6251876	343.4025184	-139.1374924	490.4871071	320.6669006	-161.3571141	640.0671286	331.6087892	-102.3644627	690.0131783	472.0627274	178.3619658	798.3215287	401.1618867	30.62168798	518.6169892	555.8546096	161.7264982	515.1289183	540.4002773	171.3629997	655.6520915	475.8635255	106.8860864	756.135464	553.0932878	-133.381146	442.5520634	304.2275601	13.99138579	104.6238639	206.6327547	-65.4758792	81.29978212	164.5954427	-73.20158471	378.4119483	353.0144609	-137.0240659	365.612619	265.4440438	168.6546552	478.1801015	553.4364467	78.72032103	132.4336624	725.925027	159.345555	107.0842825	690.0881464	127.5856708	462.4369187	627.5239863	181.5159204	410.5000656	578.1000711	-37.4513922	34.83667183	359.1776031	-10.15535948	45.52703389	96.97773844	-2.432672461	30.11750744	314.3733273	-109.8240098	27.09377694	295.9867392	-99.15268543	37.16012154	252.975117	-6.638989748	55.34355909	281.1666874	100.7126937	38.58843275	665.6821648	151.7514288	164.0209809	885.9391687	109.4893061	132.8029226	856.5298047	213.586531	113.0431405	835.9595028	200.7721583	107.6109189	799.1455338	104.5336356	129.6321478	818.3781407
847	8.46	-148.6161513	971.7375325	455.9750837	114.5653872	985.561765	459.7859384	-7.726206325	1007.981213	274.0052383	-183.3834592	746.4973428	346.1994822	-4.896569132	499.1961521	346.3938903	-138.7644176	490.2290569	323.7540948	-160.7264524	639.734316	335.2077007	-101.9386275	689.1236068	476.0547196	179.3213583	797.8313153	407.7980019	30.58939837	518.6873733	562.4092535	161.3908846	514.1224503	545.9407517	171.5094401	655.2984581	482.1226316	107.5813068	756.076712	559.1678889	-133.0889905	442.3445111	307.0168977	14.07460367	104.9162799	207.0776897	-65.54249692	82.08833185	165.0312398	-72.86160204	377.6586539	355.1344493	-136.7170786	365.7276203	267.7175964	168.2351573	476.9760976	558.8698898	77.02816747	130.7341636	729.759725	157.6990764	105.413374	693.8501482	127.1310152	461.0291342	632.6687722	180.8981511	409.2596975	583.3930641	-37.44921262	34.78861379	359.2586211	-10.11352786	46.32512134	97.18806762	-2.452018353	30.11371139	314.451452	-109.8010449	27.1910667	295.9308471	-99.14202214	37.21909796	253.0761388	-6.709376803	55.40715547	281.3839428	98.93973766	37.08029012	669.2142454	150.4360761	161.4490926	889.9397093	108.1005149	130.3831571	860.5155441	212.1516573	110.8922689	839.4865876	199.2239259	105.7068288	802.7417116	103.0114016	127.3698988	822.3584011
848	8.47	-147.8384047	971.056932	460.7076028	115.4162432	984.9936033	465.994209	-6.374845275	1007.513743	279.8798769	-182.4891505	745.9672638	350.2368474	-4.488631493	498.7088506	349.5860991	-138.3990434	490.0176822	326.8402132	-160.1037089	639.435725	338.8261518	-101.4749665	688.2446391	480.0196012	180.3455138	797.261925	414.381378	30.53456407	518.2529235	568.39214	161.1792049	512.8145988	551.1978253	171.6595248	654.6387527	488.1566036	108.537964	755.6933632	565.4279362	-132.8515811	442.188187	309.7906941	14.06770275	105.3193905	207.665639	-65.56713887	82.86089399	165.4544982	-72.65396258	377.02875	357.3814217	-136.4246336	365.8647993	269.9182476	167.9852828	475.5600246	564.1116201	75.45082446	128.7198291	732.9679519	156.2797816	103.5298155	697.3071274	126.3552962	459.3690306	637.5867982	180.4154417	407.911123	588.5940139	-37.44768222	34.74007191	359.3423999	-10.17715471	47.2884482	97.35222912	-2.476079216	30.12362706	314.5334156	-109.7306879	27.17704719	295.8647876	-99.15867168	37.33018228	253.2341792	-6.794963712	55.49888903	281.6121836	97.57637784	35.28445337	672.1593283	148.5323067	158.6363697	893.5795693	106.2815024	127.6574108	863.9428689	210.4049144	108.4454781	842.8685125	197.524017	103.5917868	806.1825891	101.2323105	124.8241444	825.7682369
849	8.48	-147.0283583	970.374054	465.5810508	116.3013621	984.3898624	472.496028	-4.985922884	1007.136871	285.84628	-181.6769052	745.5308404	354.2476185	-4.189561259	498.1428078	352.9441236	-138.0772655	489.8246055	329.8456136	-159.5062047	639.1823701	342.4506641	-101.0347853	687.3729157	483.9475492	181.3785165	796.5392176	420.7692247	30.42205584	517.1781619	573.5537184	161.0892531	511.2476937	556.1191236	171.8513437	653.5885486	493.7991989	109.7025891	754.8767073	571.8751304	-132.6313687	442.10595	312.505908	13.99154846	105.7962507	208.3159693	-65.53807924	83.58661657	165.7823927	-72.68670035	376.2708391	359.1878832	-136.1762125	366.0123664	271.9668715	167.8800918	473.9829006	569.0817277	74.01640529	126.4454647	735.6679169	155.1037356	101.4111135	700.5252998	125.4235031	457.5106642	642.1889893	180.0316831	406.3431398	593.5137038	-37.44783064	34.69482769	359.4293671	-10.40501648	48.46068141	97.40141077	-2.51710943	30.15627643	314.6157836	-109.6257632	27.05925214	295.7987072	-99.20126373	37.4289129	253.3940269	-6.915817195	55.62930084	281.848977	96.61576653	33.19871657	674.635335	146.0519301	155.6887857	896.9243913	104.0417711	124.7339044	866.871269	208.3364143	105.7712193	846.2353302	195.6680745	101.1917112	809.5309796	99.21074422	122.0790792	828.6613664
850	8.49	-146.1804389	969.6740216	470.6244224	117.2208004	983.7293762	479.2983041	-3.552999636	1006.848997	291.8994094	-181.116979	745.3462954	358.1074144	-3.965080764	497.5219962	356.3479701	-137.8348954	489.6808618	332.7245042	-158.9264475	638.9712519	346.0496943	-100.6821725	686.4837139	487.8533064	182.4354777	795.6487587	427.0618788	30.27910515	515.4979682	577.8836625	161.1034198	509.4924439	560.7024427	172.1430327	652.2004175	499.0378989	110.9842736	753.5934538	578.419425	-132.422198	442.1492975	315.1419871	13.85135557	106.283452	208.9406203	-65.54574628	84.28319649	165.9765785	-72.97685301	375.3020681	360.3496629	-135.9834074	366.1885578	273.836001	167.839595	472.3013958	573.761614	72.73717059	123.9126263	737.8775861	154.1727094	99.0638394	703.4693162	124.5215652	455.4599177	646.4133373	179.7598987	404.5486735	598.0632231	-37.4537128	34.6559051	359.5125211	-10.71982809	49.69789228	97.3879027	-2.585327825	30.21366982	314.6910447	-109.5729251	26.97541349	295.7670153	-99.26309356	37.44834289	253.4980031	-7.095494514	55.80308457	282.0920513	96.04791512	30.94365222	676.6325701	143.0665542	152.5551431	899.9295781	101.443634	121.6194206	869.3152863	206.0055364	102.9368591	849.6169803	193.6827392	98.47355877	812.7719062	96.99175953	119.1394482	831.0654954
851	8.5	-145.2902869	968.9398932	475.8433287	118.165178	983.001646	486.3980554	-2.069501987	1006.647104	298.0342892	-180.7669054	745.3473393	361.7745556	-3.807468838	496.8738742	359.7373661	-137.6777819	489.6234738	335.4568367	-158.3419455	638.7947404	349.5797954	-100.4595691	685.5410639	491.7672207	183.5357967	794.6201232	433.3931056	30.18096246	513.3853849	581.5368666	161.2136639	507.5890288	564.9707517	172.5315351	650.561674	503.9297847	112.2644738	751.8724103	584.9253601	-132.3349336	442.2600161	317.6080914	13.62784192	106.765952	209.5211244	-65.67223588	84.99818575	166.0998608	-73.35717982	374.5214787	361.79765	-135.8469075	366.4506696	275.5730623	167.8351892	470.4831396	578.1297448	71.59332465	121.1590693	739.6235258	153.4432005	96.5798373	706.0928145	123.7539162	453.1863972	650.2610971	179.6533879	402.6161817	602.3345831	-37.46793212	34.62690878	359.581609	-11.00993573	50.85504082	97.45623782	-2.682918339	30.29079186	314.7482385	-109.6390732	27.03227271	295.8086111	-99.35304716	37.38290204	253.5435981	-7.342983911	56.01474153	282.3331585	95.81900812	28.875148	678.0942598	139.722301	149.1425556	902.5718826	98.60865377	118.2602042	871.3309196	203.5153925	99.93536587	852.9440877	191.6399081	95.51188521	815.888017	94.65526326	115.9781009	833.0772466
852	8.51	-144.3567699	968.1649909	481.2328393	119.1217789	982.211922	493.7781894	-0.528851907	1006.526895	304.2460397	-180.3066568	745.3976973	365.3975574	-3.723967635	496.2191298	363.1096631	-137.5528838	489.6359649	338.0222846	-157.7322792	638.6748733	353.0173046	-100.3823236	684.517648	495.7215239	184.6743389	793.5063571	439.8363427	30.17741502	511.0356201	584.7160229	161.4159047	505.5663583	568.9786438	172.966339	648.740649	508.5637131	113.4080939	749.745137	591.2851434	-132.4598852	442.3515591	319.8468405	13.30001882	107.2604345	210.0750808	-65.91591454	85.777862	166.2655401	-73.67370103	374.2737649	364.3506558	-135.7724259	366.8544904	277.2353093	167.8995922	468.4644638	582.1621882	70.5273243	118.3241556	741.0866423	152.8199407	94.13533524	708.4823084	123.134243	450.6989368	653.7905759	179.6995654	400.6154025	606.4356591	-37.49178552	34.61545168	359.6277477	-11.2560589	51.92538827	97.65365692	-2.808327888	30.38434828	314.7805287	-109.7966885	27.17114635	295.8951032	-99.4975554	37.28706784	253.5841987	-7.657166373	56.26420994	282.5564923	95.81129188	27.41957726	679.1057983	136.255934	145.5043261	905.0199907	95.73822075	114.6506763	873.1190075	200.9781904	96.75149033	856.1398338	189.6336787	92.48253378	818.9282402	92.32004899	112.603686	834.9380964
853	8.52	-143.3829151	967.353801	486.788869	120.0815819	981.3819079	501.3966033	1.075403252	1006.482969	310.5298728	-179.4244228	745.4651124	369.1906895	-3.6984414	495.5663522	366.4847085	-137.3975108	489.7049666	340.4352763	-157.0791422	638.655393	356.3755933	-100.4390459	683.4123968	499.7393092	185.8485182	792.3700717	446.4282507	30.26498069	508.5713956	587.5813398	161.7074628	503.4628321	572.7662691	173.4398591	646.8810045	513.1702313	114.2971379	747.2485009	597.4607291	-132.7169839	442.4822992	321.9504348	12.85408815	107.7783967	210.6155465	-66.23314751	86.60754131	166.5036842	-74.01203718	374.2850207	367.362101	-135.762914	367.408501	278.8222433	168.0614117	466.2647265	585.8642573	69.49968347	115.605828	742.6264135	152.215939	91.90792764	710.9137326	122.6430187	448.1143769	657.0881998	179.7972521	398.5384744	610.3104037	-37.52694398	34.62873544	359.6454553	-11.51990168	52.97944838	97.90353344	-2.964866671	30.49676239	314.789017	-109.9736468	27.23758159	295.9379445	-99.7095421	37.1969552	253.6572999	-8.048984694	56.56875893	282.7514146	95.8886076	26.748404	679.9777961	132.9877787	141.8333689	907.5963684	93.11424766	110.897434	874.9994796	198.5753477	93.48260861	859.2118246	187.7617662	89.54311005	821.9715042	90.15975406	109.0813257	836.9859839
854	8.53	-142.3717325	966.5181867	492.5061188	121.0425259	980.5509916	509.1879192	2.749461116	1006.50899	316.8810898	-178.1574949	745.5624035	373.1890065	-3.694964606	494.9157563	369.9009855	-137.1988805	489.8606958	342.7604926	-156.358642	638.7523446	359.6919876	-100.5942646	682.2528556	503.8293772	187.0858688	791.2926107	453.1953489	30.44429511	506.0517858	590.1807595	162.0995409	501.3464252	576.3221603	174.0013092	645.1714092	517.985817	114.8726721	744.4851077	603.4755954	-132.9219164	442.7626375	323.9973778	12.27435167	108.3405999	211.1558943	-66.60048722	87.42464783	166.7454736	-74.51998816	374.1518013	369.8699941	-135.8059655	368.1101498	280.3259497	168.3197793	464.0619487	589.2847396	68.56113055	113.1889467	744.6300487	151.6429643	90.00560963	713.6655466	122.2734674	445.6605469	660.2564363	179.8716038	396.4225492	613.868786	-37.5732606	34.66586317	359.6347474	-11.8698177	54.07968401	98.13533515	-3.158388912	30.63107863	314.7796822	-110.1441864	27.18583823	295.9130788	-99.97096697	37.08776	253.7394921	-8.536505465	56.94442757	282.9260108	95.94104194	26.73334083	681.0442742	130.2538157	138.2063491	910.5592215	91.03662925	107.1025094	877.2331776	196.5932096	90.26347098	862.2134413	186.1490323	86.71275609	825.0237086	88.38875084	105.4615255	839.4818655
855	8.54	-141.3227699	965.6751399	498.3680933	122.0082307	979.780639	517.0788417	4.49913488	1006.597868	323.2951189	-176.7815715	745.6888627	377.265786	-3.693808211	494.2697417	373.4112315	-136.974506	490.1258085	345.068422	-155.5580872	638.9424622	363.0131621	-100.8027882	681.0827371	507.9907304	188.4242959	790.3890738	460.1653074	30.75924179	503.5649939	592.4715242	162.624461	499.3596052	579.6753444	174.7001056	643.712297	523.0228091	115.1467472	741.6427606	609.375789	-132.9316287	443.2030558	325.9542856	11.5617326	108.9864154	211.725871	-67.02513803	88.21968472	166.9079717	-75.19370196	373.8686751	371.8582624	-135.8681081	368.9734083	281.7962575	168.6819525	462.1329963	592.5588165	67.83082186	111.1837022	747.2696565	151.2087116	88.46709952	716.7514021	122.0319269	443.5867429	663.4171294	179.9760963	394.4701149	617.2300279	-37.62840816	34.71921877	359.6060192	-12.32805333	55.28401351	98.35096175	-3.38526547	30.78502506	314.7638411	-110.3139257	27.08406853	295.8859854	-100.2600388	36.93723524	253.8033821	-9.108339012	57.38073773	283.1037605	95.90789684	27.16454543	682.4028497	128.299314	134.3964916	913.9307301	89.70567332	103.1699817	879.8775351	195.2837901	87.02312218	865.1119433	184.959259	83.89046844	828.0014369	87.18493107	101.6968702	842.4624397
856	8.55	-140.2379371	964.8548245	504.3468685	122.9810533	979.1503246	525.0001532	6.329723809	1006.741991	329.7675553	-175.4931657	745.8516433	381.3381156	-3.688496381	493.6456248	377.0590737	-136.7257636	490.492504	347.4210578	-154.6866823	639.1976034	366.39113	-101.0214447	679.9522736	512.2317659	189.8687855	789.7827947	467.3463884	31.25965897	501.2994494	594.4698019	163.3213737	497.7192946	583.0264067	175.5632935	642.5441438	528.2023166	115.1823998	738.945433	615.1982213	-132.720987	443.7817509	327.8898787	10.77030784	109.7438076	212.3689627	-67.51779695	89.09525213	167.000345	-75.92724788	373.6134099	373.7534126	-135.8925636	369.9820581	283.3243317	169.1892583	460.6779579	595.9117569	67.39454909	109.5818706	750.3914634	151.0079222	87.27674575	719.9103522	121.9323905	442.0331914	666.704995	180.2434383	392.9331455	620.6722008	-37.68916387	34.78020149	359.5806305	-12.82982723	56.64839197	98.62229948	-3.626082114	30.94616134	314.7589291	-110.4502186	26.94089952	295.8782146	-100.5665974	36.77271122	253.8675391	-9.713502285	57.84486662	283.3135598	95.79635766	27.88335813	683.9137053	127.2128636	130.0119875	917.514275	89.14823129	98.81204479	882.8098367	194.7148593	83.47124602	867.7740977	184.326203	80.93228401	830.7931547	86.6083218	97.68123478	845.7650342
857	8.56	-139.1238725	964.1079236	510.4174015	123.9565769	978.7399747	532.8956892	8.245883573	1006.933392	336.2941697	-174.3643154	746.0896294	385.4344458	-3.648503417	493.0895415	380.8642495	-136.4147268	490.9305754	349.8901024	-153.743375	639.5110787	369.8793463	-101.2053766	678.9129843	516.5842159	191.3849469	789.5567874	474.7001368	31.9509354	499.5071445	596.3827064	164.2079896	496.5977811	586.7074735	176.6114584	641.7261733	533.5639421	115.0651309	736.6003569	620.9665117	-132.3751907	444.5123288	330.0348443	9.986723719	110.6105302	213.1237673	-68.04884661	90.1842857	167.1815088	-76.59464751	373.4884275	375.8022564	-135.81874	371.0680619	284.9959078	169.8859993	459.7294263	599.5782564	67.25381777	108.2814417	753.6731091	151.0511799	86.37506029	722.8587565	122.0062528	440.9615025	670.2419568	180.7695556	391.8934217	624.3904974	-37.75138707	34.83957608	359.5806488	-13.25529563	58.20446193	99.05362982	-3.852656101	31.09097486	314.7755118	-110.5163264	26.72318257	295.8433482	-100.8744365	36.64330067	253.9721224	-10.29572101	58.31380474	283.5954223	95.65407356	28.77097496	685.3956677	126.9418619	124.8317973	921.0727879	89.26057962	93.83774429	885.8442653	194.8004726	79.40917811	870.1098264	184.2752882	77.74200479	833.3186537	86.5960778	93.40300402	849.1708117
858	8.57	-137.9831449	963.4873279	516.5695617	124.9303731	978.6095483	540.7246729	10.25149675	1007.163895	342.870904	-173.3790899	746.4510683	389.6365097	-3.536592293	492.659509	384.8464621	-135.9937464	491.4119575	352.5608323	-152.7117132	639.9014729	373.5343131	-101.3024658	678.0046882	521.085475	192.9308177	789.7348145	482.1583003	32.79948503	498.3713471	598.572849	165.2704712	495.9929363	590.9832631	177.8726121	641.3236428	539.2650754	114.8756944	734.7760601	626.7009677	-132.0271228	445.3629675	332.5096488	9.263936481	111.5754052	214.0114286	-68.55606661	91.54119303	167.6309607	-77.09056265	373.5213236	378.0747787	-135.6261529	372.1717906	286.8752836	170.7906027	459.1736339	603.7189774	67.35008086	107.1654189	756.8641775	151.2829942	85.68466607	725.4980115	122.2889311	440.2046541	674.1085505	181.5632648	391.2228369	628.42013	-37.81094829	34.88745206	359.6169481	-13.56188247	59.97716188	99.67525849	-4.037224981	31.18481093	314.7992996	-110.5246869	26.4671786	295.7659949	-101.1620307	36.5926651	254.1473808	-10.82167443	58.80698509	284.0169507	95.51377977	29.72067761	686.7675791	127.3234383	119.0453316	924.4670048	89.87617775	88.43593672	888.8079824	195.3879199	74.98552446	872.1556776	184.7086337	74.38172449	835.5548923	87.01269923	89.02387632	852.4872953
859	8.58	-136.8019681	963.0137222	522.8094214	125.9160854	978.792569	548.4557312	12.34954332	1007.425312	349.4938798	-172.3749824	746.9285386	394.0242796	-3.361018699	492.3722995	389.0460511	-135.4729202	491.993164	355.5272976	-151.596064	640.3912777	377.4141117	-101.2588791	677.2404978	525.7502925	194.4818007	790.2871147	489.6682598	33.78822385	497.8728334	601.3855314	166.4848513	495.7573003	595.9134026	179.3708355	641.3600859	545.4869633	114.6751573	733.5775625	632.4251008	-131.7504398	446.2555616	335.2416646	8.595113177	112.6433539	215.0461123	-69.00222225	93.12382491	168.3674096	-77.38966512	373.7099092	380.6025292	-135.3749821	373.3138247	289.0014712	171.9092886	458.8155848	608.3734656	67.58764688	106.1570496	759.849743	151.6132283	85.12380895	727.8826483	122.7855264	439.598882	678.3364931	182.5661911	390.7409159	632.7432992	-37.86521416	34.91953688	359.6897935	-13.84835226	62.00701416	100.3812513	-4.163159563	31.19974819	314.8081739	-110.5109269	26.25055275	295.6913213	-101.4199711	36.63955882	254.39891	-11.27950031	59.3638432	284.6396131	95.38253527	30.64085759	688.0362322	128.080002	113.1800209	927.6292229	90.76391283	83.10063234	891.5497307	196.2527868	70.6038075	873.9933648	185.416278	71.07282508	837.5137897	87.6667592	84.80391785	855.539194
860	8.59	-135.5453444	962.663781	529.1551613	126.9563527	979.299698	556.0647005	14.54197095	1007.709594	356.1594281	-171.150952	747.4565099	398.6413037	-3.132607711	492.1834579	393.4640761	-134.8986963	492.7651159	358.8258091	-150.4130702	640.9703977	381.5508232	-101.0347189	676.6030362	530.5688998	196.037035	791.1435146	497.2068917	34.93415303	497.7824876	604.9898602	167.8393901	495.757154	601.3974	181.0899019	641.7883894	552.287524	114.5193484	733.0133361	638.1805438	-131.4583199	447.1799283	338.1730792	7.94407852	113.8196749	216.2364434	-69.39258616	94.821959	169.2680478	-77.56762542	374.0398481	383.429522	-135.155027	374.6130665	291.3615129	173.2128154	458.5578783	613.4805306	67.84963083	105.2212438	762.5476296	151.9470934	84.62333438	730.066348	123.461208	439.0766295	682.9246717	183.7155265	390.3926352	637.409744	-37.91290987	34.94262533	359.7949933	-14.2123849	64.30158701	101.0808219	-4.243165259	31.15913402	314.8199778	-110.5059784	26.12748324	295.6765147	-101.6428507	36.75330249	254.7011759	-11.67945734	59.96373714	285.4255642	95.27638736	31.47178167	689.2034222	128.8497342	107.7716463	930.4986395	91.62287926	78.28673912	893.9435957	197.0911188	66.61528059	875.6505083	186.1211379	68.05875375	839.224206	88.3105002	81.00011428	858.1820179
861	8.6	-134.1665589	962.3895472	535.6257366	128.1139098	980.1186891	563.532658	16.82956587	1008.008973	362.8641237	-169.6862916	747.9901147	403.4869669	-2.807717956	492.0236718	398.0193236	-134.2833933	493.6939759	362.370492	-149.1584605	641.592527	385.9278998	-100.6226916	676.0547993	535.5228097	197.6314455	792.231449	504.7621028	36.2535246	497.8313727	609.3292541	169.32187	495.972747	607.3098599	182.950248	642.5340598	559.5172283	114.4905636	733.004265	644.0539518	-131.0006212	448.1874953	341.3193464	7.279240149	115.083608	217.5646884	-69.77749046	96.5462156	170.2138041	-77.73645014	374.4843611	386.5559401	-134.9636459	376.1641371	293.8912253	174.5816841	458.5206459	618.9680288	68.04049188	104.3553318	764.8474931	152.237901	84.19048659	732.0474359	124.2461911	438.6548802	687.8658052	184.9891055	390.2774501	642.5312104	-37.95425277	34.96861767	359.9230965	-14.62774644	66.80103065	101.8336503	-4.311304956	31.12724492	314.8845043	-110.527585	26.10142154	295.7412343	-101.8208757	36.87431694	255.0185139	-12.05690441	60.52492762	286.2425861	95.23512944	32.19639716	690.2204958	129.3087421	103.0753172	933.0220615	92.16822477	74.1608524	895.9180658	197.6286019	63.15188509	877.1166124	186.5905067	65.47636823	840.7402132	88.72281048	77.77478536	860.3608331
862	8.61	-132.6233975	962.1452717	542.2268614	129.4487092	981.2157155	570.8401782	19.21182521	1008.316174	369.6048026	-168.115894	748.5345947	408.5389443	-2.355212825	491.8405415	402.6348013	-133.6319758	494.6804896	366.0366904	-147.8221864	642.2110088	390.5002809	-100.0509174	675.5602934	540.5940115	199.3396933	793.5172759	512.3177843	37.75370623	497.9239827	614.1622601	170.8837074	496.4588427	613.5855107	184.8480768	643.588647	566.9812497	114.7028701	733.4473916	650.1641398	-130.3572874	449.2856015	344.6581046	6.579263893	116.4037498	218.991393	-70.22287563	98.30711663	171.1700388	-77.94266739	374.9886179	389.8339238	-134.7166372	377.8841305	296.5423008	175.8789832	458.9076548	624.8352367	68.12707744	103.597533	766.7001016	152.5083004	83.92348999	733.8292757	125.033941	438.3871089	693.1660507	186.3585523	390.5152845	648.1492671	-37.99238939	35.0016689	360.0607093	-15.03360393	69.44574842	102.7163912	-4.389439918	31.14164538	315.0232779	-110.5747047	26.13499655	295.8681943	-101.9711842	36.98411102	255.3492305	-12.44770809	60.99997689	287.0009309	95.28341822	32.83684188	691.0429225	129.3312422	99.01697525	935.187069	92.28750355	70.60503762	897.4918647	197.7800583	60.17810509	878.4067887	186.7532433	63.31866749	842.1202892	88.83132164	75.10135755	862.1273801
863	8.62	-130.8897528	961.91051	548.9484669	130.9963271	982.5429236	577.9724271	21.68682837	1008.624657	376.3785663	-166.5549048	749.0997187	413.7661975	-1.810536347	491.6268664	407.3047265	-132.9620809	495.7029034	369.7625595	-146.4187256	642.8110549	395.2221482	-99.35561228	675.1096145	545.7661155	201.2376669	795.0021581	519.863988	39.41256948	498.1857901	619.2108583	172.4390181	497.2595107	620.2122173	186.7119831	644.9872057	574.5997637	115.2669853	734.2831252	656.603631	-129.6208283	450.4603033	348.1370968	5.821946138	117.768627	220.4885416	-70.74355698	100.1544437	172.1767603	-78.14545301	375.4946993	393.0375119	-134.3914579	379.6202554	299.3225731	177.1290529	459.7770634	631.1617292	68.13663531	103.0033396	768.2172479	152.7868766	83.87605801	735.4571971	125.7141435	438.3368399	698.8273596	187.7297902	391.1240533	654.1739578	-38.03093727	35.03575674	360.198448	-15.40788108	72.23494885	103.6953034	-4.486614498	31.20912694	315.2296384	-110.6343831	26.18361192	296.033152	-102.1483409	37.12048142	255.7305584	-12.86948113	61.38855417	287.6982415	95.39418198	33.42970617	691.695122	129.0486185	95.35459476	937.04222	92.11412086	67.3984939	898.7766131	197.6805756	57.58178972	879.5605216	186.7179582	61.48021415	843.3898717	88.73136422	72.78845977	863.5907959
864	8.63	-128.9597734	961.7011608	555.7693859	132.7587913	984.044795	584.9342558	24.2511036	1008.928761	383.1827902	-165.0251185	749.6818709	419.1289452	-1.231151342	491.4305826	412.0383204	-132.2680802	496.7927593	373.5550575	-144.9739569	643.4179328	400.0527989	-98.5488168	674.7264766	551.0229913	203.3506174	796.6689342	527.4071288	41.12417792	498.8344965	624.4075303	173.9121623	498.3502601	627.1669907	188.5045117	646.6576826	582.3038498	116.2552386	735.5098239	663.407569	-128.9038583	451.7432675	351.7309728	4.985012172	119.1956237	222.0606515	-71.33412706	102.1137053	173.2954676	-78.31760962	376.0446864	396.2050749	-134.0468696	381.3349246	302.2489796	178.4662379	460.9406467	637.9788423	68.11998527	102.5694751	769.6006308	153.0445424	83.95340214	736.9861287	126.250705	438.5441421	704.8076723	188.9936549	392.0073728	660.4564101	-38.06943337	35.06406071	360.3324118	-15.7708294	75.19857284	104.7213919	-4.613967855	31.33182777	315.5005469	-110.6851362	26.21089446	296.2158651	-102.3974423	37.31475037	256.1924584	-13.33011503	61.69820666	288.3635507	95.50947267	34.00424319	692.2510278	128.7140994	91.87000861	938.6724282	91.89776983	64.37287284	899.9096802	197.5413479	55.22724769	880.6048086	186.6574243	59.83912614	844.5514271	88.58267501	70.62821185	864.8593339
865	8.64	-126.8478878	961.5571305	562.6645181	134.7077788	985.6560125	591.7513888	26.89948584	1009.223828	390.0151501	-163.4749046	750.2934291	424.5901592	-0.658057174	491.3268028	416.8077349	-131.5529823	497.978753	377.4710835	-143.4954234	644.087041	404.9620343	-97.6194201	674.4534934	556.3506678	205.6382465	798.4352916	534.9401604	42.74701586	500.0439713	629.971823	175.2751898	499.631823	634.373345	190.2103415	648.4077909	589.969743	117.6961835	737.1310547	670.5555329	-128.322402	453.1523276	355.4104854	4.056995092	120.71555	223.7348618	-72.0159355	104.2108524	174.5661152	-78.49799573	376.7817988	399.678054	-133.7119122	383.0979027	305.3175671	179.8657114	462.1472722	645.1221077	68.11488198	102.2104131	770.9922903	153.2353963	84.02193255	738.4508518	126.7227372	438.9830564	711.0345395	190.1098354	393.0052412	666.8601073	-38.10595891	35.08468286	360.4585192	-16.23396876	78.35319807	105.8518404	-4.766421099	31.47773152	315.8124091	-110.7047254	26.19722097	296.3983947	-102.7151506	37.54117519	256.7161273	-13.82699946	61.97525881	289.0600326	95.59004135	34.58651006	692.7734921	128.5012442	88.44318872	940.1510457	91.79949231	61.43169993	900.9703594	197.4921316	52.9993551	881.5601669	186.6638095	58.27408434	845.5982775	88.48839923	68.50314853	866.0069783
866	8.65	-124.5848287	961.518282	569.6164986	136.8016317	987.2982288	598.4561452	29.62497348	1009.506405	396.873668	-161.8426645	750.9777269	430.1207763	-0.105050224	491.3707768	421.566235	-130.862653	499.2875849	381.539628	-141.9858	644.8893773	409.9416138	-96.56120149	674.3218558	561.7398205	208.02079	800.1766187	542.4277251	44.2313756	501.8441013	636.178398	176.542192	500.9911279	641.735169	191.840554	650.0833879	597.5296513	119.5778742	739.07313	677.950162	-127.9098915	454.6535052	359.1405475	3.041997459	122.339481	225.5306788	-72.78840767	106.4643615	176.0074779	-78.70225684	377.7740057	403.5936074	-133.3725342	384.9907436	308.5201301	181.1611682	463.3074701	652.3342553	68.12956463	101.8387907	772.4404543	153.3612325	84.03846987	739.8723028	127.2823442	439.5553801	717.459172	191.1170762	393.9691274	673.2864734	-38.14126197	35.098825	360.5698561	-16.89179562	81.6893052	107.177265	-4.914960815	31.58592577	316.1161111	-110.6962645	26.14009813	296.5565291	-103.0603677	37.74765812	257.2562636	-14.34709791	62.28337029	289.8589249	95.6316764	35.19541096	693.2918584	128.4363941	85.0360006	941.5246837	91.82920813	58.53597894	901.9737506	197.5485161	50.82822334	882.4485249	186.7205352	56.65195975	846.4972521	88.47034695	66.39562333	867.0862953
867	8.66	-122.2081597	961.6061266	576.6124173	139.0090445	988.8927914	605.0831927	32.41862688	1009.774477	403.7567606	-160.107338	751.7876703	435.6942486	0.438986451	491.5756578	426.2780428	-130.215765	500.7298532	385.7003173	-140.4649147	645.8820717	414.9971721	-95.3906908	674.3311596	567.1802243	210.4265279	801.7889145	549.8489599	45.62811886	504.0412058	643.1234285	177.7477589	502.3496816	649.1891719	193.4146382	651.6328734	604.9877594	121.8436732	741.156559	685.4294199	-127.5320453	456.2240949	362.9256089	1.967113462	124.0446079	227.4447866	-73.62844782	108.8475938	177.6210213	-78.891287	378.9324797	407.6665925	-133.0433739	387.0191318	311.8302355	182.3160205	464.4084644	659.4970604	68.14209559	101.4266697	773.9470276	153.4449375	84.01561265	741.2615456	128.0744998	440.1289227	724.0540991	192.0919691	394.8215565	679.6864403	-38.17630519	35.10899316	360.65992	-17.64429795	85.16385064	108.6804051	-5.036542558	31.63033938	316.3853451	-110.697743	26.03475198	296.6711605	-103.4020233	37.94186328	257.8175671	-14.87550364	62.63149943	290.7761216	95.6394035	35.82092485	693.8122498	128.4699451	81.65314089	942.8270256	91.9291557	55.69608471	902.9196663	197.6740944	48.66954029	883.2619918	186.7892941	54.93869592	847.2441186	88.52267263	64.34085961	868.1512166
868	8.67	-119.7550041	961.8192772	583.6332768	141.3173789	990.3823252	611.6793175	35.26956917	1010.02755	410.6632002	-158.2766182	752.7443005	441.2854881	0.981474194	491.9264025	430.9394154	-129.558805	502.2800664	389.9061862	-138.9506123	647.0600544	420.1110198	-94.14344801	674.4615419	572.6538142	212.8237067	803.2099654	557.2194938	46.98995678	506.3120438	650.7335492	178.9289656	503.644027	656.7031447	194.9465492	653.0347713	612.3509684	124.4010122	743.1746624	692.8904559	-127.0156004	457.8785897	366.7815214	0.869890816	125.7964543	229.4644281	-74.5297346	111.2850071	179.3541356	-79.05617629	380.0923545	411.461044	-132.7595921	389.1351753	315.2100509	183.4442227	465.4054487	666.6464753	68.11178101	100.9832658	775.4969506	153.4747368	83.95485433	742.6204246	129.1562029	440.592625	730.7851675	193.0841134	395.5548403	686.055757	-38.20969024	35.11693655	360.7296393	-18.31182786	88.70793469	110.2908048	-5.129285234	31.62045821	316.6148935	-110.759312	25.90647605	296.774794	-103.7428101	38.17280894	258.4432325	-15.3928248	62.99538586	291.7996803	95.61165429	36.43280351	694.3300655	128.5515141	78.29719044	944.0901945	92.05366927	52.9251572	903.8161639	197.8398634	46.4808734	883.9644552	186.8718811	53.26527836	847.9184905	88.61448356	62.346528	869.1995695
869	8.68	-117.260337	962.1424323	590.6658111	143.7221386	991.7353147	618.3034225	38.16501769	1010.266469	417.5918664	-156.3717112	753.8476614	446.8900316	1.517162553	492.4031027	435.5838621	-128.8530695	503.9083217	394.1910631	-137.4557666	648.3669918	425.2317324	-92.86343131	674.6923168	578.1396315	215.1879051	804.384445	564.5138139	48.32565662	508.4494287	658.8993068	180.1058922	504.8116661	664.2564158	196.4577284	654.2247472	619.612977	127.1528339	744.9920442	700.3805937	-126.3618696	459.6345538	370.6873189	-0.237679987	127.5763884	231.5871576	-75.4670731	113.6917164	181.1259059	-79.23765294	381.0792412	414.5630543	-132.5179801	391.3206239	318.6504024	184.6180047	466.2826772	673.8351061	68.00650126	100.5234962	777.0754761	153.4227339	83.87064448	743.9715824	130.4466526	440.896471	737.641086	194.078523	396.1810149	692.4133074	-38.23761103	35.11964587	360.7883669	-18.85444421	92.2820604	112.0075901	-5.202212683	31.55792971	316.7942379	-110.9088788	25.86146545	296.9277843	-104.0879508	38.43553814	259.1310117	-15.88470132	63.35162304	292.9210958	95.55392889	37.01570642	694.842252	128.6429191	74.94936347	945.3592609	92.17552335	50.2076122	904.6840361	198.0225197	44.25986835	884.5596599	186.9775574	51.75785794	848.5893306	88.67113692	60.37847687	870.1695566
870	8.69	-114.7541121	962.554836	597.7124338	146.2130652	992.9288043	625.0052114	41.08989489	1010.493517	424.5414605	-154.4342579	755.1308435	452.5441978	2.052322894	492.9856011	440.2434818	-128.132819	505.6134552	398.5548386	-135.9975755	649.7682095	430.3314701	-91.5893372	675.002228	583.6314813	217.4523492	805.2331798	571.5857215	49.62290993	510.4065797	667.4833808	181.272304	505.8106182	671.8517523	197.9649212	655.1131527	626.7672721	130.0362634	746.5596903	708.0373916	-125.7203162	461.5050069	374.632541	-1.366608424	129.3829849	233.8191804	-76.40272926	116.0615677	182.9491351	-79.43872031	381.9314732	417.1345437	-132.283931	393.5680396	322.1482301	185.7979269	467.0487479	681.0946635	67.82128641	100.0602603	778.6718658	153.2990374	83.82185249	745.3738873	131.7663281	441.0444096	744.6436326	195.0349188	396.6989939	698.8002632	-38.25570624	35.11154678	360.8472664	-19.37936472	95.90789899	113.8749387	-5.267297429	31.44730531	316.9401333	-111.1169177	25.95339959	297.1252026	-104.4280974	38.70312667	259.8559874	-16.35625374	63.67259683	294.1225345	95.48125597	37.56850633	695.3524307	128.7365613	71.59707349	946.7091043	92.27756655	47.56437899	905.5830267	198.1895738	42.11062266	885.1376442	187.0828733	50.43207697	849.2514423	88.64588364	58.46391597	871.0798423
871	8.7	-112.2560368	963.0290014	604.7801792	148.7694729	993.9344721	631.8103412	44.0253468	1010.713988	431.5110921	-152.4831764	756.5896626	458.2734995	2.606089458	493.647873	444.9066059	-127.4466494	507.419619	402.9203874	-134.5619505	651.2617592	435.4517549	-90.33986949	675.3679553	589.1448972	219.5728603	805.7049036	578.3421792	50.87055891	512.1315087	676.2553347	182.406043	506.6213167	679.5175999	199.4648264	655.7075265	633.8839736	133.0268418	747.8654597	715.952518	-125.1682823	463.4810075	378.6326579	-2.521303622	131.2085773	236.1574854	-77.35379245	118.4881764	184.939173	-79.58344193	383.0515167	420.3282223	-132.0361233	395.8497973	325.6846652	186.9050767	467.6936016	688.4714421	67.55542401	99.59303337	780.249697	153.1342725	83.84724449	746.8628825	132.9458144	441.052839	751.7824159	195.9311059	397.1064422	705.2976464	-38.26288377	35.09346053	360.9197209	-20.00003944	99.62265349	115.9008846	-5.332154774	31.31937874	317.1079103	-111.3093132	26.02659808	297.2944693	-104.7644814	39.00228308	260.6344154	-16.81844164	63.94852482	295.3863241	95.3967595	38.07790513	695.8602393	128.9108279	68.28933587	948.216641	92.38516771	45.1466695	906.6119694	198.3387865	40.19214356	885.7855815	187.1546233	49.30528058	849.886902	88.57790761	56.72853282	872.0125522
872	8.71	-109.77122	963.5285896	611.873227	151.3666897	994.7311724	638.7298914	46.94684032	1010.939691	438.5029501	-150.4767207	758.0937583	464.0392089	3.178866034	494.3644295	449.5444164	-126.7938214	509.3372296	407.247936	-133.1023514	652.8287642	440.6541555	-89.11289926	675.7637662	594.6966858	221.6254442	805.8638206	585.0138108	52.06240699	513.5447615	684.9968288	183.4865096	507.2379653	687.2675238	200.9393489	656.1295159	641.1154417	136.0961615	748.8913761	724.0701508	-124.6467574	465.5008558	382.6749914	-3.699943615	133.0279793	238.5871539	-78.35554922	121.0304687	187.1438355	-79.63861727	384.5734596	424.5445434	-131.7709056	398.1610442	329.2735737	187.9088306	468.214361	695.9933283	67.20096258	99.10571027	781.7349454	152.934142	83.90798263	748.3909527	133.9010994	440.9293416	758.9793682	196.7563443	397.4118154	711.9908133	-38.25785112	35.07466367	361.0244278	-20.73552114	103.4266541	118.0494544	-5.395730832	31.21477929	317.3462523	-111.451223	25.91870444	297.3996138	-105.1125146	39.36700834	261.486901	-17.27235796	64.20179307	296.7023275	95.28893629	38.52262609	696.3494847	129.2955262	65.1627726	949.8739506	92.56735304	43.17040723	907.818028	198.5196861	38.5846335	886.4698605	187.1881557	48.43515944	850.4811365	88.54083277	55.28299371	872.9575912
873	8.72	-107.2916421	964.0109561	618.9943302	153.9829918	995.3309664	645.7699994	49.82653869	1011.189912	445.5255343	-148.3992613	759.523244	469.8097826	3.733194796	495.1088695	454.1801194	-126.1056309	511.265113	411.5733077	-131.6009761	654.4182797	445.9467524	-87.89872688	676.1550478	600.2868433	223.7287649	805.8601573	591.9949681	53.20321347	514.6433635	693.6312105	184.5145269	507.6784389	695.0610816	202.3452465	656.4444283	648.5000329	139.1909321	749.6432322	732.2659126	-124.097879	467.5037108	386.756691	-4.900889597	134.8072242	241.0849203	-79.39979635	123.6169455	189.4604305	-79.68931735	386.016935	428.4548134	-131.4854326	400.5183022	332.9669661	188.8523283	468.6397075	703.6000498	66.78176171	98.59609652	783.0585303	152.7041576	83.94953505	749.8610651	134.6362731	440.6785993	766.1113376	197.5030906	397.6159988	718.8472686	-38.22869769	35.06158274	361.1785548	-21.55057509	107.2866729	120.2934769	-5.455536607	31.16885838	317.6904931	-111.5763791	25.71941635	297.5104767	-105.4719924	39.77458523	262.3905216	-17.71405473	64.46084397	298.055869	95.16019999	38.89349715	696.7959886	129.9195596	62.37205709	951.5262041	92.84792115	41.71422817	909.100829	198.7649725	37.27941894	887.0932664	187.2016024	47.82590069	851.0049625	88.57720046	54.13220979	873.8583338
874	8.73	-104.8074392	964.4302126	626.1417297	156.5987759	995.7861954	652.933504	52.64297836	1011.478139	452.5860335	-146.3377115	760.9033565	475.6308259	4.22064579	495.8311312	458.8947781	-125.299049	513.0037356	415.9348368	-130.0819899	655.9670714	451.2974094	-86.69250186	676.500177	605.9096667	225.8995946	805.8144097	599.4138818	54.32287184	515.5126695	702.1397233	185.5236099	507.9848325	702.7972306	203.6521506	656.6316783	655.9319835	142.2353846	750.1933304	740.4755638	-123.5267806	469.4605568	390.9135286	-6.109656284	136.5357298	243.6396911	-80.47043563	126.1490695	191.7983224	-79.79865106	387.2123139	431.6819768	-131.1805446	402.8784627	336.7840308	189.7862901	468.9978407	711.150891	66.35866574	98.0937024	784.1895993	152.4772293	83.96178259	751.2006638	135.2226886	440.3092116	773.0416514	198.1614956	397.6922791	725.6051967	-38.15378484	35.04657139	361.3877383	-22.42641005	111.1713542	122.6357512	-5.511553049	31.19428484	318.1452015	-111.7109263	25.61655196	297.7259272	-105.8274859	40.18581611	263.3175829	-18.14082248	64.73680738	299.4208332	95.03533218	39.19896305	697.1875086	130.6659045	59.9858332	952.9231748	93.15539246	40.65952662	910.2484675	199.0364953	36.23885484	887.5981606	187.2086026	47.41107581	851.4394783	88.67012657	53.19145036	874.6915666
875	8.74	-102.318594	964.7457335	633.3015224	159.1874566	996.1677664	660.2162537	55.38290682	1011.795189	459.6705544	-144.371033	762.2648754	481.5517053	4.6425792	496.46328	463.7514892	-124.3703524	514.474826	420.3613349	-128.5676597	657.4120964	456.690131	-85.49803579	676.7704449	611.5722513	228.0636687	805.7893495	607.0707388	55.46828303	516.254379	710.4034843	186.5561989	508.2061139	710.3356016	204.9069116	656.7456941	663.3622405	145.1159852	750.6439011	748.6473814	-122.9430886	471.3302446	395.1682999	-7.297813307	138.2643624	246.285865	-81.56211143	128.614296	194.2031286	-79.94068359	388.5332306	435.5326705	-130.865423	405.1439652	340.7032705	190.660934	469.2804279	718.4969896	65.9804219	97.63565669	785.1329965	152.288982	83.95671636	752.3870521	135.7810776	439.8450357	779.6717341	198.7310531	397.6275042	731.9204424	-38.02361496	35.01638749	361.6405608	-23.35978963	115.0614186	125.0774136	-5.566599306	31.23884424	318.6115177	-111.8417918	25.65333941	298.0616526	-106.1749946	40.60197213	264.2752715	-18.55851848	65.03256005	300.7822322	94.93478139	39.45854843	697.5275988	131.4294778	57.97327103	953.8629838	93.40315405	39.84311882	911.0913527	199.2760121	35.38862335	887.9517135	187.2210865	47.12191418	851.7845937	88.75849083	52.36520243	875.4171629
876	8.75	-99.83873732	964.9377066	640.4493896	161.7078949	996.5351967	667.5919743	58.02775321	1012.132303	466.7565947	-142.4625644	763.5155863	487.555409	5.066925573	496.9639895	468.7468932	-123.4076159	515.8160542	424.9189878	-127.052977	658.6963622	462.1344305	-84.31976969	676.9656498	617.2910297	230.1646108	805.8444545	614.7276285	56.66330228	516.9184697	718.2120498	187.6284888	508.3840261	717.54289	206.1982701	656.9286223	670.8099779	147.7056168	751.0866262	756.7134093	-122.3539411	473.0805962	399.5536618	-8.446776557	140.0470493	249.0558398	-82.64818496	131.0391558	196.7507604	-80.06354831	389.956621	440.1900502	-130.5457632	407.2534148	344.7322413	191.3040627	469.502626	725.4997684	65.66150046	97.24044036	785.9241156	152.1564615	83.9424473	753.423978	136.4362705	439.3268545	785.9713613	199.2716236	397.4774871	737.6878251	-37.86418819	34.96878346	361.9150359	-24.3564695	118.9435481	127.6049717	-5.636474862	31.22112349	318.9645437	-111.9662912	25.77335184	298.4758751	-106.5195234	41.04729625	265.2766249	-18.98880868	65.35726056	302.1803012	94.86118831	39.6848794	697.8228548	132.2306025	56.25895633	954.3091906	93.56986184	39.18413175	911.6196444	199.4671024	34.64357467	888.1474797	187.2586308	46.90837748	852.0396767	88.80132632	51.6182901	876.0027967
877	8.76	-97.39185262	965.0157115	647.5630978	164.1101822	996.9168542	674.9987324	60.54774661	1012.531153	473.8620505	-140.5437459	764.5650184	493.6097915	5.556995185	497.3359562	473.8547577	-122.5238745	517.179185	429.6963865	-125.522522	659.7937489	467.653837	-83.150982	677.0998888	623.07665	232.2156947	806.0471968	622.3000292	57.89467777	517.5150895	725.4234729	188.7337002	508.5388864	724.3434817	207.5762347	657.2598603	678.2271169	149.9251079	751.5871157	764.6446661	-121.7841535	474.7152898	404.1496697	-9.554122972	141.8513639	251.9128412	-83.68849705	133.4112414	199.4421764	-80.09635102	391.0504478	444.5338156	-130.226848	409.1957896	348.930422	191.7307539	469.7076603	732.0183141	65.39707494	96.9037925	786.6126024	152.0758763	83.922116	754.3222166	137.2482977	438.7905816	791.9492546	199.8805154	397.3087211	743.0345532	-37.72405153	34.90810567	362.2001589	-25.41766866	122.8310106	130.2127629	-5.737587417	31.15607139	319.2336378	-112.1142019	25.95044327	298.9472787	-106.8623451	41.53940778	266.3116632	-19.43585269	65.71548618	303.6710081	94.81077956	39.87407716	698.0773123	133.1081784	54.76812188	954.3901216	93.67869903	38.65894812	911.9492068	199.6180003	34.00430101	888.2664945	187.3266837	46.72743267	852.2082932	88.80611011	50.95789653	876.4767392
878	8.77	-94.99964908	965.0101873	654.6247404	166.352835	997.3175011	682.3741267	62.92369948	1013.05533	481.0312281	-138.5948238	765.4222467	499.7077682	6.119884489	497.6073062	479.0803197	-121.7918562	518.5716139	434.7624517	-123.9784472	660.7249687	473.2865594	-81.97413808	677.1827183	628.9394352	234.2752091	806.4280374	629.8207658	59.14756948	518.0869734	732.0532222	189.8592363	508.6655362	730.7459007	209.0357191	657.6921214	685.4976146	151.7590084	752.1372482	772.3970054	-121.2545215	476.2242615	409.0345796	-10.60506487	143.6086552	254.7980613	-84.67147642	135.7235946	202.2350632	-80.00747641	391.7456232	448.375752	-129.9357032	410.9777428	353.3801905	192.4146632	469.8476013	738.0036158	65.17606155	96.59885297	787.2318175	152.0273261	83.89332092	755.1068344	138.1869077	438.2531572	797.6281394	200.5921526	397.1195397	748.0744593	-37.63093806	34.83287414	362.5112847	-26.48523984	126.7737253	132.9196493	-5.837914379	31.14872104	319.5301978	-112.2985713	26.17472249	299.4681669	-107.2001083	42.09856244	267.3625468	-19.8421436	66.0922433	305.1939572	94.77898942	40.02396919	698.2966924	133.980802	53.44746603	954.3234958	93.74851137	38.23523904	912.2091973	199.7298333	33.53621879	888.4349847	187.4058596	46.56477237	852.3221543	88.79239284	50.38069509	876.8862491
879	8.78	-92.67279192	964.9556882	661.6130197	168.424418	997.7502471	689.7339243	65.19251138	1013.678133	488.2808936	-136.6098096	766.1193299	505.8377947	6.72820443	497.8079255	484.461079	-121.1868396	519.8986883	440.1531368	-122.4355665	661.5200592	479.073019	-80.77211794	677.2236592	634.9034576	236.3965472	806.9514494	637.3305289	60.42007063	518.6930077	738.2047392	190.985668	508.7529032	736.8363685	210.5508349	658.1231026	692.5387213	153.2364553	752.6421412	779.8524226	-120.778092	477.5646121	414.2508248	-11.55382876	145.3140834	257.6999027	-85.611935	138.051931	205.1139779	-79.84975157	392.3735272	452.6300193	-129.7134765	412.6180249	358.1594449	193.6880475	469.8499376	743.6041988	64.98905853	96.28547564	787.7823317	151.9942099	83.85188619	755.8163685	139.1678257	437.7125474	803.0423451	201.3618273	396.8856788	752.8945841	-37.57557926	34.74091816	362.8740089	-27.44417624	130.8166488	135.7631976	-5.864434561	31.24419454	319.8741081	-112.464174	26.38332796	300.0038886	-107.5151626	42.75522253	268.4250174	-20.134105	66.45997215	306.5977455	94.7562492	40.15190112	698.4889074	134.7017769	52.24368861	954.3399406	93.79047404	37.85538665	912.4822444	199.808156	33.22601101	888.6954373	187.4759067	46.43756841	852.4342562	88.76779927	49.87240331	877.2580058
880	8.79	-90.41575084	964.8831442	668.5077515	170.3506464	998.2303254	697.1515632	67.45084215	1014.300785	495.5751908	-134.5785281	766.6687937	511.9901969	7.347241974	497.9479129	490.0536187	-120.5892865	521.0206157	445.8554399	-120.9062129	662.1890392	485.0440447	-79.53633615	677.238172	640.9934171	238.589056	807.5446927	644.829376	61.70337093	519.3046288	743.9372102	192.0945345	508.7980975	742.7377168	212.0943	658.4664506	699.3380567	154.4156584	752.9867139	786.88595	-120.3761064	478.7040298	419.8156413	-12.35687102	147.0370089	260.6541997	-86.48784756	140.4858865	208.1177503	-79.64691286	393.1235266	457.8109617	-129.572515	414.1378128	363.3117272	195.1953851	469.7345479	749.0674718	64.83389037	95.95105674	788.2547564	151.9805593	83.80763565	756.4864111	140.0994857	437.1509055	808.2259812	202.129709	396.6174686	757.6184294	-37.53580462	34.64065301	363.2883853	-28.22873438	134.9603943	138.7779735	-5.808227853	31.40248227	320.2794838	-112.5480677	26.50689262	300.5105974	-107.7807657	43.54108581	269.5192683	-20.30757422	66.80071156	307.8451428	94.73148467	40.28356205	698.6617519	135.2115706	51.08966329	954.5941512	93.82075163	37.46069128	912.8033313	199.8668889	32.97407139	888.9930936	187.5253804	46.35316226	852.5796302	88.73526053	49.41326378	877.6016857
881	8.8	-88.22796931	964.8212403	675.2985095	172.1757868	998.7335828	704.6343635	69.77871488	1014.907523	502.789179	-132.5151568	767.1103303	518.2060273	7.957532172	498.0235236	495.912195	-119.9002781	521.8242061	451.8215185	-119.4046586	662.740007	491.2217919	-78.26583325	677.2482401	647.2199374	240.8180815	808.1482396	652.2990848	62.98500342	519.7894824	749.1840909	193.1801758	508.7988994	748.5440071	213.6411867	658.6892096	705.9347615	155.3673678	753.1033621	793.4521271	-120.0651381	479.6468968	425.7157806	-13.03418982	148.8555306	263.7389203	-87.23514767	143.0205245	211.3079354	-79.33913837	393.8428127	463.4892642	-129.4800176	415.5362557	368.819501	196.4968854	469.5388746	754.5204171	64.70985645	95.64934224	788.6774221	151.996965	83.78532337	757.1417392	140.9118872	436.5524819	813.2007834	202.8590693	396.3327728	762.3064208	-37.49881697	34.54880815	363.7218759	-28.88520677	139.1900342	141.9826692	-5.753673493	31.59771132	320.8366846	-112.570562	26.56351672	300.9887165	-107.9961238	44.49283365	270.694795	-20.42032511	67.1302405	309.0725747	94.70184754	40.4302928	698.8219438	135.5536782	49.97878542	955.084537	93.84505999	37.03718829	913.1622725	199.9078736	32.72508906	889.266687	187.5408639	46.30409972	852.7627977	88.69444761	48.97287553	877.9157252
882	8.81	-86.1021263	964.7969599	681.9782304	173.9433143	999.207945	712.1022441	72.18836808	1015.527871	509.84304	-130.4576903	767.5109269	524.5532926	8.559318037	498.0348425	502.0560527	-119.1401061	522.3465953	458.0296392	-117.9376999	663.1763851	497.604752	-76.9650012	677.2826307	653.5921229	243.0415022	808.7295979	659.7206202	64.25494106	520.0470914	753.8586097	194.2400881	508.751284	754.2698184	215.1904643	658.8473851	712.4249464	156.1659834	752.9920933	799.6087514	-119.8239049	480.4339218	431.9202485	-13.65349871	150.7797254	267.0583076	-87.84974341	145.6148225	214.7180821	-78.90643598	394.3506331	469.146167	-129.3928656	416.7958688	374.6166784	197.5470883	469.3165672	759.8927863	64.60967822	95.45731084	789.1023692	152.035489	83.79584066	757.7842126	141.5741297	435.9217089	817.9664002	203.5365727	396.0325095	766.9037684	-37.4623295	34.47732954	364.1459354	-29.51013002	143.5219592	145.3816304	-5.761401374	31.84188249	321.5687575	-112.6017688	26.64445051	301.4991162	-108.1977922	45.64536497	272.0033562	-20.52728247	67.50261022	310.4541034	94.67324343	40.58320699	698.9709411	135.7809442	48.99551595	955.6698446	93.84548917	36.62986439	913.5110626	199.9232545	32.49529593	889.4812156	187.5147006	46.29638473	852.9745956	88.63897049	48.54415499	878.1900508
883	8.82	-84.02649064	964.8326615	688.5367296	175.69243	999.6222194	719.476124	74.66244749	1016.104403	516.8355242	-128.4201965	767.8966598	531.0377185	9.149403634	497.9761564	508.4736741	-118.4283702	522.7876782	464.5192809	-116.4952301	663.4933641	504.1655593	-75.64641811	677.3606181	660.1191127	245.22692	809.2669002	667.0450386	65.48531762	520.1310396	758.0494182	195.2667078	508.6533646	759.845434	216.7602671	659.0224607	718.8823531	156.8890069	752.7055764	805.4823726	-119.6014396	481.1318009	438.419616	-14.24896012	152.7732148	270.6499448	-88.43049218	148.2873216	218.326009	-78.43996662	394.6860026	474.845352	-129.290152	417.9511184	380.6586457	198.4079861	469.1425743	765.0221272	64.522727	95.37364946	789.5248952	152.075172	83.81940994	758.3825362	142.1023549	435.2757884	822.4916091	204.1710148	395.7096045	771.3261369	-37.42821735	34.42467995	364.5684345	-30.17309419	147.9856988	148.962929	-5.816154659	32.15852008	322.3906537	-112.6854289	26.82490535	302.1123402	-108.420112	46.98487481	273.4421174	-20.65692474	67.98136651	312.0646508	94.6513883	40.72281355	699.1022126	135.9268113	48.2020496	956.1891574	93.8073517	36.28768389	913.8010043	199.9140236	32.31220282	889.6292253	187.4585546	46.32806718	853.1872363	88.56905143	48.16255479	878.4162408
884	8.83	-81.9823586	964.9403609	694.9689099	177.4577091	999.9808652	726.7214622	77.18223491	1016.611188	523.7592493	-126.3751965	768.2342499	537.5964169	9.710959056	497.8274788	515.1575746	-117.8696499	523.3160958	471.3433981	-115.0657367	663.7058232	510.8819295	-74.33017559	677.4761199	666.7916532	247.3461407	809.739633	674.1820008	66.64045695	520.1556459	761.9516686	196.2591374	508.4995769	765.1485882	218.3450521	659.211925	725.2322615	157.6098575	752.3167319	811.1990893	-119.3832342	481.7879526	445.2240847	-14.80587757	154.8318814	274.4270372	-89.07440546	151.0688243	222.0674627	-78.04435939	394.9661281	480.8744564	-129.1807734	419.1087898	386.9714545	199.1236055	469.0194723	769.7926204	64.4440778	95.31397754	789.8798143	152.1064642	83.8240465	758.8896101	142.5532983	434.6257978	826.7267363	204.7937829	395.3474831	775.4958354	-37.40333101	34.37454674	365.0322544	-30.88513873	152.5918937	152.7115599	-5.891065753	32.58811168	323.2498854	-112.819044	27.10083564	302.8302399	-108.6567117	48.4434887	274.9456042	-20.82518521	68.61405567	313.8597583	94.63737156	40.82881771	699.2070443	136.0247736	47.56771854	956.5684072	93.74448398	36.01461823	914.0172315	199.8882025	32.20378347	889.7508039	187.3937307	46.3617619	853.3564887	88.49949165	47.85782467	878.5877952
885	8.84	-79.94588282	965.1173807	701.2805015	179.2630674	1000.308949	733.8283327	79.70446163	1017.127558	530.4394324	-124.3112957	768.489514	544.1818181	10.22054654	497.5726529	522.1047024	-117.4503125	523.8941105	478.4968621	-113.642982	663.830184	517.743787	-73.03330389	677.6109291	673.5869138	249.3977347	810.1365966	681.058941	67.72714947	520.1536885	765.6479161	197.2321416	508.2835687	770.0547039	219.908151	659.3579628	731.3024265	158.3868717	751.8875637	816.8188284	-119.1875229	482.3985904	452.3466551	-15.3054044	156.9495642	278.2692474	-89.76129667	153.9240819	225.8946016	-77.75932628	395.2269233	487.3328421	-129.0991345	420.3081871	393.5900604	199.836228	468.8908742	774.2098083	64.37730133	95.21699997	790.1292169	152.1369759	83.7903914	759.275802	143.001816	433.9723818	830.6333163	205.4441511	394.9423346	779.3420114	-37.39959849	34.30307784	365.5950673	-31.59225572	157.3368809	156.6356625	-5.976520181	33.17658636	324.179293	-112.9684122	27.4237774	303.5928026	-108.8755878	49.97478409	276.4553891	-21.031487	69.430427	315.7828279	94.63302808	40.88864022	699.2824286	136.0971126	47.03545536	956.823378	93.68187442	35.78708715	914.1741632	199.8538924	32.17352399	889.8865161	187.3341267	46.35625891	853.4560882	88.44411273	47.61108346	878.6841727
886	8.85	-77.89873192	965.3500879	707.4795159	181.1175559	1000.63013	740.7863753	82.1711114	1017.650959	536.9743029	-122.2729976	768.6596636	550.7989457	10.65234381	497.2209836	529.2941222	-117.0834711	524.3438948	485.9192807	-112.2306992	663.844966	524.7363046	-71.76259621	677.7587839	680.4916352	251.4066976	810.4653921	687.6468205	68.80078815	520.1225792	769.1127886	198.2041567	508.0170475	774.4991893	221.413678	659.4350949	736.9710444	159.2573989	751.4559118	822.3198987	-119.0027633	482.928809	459.8007829	-15.77547521	159.0634926	282.1187324	-90.37391914	156.7693597	229.7977656	-77.57449886	395.4352544	494.1596313	-129.0830804	421.4342948	400.4882232	200.6946813	468.6870133	778.3398999	64.32860575	95.09242853	790.2948445	152.1774287	83.72277949	759.5507661	143.5081891	433.3175021	834.2035767	206.1453178	394.5308637	782.8440385	-37.42283794	34.19992475	366.2985682	-32.22272186	162.2020103	160.7625947	-6.068083393	33.9344461	325.2262226	-113.1048645	27.80621115	304.3870165	-109.0617451	51.60449286	277.9875581	-21.24567313	70.42652658	317.8369144	94.64331528	40.90357646	699.3327911	136.1468961	46.58959802	957.0036947	93.62912386	35.58822823	914.2922426	199.8217304	32.16808826	890.0178016	187.2848393	46.30313357	853.4934942	88.40194398	47.37624658	878.6873236
887	8.86	-75.83193996	965.6215433	713.5614426	183.0178049	1000.951028	747.5789745	84.54151427	1018.101454	543.6493905	-120.309772	768.7331255	557.4609232	10.97607132	496.7986443	536.7052741	-116.7158787	524.4950603	493.5428683	-110.8526289	663.7117182	531.845087	-70.52253757	677.9275859	687.5072884	253.3778597	810.7498318	693.9192101	69.90234165	520.0897874	772.3372392	199.1790886	507.7355778	778.5189413	222.8516121	659.4604886	742.2158889	160.2430221	751.0405426	827.6462428	-118.844245	483.339853	467.5767964	-16.29738108	161.1317682	285.9644258	-90.85503959	159.59183	233.7979179	-77.4512396	395.5148175	501.1923567	-129.1568495	422.3818402	407.6300257	201.6766475	468.3607054	782.1800097	64.30025696	94.97180269	790.413344	152.2310944	83.64166893	759.7510726	144.0911268	432.6742866	837.4587164	206.8855003	394.1509126	786.0158889	-37.46991674	34.08340142	367.1440112	-32.76480796	167.1588906	165.1165301	-6.167828749	34.8284482	326.3934884	-113.236338	28.34948049	305.3005901	-109.2327647	53.40566436	279.6286921	-21.45582591	71.56094655	320.0393406	94.66888	40.88812042	699.3666759	136.1742035	46.23950712	957.1503364	93.58007939	35.41574024	914.3852198	199.7982162	32.13963013	890.1137208	187.2482719	46.23129794	853.502924	88.36564365	47.14265546	878.6313684
888	8.87	-73.74439308	965.9141226	719.4968481	184.9519344	1001.264893	754.1889385	86.80263455	1018.530987	550.3417715	-118.4220861	768.660066	564.1569946	11.16259222	496.3162645	544.3558	-116.3734614	524.3179756	501.3576581	-109.5426748	663.4081569	539.0680622	-69.32304747	678.1239028	694.6387688	255.2957778	811.0155351	699.862593	71.01288324	520.0863272	775.3972122	200.1473088	507.4743131	782.2121445	224.23993	659.4678768	747.0806922	161.3656081	750.6489562	832.7665201	-118.7989163	483.6207409	475.6439164	-16.88490325	163.2246088	289.8477755	-91.30028884	162.5444006	237.9885835	-77.35975731	395.4024052	508.296656	-129.3255484	423.2083817	415.0363361	202.6645621	467.9174462	785.6823785	64.28996301	94.87074038	790.5072359	152.2939491	83.56624894	759.9225219	144.7267162	432.0615018	840.4343917	207.6322095	393.8131799	788.8874058	-37.53885194	33.98197524	368.1034982	-33.26404721	172.1969054	169.7165627	-6.281728173	35.82202469	327.6546169	-113.3906729	29.12642159	306.4111327	-109.4172901	55.43566125	281.4597457	-21.70823568	72.8113846	322.3909703	94.70052904	40.86812076	699.3931646	136.1841659	45.97752033	957.2842171	93.52748538	35.27332529	914.4615529	199.7793815	32.09851714	890.1838645	187.2241232	46.18026724	853.5240641	88.33479189	46.94847632	878.5882385
889	8.88	-71.64769191	966.2164481	725.2462266	186.9056119	1001.563134	760.6020417	88.9653779	1019.075396	556.5960765	-116.6093401	768.4183907	570.8870523	11.20992979	495.7604207	552.3013469	-116.1539427	524.0086733	509.4625035	-108.3311208	662.9234021	546.4109175	-68.16989833	678.3488956	701.8868149	257.1575603	811.2737595	705.5033674	72.08958301	520.1375746	778.429379	201.1053961	507.2384504	785.6438528	225.5854103	659.4896255	751.6309698	162.6566518	750.2770931	837.6976874	-118.9149264	483.7921599	483.9912614	-17.40831927	165.4876277	293.9444292	-91.79732461	165.7696011	242.4703718	-77.30207051	395.0973849	515.4797809	-129.5652936	424.0189094	422.7387672	203.6171547	467.395212	788.8681511	64.2978695	94.79580932	790.5935184	152.3603491	83.50921082	760.1151133	145.3783901	431.4893737	843.1668028	208.3602336	393.5078318	791.5169343	-37.62742293	33.89858983	369.1531117	-33.74913204	177.3400045	174.5875661	-6.414904077	36.91489261	329.012945	-113.5723327	30.07469246	307.6571042	-109.6204435	57.68650155	283.4843581	-22.03078411	74.19501856	324.8816808	94.72494341	40.87258236	699.4191898	136.184395	45.77148835	957.4098923	93.47220518	35.15997756	914.528791	199.7622082	32.07035406	890.251159	187.207497	46.15583323	853.56534	88.3140822	46.81669094	878.5909236
890	8.89	-69.57057946	966.5407321	730.8139984	188.8681961	1001.838345	766.8075765	91.03725949	1019.761389	562.2825085	-114.9327316	768.0747085	577.6898273	11.17719885	495.1102041	560.5887332	-116.1129762	523.7656893	517.9670951	-107.2572821	662.2847984	553.8970743	-67.05476173	678.6069928	709.2528393	258.968739	811.5235699	710.8772207	73.11901462	520.2596829	781.5076584	202.0640222	507.0083931	788.8192193	226.8537328	659.540787	755.9167139	164.1452597	749.9071895	842.4936909	-119.1481586	483.8626109	492.6368639	-17.7648416	167.9816556	298.4555056	-92.28429235	169.2002897	247.2288088	-77.30562218	394.6499075	522.8552758	-129.8457019	424.815992	430.7270736	204.5449525	466.9078561	791.791863	64.33173521	94.75140116	790.690292	152.4306261	83.47452086	760.3409469	146.0341558	430.9526394	845.6853929	209.0519989	393.1920576	793.9379999	-37.72799827	33.80585189	370.2893658	-34.20339811	182.6694088	179.7650543	-6.569545133	38.13933121	330.5236039	-113.7406722	31.08961922	308.9072424	-109.8095251	60.10594507	285.6425314	-22.37117855	75.68954522	327.4579228	94.73739752	40.91255656	699.4477759	136.1855298	45.58228438	957.5211049	93.42106496	35.06671098	914.5924376	199.7527758	32.05534268	890.32174	187.1925177	46.13045692	853.6061968	88.30460323	46.72627777	878.6179248
891	8.9	-67.54883682	966.9221898	736.2669065	190.8298466	1002.084023	772.7999723	93.01675711	1020.487554	567.705037	-113.4490105	767.6882516	584.5979716	11.15216749	494.351684	569.220654	-116.1734141	523.5088054	526.8554372	-106.37823	661.5876212	561.5801957	-65.96318494	678.9057725	716.7460858	260.7231976	811.7637881	716.000535	74.1161343	520.4374122	784.586421	203.0349647	506.7689985	791.7349211	228.0450066	659.6009033	759.9358801	165.8396167	749.5116844	847.2096647	-119.4414516	483.8198006	501.6122298	-18.00880753	170.5763481	303.3537114	-92.68382732	172.7339027	252.2232604	-77.42058498	394.1482917	530.6226728	-130.1619824	425.5409647	439.0022684	205.434921	466.5791647	794.4579405	64.39854148	94.73476948	790.8064661	152.5110631	83.45140599	760.5480901	146.720097	430.4374237	848.0135639	209.724682	392.8290098	796.1398569	-37.8381276	33.68169418	371.5295152	-34.58080549	188.2961171	185.2937407	-6.732570766	39.51908441	332.2437423	-113.8422146	32.18713854	310.1154161	-109.9382674	62.66635655	287.8894646	-22.65239947	77.2112351	330.0220304	94.74694985	40.97102673	699.4777426	136.1973298	45.39031987	957.6143096	93.38020907	34.98399894	914.6531295	199.7564167	32.04052017	890.391018	187.1822298	46.09222905	853.6410758	88.30440094	46.64623508	878.6433031
892	8.91	-65.60892595	967.3879063	741.6610295	192.7746383	1002.295134	778.5812852	94.92233343	1021.101355	573.1779815	-112.1432009	767.231653	591.6052109	11.14930128	493.4872892	578.1846477	-116.2411642	523.0249906	536.0467111	-105.7120658	660.8781116	569.4906277	-64.88414731	679.2499803	724.37685	262.4063233	811.9923918	720.8736092	75.10860072	520.6274761	787.5680823	204.0262998	506.5195304	794.4086928	229.2524478	659.6105244	763.6255564	167.7215929	749.0625748	851.8602189	-119.7781939	483.6605663	510.9539777	-18.21174774	173.0926615	308.4427742	-92.97865082	176.3951628	257.4851087	-77.65644119	393.6400551	538.9153547	-130.502136	426.1452228	447.6290235	206.2711442	466.3419414	796.8558822	64.4982509	94.73744384	790.9370138	152.6052237	83.42649356	760.6930543	147.4813715	429.934169	850.1753917	210.4533243	392.4289915	798.113724	-37.973113	33.53552134	372.9148819	-34.81960509	194.2138217	191.2163095	-6.885032354	41.04456064	334.1802227	-113.8814456	33.51017553	311.3592456	-109.9883263	65.40324059	290.2697119	-22.82949255	78.74097983	332.5637501	94.76761129	41.02222877	699.5048696	136.2235304	45.19987462	957.6922423	93.35195852	34.91132937	914.7081393	199.7720157	32.01644079	890.4534595	187.1897593	46.05757773	853.688405	88.3148811	46.56447228	878.6649735
893	8.92	-63.76311779	967.937821	746.9784674	194.681661	1002.465028	784.160025	96.79944521	1021.481089	578.8028024	-110.9850828	766.6863615	598.7068168	11.10433974	492.5327715	587.4914067	-116.3179168	522.2727152	545.5262131	-105.1994632	660.064354	577.5892893	-63.81039413	679.6466572	732.1440782	264.0142429	812.1994847	725.4853872	76.13726307	520.7907038	790.3835774	205.0496487	506.2601446	796.865028	230.5434463	659.5323763	766.9505003	169.7485302	748.5431199	856.4097223	-120.1634295	483.3832895	520.6791212	-18.33706196	175.5192698	313.6539942	-93.12829419	180.2210227	263.0576163	-77.92183085	393.0578697	547.6367706	-130.823153	426.6132532	456.6732495	207.0962756	466.0389859	799.0217597	64.63519217	94.74860543	791.0730103	152.7124824	83.39524196	760.7943269	148.3523672	429.4403015	852.1988552	211.2874822	392.0234582	799.877637	-38.16210342	33.38270018	374.5009511	-34.88001833	200.24865	197.5481973	-7.035311494	42.69335037	336.3078527	-113.9144819	35.21478186	312.8053283	-109.9818307	68.39045006	292.9082423	-22.91288907	80.391319	335.2805385	94.80660806	41.05698281	699.5240375	136.2654447	45.01698654	957.7542711	93.33431901	34.85785481	914.7559013	199.8018189	31.97187526	890.5046914	187.2207848	46.02739175	853.7526141	88.34337683	46.50244195	878.6968149
894	8.93	-62.01317756	968.5580213	752.1643743	196.5328932	1002.589783	789.5451401	98.65733614	1021.657748	584.4375033	-109.9127597	766.0438761	605.8936355	10.98719349	491.5100112	597.1550567	-116.4465917	521.4140976	555.3415274	-104.788139	659.0878258	585.8380309	-62.7390344	680.1111102	740.0346701	265.5554802	812.3679668	729.8207948	77.23542849	520.910035	793.0304987	206.1169072	505.9863351	799.1308206	231.8747584	659.4147799	769.9973801	171.8576626	747.9577906	860.8022139	-120.5934161	482.9602044	530.750128	-18.35323127	178.0307701	319.192102	-93.09645974	184.185383	268.9677339	-78.11119508	392.3270974	556.6273528	-131.097392	426.9767226	466.1109906	208.0219964	465.6651924	801.031651	64.82603467	94.75826328	791.2101551	152.8366029	83.34344674	760.8614586	149.342608	428.9511972	854.1104202	212.1905916	391.655404	801.4885251	-38.42801729	33.21169567	376.3210036	-34.75731317	206.2352766	204.2840104	-7.209792728	44.4488777	338.6257393	-113.9467658	37.33309104	314.5942973	-109.944223	71.66547361	295.8983357	-22.97591141	82.27488863	338.4558653	94.86157928	41.08288764	699.5307558	136.3250891	44.84429093	957.8005068	93.32475499	34.83374553	914.7986049	199.8556215	31.89593466	890.5463226	187.2699098	45.97237235	853.8105848	88.39886356	46.49131556	878.7374306
895	8.94	-60.35528098	969.2350639	757.1916677	198.3187972	1002.678901	794.7408437	100.3840673	1021.851386	589.7618524	-108.8190886	765.2609883	613.1305037	10.85642192	490.450888	607.1445388	-116.6357158	520.6071319	565.5121072	-104.4930549	658.0597546	594.2663698	-61.67082378	680.6551854	748.0306887	267.0341481	812.4925042	733.8914007	78.39808279	520.9759119	795.5594692	207.2267005	505.7046317	801.2502853	233.193899	659.3252905	772.9171897	173.9807959	747.3317175	864.9935572	-121.0465334	482.3801201	541.0974839	-18.33668346	180.8126047	325.4012417	-92.88891004	188.2173193	275.2299814	-78.21782439	391.4976076	565.8681688	-131.3285071	427.2856814	475.8532038	209.0868745	465.3264527	802.9212142	65.08233365	94.77228746	791.3503358	152.9871527	83.2535565	760.8726658	150.439109	428.4594273	855.9245905	213.1188231	391.3510114	803.0039097	-38.77257511	32.99713194	378.363747	-34.44375868	212.1855944	211.479438	-7.407074955	46.30344566	341.1887437	-113.9247098	39.7419084	316.6968345	-109.8626197	75.17843742	299.2265456	-23.08788409	84.3723976	342.2145878	94.92723605	41.10842907	699.5232318	136.4021421	44.6890818	957.8373517	93.32808554	34.84111025	914.8391399	199.940836	31.79272751	890.5849308	187.3379007	45.87018871	853.8384553	88.48457136	46.52478277	878.7546214
896	8.95	-58.7833288	969.9554072	762.0720896	200.03936	1002.752492	799.7479611	101.8245201	1022.260902	594.6016792	-107.7244358	764.4175175	620.4444239	10.79199285	489.3997113	617.3896161	-116.8743937	519.8677992	575.9905385	-104.3075756	657.0910366	602.9052007	-60.60741393	681.2773338	756.1165366	268.4262169	812.5950628	737.7460376	79.58559251	520.9861926	798.0354555	208.3547623	505.4291466	803.2652064	234.502699	659.2671836	775.8163673	176.0575615	746.6976272	868.9641379	-121.4931507	481.7367888	551.6928342	-18.30428375	183.8099257	332.3768529	-92.51114487	192.2511649	281.8525454	-78.30708822	390.697359	575.4209413	-131.5217766	427.5857924	485.8405921	210.1620185	465.0823241	804.6510352	65.38238782	94.81450893	791.4958459	153.1676765	83.14602086	760.8642746	151.6099936	427.9657465	857.6387038	214.0640726	391.084315	804.4385902	-39.18043114	32.71805311	380.5920723	-33.93489442	218.2607116	219.2922607	-7.589160053	48.25502617	344.0764241	-113.8399994	42.32822292	318.9812262	-109.6964818	78.83478561	302.841047	-23.22576622	86.55625961	346.4470171	94.99904774	41.1394346	699.5061691	136.4900605	44.55939962	957.8705308	93.35408372	34.87031885	914.8767421	200.0494452	31.68108764	890.6225348	187.427317	45.72769372	853.82873	88.59528999	46.5827401	878.745893
897	8.96	-57.2813362	970.7005042	766.8365016	201.7043016	1002.831174	804.5710934	102.9883179	1022.810782	599.1799985	-106.7338946	763.6773917	627.9131669	10.79994117	488.4018957	627.8410071	-117.1677356	519.144673	586.6938381	-104.1441292	656.1437966	611.7146057	-59.54870337	681.9717659	764.2812782	269.6802701	812.7122108	741.4579543	80.73827459	520.9564588	800.4882534	209.4543074	505.1574371	805.1784839	235.8045199	659.2180444	778.7116278	178.0327093	746.0828772	872.7201912	-121.9195673	481.1830379	562.5441053	-18.11705913	186.7248125	339.8373531	-91.97716405	196.30011	288.8790007	-78.422039	390.014781	585.3077961	-131.6781925	427.9141863	496.0592097	211.1182708	464.8918093	806.2122914	65.67008205	94.89362471	791.6376376	153.3639338	83.05191726	760.8822097	152.7969795	427.4841434	859.2424308	214.9788261	390.8129963	805.7844418	-39.62642839	32.3593049	382.9743976	-33.24029824	224.5466554	227.8550971	-7.717944487	50.26577383	347.2987917	-113.7404724	45.10975098	321.4224393	-109.4151098	82.56699163	306.7439783	-23.29957038	88.69675911	350.9656989	95.06871029	41.18025846	699.4898797	136.5743937	44.45715845	957.9013512	93.40170585	34.90286968	914.9077261	200.1528269	31.58629147	890.6587543	187.5244845	45.57988481	853.7953248	88.71436792	46.66368836	878.7621495
898	8.97	-55.81357595	971.4489431	771.522201	203.3332598	1002.929522	809.221206	104.0701507	1023.243897	603.8504658	-105.7955595	763.0309784	635.5087487	10.81561574	487.4862519	638.4796528	-117.4891365	518.3979887	597.529466	-103.9166084	655.1589411	620.6295619	-58.4897663	682.7339599	772.5101801	270.7707353	812.8750887	745.1267608	81.78652074	520.8926787	802.8520492	210.4663857	504.8836688	806.9754084	237.0625389	659.1690138	781.5372008	179.8490232	745.5039319	876.2869837	-122.3285554	480.767745	573.6089105	-17.68062412	189.3404459	347.5129106	-91.30714435	200.3809378	296.3424477	-78.54579938	389.4633954	595.5038431	-131.8055383	428.2756434	506.4898931	211.9459179	464.6969729	807.671803	65.88831425	94.98177212	791.7571691	153.5465069	82.9678093	760.8926409	153.9023395	427.0349961	860.7314253	215.7600848	390.5029861	807.0162201	-40.09030872	31.92118733	385.5035168	-32.34545411	230.8890506	237.1281747	-7.79374202	52.24457542	350.7686304	-113.6515377	48.14706185	324.1450642	-109.0035975	86.34137579	310.9821305	-23.25384732	90.75290858	355.7144044	95.12421263	41.22633127	699.4826639	136.6367107	44.3793518	957.9299323	93.45196228	34.9204128	914.9291935	200.2191294	31.53181993	890.6969976	187.6012813	45.46761963	853.7643774	88.81334188	46.73457037	878.8025853
899	8.98	-54.33896093	972.1843829	776.1628287	204.9499442	1003.050184	813.7104786	105.2299887	1023.446429	608.6493464	-104.8039998	762.3744551	643.1194532	10.79258419	486.6616289	649.2783925	-117.7602271	517.634761	608.4348535	-103.5999013	654.1669776	629.6132911	-57.42540446	683.5578718	780.7744353	271.7265736	813.0835009	748.8118305	82.68010026	520.8027797	804.9983376	211.3394728	504.620831	808.6643846	238.2069331	659.108605	784.2255414	181.4483103	744.9663141	879.6975222	-122.6929777	480.4190985	584.7895666	-17.03598444	191.7032241	355.4369684	-90.48095468	204.3946623	304.1850786	-78.64265549	389.0111864	605.912522	-131.9190175	428.6368345	517.0921563	212.6833198	464.5343855	809.1025497	66.0097353	95.04242695	791.8439808	153.6897413	82.90458978	760.9067974	154.8031275	426.6341495	862.1102995	216.3412193	390.129427	808.1102749	-40.59034677	31.4082178	388.1936557	-31.21579242	237.0489445	246.9418031	-7.872479431	54.14183086	354.4572174	-113.5399772	51.41556803	327.2809809	-108.4512076	90.14515866	315.6006296	-23.09412313	92.78578513	360.8010119	95.15619376	41.26714929	699.4862319	136.6646801	44.32137776	957.9569526	93.48193227	34.91364183	914.9420583	200.24257	31.52087512	890.7344685	187.6302378	45.39492804	853.7405572	88.86835512	46.73350597	878.7978547
900	8.99	-52.8416051	972.8997229	780.7754424	206.5659955	1003.182217	818.0510833	106.4233429	1023.54902	613.2810541	-103.7799667	761.6907362	650.6842825	10.7385263	485.9353571	660.2102679	-117.9386735	516.9474526	619.4286669	-103.2037223	653.2147643	638.6373554	-56.35739902	684.4386678	789.034235	272.6354231	813.2743505	752.4725312	83.40617184	520.7595529	806.8703072	212.0504414	504.3840406	810.2770843	239.1785545	659.0331724	786.7885478	182.7777486	744.4675072	882.9806388	-122.9378347	480.0887997	596.0309684	-16.23964217	193.9861874	363.7848949	-89.48019395	208.26127	312.3466544	-78.70103373	388.6067063	616.3189001	-132.0270047	428.9743114	527.8395228	213.3647924	464.4328764	810.5627747	66.04121402	95.06208717	791.9028048	153.7857998	82.90000469	761.0245814	155.4101858	426.2853491	863.3899336	216.74394	389.7109033	809.10978	-41.19633275	30.77639226	391.0422739	-29.82097217	242.9481893	257.1551966	-8.048322541	56.03047626	358.5446685	-113.3185888	54.75350592	330.8341736	-107.7609019	94.00852123	320.6384568	-22.84271413	94.8755774	366.3381118	95.16284335	41.29782715	699.4977805	136.6596673	44.27603931	957.9817637	93.48235431	34.8835229	914.951187	200.241893	31.53545766	890.7619308	187.6071287	45.34303153	853.7134462	88.87777341	46.66498214	878.7481326
901	9	-51.33738926	973.5942725	785.3537763	208.170249	1003.306712	822.2577699	107.4725995	1023.741659	617.5249087	-102.7873452	761.003926	658.1956976	10.68519671	485.3277011	671.2625963	-118.0168015	516.4271712	630.5618603	-102.7671661	652.3238983	647.6707207	-55.29331202	685.3765096	797.2558406	273.6274139	813.354341	756.0516935	83.97841752	520.8245849	808.4776787	212.609826	504.1720629	811.8519042	239.9711936	658.9512679	789.2851023	183.8034938	743.9980211	886.1437861	-122.9989954	479.8248954	607.3797568	-15.30600701	196.2627483	372.5048379	-88.35129473	212.0850106	320.8566496	-78.69571041	388.2170029	626.6348207	-132.114034	429.3205881	538.7410823	213.9638442	464.2636802	812.0580667	66.01100909	95.04441639	791.9436666	153.8396203	82.93851104	761.2515356	155.7278601	425.9747622	864.5840065	217.0351607	389.3353485	810.1498508	-41.99676985	29.8862965	393.9804118	-28.13967176	248.6594757	267.6990201	-8.394889174	57.9941086	363.260551	-112.9181386	57.93427479	334.6564044	-106.9619214	97.98329647	326.1050715	-22.5279525	97.01867963	372.2751498	95.15270856	41.31539879	699.5125957	136.6342051	44.23474147	958.002967	93.45962279	34.83604626	914.9612842	200.2288155	31.56322207	890.7827602	187.5618971	45.32529175	853.7010403	88.85641686	46.59878468	878.7389035
902	9.01	-49.8532103	974.2689157	789.8740477	209.7389226	1003.40859	826.3460884	108.3082067	1024.051466	621.4905513	-101.8828944	760.3626273	665.6606274	10.68727139	484.8626228	682.3901246	-117.922476	516.0204991	641.800849	-102.3673998	651.5323183	656.7015953	-54.24043637	686.3798524	805.4254697	274.7205515	813.3046444	759.5188893	84.42575066	520.9192843	809.7947873	213.0496192	503.9698492	813.417315	240.6274109	658.8668543	791.7516856	184.532459	743.5444385	889.1654483	-122.8645886	479.7046409	618.9399906	-14.25201837	198.5141447	381.3292876	-87.11762381	215.9940468	329.6740827	-78.54575988	387.863492	637.106725	-132.1294277	429.7206945	549.7934942	214.3850042	463.9263658	813.4957013	65.94819737	94.99664113	791.9724479	153.8626143	82.95488	761.4726595	155.8508861	425.6749885	865.7047666	217.259701	389.0861627	811.3394002	-43.06952163	28.60934175	396.9440543	-26.17392034	254.1841293	278.4409613	-8.922587239	59.97851659	368.6057251	-112.4181448	60.88252636	338.6010064	-106.1153647	102.0687173	331.9383003	-22.21178069	99.15686362	378.4597573	95.1379072	41.3130969	699.5258909	136.6008043	44.1955292	958.0253002	93.4245223	34.77653178	914.9735846	200.1982151	31.60214408	890.8082566	187.5232579	45.36136988	853.7266387	88.81666199	46.56183052	878.8001634
903	9.02	-48.41147762	974.9253593	794.312812	211.252773	1003.487117	830.3304169	109.0661496	1024.331377	625.3939265	-101.1188883	759.8203867	673.0848249	10.83518164	484.5567378	693.5072345	-117.5851605	515.5842866	653.0485077	-102.0673159	650.8513361	665.7294314	-53.19898213	687.4643427	813.544072	275.7554305	813.2078855	762.8406369	84.78003047	520.9196039	810.8377197	213.4082297	503.7602522	814.9713412	241.2021559	658.7932795	794.2032844	185.0222815	743.097938	892.0193228	-122.5395953	479.7440256	630.7537718	-13.121685	200.837444	390.1563388	-85.70065089	219.9759139	338.5499612	-78.15828549	387.5967465	647.9694134	-131.9888538	430.1989465	560.9418906	214.61821	463.5389291	814.7963626	65.8685526	94.9328427	791.9923139	153.8684542	82.9231277	761.6213665	155.8964785	425.3687833	866.7603037	217.4219124	388.9257368	812.6038596	-44.54036061	27.27433523	400.245006	-23.89232305	259.2553422	289.0392278	-9.638349538	61.90628216	374.5513515	-112.0926341	63.85125091	342.8788838	-105.3462423	106.219517	338.1213247	-22.01440576	101.3148483	384.9392564	95.12129318	41.29031097	699.5363429	136.5631923	44.16366837	958.0580501	93.38252077	34.70805159	914.9875173	200.1458475	31.64590579	890.8380743	187.4854252	45.42747377	853.7746438	88.76308592	46.51417838	878.8686069
904	9.03	-47.02638688	975.5658579	798.6615934	212.7041144	1003.555102	834.226268	109.8976355	1024.441344	629.3339896	-100.4910432	759.3458918	680.4539494	11.20348725	484.4137596	704.5638155	-117.0889862	515.0884588	664.2861444	-101.8615626	650.2073595	674.7479566	-52.15563842	688.6413408	821.6142001	276.6104802	813.1480814	766.0199973	85.06699243	520.8125369	811.7476684	213.7161378	503.5351442	816.470366	241.7286885	658.7409336	796.6292779	185.3646585	742.6578206	894.7126136	-122.0118777	479.8846059	642.689143	-11.93932238	203.3955385	399.0508077	-84.01098288	223.989276	347.2173427	-77.49283327	387.4695142	659.151528	-131.6037804	430.8282123	572.1130994	214.7855674	463.2339757	815.9998906	65.77857705	94.87121272	792.00671	153.8628036	82.86945086	761.7231346	155.9354439	425.0632818	867.7494185	217.522692	388.7446183	813.7803962	-46.68085049	27.07313862	405.0072424	-21.13667177	263.3154055	298.9535392	-10.65502034	63.90170729	381.6091932	-112.3388723	67.30995646	348.3481104	-104.8705	110.4455694	344.9617993	-22.13359084	103.6328769	392.1792892	95.09741539	41.2587144	699.5470745	136.5196686	44.13983644	958.1000295	93.33550563	34.63305343	915.0018838	200.0773675	31.68848294	890.8646486	187.4339238	45.49564516	853.822739	88.69774838	46.42157999	878.8794338
905	9.04	-45.70318152	976.1902063	802.9237214	214.0941646	1003.629125	838.0527998	110.8072624	1024.352702	633.3622563	-99.95559665	758.8572529	687.7454248	11.79331695	484.4125697	715.5658683	-116.5882331	514.6662245	675.5767549	-101.7055403	649.5290704	683.763839	-51.08296826	689.9089132	829.6363259	277.3228827	813.1419838	769.103145	85.30803111	520.671819	812.6732646	213.9890714	503.2973291	817.8521273	242.2130793	658.6832113	798.9669282	185.6580076	742.2254825	897.2960928	-121.2670922	480.0675106	654.5003803	-10.67143392	206.194665	408.0627194	-82.01000123	227.9680093	355.6489972	-76.59042845	387.5377603	670.4459757	-130.9031608	431.7292887	583.2277143	214.9838572	463.0090429	817.1751622	65.68361343	94.82020765	792.0157766	153.8429841	82.81956602	761.8109857	155.9776469	424.7744939	868.6598601	217.5765675	388.4982937	814.8000458	-49.75927317	29.29776633	412.8231393	-17.74745589	265.7747871	307.7560362	-12.19887267	66.17909653	390.7608618	-113.4957136	71.56214132	356.2228736	-104.914897	114.8100678	353.1262278	-22.78551158	106.2596478	400.9097241	95.06338246	41.23182024	699.5596166	136.4710548	44.11981555	958.1402237	93.28671142	34.55529533	915.0146766	200.0030432	31.72981697	890.8826497	187.3715126	45.56295288	853.8635872	88.62184723	46.28809894	878.8225185
906	9.05	-44.44331418	976.7979487	807.1043556	215.427705	1003.717025	841.8249162	111.6992322	1024.144074	637.4657204	-99.47264519	758.3115892	694.9532004	12.55463039	484.5236739	726.535432	-116.0791211	514.4574049	686.9161281	-101.5696271	648.8320177	692.8007018	-49.94914586	691.2567692	837.6112705	277.9750946	813.1672958	772.1239397	85.51886217	520.5604987	813.6485474	214.2351779	503.0649797	819.0890561	242.6588842	658.5962951	801.1551775	185.9880378	741.7941717	899.835224	-120.2905455	480.2951925	666.0143639	-9.276844178	209.0147141	417.3283298	-79.73563227	231.656927	364.1255072	-75.58144379	387.833199	681.7175131	-129.8234228	432.96366	594.1911822	215.2083194	462.8377287	818.3134618	65.58472044	94.77512867	792.0145621	153.8090079	82.7786734	761.8921038	156.0066009	424.5144521	869.4786172	217.5856674	388.200975	815.6398845	-53.66048963	33.74291877	424.494246	-13.88686294	266.4445096	315.628153	-14.45197421	68.64717661	402.4814237	-115.5828418	76.39951139	367.1363607	-105.5669791	119.2284396	363.1641791	-24.02852381	109.1641859	411.5863254	95.02352413	41.21410492	699.5700107	136.4213984	44.10776167	958.1765572	93.23944849	34.47925722	915.0252672	199.9306831	31.768107	890.8862614	187.3046468	45.6200387	853.8791845	88.53829913	46.14247441	878.7395501
907	9.06	-43.24605888	977.3982692	811.2107029	216.7107957	1003.807979	845.5399381	112.4795119	1023.953675	641.5224123	-99.02183966	757.7376994	702.102279	13.4413968	484.7401406	737.4812564	-115.3691319	514.4854791	698.1714805	-101.4550559	648.1850325	701.8628235	-48.7281336	692.6797683	845.5343721	278.6125204	813.2034619	775.0944957	85.70967766	520.4895342	814.606902	214.4611796	502.8687484	820.1997411	243.0797412	658.5082713	803.1989624	186.4136142	741.3442181	902.3747462	-119.0478026	480.6317529	677.1994852	-7.82184795	211.4368159	427.1206079	-77.37955874	234.6511032	373.1005572	-74.67483941	388.3433683	692.9747557	-128.3250288	434.4817064	604.9429949	215.4038069	462.7053447	819.3385513	65.47716827	94.72882154	791.998953	153.7668353	82.74265599	761.9659216	156.018989	424.2919354	870.2016611	217.544806	387.8714965	816.2713327	-57.88262908	38.72808271	439.2792564	-10.07505688	265.6514134	323.4183312	-17.36668902	70.85213597	416.1738188	-118.2965807	81.18309073	380.5230529	-106.7451373	123.3655548	375.008067	-25.70417708	111.9791985	423.9596608	94.98655952	41.202473	699.5749219	136.3732973	44.10894166	958.2140616	93.19647342	34.40656578	915.0344599	199.8616654	31.80312472	890.8757998	187.2333332	45.65801163	853.85946	88.45240193	46.01932606	878.6867437
908	9.07	-42.10033364	978.0192824	815.2627076	217.9521439	1003.881684	849.1863861	113.1231555	1023.882418	645.4463971	-98.6214234	757.2447002	709.2428892	14.42997299	485.061763	748.3566779	-114.2815168	514.7356653	709.1932078	-101.3678288	647.6686665	710.9056663	-47.40275602	694.18724	853.3797609	279.2407787	813.2423119	778.0135119	85.89023836	520.4521442	815.4855709	214.6742394	502.7197343	821.196544	243.4854824	658.4614847	805.1327528	186.9594198	740.8557044	904.9276933	-117.5322793	481.1915663	688.1118923	-6.517105245	212.9823386	437.6923375	-75.21009946	236.6358741	382.9072421	-74.08437121	389.0096097	704.2873359	-126.4386489	436.1430005	615.4978091	215.5355058	462.5772514	820.1808887	65.36161565	94.68425418	791.9715388	153.7231076	82.70758086	762.0333206	156.0341344	424.1083891	870.8337411	217.4795047	387.5468215	816.7308737	-62.06224431	42.86078374	455.5599421	-6.775355109	263.8910733	332.031329	-20.72476346	72.41829131	430.8493551	-121.324114	85.33976704	395.1247945	-108.2897307	126.8562881	388.0498064	-27.62172011	114.1705706	437.3305524	94.96028614	41.19260408	699.5765012	136.327054	44.11409446	958.2500692	93.16115673	34.33541904	915.0426625	199.7933186	31.84939207	890.8704687	187.1584181	45.691286	853.8298141	88.36986305	45.93033509	878.6797512
909	9.08	-40.986638	978.7100902	819.3053159	219.1665691	1003.934594	852.7659394	113.6798896	1023.953234	649.2810708	-98.2837634	756.9526073	716.4019849	15.50032543	485.4776667	759.0788974	-112.869934	515.2502948	719.9470591	-101.2652175	647.3464564	719.8545238	-45.9721897	695.8010753	861.1008444	279.8360158	813.2826255	780.8571213	86.07025128	520.4783265	816.3132301	214.887298	502.5946441	822.0671585	243.8771823	658.4630771	806.9724582	187.6237779	740.3281571	907.4867675	-115.8140615	482.0293057	698.8008866	-5.573578403	213.3548608	449.1278185	-73.37747505	237.5493847	393.5760651	-73.86418082	389.7148213	715.6140163	-124.2867947	437.7711019	625.9330624	215.6453165	462.4262867	820.8526464	65.24285111	94.65031643	791.9339107	153.6841498	82.67590023	762.0972916	156.0751403	423.9564358	871.3866626	217.4392499	387.2752798	817.119063	-66.29342267	45.86071037	471.9856867	-4.06110993	261.4486614	341.8428898	-24.35732852	73.29589766	445.9443022	-124.5101935	88.67702111	409.9519125	-110.037906	129.5301795	401.632704	-29.72070187	115.4310785	451.1672792	94.94727362	41.18290055	699.5781897	136.285185	44.11497972	958.2821946	93.13520023	34.26404801	915.0499516	199.7262732	31.92216568	890.8915407	187.0856046	45.73415416	853.8195183	88.29793574	45.8626016	878.6929663
910	9.09	-39.89036251	979.5212094	823.392265	220.3715355	1003.9868	856.2923875	114.2159982	1024.152909	653.1200836	-97.98391146	756.9129989	723.5571258	16.62744079	485.9866802	769.6077321	-111.3773987	515.9998195	730.5239618	-101.0510546	647.2169817	728.6680866	-44.46092443	697.543535	868.6585185	280.3843582	813.3239184	783.6048194	86.25929641	520.5933253	817.1593773	215.1200326	502.4659739	822.8141964	244.2609268	658.5003631	808.7297043	188.3919677	739.7803929	910.0391397	-113.9826765	483.0314675	709.2612878	-5.035538491	212.5648804	461.3353268	-71.86544552	237.518433	404.9481604	-73.83211638	390.3845263	726.900643	-122.0477481	439.197089	636.3499621	215.8127423	462.2621419	821.4426782	65.12180897	94.63278319	791.8834523	153.6604092	82.65801355	762.1632258	156.1501887	423.8282255	871.8786754	217.4580629	387.0936668	817.5486136	-70.86344382	47.99335045	488.0440733	-1.734310306	258.3111506	352.6932346	-28.18195913	73.53096448	461.3173231	-127.7913594	91.26044924	424.7193199	-111.8869984	131.4079474	415.4442034	-32.03051891	115.8012618	465.3457819	94.94260686	41.17769086	699.5814324	136.2524473	44.11845967	958.3164707	93.11865864	34.19380324	915.0564346	199.6673579	32.00867728	890.9323573	187.0195917	45.78423494	853.8320344	88.24104679	45.80757796	878.7054087
911	9.1	-38.8019094	980.4567968	827.5185021	221.5729524	1004.060185	859.7746737	114.7673825	1024.451294	656.9827157	-97.68897498	757.0980498	730.661312	17.79379745	486.6065128	779.9504033	-109.9350403	516.8095465	741.0497628	-100.6661042	647.2267431	737.3702101	-42.90872444	699.4197337	876.0449004	280.9056254	813.3697312	786.2787513	86.469002	520.7641783	818.0806945	215.3854994	502.3313494	823.4721492	244.6492881	658.5634785	810.4163866	189.2452673	739.2330419	912.5750153	-112.0996389	484.0315782	719.5157711	-4.781726773	210.8447526	474.1520496	-70.59114493	236.6922119	416.8844258	-73.72622202	391.0864371	738.2602024	-119.8672162	440.2723809	646.8139622	216.0546675	462.1316612	822.0331265	65.00880861	94.64082896	791.8304757	153.6609593	82.66283603	762.2376113	156.2543553	423.7197104	872.3279995	217.535143	387.0079934	818.0567755	-75.86063664	49.56325516	503.9790238	0.359572947	254.3353975	364.2626323	-32.13537114	73.10702882	476.9984479	-131.1452141	93.21570996	439.6910103	-113.8281438	132.6054246	429.5779532	-34.55880029	115.4854786	479.9938435	94.93756586	41.18581369	699.5876285	136.2296893	44.12979711	958.3553883	93.11126936	34.12901997	915.063561	199.623856	32.07766055	890.9670858	186.961027	45.84017451	853.8594099	88.19579703	45.76751687	878.7170611
912	9.11	-37.71079664	981.4545531	831.5903672	222.7592827	1004.157268	863.2070909	115.3405187	1024.789334	660.7859962	-97.35207699	757.4011059	737.6615517	19.00863341	487.3620352	790.1229112	-108.4329036	517.5907501	751.596711	-100.1416382	647.3433817	745.9944853	-41.34751908	701.4083497	883.2791896	281.4147365	813.433374	788.9117926	86.71548081	520.9767	819.215911	215.672785	502.2164117	824.0872265	245.0417832	658.6343993	812.0227599	190.1626311	738.6964957	915.0861691	-110.218455	484.9328659	729.6586148	-4.663534192	208.460762	487.4628321	-69.50151779	235.1386586	429.3454532	-73.38356786	391.8572745	749.7444884	-117.8121641	440.9277075	657.334404	216.3212569	462.0759519	822.6348912	64.92121729	94.68302403	791.7972129	153.6793598	82.68772999	762.3228742	156.3835624	423.6281011	872.7457457	217.6367996	386.9657536	818.5363081	-81.07816702	50.79734563	520.3849466	2.200112066	249.4206387	376.3571903	-36.18679504	72.07676152	493.1869834	-134.5654131	94.65609291	455.3142699	-115.891089	133.233211	444.3315211	-37.25137405	114.6814738	495.3138459	94.92764005	41.21518017	699.5982521	136.2123863	44.14380939	958.3945087	93.11017236	34.07471356	915.0738775	199.596146	32.11254235	890.9807459	186.9127814	45.90912536	853.8986993	88.15720126	45.74136081	878.7312532
913	9.12	-36.61730857	982.4378466	835.514728	223.912739	1004.261112	866.5732707	115.9224192	1025.102758	664.4482846	-96.93997021	757.7056937	744.5255216	20.31774674	488.2674177	800.1405962	-106.7591923	518.402724	762.152428	-99.51294703	647.5584298	754.5294697	-39.78788295	703.469178	890.3889013	281.8956644	813.5216288	791.4878953	87.01081717	521.2637409	820.6936465	215.9552328	502.1494662	824.6897788	245.4196979	658.6779888	813.5216057	191.1162451	738.1675165	917.5582042	-108.3730033	485.6941023	739.7806891	-4.62755631	205.5698657	501.2621538	-68.59146294	232.8252033	442.3489252	-72.77754279	392.5860627	761.1843514	-115.8616193	441.2225082	667.8996238	216.5820739	462.0792393	823.2051705	64.86622397	94.75214455	791.7948873	153.6962054	82.72229182	762.4103024	156.5402525	423.551146	873.1401363	217.731346	386.9044212	818.876554	-86.20352107	51.83634033	537.8157722	3.682828323	243.5377876	388.9195175	-40.32941298	70.64522361	510.2351854	-138.0240649	95.64633792	471.9050833	-118.0655151	133.3228508	459.9482379	-40.02165054	113.5131495	511.4728292	94.91479303	41.2674819	699.6113583	136.1963491	44.15434534	958.4304187	93.11207024	34.03434023	915.0870882	199.5761613	32.12264288	890.9772	186.8816846	45.99338376	853.9481394	88.12413845	45.72072568	878.7443865
914	9.13	-35.5418097	983.370385	839.2838017	225.0243237	1004.351107	869.8632522	116.4857991	1025.358942	667.9695714	-96.46644098	757.9645803	751.2618911	21.75948978	489.2982997	810.0094381	-104.9819079	519.2481783	772.6399453	-98.77921725	647.8522254	762.9530839	-38.21675253	705.5607158	897.3952438	282.3368841	813.6125254	793.9621419	87.3391173	521.5893111	822.3147501	216.2204271	502.1288702	825.2792264	245.7670525	658.6491615	814.8860982	192.0734935	737.6306316	919.9692203	-106.5434849	486.3363649	749.9163436	-4.712276901	202.2117581	515.6370428	-67.87231539	229.6902067	455.9235545	-71.9898072	393.1994519	772.4629516	-113.892821	441.2884727	678.5088811	216.8452484	462.0843683	823.709531	64.84337565	94.82589588	791.8152124	153.6982024	82.75672216	762.4831396	156.7294559	423.4838149	873.5239682	217.8298281	386.8353715	819.1319835	-91.04267176	52.74105723	556.5405956	4.748455275	236.7062468	401.9754441	-44.52419517	69.03931378	528.4383993	-141.4541116	96.15778332	489.4975754	-120.2854416	132.8332231	476.4690677	-42.79937515	112.032702	528.5352001	94.90086191	41.33015471	699.6199088	136.1832078	44.15910803	958.4610919	93.11750966	34.00650964	915.0992674	199.5568341	32.1326481	890.971246	186.8670078	46.07847197	853.9962781	88.09703037	45.69929417	878.7543551
915	9.14	-34.50777123	984.249301	842.9429707	226.0993089	1004.409337	873.0830208	117.0040385	1025.561374	671.3748169	-95.93888855	758.1691963	757.8915954	23.31628742	490.3868107	819.7193823	-103.2594727	520.0805343	782.9411309	-97.96277259	648.200183	771.2748412	-36.59925779	707.6588485	904.3050587	282.7523865	813.6711218	796.323495	87.66593858	521.84206	823.6988639	216.478551	502.1279345	825.8466821	246.0835443	658.5354405	816.1248208	193.0056256	737.0670577	922.2947512	-104.684527	486.9353785	760.0423058	-4.953079513	198.3891437	530.6814053	-67.34505607	225.744899	470.0961421	-71.14442016	393.7609003	783.6450929	-111.7857725	441.2311036	689.1857465	217.11383	462.037951	824.1583731	64.8407327	94.88331249	791.8415173	153.6854423	82.78194819	762.5282772	156.9585354	423.410764	873.9142669	217.9635858	386.812869	819.4328398	-95.5576656	53.49558008	576.4500166	5.441770665	229.0172945	415.6426217	-48.66535849	67.33455265	547.7955853	-144.7709883	96.11155105	507.9238934	-122.4711459	131.7166174	493.7596342	-45.54358184	110.2614047	546.4627007	94.87631392	41.37415476	699.6212444	136.1792217	44.1607345	958.4853385	93.12872456	33.98517831	915.1070461	199.5420839	32.15539555	890.972248	186.8556893	46.13814081	854.0224108	88.0779874	45.68100432	878.765329
916	9.15	-33.52281884	985.078796	846.5259025	227.1463806	1004.415308	876.2437476	117.4645588	1025.748435	674.6240664	-95.33659217	758.3185121	764.4234684	24.94718852	491.4758529	829.278438	-101.720565	520.9067715	792.9452845	-97.07445202	648.5736603	779.5142192	-34.88993277	709.765684	911.1049954	283.1375158	813.6822916	798.5838404	87.97713173	521.9598413	824.7612012	216.7439983	502.1211156	826.4048621	246.3779118	658.4083547	817.3280898	193.8929534	736.4688977	924.5156396	-102.7775015	487.5267858	770.1147545	-5.316334319	194.1275084	546.3781969	-66.99994005	221.096389	484.8837946	-70.31513692	394.3597027	794.8402693	-109.599898	441.0619801	699.9797404	217.3963078	461.9308893	824.6011964	64.83876757	94.92088452	791.8677938	153.6624669	82.78920864	762.541377	157.2393533	423.309057	874.3296732	218.1268305	386.8218718	819.7730092	-99.7442059	54.03650933	597.2025898	5.852567824	220.6618243	430.0517723	-52.57867601	65.45998166	568.0047364	-147.8961108	95.49935001	527.0283698	-124.5592601	129.9622351	511.6667586	-48.18582213	108.1989506	565.1265473	94.8221525	41.38131209	699.6395491	136.189015	44.16423911	958.5042948	93.14754185	33.96605983	915.1096791	199.5378956	32.172841	890.9722248	186.8398948	46.15941489	854.0188674	88.07264915	45.6717068	878.7781338
917	9.16	-32.58248629	985.8667506	850.0407885	228.1646083	1004.353284	879.3508317	117.8715424	1025.97885	677.6596543	-94.64790277	758.4553763	770.8722404	26.64379479	492.5857224	838.7485666	-100.34158	521.7432196	802.7120735	-96.09039177	648.9720318	787.6850483	-33.05483151	711.9023699	917.7647639	283.4371793	813.6537519	800.7194306	88.2657383	521.9324077	825.6497838	217.0240477	502.0862028	826.9745582	246.6634372	658.3577924	818.6080997	194.7262467	735.8457493	926.6271281	-100.8313036	488.0438647	780.1494644	-5.718595972	189.4654991	562.5177196	-66.83598822	215.8896651	500.2868024	-69.44806588	395.0133503	806.1611366	-107.5987158	440.6821267	710.9598051	217.7039398	461.82929	825.0713188	64.83493498	94.94637939	791.9016747	153.6348354	82.77882598	762.5293191	157.5814096	423.1612751	874.7883924	218.2916418	386.7892632	820.0508768	-103.5135372	54.30069911	618.5052077	6.0062558	211.8747099	445.2063495	-56.08008852	63.36192364	588.7551914	-150.7370552	94.37271655	546.7517901	-126.4944036	127.5950384	530.1270016	-50.58355013	105.8254444	584.3311923	94.73013429	41.38897221	699.7203056	136.2119217	44.16669904	958.5169825	93.17556606	33.95053875	915.1075199	199.5412352	32.15915747	890.9611922	186.8279042	46.14743873	853.9964453	88.08707019	45.66793906	878.7862093
918	9.17	-31.68452934	986.6288853	853.4859161	229.1468688	1004.225191	882.4047285	118.2422369	1026.27252	680.5555927	-93.8917996	758.6805291	777.2760289	28.41959532	493.8052798	848.1922715	-98.91089168	522.5786645	812.5157563	-95.04713375	649.4638487	795.8073579	-31.08728939	714.0969322	924.2555817	283.590525	813.6058428	802.6834495	88.50936714	521.7313247	826.4150009	217.3192036	502.0046481	827.5679726	246.9550247	658.3661515	819.9719736	195.5077961	735.2163109	928.6403088	-98.91205406	488.3809496	790.2397206	-6.085633	184.452932	578.7959736	-66.8701506	210.2427989	516.2786163	-68.35330179	395.6885186	817.7895176	-106.0629447	439.9404272	722.1878382	218.0109383	461.8074535	825.5571039	64.84197303	94.96558489	791.9507444	153.611096	82.76533693	762.5111187	157.9795365	422.9641229	875.303009	218.4716351	386.7100073	820.3140748	-106.6883246	54.27115032	640.2498533	5.859171568	202.8601815	460.9937508	-59.04025277	61.1042527	609.9628396	-153.1798475	92.73261348	567.0682746	-128.2224845	124.6740727	549.1504264	-52.58420728	103.181295	603.9410835	94.62065247	41.46159746	699.8636571	136.2443382	44.15636671	958.5187828	93.21333095	33.94229007	915.1024969	199.5505283	32.11118624	890.9405076	186.8316566	46.10633232	853.9619069	88.12240416	45.66316937	878.7863251
919	9.18	-30.83344328	987.3829962	856.8607997	230.0864878	1004.047471	885.4013295	118.5847033	1026.580741	683.4900097	-93.1353958	759.0752951	783.6671525	30.25159679	495.2061626	857.5824318	-97.24655899	523.4000926	822.6121852	-94.04549203	650.1123454	803.8973314	-29.0074314	716.3737855	930.5683565	283.5932173	813.5632209	804.4966904	88.71503876	521.3799206	827.1095724	217.6204208	501.881067	828.2074111	247.257089	658.3422967	821.3443544	196.2472195	734.5982134	930.5771298	-97.16952606	488.499977	800.4634376	-6.38882329	179.3429842	595.3657383	-67.10920254	204.2325707	532.8061329	-66.8831293	396.3679528	829.9084184	-105.0496964	438.7788656	733.6767228	218.2931139	461.8389468	826.0677494	64.8649438	94.98331058	792.0189172	153.595889	82.76566949	762.507708	158.4089542	422.7294226	875.8740321	218.6900506	386.6327375	820.7016284	-109.0968628	54.01227725	662.459648	5.369568325	193.7767561	477.3032186	-61.37599998	58.81482068	631.6684595	-155.1431487	90.55722019	587.9711643	-129.7039422	121.2892869	568.7736278	-54.12140631	100.4326347	623.9872281	94.5451657	41.59184776	699.9960541	136.2836666	44.13006888	958.5100415	93.26054261	33.94252856	915.0995168	199.5770923	32.05428239	890.9142055	186.8560538	46.05424802	853.9270212	88.17180255	45.65690066	878.7840482
920	9.19	-30.03268105	988.1374996	860.1675741	230.9745101	1003.841242	888.332163	118.8819976	1026.839762	686.5368709	-92.46777458	759.6141431	790.0330431	32.06309006	496.7783177	866.8420745	-95.36762943	524.1918678	833.0436975	-93.13547102	650.8728862	811.9493375	-26.85444178	718.7391288	936.7140467	283.5109122	813.5315559	806.2968556	88.93553895	521.0430002	827.9750637	217.9114349	501.7442781	828.9270646	247.5620655	658.256791	822.7021643	196.9479844	734.0037992	932.4660966	-95.71342648	488.4806012	810.833015	-6.652041411	174.6295979	613.0046245	-67.53163535	197.9479537	549.8220292	-65.16392286	397.0580701	842.4594305	-104.3570398	437.3369033	745.379441	218.5450785	461.8259739	826.6363084	64.89301364	95.00270617	792.1129757	153.5852104	82.78749575	762.5310184	158.8325324	422.4785151	876.4919665	218.9087174	386.5625284	821.2057884	-110.6552778	53.64682447	685.1708197	4.527121241	184.7330116	494.0665983	-63.03586567	56.60352666	653.8622068	-156.6279016	87.90007033	609.4788234	-130.9267998	117.5280231	589.0090396	-55.21065038	97.77347404	644.5437586	94.5383764	41.70874794	700.0595924	136.3287844	44.10324298	958.5002896	93.31572168	33.94954327	915.1028154	199.6341005	32.01581745	890.8796309	186.8979295	46.02857482	853.9187157	88.22374086	45.6530071	878.7857441
921	9.2	-29.28001779	988.8848258	863.4078597	231.803171	1003.628615	891.1945654	119.1270069	1027.02849	689.6136484	-91.92030433	760.1872271	796.3309474	33.77666851	498.4429147	875.9605962	-93.48068719	524.9265576	843.5950458	-92.27922283	651.6218316	819.9422773	-24.6731679	721.1711158	942.7119721	283.4311123	813.4942082	808.230189	89.19734014	520.8958728	829.1995174	218.1809351	501.6166061	829.7362214	247.8652831	658.1559361	824.1000183	197.5964021	733.4372878	934.3362149	-94.52398844	488.5093492	821.3381762	-6.908073192	170.4725589	631.8486981	-68.12820359	191.5452478	567.3132932	-63.49841982	397.8072684	855.0950093	-103.727457	435.8418015	757.2162444	218.7340722	461.7208775	827.2476631	64.91033384	95.02717718	792.2466988	153.5726875	82.82540894	762.5739702	159.2182811	422.2341843	877.156932	219.0730417	386.4933764	821.7435798	-111.3817462	53.27438506	708.344082	3.361797816	175.7923069	511.2405679	-64.02293295	54.53840355	676.4704825	-157.6940765	84.88343725	631.5769087	-131.910574	113.4699459	609.8113403	-55.89172675	95.27869259	665.538939	94.56422569	41.78499488	700.0766219	136.3788172	44.09233804	958.4978706	93.37393088	33.96109941	915.1117265	199.715455	31.99078616	890.8353231	186.9496721	46.03698032	853.9396687	88.27125909	45.65518684	878.7919654
922	9.21	-28.57221619	989.6052523	866.5838589	232.5753265	1003.42574	893.9966718	119.3448573	1027.160228	692.6141742	-91.44405751	760.7011066	802.5379021	35.36313392	500.1081691	884.9936049	-91.86124733	525.6059953	853.9202709	-91.42612908	652.2750126	827.8610644	-22.49662236	723.6319334	948.5842888	283.4116078	813.4616623	810.272858	89.46526762	520.9245903	830.632918	218.42814	501.4883828	830.5943341	248.1664055	658.079804	825.5810448	198.164827	732.8963308	936.2067931	-93.50498226	488.7422322	831.9372025	-7.130017055	166.4784682	650.8966511	-68.90583802	185.1853717	585.2704439	-62.0499949	398.7164295	867.5006339	-103.0385309	434.4209981	769.1129493	218.8619669	461.5704901	827.8816081	64.91740663	95.06399298	792.4201407	153.5556083	82.85454502	762.595907	159.557623	422.0193497	877.9007396	219.1854378	386.4431931	822.2987393	-111.3838161	52.92253088	731.8499209	1.956924659	167.0186703	528.8047882	-64.4173873	52.6461632	699.3814648	-158.4061304	81.64564608	654.172838	-132.6962552	109.2358352	631.10335	-56.21545851	92.91427397	686.7982966	94.56644327	41.84140966	700.0954299	136.4312742	44.09576279	958.500544	93.42646462	33.97540973	915.1224545	199.7965545	31.9664078	890.7990205	187.0055395	46.04928065	853.9592476	88.31507766	45.66354236	878.8003204
923	9.22	-27.9058325	990.2787503	869.7044117	233.3015396	1003.235127	896.7465782	119.5459956	1027.23987	695.5058873	-90.96780734	761.1558588	808.6817768	36.83724971	501.7340895	893.9893021	-90.6154482	526.2748371	863.8343991	-90.58468753	652.8707642	835.7129618	-20.34415858	726.0907324	954.35771	283.5075302	813.5177908	812.2027335	89.69976914	520.9739121	831.976066	218.6533933	501.3289402	831.4289119	248.4548963	658.0221187	827.1188328	198.6283429	732.3786507	938.0835215	-92.53468142	489.152521	842.5380002	-7.303523453	162.3111353	669.4258271	-69.82100569	178.9411116	603.6440829	-60.77678886	399.8542985	879.6829363	-102.3214433	433.0975863	781.0412282	219.0068111	461.4417677	828.5553066	64.9354532	95.10786034	792.5875936	153.5345107	82.8391282	762.5377124	159.8611722	421.8417018	878.7493197	219.287698	386.4056672	822.8527074	-110.8518609	52.58760395	755.5151182	0.432077535	158.5020467	546.7592709	-64.37974702	50.92256421	722.4468275	-158.8298002	78.3331509	677.1123417	-133.3202156	104.9771958	652.7827355	-56.25984239	90.65062046	708.2046394	94.54178308	41.87511968	700.135956	136.4808831	44.10226534	958.5013365	93.46582551	33.9893078	915.1314665	199.8607198	31.94682889	890.7865971	187.0600172	46.04653399	853.9599787	88.35572845	45.67417286	878.810113
924	9.23	-27.2748959	990.8962392	872.7831454	233.9901029	1003.052121	899.4460281	119.7049724	1027.260341	698.324078	-90.48040158	761.6265099	814.8115839	38.22776843	503.3600687	902.9656486	-89.61509951	526.9753992	873.4148108	-89.81554124	653.5496268	843.5238888	-18.2399957	728.5347842	960.05653	283.7706343	813.7403085	813.8283503	89.90048968	520.9459866	833.104566	218.8486287	501.1205975	832.1788313	248.7064536	657.9470262	828.6434266	198.980444	731.8847163	939.9652043	-91.54399332	489.626379	853.0775065	-7.527401721	157.9790084	687.5471598	-70.76590786	172.8485617	622.3692115	-59.58721984	401.2084581	891.8503575	-101.6639124	431.9044075	793.0239267	219.2095344	461.3360647	829.251396	64.97536728	95.13669589	792.6971653	153.5094457	82.76739303	762.3855009	160.1325654	421.6678489	879.6361802	219.4164988	386.3613602	823.3605199	-110.0359035	52.31112257	779.1766128	-1.087552422	150.3105483	565.1172272	-64.10610422	49.3669917	745.5296391	-159.0538869	75.10618595	700.2308475	-133.8009905	100.8198231	674.7076317	-56.12871995	88.51152645	729.7147739	94.51938292	41.86101736	700.1893378	136.5245864	44.10525764	958.4972545	93.49252704	33.99988307	915.1377632	199.9112101	31.920943	890.7783294	187.1049183	46.03429708	853.952196	88.38759952	45.68037023	878.8205507
925	9.24	-26.67465354	991.463376	875.8321146	234.6455865	1002.877142	902.0984305	119.8094495	1027.223608	701.1105654	-90.04849211	762.162625	820.9283621	39.55386828	505.0540527	911.918168	-88.70272123	527.7202084	882.8338072	-89.14282034	654.4166837	851.3051654	-16.22151087	730.9707131	965.6925205	284.1382302	814.0281713	815.2873857	90.08140798	520.859788	834.076134	219.0085572	500.8906536	832.8507453	248.8999222	657.8284341	830.1033781	199.234454	731.4130326	941.8481771	-90.56007008	490.117484	863.5601923	-7.852725102	153.7079634	705.6747836	-71.62175584	166.9783763	641.4008848	-58.41831357	402.7187552	904.0915771	-101.1146977	430.8855262	805.0786546	219.4350004	461.2158395	829.9239284	65.02071191	95.14177884	792.7604539	153.4824069	82.67221556	762.2039811	160.3651948	421.4565063	880.4344414	219.5805067	386.3275109	823.8320163	-109.1758786	52.19727488	802.7216596	-2.512390045	142.45365	583.9078197	-63.75124106	48.01590502	768.5759772	-159.1598916	72.11947399	723.3924294	-134.1484428	96.87386993	696.7442024	-55.91749128	86.55015403	751.3017189	94.51480628	41.81667569	700.1935883	136.566109	44.10320563	958.4895191	93.51390076	34.00985598	915.1441963	199.9568459	31.86821276	890.7475257	187.1377787	46.01395981	853.9422232	88.4050692	45.67051191	878.8230352
926	9.25	-26.10317667	991.9969854	878.8658835	235.2716327	1002.717927	904.7150824	119.8828814	1027.115357	703.8710142	-89.72376607	762.7171663	826.9602936	40.81827143	506.8430825	920.8332837	-87.82275825	528.498498	892.202989	-88.50579168	655.4340425	859.0256857	-14.32423502	733.41712	971.2669992	284.4488979	814.1617943	816.9314649	90.23641785	520.7624132	834.9687788	219.1444484	500.7099056	833.5390446	249.0378702	657.6748549	831.4953297	199.4179446	730.9587878	943.7239063	-89.62975935	490.6266105	874.0015615	-8.131192812	149.808185	724.2637406	-72.30234061	161.392424	660.6984736	-57.23339221	404.3248068	916.3185124	-100.6534783	429.9787619	817.1821	219.6293172	461.0738728	830.5604479	65.05367455	95.13116262	792.8157339	153.4597104	82.60099189	762.0720305	160.5589387	421.2155874	881.1008114	219.7443449	386.3221026	824.3092453	-108.4092623	52.34986755	826.1111237	-3.818250603	134.9256164	603.1658283	-63.3900744	46.92088533	791.6079954	-159.1780415	69.50938908	746.5164191	-134.3654299	93.25183735	718.8188937	-55.66750324	84.81236768	772.9544026	94.52449823	41.85075368	699.996386	136.6119072	44.10043971	958.4797762	93.53710378	34.02275081	915.1503097	200.0021275	31.80092043	890.701544	187.1668952	45.97777086	853.9225155	88.4159468	45.63149496	878.7928433
927	9.26	-25.55906394	992.5146286	881.9046525	235.8699438	1002.580574	907.3086973	119.9493136	1026.896036	706.591868	-89.50325548	763.2325144	832.824818	42.01421303	508.7092114	929.709845	-86.98442638	529.2939833	901.5488195	-87.84178825	656.4991881	866.6335708	-12.56846133	735.886918	976.7743772	284.6276762	814.0829337	818.8836216	90.34805893	520.6504303	835.79885	219.2683544	500.6135393	834.3197234	249.1455953	657.508743	832.8441241	199.5632242	730.5196264	945.5778023	-88.76806053	491.1513885	884.4015513	-8.179692318	146.4191734	743.4946687	-72.77254673	156.0954152	680.2135211	-56.03057648	406.0173192	928.486346	-100.2299337	429.011507	829.3152548	219.7228461	460.9250135	831.1486676	65.06767718	95.0888806	792.8460269	153.4403725	82.57088149	762.0089675	160.7170304	420.9791742	881.6970817	219.8621933	386.321157	824.8079044	-107.7327893	52.79753336	849.3563692	-4.981796564	127.7376795	622.8840302	-63.02284681	46.09016968	814.6441643	-159.0966837	67.36002611	769.5896358	-134.4448332	90.03161985	740.916769	-55.35562215	83.31217249	794.6771829	94.53894515	42.07811134	699.4880223	136.6650461	44.10441709	958.4666404	93.56899485	34.03030279	915.1394352	200.0462504	31.75784633	890.6739889	187.2031879	45.93802201	853.9001312	88.44075528	45.56586599	878.7086984
928	9.27	-25.04250642	993.0238656	884.9643917	236.4408778	1002.461273	909.8859284	119.9955298	1026.58015	709.2908339	-89.35188587	763.8170681	838.5400375	43.13685492	510.6318658	938.5558252	-86.21782077	530.0946112	910.8615695	-87.1555335	657.5770218	874.0946558	-10.95852314	738.3791496	982.2018508	284.7282628	813.9293189	820.9724746	90.42148831	520.4948467	836.5744195	219.3740002	500.5450511	835.1485236	249.2471472	657.3520983	834.1917305	199.692955	730.0951423	947.3973326	-87.98622677	491.6838444	894.7582534	-7.950040819	143.4430966	763.175976	-73.04690125	151.0546428	699.911447	-54.82142875	407.8326297	940.6757578	-99.83428777	427.8854387	841.5016856	219.6798995	460.7791957	831.6764012	65.06224747	94.98680287	792.8171826	153.4130277	82.56651765	761.9871026	160.8432939	420.7574344	882.2904316	219.9344941	386.2982449	825.3376709	-107.042868	53.48392214	872.4706491	-5.91968359	120.877263	642.9688789	-62.58014974	45.4889357	837.6649871	-158.8830987	65.62245623	792.6250325	-134.3730934	87.21926073	763.0639676	-54.91817198	82.03580849	816.4602813	94.55616455	42.42351967	698.8426035	136.7212757	44.11210078	958.4482278	93.61530432	34.01815229	915.0910037	200.0802559	31.75642873	890.6915445	187.2503222	45.92317046	853.8973553	88.48564005	45.49943982	878.5985052
929	9.28	-24.55548241	993.5242898	888.0521138	236.9863445	1002.350875	912.4510366	119.9752343	1026.255263	712.0255579	-89.16675062	764.633686	844.2078753	44.18648693	512.6007703	947.3477801	-85.5568751	530.8835572	920.128186	-86.4840032	658.7111802	881.4018081	-9.490448032	740.8846967	987.5374832	284.8147225	813.8261374	823.0264379	90.4853001	520.3157523	837.3828873	219.4499048	500.4464815	835.9556365	249.3452696	657.2480139	835.5996482	199.8179684	729.6816444	949.1886505	-87.30817708	492.2061343	905.0678379	-7.47696875	140.7367466	783.069676	-73.16258768	146.2380871	719.7852891	-53.58982997	409.7815321	952.9253165	-99.4886512	426.6464928	853.7750698	219.5773606	460.6575545	832.2027437	65.05710328	94.87217163	792.8090951	153.3729708	82.57232204	761.9812239	160.9491702	420.5401814	882.9058617	219.9791521	386.2475172	825.879362	-106.1857285	54.33387331	895.4709818	-6.583969767	114.3034764	663.2825351	-61.93439431	45.09937723	860.6531874	-158.4768364	64.14268721	815.6479994	-134.1213567	84.7355387	785.3027121	-54.27402019	80.96896414	838.2781066	94.56538025	42.67711368	698.3950002	136.7724042	44.11317501	958.4297836	93.66968774	33.98921792	915.0186318	200.0945927	31.76590526	890.745569	187.3014709	45.93724842	853.9198547	88.53249167	45.4572186	878.5227245
930	9.29	-24.09824713	994.017236	891.1750811	237.5107865	1002.247016	915.0117513	119.8640148	1025.963907	714.8310227	-88.8519846	765.5405136	849.8598835	45.16878019	514.6114133	956.0288768	-85.00749102	531.6331548	929.3225231	-85.84714509	659.927222	888.5600728	-8.163472274	743.3880156	992.7803229	284.9027866	813.7872164	825.0109908	90.55334806	520.1691165	838.3315535	219.4980338	500.3436513	836.7598913	249.4245654	657.2260017	837.0920536	199.9475505	729.2774378	950.9816687	-86.73910168	492.6892543	915.3068325	-6.794724257	138.2838288	803.1279782	-73.16411704	141.6293455	739.8443719	-52.30555971	411.8108339	965.1112954	-99.16161859	425.332389	866.1121988	219.5293549	460.5910191	832.8237173	65.08198884	94.85598169	792.9697413	153.3271726	82.59090436	761.9848056	161.0470719	420.3203418	883.5445742	219.9917785	386.1718628	826.3782696	-104.9892377	55.317134	918.4113958	-7.058143035	108.0064103	683.7397725	-60.94889548	44.93964944	883.6211535	-157.7982232	62.80628659	838.7482344	-133.6448077	82.43531774	807.6577035	-53.349011	80.11760119	860.1192222	94.52374945	42.76796594	698.266499	136.8170202	44.10928475	958.422828	93.71696698	33.96491036	914.9647394	200.0960499	31.75037464	890.8015241	187.3493518	45.964256	853.9609876	88.57084968	45.44079523	878.5011445
931	9.3	-23.66803976	994.5069488	894.3449404	238.0211537	1002.156955	917.5767351	119.6900468	1025.662845	717.687879	-88.40237004	766.1659847	855.4839337	46.09843599	516.6762066	964.5681267	-84.54134645	532.3276024	938.3936239	-85.24487595	661.1624096	895.5740533	-6.977970135	745.8618803	997.9368644	284.979601	813.760013	826.968164	90.61209553	520.0731557	839.4269533	219.5308192	500.2796337	837.6015445	249.4703355	657.2443823	838.6120346	200.0871977	728.8904418	952.8091047	-86.25245334	493.1170009	925.4236009	-5.955477049	136.1337115	823.3267456	-73.11481469	137.2254648	760.0963069	-50.96978987	413.8581344	977.0598663	-98.80379572	423.9466537	878.4114574	219.5678648	460.581683	833.5680886	65.13509971	94.959407	793.266753	153.2835262	82.63172751	761.9969195	161.1477418	420.1025635	884.2110485	219.9847642	386.095164	826.8384947	-103.3139406	56.44764778	941.3711214	-7.47471295	102.0024132	704.3259222	-59.53845332	45.02897006	906.5867024	-156.7807101	61.55624835	862.0360639	-132.9113673	80.1916609	830.143646	-52.10390113	79.50344922	881.9961907	94.42536263	42.74157623	698.3945996	136.8615157	44.10777246	958.4302615	93.75375225	33.9607655	914.9478205	200.1076254	31.71532283	890.8371496	187.4030234	45.99827736	854.0198696	88.61191324	45.44409539	878.5105808
932	9.31	-23.26261956	994.993664	897.5700301	238.5229366	1002.087203	920.1511963	119.4933124	1025.325811	720.5677902	-87.86652552	766.4462469	861.0895072	46.98221245	518.7830697	972.9462651	-84.13660773	532.9837873	947.2890424	-84.68863828	662.3447301	902.4210902	-5.925944725	748.264421	1003.011747	285.0302888	813.6907588	828.9427166	90.65069661	520.0082628	840.6211812	219.5634927	500.2443088	838.4677223	249.4835301	657.2373112	840.0942587	200.2302405	728.5311442	954.6836132	-85.82737738	493.5063482	935.3648037	-5.049335602	134.1956787	843.4051121	-73.06930597	133.0248281	780.5302133	-49.62647517	415.92763	988.7318198	-98.46915145	422.5862382	890.5916413	219.6525657	460.5955318	834.3824836	65.18863416	95.08117691	793.5106817	153.2467003	82.69168698	762.0063651	161.2724672	419.8940468	884.9210136	219.9871663	386.0438063	827.3003445	-101.1065133	57.76292047	964.4088339	-7.900733015	96.27341139	725.0357045	-57.68451337	45.37189445	929.5453239	-155.3966809	60.3303771	885.5303473	-131.915537	77.98619598	852.8063735	-50.54178634	79.15410519	903.9220678	94.34630817	42.59281386	698.7494727	136.9136804	44.10206524	958.4342615	93.79069857	33.97732071	914.9510379	200.1497624	31.67373996	890.8475661	187.4818062	46.03070354	854.082781	88.6656855	45.47776898	878.5441749
933	9.32	-22.88443666	995.4703586	900.8501455	239.0143579	1002.036627	922.7386238	119.288373	1024.981861	723.4639761	-87.41964008	766.7501378	866.5539988	47.80760675	520.8472237	981.0923687	-83.79990965	533.6266548	955.9975276	-84.19722072	663.4975865	909.0072223	-4.998035393	750.5452517	1008.006219	285.0514702	813.5615942	830.9548586	90.68178641	519.964157	841.9290458	219.6087007	500.2123057	839.3471935	249.4781028	657.1817393	841.5327077	200.3720396	728.1993106	956.6035436	-85.47059179	493.8823326	945.1189019	-4.142796505	132.3268511	863.1132095	-73.03248019	129.0149676	801.11735	-48.31897088	418.0634304	1000.210179	-98.2766016	421.3794606	902.6820957	219.7259405	460.5944439	835.1857932	65.23411748	95.145955	793.6481344	153.2179992	82.75023063	761.9909328	161.4516696	419.68708	885.6853008	220.0036683	386.0044814	827.7434585	-98.40724098	59.29717495	987.5137229	-8.344611013	90.76518299	745.8426085	-55.41242797	45.9697587	952.468663	-153.6712962	59.12275971	909.1813636	-130.6663695	75.88546958	875.6915726	-48.69437018	79.08534482	925.8739589	94.33786591	42.35922833	699.2282345	136.9816745	44.0718202	958.4019742	93.83628611	34.01096935	914.9586092	200.2264992	31.60733082	890.8212329	187.5794657	46.02461128	854.1078478	88.72882243	45.55478246	878.6187646
934	9.33	-22.54020607	995.9261253	904.1793176	239.4877503	1001.998813	925.3440367	119.0592609	1024.638629	726.3816323	-87.251119	767.3412864	871.7114265	48.57553823	522.7755516	988.9291483	-83.53439088	534.2427398	964.546188	-83.75840978	664.6753183	915.2249287	-4.190893306	752.6612744	1012.92085	285.0495487	813.3969088	833.0030426	90.72840291	519.9409364	843.4070321	219.6672273	500.1779999	840.2695625	249.4687552	657.0925099	842.9660987	200.5301601	727.8827477	958.5727244	-85.18506448	494.2315194	954.7130687	-3.231239417	130.5390984	882.5387944	-72.97937028	125.1886826	821.8244504	-47.04084648	420.268423	1011.543809	-98.26021228	420.3010569	914.7330062	219.7445513	460.5554951	835.928399	65.28226584	95.1666595	793.7701063	153.1948051	82.79019655	761.944125	161.7016611	419.4614143	886.5027076	220.0381688	385.9311328	828.1389599	-95.3090161	61.05111684	1010.597026	-8.797724841	85.46318249	766.7235158	-52.77958877	46.82779131	975.3163277	-151.6746374	58.02197987	932.944915	-129.1936577	73.94755578	898.7573946	-46.61136812	79.25230538	947.7560888	94.36521146	42.18891691	699.6018774	137.0670329	43.99229676	958.3143304	93.88678624	34.06093666	914.9803068	200.3221684	31.48544567	890.7350555	187.6635227	45.94730678	854.0642325	88.79262253	45.65402138	878.7225235
935	9.34	-22.23295628	996.3469934	907.5492698	239.9369418	1001.963628	927.9751749	118.765542	1024.253521	729.3298366	-87.26639342	768.0453518	876.6460915	49.3154669	524.5441074	996.4430387	-83.3000017	534.7705188	972.9388039	-83.33728007	665.8394381	921.0867055	-3.498148711	754.5906615	1017.756603	285.0314783	813.2420711	835.0749206	90.79455615	519.9140081	845.0436257	219.7243911	500.1377856	841.2679076	249.4656027	657.0027687	844.4590158	200.7317889	727.5633207	960.6024714	-84.93064756	494.4924245	964.1511814	-2.279978881	128.9260143	901.9012779	-72.88932829	121.5710824	842.6130596	-45.74553544	422.4953877	1022.696534	-98.31661489	419.1907168	926.7035064	219.7108687	460.4802586	836.6454277	65.32151935	95.16537292	793.9103981	153.1717883	82.8253659	761.9060812	162.0001306	419.2061638	887.3764179	220.1012485	385.7924776	828.5262324	-91.91417201	63.01940695	1033.557576	-9.232573923	80.43732708	787.6864947	-49.87308103	47.95676707	998.0472487	-149.4817957	57.1280057	956.7637769	-127.5600411	72.21290851	921.8878231	-44.35470401	79.56886405	969.4405335	94.37835358	42.16971453	699.7568124	137.1535821	43.86333033	958.2050312	93.93004531	34.1234945	915.0369269	200.4047111	31.30748854	890.5962774	187.73472	45.84245629	853.9886172	88.85057019	45.72290235	878.7923133
936	9.35	-21.95605933	996.7175606	910.9537271	240.3626111	1001.922938	930.6480673	118.3806318	1023.811231	732.3161608	-87.25164482	768.5907584	881.5519686	50.05409251	526.1782379	1003.663693	-83.03261275	535.1581119	981.1365172	-82.89224443	666.8451518	926.7220541	-2.905542884	756.3291627	1022.512818	285.000723	813.1246725	837.1601771	90.85547906	519.8432558	846.7550808	219.7565066	500.0804297	842.3541015	249.468161	656.9384672	846.0689729	200.982822	727.2212133	962.7009619	-84.64320597	494.6131949	973.3944058	-1.277449691	127.5409977	921.2760432	-72.74182635	118.1953465	863.4377191	-44.39154724	424.6984122	1033.607582	-98.28864046	417.9334644	938.5146661	219.6587636	460.395478	837.441958	65.31998886	95.13901885	794.0364278	153.1407022	82.89543706	761.9500793	162.2815554	418.9293671	888.321503	220.1651709	385.626105	829.0091575	-88.33037518	65.22209617	1056.327063	-9.59992139	75.75645137	808.7544499	-46.79420478	49.36832129	1020.622136	-147.1400864	56.51574578	980.5526373	-125.8307403	70.74032791	944.981178	-41.98643548	80.02800724	990.8919221	94.36566284	42.24392891	699.7816405	137.2183979	43.73991423	958.1429948	93.95805794	34.17743539	915.1120672	200.4496768	31.14317611	890.4955537	187.8192541	45.78287419	853.9428671	88.89608263	45.72679507	878.7761496
937	9.36	-21.70142919	997.0326208	914.395799	240.7704094	1001.879725	933.3856104	117.922658	1023.359897	735.3425673	-87.20332671	768.9576342	886.4362842	50.79968369	527.6984294	1010.618022	-82.70318018	535.4336725	989.1099968	-82.37951124	667.5445364	932.2507314	-2.394806536	757.8765991	1027.182967	284.9551955	813.0320743	839.2635243	90.88631934	519.7299288	848.4933206	219.7401117	499.9969779	843.5286123	249.4587291	656.8927868	847.7969799	201.2608209	726.8431555	964.8683439	-84.29371684	494.6219593	982.4134159	-0.2394551	126.3998519	940.6184248	-72.50549924	115.05737	884.2477187	-42.96893852	426.8763243	1044.240599	-98.10614913	416.5671189	950.1448071	219.6070996	460.3221184	838.4036601	65.27354771	95.09950002	794.1549613	153.0940347	83.01809857	762.0975288	162.4683909	418.6484056	889.3487484	220.1746561	385.5226571	829.7032889	-84.67354156	67.67224219	1078.849692	-9.865659266	71.4216514	829.9140075	-43.64120641	51.05057327	1042.990773	-144.6883469	56.23856305	1004.219748	-124.0371221	69.5817569	967.9693318	-39.56258468	80.71875061	1012.177101	94.34016817	42.32379697	699.7937799	137.2556126	43.6855413	958.1563655	93.96765284	34.18314877	915.1340183	200.4774994	31.09062189	890.5249575	187.8957375	45.75372232	853.9249124	88.92094964	45.6849113	878.7089407
938	9.37	-21.46724743	997.2989315	917.8852199	241.1567567	1001.836984	936.1732146	117.4290502	1022.942543	738.4088966	-87.21943735	769.2856377	891.2087859	51.5573779	529.1021818	1017.320138	-82.3253762	535.6825671	996.8490717	-81.8081848	667.9604002	937.7010772	-1.943464253	759.2317075	1031.755402	284.878351	812.9127075	841.4318544	90.89345655	519.6150752	850.2744403	219.6624304	499.8957056	844.7964954	249.4134549	656.8375877	849.5966857	201.5305275	726.4304169	967.0972234	-83.89586105	494.6040369	991.1980504	0.807379958	125.4917103	959.8447827	-72.15826852	112.1554937	904.9934951	-41.50107272	429.0680921	1054.582131	-97.84011376	415.263456	961.6219362	219.5433301	460.2496377	839.5302792	65.21106139	95.07559129	794.3091391	153.030471	83.15310357	762.2530686	162.5224653	418.3752912	890.4491564	220.098518	385.51477	830.6189584	-81.04318285	70.37036113	1101.078286	-10.03203033	67.43460839	851.109884	-40.49908888	52.96307353	1065.090144	-142.1798096	56.32132143	1027.682814	-122.191027	68.76521334	990.7953872	-37.13085154	81.71546651	1033.337902	94.31515818	42.37679163	699.8326257	137.2784341	43.69286781	958.2085827	93.95513922	34.11817084	915.0492984	200.5328136	31.158627	890.6355661	187.9230703	45.70179696	853.8988372	88.92444479	45.64512977	878.677663
939	9.38	-21.25313281	997.5159176	921.4237416	241.4838908	1001.755507	938.8951274	116.9234154	1022.551988	741.5172738	-87.26395133	769.7080785	895.8949443	52.33470917	530.3826397	1023.788744	-81.91516494	535.9575817	1004.320531	-81.25438002	668.2822935	943.0337282	-1.529137057	760.3929253	1036.223556	284.7333583	812.6766665	843.7891627	90.91146954	519.5149381	852.1084605	219.5324267	499.8006113	846.1642884	249.3186051	656.748263	851.4238174	201.7570029	725.9974167	969.3759411	-83.4655985	494.6121972	999.7150764	1.837233149	124.7831371	978.849786	-71.7083012	109.5627013	925.6504706	-40.03339303	431.3053025	1064.613434	-97.58920247	414.1906064	972.9444678	219.4228749	460.1568126	840.7431108	65.15125128	95.07469663	794.5060836	152.9519686	83.25290932	762.3187915	162.4685146	418.1043384	891.5964938	219.9456442	385.5320913	831.6313288	-77.50246947	73.35235381	1122.987195	-10.09158977	63.81566474	872.290619	-37.41984811	55.11807732	1086.891449	-139.6621329	56.792105	1050.888245	-120.3107747	68.32351722	1013.412833	-34.72261361	83.03810444	1054.333451	94.30197216	42.40840379	699.8933834	137.3018121	43.70112043	958.2475776	93.92991291	34.01492202	914.9100509	200.6164214	31.25688138	890.7089257	187.8983009	45.60882305	853.8385101	88.91563951	45.63089862	878.716835
940	9.39	-21.06064926	997.6666077	925.0017471	241.6944088	1001.555216	941.4192859	116.411448	1022.146615	744.6735688	-87.18417494	770.2574341	900.6290047	53.12761761	531.5386579	1030.045925	-81.47492444	536.2569504	1011.473075	-80.77451198	668.6230901	948.2205582	-1.13939673	761.3588765	1040.592066	284.4993741	812.2514631	846.4493386	90.95937798	519.4149136	853.9846497	219.376436	499.720196	847.6143926	249.1750065	656.6206135	853.2655985	201.9113635	725.5597291	971.6926323	-83.00530355	494.6446924	1007.913155	2.848617046	124.2722649	997.5808292	-71.17420739	107.3763505	946.2076043	-38.61526622	433.5820017	1074.309908	-97.35181424	413.3663971	984.032031	219.2220053	460.0472358	841.9664284	65.08876563	95.07924112	794.7142188	152.8622113	83.32890461	762.3302266	162.3691364	417.8191194	892.7645853	219.7434081	385.4845301	832.6059337	-74.08171881	76.68019302	1144.549182	-10.03824626	60.53160383	893.388892	-34.41834139	57.61356133	1108.403137	-137.1621624	57.69033287	1073.79779	-118.4182383	68.29066431	1035.77512	-32.35635109	84.68296675	1075.079703	94.3073273	42.43477907	699.970766	137.32856	43.67902927	958.2469336	93.91528037	33.9326531	914.8239358	200.6883139	31.31005651	890.717816	187.8418237	45.47451121	853.7302367	88.90288798	45.63188486	878.7942226
941	9.4	-20.9002679	997.7353882	928.612233	241.7892242	1001.223992	943.8271314	115.8835879	1021.68923	747.883656	-86.90699121	770.755859	905.4801428	53.91640829	532.558068	1036.086731	-80.99528866	536.56693	1018.286085	-80.35832824	668.9357784	953.2813684	-0.768826547	762.1300881	1044.870061	284.2350236	811.7099882	849.305078	91.01078841	519.3170869	855.9110594	219.2107916	499.6208906	849.0777794	248.9974851	656.4744494	855.1419078	201.9750117	725.1216047	974.0384747	-82.50561212	494.6878046	1015.771653	3.877148033	124.0329106	1016.110816	-70.56225526	105.5910841	966.5887856	-37.27657219	435.8680015	1083.66835	-97.05197822	412.692917	994.7861439	218.9898734	459.9397164	843.1897629	65.01589971	95.07152859	794.9049183	152.7689911	83.41484935	762.3670465	162.2777161	417.5148788	893.9431345	219.5241069	385.3460428	833.4984001	-70.78786915	80.37840189	1165.713037	-9.914013151	57.51914985	914.2900479	-31.50753996	60.50002523	1129.583232	-134.6964814	59.03375371	1096.352417	-116.5272679	68.6693032	1057.815347	-30.04902977	86.63807569	1095.497006	94.31905712	42.47369729	700.0576486	137.3513363	43.64618568	958.2100914	93.91965947	33.89361596	914.8237436	200.7226391	31.31508511	890.7062642	187.7941202	45.36001365	853.6371963	88.88961937	45.6351104	878.879893
942	9.41	-20.78665111	997.7236734	932.2623221	241.8392788	1000.857961	946.3817077	115.3182652	1021.185216	751.1482877	-86.58249846	770.9626072	910.3229018	54.68467933	533.4189297	1041.889507	-80.45955241	536.8686525	1024.788734	-79.9690946	669.146509	958.2553303	-0.409276999	762.7135682	1049.066486	284.0398578	811.2391017	852.0803804	91.02580116	519.2064025	857.8659974	219.0304068	499.4618709	850.4710756	248.8042511	656.3325485	857.080351	201.9432889	724.6790086	976.4095553	-81.94982042	494.7226782	1023.319779	4.950771316	124.1272071	1034.500273	-69.88589263	104.1183283	986.6529323	-36.00908663	438.1327374	1092.709246	-96.63772138	412.0781198	1005.187717	218.7880051	459.8337641	844.4307538	64.93568348	95.04779946	795.0673851	152.680159	83.51087542	762.4335885	162.2079842	417.1956729	895.131655	219.3588017	385.2221184	834.4298973	-67.62187599	84.42787932	1186.416736	-9.72361226	54.78670415	934.9178924	-28.70823337	63.72803024	1150.344456	-132.2838963	60.81433687	1118.470303	-114.640337	69.43271398	1079.447276	-27.8174972	88.89338437	1115.526921	94.30735429	42.53698586	700.1325101	137.3674395	43.61506042	958.1509465	93.93080822	33.87960677	914.8620107	200.7232158	31.29992824	890.6993073	187.7945665	45.34531218	853.6458839	88.88009042	45.64249297	878.975431
943	9.42	-20.72853972	997.6408105	935.9688198	241.886746	1000.530928	949.2128634	114.7024526	1020.656653	754.4659298	-86.4429946	770.8370932	914.9588925	55.43840915	534.1124494	1047.467771	-79.86620854	537.1206709	1031.037248	-79.58575727	669.2189805	963.1646444	-0.048557932	763.1264549	1053.193466	283.9309266	810.9222173	854.6655656	90.96229137	519.004111	859.7300031	218.8375194	499.2657676	851.8136328	248.60091	656.1954078	859.0836452	201.8264273	724.2273752	978.8041652	-81.33641914	494.7078586	1030.613805	6.060884184	124.5272662	1052.666008	-69.17468894	102.9340933	1006.317287	-34.77443241	440.3489242	1101.450481	-96.11523261	411.4619329	1015.283629	218.6292802	459.7180021	845.6986156	64.85708292	95.01516175	795.2071894	152.6009941	83.60026956	762.4962503	162.144242	416.8602796	896.3280473	219.3081825	385.2706365	835.595442	-64.59753029	88.81347846	1206.595259	-9.401685686	52.39951054	955.276392	-26.02486684	67.26100305	1170.630807	-129.946871	63.02137017	1140.069465	-112.7614591	70.56926847	1100.590848	-25.66838907	91.44587964	1135.115196	94.253015	42.6225379	700.1759218	137.3834953	43.56551427	958.0786612	93.9405016	33.87587268	914.906011	200.7113674	31.28172309	890.6973664	187.8285113	45.39261537	853.7140438	88.88200538	45.66068185	879.0844822
944	9.43	-20.72743424	997.4880401	939.7443069	241.9065457	1000.224456	952.2425608	114.050381	1020.105621	757.8373186	-86.52359068	770.5147889	919.367439	56.20060613	534.6436587	1052.867094	-79.23457197	537.2799964	1037.089551	-79.21592078	669.1546857	968.0161696	0.329725533	763.3929101	1057.26958	283.8368768	810.6884704	857.1842339	90.78777092	518.6736733	861.4143766	218.6530587	499.0911741	853.2149088	248.3844464	656.0414916	861.1261487	201.6463113	723.759265	981.2211704	-80.68472355	494.6003498	1037.71165	7.192285576	125.1869082	1070.48868	-68.43265905	102.0840979	1025.578245	-33.53652839	442.4826901	1109.894494	-95.52920555	410.8164519	1025.11158	218.4990158	459.5954733	847.0049775	64.79190438	94.98043598	795.3378766	152.5349963	83.67394229	762.5403339	162.073874	416.5092197	897.5308023	219.2873535	385.4334056	836.9178895	-61.72287367	93.54165886	1226.180127	-8.938062392	50.35650552	975.3524066	-23.44896518	71.1039795	1190.390982	-127.6896149	65.66092837	1161.08777	-110.908275	72.11439992	1121.201731	-23.58718559	94.29635122	1154.206165	94.17025959	42.70908498	700.193996	137.4045902	43.5092904	958.0203401	93.95660429	33.88928249	914.9711668	200.7084826	31.26369448	890.7002196	187.8501874	45.39453929	853.720668	88.89756656	45.68466408	879.1868179
945	9.44	-20.78114508	997.260374	943.5922458	241.8671213	999.8975227	955.3740581	113.3836311	1019.537994	761.2672351	-86.66505139	770.1693451	923.7123726	56.98657605	535.0213044	1058.113783	-78.58694203	537.3419669	1042.986423	-78.88085557	668.9852414	972.8194534	0.740808726	763.5382885	1061.317082	283.7018541	810.4546433	859.7669136	90.54297903	518.300388	862.9993548	218.4840659	498.9426201	854.7116748	248.1548555	655.8589454	863.1912696	201.4258183	723.262399	983.6630211	-80.01703994	494.3954967	1044.654067	8.343549426	126.1092208	1087.929645	-67.63480305	101.5730043	1044.416391	-32.28100637	444.5007037	1118.040322	-94.92739357	410.1791821	1034.698642	218.3839698	459.4759245	848.3556515	64.76117404	94.94565998	795.4741653	152.4807681	83.73024848	762.571286	161.9975028	416.1442472	898.7354797	219.1587775	385.4807872	838.1029389	-58.96201054	98.61577223	1245.121909	-8.388650086	48.55647437	995.0692712	-20.96935124	75.24488918	1209.560174	-125.4832287	68.74011944	1181.489002	-109.0948454	74.10418286	1141.264538	-21.54824416	97.43492461	1172.754116	94.09053748	42.77235721	700.2117661	137.428813	43.50198908	958.0196961	93.9902661	33.92855669	915.0748711	200.7232454	31.25491378	890.7149885	187.8415123	45.3158969	853.6341061	88.91489507	45.70052689	879.2567534
946	9.45	-20.88471085	996.9577793	947.5155462	241.7690926	999.5350777	958.5838917	112.7021902	1018.965794	764.7654419	-86.74427871	769.8587726	928.1334365	57.7906686	535.2555458	1063.195921	-77.93283134	537.3254478	1048.727019	-78.59115455	668.7357072	977.5870697	1.186898343	763.585587	1065.353135	283.5257651	810.1932778	862.4465015	90.30322965	517.9763655	864.6059447	218.3094852	498.7877403	856.2554491	247.9142735	655.6578046	865.2922636	201.1794955	722.7256191	986.1381831	-79.3428889	494.1121735	1051.440195	9.528574405	127.2869574	1104.962722	-66.77556905	101.3340289	1062.767369	-31.00787907	446.385966	1125.889706	-94.32083475	409.6108462	1044.073991	218.2576843	459.3569263	849.724584	64.78420371	94.90842405	795.627978	152.4303527	83.7756207	762.6008021	161.9110393	415.7625825	899.932429	218.9350155	385.3401341	839.0751236	-56.25318229	103.9956009	1263.398171	-7.771073268	46.89366413	1014.347858	-18.56367208	79.64163781	1228.105481	-123.2942606	72.21901384	1201.250519	-107.3172881	76.50410794	1160.756675	-19.53378954	100.8163072	1190.720924	94.03599881	42.80105576	700.2484102	137.4515336	43.55258233	958.0735852	94.03413092	33.97669687	915.1913899	200.7512423	31.27353507	890.7480331	187.8201699	45.21827842	853.5540853	88.91883844	45.70124096	879.2949147
947	9.46	-21.02985402	996.5846354	951.5235761	241.6308663	999.1361737	961.8821639	111.9964842	1018.38148	768.3444896	-86.75505702	769.4654473	932.6609157	58.59795568	535.3524716	1068.08474	-77.26048274	537.2263703	1054.272743	-78.34709925	668.4266721	982.3353952	1.665320892	763.5487817	1069.385637	283.3236496	809.9056272	865.2117844	90.07997309	517.7057454	866.2528073	218.1031283	498.617496	857.8214122	247.6634816	655.4276049	867.4292926	200.9132783	722.1454333	988.6579588	-78.65050445	493.7462821	1058.031425	10.7629348	128.6239325	1121.45834	-65.8718112	101.2871867	1080.568941	-29.72171359	448.135333	1133.438425	-93.68575274	409.0977544	1053.223913	218.0682668	459.2299482	851.0737586	64.83268782	94.85836782	795.7890858	152.3744824	83.82048762	762.6336903	161.7895227	415.3661386	901.1223115	218.7074692	385.0884244	839.9633878	-53.56403544	109.5743282	1280.985164	-7.081783954	45.36527784	1033.151597	-16.19544735	84.23094267	1246.013574	-121.1007842	76.00270875	1220.343684	-105.5607673	79.20487211	1179.629739	-17.5302653	104.3638136	1208.072336	94.01709035	42.77969933	700.302333	137.4678161	43.60921989	958.1275536	94.06449733	34.00034536	915.2753221	200.7737763	31.31004681	890.7798562	187.8113977	45.18056676	853.5800081	88.90711226	45.68768933	879.321854
948	9.47	-21.20446407	996.1447738	955.6301847	241.4694694	998.6984902	965.268217	111.2739315	1017.78518	772.0147318	-86.73760492	768.9272213	937.2667608	59.39830005	535.3155858	1072.765483	-76.57345551	537.0275933	1059.599349	-78.13582895	668.0765097	987.0738928	2.184833264	763.4215609	1073.414214	283.0931452	809.5960794	868.0533779	89.83877555	517.4519877	867.912739	217.8531489	498.4344074	859.4175551	247.3999753	655.1481266	869.5907634	200.6246638	721.5227905	991.22685	-77.94339698	493.2805598	1064.403545	12.04057869	130.0168911	1137.307577	-64.94017491	101.4269784	1097.81933	-28.42582286	449.7478999	1140.676318	-93.01519307	408.5607979	1062.089867	217.8010328	459.0984223	852.4278146	64.82351613	94.78591737	795.9239736	152.3082855	83.87111995	762.6698631	161.5968914	414.9622601	902.3271288	218.4905939	384.7632019	840.8336657	-50.88799356	115.2197187	1297.853246	-6.392976704	44.09575252	1051.458358	-13.82307665	88.94477391	1263.261965	-118.8720599	79.98978894	1238.736611	-103.7966251	82.08095414	1197.831612	-15.51645019	108.0083309	1224.783409	94.02982576	42.70859303	700.3619251	137.4708717	43.63374209	958.1448012	94.06964653	33.98775701	915.3168201	200.764993	31.31825236	890.7714355	187.81915	45.21907158	853.6871698	88.8865454	45.65957403	879.3512013
949	9.48	-21.3910392	995.6435725	959.845492	241.2988713	998.2167284	968.7244856	110.5504128	1017.206652	775.7779084	-86.73482242	768.3476104	941.8977146	60.18612747	535.146853	1077.239073	-75.88125447	536.6888653	1064.721719	-77.92083103	667.6496806	991.776198	2.755543257	763.178724	1077.431731	282.8230339	809.2648674	870.963452	89.56216335	517.1965314	869.5918541	217.5610159	498.2237107	861.0434485	247.118862	654.8644634	871.8256339	200.3112385	720.8606452	993.8400095	-77.23101155	492.674604	1070.57156	13.34099337	131.4619339	1152.569573	-63.9908965	101.7944026	1114.549674	-27.12144267	451.2190526	1147.59799	-92.33737688	407.9516251	1070.63572	217.4988287	458.9596188	853.870113	64.71393929	94.7003179	796.0199984	152.2299998	83.93371525	762.7265309	161.3194691	414.5518897	903.5782255	218.242005	384.4018647	841.7281825	-48.20170527	120.8413308	1313.991117	-5.851888678	43.23769603	1069.198973	-11.41554239	93.72399194	1279.824703	-116.5915832	84.09903052	1256.418542	-101.9837833	85.06763267	1215.352154	-13.46705051	111.7134047	1240.83873	94.04991639	42.64858931	700.421266	137.4542823	43.61726321	958.1235074	94.05913933	33.95358926	915.3395706	200.7197287	31.27560262	890.7188077	187.8291633	45.28929501	853.7884426	88.86154025	45.61704124	879.3830921
950	9.49	-21.5703514	995.0873746	964.1690995	241.1278223	997.6867875	972.2332344	109.8237802	1016.665395	779.6282663	-86.80688306	767.8419925	946.4857321	60.95511491	534.8355875	1081.494969	-75.12514923	536.1449426	1069.646592	-77.6777554	667.0844432	996.3993397	3.371105767	762.7992096	1081.431798	282.5136467	808.9135388	873.9260701	89.26046937	516.9458848	871.3380325	217.2345649	497.9716383	862.7042276	246.81701	654.6369735	874.1951926	199.984553	720.1695926	996.4907892	-76.45471988	491.8633957	1076.542217	14.65449297	132.9752701	1167.293841	-63.02003566	102.3418097	1130.719863	-25.81729946	452.5452042	1154.210045	-91.67343049	407.290133	1078.875647	217.1840322	458.790322	855.429788	64.55385021	94.61984726	796.1014355	152.1416095	84.02363244	762.8459186	160.9852099	414.1245302	904.8911936	217.9497987	384.1214627	842.7841991	-45.47372017	126.4018107	1329.400243	-5.550248952	42.82839993	1086.254203	-8.9631828	98.49670292	1295.661137	-114.2840815	88.26177788	1273.395699	-100.0911204	88.15359865	1232.204998	-11.36562773	115.4604925	1256.224982	94.05387505	42.66984076	700.4731902	137.4264209	43.56416391	958.0819196	94.04784445	33.91226276	915.3617438	200.6699497	31.22300863	890.6728969	187.832599	45.34551792	853.8459741	88.83397346	45.56999174	879.4144185
951	9.5	-21.73642838	994.4829525	968.593448	240.9541752	997.1126431	975.7933561	109.0722198	1016.153301	783.5605984	-87.04790187	767.4359337	950.9691498	61.70349916	534.3507379	1085.499801	-74.2705497	535.4516916	1074.343601	-77.43410576	666.4016972	1000.9406	4.010427258	762.2839382	1085.414956	282.1808682	808.5519961	876.9256087	88.94590373	516.7188392	873.2159054	216.8924429	497.7035432	864.4430375	246.4958295	654.4283709	876.6598634	199.6634767	719.4583331	999.172798	-75.58042866	490.9040184	1082.284672	15.98851419	134.5128409	1181.392195	-62.00640732	102.9439137	1146.221414	-24.53211158	453.7338168	1160.533113	-91.01670687	406.6182461	1086.830128	216.8544729	458.5780271	857.0530333	64.40280593	94.54729539	796.1903267	152.0535568	84.14918852	763.0439158	160.6452542	413.6684327	906.2589956	217.6599988	384.0210974	844.129571	-42.69901474	131.883523	1344.070612	-5.375869542	42.73930505	1102.557778	-6.471493771	103.1873942	1310.723831	-111.9655814	92.42306441	1289.664602	-98.11956261	91.29943895	1248.366546	-9.221516311	119.217094	1270.926626	94.03721972	42.77367914	700.5090287	137.4170367	43.51456088	958.0695306	94.04459597	33.86666558	915.3854837	200.6537885	31.21358599	890.6760794	187.8307593	45.38643392	853.8853837	88.80667635	45.53818874	879.4457173
952	9.51	-21.90806193	993.8474036	973.1094934	240.769673	996.5083857	979.419882	108.2733249	1015.651123	787.5737962	-87.46860539	766.9934576	955.3730523	62.45004466	533.6616751	1089.229379	-73.40640924	534.7839705	1078.782124	-77.23037304	665.6864463	1005.428478	4.647837059	761.6476214	1089.387151	281.8395094	808.1901851	879.9585784	88.61713308	516.5126607	875.2448193	216.5626102	497.454427	866.2912972	246.1612898	654.1451869	879.1172043	199.3626911	718.7212027	1001.88234	-74.69768536	489.97301	1087.76725	17.34377234	136.0379864	1194.796281	-60.93522925	103.5548805	1161.001727	-23.2763577	454.7906981	1166.580333	-90.35342277	405.952704	1094.486239	216.5238483	458.3305858	858.688296	64.27912865	94.46993638	796.2850212	151.9811053	84.28863611	763.2623049	160.3443658	413.1857146	907.6711061	217.4127348	384.0465506	845.6948049	-39.89925383	137.2571502	1357.983336	-5.096340454	42.76974526	1118.160605	-3.960033195	107.7764721	1325.008499	-109.6254582	96.53449237	1305.205832	-96.11260893	94.43445001	1263.796009	-7.074577259	122.9224166	1284.91897	94.00212881	42.91095122	700.5271161	137.4440177	43.52340614	958.1302112	94.05074134	33.8194789	915.4094323	200.6734723	31.2480362	890.7127251	187.8267662	45.42704217	853.9344311	88.78300749	45.53577318	879.4804246
953	9.52	-22.11511234	993.2108727	977.7061233	240.5673379	995.8895252	983.126503	107.4213682	1015.136882	791.6715203	-87.89772807	766.3043911	959.8377056	63.23613626	532.7917299	1092.730874	-72.59920527	534.1754233	1082.947647	-77.06017582	664.9668065	1009.869871	5.26377549	760.9022101	1093.362673	281.4768252	807.8365486	883.0229847	88.28507681	516.2613414	877.3586388	216.2594156	497.217387	868.2066957	245.8189019	653.7554751	881.513175	199.0959902	717.9541198	1004.631477	-73.8719172	489.1020201	1092.975401	18.68238826	137.5628199	1207.535353	-59.86465587	104.253886	1175.105312	-22.02876024	455.6886221	1172.313926	-89.66710072	405.2832767	1101.806079	216.2155992	458.0683593	860.3388514	64.19318681	94.38872364	796.3859024	151.9339826	84.41251137	763.4246916	160.1033115	412.6907042	909.1228189	217.1908735	384.0459652	847.2612252	-37.11544784	142.4718003	1371.12509	-4.639375579	42.78174597	1133.130824	-1.476464416	112.2731902	1338.539563	-107.2873121	100.5450283	1319.980255	-94.13842606	97.5026874	1278.468712	-4.97242762	126.5057593	1298.162058	93.94953259	43.03976038	700.5197793	137.4879763	43.5838851	958.2343667	94.0627086	33.78162273	915.4351323	200.7013764	31.2774547	890.7361667	187.8220529	45.44317631	853.9696235	88.76606798	45.55365664	879.5211069
954	9.53	-22.37117407	992.5993723	982.3733324	240.3422442	995.2649011	986.9147841	106.5313083	1014.608425	795.857837	-88.19739983	765.3489555	964.4362768	64.09722224	531.8150936	1096.106736	-71.80575872	533.5137398	1086.838172	-76.88518436	664.2070637	1014.255501	5.853907093	760.0527337	1097.369965	281.0462457	807.5168907	886.1070075	87.98210149	515.885724	879.4774881	215.9724335	496.9724096	870.1282137	245.4676354	653.3345051	883.8967419	198.8713107	717.1689363	1007.449387	-73.05480239	488.1663566	1097.912149	19.95012358	139.0635411	1219.6206	-58.91680924	105.0914691	1188.552468	-20.74812329	456.3833255	1177.675417	-88.93646952	404.5946804	1108.758142	215.9491349	457.8235613	862.0341966	64.15000841	94.33609713	796.516369	151.9085372	84.51343155	763.5036128	159.9133728	412.1939616	910.6084892	216.9676518	383.9400683	848.6932988	-34.41015016	147.4652316	1383.480312	-4.119042315	42.72095455	1147.432453	0.914632476	116.6063102	1351.290754	-105.0238061	104.4206003	1333.927429	-92.25191766	100.4719439	1292.345816	-2.956421286	129.9197279	1310.624481	93.89064333	43.1498573	700.4774443	137.5241392	43.63379289	958.3127409	94.07740374	33.76218695	915.4638703	200.7184557	31.25954902	890.7148116	187.8168887	45.40551065	853.9583176	88.75848336	45.56636575	879.5643404
955	9.54	-22.66587705	992.0208532	987.1132394	240.0906196	994.6370457	990.7729303	105.6208737	1014.088862	800.1291962	-88.43849343	764.338301	969.069116	65.0292836	530.7798396	1099.408616	-70.98209406	532.7967218	1090.49646	-76.68725348	663.3821064	1018.58986	6.419960737	759.1040835	1101.443721	280.5208825	807.2512219	889.2071093	87.71718728	515.4066442	881.6072339	215.6807918	496.714388	872.0334462	245.1026954	653.001737	886.3787247	198.6761368	716.3785612	1010.359635	-72.19595953	487.1458016	1102.631449	21.13678884	140.4357136	1230.98595	-58.13131901	105.9777807	1201.260364	-19.42316023	456.8705636	1182.684901	-88.15456499	403.8796401	1115.342725	215.7060527	457.6139467	863.7744131	64.1201221	94.32123183	796.6800161	151.8895722	84.60410406	763.5301014	159.7457835	411.6956823	912.1229281	216.7371123	383.7224726	849.9666793	-31.85133504	152.1710617	1395.020106	-3.633589587	42.60153536	1160.907898	3.166407317	120.6419924	1363.195051	-102.8987161	108.1462031	1346.987602	-90.48311663	103.3355277	1305.371629	-1.064051916	133.1399	1322.304424	93.8514538	43.25452903	700.4199837	137.5491612	43.64041045	958.3424998	94.09542345	33.75594783	915.4945501	200.7280212	31.20627088	890.6589954	187.8141068	45.34167505	853.9216724	88.75987621	45.56086435	879.6027862
956	9.55	-22.98106985	991.4715716	991.9445404	239.8126778	994.0037341	994.678809	104.684264	1013.595515	804.4776838	-88.69888626	763.4984087	973.6626546	65.98888766	529.6876893	1102.614059	-70.13197655	532.0911385	1093.996433	-76.47177205	662.4917578	1022.886272	6.953138807	758.0687141	1105.605374	279.9613939	806.9924256	892.3381266	87.45708463	514.9271449	883.8134165	215.3653282	496.4432327	873.9343416	244.7218295	652.7856536	889.0040058	198.4799895	715.5789585	1013.36007	-71.30939453	486.1259249	1107.207996	22.27769098	141.5886112	1241.567676	-57.40527428	106.7943949	1213.138068	-18.09012288	457.1826619	1187.43186	-87.33874541	403.1213168	1121.579073	215.4428101	457.428276	865.5396486	64.05716872	94.30657699	796.8424885	151.8617349	84.71123813	763.5953396	159.5674157	411.1933387	913.6688849	216.4885621	383.4001214	851.1063383	-29.4859417	156.5206948	1405.721263	-3.197651327	42.50434087	1173.405517	5.257892462	124.313957	1374.237086	-100.9280733	111.684494	1359.117307	-88.84100684	106.0799664	1317.501033	0.691060152	136.127254	1333.205464	93.83701784	43.35858181	700.3975338	137.5678792	43.62343064	958.3510951	94.11680151	33.74628156	915.5252806	200.7379659	31.1574695	890.6018099	187.8170104	45.30065314	853.9015094	88.76330748	45.5434748	879.6365343
957	9.56	-23.30541877	990.9447306	996.8886473	239.5186775	993.3580754	998.6188661	103.6971144	1013.124877	808.9028786	-88.93735653	762.8061538	978.2955847	66.9230086	528.5350242	1105.700273	-69.24670116	531.2692385	1097.405324	-76.23295225	661.5431229	1027.159638	7.442815772	756.965831	1109.853346	279.4633973	806.6492366	895.507804	87.16032351	514.5123461	886.1248821	215.0119515	496.1730934	875.881255	244.3206372	652.5829712	891.699447	198.2555217	714.7514115	1016.425638	-70.43958056	485.106291	1111.6576	23.40491149	142.5225273	1251.368745	-56.61786468	107.5005093	1224.160673	-16.79722812	457.3341188	1191.970001	-86.52331068	402.2860876	1127.478102	215.1265542	457.2321595	867.3219494	63.95075144	94.288075	797.0009667	151.8163245	84.85461352	763.7766912	159.3468725	410.6867839	915.2582742	216.2063038	383.0842917	852.2990542	-27.32804888	160.4508414	1415.588836	-2.73847273	42.46899405	1184.959401	7.183900258	127.6274362	1384.457257	-99.09556949	114.950479	1370.287301	-87.30588805	108.6295628	1328.699124	2.333973609	138.8198834	1343.319507	93.80180629	43.43953295	700.4470902	137.5823171	43.61019953	958.3681141	94.13685693	33.7195361	915.5544505	200.7477142	31.12747157	890.5563743	187.8212293	45.29357994	853.9067649	88.76442203	45.51548356	879.6747967
958	9.57	-23.63344225	990.4282729	1001.953625	239.2258447	992.6922903	1002.603744	102.6537244	1012.663899	813.4151055	-89.10469528	762.0461714	983.0775814	67.79145965	527.3245883	1108.682813	-68.29774567	530.0679887	1100.816679	-75.96580857	660.5610132	1031.433239	7.893007925	755.8100421	1114.173213	279.0357546	806.1856717	898.7073995	86.78523184	514.1499749	888.4993766	214.6147462	495.912304	877.9189379	243.8887909	652.2764601	894.3751384	197.994513	713.8821617	1019.528543	-69.62732422	484.0170847	1115.956178	24.53135374	143.2790088	1260.420461	-55.74403846	108.0694458	1234.315524	-15.57841108	457.3113164	1196.297502	-85.7513602	401.3569493	1133.052267	214.7197937	456.9827451	869.1143354	63.82743164	94.2877076	797.181056	151.746896	85.02156304	764.0353585	159.0568191	410.1714717	916.8970788	215.878728	382.9466085	853.8012418	-25.35881117	163.9022053	1424.639092	-2.123857546	42.39939701	1195.727903	8.961029028	130.5550343	1393.872287	-97.37538572	117.8285552	1380.482333	-85.83782627	110.8681471	1338.941128	3.905895942	141.1559889	1352.632933	93.71261479	43.48593389	700.5495171	137.5931545	43.60602835	958.4018594	94.15055593	33.67552718	915.5827619	200.7489584	31.10689601	890.5184225	187.8174945	45.31130884	853.9308635	88.78224166	45.46261558	879.7273792
959	9.58	-23.96109138	989.9053576	1007.137776	238.9420327	992.0012808	1006.651518	101.5647614	1012.20587	818.0250087	-89.2038844	761.1763499	988.0217077	68.5672607	526.0561726	1111.604368	-67.34149662	528.4681145	1104.337478	-75.69179408	659.5666341	1035.728009	8.311236754	754.6066793	1118.554506	278.6095414	805.6496315	901.9384801	86.28528467	513.7723334	890.8515883	214.1758781	495.640285	880.0356662	243.4197728	651.8620977	897.0378066	197.7018603	712.9749738	1022.656167	-68.89325158	482.8306	1120.096304	25.66612704	143.8562194	1268.716256	-54.83216707	108.4176779	1243.556309	-14.45776334	457.0973216	1200.413512	-85.05903471	400.3465544	1138.325532	214.2226689	456.6842248	870.9360937	63.71038427	94.27723232	797.3702772	151.6479196	85.1791989	764.2596472	158.6873986	409.6337452	918.5627152	215.4989533	382.9760497	855.592145	-23.53344501	166.808653	1432.867497	-1.289316531	42.11372263	1205.795688	10.63424225	133.0194699	1402.449289	-95.73674312	120.208524	1389.697754	-84.40006604	112.7033521	1348.215526	5.437096529	143.0686897	1361.112156	93.61295634	43.53135393	700.6519542	137.6005568	43.60119946	958.4455792	94.15756416	33.62225653	915.6143804	200.7363639	31.07968354	890.4825503	187.8027679	45.35158802	853.9753689	88.84809471	45.38722117	879.8012961
960	9.59	-24.28788497	989.3620136	1012.438967	238.6604087	991.282276	1010.767406	100.418847	1011.760569	822.7323803	-89.3291292	760.2965725	993.0058437	69.23509071	524.7373059	1114.526985	-66.5622485	526.830265	1108.010976	-75.41459098	658.4959602	1040.031762	8.692301648	753.3625655	1123.000224	278.1345312	805.1086413	905.2230545	85.68058838	513.3038677	893.1410336	213.7004989	495.3460466	882.2007291	242.9167626	651.4421846	899.774823	197.3817107	712.0409811	1025.809776	-68.23172886	481.5522852	1124.087084	26.8105676	144.1968526	1276.201884	-53.91251098	108.446207	1251.828149	-13.45274357	456.6787185	1204.343704	-84.45473186	399.2727048	1143.315412	213.7042133	456.4023771	872.8476144	63.60016893	94.23219377	797.5530337	151.5194899	85.29967697	764.3799282	158.2595114	409.0635025	920.2089003	215.0779625	382.9880919	857.4037473	-21.79646862	169.0989048	1440.250604	-0.296544234	41.51265926	1215.028732	12.25820207	134.9429991	1410.137807	-94.14334206	122.0188463	1397.933658	-82.97214609	114.0816187	1356.516039	6.935877182	144.4805141	1368.701875	93.56747649	43.62034733	700.7258945	137.6057455	43.58884485	958.4938656	94.16095841	33.56374392	915.6526085	200.7192434	31.01354564	890.4251572	187.7802429	45.39856749	854.0296321	88.95350694	45.32462793	879.8941
961	9.6	-24.61753275	988.7910295	1017.85338	238.3720152	990.5347713	1014.947801	99.21368267	1011.328099	827.5288296	-89.61599714	759.3727763	997.8949232	69.79501343	523.3963277	1117.521417	-66.09636102	525.4868531	1111.798109	-75.12638078	657.25404	1044.31513	9.023064223	752.0919302	1127.524303	277.6047193	804.5886898	908.5784702	85.09444532	512.7605584	895.4578049	213.1938803	495.0426172	884.3923144	242.3862976	651.082551	902.617541	197.0353717	711.0873554	1028.992241	-67.6336746	480.1918879	1127.952128	27.95118198	144.2324456	1282.820525	-52.9547094	108.1083834	1259.094085	-12.56660728	456.0415641	1208.127798	-83.91443561	398.1294817	1148.017588	213.2108066	456.1795681	874.8662808	63.47487178	94.19865399	797.7604419	151.37026	85.38299175	764.4048364	157.8174737	408.4792341	921.8359597	214.6427436	382.8751654	859.0753364	-20.09907879	170.7023869	1446.770853	0.72274661	40.70991112	1223.037121	13.86656299	136.2539381	1416.898594	-92.56145947	123.2154389	1405.191841	-81.55420806	114.9563438	1363.836347	8.399726813	145.3385444	1375.370479	93.57939387	43.76698759	700.7703933	137.6124809	43.56700842	958.5476534	94.16343548	33.49960231	915.6966061	200.7092327	30.88592896	890.3227609	187.7532015	45.43289605	854.0785613	89.03511517	45.27853158	879.9849408
962	9.61	-24.95394861	988.1885675	1023.373218	238.06986	989.7615474	1019.190091	98.00119516	1010.868198	832.4057936	-90.03453807	758.3608885	1002.74738	70.25812211	522.0660133	1120.632031	-65.87619182	524.3636959	1115.614682	-74.89498234	655.9124378	1048.596584	9.289620181	750.81105	1132.13963	277.0291158	804.0782879	911.9980436	84.61204178	512.2406588	897.9143354	212.6663988	494.7424835	886.5867075	241.8324855	650.7396341	905.4897535	196.6654339	710.1202988	1032.200015	-67.10775664	478.7782573	1131.733166	29.07971559	143.9104858	1288.550533	-51.91748083	107.4174623	1265.338253	-11.78626182	455.1768105	1211.801482	-83.40213809	396.8822179	1152.414396	212.724022	455.982086	876.9156179	63.31363938	94.22230707	798.02009	151.2173712	85.48145182	764.4173743	157.4040681	407.9278371	923.5380777	214.2053419	382.6801844	860.6315911	-18.41458858	171.5468734	1452.427269	1.68420233	39.84496902	1229.569346	15.46215233	136.8779703	1422.718966	-90.98940877	123.7321209	1411.469246	-80.15202036	115.2571092	1370.164584	9.840417354	145.6122834	1381.12635	93.58827628	43.94636461	700.7959187	137.6236609	43.53097496	958.6052908	94.16560641	33.43354247	915.7444488	200.7029381	30.75686041	890.2239529	187.7276511	45.47601435	854.1415116	89.03363132	45.19366362	880.0504122
963	9.62	-25.30185088	987.5484598	1028.990194	237.7432458	988.9691169	1023.49789	96.81722273	1010.361608	837.359418	-90.36139192	757.421279	1007.781921	70.63987599	520.7630425	1123.862048	-65.72369861	523.1798609	1119.399072	-74.8265869	654.67014	1052.938173	9.479144732	749.5329196	1136.85055	276.4133205	803.5744332	915.4640689	84.18043425	511.7836796	900.4763021	212.1355827	494.4601294	888.7713019	241.2602363	650.3761823	908.3353207	196.2788292	709.1509702	1035.434427	-66.66098082	477.347165	1135.467742	30.20316053	143.1865217	1293.390519	-50.80250019	106.4359482	1270.583743	-11.09187463	454.0846785	1215.388157	-82.89791028	395.5136084	1156.512748	212.2408978	455.7686241	878.9119022	63.12487627	94.28139886	798.3100058	151.0696318	85.66084161	764.5242646	157.031135	407.4261101	925.3646588	213.7550197	382.4921976	862.1444436	-16.74661778	171.5710656	1457.230887	2.618036827	38.82040333	1234.83895	17.03239191	136.7616649	1427.60948	-89.47084669	123.4736509	1416.754202	-78.75495227	114.9073985	1375.484748	11.27857433	145.2548186	1385.978707	93.5309125	44.11368444	700.8288896	137.6384848	43.47685938	958.6606978	94.16998511	33.37383095	915.7963606	200.6907726	30.73437611	890.2227112	187.7108897	45.54954784	854.2359186	88.95751988	45.05263594	880.0939355
964	9.63	-25.67183608	986.8610283	1034.702098	237.3808924	988.1644857	1027.8788	95.61367053	1009.862044	842.3979374	-90.48710571	756.7336983	1013.090784	70.95599243	519.4885192	1127.197373	-65.51993895	521.7763052	1123.146372	-74.93974766	653.5967266	1057.383775	9.583855212	748.2583887	1141.653651	275.7594026	803.0954697	918.9700898	83.7173192	511.3568885	903.0365901	211.6171631	494.2134048	890.9474062	240.679963	650.0318793	911.1854818	195.8939945	708.1996621	1038.738266	-66.29638079	475.9150948	1139.171826	31.33574479	142.0108072	1297.323073	-49.63979281	105.1974435	1274.860931	-10.46666681	452.7649112	1218.900496	-82.40529421	394.0500257	1160.35692	211.7900665	455.5573888	880.8486129	62.93943483	94.32991592	798.5899857	150.9212079	85.92599449	764.7354907	156.6814621	406.936438	927.2124948	213.2969688	382.3820394	863.6949769	-15.11611473	170.7417779	1461.194593	3.583042401	37.4869992	1239.007669	18.56602228	135.8831857	1431.57999	-88.02905895	122.3903554	1421.032915	-77.349153	113.8573914	1379.777265	12.71356553	144.229372	1389.925984	93.40676522	44.24720194	700.8919141	137.655297	43.40905135	958.7115326	94.18810565	33.32774135	915.8549429	200.67216	30.8220154	890.3216639	187.704485	45.61704314	854.3268821	88.87358344	44.91968859	880.1406026
965	9.64	-26.07959051	986.1179865	1040.514631	236.9744039	987.3484659	1032.33365	94.30856406	1009.434367	847.5382137	-90.61379073	756.2362385	1018.521203	71.21370745	518.2364722	1130.624172	-65.35977673	520.2550261	1126.889738	-75.15091089	652.5882721	1061.945071	9.601785669	746.9685125	1146.53354	275.0741761	802.6511156	922.5176369	83.20426474	510.9582383	905.5660939	211.1187918	494.007917	893.1149087	240.101933	649.7354481	914.0656139	195.5464141	707.2971966	1042.206966	-66.06805311	474.510702	1142.857984	32.49493567	140.3528942	1300.319232	-48.44837028	103.6037236	1278.124504	-9.897044995	451.2061504	1222.34046	-81.93182318	392.5101809	1163.97967	211.3595347	455.3885448	882.7621767	62.79100625	94.35807913	798.8417567	150.7818887	86.23379326	764.9543694	156.343002	406.4254182	928.9709268	212.8778403	382.3870624	865.3426524	-13.53405864	169.0295034	1464.308872	4.621757442	35.91358406	1241.803166	20.06405627	134.2135443	1434.60989	-86.60248315	120.5273918	1424.28865	-75.93809894	112.0731382	1383.001768	14.13070012	142.5249901	1392.955729	93.27445279	44.36574784	700.9764074	137.6750639	43.3390813	958.7627014	94.23872412	33.30108696	915.922887	200.6563298	30.91268152	890.4261323	187.7035016	45.63325523	854.37615	88.83745138	44.85729128	880.2030223
966	9.65	-26.54134736	985.3160832	1046.435661	236.5140757	986.516553	1036.858028	92.85790196	1009.083462	852.7896195	-90.9866532	755.6868246	1023.927805	71.40836169	517.000832	1134.127252	-65.43745527	518.8640384	1130.685997	-75.33649666	651.514121	1066.587088	9.532988955	745.6337815	1151.459053	274.3699863	802.2316046	926.0992694	82.67209824	510.6118961	908.0986175	210.646996	493.8328874	895.2699835	239.5276216	649.4522393	916.9425102	195.2723549	706.4680621	1045.919301	-66.01429763	473.1420383	1146.539536	33.68831819	138.2359767	1302.353088	-47.22671588	101.5241442	1280.268667	-9.366019783	449.38767	1225.696192	-81.46619199	390.867394	1167.362165	210.9196377	455.2709685	884.6746941	62.70646623	94.41005337	799.0860458	150.6713857	86.5528285	765.1074656	156.0145836	405.8758814	930.6174529	212.5582811	382.4885226	867.0459407	-11.98723531	166.3848499	1466.520217	5.764562586	34.12294107	1243.112524	21.55509462	131.691183	1436.638609	-85.11186374	117.9315186	1426.495181	-74.52514073	109.5448125	1385.11948	15.54087916	140.1109988	1395.020115	93.18566738	44.49551932	701.0537161	137.7021074	43.27564951	958.8180884	94.33351346	33.30059237	915.9980358	200.656857	30.9375109	890.4766183	187.6998702	45.58482052	854.3810822	88.86065335	44.87248842	880.2697332
967	9.66	-27.06986361	984.4557638	1052.473505	235.9913355	985.6693894	1041.456221	91.30111094	1008.723436	858.1514524	-91.61537967	754.8619735	1029.355101	71.53366644	515.7713923	1137.681138	-65.64828342	517.5871605	1134.569005	-75.41215096	650.2934591	1071.243159	9.374637783	744.2303912	1156.40413	273.6533856	801.8283374	929.7022873	82.19060955	510.2720124	910.6481072	210.214752	493.6688565	897.4033068	238.9578951	649.1502296	919.7927228	195.0725645	705.6871896	1049.818464	-66.03199895	471.7182638	1150.207434	34.90598028	135.7036641	1303.391981	-45.99634223	98.99206934	1281.255917	-8.846068006	447.2890051	1228.944354	-80.98113906	389.0784374	1170.451317	210.4881647	455.175034	886.5768994	62.70444926	94.53151405	799.364467	150.5727934	86.87959462	765.1936342	155.7154815	405.2954825	932.1980379	212.3467978	382.607773	868.6903472	-10.43891247	162.8367436	1467.788969	6.932790252	31.91866626	1243.373289	23.1011655	128.3146119	1437.652581	-83.5436267	114.6427751	1427.707036	-73.10649809	106.3817543	1386.215132	16.98435841	136.9869154	1396.101241	93.15324094	44.64065062	701.1050422	137.7432628	43.21307581	958.8703182	94.46293016	33.33724483	916.0711934	200.6892963	30.90594128	890.4853854	187.6972938	45.4641846	854.3444594	88.93525234	44.94390407	880.3229927
968	9.67	-27.66255531	983.5423804	1058.638239	235.4057284	984.8155891	1046.139977	89.7428861	1008.251032	863.6230499	-92.36922369	753.7778765	1034.795733	71.59547877	514.5211661	1141.239927	-65.69123398	516.1533208	1138.495982	-75.44623761	648.9349555	1075.92337	9.119537472	742.7421231	1161.379847	272.918646	801.4452284	933.3232888	81.82394676	509.8336576	913.1992633	209.8321916	493.5023365	899.4971518	238.4056837	648.8620765	922.6525937	194.8907482	704.8454727	1053.643649	-66.05581853	470.2109638	1153.845332	36.1156463	132.8463955	1303.539945	-44.84823503	96.25029472	1281.326847	-8.303786072	444.925312	1232.054856	-80.47281819	387.1370985	1173.226557	210.1059314	455.0649681	888.4373429	62.80637714	94.69765505	799.695834	150.4644061	87.2173747	765.2203278	155.5178485	404.7718141	933.8459575	212.1682893	382.6537961	870.1858287	-8.831858795	158.7115652	1468.296502	7.913499214	29.37510461	1243.238883	24.75557912	124.3552585	1437.909785	-81.92237345	110.9596255	1428.281855	-71.70921573	102.9184855	1386.679323	18.47800615	133.3678685	1396.438646	93.17379589	44.80580751	701.133147	137.8054551	43.13654285	958.9054712	94.59769112	33.42289079	916.1297273	200.767741	30.84112668	890.4778027	187.7251801	45.28409975	854.2800518	89.053486	45.05566278	880.3543419
969	9.68	-28.29509137	982.5960646	1064.930613	234.7635981	983.962072	1050.912891	88.21986488	1007.70365	869.201592	-93.10940625	752.816961	1039.870982	71.61348855	513.2002194	1144.727151	-65.47813062	514.445812	1142.336722	-75.66337647	647.5848053	1080.702654	8.765391214	741.1516048	1166.427731	272.1542541	801.0958415	936.9656048	81.54731587	509.2805248	915.7678346	209.4901689	493.339894	901.5341149	237.8773197	648.63763	925.5494057	194.6596034	703.8219165	1057.09409	-66.16836565	468.7337188	1157.392814	37.23004723	129.9643526	1303.37384	-43.89853236	93.67436057	1281.216145	-7.742081983	442.4357493	1234.992714	-79.99784068	385.1188262	1175.781577	209.7956314	454.9579556	890.2435969	63.02916679	94.86917263	800.0720183	150.4070081	87.55357181	765.2020206	155.4899161	404.3756441	935.6439628	211.963328	382.6194213	871.5139872	-7.099934521	154.648797	1468.66168	8.514221436	27.09091405	1243.294154	26.47308501	120.4018824	1438.07478	-80.29928955	107.4570575	1428.934236	-70.39287882	99.62921808	1387.240042	19.96496785	129.7482977	1396.703521	93.24619429	45.02730969	701.1544632	137.8915182	43.04088259	958.9166297	94.71495546	33.55429837	916.1656276	200.8943078	30.75719693	890.4683329	187.8203253	45.10213548	854.2367488	89.21604401	45.21595588	880.3659792
970	9.69	-28.93969857	981.6561305	1071.323398	234.0766129	983.1107795	1055.761281	86.63751291	1007.259651	874.8701129	-93.7431593	752.4043074	1044.098736	71.59872359	511.7452932	1148.027264	-65.22595011	512.6570357	1145.924361	-76.23485855	646.4498009	1085.560522	8.332026354	739.4414067	1171.563984	271.3509746	800.7994278	940.6234536	81.26253804	508.7332442	918.4206518	209.1627359	493.2188816	903.5247327	237.3469744	648.4676581	928.4297432	194.3975168	702.6466889	1060.190041	-66.39406801	467.3327021	1160.698909	38.12642597	127.510807	1303.920432	-43.17669879	91.61112016	1281.959647	-7.258506697	440.1324242	1237.735355	-79.64939985	383.1713213	1178.319735	209.518884	454.9132151	892.0015389	63.33710909	95.07310826	800.4561047	150.4952808	87.87520315	765.1928982	155.6132425	404.0419433	937.4809838	211.7746096	382.6292327	872.7417817	-5.210879518	151.0969253	1469.806638	8.754969037	25.71996276	1243.881107	28.07568253	116.9192604	1438.948425	-78.78492663	104.4140583	1430.364117	-69.18625324	96.76968992	1388.610716	21.34232501	126.5593223	1397.759344	93.36576555	45.34404737	701.1863624	137.9974365	42.93549449	958.9077805	94.82861609	33.70817907	916.1853733	201.0529702	30.66738851	890.4674286	187.9926074	44.96951707	854.2570483	89.42576164	45.44906113	880.3687436
971	9.7	-29.58321937	980.7583013	1077.760972	233.3631648	982.2648377	1060.65508	84.91927065	1007.031597	880.5981922	-94.33576576	752.5013611	1047.596894	71.53554342	510.1205795	1151.032291	-65.33155893	511.1635814	1149.204213	-77.0916877	645.5935081	1090.375825	7.863313186	737.6122339	1176.741359	270.507098	800.5664308	944.278168	80.89750833	508.3139362	921.2118849	208.8288896	493.1973775	905.5260056	236.7810402	648.3057638	931.216813	194.1989487	701.4908385	1063.272824	-66.71514645	465.9958013	1163.686905	38.7613683	125.7029336	1305.90868	-42.59055152	90.15621425	1284.147343	-6.997222736	438.3206099	1240.305731	-79.48803062	381.4216512	1181.018088	209.1767556	454.9569356	893.6972456	63.63670252	95.34815394	800.7812534	150.716175	88.18951294	765.2178803	155.8223647	403.6839645	939.2202928	211.6550744	382.8154244	873.9661938	-3.216449238	147.8735634	1472.359894	8.851990161	25.4725442	1244.969497	29.38776697	113.8089818	1440.939922	-77.48833843	101.5118961	1432.797072	-68.06565839	94.18303542	1391.013008	22.55274693	123.7721964	1400.069123	93.51848734	45.74892513	701.2377655	138.1142405	42.83182014	958.8875821	94.97484665	33.85891266	916.2066874	201.2203936	30.58117985	890.4811246	188.2179282	44.87255522	854.3240966	89.66233172	45.75179536	880.3777929
972	9.71	-30.2244794	979.9005253	1084.201147	232.640412	981.4253839	1065.565066	83.10908751	1006.952415	886.3554731	-94.99883096	752.7596804	1050.901311	71.4214864	508.3711986	1153.786917	-65.90362679	510.078044	1152.297948	-78.04640734	644.8941441	1095.100259	7.393666529	735.7042501	1181.909026	269.6353205	800.3788179	947.9205566	80.46068062	508.0180381	924.1137677	208.4859489	493.2780326	907.5759413	236.1805199	648.131277	933.913381	194.0924998	700.4362493	1066.530433	-67.13361475	464.7296658	1166.47754	39.22872175	124.3302967	1309.044748	-42.03425448	89.08669421	1287.399499	-6.957819169	436.9576902	1242.77857	-79.47362059	379.8511584	1183.881479	208.7354674	455.0593687	895.3331991	63.87867907	95.67845733	801.0290756	150.9806505	88.50664129	765.2493546	156.0683798	403.2984548	940.8682695	211.5863486	383.1591524	875.2222176	-1.199046463	144.6148047	1476.041882	8.966170721	25.98309625	1246.309415	30.44195172	110.7433459	1443.756526	-76.38125911	98.43234206	1435.892574	-66.9893308	91.62316522	1394.084424	23.64194397	121.1054404	1403.305297	93.68697661	46.19876897	701.3044975	138.2341448	42.73295668	958.8631472	95.16018695	33.99845121	916.2380137	201.384365	30.49960126	890.5061339	188.4638748	44.77244403	854.3964111	89.89839646	46.08755617	880.3983855
