LG_Sit_Stand_Walk03																		
version=1																		
nRows=3860																		
nColumns=19																		
inDegrees=yes																		
endheader																		
time	ground_force2_vx	ground_force2_vy	ground_force2_vz	ground_force2_px	ground_force2_py	ground_force2_pz	ground_torque2_x	ground_torque2_y	ground_torque2_z	ground_force1_vx	ground_force1_vy	ground_force1_vz	ground_force1_px	ground_force1_py	ground_force1_pz	ground_torque1_x	ground_torque1_y	ground_torque1_z
3.19	8.740185	109.53978	-0.068674	0.215914	0	-0.345714	3.00E-06	1.066607	0	0	0	0	-0.13	0	0.305	0	0	0
3.191	8.740185	109.53978	-0.61727	0.21713	0	-0.351086	3.00E-06	1.184499	1.00E-06	0	0	0	-0.13	0	0.305	0	0	0
3.192	8.740185	111.272491	-0.068674	0.21713	0	-0.345714	3.00E-06	1.184499	1.00E-06	0	0	0	-0.13	0	0.305	0	0	0
3.193	8.978067	112.125717	-0.068874	0.21713	0	-0.345588	2.00E-06	1.184499	1.00E-06	0	0	0	-0.13	0	0.305	0	0	0
3.194	8.978067	112.125717	-0.068874	0.215908	0	-0.345588	2.00E-06	1.249167	2.00E-06	0	0	0	-0.13	0	0.305	0	0	0
3.195	8.74235	113.67363	-0.068874	0.217374	0	-0.344584	2.00E-06	1.249167	2.00E-06	0	0	0	-0.13	0	0.305	0	0	0
3.196	8.588089	113.67363	-0.303867	0.217374	0	-0.345729	0	1.135921	2.00E-06	0	0	0	-0.13	0	0.305	0	0	0
3.197	8.588089	113.67363	0.009575	0.217374	0	-0.345729	0	1.135921	2.00E-06	0	0	0	-0.13	0	0.305	0	0	0
3.198	8.588089	113.500793	-0.147005	0.218122	0	-0.346075	1.00E-06	1.135921	2.00E-06	0	0	0	-0.13	0	0.305	0	0	0
3.199	8.743792	112.121048	-0.147005	0.219005	0	-0.348101	2.00E-06	1.030611	2.00E-06	0	0	0	-0.13	0	0.305	0	0	0
3.2	9.05736	112.114883	-0.382318	0.219005	0	-0.350333	1.00E-06	1.030611	1.00E-06	0	0	0	-0.13	0	0.305	0	0	0
3.201	9.05736	112.121048	-0.382318	0.216827	0	-0.350333	0	1.030611	1.00E-06	0	0	0	-0.13	0	0.305	0	0	0
3.202	9.05736	113.493835	-0.382318	0.21571	0	-0.349819	0	1.035448	1.00E-06	0	0	0	-0.13	0	0.305	0	0	0
3.203	8.900215	113.493835	-0.85218	0.21571	0	-0.347433	1.00E-06	1.035448	1.00E-06	0	0	0	-0.13	0	0.305	0	0	0
3.204	8.588089	113.682114	-0.85218	0.216602	0	-0.347205	1.00E-06	1.067907	1.00E-06	0	0	0	-0.13	0	0.305	0	0	0
3.205	8.428059	112.462036	-0.77389	0.216932	0	-0.347433	1.00E-06	1.213165	1.00E-06	0	0	0	-0.13	0	0.305	0	0	0
3.206	8.588089	113.491165	-0.147085	0.217196	0	-0.348055	4.00E-06	1.109036	1.00E-06	0	0	0	-0.13	0	0.305	0	0	0
3.207	8.510239	113.157135	-0.225416	0.217196	0	-0.348055	4.00E-06	1.109036	1.00E-06	0	0	0	-0.13	0	0.305	0	0	0
3.208	8.510962	113.491165	0.087946	0.217169	0	-0.348055	0.00E+00	1.030225	2.00E-06	0	0	0	-0.13	0	0.305	0	0	0
3.209	8.510962	113.157135	-0.068756	0.216758	0	-0.346026	0	1.030225	2.00E-06	0	0	0	-0.13	0	0.305	0	0	0
3.21	8.510962	112.462807	-0.068756	0.216758	0	-0.349324	0.00E+00	1.096414	2.00E-06	0	0	0	-0.13	0	0.305	0	0	0
3.211	8.429501	112.462807	-0.225536	0.217432	0	-0.349324	1.00E-06	1.096414	2.00E-06	0	0	0	-0.13	0	0.305	0	0	0
3.212	8.429501	112.462807	-0.225536	0.217432	0	-0.350104	1.00E-06	1.045278	1.00E-06	0	0	0	-0.13	0	0.305	0	0	0
3.213	8.353815	111.948242	-0.225294	0.217266	0	-0.35035	1.00E-06	0.934382	1.00E-06	0	0	0	-0.13	0	0.305	0	0	0
3.214	8.353815	110.908752	-0.225294	0.215707	0	-0.35035	2.00E-06	0.934382	1.00E-06	0	0	0	-0.13	0	0.305	0	0	0
3.215	8.353815	110.908752	-0.225294	0.215707	0	-0.349391	2.00E-06	0.905866	2.00E-06	0	0	0	-0.13	0	0.305	0	0	0
3.216	8.825251	111.260513	-0.225336	0.216542	0	-0.349391	3.00E-06	0.946145	2.00E-06	0	0	0	-0.13	0	0.305	0	0	0
3.217	8.825251	111.429855	-0.303747	0.216542	0	-0.349391	3.00E-06	0.946145	2.00E-06	0	0	0	-0.13	0	0.305	0	0	0
3.218	8.981674	111.429855	-0.303747	0.216412	0	-0.349419	3.00E-06	1.075524	2.00E-06	0	0	0	-0.13	0	0.305	0	0	0
3.219	8.820921	111.253571	-0.068874	0.216412	0	-0.349419	2.00E-06	1.075524	2.00E-06	0	0	0	-0.13	0	0.305	0	0	0
3.22	8.822365	110.388016	0.009575	0.216412	0	-0.349419	2.00E-06	1.045393	2.00E-06	0	0	0	-0.13	0	0.305	0	0	0
3.221	8.822365	109.707993	0.009575	0.216331	0	-0.350492	2.00E-06	1.034623	2.00E-06	0	0	0	-0.13	0	0.305	0	0	0
3.222	8.822365	109.707993	0.009575	0.215826	0	-0.349204	3.00E-06	1.036981	1.00E-06	0	0	0	-0.13	0	0.305	0	0	0
3.223	8.977345	109.543686	-0.146965	0.215826	0	-0.349204	3.00E-06	1.029372	2.00E-06	0	0	0	-0.13	0	0.305	0	0	0
3.224	9.215227	111.072693	-0.147085	0.217085	0	-0.344575	1.00E-06	0.991425	2.00E-06	0	0	0	-0.13	0	0.305	0	0	0
3.225	9.215227	109.543686	-0.147085	0.217085	0	-0.344575	0	0.991425	2.00E-06	0	0	0	-0.13	0	0.305	0	0	0
3.226	9.133768	109.022568	-0.225294	0.217085	0	-0.346968	0	0.991425	1.00E-06	0	0	0	-0.13	0	0.305	0	0	0
3.227	8.823807	109.022568	-0.068756	0.217564	0	-0.34824	3.00E-06	0.986691	1.00E-06	0	0	0	-0.13	0	0.305	0	0	0
3.228	8.976622	109.02565	-0.225294	0.217564	0	-0.349808	3.00E-06	0.986691	1.00E-06	0	0	0	-0.13	0	0.305	0	0	0
3.229	8.976622	109.19342	-0.068756	0.217133	0	-0.34824	1.00E-06	0.977186	1.00E-06	0	0	0	-0.13	0	0.305	0	0	0
3.23	9.290913	109.533646	-0.147127	0.217133	0	-0.348175	1.00E-06	1.019193	1.00E-06	0	0	0	-0.13	0	0.305	0	0	0
3.231	9.604483	110.739807	0.244648	0.217133	0	-0.347957	4.00E-06	0.968046	1.00E-06	0	0	0	-0.13	0	0.305	0	0	0
3.232	9.682333	110.739807	-0.147127	0.216748	0	-0.347957	4.00E-06	0.903589	0	0	0	0	-0.13	0	0.305	0	0	0
3.233	9.682333	108.853638	-0.381918	0.216748	0	-0.347957	1.00E-06	0.903589	0	0	0	0	-0.13	0	0.305	0	0	0
3.234	9.134489	108.160858	-0.381956	0.216748	0	-0.348444	1.00E-06	0.992116	0.00E+00	0	0	0	-0.13	0	0.305	0	0	0
3.235	9.134489	108.853638	-0.381956	0.216398	0	-0.344328	1.00E-06	1.002831	0	0	0	0	-0.13	0	0.305	0	0	0
3.236	8.820921	109.035721	0.087824	0.216398	0	-0.344555	1.00E-06	1.091897	0	0	0	0	-0.13	0	0.305	0	0	0
3.237	8.820921	109.035721	0.087824	0.216631	0	-0.344467	2.00E-06	1.122638	1.00E-06	0	0	0	-0.13	0	0.305	0	0	0
3.238	8.820921	109.194984	-0.382078	0.217337	0	-0.344555	2.00E-06	1.141706	1.00E-06	0	0	0	-0.13	0	0.305	0	0	0
3.239	8.663776	109.194984	-0.382078	0.217834	0	-0.346015	2.00E-06	1.141706	2.00E-06	0	0	0	-0.13	0	0.305	0	0	0
3.24	8.507351	109.719177	0.009657	0.218309	0	-0.346015	2.00E-06	1.121864	2.00E-06	0	0	0	-0.13	0	0.305	0	0	0
3.241	8.272356	109.719177	0.009657	0.218309	0	-0.346015	2.00E-06	1.116166	1.00E-06	0	0	0	-0.13	0	0.305	0	0	0
3.242	8.507351	109.20076	-0.538778	0.21838	0	-0.346129	2.00E-06	1.111227	1.00E-06	0	0	0	-0.13	0	0.305	0	0	0
3.243	8.585924	109.20076	-0.538778	0.218141	0	-0.347337	2.00E-06	1.054092	1.00E-06	0	0	0	-0.13	0	0.305	0	0	0
3.244	8.586647	109.20076	-0.381996	0.217859	0	-0.347424	2.00E-06	1.01138	1.00E-06	0	0	0	-0.13	0	0.305	0	0	0
3.245	8.585924	109.012909	-0.381996	0.217859	0	-0.350262	2.00E-06	1.01138	1.00E-06	0	0	0	-0.13	0	0.305	0	0	0
3.246	8.586647	108.842812	-0.381996	0.217859	0	-0.350262	2.00E-06	0.965864	2.00E-06	0	0	0	-0.13	0	0.305	0	0	0
3.247	8.664497	108.842812	-0.303707	0.217946	0	-0.350763	3.00E-06	0.965864	1.00E-06	0	0	0	-0.13	0	0.305	0	0	0
3.248	8.664497	109.016373	-0.303707	0.216309	0	-0.350038	4.00E-06	0.935782	1.00E-06	0	0	0	-0.13	0	0.305	0	0	0
3.249	8.664497	109.016373	-0.225376	0.217753	0	-0.350288	3.00E-06	1.013119	1.00E-06	0	0	0	-0.13	0	0.305	0	0	0
3.25	8.820921	108.337906	-0.225376	0.216977	0	-0.350038	1.00E-06	1.032363	1.00E-06	0	0	0	-0.13	0	0.305	0	0	0
3.251	8.978786	108.337906	-0.225294	0.216977	0	-0.350288	1.00E-06	1.032363	2.00E-06	0	0	0	-0.13	0	0.305	0	0	0
3.252	9.052309	108.337906	-0.147085	0.216558	0	-0.347311	2.00E-06	1.032363	1.00E-06	0	0	0	-0.13	0	0.305	0	0	0
3.253	9.052309	107.969566	-0.225294	0.216558	0	-0.347959	2.00E-06	1.130858	1.00E-06	0	0	0	-0.13	0	0.305	0	0	0
3.254	8.822365	107.816025	-0.225416	0.218343	0	-0.347291	2.00E-06	1.130858	0	0	0	0	-0.13	0	0.305	0	0	0
3.255	8.821642	106.789238	-0.225416	0.218343	0	-0.346427	2.00E-06	1.039986	0	0	0	0	-0.13	0	0.305	0	0	0
3.256	8.821642	106.789238	0.009817	0.218509	0	-0.346427	1.00E-06	0.99886	1.00E-06	0	0	0	-0.13	0	0.305	0	0	0
3.257	8.664497	106.089157	0.401468	0.218076	0	-0.347788	1.00E-06	0.985701	1.00E-06	0	0	0	-0.13	0	0.305	0	0	0
3.258	8.510962	107.30146	0.009817	0.218934	0	-0.348987	1.00E-06	0.985701	1.00E-06	0	0	0	-0.13	0	0.305	0	0	0
3.259	8.429501	105.225876	-0.068474	0.218076	0	-0.350643	1.00E-06	0.985359	1.00E-06	0	0	0	-0.13	0	0.305	0	0	0
3.26	8.429501	105.225876	-0.068474	0.216832	0	-0.352253	2.00E-06	0.943544	1.00E-06	0	0	0	-0.13	0	0.305	0	0	0
3.261	8.429501	105.225876	0.009735	0.216832	0	-0.350643	2.00E-06	0.947883	1.00E-06	0	0	0	-0.13	0	0.305	0	0	0
3.262	8.979509	106.091843	0.009735	0.216832	0	-0.348746	2.00E-06	0.943544	1.00E-06	0	0	0	-0.13	0	0.305	0	0	0
3.263	8.979509	106.091843	0.009735	0.216756	0	-0.346651	2.00E-06	0.947883	1.00E-06	0	0	0	-0.13	0	0.305	0	0	0
3.264	9.134489	105.056961	0.166517	0.216756	0	-0.347663	2.00E-06	0.950063	1.00E-06	0	0	0	-0.13	0	0.305	0	0	0
3.265	9.137377	104.547806	0.166517	0.216458	0	-0.347663	2.00E-06	0.950063	0	0	0	0	-0.13	0	0.305	0	0	0
3.266	9.525188	105.056961	0.088106	0.217962	0	-0.347705	2.00E-06	0.853148	0	0	0	0	-0.13	0	0.305	0	0	0
3.267	9.445173	105.060814	0.088106	0.217244	0	-0.347705	2.00E-06	0.853148	1.00E-06	0	0	0	-0.13	0	0.305	0	0	0
3.268	9.445173	105.060814	0.088106	0.217244	0	-0.345143	2.00E-06	1.078749	1.00E-06	0	0	0	-0.13	0	0.305	0	0	0
3.269	9.215948	104.021317	0.009817	0.217244	0	-0.345143	2.00E-06	1.078749	1.00E-06	0	0	0	-0.13	0	0.305	0	0	0
3.27	8.899494	104.021317	-0.147005	0.217491	0	-0.345143	2.00E-06	1.084264	1.00E-06	0	0	0	-0.13	0	0.305	0	0	0
3.271	8.899494	101.790634	-0.068434	0.217491	0	-0.344921	2.00E-06	1.084264	1.00E-06	0	0	0	-0.13	0	0.305	0	0	0
3.272	8.899494	102.994499	-0.147005	0.217491	0	-0.344921	2.00E-06	1.084264	1.00E-06	0	0	0	-0.13	0	0.305	0	0	0
3.273	8.590977	102.994499	-0.225136	0.218498	0	-0.346061	2.00E-06	0.878122	1.00E-06	0	0	0	-0.13	0	0.305	0	0	0
3.274	8.743792	104.033264	-0.225136	0.218498	0	-0.346061	2.00E-06	0.878122	1.00E-06	0	0	0	-0.13	0	0.305	0	0	0
3.275	8.743792	104.895348	-0.381796	0.218428	0	-0.346061	3.00E-06	0.922885	2.00E-06	0	0	0	-0.13	0	0.305	0	0	0
3.276	9.213785	105.575378	-0.381796	0.216982	0	-0.346411	2.00E-06	0.922885	2.00E-06	0	0	0	-0.13	0	0.305	0	0	0
3.277	9.213785	105.575378	-0.381796	0.218228	0	-0.346411	2.00E-06	0.922885	0	0	0	0	-0.13	0	0.305	0	0	0
3.278	9.133047	104.204903	-0.460327	0.217717	0	-0.346043	2.00E-06	0.95399	0	0	0	0	-0.13	0	0.305	0	0	0
3.279	9.054474	104.204903	-0.460287	0.217717	0	-0.346043	3.00E-06	1.044972	1.00E-06	0	0	0	-0.13	0	0.305	0	0	0
3.28	9.054474	104.204903	-0.460327	0.217717	0	-0.346043	3.00E-06	1.044972	1.00E-06	0	0	0	-0.13	0	0.305	0	0	0
3.281	9.054474	105.400253	-0.460287	0.216512	0	-0.345118	2.00E-06	1.044972	1.00E-06	0	0	0	-0.13	0	0.305	0	0	0
3.282	8.744514	104.726784	-0.147005	0.218571	0	-0.345118	2.00E-06	1.08977	1.00E-06	0	0	0	-0.13	0	0.305	0	0	0
3.283	8.741627	104.726784	0.009897	0.218105	0	-0.343434	2.00E-06	1.08977	1.00E-06	0	0	0	-0.13	0	0.305	0	0	0
3.284	8.664497	104.726784	-0.147005	0.218295	0	-0.345347	2.00E-06	1.052876	1.00E-06	0	0	0	-0.13	0	0.305	0	0	0
3.285	8.431665	104.898811	-0.303747	0.218295	0	-0.34651	2.00E-06	1.052876	2.00E-06	0	0	0	-0.13	0	0.305	0	0	0
3.286	8.352371	104.898811	-0.303747	0.218295	0	-0.34651	1.00E-06	1.028623	2.00E-06	0	0	0	-0.13	0	0.305	0	0	0
3.287	8.352371	104.898811	-0.225094	0.219321	0	-0.346104	1.00E-06	1.006358	2.00E-06	0	0	0	-0.13	0	0.305	0	0	0
3.288	8.352371	104.891106	-0.147005	0.21864	0	-0.346104	1.00E-06	1.004476	1.00E-06	0	0	0	-0.13	0	0.305	0	0	0
3.289	8.507351	104.028992	-0.147005	0.21864	0	-0.34829	2.00E-06	0.969711	1.00E-06	0	0	0	-0.13	0	0.305	0	0	0
3.29	8.665218	104.028992	-0.146885	0.21864	0	-0.348296	2.00E-06	0.969711	1.00E-06	0	0	0	-0.13	0	0.305	0	0	0
3.291	8.665218	104.025146	-0.146885	0.217413	0	-0.348544	1.00E-06	0.906215	1.00E-06	0	0	0	-0.13	0	0.305	0	0	0
3.292	8.665218	104.199478	-0.617069	0.217698	0	-0.348544	1.00E-06	0.974377	1.00E-06	0	0	0	-0.13	0	0.305	0	0	0
3.293	7.883823	104.715225	-0.617069	0.217486	0	-0.345545	1.00E-06	1.007516	1.00E-06	0	0	0	-0.13	0	0.305	0	0	0
3.294	8.8202	104.715225	-0.538698	0.217486	0	-0.345545	2.00E-06	1.007516	1.00E-06	0	0	0	-0.13	0	0.305	0	0	0
3.295	8.8202	104.024025	-0.146845	0.21684	0	-0.345064	2.00E-06	1.044015	1.00E-06	0	0	0	-0.13	0	0.305	0	0	0
3.296	8.8202	104.024025	-0.146845	0.216249	0	-0.347321	2.00E-06	1.001298	1.00E-06	0	0	0	-0.13	0	0.305	0	0	0
3.297	8.664497	104.024025	0.088146	0.21684	0	-0.347211	4.00E-06	1.030271	1.00E-06	0	0	0	-0.13	0	0.305	0	0	0
3.298	8.510962	104.196419	-0.225294	0.216249	0	-0.347211	1.00E-06	1.030271	1.00E-06	0	0	0	-0.13	0	0.305	0	0	0
3.299	8.588089	104.3638	-0.068596	0.217787	0	-0.347211	3.00E-06	1.030271	1.00E-06	0	0	0	-0.13	0	0.305	0	0	0
3.3	8.588089	104.3638	-0.068596	0.217325	0	-0.345061	2.00E-06	1.006397	2.00E-06	0	0	0	-0.13	0	0.305	0	0	0
3.301	8.900936	104.3638	0.009857	0.218051	0	-0.344062	3.00E-06	1.006397	2.00E-06	0	0	0	-0.13	0	0.305	0	0	0
3.302	8.900936	104.017441	0.009897	0.217325	0	-0.344062	2.00E-06	1.006397	2.00E-06	0	0	0	-0.13	0	0.305	0	0	0
3.303	8.744514	104.017441	0.009857	0.21647	0	-0.345254	2.00E-06	1.025704	2.00E-06	0	0	0	-0.13	0	0.305	0	0	0
3.304	8.744514	104.017441	-0.225216	0.21647	0	-0.346639	2.00E-06	0.885912	1.00E-06	0	0	0	-0.13	0	0.305	0	0	0
3.305	8.665218	101.960007	-0.303707	0.217809	0	-0.346639	2.00E-06	0.974554	1.00E-06	0	0	0	-0.13	0	0.305	0	0	0
3.306	8.821642	103.854294	-0.303707	0.217809	0	-0.346639	2.00E-06	0.974554	1.00E-06	0	0	0	-0.13	0	0.305	0	0	0
3.307	8.821642	103.854294	-0.382036	0.217729	0	-0.345451	2.00E-06	0.974554	1.00E-06	0	0	0	-0.13	0	0.305	0	0	0
3.308	8.825251	103.854294	-0.303867	0.216445	0	-0.345451	2.00E-06	0.961111	1.00E-06	0	0	0	-0.13	0	0.305	0	0	0
3.309	9.528074	104.371559	-0.382036	0.214686	0	-0.344234	3.00E-06	0.961111	1.00E-06	0	0	0	-0.13	0	0.305	0	0	0
3.31	9.368765	103.683014	-0.303867	0.214686	0	-0.344936	1.00E-06	0.972259	1.00E-06	0	0	0	-0.13	0	0.305	0	0	0
3.311	9.368765	103.50946	-0.77389	0.215652	0	-0.344936	0	0.980662	0	0	0	0	-0.13	0	0.305	0	0	0
3.312	9.290192	103.50946	-0.303547	0.215652	0	-0.344936	0	0.980662	0	0	0	0	-0.13	0	0.305	0	0	0
3.313	8.667383	103.849258	-0.77389	0.215542	0	-0.34773	0.00E+00	1.134732	0	0	0	0	-0.13	0	0.305	0	0	0
3.314	8.898771	103.849258	-0.930552	0.215542	0	-0.346618	1.00E-06	1.134732	0	0	0	0	-0.13	0	0.305	0	0	0
3.315	8.898771	103.526428	-0.930552	0.217282	0	-0.346618	1.00E-06	1.115406	1.00E-06	0	0	0	-0.13	0	0.305	0	0	0
3.316	9.054474	103.526428	-0.773849	0.217282	0	-0.346618	1.00E-06	1.115406	2.00E-06	0	0	0	-0.13	0	0.305	0	0	0
3.317	9.054474	104.029022	-0.225336	0.218172	0	-0.34501	1.00E-06	1.040274	2.00E-06	0	0	0	-0.13	0	0.305	0	0	0
3.318	9.054474	104.891487	-0.538578	0.218172	0	-0.345769	2.00E-06	1.040274	1.00E-06	0	0	0	-0.13	0	0.305	0	0	0
3.319	8.74235	104.553978	-0.538578	0.218758	0	-0.345769	0.00E+00	1.020592	1.00E-06	0	0	0	-0.13	0	0.305	0	0	0
3.32	9.05736	104.719078	-0.538578	0.218758	0	-0.345769	1.00E-06	1.020592	1.00E-06	0	0	0	-0.13	0	0.305	0	0	0
3.321	8.89805	104.719078	-0.773849	0.219024	0	-0.345371	1.00E-06	1.075226	1.00E-06	0	0	0	-0.13	0	0.305	0	0	0
3.322	9.137377	106.609505	-0.852142	0.217334	0	-0.345371	1.00E-06	1.075226	1.00E-06	0	0	0	-0.13	0	0.305	0	0	0
3.323	9.137377	106.609505	-0.852142	0.217334	0	-0.345802	1.00E-06	0.93785	1.00E-06	0	0	0	-0.13	0	0.305	0	0	0
3.324	9.137377	106.609505	-0.382078	0.217334	0	-0.345802	1.00E-06	0.93785	1.00E-06	0	0	0	-0.13	0	0.305	0	0	0
3.325	8.900215	106.439018	-0.382078	0.21662	0	-0.345519	1.00E-06	0.974869	1.00E-06	0	0	0	-0.13	0	0.305	0	0	0
3.326	8.900215	106.439018	-0.53882	0.216976	0	-0.345519	2.00E-06	0.978952	1.00E-06	0	0	0	-0.13	0	0.305	0	0	0
3.327	8.979509	106.102646	-0.773849	0.216976	0	-0.347232	2.00E-06	1.082897	1.00E-06	0	0	0	-0.13	0	0.305	0	0	0
3.328	9.055195	106.102646	-0.53882	0.216976	0	-0.347232	2.00E-06	1.052331	1.00E-06	0	0	0	-0.13	0	0.305	0	0	0
3.329	9.055918	106.611061	-0.538778	0.216114	0	-0.343575	1.00E-06	1.052331	1.00E-06	0	0	0	-0.13	0	0.305	0	0	0
3.33	9.135212	106.955894	-0.538778	0.21596	0	-0.343575	2.00E-06	1.052331	1.00E-06	0	0	0	-0.13	0	0.305	0	0	0
3.331	9.135212	106.955894	-1.087254	0.216114	0	-0.345924	0.00E+00	1.071051	1.00E-06	0	0	0	-0.13	0	0.305	0	0	0
3.332	8.585924	106.274338	-1.087254	0.216733	0	-0.345924	1.00E-06	1.131056	1.00E-06	0	0	0	-0.13	0	0.305	0	0	0
3.333	8.585924	106.274338	-1.087254	0.21742	0	-0.345924	1.00E-06	1.156687	1.00E-06	0	0	0	-0.13	0	0.305	0	0	0
3.334	8.585924	106.274338	-0.773932	0.217521	0	-0.346574	3.00E-06	1.156687	1.00E-06	0	0	0	-0.13	0	0.305	0	0	0
3.335	8.588812	106.952019	-0.773932	0.21742	0	-0.346574	3.00E-06	1.089251	0.00E+00	0	0	0	-0.13	0	0.305	0	0	0
3.336	8.979509	106.60141	-0.538778	0.216444	0	-0.346262	1.00E-06	1.040767	1.00E-06	0	0	0	-0.13	0	0.305	0	0	0
3.337	9.133768	106.60141	-0.538778	0.216444	0	-0.346262	1.00E-06	1.015216	1.00E-06	0	0	0	-0.13	0	0.305	0	0	0
3.338	9.137377	106.60141	-0.460489	0.218005	0	-0.346262	1.00E-06	1.015216	1.00E-06	0	0	0	-0.13	0	0.305	0	0	0
3.339	9.137377	106.601776	-0.538858	0.218005	0	-0.3484	2.00E-06	1.004185	1.00E-06	0	0	0	-0.13	0	0.305	0	0	0
3.34	8.900936	106.601776	-0.617069	0.217117	0	-0.347146	2.00E-06	1.004185	1.00E-06	0	0	0	-0.13	0	0.305	0	0	0
3.341	8.900936	105.573837	-0.6954	0.216316	0	-0.347146	2.00E-06	1.004185	2.00E-06	0	0	0	-0.13	0	0.305	0	0	0
3.342	9.056639	105.223953	-0.69556	0.21595	0	-0.347146	1.00E-06	1.009486	2.00E-06	0	0	0	-0.13	0	0.305	0	0	0
3.343	9.056639	105.223953	-0.930431	0.215898	0	-0.346844	2.00E-06	1.009486	1.00E-06	0	0	0	-0.13	0	0.305	0	0	0
3.344	9.056639	105.053886	-0.85218	0.215932	0	-0.346844	2.00E-06	1.014103	1.00E-06	0	0	0	-0.13	0	0.305	0	0	0
3.345	9.05736	104.368835	-0.85218	0.215932	0	-0.346844	3.00E-06	1.014103	1.00E-06	0	0	0	-0.13	0	0.305	0	0	0
3.346	9.37093	104.368835	-0.695681	0.216021	0	-0.345293	2.00E-06	1.037194	1.00E-06	0	0	0	-0.13	0	0.305	0	0	0
3.347	9.37093	105.235954	-0.6954	0.216021	0	-0.347498	1.00E-06	1.047828	1.00E-06	0	0	0	-0.13	0	0.305	0	0	0
3.348	9.215227	105.235954	-0.61727	0.216691	0	-0.345146	1.00E-06	1.047828	1.00E-06	0	0	0	-0.13	0	0.305	0	0	0
3.349	9.215227	104.891884	-0.538898	0.21721	0	-0.345146	3.00E-06	1.032077	1.00E-06	0	0	0	-0.13	0	0.305	0	0	0
3.35	9.525188	104.728348	-0.460449	0.21721	0	-0.345146	3.00E-06	1.031618	1.00E-06	0	0	0	-0.13	0	0.305	0	0	0
3.351	9.525188	104.711731	-0.460449	0.21721	0	-0.344829	1.00E-06	1.032077	1.00E-06	0	0	0	-0.13	0	0.305	0	0	0
3.352	9.525188	104.207611	-0.538898	0.217553	0	-0.344829	1.00E-06	1.031618	1.00E-06	0	0	0	-0.13	0	0.305	0	0	0
3.353	9.447338	104.207611	-0.69548	0.217859	0	-0.344606	2.00E-06	1.046236	1.00E-06	0	0	0	-0.13	0	0.305	0	0	0
3.354	9.448057	105.764763	-0.930592	0.219496	0	-0.344606	2.00E-06	1.023381	1.00E-06	0	0	0	-0.13	0	0.305	0	0	0
3.355	9.448057	105.764763	-0.930592	0.219496	0	-0.347011	2.00E-06	1.032113	1.00E-06	0	0	0	-0.13	0	0.305	0	0	0
3.356	9.451668	106.097649	-0.930674	0.218138	0	-0.347011	1.00E-06	0.943684	1.00E-06	0	0	0	-0.13	0	0.305	0	0	0
3.357	9.451668	104.71637	-0.930674	0.21762	0	-0.346749	3.00E-06	1.029018	1.00E-06	0	0	0	-0.13	0	0.305	0	0	0
3.358	9.451668	106.097649	-1.322407	0.216331	0	-0.345745	1.00E-06	1.029018	0	0	0	0	-0.13	0	0.305	0	0	0
3.359	9.44878	105.751282	-1.322407	0.216331	0	-0.344622	1.00E-06	1.029018	0	0	0	0	-0.13	0	0.305	0	0	0
3.36	9.527351	105.751282	-1.008923	0.216561	0	-0.344015	1.00E-06	1.057255	1.00E-06	0	0	0	-0.13	0	0.305	0	0	0
3.361	9.292356	105.751282	-0.930592	0.21665	0	-0.344015	1.00E-06	1.057255	1.00E-06	0	0	0	-0.13	0	0.305	0	0	0
3.362	8.900215	105.57579	-0.774012	0.21665	0	-0.342947	3.00E-06	1.120405	1.00E-06	0	0	0	-0.13	0	0.305	0	0	0
3.363	8.900215	105.57579	-0.930592	0.21665	0	-0.342947	0.00E+00	1.120405	1.00E-06	0	0	0	-0.13	0	0.305	0	0	0
3.364	8.898771	105.57579	-1.322445	0.217482	0	-0.344397	0	1.110528	0	0	0	0	-0.13	0	0.305	0	0	0
3.365	8.740185	105.235565	-1.322445	0.217592	0	-0.344696	0.00E+00	1.110528	0	0	0	0	-0.13	0	0.305	0	0	0
3.366	8.666662	106.105766	-1.322367	0.218593	0	-0.344397	-1.00E-06	1.26	0.00E+00	0	0	0	-0.13	0	0.305	0	0	0
3.367	8.740185	106.105766	-1.087416	0.218585	0	-0.34473	3.00E-06	1.26	1.00E-06	0	0	0	-0.13	0	0.305	0	0	0
3.368	8.825251	106.788475	-0.773972	0.218585	0	-0.343951	2.00E-06	1.073732	1.00E-06	0	0	0	-0.13	0	0.305	0	0	0
3.369	8.979509	106.794647	-0.773972	0.218084	0	-0.344289	2.00E-06	1.011518	1.00E-06	0	0	0	-0.13	0	0.305	0	0	0
3.37	8.825251	108.159317	-1.165585	0.218084	0	-0.344289	2.00E-06	1.006019	1.00E-06	0	0	0	-0.13	0	0.305	0	0	0
3.371	9.135933	108.159317	-1.165585	0.218183	0	-0.344912	1.00E-06	0.975165	1.00E-06	0	0	0	-0.13	0	0.305	0	0	0
3.372	9.055918	108.159317	-1.400738	0.218368	0	-0.344912	0.00E+00	0.975165	1.00E-06	0	0	0	-0.13	0	0.305	0	0	0
3.373	9.055918	107.295311	-1.165585	0.218368	0	-0.344912	0	1.068989	1.00E-06	0	0	0	-0.13	0	0.305	0	0	0
3.374	8.590254	107.644028	-1.087334	0.21649	0	-0.344038	1.00E-06	1.068989	1.00E-06	0	0	0	-0.13	0	0.305	0	0	0
3.375	8.590254	107.644028	-1.087334	0.21649	0	-0.346893	1.00E-06	1.004827	1.00E-06	0	0	0	-0.13	0	0.305	0	0	0
3.376	8.590254	107.644028	-1.008963	0.215385	0	-0.347325	1.00E-06	1.004827	1.00E-06	0	0	0	-0.13	0	0.305	0	0	0
3.377	8.509516	106.778435	-1.008963	0.216093	0	-0.347325	1.00E-06	1.065479	1.00E-06	0	0	0	-0.13	0	0.305	0	0	0
3.378	8.509516	106.778435	-1.008963	0.216093	0	-0.345145	2.00E-06	1.100971	1.00E-06	0	0	0	-0.13	0	0.305	0	0	0
3.379	8.510239	106.446365	-1.009123	0.216093	0	-0.345145	1.00E-06	1.129806	1.00E-06	0	0	0	-0.13	0	0.305	0	0	0
3.38	9.135212	105.237099	-1.009123	0.216367	0	-0.345176	2.00E-06	1.124184	1.00E-06	0	0	0	-0.13	0	0.305	0	0	0
3.381	8.667383	105.237099	-1.009085	0.216367	0	-0.346239	1.00E-06	1.124184	1.00E-06	0	0	0	-0.13	0	0.305	0	0	0
3.382	8.667383	106.95433	-1.008923	0.216367	0	-0.345176	2.00E-06	1.096891	1.00E-06	0	0	0	-0.13	0	0.305	0	0	0
3.383	8.667383	106.95433	-0.539021	0.216737	0	-0.34487	1.00E-06	1.035521	1.00E-06	0	0	0	-0.13	0	0.305	0	0	0
3.384	8.667383	106.77729	-0.539021	0.216288	0	-0.34487	1.00E-06	1.035521	1.00E-06	0	0	0	-0.13	0	0.305	0	0	0
3.385	8.666662	105.420334	-0.930592	0.216737	0	-0.345843	1.00E-06	1.035521	2.00E-06	0	0	0	-0.13	0	0.305	0	0	0
3.386	8.590254	104.371925	-0.930592	0.216815	0	-0.345843	1.00E-06	1.049347	2.00E-06	0	0	0	-0.13	0	0.305	0	0	0
3.387	8.510239	104.371925	-0.852343	0.216815	0	-0.345843	3.00E-06	1.049347	1.00E-06	0	0	0	-0.13	0	0.305	0	0	0
3.388	8.590254	104.552826	-0.852343	0.21757	0	-0.344788	2.00E-06	1.045537	1.00E-06	0	0	0	-0.13	0	0.305	0	0	0
3.389	8.665218	104.722931	-0.930431	0.217837	0	-0.345772	3.00E-06	1.039545	1.00E-06	0	0	0	-0.13	0	0.305	0	0	0
3.39	8.90238	104.722931	-1.087294	0.217837	0	-0.345772	2.00E-06	1.007443	1.00E-06	0	0	0	-0.13	0	0.305	0	0	0
3.391	8.90238	104.722931	-1.244036	0.216224	0	-0.345772	2.00E-06	1.007443	1.00E-06	0	0	0	-0.13	0	0.305	0	0	0
3.392	8.90238	105.401421	-1.400656	0.216224	0	-0.346252	2.00E-06	1.065307	1.00E-06	0	0	0	-0.13	0	0.305	0	0	0
3.393	8.823086	105.401421	-1.322485	0.215864	0	-0.34515	3.00E-06	1.099604	1.00E-06	0	0	0	-0.13	0	0.305	0	0	0
3.394	8.668827	105.401421	-1.322485	0.214021	0	-0.34515	3.00E-06	1.099604	1.00E-06	0	0	0	-0.13	0	0.305	0	0	0
3.395	8.668827	105.56884	-1.165665	0.214021	0	-0.344898	1.00E-06	1.134568	1.00E-06	0	0	0	-0.13	0	0.305	0	0	0
3.396	8.740185	105.240204	-1.008842	0.215557	0	-0.344734	1.00E-06	1.134568	1.00E-06	0	0	0	-0.13	0	0.305	0	0	0
3.397	8.740185	105.240204	-1.165665	0.217367	0	-0.344898	3.00E-06	1.134568	1.00E-06	0	0	0	-0.13	0	0.305	0	0	0
3.398	8.740185	105.240204	-1.008842	0.217468	0	-0.34321	3.00E-06	1.133144	1.00E-06	0	0	0	-0.13	0	0.305	0	0	0
3.399	8.587368	104.378098	-1.165585	0.217468	0	-0.343009	2.00E-06	1.113646	1.00E-06	0	0	0	-0.13	0	0.305	0	0	0
3.4	8.820921	105.240204	-0.930674	0.21701	0	-0.343009	2.00E-06	1.113646	1.00E-06	0	0	0	-0.13	0	0.305	0	0	0
3.401	8.666662	105.240204	-1.087374	0.21701	0	-0.342679	2.00E-06	1.114783	1.00E-06	0	0	0	-0.13	0	0.305	0	0	0
3.402	8.666662	105.240204	-1.087374	0.217303	0	-0.34225	3.00E-06	1.114783	1.00E-06	0	0	0	-0.13	0	0.305	0	0	0
3.403	8.510962	105.409126	-1.087374	0.217321	0	-0.34225	3.00E-06	1.089394	1.00E-06	0	0	0	-0.13	0	0.305	0	0	0
3.404	8.510239	104.735687	-1.400738	0.217825	0	-0.34225	2.00E-06	1.078086	2.00E-06	0	0	0	-0.13	0	0.305	0	0	0
3.405	8.199556	104.735687	-1.400738	0.218177	0	-0.346263	2.00E-06	1.073916	1.00E-06	0	0	0	-0.13	0	0.305	0	0	0
3.406	8.199556	104.735687	-1.322367	0.218177	0	-0.346238	1.00E-06	1.028398	1.00E-06	0	0	0	-0.13	0	0.305	0	0	0
3.407	8.352371	105.416824	-1.322367	0.218177	0	-0.346238	1.00E-06	1.028398	1.00E-06	0	0	0	-0.13	0	0.305	0	0	0
3.408	8.352371	106.104202	-1.479027	0.217472	0	-0.3447	1.00E-06	1.098862	1.00E-06	0	0	0	-0.13	0	0.305	0	0	0
3.409	8.352371	106.447502	-1.479027	0.218407	0	-0.344586	1.00E-06	1.111044	1.00E-06	0	0	0	-0.13	0	0.305	0	0	0
3.41	8.120262	107.142189	-1.322607	0.217472	0	-0.343553	1.00E-06	1.111044	1.00E-06	0	0	0	-0.13	0	0.305	0	0	0
3.411	8.586647	107.142189	-1.322607	0.217687	0	-0.343251	2.00E-06	1.147372	1.00E-06	0	0	0	-0.13	0	0.305	0	0	0
3.412	8.586647	106.446358	-1.322485	0.216361	0	-0.343251	1.00E-06	1.147372	2.00E-06	0	0	0	-0.13	0	0.305	0	0	0
3.413	8.586647	106.264648	-1.322485	0.21728	0	-0.343969	4.00E-06	1.147361	2.00E-06	0	0	0	-0.13	0	0.305	0	0	0
3.414	8.040245	106.098816	-1.322485	0.216361	0	-0.344262	3.00E-06	1.112919	2.00E-06	0	0	0	-0.13	0	0.305	0	0	0
3.415	8.040245	106.264648	-1.557398	0.216814	0	-0.344262	3.00E-06	1.112919	1.00E-06	0	0	0	-0.13	0	0.305	0	0	0
3.416	7.96456	107.826462	-1.557398	0.216814	0	-0.34387	3.00E-06	1.112919	0	0	0	0	-0.13	0	0.305	0	0	0
3.417	8.507351	107.826462	-1.244114	0.217768	0	-0.34387	2.00E-06	1.158276	0	0	0	0	-0.13	0	0.305	0	0	0
3.418	8.039526	104.550514	-1.165705	0.217768	0	-0.34387	2.00E-06	1.210361	1.00E-06	0	0	0	-0.13	0	0.305	0	0	0
3.419	8.039526	104.209534	-1.165705	0.217768	0	-0.345192	2.00E-06	1.210361	1.00E-06	0	0	0	-0.13	0	0.305	0	0	0
3.42	8.039526	104.209534	-1.478987	0.219126	0	-0.345192	2.00E-06	1.082467	1.00E-06	0	0	0	-0.13	0	0.305	0	0	0
3.421	7.885265	105.934471	-1.478987	0.219126	0	-0.346515	2.00E-06	1.082467	1.00E-06	0	0	0	-0.13	0	0.305	0	0	0
3.422	8.040968	105.934471	-1.478865	0.219469	0	-0.346515	2.00E-06	1.082467	1.00E-06	0	0	0	-0.13	0	0.305	0	0	0
3.423	8.040968	104.898048	-1.244114	0.216921	0	-0.345439	3.00E-06	1.007496	1.00E-06	0	0	0	-0.13	0	0.305	0	0	0
3.424	8.513126	104.898048	-1.244114	0.216921	0	-0.345439	3.00E-06	1.007496	1.00E-06	0	0	0	-0.13	0	0.305	0	0	0
3.425	8.513126	105.232864	-1.244076	0.216919	0	-0.345755	2.00E-06	1.104031	1.00E-06	0	0	0	-0.13	0	0.305	0	0	0
3.426	8.743792	105.580368	-0.930632	0.216919	0	-0.345755	2.00E-06	1.104031	1.00E-06	0	0	0	-0.13	0	0.305	0	0	0
3.427	8.667383	106.957825	-0.930632	0.216734	0	-0.345215	2.00E-06	1.104031	1.00E-06	0	0	0	-0.13	0	0.305	0	0	0
3.428	8.823086	106.957825	-1.636011	0.215849	0	-0.345215	1.00E-06	1.007737	1.00E-06	0	0	0	-0.13	0	0.305	0	0	0
3.429	8.667383	106.273552	-1.636011	0.215849	0	-0.345215	1.00E-06	1.148687	1.00E-06	0	0	0	-0.13	0	0.305	0	0	0
3.43	8.429501	105.067009	-1.244076	0.216125	0	-0.344375	1.00E-06	1.10593	1.00E-06	0	0	0	-0.13	0	0.305	0	0	0
3.431	8.429501	105.067009	-1.009205	0.216125	0	-0.343398	2.00E-06	1.149014	1.00E-06	0	0	0	-0.13	0	0.305	0	0	0
3.432	8.433109	105.067009	-1.165665	0.216125	0	-0.343247	1.00E-06	1.10593	1.00E-06	0	0	0	-0.13	0	0.305	0	0	0
3.433	8.433109	104.543198	-1.165665	0.215295	0	-0.343247	2.00E-06	1.09914	1.00E-06	0	0	0	-0.13	0	0.305	0	0	0
3.434	8.668106	105.591202	-1.165665	0.215295	0	-0.345025	4.00E-06	0.998412	1.00E-06	0	0	0	-0.13	0	0.305	0	0	0
3.435	8.588089	105.941032	-1.009123	0.215295	0	-0.345025	4.00E-06	1.09914	1.00E-06	0	0	0	-0.13	0	0.305	0	0	0
3.436	8.588089	105.941032	-0.930473	0.216409	0	-0.344829	3.00E-06	1.136521	1.00E-06	0	0	0	-0.13	0	0.305	0	0	0
3.437	8.588089	104.213409	-0.930473	0.217245	0	-0.344829	3.00E-06	1.136521	1.00E-06	0	0	0	-0.13	0	0.305	0	0	0
3.438	8.512403	104.213409	-0.930473	0.217245	0	-0.341951	3.00E-06	1.092238	1.00E-06	0	0	0	-0.13	0	0.305	0	0	0
3.439	8.589533	105.247124	-0.930592	0.217912	0	-0.344498	1.00E-06	1.021533	2.00E-06	0	0	0	-0.13	0	0.305	0	0	0
3.44	8.589533	106.453697	-0.930592	0.217912	0	-0.341951	1.00E-06	1.021533	1.00E-06	0	0	0	-0.13	0	0.305	0	0	0
3.441	9.215948	105.247124	-1.243956	0.218466	0	-0.343911	1.00E-06	1.018372	1.00E-06	0	0	0	-0.13	0	0.305	0	0	0
3.442	9.215948	105.923691	-1.400816	0.217677	0	-0.343911	1.00E-06	1.066655	1.00E-06	0	0	0	-0.13	0	0.305	0	0	0
3.443	9.215948	105.923691	-1.479027	0.218583	0	-0.343911	3.00E-06	1.066655	1.00E-06	0	0	0	-0.13	0	0.305	0	0	0
3.444	8.980232	105.923691	-1.479027	0.217457	0	-0.345052	1.00E-06	1.076954	1.00E-06	0	0	0	-0.13	0	0.305	0	0	0
3.445	8.978786	105.93335	-1.479027	0.217457	0	-0.342217	1.00E-06	1.155147	1.00E-06	0	0	0	-0.13	0	0.305	0	0	0
3.446	8.900215	105.93335	-1.400856	0.217457	0	-0.342287	1.00E-06	1.17889	1.00E-06	0	0	0	-0.13	0	0.305	0	0	0
3.447	8.900215	106.282036	-1.322485	0.217358	0	-0.342287	2.00E-06	1.184236	1.00E-06	0	0	0	-0.13	0	0.305	0	0	0
3.448	8.900215	106.282036	-1.322367	0.2166	0	-0.342287	2.00E-06	1.255312	1.00E-06	0	0	0	-0.13	0	0.305	0	0	0
3.449	8.665218	106.959358	-1.244114	0.2166	0	-0.341585	2.00E-06	1.255312	1.00E-06	0	0	0	-0.13	0	0.305	0	0	0
3.45	8.665218	107.143356	-1.244114	0.217211	0	-0.341585	4.00E-06	1.211012	1.00E-06	0	0	0	-0.13	0	0.305	0	0	0
3.451	8.583759	107.143356	-1.244114	0.21795	0	-0.343454	4.00E-06	1.211012	1.00E-06	0	0	0	-0.13	0	0.305	0	0	0
3.452	8.509516	107.659821	-1.400698	0.218844	0	-0.343873	1.00E-06	1.211012	1.00E-06	0	0	0	-0.13	0	0.305	0	0	0
3.453	8.509516	108.177856	-1.400816	0.218844	0	-0.343873	1.00E-06	1.170823	1.00E-06	0	0	0	-0.13	0	0.305	0	0	0
3.454	8.509516	108.177856	-1.400816	0.217986	0	-0.343169	2.00E-06	1.170823	1.00E-06	0	0	0	-0.13	0	0.305	0	0	0
3.455	8.352371	108.177856	-1.400698	0.217986	0	-0.343169	2.00E-06	1.140346	1.00E-06	0	0	0	-0.13	0	0.305	0	0	0
3.456	8.433109	107.484344	-1.165745	0.218491	0	-0.342515	0	1.140346	1.00E-06	0	0	0	-0.13	0	0.305	0	0	0
3.457	8.433109	106.970161	-1.400698	0.219034	0	-0.343814	0	1.140346	1.00E-06	0	0	0	-0.13	0	0.305	0	0	0
3.458	8.433109	106.970161	-1.400656	0.218491	0	-0.343814	3.00E-06	1.084119	1.00E-06	0	0	0	-0.13	0	0.305	0	0	0
3.459	8.431665	106.274696	-1.400656	0.217667	0	-0.344878	3.00E-06	1.077706	1.00E-06	0	0	0	-0.13	0	0.305	0	0	0
3.46	8.431665	106.96785	-1.322445	0.2172	0	-0.344878	3.00E-06	1.058058	1.00E-06	0	0	0	-0.13	0	0.305	0	0	0
3.461	7.96456	106.96785	-1.322445	0.2172	0	-0.344878	3.00E-06	1.058058	1.00E-06	0	0	0	-0.13	0	0.305	0	0	0
3.462	8.512403	107.132553	-1.635809	0.216978	0	-0.34368	3.00E-06	1.058058	1.00E-06	0	0	0	-0.13	0	0.305	0	0	0
3.463	8.664497	108.172073	-1.635809	0.217401	0	-0.34368	1.00E-06	1.135689	1.00E-06	0	0	0	-0.13	0	0.305	0	0	0
3.464	8.664497	107.132553	-1.087454	0.21752	0	-0.34368	1.00E-06	1.135689	1.00E-06	0	0	0	-0.13	0	0.305	0	0	0
3.465	8.664497	106.790771	-0.774094	0.217987	0	-0.346331	1.00E-06	1.139245	1.00E-06	0	0	0	-0.13	0	0.305	0	0	0
3.466	8.900936	106.790771	-1.087454	0.217934	0	-0.346331	3.00E-06	1.096774	1.00E-06	0	0	0	-0.13	0	0.305	0	0	0
3.467	8.900936	106.101112	-1.244076	0.217934	0	-0.345195	3.00E-06	1.139245	1.00E-06	0	0	0	-0.13	0	0.305	0	0	0
3.468	8.744514	105.92601	-1.244076	0.21777	0	-0.345195	3.00E-06	1.096774	1.00E-06	0	0	0	-0.13	0	0.305	0	0	0
3.469	8.744514	105.92601	-0.852423	0.21777	0	-0.344403	1.00E-06	1.149295	0	0	0	0	-0.13	0	0.305	0	0	0
3.47	8.744514	106.092644	-0.773972	0.21777	0	-0.344364	1.00E-06	1.102121	0	0	0	0	-0.13	0	0.305	0	0	0
3.471	8.744514	106.092644	-0.85218	0.218111	0	-0.344364	1.00E-06	1.102121	0.00E+00	0	0	0	-0.13	0	0.305	0	0	0
3.472	8.744514	106.092644	-0.85218	0.218241	0	-0.344482	1.00E-06	1.102121	0	0	0	0	-0.13	0	0.305	0	0	0
3.473	8.665941	105.239029	-0.85218	0.218241	0	-0.344929	0.00E+00	1.049296	0	0	0	0	-0.13	0	0.305	0	0	0
3.474	8.741627	105.408745	-1.243996	0.219111	0	-0.344929	3.00E-06	1.164098	0.00E+00	0	0	0	-0.13	0	0.305	0	0	0
3.475	8.741627	105.408745	-1.243996	0.219111	0	-0.344929	3.00E-06	1.049296	0	0	0	0	-0.13	0	0.305	0	0	0
3.476	9.060968	105.408745	-1.243996	0.219111	0	-0.346847	3.00E-06	1.069508	0	0	0	0	-0.13	0	0.305	0	0	0
3.477	9.060968	105.930252	-1.009085	0.216541	0	-0.343543	3.00E-06	1.069508	2.00E-06	0	0	0	-0.13	0	0.305	0	0	0
3.478	8.901659	105.930252	-1.008963	0.216541	0	-0.345381	3.00E-06	1.069508	2.00E-06	0	0	0	-0.13	0	0.305	0	0	0
3.479	8.901659	105.930252	-1.008963	0.216541	0	-0.345381	2.00E-06	1.115637	2.00E-06	0	0	0	-0.13	0	0.305	0	0	0
3.48	8.979509	105.597763	-1.165825	0.217077	0	-0.345381	1.00E-06	1.115637	2.00E-06	0	0	0	-0.13	0	0.305	0	0	0
3.481	8.979509	105.597763	-1.165825	0.216724	0	-0.342027	1.00E-06	1.147203	2.00E-06	0	0	0	-0.13	0	0.305	0	0	0
3.482	9.135212	105.597763	-1.479227	0.216785	0	-0.342027	1.00E-06	1.153651	1.00E-06	0	0	0	-0.13	0	0.305	0	0	0
3.483	8.821642	104.916199	-1.322647	0.216785	0	-0.340504	1.00E-06	1.177838	1.00E-06	0	0	0	-0.13	0	0.305	0	0	0
3.484	8.823807	104.916199	-1.322647	0.216999	0	-0.343189	1.00E-06	1.177838	1.00E-06	0	0	0	-0.13	0	0.305	0	0	0
3.485	8.823807	104.916199	-1.009045	0.217153	0	-0.341521	1.00E-06	1.227805	1.00E-06	0	0	0	-0.13	0	0.305	0	0	0
3.486	8.898771	105.249832	-0.930714	0.217153	0	-0.341521	1.00E-06	1.227805	1.00E-06	0	0	0	-0.13	0	0.305	0	0	0
3.487	8.898771	106.277428	-0.852383	0.217153	0	-0.341521	3.00E-06	1.227805	1.00E-06	0	0	0	-0.13	0	0.305	0	0	0
3.488	9.056639	106.277428	-0.852303	0.218561	0	-0.340082	3.00E-06	1.162938	0.00E+00	0	0	0	-0.13	0	0.305	0	0	0
3.489	9.134489	106.963211	-0.852383	0.218696	0	-0.341921	1.00E-06	1.103277	1.00E-06	0	0	0	-0.13	0	0.305	0	0	0
3.49	9.134489	106.963211	-1.087454	0.21959	0	-0.341526	1.00E-06	1.103277	1.00E-06	0	0	0	-0.13	0	0.305	0	0	0
3.491	8.978786	107.151062	-1.087454	0.21959	0	-0.34413	1.00E-06	1.095295	2.00E-06	0	0	0	-0.13	0	0.305	0	0	0
3.492	8.744514	107.659431	-0.930632	0.219384	0	-0.343248	2.00E-06	1.095295	1.00E-06	0	0	0	-0.13	0	0.305	0	0	0
3.493	8.744514	107.659431	-0.930632	0.219384	0	-0.34413	2.00E-06	1.099617	1.00E-06	0	0	0	-0.13	0	0.305	0	0	0
3.494	8.744514	107.484314	-1.244156	0.219304	0	-0.344459	2.00E-06	1.105738	1.00E-06	0	0	0	-0.13	0	0.305	0	0	0
3.495	8.900215	107.484314	-1.244156	0.219258	0	-0.344459	2.00E-06	1.145497	1.00E-06	0	0	0	-0.13	0	0.305	0	0	0
3.496	8.900215	107.123291	-0.930592	0.21836	0	-0.344459	2.00E-06	1.145497	0	0	0	0	-0.13	0	0.305	0	0	0
3.497	8.900215	107.297241	-0.930592	0.218171	0	-0.345931	1.00E-06	1.133815	0	0	0	0	-0.13	0	0.305	0	0	0
3.498	8.668106	107.297241	-0.930592	0.216844	0	-0.345931	1.00E-06	1.122455	1.00E-06	0	0	0	-0.13	0	0.305	0	0	0
3.499	8.97518	107.824142	-0.61731	0.216844	0	-0.345605	1.00E-06	1.122455	1.00E-06	0	0	0	-0.13	0	0.305	0	0	0
3.5	8.668106	107.995422	-0.61731	0.216616	0	-0.344194	1.00E-06	1.270343	2.00E-06	0	0	0	-0.13	0	0.305	0	0	0
3.501	8.590254	107.824142	-0.617552	0.216616	0	-0.34391	0	1.270343	2.00E-06	0	0	0	-0.13	0	0.305	0	0	0
3.502	8.590254	106.953941	-0.617552	0.216616	0	-0.34391	0	1.174616	1.00E-06	0	0	0	-0.13	0	0.305	0	0	0
3.503	8.590254	106.953941	-0.303747	0.216007	0	-0.345506	0.00E+00	1.174616	1.00E-06	0	0	0	-0.13	0	0.305	0	0	0
3.504	8.427336	107.122902	-0.303747	0.215915	0	-0.346365	0	1.174616	1.00E-06	0	0	0	-0.13	0	0.305	0	0	0
3.505	8.427336	107.122902	-0.460489	0.215915	0	-0.345506	0.00E+00	1.113801	0.00E+00	0	0	0	-0.13	0	0.305	0	0	0
3.506	8.668827	106.455597	-0.69556	0.218872	0	-0.34356	0	1.113801	1.00E-06	0	0	0	-0.13	0	0.305	0	0	0
3.507	8.668827	106.283188	-0.69556	0.218872	0	-0.34356	0.00E+00	0.978827	0.00E+00	0	0	0	-0.13	0	0.305	0	0	0
3.508	9.215948	106.270821	-1.009045	0.218335	0	-0.343448	1.00E-06	1.014634	1.00E-06	0	0	0	-0.13	0	0.305	0	0	0
3.509	8.667383	106.270821	-0.930632	0.218335	0	-0.344279	1.00E-06	1.014634	0.00E+00	0	0	0	-0.13	0	0.305	0	0	0
3.51	8.743792	104.719437	-0.930632	0.217633	0	-0.344279	1.00E-06	1.067958	1.00E-06	0	0	0	-0.13	0	0.305	0	0	0
3.511	8.743792	105.750496	-0.85218	0.217415	0	-0.345856	2.00E-06	1.067958	1.00E-06	0	0	0	-0.13	0	0.305	0	0	0
3.512	9.218115	105.411812	-0.85218	0.217415	0	-0.348091	2.00E-06	0.976315	1.00E-06	0	0	0	-0.13	0	0.305	0	0	0
3.513	9.374537	105.411812	-0.85218	0.217467	0	-0.345856	2.00E-06	0.931863	1.00E-06	0	0	0	-0.13	0	0.305	0	0	0
3.514	9.370207	105.07856	-0.852221	0.217467	0	-0.348091	3.00E-06	0.886092	1.00E-06	0	0	0	-0.13	0	0.305	0	0	0
3.515	9.370207	105.07856	-0.539021	0.216391	0	-0.344808	3.00E-06	0.931863	1.00E-06	0	0	0	-0.13	0	0.305	0	0	0
3.516	9.291636	103.515594	-0.53882	0.216391	0	-0.34758	3.00E-06	1.007533	1.00E-06	0	0	0	-0.13	0	0.305	0	0	0
3.517	9.291636	105.578476	-0.225576	0.217469	0	-0.344808	3.00E-06	1.037476	1.00E-06	0	0	0	-0.13	0	0.305	0	0	0
3.518	9.215227	106.108452	-0.225576	0.217469	0	-0.34758	2.00E-06	1.088167	1.00E-06	0	0	0	-0.13	0	0.305	0	0	0
3.519	9.447338	106.108452	-0.460527	0.217554	0	-0.343487	2.00E-06	1.090044	2.00E-06	0	0	0	-0.13	0	0.305	0	0	0
3.52	9.527351	105.770569	-0.460527	0.217554	0	-0.343245	1.00E-06	1.090044	1.00E-06	0	0	0	-0.13	0	0.305	0	0	0
3.521	9.527351	104.549759	-0.460527	0.217956	0	-0.343245	0	1.090044	1.00E-06	0	0	0	-0.13	0	0.305	0	0	0
3.522	8.978067	105.420738	-0.225256	0.219602	0	-0.340885	0	1.062942	1.00E-06	0	0	0	-0.13	0	0.305	0	0	0
3.523	8.821642	105.420738	-0.61731	0.217956	0	-0.343479	0.00E+00	1.053918	1.00E-06	0	0	0	-0.13	0	0.305	0	0	0
3.524	8.978067	106.282791	-0.77389	0.219602	0	-0.344063	2.00E-06	1.053918	1.00E-06	0	0	0	-0.13	0	0.305	0	0	0
3.525	9.05736	106.282791	-0.77389	0.218292	0	-0.344063	0.00E+00	1.090803	1.00E-06	0	0	0	-0.13	0	0.305	0	0	0
3.526	9.05736	106.280106	-0.85202	0.219667	0	-0.342072	2.00E-06	1.090803	1.00E-06	0	0	0	-0.13	0	0.305	0	0	0
3.527	9.213785	104.562485	-0.460527	0.219664	0	-0.341942	1.00E-06	1.086319	1.00E-06	0	0	0	-0.13	0	0.305	0	0	0
3.528	9.213785	105.248291	-0.85202	0.219664	0	-0.342072	2.00E-06	1.06586	2.00E-06	0	0	0	-0.13	0	0.305	0	0	0
3.529	9.213785	105.248291	-0.538738	0.217677	0	-0.342494	1.00E-06	1.06913	2.00E-06	0	0	0	-0.13	0	0.305	0	0	0
3.53	9.133047	106.272011	-0.538738	0.217405	0	-0.342494	1.00E-06	1.06913	2.00E-06	0	0	0	-0.13	0	0.305	0	0	0
3.531	9.133047	106.272011	-0.538738	0.217405	0	-0.344419	1.00E-06	1.086932	2.00E-06	0	0	0	-0.13	0	0.305	0	0	0
3.532	9.133047	106.272011	-0.617432	0.217457	0	-0.344232	1.00E-06	1.163707	1.00E-06	0	0	0	-0.13	0	0.305	0	0	0
3.533	8.585203	106.106133	-0.617432	0.217457	0	-0.344232	2.00E-06	1.185972	1.00E-06	0	0	0	-0.13	0	0.305	0	0	0
3.534	8.585203	106.800056	-0.538898	0.217457	0	-0.343551	2.00E-06	1.209106	1.00E-06	0	0	0	-0.13	0	0.305	0	0	0
3.535	8.510962	106.800056	-0.46069	0.21733	0	-0.343551	2.00E-06	1.185972	2.00E-06	0	0	0	-0.13	0	0.305	0	0	0
3.536	8.901659	106.800056	-0.538898	0.218836	0	-0.34545	2.00E-06	1.086847	2.00E-06	0	0	0	-0.13	0	0.305	0	0	0
3.537	8.743069	107.296463	-0.46069	0.218512	0	-0.34545	0.00E+00	1.086847	2.00E-06	0	0	0	-0.13	0	0.305	0	0	0
3.538	8.900215	107.657898	-0.303787	0.218836	0	-0.34545	1.00E-06	1.070411	1.00E-06	0	0	0	-0.13	0	0.305	0	0	0
3.539	8.745234	107.991928	0.166317	0.21922	0	-0.342997	1.00E-06	1.122485	1.00E-06	0	0	0	-0.13	0	0.305	0	0	0
3.54	8.900215	107.991928	-0.303787	0.21922	0	-0.344628	2.00E-06	1.070411	1.00E-06	0	0	0	-0.13	0	0.305	0	0	0
3.541	8.745234	107.308044	-0.068596	0.218362	0	-0.344628	2.00E-06	1.122485	1.00E-06	0	0	0	-0.13	0	0.305	0	0	0
3.542	8.745956	105.924843	-0.303787	0.218168	0	-0.345755	2.00E-06	1.001776	1.00E-06	0	0	0	-0.13	0	0.305	0	0	0
3.543	8.745956	105.924843	-0.303787	0.218362	0	-0.348127	1.00E-06	1.094046	1.00E-06	0	0	0	-0.13	0	0.305	0	0	0
3.544	8.745956	105.22937	-0.617392	0.218477	0	-0.349249	1.00E-06	1.094046	1.00E-06	0	0	0	-0.13	0	0.305	0	0	0
3.545	8.822365	106.089157	-0.617392	0.218477	0	-0.349249	1.00E-06	1.094046	1.00E-06	0	0	0	-0.13	0	0.305	0	0	0
3.546	8.822365	106.089157	-0.617189	0.217475	0	-0.346894	3.00E-06	1.112912	1.00E-06	0	0	0	-0.13	0	0.305	0	0	0
3.547	8.822365	106.089157	-0.46069	0.217031	0	-0.346427	3.00E-06	1.051893	1.00E-06	0	0	0	-0.13	0	0.305	0	0	0
3.548	9.213785	105.400642	-0.303787	0.217031	0	-0.346427	2.00E-06	1.112912	2.00E-06	0	0	0	-0.13	0	0.305	0	0	0
3.549	8.43383	104.889175	-0.303787	0.215939	0	-0.346066	2.00E-06	1.107557	2.00E-06	0	0	0	-0.13	0	0.305	0	0	0
3.55	8.666662	105.228226	-0.303787	0.215939	0	-0.346562	2.00E-06	1.132567	1.00E-06	0	0	0	-0.13	0	0.305	0	0	0
3.551	8.666662	105.228226	0.087906	0.215939	0	-0.344331	1.00E-06	1.107557	1.00E-06	0	0	0	-0.13	0	0.305	0	0	0
3.552	8.8202	105.228226	0.244406	0.216623	0	-0.345412	2.00E-06	1.138492	1.00E-06	0	0	0	-0.13	0	0.305	0	0	0
3.553	9.058804	104.022858	0.244608	0.216623	0	-0.344283	1.00E-06	1.064243	1.00E-06	0	0	0	-0.13	0	0.305	0	0	0
3.554	9.058804	104.022858	0.244688	0.216623	0	-0.344283	1.00E-06	0.999422	0	0	0	0	-0.13	0	0.305	0	0	0
3.555	9.058804	104.887253	0.244608	0.216373	0	-0.344283	1.00E-06	0.999422	0	0	0	0	-0.13	0	0.305	0	0	0
3.556	9.058083	104.887253	0.244688	0.219064	0	-0.346109	1.00E-06	0.916516	1.00E-06	0	0	0	-0.13	0	0.305	0	0	0
3.557	9.058083	104.887253	0.087906	0.219064	0	-0.346109	2.00E-06	1.040928	1.00E-06	0	0	0	-0.13	0	0.305	0	0	0
3.558	9.213785	103.176552	0.244726	0.219161	0	-0.346109	2.00E-06	0.98606	2.00E-06	0	0	0	-0.13	0	0.305	0	0	0
3.559	9.291636	103.861603	0.244726	0.219161	0	-0.345729	2.00E-06	1.024875	1.00E-06	0	0	0	-0.13	0	0.305	0	0	0
3.56	9.291636	103.861603	0.244808	0.218497	0	-0.345809	1.00E-06	1.024875	1.00E-06	0	0	0	-0.13	0	0.305	0	0	0
3.561	9.606647	103.861603	0.244808	0.218497	0	-0.345809	1.00E-06	1.024875	1.00E-06	0	0	0	-0.13	0	0.305	0	0	0
3.562	9.293077	104.038261	-0.068714	0.217876	0	-0.345809	2.00E-06	0.980598	1.00E-06	0	0	0	-0.13	0	0.305	0	0	0
3.563	9.293077	104.038261	-0.146965	0.21777	0	-0.346998	2.00E-06	0.980598	1.00E-06	0	0	0	-0.13	0	0.305	0	0	0
3.564	9.290913	104.038261	-0.225456	0.21777	0	-0.346823	2.00E-06	0.991799	1.00E-06	0	0	0	-0.13	0	0.305	0	0	0
3.565	9.290913	105.416466	-0.303827	0.218252	0	-0.346823	2.00E-06	1.020597	1.00E-06	0	0	0	-0.13	0	0.305	0	0	0
3.566	9.290913	104.888786	-0.303827	0.218252	0	-0.346823	2.00E-06	1.020597	1.00E-06	0	0	0	-0.13	0	0.305	0	0	0
3.567	9.289471	104.892662	-0.068756	0.217285	0	-0.343327	1.00E-06	1.100011	0	0	0	0	-0.13	0	0.305	0	0	0
3.568	9.289471	104.888786	-0.068756	0.217285	0	-0.344019	1.00E-06	1.100011	0	0	0	0	-0.13	0	0.305	0	0	0
3.569	9.289471	104.892662	0.009575	0.218731	0	-0.344019	1.00E-06	1.047877	0	0	0	0	-0.13	0	0.305	0	0	0
3.57	8.745234	104.20607	-0.068796	0.220098	0	-0.344019	1.00E-06	1.047877	1.00E-06	0	0	0	-0.13	0	0.305	0	0	0
3.571	8.745234	104.900734	0.009575	0.220574	0	-0.343853	0	1.21149	2.00E-06	0	0	0	-0.13	0	0.305	0	0	0
3.572	8.661612	104.723312	0.323057	0.220098	0	-0.343853	0	1.21149	1.00E-06	0	0	0	-0.13	0	0.305	0	0	0
3.573	8.821642	104.723312	0.401268	0.219557	0	-0.344341	0.00E+00	1.159592	1.00E-06	0	0	0	-0.13	0	0.305	0	0	0
3.574	8.741627	104.723312	0.401711	0.219557	0	-0.344341	0.00E+00	1.074866	1.00E-06	0	0	0	-0.13	0	0.305	0	0	0
3.575	8.74235	104.888779	0.55809	0.220198	0	-0.344341	-1.00E-06	1.026601	1.00E-06	0	0	0	-0.13	0	0.305	0	0	0
3.576	8.74235	104.888779	0.401711	0.220198	0	-0.346545	0.00E+00	1.000474	1.00E-06	0	0	0	-0.13	0	0.305	0	0	0
3.577	8.900936	104.888779	0.636541	0.220102	0	-0.346545	0	1.000474	1.00E-06	0	0	0	-0.13	0	0.305	0	0	0
3.578	8.900936	105.568817	0.401388	0.218924	0	-0.347722	1.00E-06	0.996838	2.00E-06	0	0	0	-0.13	0	0.305	0	0	0
3.579	8.975903	105.568817	0.479799	0.218924	0	-0.347188	1.00E-06	0.988036	2.00E-06	0	0	0	-0.13	0	0.305	0	0	0
3.58	9.135212	105.568817	0.479799	0.218791	0	-0.347747	2.00E-06	0.988036	2.00E-06	0	0	0	-0.13	0	0.305	0	0	0
3.581	9.135212	104.881081	0.479799	0.218791	0	-0.347188	2.00E-06	1.000399	1.00E-06	0	0	0	-0.13	0	0.305	0	0	0
3.582	9.290192	105.577324	0.55813	0.21718	0	-0.346713	2.00E-06	1.059853	1.00E-06	0	0	0	-0.13	0	0.305	0	0	0
3.583	8.900215	104.881081	0.244848	0.21718	0	-0.346713	2.00E-06	1.059853	1.00E-06	0	0	0	-0.13	0	0.305	0	0	0
3.584	9.290192	104.362633	0.166317	0.217796	0	-0.350233	2.00E-06	1.010951	1.00E-06	0	0	0	-0.13	0	0.305	0	0	0
3.585	9.209455	103.160751	0.166317	0.217796	0	-0.350233	2.00E-06	1.010951	1.00E-06	0	0	0	-0.13	0	0.305	0	0	0
3.586	9.209455	102.46257	0.636581	0.217141	0	-0.350233	1.00E-06	0.950273	1.00E-06	0	0	0	-0.13	0	0.305	0	0	0
3.587	8.821642	102.470665	0.636581	0.216679	0	-0.350344	0	1.102508	1.00E-06	0	0	0	-0.13	0	0.305	0	0	0
3.588	8.74235	102.470665	0.636581	0.216679	0	-0.350344	0	1.138778	2.00E-06	0	0	0	-0.13	0	0.305	0	0	0
3.589	8.74235	102.470665	0.793243	0.216628	0	-0.347984	0	1.173472	1.00E-06	0	0	0	-0.13	0	0.305	0	0	0
3.59	8.973738	102.293648	1.028154	0.217677	0	-0.346065	1.00E-06	1.173472	1.00E-06	0	0	0	-0.13	0	0.305	0	0	0
3.591	9.212339	102.293648	1.106565	0.217775	0	-0.346065	2.00E-06	1.075259	0	0	0	0	-0.13	0	0.305	0	0	0
3.592	9.212339	101.614006	1.263268	0.217923	0	-0.346065	2.00E-06	1.03541	0	0	0	0	-0.13	0	0.305	0	0	0
3.593	9.368042	101.264908	1.106565	0.217923	0	-0.348708	2.00E-06	0.970729	0	0	0	0	-0.13	0	0.305	0	0	0
3.594	9.447338	101.264908	1.028477	0.218762	0	-0.348708	2.00E-06	0.970729	1.00E-06	0	0	0	-0.13	0	0.305	0	0	0
3.595	9.523024	101.607811	1.028477	0.218762	0	-0.348708	2.00E-06	0.970729	1.00E-06	0	0	0	-0.13	0	0.305	0	0	0
3.596	9.758741	101.607811	1.028477	0.21868	0	-0.348665	1.00E-06	0.9732	2.00E-06	0	0	0	-0.13	0	0.305	0	0	0
3.597	9.758741	100.741852	1.028477	0.21868	0	-0.350211	1.00E-06	0.905454	1.00E-06	0	0	0	-0.13	0	0.305	0	0	0
3.598	9.758741	100.222679	1.028477	0.218344	0	-0.351402	1.00E-06	0.974448	1.00E-06	0	0	0	-0.13	0	0.305	0	0	0
3.599	9.368765	100.222679	0.871775	0.216463	0	-0.351402	1.00E-06	0.974448	1.00E-06	0	0	0	-0.13	0	0.305	0	0	0
3.6	9.207291	100.222679	0.871775	0.216463	0	-0.351402	2.00E-06	1.041091	1.00E-06	0	0	0	-0.13	0	0.305	0	0	0
3.601	9.207291	99.202087	0.871775	0.215934	0	-0.352199	2.00E-06	1.041091	1.00E-06	0	0	0	-0.13	0	0.305	0	0	0
3.602	9.757298	100.069168	0.871775	0.216945	0	-0.352199	2.00E-06	1.037964	1.00E-06	0	0	0	-0.13	0	0.305	0	0	0
3.603	9.757298	100.069168	1.263386	0.216936	0	-0.349601	2.00E-06	1.034827	1.00E-06	0	0	0	-0.13	0	0.305	0	0	0
3.604	9.755133	100.069168	1.655201	0.216936	0	-0.349601	2.00E-06	1.034827	1.00E-06	0	0	0	-0.13	0	0.305	0	0	0
3.605	9.207291	100.748825	1.890152	0.216936	0	-0.349601	1.00E-06	1.180143	1.00E-06	0	0	0	-0.13	0	0.305	0	0	0
3.606	9.207291	100.748825	1.890152	0.217746	0	-0.348605	4.00E-06	1.180143	1.00E-06	0	0	0	-0.13	0	0.305	0	0	0
3.607	9.365877	100.748825	1.968603	0.217746	0	-0.348605	1.00E-06	1.117198	1.00E-06	0	0	0	-0.13	0	0.305	0	0	0
3.608	9.440844	101.259521	1.968603	0.217746	0	-0.349412	0	1.11528	1.00E-06	0	0	0	-0.13	0	0.305	0	0	0
3.609	9.440844	99.013062	1.890352	0.218831	0	-0.349586	0	1.11528	1.00E-06	0	0	0	-0.13	0	0.305	0	0	0
3.61	9.440844	101.602417	1.890352	0.218949	0	-0.349412	1.00E-06	1.007178	0.00E+00	0	0	0	-0.13	0	0.305	0	0	0
3.611	9.59943	101.611694	2.360537	0.218831	0	-0.349586	1.00E-06	1.004632	1.00E-06	0	0	0	-0.13	0	0.305	0	0	0
3.612	9.59943	101.611694	2.360537	0.219011	0	-0.351901	2.00E-06	0.992842	0.00E+00	0	0	0	-0.13	0	0.305	0	0	0
3.613	9.911556	101.77327	1.733732	0.219423	0	-0.351901	1.00E-06	0.957807	2.00E-06	0	0	0	-0.13	0	0.305	0	0	0
3.614	9.994457	101.946075	1.73357	0.219423	0	-0.351843	0	0.992842	1.00E-06	0	0	0	-0.13	0	0.305	0	0	0
3.615	9.994457	101.946075	1.73357	0.218923	0	-0.351843	0	1.006004	1.00E-06	0	0	0	-0.13	0	0.305	0	0	0
3.616	9.912998	101.256416	2.203756	0.218923	0	-0.35174	0.00E+00	1.006004	1.00E-06	0	0	0	-0.13	0	0.305	0	0	0
3.617	9.675116	101.245972	2.438707	0.216903	0	-0.352029	2.00E-06	1.016125	1.00E-06	0	0	0	-0.13	0	0.305	0	0	0
3.618	9.363712	101.245972	2.438707	0.216903	0	-0.353251	3.00E-06	0.964344	1.00E-06	0	0	0	-0.13	0	0.305	0	0	0
3.619	9.286583	100.901932	2.59565	0.216903	0	-0.353251	3.00E-06	1.016125	1.00E-06	0	0	0	-0.13	0	0.305	0	0	0
3.62	9.130882	100.039825	2.59565	0.218068	0	-0.353251	3.00E-06	0.964344	1.00E-06	0	0	0	-0.13	0	0.305	0	0	0
3.621	9.051588	99.35672	2.830683	0.218981	0	-0.352828	2.00E-06	0.974118	2.00E-06	0	0	0	-0.13	0	0.305	0	0	0
3.622	9.130882	99.699257	2.75227	0.218068	0	-0.352828	1.00E-06	0.974118	1.00E-06	0	0	0	-0.13	0	0.305	0	0	0
3.623	9.517248	99.699257	2.987463	0.217848	0	-0.351105	0	1.029649	1.00E-06	0	0	0	-0.13	0	0.305	0	0	0
3.624	9.517248	99.699257	2.987463	0.217848	0	-0.351105	0	1.029649	1.00E-06	0	0	0	-0.13	0	0.305	0	0	0
3.625	9.050144	98.837524	3.144045	0.217848	0	-0.355362	1.00E-06	0.965567	1.00E-06	0	0	0	-0.13	0	0.305	0	0	0
3.626	9.049423	98.837524	3.457527	0.217191	0	-0.356397	1.00E-06	0.889542	1.00E-06	0	0	0	-0.13	0	0.305	0	0	0
3.627	9.050144	99.334335	3.457649	0.217191	0	-0.357702	1.00E-06	0.889542	0	0	0	0	-0.13	0	0.305	0	0	0
3.628	9.362991	100.380417	3.457649	0.217912	0	-0.357702	1.00E-06	0.86273	0	0	0	0	-0.13	0	0.305	0	0	0
3.629	9.362991	99.334335	3.457405	0.217912	0	-0.356545	3.00E-06	0.86273	0.00E+00	0	0	0	-0.13	0	0.305	0	0	0
3.63	9.44445	98.825577	3.457405	0.21717	0	-0.356497	1.00E-06	0.865131	1.00E-06	0	0	0	-0.13	0	0.305	0	0	0
3.631	9.755133	98.825577	3.849503	0.215878	0	-0.356497	1.00E-06	0.865131	0.00E+00	0	0	0	-0.13	0	0.305	0	0	0
3.632	9.755133	98.305618	3.849503	0.215398	0	-0.358506	1.00E-06	0.865131	1.00E-06	0	0	0	-0.13	0	0.305	0	0	0
3.633	9.755133	97.447006	3.84922	0.214861	0	-0.358506	1.00E-06	0.846779	1.00E-06	0	0	0	-0.13	0	0.305	0	0	0
3.634	9.752247	97.447006	3.84922	0.214861	0	-0.356135	1.00E-06	0.875253	1.00E-06	0	0	0	-0.13	0	0.305	0	0	0
3.635	9.756577	97.953445	4.084293	0.216243	0	-0.356135	2.00E-06	0.846779	0	0	0	0	-0.13	0	0.305	0	0	0
3.636	9.752247	97.953445	4.084293	0.216243	0	-0.354634	2.00E-06	0.941634	0	0	0	0	-0.13	0	0.305	0	0	0
3.637	9.596544	97.953445	4.084293	0.215728	0	-0.356354	2.00E-06	0.941181	0.00E+00	0	0	0	-0.13	0	0.305	0	0	0
3.638	9.596544	97.789902	4.162863	0.215728	0	-0.356293	2.00E-06	0.941181	0	0	0	0	-0.13	0	0.305	0	0	0
3.639	9.596544	97.962326	4.241112	0.216584	0	-0.356293	2.00E-06	0.870015	0	0	0	0	-0.13	0	0.305	0	0	0
3.64	9.440121	98.319489	4.241112	0.216893	0	-0.35547	2.00E-06	0.870015	1.00E-06	0	0	0	-0.13	0	0.305	0	0	0
3.641	9.440121	98.319489	4.554434	0.216584	0	-0.355158	3.00E-06	0.964544	1.00E-06	0	0	0	-0.13	0	0.305	0	0	0
3.642	9.594379	98.136665	4.554434	0.218527	0	-0.35547	3.00E-06	0.964544	1.00E-06	0	0	0	-0.13	0	0.305	0	0	0
3.643	9.594379	97.441193	5.102953	0.216726	0	-0.356801	3.00E-06	0.840786	1.00E-06	0	0	0	-0.13	0	0.305	0	0	0
3.644	9.675838	97.441193	4.868118	0.216726	0	-0.356801	3.00E-06	0.787365	1.00E-06	0	0	0	-0.13	0	0.305	0	0	0
3.645	9.673674	97.441193	4.868118	0.216726	0	-0.356865	3.00E-06	0.787365	2.00E-06	0	0	0	-0.13	0	0.305	0	0	0
3.646	9.673674	96.066483	4.633007	0.217522	0	-0.356865	1.00E-06	0.776152	1.00E-06	0	0	0	-0.13	0	0.305	0	0	0
3.647	9.673674	97.444687	4.633007	0.217522	0	-0.356865	0.00E+00	0.884585	0	0	0	0	-0.13	0	0.305	0	0	0
3.648	9.752966	97.444687	4.319567	0.216657	0	-0.358617	1.00E-06	0.854733	0	0	0	0	-0.13	0	0.305	0	0	0
3.649	9.752966	97.444687	4.398016	0.216179	0	-0.357478	2.00E-06	0.87696	0.00E+00	0	0	0	-0.13	0	0.305	0	0	0
3.65	9.751524	96.742294	4.241194	0.216657	0	-0.358567	2.00E-06	0.854733	0	0	0	0	-0.13	0	0.305	0	0	0
3.651	9.675116	96.742294	4.398016	0.217029	0	-0.358567	2.00E-06	0.843878	0	0	0	0	-0.13	0	0.305	0	0	0
3.652	9.671509	97.436562	4.476265	0.217347	0	-0.35908	2.00E-06	0.843878	2.00E-06	0	0	0	-0.13	0	0.305	0	0	0
3.653	9.671509	98.823288	4.86796	0.217944	0	-0.35908	2.00E-06	0.904385	2.00E-06	0	0	0	-0.13	0	0.305	0	0	0
3.654	9.672951	98.823288	4.868162	0.217944	0	-0.356628	2.00E-06	0.904385	1.00E-06	0	0	0	-0.13	0	0.305	0	0	0
3.655	9.909391	98.823288	5.024698	0.217944	0	-0.356628	1.00E-06	0.836329	1.00E-06	0	0	0	-0.13	0	0.305	0	0	0
3.656	10.065815	98.293282	5.024698	0.217337	0	-0.35735	1.00E-06	0.836329	0.00E+00	0	0	0	-0.13	0	0.305	0	0	0
3.657	9.909391	98.293282	4.946411	0.21684	0	-0.360766	1.00E-06	0.799473	1.00E-06	0	0	0	-0.13	0	0.305	0	0	0
3.658	9.675116	98.302132	4.946411	0.21684	0	-0.358578	3.00E-06	0.82182	1.00E-06	0	0	0	-0.13	0	0.305	0	0	0
3.659	9.675116	99.516769	4.789831	0.217404	0	-0.360949	3.00E-06	0.780877	1.00E-06	0	0	0	-0.13	0	0.305	0	0	0
3.66	9.830097	99.516769	5.338102	0.217404	0	-0.360949	3.00E-06	0.757614	2.00E-06	0	0	0	-0.13	0	0.305	0	0	0
3.661	9.830097	99.516769	4.946491	0.21513	0	-0.360949	3.00E-06	0.757614	2.00E-06	0	0	0	-0.13	0	0.305	0	0	0
3.662	9.830097	98.468742	4.946491	0.21513	0	-0.361113	3.00E-06	0.784524	1.00E-06	0	0	0	-0.13	0	0.305	0	0	0
3.663	9.439398	97.602417	4.946491	0.21488	0	-0.361852	1.00E-06	0.784524	1.00E-06	0	0	0	-0.13	0	0.305	0	0	0
3.664	9.127995	97.936844	4.868118	0.215532	0	-0.362556	1.00E-06	0.784524	1.00E-06	0	0	0	-0.13	0	0.305	0	0	0
3.665	9.127995	97.936844	5.02478	0.215532	0	-0.362288	2.00E-06	0.779542	2.00E-06	0	0	0	-0.13	0	0.305	0	0	0
3.666	9.675838	97.936844	5.02478	0.216489	0	-0.364119	2.00E-06	0.807824	2.00E-06	0	0	0	-0.13	0	0.305	0	0	0
3.667	9.751524	97.771729	5.103071	0.216489	0	-0.362288	2.00E-06	0.803199	2.00E-06	0	0	0	-0.13	0	0.305	0	0	0
3.668	9.751524	97.760956	5.494965	0.214847	0	-0.362629	0.00E+00	0.803199	1.00E-06	0	0	0	-0.13	0	0.305	0	0	0
3.669	9.751524	97.42807	5.494965	0.214847	0	-0.362629	2.00E-06	0.800382	1.00E-06	0	0	0	-0.13	0	0.305	0	0	0
3.67	9.517248	95.525673	4.789631	0.215511	0	-0.362629	0.00E+00	0.783968	2.00E-06	0	0	0	-0.13	0	0.305	0	0	0
3.671	9.362991	95.525673	4.789631	0.215798	0	-0.363325	2.00E-06	0.783968	2.00E-06	0	0	0	-0.13	0	0.305	0	0	0
3.672	9.357939	95.182404	4.71142	0.215511	0	-0.363052	1.00E-06	0.90736	1.00E-06	0	0	0	-0.13	0	0.305	0	0	0
3.673	9.357939	96.39431	5.181522	0.215956	0	-0.363325	2.00E-06	0.90736	1.00E-06	0	0	0	-0.13	0	0.305	0	0	0
3.674	9.360826	96.213799	5.494925	0.216155	0	-0.365662	2.00E-06	0.873221	1.00E-06	0	0	0	-0.13	0	0.305	0	0	0
3.675	9.827209	96.213799	5.651749	0.216155	0	-0.365662	3.00E-06	0.750247	1.00E-06	0	0	0	-0.13	0	0.305	0	0	0
3.676	9.827209	95.70121	5.494925	0.216155	0	-0.362911	3.00E-06	0.768045	1.00E-06	0	0	0	-0.13	0	0.305	0	0	0
3.677	9.515806	95.358673	5.416513	0.215762	0	-0.362911	1.00E-06	0.768045	1.00E-06	0	0	0	-0.13	0	0.305	0	0	0
3.678	9.515806	95.358673	5.416513	0.215762	0	-0.362911	1.00E-06	0.807528	1.00E-06	0	0	0	-0.13	0	0.305	0	0	0
3.679	9.827932	95.359062	5.416513	0.215762	0	-0.362545	1.00E-06	0.807528	1.00E-06	0	0	0	-0.13	0	0.305	0	0	0
3.68	9.828653	96.559052	5.886822	0.214652	0	-0.36191	1.00E-06	0.732375	0.00E+00	0	0	0	-0.13	0	0.305	0	0	0
3.681	9.828653	96.559052	6.2001	0.214652	0	-0.362545	1.00E-06	0.710488	0	0	0	0	-0.13	0	0.305	0	0	0
3.682	9.752966	95.006889	6.2001	0.214216	0	-0.364507	1.00E-06	0.710488	0	0	0	0	-0.13	0	0.305	0	0	0
3.683	9.752966	95.006889	5.808449	0.213896	0	-0.364507	0	0.778613	1.00E-06	0	0	0	-0.13	0	0.305	0	0	0
3.684	9.906504	95.006889	5.495127	0.213896	0	-0.362464	0	0.80536	1.00E-06	0	0	0	-0.13	0	0.305	0	0	0
3.685	9.906504	95.703522	5.651587	0.213896	0	-0.360205	0.00E+00	0.838472	1.00E-06	0	0	0	-0.13	0	0.305	0	0	0
3.686	9.592936	92.088135	5.651587	0.214043	0	-0.362464	1.00E-06	0.867569	2.00E-06	0	0	0	-0.13	0	0.305	0	0	0
3.687	9.437956	92.945213	5.651587	0.214043	0	-0.362245	1.00E-06	0.867569	1.00E-06	0	0	0	-0.13	0	0.305	0	0	0
3.688	9.515806	92.945213	5.730118	0.214062	0	-0.362245	1.00E-06	0.81986	2.00E-06	0	0	0	-0.13	0	0.305	0	0	0
3.689	9.436512	94.325714	5.730118	0.214062	0	-0.361711	1.00E-06	0.810391	1.00E-06	0	0	0	-0.13	0	0.305	0	0	0
3.69	9.280088	94.325714	5.730118	0.215165	0	-0.361584	1.00E-06	0.810391	2.00E-06	0	0	0	-0.13	0	0.305	0	0	0
3.691	9.279367	94.325714	5.651787	0.215581	0	-0.361584	1.00E-06	0.885596	1.00E-06	0	0	0	-0.13	0	0.305	0	0	0
3.692	9.280088	93.987831	5.651787	0.216794	0	-0.361753	2.00E-06	0.885596	1.00E-06	0	0	0	-0.13	0	0.305	0	0	0
3.693	9.674395	94.669006	5.651787	0.216794	0	-0.361753	2.00E-06	0.885596	1.00E-06	0	0	0	-0.13	0	0.305	0	0	0
3.694	9.674395	94.678665	5.73008	0.21666	0	-0.36339	2.00E-06	0.77763	1.00E-06	0	0	0	-0.13	0	0.305	0	0	0
3.695	9.670786	94.678665	5.808611	0.215794	0	-0.36339	1.00E-06	0.77763	0.00E+00	0	0	0	-0.13	0	0.305	0	0	0
3.696	9.124386	95.352501	5.808611	0.215794	0	-0.36339	1.00E-06	0.77763	1.00E-06	0	0	0	-0.13	0	0.305	0	0	0
3.697	9.047258	95.347084	5.573294	0.215794	0	-0.364972	1.00E-06	0.890949	1.00E-06	0	0	0	-0.13	0	0.305	0	0	0
3.698	9.124386	95.347084	5.573294	0.21581	0	-0.366157	2.00E-06	0.890949	1.00E-06	0	0	0	-0.13	0	0.305	0	0	0
3.699	9.51292	94.825592	6.043602	0.21562	0	-0.366157	2.00E-06	0.867969	1.00E-06	0	0	0	-0.13	0	0.305	0	0	0
3.7	9.51292	94.825592	6.04364	0.215421	0	-0.365956	2.00E-06	0.848691	1.00E-06	0	0	0	-0.13	0	0.305	0	0	0
3.701	9.122221	95.000717	6.043602	0.214054	0	-0.364948	3.00E-06	0.867969	1.00E-06	0	0	0	-0.13	0	0.305	0	0	0
3.702	9.046535	95.000717	6.04356	0.213975	0	-0.365956	3.00E-06	0.896772	1.00E-06	0	0	0	-0.13	0	0.305	0	0	0
3.703	8.578711	94.657059	6.04356	0.213832	0	-0.364948	3.00E-06	0.896772	1.00E-06	0	0	0	-0.13	0	0.305	0	0	0
3.704	8.578711	94.648544	6.356962	0.213832	0	-0.364534	3.00E-06	0.818357	1.00E-06	0	0	0	-0.13	0	0.305	0	0	0
3.705	9.277203	94.657059	6.356962	0.21462	0	-0.362881	3.00E-06	0.818357	1.00E-06	0	0	0	-0.13	0	0.305	0	0	0
3.706	9.277203	93.800735	6.356962	0.21462	0	-0.364534	2.00E-06	0.818357	1.00E-06	0	0	0	-0.13	0	0.305	0	0	0
3.707	8.96652	92.243187	6.670446	0.21462	0	-0.365589	1.00E-06	0.762586	1.00E-06	0	0	0	-0.13	0	0.305	0	0	0
3.708	8.735132	92.243187	6.670446	0.215817	0	-0.365749	2.00E-06	0.762586	1.00E-06	0	0	0	-0.13	0	0.305	0	0	0
3.709	8.732246	91.895233	6.592236	0.215817	0	-0.369803	1.00E-06	0.701889	1.00E-06	0	0	0	-0.13	0	0.305	0	0	0
3.71	8.731524	91.895233	6.513824	0.215817	0	-0.369803	2.00E-06	0.766843	1.00E-06	0	0	0	-0.13	0	0.305	0	0	0
3.711	8.732246	91.895233	6.513824	0.215222	0	-0.371372	0.00E+00	0.701889	0.00E+00	0	0	0	-0.13	0	0.305	0	0	0
3.712	8.970127	91.727837	6.435293	0.214634	0	-0.369762	2.00E-06	0.681727	1.00E-06	0	0	0	-0.13	0	0.305	0	0	0
3.713	9.356497	92.238159	6.435293	0.2146	0	-0.36909	0.00E+00	0.681727	1.00E-06	0	0	0	-0.13	0	0.305	0	0	0
3.714	8.970127	91.727837	6.592197	0.213787	0	-0.36909	1.00E-06	0.721744	1.00E-06	0	0	0	-0.13	0	0.305	0	0	0
3.715	9.356497	91.192841	6.827147	0.213928	0	-0.371974	1.00E-06	0.721744	1.00E-06	0	0	0	-0.13	0	0.305	0	0	0
3.716	9.200794	91.192841	7.062262	0.213928	0	-0.371974	3.00E-06	0.721744	1.00E-06	0	0	0	-0.13	0	0.305	0	0	0
3.717	9.200794	91.019669	7.0623	0.213928	0	-0.369854	3.00E-06	0.755584	1.00E-06	0	0	0	-0.13	0	0.305	0	0	0
3.718	9.200794	91.019669	7.0623	0.212102	0	-0.367377	2.00E-06	0.755584	1.00E-06	0	0	0	-0.13	0	0.305	0	0	0
3.719	9.122221	91.019669	7.140631	0.212102	0	-0.367215	0	0.739031	1.00E-06	0	0	0	-0.13	0	0.305	0	0	0
3.72	9.200073	89.646515	7.297291	0.211987	0	-0.367215	0.00E+00	0.739031	1.00E-06	0	0	0	-0.13	0	0.305	0	0	0
3.721	9.122221	91.204842	7.375784	0.21414	0	-0.366622	1.00E-06	0.739031	0.00E+00	0	0	0	-0.13	0	0.305	0	0	0
3.722	9.200073	90.520927	7.297291	0.214151	0	-0.366929	1.00E-06	0.72379	1.00E-06	0	0	0	-0.13	0	0.305	0	0	0
3.723	9.045094	90.520927	6.984131	0.214504	0	-0.366929	1.00E-06	0.697769	1.00E-06	0	0	0	-0.13	0	0.305	0	0	0
3.724	9.198629	89.319801	6.984131	0.214504	0	-0.366929	1.00E-06	0.697769	1.00E-06	0	0	0	-0.13	0	0.305	0	0	0
3.725	9.198629	89.319801	7.297573	0.214504	0	-0.371106	1.00E-06	0.697769	2.00E-06	0	0	0	-0.13	0	0.305	0	0	0
3.726	9.198629	89.319801	7.767675	0.214278	0	-0.370399	1.00E-06	0.563288	2.00E-06	0	0	0	-0.13	0	0.305	0	0	0
3.727	8.888668	89.816978	7.297573	0.214869	0	-0.370399	1.00E-06	0.563288	1.00E-06	0	0	0	-0.13	0	0.305	0	0	0
3.728	8.73369	89.816582	7.689388	0.214088	0	-0.370399	1.00E-06	0.684641	1.00E-06	0	0	0	-0.13	0	0.305	0	0	0
3.729	8.888668	89.816582	7.689388	0.214796	0	-0.368824	1.00E-06	0.684641	1.00E-06	0	0	0	-0.13	0	0.305	0	0	0
3.73	8.888668	89.816582	7.767475	0.213371	0	-0.368824	1.00E-06	0.681488	1.00E-06	0	0	0	-0.13	0	0.305	0	0	0
3.731	8.888668	89.480637	7.767475	0.213371	0	-0.368824	1.00E-06	0.681488	2.00E-06	0	0	0	-0.13	0	0.305	0	0	0
3.732	8.809376	89.474075	7.767475	0.21215	0	-0.366	2.00E-06	0.746508	2.00E-06	0	0	0	-0.13	0	0.305	0	0	0
3.733	8.809376	89.474075	7.610933	0.21215	0	-0.367586	2.00E-06	0.746508	1.00E-06	0	0	0	-0.13	0	0.305	0	0	0
3.734	8.810097	91.028938	8.002586	0.212918	0	-0.36621	2.00E-06	0.787935	0	0	0	0	-0.13	0	0.305	0	0	0
3.735	8.810097	91.028938	8.237701	0.214532	0	-0.366516	2.00E-06	0.747536	0	0	0	0	-0.13	0	0.305	0	0	0
3.736	8.574379	91.028938	8.237701	0.214807	0	-0.366516	2.00E-06	0.747536	1.00E-06	0	0	0	-0.13	0	0.305	0	0	0
3.737	8.495085	91.372986	8.237701	0.214807	0	-0.368515	2.00E-06	0.739327	1.00E-06	0	0	0	-0.13	0	0.305	0	0	0
3.738	8.495085	91.372986	8.316153	0.214807	0	-0.368515	3.00E-06	0.712604	1.00E-06	0	0	0	-0.13	0	0.305	0	0	0
3.739	8.73369	91.534988	8.316153	0.214998	0	-0.36997	2.00E-06	0.633621	1.00E-06	0	0	0	-0.13	0	0.305	0	0	0
3.74	8.73369	91.372955	8.472733	0.215039	0	-0.370947	2.00E-06	0.613957	1.00E-06	0	0	0	-0.13	0	0.305	0	0	0
3.741	9.044371	91.372955	8.472895	0.215841	0	-0.370947	2.00E-06	0.603893	1.00E-06	0	0	0	-0.13	0	0.305	0	0	0
3.742	8.575823	91.372955	8.472895	0.215841	0	-0.371886	0.00E+00	0.603893	1.00E-06	0	0	0	-0.13	0	0.305	0	0	0
3.743	8.968685	90.677902	8.237783	0.214464	0	-0.374684	0	0.574684	1.00E-06	0	0	0	-0.13	0	0.305	0	0	0
3.744	8.575823	91.699707	7.924299	0.212699	0	-0.374684	0	0.617344	1.00E-06	0	0	0	-0.13	0	0.305	0	0	0
3.745	8.497972	91.354843	8.237783	0.212699	0	-0.373456	0.00E+00	0.631968	1.00E-06	0	0	0	-0.13	0	0.305	0	0	0
3.746	8.497972	91.354843	8.394402	0.211526	0	-0.371214	1.00E-06	0.631968	1.00E-06	0	0	0	-0.13	0	0.305	0	0	0
3.747	8.497972	90.330368	8.394402	0.21273	0	-0.373347	0.00E+00	0.631968	1.00E-06	0	0	0	-0.13	0	0.305	0	0	0
3.748	8.495085	90.330368	8.472813	0.211526	0	-0.373347	2.00E-06	0.748975	1.00E-06	0	0	0	-0.13	0	0.305	0	0	0
3.749	8.495085	90.498932	8.472733	0.212737	0	-0.373347	3.00E-06	0.748975	1.00E-06	0	0	0	-0.13	0	0.305	0	0	0
3.75	8.495085	90.848763	8.707844	0.212737	0	-0.373264	3.00E-06	0.718683	1.00E-06	0	0	0	-0.13	0	0.305	0	0	0
3.751	8.495085	90.498932	8.864586	0.212737	0	-0.371454	3.00E-06	0.718683	1.00E-06	0	0	0	-0.13	0	0.305	0	0	0
3.752	8.417955	90.150635	9.099701	0.211631	0	-0.373264	3.00E-06	0.700748	1.00E-06	0	0	0	-0.13	0	0.305	0	0	0
3.753	8.185125	89.470963	9.099701	0.211631	0	-0.372042	2.00E-06	0.630779	1.00E-06	0	0	0	-0.13	0	0.305	0	0	0
3.754	8.417955	88.942924	9.099659	0.211631	0	-0.372042	2.00E-06	0.630779	0	0	0	0	-0.13	0	0.305	0	0	0
3.755	8.65295	88.606575	8.942959	0.212272	0	-0.372042	2.00E-06	0.614158	0	0	0	0	-0.13	0	0.305	0	0	0
3.756	8.65295	88.597313	8.629675	0.212272	0	-0.374167	3.00E-06	0.574834	1.00E-06	0	0	0	-0.13	0	0.305	0	0	0
3.757	8.653673	88.439163	8.629675	0.212548	0	-0.374167	3.00E-06	0.537126	1.00E-06	0	0	0	-0.13	0	0.305	0	0	0
3.758	8.734411	88.085846	8.707924	0.212548	0	-0.373295	3.00E-06	0.481136	1.00E-06	0	0	0	-0.13	0	0.305	0	0	0
3.759	8.734411	88.420654	8.707924	0.212111	0	-0.373295	2.00E-06	0.481136	1.00E-06	0	0	0	-0.13	0	0.305	0	0	0
3.76	8.580153	88.420654	8.864708	0.21192	0	-0.37378	2.00E-06	0.418079	1.00E-06	0	0	0	-0.13	0	0.305	0	0	0
3.761	8.580153	88.420654	8.551264	0.21192	0	-0.37378	2.00E-06	0.554606	1.00E-06	0	0	0	-0.13	0	0.305	0	0	0
3.762	8.886503	89.117294	8.551426	0.21192	0	-0.373073	2.00E-06	0.554606	1.00E-06	0	0	0	-0.13	0	0.305	0	0	0
3.763	8.888668	87.237244	8.551426	0.212759	0	-0.372252	2.00E-06	0.606482	1.00E-06	0	0	0	-0.13	0	0.305	0	0	0
3.764	9.045815	86.88279	8.629555	0.212759	0	-0.372252	3.00E-06	0.606482	1.00E-06	0	0	0	-0.13	0	0.305	0	0	0
3.765	9.045815	86.88279	8.864748	0.212759	0	-0.375875	2.00E-06	0.542532	1.00E-06	0	0	0	-0.13	0	0.305	0	0	0
3.766	8.965799	86.543709	9.02137	0.211846	0	-0.375875	2.00E-06	0.542532	1.00E-06	0	0	0	-0.13	0	0.305	0	0	0
3.767	8.965799	87.400818	9.02137	0.211846	0	-0.372521	2.00E-06	0.575523	1.00E-06	0	0	0	-0.13	0	0.305	0	0	0
3.768	8.808653	87.400818	8.942997	0.211622	0	-0.371787	2.00E-06	0.583251	1.00E-06	0	0	0	-0.13	0	0.305	0	0	0
3.769	9.045815	87.400818	8.629637	0.211622	0	-0.371787	2.00E-06	0.583251	1.00E-06	0	0	0	-0.13	0	0.305	0	0	0
3.77	8.497972	87.740257	8.86491	0.211622	0	-0.371787	1.00E-06	0.619665	1.00E-06	0	0	0	-0.13	0	0.305	0	0	0
3.771	8.732967	86.534859	8.86491	0.213078	0	-0.373512	1.00E-06	0.619665	1.00E-06	0	0	0	-0.13	0	0.305	0	0	0
3.772	8.33794	86.53756	8.86491	0.213078	0	-0.372628	1.00E-06	0.619665	1.00E-06	0	0	0	-0.13	0	0.305	0	0	0
3.773	8.261532	86.53756	8.864748	0.211855	0	-0.372628	1.00E-06	0.700623	1.00E-06	0	0	0	-0.13	0	0.305	0	0	0
3.774	8.261532	86.53756	8.707886	0.211855	0	-0.372628	1.00E-06	0.700623	1.00E-06	0	0	0	-0.13	0	0.305	0	0	0
3.775	8.495806	88.615845	8.786379	0.214159	0	-0.37055	1.00E-06	0.552025	1.00E-06	0	0	0	-0.13	0	0.305	0	0	0
3.776	8.495806	88.615845	8.786379	0.214159	0	-0.372565	1.00E-06	0.552025	1.00E-06	0	0	0	-0.13	0	0.305	0	0	0
3.777	8.730803	88.615845	8.864628	0.213126	0	-0.368552	1.00E-06	0.552025	1.00E-06	0	0	0	-0.13	0	0.305	0	0	0
3.778	8.574379	89.808098	8.864628	0.213126	0	-0.371039	1.00E-06	0.611156	1.00E-06	0	0	0	-0.13	0	0.305	0	0	0
3.779	8.574379	90.143661	8.786379	0.213126	0	-0.371039	1.00E-06	0.601665	0	0	0	0	-0.13	0	0.305	0	0	0
3.78	8.185846	90.143661	8.786379	0.212843	0	-0.371039	1.00E-06	0.601665	0	0	0	0	-0.13	0	0.305	0	0	0
3.781	7.949408	90.143661	8.864666	0.211877	0	-0.371509	1.00E-06	0.601665	1.00E-06	0	0	0	-0.13	0	0.305	0	0	0
3.782	8.185846	89.458633	8.864666	0.211877	0	-0.371509	1.00E-06	0.567772	1.00E-06	0	0	0	-0.13	0	0.305	0	0	0
3.783	8.262976	89.458633	8.864666	0.210396	0	-0.371509	2.00E-06	0.732626	1.00E-06	0	0	0	-0.13	0	0.305	0	0	0
3.784	8.262976	88.955658	8.943197	0.213729	0	-0.371301	2.00E-06	0.633753	2.00E-06	0	0	0	-0.13	0	0.305	0	0	0
3.785	8.025814	88.775917	9.099497	0.212065	0	-0.371301	2.00E-06	0.636236	2.00E-06	0	0	0	-0.13	0	0.305	0	0	0
3.786	8.025814	88.955658	9.099777	0.213197	0	-0.372009	2.00E-06	0.633753	2.00E-06	0	0	0	-0.13	0	0.305	0	0	0
3.787	7.872276	89.116119	9.33477	0.213197	0	-0.372009	1.00E-06	0.619666	1.00E-06	0	0	0	-0.13	0	0.305	0	0	0
3.788	8.105829	90.337318	9.33477	0.213197	0	-0.371267	1.00E-06	0.614642	1.00E-06	0	0	0	-0.13	0	0.305	0	0	0
3.789	8.105829	90.337318	9.256519	0.212214	0	-0.371267	1.00E-06	0.614642	1.00E-06	0	0	0	-0.13	0	0.305	0	0	0
3.79	8.108717	87.91111	9.178188	0.211593	0	-0.374345	1.00E-06	0.59331	1.00E-06	0	0	0	-0.13	0	0.305	0	0	0
3.791	8.339382	87.899551	9.178188	0.211593	0	-0.374532	1.00E-06	0.555903	1.00E-06	0	0	0	-0.13	0	0.305	0	0	0
3.792	8.182961	87.91111	8.864748	0.210202	0	-0.377729	2.00E-06	0.555903	1.00E-06	0	0	0	-0.13	0	0.305	0	0	0
3.793	8.182961	87.721329	8.551506	0.210202	0	-0.377898	1.00E-06	0.555903	1.00E-06	0	0	0	-0.13	0	0.305	0	0	0
3.794	8.182961	87.380356	8.551506	0.210202	0	-0.378061	1.00E-06	0.511396	0	0	0	0	-0.13	0	0.305	0	0	0
3.795	8.186567	86.701096	8.864708	0.211215	0	-0.377898	1.00E-06	0.511396	0	0	0	0	-0.13	0	0.305	0	0	0
3.796	8.418678	86.701096	8.864708	0.209449	0	-0.375173	1.00E-06	0.58375	1.00E-06	0	0	0	-0.13	0	0.305	0	0	0
3.797	8.494364	86.701096	8.864708	0.208247	0	-0.374506	1.00E-06	0.642877	1.00E-06	0	0	0	-0.13	0	0.305	0	0	0
3.798	8.494364	86.186172	9.021408	0.208247	0	-0.373538	1.00E-06	0.642877	1.00E-06	0	0	0	-0.13	0	0.305	0	0	0
3.799	8.340828	86.186172	9.021408	0.209015	0	-0.373538	1.00E-06	0.607025	1.00E-06	0	0	0	-0.13	0	0.305	0	0	0
3.8	8.33794	86.691078	9.021408	0.209015	0	-0.375692	2.00E-06	0.607025	1.00E-06	0	0	0	-0.13	0	0.305	0	0	0
3.801	8.33794	87.740257	9.17815	0.209015	0	-0.375692	2.00E-06	0.607025	0.00E+00	0	0	0	-0.13	0	0.305	0	0	0
3.802	8.33794	86.691078	9.17815	0.209868	0	-0.375782	3.00E-06	0.600047	0	0	0	0	-0.13	0	0.305	0	0	0
3.803	8.574379	86.524803	9.099859	0.210811	0	-0.37465	3.00E-06	0.545299	0	0	0	0	-0.13	0	0.305	0	0	0
3.804	8.340105	86.524803	8.864666	0.210811	0	-0.375708	3.00E-06	0.505357	0	0	0	0	-0.13	0	0.305	0	0	0
3.805	8.340105	86.526756	9.099777	0.210811	0	-0.374791	0	0.505357	1.00E-06	0	0	0	-0.13	0	0.305	0	0	0
3.806	8.340105	87.044006	9.099739	0.212314	0	-0.374791	0.00E+00	0.505357	1.00E-06	0	0	0	-0.13	0	0.305	0	0	0
3.807	8.417233	86.526756	9.099739	0.210774	0	-0.374791	3.00E-06	0.537132	1.00E-06	0	0	0	-0.13	0	0.305	0	0	0
3.808	8.420843	86.698029	8.943279	0.210774	0	-0.373617	3.00E-06	0.537132	2.00E-06	0	0	0	-0.13	0	0.305	0	0	0
3.809	8.572935	86.357414	8.943279	0.210465	0	-0.373617	1.00E-06	0.537132	1.00E-06	0	0	0	-0.13	0	0.305	0	0	0
3.81	8.572935	86.698029	9.177988	0.209874	0	-0.373617	0	0.606683	1.00E-06	0	0	0	-0.13	0	0.305	0	0	0
3.811	8.650785	87.723282	9.178232	0.208527	0	-0.374092	0	0.606683	1.00E-06	0	0	0	-0.13	0	0.305	0	0	0
3.812	8.650785	87.895279	9.178232	0.208527	0	-0.374092	2.00E-06	0.606683	1.00E-06	0	0	0	-0.13	0	0.305	0	0	0
3.813	8.650785	87.723282	9.178232	0.21048	0	-0.374092	2.00E-06	0.634755	1.00E-06	0	0	0	-0.13	0	0.305	0	0	0
3.814	8.732246	87.396568	9.648172	0.212235	0	-0.371782	2.00E-06	0.549165	1.00E-06	0	0	0	-0.13	0	0.305	0	0	0
3.815	8.493641	87.217987	9.648172	0.211431	0	-0.372096	3.00E-06	0.634755	2.00E-06	0	0	0	-0.13	0	0.305	0	0	0
3.816	8.493641	87.217987	9.648172	0.211431	0	-0.372096	3.00E-06	0.682556	1.00E-06	0	0	0	-0.13	0	0.305	0	0	0
3.817	8.182238	87.053276	9.726627	0.211431	0	-0.372096	3.00E-06	0.682556	1.00E-06	0	0	0	-0.13	0	0.305	0	0	0
3.818	8.105829	87.053276	9.099819	0.21234	0	-0.372027	1.00E-06	0.696203	1.00E-06	0	0	0	-0.13	0	0.305	0	0	0
3.819	7.710081	88.597725	9.491592	0.21234	0	-0.370403	0.00E+00	0.813791	1.00E-06	0	0	0	-0.13	0	0.305	0	0	0
3.82	7.710081	88.597725	9.491592	0.21234	0	-0.370403	0	0.813791	1.00E-06	0	0	0	-0.13	0	0.305	0	0	0
3.821	7.871557	88.082771	9.491592	0.213223	0	-0.37191	1.00E-06	0.511269	1.00E-06	0	0	0	-0.13	0	0.305	0	0	0
3.822	7.94652	88.082771	9.726746	0.213223	0	-0.373186	2.00E-06	0.511269	1.00E-06	0	0	0	-0.13	0	0.305	0	0	0
3.823	7.94652	87.737137	9.726746	0.212396	0	-0.376994	1.00E-06	0.511269	1.00E-06	0	0	0	-0.13	0	0.305	0	0	0
3.824	7.94652	88.939072	9.726746	0.212396	0	-0.373556	1.00E-06	0.567939	1.00E-06	0	0	0	-0.13	0	0.305	0	0	0
3.825	7.715855	87.72596	9.491634	0.212396	0	-0.376288	1.00E-06	0.567939	1.00E-06	0	0	0	-0.13	0	0.305	0	0	0
3.826	7.715855	90.661324	9.335051	0.21188	0	-0.373556	0.00E+00	0.567939	2.00E-06	0	0	0	-0.13	0	0.305	0	0	0
3.827	8.103664	89.962006	9.335051	0.210896	0	-0.374879	2.00E-06	0.617882	2.00E-06	0	0	0	-0.13	0	0.305	0	0	0
3.828	8.103664	89.962006	9.335051	0.210896	0	-0.374879	1.00E-06	0.524614	2.00E-06	0	0	0	-0.13	0	0.305	0	0	0
3.829	8.103664	88.414482	9.491713	0.210837	0	-0.375688	2.00E-06	0.533275	1.00E-06	0	0	0	-0.13	0	0.305	0	0	0
3.83	8.028702	88.414482	9.491713	0.209992	0	-0.375688	3.00E-06	0.533275	1.00E-06	0	0	0	-0.13	0	0.305	0	0	0
3.831	7.950129	88.414482	9.491713	0.209992	0	-0.375688	3.00E-06	0.533275	2.00E-06	0	0	0	-0.13	0	0.305	0	0	0
3.832	7.950129	87.906479	9.648134	0.210655	0	-0.375671	2.00E-06	0.606381	2.00E-06	0	0	0	-0.13	0	0.305	0	0	0
3.833	7.950129	87.903015	9.804956	0.210655	0	-0.375671	1.00E-06	0.575978	1.00E-06	0	0	0	-0.13	0	0.305	0	0	0
3.834	7.715855	87.903015	9.804956	0.209978	0	-0.374794	1.00E-06	0.606381	1.00E-06	0	0	0	-0.13	0	0.305	0	0	0
3.835	7.715855	87.726746	9.883245	0.20951	0	-0.374499	1.00E-06	0.629906	1.00E-06	0	0	0	-0.13	0	0.305	0	0	0
3.836	7.715855	87.726738	10.118319	0.20951	0	-0.374499	1.00E-06	0.629906	1.00E-06	0	0	0	-0.13	0	0.305	0	0	0
3.837	7.793705	87.044006	10.118319	0.210309	0	-0.374974	2.00E-06	0.586911	1.00E-06	0	0	0	-0.13	0	0.305	0	0	0
3.838	7.793705	87.044006	10.118319	0.211104	0	-0.374974	2.00E-06	0.555578	1.00E-06	0	0	0	-0.13	0	0.305	0	0	0
3.839	7.793705	87.040154	9.961618	0.211104	0	-0.375054	2.00E-06	0.55557	1.00E-06	0	0	0	-0.13	0	0.305	0	0	0
3.84	8.182961	87.555862	9.961618	0.20989	0	-0.374935	1.00E-06	0.555578	1.00E-06	0	0	0	-0.13	0	0.305	0	0	0
3.841	7.870834	87.381134	9.961618	0.20989	0	-0.375054	1.00E-06	0.55557	1.00E-06	0	0	0	-0.13	0	0.305	0	0	0
3.842	7.872276	87.381134	9.570124	0.210368	0	-0.375757	2.00E-06	0.514425	1.00E-06	0	0	0	-0.13	0	0.305	0	0	0
3.843	7.872276	86.35434	9.570124	0.21192	0	-0.375757	2.00E-06	0.439689	1.00E-06	0	0	0	-0.13	0	0.305	0	0	0
3.844	7.872276	86.35434	9.491713	0.21192	0	-0.375261	2.00E-06	0.439689	1.00E-06	0	0	0	-0.13	0	0.305	0	0	0
3.845	7.871557	86.35434	9.648254	0.21006	0	-0.375261	1.00E-06	0.517203	1.00E-06	0	0	0	-0.13	0	0.305	0	0	0
3.846	7.871557	86.349319	9.648455	0.209524	0	-0.375576	1.00E-06	0.517203	0	0	0	0	-0.13	0	0.305	0	0	0
3.847	8.106552	86.349319	9.648455	0.20891	0	-0.37617	1.00E-06	0.517203	0	0	0	0	-0.13	0	0.305	0	0	0
3.848	8.650785	86.525978	9.961819	0.209339	0	-0.37617	0	0.526541	0	0	0	0	-0.13	0	0.305	0	0	0
3.849	8.106552	86.525978	9.805077	0.209339	0	-0.376028	0	0.580512	1.00E-06	0	0	0	-0.13	0	0.305	0	0	0
3.85	8.02437	87.383057	9.805077	0.209372	0	-0.375717	0.00E+00	0.648629	1.00E-06	0	0	0	-0.13	0	0.305	0	0	0
3.851	8.02437	87.216812	9.726583	0.209463	0	-0.374644	1.00E-06	0.648629	1.00E-06	0	0	0	-0.13	0	0.305	0	0	0
3.852	7.792261	87.383057	9.648254	0.209493	0	-0.375185	1.00E-06	0.648629	1.00E-06	0	0	0	-0.13	0	0.305	0	0	0
3.853	8.260811	87.216812	9.413261	0.210971	0	-0.375021	1.00E-06	0.642757	1.00E-06	0	0	0	-0.13	0	0.305	0	0	0
3.854	8.495085	87.209106	9.413261	0.210971	0	-0.375021	1.00E-06	0.601457	1.00E-06	0	0	0	-0.13	0	0.305	0	0	0
3.855	8.495085	87.209106	9.648455	0.212235	0	-0.374168	1.00E-06	0.601457	2.00E-06	0	0	0	-0.13	0	0.305	0	0	0
3.856	8.102222	87.032425	9.726828	0.212235	0	-0.374168	-1.00E-06	0.606724	2.00E-06	0	0	0	-0.13	0	0.305	0	0	0
3.857	7.86867	87.032425	9.726828	0.212309	0	-0.374065	-1.00E-06	0.606724	2.00E-06	0	0	0	-0.13	0	0.305	0	0	0
3.858	7.715132	87.032425	9.726828	0.21231	0	-0.374065	2.00E-06	0.512923	1.00E-06	0	0	0	-0.13	0	0.305	0	0	0
3.859	7.715132	87.384201	9.726746	0.21231	0	-0.374065	2.00E-06	0.508382	1.00E-06	0	0	0	-0.13	0	0.305	0	0	0
3.86	8.027979	87.384201	9.726665	0.21067	0	-0.377257	2.00E-06	0.500346	1.00E-06	0	0	0	-0.13	0	0.305	0	0	0
3.861	8.027979	87.384201	9.726746	0.21067	0	-0.377257	3.00E-06	0.499695	1.00E-06	0	0	0	-0.13	0	0.305	0	0	0
3.862	8.027979	87.556618	9.883287	0.21067	0	-0.377413	1.00E-06	0.500346	1.00E-06	0	0	0	-0.13	0	0.305	0	0	0
3.863	7.950129	88.925949	9.961739	0.210619	0	-0.376149	3.00E-06	0.555343	1.00E-06	0	0	0	-0.13	0	0.305	0	0	0
3.864	7.635839	88.925949	9.961739	0.210619	0	-0.376149	1.00E-06	0.572135	0	0	0	0	-0.13	0	0.305	0	0	0
3.865	7.55438	88.925949	10.118437	0.210261	0	-0.376149	1.00E-06	0.572135	0	0	0	0	-0.13	0	0.305	0	0	0
3.866	7.635839	89.10685	10.431883	0.21136	0	-0.374654	1.00E-06	0.57119	0.00E+00	0	0	0	-0.13	0	0.305	0	0	0
3.867	7.634396	88.05806	10.35351	0.209388	0	-0.377758	1.00E-06	0.57119	1.00E-06	0	0	0	-0.13	0	0.305	0	0	0
3.868	7.634396	88.05806	10.431883	0.208695	0	-0.374596	2.00E-06	0.630191	1.00E-06	0	0	0	-0.13	0	0.305	0	0	0
3.869	7.555822	88.05806	10.510214	0.208695	0	-0.37665	2.00E-06	0.655178	1.00E-06	0	0	0	-0.13	0	0.305	0	0	0
3.87	7.401564	88.409851	10.510214	0.210947	0	-0.37665	1.00E-06	0.655178	1.00E-06	0	0	0	-0.13	0	0.305	0	0	0
3.871	7.165846	88.409851	10.588583	0.210947	0	-0.37665	1.00E-06	0.655178	1.00E-06	0	0	0	-0.13	0	0.305	0	0	0
3.872	7.008701	87.547379	10.275017	0.210947	0	-0.377636	1.00E-06	0.667171	1.00E-06	0	0	0	-0.13	0	0.305	0	0	0
3.873	7.165846	86.858475	10.19685	0.21067	0	-0.377846	1.00E-06	0.561976	1.00E-06	0	0	0	-0.13	0	0.305	0	0	0
3.874	7.403006	86.858475	10.19685	0.21067	0	-0.378492	1.00E-06	0.56537	0.00E+00	0	0	0	-0.13	0	0.305	0	0	0
3.875	7.478695	87.720551	10.667114	0.21067	0	-0.378747	1.00E-06	0.497173	0	0	0	0	-0.13	0	0.305	0	0	0
3.876	7.478695	87.887939	10.745405	0.208699	0	-0.38138	1.00E-06	0.53974	0	0	0	0	-0.13	0	0.305	0	0	0
3.877	7.557987	87.887939	10.667114	0.20847	0	-0.38138	0	0.426609	1.00E-06	0	0	0	-0.13	0	0.305	0	0	0
3.878	8.027979	87.030495	10.588545	0.207643	0	-0.379215	0	0.494716	1.00E-06	0	0	0	-0.13	0	0.305	0	0	0
3.879	8.027979	86.853836	10.588545	0.207643	0	-0.378752	2.00E-06	0.494716	1.00E-06	0	0	0	-0.13	0	0.305	0	0	0
3.88	7.403006	86.335442	10.745283	0.207643	0	-0.376758	2.00E-06	0.52757	1.00E-06	0	0	0	-0.13	0	0.305	0	0	0
3.881	7.403006	86.335442	10.823694	0.207979	0	-0.376758	1.00E-06	0.654707	2.00E-06	0	0	0	-0.13	0	0.305	0	0	0
3.882	7.403006	85.137772	11.137016	0.207979	0	-0.376441	1.00E-06	0.654707	1.00E-06	0	0	0	-0.13	0	0.305	0	0	0
3.883	7.166569	85.651558	11.137016	0.20676	0	-0.375949	1.00E-06	0.666909	1.00E-06	0	0	0	-0.13	0	0.305	0	0	0
3.884	7.166569	85.651558	10.745325	0.20676	0	-0.375659	1.00E-06	0.666909	1.00E-06	0	0	0	-0.13	0	0.305	0	0	0
3.885	7.324434	85.651558	10.745325	0.209239	0	-0.37541	0	0.51535	1.00E-06	0	0	0	-0.13	0	0.305	0	0	0
3.886	7.561596	85.313652	10.902025	0.211057	0	-0.37541	0	0.485771	1.00E-06	0	0	0	-0.13	0	0.305	0	0	0
3.887	7.712967	85.313652	10.902025	0.209712	0	-0.376726	2.00E-06	0.480722	1.00E-06	0	0	0	-0.13	0	0.305	0	0	0
3.888	7.712967	85.313652	10.902105	0.210833	0	-0.378166	2.00E-06	0.480722	1.00E-06	0	0	0	-0.13	0	0.305	0	0	0
3.889	7.712967	85.481827	10.902105	0.209712	0	-0.378166	2.00E-06	0.479506	1.00E-06	0	0	0	-0.13	0	0.305	0	0	0
3.89	7.872276	85.481827	10.902105	0.21072	0	-0.381111	1.00E-06	0.479506	1.00E-06	0	0	0	-0.13	0	0.305	0	0	0
3.891	7.872276	85.648094	10.980354	0.208418	0	-0.377865	1.00E-06	0.567146	1.00E-06	0	0	0	-0.13	0	0.305	0	0	0
3.892	7.94652	86.85498	10.353552	0.209766	0	-0.379348	1.00E-06	0.571139	1.00E-06	0	0	0	-0.13	0	0.305	0	0	0
3.893	7.635117	85.648094	10.588501	0.207992	0	-0.377605	1.00E-06	0.62528	0	0	0	0	-0.13	0	0.305	0	0	0
3.894	7.94652	86.683739	10.588501	0.209242	0	-0.377964	1.00E-06	0.62528	0	0	0	0	-0.13	0	0.305	0	0	0
3.895	7.243696	86.683739	10.666994	0.209242	0	-0.377605	0	0.629144	0	0	0	0	-0.13	0	0.305	0	0	0
3.896	7.870834	86.860031	10.980398	0.209242	0	-0.375691	0.00E+00	0.614483	0	0	0	0	-0.13	0	0.305	0	0	0
3.897	7.870834	87.202545	11.136978	0.209818	0	-0.374146	1.00E-06	0.614483	0.00E+00	0	0	0	-0.13	0	0.305	0	0	0
3.898	7.944355	87.390396	11.136978	0.210083	0	-0.372324	2.00E-06	0.614483	0	0	0	0	-0.13	0	0.305	0	0	0
3.899	7.944355	87.390396	10.980516	0.210083	0	-0.372324	2.00E-06	0.545634	0	0	0	0	-0.13	0	0.305	0	0	0
3.9	7.944355	86.339294	10.902105	0.210083	0	-0.372824	2.00E-06	0.60988	0	0	0	0	-0.13	0	0.305	0	0	0
3.901	7.636559	86.339294	10.980516	0.209895	0	-0.375495	3.00E-06	0.563593	0.00E+00	0	0	0	-0.13	0	0.305	0	0	0
3.902	7.400122	86.164536	10.823494	0.210984	0	-0.375495	2.00E-06	0.563593	1.00E-06	0	0	0	-0.13	0	0.305	0	0	0
3.903	7.323713	86.690689	10.667032	0.210984	0	-0.375495	2.00E-06	0.563593	0.00E+00	0	0	0	-0.13	0	0.305	0	0	0
3.904	7.325878	87.045151	10.667032	0.211225	0	-0.376174	2.00E-06	0.563192	1.00E-06	0	0	0	-0.13	0	0.305	0	0	0
3.905	7.325878	87.045151	10.667076	0.211225	0	-0.376174	2.00E-06	0.482064	1.00E-06	0	0	0	-0.13	0	0.305	0	0	0
3.906	7.401564	87.045151	10.823736	0.210735	0	-0.377253	1.00E-06	0.482064	1.00E-06	0	0	0	-0.13	0	0.305	0	0	0
3.907	7.483023	88.403671	10.902147	0.210014	0	-0.378229	1.00E-06	0.482064	1.00E-06	0	0	0	-0.13	0	0.305	0	0	0
3.908	7.483023	88.403671	10.902147	0.210228	0	-0.378229	1.00E-06	0.550621	1.00E-06	0	0	0	-0.13	0	0.305	0	0	0
3.909	7.483023	88.575699	10.588583	0.210228	0	-0.378229	2.00E-06	0.593315	1.00E-06	0	0	0	-0.13	0	0.305	0	0	0
3.91	7.16729	88.050354	10.588583	0.210228	0	-0.378074	2.00E-06	0.593315	1.00E-06	0	0	0	-0.13	0	0.305	0	0	0
3.911	7.711525	88.050354	11.372252	0.209342	0	-0.377332	2.00E-06	0.531554	1.00E-06	0	0	0	-0.13	0	0.305	0	0	0
3.912	7.245142	88.050354	11.372252	0.209342	0	-0.377332	2.00E-06	0.531554	1.00E-06	0	0	0	-0.13	0	0.305	0	0	0
3.913	7.632952	87.548523	11.45038	0.209342	0	-0.377332	3.00E-06	0.550997	1.00E-06	0	0	0	-0.13	0	0.305	0	0	0
3.914	7.401564	87.537323	11.372208	0.209228	0	-0.377726	3.00E-06	0.550997	1.00E-06	0	0	0	-0.13	0	0.305	0	0	0
3.915	7.401564	87.537323	10.980398	0.209228	0	-0.377726	3.00E-06	0.516332	1.00E-06	0	0	0	-0.13	0	0.305	0	0	0
3.916	7.321548	87.019325	10.902025	0.209722	0	-0.377726	3.00E-06	0.516332	1.00E-06	0	0	0	-0.13	0	0.305	0	0	0
3.917	7.321548	87.723671	10.980398	0.209722	0	-0.37668	2.00E-06	0.603154	1.00E-06	0	0	0	-0.13	0	0.305	0	0	0
3.918	7.321548	87.708206	11.450701	0.209563	0	-0.379917	3.00E-06	0.603154	1.00E-06	0	0	0	-0.13	0	0.305	0	0	0
3.919	7.321548	87.708206	11.68553	0.209563	0	-0.37992	2.00E-06	0.445842	1.00E-06	0	0	0	-0.13	0	0.305	0	0	0
3.92	7.402287	86.853813	11.68553	0.210009	0	-0.37992	2.00E-06	0.445842	1.00E-06	0	0	0	-0.13	0	0.305	0	0	0
3.921	7.402287	86.853813	11.68553	0.210939	0	-0.378363	2.00E-06	0.445842	1.00E-06	0	0	0	-0.13	0	0.305	0	0	0
3.922	7.402287	87.030495	11.450462	0.210009	0	-0.376849	2.00E-06	0.408275	1.00E-06	0	0	0	-0.13	0	0.305	0	0	0
3.923	7.79587	87.030495	11.450462	0.208449	0	-0.376132	1.00E-06	0.408275	1.00E-06	0	0	0	-0.13	0	0.305	0	0	0
3.924	7.79587	86.172661	11.450462	0.208308	0	-0.376132	1.00E-06	0.417554	1.00E-06	0	0	0	-0.13	0	0.305	0	0	0
3.925	7.79587	85.983246	11.528749	0.207931	0	-0.377928	1.00E-06	0.442981	1.00E-06	0	0	0	-0.13	0	0.305	0	0	0
3.926	7.948685	85.983246	11.215509	0.207931	0	-0.379983	1.00E-06	0.442981	1.00E-06	0	0	0	-0.13	0	0.305	0	0	0
3.927	7.948685	85.474876	11.372089	0.207344	0	-0.379983	1.00E-06	0.475631	1.00E-06	0	0	0	-0.13	0	0.305	0	0	0
3.928	7.322992	85.474876	11.372089	0.208217	0	-0.379983	1.00E-06	0.559776	1.00E-06	0	0	0	-0.13	0	0.305	0	0	0
3.929	7.322992	85.474876	11.52895	0.208217	0	-0.378441	1.00E-06	0.588457	1.00E-06	0	0	0	-0.13	0	0.305	0	0	0
3.93	7.559431	84.782501	11.68553	0.208325	0	-0.378441	1.00E-06	0.559776	1.00E-06	0	0	0	-0.13	0	0.305	0	0	0
3.931	7.715132	84.782501	11.528994	0.20963	0	-0.377134	2.00E-06	0.469697	1.00E-06	0	0	0	-0.13	0	0.305	0	0	0
3.932	7.559431	84.782501	11.68553	0.20963	0	-0.377134	2.00E-06	0.469697	1.00E-06	0	0	0	-0.13	0	0.305	0	0	0
3.933	7.47653	85.979805	11.842474	0.20963	0	-0.377134	1.00E-06	0.577948	1.00E-06	0	0	0	-0.13	0	0.305	0	0	0
3.934	7.47653	85.979805	12.155718	0.21072	0	-0.375098	1.00E-06	0.577948	1.00E-06	0	0	0	-0.13	0	0.305	0	0	0
3.935	7.635839	85.979805	12.155718	0.211239	0	-0.377916	2.00E-06	0.498346	1.00E-06	0	0	0	-0.13	0	0.305	0	0	0
3.936	7.869392	85.491089	12.155676	0.211239	0	-0.376679	2.00E-06	0.498346	1.00E-06	0	0	0	-0.13	0	0.305	0	0	0
3.937	7.869392	84.964577	11.763985	0.210178	0	-0.376679	2.00E-06	0.498346	1.00E-06	0	0	0	-0.13	0	0.305	0	0	0
3.938	7.869392	84.964577	11.763985	0.209591	0	-0.376679	1.00E-06	0.444054	0	0	0	0	-0.13	0	0.305	0	0	0
3.939	7.793705	87.199837	12.312418	0.208565	0	-0.376152	2.00E-06	0.444054	0	0	0	0	-0.13	0	0.305	0	0	0
3.94	7.556545	87.713257	12.312418	0.208292	0	-0.376152	1.00E-06	0.506633	1.00E-06	0	0	0	-0.13	0	0.305	0	0	0
3.941	7.477972	87.357986	11.450581	0.206578	0	-0.376152	2.00E-06	0.518352	1.00E-06	0	0	0	-0.13	0	0.305	0	0	0
3.942	7.556545	87.357986	11.450581	0.208292	0	-0.375275	3.00E-06	0.518352	1.00E-06	0	0	0	-0.13	0	0.305	0	0	0
3.943	7.638004	86.345467	12.077427	0.207533	0	-0.376743	3.00E-06	0.530688	1.00E-06	0	0	0	-0.13	0	0.305	0	0	0
3.944	7.638004	86.345467	12.077465	0.207533	0	-0.376743	3.00E-06	0.530688	1.00E-06	0	0	0	-0.13	0	0.305	0	0	0
3.945	7.166569	87.189812	12.077465	0.207533	0	-0.376743	2.00E-06	0.56024	2.00E-06	0	0	0	-0.13	0	0.305	0	0	0
3.946	7.166569	87.552017	12.234125	0.20942	0	-0.376925	2.00E-06	0.56024	1.00E-06	0	0	0	-0.13	0	0.305	0	0	0
3.947	7.166569	87.552017	12.312498	0.20942	0	-0.376925	1.00E-06	0.56024	1.00E-06	0	0	0	-0.13	0	0.305	0	0	0
3.948	7.09016	86.847275	12.390787	0.20942	0	-0.377767	1.00E-06	0.548902	1.00E-06	0	0	0	-0.13	0	0.305	0	0	0
3.949	7.007259	86.69339	12.312498	0.209886	0	-0.377767	1.00E-06	0.517287	1.00E-06	0	0	0	-0.13	0	0.305	0	0	0
3.95	6.854443	86.69339	12.46924	0.209886	0	-0.377767	2.00E-06	0.517287	1.00E-06	0	0	0	-0.13	0	0.305	0	0	0
3.951	6.854443	86.85537	12.155876	0.209886	0	-0.378974	2.00E-06	0.517287	1.00E-06	0	0	0	-0.13	0	0.305	0	0	0
3.952	7.009424	87.709351	12.155876	0.210789	0	-0.381112	2.00E-06	0.49878	1.00E-06	0	0	0	-0.13	0	0.305	0	0	0
3.953	7.009424	87.709351	12.155876	0.210789	0	-0.381112	2.00E-06	0.41048	1.00E-06	0	0	0	-0.13	0	0.305	0	0	0
3.954	7.009424	87.366837	12.860813	0.207933	0	-0.381615	2.00E-06	0.41048	1.00E-06	0	0	0	-0.13	0	0.305	0	0	0
3.955	6.930128	87.366837	12.860813	0.207437	0	-0.382146	1.00E-06	0.41048	0.00E+00	0	0	0	-0.13	0	0.305	0	0	0
3.956	6.930128	86.327713	12.939383	0.207177	0	-0.382146	1.00E-06	0.417028	1.00E-06	0	0	0	-0.13	0	0.305	0	0	0
3.957	6.930128	87.536545	12.312418	0.207437	0	-0.381581	1.00E-06	0.472696	1.00E-06	0	0	0	-0.13	0	0.305	0	0	0
3.958	7.168011	87.536545	12.62594	0.206925	0	-0.379574	1.00E-06	0.472696	1.00E-06	0	0	0	-0.13	0	0.305	0	0	0
3.959	7.556545	87.696648	12.62594	0.206925	0	-0.378746	2.00E-06	0.499879	1.00E-06	0	0	0	-0.13	0	0.305	0	0	0
3.96	7.556545	87.696648	12.62594	0.206925	0	-0.378746	4.00E-06	0.505935	1.00E-06	0	0	0	-0.13	0	0.305	0	0	0
3.961	7.166569	87.696648	13.017635	0.208765	0	-0.379718	4.00E-06	0.505935	1.00E-06	0	0	0	-0.13	0	0.305	0	0	0
3.962	6.772984	86.849205	13.017635	0.208765	0	-0.380637	2.00E-06	0.597462	1.00E-06	0	0	0	-0.13	0	0.305	0	0	0
3.963	6.772984	86.498955	13.017635	0.208765	0	-0.380637	2.00E-06	0.612027	1.00E-06	0	0	0	-0.13	0	0.305	0	0	0
3.964	6.772984	86.49781	13.017673	0.208089	0	-0.380566	2.00E-06	0.612027	1.00E-06	0	0	0	-0.13	0	0.305	0	0	0
3.965	6.619446	85.995247	13.017673	0.208735	0	-0.378882	1.00E-06	0.506649	1.00E-06	0	0	0	-0.13	0	0.305	0	0	0
3.966	6.541595	86.49781	13.174536	0.208089	0	-0.378882	2.00E-06	0.506649	0	0	0	0	-0.13	0	0.305	0	0	0
3.967	6.462301	85.127724	13.174536	0.208594	0	-0.378882	2.00E-06	0.500357	0	0	0	0	-0.13	0	0.305	0	0	0
3.968	6.462301	84.610085	13.096087	0.207965	0	-0.379491	3.00E-06	0.449283	0	0	0	0	-0.13	0	0.305	0	0	0
3.969	6.856607	84.610085	13.096087	0.207965	0	-0.379491	3.00E-06	0.38792	1.00E-06	0	0	0	-0.13	0	0.305	0	0	0
3.97	6.931572	84.772873	13.252909	0.206522	0	-0.379491	3.00E-06	0.38792	1.00E-06	0	0	0	-0.13	0	0.305	0	0	0
3.971	6.931572	84.95726	13.252909	0.206522	0	-0.375308	2.00E-06	0.38792	1.00E-06	0	0	0	-0.13	0	0.305	0	0	0
3.972	6.932293	84.95726	12.939262	0.207122	0	-0.379634	2.00E-06	0.4625	1.00E-06	0	0	0	-0.13	0	0.305	0	0	0
3.973	6.934458	84.95726	12.782764	0.207122	0	-0.381172	1.00E-06	0.457615	1.00E-06	0	0	0	-0.13	0	0.305	0	0	0
3.974	7.087275	85.294388	12.939262	0.205946	0	-0.381172	1.00E-06	0.496938	1.00E-06	0	0	0	-0.13	0	0.305	0	0	0
3.975	7.168011	83.571327	12.782721	0.205946	0	-0.380756	1.00E-06	0.457615	1.00E-06	0	0	0	-0.13	0	0.305	0	0	0
3.976	7.400843	84.957657	13.017794	0.206514	0	-0.37564	1.00E-06	0.496938	1.00E-06	0	0	0	-0.13	0	0.305	0	0	0
3.977	7.168011	83.409737	13.252626	0.207144	0	-0.375874	1.00E-06	0.53397	1.00E-06	0	0	0	-0.13	0	0.305	0	0	0
3.978	7.007259	83.409737	13.252626	0.207144	0	-0.375874	1.00E-06	0.53397	1.00E-06	0	0	0	-0.13	0	0.305	0	0	0
3.979	6.539431	83.231903	13.096205	0.207643	0	-0.379157	1.00E-06	0.534667	0.00E+00	0	0	0	-0.13	0	0.305	0	0	0
3.98	6.464466	82.56617	13.017794	0.20779	0	-0.379157	1.00E-06	0.530484	0	0	0	0	-0.13	0	0.305	0	0	0
3.981	6.464466	82.56617	13.017794	0.20779	0	-0.376481	3.00E-06	0.534667	0	0	0	0	-0.13	0	0.305	0	0	0
3.982	6.539431	82.56617	13.409571	0.208126	0	-0.376481	2.00E-06	0.504622	0	0	0	0	-0.13	0	0.305	0	0	0
3.983	6.539431	83.420151	13.409571	0.208168	0	-0.376481	3.00E-06	0.504622	1.00E-06	0	0	0	-0.13	0	0.305	0	0	0
3.984	6.620169	83.406639	13.566189	0.208168	0	-0.377521	2.00E-06	0.469199	1.00E-06	0	0	0	-0.13	0	0.305	0	0	0
3.985	6.620169	83.406639	13.33124	0.209635	0	-0.378311	1.00E-06	0.469199	1.00E-06	0	0	0	-0.13	0	0.305	0	0	0
3.986	6.620169	83.406639	13.409771	0.209635	0	-0.380925	1.00E-06	0.469199	1.00E-06	0	0	0	-0.13	0	0.305	0	0	0
3.987	6.542318	83.401611	13.409489	0.209635	0	-0.380925	2.00E-06	0.46628	1.00E-06	0	0	0	-0.13	0	0.305	0	0	0
3.988	6.542318	83.057175	13.409771	0.208072	0	-0.379554	2.00E-06	0.46628	1.00E-06	0	0	0	-0.13	0	0.305	0	0	0
3.989	6.618725	83.057175	13.566309	0.207425	0	-0.37829	3.00E-06	0.473516	1.00E-06	0	0	0	-0.13	0	0.305	0	0	0
3.99	6.618725	81.689018	13.879753	0.207425	0	-0.37829	2.00E-06	0.526134	1.00E-06	0	0	0	-0.13	0	0.305	0	0	0
3.991	6.460857	83.402397	13.879753	0.206569	0	-0.379223	2.00E-06	0.606188	1.00E-06	0	0	0	-0.13	0	0.305	0	0	0
3.992	6.458693	83.402397	13.879753	0.206569	0	-0.381816	2.00E-06	0.613166	1.00E-06	0	0	0	-0.13	0	0.305	0	0	0
3.993	6.069437	83.897278	13.958084	0.206569	0	-0.381825	3.00E-06	0.613166	1.00E-06	0	0	0	-0.13	0	0.305	0	0	0
3.994	6.069437	83.897278	14.428226	0.20663	0	-0.381825	3.00E-06	0.613166	1.00E-06	0	0	0	-0.13	0	0.305	0	0	0
3.995	5.990145	83.74028	14.428307	0.206239	0	-0.381558	1.00E-06	0.575508	1.00E-06	0	0	0	-0.13	0	0.305	0	0	0
3.996	5.834442	83.405495	14.506475	0.206239	0	-0.379721	1.00E-06	0.613696	1.00E-06	0	0	0	-0.13	0	0.305	0	0	0
3.997	5.834442	83.74028	14.82004	0.206239	0	-0.380904	2.00E-06	0.570755	0	0	0	0	-0.13	0	0.305	0	0	0
3.998	5.836607	83.565544	14.82004	0.207225	0	-0.380904	2.00E-06	0.526781	0	0	0	0	-0.13	0	0.305	0	0	0
3.999	5.836607	83.565544	14.584848	0.207225	0	-0.382093	2.00E-06	0.526781	0	0	0	0	-0.13	0	0.305	0	0	0
4	5.836607	83.565544	14.506556	0.207225	0	-0.382798	3.00E-06	0.611269	0	0	0	0	-0.13	0	0.305	0	0	0
4.001	5.600168	81.67704	14.506556	0.205968	0	-0.385086	3.00E-06	0.631079	1.00E-06	0	0	0	-0.13	0	0.305	0	0	0
4.002	5.760921	81.844826	14.820002	0.206309	0	-0.385086	3.00E-06	0.631079	1.00E-06	0	0	0	-0.13	0	0.305	0	0	0
4.003	5.525204	81.662384	14.820002	0.20619	0	-0.385086	1.00E-06	0.414558	1.00E-06	0	0	0	-0.13	0	0.305	0	0	0
4.004	5.601612	81.503456	14.820002	0.20619	0	-0.384543	2.00E-06	0.414558	1.00E-06	0	0	0	-0.13	0	0.305	0	0	0
4.005	5.601612	81.503456	15.368517	0.20619	0	-0.383951	2.00E-06	0.414558	1.00E-06	0	0	0	-0.13	0	0.305	0	0	0
4.006	5.760199	80.982361	15.368517	0.206122	0	-0.383935	2.00E-06	0.456525	0	0	0	0	-0.13	0	0.305	0	0	0
4.007	5.760199	80.982361	15.446766	0.206122	0	-0.380542	1.00E-06	0.456525	0	0	0	0	-0.13	0	0.305	0	0	0
4.008	5.760199	80.982361	15.446846	0.205833	0	-0.380355	1.00E-06	0.456525	0	0	0	0	-0.13	0	0.305	0	0	0
4.009	6.072325	80.97892	15.916988	0.205833	0	-0.380355	1.00E-06	0.44822	1.00E-06	0	0	0	-0.13	0	0.305	0	0	0
4.01	6.072325	80.800278	16.073692	0.205974	0	-0.382079	1.00E-06	0.44822	1.00E-06	0	0	0	-0.13	0	0.305	0	0	0
4.011	5.835884	80.800278	16.073692	0.205974	0	-0.382079	2.00E-06	0.500764	1.00E-06	0	0	0	-0.13	0	0.305	0	0	0
4.012	5.756592	80.29155	15.368555	0.205974	0	-0.381168	2.00E-06	0.543191	1.00E-06	0	0	0	-0.13	0	0.305	0	0	0
4.013	5.756592	80.642937	15.368555	0.206181	0	-0.380678	2.00E-06	0.543191	1.00E-06	0	0	0	-0.13	0	0.305	0	0	0
4.014	5.835884	80.29155	16.151941	0.206997	0	-0.38041	2.00E-06	0.522644	1.00E-06	0	0	0	-0.13	0	0.305	0	0	0
4.015	5.835884	80.128769	16.151941	0.207429	0	-0.38041	3.00E-06	0.522644	1.00E-06	0	0	0	-0.13	0	0.305	0	0	0
4.016	5.600889	79.947472	16.073811	0.206997	0	-0.38278	1.00E-06	0.522644	1.00E-06	0	0	0	-0.13	0	0.305	0	0	0
4.017	5.600889	79.947472	15.91715	0.207429	0	-0.38278	1.00E-06	0.417065	1.00E-06	0	0	0	-0.13	0	0.305	0	0	0
4.018	5.600889	80.11718	15.91715	0.206688	0	-0.384613	1.00E-06	0.417065	1.00E-06	0	0	0	-0.13	0	0.305	0	0	0
4.019	5.523039	81.680145	16.308764	0.207138	0	-0.379527	1.00E-06	0.445523	1.00E-06	0	0	0	-0.13	0	0.305	0	0	0
4.02	5.523039	81.504265	16.308764	0.206688	0	-0.378188	0	0.445523	1.00E-06	0	0	0	-0.13	0	0.305	0	0	0
4.021	5.523039	81.504265	16.308764	0.20622	0	-0.378188	0	0.445523	1.00E-06	0	0	0	-0.13	0	0.305	0	0	0
4.022	5.52376	80.800674	16.230715	0.20622	0	-0.381978	0.00E+00	0.416174	1.00E-06	0	0	0	-0.13	0	0.305	0	0	0
4.023	5.445187	80.800674	16.230715	0.206659	0	-0.381978	2.00E-06	0.461081	1.00E-06	0	0	0	-0.13	0	0.305	0	0	0
4.024	5.680183	80.639839	16.073648	0.206659	0	-0.381978	1.00E-06	0.490456	1.00E-06	0	0	0	-0.13	0	0.305	0	0	0
4.025	5.680183	80.811111	16.07353	0.205108	0	-0.380611	1.00E-06	0.560844	1.00E-06	0	0	0	-0.13	0	0.305	0	0	0
4.026	5.680183	80.811111	16.073648	0.205108	0	-0.380611	1.00E-06	0.560844	0.00E+00	0	0	0	-0.13	0	0.305	0	0	0
4.027	5.598724	80.811111	16.07373	0.206007	0	-0.380611	1.00E-06	0.560844	1.00E-06	0	0	0	-0.13	0	0.305	0	0	0
4.028	5.598724	81.327209	16.230593	0.207005	0	-0.379669	1.00E-06	0.4336	1.00E-06	0	0	0	-0.13	0	0.305	0	0	0
4.029	5.365894	81.336823	16.308804	0.207489	0	-0.383549	2.00E-06	0.414985	1.00E-06	0	0	0	-0.13	0	0.305	0	0	0
4.03	4.973751	81.847565	16.543795	0.208385	0	-0.37839	2.00E-06	0.414985	1.00E-06	0	0	0	-0.13	0	0.305	0	0	0
4.031	4.973751	81.667404	16.387335	0.208385	0	-0.381678	2.00E-06	0.414985	0	0	0	0	-0.13	0	0.305	0	0	0
4.032	4.977362	81.847565	16.543674	0.208296	0	-0.381678	2.00E-06	0.476711	0	0	0	0	-0.13	0	0.305	0	0	0
4.033	5.288042	82.702682	16.543674	0.207328	0	-0.381678	1.00E-06	0.40922	0.00E+00	0	0	0	-0.13	0	0.305	0	0	0
4.034	5.052324	82.869682	16.543674	0.207054	0	-0.381124	1.00E-06	0.476711	0	0	0	0	-0.13	0	0.305	0	0	0
4.035	5.052324	82.702682	16.230635	0.206314	0	-0.381124	1.00E-06	0.384768	0	0	0	0	-0.13	0	0.305	0	0	0
4.036	5.052324	81.666626	16.230635	0.206775	0	-0.382956	1.00E-06	0.41956	1.00E-06	0	0	0	-0.13	0	0.305	0	0	0
4.037	5.053768	81.666626	16.387094	0.206314	0	-0.382956	1.00E-06	0.41956	1.00E-06	0	0	0	-0.13	0	0.305	0	0	0
4.038	5.211634	83.705551	16.387094	0.20575	0	-0.382956	2.00E-06	0.489321	1.00E-06	0	0	0	-0.13	0	0.305	0	0	0
4.039	5.365171	83.891899	16.387094	0.204089	0	-0.3812	2.00E-06	0.554042	0	0	0	0	-0.13	0	0.305	0	0	0
4.04	5.365171	83.705551	16.230593	0.204089	0	-0.384252	2.00E-06	0.489321	0	0	0	0	-0.13	0	0.305	0	0	0
4.041	5.210915	83.385788	16.230434	0.205145	0	-0.384079	1.00E-06	0.509093	0.00E+00	0	0	0	-0.13	0	0.305	0	0	0
4.042	5.20875	83.385788	16.152142	0.205145	0	-0.384079	1.00E-06	0.509093	1.00E-06	0	0	0	-0.13	0	0.305	0	0	0
4.043	5.132341	83.374985	15.995481	0.205145	0	-0.384079	1.00E-06	0.509093	1.00E-06	0	0	0	-0.13	0	0.305	0	0	0
4.044	5.20875	83.374985	15.995481	0.203196	0	-0.383889	2.00E-06	0.49957	1.00E-06	0	0	0	-0.13	0	0.305	0	0	0
4.045	5.210915	82.691887	15.995481	0.206344	0	-0.383889	2.00E-06	0.498068	1.00E-06	0	0	0	-0.13	0	0.305	0	0	0
4.046	5.210915	82.531807	15.995481	0.205469	0	-0.383889	2.00E-06	0.497752	1.00E-06	0	0	0	-0.13	0	0.305	0	0	0
4.047	5.209469	82.512878	15.995481	0.205469	0	-0.387807	1.00E-06	0.486845	1.00E-06	0	0	0	-0.13	0	0.305	0	0	0
4.048	5.209469	81.658508	16.073811	0.204996	0	-0.388622	1.00E-06	0.340261	1.00E-06	0	0	0	-0.13	0	0.305	0	0	0
4.049	5.055212	81.479141	16.073973	0.204845	0	-0.388622	1.00E-06	0.340261	1.00E-06	0	0	0	-0.13	0	0.305	0	0	0
4.05	5.369501	81.479141	16.152142	0.202762	0	-0.388622	1.00E-06	0.419561	1.00E-06	0	0	0	-0.13	0	0.305	0	0	0
4.051	5.602331	81.130478	16.308922	0.202762	0	-0.386007	1.00E-06	0.419561	1.00E-06	0	0	0	-0.13	0	0.305	0	0	0
4.052	5.602331	81.130478	16.387253	0.201898	0	-0.386007	1.00E-06	0.410943	0.00E+00	0	0	0	-0.13	0	0.305	0	0	0
4.053	6.068718	81.996414	16.622168	0.202962	0	-0.387074	2.00E-06	0.410943	1.00E-06	0	0	0	-0.13	0	0.305	0	0	0
4.054	5.755871	82.505203	17.014101	0.202962	0	-0.387074	2.00E-06	0.460165	1.00E-06	0	0	0	-0.13	0	0.305	0	0	0
4.055	5.755871	82.505203	17.09247	0.202962	0	-0.387548	2.00E-06	0.460165	1.00E-06	0	0	0	-0.13	0	0.305	0	0	0
4.056	5.755871	82.003754	17.405712	0.203296	0	-0.384983	2.00E-06	0.398069	1.00E-06	0	0	0	-0.13	0	0.305	0	0	0
4.057	5.754427	82.003754	17.875896	0.203749	0	-0.383835	1.00E-06	0.398069	1.00E-06	0	0	0	-0.13	0	0.305	0	0	0
4.058	6.067995	82.854279	18.0326	0.204918	0	-0.383835	1.00E-06	0.416963	1.00E-06	0	0	0	-0.13	0	0.305	0	0	0
4.059	6.067995	83.203354	18.111132	0.204956	0	-0.384043	1.00E-06	0.416963	1.00E-06	0	0	0	-0.13	0	0.305	0	0	0
4.06	6.067995	83.711716	19.051178	0.204956	0	-0.385058	2.00E-06	0.416963	0	0	0	0	-0.13	0	0.305	0	0	0
4.061	5.754427	84.571869	19.207958	0.204196	0	-0.386253	4.00E-06	0.407859	0	0	0	0	-0.13	0	0.305	0	0	0
4.062	5.754427	84.920578	19.051178	0.204196	0	-0.385058	3.00E-06	0.407859	0.00E+00	0	0	0	-0.13	0	0.305	0	0	0
4.063	5.754427	84.571869	19.051178	0.204576	0	-0.387143	3.00E-06	0.407859	1.00E-06	0	0	0	-0.13	0	0.305	0	0	0
4.064	5.755871	84.920578	19.051178	0.204576	0	-0.384024	3.00E-06	0.424121	1.00E-06	0	0	0	-0.13	0	0.305	0	0	0
4.065	5.832277	85.095314	20.304829	0.204576	0	-0.383523	2.00E-06	0.525422	1.00E-06	0	0	0	-0.13	0	0.305	0	0	0
4.066	5.832277	86.98111	20.383238	0.20363	0	-0.383523	2.00E-06	0.525422	1.00E-06	0	0	0	-0.13	0	0.305	0	0	0
4.067	5.908686	86.98111	20.38336	0.20363	0	-0.383649	2.00E-06	0.524518	1.00E-06	0	0	0	-0.13	0	0.305	0	0	0
4.068	5.988701	86.638573	20.461649	0.20363	0	-0.385192	2.00E-06	0.462121	0	0	0	0	-0.13	0	0.305	0	0	0
4.069	5.988701	86.638573	21.009924	0.203445	0	-0.385906	2.00E-06	0.462121	0	0	0	0	-0.13	0	0.305	0	0	0
4.07	5.597282	86.799034	21.010086	0.203047	0	-0.386663	2.00E-06	0.567396	2.00E-06	0	0	0	-0.13	0	0.305	0	0	0
4.071	5.517988	87.316673	21.245077	0.203047	0	-0.386663	2.00E-06	0.582342	2.00E-06	0	0	0	-0.13	0	0.305	0	0	0
4.072	5.207304	87.316673	21.63673	0.203047	0	-0.386663	1.00E-06	0.582342	1.00E-06	0	0	0	-0.13	0	0.305	0	0	0
4.073	5.207304	88.541733	21.95013	0.204872	0	-0.38821	0.00E+00	0.582342	1.00E-06	0	0	0	-0.13	0	0.305	0	0	0
4.074	4.656576	89.379883	21.95013	0.205133	0	-0.38821	1.00E-06	0.700361	1.00E-06	0	0	0	-0.13	0	0.305	0	0	0
4.075	4.579447	89.379883	22.185322	0.205133	0	-0.387962	1.00E-06	0.579996	1.00E-06	0	0	0	-0.13	0	0.305	0	0	0
4.076	4.579447	91.274582	22.341944	0.202605	0	-0.383222	2.00E-06	0.688311	1.00E-06	0	0	0	-0.13	0	0.305	0	0	0
4.077	5.126568	90.587204	22.655428	0.202605	0	-0.385429	3.00E-06	0.579996	1.00E-06	0	0	0	-0.13	0	0.305	0	0	0
4.078	5.126568	90.587204	22.733759	0.202767	0	-0.385429	3.00E-06	0.506215	1.00E-06	0	0	0	-0.13	0	0.305	0	0	0
4.079	5.285156	90.587204	23.203781	0.202767	0	-0.388781	3.00E-06	0.47957	1.00E-06	0	0	0	-0.13	0	0.305	0	0	0
4.08	4.740921	90.9216	23.203781	0.202767	0	-0.388781	3.00E-06	0.47957	1.00E-06	0	0	0	-0.13	0	0.305	0	0	0
4.081	4.425909	90.9216	23.203781	0.204019	0	-0.390883	3.00E-06	0.47957	1.00E-06	0	0	0	-0.13	0	0.305	0	0	0
4.082	4.425909	91.105988	23.439054	0.204019	0	-0.390258	1.00E-06	0.507973	1.00E-06	0	0	0	-0.13	0	0.305	0	0	0
4.083	4.581612	89.882835	23.439054	0.202788	0	-0.391691	1.00E-06	0.507973	1.00E-06	0	0	0	-0.13	0	0.305	0	0	0
4.084	4.581612	90.039062	23.595552	0.202208	0	-0.394362	2.00E-06	0.534354	1.00E-06	0	0	0	-0.13	0	0.305	0	0	0
4.085	4.581612	90.039062	23.830788	0.202208	0	-0.394362	2.00E-06	0.565084	0	0	0	0	-0.13	0	0.305	0	0	0
4.086	4.503761	90.227669	23.987368	0.201238	0	-0.39414	2.00E-06	0.565084	0	0	0	0	-0.13	0	0.305	0	0	0
4.087	5.125124	90.920067	24.143909	0.201238	0	-0.392127	2.00E-06	0.667503	1.00E-06	0	0	0	-0.13	0	0.305	0	0	0
4.088	4.503761	92.299805	24.30081	0.201238	0	-0.392127	1.00E-06	0.720965	1.00E-06	0	0	0	-0.13	0	0.305	0	0	0
4.089	4.660183	92.299805	24.535883	0.200879	0	-0.39053	1.00E-06	0.720965	1.00E-06	0	0	0	-0.13	0	0.305	0	0	0
4.09	4.660183	91.946854	24.770754	0.202378	0	-0.39053	1.00E-06	0.659269	0	0	0	0	-0.13	0	0.305	0	0	0
4.091	4.89085	91.768234	24.849247	0.202378	0	-0.390572	1.00E-06	0.659269	0	0	0	0	-0.13	0	0.305	0	0	0
4.092	4.89085	91.768234	25.24098	0.202378	0	-0.390572	1.00E-06	0.577724	1.00E-06	0	0	0	-0.13	0	0.305	0	0	0
4.093	4.89085	92.642685	25.47613	0.202874	0	-0.3902	1.00E-06	0.577724	2.00E-06	0	0	0	-0.13	0	0.305	0	0	0
4.094	4.815165	92.642685	25.47613	0.202874	0	-0.3902	1.00E-06	0.543366	1.00E-06	0	0	0	-0.13	0	0.305	0	0	0
4.095	4.893736	92.642685	25.319469	0.203169	0	-0.393028	1.00E-06	0.534489	1.00E-06	0	0	0	-0.13	0	0.305	0	0	0
4.096	4.893736	93.32386	25.319469	0.203187	0	-0.393028	2.00E-06	0.483897	1.00E-06	0	0	0	-0.13	0	0.305	0	0	0
4.097	4.893736	93.66021	25.47613	0.203268	0	-0.394171	2.00E-06	0.417938	1.00E-06	0	0	0	-0.13	0	0.305	0	0	0
4.098	5.052324	93.32386	25.47613	0.203268	0	-0.394171	2.00E-06	0.404224	1.00E-06	0	0	0	-0.13	0	0.305	0	0	0
4.099	5.126568	96.08329	25.47613	0.20272	0	-0.394171	2.00E-06	0.417938	1.00E-06	0	0	0	-0.13	0	0.305	0	0	0
4.1	5.20875	96.759102	25.3978	0.202359	0	-0.391975	2.00E-06	0.460356	1.00E-06	0	0	0	-0.13	0	0.305	0	0	0
4.101	5.126568	97.459961	25.39768	0.202352	0	-0.391824	1.00E-06	0.606275	1.00E-06	0	0	0	-0.13	0	0.305	0	0	0
4.102	5.20875	97.459961	25.39768	0.202359	0	-0.390146	1.00E-06	0.555348	1.00E-06	0	0	0	-0.13	0	0.305	0	0	0
4.103	5.050882	97.459961	25.632833	0.201855	0	-0.390146	3.00E-06	0.606275	1.00E-06	0	0	0	-0.13	0	0.305	0	0	0
4.104	5.130177	97.786285	25.867865	0.201375	0	-0.392287	3.00E-06	0.555348	1.00E-06	0	0	0	-0.13	0	0.305	0	0	0
4.105	4.892294	97.96138	25.946114	0.201375	0	-0.392287	3.00E-06	0.63058	1.00E-06	0	0	0	-0.13	0	0.305	0	0	0
4.106	4.735868	100.031967	25.946114	0.201017	0	-0.390635	3.00E-06	0.666429	1.00E-06	0	0	0	-0.13	0	0.305	0	0	0
4.107	4.735868	101.755005	25.711203	0.202303	0	-0.387768	2.00E-06	0.666429	1.00E-06	0	0	0	-0.13	0	0.305	0	0	0
4.108	4.657297	101.755005	25.711203	0.202303	0	-0.388604	2.00E-06	0.625969	2.00E-06	0	0	0	-0.13	0	0.305	0	0	0
4.109	4.268763	101.755005	25.789293	0.202303	0	-0.388604	1.00E-06	0.625969	1.00E-06	0	0	0	-0.13	0	0.305	0	0	0
4.11	4.268763	103.819382	26.102736	0.202914	0	-0.388604	1.00E-06	0.788454	1.00E-06	0	0	0	-0.13	0	0.305	0	0	0
4.111	4.188026	103.819382	26.102736	0.202914	0	-0.391434	3.00E-06	0.788454	1.00E-06	0	0	0	-0.13	0	0.305	0	0	0
4.112	4.190912	105.36068	26.494627	0.204829	0	-0.390547	3.00E-06	0.58236	1.00E-06	0	0	0	-0.13	0	0.305	0	0	0
4.113	4.190912	106.748528	26.807951	0.204829	0	-0.390547	3.00E-06	0.556257	1.00E-06	0	0	0	-0.13	0	0.305	0	0	0
4.114	4.190912	107.939636	26.886442	0.204114	0	-0.390547	4.00E-06	0.556257	1.00E-06	0	0	0	-0.13	0	0.305	0	0	0
4.115	4.113783	107.950432	27.121395	0.203995	0	-0.391465	0.00E+00	0.583132	2.00E-06	0	0	0	-0.13	0	0.305	0	0	0
4.116	4.113783	108.46151	27.199646	0.2038	0	-0.391961	4.00E-06	0.583132	2.00E-06	0	0	0	-0.13	0	0.305	0	0	0
4.117	4.113783	109.651054	27.199764	0.203203	0	-0.391961	2.00E-06	0.583132	2.00E-06	0	0	0	-0.13	0	0.305	0	0	0
4.118	3.955196	109.668808	27.356426	0.201584	0	-0.391961	2.00E-06	0.666723	1.00E-06	0	0	0	-0.13	0	0.305	0	0	0
4.119	3.955196	110.863007	27.278015	0.201584	0	-0.392418	0	0.666723	1.00E-06	0	0	0	-0.13	0	0.305	0	0	0
4.12	3.954473	111.384117	27.82629	0.201584	0	-0.392418	0.00E+00	0.718178	2.00E-06	0	0	0	-0.13	0	0.305	0	0	0
4.121	3.644512	111.384117	27.82629	0.201237	0	-0.396208	1.00E-06	0.818857	2.00E-06	0	0	0	-0.13	0	0.305	0	0	0
4.122	3.644512	111.709259	28.061481	0.201237	0	-0.396208	1.00E-06	0.818857	2.00E-06	0	0	0	-0.13	0	0.305	0	0	0
4.123	3.562332	111.541847	28.218182	0.202123	0	-0.397123	5.00E-06	0.720489	2.00E-06	0	0	0	-0.13	0	0.305	0	0	0
4.124	3.953753	112.240807	28.375048	0.203246	0	-0.394716	2.00E-06	0.676075	2.00E-06	0	0	0	-0.13	0	0.305	0	0	0
4.125	3.486647	112.417435	28.531504	0.203246	0	-0.394716	2.00E-06	0.651469	2.00E-06	0	0	0	-0.13	0	0.305	0	0	0
4.126	2.940247	114.635727	28.531504	0.203246	0	-0.394716	2.00E-06	0.651469	1.00E-06	0	0	0	-0.13	0	0.305	0	0	0
4.127	2.940247	114.650772	29.236803	0.203262	0	-0.394625	1.00E-06	0.651469	1.00E-06	0	0	0	-0.13	0	0.305	0	0	0
4.128	3.097391	114.650772	29.236803	0.202571	0	-0.395447	2.00E-06	0.761917	1.00E-06	0	0	0	-0.13	0	0.305	0	0	0
4.129	3.408794	115.316895	29.236803	0.201339	0	-0.395447	3.00E-06	0.771973	1.00E-06	0	0	0	-0.13	0	0.305	0	0	0
4.13	3.097391	116.008881	28.766739	0.201339	0	-0.398464	3.00E-06	0.771973	1.00E-06	0	0	0	-0.13	0	0.305	0	0	0
4.131	3.019541	116.008881	28.766739	0.200158	0	-0.398464	3.00E-06	0.773975	1.00E-06	0	0	0	-0.13	0	0.305	0	0	0
4.132	3.019541	117.561417	28.766739	0.201416	0	-0.395635	2.00E-06	0.634535	1.00E-06	0	0	0	-0.13	0	0.305	0	0	0
4.133	2.938805	118.264992	28.609957	0.201416	0	-0.39419	3.00E-06	0.798776	1.00E-06	0	0	0	-0.13	0	0.305	0	0	0
4.134	2.938805	120.320877	28.609915	0.201416	0	-0.39419	2.00E-06	0.82243	1.00E-06	0	0	0	-0.13	0	0.305	0	0	0
4.135	2.708858	120.320877	28.609915	0.201327	0	-0.394195	2.00E-06	0.82243	0	0	0	0	-0.13	0	0.305	0	0	0
4.136	2.708858	120.320877	28.531628	0.201327	0	-0.394195	2.00E-06	0.75559	0	0	0	0	-0.13	0	0.305	0	0	0
4.137	2.708858	123.071068	28.609915	0.201327	0	-0.394533	3.00E-06	0.75559	0.00E+00	0	0	0	-0.13	0	0.305	0	0	0
4.138	2.550993	123.244247	28.610039	0.202045	0	-0.394691	3.00E-06	0.75559	1.00E-06	0	0	0	-0.13	0	0.305	0	0	0
4.139	2.316717	123.244247	28.610039	0.202587	0	-0.394691	3.00E-06	0.724646	1.00E-06	0	0	0	-0.13	0	0.305	0	0	0
4.14	2.316717	124.969185	28.453135	0.202669	0	-0.396643	3.00E-06	0.724646	2.00E-06	0	0	0	-0.13	0	0.305	0	0	0
4.141	2.316717	125.66468	27.82637	0.203031	0	-0.397265	2.00E-06	0.724646	2.00E-06	0	0	0	-0.13	0	0.305	0	0	0
4.142	2.000984	126.164925	27.82637	0.203031	0	-0.397265	2.00E-06	0.629919	2.00E-06	0	0	0	-0.13	0	0.305	0	0	0
4.143	1.380341	127.378395	27.66971	0.203031	0	-0.397727	0.00E+00	0.629919	1.00E-06	0	0	0	-0.13	0	0.305	0	0	0
4.144	1.380341	128.234726	27.591255	0.202388	0	-0.397727	1.00E-06	0.761166	0.00E+00	0	0	0	-0.13	0	0.305	0	0	0
4.145	1.611729	128.908554	27.434517	0.202388	0	-0.397727	1.00E-06	0.763761	1.00E-06	0	0	0	-0.13	0	0.305	0	0	0
4.146	1.611729	131.671906	27.356306	0.20097	0	-0.395346	2.00E-06	0.763761	0.00E+00	0	0	0	-0.13	0	0.305	0	0	0
4.147	1.611729	131.673828	27.277857	0.202575	0	-0.395346	3.00E-06	0.812287	1.00E-06	0	0	0	-0.13	0	0.305	0	0	0
4.148	1.537487	132.712173	26.964373	0.20097	0	-0.395602	4.00E-06	0.838601	1.00E-06	0	0	0	-0.13	0	0.305	0	0	0
4.149	1.456026	134.935867	26.964373	0.200618	0	-0.3958	4.00E-06	0.893441	1.00E-06	0	0	0	-0.13	0	0.305	0	0	0
4.15	1.066051	136.486862	26.964373	0.200618	0	-0.395602	4.00E-06	0.893441	1.00E-06	0	0	0	-0.13	0	0.305	0	0	0
4.151	0.911793	137.541428	27.356226	0.201092	0	-0.394505	4.00E-06	0.893441	1.00E-06	0	0	0	-0.13	0	0.305	0	0	0
4.152	0.361063	139.247864	27.277775	0.201092	0	-0.392885	4.00E-06	0.971398	1.00E-06	0	0	0	-0.13	0	0.305	0	0	0
4.153	0.361063	139.417969	27.277775	0.200519	0	-0.393109	4.00E-06	0.971398	0	0	0	0	-0.13	0	0.305	0	0	0
4.154	0.363951	139.596176	26.885921	0.200519	0	-0.393109	3.00E-06	0.968666	0	0	0	0	-0.13	0	0.305	0	0	0
4.155	0.438913	140.795715	26.885921	0.201127	0	-0.395734	3.00E-06	0.968666	0	0	0	0	-0.13	0	0.305	0	0	0
4.156	0.363951	141.999573	26.885921	0.20243	0	-0.395734	3.00E-06	0.969821	1.00E-06	0	0	0	-0.13	0	0.305	0	0	0
4.157	0.361063	144.244507	26.415939	0.202895	0	-0.395734	4.00E-06	0.969821	1.00E-06	0	0	0	-0.13	0	0.305	0	0	0
4.158	0.208248	146.134521	26.180824	0.202951	0	-0.395682	4.00E-06	0.964785	2.00E-06	0	0	0	-0.13	0	0.305	0	0	0
4.159	0.12751	146.640198	26.102455	0.202895	0	-0.395682	1.00E-06	0.964785	2.00E-06	0	0	0	-0.13	0	0.305	0	0	0
4.16	0.12751	147.663483	26.102411	0.201274	0	-0.395682	1.00E-06	0.990386	2.00E-06	0	0	0	-0.13	0	0.305	0	0	0
4.161	-0.023863	148.192352	25.39736	0.201274	0	-0.396662	1.00E-06	0.990386	1.00E-06	0	0	0	-0.13	0	0.305	0	0	0
4.162	-0.418169	149.053268	25.083755	0.201	0	-0.396662	2.00E-06	0.894784	1.00E-06	0	0	0	-0.13	0	0.305	0	0	0
4.163	-0.574591	151.62291	24.927053	0.201632	0	-0.396662	2.00E-06	0.894784	1.00E-06	0	0	0	-0.13	0	0.305	0	0	0
4.164	-0.574591	151.635681	24.770554	0.201	0	-0.397758	2.00E-06	0.971365	2.00E-06	0	0	0	-0.13	0	0.305	0	0	0
4.165	-0.416725	152.311066	24.613569	0.202117	0	-0.399038	2.00E-06	1.007145	2.00E-06	0	0	0	-0.13	0	0.305	0	0	0
4.166	-0.416725	153.863953	24.300169	0.200466	0	-0.399038	4.00E-06	1.024709	2.00E-06	0	0	0	-0.13	0	0.305	0	0	0
4.167	-0.807425	155.760162	24.300089	0.200466	0	-0.399038	4.00E-06	1.028663	2.00E-06	0	0	0	-0.13	0	0.305	0	0	0
4.168	-1.040977	156.791611	23.986847	0.200403	0	-0.39886	2.00E-06	1.117651	2.00E-06	0	0	0	-0.13	0	0.305	0	0	0
4.169	-1.119549	158.160522	23.203016	0.20005	0	-0.39871	2.00E-06	1.122793	2.00E-06	0	0	0	-0.13	0	0.305	0	0	0
4.17	-1.350935	158.682007	23.203016	0.20005	0	-0.39871	3.00E-06	1.117651	2.00E-06	0	0	0	-0.13	0	0.305	0	0	0
4.171	-1.588818	160.240341	23.203016	0.199631	0	-0.397422	3.00E-06	1.122793	0	0	0	0	-0.13	0	0.305	0	0	0
4.172	-1.820929	162.461334	22.576454	0.199726	0	-0.397422	3.00E-06	1.096849	0	0	0	0	-0.13	0	0.305	0	0	0
4.173	-2.134497	163.493912	22.106308	0.199726	0	-0.397454	2.00E-06	1.102996	1.00E-06	0	0	0	-0.13	0	0.305	0	0	0
4.174	-2.601603	164.203995	21.871197	0.200596	0	-0.397454	2.00E-06	1.084206	2.00E-06	0	0	0	-0.13	0	0.305	0	0	0
4.175	-2.601603	168.151505	21.636206	0.200596	0	-0.397454	2.00E-06	1.067964	2.00E-06	0	0	0	-0.13	0	0.305	0	0	0
4.176	-2.679455	168.485535	21.322439	0.200596	0	-0.396798	4.00E-06	1.067964	2.00E-06	0	0	0	-0.13	0	0.305	0	0	0
4.177	-2.758028	172.281006	21.166183	0.200652	0	-0.39811	4.00E-06	1.167595	2.00E-06	0	0	0	-0.13	0	0.305	0	0	0
4.178	-2.993023	172.282196	20.93091	0.201105	0	-0.39811	4.00E-06	1.167595	1.00E-06	0	0	0	-0.13	0	0.305	0	0	0
4.179	-3.304426	172.445343	20.069113	0.201105	0	-0.39811	2.00E-06	1.164807	1.00E-06	0	0	0	-0.13	0	0.305	0	0	0
4.18	-3.536537	175.71817	19.677097	0.201105	0	-0.398107	2.00E-06	1.164807	2.00E-06	0	0	0	-0.13	0	0.305	0	0	0
4.181	-3.77009	176.925873	19.598928	0.200969	0	-0.398	2.00E-06	1.118992	2.00E-06	0	0	0	-0.13	0	0.305	0	0	0
4.182	-3.77009	180.19873	19.520517	0.200228	0	-0.397534	2.00E-06	1.183914	3.00E-06	0	0	0	-0.13	0	0.305	0	0	0
4.183	-4.788645	183.62973	18.501896	0.199795	0	-0.397534	3.00E-06	1.086265	2.00E-06	0	0	0	-0.13	0	0.305	0	0	0
4.184	-4.788645	183.802139	18.423689	0.199795	0	-0.397534	0.00E+00	1.08468	2.00E-06	0	0	0	-0.13	0	0.305	0	0	0
4.185	-4.785759	188.297729	18.266665	0.201209	0	-0.397437	1.00E-06	1.08468	2.00E-06	0	0	0	-0.13	0	0.305	0	0	0
4.186	-4.785759	191.208389	17.404829	0.201209	0	-0.396448	0.00E+00	1.241462	0	0	0	0	-0.13	0	0.305	0	0	0
4.187	-5.802153	192.414902	17.326536	0.201209	0	-0.396449	1.00E-06	1.305595	0	0	0	0	-0.13	0	0.305	0	0	0
4.188	-6.033541	196.890076	16.621241	0.201188	0	-0.396449	2.00E-06	1.305595	0	0	0	0	-0.13	0	0.305	0	0	0
4.189	-6.34783	198.781616	16.621241	0.201188	0	-0.397093	2.00E-06	1.333242	2.00E-06	0	0	0	-0.13	0	0.305	0	0	0
4.19	-7.128504	202.043686	16.386208	0.201188	0	-0.397093	2.00E-06	1.28437	2.00E-06	0	0	0	-0.13	0	0.305	0	0	0
4.191	-7.283485	206.702454	15.994434	0.201465	0	-0.39704	1.00E-06	1.28437	2.00E-06	0	0	0	-0.13	0	0.305	0	0	0
4.192	-7.749146	208.250702	15.524252	0.201465	0	-0.39704	2.00E-06	1.28437	2.00E-06	0	0	0	-0.13	0	0.305	0	0	0
4.193	-8.064157	210.142288	14.427423	0.201644	0	-0.39704	3.00E-06	1.327452	2.00E-06	0	0	0	-0.13	0	0.305	0	0	0
4.194	-8.220581	214.783691	14.427382	0.201264	0	-0.397559	3.00E-06	1.34267	2.00E-06	0	0	0	-0.13	0	0.305	0	0	0
4.195	-8.765539	216.142181	13.722048	0.201401	0	-0.39719	3.00E-06	1.327452	2.00E-06	0	0	0	-0.13	0	0.305	0	0	0
4.196	-9.386904	219.267303	12.546846	0.20028	0	-0.398961	3.00E-06	1.350814	2.00E-06	0	0	0	-0.13	0	0.305	0	0	0
4.197	-9.387624	224.062592	11.76322	0.20028	0	-0.398945	4.00E-06	1.350814	2.00E-06	0	0	0	-0.13	0	0.305	0	0	0
4.198	-9.387624	226.121582	11.76322	0.20028	0	-0.398945	0.00E+00	1.350814	1.00E-06	0	0	0	-0.13	0	0.305	0	0	0
4.199	-9.699028	229.925568	11.606636	0.200168	0	-0.39812	4.00E-06	1.356902	2.00E-06	0	0	0	-0.13	0	0.305	0	0	0
4.2	-9.699028	233.014053	10.117592	0.199976	0	-0.397853	7.00E-06	1.439091	2.00E-06	0	0	0	-0.13	0	0.305	0	0	0
4.201	-10.012597	235.420181	9.334167	0.199976	0	-0.397853	8.00E-06	1.439091	3.00E-06	0	0	0	-0.13	0	0.305	0	0	0
4.202	-10.087563	238.180023	8.785734	0.20039	0	-0.397853	9.00E-06	1.434746	2.00E-06	0	0	0	-0.13	0	0.305	0	0	0
4.203	-10.555388	243.330917	7.61025	0.200623	0	-0.398608	8.00E-06	1.427164	3.00E-06	0	0	0	-0.13	0	0.305	0	0	0
4.204	-10.633962	243.857422	7.29681	0.20039	0	-0.398608	6.00E-06	1.434746	0.00E+00	0	0	0	-0.13	0	0.305	0	0	0
4.205	-10.636848	248.159027	6.513384	0.200034	0	-0.398608	5.00E-06	1.519471	1.00E-06	0	0	0	-0.13	0	0.305	0	0	0
4.206	-11.099625	250.207581	5.886539	0.200034	0	-0.397235	6.00E-06	1.519471	1.00E-06	0	0	0	-0.13	0	0.305	0	0	0
4.207	-11.259657	253.147186	5.729797	0.199758	0	-0.397661	5.00E-06	1.464515	2.00E-06	0	0	0	-0.13	0	0.305	0	0	0
4.208	-11.648911	255.210785	4.946291	0.19992	0	-0.397491	6.00E-06	1.464515	2.00E-06	0	0	0	-0.13	0	0.305	0	0	0
4.209	-11.8803	259.506561	4.946291	0.1999	0	-0.397661	5.00E-06	1.464515	2.00E-06	0	0	0	-0.13	0	0.305	0	0	0
4.21	-11.957428	260.708832	3.535898	0.19992	0	-0.398173	5.00E-06	1.395586	2.00E-06	0	0	0	-0.13	0	0.305	0	0	0
4.211	-11.957428	266.395142	2.909054	0.1999	0	-0.398173	5.00E-06	1.3689	3.00E-06	0	0	0	-0.13	0	0.305	0	0	0
4.212	-11.95815	268.626953	2.360739	0.199974	0	-0.398173	6.00E-06	1.3689	3.00E-06	0	0	0	-0.13	0	0.305	0	0	0
4.213	-12.110965	269.830017	1.42041	0.199974	0	-0.397866	7.00E-06	1.3689	4.00E-06	0	0	0	-0.13	0	0.305	0	0	0
4.214	-12.110965	276.03009	0.950106	0.199974	0	-0.398453	7.00E-06	1.393267	4.00E-06	0	0	0	-0.13	0	0.305	0	0	0
4.215	-12.270997	276.540375	0.636824	0.199932	0	-0.397866	7.00E-06	1.467593	4.00E-06	0	0	0	-0.13	0	0.305	0	0	0
4.216	-12.270997	280.498688	-0.303507	0.199932	0	-0.397991	5.00E-06	1.467593	1.00E-06	0	0	0	-0.13	0	0.305	0	0	0
4.217	-12.267389	285.832825	-0.8519	0.200021	0	-0.397991	7.00E-06	1.327885	1.00E-06	0	0	0	-0.13	0	0.305	0	0	0
4.218	-12.188096	286.869263	-1.713858	0.200021	0	-0.397991	5.00E-06	1.327885	1.00E-06	0	0	0	-0.13	0	0.305	0	0	0
4.219	-12.188096	290.483856	-2.02726	0.199577	0	-0.397677	5.00E-06	1.347207	1.00E-06	0	0	0	-0.13	0	0.305	0	0	0
4.22	-12.5824	295.640961	-2.497444	0.199485	0	-0.397677	5.00E-06	1.51814	5.00E-06	0	0	0	-0.13	0	0.305	0	0	0
4.221	-12.658087	297.004456	-3.751177	0.199485	0	-0.397379	7.00E-06	1.548435	2.00E-06	0	0	0	-0.13	0	0.305	0	0	0
4.222	-12.658087	302.869385	-3.986368	0.19962	0	-0.397379	7.00E-06	1.555472	5.00E-06	0	0	0	-0.13	0	0.305	0	0	0
4.223	-12.73738	305.794678	-4.221319	0.19962	0	-0.397267	1.00E-06	1.548435	2.00E-06	0	0	0	-0.13	0	0.305	0	0	0
4.224	-12.81451	308.370178	-5.161486	0.199554	0	-0.396703	1.00E-06	1.522563	5.00E-06	0	0	0	-0.13	0	0.305	0	0	0
4.225	-13.359468	313.362183	-5.631672	0.199342	0	-0.396703	7.00E-06	1.522563	2.00E-06	0	0	0	-0.13	0	0.305	0	0	0
4.226	-13.126635	315.774841	-6.258636	0.199342	0	-0.396488	7.00E-06	1.522563	2.00E-06	0	0	0	-0.13	0	0.305	0	0	0
4.227	-13.126635	320.069489	-7.355307	0.199342	0	-0.396711	8.00E-06	1.499128	2.00E-06	0	0	0	-0.13	0	0.305	0	0	0
4.228	-13.126635	323.000183	-8.295593	0.199831	0	-0.396711	1.10E-05	1.481434	0.00E+00	0	0	0	-0.13	0	0.305	0	0	0
4.229	-12.813788	326.263397	-8.844229	0.199831	0	-0.397385	1.10E-05	1.479091	1.00E-06	0	0	0	-0.13	0	0.305	0	0	0
4.23	-12.96949	329.359192	-9.314295	0.199761	0	-0.397385	1.40E-05	1.479091	1.00E-06	0	0	0	-0.13	0	0.305	0	0	0
4.231	-12.96949	333.299713	-10.332832	0.199286	0	-0.397385	8.00E-06	1.50407	4.00E-06	0	0	0	-0.13	0	0.305	0	0	0
4.232	-13.045898	333.838989	-11.116297	0.199761	0	-0.398108	1.40E-05	1.53153	4.00E-06	0	0	0	-0.13	0	0.305	0	0	0
4.233	-13.749443	336.5849	-11.899965	0.199845	0	-0.398108	8.00E-06	1.540218	4.00E-06	0	0	0	-0.13	0	0.305	0	0	0
4.234	-13.749443	342.612976	-12.213329	0.199845	0	-0.39762	1.30E-05	1.564201	4.00E-06	0	0	0	-0.13	0	0.305	0	0	0
4.235	-13.749443	345.869232	-13.153614	0.199413	0	-0.397322	1.30E-05	1.579135	5.00E-06	0	0	0	-0.13	0	0.305	0	0	0
4.236	-13.905145	346.3927	-14.172073	0.199413	0	-0.396718	1.30E-05	1.610669	5.00E-06	0	0	0	-0.13	0	0.305	0	0	0
4.237	-13.905145	351.391266	-14.485676	0.199539	0	-0.396718	5.00E-06	1.579135	5.00E-06	0	0	0	-0.13	0	0.305	0	0	0
4.238	-14.138698	353.101929	-15.190735	0.199539	0	-0.396634	5.00E-06	1.610669	4.00E-06	0	0	0	-0.13	0	0.305	0	0	0
4.239	-14.296564	355.339111	-15.895948	0.199748	0	-0.397645	7.00E-06	1.590531	2.00E-06	0	0	0	-0.13	0	0.305	0	0	0
4.24	-14.919372	360.839508	-16.757828	0.199206	0	-0.396942	7.00E-06	1.594546	2.00E-06	0	0	0	-0.13	0	0.305	0	0	0
4.241	-14.920094	361.365234	-16.836035	0.199391	0	-0.397003	5.00E-06	1.594546	5.00E-06	0	0	0	-0.13	0	0.305	0	0	0
4.242	-15.234385	364.462952	-17.776405	0.199318	0	-0.397003	5.00E-06	1.692227	6.00E-06	0	0	0	-0.13	0	0.305	0	0	0
4.243	-15.467938	367.895081	-18.55983	0.199318	0	-0.398396	1.40E-05	1.692227	6.00E-06	0	0	0	-0.13	0	0.305	0	0	0
4.244	-15.777177	368.406921	-19.500036	0.199318	0	-0.398396	1.40E-05	1.564426	2.00E-06	0	0	0	-0.13	0	0.305	0	0	0
4.245	-16.090023	374.626709	-19.970301	0.199367	0	-0.398565	1.40E-05	1.564426	2.00E-06	0	0	0	-0.13	0	0.305	0	0	0
4.246	-16.321411	377.014709	-20.596949	0.199367	0	-0.398604	7.00E-06	1.606326	2.00E-06	0	0	0	-0.13	0	0.305	0	0	0
4.247	-16.321411	377.868713	-21.772348	0.199367	0	-0.398604	7.00E-06	1.606326	6.00E-06	0	0	0	-0.13	0	0.305	0	0	0
4.248	-17.024958	383.568146	-22.164122	0.199198	0	-0.39854	7.00E-06	1.639238	7.00E-06	0	0	0	-0.13	0	0.305	0	0	0
4.249	-16.713554	384.754211	-22.555977	0.19857	0	-0.39739	1.10E-05	1.54753	7.00E-06	0	0	0	-0.13	0	0.305	0	0	0
4.25	-16.947105	386.993744	-22.947508	0.19857	0	-0.39739	5.00E-06	1.54753	3.00E-06	0	0	0	-0.13	0	0.305	0	0	0
4.251	-16.947105	392.513855	-23.809343	0.198585	0	-0.39739	1.10E-05	1.54753	0.00E+00	0	0	0	-0.13	0	0.305	0	0	0
4.252	-17.258511	394.382629	-24.59317	0.199296	0	-0.396491	1.30E-05	1.540357	3.00E-06	0	0	0	-0.13	0	0.305	0	0	0
4.253	-17.414932	396.819977	-24.749634	0.199167	0	-0.396491	1.30E-05	1.652339	3.00E-06	0	0	0	-0.13	0	0.305	0	0	0
4.254	-18.199936	401.11615	-25.454649	0.199167	0	-0.396491	1.40E-05	1.663745	5.00E-06	0	0	0	-0.13	0	0.305	0	0	0
4.255	-18.510618	401.279724	-26.551598	0.199167	0	-0.397005	1.30E-05	1.663745	5.00E-06	0	0	0	-0.13	0	0.305	0	0	0
4.256	-19.137035	403.698547	-26.630047	0.199189	0	-0.397005	1.30E-05	1.738953	4.00E-06	0	0	0	-0.13	0	0.305	0	0	0
4.257	-19.44916	408.521271	-27.413513	0.199189	0	-0.396525	1.20E-05	1.738953	2.00E-06	0	0	0	-0.13	0	0.305	0	0	0
4.258	-19.680548	410.232697	-27.805088	0.199189	0	-0.396525	4.00E-06	1.738953	2.00E-06	0	0	0	-0.13	0	0.305	0	0	0
4.259	-19.919872	411.269104	-28.745295	0.199272	0	-0.396896	4.00E-06	1.736629	6.00E-06	0	0	0	-0.13	0	0.305	0	0	0
4.26	-20.854084	415.579956	-29.528883	0.199272	0	-0.397058	7.00E-06	1.736629	6.00E-06	0	0	0	-0.13	0	0.305	0	0	0
4.261	-20.854084	418.497162	-29.763952	0.199555	0	-0.397058	7.00E-06	1.736629	6.00E-06	0	0	0	-0.13	0	0.305	0	0	0
4.262	-20.934822	420.746338	-30.782171	0.199272	0	-0.396739	7.00E-06	1.696114	4.00E-06	0	0	0	-0.13	0	0.305	0	0	0
4.263	-21.479778	422.974243	-31.017483	0.199272	0	-0.396533	1.60E-05	1.642339	4.00E-06	0	0	0	-0.13	0	0.305	0	0	0
4.264	-21.634758	423.3237	-31.330685	0.199272	0	-0.396533	1.70E-05	1.696114	4.00E-06	0	0	0	-0.13	0	0.305	0	0	0
4.265	-22.029789	426.935974	-32.270813	0.19919	0	-0.396333	1.70E-05	1.766338	4.00E-06	0	0	0	-0.13	0	0.305	0	0	0
4.266	-22.495449	429.689636	-32.662586	0.199237	0	-0.396333	5.00E-06	1.766338	4.00E-06	0	0	0	-0.13	0	0.305	0	0	0
4.267	-22.655481	431.227539	-33.602875	0.198985	0	-0.396333	5.00E-06	1.761165	4.00E-06	0	0	0	-0.13	0	0.305	0	0	0
4.268	-22.655481	432.622314	-34.072777	0.198996	0	-0.396194	5.00E-06	1.761165	5.00E-06	0	0	0	-0.13	0	0.305	0	0	0
4.269	-23.906868	434.511963	-34.386223	0.198996	0	-0.396025	5.00E-06	1.802691	7.00E-06	0	0	0	-0.13	0	0.305	0	0	0
4.27	-23.908314	436.238434	-34.856125	0.199095	0	-0.395706	5.00E-06	1.896265	7.00E-06	0	0	0	-0.13	0	0.305	0	0	0
4.271	-24.218994	439.333862	-35.169765	0.199095	0	-0.395706	1.30E-05	1.896265	6.00E-06	0	0	0	-0.13	0	0.305	0	0	0
4.272	-25.081127	440.038605	-35.71788	0.199313	0	-0.395475	2.00E-05	1.896265	2.00E-06	0	0	0	-0.13	0	0.305	0	0	0
4.273	-25.393253	443.295227	-36.109489	0.199115	0	-0.39549	1.30E-05	1.914001	1.00E-06	0	0	0	-0.13	0	0.305	0	0	0
4.274	-25.706821	446.402588	-36.344566	0.199313	0	-0.39549	7.00E-06	1.851251	1.00E-06	0	0	0	-0.13	0	0.305	0	0	0
4.275	-25.785393	446.561523	-36.971085	0.199115	0	-0.395529	7.00E-06	1.8401	3.00E-06	0	0	0	-0.13	0	0.305	0	0	0
4.276	-25.862524	447.941223	-37.04958	0.199185	0	-0.395529	8.00E-06	1.8401	3.00E-06	0	0	0	-0.13	0	0.305	0	0	0
4.277	-26.881081	451.554626	-37.754517	0.199029	0	-0.395725	8.00E-06	1.826714	3.00E-06	0	0	0	-0.13	0	0.305	0	0	0
4.278	-26.881081	452.076202	-37.832886	0.199105	0	-0.395665	8.00E-06	1.891224	6.00E-06	0	0	0	-0.13	0	0.305	0	0	0
4.279	-27.034616	454.142853	-38.77309	0.199105	0	-0.395665	1.00E-05	1.879606	6.00E-06	0	0	0	-0.13	0	0.305	0	0	0
4.28	-27.507496	455.517944	-39.164623	0.199268	0	-0.395665	1.00E-05	1.879606	5.00E-06	0	0	0	-0.13	0	0.305	0	0	0
4.281	-28.052454	457.407623	-39.164623	0.199268	0	-0.396026	9.00E-06	1.879606	5.00E-06	0	0	0	-0.13	0	0.305	0	0	0
4.282	-28.053173	458.266968	-39.164623	0.199156	0	-0.396168	8.00E-06	1.961046	6.00E-06	0	0	0	-0.13	0	0.305	0	0	0
4.283	-28.211763	460.676208	-39.478027	0.198533	0	-0.396068	8.00E-06	1.961046	6.00E-06	0	0	0	-0.13	0	0.305	0	0	0
4.284	-28.443872	462.045135	-39.869678	0.198823	0	-0.396101	8.00E-06	1.89158	6.00E-06	0	0	0	-0.13	0	0.305	0	0	0
4.285	-28.601017	462.568573	-40.496567	0.198823	0	-0.396068	1.40E-05	1.89158	2.00E-06	0	0	0	-0.13	0	0.305	0	0	0
4.286	-28.8389	465.010162	-40.496567	0.198948	0	-0.395809	1.40E-05	2.002235	2.00E-06	0	0	0	-0.13	0	0.305	0	0	0
4.287	-29.386023	465.845245	-40.653267	0.198948	0	-0.39492	4.00E-06	2.01383	2.00E-06	0	0	0	-0.13	0	0.305	0	0	0
4.288	-29.386023	467.572937	-41.123287	0.199054	0	-0.394863	4.00E-06	2.013963	3.00E-06	0	0	0	-0.13	0	0.305	0	0	0
4.289	-29.462429	471.880676	-41.201538	0.198917	0	-0.39492	7.00E-06	2.013963	5.00E-06	0	0	0	-0.13	0	0.305	0	0	0
4.29	-29.854568	472.225861	-41.436573	0.198967	0	-0.395138	7.00E-06	2.067671	3.00E-06	0	0	0	-0.13	0	0.305	0	0	0
4.291	-30.325283	473.424744	-42.063217	0.198917	0	-0.395138	7.00E-06	1.956603	5.00E-06	0	0	0	-0.13	0	0.305	0	0	0
4.292	-30.713818	474.461945	-43.003345	0.198756	0	-0.394903	4.00E-06	1.987568	5.00E-06	0	0	0	-0.13	0	0.305	0	0	0
4.293	-30.718868	475.84668	-43.081795	0.198756	0	-0.394489	1.10E-05	1.987568	5.00E-06	0	0	0	-0.13	0	0.305	0	0	0
4.294	-30.718868	476.718384	-44.256832	0.199031	0	-0.394489	4.00E-06	2.070158	5.00E-06	0	0	0	-0.13	0	0.305	0	0	0
4.295	-31.108124	477.754028	-44.726936	0.19926	0	-0.39433	1.10E-05	2.070158	4.00E-06	0	0	0	-0.13	0	0.305	0	0	0
4.296	-31.338791	479.809204	-44.726974	0.19926	0	-0.39433	1.60E-05	2.007613	4.00E-06	0	0	0	-0.13	0	0.305	0	0	0
4.297	-31.338791	480.857574	-45.667221	0.19926	0	-0.394388	1.60E-05	1.965391	4.00E-06	0	0	0	-0.13	0	0.305	0	0	0
4.298	-31.338791	481.359009	-45.667221	0.199149	0	-0.394571	1.50E-05	2.007613	5.00E-06	0	0	0	-0.13	0	0.305	0	0	0
4.299	-32.199482	481.389465	-44.962128	0.199149	0	-0.394571	1.30E-05	1.965391	5.00E-06	0	0	0	-0.13	0	0.305	0	0	0
4.3	-32.199482	481.389465	-44.960964	0.199054	0	-0.39431	8.00E-06	1.912772	4.00E-06	0	0	0	-0.13	0	0.305	0	0	0
4.301	-32.589455	483.441528	-44.960964	0.199029	0	-0.393948	2.00E-06	1.905385	3.00E-06	0	0	0	-0.13	0	0.305	0	0	0
4.302	-32.306915	490.324371	-47.388966	0.19891	0	-0.3943	8.00E-06	1.905385	3.00E-06	0	0	0	-0.13	0	0.305	0	0	0
4.303	-32.306915	494.779053	-50.992577	0.198468	0	-0.3943	1.20E-05	1.905385	3.00E-06	0	0	0	-0.13	0	0.305	0	0	0
4.304	-31.692768	494.779053	-51.853329	0.198468	0	-0.3943	1.40E-05	2.047785	3.00E-06	0	0	0	-0.13	0	0.305	0	0	0
4.305	-31.692768	491.184937	-51.853329	0.199336	0	-0.393405	1.20E-05	2.010198	5.00E-06	0	0	0	-0.13	0	0.305	0	0	0
4.306	-33.646976	489.97995	-50.129173	0.19961	0	-0.393405	1.40E-05	2.047785	5.00E-06	0	0	0	-0.13	0	0.305	0	0	0
4.307	-35.679043	489.97995	-50.129173	0.199777	0	-0.393405	1.40E-05	2.250392	2.00E-06	0	0	0	-0.13	0	0.305	0	0	0
4.308	-35.679043	489.996155	-50.677967	0.199805	0	-0.392912	1.60E-05	2.250392	2.00E-06	0	0	0	-0.13	0	0.305	0	0	0
4.309	-33.800514	492.912964	-52.793411	0.199828	0	-0.392475	1.60E-05	2.035022	5.00E-06	0	0	0	-0.13	0	0.305	0	0	0
4.31	-33.800514	493.261292	-52.793411	0.199981	0	-0.392412	1.60E-05	2.015463	5.00E-06	0	0	0	-0.13	0	0.305	0	0	0
4.311	-34.891872	494.112946	-51.539886	0.199981	0	-0.392412	8.00E-06	2.035022	5.00E-06	0	0	0	-0.13	0	0.305	0	0	0
4.312	-35.522617	495.319519	-49.972946	0.199809	0	-0.392306	1.00E-05	2.275216	5.00E-06	0	0	0	-0.13	0	0.305	0	0	0
4.313	-35.522617	494.278046	-49.972946	0.199809	0	-0.393302	8.00E-06	2.275216	5.00E-06	0	0	0	-0.13	0	0.305	0	0	0
4.314	-35.203278	494.278046	-51.382984	0.199809	0	-0.393335	8.00E-06	1.979276	5.00E-06	0	0	0	-0.13	0	0.305	0	0	0
4.315	-35.203278	493.070679	-51.382984	0.199714	0	-0.393335	8.00E-06	1.979276	5.00E-06	0	0	0	-0.13	0	0.305	0	0	0
4.316	-35.987556	493.070679	-51.461433	0.199714	0	-0.393197	2.00E-06	2.127681	6.00E-06	0	0	0	-0.13	0	0.305	0	0	0
4.317	-36.456108	493.939362	-50.678047	0.199489	0	-0.39313	1.00E-05	2.127681	6.00E-06	0	0	0	-0.13	0	0.305	0	0	0
4.318	-37.076748	494.978882	-50.678047	0.199773	0	-0.392859	1.00E-06	2.115884	6.00E-06	0	0	0	-0.13	0	0.305	0	0	0
4.319	-37.154602	497.571716	-50.678047	0.199773	0	-0.392543	1.10E-05	2.115884	5.00E-06	0	0	0	-0.13	0	0.305	0	0	0
4.32	-37.156044	497.744141	-51.227043	0.199773	0	-0.392385	1.10E-05	2.115884	3.00E-06	0	0	0	-0.13	0	0.305	0	0	0
4.321	-37.54097	497.744141	-51.227123	0.200124	0	-0.391825	1.10E-05	2.047776	5.00E-06	0	0	0	-0.13	0	0.305	0	0	0
4.322	-37.773804	496.904785	-51.227043	0.199738	0	-0.391825	1.00E-05	2.047776	4.00E-06	0	0	0	-0.13	0	0.305	0	0	0
4.323	-37.773804	495.675903	-50.835392	0.199708	0	-0.392445	1.00E-05	2.211788	7.00E-06	0	0	0	-0.13	0	0.305	0	0	0
4.324	-37.38599	494.642517	-50.835392	0.199535	0	-0.39263	1.10E-05	2.237738	6.00E-06	0	0	0	-0.13	0	0.305	0	0	0
4.325	-37.38599	492.928772	-51.462761	0.19964	0	-0.39263	1.10E-05	2.237738	6.00E-06	0	0	0	-0.13	0	0.305	0	0	0
4.326	-37.999416	492.590088	-51.462761	0.199568	0	-0.39263	5.00E-06	2.246385	5.00E-06	0	0	0	-0.13	0	0.305	0	0	0
4.327	-38.304325	491.734192	-51.463364	0.19964	0	-0.392252	5.00E-06	2.2574	5.00E-06	0	0	0	-0.13	0	0.305	0	0	0
4.328	-38.444874	491.734192	-51.385757	0.199631	0	-0.392081	9.00E-06	2.246385	4.00E-06	0	0	0	-0.13	0	0.305	0	0	0
4.329	-38.444874	492.610535	-50.291824	0.199631	0	-0.391886	9.00E-06	2.218638	5.00E-06	0	0	0	-0.13	0	0.305	0	0	0
4.33	-38.257423	492.61438	-49.275898	0.199358	0	-0.391836	1.20E-05	2.206786	5.00E-06	0	0	0	-0.13	0	0.305	0	0	0
4.331	-36.822914	492.938751	-48.569195	0.199358	0	-0.391836	1.80E-05	2.084822	5.00E-06	0	0	0	-0.13	0	0.305	0	0	0
4.332	-36.822914	492.938751	-42.851349	0.20009	0	-0.391836	1.80E-05	1.75471	7.00E-06	0	0	0	-0.13	0	0.305	0	0	0
4.333	-37.060074	490.889465	-42.851349	0.20009	0	-0.392017	6.00E-06	1.75471	8.00E-06	0	0	0	-0.13	0	0.305	0	0	0
4.334	-39.415085	490.889465	-45.436539	0.199916	0	-0.392017	6.00E-06	2.185269	9.00E-06	0	0	0	-0.13	0	0.305	0	0	0
4.335	-39.415085	493.122375	-48.882717	0.19983	0	-0.392463	8.00E-06	2.185269	9.00E-06	0	0	0	-0.13	0	0.305	0	0	0
4.336	-39.02655	495.88446	-48.882717	0.19983	0	-0.392463	8.00E-06	1.736733	7.00E-06	0	0	0	-0.13	0	0.305	0	0	0
4.337	-39.02655	500.022156	-46.609966	0.200007	0	-0.391019	5.00E-06	1.736733	6.00E-06	0	0	0	-0.13	0	0.305	0	0	0
4.338	-39.597488	500.022156	-45.119392	0.200192	0	-0.391019	5.00E-06	1.988234	7.00E-06	0	0	0	-0.13	0	0.305	0	0	0
4.339	-41.247509	498.319244	-45.119392	0.200192	0	-0.391019	6.00E-06	2.058846	6.00E-06	0	0	0	-0.13	0	0.305	0	0	0
4.34	-41.247509	497.429749	-46.842186	0.200043	0	-0.391113	6.00E-06	2.060937	7.00E-06	0	0	0	-0.13	0	0.305	0	0	0
4.341	-41.034161	497.429749	-48.800003	0.199559	0	-0.391677	6.00E-06	2.060937	5.00E-06	0	0	0	-0.13	0	0.305	0	0	0
4.342	-40.963528	494.346313	-48.955456	0.199559	0	-0.391677	7.00E-06	2.060937	2.00E-06	0	0	0	-0.13	0	0.305	0	0	0
4.343	-40.963528	493.469543	-49.582664	0.200268	0	-0.391424	1.40E-05	2.101531	2.00E-06	0	0	0	-0.13	0	0.305	0	0	0
4.344	-41.210064	494.005371	-48.955456	0.200268	0	-0.390737	1.40E-05	2.101531	5.00E-06	0	0	0	-0.13	0	0.305	0	0	0
4.345	-41.210064	494.005371	-48.24984	0.200268	0	-0.389802	1.40E-05	2.124424	6.00E-06	0	0	0	-0.13	0	0.305	0	0	0
4.346	-41.132938	494.179688	-48.24984	0.200325	0	-0.389802	1.60E-05	2.084845	6.00E-06	0	0	0	-0.13	0	0.305	0	0	0
4.347	-40.816483	495.220398	-48.24984	0.200545	0	-0.389339	1.60E-05	2.032973	6.00E-06	0	0	0	-0.13	0	0.305	0	0	0
4.348	-40.816483	494.179688	-48.093258	0.200339	0	-0.390039	7.00E-06	2.032973	5.00E-06	0	0	0	-0.13	0	0.305	0	0	0
4.349	-41.130775	492.622131	-47.858349	0.200339	0	-0.390248	6.00E-06	2.17988	6.00E-06	0	0	0	-0.13	0	0.305	0	0	0
4.35	-41.130775	489.178772	-47.858349	0.200339	0	-0.390416	6.00E-06	2.17988	5.00E-06	0	0	0	-0.13	0	0.305	0	0	0
4.351	-40.888561	488.331757	-47.858711	0.200656	0	-0.390839	7.00E-06	2.020633	6.00E-06	0	0	0	-0.13	0	0.305	0	0	0
4.352	-40.888561	488.322876	-47.858711	0.200656	0	-0.390839	7.00E-06	2.020633	6.00E-06	0	0	0	-0.13	0	0.305	0	0	0
4.353	-41.02911	488.322876	-46.84182	0.200384	0	-0.390839	7.00E-06	2.037533	7.00E-06	0	0	0	-0.13	0	0.305	0	0	0
4.354	-41.034882	488.514557	-46.292664	0.200384	0	-0.390651	9.00E-06	2.082323	7.00E-06	0	0	0	-0.13	0	0.305	0	0	0
4.355	-41.02911	488.514557	-45.510525	0.200629	0	-0.390651	9.00E-06	2.082323	7.00E-06	0	0	0	-0.13	0	0.305	0	0	0
4.356	-41.404655	488.514557	-45.197845	0.200642	0	-0.390651	1.40E-05	2.105395	8.00E-06	0	0	0	-0.13	0	0.305	0	0	0
4.357	-41.404655	489.725708	-45.197845	0.200642	0	-0.390772	1.60E-05	2.105395	8.00E-06	0	0	0	-0.13	0	0.305	0	0	0
4.358	-41.404655	489.725708	-45.197845	0.200642	0	-0.390772	1.60E-05	2.105395	8.00E-06	0	0	0	-0.13	0	0.305	0	0	0
4.359	-41.872478	485.586914	-45.041344	0.200558	0	-0.390772	4.00E-06	2.138038	3.00E-06	0	0	0	-0.13	0	0.305	0	0	0
4.36	-41.872478	485.586914	-44.727982	0.200385	0	-0.390807	3.00E-06	2.059644	3.00E-06	0	0	0	-0.13	0	0.305	0	0	0
4.361	-41.872478	485.589233	-44.64957	0.200279	0	-0.390768	3.00E-06	2.059644	5.00E-06	0	0	0	-0.13	0	0.305	0	0	0
4.362	-41.79752	485.92981	-44.64957	0.200279	0	-0.390619	7.00E-06	2.059644	5.00E-06	0	0	0	-0.13	0	0.305	0	0	0
4.363	-41.79752	486.619507	-45.11911	0.200068	0	-0.390328	7.00E-06	2.052475	5.00E-06	0	0	0	-0.13	0	0.305	0	0	0
4.364	-42.266064	486.974762	-45.119232	0.200039	0	-0.390124	7.00E-06	2.095774	4.00E-06	0	0	0	-0.13	0	0.305	0	0	0
4.365	-42.584682	486.974762	-45.11911	0.200039	0	-0.390124	1.20E-05	2.095774	4.00E-06	0	0	0	-0.13	0	0.305	0	0	0
4.366	-42.584682	486.974762	-43.943588	0.200103	0	-0.389917	1.20E-05	2.095774	4.00E-06	0	0	0	-0.13	0	0.305	0	0	0
4.367	-42.584682	488.703552	-43.943588	0.200481	0	-0.389917	2.00E-06	2.186805	5.00E-06	0	0	0	-0.13	0	0.305	0	0	0
4.368	-42.586849	489.394409	-43.942905	0.20098	0	-0.389917	2.00E-06	2.119847	5.00E-06	0	0	0	-0.13	0	0.305	0	0	0
4.369	-42.668308	489.394409	-44.099808	0.20098	0	-0.389542	4.00E-06	2.187321	5.00E-06	0	0	0	-0.13	0	0.305	0	0	0
4.37	-42.830505	484.054871	-44.256027	0.200973	0	-0.38914	1.00E-05	2.216008	6.00E-06	0	0	0	-0.13	0	0.305	0	0	0
4.371	-42.906193	484.054871	-44.256027	0.200973	0	-0.388958	4.00E-06	2.216008	5.00E-06	0	0	0	-0.13	0	0.305	0	0	0
4.372	-42.830505	483.889801	-43.629303	0.200973	0	-0.388958	1.00E-05	2.094855	6.00E-06	0	0	0	-0.13	0	0.305	0	0	0
4.373	-42.436199	482.853699	-43.550812	0.200499	0	-0.388958	1.00E-06	2.069055	7.00E-06	0	0	0	-0.13	0	0.305	0	0	0
4.374	-42.436199	482.684845	-43.629303	0.200499	0	-0.389182	1.00E-05	2.079996	7.00E-06	0	0	0	-0.13	0	0.305	0	0	0
4.375	-42.826176	482.499634	-43.394272	0.200549	0	-0.389153	1.00E-06	2.069055	4.00E-06	0	0	0	-0.13	0	0.305	0	0	0
4.376	-42.826176	481.826599	-43.394272	0.200574	0	-0.389153	1.00E-05	2.045809	4.00E-06	0	0	0	-0.13	0	0.305	0	0	0
4.377	-42.356186	481.125336	-42.767586	0.200596	0	-0.389153	6.00E-06	2.041177	4.00E-06	0	0	0	-0.13	0	0.305	0	0	0
4.378	-42.356186	481.125336	-42.610725	0.200596	0	-0.389003	1.20E-05	2.041177	4.00E-06	0	0	0	-0.13	0	0.305	0	0	0
4.379	-43.057564	480.6297	-42.376015	0.200596	0	-0.388648	1.60E-05	2.091947	0.00E+00	0	0	0	-0.13	0	0.305	0	0	0
4.38	-43.057564	480.6297	-41.984283	0.200481	0	-0.388544	1.60E-05	2.091947	6.00E-06	0	0	0	-0.13	0	0.305	0	0	0
4.381	-42.900417	480.6297	-41.984283	0.200503	0	-0.388544	1.80E-05	2.07981	0.00E+00	0	0	0	-0.13	0	0.305	0	0	0
4.382	-42.900417	479.935791	-41.749092	0.200503	0	-0.388401	1.30E-05	2.07981	6.00E-06	0	0	0	-0.13	0	0.305	0	0	0
4.383	-43.683983	478.738892	-41.122284	0.200719	0	-0.388401	1.10E-05	2.103227	7.00E-06	0	0	0	-0.13	0	0.305	0	0	0
4.384	-43.683983	478.558777	-41.200691	0.200719	0	-0.388554	1.10E-05	2.146032	7.00E-06	0	0	0	-0.13	0	0.305	0	0	0
4.385	-43.530445	478.394073	-41.043755	0.200756	0	-0.388554	5.00E-06	2.146032	3.00E-06	0	0	0	-0.13	0	0.305	0	0	0
4.386	-43.530445	476.8396	-41.043755	0.201255	0	-0.387889	5.00E-06	2.144972	3.00E-06	0	0	0	-0.13	0	0.305	0	0	0
4.387	-43.915367	478.068115	-40.573891	0.201255	0	-0.387132	5.00E-06	2.106128	5.00E-06	0	0	0	-0.13	0	0.305	0	0	0
4.388	-43.915367	478.068115	-40.025414	0.201356	0	-0.387132	7.00E-06	2.024973	5.00E-06	0	0	0	-0.13	0	0.305	0	0	0
4.389	-43.915367	478.395569	-40.025414	0.201207	0	-0.387479	7.00E-06	2.024973	0	0	0	0	-0.13	0	0.305	0	0	0
4.39	-43.761108	478.395569	-39.868591	0.201207	0	-0.387545	2.00E-05	2.024973	0.00E+00	0	0	0	-0.13	0	0.305	0	0	0
4.391	-43.996826	477.888	-40.025414	0.201207	0	-0.387813	2.00E-05	2.08246	1.00E-06	0	0	0	-0.13	0	0.305	0	0	0
4.392	-43.994659	477.0224	-39.398407	0.200929	0	-0.387545	1.60E-05	2.000907	8.00E-06	0	0	0	-0.13	0	0.305	0	0	0
4.393	-44.151085	477.0224	-39.868591	0.20121	0	-0.387813	5.00E-06	2.024102	8.00E-06	0	0	0	-0.13	0	0.305	0	0	0
4.394	-44.30751	475.468323	-39.555351	0.200775	0	-0.387401	1.00E-06	2.008442	6.00E-06	0	0	0	-0.13	0	0.305	0	0	0
4.395	-44.30751	472.722382	-39.711853	0.200989	0	-0.387953	1.00E-06	2.008442	6.00E-06	0	0	0	-0.13	0	0.305	0	0	0
4.396	-44.071793	472.722382	-39.711853	0.200881	0	-0.387606	0.00E+00	2.008442	8.00E-06	0	0	0	-0.13	0	0.305	0	0	0
4.397	-44.071793	473.746887	-39.711853	0.200881	0	-0.387904	1.20E-05	2.046602	8.00E-06	0	0	0	-0.13	0	0.305	0	0	0
4.398	-43.840405	473.746887	-39.085167	0.20072	0	-0.387904	1.10E-05	2.046602	8.00E-06	0	0	0	-0.13	0	0.305	0	0	0
4.399	-43.759666	472.372131	-38.614944	0.20072	0	-0.387937	1.10E-05	2.10567	8.00E-06	0	0	0	-0.13	0	0.305	0	0	0
4.4	-43.759666	471.518951	-38.301579	0.200402	0	-0.38806	6.00E-06	2.14879	8.00E-06	0	0	0	-0.13	0	0.305	0	0	0
4.401	-44.071793	470.810364	-37.988136	0.200907	0	-0.38806	6.00E-06	2.14879	1.00E-06	0	0	0	-0.13	0	0.305	0	0	0
4.402	-44.071793	470.810364	-37.988136	0.200402	0	-0.388415	6.00E-06	2.011221	1.00E-06	0	0	0	-0.13	0	0.305	0	0	0
4.403	-43.997551	468.936951	-37.20475	0.200256	0	-0.388016	1.10E-05	2.011221	7.00E-06	0	0	0	-0.13	0	0.305	0	0	0
4.404	-43.682537	467.719177	-36.969597	0.200256	0	-0.388016	1.10E-05	2.011221	7.00E-06	0	0	0	-0.13	0	0.305	0	0	0
4.405	-43.606129	467.049622	-36.264301	0.200824	0	-0.386747	1.10E-05	2.00168	7.00E-06	0	0	0	-0.13	0	0.305	0	0	0
4.406	-43.606129	465.854248	-36.264301	0.200824	0	-0.386747	6.00E-06	2.00168	7.00E-06	0	0	0	-0.13	0	0.305	0	0	0
4.407	-43.061172	465.854248	-36.186008	0.200585	0	-0.386456	-1.00E-06	2.00168	5.00E-06	0	0	0	-0.13	0	0.305	0	0	0
4.408	-43.604687	463.604675	-36.029266	0.200585	0	-0.387537	-1.00E-06	1.949474	5.00E-06	0	0	0	-0.13	0	0.305	0	0	0
4.409	-43.449703	461.200073	-35.558964	0.200847	0	-0.387834	5.00E-06	1.949474	5.00E-06	0	0	0	-0.13	0	0.305	0	0	0
4.41	-43.449703	460.851746	-35.402428	0.200918	0	-0.38785	5.00E-06	1.949474	4.00E-06	0	0	0	-0.13	0	0.305	0	0	0
4.411	-43.138298	460.338806	-34.932117	0.200918	0	-0.38785	-1.00E-06	1.912865	1.00E-06	0	0	0	-0.13	0	0.305	0	0	0
4.412	-42.743996	459.303894	-34.85379	0.200918	0	-0.387717	-1.00E-06	1.892334	4.00E-06	0	0	0	-0.13	0	0.305	0	0	0
4.413	-42.743996	459.14035	-33.992111	0.200961	0	-0.387244	5.00E-06	1.892334	3.00E-06	0	0	0	-0.13	0	0.305	0	0	0
4.414	-42.743996	459.14035	-33.913582	0.200961	0	-0.3873	5.00E-06	1.931473	5.00E-06	0	0	0	-0.13	0	0.305	0	0	0
4.415	-42.591179	459.14035	-33.757042	0.200961	0	-0.387244	5.00E-06	1.931473	5.00E-06	0	0	0	-0.13	0	0.305	0	0	0
4.416	-42.591179	457.934631	-32.973373	0.201015	0	-0.386412	8.00E-06	1.785267	5.00E-06	0	0	0	-0.13	0	0.305	0	0	0
4.417	-42.591179	457.931152	-32.973293	0.200895	0	-0.386153	9.00E-06	1.785267	2.00E-06	0	0	0	-0.13	0	0.305	0	0	0
4.418	-41.968369	456.54834	-31.954796	0.200699	0	-0.386153	9.00E-06	1.848891	2.00E-06	0	0	0	-0.13	0	0.305	0	0	0
4.419	-42.201202	456.54834	-31.719723	0.200699	0	-0.386153	4.00E-06	1.848891	3.00E-06	0	0	0	-0.13	0	0.305	0	0	0
4.42	-42.201202	456.54834	-31.327909	0.200942	0	-0.386282	4.00E-06	1.848891	3.00E-06	0	0	0	-0.13	0	0.305	0	0	0
4.421	-42.592621	453.809357	-31.327909	0.200942	0	-0.386012	1.10E-05	1.851547	6.00E-06	0	0	0	-0.13	0	0.305	0	0	0
4.422	-42.82906	452.783691	-30.701061	0.201225	0	-0.386012	1.10E-05	1.895984	6.00E-06	0	0	0	-0.13	0	0.305	0	0	0
4.423	-42.82906	452.783691	-30.700983	0.201225	0	-0.386012	1.00E-05	1.895984	6.00E-06	0	0	0	-0.13	0	0.305	0	0	0
4.424	-42.514771	452.783691	-30.622532	0.201427	0	-0.386296	9.00E-06	1.84978	5.00E-06	0	0	0	-0.13	0	0.305	0	0	0
4.425	-42.514771	450.377533	-29.839146	0.201629	0	-0.386296	9.00E-06	1.84978	6.00E-06	0	0	0	-0.13	0	0.305	0	0	0
4.426	-42.594788	449.16983	-29.447212	0.201629	0	-0.386323	9.00E-06	1.84978	2.00E-06	0	0	0	-0.13	0	0.305	0	0	0
4.427	-42.594788	449.337646	-29.13373	0.201629	0	-0.385736	1.20E-05	1.785318	5.00E-06	0	0	0	-0.13	0	0.305	0	0	0
4.428	-42.594788	448.81842	-28.507086	0.201595	0	-0.38632	1.20E-05	1.785318	2.00E-06	0	0	0	-0.13	0	0.305	0	0	0
4.429	-42.5191	447.95639	-28.271973	0.201383	0	-0.385736	9.00E-06	1.807409	4.00E-06	0	0	0	-0.13	0	0.305	0	0	0
4.43	-42.5191	446.073608	-28.19348	0.201223	0	-0.385431	7.00E-06	1.807409	4.00E-06	0	0	0	-0.13	0	0.305	0	0	0
4.431	-42.283382	445.896576	-27.253515	0.201223	0	-0.385431	3.00E-06	1.807409	4.00E-06	0	0	0	-0.13	0	0.305	0	0	0
4.432	-42.282661	445.552185	-27.253353	0.201343	0	-0.386257	3.00E-06	1.779735	3.00E-06	0	0	0	-0.13	0	0.305	0	0	0
4.433	-42.048386	444.861725	-26.469807	0.201343	0	-0.386257	9.00E-06	1.761877	3.00E-06	0	0	0	-0.13	0	0.305	0	0	0
4.434	-41.971981	444.693573	-26.156523	0.201343	0	-0.385295	1.00E-05	1.761877	3.00E-06	0	0	0	-0.13	0	0.305	0	0	0
4.435	-41.971981	443.671783	-26.156324	0.201026	0	-0.384832	1.30E-05	1.764109	7.00E-06	0	0	0	-0.13	0	0.305	0	0	0
4.436	-41.815559	443.318054	-25.608091	0.201368	0	-0.384832	1.30E-05	1.764109	7.00E-06	0	0	0	-0.13	0	0.305	0	0	0
4.437	-42.054882	441.257172	-25.137787	0.201368	0	-0.384832	2.00E-06	1.764109	7.00E-06	0	0	0	-0.13	0	0.305	0	0	0
4.438	-41.035603	441.257172	-24.981085	0.201384	0	-0.384695	-2.00E-06	1.751956	6.00E-06	0	0	0	-0.13	0	0.305	0	0	0
4.439	-40.876293	441.257172	-24.275948	0.201679	0	-0.384604	2.00E-06	1.745686	2.00E-06	0	0	0	-0.13	0	0.305	0	0	0
4.44	-40.876293	440.06839	-23.805683	0.201761	0	-0.384566	8.00E-06	1.745686	2.00E-06	0	0	0	-0.13	0	0.305	0	0	0
4.441	-41.348454	438.853729	-23.805683	0.201761	0	-0.384566	1.10E-05	1.745686	6.00E-06	0	0	0	-0.13	0	0.305	0	0	0
4.442	-41.348454	436.778931	-22.943724	0.201446	0	-0.384566	1.20E-05	1.664394	6.00E-06	0	0	0	-0.13	0	0.305	0	0	0
4.443	-41.348454	435.244141	-22.787184	0.201446	0	-0.384447	1.20E-05	1.664394	6.00E-06	0	0	0	-0.13	0	0.305	0	0	0
4.444	-40.877018	434.042236	-22.473782	0.201446	0	-0.384414	1.10E-05	1.640165	3.00E-06	0	0	0	-0.13	0	0.305	0	0	0
4.445	-40.568497	433.688599	-22.003477	0.20163	0	-0.384164	9.00E-06	1.640165	1.00E-06	0	0	0	-0.13	0	0.305	0	0	0
4.446	-40.568497	432.837616	-21.925226	0.20181	0	-0.384164	1.10E-05	1.640165	1.00E-06	0	0	0	-0.13	0	0.305	0	0	0
4.447	-40.566334	430.952637	-21.846855	0.20181	0	-0.384164	1.10E-05	1.627151	1.00E-06	0	0	0	-0.13	0	0.305	0	0	0
4.448	-40.256374	430.952637	-21.846855	0.20181	0	-0.383319	1.30E-05	1.672204	5.00E-06	0	0	0	-0.13	0	0.305	0	0	0
4.449	-40.099228	430.264893	-21.533495	0.201452	0	-0.383176	1.10E-05	1.609955	4.00E-06	0	0	0	-0.13	0	0.305	0	0	0
4.45	-40.099228	429.571381	-21.298422	0.201564	0	-0.383017	1.30E-05	1.632957	4.00E-06	0	0	0	-0.13	0	0.305	0	0	0
4.451	-39.944969	427.879242	-21.14176	0.201564	0	-0.382917	9.00E-06	1.632957	1.00E-06	0	0	0	-0.13	0	0.305	0	0	0
4.452	-39.944969	427.879242	-20.593407	0.202011	0	-0.381952	9.00E-06	1.654225	1.00E-06	0	0	0	-0.13	0	0.305	0	0	0
4.453	-40.179962	427.879242	-20.201633	0.202302	0	-0.381428	7.00E-06	1.654225	2.00E-06	0	0	0	-0.13	0	0.305	0	0	0
4.454	-40.179962	427.535187	-20.201553	0.202302	0	-0.381223	7.00E-06	1.600143	2.00E-06	0	0	0	-0.13	0	0.305	0	0	0
4.455	-39.710693	427.378571	-20.201553	0.202302	0	-0.381223	7.00E-06	1.600143	1.00E-06	0	0	0	-0.13	0	0.305	0	0	0
4.456	-39.474255	425.642059	-20.044773	0.202469	0	-0.38101	7.00E-06	1.571047	1.00E-06	0	0	0	-0.13	0	0.305	0	0	0
4.457	-39.710693	425.642059	-19.9666	0.202469	0	-0.380663	5.00E-06	1.517399	4.00E-06	0	0	0	-0.13	0	0.305	0	0	0
4.458	-39.709251	426.530365	-19.9666	0.202873	0	-0.379971	7.00E-06	1.517399	4.00E-06	0	0	0	-0.13	0	0.305	0	0	0
4.459	-39.709251	426.530365	-19.9666	0.202873	0	-0.379956	1.40E-05	1.517399	3.00E-06	0	0	0	-0.13	0	0.305	0	0	0
4.46	-39.709251	426.530365	-20.593527	0.20304	0	-0.379956	1.40E-05	1.52339	3.00E-06	0	0	0	-0.13	0	0.305	0	0	0
4.461	-39.545612	426.521118	-20.593527	0.203106	0	-0.377774	9.00E-06	1.51342	3.00E-06	0	0	0	-0.13	0	0.305	0	0	0
4.462	-39.786377	426.03363	-20.593527	0.203106	0	-0.377774	4.00E-06	1.477864	6.00E-06	0	0	0	-0.13	0	0.305	0	0	0
4.463	-39.545612	426.03363	-21.455406	0.203106	0	-0.377774	4.00E-06	1.458791	0.00E+00	0	0	0	-0.13	0	0.305	0	0	0
4.464	-39.470646	424.829376	-21.847097	0.202932	0	-0.377662	1.10E-05	1.458791	3.00E-06	0	0	0	-0.13	0	0.305	0	0	0
4.465	-39.470646	424.140503	-22.160501	0.203133	0	-0.377569	1.30E-05	1.458791	1.00E-06	0	0	0	-0.13	0	0.305	0	0	0
4.466	-39.472809	424.140503	-22.865797	0.203133	0	-0.376914	1.60E-05	1.485564	3.00E-06	0	0	0	-0.13	0	0.305	0	0	0
4.467	-39.474255	423.986633	-23.335779	0.203133	0	-0.376264	1.60E-05	1.485564	5.00E-06	0	0	0	-0.13	0	0.305	0	0	0
4.468	-39.474255	423.986633	-23.414072	0.203262	0	-0.375583	1.30E-05	1.417117	5.00E-06	0	0	0	-0.13	0	0.305	0	0	0
4.469	-39.392796	421.76178	-24.276026	0.203999	0	-0.375583	5.00E-06	1.413488	6.00E-06	0	0	0	-0.13	0	0.305	0	0	0
4.47	-39.392796	419.529236	-24.276026	0.203999	0	-0.375842	5.00E-06	1.417117	5.00E-06	0	0	0	-0.13	0	0.305	0	0	0
4.471	-39.552826	417.119629	-24.276026	0.204147	0	-0.375842	5.00E-06	1.498922	5.00E-06	0	0	0	-0.13	0	0.305	0	0	0
4.472	-39.552826	417.108795	-24.902754	0.203966	0	-0.375104	5.00E-06	1.498922	5.00E-06	0	0	0	-0.13	0	0.305	0	0	0
4.473	-39.082115	416.256805	-24.902754	0.203966	0	-0.375077	6.00E-06	1.401425	5.00E-06	0	0	0	-0.13	0	0.305	0	0	0
4.474	-38.614285	414.028473	-24.902674	0.203966	0	-0.374581	8.00E-06	1.401425	5.00E-06	0	0	0	-0.13	0	0.305	0	0	0
4.475	-38.614285	413.008636	-24.746132	0.204239	0	-0.374581	8.00E-06	1.401425	3.00E-06	0	0	0	-0.13	0	0.305	0	0	0
4.476	-38.227196	411.615417	-24.667643	0.204239	0	-0.374039	8.00E-06	1.401385	3.00E-06	0	0	0	-0.13	0	0.305	0	0	0
4.477	-38.065002	411.120575	-24.667643	0.204134	0	-0.374039	4.00E-06	1.260952	3.00E-06	0	0	0	-0.13	0	0.305	0	0	0
4.478	-37.910019	410.941193	-24.667643	0.204134	0	-0.373266	4.00E-06	1.203565	4.00E-06	0	0	0	-0.13	0	0.305	0	0	0
4.479	-37.754318	410.941193	-24.432449	0.203967	0	-0.373178	9.00E-06	1.1801	6.00E-06	0	0	0	-0.13	0	0.305	0	0	0
4.48	-37.675022	407.162628	-24.432449	0.204215	0	-0.373266	9.00E-06	1.1801	4.00E-06	0	0	0	-0.13	0	0.305	0	0	0
4.481	-37.443634	405.780609	-24.354198	0.203967	0	-0.373304	9.00E-06	1.263479	4.00E-06	0	0	0	-0.13	0	0.305	0	0	0
4.482	-37.285049	404.576355	-24.275908	0.203749	0	-0.373304	9.00E-06	1.263479	4.00E-06	0	0	0	-0.13	0	0.305	0	0	0
4.483	-37.128624	404.576355	-24.275908	0.203749	0	-0.371954	9.00E-06	1.231841	4.00E-06	0	0	0	-0.13	0	0.305	0	0	0
4.484	-37.128624	403.550018	-24.275908	0.203626	0	-0.371881	9.00E-06	1.186954	4.00E-06	0	0	0	-0.13	0	0.305	0	0	0
4.485	-37.128624	402.700287	-24.119329	0.203832	0	-0.371322	9.00E-06	1.154705	1.00E-06	0	0	0	-0.13	0	0.305	0	0	0
4.486	-37.207195	402.192291	-23.962463	0.203979	0	-0.370434	9.00E-06	1.126221	2.00E-06	0	0	0	-0.13	0	0.305	0	0	0
4.487	-36.974365	401.676971	-23.805723	0.203985	0	-0.370434	9.00E-06	1.084496	2.00E-06	0	0	0	-0.13	0	0.305	0	0	0
4.488	-36.657188	399.977509	-23.179039	0.204205	0	-0.370434	8.00E-06	1.084496	5.00E-06	0	0	0	-0.13	0	0.305	0	0	0
4.489	-36.657188	399.778442	-22.787348	0.204374	0	-0.369986	8.00E-06	1.041507	7.00E-06	0	0	0	-0.13	0	0.305	0	0	0
4.49	-36.425079	399.614502	-22.708694	0.204374	0	-0.369986	8.00E-06	1.041507	5.00E-06	0	0	0	-0.13	0	0.305	0	0	0
4.491	-36.425079	399.614502	-22.31708	0.204441	0	-0.369986	5.00E-06	1.024388	4.00E-06	0	0	0	-0.13	0	0.305	0	0	0
4.492	-36.347225	398.933319	-22.08205	0.204389	0	-0.369323	5.00E-06	0.956848	4.00E-06	0	0	0	-0.13	0	0.305	0	0	0
4.493	-35.718647	398.933319	-21.925226	0.204553	0	-0.369323	5.00E-06	0.875297	4.00E-06	0	0	0	-0.13	0	0.305	0	0	0
4.494	-35.408684	395.33493	-21.220211	0.204553	0	-0.369323	2.00E-06	0.936201	6.00E-06	0	0	0	-0.13	0	0.305	0	0	0
4.495	-35.331558	395.33493	-21.219933	0.204592	0	-0.368916	1.00E-06	0.936201	6.00E-06	0	0	0	-0.13	0	0.305	0	0	0
4.496	-35.408684	395.33493	-20.828358	0.204892	0	-0.368916	1.00E-06	0.936201	4.00E-06	0	0	0	-0.13	0	0.305	0	0	0
4.497	-35.334446	394.295013	-20.749786	0.204892	0	-0.368916	1.00E-06	0.946463	4.00E-06	0	0	0	-0.13	0	0.305	0	0	0
4.498	-35.334446	394.293518	-20.671576	0.204892	0	-0.368694	1.00E-06	0.898534	6.00E-06	0	0	0	-0.13	0	0.305	0	0	0
4.499	-34.863728	394.293518	-20.358215	0.205453	0	-0.367594	1.00E-06	0.898534	6.00E-06	0	0	0	-0.13	0	0.305	0	0	0
4.5	-34.785156	393.26944	-19.80978	0.205052	0	-0.367594	1.00E-06	0.898534	4.00E-06	0	0	0	-0.13	0	0.305	0	0	0
4.501	-34.785156	392.406982	-19.574667	0.205052	0	-0.366667	1.40E-05	0.91564	4.00E-06	0	0	0	-0.13	0	0.305	0	0	0
4.502	-34.551605	392.406982	-19.417965	0.205052	0	-0.366667	1.40E-05	0.91564	4.00E-06	0	0	0	-0.13	0	0.305	0	0	0
4.503	-34.551605	391.211212	-18.791241	0.205084	0	-0.366667	6.00E-06	0.91564	2.00E-06	0	0	0	-0.13	0	0.305	0	0	0
4.504	-34.551605	391.211212	-18.556089	0.205084	0	-0.367213	2.00E-06	0.898113	6.00E-06	0	0	0	-0.13	0	0.305	0	0	0
4.505	-34.318771	391.211212	-18.242567	0.205084	0	-0.367213	3.00E-06	0.890141	5.00E-06	0	0	0	-0.13	0	0.305	0	0	0
4.506	-34.16235	390.357635	-18.242527	0.205271	0	-0.366501	3.00E-06	0.86813	6.00E-06	0	0	0	-0.13	0	0.305	0	0	0
4.507	-34.16235	389.49707	-18.007574	0.205271	0	-0.366501	8.00E-06	0.86813	5.00E-06	0	0	0	-0.13	0	0.305	0	0	0
4.508	-34.16235	389.154541	-17.772581	0.205271	0	-0.366501	8.00E-06	0.86813	5.00E-06	0	0	0	-0.13	0	0.305	0	0	0
4.509	-34.240921	389.154541	-17.223866	0.205547	0	-0.365992	4.00E-06	0.783191	5.00E-06	0	0	0	-0.13	0	0.305	0	0	0
4.51	-33.847336	389.154541	-17.067287	0.205547	0	-0.365992	3.00E-06	0.729302	3.00E-06	0	0	0	-0.13	0	0.305	0	0	0
4.511	-33.847336	387.781006	-16.832254	0.205539	0	-0.366331	3.00E-06	0.765757	4.00E-06	0	0	0	-0.13	0	0.305	0	0	0
4.512	-33.535213	386.227661	-16.597221	0.205502	0	-0.366331	3.00E-06	0.724816	4.00E-06	0	0	0	-0.13	0	0.305	0	0	0
4.513	-33.301659	386.227661	-16.440599	0.205539	0	-0.366297	3.00E-06	0.719968	4.00E-06	0	0	0	-0.13	0	0.305	0	0	0
4.514	-33.219479	386.2146	-16.440599	0.205301	0	-0.365954	5.00E-06	0.719968	5.00E-06	0	0	0	-0.13	0	0.305	0	0	0
4.515	-33.150288	385.703918	-16.440599	0.205027	0	-0.365953	1.40E-05	0.822258	4.00E-06	0	0	0	-0.13	0	0.305	0	0	0
4.516	-32.443134	384.164093	-16.205408	0.205027	0	-0.365742	8.00E-06	0.822258	4.00E-06	0	0	0	-0.13	0	0.305	0	0	0
4.517	-32.363117	384.341125	-15.500353	0.205318	0	-0.365642	1.30E-05	0.765465	4.00E-06	0	0	0	-0.13	0	0.305	0	0	0
4.518	-32.363117	383.63916	-15.421942	0.205318	0	-0.365642	8.00E-06	0.765465	5.00E-06	0	0	0	-0.13	0	0.305	0	0	0
4.519	-32.286713	383.468262	-14.951797	0.205127	0	-0.365537	5.00E-06	0.805591	5.00E-06	0	0	0	-0.13	0	0.305	0	0	0
4.52	-31.977472	381.230316	-14.951797	0.205127	0	-0.365209	5.00E-06	0.805591	5.00E-06	0	0	0	-0.13	0	0.305	0	0	0
4.521	-31.977472	381.063293	-14.873466	0.205182	0	-0.365136	5.00E-06	0.726692	3.00E-06	0	0	0	-0.13	0	0.305	0	0	0
4.522	-32.128845	379.348755	-14.560066	0.205182	0	-0.364616	1.00E-05	0.664688	2.00E-06	0	0	0	-0.13	0	0.305	0	0	0
4.523	-32.128845	378.15036	-14.481815	0.205237	0	-0.36455	9.00E-06	0.658532	2.00E-06	0	0	0	-0.13	0	0.305	0	0	0
4.524	-31.585333	377.976013	-14.168129	0.205486	0	-0.364616	1.50E-05	0.641982	2.00E-06	0	0	0	-0.13	0	0.305	0	0	0
4.525	-31.426743	377.965576	-14.090002	0.205537	0	-0.364487	1.50E-05	0.641982	3.00E-06	0	0	0	-0.13	0	0.305	0	0	0
4.526	-31.191748	377.461426	-13.933058	0.205486	0	-0.364487	1.50E-05	0.662756	2.00E-06	0	0	0	-0.13	0	0.305	0	0	0
4.527	-31.039652	375.740723	-13.698069	0.205412	0	-0.364487	3.00E-06	0.662756	0	0	0	0	-0.13	0	0.305	0	0	0
4.528	-30.801769	375.220367	-13.698069	0.205411	0	-0.364081	1.00E-06	0.702061	0.00E+00	0	0	0	-0.13	0	0.305	0	0	0
4.529	-30.333223	375.220367	-13.698267	0.205412	0	-0.364081	3.00E-06	0.633989	6.00E-06	0	0	0	-0.13	0	0.305	0	0	0
4.53	-30.333223	375.220367	-13.698267	0.205411	0	-0.364081	6.00E-06	0.633989	6.00E-06	0	0	0	-0.13	0	0.305	0	0	0
4.531	-30.256813	373.673279	-12.836227	0.205326	0	-0.363471	1.00E-05	0.582891	5.00E-06	0	0	0	-0.13	0	0.305	0	0	0
4.532	-29.866117	373.156403	-12.757738	0.205326	0	-0.363347	6.00E-06	0.582891	5.00E-06	0	0	0	-0.13	0	0.305	0	0	0
4.533	-29.864674	373.156403	-12.522869	0.205326	0	-0.362872	4.00E-06	0.584255	5.00E-06	0	0	0	-0.13	0	0.305	0	0	0
4.534	-29.71258	372.641479	-11.817894	0.205853	0	-0.362872	4.00E-06	0.611809	5.00E-06	0	0	0	-0.13	0	0.305	0	0	0
4.535	-29.864674	371.267944	-11.739483	0.205693	0	-0.362334	1.00E-06	0.584255	4.00E-06	0	0	0	-0.13	0	0.305	0	0	0
4.536	-29.71258	371.10553	-11.661112	0.20571	0	-0.362334	0	0.598757	4.00E-06	0	0	0	-0.13	0	0.305	0	0	0
4.537	-29.083998	370.079926	-11.661112	0.20571	0	-0.362334	0	0.55753	4.00E-06	0	0	0	-0.13	0	0.305	0	0	0
4.538	-28.930462	369.539886	-11.661112	0.20571	0	-0.362595	6.00E-06	0.598757	4.00E-06	0	0	0	-0.13	0	0.305	0	0	0
4.539	-28.851891	369.539886	-11.269178	0.206025	0	-0.362595	6.00E-06	0.560317	4.00E-06	0	0	0	-0.13	0	0.305	0	0	0
4.54	-28.851891	368.509644	-10.720861	0.206092	0	-0.362595	1.00E-05	0.614501	4.00E-06	0	0	0	-0.13	0	0.305	0	0	0
4.541	-28.851891	367.492889	-10.720623	0.206092	0	-0.362871	7.00E-06	0.614501	6.00E-06	0	0	0	-0.13	0	0.305	0	0	0
4.542	-28.773315	367.47821	-10.720861	0.206316	0	-0.362791	8.00E-06	0.62635	6.00E-06	0	0	0	-0.13	0	0.305	0	0	0
4.543	-28.773315	366.624573	-10.799072	0.206316	0	-0.362791	7.00E-06	0.62635	4.00E-06	0	0	0	-0.13	0	0.305	0	0	0
4.544	-28.46047	365.590088	-10.799072	0.206316	0	-0.362195	4.00E-06	0.552542	3.00E-06	0	0	0	-0.13	0	0.305	0	0	0
4.545	-27.99192	364.213074	-10.093979	0.205419	0	-0.361938	2.00E-06	0.5116	1.00E-06	0	0	0	-0.13	0	0.305	0	0	0
4.546	-27.914068	364.213074	-10.015524	0.205419	0	-0.361938	1.00E-06	0.5116	1.00E-06	0	0	0	-0.13	0	0.305	0	0	0
4.547	-27.915514	364.887329	-9.858866	0.205419	0	-0.362101	1.00E-06	0.644361	1.00E-06	0	0	0	-0.13	0	0.305	0	0	0
4.548	-27.837662	365.591675	-9.310509	0.205493	0	-0.362101	7.00E-06	0.644361	2.00E-06	0	0	0	-0.13	0	0.305	0	0	0
4.549	-27.758368	365.591675	-8.997189	0.205493	0	-0.361441	8.00E-06	0.617657	2.00E-06	0	0	0	-0.13	0	0.305	0	0	0
4.55	-27.758368	365.591675	-8.840448	0.205493	0	-0.361441	1.00E-05	0.617657	3.00E-06	0	0	0	-0.13	0	0.305	0	0	0
4.551	-27.758368	362.839539	-8.527004	0.206483	0	-0.361441	1.00E-05	0.617657	3.00E-06	0	0	0	-0.13	0	0.305	0	0	0
4.552	-27.288376	362.839539	-8.448753	0.206528	0	-0.361403	3.00E-06	0.577949	3.00E-06	0	0	0	-0.13	0	0.305	0	0	0
4.553	-27.288376	362.839539	-7.821949	0.206528	0	-0.361403	3.00E-06	0.577949	3.00E-06	0	0	0	-0.13	0	0.305	0	0	0
4.554	-27.288376	361.291626	-7.508427	0.206528	0	-0.361445	7.00E-06	0.577949	5.00E-06	0	0	0	-0.13	0	0.305	0	0	0
4.555	-27.367668	360.600403	-7.508427	0.206472	0	-0.361915	1.10E-05	0.501043	5.00E-06	0	0	0	-0.13	0	0.305	0	0	0
4.556	-27.364782	360.079651	-7.508427	0.206472	0	-0.362228	1.10E-05	0.496674	5.00E-06	0	0	0	-0.13	0	0.305	0	0	0
4.557	-27.364782	359.050964	-7.351765	0.206236	0	-0.362228	8.00E-06	0.496674	4.00E-06	0	0	0	-0.13	0	0.305	0	0	0
4.558	-27.364782	359.050964	-7.351765	0.206096	0	-0.362089	8.00E-06	0.581542	4.00E-06	0	0	0	-0.13	0	0.305	0	0	0
4.559	-26.893347	359.050964	-7.273514	0.206003	0	-0.361877	6.00E-06	0.581542	2.00E-06	0	0	0	-0.13	0	0.305	0	0	0
4.56	-26.893347	356.979645	-7.508587	0.206003	0	-0.361877	9.00E-06	0.620662	2.00E-06	0	0	0	-0.13	0	0.305	0	0	0
4.561	-26.893347	356.979645	-7.508587	0.205799	0	-0.36143	1.30E-05	0.572055	1.00E-06	0	0	0	-0.13	0	0.305	0	0	0
4.562	-26.426964	357.161713	-7.508587	0.206253	0	-0.360659	1.30E-05	0.572055	0.00E+00	0	0	0	-0.13	0	0.305	0	0	0
4.563	-26.426964	357.161713	-6.881943	0.206253	0	-0.360594	1.00E-05	0.572055	1.00E-06	0	0	0	-0.13	0	0.305	0	0	0
4.564	-26.272705	356.822266	-6.646629	0.206487	0	-0.360502	4.00E-06	0.553285	0.00E+00	0	0	0	-0.13	0	0.305	0	0	0
4.565	-26.038431	356.485931	-6.490047	0.206487	0	-0.360508	4.00E-06	0.554561	2.00E-06	0	0	0	-0.13	0	0.305	0	0	0
4.566	-26.038431	355.628876	-6.490047	0.206512	0	-0.360012	1.00E-06	0.553285	4.00E-06	0	0	0	-0.13	0	0.305	0	0	0
4.567	-26.038431	354.753662	-6.568378	0.206851	0	-0.359872	7.00E-06	0.478344	4.00E-06	0	0	0	-0.13	0	0.305	0	0	0
4.568	-26.036987	354.597809	-7.038563	0.206975	0	-0.359217	2.00E-06	0.478344	5.00E-06	0	0	0	-0.13	0	0.305	0	0	0
4.569	-26.040596	354.597809	-6.803371	0.207149	0	-0.359217	2.00E-06	0.572109	4.00E-06	0	0	0	-0.13	0	0.305	0	0	0
4.57	-26.040596	354.259949	-6.803371	0.207149	0	-0.359217	2.00E-06	0.572109	5.00E-06	0	0	0	-0.13	0	0.305	0	0	0
4.571	-26.040596	352.529602	-6.646671	0.207152	0	-0.358552	2.00E-06	0.35272	5.00E-06	0	0	0	-0.13	0	0.305	0	0	0
4.572	-25.564108	352.529602	-6.646671	0.207152	0	-0.358865	1.00E-06	0.35272	5.00E-06	0	0	0	-0.13	0	0.305	0	0	0
4.573	-25.564108	352.53653	-7.038441	0.207312	0	-0.358865	4.00E-06	0.421565	6.00E-06	0	0	0	-0.13	0	0.305	0	0	0
4.574	-25.49131	352.53653	-7.430096	0.207312	0	-0.358865	1.00E-06	0.421565	3.00E-06	0	0	0	-0.13	0	0.305	0	0	0
4.575	-25.409128	352.028137	-7.587238	0.207121	0	-0.358399	1.00E-06	0.421565	3.00E-06	0	0	0	-0.13	0	0.305	0	0	0
4.576	-25.409128	351.679474	-7.587238	0.207121	0	-0.358269	1.00E-06	0.465106	3.00E-06	0	0	0	-0.13	0	0.305	0	0	0
4.577	-24.944908	350.482178	-7.587238	0.20749	0	-0.357753	1.00E-06	0.496064	5.00E-06	0	0	0	-0.13	0	0.305	0	0	0
4.578	-25.176296	349.635559	-7.665451	0.207805	0	-0.357753	5.00E-06	0.465106	5.00E-06	0	0	0	-0.13	0	0.305	0	0	0
4.579	-25.176296	349.635559	-8.135551	0.207805	0	-0.358076	3.00E-06	0.496064	4.00E-06	0	0	0	-0.13	0	0.305	0	0	0
4.58	-25.176296	349.635193	-7.665451	0.207805	0	-0.358076	3.00E-06	0.488897	4.00E-06	0	0	0	-0.13	0	0.305	0	0	0
4.581	-25.09989	349.635193	-8.135551	0.207578	0	-0.357236	3.00E-06	0.527743	3.00E-06	0	0	0	-0.13	0	0.305	0	0	0
4.582	-25.09989	348.765747	-7.900682	0.207578	0	-0.357221	1.20E-05	0.527743	4.00E-06	0	0	0	-0.13	0	0.305	0	0	0
4.583	-25.100609	347.565369	-8.135715	0.207578	0	-0.357221	1.20E-05	0.543798	3.00E-06	0	0	0	-0.13	0	0.305	0	0	0
4.584	-25.177017	347.565369	-7.900682	0.207636	0	-0.357221	9.00E-06	0.543798	4.00E-06	0	0	0	-0.13	0	0.305	0	0	0
4.585	-25.100609	346.358063	-7.900642	0.207636	0	-0.357144	9.00E-06	0.536944	4.00E-06	0	0	0	-0.13	0	0.305	0	0	0
4.586	-25.020594	347.576569	-7.900642	0.207636	0	-0.356923	9.00E-06	0.53062	4.00E-06	0	0	0	-0.13	0	0.305	0	0	0
4.587	-25.020594	346.358063	-8.292294	0.20752	0	-0.356923	9.00E-06	0.50835	4.00E-06	0	0	0	-0.13	0	0.305	0	0	0
4.588	-24.708469	346.010132	-8.292294	0.207861	0	-0.357358	1.00E-05	0.476129	3.00E-06	0	0	0	-0.13	0	0.305	0	0	0
4.589	-24.784157	346.010132	-8.213844	0.207861	0	-0.357358	1.00E-05	0.467663	4.00E-06	0	0	0	-0.13	0	0.305	0	0	0
4.59	-24.318493	343.937286	-8.213844	0.207861	0	-0.357358	1.00E-05	0.358175	4.00E-06	0	0	0	-0.13	0	0.305	0	0	0
4.591	-24.317051	343.937286	-8.214003	0.207795	0	-0.357029	6.00E-06	0.358175	4.00E-06	0	0	0	-0.13	0	0.305	0	0	0
4.592	-24.317051	343.937286	-8.292294	0.207795	0	-0.357578	6.00E-06	0.471692	4.00E-06	0	0	0	-0.13	0	0.305	0	0	0
4.593	-24.629177	343.764862	-8.292536	0.207795	0	-0.357507	3.00E-06	0.527511	5.00E-06	0	0	0	-0.13	0	0.305	0	0	0
4.594	-24.629177	343.764862	-8.76236	0.207855	0	-0.357507	6.00E-06	0.527511	5.00E-06	0	0	0	-0.13	0	0.305	0	0	0
4.595	-24.397066	343.764862	-8.684069	0.208363	0	-0.357504	4.00E-06	0.550669	5.00E-06	0	0	0	-0.13	0	0.305	0	0	0
4.596	-24.397066	342.763123	-8.684069	0.208363	0	-0.357267	6.00E-06	0.559183	3.00E-06	0	0	0	-0.13	0	0.305	0	0	0
4.597	-24.397066	342.408295	-8.449238	0.20776	0	-0.357267	5.00E-06	0.559183	5.00E-06	0	0	0	-0.13	0	0.305	0	0	0
4.598	-24.317051	342.230072	-8.370907	0.207749	0	-0.357081	7.00E-06	0.536653	3.00E-06	0	0	0	-0.13	0	0.305	0	0	0
4.599	-24.317051	342.408295	-8.370907	0.207749	0	-0.356753	5.00E-06	0.536653	3.00E-06	0	0	0	-0.13	0	0.305	0	0	0
4.6	-24.001316	343.428894	-8.370907	0.207749	0	-0.356753	5.00E-06	0.451005	1.00E-06	0	0	0	-0.13	0	0.305	0	0	0
4.601	-23.923466	344.314148	-8.214285	0.207949	0	-0.355455	5.00E-06	0.451005	1.00E-06	0	0	0	-0.13	0	0.305	0	0	0
4.602	-23.847057	344.314148	-8.214165	0.207949	0	-0.355455	7.00E-06	0.451005	4.00E-06	0	0	0	-0.13	0	0.305	0	0	0
4.603	-23.692801	342.584167	-8.214127	0.207949	0	-0.355602	7.00E-06	0.520422	4.00E-06	0	0	0	-0.13	0	0.305	0	0	0
4.604	-23.692801	342.584167	-8.057543	0.207974	0	-0.356377	7.00E-06	0.520422	4.00E-06	0	0	0	-0.13	0	0.305	0	0	0
4.605	-24.002039	342.584167	-8.057543	0.208348	0	-0.356667	8.00E-06	0.544916	1.00E-06	0	0	0	-0.13	0	0.305	0	0	0
4.606	-24.002039	342.922424	-8.60598	0.208293	0	-0.356667	8.00E-06	0.544916	4.00E-06	0	0	0	-0.13	0	0.305	0	0	0
4.607	-24.003481	341.032776	-8.762722	0.208348	0	-0.356645	9.00E-06	0.544916	5.00E-06	0	0	0	-0.13	0	0.305	0	0	0
4.608	-23.769928	341.032776	-8.60598	0.208397	0	-0.356645	6.00E-06	0.541574	5.00E-06	0	0	0	-0.13	0	0.305	0	0	0
4.609	-23.686306	341.032776	-8.841091	0.208397	0	-0.356645	5.00E-06	0.468558	5.00E-06	0	0	0	-0.13	0	0.305	0	0	0
4.61	-23.686306	340.869598	-8.449398	0.208208	0	-0.356724	0.00E+00	0.468558	4.00E-06	0	0	0	-0.13	0	0.305	0	0	0
4.611	-23.847778	340.506287	-8.292656	0.208208	0	-0.356362	0	0.55011	4.00E-06	0	0	0	-0.13	0	0.305	0	0	0
4.612	-23.847778	340.506287	-8.292656	0.208261	0	-0.356551	8.00E-06	0.55011	3.00E-06	0	0	0	-0.13	0	0.305	0	0	0
4.613	-23.844893	341.900696	-7.744263	0.208261	0	-0.356362	9.00E-06	0.55011	3.00E-06	0	0	0	-0.13	0	0.305	0	0	0
4.614	-23.457802	341.900696	-8.292616	0.208071	0	-0.354833	9.00E-06	0.547729	3.00E-06	0	0	0	-0.13	0	0.305	0	0	0
4.615	-23.457802	341.041321	-8.292616	0.208071	0	-0.354833	9.00E-06	0.585028	3.00E-06	0	0	0	-0.13	0	0.305	0	0	0
4.616	-23.53421	340.176117	-8.292616	0.208506	0	-0.354862	9.00E-06	0.547729	4.00E-06	0	0	0	-0.13	0	0.305	0	0	0
4.617	-23.614227	340.012177	-8.057707	0.208589	0	-0.355275	9.00E-06	0.585631	5.00E-06	0	0	0	-0.13	0	0.305	0	0	0
4.618	-23.690636	340.012177	-7.901005	0.20856	0	-0.355202	1.10E-05	0.630688	5.00E-06	0	0	0	-0.13	0	0.305	0	0	0
4.619	-23.692801	339.49762	-8.057627	0.208711	0	-0.355275	4.00E-06	0.645855	5.00E-06	0	0	0	-0.13	0	0.305	0	0	0
4.62	-23.692801	338.648254	-8.057627	0.209105	0	-0.355387	4.00E-06	0.645855	5.00E-06	0	0	0	-0.13	0	0.305	0	0	0
4.621	-23.692801	338.117493	-8.057627	0.209105	0	-0.356093	4.00E-06	0.645855	4.00E-06	0	0	0	-0.13	0	0.305	0	0	0
4.622	-23.847778	338.117493	-7.901005	0.209269	0	-0.355387	1.00E-06	0.606383	5.00E-06	0	0	0	-0.13	0	0.305	0	0	0
4.623	-23.847778	338.117493	-7.900803	0.209231	0	-0.354999	6.00E-06	0.499312	3.00E-06	0	0	0	-0.13	0	0.305	0	0	0
4.624	-23.847778	337.948944	-7.900803	0.209231	0	-0.354999	1.00E-06	0.499312	-1.00E-06	0	0	0	-0.13	0	0.305	0	0	0
4.625	-23.694242	337.60025	-8.214409	0.208839	0	-0.355917	4.00E-06	0.620891	-1.00E-06	0	0	0	-0.13	0	0.305	0	0	0
4.626	-24.004204	337.60025	-8.370947	0.208839	0	-0.355917	3.00E-06	0.67151	-1.00E-06	0	0	0	-0.13	0	0.305	0	0	0
4.627	-23.694242	336.559967	-8.370947	0.209002	0	-0.355523	3.00E-06	0.67151	2.00E-06	0	0	0	-0.13	0	0.305	0	0	0
4.628	-24.00709	336.226318	-8.136038	0.209002	0	-0.355485	3.00E-06	0.624671	2.00E-06	0	0	0	-0.13	0	0.305	0	0	0
4.629	-23.46069	336.226318	-8.135998	0.208606	0	-0.355169	0.00E+00	0.624671	4.00E-06	0	0	0	-0.13	0	0.305	0	0	0
4.63	-24.083496	335.881866	-8.135998	0.208427	0	-0.355169	6.00E-06	0.686894	4.00E-06	0	0	0	-0.13	0	0.305	0	0	0
4.631	-23.69352	334.337067	-7.822754	0.208335	0	-0.35401	1.10E-05	0.689952	4.00E-06	0	0	0	-0.13	0	0.305	0	0	0
4.632	-23.69352	334.337067	-7.901045	0.208335	0	-0.355176	1.10E-05	0.689952	4.00E-06	0	0	0	-0.13	0	0.305	0	0	0
4.633	-23.69352	334.337067	-7.901045	0.208887	0	-0.354936	6.00E-06	0.722975	3.00E-06	0	0	0	-0.13	0	0.305	0	0	0
4.634	-23.694242	333.462646	-7.901045	0.208887	0	-0.355176	5.00E-06	0.722975	2.00E-06	0	0	0	-0.13	0	0.305	0	0	0
4.635	-23.849945	332.617889	-7.900965	0.208887	0	-0.354936	6.00E-06	0.698614	2.00E-06	0	0	0	-0.13	0	0.305	0	0	0
4.636	-23.694242	331.220032	-7.587641	0.208603	0	-0.355601	7.00E-06	0.696302	3.00E-06	0	0	0	-0.13	0	0.305	0	0	0
4.637	-23.461412	330.185516	-7.587641	0.2091	0	-0.35516	7.00E-06	0.690015	4.00E-06	0	0	0	-0.13	0	0.305	0	0	0
4.638	-23.461412	329.336182	-7.509111	0.209484	0	-0.355392	4.00E-06	0.631532	4.00E-06	0	0	0	-0.13	0	0.305	0	0	0
4.639	-23.147842	329.324982	-7.509111	0.209484	0	-0.355392	4.00E-06	0.631532	5.00E-06	0	0	0	-0.13	0	0.305	0	0	0
4.64	-22.912846	328.480621	-7.274118	0.209492	0	-0.355392	1.00E-05	0.631532	4.00E-06	0	0	0	-0.13	0	0.305	0	0	0
4.641	-22.912846	327.109009	-7.274118	0.209341	0	-0.355665	1.00E-05	0.502661	4.00E-06	0	0	0	-0.13	0	0.305	0	0	0
4.642	-23.067827	325.193878	-7.273836	0.209341	0	-0.355653	8.00E-06	0.502661	2.00E-06	0	0	0	-0.13	0	0.305	0	0	0
4.643	-23.067827	323.989685	-7.508987	0.209211	0	-0.355661	6.00E-06	0.568004	1.00E-06	0	0	0	-0.13	0	0.305	0	0	0
4.644	-22.682903	323.989685	-7.273876	0.208309	0	-0.355653	8.00E-06	0.662592	1.00E-06	0	0	0	-0.13	0	0.305	0	0	0
4.645	-22.682903	323.824951	-7.273876	0.209182	0	-0.355356	6.00E-06	0.713475	1.00E-06	0	0	0	-0.13	0	0.305	0	0	0
4.646	-22.682903	321.94342	-7.195587	0.209182	0	-0.354891	6.00E-06	0.731399	6.00E-06	0	0	0	-0.13	0	0.305	0	0	0
4.647	-22.68218	320.034058	-7.195587	0.209377	0	-0.354891	6.00E-06	0.740918	6.00E-06	0	0	0	-0.13	0	0.305	0	0	0
4.648	-22.215075	320.034058	-7.038965	0.209377	0	-0.354239	7.00E-06	0.769193	5.00E-06	0	0	0	-0.13	0	0.305	0	0	0
4.649	-22.215075	320.034058	-6.882225	0.209377	0	-0.354239	1.10E-05	0.770435	5.00E-06	0	0	0	-0.13	0	0.305	0	0	0
4.65	-22.527201	319.001526	-6.803774	0.209302	0	-0.354239	7.00E-06	0.770435	5.00E-06	0	0	0	-0.13	0	0.305	0	0	0
4.651	-22.527201	318.998047	-6.647032	0.2093	0	-0.354219	8.00E-06	0.770435	5.00E-06	0	0	0	-0.13	0	0.305	0	0	0
4.652	-22.136501	318.147522	-6.647032	0.2093	0	-0.354705	6.00E-06	0.749452	5.00E-06	0	0	0	-0.13	0	0.305	0	0	0
4.653	-22.132893	317.113037	-6.647032	0.209487	0	-0.354705	7.00E-06	0.677486	4.00E-06	0	0	0	-0.13	0	0.305	0	0	0
4.654	-22.132893	314.358582	-6.725281	0.209964	0	-0.354849	7.00E-06	0.677486	4.00E-06	0	0	0	-0.13	0	0.305	0	0	0
4.655	-22.058651	314.358582	-6.411842	0.209887	0	-0.354855	7.00E-06	0.63042	4.00E-06	0	0	0	-0.13	0	0.305	0	0	0
4.656	-22.058651	314.190002	-6.725403	0.209887	0	-0.355279	1.20E-05	0.676432	4.00E-06	0	0	0	-0.13	0	0.305	0	0	0
4.657	-22.055042	314.013733	-6.803734	0.209887	0	-0.355279	9.00E-06	0.63042	2.00E-06	0	0	0	-0.13	0	0.305	0	0	0
4.658	-22.055042	313.323303	-6.803734	0.209843	0	-0.354882	9.00E-06	0.676432	5.00E-06	0	0	0	-0.13	0	0.305	0	0	0
4.659	-22.055042	313.323303	-6.646992	0.209999	0	-0.354882	5.00E-06	0.699696	4.00E-06	0	0	0	-0.13	0	0.305	0	0	0
4.66	-21.745804	312.644867	-6.646908	0.209843	0	-0.354882	4.00E-06	0.699696	5.00E-06	0	0	0	-0.13	0	0.305	0	0	0
4.661	-22.05793	311.763062	-6.333708	0.209778	0	-0.355708	5.00E-06	0.716513	4.00E-06	0	0	0	-0.13	0	0.305	0	0	0
4.662	-22.05793	312.276855	-6.333708	0.209423	0	-0.355688	6.00E-06	0.756301	3.00E-06	0	0	0	-0.13	0	0.305	0	0	0
4.663	-22.05793	311.589478	-6.333708	0.209423	0	-0.355688	7.00E-06	0.771667	3.00E-06	0	0	0	-0.13	0	0.305	0	0	0
4.664	-22.059372	311.589478	-6.177006	0.209878	0	-0.355688	7.00E-06	0.809533	3.00E-06	0	0	0	-0.13	0	0.305	0	0	0
4.665	-22.059372	311.424347	-5.941776	0.210038	0	-0.355227	7.00E-06	0.771667	4.00E-06	0	0	0	-0.13	0	0.305	0	0	0
4.666	-22.059372	309.528198	-5.941734	0.210038	0	-0.355227	0	0.836759	4.00E-06	0	0	0	-0.13	0	0.305	0	0	0
4.667	-22.137222	308.328217	-5.941734	0.209677	0	-0.355227	0.00E+00	0.85598	3.00E-06	0	0	0	-0.13	0	0.305	0	0	0
4.668	-21.981522	307.288666	-5.941734	0.209677	0	-0.355211	7.00E-06	0.85598	3.00E-06	0	0	0	-0.13	0	0.305	0	0	0
4.669	-22.142273	306.600952	-5.393299	0.209658	0	-0.355211	7.00E-06	0.903488	5.00E-06	0	0	0	-0.13	0	0.305	0	0	0
4.67	-22.142273	307.288666	-5.393299	0.209891	0	-0.355211	7.00E-06	0.870662	5.00E-06	0	0	0	-0.13	0	0.305	0	0	0
4.671	-22.142273	306.600952	-5.471592	0.209891	0	-0.355437	6.00E-06	0.870662	4.00E-06	0	0	0	-0.13	0	0.305	0	0	0
4.672	-21.902948	306.600525	-5.471592	0.210431	0	-0.355437	4.00E-06	0.677694	3.00E-06	0	0	0	-0.13	0	0.305	0	0	0
4.673	-21.748692	304.87442	-5.158226	0.210431	0	-0.355437	0.00E+00	0.677694	4.00E-06	0	0	0	-0.13	0	0.305	0	0	0
4.674	-21.358715	302.630676	-5.158226	0.210163	0	-0.355686	0	0.703802	3.00E-06	0	0	0	-0.13	0	0.305	0	0	0
4.675	-21.748692	302.630676	-5.158146	0.209506	0	-0.356413	0	0.720165	2.00E-06	0	0	0	-0.13	0	0.305	0	0	0
4.676	-21.592989	303.138672	-5.158146	0.20945	0	-0.35658	0.00E+00	0.78032	2.00E-06	0	0	0	-0.13	0	0.305	0	0	0
4.677	-21.592989	303.138672	-4.766335	0.20945	0	-0.35658	6.00E-06	0.78032	4.00E-06	0	0	0	-0.13	0	0.305	0	0	0
4.678	-21.359436	300.904175	-4.766335	0.209674	0	-0.356329	1.00E-06	0.804449	4.00E-06	0	0	0	-0.13	0	0.305	0	0	0
4.679	-21.046589	300.215668	-4.766335	0.209674	0	-0.356329	1.10E-05	0.804449	3.00E-06	0	0	0	-0.13	0	0.305	0	0	0
4.68	-21.359436	300.215668	-4.609875	0.209523	0	-0.356569	2.00E-06	0.816974	2.00E-06	0	0	0	-0.13	0	0.305	0	0	0
4.681	-21.436565	298.491486	-4.609875	0.20919	0	-0.356569	3.00E-06	0.899696	3.00E-06	0	0	0	-0.13	0	0.305	0	0	0
4.682	-21.438728	297.282654	-4.609875	0.20919	0	-0.356171	3.00E-06	0.899696	3.00E-06	0	0	0	-0.13	0	0.305	0	0	0
4.683	-21.438728	295.571991	-4.609913	0.209261	0	-0.356036	3.00E-06	0.899696	6.00E-06	0	0	0	-0.13	0	0.305	0	0	0
4.684	-21.048031	294.354614	-4.217899	0.209352	0	-0.355997	1.00E-05	0.860359	4.00E-06	0	0	0	-0.13	0	0.305	0	0	0
4.685	-20.970901	294.023285	-4.139648	0.209727	0	-0.355792	1.00E-05	0.860359	4.00E-06	0	0	0	-0.13	0	0.305	0	0	0
4.686	-20.891609	293.153107	-4.061317	0.209917	0	-0.355927	5.00E-06	0.821335	3.00E-06	0	0	0	-0.13	0	0.305	0	0	0
4.687	-20.733019	292.468445	-4.061119	0.209973	0	-0.355927	5.00E-06	0.765279	3.00E-06	0	0	0	-0.13	0	0.305	0	0	0
4.688	-20.577316	291.78299	-4.061317	0.210069	0	-0.35642	7.00E-06	0.765279	2.00E-06	0	0	0	-0.13	0	0.305	0	0	0
4.689	-20.344486	291.265381	-3.669304	0.210477	0	-0.35642	7.00E-06	0.755953	1.00E-06	0	0	0	-0.13	0	0.305	0	0	0
4.69	-20.11021	290.22702	-3.982826	0.210695	0	-0.35642	7.00E-06	0.806252	1.00E-06	0	0	0	-0.13	0	0.305	0	0	0
4.691	-20.11021	289.712036	-3.669426	0.210695	0	-0.355904	6.00E-06	0.806252	5.00E-06	0	0	0	-0.13	0	0.305	0	0	0
4.692	-19.955231	289.193665	-3.825844	0.210417	0	-0.355904	4.00E-06	0.806252	5.00E-06	0	0	0	-0.13	0	0.305	0	0	0
4.693	-19.798088	288.339691	-3.669426	0.210005	0	-0.355904	4.00E-06	0.744243	4.00E-06	0	0	0	-0.13	0	0.305	0	0	0
4.694	-19.486683	284.359009	-3.355824	0.210162	0	-0.356962	6.00E-06	0.744243	3.00E-06	0	0	0	-0.13	0	0.305	0	0	0
4.695	-19.798088	284.359009	-3.120789	0.210005	0	-0.356962	6.00E-06	0.757877	2.00E-06	0	0	0	-0.13	0	0.305	0	0	0
4.696	-19.330259	284.524902	-3.042419	0.210162	0	-0.356962	3.00E-06	0.791127	2.00E-06	0	0	0	-0.13	0	0.305	0	0	0
4.697	-18.786024	284.524902	-3.042419	0.209979	0	-0.356441	3.00E-06	0.891	3.00E-06	0	0	0	-0.13	0	0.305	0	0	0
4.698	-18.786024	282.638336	-3.120869	0.210218	0	-0.356183	7.00E-06	0.951694	3.00E-06	0	0	0	-0.13	0	0.305	0	0	0
4.699	-19.645992	281.609222	-3.120869	0.209945	0	-0.355892	1.20E-05	0.891	3.00E-06	0	0	0	-0.13	0	0.305	0	0	0
4.7	-19.803137	280.753296	-2.650604	0.209845	0	-0.355531	9.00E-06	0.876605	3.00E-06	0	0	0	-0.13	0	0.305	0	0	0
4.701	-19.80386	278.507233	-2.650604	0.209845	0	-0.355531	9.00E-06	0.876605	3.00E-06	0	0	0	-0.13	0	0.305	0	0	0
4.702	-19.80386	278.337921	-2.572193	0.210319	0	-0.356388	8.00E-06	0.860305	3.00E-06	0	0	0	-0.13	0	0.305	0	0	0
4.703	-19.255295	276.787689	-2.493782	0.210319	0	-0.356388	8.00E-06	0.901351	3.00E-06	0	0	0	-0.13	0	0.305	0	0	0
4.704	-19.178886	275.921753	-1.945469	0.210367	0	-0.355924	9.00E-06	0.850489	3.00E-06	0	0	0	-0.13	0	0.305	0	0	0
4.705	-19.177444	275.920197	-2.0238	0.210331	0	-0.355924	9.00E-06	0.85972	3.00E-06	0	0	0	-0.13	0	0.305	0	0	0
4.706	-19.177444	272.130096	-2.0238	0.210572	0	-0.356026	4.00E-06	0.839957	3.00E-06	0	0	0	-0.13	0	0.305	0	0	0
4.707	-19.177444	271.107544	-2.493782	0.210331	0	-0.356738	3.00E-06	0.85972	3.00E-06	0	0	0	-0.13	0	0.305	0	0	0
4.708	-18.866039	269.533752	-2.493782	0.210324	0	-0.356155	3.00E-06	0.839957	1.00E-06	0	0	0	-0.13	0	0.305	0	0	0
4.709	-18.708174	269.533752	-1.945347	0.210324	0	-0.357331	0.00E+00	0.831891	3.00E-06	0	0	0	-0.13	0	0.305	0	0	0
4.71	-18.708174	268.508972	-1.945347	0.210324	0	-0.357331	3.00E-06	0.831891	2.00E-06	0	0	0	-0.13	0	0.305	0	0	0
4.711	-18.474621	266.260132	-1.945347	0.210141	0	-0.357957	0.00E+00	0.831891	4.00E-06	0	0	0	-0.13	0	0.305	0	0	0
4.712	-18.082478	264.023743	-1.710155	0.210141	0	-0.357957	9.00E-06	0.706251	4.00E-06	0	0	0	-0.13	0	0.305	0	0	0
4.713	-18.082478	263.85907	-1.553577	0.210141	0	-0.357731	6.00E-06	0.706251	5.00E-06	0	0	0	-0.13	0	0.305	0	0	0
4.714	-17.616816	260.582703	-1.553577	0.209895	0	-0.356644	7.00E-06	0.743329	4.00E-06	0	0	0	-0.13	0	0.305	0	0	0
4.715	-17.776848	259.378906	-0.691414	0.209895	0	-0.357174	7.00E-06	0.833566	2.00E-06	0	0	0	-0.13	0	0.305	0	0	0
4.716	-17.616816	259.373505	-0.534954	0.209948	0	-0.357174	7.00E-06	0.767057	-1.00E-06	0	0	0	-0.13	0	0.305	0	0	0
4.717	-17.380379	255.753464	-0.534954	0.209987	0	-0.357174	4.00E-06	0.767057	2.00E-06	0	0	0	-0.13	0	0.305	0	0	0
4.718	-17.380379	255.245514	-0.534954	0.209987	0	-0.358137	3.00E-06	0.767057	2.00E-06	0	0	0	-0.13	0	0.305	0	0	0
4.719	-17.46328	252.310898	-0.377934	0.209987	0	-0.357068	3.00E-06	0.795703	4.00E-06	0	0	0	-0.13	0	0.305	0	0	0
4.72	-17.46328	250.580963	-0.377934	0.210708	0	-0.357068	3.00E-06	0.795703	4.00E-06	0	0	0	-0.13	0	0.305	0	0	0
4.721	-17.46328	249.913315	-0.221394	0.209574	0	-0.357068	3.00E-06	0.793384	4.00E-06	0	0	0	-0.13	0	0.305	0	0	0
4.722	-17.462559	247.142609	0.092129	0.209574	0	-0.35598	3.00E-06	0.707607	5.00E-06	0	0	0	-0.13	0	0.305	0	0	0
4.723	-17.462559	246.626923	0.248951	0.209574	0	-0.357566	6.00E-06	0.707607	5.00E-06	0	0	0	-0.13	0	0.305	0	0	0
4.724	-16.600426	243.526459	0.483826	0.210389	0	-0.357583	6.00E-06	0.682852	3.00E-06	0	0	0	-0.13	0	0.305	0	0	0
4.725	-16.600426	243.174286	0.483826	0.210389	0	-0.357583	8.00E-06	0.682852	2.00E-06	0	0	0	-0.13	0	0.305	0	0	0
4.726	-16.600426	242.495453	0.483826	0.210476	0	-0.356567	5.00E-06	0.682852	2.00E-06	0	0	0	-0.13	0	0.305	0	0	0
4.727	-16.601147	240.943298	0.562153	0.210476	0	-0.356567	5.00E-06	0.709852	2.00E-06	0	0	0	-0.13	0	0.305	0	0	0
4.728	-16.13332	240.774353	0.562153	0.210571	0	-0.35629	5.00E-06	0.685967	4.00E-06	0	0	0	-0.13	0	0.305	0	0	0
4.729	-15.589806	238.711914	1.267368	0.210799	0	-0.356801	9.00E-06	0.709852	4.00E-06	0	0	0	-0.13	0	0.305	0	0	0
4.73	-15.589806	235.773071	1.267368	0.210571	0	-0.356677	9.00E-06	0.748851	4.00E-06	0	0	0	-0.13	0	0.305	0	0	0
4.731	-15.589806	235.770386	1.189079	0.210566	0	-0.356677	2.00E-06	0.748851	4.00E-06	0	0	0	-0.13	0	0.305	0	0	0
4.732	-15.039076	234.227112	0.640644	0.210281	0	-0.356636	2.00E-06	0.66852	4.00E-06	0	0	0	-0.13	0	0.305	0	0	0
4.733	-15.039076	231.819046	1.032375	0.210281	0	-0.356636	1.00E-06	0.66852	4.00E-06	0	0	0	-0.13	0	0.305	0	0	0
4.734	-15.039076	231.802856	0.719017	0.210281	0	-0.356636	2.00E-06	0.654937	1.00E-06	0	0	0	-0.13	0	0.305	0	0	0
4.735	-15.11837	230.271942	1.032177	0.210343	0	-0.356491	2.00E-06	0.684953	1.00E-06	0	0	0	-0.13	0	0.305	0	0	0
4.736	-15.197663	229.228928	1.032177	0.210343	0	-0.355803	2.00E-06	0.684953	2.00E-06	0	0	0	-0.13	0	0.305	0	0	0
4.737	-15.197663	226.478363	1.032177	0.210571	0	-0.354974	3.00E-06	0.688752	3.00E-06	0	0	0	-0.13	0	0.305	0	0	0
4.738	-15.120535	225.440765	1.110832	0.211016	0	-0.355803	2.00E-06	0.688752	3.00E-06	0	0	0	-0.13	0	0.305	0	0	0
4.739	-15.117647	224.246582	1.110832	0.211345	0	-0.356142	3.00E-06	0.614155	3.00E-06	0	0	0	-0.13	0	0.305	0	0	0
4.74	-14.882652	223.899017	2.12933	0.211016	0	-0.356142	3.00E-06	0.601205	3.00E-06	0	0	0	-0.13	0	0.305	0	0	0
4.741	-14.882652	222.332611	2.12933	0.210792	0	-0.356121	4.00E-06	0.601205	3.00E-06	0	0	0	-0.13	0	0.305	0	0	0
4.742	-14.727673	222.172943	2.521103	0.210792	0	-0.356094	4.00E-06	0.517986	1.00E-06	0	0	0	-0.13	0	0.305	0	0	0
4.743	-14.256237	219.590881	2.364521	0.21105	0	-0.356094	4.00E-06	0.517986	1.00E-06	0	0	0	-0.13	0	0.305	0	0	0
4.744	-14.256237	217.860168	2.521103	0.211194	0	-0.356094	4.00E-06	0.517986	1.00E-06	0	0	0	-0.13	0	0.305	0	0	0
4.745	-14.415546	217.505676	2.364521	0.211194	0	-0.356921	4.00E-06	0.599611	1.00E-06	0	0	0	-0.13	0	0.305	0	0	0
4.746	-14.415546	215.27121	2.207859	0.211194	0	-0.356921	4.00E-06	0.614656	1.00E-06	0	0	0	-0.13	0	0.305	0	0	0
4.747	-13.40132	215.27121	2.207859	0.210831	0	-0.357434	4.00E-06	0.614656	3.00E-06	0	0	0	-0.13	0	0.305	0	0	0
4.748	-13.40132	215.27121	2.129566	0.210666	0	-0.357434	4.00E-06	0.684558	3.00E-06	0	0	0	-0.13	0	0.305	0	0	0
4.749	-13.321303	210.781006	2.207779	0.210445	0	-0.357711	6.00E-06	0.619079	3.00E-06	0	0	0	-0.13	0	0.305	0	0	0
4.75	-13.242732	209.403961	2.207779	0.210266	0	-0.358077	6.00E-06	0.619819	3.00E-06	0	0	0	-0.13	0	0.305	0	0	0
4.751	-13.08703	206.303925	2.364441	0.210266	0	-0.358077	6.00E-06	0.619819	3.00E-06	0	0	0	-0.13	0	0.305	0	0	0
4.752	-12.619925	206.136505	2.756336	0.210266	0	-0.357627	2.00E-06	0.621473	1.00E-06	0	0	0	-0.13	0	0.305	0	0	0
4.753	-12.619925	205.269043	2.834461	0.209923	0	-0.357627	2.00E-06	0.623229	1.00E-06	0	0	0	-0.13	0	0.305	0	0	0
4.754	-12.852755	203.885834	2.834461	0.21082	0	-0.357447	2.00E-06	0.623229	1.00E-06	0	0	0	-0.13	0	0.305	0	0	0
4.755	-12.852755	200.979797	3.61821	0.21082	0	-0.355919	3.00E-06	0.520612	2.00E-06	0	0	0	-0.13	0	0.305	0	0	0
4.756	-12.699217	200.625732	3.61821	0.21082	0	-0.355919	3.00E-06	0.520612	2.00E-06	0	0	0	-0.13	0	0.305	0	0	0
4.757	-12.384926	197.004166	3.461468	0.210698	0	-0.355598	4.00E-06	0.519364	2.00E-06	0	0	0	-0.13	0	0.305	0	0	0
4.758	-12.229948	194.258224	3.461468	0.210698	0	-0.356773	4.00E-06	0.616933	2.00E-06	0	0	0	-0.13	0	0.305	0	0	0
4.759	-11.995672	194.078461	3.618332	0.210698	0	-0.356773	4.00E-06	0.598985	2.00E-06	0	0	0	-0.13	0	0.305	0	0	0
4.76	-11.995672	193.0289	3.931614	0.210801	0	-0.356773	4.00E-06	0.598985	2.00E-06	0	0	0	-0.13	0	0.305	0	0	0
4.761	-11.993507	191.836685	3.618332	0.210801	0	-0.357025	3.00E-06	0.503355	2.00E-06	0	0	0	-0.13	0	0.305	0	0	0
4.762	-11.758512	189.779968	4.088516	0.210801	0	-0.357025	5.00E-06	0.475972	2.00E-06	0	0	0	-0.13	0	0.305	0	0	0
4.763	-11.289242	186.151901	4.088516	0.210953	0	-0.357025	1.00E-06	0.424716	2.00E-06	0	0	0	-0.13	0	0.305	0	0	0
4.764	-10.662104	185.633072	4.245174	0.210953	0	-0.358408	5.00E-06	0.396277	2.00E-06	0	0	0	-0.13	0	0.305	0	0	0
4.765	-10.662104	183.732224	4.245174	0.210953	0	-0.356981	5.00E-06	0.424716	2.00E-06	0	0	0	-0.13	0	0.305	0	0	0
4.766	-10.662104	182.708923	3.774792	0.210861	0	-0.356981	5.00E-06	0.528476	2.00E-06	0	0	0	-0.13	0	0.305	0	0	0
4.767	-10.198605	181.333847	3.774792	0.210861	0	-0.356662	5.00E-06	0.528476	2.00E-06	0	0	0	-0.13	0	0.305	0	0	0
4.768	-10.118591	180.636444	4.244976	0.210861	0	-0.356662	3.00E-06	0.404587	2.00E-06	0	0	0	-0.13	0	0.305	0	0	0
4.769	-9.725006	176.504974	4.55862	0.211371	0	-0.356662	3.00E-06	0.404587	2.00E-06	0	0	0	-0.13	0	0.305	0	0	0
4.77	-9.575798	176.160904	4.715321	0.210836	0	-0.357422	3.00E-06	0.582226	2.00E-06	0	0	0	-0.13	0	0.305	0	0	0
4.771	-9.41721	173.91098	4.793613	0.210667	0	-0.356355	2.00E-06	0.582226	2.00E-06	0	0	0	-0.13	0	0.305	0	0	0
4.772	-9.575798	172.887329	4.793613	0.210667	0	-0.35483	2.00E-06	0.563528	2.00E-06	0	0	0	-0.13	0	0.305	0	0	0
4.773	-9.732222	170.815979	4.793652	0.210501	0	-0.35483	5.00E-06	0.563528	0	0	0	0	-0.13	0	0.305	0	0	0
4.774	-9.732222	169.953888	4.871944	0.21053	0	-0.354149	5.00E-06	0.563528	0	0	0	0	-0.13	0	0.305	0	0	0
4.775	-9.339359	167.550842	4.793652	0.21053	0	-0.354889	4.00E-06	0.482601	0	0	0	0	-0.13	0	0.305	0	0	0
4.776	-8.945774	167.210663	4.793571	0.211457	0	-0.354889	2.00E-06	0.459798	2.00E-06	0	0	0	-0.13	0	0.305	0	0	0
4.777	-8.870089	166.171875	4.793571	0.211457	0	-0.354889	2.00E-06	0.391443	2.00E-06	0	0	0	-0.13	0	0.305	0	0	0
4.778	-8.712221	165.47644	4.480167	0.211457	0	-0.355439	2.00E-06	0.335526	1.00E-06	0	0	0	-0.13	0	0.305	0	0	0
4.779	-8.7115	163.232666	4.715321	0.211611	0	-0.357425	2.00E-06	0.335526	1.00E-06	0	0	0	-0.13	0	0.305	0	0	0
4.78	-8.55652	163.230347	4.715321	0.212508	0	-0.357425	2.00E-06	0.360742	1.00E-06	0	0	0	-0.13	0	0.305	0	0	0
4.781	-8.637978	162.212036	4.715321	0.212508	0	-0.35587	1.00E-06	0.379325	2.00E-06	0	0	0	-0.13	0	0.305	0	0	0
4.782	-8.478668	160.993179	4.79377	0.212508	0	-0.35587	1.00E-06	0.379325	1.00E-06	0	0	0	-0.13	0	0.305	0	0	0
4.783	-8.086527	157.201523	4.636909	0.211059	0	-0.356768	1.00E-06	0.40306	1.00E-06	0	0	0	-0.13	0	0.305	0	0	0
4.784	-7.385149	155.476959	4.79377	0.211059	0	-0.357401	2.00E-06	0.304969	1.00E-06	0	0	0	-0.13	0	0.305	0	0	0
4.785	-7.150873	155.475403	4.793976	0.210476	0	-0.357401	2.00E-06	0.382576	1.00E-06	0	0	0	-0.13	0	0.305	0	0	0
4.786	-7.385149	155.462708	4.950474	0.210865	0	-0.356976	2.00E-06	0.374762	1.00E-06	0	0	0	-0.13	0	0.305	0	0	0
4.787	-7.385149	151.683395	4.950474	0.209888	0	-0.356976	2.00E-06	0.382576	1.00E-06	0	0	0	-0.13	0	0.305	0	0	0
4.788	-7.385149	151.683395	4.950474	0.20924	0	-0.356976	2.00E-06	0.374762	1.00E-06	0	0	0	-0.13	0	0.305	0	0	0
4.789	-7.153038	149.099426	5.263958	0.20924	0	-0.355975	3.00E-06	0.342839	1.00E-06	0	0	0	-0.13	0	0.305	0	0	0
4.79	-7.073023	147.374115	5.263958	0.210301	0	-0.355975	3.00E-06	0.342839	1.00E-06	0	0	0	-0.13	0	0.305	0	0	0
4.791	-6.995893	144.611145	5.263958	0.210301	0	-0.358274	2.00E-06	0.342839	0	0	0	0	-0.13	0	0.305	0	0	0
4.792	-6.685209	143.922668	5.107376	0.210105	0	-0.358274	1.00E-06	0.410703	0	0	0	0	-0.13	0	0.305	0	0	0
4.793	-6.291628	143.583603	5.263916	0.209961	0	-0.358274	2.00E-06	0.3474	1.00E-06	0	0	0	-0.13	0	0.305	0	0	0
4.794	-6.134481	140.810638	5.263916	0.209473	0	-0.358611	1.00E-06	0.357956	1.00E-06	0	0	0	-0.13	0	0.305	0	0	0
4.795	-5.978779	139.445969	5.498951	0.209473	0	-0.35946	3.00E-06	0.3474	1.00E-06	0	0	0	-0.13	0	0.305	0	0	0
4.796	-5.433102	138.919846	5.734142	0.209473	0	-0.35946	1.00E-06	0.357956	2.00E-06	0	0	0	-0.13	0	0.305	0	0	0
4.797	-5.355251	137.701355	5.812553	0.209017	0	-0.360535	3.00E-06	0.307328	2.00E-06	0	0	0	-0.13	0	0.305	0	0	0
4.798	-4.807407	136.321991	5.734142	0.208235	0	-0.36188	4.00E-06	0.314232	2.00E-06	0	0	0	-0.13	0	0.305	0	0	0
4.799	-4.572411	134.771759	5.577641	0.207997	0	-0.363034	4.00E-06	0.204805	1.00E-06	0	0	0	-0.13	0	0.305	0	0	0
4.8	-4.572411	132.874023	5.26408	0.208235	0	-0.363034	1.00E-06	0.204805	1.00E-06	0	0	0	-0.13	0	0.305	0	0	0
4.801	-4.41671	130.816971	5.342491	0.208061	0	-0.361803	1.00E-06	0.204805	2.00E-06	0	0	0	-0.13	0	0.305	0	0	0
4.802	-4.02529	129.608109	5.342491	0.208061	0	-0.361803	2.00E-06	0.269112	2.00E-06	0	0	0	-0.13	0	0.305	0	0	0
4.803	-3.478891	128.729446	5.57748	0.207681	0	-0.362325	2.00E-06	0.269112	1.00E-06	0	0	0	-0.13	0	0.305	0	0	0
4.804	-3.248222	128.558182	5.734425	0.206969	0	-0.36307	3.00E-06	0.274528	1.00E-06	0	0	0	-0.13	0	0.305	0	0	0
4.805	-3.009621	128.558182	6.126076	0.206948	0	-0.36307	4.00E-06	0.216397	2.00E-06	0	0	0	-0.13	0	0.305	0	0	0
4.806	-3.009621	125.805649	6.361107	0.206969	0	-0.36307	4.00E-06	0.298745	2.00E-06	0	0	0	-0.13	0	0.305	0	0	0
4.807	-3.009621	124.948204	6.517967	0.206918	0	-0.363875	5.00E-06	0.298745	1.00E-06	0	0	0	-0.13	0	0.305	0	0	0
4.808	-2.467548	124.247734	6.59626	0.206918	0	-0.36349	5.00E-06	0.317733	1.00E-06	0	0	0	-0.13	0	0.305	0	0	0
4.809	-2.388254	123.7351	7.066284	0.206918	0	-0.363875	5.00E-06	0.317733	1.00E-06	0	0	0	-0.13	0	0.305	0	0	0
4.81	-2.388254	123.7351	7.144657	0.206041	0	-0.36463	3.00E-06	0.317733	1.00E-06	0	0	0	-0.13	0	0.305	0	0	0
4.811	-2.073244	123.209366	7.379848	0.206339	0	-0.364931	3.00E-06	0.208929	2.00E-06	0	0	0	-0.13	0	0.305	0	0	0
4.812	-1.838245	122.347267	7.693008	0.206339	0	-0.364931	1.00E-06	0.20217	2.00E-06	0	0	0	-0.13	0	0.305	0	0	0
4.813	-1.838245	122.18721	7.693008	0.206574	0	-0.364931	4.00E-06	0.20217	1.00E-06	0	0	0	-0.13	0	0.305	0	0	0
4.814	-1.838245	120.630798	7.693008	0.206574	0	-0.36494	2.00E-06	0.20217	0	0	0	0	-0.13	0	0.305	0	0	0
4.815	-1.449713	120.630798	8.006733	0.20656	0	-0.365388	2.00E-06	0.176111	0	0	0	0	-0.13	0	0.305	0	0	0
4.816	-1.294012	120.963272	8.790119	0.20656	0	-0.365918	2.00E-06	0.150943	0	0	0	0	-0.13	0	0.305	0	0	0
4.817	-1.135422	121.479401	8.868572	0.20656	0	-0.368845	3.00E-06	0.11017	0.00E+00	0	0	0	-0.13	0	0.305	0	0	0
4.818	-1.135422	120.963272	8.790119	0.207563	0	-0.369589	3.00E-06	0.11017	1.00E-06	0	0	0	-0.13	0	0.305	0	0	0
4.819	-0.431156	119.921043	9.181973	0.206377	0	-0.369589	3.00E-06	0.032063	1.00E-06	0	0	0	-0.13	0	0.305	0	0	0
4.82	-0.434044	119.749039	9.416805	0.207825	0	-0.366686	0.00E+00	0.173638	1.00E-06	0	0	0	-0.13	0	0.305	0	0	0
4.821	-0.434044	119.740921	9.416962	0.206377	0	-0.366686	0	0.173638	0	0	0	0	-0.13	0	0.305	0	0	0
4.822	-0.434044	117.323227	10.278923	0.205626	0	-0.369609	0	0.203161	0	0	0	0	-0.13	0	0.305	0	0	0
4.823	0.033062	119.740921	11.297256	0.204237	0	-0.369609	1.00E-06	0.203161	0	0	0	0	-0.13	0	0.305	0	0	0
4.824	0.033062	118.868019	11.37579	0.204237	0	-0.369609	2.00E-06	0.203161	1.00E-06	0	0	0	-0.13	0	0.305	0	0	0
4.825	0.033062	118.868019	11.767284	0.203817	0	-0.369986	1.00E-06	0.226366	1.00E-06	0	0	0	-0.13	0	0.305	0	0	0
4.826	0.033062	117.836624	11.845734	0.204341	0	-0.370196	2.00E-06	0.226366	2.00E-06	0	0	0	-0.13	0	0.305	0	0	0
4.827	0.500891	117.836624	11.845852	0.204222	0	-0.369986	2.00E-06	0.226366	2.00E-06	0	0	0	-0.13	0	0.305	0	0	0
4.828	0.578741	117.495255	12.786022	0.204222	0	-0.370196	2.00E-06	0.227242	1.00E-06	0	0	0	-0.13	0	0.305	0	0	0
4.829	0.578741	118.183777	12.786144	0.204222	0	-0.370024	2.00E-06	0.264619	1.00E-06	0	0	0	-0.13	0	0.305	0	0	0
4.83	0.654427	116.790131	12.786144	0.204349	0	-0.371811	1.00E-06	0.227242	1.00E-06	0	0	0	-0.13	0	0.305	0	0	0
4.831	0.659477	117.824638	13.099464	0.204349	0	-0.372663	1.00E-06	0.283362	2.00E-06	0	0	0	-0.13	0	0.305	0	0	0
4.832	1.595133	117.483307	13.882809	0.203327	0	-0.372663	1.00E-06	0.277742	2.00E-06	0	0	0	-0.13	0	0.305	0	0	0
4.833	1.595133	117.483307	14.666477	0.202935	0	-0.372663	1.00E-06	0.277742	2.00E-06	0	0	0	-0.13	0	0.305	0	0	0
4.834	1.671539	116.784714	14.823097	0.203156	0	-0.376469	2.00E-06	0.176279	2.00E-06	0	0	0	-0.13	0	0.305	0	0	0
4.835	2.066568	116.784714	14.979639	0.202528	0	-0.376469	3.00E-06	0.176279	1.00E-06	0	0	0	-0.13	0	0.305	0	0	0
4.836	2.300121	116.784714	14.979639	0.202528	0	-0.374487	3.00E-06	0.198522	1.00E-06	0	0	0	-0.13	0	0.305	0	0	0
4.837	2.610081	117.476715	15.293203	0.202528	0	-0.373603	1.00E-06	0.198522	1.00E-06	0	0	0	-0.13	0	0.305	0	0	0
4.838	3.082239	118.155609	15.293324	0.202482	0	-0.373278	1.00E-06	0.127061	2.00E-06	0	0	0	-0.13	0	0.305	0	0	0
4.839	3.082239	118.155609	15.606525	0.202482	0	-0.373278	1.00E-06	0.127061	1.00E-06	0	0	0	-0.13	0	0.305	0	0	0
4.84	3.082239	115.399597	15.685057	0.202482	0	-0.373278	3.00E-06	0.127061	1.00E-06	0	0	0	-0.13	0	0.305	0	0	0
4.841	3.082239	115.399597	15.685095	0.202355	0	-0.374628	4.00E-06	0.117377	1.00E-06	0	0	0	-0.13	0	0.305	0	0	0
4.842	3.315792	115.917603	15.763226	0.202355	0	-0.373248	4.00E-06	0.117377	1.00E-06	0	0	0	-0.13	0	0.305	0	0	0
4.843	3.315792	116.267097	16.076509	0.201362	0	-0.373024	4.00E-06	0.206478	1.00E-06	0	0	0	-0.13	0	0.305	0	0	0
4.844	3.705048	116.267097	16.076509	0.201362	0	-0.373024	1.00E-06	0.206478	1.00E-06	0	0	0	-0.13	0	0.305	0	0	0
4.845	3.705048	115.398071	16.076668	0.201362	0	-0.372612	3.00E-06	0.206478	2.00E-06	0	0	0	-0.13	0	0.305	0	0	0
4.846	3.704325	115.398071	16.38975	0.202389	0	-0.371591	3.00E-06	0.254421	2.00E-06	0	0	0	-0.13	0	0.305	0	0	0
4.847	3.704325	115.740967	16.38975	0.201405	0	-0.371591	3.00E-06	0.254421	2.00E-06	0	0	0	-0.13	0	0.305	0	0	0
4.848	3.782898	115.740967	16.390032	0.201636	0	-0.374173	2.00E-06	0.209569	1.00E-06	0	0	0	-0.13	0	0.305	0	0	0
4.849	3.782898	115.740967	16.23337	0.201636	0	-0.374173	2.00E-06	0.172755	2.00E-06	0	0	0	-0.13	0	0.305	0	0	0
4.85	3.550787	115.396538	16.23337	0.201636	0	-0.373199	2.00E-06	0.139947	1.00E-06	0	0	0	-0.13	0	0.305	0	0	0
4.851	3.550787	117.29274	16.23317	0.201676	0	-0.372923	1.00E-06	0.139947	2.00E-06	0	0	0	-0.13	0	0.305	0	0	0
4.852	3.550787	117.29274	16.154921	0.202175	0	-0.372964	1.00E-06	0.139947	1.00E-06	0	0	0	-0.13	0	0.305	0	0	0
4.853	4.179367	117.29274	16.076347	0.202175	0	-0.372964	3.00E-06	0.077424	1.00E-06	0	0	0	-0.13	0	0.305	0	0	0
4.854	4.179367	116.596886	15.998096	0.201061	0	-0.375052	3.00E-06	0.198339	1.00E-06	0	0	0	-0.13	0	0.305	0	0	0
4.855	4.179367	116.596886	15.919847	0.201061	0	-0.375819	3.00E-06	0.071702	2.00E-06	0	0	0	-0.13	0	0.305	0	0	0
4.856	3.941484	117.622894	15.919847	0.201061	0	-0.375819	3.00E-06	0.193966	2.00E-06	0	0	0	-0.13	0	0.305	0	0	0
4.857	3.941484	117.631401	15.763063	0.202311	0	-0.373781	3.00E-06	0.175546	1.00E-06	0	0	0	-0.13	0	0.305	0	0	0
4.858	4.172873	117.644127	15.763063	0.201705	0	-0.373781	4.00E-06	0.193966	1.00E-06	0	0	0	-0.13	0	0.305	0	0	0
4.859	4.800732	117.982826	15.528114	0.201705	0	-0.372288	2.00E-06	0.175546	1.00E-06	0	0	0	-0.13	0	0.305	0	0	0
4.86	4.489328	118.497719	15.05773	0.201705	0	-0.37466	2.00E-06	0.210794	2.00E-06	0	0	0	-0.13	0	0.305	0	0	0
4.861	4.801455	118.491165	15.05773	0.201622	0	-0.37466	1.00E-06	0.210794	2.00E-06	0	0	0	-0.13	0	0.305	0	0	0
4.862	4.489328	118.491165	15.05773	0.20132	0	-0.37466	1.00E-06	0.252537	2.00E-06	0	0	0	-0.13	0	0.305	0	0	0
4.863	4.645031	118.491165	15.057888	0.20132	0	-0.37451	2.00E-06	0.252537	2.00E-06	0	0	0	-0.13	0	0.305	0	0	0
4.864	4.489328	119.181221	15.214592	0.20132	0	-0.37451	2.00E-06	0.169877	1.00E-06	0	0	0	-0.13	0	0.305	0	0	0
4.865	4.645031	119.181221	15.371252	0.20096	0	-0.374682	1.00E-06	0.169877	2.00E-06	0	0	0	-0.13	0	0.305	0	0	0
4.866	4.800732	118.498901	15.528032	0.20096	0	-0.374682	0	0.169877	2.00E-06	0	0	0	-0.13	0	0.305	0	0	0
4.867	5.269281	118.140923	15.606283	0.201772	0	-0.374682	0.00E+00	0.144974	2.00E-06	0	0	0	-0.13	0	0.305	0	0	0
4.868	5.269281	118.140923	15.606243	0.201772	0	-0.377442	2.00E-06	0.144974	1.00E-06	0	0	0	-0.13	0	0.305	0	0	0
4.869	5.115021	118.140923	15.606243	0.201221	0	-0.377442	2.00E-06	0.105713	1.00E-06	0	0	0	-0.13	0	0.305	0	0	0
4.87	4.957876	116.586472	15.606243	0.199748	0	-0.376897	2.00E-06	0.221512	2.00E-06	0	0	0	-0.13	0	0.305	0	0	0
4.871	5.115021	117.800331	15.919485	0.201221	0	-0.376501	2.00E-06	0.105713	2.00E-06	0	0	0	-0.13	0	0.305	0	0	0
4.872	5.897141	117.800331	15.919485	0.201369	0	-0.376897	2.00E-06	0.132199	1.00E-06	0	0	0	-0.13	0	0.305	0	0	0
4.873	5.900026	117.800331	15.841354	0.201369	0	-0.378153	2.00E-06	0.132199	1.00E-06	0	0	0	-0.13	0	0.305	0	0	0
4.874	6.12925	117.272667	15.684532	0.200168	0	-0.378153	1.00E-06	0.155657	2.00E-06	0	0	0	-0.13	0	0.305	0	0	0
4.875	6.364246	117.272667	15.684532	0.200168	0	-0.377454	0.00E+00	0.155657	2.00E-06	0	0	0	-0.13	0	0.305	0	0	0
4.876	6.365688	117.272667	15.684532	0.200168	0	-0.377454	0	0.142082	2.00E-06	0	0	0	-0.13	0	0.305	0	0	0
4.877	6.520668	117.101814	15.919685	0.199508	0	-0.377454	1.00E-06	0.142082	1.00E-06	0	0	0	-0.13	0	0.305	0	0	0
4.878	6.522114	116.24086	15.919685	0.199324	0	-0.376301	1.00E-06	0.142082	1.00E-06	0	0	0	-0.13	0	0.305	0	0	0
4.879	6.909924	115.049385	15.919685	0.199508	0	-0.374583	1.00E-06	0.133189	1.00E-06	0	0	0	-0.13	0	0.305	0	0	0
4.88	6.522114	115.049385	15.606163	0.199689	0	-0.374045	1.00E-06	0.133189	1.00E-06	0	0	0	-0.13	0	0.305	0	0	0
4.881	6.519949	115.049385	15.52787	0.199947	0	-0.374045	1.00E-06	0.162523	1.00E-06	0	0	0	-0.13	0	0.305	0	0	0
4.882	6.519949	114.35199	15.52787	0.199947	0	-0.375963	1.00E-06	0.162523	1.00E-06	0	0	0	-0.13	0	0.305	0	0	0
4.883	6.600685	114.35199	15.52787	0.2008	0	-0.375963	1.00E-06	0.162523	1.00E-06	0	0	0	-0.13	0	0.305	0	0	0
4.884	6.600685	114.355835	15.841316	0.201094	0	-0.375843	1.00E-06	0.16474	2.00E-06	0	0	0	-0.13	0	0.305	0	0	0
4.885	6.910646	114.355835	15.606283	0.201094	0	-0.375843	1.00E-06	0.16474	2.00E-06	0	0	0	-0.13	0	0.305	0	0	0
4.886	7.06707	114.355835	15.998178	0.201094	0	-0.376667	3.00E-06	0.16474	1.00E-06	0	0	0	-0.13	0	0.305	0	0	0
4.887	7.06707	115.217926	15.762823	0.200741	0	-0.377334	3.00E-06	0.206343	1.00E-06	0	0	0	-0.13	0	0.305	0	0	0
4.888	7.06707	115.217926	16.076185	0.200192	0	-0.376667	2.00E-06	0.206343	1.00E-06	0	0	0	-0.13	0	0.305	0	0	0
4.889	7.302788	115.721687	15.841274	0.200147	0	-0.375515	1.00E-06	0.044908	1.00E-06	0	0	0	-0.13	0	0.305	0	0	0
4.89	7.302788	113.49144	15.841274	0.200147	0	-0.375515	2.00E-06	0.044908	1.00E-06	0	0	0	-0.13	0	0.305	0	0	0
4.891	7.616354	113.317078	15.37141	0.199143	0	-0.37869	1.00E-06	0.044875	1.00E-06	0	0	0	-0.13	0	0.305	0	0	0
4.892	7.69132	113.317078	15.292799	0.199143	0	-0.37869	3.00E-06	0.197886	1.00E-06	0	0	0	-0.13	0	0.305	0	0	0
4.893	7.69132	112.105545	15.292799	0.198486	0	-0.378712	1.00E-06	0.098605	2.00E-06	0	0	0	-0.13	0	0.305	0	0	0
4.894	7.69132	114.007553	15.136017	0.198751	0	-0.375149	2.00E-06	0.197886	1.00E-06	0	0	0	-0.13	0	0.305	0	0	0
4.895	7.617077	114.009483	15.136017	0.198751	0	-0.375149	2.00E-06	0.229386	1.00E-06	0	0	0	-0.13	0	0.305	0	0	0
4.896	7.2999	114.009483	15.136137	0.200128	0	-0.375149	2.00E-06	0.229386	1.00E-06	0	0	0	-0.13	0	0.305	0	0	0
4.897	7.2999	115.0467	15.527632	0.200377	0	-0.374011	2.00E-06	0.270495	2.00E-06	0	0	0	-0.13	0	0.305	0	0	0
4.898	7.147806	113.154327	15.214348	0.200532	0	-0.375394	2.00E-06	0.283243	2.00E-06	0	0	0	-0.13	0	0.305	0	0	0
4.899	7.223492	113.154327	15.527632	0.200532	0	-0.375394	2.00E-06	0.283243	1.00E-06	0	0	0	-0.13	0	0.305	0	0	0
4.9	7.223492	113.154327	15.606163	0.200616	0	-0.375394	2.00E-06	0.178333	1.00E-06	0	0	0	-0.13	0	0.305	0	0	0
4.901	7.535618	113.494553	15.684494	0.201508	0	-0.373775	2.00E-06	0.159762	1.00E-06	0	0	0	-0.13	0	0.305	0	0	0
4.902	7.535618	113.499573	15.606163	0.201508	0	-0.373717	2.00E-06	0.159762	1.00E-06	0	0	0	-0.13	0	0.305	0	0	0
4.903	7.852795	113.502243	15.762863	0.201508	0	-0.373717	2.00E-06	-0.030525	1.00E-06	0	0	0	-0.13	0	0.305	0	0	0
4.904	7.45849	113.499573	15.684374	0.200008	0	-0.376479	2.00E-06	0.128431	1.00E-06	0	0	0	-0.13	0	0.305	0	0	0
4.905	8.787727	111.589828	15.841354	0.200008	0	-0.378266	2.00E-06	0.09634	2.00E-06	0	0	0	-0.13	0	0.305	0	0	0
4.906	7.69132	111.589828	15.841236	0.200008	0	-0.379387	2.00E-06	0.128431	2.00E-06	0	0	0	-0.13	0	0.305	0	0	0
4.907	7.848465	112.090462	15.841236	0.199708	0	-0.379387	3.00E-06	0.09634	2.00E-06	0	0	0	-0.13	0	0.305	0	0	0
4.908	7.848465	112.090462	15.449541	0.199708	0	-0.379387	3.00E-06	0.067847	1.00E-06	0	0	0	-0.13	0	0.305	0	0	0
4.909	8.082741	111.588684	15.292641	0.199708	0	-0.379287	2.00E-06	0.067847	1.00E-06	0	0	0	-0.13	0	0.305	0	0	0
4.91	8.46983	111.588684	15.292641	0.199103	0	-0.379287	2.00E-06	0.197866	1.00E-06	0	0	0	-0.13	0	0.305	0	0	0
4.911	8.46983	111.077576	15.684532	0.196462	0	-0.379287	2.00E-06	0.310327	1.00E-06	0	0	0	-0.13	0	0.305	0	0	0
4.912	8.46983	111.916153	15.997734	0.196462	0	-0.378574	3.00E-06	0.310327	1.00E-06	0	0	0	-0.13	0	0.305	0	0	0
4.913	8.630581	111.070679	15.997734	0.196852	0	-0.378574	2.00E-06	0.216733	1.00E-06	0	0	0	-0.13	0	0.305	0	0	0
4.914	8.630581	111.754944	15.997734	0.19699	0	-0.378574	3.00E-06	0.216733	1.00E-06	0	0	0	-0.13	0	0.305	0	0	0
4.915	9.251225	111.067551	15.762823	0.197713	0	-0.379095	2.00E-06	0.144913	0	0	0	0	-0.13	0	0.305	0	0	0
4.916	9.336292	111.067551	16.076145	0.199251	0	-0.376283	2.00E-06	0.095581	0	0	0	0	-0.13	0	0.305	0	0	0
4.917	9.409813	110.391006	15.762705	0.199251	0	-0.379114	1.00E-06	0.095581	0.00E+00	0	0	0	-0.13	0	0.305	0	0	0
4.918	9.409813	110.029572	15.37121	0.198905	0	-0.379114	1.00E-06	0.031288	2.00E-06	0	0	0	-0.13	0	0.305	0	0	0
4.919	9.409813	109.172134	15.37121	0.198288	0	-0.380912	2.00E-06	0.056971	1.00E-06	0	0	0	-0.13	0	0.305	0	0	0
4.92	9.490551	109.530838	15.37121	0.198905	0	-0.380912	2.00E-06	0.056971	2.00E-06	0	0	0	-0.13	0	0.305	0	0	0
4.921	9.646975	107.787331	15.292597	0.197998	0	-0.380912	2.00E-06	0.056971	2.00E-06	0	0	0	-0.13	0	0.305	0	0	0
4.922	9.804121	107.787331	15.057568	0.197844	0	-0.379656	0.00E+00	0.067271	2.00E-06	0	0	0	-0.13	0	0.305	0	0	0
4.923	10.194818	107.787331	14.979275	0.197844	0	-0.379656	0	-0.049611	2.00E-06	0	0	0	-0.13	0	0.305	0	0	0
4.924	10.19626	107.440598	14.979275	0.197259	0	-0.379656	0	0.051811	2.00E-06	0	0	0	-0.13	0	0.305	0	0	0
4.925	10.272669	107.440598	14.822577	0.198057	0	-0.381631	0	0.001114	0.00E+00	0	0	0	-0.13	0	0.305	0	0	0
4.926	10.272669	107.440598	14.665632	0.198057	0	-0.381631	4.00E-06	0.037139	1.00E-06	0	0	0	-0.13	0	0.305	0	0	0
4.927	10.274111	108.313492	14.430641	0.198057	0	-0.381631	4.00E-06	0.026253	1.00E-06	0	0	0	-0.13	0	0.305	0	0	0
4.928	10.35124	108.319321	14.430641	0.197482	0	-0.379808	2.00E-06	0.037139	1.00E-06	0	0	0	-0.13	0	0.305	0	0	0
4.929	10.274111	108.313492	14.430641	0.197482	0	-0.375819	2.00E-06	0.117304	1.00E-06	0	0	0	-0.13	0	0.305	0	0	0
4.93	10.271227	108.146912	14.35243	0.197482	0	-0.375819	1.00E-06	0.117304	1.00E-06	0	0	0	-0.13	0	0.305	0	0	0
4.931	10.271227	108.146912	13.803835	0.198263	0	-0.37576	2.00E-06	0.044125	1.00E-06	0	0	0	-0.13	0	0.305	0	0	0
4.932	10.198425	109.868378	13.568686	0.197814	0	-0.376161	3.00E-06	0.044125	1.00E-06	0	0	0	-0.13	0	0.305	0	0	0
4.933	10.352684	109.868378	13.412144	0.197939	0	-0.376161	3.00E-06	0.065486	1.00E-06	0	0	0	-0.13	0	0.305	0	0	0
4.934	10.352684	109.706375	13.176991	0.197939	0	-0.376161	3.00E-06	0.065486	1.00E-06	0	0	0	-0.13	0	0.305	0	0	0
4.935	10.352684	109.01825	12.863586	0.198699	0	-0.375183	2.00E-06	0.065486	1.00E-06	0	0	0	-0.13	0	0.305	0	0	0
4.936	9.961985	109.01825	12.550264	0.199228	0	-0.375027	2.00E-06	0.07827	1.00E-06	0	0	0	-0.13	0	0.305	0	0	0
4.937	9.961985	108.843521	12.158455	0.199228	0	-0.375183	3.00E-06	0.07827	1.00E-06	0	0	0	-0.13	0	0.305	0	0	0
4.938	9.96343	108.843521	11.688347	0.199228	0	-0.375825	3.00E-06	0.029252	1.00E-06	0	0	0	-0.13	0	0.305	0	0	0
4.939	10.510551	109.355743	11.531605	0.19993	0	-0.375825	3.00E-06	0.010859	1.00E-06	0	0	0	-0.13	0	0.305	0	0	0
4.94	10.507664	112.123314	11.531567	0.200079	0	-0.375037	3.00E-06	0.029252	1.00E-06	0	0	0	-0.13	0	0.305	0	0	0
4.941	10.507664	112.123314	10.826431	0.200079	0	-0.375037	2.00E-06	0.010859	1.00E-06	0	0	0	-0.13	0	0.305	0	0	0
4.942	10.357014	111.07222	10.669609	0.198955	0	-0.376774	3.00E-06	-0.017279	1.00E-06	0	0	0	-0.13	0	0.305	0	0	0
4.943	10.122017	111.07222	10.434536	0.198955	0	-0.376774	2.00E-06	-0.017279	2.00E-06	0	0	0	-0.13	0	0.305	0	0	0
4.944	10.042002	111.608757	10.121254	0.198955	0	-0.37524	2.00E-06	0.010906	2.00E-06	0	0	0	-0.13	0	0.305	0	0	0
4.945	10.042002	111.936638	10.042763	0.196513	0	-0.37524	2.00E-06	0.100567	1.00E-06	0	0	0	-0.13	0	0.305	0	0	0
4.946	9.497046	111.936638	9.650951	0.196513	0	-0.378084	2.00E-06	0.100567	1.00E-06	0	0	0	-0.13	0	0.305	0	0	0
4.947	10.119852	110.573479	9.572578	0.197208	0	-0.378084	2.00E-06	0.100567	1.00E-06	0	0	0	-0.13	0	0.305	0	0	0
4.948	9.728432	110.573479	9.494167	0.198438	0	-0.37556	3.00E-06	0.131446	1.00E-06	0	0	0	-0.13	0	0.305	0	0	0
4.949	9.728432	110.913704	9.102436	0.198438	0	-0.37556	3.00E-06	0.131446	1.00E-06	0	0	0	-0.13	0	0.305	0	0	0
4.95	9.264936	110.918701	8.945694	0.197854	0	-0.375799	3.00E-06	0.047146	1.00E-06	0	0	0	-0.13	0	0.305	0	0	0
4.951	9.264936	112.111732	8.710903	0.197854	0	-0.375799	3.00E-06	0.005028	1.00E-06	0	0	0	-0.13	0	0.305	0	0	0
4.952	9.264936	112.113266	8.47551	0.199484	0	-0.375799	0.00E+00	0.047146	1.00E-06	0	0	0	-0.13	0	0.305	0	0	0
4.953	9.423523	112.113266	8.318848	0.199965	0	-0.374488	2.00E-06	0.005028	1.00E-06	0	0	0	-0.13	0	0.305	0	0	0
4.954	9.423523	112.113266	8.005604	0.199965	0	-0.376659	2.00E-06	-0.060334	1.00E-06	0	0	0	-0.13	0	0.305	0	0	0
4.955	9.732763	110.756699	8.005604	0.198629	0	-0.376659	2.00E-06	-0.08274	1.00E-06	0	0	0	-0.13	0	0.305	0	0	0
4.956	9.732763	110.731598	8.005604	0.198629	0	-0.378131	2.00E-06	-0.085857	1.00E-06	0	0	0	-0.13	0	0.305	0	0	0
4.957	9.732763	110.731598	7.613914	0.198717	0	-0.378131	1.00E-06	-0.085857	1.00E-06	0	0	0	-0.13	0	0.305	0	0	0
4.958	9.262049	110.222839	7.45697	0.198717	0	-0.378131	1.00E-06	-0.045951	1.00E-06	0	0	0	-0.13	0	0.305	0	0	0
4.959	9.342066	111.589859	7.45697	0.197844	0	-0.378775	1.00E-06	-0.015296	1.00E-06	0	0	0	-0.13	0	0.305	0	0	0
4.96	9.342066	110.389114	7.613831	0.196436	0	-0.378775	1.00E-06	0.026289	1.00E-06	0	0	0	-0.13	0	0.305	0	0	0
4.961	9.342066	110.389114	7.613831	0.196307	0	-0.378775	0	0.026289	1.00E-06	0	0	0	-0.13	0	0.305	0	0	0
4.962	9.577784	110.382523	7.535419	0.195701	0	-0.378479	-1.00E-06	0.026289	1.00E-06	0	0	0	-0.13	0	0.305	0	0	0
4.963	9.731319	110.382523	7.378677	0.195701	0	-0.378479	-1.00E-06	0.089263	1.00E-06	0	0	0	-0.13	0	0.305	0	0	0
4.964	9.731319	110.387161	7.535419	0.196714	0	-0.378479	1.00E-06	0.060218	1.00E-06	0	0	0	-0.13	0	0.305	0	0	0
4.965	9.731319	111.436371	7.457008	0.196714	0	-0.376077	2.00E-06	0.060218	1.00E-06	0	0	0	-0.13	0	0.305	0	0	0
4.966	9.966314	110.571968	7.457008	0.196698	0	-0.373093	2.00E-06	0.060218	1.00E-06	0	0	0	-0.13	0	0.305	0	0	0
4.967	9.966314	110.571968	7.378719	0.196698	0	-0.373093	2.00E-06	-0.02069	1.00E-06	0	0	0	-0.13	0	0.305	0	0	0
4.968	9.966314	109.530853	7.378719	0.197731	0	-0.37276	2.00E-06	-0.022617	2.00E-06	0	0	0	-0.13	0	0.305	0	0	0
4.969	10.044888	109.530853	7.378639	0.197731	0	-0.375929	1.00E-06	-0.022617	2.00E-06	0	0	0	-0.13	0	0.305	0	0	0
4.97	10.3599	109.704819	7.378761	0.198134	0	-0.375929	2.00E-06	-0.131843	2.00E-06	0	0	0	-0.13	0	0.305	0	0	0
4.971	10.3599	109.704819	7.065319	0.198503	0	-0.377618	1.00E-06	-0.080359	2.00E-06	0	0	0	-0.13	0	0.305	0	0	0
4.972	10.3599	109.704819	7.065197	0.198668	0	-0.378592	-1.00E-06	-0.109357	2.00E-06	0	0	0	-0.13	0	0.305	0	0	0
4.973	10.362787	109.539742	6.830246	0.198668	0	-0.378592	-1.00E-06	-0.109357	2.00E-06	0	0	0	-0.13	0	0.305	0	0	0
4.974	10.362787	111.774223	6.830246	0.198668	0	-0.378592	1.00E-06	-0.163425	2.00E-06	0	0	0	-0.13	0	0.305	0	0	0
4.975	10.521374	111.430916	6.830082	0.197741	0	-0.37894	1.00E-06	-0.273115	1.00E-06	0	0	0	-0.13	0	0.305	0	0	0
4.976	10.521374	111.430916	6.830082	0.197478	0	-0.37894	1.00E-06	-0.163425	2.00E-06	0	0	0	-0.13	0	0.305	0	0	0
4.977	10.517044	111.430916	6.830082	0.197478	0	-0.37894	1.00E-06	-0.133402	2.00E-06	0	0	0	-0.13	0	0.305	0	0	0
4.978	9.814943	113.667381	6.438431	0.197194	0	-0.378267	3.00E-06	-0.057629	2.00E-06	0	0	0	-0.13	0	0.305	0	0	0
4.979	10.205641	113.667381	6.438431	0.198458	0	-0.37419	2.00E-06	-0.106425	1.00E-06	0	0	0	-0.13	0	0.305	0	0	0
4.98	9.657076	112.820328	6.595093	0.19847	0	-0.37419	3.00E-06	-0.071739	1.00E-06	0	0	0	-0.13	0	0.305	0	0	0
4.981	9.657076	111.955513	6.595093	0.19847	0	-0.377104	3.00E-06	-0.071739	1.00E-06	0	0	0	-0.13	0	0.305	0	0	0
4.982	9.187805	111.081848	6.360023	0.197828	0	-0.377534	3.00E-06	0.031883	1.00E-06	0	0	0	-0.13	0	0.305	0	0	0
4.983	9.032104	111.081848	6.360023	0.197828	0	-0.377534	2.00E-06	0.040729	1.00E-06	0	0	0	-0.13	0	0.305	0	0	0
4.984	9.032104	112.28373	6.28157	0.197959	0	-0.377534	2.00E-06	0.040729	0.00E+00	0	0	0	-0.13	0	0.305	0	0	0
4.985	9.032104	114.358971	6.28157	0.199051	0	-0.376674	2.00E-06	0.054719	1.00E-06	0	0	0	-0.13	0	0.305	0	0	0
4.986	9.112843	114.358971	6.2034	0.199051	0	-0.379934	2.00E-06	0.054719	1.00E-06	0	0	0	-0.13	0	0.305	0	0	0
4.987	9.112843	115.554291	6.2034	0.199051	0	-0.379267	2.00E-06	-0.063148	1.00E-06	0	0	0	-0.13	0	0.305	0	0	0
4.988	8.717093	115.557762	6.281731	0.198111	0	-0.379267	1.00E-06	-0.063148	2.00E-06	0	0	0	-0.13	0	0.305	0	0	0
4.989	8.330002	115.554291	6.281731	0.198111	0	-0.379267	3.00E-06	-0.063148	1.00E-06	0	0	0	-0.13	0	0.305	0	0	0
4.99	8.41074	115.563965	6.203117	0.197904	0	-0.379096	4.00E-06	-0.077523	1.00E-06	0	0	0	-0.13	0	0.305	0	0	0
4.991	8.41074	115.899521	6.046459	0.197631	0	-0.379096	4.00E-06	-0.086384	1.00E-06	0	0	0	-0.13	0	0.305	0	0	0
4.992	8.48354	116.054573	6.046459	0.197076	0	-0.379096	4.00E-06	-0.077523	1.00E-06	0	0	0	-0.13	0	0.305	0	0	0
4.993	8.722864	116.576057	5.889877	0.197631	0	-0.382298	2.00E-06	-0.086384	2.00E-06	0	0	0	-0.13	0	0.305	0	0	0
4.994	9.03499	116.576057	5.889877	0.19772	0	-0.382298	3.00E-06	-0.11734	1.00E-06	0	0	0	-0.13	0	0.305	0	0	0
4.995	9.03499	117.263397	6.046501	0.19772	0	-0.382298	3.00E-06	-0.133584	1.00E-06	0	0	0	-0.13	0	0.305	0	0	0
4.996	8.800716	117.263397	6.28149	0.196223	0	-0.382009	3.00E-06	-0.133584	1.00E-06	0	0	0	-0.13	0	0.305	0	0	0
4.997	8.722145	116.931305	6.046501	0.196223	0	-0.381506	4.00E-06	-0.063821	1.00E-06	0	0	0	-0.13	0	0.305	0	0	0
4.998	8.71998	116.931305	6.202999	0.195425	0	-0.381506	1.00E-06	0.004093	1.00E-06	0	0	0	-0.13	0	0.305	0	0	0
4.999	8.722145	118.301376	6.202999	0.198211	0	-0.382135	4.00E-06	0.004093	1.00E-06	0	0	0	-0.13	0	0.305	0	0	0
5	8.487869	119.333954	6.28141	0.198211	0	-0.382135	1.00E-06	0.004093	0	0	0	0	-0.13	0	0.305	0	0	0
5.001	8.487869	119.333954	6.28141	0.198211	0	-0.382434	4.00E-06	-0.051948	0	0	0	0	-0.13	0	0.305	0	0	0
5.002	8.487869	120.027466	6.202957	0.198428	0	-0.382434	3.00E-06	-0.070622	1.00E-06	0	0	0	-0.13	0	0.305	0	0	0
5.003	8.41074	120.027466	6.202957	0.196497	0	-0.382434	3.00E-06	-0.206166	1.00E-06	0	0	0	-0.13	0	0.305	0	0	0
5.004	8.726473	120.87645	6.43819	0.196921	0	-0.383825	3.00E-06	-0.206166	1.00E-06	0	0	0	-0.13	0	0.305	0	0	0
5.005	8.958582	121.583122	6.829845	0.196921	0	-0.380144	3.00E-06	-0.187162	1.00E-06	0	0	0	-0.13	0	0.305	0	0	0
5.006	8.958582	121.583122	6.829845	0.197742	0	-0.380426	3.00E-06	-0.138886	2.00E-06	0	0	0	-0.13	0	0.305	0	0	0
5.007	9.037876	122.940834	6.908092	0.197742	0	-0.380426	3.00E-06	-0.179818	2.00E-06	0	0	0	-0.13	0	0.305	0	0	0
5.008	8.805046	124.666168	6.829845	0.197742	0	-0.383997	2.00E-06	-0.179818	2.00E-06	0	0	0	-0.13	0	0.305	0	0	0
5.009	8.805046	124.666168	6.908054	0.196776	0	-0.383997	2.00E-06	-0.179818	2.00E-06	0	0	0	-0.13	0	0.305	0	0	0
5.01	8.647179	125.020256	6.751392	0.198058	0	-0.382117	2.00E-06	-0.161292	2.00E-06	0	0	0	-0.13	0	0.305	0	0	0
5.011	8.644293	125.196167	6.751595	0.196776	0	-0.382117	2.00E-06	-0.104051	2.00E-06	0	0	0	-0.13	0	0.305	0	0	0
5.012	8.647179	127.758492	6.751392	0.196659	0	-0.382584	4.00E-06	-0.093392	0.00E+00	0	0	0	-0.13	0	0.305	0	0	0
5.013	8.644293	130.013443	6.751595	0.196659	0	-0.382584	4.00E-06	-0.093392	0	0	0	0	-0.13	0	0.305	0	0	0
5.014	8.645737	130.163101	7.064716	0.196462	0	-0.381007	3.00E-06	-0.06525	0	0	0	0	-0.13	0	0.305	0	0	0
5.015	8.102222	130.686127	7.143284	0.197101	0	-0.381007	2.00E-06	-0.103608	1.00E-06	0	0	0	-0.13	0	0.305	0	0	0
5.016	7.788652	132.240219	7.534901	0.196969	0	-0.381007	3.00E-06	-0.046461	1.00E-06	0	0	0	-0.13	0	0.305	0	0	0
5.017	7.788652	133.443695	7.613148	0.197101	0	-0.38019	2.00E-06	-0.103608	2.00E-06	0	0	0	-0.13	0	0.305	0	0	0
5.018	7.788652	134.31694	7.691643	0.197906	0	-0.378944	2.00E-06	-0.075354	1.00E-06	0	0	0	-0.13	0	0.305	0	0	0
5.019	7.790098	134.651749	7.691643	0.198069	0	-0.38019	0	-0.133553	2.00E-06	0	0	0	-0.13	0	0.305	0	0	0
5.02	7.319384	135.349915	7.691643	0.198069	0	-0.381057	0	-0.114733	0.00E+00	0	0	0	-0.13	0	0.305	0	0	0
5.021	7.165125	137.396896	7.691479	0.198069	0	-0.381874	2.00E-06	-0.158688	2.00E-06	0	0	0	-0.13	0	0.305	0	0	0
5.022	7.165125	138.603851	7.848179	0.198669	0	-0.383137	4.00E-06	-0.158688	1.00E-06	0	0	0	-0.13	0	0.305	0	0	0
5.023	6.697298	139.639893	8.161701	0.199565	0	-0.383137	2.00E-06	-0.158688	2.00E-06	0	0	0	-0.13	0	0.305	0	0	0
5.024	6.46591	142.060287	8.474985	0.200205	0	-0.382671	3.00E-06	-0.187107	1.00E-06	0	0	0	-0.13	0	0.305	0	0	0
5.025	6.46591	142.22229	8.474985	0.200205	0	-0.382539	3.00E-06	-0.140531	1.00E-06	0	0	0	-0.13	0	0.305	0	0	0
5.026	6.46591	143.604721	8.474985	0.19855	0	-0.382539	3.00E-06	-0.14811	1.00E-06	0	0	0	-0.13	0	0.305	0	0	0
5.027	6.071602	146.178635	8.475067	0.19855	0	-0.382752	5.00E-06	-0.14811	2.00E-06	0	0	0	-0.13	0	0.305	0	0	0
5.028	5.762363	147.023346	9.415195	0.198851	0	-0.382752	5.00E-06	-0.14811	2.00E-06	0	0	0	-0.13	0	0.305	0	0	0
5.029	5.603777	149.283325	9.415195	0.198851	0	-0.38275	5.00E-06	-0.065753	1.00E-06	0	0	0	-0.13	0	0.305	0	0	0
5.03	5.525925	149.617737	9.885136	0.198558	0	-0.381608	1.00E-06	-0.065753	1.00E-06	0	0	0	-0.13	0	0.305	0	0	0
5.031	5.292372	151.506622	9.885136	0.198558	0	-0.381608	3.00E-06	-0.065753	1.00E-06	0	0	0	-0.13	0	0.305	0	0	0
5.032	5.213078	154.096741	10.198782	0.198051	0	-0.381209	1.00E-06	-0.062084	1.00E-06	0	0	0	-0.13	0	0.305	0	0	0
5.033	4.665956	154.096741	10.668684	0.198043	0	-0.381209	0	0.005629	2.00E-06	0	0	0	-0.13	0	0.305	0	0	0
5.034	4.273092	154.096741	10.982206	0.198043	0	-0.381591	0	0.069281	2.00E-06	0	0	0	-0.13	0	0.305	0	0	0
5.035	4.195242	157.52771	11.138826	0.19865	0	-0.382317	1.00E-06	0.069281	2.00E-06	0	0	0	-0.13	0	0.305	0	0	0
5.036	3.886003	157.70401	11.53056	0.19952	0	-0.383534	4.00E-06	-0.0269	2.00E-06	0	0	0	-0.13	0	0.305	0	0	0
5.037	3.729582	158.048813	11.843924	0.199039	0	-0.383534	4.00E-06	-0.047942	2.00E-06	0	0	0	-0.13	0	0.305	0	0	0
5.038	3.338161	161.661499	11.844124	0.199381	0	-0.383571	4.00E-06	-0.062223	2.00E-06	0	0	0	-0.13	0	0.305	0	0	0
5.039	3.183903	162.008621	12.000744	0.199039	0	-0.383571	5.00E-06	-0.081944	2.00E-06	0	0	0	-0.13	0	0.305	0	0	0
5.04	3.106773	162.521271	12.078955	0.19871	0	-0.383571	5.00E-06	-0.081944	1.00E-06	0	0	0	-0.13	0	0.305	0	0	0
5.041	2.482521	165.964203	12.627592	0.19871	0	-0.384459	4.00E-06	-0.081944	3.00E-06	0	0	0	-0.13	0	0.305	0	0	0
5.042	2.4818	167.329636	12.627592	0.199457	0	-0.385502	2.00E-06	-0.0704	2.00E-06	0	0	0	-0.13	0	0.305	0	0	0
5.043	2.4818	168.544281	12.627592	0.199457	0	-0.385502	2.00E-06	-0.088244	2.00E-06	0	0	0	-0.13	0	0.305	0	0	0
5.044	2.405392	170.947327	13.097414	0.198967	0	-0.385502	2.00E-06	-0.088244	2.00E-06	0	0	0	-0.13	0	0.305	0	0	0
5.045	2.405392	171.812897	13.489227	0.198931	0	-0.385135	2.00E-06	-0.129481	1.00E-06	0	0	0	-0.13	0	0.305	0	0	0
5.046	1.857548	172.675385	13.489227	0.198635	0	-0.385943	4.00E-06	-0.137985	1.00E-06	0	0	0	-0.13	0	0.305	0	0	0
5.047	1.545424	175.939728	13.489227	0.198614	0	-0.385173	4.00E-06	-0.137985	3.00E-06	0	0	0	-0.13	0	0.305	0	0	0
5.048	1.545424	176.797958	14.194485	0.198127	0	-0.385173	6.00E-06	-0.081107	4.00E-06	0	0	0	-0.13	0	0.305	0	0	0
5.049	1.545424	180.425308	14.194485	0.198127	0	-0.384604	6.00E-06	-0.081107	4.00E-06	0	0	0	-0.13	0	0.305	0	0	0
5.05	1.002632	180.932129	14.507765	0.198127	0	-0.38427	7.00E-06	0.042552	2.00E-06	0	0	0	-0.13	0	0.305	0	0	0
5.051	0.451902	182.655533	14.977467	0.198546	0	-0.38427	6.00E-06	0.125636	2.00E-06	0	0	0	-0.13	0	0.305	0	0	0
5.052	-0.173792	185.244507	15.36948	0.198306	0	-0.38427	7.00E-06	0.125636	2.00E-06	0	0	0	-0.13	0	0.305	0	0	0
5.053	-0.173792	187.119507	15.447931	0.199036	0	-0.383303	4.00E-06	0.067988	1.00E-06	0	0	0	-0.13	0	0.305	0	0	0
5.054	-0.173792	189.197006	15.604511	0.199036	0	-0.38397	7.00E-06	-0.022785	0.00E+00	0	0	0	-0.13	0	0.305	0	0	0
5.055	-0.170183	193.166428	15.839584	0.199036	0	-0.38344	5.00E-06	-0.025623	0	0	0	0	-0.13	0	0.305	0	0	0
5.056	-0.170183	195.047226	16.23156	0.199905	0	-0.38344	5.00E-06	-0.098856	1.00E-06	0	0	0	-0.13	0	0.305	0	0	0
5.057	-0.170183	195.392456	16.54484	0.199905	0	-0.383369	5.00E-06	-0.149803	1.00E-06	0	0	0	-0.13	0	0.305	0	0	0
5.058	-1.183689	197.98642	16.858162	0.199905	0	-0.383369	6.00E-06	-0.149803	1.00E-06	0	0	0	-0.13	0	0.305	0	0	0
5.059	-1.340113	200.037292	17.014786	0.20021	0	-0.38477	7.00E-06	-0.083855	1.00E-06	0	0	0	-0.13	0	0.305	0	0	0
5.06	-1.575109	200.558777	17.014786	0.20021	0	-0.38477	7.00E-06	-0.083855	3.00E-06	0	0	0	-0.13	0	0.305	0	0	0
5.061	-2.197916	204.856873	17.171284	0.20021	0	-0.384617	5.00E-06	-0.083855	3.00E-06	0	0	0	-0.13	0	0.305	0	0	0
5.062	-2.512928	207.088287	17.171284	0.19994	0	-0.384617	1.00E-06	0.07575	3.00E-06	0	0	0	-0.13	0	0.305	0	0	0
5.063	-2.590059	208.130096	17.249657	0.199821	0	-0.384454	1.00E-06	0.07575	4.00E-06	0	0	0	-0.13	0	0.305	0	0	0
5.064	-2.669352	212.265839	17.641548	0.19994	0	-0.384454	1.00E-06	0.039106	3.00E-06	0	0	0	-0.13	0	0.305	0	0	0
5.065	-3.13718	212.768036	17.719879	0.199999	0	-0.3835	5.00E-06	0.017745	1.00E-06	0	0	0	-0.13	0	0.305	0	0	0
5.066	-3.604286	217.08812	17.954832	0.200279	0	-0.3835	5.00E-06	0.017745	1.00E-06	0	0	0	-0.13	0	0.305	0	0	0
5.067	-4.389288	219.314117	18.503227	0.200279	0	-0.383835	6.00E-06	0.156187	3.00E-06	0	0	0	-0.13	0	0.305	0	0	0
5.068	-4.389288	221.544373	18.581676	0.200586	0	-0.384562	7.00E-06	0.156187	3.00E-06	0	0	0	-0.13	0	0.305	0	0	0
5.069	-4.54427	224.480072	18.816626	0.199977	0	-0.384518	7.00E-06	0.079592	3.00E-06	0	0	0	-0.13	0	0.305	0	0	0
5.07	-5.011375	226.542908	18.973249	0.200778	0	-0.384518	8.00E-06	0.060681	1.00E-06	0	0	0	-0.13	0	0.305	0	0	0
5.071	-5.399908	228.95871	19.521883	0.200629	0	-0.384518	8.00E-06	0.07272	1.00E-06	0	0	0	-0.13	0	0.305	0	0	0
5.072	-5.399908	230.842163	20.07012	0.200629	0	-0.383562	8.00E-06	0.060681	2.00E-06	0	0	0	-0.13	0	0.305	0	0	0
5.073	-6.414858	232.917725	20.148527	0.200498	0	-0.384142	6.00E-06	0.071518	3.00E-06	0	0	0	-0.13	0	0.305	0	0	0
5.074	-6.724096	234.808929	20.3836	0.200498	0	-0.384142	6.00E-06	0.071518	3.00E-06	0	0	0	-0.13	0	0.305	0	0	0
5.075	-6.728426	238.590149	20.3836	0.200498	0	-0.384142	6.00E-06	0.071518	3.00E-06	0	0	0	-0.13	0	0.305	0	0	0
5.076	-7.035501	239.788971	21.167025	0.200737	0	-0.384085	7.00E-06	-0.049798	2.00E-06	0	0	0	-0.13	0	0.305	0	0	0
5.077	-7.115517	242.546082	21.167025	0.200437	0	-0.384085	7.00E-06	-0.049798	2.00E-06	0	0	0	-0.13	0	0.305	0	0	0
5.078	-7.267609	244.288422	21.55884	0.200437	0	-0.385716	7.00E-06	0.065299	1.00E-06	0	0	0	-0.13	0	0.305	0	0	0
5.079	-7.818339	246.497818	21.793793	0.200437	0	-0.385716	8.00E-06	0.065299	2.00E-06	0	0	0	-0.13	0	0.305	0	0	0
5.08	-8.124691	248.754303	22.028742	0.200218	0	-0.385508	8.00E-06	0.012928	2.00E-06	0	0	0	-0.13	0	0.305	0	0	0
5.081	-8.359687	252.187592	22.028866	0.200847	0	-0.385508	8.00E-06	-0.133864	2.00E-06	0	0	0	-0.13	0	0.305	0	0	0
5.082	-8.515388	253.9021	22.733959	0.200847	0	-0.385508	7.00E-06	-0.133864	2.00E-06	0	0	0	-0.13	0	0.305	0	0	0
5.083	-8.515388	255.974609	23.12565	0.200847	0	-0.386148	7.00E-06	-0.133864	4.00E-06	0	0	0	-0.13	0	0.305	0	0	0
5.084	-9.613239	258.203278	23.282154	0.200119	0	-0.38502	7.00E-06	0.084027	4.00E-06	0	0	0	-0.13	0	0.305	0	0	0
5.085	-9.690371	260.449768	23.909081	0.200028	0	-0.385451	7.00E-06	0.130871	4.00E-06	0	0	0	-0.13	0	0.305	0	0	0
5.086	-10.158918	262.504089	23.909081	0.200119	0	-0.385451	2.00E-06	0.114485	3.00E-06	0	0	0	-0.13	0	0.305	0	0	0
5.087	-10.545286	264.578125	23.909081	0.200451	0	-0.385451	4.00E-06	0.114485	2.00E-06	0	0	0	-0.13	0	0.305	0	0	0
5.088	-11.018167	267.686646	24.770916	0.200451	0	-0.385295	4.00E-06	0.114485	2.00E-06	0	0	0	-0.13	0	0.305	0	0	0
5.089	-11.018167	268.532898	25.005907	0.200145	0	-0.385295	6.00E-06	0.111251	4.00E-06	0	0	0	-0.13	0	0.305	0	0	0
5.09	-11.018167	270.76355	25.711082	0.200145	0	-0.385295	6.00E-06	0.111251	4.00E-06	0	0	0	-0.13	0	0.305	0	0	0
5.091	-11.250997	275.080933	25.711082	0.201173	0	-0.385377	2.00E-06	0.111251	2.00E-06	0	0	0	-0.13	0	0.305	0	0	0
5.092	-12.186651	276.290527	25.867744	0.201189	0	-0.38456	2.00E-06	-0.07944	2.00E-06	0	0	0	-0.13	0	0.305	0	0	0
5.093	-12.419483	279.048065	26.494589	0.201173	0	-0.385279	3.00E-06	-0.071862	5.00E-06	0	0	0	-0.13	0	0.305	0	0	0
5.094	-12.652314	281.268646	26.808073	0.201462	0	-0.385279	8.00E-06	-0.071862	5.00E-06	0	0	0	-0.13	0	0.305	0	0	0
5.095	-13.276565	287.132812	26.886242	0.200864	0	-0.385279	8.00E-06	-0.044994	6.00E-06	0	0	0	-0.13	0	0.305	0	0	0
5.096	-13.278729	287.812408	27.513248	0.201462	0	-0.384197	7.00E-06	-0.044994	5.00E-06	0	0	0	-0.13	0	0.305	0	0	0
5.097	-13.354416	287.132812	27.513248	0.200294	0	-0.383802	7.00E-06	-0.038198	4.00E-06	0	0	0	-0.13	0	0.305	0	0	0
5.098	-14.053632	290.402527	27.513248	0.2013	0	-0.384197	7.00E-06	-0.066924	3.00E-06	0	0	0	-0.13	0	0.305	0	0	0
5.099	-14.369365	294.70755	27.748198	0.2013	0	-0.383965	7.00E-06	-0.110074	3.00E-06	0	0	0	-0.13	0	0.305	0	0	0
5.1	-14.680769	300.047119	27.904619	0.2013	0	-0.383965	3.00E-06	-0.110074	3.00E-06	0	0	0	-0.13	0	0.305	0	0	0
5.101	-15.617866	300.736023	28.453096	0.200961	0	-0.383785	7.00E-06	-0.089366	3.00E-06	0	0	0	-0.13	0	0.305	0	0	0
5.102	-15.693552	303.139069	29.158228	0.200961	0	-0.383429	7.00E-06	-0.008969	3.00E-06	0	0	0	-0.13	0	0.305	0	0	0
5.103	-15.85214	307.626587	29.236401	0.200881	0	-0.383205	7.00E-06	0.035492	3.00E-06	0	0	0	-0.13	0	0.305	0	0	0
5.104	-16.39782	310.207825	29.863247	0.201175	0	-0.383205	7.00E-06	0.035492	2.00E-06	0	0	0	-0.13	0	0.305	0	0	0
5.105	-17.100643	311.577515	29.863365	0.201438	0	-0.383393	4.00E-06	-0.016586	2.00E-06	0	0	0	-0.13	0	0.305	0	0	0
5.106	-17.723452	315.373383	31.116816	0.201837	0	-0.383509	4.00E-06	-0.016586	2.00E-06	0	0	0	-0.13	0	0.305	0	0	0
5.107	-18.507011	318.125916	31.273436	0.20185	0	-0.383393	4.00E-06	0.031189	2.00E-06	0	0	0	-0.13	0	0.305	0	0	0
5.108	-18.582697	318.996826	31.351967	0.201967	0	-0.383153	9.00E-06	0.031189	2.00E-06	0	0	0	-0.13	0	0.305	0	0	0
5.109	-18.816971	323.285675	31.430258	0.201967	0	-0.383153	9.00E-06	-0.019774	4.00E-06	0	0	0	-0.13	0	0.305	0	0	0
5.11	-19.360485	324.145874	31.665211	0.201853	0	-0.383102	9.00E-06	-0.061168	2.00E-06	0	0	0	-0.13	0	0.305	0	0	0
5.111	-19.594759	330.006104	32.135433	0.201853	0	-0.38423	3.00E-06	-0.142112	2.00E-06	0	0	0	-0.13	0	0.305	0	0	0
5.112	-19.594759	332.402985	32.370422	0.201891	0	-0.38423	9.00E-06	-0.142112	2.00E-06	0	0	0	-0.13	0	0.305	0	0	0
5.113	-20.529694	332.40567	32.840324	0.201899	0	-0.38423	5.00E-06	-0.102856	3.00E-06	0	0	0	-0.13	0	0.305	0	0	0
5.114	-20.76613	336.885834	32.840324	0.201899	0	-0.384099	7.00E-06	-0.041275	3.00E-06	0	0	0	-0.13	0	0.305	0	0	0
5.115	-21.078979	338.785522	32.997032	0.201899	0	-0.384099	5.00E-06	-0.067603	2.00E-06	0	0	0	-0.13	0	0.305	0	0	0
5.116	-21.701786	341.865112	33.466972	0.201641	0	-0.38422	7.00E-06	-0.048036	2.00E-06	0	0	0	-0.13	0	0.305	0	0	0
5.117	-22.168171	343.078979	33.467216	0.201641	0	-0.384416	1.30E-05	-0.048036	5.00E-06	0	0	0	-0.13	0	0.305	0	0	0
5.118	-22.169613	348.066711	33.936954	0.201641	0	-0.38422	1.30E-05	0.022533	5.00E-06	0	0	0	-0.13	0	0.305	0	0	0
5.119	-22.559589	349.963715	34.563843	0.201694	0	-0.383582	7.00E-06	0.06746	4.00E-06	0	0	0	-0.13	0	0.305	0	0	0
5.12	-23.185286	353.411285	34.877163	0.201694	0	-0.383582	6.00E-06	0.022533	4.00E-06	0	0	0	-0.13	0	0.305	0	0	0
5.121	-23.413063	356.852692	35.190445	0.201976	0	-0.383514	6.00E-06	-0.027806	5.00E-06	0	0	0	-0.13	0	0.305	0	0	0
5.122	-23.571653	357.892212	35.582138	0.201976	0	-0.383514	4.00E-06	-0.027806	5.00E-06	0	0	0	-0.13	0	0.305	0	0	0
5.123	-24.276642	362.537842	36.679169	0.202221	0	-0.383514	7.00E-06	-0.115937	5.00E-06	0	0	0	-0.13	0	0.305	0	0	0
5.124	-24.350163	365.972717	36.835667	0.202227	0	-0.383768	2.00E-06	-0.115937	5.00E-06	0	0	0	-0.13	0	0.305	0	0	0
5.125	-25.051544	366.329834	36.835793	0.202467	0	-0.383768	2.00E-06	-0.115937	5.00E-06	0	0	0	-0.13	0	0.305	0	0	0
5.126	-25.051544	373.220764	36.992249	0.202479	0	-0.383342	2.00E-06	-0.124904	5.00E-06	0	0	0	-0.13	0	0.305	0	0	0
5.127	-25.521534	374.940704	37.540722	0.202656	0	-0.383116	9.00E-06	-0.129294	3.00E-06	0	0	0	-0.13	0	0.305	0	0	0
5.128	-25.753645	375.449463	37.775917	0.202656	0	-0.382845	9.00E-06	-0.179467	3.00E-06	0	0	0	-0.13	0	0.305	0	0	0
5.129	-26.139292	381.82428	37.932335	0.202656	0	-0.382845	9.00E-06	-0.129294	3.00E-06	0	0	0	-0.13	0	0.305	0	0	0
5.13	-26.532154	382.8638	38.010788	0.202404	0	-0.382773	7.00E-06	-0.151579	5.00E-06	0	0	0	-0.13	0	0.305	0	0	0
5.131	-26.689299	386.127808	39.420898	0.202404	0	-0.382773	7.00E-06	-0.151579	2.00E-06	0	0	0	-0.13	0	0.305	0	0	0
5.132	-27.077833	391.63974	39.420898	0.202719	0	-0.382773	7.00E-06	-0.152611	4.00E-06	0	0	0	-0.13	0	0.305	0	0	0
5.133	-27.388515	392.846313	39.420898	0.203114	0	-0.382148	7.00E-06	-0.155656	3.00E-06	0	0	0	-0.13	0	0.305	0	0	0
5.134	-27.702084	397.329559	39.890881	0.203066	0	-0.38221	7.00E-06	-0.152611	3.00E-06	0	0	0	-0.13	0	0.305	0	0	0
5.135	-28.326334	400.937592	40.047543	0.203066	0	-0.38221	-1.00E-06	-0.126643	1.00E-06	0	0	0	-0.13	0	0.305	0	0	0
5.136	-28.558445	402.309204	40.439072	0.203066	0	-0.38221	7.00E-06	-0.126643	1.00E-06	0	0	0	-0.13	0	0.305	0	0	0
5.137	-29.49482	406.972961	40.517403	0.202632	0	-0.381888	2.00E-06	-0.082203	5.00E-06	0	0	0	-0.13	0	0.305	0	0	0
5.138	-30.121235	411.43927	41.2225	0.203341	0	-0.381864	7.00E-06	-0.076752	5.00E-06	0	0	0	-0.13	0	0.305	0	0	0
5.139	-30.198364	414.716736	41.692482	0.203352	0	-0.381249	2.00E-06	-0.076752	6.00E-06	0	0	0	-0.13	0	0.305	0	0	0
5.14	-30.508326	417.488159	41.692482	0.203606	0	-0.381249	5.00E-06	-0.076752	4.00E-06	0	0	0	-0.13	0	0.305	0	0	0
5.141	-31.444702	420.40918	41.692482	0.203814	0	-0.381636	5.00E-06	-0.079815	1.00E-06	0	0	0	-0.13	0	0.305	0	0	0
5.142	-31.913973	424.536438	42.162346	0.203606	0	-0.381663	5.00E-06	-0.073336	1.00E-06	0	0	0	-0.13	0	0.305	0	0	0
5.143	-31.990381	427.977448	42.554237	0.203486	0	-0.381636	9.00E-06	-0.079815	4.00E-06	0	0	0	-0.13	0	0.305	0	0	0
5.144	-32.533894	434.524292	42.710781	0.203486	0	-0.381476	9.00E-06	-0.06973	5.00E-06	0	0	0	-0.13	0	0.305	0	0	0
5.145	-32.61319	437.979584	42.789032	0.203622	0	-0.381155	9.00E-06	-0.159502	4.00E-06	0	0	0	-0.13	0	0.305	0	0	0
5.146	-33.003162	442.104889	43.102192	0.203747	0	-0.380914	5.00E-06	-0.100569	3.00E-06	0	0	0	-0.13	0	0.305	0	0	0
5.147	-33.860245	446.752045	43.572292	0.203894	0	-0.380914	5.00E-06	-0.104532	3.00E-06	0	0	0	-0.13	0	0.305	0	0	0
5.148	-34.012341	449.167419	43.572292	0.203747	0	-0.380914	7.00E-06	-0.100569	4.00E-06	0	0	0	-0.13	0	0.305	0	0	0
5.149	-34.953766	455.363281	43.806965	0.203761	0	-0.380898	8.00E-06	0.085986	7.00E-06	0	0	0	-0.13	0	0.305	0	0	0
5.15	-34.953766	457.769043	44.041958	0.203761	0	-0.380862	9.00E-06	0.085986	4.00E-06	0	0	0	-0.13	0	0.305	0	0	0
5.151	-35.499447	464.144287	44.747051	0.204041	0	-0.379826	9.00E-06	-0.028354	1.00E-06	0	0	0	-0.13	0	0.305	0	0	0
5.152	-36.040073	467.42749	44.747051	0.204159	0	-0.379826	8.00E-06	-0.028354	1.00E-06	0	0	0	-0.13	0	0.305	0	0	0
5.153	-36.19722	470.353577	44.981762	0.204338	0	-0.379826	8.00E-06	-0.028354	1.00E-06	0	0	0	-0.13	0	0.305	0	0	0
5.154	-36.742897	474.143311	45.373573	0.204419	0	-0.380253	8.00E-06	0.008586	2.00E-06	0	0	0	-0.13	0	0.305	0	0	0
5.155	-37.678551	479.127625	45.529999	0.204338	0	-0.379594	8.00E-06	-0.065018	2.00E-06	0	0	0	-0.13	0	0.305	0	0	0
5.156	-37.752792	482.935059	46.313381	0.204419	0	-0.379595	3.00E-06	-0.060215	6.00E-06	0	0	0	-0.13	0	0.305	0	0	0
5.157	-38.067085	489.638123	46.313381	0.204537	0	-0.379595	3.00E-06	-0.060215	0.00E+00	0	0	0	-0.13	0	0.305	0	0	0
5.158	-38.846313	491.180237	46.783569	0.204537	0	-0.379595	5.00E-06	-0.060215	4.00E-06	0	0	0	-0.13	0	0.305	0	0	0
5.159	-38.919117	495.847504	47.3316	0.204276	0	-0.37895	1.60E-05	0.045067	0.00E+00	0	0	0	-0.13	0	0.305	0	0	0
5.16	-39.391994	501.519531	47.801659	0.204276	0	-0.37895	1.60E-05	0.045067	4.00E-06	0	0	0	-0.13	0	0.305	0	0	0
5.161	-40.017685	501.68573	47.801659	0.204025	0	-0.379563	1.20E-05	0.045067	8.00E-06	0	0	0	-0.13	0	0.305	0	0	0
5.162	-40.16906	503.583893	48.97686	0.204346	0	-0.379563	8.00E-06	-0.016615	8.00E-06	0	0	0	-0.13	0	0.305	0	0	0
5.163	-40.481186	513.056458	49.681873	0.204166	0	-0.379563	8.00E-06	-0.016615	0	0	0	0	-0.13	0	0.305	0	0	0
5.164	-40.794033	513.219971	49.681957	0.204346	0	-0.379644	1.40E-05	-0.016615	0	0	0	0	-0.13	0	0.305	0	0	0
5.165	-40.794033	518.561035	49.995358	0.204522	0	-0.379644	1.40E-05	-0.086102	2.00E-06	0	0	0	-0.13	0	0.305	0	0	0
5.166	-41.261139	524.249695	50.230232	0.204522	0	-0.379275	6.00E-06	-0.086102	5.00E-06	0	0	0	-0.13	0	0.305	0	0	0
5.167	-40.867554	526.325684	50.700172	0.204766	0	-0.378613	5.00E-06	-0.179309	5.00E-06	0	0	0	-0.13	0	0.305	0	0	0
5.168	-41.727524	530.966675	51.875534	0.204746	0	-0.378613	6.00E-06	-0.179309	8.00E-06	0	0	0	-0.13	0	0.305	0	0	0
5.169	-41.882504	536.302368	53.050613	0.204746	0	-0.378471	7.00E-06	-0.179309	3.00E-06	0	0	0	-0.13	0	0.305	0	0	0
5.17	-42.348888	538.203552	53.050613	0.204743	0	-0.37827	7.00E-06	-0.206662	3.00E-06	0	0	0	-0.13	0	0.305	0	0	0
5.171	-43.368889	544.758545	53.050613	0.204743	0	-0.377819	7.00E-06	-0.13582	2.00E-06	0	0	0	-0.13	0	0.305	0	0	0
5.172	-43.368889	549.051636	54.85294	0.204886	0	-0.377729	8.00E-06	-0.210828	2.00E-06	0	0	0	-0.13	0	0.305	0	0	0
5.173	-43.990974	549.582764	55.166264	0.205069	0	-0.377729	8.00E-06	-0.210828	2.00E-06	0	0	0	-0.13	0	0.305	0	0	0
5.174	-44.460243	555.104736	55.479622	0.205162	0	-0.377372	9.00E-06	-0.210828	2.00E-06	0	0	0	-0.13	0	0.305	0	0	0
5.175	-46.023758	560.259949	55.479622	0.205069	0	-0.377372	5.00E-06	-0.22199	3.00E-06	0	0	0	-0.13	0	0.305	0	0	0
5.176	-46.331551	564.220093	56.654861	0.205189	0	-0.377372	1.00E-05	-0.22569	3.00E-06	0	0	0	-0.13	0	0.305	0	0	0
5.177	-46.410847	568.884644	57.438129	0.205169	0	-0.377243	1.00E-05	-0.22569	6.00E-06	0	0	0	-0.13	0	0.305	0	0	0
5.178	-48.52076	571.645325	57.438168	0.205169	0	-0.376775	1.40E-05	-0.110944	6.00E-06	0	0	0	-0.13	0	0.305	0	0	0
5.179	-48.755035	574.048706	57.516579	0.205169	0	-0.376775	1.40E-05	-0.110944	4.00E-06	0	0	0	-0.13	0	0.305	0	0	0
5.18	-49.457138	576.823975	57.59491	0.205291	0	-0.376775	1.10E-05	-0.110944	4.00E-06	0	0	0	-0.13	0	0.305	0	0	0
5.181	-49.84639	581.633911	58.378216	0.205291	0	-0.376539	1.10E-05	-0.119302	8.00E-06	0	0	0	-0.13	0	0.305	0	0	0
5.182	-50.236366	586.283813	58.456467	0.205291	0	-0.376539	1.50E-05	-0.10489	8.00E-06	0	0	0	-0.13	0	0.305	0	0	0
5.183	-50.314941	590.413757	58.691658	0.205345	0	-0.376539	1.50E-05	-0.108358	8.00E-06	0	0	0	-0.13	0	0.305	0	0	0
5.184	-51.091286	594.718384	59.318138	0.205467	0	-0.376368	1.50E-05	-0.108358	8.00E-06	0	0	0	-0.13	0	0.305	0	0	0
5.185	-51.63913	597.31665	59.631542	0.205402	0	-0.376347	1.40E-05	-0.108358	4.00E-06	0	0	0	-0.13	0	0.305	0	0	0
5.186	-52.109119	603.840332	59.866333	0.205425	0	-0.375876	9.00E-06	-0.050137	-1.00E-06	0	0	0	-0.13	0	0.305	0	0	0
5.187	-52.966927	604.030029	60.179535	0.205425	0	-0.375839	9.00E-06	0.014556	-1.00E-06	0	0	0	-0.13	0	0.305	0	0	0
5.188	-53.045494	610.230164	60.179535	0.205445	0	-0.375716	7.00E-06	0.014556	7.00E-06	0	0	0	-0.13	0	0.305	0	0	0
5.189	-53.904022	616.615479	61.511639	0.205445	0	-0.375448	9.00E-06	0.025656	7.00E-06	0	0	0	-0.13	0	0.305	0	0	0
5.19	-54.134689	617.289307	61.74659	0.205685	0	-0.374994	9.00E-06	-0.058197	5.00E-06	0	0	0	-0.13	0	0.305	0	0	0
5.191	-54.606125	620.231567	62.295025	0.205703	0	-0.374994	9.00E-06	0.025656	4.00E-06	0	0	0	-0.13	0	0.305	0	0	0
5.192	-55.228931	625.567688	63.078369	0.205703	0	-0.374785	1.40E-05	-0.049851	5.00E-06	0	0	0	-0.13	0	0.305	0	0	0
5.193	-55.230377	625.569214	63.234989	0.205643	0	-0.374638	1.40E-05	-0.021126	7.00E-06	0	0	0	-0.13	0	0.305	0	0	0
5.194	-55.618908	629.014893	63.548512	0.205643	0	-0.374638	1.40E-05	-0.021126	7.00E-06	0	0	0	-0.13	0	0.305	0	0	0
5.195	-56.554562	634.007263	64.018379	0.205785	0	-0.374963	1.50E-05	-0.013496	3.00E-06	0	0	0	-0.13	0	0.305	0	0	0
5.196	-56.633858	634.702698	64.64518	0.205822	0	-0.374963	2.00E-05	-0.013496	3.00E-06	0	0	0	-0.13	0	0.305	0	0	0
5.197	-56.945984	641.257629	65.663681	0.205979	0	-0.374313	2.00E-05	-0.030102	4.00E-06	0	0	0	-0.13	0	0.305	0	0	0
5.198	-57.880913	642.278687	65.820419	0.205979	0	-0.374224	1.20E-05	-0.030102	4.00E-06	0	0	0	-0.13	0	0.305	0	0	0
5.199	-57.960209	642.632324	66.133499	0.205692	0	-0.374224	1.20E-05	0.000907	0	0	0	0	-0.13	0	0.305	0	0	0
5.2	-58.429482	647.118713	66.446945	0.205692	0	-0.374224	1.40E-05	0.109594	0	0	0	0	-0.13	0	0.305	0	0	0
5.201	-58.658703	648.486877	66.838875	0.205764	0	-0.37411	1.40E-05	0.000907	4.00E-06	0	0	0	-0.13	0	0.305	0	0	0
5.202	-59.053734	651.255554	67.230446	0.206053	0	-0.37411	1.40E-05	0.022156	4.00E-06	0	0	0	-0.13	0	0.305	0	0	0
5.203	-59.128693	654.013855	67.778641	0.206053	0	-0.373633	1.30E-05	0.001999	4.00E-06	0	0	0	-0.13	0	0.305	0	0	0
5.204	-59.129417	654.190918	68.01384	0.205961	0	-0.373473	1.30E-05	0.001999	3.00E-06	0	0	0	-0.13	0	0.305	0	0	0
5.205	-59.361526	656.07312	68.327156	0.205639	0	-0.373633	1.20E-05	0.001999	7.00E-06	0	0	0	-0.13	0	0.305	0	0	0
5.206	-59.361526	656.259521	68.405411	0.205639	0	-0.373002	1.10E-05	-0.076931	2.00E-06	0	0	0	-0.13	0	0.305	0	0	0
5.207	-59.28223	660.225586	68.562187	0.205893	0	-0.373002	7.00E-06	-0.102769	2.00E-06	0	0	0	-0.13	0	0.305	0	0	0
5.208	-59.28223	663.161316	68.562187	0.205897	0	-0.372427	4.00E-06	-0.153828	2.00E-06	0	0	0	-0.13	0	0.305	0	0	0
5.209	-59.982887	665.231445	68.170212	0.205897	0	-0.372279	7.00E-06	-0.102769	8.00E-06	0	0	0	-0.13	0	0.305	0	0	0
5.21	-59.982887	666.271729	68.170212	0.205953	0	-0.372108	8.00E-06	-0.112312	8.00E-06	0	0	0	-0.13	0	0.305	0	0	0
5.211	-60.140038	669.035461	68.875275	0.206078	0	-0.372086	8.00E-06	-0.097365	8.00E-06	0	0	0	-0.13	0	0.305	0	0	0
5.212	-60.140038	669.899048	69.110298	0.206078	0	-0.371988	8.00E-06	-0.097365	5.00E-06	0	0	0	-0.13	0	0.305	0	0	0
5.213	-60.140038	670.748047	69.423424	0.206078	0	-0.371988	1.90E-05	-0.097365	5.00E-06	0	0	0	-0.13	0	0.305	0	0	0
5.214	-60.216442	674.560181	69.423424	0.206403	0	-0.371363	1.90E-05	-0.203247	5.00E-06	0	0	0	-0.13	0	0.305	0	0	0
5.215	-60.137871	674.902283	69.031929	0.206403	0	-0.371133	1.70E-05	-0.203247	6.00E-06	0	0	0	-0.13	0	0.305	0	0	0
5.216	-60.13715	674.902283	69.031929	0.206403	0	-0.371133	3.00E-06	-0.185641	6.00E-06	0	0	0	-0.13	0	0.305	0	0	0
5.217	-60.059299	678.87677	68.875031	0.206345	0	-0.370685	-1.00E-06	-0.15961	6.00E-06	0	0	0	-0.13	0	0.305	0	0	0
5.218	-59.979286	679.905884	68.561424	0.206269	0	-0.370685	-1.00E-06	-0.15961	8.00E-06	0	0	0	-0.13	0	0.305	0	0	0
5.219	-59.663551	679.905884	68.483139	0.206269	0	-0.370685	9.00E-06	-0.219468	1.10E-05	0	0	0	-0.13	0	0.305	0	0	0
5.22	-59.663551	680.762207	68.169449	0.206269	0	-0.370385	1.20E-05	-0.219468	1.00E-05	0	0	0	-0.13	0	0.305	0	0	0
5.221	-59.663551	683.014832	68.169449	0.20638	0	-0.370148	1.20E-05	-0.25043	1.20E-05	0	0	0	-0.13	0	0.305	0	0	0
5.222	-59.353588	683.885803	68.169449	0.20638	0	-0.370105	1.20E-05	-0.154507	1.00E-05	0	0	0	-0.13	0	0.305	0	0	0
5.223	-59.274296	686.125305	68.247818	0.206456	0	-0.369736	1.50E-05	-0.163375	6.00E-06	0	0	0	-0.13	0	0.305	0	0	0
5.224	-59.195724	686.804138	68.325867	0.206456	0	-0.36963	8.00E-06	-0.154507	4.00E-06	0	0	0	-0.13	0	0.305	0	0	0
5.225	-58.883598	687.343018	68.325867	0.206456	0	-0.369282	7.00E-06	-0.151912	4.00E-06	0	0	0	-0.13	0	0.305	0	0	0
5.226	-58.648598	691.295532	68.090675	0.206324	0	-0.369108	-1.00E-06	-0.124831	4.00E-06	0	0	0	-0.13	0	0.305	0	0	0
5.227	-58.648598	691.637268	68.012192	0.206393	0	-0.369108	-1.00E-06	-0.119807	5.00E-06	0	0	0	-0.13	0	0.305	0	0	0
5.228	-58.648598	693.194092	68.090675	0.206393	0	-0.369108	4.00E-06	-0.099686	1.00E-05	0	0	0	-0.13	0	0.305	0	0	0
5.229	-58.649323	695.089905	68.717239	0.206393	0	-0.369108	1.90E-05	0.008529	8.00E-06	0	0	0	-0.13	0	0.305	0	0	0
5.23	-58.102924	696.983765	68.873947	0.20664	0	-0.368573	1.90E-05	0.008529	1.00E-05	0	0	0	-0.13	0	0.305	0	0	0
5.231	-57.78791	697.004272	68.95211	0.206718	0	-0.368564	5.00E-06	-0.18593	1.00E-05	0	0	0	-0.13	0	0.305	0	0	0
5.232	-57.470734	697.514526	68.95211	0.206718	0	-0.36822	5.00E-06	-0.18593	1.40E-05	0	0	0	-0.13	0	0.305	0	0	0
5.233	-57.320084	698.554382	69.344009	0.206858	0	-0.36822	1.50E-05	-0.286819	1.00E-05	0	0	0	-0.13	0	0.305	0	0	0
5.234	-57.320084	701.659912	69.657288	0.206698	0	-0.367593	1.50E-05	-0.293946	6.00E-06	0	0	0	-0.13	0	0.305	0	0	0
5.235	-57.005074	702.527405	69.970573	0.206858	0	-0.367593	1.50E-05	-0.293946	5.00E-06	0	0	0	-0.13	0	0.305	0	0	0
5.236	-56.848648	702.527405	70.048943	0.206921	0	-0.367807	1.40E-05	-0.253692	5.00E-06	0	0	0	-0.13	0	0.305	0	0	0
5.237	-56.847206	704.928528	70.127434	0.206921	0	-0.367807	1.40E-05	-0.175934	8.00E-06	0	0	0	-0.13	0	0.305	0	0	0
5.238	-56.145824	705.630493	70.362183	0.206921	0	-0.367597	1.40E-05	-0.253692	8.00E-06	0	0	0	-0.13	0	0.305	0	0	0
5.239	-55.748634	705.630493	70.362183	0.206934	0	-0.367597	1.10E-05	-0.262806	8.00E-06	0	0	0	-0.13	0	0.305	0	0	0
5.24	-55.748634	709.418335	70.988983	0.206934	0	-0.367485	1.90E-05	-0.262806	8.00E-06	0	0	0	-0.13	0	0.305	0	0	0
5.241	-55.439392	710.27002	70.988983	0.206934	0	-0.36748	1.60E-05	-0.262806	5.00E-06	0	0	0	-0.13	0	0.305	0	0	0
5.242	-54.813698	710.976257	71.380554	0.206522	0	-0.367372	2.10E-05	-0.192733	9.00E-06	0	0	0	-0.13	0	0.305	0	0	0
5.243	-54.813698	712.001526	71.615433	0.20656	0	-0.36693	1.60E-05	-0.212368	4.00E-06	0	0	0	-0.13	0	0.305	0	0	0
5.244	-54.813698	712.346375	71.929001	0.20656	0	-0.36693	2.10E-05	-0.212368	9.00E-06	0	0	0	-0.13	0	0.305	0	0	0
5.245	-54.342987	714.762207	72.634171	0.206754	0	-0.36693	2.50E-05	-0.246136	4.00E-06	0	0	0	-0.13	0	0.305	0	0	0
5.246	-54.109432	717.169434	73.025703	0.206754	0	-0.366365	2.50E-05	-0.285821	4.00E-06	0	0	0	-0.13	0	0.305	0	0	0
5.247	-53.642326	718.565369	73.809166	0.206705	0	-0.365966	1.60E-05	-0.246136	4.00E-06	0	0	0	-0.13	0	0.305	0	0	0
5.248	-53.642326	718.730042	73.809166	0.206703	0	-0.365966	8.00E-06	-0.244409	8.00E-06	0	0	0	-0.13	0	0.305	0	0	0
5.249	-53.642326	719.245789	73.809166	0.206703	0	-0.365966	8.00E-06	-0.244409	1.20E-05	0	0	0	-0.13	0	0.305	0	0	0
5.25	-53.404442	721.856384	75.454269	0.206703	0	-0.365352	7.00E-06	-0.253146	8.00E-06	0	0	0	-0.13	0	0.305	0	0	0
5.251	-53.404442	723.737915	75.454353	0.206694	0	-0.365352	7.00E-06	-0.254989	3.00E-06	0	0	0	-0.13	0	0.305	0	0	0
5.252	-53.871552	725.972839	75.846046	0.206694	0	-0.365352	7.00E-06	-0.254989	3.00E-06	0	0	0	-0.13	0	0.305	0	0	0
5.253	-53.871552	726.507812	76.629395	0.207072	0	-0.365315	1.30E-05	-0.387126	6.00E-06	0	0	0	-0.13	0	0.305	0	0	0
5.254	-53.871552	728.57489	76.629471	0.207072	0	-0.364932	2.00E-06	-0.387126	1.30E-05	0	0	0	-0.13	0	0.305	0	0	0
5.255	-53.245857	731.497864	77.413017	0.207038	0	-0.364946	1.70E-05	-0.387126	1.30E-05	0	0	0	-0.13	0	0.305	0	0	0
5.256	-53.633667	731.848877	77.491226	0.206982	0	-0.364921	2.10E-05	-0.437973	0	0	0	0	-0.13	0	0.305	0	0	0
5.257	-53.4758	734.956238	78.431274	0.206939	0	-0.364706	2.30E-05	-0.448857	0	0	0	0	-0.13	0	0.305	0	0	0
5.258	-53.4758	736.155518	78.587891	0.206939	0	-0.364476	2.50E-05	-0.44492	1.00E-06	0	0	0	-0.13	0	0.305	0	0	0
5.259	-53.4758	737.193481	79.136368	0.20707	0	-0.364475	2.50E-05	-0.44492	6.00E-06	0	0	0	-0.13	0	0.305	0	0	0
5.26	-54.100052	739.784363	79.606194	0.207085	0	-0.364266	1.00E-05	-0.44492	1.00E-05	0	0	0	-0.13	0	0.305	0	0	0
5.261	-54.180069	742.212891	79.997841	0.20707	0	-0.364056	1.00E-05	-0.415062	6.00E-06	0	0	0	-0.13	0	0.305	0	0	0
5.262	-54.333607	743.067261	80.624809	0.20706	0	-0.363474	1.90E-05	-0.377656	4.00E-06	0	0	0	-0.13	0	0.305	0	0	0
5.263	-54.881447	743.936279	81.251335	0.206971	0	-0.36385	1.90E-05	-0.377656	4.00E-06	0	0	0	-0.13	0	0.305	0	0	0
5.264	-55.502815	747.89032	81.956223	0.206971	0	-0.363228	1.10E-05	-0.352588	5.00E-06	0	0	0	-0.13	0	0.305	0	0	0
5.265	-55.504978	748.946045	81.95639	0.206972	0	-0.362915	1.10E-05	-0.306667	8.00E-06	0	0	0	-0.13	0	0.305	0	0	0
5.266	-56.365669	751.017334	82.818184	0.206994	0	-0.362723	1.30E-05	-0.306667	1.00E-05	0	0	0	-0.13	0	0.305	0	0	0
5.267	-56.441353	752.73114	83.209763	0.206994	0	-0.36266	1.30E-05	-0.30178	1.40E-05	0	0	0	-0.13	0	0.305	0	0	0
5.268	-56.909904	753.084045	83.287888	0.207114	0	-0.36266	1.10E-05	-0.250124	1.10E-05	0	0	0	-0.13	0	0.305	0	0	0
5.269	-57.852051	754.813293	83.836441	0.206993	0	-0.362309	1.10E-05	-0.171916	1.10E-05	0	0	0	-0.13	0	0.305	0	0	0
5.27	-58.315552	754.979553	84.228172	0.207169	0	-0.362309	1.10E-05	-0.171916	1.00E-05	0	0	0	-0.13	0	0.305	0	0	0
5.271	-58.474136	759.636292	85.089928	0.207024	0	-0.362309	1.30E-05	-0.273102	1.00E-05	0	0	0	-0.13	0	0.305	0	0	0
5.272	-59.095501	759.988892	85.324966	0.207024	0	-0.362329	4.00E-06	-0.273102	1.20E-05	0	0	0	-0.13	0	0.305	0	0	0
5.273	-59.411957	760.329895	85.403412	0.207024	0	-0.362329	4.00E-06	-0.261098	1.20E-05	0	0	0	-0.13	0	0.305	0	0	0
5.274	-60.034767	763.449951	86.03006	0.207169	0	-0.361707	4.00E-06	-0.228761	8.00E-06	0	0	0	-0.13	0	0.305	0	0	0
5.275	-60.504036	764.134644	86.421707	0.207169	0	-0.361645	6.00E-06	-0.228761	8.00E-06	0	0	0	-0.13	0	0.305	0	0	0
5.276	-60.580444	764.134644	86.500206	0.207169	0	-0.361645	9.00E-06	-0.228761	5.00E-06	0	0	0	-0.13	0	0.305	0	0	0
5.277	-61.20686	764.134644	86.735313	0.20727	0	-0.361549	6.00E-06	-0.287544	1.00E-05	0	0	0	-0.13	0	0.305	0	0	0
5.278	-61.518982	765.863464	87.048477	0.20727	0	-0.361386	2.00E-06	-0.287544	1.50E-05	0	0	0	-0.13	0	0.305	0	0	0
5.279	-61.914009	766.388428	87.048477	0.207445	0	-0.361386	2.00E-06	-0.174865	1.50E-05	0	0	0	-0.13	0	0.305	0	0	0
5.28	-61.914009	766.388428	87.048477	0.207237	0	-0.361315	1.70E-05	-0.069606	1.30E-05	0	0	0	-0.13	0	0.305	0	0	0
5.281	-63.319656	763.640503	87.440369	0.207237	0	-0.361284	1.70E-05	-0.003161	1.20E-05	0	0	0	-0.13	0	0.305	0	0	0
5.282	-63.321098	763.640503	88.067055	0.20691	0	-0.361005	1.70E-05	-0.001481	1.30E-05	0	0	0	-0.13	0	0.305	0	0	0
5.283	-64.336769	764.680115	88.380699	0.206853	0	-0.360566	1.70E-05	0.076739	1.10E-05	0	0	0	-0.13	0	0.305	0	0	0
5.284	-64.965347	764.680115	88.615448	0.206853	0	-0.360451	1.70E-05	0.093741	1.00E-05	0	0	0	-0.13	0	0.305	0	0	0
5.285	-65.045364	764.680115	88.693977	0.206874	0	-0.360372	1.40E-05	0.208168	1.00E-05	0	0	0	-0.13	0	0.305	0	0	0
5.286	-65.981018	764.706299	89.242371	0.207054	0	-0.360129	1.40E-05	0.208168	7.00E-06	0	0	0	-0.13	0	0.305	0	0	0
5.287	-65.986794	764.706299	89.242371	0.207064	0	-0.359639	1.40E-05	0.23297	1.00E-05	0	0	0	-0.13	0	0.305	0	0	0
5.288	-65.986794	763.672607	89.869217	0.207064	0	-0.359322	1.40E-05	0.147883	1.00E-05	0	0	0	-0.13	0	0.305	0	0	0
5.289	-66.922447	762.647705	89.869301	0.207064	0	-0.359306	1.70E-05	0.149303	1.10E-05	0	0	0	-0.13	0	0.305	0	0	0
5.29	-67.858109	761.289673	90.026085	0.207116	0	-0.359059	3.00E-06	0.149303	1.40E-05	0	0	0	-0.13	0	0.305	0	0	0
5.291	-68.019577	761.289673	90.026085	0.207115	0	-0.359141	1.70E-05	0.266751	1.10E-05	0	0	0	-0.13	0	0.305	0	0	0
5.292	-68.880989	761.289673	90.182785	0.207116	0	-0.358422	1.30E-05	0.266751	9.00E-06	0	0	0	-0.13	0	0.305	0	0	0
5.293	-69.190231	758.907043	90.496025	0.207172	0	-0.358422	1.80E-05	0.273117	5.00E-06	0	0	0	-0.13	0	0.305	0	0	0
5.294	-69.190948	758.88501	90.496025	0.207275	0	-0.358422	1.40E-05	0.273117	5.00E-06	0	0	0	-0.13	0	0.305	0	0	0
5.295	-69.505234	757.172791	90.496025	0.207275	0	-0.358254	1.80E-05	0.283794	1.00E-05	0	0	0	-0.13	0	0.305	0	0	0
5.296	-69.583084	757.172791	90.495987	0.207275	0	-0.357974	1.40E-05	0.341459	1.00E-05	0	0	0	-0.13	0	0.305	0	0	0
5.297	-70.053802	756.138733	90.495987	0.207345	0	-0.35772	6.00E-06	0.361493	1.10E-05	0	0	0	-0.13	0	0.305	0	0	0
5.298	-70.364487	755.295532	90.495987	0.207345	0	-0.357495	6.00E-06	0.385681	7.00E-06	0	0	0	-0.13	0	0.305	0	0	0
5.299	-70.448105	754.959595	90.574524	0.207368	0	-0.357324	1.00E-05	0.512197	7.00E-06	0	0	0	-0.13	0	0.305	0	0	0
5.3	-70.448105	754.959595	90.574524	0.207095	0	-0.35719	1.00E-05	0.512197	7.00E-06	0	0	0	-0.13	0	0.305	0	0	0
5.301	-70.131653	754.102539	90.496063	0.207332	0	-0.356897	1.00E-05	0.493505	8.00E-06	0	0	0	-0.13	0	0.305	0	0	0
5.302	-70.131653	753.938599	90.417862	0.207153	0	-0.356224	1.70E-05	0.493505	1.30E-05	0	0	0	-0.13	0	0.305	0	0	0
5.303	-70.293137	752.909119	90.417862	0.207309	0	-0.356206	1.70E-05	0.508805	8.00E-06	0	0	0	-0.13	0	0.305	0	0	0
5.304	-70.450272	752.757568	90.417862	0.207309	0	-0.356138	9.00E-06	0.508805	0.00E+00	0	0	0	-0.13	0	0.305	0	0	0
5.305	-70.298187	750.501465	90.10434	0.207337	0	-0.355657	9.00E-06	0.508805	0	0	0	0	-0.13	0	0.305	0	0	0
5.306	-70.298187	750.338684	89.94783	0.207633	0	-0.355346	9.00E-06	0.458919	9.00E-06	0	0	0	-0.13	0	0.305	0	0	0
5.307	-70.219612	748.458679	89.94783	0.207713	0	-0.355027	1.20E-05	0.458919	1.40E-05	0	0	0	-0.13	0	0.305	0	0	0
5.308	-70.219612	747.953735	89.791214	0.207713	0	-0.354714	1.00E-05	0.458919	1.00E-05	0	0	0	-0.13	0	0.305	0	0	0
5.309	-70.068237	746.062195	89.869705	0.207503	0	-0.354592	1.60E-05	0.471454	1.00E-05	0	0	0	-0.13	0	0.305	0	0	0
5.31	-70.068237	745.89209	89.321068	0.207503	0	-0.354486	1.10E-05	0.501952	1.00E-05	0	0	0	-0.13	0	0.305	0	0	0
5.311	-70.065353	745.552307	89.007706	0.207503	0	-0.35426	1.60E-05	0.561322	1.00E-05	0	0	0	-0.13	0	0.305	0	0	0
5.312	-69.753227	743.310486	89.007706	0.207701	0	-0.35426	1.10E-05	0.537436	1.00E-05	0	0	0	-0.13	0	0.305	0	0	0
5.313	-69.521118	742.985291	89.007629	0.207701	0	-0.353741	1.70E-05	0.537436	1.00E-05	0	0	0	-0.13	0	0.305	0	0	0
5.314	-69.521118	742.808716	89.00779	0.207701	0	-0.353612	1.70E-05	0.470388	1.30E-05	0	0	0	-0.13	0	0.305	0	0	0
5.315	-69.521118	741.266968	88.302856	0.207674	0	-0.353415	1.70E-05	0.470388	1.30E-05	0	0	0	-0.13	0	0.305	0	0	0
5.316	-68.973999	739.89032	88.224075	0.207674	0	-0.353367	6.00E-06	0.523281	9.00E-06	0	0	0	-0.13	0	0.305	0	0	0
5.317	-68.818298	737.830933	88.224075	0.207674	0	-0.353367	6.00E-06	0.605716	9.00E-06	0	0	0	-0.13	0	0.305	0	0	0
5.318	-68.743332	737.660461	88.067581	0.207663	0	-0.353367	1.00E-05	0.623482	9.00E-06	0	0	0	-0.13	0	0.305	0	0	0
5.319	-68.198372	734.409973	87.832382	0.207643	0	-0.352888	1.50E-05	0.743094	1.10E-05	0	0	0	-0.13	0	0.305	0	0	0
5.32	-68.041946	732.315857	87.832382	0.207643	0	-0.352214	1.10E-05	0.743094	1.10E-05	0	0	0	-0.13	0	0.305	0	0	0
5.321	-68.041946	731.830261	87.597435	0.207651	0	-0.351935	1.70E-05	0.689913	1.50E-05	0	0	0	-0.13	0	0.305	0	0	0
5.322	-67.808395	730.455627	87.597435	0.207651	0	-0.351529	1.10E-05	0.689913	1.10E-05	0	0	0	-0.13	0	0.305	0	0	0
5.323	-67.73127	730.285889	87.205704	0.207773	0	-0.351494	7.00E-06	0.726958	1.50E-05	0	0	0	-0.13	0	0.305	0	0	0
5.324	-67.185585	728.578308	87.205582	0.207886	0	-0.351494	7.00E-06	0.727426	1.10E-05	0	0	0	-0.13	0	0.305	0	0	0
5.325	-67.110626	727.2005	87.049202	0.207886	0	-0.350683	9.00E-06	0.727426	1.30E-05	0	0	0	-0.13	0	0.305	0	0	0
5.326	-66.562057	727.2005	87.049118	0.207886	0	-0.350495	1.00E-05	0.682774	1.10E-05	0	0	0	-0.13	0	0.305	0	0	0
5.327	-66.16703	724.638184	86.813812	0.207823	0	-0.350268	1.00E-05	0.587561	1.00E-05	0	0	0	-0.13	0	0.305	0	0	0
5.328	-65.779221	723.950073	86.422272	0.208072	0	-0.349799	1.60E-05	0.577837	5.00E-06	0	0	0	-0.13	0	0.305	0	0	0
5.329	-65.778496	723.432434	86.344025	0.208084	0	-0.34977	1.60E-05	0.502709	8.00E-06	0	0	0	-0.13	0	0.305	0	0	0
5.33	-65.389244	721.20105	85.79567	0.208084	0	-0.349728	1.20E-05	0.502709	8.00E-06	0	0	0	-0.13	0	0.305	0	0	0
5.331	-64.999985	720.518677	85.638649	0.208046	0	-0.349178	9.00E-06	0.625077	8.00E-06	0	0	0	-0.13	0	0.305	0	0	0
5.332	-64.610016	717.936279	85.090378	0.208046	0	-0.349178	1.00E-05	0.625077	6.00E-06	0	0	0	-0.13	0	0.305	0	0	0
5.333	-64.532883	717.936279	84.620354	0.208123	0	-0.348603	1.00E-05	0.625077	5.00E-06	0	0	0	-0.13	0	0.305	0	0	0
5.334	-64.140747	716.571289	84.385201	0.208145	0	-0.348247	1.10E-05	0.567758	2.00E-06	0	0	0	-0.13	0	0.305	0	0	0
5.335	-64.065056	716.064026	83.836807	0.208145	0	-0.347851	1.40E-05	0.60577	2.00E-06	0	0	0	-0.13	0	0.305	0	0	0
5.336	-64.140747	714.007751	83.523399	0.20807	0	-0.347644	1.40E-05	0.60577	5.00E-06	0	0	0	-0.13	0	0.305	0	0	0
5.337	-63.830059	712.46106	83.366821	0.20807	0	-0.347644	1.40E-05	0.606919	6.00E-06	0	0	0	-0.13	0	0.305	0	0	0
5.338	-63.830059	712.134338	82.896553	0.20811	0	-0.347251	1.20E-05	0.708563	6.00E-06	0	0	0	-0.13	0	0.305	0	0	0
5.339	-63.830059	711.084778	82.818184	0.208129	0	-0.346544	1.20E-05	0.657055	6.00E-06	0	0	0	-0.13	0	0.305	0	0	0
5.34	-63.991535	710.929749	82.426613	0.208218	0	-0.346218	1.20E-05	0.657055	5.00E-06	0	0	0	-0.13	0	0.305	0	0	0
5.341	-63.991535	709.562378	82.426453	0.208398	0	-0.345952	6.00E-06	0.657055	8.00E-06	0	0	0	-0.13	0	0.305	0	0	0
5.342	-63.756538	708.534424	81.564697	0.208398	0	-0.345825	6.00E-06	0.682674	7.00E-06	0	0	0	-0.13	0	0.305	0	0	0
5.343	-63.524429	705.943115	81.564575	0.208403	0	-0.34568	1.60E-05	0.682674	8.00E-06	0	0	0	-0.13	0	0.305	0	0	0
5.344	-63.522987	705.943115	81.094635	0.208458	0	-0.345625	1.60E-05	0.622084	7.00E-06	0	0	0	-0.13	0	0.305	0	0	0
5.345	-63.522987	705.452515	80.70282	0.208558	0	-0.345272	1.20E-05	0.622084	1.10E-05	0	0	0	-0.13	0	0.305	0	0	0
5.346	-63.288712	705.452515	80.311127	0.208558	0	-0.344663	1.20E-05	0.626623	1.20E-05	0	0	0	-0.13	0	0.305	0	0	0
5.347	-63.678688	704.427307	80.232597	0.208558	0	-0.344707	1.20E-05	0.626623	1.20E-05	0	0	0	-0.13	0	0.305	0	0	0
5.348	-63.677967	704.427307	79.449295	0.208655	0	-0.344618	6.00E-06	0.615286	6.00E-06	0	0	0	-0.13	0	0.305	0	0	0
5.349	-63.677967	704.427307	79.292305	0.208746	0	-0.344267	6.00E-06	0.615286	6.00E-06	0	0	0	-0.13	0	0.305	0	0	0
5.35	-63.133732	704.607422	79.214058	0.208655	0	-0.344267	6.00E-06	0.67582	5.00E-06	0	0	0	-0.13	0	0.305	0	0	0
5.351	-63.133732	702.725464	78.743874	0.208675	0	-0.344084	1.10E-05	0.681869	4.00E-06	0	0	0	-0.13	0	0.305	0	0	0
5.352	-63.133732	702.228333	78.587212	0.208675	0	-0.343155	5.00E-06	0.681869	4.00E-06	0	0	0	-0.13	0	0.305	0	0	0
5.353	-63.291595	702.040894	78.587051	0.208796	0	-0.342804	1.10E-05	0.681869	8.00E-06	0	0	0	-0.13	0	0.305	0	0	0
5.354	-63.055878	700.854431	78.587051	0.208796	0	-0.342712	2.10E-05	0.591749	9.00E-06	0	0	0	-0.13	0	0.305	0	0	0
5.355	-63.055878	700.155884	78.508759	0.208634	0	-0.342599	2.10E-05	0.606814	9.00E-06	0	0	0	-0.13	0	0.305	0	0	0
5.356	-63.055878	700.155884	78.351974	0.208634	0	-0.342022	1.30E-05	0.606814	7.00E-06	0	0	0	-0.13	0	0.305	0	0	0
5.357	-63.371613	699.312317	78.116867	0.208765	0	-0.341785	1.10E-05	0.635028	7.00E-06	0	0	0	-0.13	0	0.305	0	0	0
5.358	-63.371613	698.979492	78.038651	0.208992	0	-0.341616	1.10E-05	0.660182	9.00E-06	0	0	0	-0.13	0	0.305	0	0	0
5.359	-63.288712	697.958069	78.038651	0.208842	0	-0.341372	3.00E-06	0.660182	9.00E-06	0	0	0	-0.13	0	0.305	0	0	0
5.36	-63.055878	697.958069	77.881874	0.208943	0	-0.341148	3.00E-06	0.637927	5.00E-06	0	0	0	-0.13	0	0.305	0	0	0
5.361	-63.055878	698.132019	78.195236	0.208943	0	-0.341148	1.10E-05	0.633114	4.00E-06	0	0	0	-0.13	0	0.305	0	0	0
5.362	-62.823772	699.683777	77.803459	0.208997	0	-0.341001	1.10E-05	0.637927	4.00E-06	0	0	0	-0.13	0	0.305	0	0	0
5.363	-62.823772	699.683777	78.195038	0.208997	0	-0.340816	5.00E-06	0.633114	7.00E-06	0	0	0	-0.13	0	0.305	0	0	0
5.364	-62.823048	699.683777	78.195038	0.208944	0	-0.340681	5.00E-06	0.656948	9.00E-06	0	0	0	-0.13	0	0.305	0	0	0
5.365	-62.355942	698.829834	78.430069	0.208898	0	-0.340542	5.00E-06	0.699058	9.00E-06	0	0	0	-0.13	0	0.305	0	0	0
5.366	-62.353775	699.358643	78.508316	0.20889	0	-0.340328	1.30E-05	0.699058	9.00E-06	0	0	0	-0.13	0	0.305	0	0	0
5.367	-62.352337	699.358643	78.508514	0.208898	0	-0.340155	5.00E-06	0.690481	4.00E-06	0	0	0	-0.13	0	0.305	0	0	0
5.368	-62.275208	699.358643	78.743469	0.208803	0	-0.340155	1.30E-05	0.680864	1.00E-06	0	0	0	-0.13	0	0.305	0	0	0
5.369	-62.275208	699.37915	78.97834	0.20888	0	-0.340155	1.30E-05	0.680589	1.00E-06	0	0	0	-0.13	0	0.305	0	0	0
5.37	-61.648788	699.37915	79.056549	0.20888	0	-0.3395	1.30E-05	0.680589	5.00E-06	0	0	0	-0.13	0	0.305	0	0	0
5.371	-61.493088	700.588745	79.526733	0.20888	0	-0.338995	0.00E+00	0.702519	5.00E-06	0	0	0	-0.13	0	0.305	0	0	0
5.372	-61.648788	701.290405	79.839859	0.208743	0	-0.338995	0	0.749154	3.00E-06	0	0	0	-0.13	0	0.305	0	0	0
5.373	-61.649513	701.290405	80.074966	0.208743	0	-0.338375	9.00E-06	0.749154	3.00E-06	0	0	0	-0.13	0	0.305	0	0	0
5.374	-61.808098	703.011536	80.074966	0.208883	0	-0.338224	1.30E-05	0.827702	3.00E-06	0	0	0	-0.13	0	0.305	0	0	0
5.375	-61.726639	703.889404	80.544746	0.209038	0	-0.338224	2.30E-05	0.782332	7.00E-06	0	0	0	-0.13	0	0.305	0	0	0
5.376	-61.726639	703.889404	80.623123	0.208964	0	-0.337865	2.30E-05	0.803048	7.00E-06	0	0	0	-0.13	0	0.305	0	0	0
5.377	-61.333778	704.240417	81.014931	0.209038	0	-0.337831	7.00E-06	0.782332	7.00E-06	0	0	0	-0.13	0	0.305	0	0	0
5.378	-61.333778	704.94281	81.406708	0.209118	0	-0.33727	7.00E-06	0.649629	7.00E-06	0	0	0	-0.13	0	0.305	0	0	0
5.379	-61.411629	704.94281	81.71991	0.209218	0	-0.337179	8.00E-06	0.603189	7.00E-06	0	0	0	-0.13	0	0.305	0	0	0
5.38	-61.565887	705.109497	81.719948	0.209218	0	-0.337116	8.00E-06	0.649629	3.00E-06	0	0	0	-0.13	0	0.305	0	0	0
5.381	-61.570938	705.812256	82.111641	0.209218	0	-0.337091	6.00E-06	0.649376	2.00E-06	0	0	0	-0.13	0	0.305	0	0	0
5.382	-61.570938	705.812256	82.660316	0.209267	0	-0.336898	4.00E-06	0.649376	3.00E-06	0	0	0	-0.13	0	0.305	0	0	0
5.383	-61.333778	705.812256	82.97348	0.209267	0	-0.336766	5.00E-06	0.614153	1.00E-05	0	0	0	-0.13	0	0.305	0	0	0
5.384	-61.333778	707.185425	83.051933	0.209267	0	-0.336459	4.00E-06	0.614153	1.00E-05	0	0	0	-0.13	0	0.305	0	0	0
5.385	-61.333778	707.364807	83.365295	0.20919	0	-0.33645	5.00E-06	0.639584	3.00E-06	0	0	0	-0.13	0	0.305	0	0	0
5.386	-61.255928	707.712341	83.913528	0.209158	0	-0.336394	8.00E-06	0.712121	3.00E-06	0	0	0	-0.13	0	0.305	0	0	0
5.387	-61.255928	707.894775	83.913528	0.209158	0	-0.335776	1.60E-05	0.765989	8.00E-06	0	0	0	-0.13	0	0.305	0	0	0
5.388	-61.415237	708.931274	84.148514	0.209204	0	-0.335625	1.00E-05	0.712121	9.00E-06	0	0	0	-0.13	0	0.305	0	0	0
5.389	-61.492367	709.809204	84.226891	0.209261	0	-0.335523	1.00E-05	0.796789	9.00E-06	0	0	0	-0.13	0	0.305	0	0	0
5.39	-61.492367	709.809204	84.932022	0.209299	0	-0.334883	7.00E-06	0.75744	1.00E-05	0	0	0	-0.13	0	0.305	0	0	0
5.391	-61.492367	710.155151	85.088524	0.209261	0	-0.334883	7.00E-06	0.803143	7.00E-06	0	0	0	-0.13	0	0.305	0	0	0
5.392	-61.415237	710.166382	85.323837	0.209436	0	-0.334883	5.00E-06	0.75744	1.00E-05	0	0	0	-0.13	0	0.305	0	0	0
5.393	-61.725197	711.182312	85.793777	0.209508	0	-0.334997	1.70E-05	0.73107	1.20E-05	0	0	0	-0.13	0	0.305	0	0	0
5.394	-61.725197	710.166382	85.950485	0.20975	0	-0.334446	5.00E-06	0.73107	1.20E-05	0	0	0	-0.13	0	0.305	0	0	0
5.395	-61.725197	711.382874	85.950485	0.20975	0	-0.334446	5.00E-06	0.742621	1.20E-05	0	0	0	-0.13	0	0.305	0	0	0
5.396	-61.963802	709.828857	85.950485	0.20975	0	-0.33424	5.00E-06	0.742621	1.20E-05	0	0	0	-0.13	0	0.305	0	0	0
5.397	-61.649513	709.490601	86.107025	0.209643	0	-0.334161	5.00E-06	0.733938	9.00E-06	0	0	0	-0.13	0	0.305	0	0	0
5.398	-61.649513	709.490601	86.107025	0.209643	0	-0.334121	4.00E-06	0.733938	9.00E-06	0	0	0	-0.13	0	0.305	0	0	0
5.399	-61.649513	710.873413	86.028732	0.209829	0	-0.333649	4.00E-06	0.733938	5.00E-06	0	0	0	-0.13	0	0.305	0	0	0
5.4	-61.418125	710.873413	86.028732	0.209908	0	-0.333694	3.00E-06	0.713966	5.00E-06	0	0	0	-0.13	0	0.305	0	0	0
5.401	-61.338108	710.708313	86.498795	0.209908	0	-0.333641	1.20E-05	0.713966	8.00E-06	0	0	0	-0.13	0	0.305	0	0	0
5.402	-61.338108	710.54126	86.577087	0.209632	0	-0.333641	1.40E-05	0.806529	1.30E-05	0	0	0	-0.13	0	0.305	0	0	0
5.403	-61.57238	709.665344	86.733902	0.209632	0	-0.333575	1.40E-05	0.806529	8.00E-06	0	0	0	-0.13	0	0.305	0	0	0
5.404	-61.57238	709.665344	87.04715	0.209733	0	-0.332685	1.40E-05	0.873578	1.00E-06	0	0	0	-0.13	0	0.305	0	0	0
5.405	-61.496696	708.47998	87.125565	0.209733	0	-0.332635	1.60E-05	0.876682	1.00E-06	0	0	0	-0.13	0	0.305	0	0	0
5.406	-61.263145	708.833374	87.438919	0.209736	0	-0.332349	1.60E-05	0.876682	1.00E-06	0	0	0	-0.13	0	0.305	0	0	0
5.407	-61.185291	708.313843	87.438919	0.209741	0	-0.332349	2.70E-05	0.885639	2.00E-06	0	0	0	-0.13	0	0.305	0	0	0
5.408	-61.027428	708.313843	87.908951	0.209753	0	-0.332033	2.70E-05	0.853818	5.00E-06	0	0	0	-0.13	0	0.305	0	0	0
5.409	-61.027428	704.721924	87.908951	0.209815	0	-0.331641	1.00E-05	0.899218	1.10E-05	0	0	0	-0.13	0	0.305	0	0	0
5.41	-60.876053	704.721924	88.065727	0.209815	0	-0.331285	8.00E-06	0.923911	1.10E-05	0	0	0	-0.13	0	0.305	0	0	0
5.411	-60.873169	704.550659	88.222389	0.209782	0	-0.331285	8.00E-06	0.923911	1.10E-05	0	0	0	-0.13	0	0.305	0	0	0
5.412	-60.873169	704.73584	88.300674	0.209782	0	-0.331082	8.00E-06	0.953816	9.00E-06	0	0	0	-0.13	0	0.305	0	0	0
5.413	-60.873169	704.56311	88.535751	0.209782	0	-0.330539	9.00E-06	0.953816	5.00E-06	0	0	0	-0.13	0	0.305	0	0	0
5.414	-60.719631	704.56311	88.614288	0.209893	0	-0.330205	4.00E-06	0.953816	5.00E-06	0	0	0	-0.13	0	0.305	0	0	0
5.415	-60.486076	704.56311	88.614288	0.209925	0	-0.330057	4.00E-06	0.967051	9.00E-06	0	0	0	-0.13	0	0.305	0	0	0
5.416	-60.486076	701.809021	88.535751	0.209925	0	-0.329758	4.00E-06	0.953309	9.00E-06	0	0	0	-0.13	0	0.305	0	0	0
5.417	-60.486076	701.655518	88.535751	0.209975	0	-0.329739	1.10E-05	0.953309	9.00E-06	0	0	0	-0.13	0	0.305	0	0	0
5.418	-60.094658	700.624878	88.535751	0.209975	0	-0.32955	1.10E-05	0.868025	7.00E-06	0	0	0	-0.13	0	0.305	0	0	0
5.419	-60.093933	700.624878	88.535553	0.209975	0	-0.32955	1.10E-05	0.868025	1.00E-05	0	0	0	-0.13	0	0.305	0	0	0
5.42	-59.941124	699.763977	88.535553	0.210041	0	-0.32955	1.00E-05	1.051551	6.00E-06	0	0	0	-0.13	0	0.305	0	0	0
5.421	-59.159004	699.763977	88.535553	0.210041	0	-0.329012	1.10E-05	1.051551	1.00E-05	0	0	0	-0.13	0	0.305	0	0	0
5.422	-59.159004	699.763977	88.692451	0.210041	0	-0.328908	1.00E-05	1.051551	6.00E-06	0	0	0	-0.13	0	0.305	0	0	0
5.423	-59.159004	697.877319	88.614166	0.210165	0	-0.328749	1.10E-05	0.960246	6.00E-06	0	0	0	-0.13	0	0.305	0	0	0
5.424	-59.241905	697.380249	88.614166	0.210119	0	-0.327938	1.00E-05	1.119568	6.00E-06	0	0	0	-0.13	0	0.305	0	0	0
5.425	-59.083317	697.380249	88.614166	0.210119	0	-0.327875	1.30E-05	1.133034	1.10E-05	0	0	0	-0.13	0	0.305	0	0	0
5.426	-59.005463	697.549927	88.535271	0.209985	0	-0.327661	7.00E-06	1.134422	1.40E-05	0	0	0	-0.13	0	0.305	0	0	0
5.427	-58.852646	697.738525	88.692169	0.209985	0	-0.327184	1.10E-05	1.231146	1.10E-05	0	0	0	-0.13	0	0.305	0	0	0
5.428	-58.772633	697.738525	88.770584	0.210079	0	-0.327168	1.10E-05	1.231146	1.40E-05	0	0	0	-0.13	0	0.305	0	0	0
5.429	-58.694782	697.224426	89.240524	0.210365	0	-0.326797	1.10E-05	1.093374	1.00E-05	0	0	0	-0.13	0	0.305	0	0	0
5.43	-58.381935	696.730713	88.770584	0.210382	0	-0.326486	8.00E-06	1.093374	1.40E-05	0	0	0	-0.13	0	0.305	0	0	0
5.431	-58.381935	696.727173	89.240524	0.210382	0	-0.326018	8.00E-06	1.152091	1.00E-05	0	0	0	-0.13	0	0.305	0	0	0
5.432	-58.619095	696.04187	89.162231	0.210479	0	-0.326018	1.80E-05	1.152091	1.40E-05	0	0	0	-0.13	0	0.305	0	0	0
5.433	-58.696945	696.04187	89.396988	0.210547	0	-0.325728	1.80E-05	1.204232	7.00E-06	0	0	0	-0.13	0	0.305	0	0	0
5.434	-58.696945	696.911987	89.396988	0.210547	0	-0.325682	1.50E-05	1.144952	7.00E-06	0	0	0	-0.13	0	0.305	0	0	0
5.435	-58.305527	697.08667	89.396988	0.210547	0	-0.325288	1.20E-05	1.204232	6.00E-06	0	0	0	-0.13	0	0.305	0	0	0
5.436	-58.305527	696.911987	88.926956	0.210441	0	-0.324908	5.00E-06	1.145101	6.00E-06	0	0	0	-0.13	0	0.305	0	0	0
5.437	-58.150551	695.199463	88.926956	0.210441	0	-0.324874	8.00E-06	1.168466	1.10E-05	0	0	0	-0.13	0	0.305	0	0	0
5.438	-58.228401	695.199463	88.848511	0.210441	0	-0.324874	8.00E-06	1.168466	1.20E-05	0	0	0	-0.13	0	0.305	0	0	0
5.439	-58.228401	695.377686	88.535233	0.210338	0	-0.324596	2.40E-05	1.168466	1.20E-05	0	0	0	-0.13	0	0.305	0	0	0
5.44	-58.228401	695.377686	88.378571	0.210338	0	-0.324476	2.40E-05	1.201311	1.10E-05	0	0	0	-0.13	0	0.305	0	0	0
5.441	-57.992683	695.377686	88.221619	0.210338	0	-0.32428	2.10E-05	1.220145	8.00E-06	0	0	0	-0.13	0	0.305	0	0	0
5.442	-57.914833	694.866577	88.221619	0.210298	0	-0.323924	2.10E-05	1.276681	6.00E-06	0	0	0	-0.13	0	0.305	0	0	0
5.443	-57.914833	694.884338	88.221619	0.210252	0	-0.323834	2.10E-05	1.220145	8.00E-06	0	0	0	-0.13	0	0.305	0	0	0
5.444	-57.678391	694.884338	87.907982	0.210252	0	-0.323217	1.70E-05	1.216415	1.00E-05	0	0	0	-0.13	0	0.305	0	0	0
5.445	-57.36771	695.070679	87.907982	0.210531	0	-0.323214	4.00E-06	1.216415	1.00E-05	0	0	0	-0.13	0	0.305	0	0	0
5.446	-57.36771	695.760742	87.907982	0.210531	0	-0.323133	4.00E-06	1.355008	3.00E-06	0	0	0	-0.13	0	0.305	0	0	0
5.447	-57.36771	696.625549	87.751205	0.210607	0	-0.322468	6.00E-06	1.355008	3.00E-06	0	0	0	-0.13	0	0.305	0	0	0
5.448	-57.209122	696.625549	87.751205	0.210488	0	-0.322254	6.00E-06	1.317772	5.00E-06	0	0	0	-0.13	0	0.305	0	0	0
5.449	-57.209122	696.995117	87.280937	0.210607	0	-0.322216	1.60E-05	1.316315	8.00E-06	0	0	0	-0.13	0	0.305	0	0	0
5.45	-57.209122	696.828491	87.51593	0.210608	0	-0.321488	6.00E-06	1.264582	8.00E-06	0	0	0	-0.13	0	0.305	0	0	0
5.451	-56.894829	696.828491	87.280937	0.210829	0	-0.321429	1.40E-05	1.194247	8.00E-06	0	0	0	-0.13	0	0.305	0	0	0
5.452	-57.364822	696.331299	87.045776	0.210829	0	-0.321186	6.00E-06	1.194247	6.00E-06	0	0	0	-0.13	0	0.305	0	0	0
5.453	-56.894829	694.595459	87.045738	0.210743	0	-0.320986	1.40E-05	1.245533	5.00E-06	0	0	0	-0.13	0	0.305	0	0	0
5.454	-56.505577	695.12207	86.888916	0.210743	0	-0.320666	6.00E-06	1.245533	5.00E-06	0	0	0	-0.13	0	0.305	0	0	0
5.455	-55.878437	695.12207	86.888916	0.210776	0	-0.320437	5.00E-06	1.195352	9.00E-06	0	0	0	-0.13	0	0.305	0	0	0
5.456	-55.878437	695.12207	86.653885	0.210776	0	-0.320437	4.00E-06	1.195352	9.00E-06	0	0	0	-0.13	0	0.305	0	0	0
5.457	-55.879158	696.006531	86.497185	0.210789	0	-0.320099	3.00E-06	1.162528	7.00E-06	0	0	0	-0.13	0	0.305	0	0	0
5.458	-55.879158	696.006531	85.635025	0.210789	0	-0.319401	3.00E-06	1.254421	5.00E-06	0	0	0	-0.13	0	0.305	0	0	0
5.459	-55.879158	696.006531	85.634949	0.210789	0	-0.319279	1.50E-05	1.254421	4.00E-06	0	0	0	-0.13	0	0.305	0	0	0
5.46	-55.567757	695.162964	85.634949	0.210617	0	-0.319269	1.50E-05	1.318023	4.00E-06	0	0	0	-0.13	0	0.305	0	0	0
5.461	-55.489902	694.473633	85.713356	0.210617	0	-0.318659	7.00E-06	1.352354	4.00E-06	0	0	0	-0.13	0	0.305	0	0	0
5.462	-55.489902	694.481018	85.713356	0.210848	0	-0.318392	7.00E-06	1.383757	5.00E-06	0	0	0	-0.13	0	0.305	0	0	0
5.463	-55.412777	694.481018	85.713356	0.210931	0	-0.318284	7.00E-06	1.383757	6.00E-06	0	0	0	-0.13	0	0.305	0	0	0
5.464	-55.724182	695.526367	85.39975	0.210932	0	-0.31773	8.00E-06	1.442938	6.00E-06	0	0	0	-0.13	0	0.305	0	0	0
5.465	-55.646332	695.526367	85.399597	0.211161	0	-0.317637	1.00E-05	1.32461	6.00E-06	0	0	0	-0.13	0	0.305	0	0	0
5.466	-55.646332	695.893188	85.164604	0.211287	0	-0.316683	1.00E-05	1.32461	5.00E-06	0	0	0	-0.13	0	0.305	0	0	0
5.467	-55.019913	695.038818	85.164604	0.211287	0	-0.316683	8.00E-06	1.305856	5.00E-06	0	0	0	-0.13	0	0.305	0	0	0
5.468	-55.016304	695.038818	85.242935	0.211149	0	-0.316683	7.00E-06	1.248919	4.00E-06	0	0	0	-0.13	0	0.305	0	0	0
5.469	-54.784195	695.038818	85.242935	0.211149	0	-0.316343	7.00E-06	1.248919	4.00E-06	0	0	0	-0.13	0	0.305	0	0	0
5.47	-54.624886	696.761475	85.007584	0.211296	0	-0.316275	1.20E-05	1.251159	4.00E-06	0	0	0	-0.13	0	0.305	0	0	0
5.471	-54.238518	696.774597	84.8508	0.211296	0	-0.316275	1.20E-05	1.336821	6.00E-06	0	0	0	-0.13	0	0.305	0	0	0
5.472	-54.316368	696.943909	84.8508	0.211206	0	-0.315944	1.20E-05	1.373508	6.00E-06	0	0	0	-0.13	0	0.305	0	0	0
5.473	-54.237797	698.157837	84.8508	0.211012	0	-0.315345	6.00E-06	1.41605	6.00E-06	0	0	0	-0.13	0	0.305	0	0	0
5.474	-54.237797	698.157837	84.537315	0.211155	0	-0.315069	6.00E-06	1.421554	5.00E-06	0	0	0	-0.13	0	0.305	0	0	0
5.475	-53.769249	698.513855	84.537315	0.211155	0	-0.315069	9.00E-06	1.421554	5.00E-06	0	0	0	-0.13	0	0.305	0	0	0
5.476	-53.614265	697.996582	84.537155	0.211155	0	-0.315069	1.60E-05	1.421554	5.00E-06	0	0	0	-0.13	0	0.305	0	0	0
5.477	-53.691395	698.513855	84.301956	0.211295	0	-0.314965	1.60E-05	1.602667	4.00E-06	0	0	0	-0.13	0	0.305	0	0	0
5.478	-53.691395	698.715576	84.301956	0.211316	0	-0.314901	2.00E-06	1.602667	1.50E-05	0	0	0	-0.13	0	0.305	0	0	0
5.479	-53.768524	698.715576	83.831772	0.211316	0	-0.314052	2.00E-06	1.588565	5.00E-06	0	0	0	-0.13	0	0.305	0	0	0
5.48	-53.770691	698.550537	83.753525	0.211316	0	-0.313701	0.00E+00	1.559284	9.00E-06	0	0	0	-0.13	0	0.305	0	0	0
5.481	-53.770691	698.550537	83.753525	0.211348	0	-0.313123	7.00E-06	1.554411	9.00E-06	0	0	0	-0.13	0	0.305	0	0	0
5.482	-53.770691	698.550537	83.988396	0.211458	0	-0.312931	7.00E-06	1.490654	9.00E-06	0	0	0	-0.13	0	0.305	0	0	0
5.483	-53.923504	699.438477	83.988396	0.21147	0	-0.312899	1.30E-05	1.489165	1.30E-05	0	0	0	-0.13	0	0.305	0	0	0
5.484	-53.923504	699.438477	84.066681	0.211463	0	-0.312519	1.30E-05	1.489165	1.00E-05	0	0	0	-0.13	0	0.305	0	0	0
5.485	-53.690674	700.804321	84.066681	0.211477	0	-0.312164	1.80E-05	1.489165	1.00E-05	0	0	0	-0.13	0	0.305	0	0	0
5.486	-52.983521	700.988342	84.223228	0.211477	0	-0.312094	2.00E-06	1.47361	7.00E-06	0	0	0	-0.13	0	0.305	0	0	0
5.487	-52.983521	700.988342	84.301636	0.21177	0	-0.312082	6.00E-06	1.47361	2.00E-06	0	0	0	-0.13	0	0.305	0	0	0
5.488	-53.143555	699.275757	84.301636	0.21177	0	-0.312082	6.00E-06	1.47361	7.00E-06	0	0	0	-0.13	0	0.305	0	0	0
5.489	-53.143555	699.275757	84.144936	0.211788	0	-0.311339	2.40E-05	1.486005	4.00E-06	0	0	0	-0.13	0	0.305	0	0	0
5.49	-53.222122	699.799194	83.831375	0.21154	0	-0.311339	2.40E-05	1.533409	4.00E-06	0	0	0	-0.13	0	0.305	0	0	0
5.491	-53.222122	699.799194	83.596382	0.211533	0	-0.311332	1.60E-05	1.533409	4.00E-06	0	0	0	-0.13	0	0.305	0	0	0
5.492	-53.222122	699.290466	83.596382	0.211533	0	-0.310866	6.00E-06	1.57107	4.00E-06	0	0	0	-0.13	0	0.305	0	0	0
5.493	-53.377106	698.958313	84.066238	0.211533	0	-0.310436	6.00E-06	1.57107	6.00E-06	0	0	0	-0.13	0	0.305	0	0	0
5.494	-53.064259	698.958313	84.144615	0.211624	0	-0.310298	6.00E-06	1.577362	1.30E-05	0	0	0	-0.13	0	0.305	0	0	0
5.495	-53.532806	699.66156	84.144615	0.211517	0	-0.30966	1.00E-05	1.616299	6.00E-06	0	0	0	-0.13	0	0.305	0	0	0
5.496	-54.159222	699.843201	84.53627	0.211517	0	-0.309607	1.20E-05	1.666016	5.00E-06	0	0	0	-0.13	0	0.305	0	0	0
5.497	-54.159222	699.843201	84.300949	0.211517	0	-0.309261	1.60E-05	1.766425	5.00E-06	0	0	0	-0.13	0	0.305	0	0	0
5.498	-53.222847	700.887756	84.614441	0.211673	0	-0.308975	1.80E-05	1.666016	5.00E-06	0	0	0	-0.13	0	0.305	0	0	0
5.499	-53.222847	700.887756	84.457458	0.211774	0	-0.308975	1.60E-05	1.715873	6.00E-06	0	0	0	-0.13	0	0.305	0	0	0
5.5	-53.298531	700.56958	84.84919	0.211825	0	-0.30865	1.50E-05	1.64592	8.00E-06	0	0	0	-0.13	0	0.305	0	0	0
5.501	-53.374218	700.56958	84.84919	0.211856	0	-0.30819	1.50E-05	1.715873	9.00E-06	0	0	0	-0.13	0	0.305	0	0	0
5.502	-53.374218	701.953125	85.319244	0.211856	0	-0.307963	7.00E-06	1.568797	9.00E-06	0	0	0	-0.13	0	0.305	0	0	0
5.503	-53.767799	701.953125	85.319244	0.211978	0	-0.307702	8.00E-06	1.722385	1.20E-05	0	0	0	-0.13	0	0.305	0	0	0
5.504	-53.767799	701.953125	85.083939	0.212079	0	-0.30753	7.00E-06	1.591777	1.20E-05	0	0	0	-0.13	0	0.305	0	0	0
5.505	-53.767799	703.005005	85.083939	0.212111	0	-0.307477	8.00E-06	1.591777	6.00E-06	0	0	0	-0.13	0	0.305	0	0	0
5.506	-53.609936	703.357178	85.78923	0.21217	0	-0.307133	7.00E-06	1.591777	4.00E-06	0	0	0	-0.13	0	0.305	0	0	0
5.507	-53.609936	703.52417	85.78923	0.212137	0	-0.306998	1.20E-05	1.606248	6.00E-06	0	0	0	-0.13	0	0.305	0	0	0
5.508	-53.840603	703.553955	85.475471	0.21216	0	-0.306689	1.40E-05	1.606248	8.00E-06	0	0	0	-0.13	0	0.305	0	0	0
5.509	-53.840603	704.387878	85.475471	0.21216	0	-0.30601	1.90E-05	1.606248	1.00E-05	0	0	0	-0.13	0	0.305	0	0	0
5.51	-54.0756	703.553955	85.632294	0.21216	0	-0.30601	1.90E-05	1.626774	1.00E-05	0	0	0	-0.13	0	0.305	0	0	0
5.511	-54.232742	705.810425	85.632294	0.212415	0	-0.305738	4.00E-06	1.626774	1.00E-05	0	0	0	-0.13	0	0.305	0	0	0
5.512	-54.236351	705.810425	85.945206	0.21253	0	-0.305233	4.00E-06	1.793818	7.00E-06	0	0	0	-0.13	0	0.305	0	0	0
5.513	-54.30843	705.985962	85.945206	0.21253	0	-0.304445	4.00E-06	1.758379	8.00E-06	0	0	0	-0.13	0	0.305	0	0	0
5.514	-54.236351	706.339294	86.258652	0.212354	0	-0.304341	9.00E-06	1.758379	8.00E-06	0	0	0	-0.13	0	0.305	0	0	0
5.515	-54.469906	706.339294	86.336624	0.212354	0	-0.304341	1.00E-05	1.747859	9.00E-06	0	0	0	-0.13	0	0.305	0	0	0
5.516	-54.623444	708.082764	86.650185	0.212655	0	-0.304107	1.10E-05	1.715836	9.00E-06	0	0	0	-0.13	0	0.305	0	0	0
5.517	-54.85844	708.961121	86.728394	0.212776	0	-0.30382	1.40E-05	1.687663	6.00E-06	0	0	0	-0.13	0	0.305	0	0	0
5.518	-54.85844	708.961121	86.728394	0.213028	0	-0.30382	1.40E-05	1.715836	6.00E-06	0	0	0	-0.13	0	0.305	0	0	0
5.519	-54.85844	708.961121	86.884575	0.213028	0	-0.303432	8.00E-06	1.791368	7.00E-06	0	0	0	-0.13	0	0.305	0	0	0
5.52	-55.247696	709.300049	86.884575	0.213	0	-0.303432	8.00E-06	1.791368	7.00E-06	0	0	0	-0.13	0	0.305	0	0	0
5.521	-55.402672	710.524414	87.43325	0.212919	0	-0.302793	8.00E-06	1.745249	6.00E-06	0	0	0	-0.13	0	0.305	0	0	0
5.522	-55.402672	710.708008	87.668121	0.212923	0	-0.302774	3.00E-06	1.715232	6.00E-06	0	0	0	-0.13	0	0.305	0	0	0
5.523	-55.479805	710.861938	87.981155	0.212923	0	-0.302413	3.00E-06	1.745249	6.00E-06	0	0	0	-0.13	0	0.305	0	0	0
5.524	-55.869057	712.256714	88.059654	0.212978	0	-0.302152	1.20E-05	1.808494	3.00E-06	0	0	0	-0.13	0	0.305	0	0	0
5.525	-55.558372	712.266724	88.216431	0.213001	0	-0.302074	1.20E-05	1.812741	2.00E-06	0	0	0	-0.13	0	0.305	0	0	0
5.526	-55.951241	712.272522	88.686264	0.213001	0	-0.301543	6.00E-06	1.808494	3.00E-06	0	0	0	-0.13	0	0.305	0	0	0
5.527	-56.108383	713.312073	88.764587	0.213003	0	-0.30152	6.00E-06	1.818653	4.00E-06	0	0	0	-0.13	0	0.305	0	0	0
5.528	-56.108383	714.017944	88.921089	0.213003	0	-0.301055	1.30E-05	1.999276	7.00E-06	0	0	0	-0.13	0	0.305	0	0	0
5.529	-56.108383	715.562805	88.999496	0.213003	0	-0.300797	1.30E-05	1.999276	7.00E-06	0	0	0	-0.13	0	0.305	0	0	0
5.53	-56.496193	715.926147	89.547691	0.213	0	-0.30041	6.00E-06	1.936412	3.00E-06	0	0	0	-0.13	0	0.305	0	0	0
5.531	-56.657669	715.926147	89.626144	0.21318	0	-0.300084	6.00E-06	1.936412	3.00E-06	0	0	0	-0.13	0	0.305	0	0	0
5.532	-56.809761	715.926147	89.939468	0.21318	0	-0.299465	6.00E-06	1.936412	3.00E-06	0	0	0	-0.13	0	0.305	0	0	0
5.533	-57.591881	717.319458	90.1745	0.21318	0	-0.299386	3.00E-06	1.933586	5.00E-06	0	0	0	-0.13	0	0.305	0	0	0
5.534	-57.593323	717.499512	90.566025	0.213316	0	-0.298913	0.00E+00	1.905464	7.00E-06	0	0	0	-0.13	0	0.305	0	0	0
5.535	-57.829041	718.380615	90.566147	0.213439	0	-0.298569	3.00E-06	1.917656	7.00E-06	0	0	0	-0.13	0	0.305	0	0	0
5.536	-57.984024	719.926147	90.801178	0.213534	0	-0.298322	8.00E-06	1.917656	7.00E-06	0	0	0	-0.13	0	0.305	0	0	0
5.537	-57.984024	722.18689	90.879433	0.213711	0	-0.298322	1.00E-05	1.917656	1.00E-05	0	0	0	-0.13	0	0.305	0	0	0
5.538	-58.299034	722.18689	90.957687	0.213534	0	-0.29815	1.00E-05	1.99657	7.00E-06	0	0	0	-0.13	0	0.305	0	0	0
5.539	-58.691895	722.18689	91.349617	0.213711	0	-0.297512	1.00E-05	1.891582	1.00E-05	0	0	0	-0.13	0	0.305	0	0	0
5.54	-59.316147	722.525513	91.42775	0.214288	0	-0.296724	1.10E-05	1.911852	7.00E-06	0	0	0	-0.13	0	0.305	0	0	0
5.541	-58.768303	723.239197	91.427704	0.214288	0	-0.296724	9.00E-06	1.911852	7.00E-06	0	0	0	-0.13	0	0.305	0	0	0
5.542	-59.24118	723.239197	91.42775	0.213995	0	-0.296919	9.00E-06	1.973918	6.00E-06	0	0	0	-0.13	0	0.305	0	0	0
5.543	-59.24118	724.613525	91.976303	0.213899	0	-0.296919	7.00E-06	1.992866	6.00E-06	0	0	0	-0.13	0	0.305	0	0	0
5.544	-60.179001	725.650391	92.211288	0.213899	0	-0.296601	2.00E-06	2.066311	1.10E-05	0	0	0	-0.13	0	0.305	0	0	0
5.545	-60.335426	725.650391	91.976303	0.213899	0	-0.295912	-4.00E-06	2.026164	1.20E-05	0	0	0	-0.13	0	0.305	0	0	0
5.546	-60.806137	727.035889	92.211212	0.213812	0	-0.295912	-4.00E-06	2.095225	1.20E-05	0	0	0	-0.13	0	0.305	0	0	0
5.547	-61.355423	727.396606	92.211212	0.213812	0	-0.295522	8.00E-06	2.163011	1.20E-05	0	0	0	-0.13	0	0.305	0	0	0
5.548	-61.824696	727.55542	92.681152	0.213812	0	-0.294953	1.30E-05	2.163011	9.00E-06	0	0	0	-0.13	0	0.305	0	0	0
5.549	-61.824696	728.960327	92.681236	0.213979	0	-0.294349	1.30E-05	2.114087	1.00E-05	0	0	0	-0.13	0	0.305	0	0	0
5.55	-61.824696	730.342773	93.151459	0.214288	0	-0.29425	6.00E-06	2.114087	1.00E-05	0	0	0	-0.13	0	0.305	0	0	0
5.551	-62.373981	732.414856	93.543152	0.214339	0	-0.293925	6.00E-06	2.069925	1.20E-05	0	0	0	-0.13	0	0.305	0	0	0
5.552	-62.686111	732.595032	93.934769	0.214504	0	-0.293394	1.20E-05	2.050615	1.20E-05	0	0	0	-0.13	0	0.305	0	0	0
5.553	-62.686111	734.669495	94.404953	0.21458	0	-0.293306	1.20E-05	2.019581	1.20E-05	0	0	0	-0.13	0	0.305	0	0	0
5.554	-63.393257	735.356445	95.188576	0.214585	0	-0.293133	1.90E-05	2.019581	1.10E-05	0	0	0	-0.13	0	0.305	0	0	0
5.555	-63.708275	737.609863	95.188576	0.214797	0	-0.292961	1.00E-05	2.067336	4.00E-06	0	0	0	-0.13	0	0.305	0	0	0
5.556	-63.786125	737.972046	95.188614	0.21484	0	-0.292948	1.90E-05	2.179718	3.00E-06	0	0	0	-0.13	0	0.305	0	0	0
5.557	-64.569687	737.972046	95.188461	0.214926	0	-0.292828	1.00E-05	2.179718	4.00E-06	0	0	0	-0.13	0	0.305	0	0	0
5.558	-64.883972	740.20343	95.26683	0.214909	0	-0.292684	9.00E-06	2.144256	1.10E-05	0	0	0	-0.13	0	0.305	0	0	0
5.559	-65.974609	740.888489	96.050331	0.215079	0	-0.292684	5.00E-06	2.129554	1.10E-05	0	0	0	-0.13	0	0.305	0	0	0
5.56	-65.977493	742.102783	96.441986	0.214909	0	-0.292625	9.00E-06	2.129554	1.10E-05	0	0	0	-0.13	0	0.305	0	0	0
5.561	-65.974609	743.651001	96.520439	0.214843	0	-0.292494	1.30E-05	2.119033	1.10E-05	0	0	0	-0.13	0	0.305	0	0	0
5.562	-65.743225	745.885132	96.91217	0.214843	0	-0.292071	1.80E-05	2.119033	1.20E-05	0	0	0	-0.13	0	0.305	0	0	0
5.563	-65.743225	746.769287	97.382355	0.215153	0	-0.292071	2.50E-05	2.119033	1.10E-05	0	0	0	-0.13	0	0.305	0	0	0
5.564	-66.838905	747.283081	97.695602	0.215153	0	-0.291176	2.50E-05	2.11222	1.30E-05	0	0	0	-0.13	0	0.305	0	0	0
5.565	-67.232491	747.809204	98.165863	0.215016	0	-0.291162	2.50E-05	2.11222	1.30E-05	0	0	0	-0.13	0	0.305	0	0	0
5.566	-67.232491	747.809204	98.400894	0.215016	0	-0.290899	1.60E-05	2.08429	1.30E-05	0	0	0	-0.13	0	0.305	0	0	0
5.567	-67.311066	750.398926	98.792465	0.215016	0	-0.290899	1.50E-05	2.08429	1.00E-05	0	0	0	-0.13	0	0.305	0	0	0
5.568	-67.54895	751.795288	99.654465	0.215272	0	-0.290899	1.60E-05	2.159978	6.00E-06	0	0	0	-0.13	0	0.305	0	0	0
5.569	-67.551117	752.627319	99.73291	0.215166	0	-0.290021	1.70E-05	2.211682	6.00E-06	0	0	0	-0.13	0	0.305	0	0	0
5.57	-67.781776	753.164246	100.124527	0.215222	0	-0.28958	1.70E-05	2.159978	6.00E-06	0	0	0	-0.13	0	0.305	0	0	0
5.571	-67.863235	753.860107	100.986649	0.215222	0	-0.28958	1.10E-05	2.021224	6.00E-06	0	0	0	-0.13	0	0.305	0	0	0
5.572	-67.863235	757.308899	101.378494	0.215319	0	-0.289321	1.10E-05	2.021224	9.00E-06	0	0	0	-0.13	0	0.305	0	0	0
5.573	-68.804665	757.308899	101.378494	0.215346	0	-0.289108	-3.00E-06	2.021224	6.00E-06	0	0	0	-0.13	0	0.305	0	0	0
5.574	-68.804665	757.844238	101.613403	0.215346	0	-0.288806	1.80E-05	2.109076	9.00E-06	0	0	0	-0.13	0	0.305	0	0	0
5.575	-68.80899	757.844238	102.005264	0.21537	0	-0.288637	9.00E-06	2.14495	7.00E-06	0	0	0	-0.13	0	0.305	0	0	0
5.576	-68.80899	758.189514	101.927139	0.215528	0	-0.288579	1.20E-05	2.14495	8.00E-06	0	0	0	-0.13	0	0.305	0	0	0
5.577	-68.886124	760.937378	102.397034	0.215528	0	-0.288108	1.20E-05	2.090144	8.00E-06	0	0	0	-0.13	0	0.305	0	0	0
5.578	-69.041824	761.471191	102.397034	0.215528	0	-0.288084	1.20E-05	2.054118	9.00E-06	0	0	0	-0.13	0	0.305	0	0	0
5.579	-69.354668	761.471191	102.475525	0.215511	0	-0.288045	1.60E-05	2.090144	9.00E-06	0	0	0	-0.13	0	0.305	0	0	0
5.58	-69.516144	762.326782	102.789093	0.215511	0	-0.287584	1.60E-05	2.054118	1.00E-05	0	0	0	-0.13	0	0.305	0	0	0
5.581	-69.516144	762.510803	103.0242	0.215511	0	-0.287563	2.10E-05	2.104916	1.00E-05	0	0	0	-0.13	0	0.305	0	0	0
5.582	-69.519028	762.510803	103.180664	0.215542	0	-0.287145	2.70E-05	2.169987	1.00E-05	0	0	0	-0.13	0	0.305	0	0	0
5.583	-69.519028	762.510803	103.259277	0.215542	0	-0.286954	2.90E-05	2.184699	8.00E-06	0	0	0	-0.13	0	0.305	0	0	0
5.584	-69.601936	763.899475	103.337608	0.215657	0	-0.286693	2.70E-05	2.224478	8.00E-06	0	0	0	-0.13	0	0.305	0	0	0
5.585	-69.754745	765.46167	103.572556	0.215657	0	-0.286578	5.00E-06	2.256157	7.00E-06	0	0	0	-0.13	0	0.305	0	0	0
5.586	-69.756195	765.46167	103.729263	0.215692	0	-0.286035	4.00E-06	2.256157	8.00E-06	0	0	0	-0.13	0	0.305	0	0	0
5.587	-69.915504	766.488464	103.729378	0.215692	0	-0.285945	4.00E-06	2.264525	8.00E-06	0	0	0	-0.13	0	0.305	0	0	0
5.588	-70.228348	766.851807	103.964493	0.215728	0	-0.285856	6.00E-06	2.264525	8.00E-06	0	0	0	-0.13	0	0.305	0	0	0
5.589	-70.151947	766.851807	104.199402	0.215863	0	-0.285222	6.00E-06	2.264525	5.00E-06	0	0	0	-0.13	0	0.305	0	0	0
5.59	-70.151947	769.254883	104.826332	0.215914	0	-0.285185	6.00E-06	2.258543	5.00E-06	0	0	0	-0.13	0	0.305	0	0	0
5.591	-70.077698	769.606262	104.826492	0.216004	0	-0.285143	5.00E-06	2.271218	3.00E-06	0	0	0	-0.13	0	0.305	0	0	0
5.592	-70.077698	770.466064	104.904823	0.216056	0	-0.285024	6.00E-06	2.208075	6.00E-06	0	0	0	-0.13	0	0.305	0	0	0
5.593	-70.779083	770.486511	104.826492	0.216147	0	-0.284724	1.50E-05	2.208075	6.00E-06	0	0	0	-0.13	0	0.305	0	0	0
5.594	-70.78125	771.338196	104.748322	0.216207	0	-0.284317	1.70E-05	2.208075	9.00E-06	0	0	0	-0.13	0	0.305	0	0	0
5.595	-70.78125	772.897705	104.748322	0.21638	0	-0.284317	1.70E-05	2.284866	9.00E-06	0	0	0	-0.13	0	0.305	0	0	0
5.596	-70.550583	773.235596	104.669991	0.21638	0	-0.284298	1.90E-05	2.284866	1.30E-05	0	0	0	-0.13	0	0.305	0	0	0
5.597	-70.550583	773.236389	104.905304	0.21623	0	-0.284194	7.00E-06	2.342097	4.00E-06	0	0	0	-0.13	0	0.305	0	0	0
5.598	-70.789185	774.432922	104.670273	0.216181	0	-0.284082	-1.00E-06	2.346577	1.30E-05	0	0	0	-0.13	0	0.305	0	0	0
5.599	-70.791344	774.432922	104.905304	0.21623	0	-0.28394	-1.00E-06	2.347013	1.50E-05	0	0	0	-0.13	0	0.305	0	0	0
5.6	-71.495613	774.432922	104.905228	0.216164	0	-0.283921	1.60E-05	2.459621	1.50E-05	0	0	0	-0.13	0	0.305	0	0	0
5.601	-71.186371	775.657227	104.983513	0.216164	0	-0.283517	1.60E-05	2.490739	1.00E-05	0	0	0	-0.13	0	0.305	0	0	0
5.602	-71.186371	775.657227	104.905228	0.216164	0	-0.283514	5.00E-06	2.505627	7.00E-06	0	0	0	-0.13	0	0.305	0	0	0
5.603	-71.186371	776.675537	105.218826	0.216078	0	-0.282958	2.00E-06	2.555126	7.00E-06	0	0	0	-0.13	0	0.305	0	0	0
5.604	-71.814232	777.204773	104.983917	0.216109	0	-0.282958	2.00E-06	2.51346	7.00E-06	0	0	0	-0.13	0	0.305	0	0	0
5.605	-71.967049	777.381836	104.983917	0.216078	0	-0.282789	2.00E-06	2.620146	1.00E-05	0	0	0	-0.13	0	0.305	0	0	0
5.606	-72.052834	778.417908	104.905586	0.216109	0	-0.282509	1.20E-05	2.51346	1.10E-05	0	0	0	-0.13	0	0.305	0	0	0
5.607	-72.052834	778.417908	104.905586	0.21636	0	-0.282436	3.00E-06	2.461046	1.10E-05	0	0	0	-0.13	0	0.305	0	0	0
5.608	-71.898575	778.417908	106.159363	0.21636	0	-0.282436	1.20E-05	2.461046	8.00E-06	0	0	0	-0.13	0	0.305	0	0	0
5.609	-71.658531	778.422974	106.159439	0.216376	0	-0.281938	5.00E-06	2.524085	8.00E-06	0	0	0	-0.13	0	0.305	0	0	0
5.61	-71.428589	778.422974	106.550964	0.216307	0	-0.28178	9.00E-06	2.524085	7.00E-06	0	0	0	-0.13	0	0.305	0	0	0
5.611	-71.428589	778.435669	106.629547	0.216506	0	-0.281874	9.00E-06	2.50498	6.00E-06	0	0	0	-0.13	0	0.305	0	0	0
5.612	-71.898575	778.435669	107.491302	0.21637	0	-0.281874	9.00E-06	2.50498	6.00E-06	0	0	0	-0.13	0	0.305	0	0	0
5.613	-71.974983	778.435669	108.274841	0.21637	0	-0.281874	1.00E-06	2.50498	6.00E-06	0	0	0	-0.13	0	0.305	0	0	0
5.614	-71.974983	779.984741	108.82328	0.21637	0	-0.281449	1.00E-06	2.425868	9.00E-06	0	0	0	-0.13	0	0.305	0	0	0
5.615	-71.8993	778.252808	109.05835	0.216215	0	-0.281449	1.00E-06	2.425868	2.00E-06	0	0	0	-0.13	0	0.305	0	0	0
5.616	-71.8993	779.624023	109.920227	0.216019	0	-0.281449	4.00E-06	2.528278	9.00E-06	0	0	0	-0.13	0	0.305	0	0	0
5.617	-72.134293	779.624023	110.782188	0.216019	0	-0.281331	0.00E+00	2.528278	6.00E-06	0	0	0	-0.13	0	0.305	0	0	0
5.618	-72.135742	779.624023	111.565651	0.21621	0	-0.281042	1.90E-05	2.528278	9.00E-06	0	0	0	-0.13	0	0.305	0	0	0
5.619	-72.134293	780.662842	111.878891	0.21621	0	-0.280809	1.10E-05	2.489865	1.10E-05	0	0	0	-0.13	0	0.305	0	0	0
5.62	-72.060776	781.188232	112.584396	0.216282	0	-0.280605	1.10E-05	2.489865	1.10E-05	0	0	0	-0.13	0	0.305	0	0	0
5.621	-71.74865	781.188232	113.054489	0.216048	0	-0.280567	8.00E-06	2.489865	1.10E-05	0	0	0	-0.13	0	0.305	0	0	0
5.622	-71.74865	779.469849	113.524643	0.216128	0	-0.280182	8.00E-06	2.49291	1.10E-05	0	0	0	-0.13	0	0.305	0	0	0
5.623	-71.74865	779.469849	113.837875	0.216128	0	-0.280182	1.60E-05	2.560468	1.10E-05	0	0	0	-0.13	0	0.305	0	0	0
5.624	-71.7537	779.814331	114.229736	0.216199	0	-0.280035	1.60E-05	2.560468	1.10E-05	0	0	0	-0.13	0	0.305	0	0	0
5.625	-71.7537	780.502441	114.621468	0.216208	0	-0.279882	1.50E-05	2.533641	1.30E-05	0	0	0	-0.13	0	0.305	0	0	0
5.626	-71.595833	780.517456	115.013283	0.216321	0	-0.279882	1.50E-05	2.533641	9.00E-06	0	0	0	-0.13	0	0.305	0	0	0
5.627	-71.595108	782.408691	115.40506	0.216321	0	-0.279882	1.50E-05	2.530654	1.00E-05	0	0	0	-0.13	0	0.305	0	0	0
5.628	-71.595833	781.71167	115.875397	0.216321	0	-0.279904	2.70E-05	2.530654	1.00E-05	0	0	0	-0.13	0	0.305	0	0	0
5.629	-71.520149	781.71167	115.953613	0.216294	0	-0.279908	2.70E-05	2.530654	1.00E-05	0	0	0	-0.13	0	0.305	0	0	0
5.63	-71.674408	781.71167	117.520584	0.216082	0	-0.279908	1.30E-05	2.523646	8.00E-06	0	0	0	-0.13	0	0.305	0	0	0
5.631	-71.754425	782.748535	117.599121	0.216082	0	-0.279666	1.00E-06	2.524351	8.00E-06	0	0	0	-0.13	0	0.305	0	0	0
5.632	-71.833717	782.748535	117.912476	0.216172	0	-0.279369	1.00E-06	2.523646	1.10E-05	0	0	0	-0.13	0	0.305	0	0	0
5.633	-71.833717	782.57959	119.401154	0.216172	0	-0.279304	-1.00E-06	2.518403	1.10E-05	0	0	0	-0.13	0	0.305	0	0	0
5.634	-71.835884	782.57959	119.401154	0.21613	0	-0.279208	-1.00E-06	2.518403	1.00E-05	0	0	0	-0.13	0	0.305	0	0	0
5.635	-71.835884	782.57959	119.636154	0.21602	0	-0.27914	7.00E-06	2.518403	1.00E-05	0	0	0	-0.13	0	0.305	0	0	0
5.636	-71.835884	782.055054	120.654808	0.21613	0	-0.278866	7.00E-06	2.513174	1.30E-05	0	0	0	-0.13	0	0.305	0	0	0
5.637	-71.760193	782.055054	120.889923	0.216043	0	-0.278827	0	2.513174	1.30E-05	0	0	0	-0.13	0	0.305	0	0	0
5.638	-71.760193	782.062744	121.59494	0.216055	0	-0.278841	0.00E+00	2.679209	1.20E-05	0	0	0	-0.13	0	0.305	0	0	0
5.639	-71.760918	782.062744	121.908295	0.216055	0	-0.278841	9.00E-06	2.679209	7.00E-06	0	0	0	-0.13	0	0.305	0	0	0
5.64	-71.995193	783.09375	122.378723	0.216114	0	-0.278893	1.40E-05	2.588643	7.00E-06	0	0	0	-0.13	0	0.305	0	0	0
5.641	-71.995193	780.516357	123.162109	0.216168	0	-0.278893	9.00E-06	2.588643	7.00E-06	0	0	0	-0.13	0	0.305	0	0	0
5.642	-72.387329	780.516357	123.475471	0.216114	0	-0.27832	2.00E-06	2.588643	1.20E-05	0	0	0	-0.13	0	0.305	0	0	0
5.643	-72.390221	780.516357	123.867531	0.216145	0	-0.27832	2.00E-06	2.593259	1.20E-05	0	0	0	-0.13	0	0.305	0	0	0
5.644	-72.390221	780.168091	124.259186	0.216116	0	-0.278406	1.00E-05	2.567801	1.00E-05	0	0	0	-0.13	0	0.305	0	0	0
5.645	-72.703064	779.650391	125.277725	0.216145	0	-0.278406	1.20E-05	2.464128	1.00E-05	0	0	0	-0.13	0	0.305	0	0	0
5.646	-72.237404	778.265259	125.434662	0.216116	0	-0.277983	1.20E-05	2.464128	9.00E-06	0	0	0	-0.13	0	0.305	0	0	0
5.647	-72.701622	778.106384	125.748184	0.216237	0	-0.277957	1.30E-05	2.333215	1.20E-05	0	0	0	-0.13	0	0.305	0	0	0
5.648	-72.47168	777.403564	127.001831	0.21604	0	-0.277983	1.60E-05	2.579031	1.70E-05	0	0	0	-0.13	0	0.305	0	0	0
5.649	-72.701622	777.403564	127.0802	0.216053	0	-0.278006	1.60E-05	2.533857	1.70E-05	0	0	0	-0.13	0	0.305	0	0	0
5.65	-72.47168	777.403564	127.158417	0.216037	0	-0.278006	3.00E-06	2.533857	1.20E-05	0	0	0	-0.13	0	0.305	0	0	0
5.651	-72.315254	775.324585	127.707092	0.216037	0	-0.277872	3.00E-06	2.533857	1.00E-05	0	0	0	-0.13	0	0.305	0	0	0
5.652	-72.315254	774.295044	128.333817	0.215968	0	-0.277794	3.00E-06	2.597981	1.00E-05	0	0	0	-0.13	0	0.305	0	0	0
5.653	-73.413101	773.082764	130.527634	0.215629	0	-0.277656	3.00E-06	2.604244	1.00E-05	0	0	0	-0.13	0	0.305	0	0	0
5.654	-75.296677	772.386841	133.269897	0.215618	0	-0.277629	3.00E-06	2.742771	7.00E-06	0	0	0	-0.13	0	0.308385	0	0	0
5.655	-78.269447	772.214844	135.933899	0.215629	0	-0.277629	9.00E-06	2.742771	5.00E-06	0	0	0	-0.13	0	0.308385	0	0	0
5.656	-78.269447	770.154724	136.874374	0.215698	0	-0.277246	1.40E-05	2.582142	7.00E-06	0	0	0	-0.12236	0	0.308385	0	0	0
5.657	-75.689545	768.601807	136.874374	0.215757	0	-0.277016	1.40E-05	2.572326	5.00E-06	0	0	0	-0.12236	0	0.305	0	0	0
5.658	-74.830299	768.5979	135.464188	0.215959	0	-0.276927	1.70E-05	2.566683	1.00E-05	0	0	0	-0.12236	0	0.305	0	0	0
5.659	-74.830299	766.534302	135.464188	0.215959	0	-0.276863	2.00E-05	2.566683	5.00E-06	-0.270184	45.927582	29.468117	-0.112728	0	0.267169	0.00E+00	0	0
5.66	-76.396698	763.950439	136.404434	0.215961	0	-0.276411	2.00E-05	2.566683	9.00E-06	-5.355751	47.773235	35.580032	-0.112236	0	0.245939	-1.00E-06	-0.073001	0
5.661	-76.629532	760.841431	138.676331	0.215777	0	-0.276411	-2.00E-06	2.48208	7.00E-06	-5.67798	50.432518	40.986366	-0.103626	0	0.230366	-1.00E-06	-0.073001	0
5.662	-76.629532	760.841431	139.068237	0.215906	0	-0.27642	-2.00E-06	2.458022	9.00E-06	-5.67798	63.013367	44.590416	-0.093971	0	0.228029	-1.00E-06	-0.854275	0
5.663	-76.237381	760.841431	139.068237	0.215817	0	-0.276551	-2.00E-06	2.436579	1.00E-05	-5.67798	67.335892	44.590416	-0.093971	0	0.208462	-1.00E-06	-0.854275	0
5.664	-76.08168	760.839539	139.068237	0.215817	0	-0.276611	-5.00E-06	2.458022	1.00E-05	-6.208504	75.08976	41.534279	-0.095728	0	0.208462	-1.00E-06	-0.2243	0
5.665	-76.08168	757.214111	139.303345	0.215771	0	-0.276611	-5.00E-06	2.491119	1.00E-05	-6.588379	91.602249	40.122757	-0.09849	0	0.220676	-1.00E-06	-0.210271	0
5.666	-76.08168	756.355469	139.303467	0.215641	0	-0.275992	3.00E-06	2.491119	7.00E-06	-6.976189	106.218201	40.122757	-0.099979	0	0.221014	-1.00E-06	-0.210271	0
5.667	-75.768837	754.457336	139.538452	0.215512	0	-0.275828	9.00E-06	2.491119	1.00E-05	-6.588379	114.818001	41.76738	-0.099979	0	0.223237	0.00E+00	-0.214237	0
5.668	-75.385353	754.457336	139.53862	0.215499	0	-0.275775	9.00E-06	2.585837	7.00E-06	-6.503312	126.165253	41.76738	-0.101563	0	0.226772	-1.00E-06	-0.251999	-1.00E-06
5.669	-75.385353	753.078003	139.53862	0.215507	0	-0.275349	4.00E-06	2.585837	7.00E-06	-5.718307	128.537445	39.494587	-0.105391	0	0.23073	0.00E+00	-0.214237	-1.00E-06
5.67	-75.385353	750.833496	140.165588	0.215507	0	-0.275349	4.00E-06	2.461749	7.00E-06	-5.477538	129.907562	35.106506	-0.108449	0	0.232671	-1.00E-06	0.008476	-1.00E-06
5.671	-74.991051	749.455688	140.165588	0.21557	0	-0.275349	6.00E-06	2.420124	6.00E-06	-3.983938	133.676468	29.543146	-0.110101	0	0.232845	-1.00E-06	0.171239	-1.00E-06
5.672	-74.759659	747.230835	140.165588	0.21557	0	-0.27521	6.00E-06	2.461749	8.00E-06	-3.268846	146.216339	24.371321	-0.111866	0	0.240779	-1.00E-06	0.171239	-1.00E-06
5.673	-74.528275	745.996582	140.401093	0.215485	0	-0.275056	1.40E-05	2.418904	8.00E-06	-3.268846	153.410919	21.628426	-0.112517	0	0.241949	-2.00E-06	0.18277	-1.00E-06
5.674	-74.528275	743.069702	140.557846	0.215485	0	-0.275096	1.10E-05	2.418904	8.00E-06	-3.268846	162.166107	19.590904	-0.113036	0	0.244465	-2.00E-06	0.310221	-1.00E-06
5.675	-74.607567	742.898804	141.576538	0.215485	0	-0.274996	1.10E-05	2.418904	8.00E-06	-3.260188	168.171875	17.475176	-0.113036	0	0.244465	-2.00E-06	0.310221	-1.00E-06
5.676	-74.607567	739.105225	141.811615	0.215557	0	-0.274996	7.00E-06	2.43636	1.00E-06	-3.260188	169.555481	13.713904	-0.112887	0	0.242071	-1.00E-06	0.310221	-1.00E-06
5.677	-74.221199	737.890991	141.811615	0.215557	0	-0.274861	7.00E-06	2.43636	8.00E-06	-3.255857	176.419861	8.307567	-0.112887	0	0.241518	-1.00E-06	0.437133	-1.00E-06
5.678	-74.216873	734.958679	141.733643	0.215596	0	-0.274533	7.00E-06	2.328995	2.00E-06	-3.341645	177.656082	4.546696	-0.111319	0	0.241395	-3.00E-06	0.437133	-1.00E-06
5.679	-73.906906	732.903992	141.733643	0.215647	0	-0.274148	4.00E-06	2.274671	7.00E-06	-3.341645	177.656082	1.647863	-0.110354	0	0.239767	-3.00E-06	0.437133	-1.00E-06
5.68	-73.906906	730.647522	141.733643	0.215596	0	-0.274148	-1.00E-06	2.279878	7.00E-06	-3.341645	170.783646	-1.17256	-0.108037	0	0.235181	-2.00E-06	0.324626	-1.00E-06
5.681	-73.439804	729.772278	142.439117	0.215691	0	-0.274568	-1.00E-06	2.279878	9.00E-06	-3.033849	168.587723	-3.444508	-0.107028	0	0.231485	-2.00E-06	0.324626	-1.00E-06
5.682	-72.893402	726.506348	142.125793	0.215691	0	-0.274682	-7.00E-06	2.300181	1.20E-05	-3.033849	167.553619	-6.108348	-0.106653	0	0.229031	-3.00E-06	0.324626	-1.00E-06
5.683	-72.423416	724.950317	142.125793	0.215691	0	-0.274682	6.00E-06	2.300181	1.20E-05	-2.950225	168.587723	-9.242656	-0.10606	0	0.226887	-3.00E-06	0.474382	0
5.684	-72.423416	723.034851	142.125793	0.21551	0	-0.274682	5.00E-06	2.27367	8.00E-06	-2.950225	172.883957	-12.611955	-0.10606	0	0.226887	-2.00E-06	0.474382	0
5.685	-71.95414	718.032776	141.891068	0.21551	0	-0.274838	6.00E-06	2.263219	6.00E-06	-2.717393	178.366608	-16.37331	-0.10606	0	0.232486	-2.00E-06	0.477211	0
5.686	-71.172745	717.872742	141.891068	0.21551	0	-0.274406	5.00E-06	2.263219	6.00E-06	-2.3202	183.66571	-18.175676	-0.106761	0	0.232486	-2.00E-06	0.314427	-1.00E-06
5.687	-71.097061	713.546082	141.73465	0.215385	0	-0.274406	1.90E-05	2.263219	9.00E-06	-0.127384	187.977005	-21.54558	-0.107778	0	0.235077	-2.00E-06	0.196101	-1.00E-06
5.688	-70.393517	713.030396	141.656204	0.215385	0	-0.274129	-7.00E-06	2.287514	9.00E-06	0.982733	195.868927	-24.523388	-0.108591	0	0.235077	-2.00E-06	0.196101	-1.00E-06
5.689	-70.235649	709.409973	140.873016	0.215385	0	-0.274054	-1.00E-06	2.220373	8.00E-06	1.223503	206.498352	-27.579605	-0.109572	0	0.238078	0.00E+00	0.283103	-1.00E-06
5.69	-70.00354	704.923584	140.873016	0.215312	0	-0.274054	-1.00E-06	2.262083	5.00E-06	1.223503	216.129562	-31.341082	-0.110285	0	0.238888	-4.00E-06	0.283103	-2.00E-06
5.691	-69.380005	703.368408	141.10817	0.215312	0	-0.273783	-1.00E-06	2.262083	8.00E-06	2.55635	228.832993	-34.867363	-0.111167	0	0.242792	-2.00E-06	0.267692	-2.00E-06
5.692	-69.225746	700.769775	141.10817	0.215243	0	-0.27352	2.00E-06	2.337362	1.10E-05	3.65853	238.091553	-37.531685	-0.111167	0	0.244368	-3.00E-06	0.267692	-1.00E-06
5.693	-68.832886	696.291931	141.108063	0.215434	0	-0.27352	3.00E-06	2.337362	1.10E-05	4.367126	244.622681	-39.647415	-0.111167	0	0.244368	-3.00E-06	0.267692	-1.00E-06
5.694	-68.522926	693.200378	141.108063	0.215248	0	-0.27352	4.00E-06	2.292485	1.10E-05	5.382797	253.231323	-40.822895	-0.111042	0	0.244079	-3.00E-06	0.312659	-1.00E-06
5.695	-68.052208	692.485596	140.951599	0.215248	0	-0.273024	6.00E-06	2.249943	9.00E-06	6.168522	260.958557	-40.822895	-0.110858	0	0.242633	-4.00E-06	0.312659	-2.00E-06
5.696	-67.738647	686.802734	140.951797	0.215196	0	-0.273024	1.60E-05	2.196964	7.00E-06	6.168522	265.272583	-42.07655	-0.110858	0	0.244037	-3.00E-06	0.312659	-2.00E-06
5.697	-67.03582	684.228821	140.951797	0.215183	0	-0.273024	1.40E-05	2.193681	7.00E-06	6.168522	275.936279	-43.095127	-0.110514	0	0.244037	-6.00E-06	0.366347	-2.00E-06
5.698	-66.878677	681.961914	140.951797	0.215196	0	-0.272972	1.70E-05	2.193681	5.00E-06	6.95064	284.52832	-43.173294	-0.110278	0	0.244037	-3.00E-06	0.307511	-1.00E-06
5.699	-66.25515	677.649536	140.246902	0.215319	0	-0.272972	1.70E-05	2.177763	5.00E-06	7.109229	287.628815	-43.173294	-0.10945	0	0.243324	-4.00E-06	0.35491	-1.00E-06
5.7	-65.625847	675.239502	140.168655	0.215319	0	-0.272972	1.70E-05	2.097554	5.00E-06	7.111393	292.962646	-42.938507	-0.10945	0	0.242928	-4.00E-06	0.35491	-1.00E-06
5.701	-65.079445	670.745483	140.246902	0.215294	0	-0.272662	6.00E-06	2.062567	1.10E-05	7.111393	299.845154	-41.763226	-0.109836	0	0.242928	-4.00E-06	0.35491	-1.00E-06
5.702	-64.143066	667.986816	140.168655	0.215294	0	-0.272995	6.00E-06	2.097554	1.10E-05	7.584271	304.816772	-40.666435	-0.109879	0	0.243363	-3.00E-06	0.352217	-1.00E-06
5.703	-63.987366	664.527222	140.247147	0.215294	0	-0.272643	6.00E-06	2.113153	6.00E-06	7.73853	313.430054	-39.648178	-0.110729	0	0.243747	-1.00E-06	0.257265	-1.00E-06
5.704	-63.282379	659.353149	139.620331	0.214902	0	-0.272636	7.00E-06	2.158888	6.00E-06	8.757809	321.502106	-38.237869	-0.111028	0	0.246273	-1.00E-06	0.107743	-3.00E-06
5.705	-62.426018	654.523926	139.150787	0.214902	0	-0.272517	5.00E-06	2.158888	9.00E-06	9.387111	328.35257	-37.454563	-0.111028	0	0.247701	-1.00E-06	0.107743	-3.00E-06
5.706	-61.958191	653.823853	139.150757	0.214902	0	-0.272485	7.00E-06	2.149213	9.00E-06	9.387111	328.354828	-36.592888	-0.111028	0	0.247701	-3.00E-06	0.120078	-3.00E-06
5.707	-61.409622	648.816772	139.150757	0.214761	0	-0.272114	1.40E-05	2.140876	6.00E-06	9.388554	329.203156	-35.809422	-0.111151	0	0.247701	-6.00E-06	0.120078	-3.00E-06
5.708	-61.173187	645.379578	138.994171	0.214761	0	-0.271596	1.70E-05	2.149213	6.00E-06	9.624271	336.601288	-35.809422	-0.111782	0	0.247862	-4.00E-06	0.167721	-3.00E-06
5.709	-60.161125	641.750366	138.446182	0.21479	0	-0.271555	1.90E-05	2.099582	6.00E-06	10.719957	337.639709	-34.947746	-0.112491	0	0.24951	-4.00E-06	0.080851	-3.00E-06
5.71	-59.69474	638.131836	138.445862	0.215006	0	-0.271276	1.90E-05	2.15627	6.00E-06	11.11282	340.378357	-34.947746	-0.112255	0	0.24951	-4.00E-06	0.068331	-2.00E-06
5.711	-58.912624	634.165894	138.054245	0.215132	0	-0.271276	1.80E-05	2.099582	6.00E-06	11.660663	344.145325	-34.947746	-0.112255	0	0.251425	-3.00E-06	0.020652	-2.00E-06
5.712	-58.363335	628.812012	137.897827	0.215132	0	-0.271196	1.80E-05	2.0896	6.00E-06	11.895659	344.145325	-34.947826	-0.112159	0	0.251425	-7.00E-06	0.010853	-2.00E-06
5.713	-57.584103	626.2146	137.427963	0.215132	0	-0.271196	1.80E-05	2.024883	3.00E-06	12.44278	342.254913	-34.947826	-0.112159	0	0.250634	-4.00E-06	0.001344	-2.00E-06
5.714	-56.957691	621.740112	137.114838	0.214885	0	-0.271019	7.00E-06	1.963737	6.00E-06	12.677055	341.053345	-34.947826	-0.112158	0	0.250305	-7.00E-06	-0.01999	-2.00E-06
5.715	-56.801262	618.801758	136.644653	0.215195	0	-0.270973	6.00E-06	1.963737	7.00E-06	14.006295	340.536102	-35.104408	-0.112158	0	0.250215	-7.00E-06	-0.01999	-2.00E-06
5.716	-55.552765	613.288635	135.78302	0.215195	0	-0.270827	6.00E-06	1.963737	8.00E-06	14.552694	340.536102	-35.966003	-0.111987	0	0.250215	-7.00E-06	-0.019659	-2.00E-06
5.717	-54.691353	609.999878	135.391693	0.215195	0	-0.27056	6.00E-06	1.92636	8.00E-06	15.099093	340.706543	-36.279526	-0.111951	0	0.251125	-7.00E-06	0.014463	-2.00E-06
5.718	-54.536369	603.788635	135.391449	0.215233	0	-0.270432	1.00E-05	1.772316	7.00E-06	15.409776	340.706543	-36.74939	-0.111883	0	0.251125	-3.00E-06	0.014463	-2.00E-06
5.719	-53.592781	600.341431	134.529892	0.215233	0	-0.270432	1.40E-05	1.772316	7.00E-06	15.409776	336.415802	-37.141121	-0.111951	0	0.248653	-3.00E-06	0.014463	-1.00E-06
5.72	-52.274364	598.260376	133.511719	0.215233	0	-0.270797	1.00E-05	1.887783	6.00E-06	15.413384	336.415802	-37.532936	-0.111964	0	0.248653	-5.00E-06	0.027235	-1.00E-06
5.721	-52.191463	592.036377	133.354767	0.215193	0	-0.270797	2.00E-05	1.887783	6.00E-06	16.666937	334.85199	-37.611267	-0.112036	0	0.250657	-5.00E-06	0.027235	-1.00E-06
5.722	-51.022255	588.075439	132.885117	0.215193	0	-0.270245	5.00E-06	1.872513	3.00E-06	17.056913	336.916046	-37.846336	-0.112712	0	0.250766	-5.00E-06	0.07403	-2.00E-06
5.723	-50.70652	585.146973	131.945343	0.215193	0	-0.27013	7.00E-06	1.832521	3.00E-06	17.843361	335.862183	-38.316643	-0.112953	0	0.251727	-6.00E-06	0.083297	-2.00E-06
5.724	-49.693737	579.443298	131.788254	0.215178	0	-0.269763	2.00E-06	1.864077	7.00E-06	18.078358	335.862183	-38.394852	-0.113066	0	0.253217	-6.00E-06	0.107833	-2.00E-06
5.725	-48.758804	574.439697	131.00531	0.214984	0	-0.269763	7.00E-06	1.864077	9.00E-06	18.469776	334.651062	-39.100105	-0.113358	0	0.253217	-3.00E-06	0.083297	-3.00E-06
5.726	-48.601658	571.328491	130.457062	0.215178	0	-0.269521	1.70E-05	1.864077	9.00E-06	19.250452	331.888428	-39.100105	-0.113106	0	0.253217	-3.00E-06	0.107833	-3.00E-06
5.727	-47.585991	566.677063	130.300201	0.215229	0	-0.269915	1.70E-05	1.809721	9.00E-06	19.804787	331.373901	-38.708214	-0.113358	0	0.254404	-3.00E-06	0.24283	-2.00E-06
5.728	-46.494633	561.843933	128.49884	0.215229	0	-0.269459	1.70E-05	1.75915	7.00E-06	20.429039	331.888428	-38.708214	-0.113676	0	0.254538	-3.00E-06	0.24283	-2.00E-06
5.729	-46.024643	556.313477	128.49884	0.215204	0	-0.269912	1.20E-05	1.64899	4.00E-06	21.211157	333.950165	-39.100189	-0.114006	0	0.254551	0	0.212893	-3.00E-06
5.73	-45.083935	551.478027	128.49884	0.215204	0	-0.269434	1.20E-05	1.75915	1.00E-06	21.60474	334.801788	-39.648663	-0.114006	0	0.255511	0.00E+00	0.210731	-3.00E-06
5.731	-44.541142	546.481323	127.088852	0.215199	0	-0.269331	1.10E-05	1.716176	4.00E-06	22.465431	334.801788	-39.726952	-0.113933	0	0.255511	-3.00E-06	0.210731	-3.00E-06
5.732	-44.22974	540.433594	126.932434	0.215199	0	-0.269193	6.00E-06	1.716176	5.00E-06	22.465431	334.793732	-40.432289	-0.113739	0	0.254578	-3.00E-06	0.210731	-2.00E-06
5.733	-43.13261	538.012451	126.305756	0.215199	0	-0.269193	6.00E-06	1.716176	8.00E-06	22.783329	334.793732	-40.432369	-0.113739	0	0.254578	1.00E-06	0.235245	-3.00E-06
5.734	-41.494133	532.83905	124.895599	0.214679	0	-0.269102	6.00E-06	1.76403	8.00E-06	24.270435	339.607178	-40.902515	-0.114528	0	0.255214	1.00E-06	0.303782	-3.00E-06
5.735	-41.339149	525.410828	124.817558	0.214943	0	-0.269102	6.00E-06	1.76403	9.00E-06	24.821886	342.377838	-41.137669	-0.114538	0	0.2564	-4.00E-06	0.267967	-4.00E-06
5.736	-40.08704	520.230591	123.720932	0.214943	0	-0.26903	5.00E-06	1.621269	6.00E-06	25.058325	344.074249	-41.999748	-0.114538	0	0.256694	-4.00E-06	0.432954	-4.00E-06
5.737	-39.304924	515.747681	122.310822	0.214943	0	-0.26903	1.00E-06	1.621269	8.00E-06	26.469746	344.926727	-42.626507	-0.114412	0	0.257221	-4.00E-06	0.395994	-4.00E-06
5.738	-38.992798	510.037842	122.310699	0.214984	0	-0.269099	-3.00E-06	1.685446	5.00E-06	26.939735	346.12439	-42.861858	-0.114412	0	0.257221	-4.00E-06	0.395994	-4.00E-06
5.739	-37.432171	505.381744	120.665756	0.214628	0	-0.269099	-3.00E-06	1.688121	7.00E-06	27.412617	347.152313	-43.645527	-0.115001	0	0.2567	-6.00E-06	0.395994	-3.00E-06
5.74	-36.727905	498.653564	120.430801	0.21463	0	-0.269099	-3.00E-06	1.688121	7.00E-06	28.199062	349.209045	-44.037422	-0.115391	0	0.2567	-8.00E-06	0.41931	-2.00E-06
5.741	-35.712234	493.471771	119.255676	0.21463	0	-0.269126	0.00E+00	1.729416	8.00E-06	29.37188	354.363464	-44.350864	-0.115391	0	0.258655	-8.00E-06	0.42019	-3.00E-06
5.742	-34.69873	488.463165	118.707573	0.21463	0	-0.269126	9.00E-06	1.729416	8.00E-06	30.549023	355.560394	-45.134693	-0.115329	0	0.258709	-8.00E-06	0.42019	-3.00E-06
5.743	-34.308029	482.946594	117.375908	0.214591	0	-0.268227	9.00E-06	1.747297	3.00E-06	31.100475	359.503296	-45.135014	-0.115329	0	0.259242	-1.00E-06	0.42019	-3.00E-06
5.744	-33.058083	475.182739	116.513962	0.214552	0	-0.26786	9.00E-06	1.660273	3.00E-06	32.116146	361.211975	-46.07526	-0.115329	0	0.259242	-1.00E-06	0.433168	-3.00E-06
5.745	-32.510242	469.670776	115.73069	0.214552	0	-0.267856	1.50E-05	1.789064	4.00E-06	32.277622	361.211975	-46.545567	-0.115232	0	0.259397	-5.00E-06	0.524841	-2.00E-06
5.746	-31.810303	466.373596	115.025787	0.214552	0	-0.267446	1.50E-05	1.660273	4.00E-06	33.22121	366.741028	-46.93718	-0.115232	0	0.259356	-5.00E-06	0.524841	-2.00E-06
5.747	-31.107479	460.160004	113.380814	0.214602	0	-0.267537	1.30E-05	1.729637	4.00E-06	35.490437	368.259613	-47.329315	-0.115745	0	0.259397	-5.00E-06	0.465189	-2.00E-06
5.748	-30.169662	453.950592	112.675636	0.214602	0	-0.267446	1.30E-05	1.663722	5.00E-06	35.723988	372.195892	-47.329315	-0.116392	0	0.260523	-5.00E-06	0.461519	-2.00E-06
5.749	-29.778965	447.571503	111.500641	0.214599	0	-0.267285	7.00E-06	1.663722	4.00E-06	36.663971	372.891785	-47.564548	-0.116392	0	0.261279	-1.00E-06	0.461519	-4.00E-06
5.75	-28.920439	441.877106	110.95269	0.214599	0	-0.266222	1.20E-05	1.506076	5.00E-06	37.215424	377.177185	-49.053272	-0.116392	0	0.260887	1.00E-06	0.391633	-4.00E-06
5.751	-27.746902	436.523651	109.620743	0.214599	0	-0.266222	5.00E-06	1.499054	6.00E-06	37.763264	379.41864	-49.131844	-0.116165	0	0.260887	1.00E-06	0.487073	-3.00E-06
5.752	-27.509022	430.99353	107.975441	0.21477	0	-0.266395	8.00E-06	1.499054	6.00E-06	38.471142	381.471069	-49.758808	-0.116278	0	0.260853	-7.00E-06	0.487073	-1.00E-06
5.753	-26.656265	424.613281	107.427414	0.21477	0	-0.266395	8.00E-06	1.523591	6.00E-06	39.649731	384.047729	-50.150585	-0.116278	0	0.260853	-1.00E-05	0.510734	-1.00E-06
5.754	-26.032017	419.082031	105.390572	0.21477	0	-0.266184	8.00E-06	1.523591	5.00E-06	40.11972	391.427002	-50.307728	-0.116957	0	0.263097	-7.00E-06	0.510734	-1.00E-06
5.755	-25.169163	410.283661	104.450409	0.214707	0	-0.265997	8.00E-06	1.478329	6.00E-06	42.467518	393.13501	-50.386097	-0.117212	0	0.263097	-6.00E-06	0.481196	-2.00E-06
5.756	-24.157101	405.621033	102.883591	0.214453	0	-0.265878	9.00E-06	1.478329	5.00E-06	42.937511	399.335938	-50.543484	-0.117212	0	0.263097	-5.00E-06	0.359984	-3.00E-06
5.757	-24.074919	399.410522	101.316818	0.214343	0	-0.265878	5.00E-06	1.478329	1.00E-06	43.410389	403.794128	-51.63995	-0.117556	0	0.263473	-5.00E-06	0.359984	-2.00E-06
5.758	-23.531403	394.72821	100.141907	0.214262	0	-0.265791	9.00E-06	1.542289	1.00E-06	44.903263	407.213593	-51.875748	-0.11767	0	0.263473	3.00E-06	0.389038	-3.00E-06
5.759	-22.672157	386.6315	98.809731	0.214262	0	-0.265791	4.00E-06	1.462375	3.00E-06	46.15826	413.927582	-53.207928	-0.11767	0	0.263646	3.00E-06	0.418557	-2.00E-06
5.76	-22.51429	383.868591	96.851379	0.214495	0	-0.26543	4.00E-06	1.481226	5.00E-06	48.052662	422.163879	-53.678272	-0.118286	0	0.265439	-6.00E-06	0.420409	-3.00E-06
5.761	-20.877979	378.002502	95.363136	0.214607	0	-0.264722	4.00E-06	1.381815	5.00E-06	48.351799	429.872223	-54.070492	-0.118432	0	0.266053	-6.00E-06	0.420409	-3.00E-06
5.762	-20.563686	371.445618	93.717995	0.214819	0	-0.264279	2.00E-06	1.319048	5.00E-06	52.270321	432.789124	-55.08939	-0.118432	0	0.266996	-2.00E-06	0.520766	-3.00E-06
5.763	-20.250118	366.960815	92.15107	0.214714	0	-0.263607	2.00E-06	1.29938	1.00E-06	53.763203	441.884491	-57.126705	-0.118478	0	0.266996	-2.00E-06	0.451991	-3.00E-06
5.764	-19.70805	357.816101	91.13269	0.214828	0	-0.264088	0	1.29938	1.00E-06	55.251751	449.604401	-59.555962	-0.118854	0	0.267058	-5.00E-06	0.451991	-3.00E-06
5.765	-19.70372	353.831177	89.56604	0.214828	0	-0.264088	0.00E+00	1.29938	6.00E-06	56.191013	453.893311	-61.35825	-0.119099	0	0.267902	-5.00E-06	0.369081	-3.00E-06
5.766	-18.453051	350.031403	87.999229	0.215147	0	-0.264088	2.00E-06	1.127732	6.00E-06	58.61882	457.486328	-62.533604	-0.119528	0	0.26835	-3.00E-06	0.303493	-3.00E-06
5.767	-18.218779	341.579041	85.648911	0.215164	0	-0.263663	3.00E-06	1.127732	5.00E-06	60.103764	468.647247	-65.11927	-0.119549	0	0.269297	-3.00E-06	0.369081	-4.00E-06
5.768	-17.20816	336.416931	84.23896	0.215384	0	-0.263663	4.00E-06	1.0865	5.00E-06	60.103764	470.685455	-66.216309	-0.119598	0	0.270052	-7.00E-06	0.301381	-4.00E-06
5.769	-16.892427	329.833405	83.14241	0.21571	0	-0.262909	4.00E-06	0.959763	5.00E-06	59.872375	474.291565	-68.096642	-0.120473	0	0.270052	-7.00E-06	0.402718	-4.00E-06
5.77	-16.423157	323.108704	81.5756	0.21571	0	-0.26362	4.00E-06	0.913464	4.00E-06	59.244518	480.648315	-69.506996	-0.120596	0	0.270052	-2.00E-06	0.430726	-4.00E-06
5.771	-16.34675	317.75946	79.538605	0.21571	0	-0.26362	1.00E-06	0.913464	4.00E-06	59.244518	485.106903	-70.525406	-0.12061	0	0.270734	-2.00E-06	0.485521	-4.00E-06
5.772	-15.411814	311.702087	78.206985	0.215118	0	-0.26362	0.00E+00	0.996207	4.00E-06	58.857426	490.774017	-71.230545	-0.120752	0	0.27106	-2.00E-06	0.677213	-4.00E-06
5.773	-15.256836	305.65863	76.248482	0.215118	0	-0.264169	-1.00E-06	1.025684	3.00E-06	58.8531	500.22464	-71.700531	-0.12061	0	0.271522	-1.40E-05	0.686311	-3.00E-06
5.774	-14.473997	300.477936	74.524765	0.215108	0	-0.263659	-2.00E-06	0.996207	3.00E-06	58.387432	502.438721	-71.700645	-0.120361	0	0.271522	-1.30E-05	0.69259	-2.00E-06
5.775	-14.081852	292.880737	73.428139	0.214518	0	-0.263659	-2.00E-06	1.025684	3.00E-06	57.7603	502.77771	-72.483879	-0.120361	0	0.271368	-1.30E-05	0.754208	-2.00E-06
5.776	-13.460489	286.149109	71.156387	0.214125	0	-0.26307	2.00E-06	0.950708	5.00E-06	56.662449	509.667969	-73.032677	-0.120703	0	0.271368	-8.00E-06	0.754208	-3.00E-06
5.777	-13.305508	279.412842	70.059807	0.214518	0	-0.26307	3.00E-06	0.944135	4.00E-06	56.506023	513.78595	-73.032677	-0.120703	0	0.272179	-8.00E-06	0.754208	-3.00E-06
5.778	-12.444818	272.514557	67.552582	0.214562	0	-0.262741	3.00E-06	0.936367	4.00E-06	56.506023	515.486267	-72.640541	-0.12064	0	0.272581	-8.00E-06	0.823259	-4.00E-06
5.779	-12.21343	268.375763	66.142593	0.214562	0	-0.261669	-1.00E-06	0.944135	4.00E-06	56.198227	521.162537	-72.562286	-0.12064	0	0.27313	-5.00E-06	0.867621	-2.00E-06
5.78	-12.058453	263.012695	64.497528	0.214346	0	-0.261669	-1.00E-06	0.961643	3.00E-06	56.043247	526.815002	-72.562286	-0.12064	0	0.273927	-3.00E-06	0.973437	-2.00E-06
5.781	-11.356348	253.007782	60.345448	0.214346	0	-0.261595	-1.00E-06	0.961643	4.00E-06	56.123985	530.577332	-73.111122	-0.120413	0	0.273927	0	0.973437	-2.00E-06
5.782	-10.970703	249.729523	58.465275	0.214594	0	-0.261876	0.00E+00	0.989291	4.00E-06	56.043247	534.536804	-73.424767	-0.120413	0	0.274199	0.00E+00	0.998169	-5.00E-06
5.783	-10.652081	240.065186	58.465275	0.214594	0	-0.261876	-1.00E-06	0.856161	4.00E-06	56.123985	541.74408	-74.286842	-0.120888	0	0.274386	-9.00E-06	0.977816	-5.00E-06
5.784	-9.952147	236.420517	57.211948	0.214594	0	-0.261876	0.00E+00	0.856161	4.00E-06	56.599751	547.747131	-75.070717	-0.121023	0	0.274574	-9.00E-06	1.025222	-3.00E-06
5.785	-9.640018	228.145966	54.704845	0.214859	0	-0.261739	0.00E+00	0.834631	3.00E-06	56.758335	554.456055	-75.775932	-0.120888	0	0.274807	-9.00E-06	1.025222	-3.00E-06
5.786	-9.01288	222.794449	53.451317	0.214859	0	-0.261561	6.00E-06	0.826529	3.00E-06	58.094795	559.048828	-76.481148	-0.121327	0	0.275498	-4.00E-06	1.025222	-3.00E-06
5.787	-8.468649	214.863617	52.19799	0.214859	0	-0.259215	2.00E-06	0.783288	3.00E-06	58.32402	566.808105	-77.891983	-0.121093	0	0.276377	-2.00E-06	1.16956	-3.00E-06
5.788	-8.077229	210.369553	49.534554	0.214673	0	-0.259152	2.00E-06	0.69539	3.00E-06	59.425476	568.661499	-79.223923	-0.121613	0	0.27575	-2.00E-06	1.091938	-3.00E-06
5.789	-7.529387	202.424805	48.672592	0.214917	0	-0.259215	2.00E-06	0.69539	2.00E-06	60.209763	573.481567	-80.869469	-0.121613	0	0.276377	-6.00E-06	1.16956	-1.00E-06
5.79	-6.591566	196.557556	46.400566	0.214917	0	-0.2594	1.00E-06	0.69539	2.00E-06	60.759048	583.255371	-81.026329	-0.121686	0	0.277284	-6.00E-06	1.199332	-1.00E-06
5.791	-6.515881	190.857346	44.520508	0.214917	0	-0.2594	1.00E-06	0.730434	1.00E-06	61.858341	588.58728	-82.358391	-0.121783	0	0.277716	-1.30E-05	1.199332	-5.00E-06
5.792	-5.890186	186.198212	42.875168	0.215498	0	-0.257516	0	0.731068	4.00E-06	63.033321	594.414856	-82.828934	-0.121885	0	0.277716	-5.00E-06	1.190872	-5.00E-06
5.793	-5.343065	179.125977	40.524605	0.21572	0	-0.257516	0	0.775505	1.00E-06	63.581161	602.141663	-83.063889	-0.121885	0	0.278125	-6.00E-06	1.190872	-5.00E-06
5.794	-4.951645	176.013168	38.644272	0.215903	0	-0.257448	3.00E-06	0.775505	0	64.134781	605.045837	-83.299248	-0.121717	0	0.278125	-6.00E-06	1.191312	-5.00E-06
5.795	-4.170971	168.079254	37.782715	0.215903	0	-0.256605	3.00E-06	0.787813	0	64.134781	605.382568	-84.239532	-0.121717	0	0.277945	-6.00E-06	1.270201	-5.00E-06
5.796	-3.858843	163.240356	35.118755	0.215903	0	-0.256605	4.00E-06	0.793055	1.00E-06	64.134781	619.999268	-85.885201	-0.121891	0	0.277751	-5.00E-06	1.270201	-5.00E-06
5.797	-3.778107	159.789276	33.238258	0.216035	0	-0.256605	2.00E-06	0.811672	1.00E-06	64.757591	624.302429	-86.041618	-0.122274	0	0.277945	-5.00E-06	1.224399	-5.00E-06
5.798	-3.62529	152.901062	31.358082	0.216199	0	-0.253812	4.00E-06	0.828953	1.00E-06	66.09549	629.778137	-86.43367	-0.122274	0	0.278916	-8.00E-06	1.224399	-3.00E-06
5.799	-3.23243	149.786713	30.339666	0.216199	0	-0.253812	4.00E-06	0.828953	1.00E-06	66.174782	637.325989	-87.139328	-0.122182	0	0.279354	-8.00E-06	1.234338	-4.00E-06
5.8	-3.078894	144.933929	29.007803	0.21582	0	-0.253812	4.00E-06	0.761521	1.00E-06	66.09549	641.953918	-87.373917	-0.121961	0	0.279354	-8.00E-06	1.276232	-4.00E-06
5.801	-2.840286	138.906616	29.007723	0.21582	0	-0.255548	3.00E-06	0.761521	1.00E-06	66.01619	645.386536	-88.000969	-0.121812	0	0.279491	-8.00E-06	1.276232	-5.00E-06
5.802	-2.840286	136.308746	27.675865	0.216187	0	-0.255691	3.00E-06	0.761521	2.00E-06	66.01619	651.394165	-88.47123	-0.121812	0	0.279583	-8.00E-06	1.545442	-5.00E-06
5.803	-3.000319	130.945648	26.500908	0.218435	0	-0.255691	3.00E-06	0.745476	2.00E-06	65.871315	657.927979	-88.47155	-0.122282	0	0.279931	-8.00E-06	1.564773	-5.00E-06
5.804	-3.076004	123.709488	24.855522	0.217729	0	-0.254679	3.00E-06	0.717336	1.00E-06	65.871315	665.129089	-89.490211	-0.122282	0	0.28053	-5.00E-06	1.545442	-4.00E-06
5.805	-3.076004	122.840057	23.836941	0.217729	0	-0.254679	2.00E-06	0.717336	1.00E-06	65.871315	670.966248	-89.490211	-0.122197	0	0.28053	-1.40E-05	1.564773	-5.00E-06
5.806	-2.683865	118.684647	22.191639	0.216522	0	-0.254679	1.00E-06	0.717336	2.00E-06	65.71489	671.653259	-88.785355	-0.122197	0	0.280356	-9.00E-06	1.534546	-2.00E-06
5.807	-2.683865	113.512512	20.703075	0.216296	0	-0.255792	1.00E-06	0.719536	2.00E-06	65.564964	678.008911	-88.785355	-0.122444	0	0.280167	-9.00E-06	1.563027	-5.00E-06
5.808	-2.760271	110.572517	19.057652	0.216296	0	-0.253842	1.00E-06	0.644248	2.00E-06	65.564964	678.344055	-88.863884	-0.122671	0	0.279952	-6.00E-06	1.563027	-2.00E-06
5.809	-2.760271	105.923775	18.430889	0.216296	0	-0.255792	2.00E-06	0.736972	1.00E-06	65.644981	682.155029	-88.942017	-0.122444	0	0.279952	1.00E-06	1.634101	-2.00E-06
5.81	-2.685308	103.139221	17.1772	0.216413	0	-0.258558	1.00E-06	0.821274	1.00E-06	66.114967	693.463623	-89.334068	-0.122405	0	0.281138	-2.00E-06	1.707159	-2.00E-06
5.811	-2.680256	97.79155	16.08025	0.218059	0	-0.258558	1.00E-06	0.821274	0	66.114967	698.778137	-89.334068	-0.122305	0	0.281252	4.00E-06	1.811619	-3.00E-06
5.812	-2.680256	95.375381	15.296783	0.218523	0	-0.257184	1.00E-06	0.651657	0	65.805733	700.494263	-89.412323	-0.122305	0	0.281252	-2.00E-06	1.811619	-3.00E-06
5.813	-1.979597	90.387619	13.808224	0.218523	0	-0.257184	2.00E-06	0.651657	2.00E-06	65.572899	708.411255	-89.41256	-0.122337	0	0.281172	-6.00E-06	1.773289	-6.00E-06
5.814	-1.743158	86.55735	13.729851	0.216852	0	-0.257778	2.00E-06	0.651657	2.00E-06	65.49144	709.256409	-89.41256	-0.122337	0	0.280849	-8.00E-06	1.773289	-3.00E-06
5.815	-1.660978	83.282181	13.573151	0.216852	0	-0.257778	1.00E-06	0.63293	1.00E-06	65.185081	712.352234	-89.491135	-0.122337	0	0.280849	-7.00E-06	1.84607	-4.00E-06
5.816	-1.660978	77.951477	12.084263	0.218005	0	-0.256877	1.00E-06	0.63293	0.00E+00	64.955864	721.303772	-88.394188	-0.12283	0	0.280925	-8.00E-06	1.916872	-3.00E-06
5.817	-1.583849	75.003387	11.927605	0.218978	0	-0.253835	1.00E-06	0.63293	1.00E-06	64.955864	723.687195	-88.472961	-0.122842	0	0.281692	-8.00E-06	1.946815	-2.00E-06
5.818	-1.268114	70.523605	11.144138	0.218978	0	-0.256189	1.00E-06	0.622788	1.00E-06	65.581558	725.557922	-88.472961	-0.12283	0	0.281692	-8.00E-06	1.989739	-2.00E-06
5.819	-1.268114	69.64801	10.438721	0.220408	0	-0.256189	1.00E-06	0.564759	1.00E-06	65.818001	729.505066	-88.864693	-0.122557	0	0.281951	-6.00E-06	2.049021	-5.00E-06
5.82	-0.797401	66.535576	10.203568	0.220408	0	-0.261789	1.00E-06	0.622788	1.00E-06	66.131569	735.679382	-88.864693	-0.122523	0	0.281559	-6.00E-06	2.049021	-5.00E-06
5.821	-1.266672	60.148384	10.203568	0.220408	0	-0.263653	1.00E-06	0.675839	1.00E-06	66.131569	735.856384	-88.238251	-0.122523	0	0.281922	-1.30E-05	2.049021	-4.00E-06
5.822	-0.95166	59.107693	9.890244	0.218119	0	-0.264358	0.00E+00	0.685602	1.00E-06	66.137337	742.912903	-88.238251	-0.122626	0	0.281922	-1.80E-05	2.137606	-4.00E-06
5.823	-0.95166	56.682266	9.733345	0.218119	0	-0.264358	1.00E-06	0.685602	1.00E-06	66.920898	749.253479	-88.316704	-0.122784	0	0.282401	-2.70E-05	2.209648	-4.00E-06
5.824	-0.95166	53.069969	9.263199	0.218119	0	-0.265361	1.00E-06	0.687234	0	66.920898	749.253479	-88.395271	-0.122981	0	0.282592	-2.70E-05	2.195444	-4.00E-06
5.825	-0.482389	50.989761	8.16637	0.217016	0	-0.26359	1.00E-06	0.687234	0	66.920898	750.602722	-88.316704	-0.122784	0	0.282592	-1.30E-05	2.209648	-3.00E-06
5.826	-0.322357	48.742161	7.617939	0.214906	0	-0.26359	1.00E-06	0.583064	1.00E-06	66.218796	750.602722	-88.081871	-0.122981	0	0.282667	-1.20E-05	2.195444	-4.00E-06
5.827	-0.322357	46.16246	6.834309	0.214906	0	-0.261069	1.00E-06	0.583064	1.00E-06	66.300255	756.982971	-87.847	-0.122964	0	0.282667	-1.20E-05	2.229897	-3.00E-06
5.828	-0.47806	45.466599	6.833988	0.214326	0	-0.261069	1.00E-06	0.63067	1.00E-06	66.300255	760.076904	-87.298523	-0.123039	0	0.282602	-1.20E-05	2.229897	-4.00E-06
5.829	-0.47806	43.04039	6.285675	0.215193	0	-0.261069	1.00E-06	0.63067	1.00E-06	67.239517	762.478821	-87.220238	-0.122964	0	0.282602	-3.00E-06	2.274955	-3.00E-06
5.83	-0.084475	40.978714	5.188725	0.218525	0	-0.263103	1.00E-06	0.627661	1.00E-06	67.239517	765.54071	-86.985085	-0.122684	0	0.283315	-3.00E-06	2.365794	-4.00E-06
5.831	-0.084475	39.253365	4.483429	0.218525	0	-0.262483	1.00E-06	0.537359	0.00E+00	66.617432	767.78595	-87.141624	-0.122684	0	0.283315	1.00E-06	2.480575	0.00E+00
5.832	-0.002295	36.308365	4.091576	0.218347	0	-0.263103	1.00E-06	0.500591	0	66.617432	767.801086	-86.90683	-0.122757	0	0.283217	2.00E-06	2.480575	-3.00E-06
5.833	0.2327	35.288502	3.543381	0.218347	0	-0.266072	0.00E+00	0.537359	0	66.62104	768.625732	-86.201736	-0.122757	0	0.282784	2.00E-06	2.500962	-1.00E-06
5.834	0.624121	34.405964	2.602688	0.218682	0	-0.266072	0	0.608555	0	66.62104	771.905518	-86.201736	-0.122757	0	0.282784	-1.10E-05	2.557483	-3.00E-06
5.835	0.2327	31.65192	2.211117	0.218682	0	-0.268223	0	0.626891	1.00E-06	65.993904	782.240662	-86.358437	-0.123025	0	0.282784	-2.20E-05	2.557483	-1.00E-06
5.836	0.239195	31.484114	1.662319	0.218682	0	-0.268223	1.00E-06	0.608555	1.00E-06	65.993904	782.240662	-86.358437	-0.123059	0	0.284125	-1.10E-05	2.641689	-1.00E-06
5.837	0.239195	30.094738	0.722233	0.215536	0	-0.268223	1.00E-06	0.56034	0	66.388931	780.303101	-85.26165	-0.123059	0	0.284125	-1.30E-05	2.583962	-1.00E-06
5.838	0.318489	27.164791	0.643661	0.220033	0	-0.272629	0	0.56034	0	66.388931	780.303101	-85.026497	-0.123059	0	0.283284	-1.30E-05	2.583962	-3.00E-06
5.839	0.318489	26.479345	0	0.215536	0	-0.272629	0	0.56034	0	66.388931	783.419861	-85.026497	-0.123002	0	0.283284	-1.80E-05	2.583962	-3.00E-06
5.84	0	0	0	0.2	0	-0.3	0	0	0	66.388931	783.923584	-84.791504	-0.123107	0	0.283441	-1.90E-05	2.649793	-3.00E-06
5.841	0	0	0	0.2	0	-0.3	0	0	0	66.783234	784.949646	-84.243111	-0.123107	0	0.2835	-1.90E-05	2.72875	-5.00E-06
5.842	0	0	0	0.2	0	-0.3	0	0	0	67.251785	789.932007	-83.616348	-0.123107	0	0.284157	-6.00E-06	2.742066	-5.00E-06
5.843	0	0	0	0.2	0	-0.3	0	0	0	67.251785	791.123108	-83.616348	-0.123232	0	0.2843	-6.00E-06	2.751575	-5.00E-06
5.844	0	0	0	0.2	0	-0.3	0	0	0	67.251785	791.123108	-83.616348	-0.123086	0	0.2843	-1.90E-05	2.778806	-5.00E-06
5.845	0	0	0	0.2	0	-0.3	0	0	0	67.48822	787.668945	-82.205956	-0.123138	0	0.2843	-2.20E-05	2.786414	-6.00E-06
5.846	0	0	0	0.2	0	-0.3	0	0	0	67.48822	787.668945	-81.970924	-0.123138	0	0.284564	-2.20E-05	2.812522	-6.00E-06
5.847	0	0	0	0.2	0	-0.3	0	0	0	66.393982	793.343689	-82.205956	-0.123345	0	0.284593	-2.20E-05	2.907193	-5.00E-06
5.848	0	0	0	0.2	0	-0.3	0	0	0	66.393982	794.221252	-81.657356	-0.123576	0	0.284714	-1.30E-05	2.907193	-5.00E-06
5.849	0	0	0	0.2	0	-0.3	0	0	0	67.098244	795.219055	-82.127625	-0.123345	0	0.28527	-2.00E-05	2.927666	-8.00E-06
5.85	0	0	0	0.2	0	-0.3	0	0	0	67.098244	795.219055	-81.657356	-0.123395	0	0.28527	-2.00E-05	2.942586	-8.00E-06
5.851	0	0	0	0.2	0	-0.3	0	0	0	66.551849	795.219055	-81.500618	-0.123395	0	0.285013	-2.00E-05	2.976814	-8.00E-06
5.852	0	0	0	0.2	0	-0.3	0	0	0	66.550407	795.236084	-80.717033	-0.123691	0	0.285012	-1.50E-05	2.976814	-5.00E-06
5.853	0	0	0	0.2	0	-0.3	0	0	0	66.551849	795.236084	-80.482201	-0.12379	0	0.285012	-1.50E-05	2.879066	-5.00E-06
5.854	0	0	0	0.2	0	-0.3	0	0	0	66.550407	796.434875	-80.482201	-0.12379	0	0.285012	-1.50E-05	2.879066	-6.00E-06
5.855	0	0	0	0.2	0	-0.3	0	0	0	65.607536	802.620789	-80.952057	-0.12379	0	0.285326	-1.50E-05	2.8674	-6.00E-06
5.856	0	0	0	0.2	0	-0.3	0	0	0	65.607536	802.620789	-80.952057	-0.123706	0	0.285326	-1.00E-05	2.8674	-6.00E-06
5.857	0	0	0	0.2	0	-0.3	0	0	0	65.607536	794.371338	-80.090263	-0.123818	0	0.285202	-1.50E-05	2.8674	-6.00E-06
5.858	0	0	0	0.2	0	-0.3	0	0	0	65.84037	794.371338	-79.228188	-0.123818	0	0.285202	-1.00E-05	2.867008	-6.00E-06
5.859	0	0	0	0.2	0	-0.3	0	0	0	65.84037	797.971985	-79.071404	-0.12395	0	0.285507	-1.80E-05	2.903339	-5.00E-06
5.86	0	0	0	0.2	0	-0.3	0	0	0	65.84037	797.971985	-77.974449	-0.12395	0	0.285846	-9.00E-06	2.886929	-3.00E-06
5.861	0	0	0	0.2	0	-0.3	0	0	0	65.837479	795.213745	-77.347687	-0.123744	0	0.285915	-3.00E-06	2.924342	-5.00E-06
5.862	0	0	0	0.2	0	-0.3	0	0	0	65.837479	794.865356	-77.190666	-0.123744	0	0.286143	-3.00E-06	2.924342	-5.00E-06
5.863	0	0	0	0.2	0	-0.3	0	0	0	65.837479	795.213745	-77.190666	-0.123852	0	0.285915	-3.00E-06	2.924342	-5.00E-06
5.864	0	0	0	0.2	0	-0.3	0	0	0	65.918221	793.657349	-76.407204	-0.123852	0	0.285571	1.00E-06	2.861827	-5.00E-06
5.865	0	0	0	0.2	0	-0.3	0	0	0	65.913887	789.540833	-74.291588	-0.124186	0	0.285571	-7.00E-06	2.861827	-5.00E-06
5.866	0	0	0	0.2	0	-0.3	0	0	0	66.461731	789.540833	-74.291588	-0.123608	0	0.285431	7.00E-06	2.856809	-6.00E-06
5.867	0	0	0	0.2	0	-0.3	0	0	0	65.913887	790.582336	-73.977951	-0.124076	0	0.286413	-7.00E-06	2.916263	-6.00E-06
5.868	0	0	0	0.2	0	-0.3	0	0	0	66.143829	790.582336	-73.977951	-0.124076	0	0.286419	-1.70E-05	2.913286	-2.00E-06
5.869	0	0	0	0.2	0	-0.3	0	0	0	65.365318	789.707397	-72.567352	-0.124092	0	0.286419	-1.70E-05	2.913286	-2.00E-06
5.87	0	0	0	0.2	0	-0.3	0	0	0	65.125275	787.304077	-72.567352	-0.124187	0	0.286211	-1.70E-05	2.913286	-4.00E-06
5.871	0	0	0	0.2	0	-0.3	0	0	0	65.125275	787.304077	-72.567238	-0.124416	0	0.286211	-1.20E-05	2.944637	-5.00E-06
5.872	0	0	0	0.2	0	-0.3	0	0	0	65.205292	787.992126	-70.843399	-0.124503	0	0.286317	-2.40E-05	2.944637	-5.00E-06
5.873	0	0	0	0.2	0	-0.3	0	0	0	65.435959	787.992126	-70.765106	-0.124503	0	0.28706	-9.00E-06	2.883885	-5.00E-06
5.874	0	0	0	0.2	0	-0.3	0	0	0	65.435959	781.105835	-70.294685	-0.124569	0	0.28706	-7.00E-06	2.883885	-5.00E-06
5.875	0	0	0	0.2	0	-0.3	0	0	0	64.263145	781.105835	-69.746246	-0.124667	0	0.287316	-7.00E-06	2.922078	-2.00E-06
5.876	0	0	0	0.2	0	-0.3	0	0	0	64.263145	781.105835	-69.746246	-0.124667	0	0.2869	-7.00E-06	2.922078	-2.00E-06
5.877	0	0	0	0.2	0	-0.3	0	0	0	64.805214	778.008789	-69.510818	-0.124667	0	0.287327	-1.50E-05	2.922078	-3.00E-06
5.878	0	0	0	0.2	0	-0.3	0	0	0	64.805214	778.008789	-68.021973	-0.124718	0	0.287327	-6.00E-06	2.952312	-7.00E-06
5.879	0	0	0	0.2	0	-0.3	0	0	0	64.805214	778.008789	-67.943764	-0.124718	0	0.287752	-1.50E-05	2.952312	-7.00E-06
5.88	0	0	0	0.2	0	-0.3	0	0	0	64.797279	777.817017	-66.92498	-0.124807	0	0.287882	-6.00E-06	2.880326	-3.00E-06
5.881	0	0	0	0.2	0	-0.3	0	0	0	65.033714	775.597656	-66.76812	-0.124807	0	0.288128	-1.80E-05	2.871016	-3.00E-06
5.882	0	0	0	0.2	0	-0.3	0	0	0	64.797279	774.392273	-65.984657	-0.124917	0	0.287882	-1.70E-05	2.849392	-3.00E-06
5.883	0	0	0	0.2	0	-0.3	0	0	0	64.717979	773.205688	-65.984657	-0.125113	0	0.287537	-1.70E-05	2.871016	-3.00E-06
5.884	0	0	0	0.2	0	-0.3	0	0	0	64.55867	773.205688	-65.827629	-0.125313	0	0.287537	-1.70E-05	2.859221	-5.00E-06
5.885	0	0	0	0.2	0	-0.3	0	0	0	64.55867	772.518372	-64.260376	-0.125313	0	0.288451	-1.30E-05	2.859221	1.00E-06
5.886	0	0	0	0.2	0	-0.3	0	0	0	65.575066	768.022705	-62.536705	-0.125292	0	0.289155	-5.00E-06	2.859221	-5.00E-06
5.887	0	0	0	0.2	0	-0.3	0	0	0	65.575066	765.253113	-62.536541	-0.125292	0	0.289155	-5.00E-06	2.788096	-3.00E-06
5.888	0	0	0	0.2	0	-0.3	0	0	0	65.100739	764.767944	-61.518009	-0.125141	0	0.288304	-9.00E-06	2.855474	-3.00E-06
5.889	0	0	0	0.2	0	-0.3	0	0	0	64.867188	760.460571	-60.890797	-0.125373	0	0.288304	-1.60E-05	2.775012	-1.00E-06
5.89	0	0	0	0.2	0	-0.3	0	0	0	64.784286	760.30011	-60.655727	-0.125373	0	0.288556	-1.30E-05	2.775012	0.00E+00
5.891	0	0	0	0.2	0	-0.3	0	0	0	64.784286	760.460571	-60.342205	-0.1257	0	0.288672	-2.30E-05	2.775012	-1.00E-06
5.892	0	0	0	0.2	0	-0.3	0	0	0	64.934212	760.30011	-59.244968	-0.12577	0	0.289219	-1.30E-05	2.749779	-7.00E-06
5.893	0	0	0	0.2	0	-0.3	0	0	0	64.934212	759.773926	-58.069729	-0.12577	0	0.289219	-1.30E-05	2.689699	-7.00E-06
5.894	0	0	0	0.2	0	-0.3	0	0	0	64.934212	750.827454	-57.051033	-0.12577	0	0.289088	-1.30E-05	2.689699	-7.00E-06
5.895	0	0	0	0.2	0	-0.3	0	0	0	64.542793	750.827454	-57.051033	-0.125777	0	0.289088	-1.30E-05	2.721777	-3.00E-06
5.896	0	0	0	0.2	0	-0.3	0	0	0	63.837807	749.978088	-55.875675	-0.125816	0	0.289094	-1.20E-05	2.721777	2.00E-06
5.897	0	0	0	0.2	0	-0.3	0	0	0	63.837807	753.262512	-55.248669	-0.12604	0	0.289094	-2.00E-06	2.712163	2.00E-06
5.898	0	0	0	0.2	0	-0.3	0	0	0	62.89854	753.262512	-54.700069	-0.126097	0	0.289721	-7.00E-06	2.687758	1.00E-06
5.899	0	0	0	0.2	0	-0.3	0	0	0	64.141991	753.262512	-54.699951	-0.12604	0	0.290154	-2.00E-06	2.687758	1.00E-06
5.9	0	0	0	0.2	0	-0.3	0	0	0	63.983402	747.563416	-52.897587	-0.125922	0	0.290154	-6.00E-06	2.623361	1.00E-06
5.901	0	0	0	0.2	0	-0.3	0	0	0	63.983402	747.235901	-52.584064	-0.125922	0	0.290154	-6.00E-06	2.688753	-2.00E-06
5.902	0	0	0	0.2	0	-0.3	0	0	0	63.983402	743.796082	-51.252117	-0.126353	0	0.289822	-6.00E-06	2.623361	-3.00E-06
5.903	0	0	0	0.2	0	-0.3	0	0	0	63.437	747.235901	-51.252117	-0.126421	0	0.290166	-7.00E-06	2.688753	-4.00E-06
5.904	0	0	0	0.2	0	-0.3	0	0	0	62.650555	748.610962	-50.938641	-0.126644	0	0.290638	-6.00E-06	2.598494	-4.00E-06
5.905	0	0	0	0.2	0	-0.3	0	0	0	62.650555	748.610962	-50.311352	-0.126644	0	0.290638	-6.00E-06	2.598494	-5.00E-06
5.906	0	0	0	0.2	0	-0.3	0	0	0	63.266148	739.844299	-48.822788	-0.126722	0	0.290232	-6.00E-06	2.432493	-5.00E-06
5.907	0	0	0	0.2	0	-0.3	0	0	0	63.266148	735.730469	-48.509102	-0.126722	0	0.290232	-1.10E-05	2.432493	-5.00E-06
5.908	0	0	0	0.2	0	-0.3	0	0	0	62.72047	733.658875	-47.882015	-0.126722	0	0.290232	-1.10E-05	2.605676	-5.00E-06
5.909	0	0	0	0.2	0	-0.3	0	0	0	62.718304	733.473633	-46.314922	-0.126766	0	0.29078	-1.10E-05	2.605676	-5.00E-06
5.91	0	0	0	0.2	0	-0.3	0	0	0	62.557552	732.111938	-45.687954	-0.126858	0	0.291075	1.00E-06	2.607607	-5.00E-06
5.911	0	0	0	0.2	0	-0.3	0	0	0	62.557552	732.111938	-45.060829	-0.12706	0	0.291137	1.00E-06	2.529713	-3.00E-06
5.912	0	0	0	0.2	0	-0.3	0	0	0	62.631794	732.111938	-44.120743	-0.12706	0	0.29164	-9.00E-06	2.502303	-3.00E-06
5.913	0	0	0	0.2	0	-0.3	0	0	0	62.631794	727.792664	-44.120621	-0.126788	0	0.29164	-9.00E-06	2.502303	-3.00E-06
5.914	0	0	0	0.2	0	-0.3	0	0	0	62.631794	720.404907	-41.926723	-0.126788	0	0.29164	-1.00E-05	2.502303	-5.00E-06
5.915	0	0	0	0.2	0	-0.3	0	0	0	62.553944	720.404907	-41.769535	-0.127243	0	0.291819	-1.00E-05	2.51401	-3.00E-06
5.916	0	0	0	0.2	0	-0.3	0	0	0	61.846794	724.025208	-40.986195	-0.127254	0	0.291982	-1.30E-05	2.634587	-3.00E-06
5.917	0	0	0	0.2	0	-0.3	0	0	0	61.377522	724.025208	-40.437355	-0.127522	0	0.291982	-1.30E-05	2.634587	-3.00E-06
5.918	0	0	0	0.2	0	-0.3	0	0	0	61.137474	723.174316	-39.967293	-0.127522	0	0.292321	-9.00E-06	2.471969	-3.00E-06
5.919	0	0	0	0.2	0	-0.3	0	0	0	60.976719	719.725952	-39.810429	-0.127405	0	0.292201	0.00E+00	2.39195	-1.00E-06
5.92	0	0	0	0.2	0	-0.3	0	0	0	60.348862	714.743958	-38.87022	-0.127405	0	0.292222	0	2.39195	-1.00E-06
5.921	0	0	0	0.2	0	-0.3	0	0	0	60.268124	714.57074	-37.929733	-0.127469	0	0.292222	0.00E+00	2.351778	-6.00E-06
5.922	0	0	0	0.2	0	-0.3	0	0	0	60.116032	714.57074	-37.694622	-0.127487	0	0.29238	-4.00E-06	2.353925	-6.00E-06
5.923	0	0	0	0.2	0	-0.3	0	0	0	60.030243	714.57074	-37.302608	-0.127653	0	0.292726	2.00E-06	2.353925	-4.00E-06
5.924	0	0	0	0.2	0	-0.3	0	0	0	60.030243	714.581116	-36.910671	-0.127653	0	0.292798	2.00E-06	2.353925	-4.00E-06
5.925	0	0	0	0.2	0	-0.3	0	0	0	59.865879	714.581116	-36.362278	-0.127768	0	0.29338	2.00E-06	2.237556	-9.00E-06
5.926	0	0	0	0.2	0	-0.3	0	0	0	59.865879	704.931396	-35.030174	-0.127768	0	0.29338	-1.30E-05	2.237556	-9.00E-06
5.927	0	0	0	0.2	0	-0.3	0	0	0	59.086651	702.883606	-33.776123	-0.127806	0	0.292849	-1.30E-05	2.346436	-9.00E-06
5.928	0	0	0	0.2	0	-0.3	0	0	0	59.086651	702.883606	-33.619621	-0.127806	0	0.292849	-9.00E-06	2.355433	-3.00E-06
5.929	0	0	0	0.2	0	-0.3	0	0	0	59.005917	702.883606	-32.757263	-0.127816	0	0.293666	-8.00E-06	2.368875	-9.00E-06
5.93	0	0	0	0.2	0	-0.3	0	0	0	58.923733	699.608459	-32.600761	-0.127958	0	0.293704	-9.00E-06	2.410722	-3.00E-06
5.931	0	0	0	0.2	0	-0.3	0	0	0	58.920124	699.439392	-31.816895	-0.127958	0	0.294311	-1.50E-05	2.368875	-2.00E-06
5.932	0	0	0	0.2	0	-0.3	0	0	0	58.526539	696.496338	-30.876766	-0.128074	0	0.294311	-1.70E-05	2.297992	-2.00E-06
5.933	0	0	0	0.2	0	-0.3	0	0	0	58.526539	691.358582	-30.171429	-0.128074	0	0.293976	-1.50E-05	2.212266	-5.00E-06
5.934	0	0	0	0.2	0	-0.3	0	0	0	58.526539	687.225891	-29.07436	-0.128074	0	0.293976	-1.70E-05	2.212266	-5.00E-06
5.935	0	0	0	0.2	0	-0.3	0	0	0	58.524376	687.225891	-28.995747	-0.128345	0	0.294438	-1.20E-05	2.207455	-4.00E-06
5.936	0	0	0	0.2	0	-0.3	0	0	0	58.051498	689.804077	-28.133829	-0.128345	0	0.294444	-1.20E-05	2.334857	-1.00E-06
5.937	0	0	0	0.2	0	-0.3	0	0	0	57.575008	689.804077	-27.741894	-0.128421	0	0.294958	-1.20E-05	2.205194	-2.00E-06
5.938	0	0	0	0.2	0	-0.3	0	0	0	57.347233	687.228882	-26.801487	-0.128788	0	0.295343	-1.10E-05	2.310906	-1.00E-06
5.939	0	0	0	0.2	0	-0.3	0	0	0	57.265049	681.890869	-26.331303	-0.128788	0	0.295343	-1.00E-05	2.277322	-2.00E-06
5.94	0	0	0	0.2	0	-0.3	0	0	0	57.262161	680.682861	-26.017899	-0.128828	0	0.295106	-8.00E-06	2.282211	-9.00E-06
5.941	0	0	0	0.2	0	-0.3	0	0	0	57.262161	680.682861	-25.312481	-0.128807	0	0.295106	-8.00E-06	2.277322	-9.00E-06
5.942	0	0	0	0.2	0	-0.3	0	0	0	57.334957	680.183655	-24.607306	-0.128807	0	0.296196	-1.90E-05	2.221331	-2.00E-06
5.943	0	0	0	0.2	0	-0.3	0	0	0	57.334957	679.658264	-24.450443	-0.128807	0	0.296411	-2.20E-05	2.221331	-2.00E-06
5.944	0	0	0	0.2	0	-0.3	0	0	0	56.082851	678.607971	-24.293581	-0.128554	0	0.296411	-2.20E-05	2.221331	-4.00E-06
5.945	0	0	0	0.2	0	-0.3	0	0	0	56.082851	678.098022	-24.136879	-0.128554	0	0.296367	-1.10E-05	2.26968	-4.00E-06
5.946	0	0	0	0.2	0	-0.3	0	0	0	56.937767	668.989136	-22.334312	-0.128554	0	0.296366	-3.00E-06	2.191049	-4.00E-06
5.947	0	0	0	0.2	0	-0.3	0	0	0	57.014175	668.989136	-21.707668	-0.12872	0	0.296366	-2.00E-06	2.203377	-2.00E-06
5.948	0	0	0	0.2	0	-0.3	0	0	0	56.937767	669.674927	-21.472515	-0.129126	0	0.29746	-2.00E-06	2.1787	-1.00E-06
5.949	0	0	0	0.2	0	-0.3	0	0	0	56.853424	669.674927	-21.393944	-0.129126	0	0.297514	-9.00E-06	2.116143	1.00E-06
5.95	0	0	0	0.2	0	-0.3	0	0	0	56.301971	665.202026	-21.315533	-0.129167	0	0.29773	-9.00E-06	2.105552	0.00E+00
5.951	0	0	0	0.2	0	-0.3	0	0	0	56.301971	665.193542	-20.688646	-0.129115	0	0.29773	-2.00E-06	2.040065	0
5.952	0	0	0	0.2	0	-0.3	0	0	0	56.301971	661.241821	-19.748318	-0.129343	0	0.29809	-2.00E-06	2.040065	-1.00E-06
5.953	0	0	0	0.2	0	-0.3	0	0	0	56.37838	658.833313	-19.591375	-0.129343	0	0.297815	-1.70E-05	2.130523	-1.00E-06
5.954	0	0	0	0.2	0	-0.3	0	0	0	56.37838	658.651184	-18.180742	-0.129462	0	0.298478	-1.70E-05	2.130523	-1.00E-06
5.955	0	0	0	0.2	0	-0.3	0	0	0	56.37838	657.641418	-18.180742	-0.129554	0	0.2995	-7.00E-06	2.082038	2.00E-06
5.956	0	0	0	0.2	0	-0.3	0	0	0	54.961906	656.417114	-18.259354	-0.129525	0	0.2995	-7.00E-06	2.037317	-1.00E-06
5.957	0	0	0	0.2	0	-0.3	0	0	0	54.959023	652.985352	-18.259354	-0.129557	0	0.299201	-1.50E-05	1.943179	-1.00E-06
5.958	0	0	0	0.2	0	-0.3	0	0	0	54.961906	652.813232	-17.710436	-0.129557	0	0.299201	-1.50E-05	2.037317	-4.00E-06
5.959	0	0	0	0.2	0	-0.3	0	0	0	55.03471	648.675964	-16.456625	-0.129701	0	0.299201	-1.10E-05	1.958267	-5.00E-06
5.96	0	0	0	0.2	0	-0.3	0	0	0	55.115448	648.675964	-15.751369	-0.129768	0	0.299738	-1.10E-05	1.958267	-4.00E-06
5.961	0	0	0	0.2	0	-0.3	0	0	0	55.03471	647.301575	-15.516337	-0.129786	0	0.29986	-1.10E-05	1.901253	-5.00E-06
5.962	0	0	0	0.2	0	-0.3	0	0	0	55.261768	647.301575	-15.359435	-0.129786	0	0.300599	-1.00E-05	1.873884	-4.00E-06
5.963	0	0	0	0.2	0	-0.3	0	0	0	54.794662	645.423523	-14.653937	-0.129786	0	0.300599	1.00E-06	1.883133	-5.00E-06
5.964	0	0	0	0.2	0	-0.3	0	0	0	54.476044	643.168945	-14.497518	-0.129997	0	0.300599	-1.00E-05	1.834354	-3.00E-06
5.965	0	0	0	0.2	0	-0.3	0	0	0	54.165359	642.837219	-14.262123	-0.130181	0	0.300337	-1.60E-05	1.834354	-5.00E-06
5.966	0	0	0	0.2	0	-0.3	0	0	0	54.476044	639.928101	-12.303136	-0.130129	0	0.300418	-1.60E-05	1.82859	-1.00E-06
5.967	0	0	0	0.2	0	-0.3	0	0	0	54.86097	639.928101	-12.068385	-0.13042	0	0.300418	-1.30E-05	1.813156	-5.00E-06
5.968	0	0	0	0.2	0	-0.3	0	0	0	54.86097	638.532776	-11.284477	-0.13042	0	0.302447	-1.20E-05	1.82859	-1.00E-06
5.969	0	0	0	0.2	0	-0.3	0	0	0	54.158146	638.532776	-11.284436	-0.13042	0	0.302447	-1.00E-06	1.813156	-1.00E-06
5.97	0	0	0	0.2	0	-0.3	0	0	0	54.07885	633.217957	-10.892663	-0.130456	0	0.301753	-1.00E-06	1.785945	-1.00E-06
5.971	0	0	0	0.2	0	-0.3	0	0	0	53.68166	632.682251	-10.187447	-0.129988	0	0.301731	-1.00E-06	1.647174	-1.00E-06
5.972	0	0	0	0.2	0	-0.3	0	0	0	53.44883	631.137451	-8.855425	-0.130289	0	0.301731	-3.00E-06	1.647174	-2.00E-06
5.973	0	0	0	0.2	0	-0.3	0	0	0	53.68166	630.465454	-7.915097	-0.130279	0	0.30161	-3.00E-06	1.6653	-1.00E-06
5.974	0	0	0	0.2	0	-0.3	0	0	0	54.068027	628.921448	-6.817946	-0.130279	0	0.30161	-3.00E-06	1.681869	-2.00E-06
5.975	0	0	0	0.2	0	-0.3	0	0	0	54.068027	628.39093	-6.817946	-0.130014	0	0.302632	-9.00E-06	1.681869	-2.00E-06
5.976	0	0	0	0.2	0	-0.3	0	0	0	52.894489	626.870422	-6.269392	-0.130014	0	0.302632	-1.40E-05	1.681869	-2.00E-06
5.977	0	0	0	0.2	0	-0.3	0	0	0	52.265907	625.64386	-5.642546	-0.130112	0	0.302632	-1.40E-05	1.587418	-3.00E-06
5.978	0	0	0	0.2	0	-0.3	0	0	0	52.265907	624.105164	-4.623927	-0.130346	0	0.302607	-8.00E-06	1.565854	-6.00E-06
5.979	0	0	0	0.2	0	-0.3	0	0	0	52.339432	622.574585	-3.683397	-0.130435	0	0.302607	-3.00E-06	1.563246	-6.00E-06
5.98	0	0	0	0.2	0	-0.3	0	0	0	52.418003	622.574585	-3.135003	-0.13045	0	0.302607	-2.00E-06	1.563246	-5.00E-06
5.981	0	0	0	0.2	0	-0.3	0	0	0	52.418003	622.574585	-2.037933	-0.13045	0	0.303754	-2.00E-06	1.563246	-4.00E-06
5.982	0	0	0	0.2	0	-0.3	0	0	0	52.024422	621.353027	-1.724491	-0.130287	0	0.303754	-2.00E-06	1.547918	-4.00E-06
5.983	0	0	0	0.2	0	-0.3	0	0	0	51.16301	620.359375	-1.176056	-0.130287	0	0.303412	-7.00E-06	1.47381	-2.00E-06
5.984	0	0	0	0.2	0	-0.3	0	0	0	51.004417	619.498474	-0.784283	-0.130832	0	0.303412	-7.00E-06	1.435562	-2.00E-06
5.985	0	0	0	0.2	0	-0.3	0	0	0	51.004417	619.498474	-0.157437	-0.130835	0	0.303942	-7.00E-06	1.435562	-4.00E-06
5.986	0	0	0	0.2	0	-0.3	0	0	0	51.472969	615.870239	2.036703	-0.130832	0	0.304948	-9.00E-06	1.435562	-4.00E-06
5.987	0	0	0	0.2	0	-0.3	0	0	0	51.781487	615.870239	2.585217	-0.130837	0	0.305055	-9.00E-06	1.455131	-3.00E-06
5.988	0	0	0	0.2	0	-0.3	0	0	0	51.781487	615.717529	2.663347	-0.130837	0	0.305003	-9.00E-06	1.377619	-3.00E-06
5.989	0	0	0	0.2	0	-0.3	0	0	0	51.465752	611.935486	3.290233	-0.131137	0	0.305055	-1.50E-05	1.417507	-4.00E-06
5.99	0	0	0	0.2	0	-0.3	0	0	0	51.152184	611.935486	3.603635	-0.131459	0	0.305261	-9.00E-06	1.417507	-5.00E-06
5.991	0	0	0	0.2	0	-0.3	0	0	0	51.152184	611.440491	4.152311	-0.131477	0	0.306821	-9.00E-06	1.430795	-4.00E-06
5.992	0	0	0	0.2	0	-0.3	0	0	0	51.778603	612.149841	4.622375	-0.131661	0	0.306868	-1.00E-06	1.447376	-1.00E-06
5.993	0	0	0	0.2	0	-0.3	0	0	0	52.47998	611.440491	5.014511	-0.132227	0	0.30758	-1.00E-06	1.447376	-1.00E-06
5.994	0	0	0	0.2	0	-0.3	0	0	0	53.95554	608.70636	6.111822	-0.132227	0	0.308815	-8.00E-06	1.41077	1.00E-06
5.995	0	0	0	0.2	0	-0.3	0	0	0	53.95554	601.992798	6.111822	-0.13199	0	0.308815	-1.30E-05	1.299861	1.00E-06
5.996	0	0	0	0.2	0	-0.3	0	0	0	52.859856	600.657837	6.111822	-0.13199	0	0.307803	-1.30E-05	1.317996	1.00E-06
5.997	0	0	0	0.2	0	-0.3	0	0	0	52.859856	600.643616	6.111902	-0.13199	0	0.307803	-1.30E-05	1.317996	-2.00E-06
5.998	0	0	0	0.2	0	-0.3	0	0	0	53.406254	600.123596	6.895571	-0.132046	0	0.308164	0.00E+00	1.317996	-6.00E-06
5.999	0	0	0	0.2	0	-0.3	0	0	0	53.4077	600.123596	7.05195	-0.131949	0	0.308164	0	1.308105	-2.00E-06
6	0	0	0	0.2	0	-0.3	0	0	0	54.035557	601.305481	7.678635	-0.131434	0	0.308026	0.00E+00	1.216534	-5.00E-06
6.001	0	0	0	0.2	0	-0.3	0	0	0	54.035557	601.305481	7.678635	-0.131412	0	0.307637	-1.80E-05	1.097214	-1.00E-06
6.002	0	0	0	0.2	0	-0.3	0	0	0	53.876251	599.070679	7.678513	-0.131006	0	0.307035	-1.10E-05	1.097214	-5.00E-06
6.003	0	0	0	0.2	0	-0.3	0	0	0	53.797676	599.070679	7.678513	-0.13098	0	0.306602	-1.10E-05	1.055652	-3.00E-06
6.004	0	0	0	0.2	0	-0.3	0	0	0	53.796234	598.383728	8.070326	-0.130882	0	0.306602	-1.10E-05	1.201733	-6.00E-06
6.005	0	0	0	0.2	0	-0.3	0	0	0	53.796234	597.177917	8.775945	-0.130843	0	0.3071	-1.10E-05	1.234114	-3.00E-06
6.006	0	0	0	0.2	0	-0.3	0	0	0	53.796234	595.102356	10.029596	-0.130843	0	0.307982	-7.00E-06	1.234114	-6.00E-06
6.007	0	0	0	0.2	0	-0.3	0	0	0	53.861816	593.230408	10.029596	-0.130843	0	0.308222	-7.00E-06	0.982062	-2.00E-06
6.008	0	0	0	0.2	0	-0.3	0	0	0	53.861816	588.05896	10.029596	-0.130907	0	0.307982	-1.80E-05	0.982062	-6.00E-06
6.009	0	0	0	0.2	0	-0.3	0	0	0	53.396156	588.05896	10.108249	-0.131057	0	0.307582	-1.80E-05	1.017688	-7.00E-06
6.01	0	0	0	0.2	0	-0.3	0	0	0	53.396156	588.943848	11.205117	-0.131109	0	0.307582	-7.00E-06	1.017688	-7.00E-06
6.011	0	0	0	0.2	0	-0.3	0	0	0	53.706833	589.279724	11.675141	-0.131135	0	0.308359	-7.00E-06	0.941523	-7.00E-06
6.012	0	0	0	0.2	0	-0.3	0	0	0	53.706833	589.971741	12.145285	-0.131215	0	0.30871	-1.00E-05	0.930459	-6.00E-06
6.013	0	0	0	0.2	0	-0.3	0	0	0	53.781075	589.279724	12.850501	-0.131215	0	0.30888	-1.10E-05	0.895726	-3.00E-06
6.014	0	0	0	0.2	0	-0.3	0	0	0	53.156826	587.041077	13.634048	-0.130833	0	0.309025	-1.00E-05	0.895726	-5.00E-06
6.015	0	0	0	0.2	0	-0.3	0	0	0	53.156826	587.041077	13.634048	-0.130833	0	0.309025	-4.00E-06	0.856837	-5.00E-06
6.016	0	0	0	0.2	0	-0.3	0	0	0	52.838928	587.248901	14.025982	-0.131624	0	0.309203	-4.00E-06	0.957746	-5.00E-06
6.017	0	0	0	0.2	0	-0.3	0	0	0	52.838928	587.406616	14.417956	-0.131819	0	0.309803	-6.00E-06	0.957746	-6.00E-06
6.018	0	0	0	0.2	0	-0.3	0	0	0	52.838928	587.406616	14.574698	-0.131624	0	0.310396	-6.00E-06	0.957746	-6.00E-06
6.019	0	0	0	0.2	0	-0.3	0	0	0	53.074646	586.887024	14.966352	-0.131798	0	0.310505	-1.10E-05	0.891164	-6.00E-06
6.02	0	0	0	0.2	0	-0.3	0	0	0	52.990299	585.165161	15.279714	-0.131798	0	0.311123	-1.10E-05	0.753504	-3.00E-06
6.021	0	0	0	0.2	0	-0.3	0	0	0	52.990299	584.483948	15.279714	-0.131798	0	0.311123	-1.10E-05	0.799393	-3.00E-06
6.022	0	0	0	0.2	0	-0.3	0	0	0	52.990299	583.634583	15.279714	-0.131689	0	0.310723	-1.40E-05	0.799393	-3.00E-06
6.023	0	0	0	0.2	0	-0.3	0	0	0	52.832436	583.634583	15.671727	-0.131689	0	0.310723	-9.00E-06	0.799393	0
6.024	0	0	0	0.2	0	-0.3	0	0	0	52.990299	583.634583	16.298372	-0.131689	0	0.311318	-9.00E-06	0.790844	0
6.025	0	0	0	0.2	0	-0.3	0	0	0	53.38028	581.719849	16.298372	-0.131344	0	0.311318	-9.00E-06	0.74315	-3.00E-06
6.026	0	0	0	0.2	0	-0.3	0	0	0	53.38028	579.309448	16.455074	-0.130999	0	0.311329	-1.80E-05	0.700207	-3.00E-06
6.027	0	0	0	0.2	0	-0.3	0	0	0	53.300262	579.309448	16.219959	-0.130936	0	0.310859	-1.80E-05	0.657518	-3.00E-06
6.028	0	0	0	0.2	0	-0.3	0	0	0	52.752419	579.485352	16.846645	-0.130936	0	0.310859	-1.10E-05	0.672786	-3.00E-06
6.029	0	0	0	0.2	0	-0.3	0	0	0	52.752419	579.823364	16.846645	-0.130936	0	0.310859	-3.00E-06	0.672786	-5.00E-06
6.03	0	0	0	0.2	0	-0.3	0	0	0	52.673847	582.919922	16.846645	-0.130672	0	0.311019	-3.00E-06	0.672786	-5.00E-06
6.031	0	0	0	0.2	0	-0.3	0	0	0	52.673847	582.919922	17.238461	-0.130555	0	0.311443	-1.40E-05	0.699995	-2.00E-06
6.032	0	0	0	0.2	0	-0.3	0	0	0	52.206741	582.910583	17.31687	-0.130445	0	0.311443	-1.40E-05	0.699995	-2.00E-06
6.033	0	0	0	0.2	0	-0.3	0	0	0	52.125999	582.396423	17.395363	-0.130555	0	0.311014	-1.60E-05	0.699995	-5.00E-06
6.034	0	0	0	0.2	0	-0.3	0	0	0	51.111778	578.096741	17.943794	-0.130396	0	0.311014	-9.00E-06	0.621638	-5.00E-06
6.035	0	0	0	0.2	0	-0.3	0	0	0	50.715309	578.096741	18.335569	-0.130562	0	0.311572	-1.60E-05	0.621638	-1.00E-06
6.036	0	0	0	0.2	0	-0.3	0	0	0	50.639618	580.342834	18.492352	-0.130859	0	0.311962	-1.40E-05	0.632102	-1.00E-06
6.037	0	0	0	0.2	0	-0.3	0	0	0	50.639618	583.078003	18.57052	-0.130859	0	0.31236	-2.10E-05	0.632102	-7.00E-06
6.038	0	0	0	0.2	0	-0.3	0	0	0	50.639618	583.078003	18.727545	-0.130768	0	0.312617	-1.40E-05	0.604881	-7.00E-06
6.039	0	0	0	0.2	0	-0.3	0	0	0	50.166023	581.359131	19.432478	-0.130687	0	0.312666	-8.00E-06	0.515947	-4.00E-06
6.04	0	0	0	0.2	0	-0.3	0	0	0	49.776043	580.155396	19.510769	-0.130768	0	0.312666	-8.00E-06	0.507996	-4.00E-06
6.041	0	0	0	0.2	0	-0.3	0	0	0	49.776043	580.852661	19.824131	-0.130829	0	0.312576	-8.00E-06	0.495447	-4.00E-06
6.042	0	0	0	0.2	0	-0.3	0	0	0	49.776043	580.852661	20.059082	-0.131012	0	0.312576	-1.00E-05	0.468766	-7.00E-06
6.043	0	0	0	0.2	0	-0.3	0	0	0	49.22892	583.774902	20.059082	-0.131012	0	0.313677	-7.00E-06	0.452058	-7.00E-06
6.044	0	0	0	0.2	0	-0.3	0	0	0	48.679634	583.774902	20.529106	-0.130493	0	0.313677	-1.00E-05	0.451723	-7.00E-06
6.045	0	0	0	0.2	0	-0.3	0	0	0	48.679634	583.413574	20.137413	-0.130493	0	0.31335	-1.20E-05	0.398474	-5.00E-06
6.046	0	0	0	0.2	0	-0.3	0	0	0	48.367512	582.021057	20.529106	-0.130481	0	0.31335	-1.20E-05	0.398474	-2.00E-06
6.047	0	0	0	0.2	0	-0.3	0	0	0	48.133236	581.162109	20.999048	-0.130432	0	0.31336	-1.30E-05	0.389928	-2.00E-06
6.048	0	0	0	0.2	0	-0.3	0	0	0	48.133236	582.021057	21.312613	-0.130397	0	0.31336	-1.30E-05	0.396622	-2.00E-06
6.049	0	0	0	0.2	0	-0.3	0	0	0	48.136124	584.607788	21.547403	-0.130245	0	0.31336	-1.30E-05	0.389928	-6.00E-06
6.05	0	0	0	0.2	0	-0.3	0	0	0	48.136124	588.377747	21.547403	-0.130245	0	0.313805	4.00E-06	0.36503	-6.00E-06
6.051	0	0	0	0.2	0	-0.3	0	0	0	47.744701	588.377747	21.939096	-0.129906	0	0.313805	4.00E-06	0.349048	-8.00E-06
6.052	0	0	0	0.2	0	-0.3	0	0	0	47.432579	585.79425	22.095636	-0.129906	0	0.313501	4.00E-06	0.349048	-8.00E-06
6.053	0	0	0	0.2	0	-0.3	0	0	0	47.199745	585.61676	22.48737	-0.130055	0	0.313501	-4.00E-06	0.315597	-8.00E-06
6.054	0	0	0	0.2	0	-0.3	0	0	0	47.198299	585.79425	23.270836	-0.130097	0	0.313587	-8.00E-06	0.337711	-7.00E-06
6.055	0	0	0	0.2	0	-0.3	0	0	0	46.2612	586.821045	23.270836	-0.130097	0	0.313646	-1.10E-05	0.337711	-7.00E-06
6.056	0	0	0	0.2	0	-0.3	0	0	0	46.026207	592.302124	23.505827	-0.130097	0	0.31387	-1.10E-05	0.337711	-7.00E-06
6.057	0	0	0	0.2	0	-0.3	0	0	0	46.023323	592.302124	23.740738	-0.129704	0	0.314212	-5.00E-06	0.200761	-7.00E-06
6.058	0	0	0	0.2	0	-0.3	0	0	0	45.55405	590.760498	23.819229	-0.129704	0	0.314212	3.00E-06	0.200761	-6.00E-06
6.059	0	0	0	0.2	0	-0.3	0	0	0	45.005486	590.760498	24.681026	-0.129821	0	0.314212	3.00E-06	0.200761	-7.00E-06
6.06	0	0	0	0.2	0	-0.3	0	0	0	44.850506	591.09491	25.151009	-0.129821	0	0.314199	-3.00E-06	0.113093	-6.00E-06
6.061	0	0	0	0.2	0	-0.3	0	0	0	44.851948	591.09491	25.22942	-0.129414	0	0.314463	-3.00E-06	0.113093	-6.00E-06
6.062	0	0	0	0.2	0	-0.3	0	0	0	44.851948	591.09491	25.385839	-0.129414	0	0.315204	-3.00E-06	0.170541	-5.00E-06
6.063	0	0	0	0.2	0	-0.3	0	0	0	44.851948	596.230713	25.777615	-0.129477	0	0.31569	-3.00E-06	0.228389	-1.00E-06
6.064	0	0	0	0.2	0	-0.3	0	0	0	44.229137	596.230713	26.091015	-0.12952	0	0.315437	-3.00E-06	0.228389	-1.00E-06
6.065	0	0	0	0.2	0	-0.3	0	0	0	43.994862	595.198242	26.717741	-0.129477	0	0.31569	-3.00E-06	0.276894	-1.00E-06
6.066	0	0	0	0.2	0	-0.3	0	0	0	43.839161	595.198242	27.187885	-0.12952	0	0.315545	-3.00E-06	0.256887	-6.00E-06
6.067	0	0	0	0.2	0	-0.3	0	0	0	43.839161	598.987549	27.187885	-0.130176	0	0.315545	-1.00E-06	0.256887	-6.00E-06
6.068	0	0	0	0.2	0	-0.3	0	0	0	43.839161	599.15918	26.952572	-0.130176	0	0.315545	-1.00E-06	0.256887	-5.00E-06
6.069	0	0	0	0.2	0	-0.3	0	0	0	44.071995	602.762573	26.952572	-0.129832	0	0.315764	-1.10E-05	0.163889	-1.00E-06
6.07	0	0	0	0.2	0	-0.3	0	0	0	44.071995	602.923828	27.344345	-0.12978	0	0.315764	-1.10E-05	0.163889	-1.00E-06
6.071	0	0	0	0.2	0	-0.3	0	0	0	43.212742	602.923828	27.657627	-0.129489	0	0.315763	-6.00E-06	0.090913	-1.00E-06
6.072	0	0	0	0.2	0	-0.3	0	0	0	42.97847	602.923828	27.814247	-0.129489	0	0.315763	-6.00E-06	0.090913	-1.00E-06
6.073	0	0	0	0.2	0	-0.3	0	0	0	42.97847	603.259033	28.049238	-0.129489	0	0.315943	-6.00E-06	0.102598	-1.00E-06
6.074	0	0	0	0.2	0	-0.3	0	0	0	43.447742	604.624878	28.597593	-0.129493	0	0.316164	-1.80E-05	0.102598	-2.00E-06
6.075	0	0	0	0.2	0	-0.3	0	0	0	43.447742	606.528076	28.597593	-0.129186	0	0.316164	-5.00E-06	0.0179	-2.00E-06
6.076	0	0	0	0.2	0	-0.3	0	0	0	42.824932	609.77002	28.597593	-0.129186	0	0.316557	-1.80E-05	0.0179	-2.00E-06
6.077	0	0	0	0.2	0	-0.3	0	0	0	42.824932	609.77002	29.067616	-0.128966	0	0.316811	-1.00E-05	0.141382	-2.00E-06
6.078	0	0	0	0.2	0	-0.3	0	0	0	42.824932	609.08075	29.145988	-0.12888	0	0.317232	-1.90E-05	0.141382	-1.00E-06
6.079	0	0	0	0.2	0	-0.3	0	0	0	42.277813	609.08075	29.224117	-0.128966	0	0.317091	-1.00E-05	0.040862	-2.00E-06
6.08	0	0	0	0.2	0	-0.3	0	0	0	42.277813	610.811096	29.302731	-0.129149	0	0.317232	-8.00E-06	0.039843	-5.00E-06
6.081	0	0	0	0.2	0	-0.3	0	0	0	42.274925	612.352051	29.694302	-0.129149	0	0.317368	-8.00E-06	0.040862	-6.00E-06
6.082	0	0	0	0.2	0	-0.3	0	0	0	42.196354	614.223206	29.694302	-0.129087	0	0.317995	-9.00E-06	-0.005879	-9.00E-06
6.083	0	0	0	0.2	0	-0.3	0	0	0	41.96352	614.223206	29.772793	-0.128768	0	0.318034	-9.00E-06	-0.005879	-6.00E-06
6.084	0	0	0	0.2	0	-0.3	0	0	0	41.88567	613.199524	29.929213	-0.128768	0	0.318034	-1.40E-05	-0.010434	-5.00E-06
6.085	0	0	0	0.2	0	-0.3	0	0	0	41.88567	613.199524	29.929333	-0.128671	0	0.318307	-1.30E-05	-0.010434	-3.00E-06
6.086	0	0	0	0.2	0	-0.3	0	0	0	41.961357	614.209717	30.712879	-0.128855	0	0.318138	-1.30E-05	-0.010434	-3.00E-06
6.087	0	0	0	0.2	0	-0.3	0	0	0	41.961357	614.572327	30.869501	-0.128928	0	0.318691	6.00E-06	-0.022948	-4.00E-06
6.088	0	0	0	0.2	0	-0.3	0	0	0	41.960636	617.667297	31.026323	-0.128971	0	0.318751	6.00E-06	-0.071749	-4.00E-06
6.089	0	0	0	0.2	0	-0.3	0	0	0	41.959911	617.667297	31.261154	-0.128928	0	0.319578	-1.60E-05	-0.022948	-2.00E-06
6.09	0	0	0	0.2	0	-0.3	0	0	0	41.88567	617.98938	31.652887	-0.128689	0	0.319578	-1.60E-05	-0.095937	-2.00E-06
6.091	0	0	0	0.2	0	-0.3	0	0	0	41.101391	616.79248	31.731298	-0.128689	0	0.319438	-1.80E-05	-0.040385	-6.00E-06
6.092	0	0	0	0.2	0	-0.3	0	0	0	41.101391	617.98938	31.809708	-0.129044	0	0.319438	-3.00E-06	-0.040385	-6.00E-06
6.093	0	0	0	0.2	0	-0.3	0	0	0	41.494251	620.393555	32.279613	-0.129044	0	0.319523	-1.50E-05	-0.031965	-6.00E-06
6.094	0	0	0	0.2	0	-0.3	0	0	0	41.494251	621.776428	32.514763	-0.129021	0	0.32013	-1.50E-05	-0.031965	-6.00E-06
6.095	0	0	0	0.2	0	-0.3	0	0	0	41.491364	624.494568	32.514763	-0.128982	0	0.320394	-1.50E-05	-0.07308	-6.00E-06
6.096	0	0	0	0.2	0	-0.3	0	0	0	41.101391	624.494568	32.593094	-0.128896	0	0.320394	-1.10E-05	-0.078656	-4.00E-06
6.097	0	0	0	0.2	0	-0.3	0	0	0	40.474972	622.617676	32.671265	-0.128353	0	0.320248	-1.10E-05	-0.131125	-4.00E-06
6.098	0	0	0	0.2	0	-0.3	0	0	0	40.474972	622.617676	32.671345	-0.128882	0	0.320248	-7.00E-06	-0.131125	-2.00E-06
6.099	0	0	0	0.2	0	-0.3	0	0	0	40.709969	624.330627	33.298389	-0.128784	0	0.321124	-8.00E-06	-0.02915	-1.00E-06
6.1	0	0	0	0.2	0	-0.3	0	0	0	40.943523	626.040894	33.768211	-0.128784	0	0.321245	-8.00E-06	-0.02915	-2.00E-06
6.101	0	0	0	0.2	0	-0.3	0	0	0	41.180683	626.051392	33.846622	-0.128784	0	0.3219	-8.00E-06	-0.02915	-2.00E-06
6.102	0	0	0	0.2	0	-0.3	0	0	0	41.257092	626.040894	34.160027	-0.128605	0	0.321958	-6.00E-06	-0.088867	-5.00E-06
6.103	0	0	0	0.2	0	-0.3	0	0	0	41.257092	626.211731	34.160027	-0.1285	0	0.321958	-6.00E-06	-0.056334	-8.00E-06
6.104	0	0	0	0.2	0	-0.3	0	0	0	41.021374	625.188416	34.238316	-0.1285	0	0.321741	-9.00E-06	-0.124724	-8.00E-06
6.105	0	0	0	0.2	0	-0.3	0	0	0	41.021374	626.562073	34.708584	-0.128566	0	0.321741	-1.00E-05	-0.056334	-8.00E-06
6.106	0	0	0	0.2	0	-0.3	0	0	0	41.494251	628.78418	35.021824	-0.128566	0	0.322765	-1.00E-05	0.065308	-7.00E-06
6.107	0	0	0	0.2	0	-0.3	0	0	0	41.494251	629.296753	35.570179	-0.128566	0	0.322896	-4.00E-06	0.065308	-9.00E-06
6.108	0	0	0	0.2	0	-0.3	0	0	0	41.256367	631.00238	35.726997	-0.128634	0	0.323216	-4.00E-06	-0.116601	-7.00E-06
6.109	0	0	0	0.2	0	-0.3	0	0	0	40.239254	631.00238	35.726997	-0.128634	0	0.322896	-5.00E-06	-0.116601	-7.00E-06
6.11	0	0	0	0.2	0	-0.3	0	0	0	40.081387	631.00238	36.040401	-0.128656	0	0.323486	-5.00E-06	-0.109555	-7.00E-06
6.111	0	0	0	0.2	0	-0.3	0	0	0	39.930016	632.391052	36.275593	-0.128645	0	0.323486	-5.00E-06	-0.006995	-4.00E-06
6.112	0	0	0	0.2	0	-0.3	0	0	0	39.930016	634.963379	36.902237	-0.128673	0	0.323833	-5.00E-06	-0.006995	-8.00E-06
6.113	0	0	0	0.2	0	-0.3	0	0	0	40.320713	634.963379	37.058861	-0.128645	0	0.324364	-1.60E-05	0.080132	0.00E+00
6.114	0	0	0	0.2	0	-0.3	0	0	0	40.320713	635.640381	37.372261	-0.128673	0	0.325084	-1.60E-05	-0.029605	-6.00E-06
6.115	0	0	0	0.2	0	-0.3	0	0	0	39.772869	638.041809	37.529003	-0.128831	0	0.325084	-6.00E-06	-0.029605	-5.00E-06
6.116	0	0	0	0.2	0	-0.3	0	0	0	39.222862	638.041809	37.607254	-0.128831	0	0.324826	-5.00E-06	-0.059367	-5.00E-06
6.117	0	0	0	0.2	0	-0.3	0	0	0	39.615726	638.214294	37.842125	-0.128585	0	0.323943	-4.00E-06	-0.059367	-3.00E-06
6.118	0	0	0	0.2	0	-0.3	0	0	0	39.225029	639.256897	37.999027	-0.128585	0	0.323943	-4.00E-06	-0.044446	-3.00E-06
6.119	0	0	0	0.2	0	-0.3	0	0	0	39.379288	642.49884	38.704121	-0.128648	0	0.325501	3.00E-06	-0.044446	1.00E-06
6.12	0	0	0	0.2	0	-0.3	0	0	0	39.225029	642.49884	38.860867	-0.128916	0	0.32577	-4.00E-06	0.004252	-3.00E-06
6.121	0	0	0	0.2	0	-0.3	0	0	0	39.3764	642.326843	38.860867	-0.128648	0	0.325986	-4.00E-06	-0.082146	-3.00E-06
6.122	0	0	0	0.2	0	-0.3	0	0	0	38.755035	641.301575	39.330891	-0.128533	0	0.325986	-5.00E-06	-0.045663	-3.00E-06
6.123	0	0	0	0.2	0	-0.3	0	0	0	38.677185	642.326843	39.72266	-0.128533	0	0.326133	-5.00E-06	-0.045663	-4.00E-06
6.124	0	0	0	0.2	0	-0.3	0	0	0	38.677185	642.331055	39.879482	-0.128795	0	0.326133	-8.00E-06	-0.045663	-4.00E-06
6.125	0	0	0	0.2	0	-0.3	0	0	0	38.357845	645.088196	40.036228	-0.128802	0	0.326267	-8.00E-06	-0.114105	-6.00E-06
6.126	0	0	0	0.2	0	-0.3	0	0	0	38.357845	645.584595	40.192726	-0.12893	0	0.326963	-8.00E-06	-0.114105	-6.00E-06
6.127	0	0	0	0.2	0	-0.3	0	0	0	38.282158	646.273071	40.584538	-0.12893	0	0.32739	-1.00E-05	-0.151246	-4.00E-06
6.128	0	0	0	0.2	0	-0.3	0	0	0	37.892902	646.273071	40.662868	-0.128942	0	0.327742	-1.00E-05	-0.134077	-2.00E-06
6.129	0	0	0	0.2	0	-0.3	0	0	0	37.342175	646.273071	40.662868	-0.12894	0	0.327652	-1.00E-05	-0.134077	0.00E+00
6.13	0	0	0	0.2	0	-0.3	0	0	0	36.875065	648.684265	40.819733	-0.128942	0	0.327742	-1.40E-05	-0.07318	0
6.131	0	0	0	0.2	0	-0.3	0	0	0	36.875065	649.71759	41.133213	-0.12913	0	0.327846	-3.00E-06	-0.07318	-4.00E-06
6.132	0	0	0	0.2	0	-0.3	0	0	0	36.87146	652.792969	41.289917	-0.12913	0	0.328725	-5.00E-06	-0.129027	-1.10E-05
6.133	0	0	0	0.2	0	-0.3	0	0	0	36.87146	652.792969	41.368084	-0.129215	0	0.329004	2.00E-06	-0.129027	-1.10E-05
6.134	0	0	0	0.2	0	-0.3	0	0	0	36.326504	652.792969	41.368084	-0.129279	0	0.329089	1.00E-06	-0.086681	-5.00E-06
6.135	0	0	0	0.2	0	-0.3	0	0	0	35.545109	653.64917	41.603157	-0.129547	0	0.329434	1.00E-06	-0.086681	-3.00E-06
6.136	0	0	0	0.2	0	-0.3	0	0	0	35.545109	653.64917	41.759937	-0.129547	0	0.329434	1.00E-06	-0.078925	-3.00E-06
6.137	0	0	0	0.2	0	-0.3	0	0	0	36.170078	653.64917	41.916519	-0.129547	0	0.329803	-1.00E-06	-0.050985	-4.00E-06
6.138	0	0	0	0.2	0	-0.3	0	0	0	36.170078	658.790894	42.073223	-0.129402	0	0.330172	-4.00E-06	-0.050985	-4.00E-06
6.139	0	0	0	0.2	0	-0.3	0	0	0	36.167194	658.790894	42.85685	-0.129478	0	0.331106	-2.40E-05	-0.095993	-4.00E-06
6.14	0	0	0	0.2	0	-0.3	0	0	0	35.460762	656.910034	42.85685	-0.129478	0	0.331106	-2.40E-05	-0.179177	-5.00E-06
6.141	0	0	0	0.2	0	-0.3	0	0	0	35.382912	656.910034	42.465237	-0.129478	0	0.331106	-1.00E-05	-0.185775	-5.00E-06
6.142	0	0	0	0.2	0	-0.3	0	0	0	35.225765	658.98291	42.386948	-0.129485	0	0.331151	-1.00E-05	-0.185775	-4.00E-06
6.143	0	0	0	0.2	0	-0.3	0	0	0	34.756496	659.811096	42.465237	-0.129595	0	0.331689	-1.00E-05	-0.185775	-4.00E-06
6.144	0	0	0	0.2	0	-0.3	0	0	0	34.756496	661.051941	42.935299	-0.129989	0	0.331735	-1.60E-05	-0.254831	-5.00E-06
6.145	0	0	0	0.2	0	-0.3	0	0	0	34.909309	662.411194	42.935299	-0.129989	0	0.332396	-9.00E-06	-0.356111	-8.00E-06
6.146	0	0	0	0.2	0	-0.3	0	0	0	34.909309	662.411194	42.621937	-0.129746	0	0.332678	-1.60E-05	-0.356111	-5.00E-06
6.147	0	0	0	0.2	0	-0.3	0	0	0	34.909309	661.548767	42.621937	-0.129746	0	0.332678	-9.00E-06	-0.243674	0
6.148	0	0	0	0.2	0	-0.3	0	0	0	34.441483	661.548767	42.778721	-0.129606	0	0.332833	-9.00E-06	-0.188454	0.00E+00
6.149	0	0	0	0.2	0	-0.3	0	0	0	33.892197	662.057434	42.85717	-0.129805	0	0.333143	-8.00E-06	-0.188454	0
6.15	0	0	0	0.2	0	-0.3	0	0	0	33.892197	663.27478	42.85717	-0.13013	0	0.333552	-8.00E-06	-0.208809	-2.00E-06
6.151	0	0	0	0.2	0	-0.3	0	0	0	34.750721	666.028076	42.85717	-0.13013	0	0.333789	-9.00E-06	-0.268015	-2.00E-06
6.152	0	0	0	0.2	0	-0.3	0	0	0	34.750721	666.028076	43.405483	-0.130131	0	0.334465	-1.10E-05	-0.268015	0
6.153	0	0	0	0.2	0	-0.3	0	0	0	34.515003	663.436768	42.857128	-0.130241	0	0.334512	-1.60E-05	-0.253203	0.00E+00
6.154	0	0	0	0.2	0	-0.3	0	0	0	34.202881	663.436768	42.857128	-0.13042	0	0.335007	-1.60E-05	-0.253203	-6.00E-06
6.155	0	0	0	0.2	0	-0.3	0	0	0	33.887867	665.15625	42.857128	-0.13042	0	0.335113	-1.00E-05	-0.253203	-6.00E-06
6.156	0	0	0	0.2	0	-0.3	0	0	0	33.886425	668.43219	43.092648	-0.130581	0	0.33549	-1.00E-05	-0.307447	-3.00E-06
6.157	0	0	0	0.2	0	-0.3	0	0	0	33.727116	668.43219	43.71925	-0.130581	0	0.335621	-1.10E-05	-0.307447	0.00E+00
6.158	0	0	0	0.2	0	-0.3	0	0	0	33.727116	668.940186	43.71925	-0.130581	0	0.336047	-1.10E-05	-0.350556	0
6.159	0	0	0	0.2	0	-0.3	0	0	0	33.802799	668.940186	43.562786	-0.130579	0	0.336498	-9.00E-06	-0.350556	0
6.16	0	0	0	0.2	0	-0.3	0	0	0	34.116367	668.940186	43.562668	-0.130579	0	0.336702	-9.00E-06	-0.338953	-1.00E-06
6.161	0	0	0	0.2	0	-0.3	0	0	0	34.116367	668.250488	43.562786	-0.130742	0	0.337059	-1.50E-05	-0.329759	-3.00E-06
6.162	0	0	0	0.2	0	-0.3	0	0	0	34.191334	669.296143	43.562908	-0.130947	0	0.337375	-1.50E-05	-0.329501	-3.00E-06
6.163	0	0	0	0.2	0	-0.3	0	0	0	34.428493	670.155823	43.641117	-0.13105	0	0.337537	-1.50E-05	-0.329501	-3.00E-06
6.164	0	0	0	0.2	0	-0.3	0	0	0	35.207005	670.644592	44.268005	-0.13105	0	0.338038	-9.00E-06	-0.329501	-3.00E-06
6.165	0	0	0	0.2	0	-0.3	0	0	0	35.207005	670.661499	44.503281	-0.13105	0	0.338676	-9.00E-06	-0.301116	-8.00E-06
6.166	0	0	0	0.2	0	-0.3	0	0	0	35.126987	670.644592	44.503281	-0.130749	0	0.338676	-9.00E-06	-0.301116	-5.00E-06
6.167	0	0	0	0.2	0	-0.3	0	0	0	35.126987	670.661499	44.189835	-0.131158	0	0.339251	-2.00E-06	-0.317764	-5.00E-06
6.168	0	0	0	0.2	0	-0.3	0	0	0	35.126987	670.146179	44.111546	-0.131027	0	0.339251	-1.80E-05	-0.354831	-5.00E-06
6.169	0	0	0	0.2	0	-0.3	0	0	0	35.433342	672.036194	43.720013	-0.131158	0	0.339637	-1.40E-05	-0.361252	-6.00E-06
6.17	0	0	0	0.2	0	-0.3	0	0	0	35.433342	672.227844	44.111546	-0.13154	0	0.339812	-1.40E-05	-0.392246	-6.00E-06
6.171	0	0	0	0.2	0	-0.3	0	0	0	35.97974	673.936951	44.190197	-0.13154	0	0.340675	-9.00E-06	-0.392246	-6.00E-06
6.172	0	0	0	0.2	0	-0.3	0	0	0	36.055428	673.936951	44.346775	-0.13154	0	0.340675	-9.00E-06	-0.418251	-5.00E-06
6.173	0	0	0	0.2	0	-0.3	0	0	0	36.137608	670.671814	44.346901	-0.131543	0	0.340675	-1.00E-05	-0.407032	-5.00E-06
6.174	0	0	0	0.2	0	-0.3	0	0	0	36.055428	670.671814	44.346901	-0.131722	0	0.341052	-1.00E-05	-0.473096	-6.00E-06
6.175	0	0	0	0.2	0	-0.3	0	0	0	36.525417	670.510925	44.582413	-0.13197	0	0.341117	0	-0.407032	-6.00E-06
6.176	0	0	0	0.2	0	-0.3	0	0	0	36.525417	673.251099	43.877155	-0.13197	0	0.342047	0.00E+00	-0.368978	-6.00E-06
6.177	0	0	0	0.2	0	-0.3	0	0	0	36.986755	673.251099	44.347382	-0.13197	0	0.342539	-8.00E-06	-0.368978	-3.00E-06
6.178	0	0	0	0.2	0	-0.3	0	0	0	37.223915	673.251099	44.347301	-0.131954	0	0.342539	-9.00E-06	-0.425254	-3.00E-06
6.179	0	0	0	0.2	0	-0.3	0	0	0	36.987476	672.416321	44.347382	-0.131954	0	0.342285	-1.00E-05	-0.425254	-3.00E-06
6.18	0	0	0	0.2	0	-0.3	0	0	0	37.218864	672.416321	44.582455	-0.132082	0	0.342285	-9.00E-06	-0.424339	-3.00E-06
6.181	0	0	0	0.2	0	-0.3	0	0	0	37.218864	673.105957	44.582615	-0.132264	0	0.342864	-1.30E-05	-0.399154	-2.00E-06
6.182	0	0	0	0.2	0	-0.3	0	0	0	37.453136	673.792542	44.661068	-0.132305	0	0.34297	-9.00E-06	-0.382017	-1.00E-06
6.183	0	0	0	0.2	0	-0.3	0	0	0	37.453136	673.792542	44.661068	-0.132461	0	0.343967	-1.20E-05	-0.382017	4.00E-06
6.184	0	0	0	0.2	0	-0.3	0	0	0	37.453136	673.792542	44.817768	-0.132461	0	0.344264	-9.00E-06	-0.478479	-1.00E-06
6.185	0	0	0	0.2	0	-0.3	0	0	0	37.061718	674.488403	45.287712	-0.132461	0	0.344264	-1.20E-05	-0.651946	-3.00E-06
6.186	0	0	0	0.2	0	-0.3	0	0	0	38.233814	674.488403	46.149548	-0.13252	0	0.344778	-1.50E-05	-0.651946	-4.00E-06
6.187	0	0	0	0.2	0	-0.3	0	0	0	38.233814	674.488403	46.14975	-0.132842	0	0.344778	-1.50E-05	-0.485187	-8.00E-06
6.188	0	0	0	0.2	0	-0.3	0	0	0	38.463757	675.178345	46.14975	-0.132881	0	0.345077	-1.50E-05	-0.348345	-7.00E-06
6.189	0	0	0	0.2	0	-0.3	0	0	0	38.61874	675.178345	46.306572	-0.133013	0	0.345195	-1.80E-05	-0.461845	-7.00E-06
6.19	0	0	0	0.2	0	-0.3	0	0	0	38.695145	677.74762	46.541763	-0.133051	0	0.345743	-1.80E-05	-0.442545	-7.00E-06
6.191	0	0	0	0.2	0	-0.3	0	0	0	38.926533	677.74762	46.541763	-0.133013	0	0.346044	-8.00E-06	-0.461845	-6.00E-06
6.192	0	0	0	0.2	0	-0.3	0	0	0	38.926533	675.525024	46.698463	-0.133051	0	0.346384	-8.00E-06	-0.442545	-4.00E-06
6.193	0	0	0	0.2	0	-0.3	0	0	0	38.926533	675.525024	46.385223	-0.133217	0	0.346044	-1.00E-05	-0.429012	-4.00E-06
6.194	0	0	0	0.2	0	-0.3	0	0	0	38.930862	681.213318	46.071861	-0.133387	0	0.345926	-1.00E-05	-0.429012	-3.00E-06
6.195	0	0	0	0.2	0	-0.3	0	0	0	38.930862	681.213318	46.071861	-0.133387	0	0.345926	-1.00E-05	-0.52966	-3.00E-06
6.196	0	0	0	0.2	0	-0.3	0	0	0	39.160088	679.324036	47.168972	-0.133387	0	0.346281	-1.00E-05	-0.52966	-3.00E-06
6.197	0	0	0	0.2	0	-0.3	0	0	0	39.236492	679.12146	47.48217	-0.133172	0	0.348043	-1.00E-05	-0.522733	-3.00E-06
6.198	0	0	0	0.2	0	-0.3	0	0	0	39.236492	678.598022	47.403965	-0.133172	0	0.348043	-1.00E-05	-0.520853	-3.00E-06
6.199	0	0	0	0.2	0	-0.3	0	0	0	39.236492	677.765625	47.873905	-0.133652	0	0.348074	-1.30E-05	-0.520853	-3.00E-06
6.2	0	0	0	0.2	0	-0.3	0	0	0	39.471489	677.765625	47.874104	-0.133743	0	0.348187	-1.30E-05	-0.444744	-5.00E-06
6.201	0	0	0	0.2	0	-0.3	0	0	0	39.857861	678.448669	48.814514	-0.133807	0	0.34843	-1.30E-05	-0.436827	-3.00E-06
6.202	0	0	0	0.2	0	-0.3	0	0	0	39.857861	678.967163	48.814514	-0.133881	0	0.348637	-1.90E-05	-0.444744	-3.00E-06
6.203	0	0	0	0.2	0	-0.3	0	0	0	40.093578	678.448669	48.892685	-0.133881	0	0.349131	-1.90E-05	-0.465279	-2.00E-06
6.204	0	0	0	0.2	0	-0.3	0	0	0	41.107082	674.65509	49.519852	-0.133745	0	0.349882	-5.00E-06	-0.465279	-3.00E-06
6.205	0	0	0	0.2	0	-0.3	0	0	0	41.107082	674.65509	49.519852	-0.133635	0	0.350276	-5.00E-06	-0.35112	-4.00E-06
6.206	0	0	0	0.2	0	-0.3	0	0	0	40.560684	678.605286	49.519852	-0.133635	0	0.350255	-2.00E-06	-0.35112	-4.00E-06
6.207	0	0	0	0.2	0	-0.3	0	0	0	40.560684	680.013123	49.676552	-0.134303	0	0.350276	-1.10E-05	-0.399613	-5.00E-06
6.208	0	0	0	0.2	0	-0.3	0	0	0	40.477779	682.241089	50.30344	-0.134439	0	0.3503	-1.10E-05	-0.456314	-5.00E-06
6.209	0	0	0	0.2	0	-0.3	0	0	0	41.102753	682.581238	50.460018	-0.134478	0	0.351096	-1.60E-05	-0.424459	-5.00E-06
6.21	0	0	0	0.2	0	-0.3	0	0	0	41.102753	682.581238	50.538471	-0.134478	0	0.351096	-1.70E-05	-0.456314	-1.10E-05
6.211	0	0	0	0.2	0	-0.3	0	0	0	41.102753	681.722656	50.538471	-0.134478	0	0.351255	-1.70E-05	-0.4891	0.00E+00
6.212	0	0	0	0.2	0	-0.3	0	0	0	41.179161	681.564453	50.538471	-0.134362	0	0.351255	-1.70E-05	-0.4891	-5.00E-06
6.213	0	0	0	0.2	0	-0.3	0	0	0	40.864868	681.564453	50.225109	-0.134715	0	0.351692	-5.00E-06	-0.521147	-3.00E-06
6.214	0	0	0	0.2	0	-0.3	0	0	0	41.173386	688.273682	50.303684	-0.134862	0	0.351692	1.00E-06	-0.530067	-3.00E-06
6.215	0	0	0	0.2	0	-0.3	0	0	0	41.173386	688.273682	50.303684	-0.134862	0	0.351692	1.00E-06	-0.530067	-3.00E-06
6.216	0	0	0	0.2	0	-0.3	0	0	0	42.191223	687.052063	51.243809	-0.134862	0	0.352189	-2.00E-06	-0.500483	-5.00E-06
6.217	0	0	0	0.2	0	-0.3	0	0	0	42.191223	683.11377	51.243809	-0.135253	0	0.35275	-1.20E-05	-0.500483	-7.00E-06
6.218	0	0	0	0.2	0	-0.3	0	0	0	41.719063	683.809204	51.165638	-0.135273	0	0.352938	-1.20E-05	-0.493123	-7.00E-06
6.219	0	0	0	0.2	0	-0.3	0	0	0	41.719063	683.809204	51.165638	-0.135291	0	0.352938	-1.20E-05	-0.493123	-7.00E-06
6.22	0	0	0	0.2	0	-0.3	0	0	0	42.109764	686.550171	51.557373	-0.135273	0	0.353673	-1.20E-05	-0.47092	-4.00E-06
6.221	0	0	0	0.2	0	-0.3	0	0	0	42.734016	687.397583	51.713993	-0.135203	0	0.353951	-1.10E-05	-0.459033	-7.00E-06
6.222	0	0	0	0.2	0	-0.3	0	0	0	42.734016	688.09845	51.713993	-0.135203	0	0.354172	-1.30E-05	-0.47092	-7.00E-06
6.223	0	0	0	0.2	0	-0.3	0	0	0	42.734016	688.09845	52.105888	-0.135371	0	0.3543	-1.10E-05	-0.458291	-7.00E-06
6.224	0	0	0	0.2	0	-0.3	0	0	0	43.74752	683.113342	53.046215	-0.135377	0	0.35504	-1.00E-05	-0.446798	-3.00E-06
6.225	0	0	0	0.2	0	-0.3	0	0	0	43.74752	683.113342	53.516357	-0.135485	0	0.355293	-1.00E-05	-0.430325	-3.00E-06
6.226	0	0	0	0.2	0	-0.3	0	0	0	43.74752	687.905518	53.438152	-0.135481	0	0.355609	-8.00E-06	-0.422323	0.00E+00
6.227	0	0	0	0.2	0	-0.3	0	0	0	43.901779	688.623718	53.516399	-0.135701	0	0.355609	-7.00E-06	-0.422323	-1.10E-05
6.228	0	0	0	0.2	0	-0.3	0	0	0	43.901779	689.311462	53.438152	-0.135653	0	0.355609	-5.00E-06	-0.422323	0.00E+00
6.229	0	0	0	0.2	0	-0.3	0	0	0	43.741024	688.623718	53.438152	-0.135866	0	0.355714	-5.00E-06	-0.425707	-1.00E-05
6.23	0	0	0	0.2	0	-0.3	0	0	0	43.506031	689.303772	53.359619	-0.135653	0	0.356208	-6.00E-06	-0.425707	2.00E-06
6.231	0	0	0	0.2	0	-0.3	0	0	0	43.506031	689.303772	53.359619	-0.135709	0	0.356208	-1.10E-05	-0.492022	-3.00E-06
6.232	0	0	0	0.2	0	-0.3	0	0	0	43.506031	689.303772	53.673141	-0.135709	0	0.356208	-1.20E-05	-0.492022	2.00E-06
6.233	0	0	0	0.2	0	-0.3	0	0	0	43.431065	689.660095	53.673141	-0.135873	0	0.356752	-1.20E-05	-0.492022	-1.00E-06
6.234	0	0	0	0.2	0	-0.3	0	0	0	44.050987	694.6521	53.673302	-0.135897	0	0.356752	-1.20E-05	-0.501629	-1.00E-06
6.235	0	0	0	0.2	0	-0.3	0	0	0	44.050987	694.6521	53.673302	-0.135873	0	0.357029	-1.00E-05	-0.501629	-4.00E-06
6.236	0	0	0	0.2	0	-0.3	0	0	0	44.676682	692.243652	54.61367	-0.136253	0	0.357138	-1.00E-05	-0.539416	-6.00E-06
6.237	0	0	0	0.2	0	-0.3	0	0	0	44.676682	692.243652	54.61367	-0.136237	0	0.357581	-1.10E-05	-0.386792	-8.00E-06
6.238	0	0	0	0.2	0	-0.3	0	0	0	44.676682	693.95697	54.77013	-0.136248	0	0.357883	-1.10E-05	-0.451886	-6.00E-06
6.239	0	0	0	0.2	0	-0.3	0	0	0	45.067379	695.505249	55.788952	-0.136237	0	0.358014	-1.10E-05	-0.403535	-2.00E-06
6.24	0	0	0	0.2	0	-0.3	0	0	0	45.691628	696.012085	55.945492	-0.136243	0	0.358361	-8.00E-06	-0.451886	-2.00E-06
6.241	0	0	0	0.2	0	-0.3	0	0	0	45.691628	696.012085	56.180485	-0.136226	0	0.358433	-6.00E-06	-0.456298	-6.00E-06
6.242	0	0	0	0.2	0	-0.3	0	0	0	45.690186	696.012085	56.180485	-0.136226	0	0.358509	-8.00E-06	-0.588117	-6.00E-06
6.243	0	0	0	0.2	0	-0.3	0	0	0	45.690186	695.662231	56.258976	-0.136101	0	0.358951	-9.00E-06	-0.521499	-6.00E-06
6.244	0	0	0	0.2	0	-0.3	0	0	0	46.549435	695.662231	57.19902	-0.136073	0	0.358808	-1.00E-05	-0.521499	-5.00E-06
6.245	0	0	0	0.2	0	-0.3	0	0	0	46.549435	695.662231	57.669327	-0.136073	0	0.359178	-9.00E-06	-0.521499	-1.00E-05
6.246	0	0	0	0.2	0	-0.3	0	0	0	46.701527	698.603699	57.826069	-0.136178	0	0.359178	-1.00E-05	-0.562682	-8.00E-06
6.247	0	0	0	0.2	0	-0.3	0	0	0	46.701527	698.603699	58.139431	-0.136178	0	0.359915	-1.60E-05	-0.562682	-8.00E-06
6.248	0	0	0	0.2	0	-0.3	0	0	0	46.701527	697.556519	58.922855	-0.136178	0	0.359915	-1.60E-05	-0.562682	-8.00E-06
6.249	0	0	0	0.2	0	-0.3	0	0	0	46.622955	697.556519	58.922935	-0.136105	0	0.360188	-1.60E-05	-0.564309	-4.00E-06
6.25	0	0	0	0.2	0	-0.3	0	0	0	46.38868	697.727356	59.079556	-0.136105	0	0.359838	-1.60E-05	-0.58113	-4.00E-06
6.251	0	0	0	0.2	0	-0.3	0	0	0	46.545822	698.405029	59.549622	-0.136105	0	0.36052	-1.90E-05	-0.58113	-7.00E-06
6.252	0	0	0	0.2	0	-0.3	0	0	0	46.545822	698.739075	59.70644	-0.136303	0	0.360775	-1.90E-05	-0.578503	-7.00E-06
6.253	0	0	0	0.2	0	-0.3	0	0	0	46.69936	698.739075	60.64661	-0.136309	0	0.361779	-1.10E-05	-0.564933	-7.00E-06
6.254	0	0	0	0.2	0	-0.3	0	0	0	46.69936	698.739075	60.64661	-0.136303	0	0.361779	-1.10E-05	-0.564933	-4.00E-06
6.255	0	0	0	0.2	0	-0.3	0	0	0	46.69936	701.496582	60.64661	-0.136309	0	0.361779	-1.80E-05	-0.49506	-7.00E-06
6.256	0	0	0	0.2	0	-0.3	0	0	0	46.466534	701.496582	61.743481	-0.136197	0	0.361572	-1.80E-05	-0.49506	-4.00E-06
6.257	0	0	0	0.2	0	-0.3	0	0	0	46.462204	703.04248	61.743481	-0.136336	0	0.361572	-1.30E-05	-0.571169	-5.00E-06
6.258	0	0	0	0.2	0	-0.3	0	0	0	46.462204	704.9422	61.743481	-0.136336	0	0.361572	-1.30E-05	-0.571169	-5.00E-06
6.259	0	0	0	0.2	0	-0.3	0	0	0	47.714314	704.9422	62.448734	-0.136336	0	0.361893	-1.30E-05	-0.557405	-5.00E-06
6.26	0	0	0	0.2	0	-0.3	0	0	0	47.714314	704.756287	63.153873	-0.136387	0	0.362884	-1.30E-05	-0.557405	-6.00E-06
6.261	0	0	0	0.2	0	-0.3	0	0	0	47.945702	704.247864	63.545807	-0.13626	0	0.362884	-3.00E-06	-0.591252	-6.00E-06
6.262	0	0	0	0.2	0	-0.3	0	0	0	47.474983	704.247864	63.545807	-0.1365	0	0.362646	-7.00E-06	-0.614072	-6.00E-06
6.263	0	0	0	0.2	0	-0.3	0	0	0	47.164303	707.516113	62.997169	-0.136517	0	0.36253	-3.00E-06	-0.614072	-6.00E-06
6.264	0	0	0	0.2	0	-0.3	0	0	0	47.164303	707.516113	62.997169	-0.136619	0	0.362646	-7.00E-06	-0.590679	-8.00E-06
6.265	0	0	0	0.2	0	-0.3	0	0	0	48.177807	706.647034	65.504349	-0.136517	0	0.363913	4.00E-06	-0.590679	-8.00E-06
6.266	0	0	0	0.2	0	-0.3	0	0	0	49.275661	705.801147	65.661163	-0.136497	0	0.364009	-1.60E-05	-0.541962	-6.00E-06
6.267	0	0	0	0.2	0	-0.3	0	0	0	49.348457	705.603699	65.661163	-0.136376	0	0.363989	-1.60E-05	-0.427353	-6.00E-06
6.268	0	0	0	0.2	0	-0.3	0	0	0	49.275661	705.603699	67.541466	-0.136376	0	0.364009	-1.60E-05	-0.427353	-6.00E-06
6.269	0	0	0	0.2	0	-0.3	0	0	0	47.864239	706.457581	67.698082	-0.136376	0	0.364168	-9.00E-06	-0.663807	-1.10E-05
6.27	0	0	0	0.2	0	-0.3	0	0	0	47.630688	706.457581	67.698082	-0.136296	0	0.364168	-9.00E-06	-0.688929	-5.00E-06
6.271	0	0	0	0.2	0	-0.3	0	0	0	47.630688	706.457581	68.324928	-0.136296	0	0.364836	-1.60E-05	-0.663807	-9.00E-06
6.272	0	0	0	0.2	0	-0.3	0	0	0	48.412807	707.650269	69.265137	-0.136296	0	0.364836	-1.60E-05	-0.693806	-5.00E-06
6.273	0	0	0	0.2	0	-0.3	0	0	0	48.797729	707.650269	70.832153	-0.136139	0	0.365549	-1.60E-05	-0.616815	-4.00E-06
6.274	0	0	0	0.2	0	-0.3	0	0	0	48.797729	707.650269	70.832153	-0.136139	0	0.365549	-1.40E-05	-0.647726	-4.00E-06
6.275	0	0	0	0.2	0	-0.3	0	0	0	48.020664	709.027649	69.892059	-0.136139	0	0.365269	-1.20E-05	-0.647726	-5.00E-06
6.276	0	0	0	0.2	0	-0.3	0	0	0	48.017776	710.081482	69.892059	-0.136267	0	0.365068	-1.20E-05	-0.732474	-5.00E-06
6.277	0	0	0	0.2	0	-0.3	0	0	0	47.782059	711.452332	71.380623	-0.136408	0	0.365136	-1.80E-05	-0.814959	-4.00E-06
6.278	0	0	0	0.2	0	-0.3	0	0	0	47.782059	712.650391	71.772354	-0.136408	0	0.365136	-1.80E-05	-0.814959	-3.00E-06
6.279	0	0	0	0.2	0	-0.3	0	0	0	48.171314	712.650391	72.790817	-0.136214	0	0.366052	-1.80E-05	-0.815013	3.00E-06
6.28	0	0	0	0.2	0	-0.3	0	0	0	48.171314	710.732544	73.339409	-0.136177	0	0.366052	-2.50E-05	-0.797371	3.00E-06
6.281	0	0	0	0.2	0	-0.3	0	0	0	48.171314	710.732544	73.496109	-0.136074	0	0.366323	-2.50E-05	-0.828716	-9.00E-06
6.282	0	0	0	0.2	0	-0.3	0	0	0	48.015614	712.979004	73.887764	-0.136074	0	0.365915	-1.10E-05	-0.889454	-9.00E-06
6.283	0	0	0	0.2	0	-0.3	0	0	0	46.68565	716.07019	74.044586	-0.136074	0	0.365849	7.00E-06	-0.959866	-6.00E-06
6.284	0	0	0	0.2	0	-0.3	0	0	0	46.68565	716.07019	74.044586	-0.136308	0	0.365849	2.00E-06	-0.959866	-3.00E-06
6.285	0	0	0	0.2	0	-0.3	0	0	0	47.854855	714.872925	75.846474	-0.136308	0	0.366714	2.00E-06	-0.959866	-6.00E-06
6.286	0	0	0	0.2	0	-0.3	0	0	0	47.854855	714.86438	76.473236	-0.13601	0	0.366953	1.00E-06	-1.048997	-7.00E-06
6.287	0	0	0	0.2	0	-0.3	0	0	0	47.854855	714.86438	76.551491	-0.13601	0	0.367033	1.00E-06	-1.048997	-7.00E-06
6.288	0	0	0	0.2	0	-0.3	0	0	0	47.620583	716.044678	77.570221	-0.135971	0	0.367332	5.00E-06	-1.009056	-5.00E-06
6.289	0	0	0	0.2	0	-0.3	0	0	0	47.620583	716.914551	77.961922	-0.136076	0	0.367351	5.00E-06	-1.009056	-5.00E-06
6.29	0	0	0	0.2	0	-0.3	0	0	0	47.620583	716.914551	78.040207	-0.136076	0	0.367619	-1.30E-05	-1.009056	-5.00E-06
6.291	0	0	0	0.2	0	-0.3	0	0	0	47.933426	719.154785	78.510437	-0.136076	0	0.367619	-1.60E-05	-1.038573	-5.00E-06
6.292	0	0	0	0.2	0	-0.3	0	0	0	48.711216	719.154785	79.137161	-0.136	0	0.3684	-1.60E-05	-0.904691	-5.00E-06
6.293	0	0	0	0.2	0	-0.3	0	0	0	48.9491	715.347961	80.390808	-0.135909	0	0.368521	-6.00E-06	-0.9182	-5.00E-06
6.294	0	0	0	0.2	0	-0.3	0	0	0	48.9491	715.347961	81.174156	-0.135909	0	0.368947	-6.00E-06	-0.9182	-4.00E-06
6.295	0	0	0	0.2	0	-0.3	0	0	0	47.464882	720.168091	81.174156	-0.135738	0	0.368521	-9.00E-06	-0.936838	-4.00E-06
6.296	0	0	0	0.2	0	-0.3	0	0	0	47.464882	721.705139	81.174156	-0.135848	0	0.368251	-9.00E-06	-0.958156	-7.00E-06
6.297	0	0	0	0.2	0	-0.3	0	0	0	47.699154	722.755493	82.036072	-0.135848	0	0.368251	-9.00E-06	-1.068585	-1.10E-05
6.298	0	0	0	0.2	0	-0.3	0	0	0	48.243389	724.469238	82.192612	-0.135848	0	0.368776	-9.00E-06	-1.04905	-8.00E-06
6.299	0	0	0	0.2	0	-0.3	0	0	0	48.243389	724.469238	82.976204	-0.135562	0	0.368776	-9.00E-06	-1.068585	-1.10E-05
6.3	0	0	0	0.2	0	-0.3	0	0	0	47.929821	722.050354	83.054611	-0.135562	0	0.368875	-2.80E-05	-1.142217	-8.00E-06
6.301	0	0	0	0.2	0	-0.3	0	0	0	47.773396	722.050354	83.367889	-0.135449	0	0.368875	-2.80E-05	-1.146188	-7.00E-06
6.302	0	0	0	0.2	0	-0.3	0	0	0	47.693378	725.302002	84.229851	-0.135567	0	0.369072	-2.80E-05	-1.149421	-7.00E-06
6.303	0	0	0	0.2	0	-0.3	0	0	0	47.617695	726.34729	84.229851	-0.135374	0	0.369072	-1.40E-05	-1.199134	-7.00E-06
6.304	0	0	0	0.2	0	-0.3	0	0	0	47.693378	727.72821	84.229851	-0.13549	0	0.369048	-1.90E-05	-1.228157	-4.00E-06
6.305	0	0	0	0.2	0	-0.3	0	0	0	48.708332	727.72821	85.718369	-0.135406	0	0.369048	-1.90E-05	-1.276687	-4.00E-06
6.306	0	0	0	0.2	0	-0.3	0	0	0	48.708332	723.232971	86.031891	-0.13549	0	0.36978	-1.90E-05	-1.276687	-4.00E-06
6.307	0	0	0	0.2	0	-0.3	0	0	0	48.475498	723.232971	86.893814	-0.135554	0	0.369849	-1.60E-05	-1.161457	-4.00E-06
6.308	0	0	0	0.2	0	-0.3	0	0	0	48.475498	725.12915	87.59903	-0.135554	0	0.370302	-1.10E-05	-1.161457	-4.00E-06
6.309	0	0	0	0.2	0	-0.3	0	0	0	48.475498	726.682434	87.990685	-0.135554	0	0.370386	-1.10E-05	-1.038163	-3.00E-06
6.31	0	0	0	0.2	0	-0.3	0	0	0	49.019733	727.019958	88.774307	-0.13542	0	0.370386	-6.00E-06	-1.038163	-5.00E-06
6.311	0	0	0	0.2	0	-0.3	0	0	0	48.711216	729.587708	89.00946	-0.135396	0	0.370749	1.00E-06	-1.034895	-4.00E-06
6.312	0	0	0	0.2	0	-0.3	0	0	0	48.786182	729.587708	89.63591	-0.135379	0	0.371168	-6.00E-06	-1.034895	-6.00E-06
6.313	0	0	0	0.2	0	-0.3	0	0	0	48.711216	725.126404	90.419495	-0.135396	0	0.371307	-1.40E-05	-1.049	-4.00E-06
6.314	0	0	0	0.2	0	-0.3	0	0	0	48.630482	725.126404	90.889397	-0.135603	0	0.371307	-1.90E-05	-1.149064	-4.00E-06
6.315	0	0	0	0.2	0	-0.3	0	0	0	48.473335	729.590393	91.203041	-0.135603	0	0.371188	-1.90E-05	-1.10579	-4.00E-06
6.316	0	0	0	0.2	0	-0.3	0	0	0	48.473335	729.762451	91.281448	-0.135354	0	0.371188	-1.00E-05	-1.10579	-4.00E-06
6.317	0	0	0	0.2	0	-0.3	0	0	0	49.334743	731.809021	92.613419	-0.135313	0	0.371737	-1.00E-05	-1.060546	-6.00E-06
6.318	0	0	0	0.2	0	-0.3	0	0	0	49.334743	731.809021	92.691757	-0.1352	0	0.371882	-2.90E-05	-1.060546	-6.00E-06
6.319	0	0	0	0.2	0	-0.3	0	0	0	49.175438	728.536926	93.318604	-0.1352	0	0.371842	-2.90E-05	-1.135132	-6.00E-06
6.32	0	0	0	0.2	0	-0.3	0	0	0	48.628315	728.536926	94.10199	-0.135126	0	0.371882	-1.80E-05	-1.151633	-2.00E-06
6.321	0	0	0	0.2	0	-0.3	0	0	0	48.394039	731.635803	95.198814	-0.135126	0	0.372014	-1.00E-05	-1.151633	-2.00E-06
6.322	0	0	0	0.2	0	-0.3	0	0	0	48.315468	731.64093	95.355637	-0.135126	0	0.372014	-1.80E-05	-1.196834	-2.00E-06
6.323	0	0	0	0.2	0	-0.3	0	0	0	47.689049	735.417053	95.904068	-0.135064	0	0.372014	-2.10E-05	-1.175988	-3.00E-06
6.324	0	0	0	0.2	0	-0.3	0	0	0	47.689049	735.417053	96.217598	-0.135031	0	0.372189	-2.10E-05	-1.175988	-5.00E-06
6.325	0	0	0	0.2	0	-0.3	0	0	0	48.466839	732.137634	97.001022	-0.134685	0	0.372495	-2.10E-05	-1.175988	-1.00E-05
6.326	0	0	0	0.2	0	-0.3	0	0	0	48.466839	728.709778	98.567993	-0.134685	0	0.372639	-8.00E-06	-1.353995	-5.00E-06
6.327	0	0	0	0.2	0	-0.3	0	0	0	47.845474	728.709778	99.508163	-0.134752	0	0.372701	-8.00E-06	-1.353995	-1.10E-05
6.328	0	0	0	0.2	0	-0.3	0	0	0	47.844753	731.102417	99.664658	-0.134957	0	0.372793	-1.80E-05	-1.315966	-3.00E-06
6.329	0	0	0	0.2	0	-0.3	0	0	0	47.844753	733.165527	100.91835	-0.134813	0	0.373226	-2.30E-05	-1.251599	-3.00E-06
6.33	0	0	0	0.2	0	-0.3	0	0	0	47.844753	732.990112	101.232033	-0.134813	0	0.373618	-2.60E-05	-1.250024	0.00E+00
6.331	0	0	0	0.2	0	-0.3	0	0	0	48.314022	732.990112	102.250458	-0.134781	0	0.373618	-2.60E-05	-1.244636	0
6.332	0	0	0	0.2	0	-0.3	0	0	0	48.314022	732.128052	102.328827	-0.134781	0	0.373542	-2.00E-05	-1.213841	-3.00E-06
6.333	0	0	0	0.2	0	-0.3	0	0	0	48.156879	731.276733	103.974167	-0.134985	0	0.373542	-9.00E-06	-1.213841	-8.00E-06
6.334	0	0	0	0.2	0	-0.3	0	0	0	47.921883	731.276733	104.052498	-0.134985	0	0.373834	-1.90E-05	-1.213841	-3.00E-06
6.335	0	0	0	0.2	0	-0.3	0	0	0	47.453331	734.367493	104.130829	-0.135084	0	0.373878	-1.50E-05	-1.269614	-7.00E-06
6.336	0	0	0	0.2	0	-0.3	0	0	0	47.453331	734.706177	104.444077	-0.134849	0	0.373878	-1.90E-05	-1.269614	-2.00E-06
6.337	0	0	0	0.2	0	-0.3	0	0	0	48.001179	734.706177	105.384521	-0.134849	0	0.37407	-1.50E-05	-1.188053	-7.00E-06
6.338	0	0	0	0.2	0	-0.3	0	0	0	48.001179	734.008789	106.402977	-0.134591	0	0.374089	-2.10E-05	-1.188053	-1.00E-05
6.339	0	0	0	0.2	0	-0.3	0	0	0	47.844032	732.298523	106.481232	-0.134482	0	0.374217	-1.50E-05	-1.311897	-1.00E-05
6.34	0	0	0	0.2	0	-0.3	0	0	0	47.844032	732.298523	107.421356	-0.134585	0	0.374217	-2.30E-05	-1.398329	-1.00E-06
6.341	0	0	0	0.2	0	-0.3	0	0	0	48.072533	735.387756	108.361687	-0.134585	0	0.37429	-1.50E-05	-1.311897	1.00E-06
6.342	0	0	0	0.2	0	-0.3	0	0	0	48.072533	735.902283	108.518463	-0.134626	0	0.374506	-4.00E-06	-1.276103	-1.00E-06
6.343	0	0	0	0.2	0	-0.3	0	0	0	48.389709	737.617981	108.75338	-0.134626	0	0.374787	0	-1.241901	2.00E-06
6.344	0	0	0	0.2	0	-0.3	0	0	0	48.389709	737.617981	108.988609	-0.134386	0	0.374822	0.00E+00	-1.213089	-4.00E-06
6.345	0	0	0	0.2	0	-0.3	0	0	0	48.389709	736.20697	110.320717	-0.134386	0	0.374976	-4.00E-06	-1.199109	-2.00E-06
6.346	0	0	0	0.2	0	-0.3	0	0	0	48.781853	734.362854	111.182434	-0.134462	0	0.374984	-2.50E-05	-1.198607	-2.00E-06
6.347	0	0	0	0.2	0	-0.3	0	0	0	48.386822	734.007935	111.652451	-0.134462	0	0.374984	-6.00E-06	-1.198607	-2.00E-06
6.348	0	0	0	0.2	0	-0.3	0	0	0	48.781853	734.362854	112.044304	-0.134377	0	0.375361	-2.50E-05	-1.239697	2.00E-06
6.349	0	0	0	0.2	0	-0.3	0	0	0	48.544689	734.007935	112.201172	-0.134377	0	0.375511	-1.70E-05	-1.239697	-1.00E-05
6.35	0	0	0	0.2	0	-0.3	0	0	0	48.933224	733.995972	113.297882	-0.134224	0	0.376078	-1.70E-05	-1.197843	-4.00E-06
6.351	0	0	0	0.2	0	-0.3	0	0	0	49.325363	733.823914	114.003014	-0.134002	0	0.376078	-1.70E-05	-1.197843	-5.00E-06
6.352	0	0	0	0.2	0	-0.3	0	0	0	49.404659	730.899048	114.238121	-0.133941	0	0.376078	-1.30E-05	-1.197843	-4.00E-06
6.353	0	0	0	0.2	0	-0.3	0	0	0	49.485397	729.69397	115.49173	-0.133941	0	0.376404	-1.80E-05	-1.10463	-5.00E-06
6.354	0	0	0	0.2	0	-0.3	0	0	0	49.796082	729.69397	115.49173	-0.133941	0	0.376404	-2.00E-06	-1.10463	0.00E+00
6.355	0	0	0	0.2	0	-0.3	0	0	0	49.796082	732.096741	115.805023	-0.134053	0	0.376647	-1.30E-05	-1.170504	-5.00E-06
6.356	0	0	0	0.2	0	-0.3	0	0	0	50.343201	732.096741	115.805023	-0.133968	0	0.376647	-1.00E-05	-1.170504	3.00E-06
6.357	0	0	0	0.2	0	-0.3	0	0	0	50.188942	732.096741	117.058784	-0.133968	0	0.376647	-1.30E-05	-1.176846	-7.00E-06
6.358	0	0	0	0.2	0	-0.3	0	0	0	50.188942	730.894348	117.763763	-0.133837	0	0.376697	-2.20E-05	-1.107237	-1.00E-06
6.359	0	0	0	0.2	0	-0.3	0	0	0	50.111088	729.876831	117.763924	-0.133837	0	0.376697	-2.20E-05	-1.107237	-8.00E-06
6.36	0	0	0	0.2	0	-0.3	0	0	0	50.111088	729.876831	117.998917	-0.134115	0	0.376765	-1.20E-05	-1.099709	-1.00E-06
6.361	0	0	0	0.2	0	-0.3	0	0	0	51.201004	729.876831	118.390617	-0.134115	0	0.377014	-1.20E-05	-0.937043	-1.00E-06
6.362	0	0	0	0.2	0	-0.3	0	0	0	51.283184	730.390991	120.11441	-0.133836	0	0.377103	-1.60E-05	-0.891701	-1.00E-06
6.363	0	0	0	0.2	0	-0.3	0	0	0	51.283184	729.874573	120.976372	-0.133836	0	0.37735	-1.60E-05	-0.891701	-2.00E-06
6.364	0	0	0	0.2	0	-0.3	0	0	0	50.891045	729.52771	121.368065	-0.133836	0	0.377983	2.00E-06	-0.860936	-2.00E-06
6.365	0	0	0	0.2	0	-0.3	0	0	0	50.891045	726.233948	123.640244	-0.134065	0	0.379556	2.00E-06	-0.538711	-2.00E-06
6.366	0	0	0	0.2	0	-0.3	0	0	0	52.30246	726.108643	124.658867	-0.134254	0	0.379556	-4.00E-06	-0.320639	-1.00E-06
6.367	0	0	0	0.2	0	-0.3	0	0	0	52.540344	724.542603	125.207512	-0.134254	0	0.3789	-1.50E-05	-0.320639	-1.00E-06
6.368	0	0	0	0.2	0	-0.3	0	0	0	52.693882	724.542603	125.36393	-0.134029	0	0.378518	-1.50E-05	-0.353266	-1.00E-06
6.369	0	0	0	0.2	0	-0.3	0	0	0	52.853188	724.542603	125.364006	-0.133713	0	0.3789	-1.50E-05	-0.414638	0.00E+00
6.37	0	0	0	0.2	0	-0.3	0	0	0	52.853188	724.540283	127.087761	-0.13336	0	0.378518	-6.00E-06	-0.485098	-1.00E-05
6.371	0	0	0	0.2	0	-0.3	0	0	0	53.245327	722.649475	127.949677	-0.13336	0	0.379029	-6.00E-06	-0.414638	-7.00E-06
6.372	0	0	0	0.2	0	-0.3	0	0	0	53.245327	720.588196	129.046463	-0.133281	0	0.378477	-1.00E-05	-0.338353	-1.00E-05
6.373	0	0	0	0.2	0	-0.3	0	0	0	53.245327	720.588196	130.064911	-0.133607	0	0.378477	-1.20E-05	-0.311977	-7.00E-06
6.374	0	0	0	0.2	0	-0.3	0	0	0	53.634583	720.933044	130.299866	-0.13335	0	0.378477	-2.00E-05	-0.311977	-1.00E-05
6.375	0	0	0	0.2	0	-0.3	0	0	0	53.634583	720.933044	130.535019	-0.13335	0	0.378693	-2.00E-05	-0.447742	-1.00E-05
6.376	0	0	0	0.2	0	-0.3	0	0	0	53.171806	719.376282	131.631683	-0.133223	0	0.379152	-2.40E-05	-0.49667	-1.00E-05
6.377	0	0	0	0.2	0	-0.3	0	0	0	52.62252	717.988831	131.944931	-0.132943	0	0.379277	-1.10E-05	-0.447742	-4.00E-06
6.378	0	0	0	0.2	0	-0.3	0	0	0	52.7047	713.016846	133.041962	-0.132842	0	0.379511	-7.00E-06	-0.304978	-4.00E-06
6.379	0	0	0	0.2	0	-0.3	0	0	0	52.7047	713.016846	133.668762	-0.132943	0	0.379528	-1.00E-06	-0.269576	-2.00E-06
6.38	0	0	0	0.2	0	-0.3	0	0	0	52.70903	713.374023	135.235657	-0.133087	0	0.379802	-1.00E-06	-0.120414	-4.00E-06
6.381	0	0	0	0.2	0	-0.3	0	0	0	52.70903	713.374023	135.470566	-0.133087	0	0.380026	-1.70E-05	-0.120414	-4.00E-06
6.382	0	0	0	0.2	0	-0.3	0	0	0	51.927635	713.536743	135.470566	-0.133087	0	0.380412	-1.70E-05	-0.232556	-6.00E-06
6.383	0	0	0	0.2	0	-0.3	0	0	0	51.303383	713.360474	134.373779	-0.132973	0	0.38042	-1.40E-05	-0.232556	-6.00E-06
6.384	0	0	0	0.2	0	-0.3	0	0	0	51.141911	710.085266	134.373779	-0.133343	0	0.38042	-1.00E-06	-0.200918	-6.00E-06
6.385	0	0	0	0.2	0	-0.3	0	0	0	50.832672	703.587769	134.530563	-0.133208	0	0.381031	0.00E+00	-0.167201	-6.00E-06
6.386	0	0	0	0.2	0	-0.3	0	0	0	50.831226	703.579285	134.922821	-0.133208	0	0.381031	-1.00E-06	0.013716	-7.00E-06
6.387	0	0	0	0.2	0	-0.3	0	0	0	50.831226	701.856201	134.922821	-0.133048	0	0.3811	0.00E+00	0.013716	-7.00E-06
6.388	0	0	0	0.2	0	-0.3	0	0	0	49.499828	701.856201	134.374512	-0.133027	0	0.381448	-1.10E-05	-0.026965	-5.00E-06
6.389	0	0	0	0.2	0	-0.3	0	0	0	49.420532	698.751953	133.591003	-0.133002	0	0.381469	-1.10E-05	-0.026965	-1.00E-06
6.39	0	0	0	0.2	0	-0.3	0	0	0	49.188419	697.897156	133.591003	-0.1329	0	0.381726	-1.10E-05	0.018111	-5.00E-06
6.391	0	0	0	0.2	0	-0.3	0	0	0	49.029831	694.121704	133.748459	-0.132848	0	0.381632	-1.30E-05	0.018111	-5.00E-06
6.392	0	0	0	0.2	0	-0.3	0	0	0	47.934147	691.378784	133.826553	-0.132819	0	0.381726	-1.30E-05	0.063065	-5.00E-06
6.393	0	0	0	0.2	0	-0.3	0	0	0	47.854851	690.503601	133.748749	-0.132848	0	0.381857	-1.80E-05	0.077363	-5.00E-06
6.394	0	0	0	0.2	0	-0.3	0	0	0	47.381973	690.338928	133.748749	-0.132788	0	0.381991	-1.10E-05	0.077363	-7.00E-06
6.395	0	0	0	0.2	0	-0.3	0	0	0	47.304123	687.583313	133.670746	-0.132459	0	0.38228	-1.70E-05	-0.055036	-7.00E-06
6.396	0	0	0	0.2	0	-0.3	0	0	0	46.051292	683.798279	133.592606	-0.132179	0	0.381991	-1.70E-05	-0.059135	-4.00E-06
6.397	0	0	0	0.2	0	-0.3	0	0	0	45.736282	681.058044	133.592606	-0.132296	0	0.38228	-1.70E-05	-0.059135	-2.00E-06
6.398	0	0	0	0.2	0	-0.3	0	0	0	45.189159	675.557983	133.43634	-0.132296	0	0.382249	-1.60E-05	0.007489	-2.00E-06
6.399	0	0	0	0.2	0	-0.3	0	0	0	45.109142	675.557983	133.43634	-0.132419	0	0.382489	-1.60E-05	0.018216	-5.00E-06
6.4	0	0	0	0.2	0	-0.3	0	0	0	44.874866	674.707825	134.455017	-0.132419	0	0.383155	-2.10E-05	0.018216	-6.00E-06
6.401	0	0	0	0.2	0	-0.3	0	0	0	44.401268	671.771729	134.690201	-0.132239	0	0.383636	-2.10E-05	-0.04267	-6.00E-06
6.402	0	0	0	0.2	0	-0.3	0	0	0	43.854145	665.944214	134.690201	-0.132239	0	0.383654	-1.70E-05	-0.04267	-6.00E-06
6.403	0	0	0	0.2	0	-0.3	0	0	0	42.837757	664.235779	134.768646	-0.13241	0	0.383684	-1.50E-05	-0.04267	-3.00E-06
6.404	0	0	0	0.2	0	-0.3	0	0	0	42.837032	659.929565	134.925201	-0.132427	0	0.384427	-1.70E-05	-0.039269	-3.00E-06
6.405	0	0	0	0.2	0	-0.3	0	0	0	42.297127	653.747253	135.003571	-0.132427	0	0.384427	-2.00E-05	-0.039269	-3.00E-06
6.406	0	0	0	0.2	0	-0.3	0	0	0	42.063572	653.606445	135.003571	-0.132427	0	0.384455	-2.00E-05	0.157084	-3.00E-06
6.407	0	0	0	0.2	0	-0.3	0	0	0	42.063572	652.895142	134.455017	-0.132389	0	0.384566	-2.00E-05	0.157084	-3.00E-06
6.408	0	0	0	0.2	0	-0.3	0	0	0	41.048626	646.53302	134.219971	-0.131875	0	0.384566	-1.90E-05	0.133093	-1.00E-06
6.409	0	0	0	0.2	0	-0.3	0	0	0	40.111526	644.472534	134.455017	-0.131875	0	0.384566	-1.30E-05	0.049388	-1.00E-06
6.41	0	0	0	0.2	0	-0.3	0	0	0	39.642979	641.561829	134.063034	-0.131756	0	0.384722	-1.30E-05	0.00106	-2.00E-06
6.411	0	0	0	0.2	0	-0.3	0	0	0	38.942318	636.225708	134.611633	-0.131787	0	0.384976	-1.70E-05	-0.002063	-2.00E-06
6.412	0	0	0	0.2	0	-0.3	0	0	0	38.16309	635.885925	135.159729	-0.131787	0	0.385212	-1.70E-05	-0.002063	-7.00E-06
6.413	0	0	0	0.2	0	-0.3	0	0	0	38.161644	632.094604	135.159729	-0.131787	0	0.386082	-2.20E-05	0.083635	-7.00E-06
6.414	0	0	0	0.2	0	-0.3	0	0	0	37.14814	627.971252	134.611511	-0.131486	0	0.386082	-9.00E-06	0.083635	-7.00E-06
6.415	0	0	0	0.2	0	-0.3	0	0	0	36.133915	626.604248	134.611511	-0.1313	0	0.386082	-2.10E-05	-0.038122	-7.00E-06
6.416	0	0	0	0.2	0	-0.3	0	0	0	35.510384	625.095398	134.611267	-0.1313	0	0.38556	-9.00E-06	-0.080272	-7.00E-06
6.417	0	0	0	0.2	0	-0.3	0	0	0	34.49255	622.647461	134.689636	-0.13132	0	0.386175	-3.00E-06	-0.080272	0.00E+00
6.418	0	0	0	0.2	0	-0.3	0	0	0	33.478321	613.890808	134.611267	-0.131768	0	0.385763	-3.00E-06	-0.073935	0
6.419	0	0	0	0.2	0	-0.3	0	0	0	33.478321	613.054626	134.376389	-0.13132	0	0.386175	-7.00E-06	0.097079	0.00E+00
6.42	0	0	0	0.2	0	-0.3	0	0	0	33.323341	608.221069	133.671341	-0.131211	0	0.387021	-7.00E-06	0.097079	-4.00E-06
6.421	0	0	0	0.2	0	-0.3	0	0	0	32.072674	604.444031	133.514587	-0.130752	0	0.387021	-1.20E-05	-0.021473	-3.00E-06
6.422	0	0	0	0.2	0	-0.3	0	0	0	31.29056	598.43103	132.966278	-0.130752	0	0.387211	-3.00E-06	-0.042258	-4.00E-06
6.423	0	0	0	0.2	0	-0.3	0	0	0	29.803453	595.006165	132.574753	-0.130752	0	0.38732	-2.10E-05	-0.042258	-4.00E-06
6.424	0	0	0	0.2	0	-0.3	0	0	0	29.259941	588.284973	132.26123	-0.130706	0	0.387627	-4.00E-06	-0.027873	-4.00E-06
6.425	0	0	0	0.2	0	-0.3	0	0	0	29.258497	585.044434	131.634781	-0.130706	0	0.388586	-5.00E-06	0.141681	-4.00E-06
6.426	0	0	0	0.2	0	-0.3	0	0	0	28.476377	582.121033	131.55658	-0.130769	0	0.388736	-5.00E-06	0.141681	-5.00E-06
6.427	0	0	0	0.2	0	-0.3	0	0	0	27.225714	579.023315	130.929932	-0.130769	0	0.388813	-6.00E-06	0.119457	-2.00E-06
6.428	0	0	0	0.2	0	-0.3	0	0	0	25.893587	571.124878	129.990005	-0.130769	0	0.388736	-1.30E-05	0.01786	-6.00E-06
6.429	0	0	0	0.2	0	-0.3	0	0	0	25.26573	566.84375	129.676804	-0.130685	0	0.388865	-1.30E-05	0.01786	-4.00E-06
6.43	0	0	0	0.2	0	-0.3	0	0	0	23.939377	562.879578	128.971832	-0.130685	0	0.389013	-1.30E-05	0.05366	-4.00E-06
6.431	0	0	0	0.2	0	-0.3	0	0	0	23.234386	555.8479	128.34523	-0.130685	0	0.389412	-5.00E-06	0.095572	-2.00E-06
6.432	0	0	0	0.2	0	-0.3	0	0	0	22.609415	552.083618	127.875725	-0.130559	0	0.389412	-1.40E-05	0.216558	-1.00E-06
6.433	0	0	0	0.2	0	-0.3	0	0	0	22.372976	546.571594	127.640366	-0.130557	0	0.390291	-6.00E-06	0.216558	-2.00E-06
6.434	0	0	0	0.2	0	-0.3	0	0	0	21.667265	540.737976	126.151886	-0.130557	0	0.390307	-9.00E-06	0.158709	-6.00E-06
6.435	0	0	0	0.2	0	-0.3	0	0	0	19.950214	535.577393	125.917023	-0.13054	0	0.390307	-6.00E-06	0.158709	-6.00E-06
6.436	0	0	0	0.2	0	-0.3	0	0	0	19.791624	529.934631	124.89888	-0.130509	0	0.390342	-8.00E-06	0.176261	-4.00E-06
6.437	0	0	0	0.2	0	-0.3	0	0	0	19.243782	522.192383	124.272446	-0.130509	0	0.391216	-6.00E-06	0.219112	-3.00E-06
6.438	0	0	0	0.2	0	-0.3	0	0	0	18.385977	514.476746	124.193871	-0.130321	0	0.391216	-8.00E-06	0.355944	-4.00E-06
6.439	0	0	0	0.2	0	-0.3	0	0	0	18.305964	513.788574	122.940659	-0.130321	0	0.391263	-1.10E-05	0.355944	-3.00E-06
6.44	0	0	0	0.2	0	-0.3	0	0	0	17.518795	508.277344	122.470718	-0.129661	0	0.391825	-1.20E-05	0.085536	-5.00E-06
6.441	0	0	0	0.2	0	-0.3	0	0	0	16.112425	498.849579	121.060562	-0.129661	0	0.391825	-1.60E-05	0.085536	-2.00E-06
6.442	0	0	0	0.2	0	-0.3	0	0	0	15.488176	492.514038	120.042351	-0.129566	0	0.391825	-1.20E-05	0.115155	-4.00E-06
6.443	0	0	0	0.2	0	-0.3	0	0	0	14.548192	487.167542	119.415588	-0.129355	0	0.392592	-1.60E-05	0.286514	-3.00E-06
6.444	0	0	0	0.2	0	-0.3	0	0	0	14.238232	478.592865	118.867599	-0.129337	0	0.393086	-1.30E-05	0.369261	-4.00E-06
6.445	0	0	0	0.2	0	-0.3	0	0	0	14.23751	471.391449	117.535774	-0.129337	0	0.393086	-1.30E-05	0.492062	-4.00E-06
6.446	0	0	0	0.2	0	-0.3	0	0	0	13.21751	470.189484	117.065796	-0.1295	0	0.39378	-1.20E-05	0.492062	-4.00E-06
6.447	0	0	0	0.2	0	-0.3	0	0	0	12.514688	457.98056	115.969002	-0.1295	0	0.394972	-9.00E-06	0.398032	-4.00E-06
6.448	0	0	0	0.2	0	-0.3	0	0	0	12.514688	450.091003	114.323814	-0.129118	0	0.395036	-1.10E-05	0.398032	-3.00E-06
6.449	0	0	0	0.2	0	-0.3	0	0	0	12.044694	443.916351	113.227188	-0.129118	0	0.395036	-1.10E-05	0.470973	-3.00E-06
6.45	0	0	0	0.2	0	-0.3	0	0	0	11.420444	438.423248	112.208611	-0.129356	0	0.395036	-1.10E-05	0.499476	-3.00E-06
6.451	0	0	0	0.2	0	-0.3	0	0	0	11.420444	430.892731	110.328552	-0.129414	0	0.395438	-1.10E-05	0.535091	-4.00E-06
6.452	0	0	0	0.2	0	-0.3	0	0	0	11.495409	426.247894	108.99678	-0.129414	0	0.396488	-1.10E-05	0.596361	-3.00E-06
6.453	0	0	0	0.2	0	-0.3	0	0	0	11.495409	416.104523	108.213272	-0.129036	0	0.396488	-5.00E-06	0.635305	-3.00E-06
6.454	0	0	0	0.2	0	-0.3	0	0	0	10.634718	406.847198	106.803246	-0.128876	0	0.396321	-5.00E-06	0.596361	-2.00E-06
6.455	0	0	0	0.2	0	-0.3	0	0	0	9.850435	400.677155	105.70665	-0.128905	0	0.396321	-5.00E-06	0.603692	-2.00E-06
6.456	0	0	0	0.2	0	-0.3	0	0	0	9.456131	393.126556	104.688446	-0.128905	0	0.397721	-1.20E-05	0.603692	-2.00E-06
6.457	0	0	0	0.2	0	-0.3	0	0	0	8.59977	383.166809	104.140083	-0.128905	0	0.398471	-1.20E-05	0.77864	-5.00E-06
6.458	0	0	0	0.2	0	-0.3	0	0	0	8.521196	377.510925	102.494942	-0.128801	0	0.398863	-1.20E-05	0.77864	-5.00E-06
6.459	0	0	0	0.2	0	-0.3	0	0	0	8.125448	370.285553	100.928131	-0.128672	0	0.399906	-1.50E-05	0.695799	-1.00E-06
6.46	0	0	0	0.2	0	-0.3	0	0	0	8.044712	361.19754	98.891335	-0.128515	0	0.400883	-1.50E-05	0.695799	1.00E-06
6.461	0	0	0	0.2	0	-0.3	0	0	0	6.796931	350.734772	96.619308	-0.128515	0	0.400993	-7.00E-06	0.808569	-1.00E-06
6.462	0	0	0	0.2	0	-0.3	0	0	0	6.24981	344.732544	94.73925	-0.128515	0	0.401126	-3.00E-06	0.909248	-5.00E-06
6.463	0	0	0	0.2	0	-0.3	0	0	0	6.248368	339.065491	92.153618	-0.128394	0	0.401266	-3.00E-06	0.962747	-5.00E-06
6.464	0	0	0	0.2	0	-0.3	0	0	0	6.248368	329.10611	90.665382	-0.128394	0	0.402951	-7.00E-06	1.027728	-3.00E-06
6.465	0	0	0	0.2	0	-0.3	0	0	0	6.248368	324.320404	89.255234	-0.128073	0	0.403581	-7.00E-06	1.028712	-3.00E-06
6.466	0	0	0	0.2	0	-0.3	0	0	0	5.856948	314.171997	86.434853	-0.128489	0	0.404714	-7.00E-06	1.028712	-3.00E-06
6.467	0	0	0	0.2	0	-0.3	0	0	0	5.221874	303.188202	83.771126	-0.128489	0	0.404763	-3.00E-06	1.006606	-3.00E-06
6.468	0	0	0	0.2	0	-0.3	0	0	0	3.818391	296.849976	81.812584	-0.128489	0	0.405333	-3.00E-06	0.922375	-3.00E-06
6.469	0	0	0	0.2	0	-0.3	0	0	0	3.42625	290.834198	80.402397	-0.127831	0	0.406841	-2.00E-06	0.964888	-2.00E-06
6.47	0	0	0	0.2	0	-0.3	0	0	0	3.347679	282.077911	78.287109	-0.127831	0	0.406865	-7.00E-06	0.924922	-1.00E-06
6.471	0	0	0	0.2	0	-0.3	0	0	0	2.484102	275.90863	75.466682	-0.128661	0	0.408439	-7.00E-06	0.961812	-1.00E-06
6.472	0	0	0	0.2	0	-0.3	0	0	0	2.247664	270.599518	73.743286	-0.128661	0	0.409304	-7.00E-06	0.924922	-1.00E-06
6.473	0	0	0	0.2	0	-0.3	0	0	0	2.246941	270.599518	70.452682	-0.128884	0	0.409304	-9.00E-06	0.961812	-1.00E-06
6.474	0	0	0	0.2	0	-0.3	0	0	0	0.996276	260.099731	67.083549	-0.127988	0	0.409719	-6.00E-06	0.890606	-2.00E-06
6.475	0	0	0	0.2	0	-0.3	0	0	0	0.996276	245.200058	64.576767	-0.127988	0	0.409719	-6.00E-06	0.955858	-1.00E-06
6.476	0	0	0	0.2	0	-0.3	0	0	0	1.069076	236.612671	61.91301	-0.127988	0	0.412439	-6.00E-06	0.955858	-2.00E-06
6.477	0	0	0	0.2	0	-0.3	0	0	0	1.069076	229.23761	60.189453	-0.127748	0	0.41483	-6.00E-06	1.032526	-1.00E-06
6.478	0	0	0	0.2	0	-0.3	0	0	0	0.835523	223.225723	57.99572	-0.127685	0	0.415336	-6.00E-06	1.032526	-2.00E-06
6.479	0	0	0	0.2	0	-0.3	0	0	0	0.756229	216.012695	55.645317	-0.127412	0	0.416486	-6.00E-06	1.024575	-1.00E-06
6.48	0	0	0	0.2	0	-0.3	0	0	0	-0.186642	206.580643	52.276417	-0.127412	0	0.416939	-3.00E-06	1.004535	-1.00E-06
6.481	0	0	0	0.2	0	-0.3	0	0	0	-1.043724	200.765442	49.064186	-0.128129	0	0.41763	-3.00E-06	0.963856	-1.00E-06
6.482	0	0	0	0.2	0	-0.3	0	0	0	-1.044445	195.431641	47.340515	-0.128618	0	0.420481	-4.00E-06	0.981125	-1.00E-06
6.483	0	0	0	0.2	0	-0.3	0	0	0	-1.044445	190.972672	45.538548	-0.128129	0	0.42095	-4.00E-06	0.981125	-1.00E-06
6.484	0	0	0	0.2	0	-0.3	0	0	0	-0.339456	183.924362	44.363426	-0.126816	0	0.42095	-4.00E-06	0.981125	-1.00E-06
6.485	0	0	0	0.2	0	-0.3	0	0	0	-0.031661	179.666763	40.837502	-0.126816	0	0.423436	-4.00E-06	1.050869	0
6.486	0	0	0	0.2	0	-0.3	0	0	0	-0.031661	171.222458	40.524345	-0.127364	0	0.425088	-4.00E-06	0.969353	0
6.487	0	0	0	0.2	0	-0.3	0	0	0	-0.89235	162.664841	38.565517	-0.127714	0	0.427025	-4.00E-06	1.050869	0
6.488	0	0	0	0.2	0	-0.3	0	0	0	-0.89235	158.547623	35.980095	-0.127714	0	0.427025	-4.00E-06	1.076836	0.00E+00
6.489	0	0	0	0.2	0	-0.3	0	0	0	-0.265933	154.250671	34.021347	-0.127131	0	0.428725	-5.00E-06	1.10571	-1.00E-06
6.49	0	0	0	0.2	0	-0.3	0	0	0	-0.187361	147.214661	31.82749	-0.127027	0	0.430937	-5.00E-06	1.10571	-1.00E-06
6.491	0	0	0	0.2	0	-0.3	0	0	0	-0.187361	140.872192	29.869064	-0.127027	0	0.433805	-4.00E-06	1.139545	-1.00E-06
6.492	0	0	0	0.2	0	-0.3	0	0	0	-0.267378	136.059158	28.380421	-0.125808	0	0.436858	-4.00E-06	1.139545	-1.00E-06
6.493	0	0	0	0.2	0	-0.3	0	0	0	-0.344505	127.135078	26.499763	-0.125808	0	0.436858	-4.00E-06	1.088562	-1.00E-06
6.494	0	0	0	0.2	0	-0.3	0	0	0	-1.5166	125.264717	24.070835	-0.126993	0	0.437871	-3.00E-06	0.994535	-1.00E-06
6.495	0	0	0	0.2	0	-0.3	0	0	0	-1.5166	122.021523	23.52232	-0.129202	0	0.437871	-3.00E-06	0.990659	-1.00E-06
6.496	0	0	0	0.2	0	-0.3	0	0	0	-1.672302	113.424507	22.268787	-0.129202	0	0.444364	-3.00E-06	0.974612	-1.00E-06
6.497	0	0	0	0.2	0	-0.3	0	0	0	-1.672302	110.667786	21.25021	-0.127605	0	0.446269	-3.00E-06	0.986725	0.00E+00
6.498	0	0	0	0.2	0	-0.3	0	0	0	-1.828724	105.353249	20.388371	-0.125641	0	0.45141	-3.00E-06	0.968366	0
6.499	0	0	0	0.2	0	-0.3	0	0	0	-2.063722	100.540215	18.507999	-0.125499	0	0.452759	-2.00E-06	0.880176	0
6.5	0	0	0	0.2	0	-0.3	0	0	0	-2.063722	93.346474	16.235607	-0.124871	0	0.454881	-2.00E-06	0.880176	0.00E+00
6.501	0	0	0	0.2	0	-0.3	0	0	0	-2.062276	89.567963	16.235607	-0.125499	0	0.45571	-2.00E-06	0.88509	0
6.502	0	0	0	0.2	0	-0.3	0	0	0	-1.358011	88.37529	15.687176	-0.12635	0	0.454881	-2.00E-06	0.918872	0
6.503	0	0	0	0.2	0	-0.3	0	0	0	-1.203031	87.359695	15.530312	-0.12635	0	0.456891	-3.00E-06	1.050618	0
6.504	0	0	0	0.2	0	-0.3	0	0	0	-1.045163	80.307518	15.295322	-0.124516	0	0.461778	-3.00E-06	0.926331	0
6.505	0	0	0	0.2	0	-0.3	0	0	0	-1.045163	79.620934	14.119957	-0.124516	0	0.461778	-3.00E-06	0.926331	0
6.506	0	0	0	0.2	0	-0.3	0	0	0	-1.279439	72.767441	13.258121	-0.122473	0	0.462433	-2.00E-06	0.926331	0
6.507	0	0	0	0.2	0	-0.3	0	0	0	-1.279439	67.611443	11.612778	-0.124872	0	0.473539	-2.00E-06	0.927365	0
6.508	0	0	0	0.2	0	-0.3	0	0	0	-0.183751	66.417633	11.534248	-0.123791	0	0.473901	-1.00E-06	1.136202	0
6.509	0	0	0	0.2	0	-0.3	0	0	0	-0.183751	63.506195	11.455997	-0.123791	0	0.476888	-1.00E-06	1.136202	0
6.51	0	0	0	0.2	0	-0.3	0	0	0	-0.342339	57.654396	10.750698	-0.122002	0	0.488968	-1.00E-06	0.915991	0.00E+00
6.511	0	0	0	0.2	0	-0.3	0	0	0	-0.342339	55.606964	9.96703	-0.122002	0	0.492336	-1.00E-06	0.915991	0
6.512	0	0	0	0.2	0	-0.3	0	0	0	-0.028048	50.451385	9.57542	-0.122002	0	0.506485	-2.00E-06	0.93197	0
6.513	0	0	0	0.2	0	-0.3	0	0	0	-0.028048	47.368706	9.105358	-0.11831	0	0.507168	-2.00E-06	0.946782	0
6.514	0	0	0	0.2	0	-0.3	0	0	0	-0.028048	47.204723	9.105358	-0.11831	0	0.516466	-2.00E-06	1.019877	0
6.515	0	0	0	0.2	0	-0.3	0	0	0	0.674774	47.204723	9.105358	-0.118922	0	0.51515	-1.00E-06	1.019877	0.00E+00
6.516	0	0	0	0.2	0	-0.3	0	0	0	0.674774	43.422386	9.026707	-0.120651	0	0.519846	-1.00E-06	0.965512	0
6.517	0	0	0	0.2	0	-0.3	0	0	0	0.205505	38.450787	9.026707	-0.118922	0	0.536335	-1.00E-06	0.890732	0
6.518	0	0	0	0.2	0	-0.3	0	0	0	0.204782	34.843903	9.026707	-0.117845	0	0.547514	-1.00E-06	0.882311	0
6.519	0	0	0	0.2	0	-0.3	0	0	0	-0.184474	29.351982	8.63501	-0.117845	0	0.576023	-1.00E-06	0.877079	0
6.52	0	0	0	0.2	0	-0.3	0	0	0	-0.184474	26.281254	7.851425	-0.118019	0	0.58289	-1.00E-06	0.877079	0
6.521	0	0	0	0.2	0	-0.3	0	0	0	0.050523	26.281254	7.851425	-0.126324	0	0.584574	-1.00E-06	1.089296	0
6.522	0	0	0	0.2	0	-0.3	0	0	0	0.050523	26.281254	7.851425	-0.13	0	0.58289	0	1.089296	0
6.523	0	0	0	0.2	0	-0.3	0	0	0	0	0	0	-0.13	0	0.305	0	0	0
6.524	0	0	0	0.2	0	-0.3	0	0	0	0	0	0	-0.13	0	0.305	0	0	0
6.525	0	0	0	0.2	0	-0.3	0	0	0	0	0	0	-0.13	0	0.305	0	0	0
6.526	0	0	0	0.2	0	-0.3	0	0	0	0	0	0	-0.13	0	0.305	0	0	0
6.527	0	0	0	0.2	0	-0.3	0	0	0	0	0	0	-0.13	0	0.305	0	0	0
6.528	0	0	0	0.2	0	-0.3	0	0	0	0	0	0	-0.13	0	0.305	0	0	0
6.529	0	0	0	0.2	0	-0.3	0	0	0	0	0	0	-0.13	0	0.305	0	0	0
6.53	0	0	0	0.2	0	-0.3	0	0	0	0	0	0	-0.13	0	0.305	0	0	0
6.531	0	0	0	0.2	0	-0.3	0	0	0	0	0	0	-0.13	0	0.305	0	0	0
6.532	0	0	0	0.2	0	-0.3	0	0	0	0	0	0	-0.13	0	0.305	0	0	0
6.533	0	0	0	0.2	0	-0.3	0	0	0	0	0	0	-0.13	0	0.305	0	0	0
6.534	0	0	0	0.2	0	-0.3	0	0	0	0	0	0	-0.13	0	0.305	0	0	0
6.535	0	0	0	0.2	0	-0.3	0	0	0	0	0	0	-0.13	0	0.305	0	0	0
6.536	0	0	0	0.2	0	-0.3	0	0	0	0	0	0	-0.13	0	0.305	0	0	0
6.537	0	0	0	0.2	0	-0.3	0	0	0	0	0	0	-0.13	0	0.305	0	0	0
6.538	0	0	0	0.2	0	-0.3	0	0	0	0	0	0	-0.13	0	0.305	0	0	0
6.539	0	0	0	0.2	0	-0.3	0	0	0	0	0	0	-0.13	0	0.305	0	0	0
6.54	0	0	0	0.2	0	-0.3	0	0	0	0	0	0	-0.13	0	0.305	0	0	0
6.541	0	0	0	0.2	0	-0.3	0	0	0	0	0	0	-0.13	0	0.305	0	0	0
6.542	0	0	0	0.2	0	-0.3	0	0	0	0	0	0	-0.13	0	0.305	0	0	0
6.543	0	0	0	0.2	0	-0.3	0	0	0	0	0	0	-0.13	0	0.305	0	0	0
6.544	0	0	0	0.2	0	-0.3	0	0	0	0	0	0	-0.13	0	0.305	0	0	0
6.545	0	0	0	0.2	0	-0.3	0	0	0	0	0	0	-0.13	0	0.305	0	0	0
6.546	0	0	0	0.2	0	-0.3	0	0	0	0	0	0	-0.13	0	0.305	0	0	0
6.547	0	0	0	0.2	0	-0.3	0	0	0	0	0	0	-0.13	0	0.305	0	0	0
6.548	0	0	0	0.2	0	-0.3	0	0	0	0	0	0	-0.13	0	0.305	0	0	0
6.549	0	0	0	0.2	0	-0.3	0	0	0	0	0	0	-0.13	0	0.305	0	0	0
6.55	0	0	0	0.2	0	-0.3	0	0	0	0	0	0	-0.13	0	0.305	0	0	0
6.551	0	0	0	0.2	0	-0.3	0	0	0	0	0	0	-0.13	0	0.305	0	0	0
6.552	0	0	0	0.2	0	-0.3	0	0	0	0	0	0	-0.13	0	0.305	0	0	0
6.553	0	0	0	0.2	0	-0.3	0	0	0	0	0	0	-0.13	0	0.305	0	0	0
6.554	0	0	0	0.2	0	-0.3	0	0	0	0	0	0	-0.13	0	0.305	0	0	0
6.555	0	0	0	0.2	0	-0.3	0	0	0	0	0	0	-0.13	0	0.305	0	0	0
6.556	0	0	0	0.2	0	-0.3	0	0	0	0	0	0	-0.13	0	0.305	0	0	0
6.557	0	0	0	0.2	0	-0.3	0	0	0	0	0	0	-0.13	0	0.305	0	0	0
6.558	0	0	0	0.2	0	-0.3	0	0	0	0	0	0	-0.13	0	0.305	0	0	0
6.559	0	0	0	0.2	0	-0.3	0	0	0	0	0	0	-0.13	0	0.305	0	0	0
6.56	0	0	0	0.2	0	-0.3	0	0	0	0	0	0	-0.13	0	0.305	0	0	0
6.561	0	0	0	0.2	0	-0.3	0	0	0	0	0	0	-0.13	0	0.305	0	0	0
6.562	0	0	0	0.2	0	-0.3	0	0	0	0	0	0	-0.13	0	0.305	0	0	0
6.563	0	0	0	0.2	0	-0.3	0	0	0	0	0	0	-0.13	0	0.305	0	0	0
6.564	0	0	0	0.2	0	-0.3	0	0	0	0	0	0	-0.13	0	0.305	0	0	0
6.565	0	0	0	0.2	0	-0.3	0	0	0	0	0	0	-0.13	0	0.305	0	0	0
6.566	0	0	0	0.2	0	-0.3	0	0	0	0	0	0	-0.13	0	0.305	0	0	0
6.567	0	0	0	0.2	0	-0.3	0	0	0	0	0	0	-0.13	0	0.305	0	0	0
6.568	0	0	0	0.2	0	-0.3	0	0	0	0	0	0	-0.13	0	0.305	0	0	0
6.569	0	0	0	0.2	0	-0.3	0	0	0	0	0	0	-0.13	0	0.305	0	0	0
6.57	0	0	0	0.2	0	-0.3	0	0	0	0	0	0	-0.13	0	0.305	0	0	0
6.571	0	0	0	0.2	0	-0.3	0	0	0	0	0	0	-0.13	0	0.305	0	0	0
6.572	0	0	0	0.2	0	-0.3	0	0	0	0	0	0	-0.13	0	0.305	0	0	0
6.573	0	0	0	0.2	0	-0.3	0	0	0	0	0	0	-0.13	0	0.305	0	0	0
6.574	0	0	0	0.2	0	-0.3	0	0	0	0	0	0	-0.13	0	0.305	0	0	0
6.575	0	0	0	0.2	0	-0.3	0	0	0	0	0	0	-0.13	0	0.305	0	0	0
6.576	0	0	0	0.2	0	-0.3	0	0	0	0	0	0	-0.13	0	0.305	0	0	0
6.577	0	0	0	0.2	0	-0.3	0	0	0	0	0	0	-0.13	0	0.305	0	0	0
6.578	0	0	0	0.2	0	-0.3	0	0	0	0	0	0	-0.13	0	0.305	0	0	0
6.579	0	0	0	0.2	0	-0.3	0	0	0	0	0	0	-0.13	0	0.305	0	0	0
6.58	0	0	0	0.2	0	-0.3	0	0	0	0	0	0	-0.13	0	0.305	0	0	0
6.581	0	0	0	0.2	0	-0.3	0	0	0	0	0	0	-0.13	0	0.305	0	0	0
6.582	0	0	0	0.2	0	-0.3	0	0	0	0	0	0	-0.13	0	0.305	0	0	0
6.583	0	0	0	0.2	0	-0.3	0	0	0	0	0	0	-0.13	0	0.305	0	0	0
6.584	0	0	0	0.2	0	-0.3	0	0	0	0	0	0	-0.13	0	0.305	0	0	0
6.585	0	0	0	0.2	0	-0.3	0	0	0	0	0	0	-0.13	0	0.305	0	0	0
6.586	0	0	0	0.2	0	-0.3	0	0	0	0	0	0	-0.13	0	0.305	0	0	0
6.587	0	0	0	0.2	0	-0.3	0	0	0	0	0	0	-0.13	0	0.305	0	0	0
6.588	0	0	0	0.2	0	-0.3	0	0	0	0	0	0	-0.13	0	0.305	0	0	0
6.589	0	0	0	0.2	0	-0.3	0	0	0	0	0	0	-0.13	0	0.305	0	0	0
6.59	0	0	0	0.2	0	-0.3	0	0	0	0	0	0	-0.13	0	0.305	0	0	0
6.591	0	0	0	0.2	0	-0.3	0	0	0	0	0	0	-0.13	0	0.305	0	0	0
6.592	0	0	0	0.2	0	-0.3	0	0	0	0	0	0	-0.13	0	0.305	0	0	0
6.593	0	0	0	0.2	0	-0.3	0	0	0	0	0	0	-0.13	0	0.305	0	0	0
6.594	0	0	0	0.2	0	-0.3	0	0	0	0	0	0	-0.13	0	0.305	0	0	0
6.595	0	0	0	0.2	0	-0.3	0	0	0	0	0	0	-0.13	0	0.305	0	0	0
6.596	0	0	0	0.2	0	-0.3	0	0	0	0	0	0	-0.13	0	0.305	0	0	0
6.597	0	0	0	0.2	0	-0.3	0	0	0	0	0	0	-0.13	0	0.305	0	0	0
6.598	0	0	0	0.2	0	-0.3	0	0	0	0	0	0	-0.13	0	0.305	0	0	0
6.599	0	0	0	0.2	0	-0.3	0	0	0	0	0	0	-0.13	0	0.305	0	0	0
6.6	0	0	0	0.2	0	-0.3	0	0	0	0	0	0	-0.13	0	0.305	0	0	0
6.601	0	0	0	0.2	0	-0.3	0	0	0	0	0	0	-0.13	0	0.305	0	0	0
6.602	0	0	0	0.2	0	-0.3	0	0	0	0	0	0	-0.13	0	0.305	0	0	0
6.603	0	0	0	0.2	0	-0.3	0	0	0	0	0	0	-0.13	0	0.305	0	0	0
6.604	0	0	0	0.2	0	-0.3	0	0	0	0	0	0	-0.13	0	0.305	0	0	0
6.605	0	0	0	0.2	0	-0.3	0	0	0	0	0	0	-0.13	0	0.305	0	0	0
6.606	0	0	0	0.2	0	-0.3	0	0	0	0	0	0	-0.13	0	0.305	0	0	0
6.607	0	0	0	0.2	0	-0.3	0	0	0	0	0	0	-0.13	0	0.305	0	0	0
6.608	0	0	0	0.2	0	-0.3	0	0	0	0	0	0	-0.13	0	0.305	0	0	0
6.609	0	0	0	0.2	0	-0.3	0	0	0	0	0	0	-0.13	0	0.305	0	0	0
6.61	0	0	0	0.2	0	-0.3	0	0	0	0	0	0	-0.13	0	0.305	0	0	0
6.611	0	0	0	0.2	0	-0.3	0	0	0	0	0	0	-0.13	0	0.305	0	0	0
6.612	0	0	0	0.2	0	-0.3	0	0	0	0	0	0	-0.13	0	0.305	0	0	0
6.613	0	0	0	0.2	0	-0.3	0	0	0	0	0	0	-0.13	0	0.305	0	0	0
6.614	0	0	0	0.2	0	-0.3	0	0	0	0	0	0	-0.13	0	0.305	0	0	0
6.615	0	0	0	0.2	0	-0.3	0	0	0	0	0	0	-0.13	0	0.305	0	0	0
6.616	0	0	0	0.2	0	-0.3	0	0	0	0	0	0	-0.13	0	0.305	0	0	0
6.617	0	0	0	0.2	0	-0.3	0	0	0	0	0	0	-0.13	0	0.305	0	0	0
6.618	0	0	0	0.2	0	-0.3	0	0	0	0	0	0	-0.13	0	0.305	0	0	0
6.619	0	0	0	0.2	0	-0.3	0	0	0	0	0	0	-0.13	0	0.305	0	0	0
6.62	0	0	0	0.2	0	-0.3	0	0	0	0	0	0	-0.13	0	0.305	0	0	0
6.621	0	0	0	0.2	0	-0.3	0	0	0	0	0	0	-0.13	0	0.305	0	0	0
6.622	0	0	0	0.2	0	-0.3	0	0	0	0	0	0	-0.13	0	0.305	0	0	0
6.623	0	0	0	0.2	0	-0.3	0	0	0	0	0	0	-0.13	0	0.305	0	0	0
6.624	0	0	0	0.2	0	-0.3	0	0	0	0	0	0	-0.13	0	0.305	0	0	0
6.625	0	0	0	0.2	0	-0.3	0	0	0	0	0	0	-0.13	0	0.305	0	0	0
6.626	0	0	0	0.2	0	-0.3	0	0	0	0	0	0	-0.13	0	0.305	0	0	0
6.627	0	0	0	0.2	0	-0.3	0	0	0	0	0	0	-0.13	0	0.305	0	0	0
6.628	0	0	0	0.2	0	-0.3	0	0	0	0	0	0	-0.13	0	0.305	0	0	0
6.629	0	0	0	0.2	0	-0.3	0	0	0	0	0	0	-0.13	0	0.305	0	0	0
6.63	0	0	0	0.2	0	-0.3	0	0	0	0	0	0	-0.13	0	0.305	0	0	0
6.631	0	0	0	0.2	0	-0.3	0	0	0	0	0	0	-0.13	0	0.305	0	0	0
6.632	0	0	0	0.2	0	-0.3	0	0	0	0	0	0	-0.13	0	0.305	0	0	0
6.633	0	0	0	0.2	0	-0.3	0	0	0	0	0	0	-0.13	0	0.305	0	0	0
6.634	0	0	0	0.2	0	-0.3	0	0	0	0	0	0	-0.13	0	0.305	0	0	0
6.635	0	0	0	0.2	0	-0.3	0	0	0	0	0	0	-0.13	0	0.305	0	0	0
6.636	0	0	0	0.2	0	-0.3	0	0	0	0	0	0	-0.13	0	0.305	0	0	0
6.637	0	0	0	0.2	0	-0.3	0	0	0	0	0	0	-0.13	0	0.305	0	0	0
6.638	0	0	0	0.2	0	-0.3	0	0	0	0	0	0	-0.13	0	0.305	0	0	0
6.639	0	0	0	0.2	0	-0.3	0	0	0	0	0	0	-0.13	0	0.305	0	0	0
6.64	0	0	0	0.2	0	-0.3	0	0	0	0	0	0	-0.13	0	0.305	0	0	0
6.641	0	0	0	0.2	0	-0.3	0	0	0	0	0	0	-0.13	0	0.305	0	0	0
6.642	0	0	0	0.2	0	-0.3	0	0	0	0	0	0	-0.13	0	0.305	0	0	0
6.643	0	0	0	0.2	0	-0.3	0	0	0	0	0	0	-0.13	0	0.305	0	0	0
6.644	0	0	0	0.2	0	-0.3	0	0	0	0	0	0	-0.13	0	0.305	0	0	0
6.645	0	0	0	0.2	0	-0.3	0	0	0	0	0	0	-0.13	0	0.305	0	0	0
6.646	0	0	0	0.2	0	-0.3	0	0	0	0	0	0	-0.13	0	0.305	0	0	0
6.647	0	0	0	0.2	0	-0.3	0	0	0	0	0	0	-0.13	0	0.305	0	0	0
6.648	0	0	0	0.2	0	-0.3	0	0	0	0	0	0	-0.13	0	0.305	0	0	0
6.649	0	0	0	0.2	0	-0.3	0	0	0	0	0	0	-0.13	0	0.305	0	0	0
6.65	0	0	0	0.2	0	-0.3	0	0	0	0	0	0	-0.13	0	0.305	0	0	0
6.651	0	0	0	0.2	0	-0.3	0	0	0	0	0	0	-0.13	0	0.305	0	0	0
6.652	0	0	0	0.2	0	-0.3	0	0	0	0	0	0	-0.13	0	0.305	0	0	0
6.653	0	0	0	0.2	0	-0.3	0	0	0	0	0	0	-0.13	0	0.305	0	0	0
6.654	0	0	0	0.2	0	-0.3	0	0	0	0	0	0	-0.13	0	0.305	0	0	0
6.655	0	0	0	0.2	0	-0.3	0	0	0	0	0	0	-0.13	0	0.305	0	0	0
6.656	0	0	0	0.2	0	-0.3	0	0	0	0	0	0	-0.13	0	0.305	0	0	0
6.657	0	0	0	0.2	0	-0.3	0	0	0	0	0	0	-0.13	0	0.305	0	0	0
6.658	0	0	0	0.2	0	-0.3	0	0	0	0	0	0	-0.13	0	0.305	0	0	0
6.659	0	0	0	0.2	0	-0.3	0	0	0	0	0	0	-0.13	0	0.305	0	0	0
6.66	0	0	0	0.2	0	-0.3	0	0	0	0	0	0	-0.13	0	0.305	0	0	0
6.661	0	0	0	0.2	0	-0.3	0	0	0	0	0	0	-0.13	0	0.305	0	0	0
6.662	0	0	0	0.2	0	-0.3	0	0	0	0	0	0	-0.13	0	0.305	0	0	0
6.663	0	0	0	0.2	0	-0.3	0	0	0	0	0	0	-0.13	0	0.305	0	0	0
6.664	0	0	0	0.2	0	-0.3	0	0	0	0	0	0	-0.13	0	0.305	0	0	0
6.665	0	0	0	0.2	0	-0.3	0	0	0	0	0	0	-0.13	0	0.305	0	0	0
6.666	0	0	0	0.2	0	-0.3	0	0	0	0	0	0	-0.13	0	0.305	0	0	0
6.667	0	0	0	0.2	0	-0.3	0	0	0	0	0	0	-0.13	0	0.305	0	0	0
6.668	0	0	0	0.2	0	-0.3	0	0	0	0	0	0	-0.13	0	0.305	0	0	0
6.669	0	0	0	0.2	0	-0.3	0	0	0	0	0	0	-0.13	0	0.305	0	0	0
6.67	0	0	0	0.2	0	-0.3	0	0	0	0	0	0	-0.13	0	0.305	0	0	0
6.671	0	0	0	0.2	0	-0.3	0	0	0	0	0	0	-0.13	0	0.305	0	0	0
6.672	0	0	0	0.2	0	-0.3	0	0	0	0	0	0	-0.13	0	0.305	0	0	0
6.673	0	0	0	0.2	0	-0.3	0	0	0	0	0	0	-0.13	0	0.305	0	0	0
6.674	0	0	0	0.2	0	-0.3	0	0	0	0	0	0	-0.13	0	0.305	0	0	0
6.675	0	0	0	0.2	0	-0.3	0	0	0	0	0	0	-0.13	0	0.305	0	0	0
6.676	0	0	0	0.2	0	-0.3	0	0	0	0	0	0	-0.13	0	0.305	0	0	0
6.677	0	0	0	0.2	0	-0.3	0	0	0	0	0	0	-0.13	0	0.305	0	0	0
6.678	0	0	0	0.2	0	-0.3	0	0	0	0	0	0	-0.13	0	0.305	0	0	0
6.679	0	0	0	0.2	0	-0.3	0	0	0	0	0	0	-0.13	0	0.305	0	0	0
6.68	0	0	0	0.2	0	-0.3	0	0	0	0	0	0	-0.13	0	0.305	0	0	0
6.681	0	0	0	0.2	0	-0.3	0	0	0	0	0	0	-0.13	0	0.305	0	0	0
6.682	0	0	0	0.2	0	-0.3	0	0	0	0	0	0	-0.13	0	0.305	0	0	0
6.683	0	0	0	0.2	0	-0.3	0	0	0	0	0	0	-0.13	0	0.305	0	0	0
6.684	0	0	0	0.2	0	-0.3	0	0	0	0	0	0	-0.13	0	0.305	0	0	0
6.685	0	0	0	0.2	0	-0.3	0	0	0	0	0	0	-0.13	0	0.305	0	0	0
6.686	0	0	0	0.2	0	-0.3	0	0	0	0	0	0	-0.13	0	0.305	0	0	0
6.687	0	0	0	0.2	0	-0.3	0	0	0	0	0	0	-0.13	0	0.305	0	0	0
6.688	0	0	0	0.2	0	-0.3	0	0	0	0	0	0	-0.13	0	0.305	0	0	0
6.689	0	0	0	0.2	0	-0.3	0	0	0	0	0	0	-0.13	0	0.305	0	0	0
6.69	0	0	0	0.2	0	-0.3	0	0	0	0	0	0	-0.13	0	0.305	0	0	0
6.691	0	0	0	0.2	0	-0.3	0	0	0	0	0	0	-0.13	0	0.305	0	0	0
6.692	0	0	0	0.2	0	-0.3	0	0	0	0	0	0	-0.13	0	0.305	0	0	0
6.693	0	0	0	0.2	0	-0.3	0	0	0	0	0	0	-0.13	0	0.305	0	0	0
6.694	0	0	0	0.2	0	-0.3	0	0	0	0	0	0	-0.13	0	0.305	0	0	0
6.695	0	0	0	0.2	0	-0.3	0	0	0	0	0	0	-0.13	0	0.305	0	0	0
6.696	0	0	0	0.2	0	-0.3	0	0	0	0	0	0	-0.13	0	0.305	0	0	0
6.697	0	0	0	0.2	0	-0.3	0	0	0	0	0	0	-0.13	0	0.305	0	0	0
6.698	0	0	0	0.2	0	-0.3	0	0	0	0	0	0	-0.13	0	0.305	0	0	0
6.699	0	0	0	0.2	0	-0.3	0	0	0	0	0	0	-0.13	0	0.305	0	0	0
6.7	0	0	0	0.2	0	-0.3	0	0	0	0	0	0	-0.13	0	0.305	0	0	0
6.701	0	0	0	0.2	0	-0.3	0	0	0	0	0	0	-0.13	0	0.305	0	0	0
6.702	0	0	0	0.2	0	-0.3	0	0	0	0	0	0	-0.13	0	0.305	0	0	0
6.703	0	0	0	0.2	0	-0.3	0	0	0	0	0	0	-0.13	0	0.305	0	0	0
6.704	0	0	0	0.2	0	-0.3	0	0	0	0	0	0	-0.13	0	0.305	0	0	0
6.705	0	0	0	0.2	0	-0.3	0	0	0	0	0	0	-0.13	0	0.305	0	0	0
6.706	0	0	0	0.2	0	-0.3	0	0	0	0	0	0	-0.13	0	0.305	0	0	0
6.707	0	0	0	0.2	0	-0.3	0	0	0	0	0	0	-0.13	0	0.305	0	0	0
6.708	0	0	0	0.2	0	-0.3	0	0	0	0	0	0	-0.13	0	0.305	0	0	0
6.709	0	0	0	0.2	0	-0.3	0	0	0	0	0	0	-0.13	0	0.305	0	0	0
6.71	0	0	0	0.2	0	-0.3	0	0	0	0	0	0	-0.13	0	0.305	0	0	0
6.711	0	0	0	0.2	0	-0.3	0	0	0	0	0	0	-0.13	0	0.305	0	0	0
6.712	0	0	0	0.2	0	-0.3	0	0	0	0	0	0	-0.13	0	0.305	0	0	0
6.713	0	0	0	0.2	0	-0.3	0	0	0	0	0	0	-0.13	0	0.305	0	0	0
6.714	0	0	0	0.2	0	-0.3	0	0	0	0	0	0	-0.13	0	0.305	0	0	0
6.715	0	0	0	0.2	0	-0.3	0	0	0	0	0	0	-0.13	0	0.305	0	0	0
6.716	0	0	0	0.2	0	-0.3	0	0	0	0	0	0	-0.13	0	0.305	0	0	0
6.717	0	0	0	0.2	0	-0.3	0	0	0	0	0	0	-0.13	0	0.305	0	0	0
6.718	0	0	0	0.2	0	-0.3	0	0	0	0	0	0	-0.13	0	0.305	0	0	0
6.719	0	0	0	0.2	0	-0.3	0	0	0	0	0	0	-0.13	0	0.305	0	0	0
6.72	0	0	0	0.2	0	-0.3	0	0	0	0	0	0	-0.13	0	0.305	0	0	0
6.721	0	0	0	0.2	0	-0.3	0	0	0	0	0	0	-0.13	0	0.305	0	0	0
6.722	0	0	0	0.2	0	-0.3	0	0	0	0	0	0	-0.13	0	0.305	0	0	0
6.723	0	0	0	0.2	0	-0.3	0	0	0	0	0	0	-0.13	0	0.305	0	0	0
6.724	0	0	0	0.2	0	-0.3	0	0	0	0	0	0	-0.13	0	0.305	0	0	0
6.725	0	0	0	0.2	0	-0.3	0	0	0	0	0	0	-0.13	0	0.305	0	0	0
6.726	0	0	0	0.2	0	-0.3	0	0	0	0	0	0	-0.13	0	0.305	0	0	0
6.727	0	0	0	0.2	0	-0.3	0	0	0	0	0	0	-0.13	0	0.305	0	0	0
6.728	0	0	0	0.2	0	-0.3	0	0	0	0	0	0	-0.13	0	0.305	0	0	0
6.729	0	0	0	0.2	0	-0.3	0	0	0	0	0	0	-0.13	0	0.305	0	0	0
6.73	0	0	0	0.2	0	-0.3	0	0	0	0	0	0	-0.13	0	0.305	0	0	0
6.731	0	0	0	0.2	0	-0.3	0	0	0	0	0	0	-0.13	0	0.305	0	0	0
6.732	0	0	0	0.2	0	-0.3	0	0	0	0	0	0	-0.13	0	0.305	0	0	0
6.733	0	0	0	0.2	0	-0.3	0	0	0	0	0	0	-0.13	0	0.305	0	0	0
6.734	0	0	0	0.2	0	-0.3	0	0	0	0	0	0	-0.13	0	0.305	0	0	0
6.735	0	0	0	0.2	0	-0.3	0	0	0	0	0	0	-0.13	0	0.305	0	0	0
6.736	0	0	0	0.2	0	-0.3	0	0	0	0	0	0	-0.13	0	0.305	0	0	0
6.737	0	0	0	0.2	0	-0.3	0	0	0	0	0	0	-0.13	0	0.305	0	0	0
6.738	0	0	0	0.2	0	-0.3	0	0	0	0	0	0	-0.13	0	0.305	0	0	0
6.739	0	0	0	0.2	0	-0.3	0	0	0	0	0	0	-0.13	0	0.305	0	0	0
6.74	0	0	0	0.2	0	-0.3	0	0	0	0	0	0	-0.13	0	0.305	0	0	0
6.741	0	0	0	0.2	0	-0.3	0	0	0	0	0	0	-0.13	0	0.305	0	0	0
6.742	0	0	0	0.2	0	-0.3	0	0	0	0	0	0	-0.13	0	0.305	0	0	0
6.743	0	0	0	0.2	0	-0.3	0	0	0	0	0	0	-0.13	0	0.305	0	0	0
6.744	0	0	0	0.2	0	-0.3	0	0	0	0	0	0	-0.13	0	0.305	0	0	0
6.745	0	0	0	0.2	0	-0.3	0	0	0	0	0	0	-0.13	0	0.305	0	0	0
6.746	0	0	0	0.2	0	-0.3	0	0	0	0	0	0	-0.13	0	0.305	0	0	0
6.747	0	0	0	0.2	0	-0.3	0	0	0	0	0	0	-0.13	0	0.305	0	0	0
6.748	0	0	0	0.2	0	-0.3	0	0	0	0	0	0	-0.13	0	0.305	0	0	0
6.749	0	0	0	0.2	0	-0.3	0	0	0	0	0	0	-0.13	0	0.305	0	0	0
6.75	0	0	0	0.2	0	-0.3	0	0	0	0	0	0	-0.13	0	0.305	0	0	0
6.751	0	0	0	0.2	0	-0.3	0	0	0	0	0	0	-0.13	0	0.305	0	0	0
6.752	0	0	0	0.2	0	-0.3	0	0	0	0	0	0	-0.13	0	0.305	0	0	0
6.753	0	0	0	0.2	0	-0.3	0	0	0	0	0	0	-0.13	0	0.305	0	0	0
6.754	0	0	0	0.2	0	-0.3	0	0	0	0	0	0	-0.13	0	0.305	0	0	0
6.755	0	0	0	0.2	0	-0.3	0	0	0	0	0	0	-0.13	0	0.305	0	0	0
6.756	0	0	0	0.2	0	-0.3	0	0	0	0	0	0	-0.13	0	0.305	0	0	0
6.757	0	0	0	0.2	0	-0.3	0	0	0	0	0	0	-0.13	0	0.305	0	0	0
6.758	0	0	0	0.2	0	-0.3	0	0	0	0	0	0	-0.13	0	0.305	0	0	0
6.759	0	0	0	0.2	0	-0.3	0	0	0	0	0	0	-0.13	0	0.305	0	0	0
6.76	0	0	0	0.2	0	-0.3	0	0	0	0	0	0	-0.13	0	0.305	0	0	0
6.761	0	0	0	0.2	0	-0.3	0	0	0	0	0	0	-0.13	0	0.305	0	0	0
6.762	0	0	0	0.2	0	-0.3	0	0	0	0	0	0	-0.13	0	0.305	0	0	0
6.763	0	0	0	0.2	0	-0.3	0	0	0	0	0	0	-0.13	0	0.305	0	0	0
6.764	0	0	0	0.2	0	-0.3	0	0	0	0	0	0	-0.13	0	0.305	0	0	0
6.765	0	0	0	0.2	0	-0.3	0	0	0	0	0	0	-0.13	0	0.305	0	0	0
6.766	0	0	0	0.2	0	-0.3	0	0	0	0	0	0	-0.13	0	0.305	0	0	0
6.767	0	0	0	0.2	0	-0.3	0	0	0	0	0	0	-0.13	0	0.305	0	0	0
6.768	0	0	0	0.2	0	-0.3	0	0	0	0	0	0	-0.13	0	0.305	0	0	0
6.769	0	0	0	0.2	0	-0.3	0	0	0	0	0	0	-0.13	0	0.305	0	0	0
6.77	0	0	0	0.2	0	-0.3	0	0	0	0	0	0	-0.13	0	0.305	0	0	0
6.771	0	0	0	0.2	0	-0.3	0	0	0	0	0	0	-0.13	0	0.305	0	0	0
6.772	0	0	0	0.2	0	-0.3	0	0	0	0	0	0	-0.13	0	0.305	0	0	0
6.773	0	0	0	0.2	0	-0.3	0	0	0	0	0	0	-0.13	0	0.305	0	0	0
6.774	0	0	0	0.2	0	-0.3	0	0	0	0	0	0	-0.13	0	0.305	0	0	0
6.775	0	0	0	0.2	0	-0.3	0	0	0	0	0	0	-0.13	0	0.305	0	0	0
6.776	0	0	0	0.2	0	-0.3	0	0	0	0	0	0	-0.13	0	0.305	0	0	0
6.777	0	0	0	0.2	0	-0.3	0	0	0	0	0	0	-0.13	0	0.305	0	0	0
6.778	0	0	0	0.2	0	-0.3	0	0	0	0	0	0	-0.13	0	0.305	0	0	0
6.779	0	0	0	0.2	0	-0.3	0	0	0	0	0	0	-0.13	0	0.305	0	0	0
6.78	0	0	0	0.2	0	-0.3	0	0	0	0	0	0	-0.13	0	0.305	0	0	0
6.781	0	0	0	0.2	0	-0.3	0	0	0	0	0	0	-0.13	0	0.305	0	0	0
6.782	0	0	0	0.2	0	-0.3	0	0	0	0	0	0	-0.13	0	0.305	0	0	0
6.783	0	0	0	0.2	0	-0.3	0	0	0	0	0	0	-0.13	0	0.305	0	0	0
6.784	0	0	0	0.2	0	-0.3	0	0	0	0	0	0	-0.13	0	0.305	0	0	0
6.785	0	0	0	0.2	0	-0.3	0	0	0	0	0	0	-0.13	0	0.305	0	0	0
6.786	0	0	0	0.2	0	-0.3	0	0	0	0	0	0	-0.13	0	0.305	0	0	0
6.787	0	0	0	0.2	0	-0.3	0	0	0	0	0	0	-0.13	0	0.305	0	0	0
6.788	0	0	0	0.2	0	-0.3	0	0	0	0	0	0	-0.13	0	0.305	0	0	0
6.789	0	0	0	0.2	0	-0.3	0	0	0	0	0	0	-0.13	0	0.305	0	0	0
6.79	0	0	0	0.2	0	-0.3	0	0	0	0	0	0	-0.13	0	0.305	0	0	0
6.791	0	0	0	0.2	0	-0.3	0	0	0	0	0	0	-0.13	0	0.305	0	0	0
6.792	0	0	0	0.2	0	-0.3	0	0	0	0	0	0	-0.13	0	0.305	0	0	0
6.793	0	0	0	0.2	0	-0.3	0	0	0	0	0	0	-0.13	0	0.305	0	0	0
6.794	0	0	0	0.2	0	-0.3	0	0	0	0	0	0	-0.13	0	0.305	0	0	0
6.795	0	0	0	0.2	0	-0.3	0	0	0	0	0	0	-0.13	0	0.305	0	0	0
6.796	0	0	0	0.2	0	-0.3	0	0	0	0	0	0	-0.13	0	0.305	0	0	0
6.797	0	0	0	0.2	0	-0.3	0	0	0	0	0	0	-0.13	0	0.305	0	0	0
6.798	0	0	0	0.2	0	-0.3	0	0	0	0	0	0	-0.13	0	0.305	0	0	0
6.799	0	0	0	0.2	0	-0.3	0	0	0	0	0	0	-0.13	0	0.305	0	0	0
6.8	0	0	0	0.2	0	-0.3	0	0	0	0	0	0	-0.13	0	0.305	0	0	0
6.801	0	0	0	0.2	0	-0.3	0	0	0	0	0	0	-0.13	0	0.305	0	0	0
6.802	0	0	0	0.2	0	-0.3	0	0	0	0	0	0	-0.13	0	0.305	0	0	0
6.803	0	0	0	0.2	0	-0.3	0	0	0	0	0	0	-0.13	0	0.305	0	0	0
6.804	0	0	0	0.2	0	-0.3	0	0	0	0	0	0	-0.13	0	0.305	0	0	0
6.805	0	0	0	0.2	0	-0.3	0	0	0	0	0	0	-0.13	0	0.305	0	0	0
6.806	0	0	0	0.2	0	-0.3	0	0	0	0	0	0	-0.13	0	0.305	0	0	0
6.807	0	0	0	0.2	0	-0.3	0	0	0	0	0	0	-0.13	0	0.305	0	0	0
6.808	0	0	0	0.2	0	-0.3	0	0	0	0	0	0	-0.13	0	0.305	0	0	0
6.809	0	0	0	0.2	0	-0.3	0	0	0	0	0	0	-0.13	0	0.305	0	0	0
6.81	0	0	0	0.2	0	-0.3	0	0	0	0	0	0	-0.13	0	0.305	0	0	0
6.811	0	0	0	0.2	0	-0.3	0	0	0	0	0	0	-0.13	0	0.305	0	0	0
6.812	0	0	0	0.2	0	-0.3	0	0	0	0	0	0	-0.13	0	0.305	0	0	0
6.813	0	0	0	0.2	0	-0.3	0	0	0	0	0	0	-0.13	0	0.305	0	0	0
6.814	0	0	0	0.2	0	-0.3	0	0	0	0	0	0	-0.13	0	0.305	0	0	0
6.815	0	0	0	0.2	0	-0.3	0	0	0	0	0	0	-0.13	0	0.305	0	0	0
6.816	0	0	0	0.2	0	-0.3	0	0	0	0	0	0	-0.13	0	0.305	0	0	0
6.817	0	0	0	0.2	0	-0.3	0	0	0	0	0	0	-0.13	0	0.305	0	0	0
6.818	0	0	0	0.2	0	-0.3	0	0	0	0	0	0	-0.13	0	0.305	0	0	0
6.819	0	0	0	0.2	0	-0.3	0	0	0	0	0	0	-0.13	0	0.305	0	0	0
6.82	0	0	0	0.2	0	-0.3	0	0	0	0	0	0	-0.13	0	0.305	0	0	0
6.821	0	0	0	0.2	0	-0.3	0	0	0	0	0	0	-0.13	0	0.305	0	0	0
6.822	0	0	0	0.2	0	-0.3	0	0	0	0	0	0	-0.13	0	0.305	0	0	0
6.823	0	0	0	0.2	0	-0.3	0	0	0	0	0	0	-0.13	0	0.305	0	0	0
6.824	0	0	0	0.2	0	-0.3	0	0	0	0	0	0	-0.13	0	0.305	0	0	0
6.825	0	0	0	0.2	0	-0.3	0	0	0	0	0	0	-0.13	0	0.305	0	0	0
6.826	0	0	0	0.2	0	-0.3	0	0	0	0	0	0	-0.13	0	0.305	0	0	0
6.827	0	0	0	0.2	0	-0.3	0	0	0	0	0	0	-0.13	0	0.305	0	0	0
6.828	0	0	0	0.2	0	-0.3	0	0	0	0	0	0	-0.13	0	0.305	0	0	0
6.829	0	0	0	0.2	0	-0.3	0	0	0	0	0	0	-0.13	0	0.305	0	0	0
6.83	0	0	0	0.2	0	-0.3	0	0	0	0	0	0	-0.13	0	0.305	0	0	0
6.831	0	0	0	0.2	0	-0.3	0	0	0	0	0	0	-0.13	0	0.305	0	0	0
6.832	0	0	0	0.2	0	-0.3	0	0	0	0	0	0	-0.13	0	0.305	0	0	0
6.833	0	0	0	0.2	0	-0.3	0	0	0	0	0	0	-0.13	0	0.305	0	0	0
6.834	0	0	0	0.2	0	-0.3	0	0	0	0	0	0	-0.13	0	0.305	0	0	0
6.835	0	0	0	0.2	0	-0.3	0	0	0	0	0	0	-0.13	0	0.305	0	0	0
6.836	0	0	0	0.2	0	-0.3	0	0	0	0	0	0	-0.13	0	0.305	0	0	0
6.837	0	0	0	0.2	0	-0.3	0	0	0	0	0	0	-0.13	0	0.305	0	0	0
6.838	0	0	0	0.2	0	-0.3	0	0	0	0	0	0	-0.13	0	0.305	0	0	0
6.839	0	0	0	0.2	0	-0.3	0	0	0	0	0	0	-0.13	0	0.305	0	0	0
6.84	0	0	0	0.2	0	-0.3	0	0	0	0	0	0	-0.13	0	0.305	0	0	0
6.841	0	0	0	0.2	0	-0.3	0	0	0	0	0	0	-0.13	0	0.305	0	0	0
6.842	0	0	0	0.2	0	-0.3	0	0	0	0	0	0	-0.13	0	0.305	0	0	0
6.843	0	0	0	0.2	0	-0.3	0	0	0	0	0	0	-0.13	0	0.305	0	0	0
6.844	0	0	0	0.2	0	-0.3	0	0	0	0	0	0	-0.13	0	0.305	0	0	0
6.845	0	0	0	0.2	0	-0.3	0	0	0	0	0	0	-0.13	0	0.305	0	0	0
6.846	0	0	0	0.2	0	-0.3	0	0	0	0	0	0	-0.13	0	0.305	0	0	0
6.847	0	0	0	0.2	0	-0.3	0	0	0	0	0	0	-0.13	0	0.305	0	0	0
6.848	0	0	0	0.2	0	-0.3	0	0	0	0	0	0	-0.13	0	0.305	0	0	0
6.849	0	0	0	0.2	0	-0.3	0	0	0	0	0	0	-0.13	0	0.305	0	0	0
6.85	0	0	0	0.2	0	-0.3	0	0	0	0	0	0	-0.13	0	0.305	0	0	0
6.851	0	0	0	0.2	0	-0.3	0	0	0	0	0	0	-0.13	0	0.305	0	0	0
6.852	0	0	0	0.2	0	-0.3	0	0	0	0	0	0	-0.13	0	0.305	0	0	0
6.853	0	0	0	0.2	0	-0.3	0	0	0	0	0	0	-0.13	0	0.305	0	0	0
6.854	0	0	0	0.2	0	-0.3	0	0	0	0	0	0	-0.13	0	0.305	0	0	0
6.855	0	0	0	0.2	0	-0.3	0	0	0	0	0	0	-0.13	0	0.305	0	0	0
6.856	0	0	0	0.2	0	-0.3	0	0	0	0	0	0	-0.13	0	0.305	0	0	0
6.857	0	0	0	0.2	0	-0.3	0	0	0	0	0	0	-0.13	0	0.305	0	0	0
6.858	0	0	0	0.2	0	-0.3	0	0	0	0	0	0	-0.13	0	0.305	0	0	0
6.859	0	0	0	0.2	0	-0.3	0	0	0	0	0	0	-0.13	0	0.305	0	0	0
6.86	0	0	0	0.2	0	-0.3	0	0	0	0	0	0	-0.13	0	0.305	0	0	0
6.861	0	0	0	0.2	0	-0.3	0	0	0	0	0	0	-0.13	0	0.305	0	0	0
6.862	0	0	0	0.2	0	-0.3	0	0	0	0	0	0	-0.13	0	0.305	0	0	0
6.863	0	0	0	0.2	0	-0.3	0	0	0	0	0	0	-0.13	0	0.305	0	0	0
6.864	0	0	0	0.2	0	-0.3	0	0	0	0	0	0	-0.13	0	0.305	0	0	0
6.865	0	0	0	0.2	0	-0.3	0	0	0	0	0	0	-0.13	0	0.305	0	0	0
6.866	0	0	0	0.2	0	-0.3	0	0	0	0	0	0	-0.13	0	0.305	0	0	0
6.867	0	0	0	0.2	0	-0.3	0	0	0	0	0	0	-0.13	0	0.305	0	0	0
6.868	0	0	0	0.2	0	-0.3	0	0	0	0	0	0	-0.13	0	0.305	0	0	0
6.869	0	0	0	0.2	0	-0.3	0	0	0	0	0	0	-0.13	0	0.305	0	0	0
6.87	0	0	0	0.2	0	-0.3	0	0	0	0	0	0	-0.13	0	0.305	0	0	0
6.871	0	0	0	0.2	0	-0.3	0	0	0	0	0	0	-0.13	0	0.305	0	0	0
6.872	0	0	0	0.2	0	-0.3	0	0	0	0	0	0	-0.13	0	0.305	0	0	0
6.873	0	0	0	0.2	0	-0.3	0	0	0	0	0	0	-0.13	0	0.305	0	0	0
6.874	0	0	0	0.2	0	-0.3	0	0	0	0	0	0	-0.13	0	0.305	0	0	0
6.875	0	0	0	0.2	0	-0.3	0	0	0	0	0	0	-0.13	0	0.305	0	0	0
6.876	0	0	0	0.2	0	-0.3	0	0	0	0	0	0	-0.13	0	0.305	0	0	0
6.877	0	0	0	0.2	0	-0.3	0	0	0	0	0	0	-0.13	0	0.305	0	0	0
6.878	0	0	0	0.2	0	-0.3	0	0	0	0	0	0	-0.13	0	0.305	0	0	0
6.879	0	0	0	0.2	0	-0.3	0	0	0	0	0	0	-0.13	0	0.305	0	0	0
6.88	0	0	0	0.2	0	-0.3	0	0	0	0	0	0	-0.13	0	0.305	0	0	0
6.881	0	0	0	0.2	0	-0.3	0	0	0	0	0	0	-0.13	0	0.305	0	0	0
6.882	0	0	0	0.2	0	-0.3	0	0	0	0	0	0	-0.13	0	0.305	0	0	0
6.883	0	0	0	0.2	0	-0.3	0	0	0	0	0	0	-0.13	0	0.305	0	0	0
6.884	0	0	0	0.2	0	-0.3	0	0	0	0	0	0	-0.13	0	0.305	0	0	0
6.885	0	0	0	0.2	0	-0.3	0	0	0	0	0	0	-0.13	0	0.305	0	0	0
6.886	0	0	0	0.2	0	-0.3	0	0	0	0	0	0	-0.13	0	0.305	0	0	0
6.887	0	0	0	0.2	0	-0.3	0	0	0	0	0	0	-0.13	0	0.305	0	0	0
6.888	0	0	0	0.2	0	-0.3	0	0	0	0	0	0	-0.13	0	0.305	0	0	0
6.889	0	0	0	0.2	0	-0.3	0	0	0	0	0	0	-0.13	0	0.305	0	0	0
6.89	0	0	0	0.2	0	-0.3	0	0	0	0	0	0	-0.13	0	0.305	0	0	0
6.891	0	0	0	0.2	0	-0.3	0	0	0	0	0	0	-0.13	0	0.305	0	0	0
6.892	0	0	0	0.2	0	-0.3	0	0	0	0	0	0	-0.13	0	0.305	0	0	0
6.893	0	0	0	0.2	0	-0.3	0	0	0	0	0	0	-0.13	0	0.305	0	0	0
6.894	0	0	0	0.2	0	-0.3	0	0	0	0	0	0	-0.13	0	0.305	0	0	0
6.895	0	0	0	0.2	0	-0.3	0	0	0	0	0	0	-0.13	0	0.305	0	0	0
6.896	0	0	0	0.2	0	-0.3	0	0	0	0	0	0	-0.13	0	0.305	0	0	0
6.897	0	0	0	0.2	0	-0.3	0	0	0	0	0	0	-0.13	0	0.305	0	0	0
6.898	0	0	0	0.2	0	-0.3	0	0	0	0	0	0	-0.13	0	0.305	0	0	0
6.899	0	0	0	0.2	0	-0.3	0	0	0	0	0	0	-0.13	0	0.305	0	0	0
6.9	0	0	0	0.2	0	-0.3	0	0	0	0	0	0	-0.13	0	0.305	0	0	0
6.901	0	0	0	0.2	0	-0.3	0	0	0	0	0	0	-0.13	0	0.305	0	0	0
6.902	0	0	0	0.2	0	-0.3	0	0	0	0	0	0	-0.13	0	0.305	0	0	0
6.903	0	0	0	0.2	0	-0.3	0	0	0	0	0	0	-0.13	0	0.305	0	0	0
6.904	0	0	0	0.2	0	-0.3	0	0	0	0	0	0	-0.13	0	0.305	0	0	0
6.905	0	0	0	0.2	0	-0.3	0	0	0	0	0	0	-0.13	0	0.305	0	0	0
6.906	0	0	0	0.2	0	-0.3	0	0	0	0	0	0	-0.13	0	0.305	0	0	0
6.907	0	0	0	0.2	0	-0.3	0	0	0	0	0	0	-0.13	0	0.305	0	0	0
6.908	0	0	0	0.2	0	-0.3	0	0	0	0	0	0	-0.13	0	0.305	0	0	0
6.909	0	0	0	0.2	0	-0.3	0	0	0	0	0	0	-0.13	0	0.305	0	0	0
6.91	0	0	0	0.2	0	-0.3	0	0	0	0	0	0	-0.13	0	0.305	0	0	0
6.911	0	0	0	0.2	0	-0.3	0	0	0	0	0	0	-0.13	0	0.305	0	0	0
6.912	0	0	0	0.2	0	-0.3	0	0	0	0	0	0	-0.13	0	0.305	0	0	0
6.913	0	0	0	0.2	0	-0.3	0	0	0	0	0	0	-0.13	0	0.305	0	0	0
6.914	0	0	0	0.2	0	-0.3	0	0	0	0	0	0	-0.13	0	0.305	0	0	0
6.915	0	0	0	0.2	0	-0.3	0	0	0	0	0	0	-0.13	0	0.305	0	0	0
6.916	0	0	0	0.2	0	-0.3	0	0	0	0	0	0	-0.13	0	0.305	0	0	0
6.917	0	0	0	0.2	0	-0.3	0	0	0	0	0	0	-0.13	0	0.305	0	0	0
6.918	0	0	0	0.2	0	-0.3	0	0	0	0	0	0	-0.13	0	0.305	0	0	0
6.919	0	0	0	0.2	0	-0.3	0	0	0	0	0	0	-0.13	0	0.305	0	0	0
6.92	0	0	0	0.2	0	-0.3	0	0	0	0	0	0	-0.13	0	0.305	0	0	0
6.921	0	0	0	0.2	0	-0.3	0	0	0	0	0	0	-0.13	0	0.305	0	0	0
6.922	0	0	0	0.2	0	-0.3	0	0	0	0	0	0	-0.13	0	0.305	0	0	0
6.923	0	0	0	0.2	0	-0.3	0	0	0	0	0	0	-0.13	0	0.305	0	0	0
6.924	0	0	0	0.2	0	-0.3	0	0	0	0	0	0	-0.13	0	0.305	0	0	0
6.925	0	0	0	0.2	0	-0.3	0	0	0	0	0	0	-0.13	0	0.305	0	0	0
6.926	0	0	0	0.2	0	-0.3	0	0	0	0	0	0	-0.13	0	0.305	0	0	0
6.927	0	0	0	0.2	0	-0.3	0	0	0	0	0	0	-0.13	0	0.305	0	0	0
6.928	0	0	0	0.2	0	-0.3	0	0	0	0	0	0	-0.13	0	0.305	0	0	0
6.929	0	0	0	0.2	0	-0.3	0	0	0	0	0	0	-0.13	0	0.305	0	0	0
6.93	0	0	0	0.2	0	-0.3	0	0	0	0	0	0	-0.13	0	0.305	0	0	0
6.931	0	0	0	0.2	0	-0.3	0	0	0	0	0	0	-0.13	0	0.305	0	0	0
6.932	0	0	0	0.2	0	-0.3	0	0	0	0	0	0	-0.13	0	0.305	0	0	0
6.933	0	0	0	0.2	0	-0.3	0	0	0	0	0	0	-0.13	0	0.305	0	0	0
6.934	0	0	0	0.2	0	-0.3	0	0	0	0	0	0	-0.13	0	0.305	0	0	0
6.935	0	0	0	0.2	0	-0.3	0	0	0	0	0	0	-0.13	0	0.305	0	0	0
6.936	0	0	0	0.2	0	-0.3	0	0	0	0	0	0	-0.13	0	0.305	0	0	0
6.937	0	0	0	0.2	0	-0.3	0	0	0	0	0	0	-0.13	0	0.305	0	0	0
6.938	0	0	0	0.2	0	-0.3	0	0	0	0	0	0	-0.13	0	0.305	0	0	0
6.939	0	0	0	0.2	0	-0.3	0	0	0	0	0	0	-0.13	0	0.305	0	0	0
6.94	0	0	0	0.2	0	-0.3	0	0	0	0	0	0	-0.13	0	0.305	0	0	0
6.941	0	0	0	0.2	0	-0.3	0	0	0	0	0	0	-0.13	0	0.305	0	0	0
6.942	0	0	0	0.2	0	-0.3	0	0	0	0	0	0	-0.13	0	0.305	0	0	0
6.943	0	0	0	0.2	0	-0.3	0	0	0	0	0	0	-0.13	0	0.305	0	0	0
6.944	0	0	0	0.2	0	-0.3	0	0	0	0	0	0	-0.13	0	0.305	0	0	0
6.945	0	0	0	0.2	0	-0.3	0	0	0	0	0	0	-0.13	0	0.305	0	0	0
6.946	0	0	0	0.2	0	-0.3	0	0	0	0	0	0	-0.13	0	0.305	0	0	0
6.947	0	0	0	0.2	0	-0.3	0	0	0	0	0	0	-0.13	0	0.305	0	0	0
6.948	0	0	0	0.2	0	-0.3	0	0	0	0	0	0	-0.13	0	0.305	0	0	0
6.949	0	0	0	0.2	0	-0.3	0	0	0	0	0	0	-0.13	0	0.305	0	0	0
6.95	0	0	0	0.2	0	-0.3	0	0	0	0	0	0	-0.13	0	0.305	0	0	0
6.951	0	0	0	0.2	0	-0.3	0	0	0	0	0	0	-0.13	0	0.305	0	0	0
6.952	0	0	0	0.2	0	-0.3	0	0	0	0	0	0	-0.13	0	0.305	0	0	0
6.953	0	0	0	0.2	0	-0.3	0	0	0	0	0	0	-0.13	0	0.305	0	0	0
6.954	0	0	0	0.2	0	-0.3	0	0	0	0	0	0	-0.13	0	0.305	0	0	0
6.955	0	0	0	0.2	0	-0.3	0	0	0	0	0	0	-0.13	0	0.305	0	0	0
6.956	0	0	0	0.2	0	-0.3	0	0	0	0	0	0	-0.13	0	0.305	0	0	0
6.957	0	0	0	0.2	0	-0.3	0	0	0	0	0	0	-0.13	0	0.305	0	0	0
6.958	0	0	0	0.2	0	-0.3	0	0	0	0	0	0	-0.13	0	0.305	0	0	0
6.959	0	0	0	0.2	0	-0.3	0	0	0	0	0	0	-0.13	0	0.305	0	0	0
6.96	0	0	0	0.2	0	-0.3	0	0	0	0	0	0	-0.13	0	0.305	0	0	0
6.961	0	0	0	0.2	0	-0.3	0	0	0	0	0	0	-0.13	0	0.305	0	0	0
6.962	0	0	0	0.2	0	-0.3	0	0	0	0	0	0	-0.13	0	0.305	0	0	0
6.963	0	0	0	0.2	0	-0.3	0	0	0	0	0	0	-0.13	0	0.305	0	0	0
6.964	0	0	0	0.2	0	-0.3	0	0	0	0	0	0	-0.13	0	0.305	0	0	0
6.965	0	0	0	0.2	0	-0.3	0	0	0	0	0	0	-0.13	0	0.305	0	0	0
6.966	0	0	0	0.2	0	-0.3	0	0	0	0	0	0	-0.13	0	0.305	0	0	0
6.967	0	0	0	0.2	0	-0.3	0	0	0	0	0	0	-0.13	0	0.305	0	0	0
6.968	0	0	0	0.2	0	-0.3	0	0	0	0	0	0	-0.13	0	0.305	0	0	0
6.969	0	0	0	0.2	0	-0.3	0	0	0	0	0	0	-0.13	0	0.305	0	0	0
6.97	0	0	0	0.2	0	-0.3	0	0	0	0	0	0	-0.13	0	0.305	0	0	0
6.971	0	0	0	0.2	0	-0.3	0	0	0	0	0	0	-0.13	0	0.305	0	0	0
6.972	0	0	0	0.2	0	-0.3	0	0	0	0	0	0	-0.13	0	0.305	0	0	0
6.973	0	0	0	0.2	0	-0.3	0	0	0	0	0	0	-0.13	0	0.305	0	0	0
6.974	0	0	0	0.2	0	-0.3	0	0	0	0	0	0	-0.13	0	0.305	0	0	0
6.975	0	0	0	0.2	0	-0.3	0	0	0	0	0	0	-0.13	0	0.305	0	0	0
6.976	0	0	0	0.2	0	-0.3	0	0	0	0	0	0	-0.13	0	0.305	0	0	0
6.977	0	0	0	0.2	0	-0.3	0	0	0	0	0	0	-0.13	0	0.305	0	0	0
6.978	0	0	0	0.2	0	-0.3	0	0	0	0	0	0	-0.13	0	0.305	0	0	0
6.979	0	0	0	0.2	0	-0.3	0	0	0	0	0	0	-0.13	0	0.305	0	0	0
6.98	0	0	0	0.2	0	-0.3	0	0	0	0	0	0	-0.13	0	0.305	0	0	0
6.981	0	0	0	0.2	0	-0.3	0	0	0	0	0	0	-0.13	0	0.305	0	0	0
6.982	0	0	0	0.2	0	-0.3	0	0	0	0	0	0	-0.13	0	0.305	0	0	0
6.983	0	0	0	0.2	0	-0.3	0	0	0	0	0	0	-0.13	0	0.305	0	0	0
6.984	0	0	0	0.2	0	-0.3	0	0	0	0	0	0	-0.13	0	0.305	0	0	0
6.985	0	0	0	0.2	0	-0.3	0	0	0	0	0	0	-0.13	0	0.305	0	0	0
6.986	0	0	0	0.2	0	-0.3	0	0	0	0	0	0	-0.13	0	0.305	0	0	0
6.987	0	0	0	0.2	0	-0.3	0	0	0	0	0	0	-0.13	0	0.305	0	0	0
6.988	0	0	0	0.2	0	-0.3	0	0	0	0	0	0	-0.13	0	0.305	0	0	0
6.989	0	0	0	0.2	0	-0.3	0	0	0	0	0	0	-0.13	0	0.305	0	0	0
6.99	0	0	0	0.2	0	-0.3	0	0	0	0	0	0	-0.13	0	0.305	0	0	0
6.991	0	0	0	0.2	0	-0.3	0	0	0	0	0	0	-0.13	0	0.305	0	0	0
6.992	0	0	0	0.2	0	-0.3	0	0	0	0	0	0	-0.13	0	0.305	0	0	0
6.993	0	0	0	0.2	0	-0.3	0	0	0	0	0	0	-0.13	0	0.305	0	0	0
6.994	0	0	0	0.2	0	-0.3	0	0	0	0	0	0	-0.13	0	0.305	0	0	0
6.995	0	0	0	0.2	0	-0.3	0	0	0	0	0	0	-0.13	0	0.305	0	0	0
6.996	0	0	0	0.2	0	-0.3	0	0	0	0	0	0	-0.13	0	0.305	0	0	0
6.997	0	0	0	0.2	0	-0.3	0	0	0	0	0	0	-0.13	0	0.305	0	0	0
6.998	0	0	0	0.2	0	-0.3	0	0	0	0	0	0	-0.13	0	0.305	0	0	0
6.999	0	0	0	0.2	0	-0.3	0	0	0	0	0	0	-0.13	0	0.305	0	0	0
7	0	0	0	0.2	0	-0.3	0	0	0	0	0	0	-0.13	0	0.305	0	0	0
7.001	0	0	0	0.2	0	-0.3	0	0	0	0	0	0	-0.13	0	0.305	0	0	0
7.002	0	0	0	0.2	0	-0.3	0	0	0	0	0	0	-0.13	0	0.305	0	0	0
7.003	0	0	0	0.2	0	-0.3	0	0	0	0	0	0	-0.13	0	0.305	0	0	0
7.004	0	0	0	0.2	0	-0.3	0	0	0	0	0	0	-0.13	0	0.305	0	0	0
7.005	0	0	0	0.2	0	-0.3	0	0	0	0	0	0	-0.13	0	0.305	0	0	0
7.006	0	0	0	0.2	0	-0.3	0	0	0	0	0	0	-0.13	0	0.305	0	0	0
7.007	0	0	0	0.2	0	-0.3	0	0	0	0	0	0	-0.13	0	0.305	0	0	0
7.008	0	0	0	0.2	0	-0.3	0	0	0	0	0	0	-0.13	0	0.305	0	0	0
7.009	0	0	0	0.2	0	-0.3	0	0	0	0	0	0	-0.13	0	0.305	0	0	0
7.01	0	0	0	0.2	0	-0.3	0	0	0	0	0	0	-0.13	0	0.305	0	0	0
7.011	0	0	0	0.2	0	-0.3	0	0	0	0	0	0	-0.13	0	0.305	0	0	0
7.012	0	0	0	0.2	0	-0.3	0	0	0	0	0	0	-0.13	0	0.305	0	0	0
7.013	0	0	0	0.2	0	-0.3	0	0	0	0	0	0	-0.13	0	0.305	0	0	0
7.014	0	0	0	0.2	0	-0.3	0	0	0	0	0	0	-0.13	0	0.305	0	0	0
7.015	0	0	0	0.2	0	-0.3	0	0	0	0	0	0	-0.13	0	0.305	0	0	0
7.016	0	0	0	0.2	0	-0.3	0	0	0	0	0	0	-0.13	0	0.305	0	0	0
7.017	0	0	0	0.2	0	-0.3	0	0	0	0	0	0	-0.13	0	0.305	0	0	0
7.018	0	0	0	0.2	0	-0.3	0	0	0	0	0	0	-0.13	0	0.305	0	0	0
7.019	0	0	0	0.2	0	-0.3	0	0	0	0	0	0	-0.13	0	0.305	0	0	0
7.02	0	0	0	0.2	0	-0.3	0	0	0	0	0	0	-0.13	0	0.305	0	0	0
7.021	0	0	0	0.2	0	-0.3	0	0	0	0	0	0	-0.13	0	0.305	0	0	0
7.022	0	0	0	0.2	0	-0.3	0	0	0	0	0	0	-0.13	0	0.305	0	0	0
7.023	0	0	0	0.2	0	-0.3	0	0	0	0	0	0	-0.13	0	0.305	0	0	0
7.024	0	0	0	0.2	0	-0.3	0	0	0	0	0	0	-0.13	0	0.305	0	0	0
7.025	0	0	0	0.2	0	-0.3	0	0	0	0	0	0	-0.13	0	0.305	0	0	0
7.026	0	0	0	0.2	0	-0.3	0	0	0	0	0	0	-0.13	0	0.305	0	0	0
7.027	0	0	0	0.2	0	-0.3	0	0	0	0	0	0	-0.13	0	0.305	0	0	0
7.028	0	0	0	0.2	0	-0.3	0	0	0	0	0	0	-0.13	0	0.305	0	0	0
7.029	0	0	0	0.2	0	-0.3	0	0	0	0	0	0	-0.13	0	0.305	0	0	0
7.03	0	0	0	0.2	0	-0.3	0	0	0	0	0	0	-0.13	0	0.305	0	0	0
7.031	0	0	0	0.2	0	-0.3	0	0	0	0	0	0	-0.13	0	0.305	0	0	0
7.032	0	0	0	0.2	0	-0.3	0	0	0	0	0	0	-0.13	0	0.305	0	0	0
7.033	0	0	0	0.2	0	-0.3	0	0	0	0	0	0	-0.13	0	0.305	0	0	0
7.034	0	0	0	0.2	0	-0.3	0	0	0	0	0	0	-0.13	0	0.305	0	0	0
7.035	0	0	0	0.2	0	-0.3	0	0	0	0	0	0	-0.13	0	0.305	0	0	0
7.036	0	0	0	0.2	0	-0.3	0	0	0	0	0	0	-0.13	0	0.305	0	0	0
7.037	0	0	0	0.2	0	-0.3	0	0	0	0	0	0	-0.13	0	0.305	0	0	0
7.038	0	0	0	0.2	0	-0.3	0	0	0	0	0	0	-0.13	0	0.305	0	0	0
7.039	0	0	0	0.2	0	-0.3	0	0	0	0	0	0	-0.13	0	0.305	0	0	0
7.04	0	0	0	0.2	0	-0.3	0	0	0	0	0	0	-0.13	0	0.305	0	0	0
7.041	0	0	0	0.2	0	-0.3	0	0	0	0	0	0	-0.13	0	0.305	0	0	0
7.042	0	0	0	0.2	0	-0.3	0	0	0	0	0	0	-0.13	0	0.305	0	0	0
7.043	0	0	0	0.2	0	-0.3	0	0	0	0	0	0	-0.13	0	0.305	0	0	0
7.044	0	0	0	0.2	0	-0.3	0	0	0	0	0	0	-0.13	0	0.305	0	0	0
7.045	0	0	0	0.2	0	-0.3	0	0	0	0	0	0	-0.13	0	0.305	0	0	0
7.046	0	0	0	0.2	0	-0.3	0	0	0	0	0	0	-0.13	0	0.305	0	0	0
7.047	0	0	0	0.2	0	-0.3	0	0	0	0	0	0	-0.13	0	0.305	0	0	0
7.048	0	0	0	0.2	0	-0.3	0	0	0	0	0	0	-0.13	0	0.305	0	0	0
7.049	0	0	0	0.2	0	-0.3	0	0	0	0	0	0	-0.13	0	0.305	0	0	0
