LG_Sit_Stand_Walk08																		
version=1																		
nRows=3550																		
nColumns=19																		
inDegrees=yes																		
endheader																		
time	ground_force2_vx	ground_force2_vy	ground_force2_vz	ground_force2_px	ground_force2_py	ground_force2_pz	ground_torque2_x	ground_torque2_y	ground_torque2_z	ground_force1_vx	ground_force1_vy	ground_force1_vz	ground_force1_px	ground_force1_py	ground_force1_pz	ground_torque1_x	ground_torque1_y	ground_torque1_z
1.99	0.937769	100.533569	-5.396236	0.210747	0	-0.35727	0	0.386326	1.00E-06	0	0	0	-0.13	0	0.305	0	0	0
1.991	1.491385	100.537445	-5.396236	0.210747	0	-0.35727	0	0.406821	1.00E-06	0	0	0	-0.13	0	0.305	0	0	0
1.992	1.491385	101.044281	-5.004585	0.210277	0	-0.35727	1.00E-06	0.470708	1.00E-06	0	0	0	-0.13	0	0.305	0	0	0
1.993	1.491385	100.537445	-5.004585	0.210277	0	-0.35912	1.00E-06	0.470708	0	0	0	0	-0.13	0	0.305	0	0	0
1.994	1.255667	100.024406	-5.004545	0.210277	0	-0.359592	2.00E-06	0.470708	0	0	0	0	-0.13	0	0.305	0	0	0
1.995	1.255667	100.024406	-5.004545	0.21172	0	-0.36008	2.00E-06	0.422339	2.00E-06	0	0	0	-0.13	0	0.305	0	0	0
1.996	1.490664	100.192192	-5.004383	0.211617	0	-0.36008	2.00E-06	0.374431	2.00E-06	0	0	0	-0.13	0	0.305	0	0	0
1.997	1.490664	100.192192	-5.004545	0.211617	0	-0.358848	1.00E-06	0.405683	1.00E-06	0	0	0	-0.13	0	0.305	0	0	0
1.998	1.724937	98.989532	-5.082956	0.210356	0	-0.358328	1.00E-06	0.405683	1.00E-06	0	0	0	-0.13	0	0.305	0	0	0
1.999	1.488499	98.989532	-5.239534	0.210356	0	-0.356158	2.00E-06	0.556078	1.00E-06	0	0	0	-0.13	0	0.305	0	0	0
2	1.488499	98.814423	-5.318069	0.210017	0	-0.356158	2.00E-06	0.556078	1.00E-06	0	0	0	-0.13	0	0.305	0	0	0
2.001	1.488499	98.79821	-5.318069	0.211185	0	-0.356266	2.00E-06	0.475751	1.00E-06	0	0	0	-0.13	0	0.305	0	0	0
2.002	2.271338	98.79821	-5.239658	0.212037	0	-0.356927	3.00E-06	0.468977	1.00E-06	0	0	0	-0.13	0	0.305	0	0	0
2.003	2.42704	98.478836	-5.082754	0.212037	0	-0.356266	3.00E-06	0.475751	1.00E-06	0	0	0	-0.13	0	0.305	0	0	0
2.004	2.271338	98.30835	-5.082754	0.212037	0	-0.356927	3.00E-06	0.524647	2.00E-06	0	0	0	-0.13	0	0.305	0	0	0
2.005	2.03562	98.30835	-5.161446	0.21049	0	-0.357268	2.00E-06	0.527387	2.00E-06	0	0	0	-0.13	0	0.305	0	0	0
2.006	2.03562	99.509117	-5.161446	0.210016	0	-0.357268	2.00E-06	0.527387	1.00E-06	0	0	0	-0.13	0	0.305	0	0	0
2.007	2.11347	99.509117	-4.926136	0.210016	0	-0.35538	2.00E-06	0.483962	1.00E-06	0	0	0	-0.13	0	0.305	0	0	0
2.008	2.11347	98.483078	-4.926136	0.211853	0	-0.35538	2.00E-06	0.483962	1.00E-06	0	0	0	-0.13	0	0.305	0	0	0
2.009	2.192766	98.295624	-5.004423	0.211853	0	-0.356483	3.00E-06	0.524017	1.00E-06	0	0	0	-0.13	0	0.305	0	0	0
2.01	2.192766	98.295624	-5.083036	0.211853	0	-0.356483	2.00E-06	0.52907	1.00E-06	0	0	0	-0.13	0	0.305	0	0	0
2.011	2.504169	98.305283	-5.083036	0.211082	0	-0.356483	1.00E-06	0.524017	1.00E-06	0	0	0	-0.13	0	0.305	0	0	0
2.012	2.739887	99.156944	-5.318029	0.211276	0	-0.357232	1.00E-06	0.520712	1.00E-06	0	0	0	-0.13	0	0.305	0	0	0
2.013	2.896311	100.192223	-5.396317	0.211276	0	-0.357232	1.00E-06	0.520712	1.00E-06	0	0	0	-0.13	0	0.305	0	0	0
2.014	2.896311	99.156944	-5.47477	0.211276	0	-0.357325	1.00E-06	0.606156	1.00E-06	0	0	0	-0.13	0	0.305	0	0	0
2.015	2.815575	99.156555	-5.47477	0.211218	0	-0.354828	1.00E-06	0.606156	0.00E+00	0	0	0	-0.13	0	0.305	0	0	0
2.016	2.815575	99.156555	-5.474648	0.211218	0	-0.354828	1.00E-06	0.593604	1.00E-06	0	0	0	-0.13	0	0.305	0	0	0
2.017	2.89559	100.374298	-5.318148	0.211735	0	-0.354198	1.00E-06	0.580625	0.00E+00	0	0	0	-0.13	0	0.305	0	0	0
2.018	2.89559	100.374298	-5.396439	0.211735	0	-0.354198	2.00E-06	0.580625	1.00E-06	0	0	0	-0.13	0	0.305	0	0	0
2.019	2.89559	100.374298	-5.396439	0.212159	0	-0.354198	2.00E-06	0.579738	1.00E-06	0	0	0	-0.13	0	0.305	0	0	0
2.02	2.814129	99.507584	-5.553019	0.212368	0	-0.354544	2.00E-06	0.491475	1.00E-06	0	0	0	-0.13	0	0.305	0	0	0
2.021	3.12842	99.507584	-5.553019	0.213942	0	-0.354544	2.00E-06	0.491475	1.00E-06	0	0	0	-0.13	0	0.305	0	0	0
2.022	3.05057	99.507584	-5.318069	0.213942	0	-0.354544	1.00E-06	0.59378	1.00E-06	0	0	0	-0.13	0	0.305	0	0	0
2.023	3.05057	99.857025	-5.239777	0.213942	0	-0.356866	1.00E-06	0.615398	1.00E-06	0	0	0	-0.13	0	0.305	0	0	0
2.024	2.580576	100.199951	-5.239777	0.212654	0	-0.354266	1.00E-06	0.648942	1.00E-06	0	0	0	-0.13	0	0.305	0	0	0
2.025	2.580576	99.857025	-5.47485	0.21258	0	-0.354849	2.00E-06	0.648942	1.00E-06	0	0	0	-0.13	0	0.305	0	0	0
2.026	2.580576	100.199951	-5.47485	0.21258	0	-0.354849	2.00E-06	0.660218	1.00E-06	0	0	0	-0.13	0	0.305	0	0	0
2.027	2.581299	99.681923	-4.926334	0.21258	0	-0.354849	2.00E-06	0.642141	1.00E-06	0	0	0	-0.13	0	0.305	0	0	0
2.028	2.267731	100.703323	-4.926334	0.212928	0	-0.355024	3.00E-06	0.62996	1.00E-06	0	0	0	-0.13	0	0.305	0	0	0
2.029	2.267731	101.224396	-5.161486	0.212928	0	-0.356273	3.00E-06	0.62996	1.00E-06	0	0	0	-0.13	0	0.305	0	0	0
2.03	2.267731	101.394913	-5.552979	0.2101	0	-0.356273	3.00E-06	0.679375	1.00E-06	0	0	0	-0.13	0	0.305	0	0	0
2.031	2.112028	101.560791	-5.31827	0.2101	0	-0.354799	2.00E-06	0.704716	2.00E-06	0	0	0	-0.13	0	0.305	0	0	0
2.032	2.578411	101.560791	-5.31827	0.211427	0	-0.354799	2.00E-06	0.753578	2.00E-06	0	0	0	-0.13	0	0.305	0	0	0
2.033	2.345581	100.189148	-5.318108	0.211427	0	-0.355914	2.00E-06	0.753578	1.00E-06	0	0	0	-0.13	0	0.305	0	0	0
2.034	2.345581	100.016708	-5.318108	0.211427	0	-0.355998	2.00E-06	0.757133	1.00E-06	0	0	0	-0.13	0	0.305	0	0	0
2.035	1.562021	99.677292	-5.239817	0.211904	0	-0.355914	2.00E-06	0.757133	1.00E-06	0	0	0	-0.13	0	0.305	0	0	0
2.036	1.562021	100.016708	-5.47493	0.211904	0	-0.355882	3.00E-06	0.812212	1.00E-06	0	0	0	-0.13	0	0.305	0	0	0
2.037	1.562742	100.364273	-5.47489	0.211311	0	-0.354947	1.00E-06	0.82623	1.00E-06	0	0	0	-0.13	0	0.305	0	0	0
2.038	1.717724	100.364273	-5.47493	0.210034	0	-0.355882	2.00E-06	0.857707	1.00E-06	0	0	0	-0.13	0	0.305	0	0	0
2.039	1.873425	98.818672	-5.709963	0.210034	0	-0.355704	2.00E-06	0.857707	1.00E-06	0	0	0	-0.13	0	0.305	0	0	0
2.04	1.87631	97.087929	-5.709963	0.210275	0	-0.357999	2.00E-06	0.785676	1.00E-06	0	0	0	-0.13	0	0.305	0	0	0
2.041	1.87631	98.296402	-5.47485	0.210275	0	-0.356818	2.00E-06	0.785676	1.00E-06	0	0	0	-0.13	0	0.305	0	0	0
2.042	1.87631	98.296402	-5.47485	0.211047	0	-0.356818	2.00E-06	0.785676	2.00E-06	0	0	0	-0.13	0	0.305	0	0	0
2.043	2.186272	98.469604	-5.553261	0.209667	0	-0.35578	2.00E-06	0.809482	1.00E-06	0	0	0	-0.13	0	0.305	0	0	0
2.044	2.267008	98.469604	-5.553261	0.209589	0	-0.35578	3.00E-06	0.819856	2.00E-06	0	0	0	-0.13	0	0.305	0	0	0
2.045	2.656984	98.121666	-5.553059	0.209589	0	-0.353733	3.00E-06	0.848271	1.00E-06	0	0	0	-0.13	0	0.305	0	0	0
2.046	2.736279	98.121666	-5.553059	0.211612	0	-0.355244	3.00E-06	0.819856	1.00E-06	0	0	0	-0.13	0	0.305	0	0	0
2.047	2.736279	97.615616	-5.553059	0.211612	0	-0.355226	3.00E-06	0.848271	1.00E-06	0	0	0	-0.13	0	0.305	0	0	0
2.048	2.736279	97.267685	-5.631632	0.211728	0	-0.355226	0.00E+00	0.883781	1.00E-06	0	0	0	-0.13	0	0.305	0	0	0
2.049	2.652655	97.267685	-5.318228	0.2103	0	-0.355226	1.00E-06	0.902674	1.00E-06	0	0	0	-0.13	0	0.305	0	0	0
2.05	3.04624	97.435501	-5.631672	0.208572	0	-0.353617	1.00E-06	0.912541	1.00E-06	0	0	0	-0.13	0	0.305	0	0	0
2.051	3.04624	97.608665	-5.396641	0.208572	0	-0.353617	1.00E-06	0.927804	1.00E-06	0	0	0	-0.13	0	0.305	0	0	0
2.052	3.04624	98.822556	-5.866703	0.208572	0	-0.353617	1.00E-06	0.912541	1.00E-06	0	0	0	-0.13	0	0.305	0	0	0
2.053	3.279793	98.822556	-5.709923	0.210803	0	-0.354795	0	0.862389	1.00E-06	0	0	0	-0.13	0	0.305	0	0	0
2.054	3.04624	95.897217	-5.866703	0.21118	0	-0.354795	0	0.862389	2.00E-06	0	0	0	-0.13	0	0.305	0	0	0
2.055	2.807636	95.897217	-5.709923	0.21118	0	-0.354795	1.00E-06	0.951692	2.00E-06	0	0	0	-0.13	0	0.305	0	0	0
2.056	2.807636	97.092957	-5.318188	0.211185	0	-0.354431	2.00E-06	1.011074	2.00E-06	0	0	0	-0.13	0	0.305	0	0	0
2.057	2.964781	97.447052	-5.318188	0.211185	0	-0.35375	2.00E-06	1.011074	1.00E-06	0	0	0	-0.13	0	0.305	0	0	0
2.058	3.045517	97.447052	-6.101816	0.211185	0	-0.35375	1.00E-06	0.976317	1.00E-06	0	0	0	-0.13	0	0.305	0	0	0
2.059	3.200499	94.687958	-6.101816	0.21194	0	-0.356522	1.00E-06	0.950842	1.00E-06	0	0	0	-0.13	0	0.305	0	0	0
2.06	3.045517	94.687958	-6.101856	0.21194	0	-0.356522	3.00E-06	0.950842	1.00E-06	0	0	0	-0.13	0	0.305	0	0	0
2.061	3.045517	96.592682	-6.023445	0.21194	0	-0.353513	3.00E-06	0.97689	1.00E-06	0	0	0	-0.13	0	0.305	0	0	0
2.062	3.045517	96.592682	-6.258518	0.210831	0	-0.35317	3.00E-06	0.97689	0.00E+00	0	0	0	-0.13	0	0.305	0	0	0
2.063	3.04191	97.629883	-6.258518	0.210831	0	-0.35317	2.00E-06	0.993056	0	0	0	0	-0.13	0	0.305	0	0	0
2.064	3.04191	96.406754	-6.415461	0.210831	0	-0.35317	2.00E-06	1.088687	0	0	0	0	-0.13	0	0.305	0	0	0
2.065	2.809799	96.406754	-6.415461	0.210948	0	-0.354307	2.00E-06	1.088687	0	0	0	0	-0.13	0	0.305	0	0	0
2.066	2.651934	96.406754	-6.572081	0.210948	0	-0.354307	2.00E-06	1.088687	1.00E-06	0	0	0	-0.13	0	0.305	0	0	0
2.067	2.260515	97.268829	-6.493591	0.210955	0	-0.354307	2.00E-06	1.105713	1.00E-06	0	0	0	-0.13	0	0.305	0	0	0
2.068	2.260515	97.278488	-6.493591	0.211007	0	-0.354285	2.00E-06	1.114624	1.00E-06	0	0	0	-0.13	0	0.305	0	0	0
2.069	2.260515	97.278488	-6.493591	0.210955	0	-0.353652	1.00E-06	1.114624	1.00E-06	0	0	0	-0.13	0	0.305	0	0	0
2.07	2.41766	97.447083	-6.728783	0.210677	0	-0.352423	1.00E-06	1.140297	1.00E-06	0	0	0	-0.13	0	0.305	0	0	0
2.071	2.41766	98.491226	-6.728783	0.210677	0	-0.350513	1.00E-06	1.154504	1.00E-06	0	0	0	-0.13	0	0.305	0	0	0
2.072	2.419825	98.491226	-6.728783	0.211743	0	-0.350513	1.00E-06	1.140297	1.00E-06	0	0	0	-0.13	0	0.305	0	0	0
2.073	2.419825	98.491226	-6.728823	0.211743	0	-0.353345	0.00E+00	1.148891	1.00E-06	0	0	0	-0.13	0	0.305	0	0	0
2.074	2.419825	98.831039	-6.728823	0.212584	0	-0.353345	1.00E-06	1.128563	1.00E-06	0	0	0	-0.13	0	0.305	0	0	0
2.075	2.104813	98.142136	-6.728823	0.212584	0	-0.352391	3.00E-06	1.148891	1.00E-06	0	0	0	-0.13	0	0.305	0	0	0
2.076	2.261957	98.831039	-6.415541	0.212584	0	-0.352391	3.00E-06	1.193426	1.00E-06	0	0	0	-0.13	0	0.305	0	0	0
2.077	2.261957	98.665184	-6.728783	0.21189	0	-0.352391	2.00E-06	1.193426	1.00E-06	0	0	0	-0.13	0	0.305	0	0	0
2.078	2.261957	98.665184	-6.728783	0.211483	0	-0.354222	1.00E-06	1.154453	1.00E-06	0	0	0	-0.13	0	0.305	0	0	0
2.079	2.730505	97.966614	-6.963856	0.211098	0	-0.354424	1.00E-06	1.14987	1.00E-06	0	0	0	-0.13	0	0.305	0	0	0
2.08	2.41766	97.613693	-7.198845	0.211098	0	-0.354435	1.00E-06	1.143083	1.00E-06	0	0	0	-0.13	0	0.305	0	0	0
2.081	2.41766	97.966614	-7.198845	0.211784	0	-0.355566	1.00E-06	1.14987	2.00E-06	0	0	0	-0.13	0	0.305	0	0	0
2.082	2.259069	96.934052	-6.963974	0.211784	0	-0.355566	2.00E-06	1.258474	2.00E-06	0	0	0	-0.13	0	0.305	0	0	0
2.083	2.259069	96.934052	-6.885525	0.21141	0	-0.352651	2.00E-06	1.270766	1.00E-06	0	0	0	-0.13	0	0.305	0	0	0
2.084	2.259069	96.934052	-6.885525	0.210731	0	-0.352651	1.00E-06	1.298501	1.00E-06	0	0	0	-0.13	0	0.305	0	0	0
2.085	2.415495	96.599243	-6.415461	0.210149	0	-0.35777	0.00E+00	1.298501	1.00E-06	0	0	0	-0.13	0	0.305	0	0	0
2.086	2.34053	97.437393	-6.807194	0.210119	0	-0.35777	1.00E-06	1.255164	1.00E-06	0	0	0	-0.13	0	0.305	0	0	0
2.087	2.414772	97.961205	-6.807194	0.210119	0	-0.357096	0.00E+00	1.255164	2.00E-06	0	0	0	-0.13	0	0.305	0	0	0
2.088	2.34053	97.961205	-6.807194	0.210525	0	-0.357096	1.00E-06	1.120462	2.00E-06	0	0	0	-0.13	0	0.305	0	0	0
2.089	2.414772	96.251709	-7.042305	0.210867	0	-0.357096	1.00E-06	1.231011	2.00E-06	0	0	0	-0.13	0	0.305	0	0	0
2.09	2.574083	96.244385	-7.198927	0.210867	0	-0.352599	3.00E-06	1.161469	2.00E-06	0	0	0	-0.13	0	0.305	0	0	0
2.091	2.886208	96.244385	-7.198927	0.210789	0	-0.352502	1.00E-06	1.171764	1.00E-06	0	0	0	-0.13	0	0.305	0	0	0
2.092	2.574083	96.244385	-7.198927	0.210149	0	-0.351795	1.00E-06	1.1683	1.00E-06	0	0	0	-0.13	0	0.305	0	0	0
2.093	2.260515	95.557404	-7.277214	0.209903	0	-0.352502	1.00E-06	1.1683	1.00E-06	0	0	0	-0.13	0	0.305	0	0	0
2.094	2.183384	94.688736	-7.277214	0.209903	0	-0.355428	1.00E-06	1.141015	1.00E-06	0	0	0	-0.13	0	0.305	0	0	0
2.095	2.183384	94.688736	-7.042187	0.211224	0	-0.355428	2.00E-06	1.141015	1.00E-06	0	0	0	-0.13	0	0.305	0	0	0
2.096	2.649769	96.768951	-6.807074	0.211825	0	-0.353037	2.00E-06	1.19652	1.00E-06	0	0	0	-0.13	0	0.305	0	0	0
2.097	2.649769	96.768951	-7.042103	0.211825	0	-0.350968	2.00E-06	1.19652	0	0	0	0	-0.13	0	0.305	0	0	0
2.098	2.569031	96.252487	-6.963934	0.209835	0	-0.353037	2.00E-06	1.19652	0	0	0	0	-0.13	0	0.305	0	0	0
2.099	2.416216	95.556236	-7.042103	0.209563	0	-0.353455	2.00E-06	1.169416	0	0	0	0	-0.13	0	0.305	0	0	0
2.1	2.496954	95.553162	-7.042187	0.209563	0	-0.354946	2.00E-06	1.168381	0.00E+00	0	0	0	-0.13	0	0.305	0	0	0
2.101	2.496954	95.556236	-7.277176	0.211201	0	-0.354946	2.00E-06	1.143186	1.00E-06	0	0	0	-0.13	0	0.305	0	0	0
2.102	2.496954	96.07312	-7.277176	0.211201	0	-0.352809	2.00E-06	1.143186	1.00E-06	0	0	0	-0.13	0	0.305	0	0	0
2.103	2.806192	96.07312	-6.963816	0.210235	0	-0.352259	3.00E-06	1.268169	1.00E-06	0	0	0	-0.13	0	0.305	0	0	0
2.104	2.572639	95.390381	-6.963816	0.210235	0	-0.352809	3.00E-06	1.268169	1.00E-06	0	0	0	-0.13	0	0.305	0	0	0
2.105	2.572639	95.214478	-7.668909	0.210235	0	-0.353639	1.00E-06	1.200962	1.00E-06	0	0	0	-0.13	0	0.305	0	0	0
2.106	2.572639	95.390381	-7.668909	0.210231	0	-0.353639	1.00E-06	1.137453	1.00E-06	0	0	0	-0.13	0	0.305	0	0	0
2.107	2.260515	95.730209	-7.512169	0.210231	0	-0.352557	0.00E+00	1.137453	2.00E-06	0	0	0	-0.13	0	0.305	0	0	0
2.108	2.179777	95.730209	-7.512169	0.210341	0	-0.352557	0	1.148667	2.00E-06	0	0	0	-0.13	0	0.305	0	0	0
2.109	2.179777	95.382278	-7.433916	0.210843	0	-0.353928	0.00E+00	1.25772	2.00E-06	0	0	0	-0.13	0	0.305	0	0	0
2.11	2.181219	95.382278	-7.590578	0.210858	0	-0.353928	2.00E-06	1.25772	1.00E-06	0	0	0	-0.13	0	0.305	0	0	0
2.111	2.414772	96.765488	-7.590578	0.210843	0	-0.352978	3.00E-06	1.25772	1.00E-06	0	0	0	-0.13	0	0.305	0	0	0
2.112	2.414772	96.765488	-7.590578	0.210858	0	-0.352978	2.00E-06	1.151983	1.00E-06	0	0	0	-0.13	0	0.305	0	0	0
2.113	2.574083	96.93483	-7.590578	0.210979	0	-0.353547	2.00E-06	1.125304	1.00E-06	0	0	0	-0.13	0	0.305	0	0	0
2.114	2.34053	95.560112	-7.512287	0.210979	0	-0.353547	2.00E-06	1.125304	1.00E-06	0	0	0	-0.13	0	0.305	0	0	0
2.115	2.414051	96.076996	-7.198927	0.209715	0	-0.351414	2.00E-06	1.198916	1.00E-06	0	0	0	-0.13	0	0.305	0	0	0
2.116	2.414051	96.076996	-7.198927	0.209715	0	-0.349803	2.00E-06	1.284972	1.00E-06	0	0	0	-0.13	0	0.305	0	0	0
2.117	2.414051	96.921677	-7.277056	0.209644	0	-0.349803	2.00E-06	1.284972	1.00E-06	0	0	0	-0.13	0	0.305	0	0	0
2.118	2.571918	97.28273	-7.590698	0.211517	0	-0.353566	2.00E-06	1.230035	1.00E-06	0	0	0	-0.13	0	0.305	0	0	0
2.119	2.41333	97.28273	-7.668989	0.211517	0	-0.353566	3.00E-06	1.230035	1.00E-06	0	0	0	-0.13	0	0.305	0	0	0
2.12	2.029127	97.28273	-7.668989	0.211517	0	-0.352938	3.00E-06	1.179984	0.00E+00	0	0	0	-0.13	0	0.305	0	0	0
2.121	2.024075	96.080826	-7.198967	0.211166	0	-0.352588	3.00E-06	1.190406	1.00E-06	0	0	0	-0.13	0	0.305	0	0	0
2.122	2.029127	96.080826	-7.198967	0.210139	0	-0.352599	1.00E-06	1.190406	1.00E-06	0	0	0	-0.13	0	0.305	0	0	0
2.123	2.024075	96.593071	-7.198685	0.209805	0	-0.352599	1.00E-06	1.241905	1.00E-06	0	0	0	-0.13	0	0.305	0	0	0
2.124	2.415495	96.593071	-7.512247	0.209805	0	-0.352754	0	1.241905	1.00E-06	0	0	0	-0.13	0	0.305	0	0	0
2.125	2.649769	97.622177	-7.512247	0.210891	0	-0.353059	0	1.194215	1.00E-06	0	0	0	-0.13	0	0.305	0	0	0
2.126	2.649769	97.285439	-7.668989	0.210891	0	-0.352754	2.00E-06	1.160464	1.00E-06	0	0	0	-0.13	0	0.305	0	0	0
2.127	2.649769	97.285439	-7.668989	0.21106	0	-0.352149	2.00E-06	1.100627	1.00E-06	0	0	0	-0.13	0	0.305	0	0	0
2.128	2.574083	97.285439	-7.668989	0.21106	0	-0.352149	0	1.100627	1.00E-06	0	0	0	-0.13	0	0.305	0	0	0
2.129	2.574083	97.107635	-7.355387	0.21106	0	-0.355834	0	1.180916	1.00E-06	0	0	0	-0.13	0	0.305	0	0	0
2.13	2.574083	96.935585	-7.7474	0.209577	0	-0.355834	0	1.200762	1.00E-06	0	0	0	-0.13	0	0.305	0	0	0
2.131	2.649769	96.748489	-7.904102	0.209577	0	-0.356795	0	1.20897	0	0	0	0	-0.13	0	0.305	0	0	0
2.132	2.811245	96.748489	-7.904102	0.210567	0	-0.353871	1.00E-06	1.20897	0	0	0	0	-0.13	0	0.305	0	0	0
2.133	2.811245	95.910721	-7.512287	0.210586	0	-0.354142	1.00E-06	1.176968	1.00E-06	0	0	0	-0.13	0	0.305	0	0	0
2.134	2.811245	95.899918	-7.512287	0.211959	0	-0.353821	1.00E-06	1.176968	2.00E-06	0	0	0	-0.13	0	0.305	0	0	0
2.135	2.651934	95.560867	-7.277136	0.210586	0	-0.354142	1.00E-06	1.176968	2.00E-06	0	0	0	-0.13	0	0.305	0	0	0
2.136	2.651934	94.517105	-7.669069	0.209731	0	-0.353821	1.00E-06	1.19247	2.00E-06	0	0	0	-0.13	0	0.305	0	0	0
2.137	2.651934	94.517105	-7.198805	0.209549	0	-0.354893	1.00E-06	1.152657	0	0	0	0	-0.13	0	0.305	0	0	0
2.138	3.120483	95.376503	-7.198725	0.209549	0	-0.353987	0.00E+00	1.152657	0	0	0	0	-0.13	0	0.305	0	0	0
2.139	3.122648	95.389648	-7.198725	0.209549	0	-0.353987	1.00E-06	1.06855	0	0	0	0	-0.13	0	0.305	0	0	0
2.14	3.122648	95.376503	-7.512327	0.208952	0	-0.352728	1.00E-06	1.06855	0.00E+00	0	0	0	-0.13	0	0.305	0	0	0
2.141	2.885487	93.830544	-7.747078	0.208952	0	-0.352102	1.00E-06	1.171478	1.00E-06	0	0	0	-0.13	0	0.305	0	0	0
2.142	2.885487	93.830544	-7.512411	0.208952	0	-0.352619	1.00E-06	1.188432	1.00E-06	0	0	0	-0.13	0	0.305	0	0	0
2.143	3.121202	94.363205	-7.590578	0.207691	0	-0.352619	1.00E-06	1.191579	1.00E-06	0	0	0	-0.13	0	0.305	0	0	0
2.144	3.274742	94.363205	-7.590578	0.210641	0	-0.352968	2.00E-06	1.188432	2.00E-06	0	0	0	-0.13	0	0.305	0	0	0
2.145	3.276905	95.032059	-7.590578	0.210641	0	-0.352968	2.00E-06	1.194222	1.00E-06	0	0	0	-0.13	0	0.305	0	0	0
2.146	3.278349	93.837082	-7.590578	0.210641	0	-0.354042	4.00E-06	1.148272	2.00E-06	0	0	0	-0.13	0	0.305	0	0	0
2.147	3.278349	93.837082	-7.433838	0.210086	0	-0.349975	4.00E-06	1.203612	1.00E-06	0	0	0	-0.13	0	0.305	0	0	0
2.148	3.278349	93.319443	-7.198927	0.210086	0	-0.353772	2.00E-06	1.177563	2.00E-06	0	0	0	-0.13	0	0.305	0	0	0
2.149	3.430445	93.31134	-7.198927	0.209918	0	-0.353772	2.00E-06	1.231718	2.00E-06	0	0	0	-0.13	0	0.305	0	0	0
2.15	3.434772	93.31134	-7.512247	0.209384	0	-0.353907	2.00E-06	1.177563	2.00E-06	0	0	0	-0.13	0	0.305	0	0	0
2.151	3.430445	92.803726	-7.590698	0.209384	0	-0.353907	1.00E-06	1.148127	1.00E-06	0	0	0	-0.13	0	0.305	0	0	0
2.152	3.434772	92.803726	-7.590698	0.21008	0	-0.353291	1.00E-06	1.148127	1.00E-06	0	0	0	-0.13	0	0.305	0	0	0
2.153	3.746176	92.452332	-7.277298	0.210733	0	-0.353291	1.00E-06	1.148127	1.00E-06	0	0	0	-0.13	0	0.305	0	0	0
2.154	3.746176	94.014908	-7.277298	0.210733	0	-0.352799	1.00E-06	1.153746	1.00E-06	0	0	0	-0.13	0	0.305	0	0	0
2.155	3.352592	93.653488	-7.355585	0.210733	0	-0.352938	1.00E-06	1.190184	1.00E-06	0	0	0	-0.13	0	0.305	0	0	0
2.156	3.352592	93.653488	-7.433838	0.20824	0	-0.352799	1.00E-06	1.190184	1.00E-06	0	0	0	-0.13	0	0.305	0	0	0
2.157	3.666161	93.653488	-8.139214	0.20824	0	-0.352639	0.00E+00	1.135014	1.00E-06	0	0	0	-0.13	0	0.305	0	0	0
2.158	4.138317	93.666222	-8.139214	0.210005	0	-0.35187	0	1.105614	1.00E-06	0	0	0	-0.13	0	0.305	0	0	0
2.159	3.746176	93.666222	-7.512005	0.210232	0	-0.350583	1.00E-06	1.016431	1.00E-06	0	0	0	-0.13	0	0.305	0	0	0
2.16	3.746176	93.666222	-7.120556	0.210232	0	-0.34976	1.00E-06	1.016431	1.00E-06	0	0	0	-0.13	0	0.305	0	0	0
2.161	3.666161	93.313293	-7.433876	0.210232	0	-0.34976	1.00E-06	1.166293	1.00E-06	0	0	0	-0.13	0	0.305	0	0	0
2.162	3.666161	94.186951	-7.433876	0.208965	0	-0.34976	0	1.186168	1.00E-06	0	0	0	-0.13	0	0.305	0	0	0
2.163	3.745455	94.186951	-7.512371	0.208965	0	-0.35092	0	1.198	1.00E-06	0	0	0	-0.13	0	0.305	0	0	0
2.164	3.745455	94.186951	-7.512371	0.209403	0	-0.3504	1.00E-06	1.198	1.00E-06	0	0	0	-0.13	0	0.305	0	0	0
2.165	4.212561	94.185394	-7.669029	0.211678	0	-0.35093	2.00E-06	1.155686	1.00E-06	0	0	0	-0.13	0	0.305	0	0	0
2.166	3.980452	94.013367	-7.590618	0.212258	0	-0.351806	1.00E-06	1.121342	1.00E-06	0	0	0	-0.13	0	0.305	0	0	0
2.167	3.980452	94.009911	-7.590618	0.212258	0	-0.351806	0	1.121342	2.00E-06	0	0	0	-0.13	0	0.305	0	0	0
2.168	3.980452	94.009911	-7.120434	0.212067	0	-0.349969	0.00E+00	1.121342	1.00E-06	0	0	0	-0.13	0	0.305	0	0	0
2.169	3.354755	94.009911	-7.120434	0.210733	0	-0.349969	3.00E-06	1.109616	2.00E-06	0	0	0	-0.13	0	0.305	0	0	0
2.17	3.825472	94.358955	-7.668909	0.210961	0	-0.353424	3.00E-06	1.109616	1.00E-06	0	0	0	-0.13	0	0.305	0	0	0
2.171	3.666161	94.358955	-7.668909	0.20975	0	-0.353424	3.00E-06	1.133164	1.00E-06	0	0	0	-0.13	0	0.305	0	0	0
2.172	3.666161	94.8666	-7.512169	0.210422	0	-0.353424	2.00E-06	1.153622	1.00E-06	0	0	0	-0.13	0	0.305	0	0	0
2.173	3.666161	94.8666	-7.355585	0.210422	0	-0.354543	2.00E-06	1.153622	1.00E-06	0	0	0	-0.13	0	0.305	0	0	0
2.174	3.824026	94.182693	-7.355585	0.210422	0	-0.354543	1.00E-06	1.142633	2.00E-06	0	0	0	-0.13	0	0.305	0	0	0
2.175	3.899714	94.182693	-7.512287	0.210245	0	-0.354069	3.00E-06	1.142633	1.00E-06	0	0	0	-0.13	0	0.305	0	0	0
2.176	4.373314	94.182693	-7.512287	0.209697	0	-0.353798	2.00E-06	1.142633	1.00E-06	0	0	0	-0.13	0	0.305	0	0	0
2.177	3.982616	93.325241	-7.668909	0.209697	0	-0.353798	2.00E-06	1.020081	1.00E-06	0	0	0	-0.13	0	0.305	0	0	0
2.178	4.29402	93.325241	-7.512287	0.209799	0	-0.353798	1.00E-06	1.020081	0.00E+00	0	0	0	-0.13	0	0.305	0	0	0
2.179	4.29402	93.482224	-7.355545	0.21026	0	-0.354107	1.00E-06	1.032275	1.00E-06	0	0	0	-0.13	0	0.305	0	0	0
2.18	4.29402	95.378036	-7.198927	0.21026	0	-0.354107	1.00E-06	1.034525	1.00E-06	0	0	0	-0.13	0	0.305	0	0	0
2.181	4.136152	93.482224	-7.355545	0.21026	0	-0.354107	2.00E-06	1.113864	1.00E-06	0	0	0	-0.13	0	0.305	0	0	0
2.182	4.136152	93.482224	-7.434	0.208808	0	-0.353745	2.00E-06	1.113864	1.00E-06	0	0	0	-0.13	0	0.305	0	0	0
2.183	4.760403	93.482224	-7.434	0.208808	0	-0.353745	2.00E-06	1.113864	0.00E+00	0	0	0	-0.13	0	0.305	0	0	0
2.184	4.760403	93.133507	-7.198967	0.208117	0	-0.353745	2.00E-06	1.060025	1.00E-06	0	0	0	-0.13	0	0.305	0	0	0
2.185	4.451164	93.133507	-7.198967	0.210668	0	-0.35346	2.00E-06	1.100857	0.00E+00	0	0	0	-0.13	0	0.305	0	0	0
2.186	4.451164	93.133507	-7.120636	0.210772	0	-0.353598	2.00E-06	1.100857	0	0	0	0	-0.13	0	0.305	0	0	0
2.187	4.292578	93.301712	-7.277176	0.210772	0	-0.353598	1.00E-06	1.141453	0	0	0	0	-0.13	0	0.305	0	0	0
2.188	4.683275	93.301712	-7.120636	0.20984	0	-0.354525	1.00E-06	1.141453	1.00E-06	0	0	0	-0.13	0	0.305	0	0	0
2.189	4.762568	92.971146	-7.120394	0.20984	0	-0.354525	1.00E-06	1.123801	1.00E-06	0	0	0	-0.13	0	0.305	0	0	0
2.19	5.152546	92.971146	-7.120394	0.20984	0	-0.354775	2.00E-06	1.019612	2.00E-06	0	0	0	-0.13	0	0.305	0	0	0
2.191	4.999729	92.971146	-7.120394	0.209913	0	-0.356092	2.00E-06	0.977274	1.00E-06	0	0	0	-0.13	0	0.305	0	0	0
2.192	5.465391	93.139709	-7.120394	0.209078	0	-0.356092	0	0.977274	1.00E-06	0	0	0	-0.13	0	0.305	0	0	0
2.193	4.999729	93.133148	-6.572001	0.209078	0	-0.353858	0	1.002962	0	0	0	0	-0.13	0	0.305	0	0	0
2.194	5.465391	93.133148	-6.572001	0.208847	0	-0.352424	0.00E+00	1.040549	0	0	0	0	-0.13	0	0.305	0	0	0
2.195	5.701109	92.114845	-6.807114	0.208847	0	-0.350905	2.00E-06	1.050871	1.00E-06	0	0	0	-0.13	0	0.305	0	0	0
2.196	5.701109	92.114845	-6.807114	0.209223	0	-0.350905	1.00E-06	1.050871	1.00E-06	0	0	0	-0.13	0	0.305	0	0	0
2.197	5.701109	92.113312	-6.728783	0.209742	0	-0.351533	1.00E-06	0.980998	1.00E-06	0	0	0	-0.13	0	0.305	0	0	0
2.198	5.702553	92.628242	-6.728703	0.209667	0	-0.351691	1.00E-06	0.971884	1.00E-06	0	0	0	-0.13	0	0.305	0	0	0
2.199	5.702553	91.59874	-6.571878	0.209667	0	-0.351533	1.00E-06	0.971884	1.00E-06	0	0	0	-0.13	0	0.305	0	0	0
2.2	6.013235	92.804535	-6.415379	0.209365	0	-0.350798	2.00E-06	1.021293	1.00E-06	0	0	0	-0.13	0	0.305	0	0	0
2.201	5.543243	92.804535	-6.415379	0.209365	0	-0.350798	2.00E-06	1.155014	1.00E-06	0	0	0	-0.13	0	0.305	0	0	0
2.202	5.776796	92.804535	-6.80695	0.209057	0	-0.354897	2.00E-06	1.155014	1.00E-06	0	0	0	-0.13	0	0.305	0	0	0
2.203	5.776796	92.792953	-6.80695	0.209481	0	-0.354897	2.00E-06	1.015798	1.00E-06	0	0	0	-0.13	0	0.305	0	0	0
2.204	5.776796	92.792953	-6.728619	0.209317	0	-0.35446	0	1.015798	1.00E-06	0	0	0	-0.13	0	0.305	0	0	0
2.205	6.168938	92.792953	-6.650331	0.209481	0	-0.353635	0	1.015798	1.00E-06	0	0	0	-0.13	0	0.305	0	0	0
2.206	6.17038	92.966125	-6.650372	0.209317	0	-0.353635	0.00E+00	1.057491	1.00E-06	0	0	0	-0.13	0	0.305	0	0	0
2.207	6.243902	93.314072	-6.650372	0.211418	0	-0.353635	0.00E+00	1.010118	1.00E-06	0	0	0	-0.13	0	0.305	0	0	0
2.208	6.247509	94.007225	-6.650372	0.208289	0	-0.349037	1.00E-06	1.026476	1.00E-06	0	0	0	-0.13	0	0.305	0	0	0
2.209	6.32897	94.007225	-6.650452	0.211418	0	-0.354349	1.00E-06	1.010118	1.00E-06	0	0	0	-0.13	0	0.305	0	0	0
2.21	6.247509	94.007225	-6.650249	0.209022	0	-0.352885	1.00E-06	0.946241	1.00E-06	0	0	0	-0.13	0	0.305	0	0	0
2.211	6.250397	92.62204	-6.650249	0.210724	0	-0.352885	1.00E-06	0.946241	0	0	0	0	-0.13	0	0.305	0	0	0
2.212	6.250397	93.656593	-6.650249	0.209022	0	-0.350327	1.00E-06	0.968077	0	0	0	0	-0.13	0	0.305	0	0	0
2.213	6.250397	93.484543	-6.33713	0.210292	0	-0.350327	2.00E-06	1.109142	1.00E-06	0	0	0	-0.13	0	0.305	0	0	0
2.214	6.478897	93.484543	-6.415298	0.208445	0	-0.350857	2.00E-06	1.109142	2.00E-06	0	0	0	-0.13	0	0.305	0	0	0
2.215	6.793188	93.484543	-6.415298	0.210292	0	-0.350942	1.00E-06	1.052992	1.00E-06	0	0	0	-0.13	0	0.305	0	0	0
2.216	6.793188	93.820099	-6.493591	0.210346	0	-0.350942	0.00E+00	1.027118	1.00E-06	0	0	0	-0.13	0	0.305	0	0	0
2.217	6.323917	94.699181	-6.493591	0.211488	0	-0.350942	0	0.991975	0.00E+00	0	0	0	-0.13	0	0.305	0	0	0
2.218	6.323917	94.699181	-6.336967	0.210346	0	-0.351502	0	1.027118	1.00E-06	0	0	0	-0.13	0	0.305	0	0	0
2.219	6.248232	95.89492	-5.867105	0.210512	0	-0.351502	2.00E-06	1.094456	1.00E-06	0	0	0	-0.13	0	0.305	0	0	0
2.22	6.32464	95.89492	-5.867105	0.210157	0	-0.351987	3.00E-06	1.094456	1.00E-06	0	0	0	-0.13	0	0.305	0	0	0
2.221	6.32464	95.04055	-5.867105	0.210512	0	-0.351987	2.00E-06	1.032629	1.00E-06	0	0	0	-0.13	0	0.305	0	0	0
2.222	6.32464	94.677567	-6.023365	0.209632	0	-0.354105	3.00E-06	0.989472	1.00E-06	0	0	0	-0.13	0	0.305	0	0	0
2.223	6.323917	95.027039	-6.023525	0.209485	0	-0.354351	2.00E-06	0.965856	2.00E-06	0	0	0	-0.13	0	0.305	0	0	0
2.224	6.323917	95.027039	-6.023445	0.209485	0	-0.354414	2.00E-06	0.965856	2.00E-06	0	0	0	-0.13	0	0.305	0	0	0
2.225	6.171103	95.027039	-6.023445	0.209967	0	-0.354414	2.00E-06	0.904656	2.00E-06	0	0	0	-0.13	0	0.305	0	0	0
2.226	6.400326	94.674866	-6.023445	0.209967	0	-0.35511	2.00E-06	1.071077	1.00E-06	0	0	0	-0.13	0	0.305	0	0	0
2.227	6.484671	94.674866	-6.023685	0.209967	0	-0.35511	1.00E-06	0.93423	1.00E-06	0	0	0	-0.13	0	0.305	0	0	0
2.228	6.55747	95.530411	-6.023685	0.20829	0	-0.35511	1.00E-06	0.93423	1.00E-06	0	0	0	-0.13	0	0.305	0	0	0
2.229	6.79896	95.530411	-6.023685	0.209973	0	-0.355724	1.00E-06	0.924783	1.00E-06	0	0	0	-0.13	0	0.305	0	0	0
2.23	6.79896	94.687202	-5.788412	0.211343	0	-0.355724	0.00E+00	0.90202	1.00E-06	0	0	0	-0.13	0	0.305	0	0	0
2.231	6.638929	93.483757	-5.553341	0.211343	0	-0.35505	0	0.895631	1.00E-06	0	0	0	-0.13	0	0.305	0	0	0
2.232	6.636044	93.483757	-5.475172	0.211301	0	-0.35505	1.00E-06	0.90202	1.00E-06	0	0	0	-0.13	0	0.305	0	0	0
2.233	6.636044	93.311737	-5.475172	0.209291	0	-0.353883	2.00E-06	0.936483	1.00E-06	0	0	0	-0.13	0	0.305	0	0	0
2.234	6.875368	93.311737	-5.31835	0.209119	0	-0.353115	1.00E-06	0.967016	1.00E-06	0	0	0	-0.13	0	0.305	0	0	0
2.235	6.951777	93.641541	-5.31835	0.207591	0	-0.353115	2.00E-06	0.936483	1.00E-06	0	0	0	-0.13	0	0.305	0	0	0
2.236	7.184607	93.810471	-5.161728	0.207591	0	-0.355705	1.00E-06	0.921083	1.00E-06	0	0	0	-0.13	0	0.305	0	0	0
2.237	6.951777	93.810471	-5.161728	0.209412	0	-0.355705	2.00E-06	0.869703	1.00E-06	0	0	0	-0.13	0	0.305	0	0	0
2.238	7.1082	93.991005	-5.161568	0.209412	0	-0.354501	1.00E-06	0.869703	1.00E-06	0	0	0	-0.13	0	0.305	0	0	0
2.239	6.79463	93.483368	-5.083559	0.208751	0	-0.354501	2.00E-06	0.889584	1.00E-06	0	0	0	-0.13	0	0.305	0	0	0
2.24	6.95322	92.613556	-4.848206	0.208259	0	-0.353398	1.00E-06	0.889584	0	0	0	0	-0.13	0	0.305	0	0	0
2.241	6.95322	92.43692	-5.004948	0.208259	0	-0.353398	1.00E-06	0.774232	0	0	0	0	-0.13	0	0.305	0	0	0
2.242	7.028183	92.43692	-4.848124	0.208908	0	-0.353398	1.00E-06	0.774232	0.00E+00	0	0	0	-0.13	0	0.305	0	0	0
2.243	7.028183	92.441528	-5.004948	0.20913	0	-0.354097	2.00E-06	0.725625	1.00E-06	0	0	0	-0.13	0	0.305	0	0	0
2.244	7.028183	94.167694	-4.926495	0.20913	0	-0.354097	2.00E-06	0.9072	0.00E+00	0	0	0	-0.13	0	0.305	0	0	0
2.245	7.18605	92.441528	-5.240139	0.20993	0	-0.355256	1.00E-06	0.970031	1.00E-06	0	0	0	-0.13	0	0.305	0	0	0
2.246	7.261736	91.582916	-4.926495	0.208151	0	-0.351297	1.00E-06	0.970031	1.00E-06	0	0	0	-0.13	0	0.305	0	0	0
2.247	7.341032	91.582916	-4.770075	0.20969	0	-0.352584	1.00E-06	0.922211	1.00E-06	0	0	0	-0.13	0	0.305	0	0	0
2.248	7.341032	92.429192	-4.770075	0.207907	0	-0.352584	0	0.922211	1.00E-06	0	0	0	-0.13	0	0.305	0	0	0
2.249	7.580357	92.429192	-4.770075	0.209424	0	-0.356784	0	0.881802	1.00E-06	0	0	0	-0.13	0	0.305	0	0	0
2.25	7.580357	92.429192	-4.769955	0.209424	0	-0.356784	1.00E-06	0.841657	1.00E-06	0	0	0	-0.13	0	0.305	0	0	0
2.251	7.580357	93.307877	-4.613335	0.209424	0	-0.355911	3.00E-06	0.841657	1.00E-06	0	0	0	-0.13	0	0.305	0	0	0
2.252	7.80958	93.307877	-4.613335	0.209694	0	-0.354742	1.00E-06	0.92821	0.00E+00	0	0	0	-0.13	0	0.305	0	0	0
2.253	7.655321	92.789848	-4.848368	0.209247	0	-0.353211	3.00E-06	0.935896	1.00E-06	0	0	0	-0.13	0	0.305	0	0	0
2.254	7.80958	92.789848	-5.31831	0.208464	0	-0.354742	1.00E-06	0.92821	1.00E-06	0	0	0	-0.13	0	0.305	0	0	0
2.255	8.123148	92.789848	-4.848368	0.208464	0	-0.353867	2.00E-06	0.93663	1.00E-06	0	0	0	-0.13	0	0.305	0	0	0
2.256	8.123148	93.29129	-4.691423	0.209765	0	-0.353867	2.00E-06	0.951281	1.00E-06	0	0	0	-0.13	0	0.305	0	0	0
2.257	7.88743	92.440384	-4.613255	0.209765	0	-0.350038	2.00E-06	0.951281	1.00E-06	0	0	0	-0.13	0	0.305	0	0	0
2.258	7.88743	92.958046	-4.613255	0.208398	0	-0.350038	2.00E-06	0.951281	1.00E-06	0	0	0	-0.13	0	0.305	0	0	0
2.259	7.965282	92.958046	-4.613255	0.208398	0	-0.350381	2.00E-06	0.937775	1.00E-06	0	0	0	-0.13	0	0.305	0	0	0
2.26	7.965282	94.158035	-4.691706	0.208398	0	-0.350939	1.00E-06	0.961802	1.00E-06	0	0	0	-0.13	0	0.305	0	0	0
2.261	8.279573	94.158035	-4.848246	0.209044	0	-0.351416	1.00E-06	0.936328	1.00E-06	0	0	0	-0.13	0	0.305	0	0	0
2.262	8.278851	94.158035	-4.848246	0.209044	0	-0.35454	1.00E-06	0.918077	1.00E-06	0	0	0	-0.13	0	0.305	0	0	0
2.263	8.278851	94.162247	-4.848045	0.209633	0	-0.35454	2.00E-06	0.918077	1.00E-06	0	0	0	-0.13	0	0.305	0	0	0
2.264	7.884544	94.162247	-4.691584	0.211144	0	-0.353802	2.00E-06	0.918588	0	0	0	0	-0.13	0	0.305	0	0	0
2.265	7.884544	94.162247	-4.691584	0.211144	0	-0.353802	1.00E-06	0.918588	0	0	0	0	-0.13	0	0.305	0	0	0
2.266	7.968168	93.825546	-4.534681	0.211144	0	-0.354318	1.00E-06	0.859981	1.00E-06	0	0	0	-0.13	0	0.305	0	0	0
2.267	8.356701	94.340446	-5.083319	0.209894	0	-0.354318	2.00E-06	0.859981	1.00E-06	0	0	0	-0.13	0	0.305	0	0	0
2.268	8.356701	95.701675	-5.083197	0.209572	0	-0.354184	2.00E-06	0.856341	1.00E-06	0	0	0	-0.13	0	0.305	0	0	0
2.269	8.045298	95.701675	-5.083197	0.209894	0	-0.354184	1.00E-06	0.856341	2.00E-06	0	0	0	-0.13	0	0.305	0	0	0
2.27	8.045298	95.538147	-4.691183	0.21001	0	-0.354184	1.00E-06	0.844426	1.00E-06	0	0	0	-0.13	0	0.305	0	0	0
2.271	8.202442	95.538147	-4.534883	0.21001	0	-0.353073	2.00E-06	0.844426	1.00E-06	0	0	0	-0.13	0	0.305	0	0	0
2.272	8.202442	95.538147	-4.691183	0.208858	0	-0.353073	2.00E-06	0.835296	0	0	0	0	-0.13	0	0.305	0	0	0
2.273	8.202442	94.843063	-4.769793	0.208136	0	-0.353434	1.00E-06	0.835296	0	0	0	0	-0.13	0	0.305	0	0	0
2.274	8.279573	94.843063	-4.769835	0.208136	0	-0.35822	1.00E-06	0.781121	1.00E-06	0	0	0	-0.13	0	0.305	0	0	0
2.275	8.437437	95.535042	-4.769793	0.208358	0	-0.353575	1.00E-06	0.724356	1.00E-06	0	0	0	-0.13	0	0.305	0	0	0
2.276	8.670271	95.681976	-4.378061	0.209858	0	-0.353575	1.00E-06	0.724356	1.00E-06	0	0	0	-0.13	0	0.305	0	0	0
2.277	8.670271	95.535042	-4.378061	0.210392	0	-0.353575	1.00E-06	0.773837	1.00E-06	0	0	0	-0.13	0	0.305	0	0	0
2.278	8.670271	93.468323	-4.534561	0.210392	0	-0.354574	3.00E-06	0.773837	1.00E-06	0	0	0	-0.13	0	0.305	0	0	0
2.279	8.670271	93.287445	-4.848164	0.206569	0	-0.357275	3.00E-06	0.773837	0.00E+00	0	0	0	-0.13	0	0.305	0	0	0
2.28	8.670271	93.287445	-4.534561	0.206385	0	-0.358834	2.00E-06	0.728782	0	0	0	0	-0.13	0	0.305	0	0	0
2.281	8.515289	93.291664	-4.45631	0.206385	0	-0.358834	2.00E-06	0.80704	0	0	0	0	-0.13	0	0.305	0	0	0
2.282	8.278851	93.291664	-4.45631	0.209225	0	-0.357908	0.00E+00	0.741422	1.00E-06	0	0	0	-0.13	0	0.305	0	0	0
2.283	8.278851	92.938736	-4.45631	0.209225	0	-0.357908	2.00E-06	0.77649	1.00E-06	0	0	0	-0.13	0	0.305	0	0	0
2.284	8.590977	92.596588	-4.691343	0.20877	0	-0.357908	2.00E-06	0.741422	1.00E-06	0	0	0	-0.13	0	0.305	0	0	0
2.285	8.590977	91.737213	-4.45627	0.207295	0	-0.356596	2.00E-06	0.728211	1.00E-06	0	0	0	-0.13	0	0.305	0	0	0
2.286	8.59314	90.184296	-4.534441	0.207295	0	-0.356596	2.00E-06	0.702043	1.00E-06	0	0	0	-0.13	0	0.305	0	0	0
2.287	8.59314	91.214943	-4.45627	0.207189	0	-0.357801	2.00E-06	0.593743	1.00E-06	0	0	0	-0.13	0	0.305	0	0	0
2.288	8.59314	90.533768	-3.986086	0.20791	0	-0.357801	2.00E-06	0.593743	1.00E-06	0	0	0	-0.13	0	0.305	0	0	0
2.289	8.43383	90.533768	-3.986086	0.207151	0	-0.355592	2.00E-06	0.639054	1.00E-06	0	0	0	-0.13	0	0.305	0	0	0
2.29	8.43383	90.533768	-3.907675	0.209432	0	-0.355162	1.00E-06	0.639054	1.00E-06	0	0	0	-0.13	0	0.305	0	0	0
2.291	9.374537	91.052963	-4.142708	0.207229	0	-0.354173	1.00E-06	0.650948	1.00E-06	0	0	0	-0.13	0	0.305	0	0	0
2.292	9.374537	91.052963	-4.064337	0.207229	0	-0.354173	1.00E-06	0.650948	1.00E-06	0	0	0	-0.13	0	0.305	0	0	0
2.293	8.827415	88.2985	-4.064337	0.207229	0	-0.354627	2.00E-06	0.650948	0.00E+00	0	0	0	-0.13	0	0.305	0	0	0
2.294	8.827415	88.2985	-3.907555	0.208137	0	-0.354627	1.00E-06	0.616276	0	0	0	0	-0.13	0	0.305	0	0	0
2.295	8.986727	89.330315	-3.515944	0.208137	0	-0.354627	2.00E-06	0.583983	0	0	0	0	-0.13	0	0.305	0	0	0
2.296	9.062412	89.330315	-3.437572	0.209466	0	-0.356144	1.00E-06	0.583983	1.00E-06	0	0	0	-0.13	0	0.305	0	0	0
2.297	9.062412	87.944794	-3.359161	0.208589	0	-0.356144	1.00E-06	0.622216	1.00E-06	0	0	0	-0.13	0	0.305	0	0	0
2.298	9.140985	87.250107	-3.359241	0.208589	0	-0.356144	1.00E-06	0.622216	1.00E-06	0	0	0	-0.13	0	0.305	0	0	0
2.299	9.140985	86.409248	-3.359161	0.208589	0	-0.354118	2.00E-06	0.600376	1.00E-06	0	0	0	-0.13	0	0.305	0	0	0
2.3	9.140985	87.250107	-2.967308	0.207004	0	-0.354145	2.00E-06	0.578156	1.00E-06	0	0	0	-0.13	0	0.305	0	0	0
2.301	9.293798	87.610016	-2.653986	0.208461	0	-0.354118	3.00E-06	0.578156	1.00E-06	0	0	0	-0.13	0	0.305	0	0	0
2.302	9.293798	87.610016	-2.653986	0.208461	0	-0.353615	3.00E-06	0.565899	0	0	0	0	-0.13	0	0.305	0	0	0
2.303	9.293798	86.570076	-2.497122	0.208911	0	-0.353615	1.00E-06	0.688176	0	0	0	0	-0.13	0	0.305	0	0	0
2.304	9.921659	85.712242	-2.34046	0.208911	0	-0.35363	1.00E-06	0.548508	0	0	0	0	-0.13	0	0.305	0	0	0
2.305	9.996624	86.047836	-2.262211	0.206605	0	-0.35363	2.00E-06	0.691669	1.00E-06	0	0	0	-0.13	0	0.305	0	0	0
2.306	9.996624	85.368942	-2.262131	0.206605	0	-0.353571	2.00E-06	0.498051	1.00E-06	0	0	0	-0.13	0	0.305	0	0	0
2.307	9.921659	86.047836	-2.105431	0.208723	0	-0.353455	1.00E-06	0.522332	1.00E-06	0	0	0	-0.13	0	0.305	0	0	0
2.308	9.921659	85.368942	-1.400215	0.208723	0	-0.353455	1.00E-06	0.522332	1.00E-06	0	0	0	-0.13	0	0.305	0	0	0
2.309	9.921659	84.664627	-1.243673	0.208053	0	-0.353455	0.00E+00	0.612543	1.00E-06	0	0	0	-0.13	0	0.305	0	0	0
2.31	10.312356	83.988083	-0.381716	0.208053	0	-0.352358	0	0.612543	1.00E-06	0	0	0	-0.13	0	0.305	0	0	0
2.311	10.312356	84.334061	-0.303385	0.208176	0	-0.351435	0	0.660363	1.00E-06	0	0	0	-0.13	0	0.305	0	0	0
2.312	10.465172	83.988083	-0.225014	0.208176	0	-0.351435	1.00E-06	0.687577	1.00E-06	0	0	0	-0.13	0	0.305	0	0	0
2.313	10.698725	83.809868	-0.225014	0.209832	0	-0.352905	1.00E-06	0.687577	1.00E-06	0	0	0	-0.13	0	0.305	0	0	0
2.314	10.623039	81.247139	0.636984	0.210812	0	-0.352905	1.00E-06	0.671081	1.00E-06	0	0	0	-0.13	0	0.305	0	0	0
2.315	10.623039	81.247139	0.872015	0.210812	0	-0.352905	1.00E-06	0.612367	1.00E-06	0	0	0	-0.13	0	0.305	0	0	0
2.316	10.623039	81.247139	1.107168	0.209649	0	-0.352035	1.00E-06	0.612367	1.00E-06	0	0	0	-0.13	0	0.305	0	0	0
2.317	10.617264	81.060066	1.498741	0.209303	0	-0.352035	1.00E-06	0.632554	1.00E-06	0	0	0	-0.13	0	0.305	0	0	0
2.318	10.701612	81.05658	1.498741	0.20839	0	-0.352035	1.00E-06	0.632554	1.00E-06	0	0	0	-0.13	0	0.305	0	0	0
2.319	10.617264	80.365356	1.498741	0.20839	0	-0.353782	1.00E-06	0.679889	1.00E-06	0	0	0	-0.13	0	0.305	0	0	0
2.32	10.388044	79.835739	2.125626	0.211328	0	-0.353782	2.00E-06	0.626504	1.00E-06	0	0	0	-0.13	0	0.305	0	0	0
2.321	10.22801	79.342834	2.28241	0.211328	0	-0.353021	2.00E-06	0.634973	1.00E-06	0	0	0	-0.13	0	0.305	0	0	0
2.322	10.388044	78.298653	2.987747	0.211558	0	-0.350435	2.00E-06	0.626504	1.00E-06	0	0	0	-0.13	0	0.305	0	0	0
2.323	10.543745	77.095596	2.987747	0.209748	0	-0.350435	3.00E-06	0.634973	1.00E-06	0	0	0	-0.13	0	0.305	0	0	0
2.324	10.85587	76.563667	3.300947	0.209748	0	-0.350435	2.00E-06	0.567435	1.00E-06	0	0	0	-0.13	0	0.305	0	0	0
2.325	10.85587	75.542686	3.300947	0.209748	0	-0.350404	2.00E-06	0.664037	1.00E-06	0	0	0	-0.13	0	0.305	0	0	0
2.326	10.539413	75.540756	4.084656	0.211152	0	-0.351254	1.00E-06	0.528761	1.00E-06	0	0	0	-0.13	0	0.305	0	0	0
2.327	10.539413	74.520111	4.241394	0.212465	0	-0.351254	1.00E-06	0.546677	0.00E+00	0	0	0	-0.13	0	0.305	0	0	0
2.328	10.384434	74.504677	4.789789	0.212465	0	-0.351254	1.00E-06	0.546677	0	0	0	0	-0.13	0	0.305	0	0	0
2.329	10.615822	72.094704	4.946449	0.209428	0	-0.350209	1.00E-06	0.638305	0	0	0	0	-0.13	0	0.305	0	0	0
2.33	10.384434	71.410431	5.495007	0.20819	0	-0.35011	1.00E-06	0.704647	0.00E+00	0	0	0	-0.13	0	0.305	0	0	0
2.331	10.539413	70.028404	6.043278	0.206801	0	-0.350209	1.00E-06	0.704647	1.00E-06	0	0	0	-0.13	0	0.305	0	0	0
2.332	10.306583	70.028404	6.357004	0.206801	0	-0.349661	1.00E-06	0.562729	1.00E-06	0	0	0	-0.13	0	0.305	0	0	0
2.333	10.306583	69.850571	6.513584	0.209306	0	-0.351731	1.00E-06	0.552703	1.00E-06	0	0	0	-0.13	0	0.305	0	0	0
2.334	10.306583	68.816437	7.140593	0.209613	0	-0.349661	1.00E-06	0.552703	1.00E-06	0	0	0	-0.13	0	0.305	0	0	0
2.335	10.227289	67.114647	7.140593	0.209306	0	-0.345933	0	0.587486	1.00E-06	0	0	0	-0.13	0	0.305	0	0	0
2.336	9.759462	67.105797	7.453753	0.209133	0	-0.345933	0	0.642725	1.00E-06	0	0	0	-0.13	0	0.305	0	0	0
2.337	9.759462	63.48616	7.453953	0.205527	0	-0.34583	0.00E+00	0.651047	1.00E-06	0	0	0	-0.13	0	0.305	0	0	0
2.338	9.833706	63.48616	7.610695	0.205527	0	-0.347778	1.00E-06	0.651047	1.00E-06	0	0	0	-0.13	0	0.305	0	0	0
2.339	10.070866	63.483086	7.610695	0.20693	0	-0.347812	1.00E-06	0.445605	1.00E-06	0	0	0	-0.13	0	0.305	0	0	0
2.34	10.070866	61.930931	7.924137	0.20819	0	-0.347812	1.00E-06	0.445605	1.00E-06	0	0	0	-0.13	0	0.305	0	0	0
2.341	9.760183	61.086971	8.00271	0.210393	0	-0.343939	1.00E-06	0.456654	1.00E-06	0	0	0	-0.13	0	0.305	0	0	0
2.342	9.758018	61.079659	8.00271	0.210393	0	-0.343939	1.00E-06	0.503167	1.00E-06	0	0	0	-0.13	0	0.305	0	0	0
2.343	9.440844	59.529427	9.099457	0.210329	0	-0.344342	1.00E-06	0.513657	1.00E-06	0	0	0	-0.13	0	0.305	0	0	0
2.344	9.678003	57.984192	9.099457	0.210329	0	-0.344714	1.00E-06	0.553819	1.00E-06	0	0	0	-0.13	0	0.305	0	0	0
2.345	9.678003	57.635139	9.177908	0.209319	0	-0.350372	1.00E-06	0.553819	1.00E-06	0	0	0	-0.13	0	0.305	0	0	0
2.346	9.680168	57.132919	9.099539	0.212299	0	-0.350372	0.00E+00	0.40471	1.00E-06	0	0	0	-0.13	0	0.305	0	0	0
2.347	9.832983	56.595989	9.177988	0.212026	0	-0.349967	2.00E-06	0.40471	1.00E-06	0	0	0	-0.13	0	0.305	0	0	0
2.348	9.680168	56.595989	9.256401	0.212026	0	-0.344439	0.00E+00	0.45871	1.00E-06	0	0	0	-0.13	0	0.305	0	0	0
2.349	9.44445	54.358047	9.883287	0.207217	0	-0.345073	1.00E-06	0.545217	1.00E-06	0	0	0	-0.13	0	0.305	0	0	0
2.35	9.052309	54.358047	9.883287	0.207217	0	-0.345073	1.00E-06	0.574742	1.00E-06	0	0	0	-0.13	0	0.305	0	0	0
2.351	8.972292	53.66375	9.805035	0.207247	0	-0.345073	1.00E-06	0.574742	1.00E-06	0	0	0	-0.13	0	0.305	0	0	0
2.352	9.052309	52.122787	9.805035	0.20829	0	-0.343145	1.00E-06	0.574742	1.00E-06	0	0	0	-0.13	0	0.305	0	0	0
2.353	9.596544	52.11779	9.883163	0.209783	0	-0.341062	1.00E-06	0.557326	1.00E-06	0	0	0	-0.13	0	0.305	0	0	0
2.354	9.59943	51.605537	10.431803	0.210603	0	-0.341062	0.00E+00	0.557326	1.00E-06	0	0	0	-0.13	0	0.305	0	0	0
2.355	9.596544	49.204033	10.431803	0.210603	0	-0.340075	1.00E-06	0.548587	1.00E-06	0	0	0	-0.13	0	0.305	0	0	0
2.356	9.362991	48.505493	9.804996	0.210549	0	-0.338629	0.00E+00	0.548587	0.00E+00	0	0	0	-0.13	0	0.305	0	0	0
2.357	9.362991	46.953754	9.804996	0.208133	0	-0.338629	1.00E-06	0.677805	0	0	0	0	-0.13	0	0.305	0	0	0
2.358	9.673674	46.953754	10.666914	0.208133	0	-0.338629	1.00E-06	0.677805	0	0	0	0	-0.13	0	0.305	0	0	0
2.359	9.673674	46.953754	10.745405	0.208763	0	-0.339399	1.00E-06	0.633363	0.00E+00	0	0	0	-0.13	0	0.305	0	0	0
2.36	9.36227	44.708836	11.058647	0.20974	0	-0.341371	1.00E-06	0.53299	1.00E-06	0	0	0	-0.13	0	0.305	0	0	0
2.361	8.969408	44.708836	10.745405	0.20974	0	-0.339399	1.00E-06	0.53299	0.00E+00	0	0	0	-0.13	0	0.305	0	0	0
2.362	8.969408	43.68512	10.980316	0.214449	0	-0.339269	1.00E-06	0.554783	0	0	0	0	-0.13	0	0.305	0	0	0
2.363	8.969408	43.68512	10.902225	0.214449	0	-0.339269	1.00E-06	0.554783	0	0	0	0	-0.13	0	0.305	0	0	0
2.364	8.420843	43.502678	10.902225	0.211527	0	-0.33954	1.00E-06	0.66249	0.00E+00	0	0	0	-0.13	0	0.305	0	0	0
2.365	8.263697	43.337578	10.510414	0.211527	0	-0.341044	1.00E-06	0.575667	1.00E-06	0	0	0	-0.13	0	0.305	0	0	0
2.366	8.263697	41.100784	10.510414	0.212538	0	-0.341044	1.00E-06	0.581797	0.00E+00	0	0	0	-0.13	0	0.305	0	0	0
2.367	8.34227	40.221703	11.294041	0.216221	0	-0.345593	1.00E-06	0.575667	0	0	0	0	-0.13	0	0.305	0	0	0
2.368	8.34227	40.221703	11.294041	0.216221	0	-0.347864	1.00E-06	0.581797	0	0	0	0	-0.13	0	0.305	0	0	0
2.369	7.635839	37.637787	11.05901	0.212033	0	-0.347864	1.00E-06	0.623752	0	0	0	0	-0.13	0	0.305	0	0	0
2.37	7.483744	37.637787	10.588863	0.210647	0	-0.346743	1.00E-06	0.623752	0.00E+00	0	0	0	-0.13	0	0.305	0	0	0
2.371	7.169453	37.637787	10.588863	0.210647	0	-0.34025	1.00E-06	0.542868	0	0	0	0	-0.13	0	0.305	0	0	0
2.372	7.169453	37.125149	10.980598	0.210647	0	-0.34025	1.00E-06	0.542868	0	0	0	0	-0.13	0	0.305	0	0	0
2.373	7.325155	35.916676	11.05901	0.212111	0	-0.34025	0.00E+00	0.5558	0	0	0	0	-0.13	0	0.305	0	0	0
2.374	7.325155	35.916676	11.05913	0.208919	0	-0.3397	0	0.582883	0	0	0	0	-0.13	0	0.305	0	0	0
2.375	6.544483	34.54274	11.05901	0.207764	0	-0.340436	0	0.628777	0	0	0	0	-0.13	0	0.305	0	0	0
2.376	6.386616	34.193275	10.824057	0.206686	0	-0.340436	0.00E+00	0.628777	0.00E+00	0	0	0	-0.13	0	0.305	0	0	0
2.377	5.530254	32.475655	10.510815	0.207764	0	-0.340436	1.00E-06	0.579793	0	0	0	0	-0.13	0	0.305	0	0	0
2.378	5.530254	32.46714	10.510815	0.213199	0	-0.338845	0.00E+00	0.579793	0	0	0	0	-0.13	0	0.305	0	0	0
2.379	5.995195	31.445791	10.824137	0.213199	0	-0.338845	0	0.520709	0	0	0	0	-0.13	0	0.305	0	0	0
2.38	5.995195	29.88512	10.824137	0.213086	0	-0.348975	0	0.622153	0.00E+00	0	0	0	-0.13	0	0.305	0	0	0
2.381	5.135948	29.878563	10.746008	0.206185	0	-0.349815	0	0.54011	0	0	0	0	-0.13	0	0.305	0	0	0
2.382	5.135948	29.699194	10.746008	0.204534	0	-0.354535	1.00E-06	0.611121	0	0	0	0	-0.13	0	0.305	0	0	0
2.383	5.368778	29.699194	11.21591	0.206185	0	-0.357897	1.00E-06	0.54011	0	0	0	0	-0.13	0	0.305	0	0	0
2.384	5.368778	27.471642	11.21591	0.21217	0	-0.357897	1.00E-06	0.395645	0	0	0	0	-0.13	0	0.305	0	0	0
2.385	5.213799	27.302713	11.137861	0.21217	0	-0.347717	0.00E+00	0.395645	0	0	0	0	-0.13	0	0.305	0	0	0
2.386	5.133783	27.302713	11.137861	0.205742	0	-0.344765	1.00E-06	0.655804	0	0	0	0	-0.13	0	0.305	0	0	0
2.387	4.587383	27.990866	11.137703	0.205742	0	-0.344389	1.00E-06	0.655804	0	0	0	0	-0.13	0	0.305	0	0	0
2.388	4.587383	27.990866	11.137703	0.198562	0	-0.344389	1.00E-06	0.647917	0	0	0	0	-0.13	0	0.305	0	0	0
2.389	4.587383	25.899071	10.902668	0.203099	0	-0.350066	0	0.583248	0	0	0	0	-0.13	0	0.305	0	0	0
2.39	4.821659	25.899071	10.902668	0.203099	0	-0.350066	0	0.547301	1.00E-06	0	0	0	-0.13	0	0.305	0	0	0
2.391	4.821659	24.888866	11.529394	0.207767	0	-0.346079	0.00E+00	0.527302	1.00E-06	0	0	0	-0.13	0	0.305	0	0	0
2.392	4.35383	24.888866	11.529394	0.207767	0	-0.337432	0	0.527302	0	0	0	0	-0.13	0	0.305	0	0	0
2.393	4.043871	24.888866	11.059492	0.207163	0	-0.330184	0	0.56607	0	0	0	0	-0.13	0	0.305	0	0	0
2.394	3.806709	23.847055	9.884211	0.202269	0	-0.330184	0	0.627339	0	0	0	0	-0.13	0	0.305	0	0	0
2.395	3.805986	23.847055	9.72751	0.202269	0	-0.339767	0	0.627339	0	0	0	0	-0.13	0	0.305	0	0	0
2.396	3.023148	23.167391	9.649261	0.2	0	-0.339767	0	0.581604	0	0	0	0	-0.13	0	0.305	0	0	0
2.397	0	0	0	0.2	0	-0.3	0	0	0	0	0	0	-0.13	0	0.305	0	0	0
2.398	0	0	0	0.2	0	-0.3	0	0	0	0	0	0	-0.13	0	0.305	0	0	0
2.399	0	0	0	0.2	0	-0.3	0	0	0	0	0	0	-0.13	0	0.305	0	0	0
2.4	0	0	0	0.2	0	-0.3	0	0	0	0	0	0	-0.13	0	0.305	0	0	0
2.401	0	0	0	0.2	0	-0.3	0	0	0	0	0	0	-0.13	0	0.305	0	0	0
2.402	0	0	0	0.2	0	-0.3	0	0	0	0	0	0	-0.13	0	0.305	0	0	0
2.403	0	0	0	0.2	0	-0.3	0	0	0	0	0	0	-0.13	0	0.305	0	0	0
2.404	0	0	0	0.2	0	-0.3	0	0	0	0	0	0	-0.13	0	0.305	0	0	0
2.405	0	0	0	0.2	0	-0.3	0	0	0	0	0	0	-0.13	0	0.305	0	0	0
2.406	0	0	0	0.2	0	-0.3	0	0	0	0	0	0	-0.13	0	0.305	0	0	0
2.407	0	0	0	0.2	0	-0.3	0	0	0	0	0	0	-0.13	0	0.305	0	0	0
2.408	0	0	0	0.2	0	-0.3	0	0	0	0	0	0	-0.13	0	0.305	0	0	0
2.409	0	0	0	0.2	0	-0.3	0	0	0	0	0	0	-0.13	0	0.305	0	0	0
2.41	0	0	0	0.2	0	-0.3	0	0	0	0	0	0	-0.13	0	0.305	0	0	0
2.411	0	0	0	0.2	0	-0.3	0	0	0	0	0	0	-0.13	0	0.305	0	0	0
2.412	0	0	0	0.2	0	-0.3	0	0	0	0	0	0	-0.13	0	0.305	0	0	0
2.413	0	0	0	0.2	0	-0.3	0	0	0	0	0	0	-0.13	0	0.305	0	0	0
2.414	0	0	0	0.2	0	-0.3	0	0	0	0	0	0	-0.13	0	0.305	0	0	0
2.415	0	0	0	0.2	0	-0.3	0	0	0	0	0	0	-0.13	0	0.305	0	0	0
2.416	0	0	0	0.2	0	-0.3	0	0	0	0	0	0	-0.13	0	0.305	0	0	0
2.417	0	0	0	0.2	0	-0.3	0	0	0	0	0	0	-0.13	0	0.305	0	0	0
2.418	0	0	0	0.2	0	-0.3	0	0	0	0	0	0	-0.13	0	0.305	0	0	0
2.419	0	0	0	0.2	0	-0.3	0	0	0	0	0	0	-0.13	0	0.305	0	0	0
2.42	0	0	0	0.2	0	-0.3	0	0	0.00E+00	0	0	0	-0.13	0	0.305	0	0	0
2.421	0	0	0	0.2	0	-0.3	0	0	0	0	0	0	-0.13	0	0.305	0	0	0
2.422	0	0	0	0.2	0	-0.3	0	0	0	0	0	0	-0.13	0	0.305	0	0	0
2.423	0	0	0	0.2	0	-0.3	0	0	0	0	0	0	-0.13	0	0.305	0	0	0
2.424	1.383949	23.506859	10.119364	0.202842	0	-0.330128	0	0.407318	0	0	0	0	-0.13	0	0.305	0	0	0
2.425	1.383949	23.506859	10.589346	0.201989	0	-0.330128	0	0.630472	0	0	0	0	-0.13	0	0.305	0	0	0
2.426	1.383949	23.506859	10.589346	0.201989	0	-0.330128	0	0.630472	0	0	0	0	-0.13	0	0.305	0	0	0
2.427	1.616781	23.330566	10.667797	0.201989	0	-0.336777	0	0.61772	0	0	0	0	-0.13	0	0.305	0	0	0
2.428	1.463243	23.330566	10.667797	0.204237	0	-0.343496	0	0.457921	0	0	0	0	-0.13	0	0.305	0	0	0
2.429	1.463243	23.330566	10.824381	0.21164	0	-0.343496	0	0.525563	0	0	0	0	-0.13	0	0.305	0	0	0
2.43	1.463243	24.024496	11.05945	0.21164	0	-0.339178	0	0.525563	0	0	0	0	-0.13	0	0.305	0	0	0
2.431	1.227526	24.024496	11.529514	0.207876	0	-0.339178	0.00E+00	0.531378	0	0	0	0	-0.13	0	0.305	0	0	0
2.432	1.699682	24.024496	11.529514	0.204841	0	-0.340689	0	0.531378	0	0	0	0	-0.13	0	0.305	0	0	0
2.433	1.699682	24.36235	11.686216	0.204841	0	-0.344511	0	0.51241	0	0	0	0	-0.13	0	0.305	0	0	0
2.434	1.699682	24.36235	11.607763	0.205139	0	-0.350037	0	0.494115	0	0	0	0	-0.13	0	0.305	0	0	0
2.435	1.543259	24.36235	11.686216	0.205139	0	-0.350037	0.00E+00	0.51241	0	0	0	0	-0.13	0	0.305	0	0	0
2.436	1.543259	23.850128	12.391273	0.206153	0	-0.343421	1.00E-06	0.529275	0	0	0	0	-0.13	0	0.305	0	0	0
2.437	1.541817	23.850128	12.391273	0.201824	0	-0.340539	1.00E-06	0.532037	0	0	0	0	-0.13	0	0.305	0	0	0
2.438	1.698238	24.358498	12.234612	0.201462	0	-0.340539	1.00E-06	0.529275	0	0	0	0	-0.13	0	0.305	0	0	0
2.439	1.773926	25.400358	12.234449	0.201462	0	-0.336851	1.00E-06	0.627743	0	0	0	0	-0.13	0	0.305	0	0	0
2.44	1.773926	24.358498	11.999578	0.202474	0	-0.336851	1.00E-06	0.48083	0	0	0	0	-0.13	0	0.305	0	0	0
2.441	1.701847	23.512247	11.999578	0.202474	0	-0.336851	1.00E-06	0.484364	0	0	0	0	-0.13	0	0.305	0	0	0
2.442	1.623276	23.511076	12.156239	0.203447	0	-0.338559	0	0.484364	0	0	0	0	-0.13	0	0.305	0	0	0
2.443	1.623276	23.511076	12.234449	0.199775	0	-0.338559	0	0.621341	0	0	0	0	-0.13	0	0.305	0	0	0
2.444	1.774647	23.676542	12.626303	0.20456	0	-0.338559	0	0.621341	0	0	0	0	-0.13	0	0.305	0	0	0
2.445	1.855383	24.884258	12.626303	0.208141	0	-0.339	0	0.642715	0	0	0	0	-0.13	0	0.305	0	0	0
2.446	1.855383	23.676542	12.626265	0.208141	0	-0.346381	0	0.642715	0	0	0	0	-0.13	0	0.305	0	0	0
2.447	1.699682	26.25856	12.626265	0.201545	0	-0.351959	0	0.642715	0	0	0	0	-0.13	0	0.305	0	0	0
2.448	1.306099	24.379326	12.704672	0.201545	0	-0.351959	0	0.534641	0	0	0	0	-0.13	0	0.305	0	0	0
2.449	1.074711	25.922607	13.096287	0.201545	0	-0.341171	0.00E+00	0.534641	0	0	0	0	-0.13	0	0.305	0	0	0
2.45	1.074711	25.920288	13.174698	0.204878	0	-0.341171	0	0.659865	0.00E+00	0	0	0	-0.13	0	0.305	0	0	0
2.451	1.620388	25.922607	13.174698	0.204878	0	-0.341171	0	0.659865	0	0	0	0	-0.13	0	0.305	0	0	0
2.452	1.620388	26.438318	13.017956	0.204878	0	-0.342081	0.00E+00	0.618431	0	0	0	0	-0.13	0	0.305	0	0	0
2.453	1.308264	26.44873	12.939787	0.204714	0	-0.341919	0	0.589537	0	0	0	0	-0.13	0	0.305	0	0	0
2.454	1.307541	28.160183	12.939787	0.203355	0	-0.341919	0	0.587539	0	0	0	0	-0.13	0	0.305	0	0	0
2.455	1.155447	28.682064	13.253067	0.202449	0	-0.341919	0	0.58691	0	0	0	0	-0.13	0	0.305	0	0	0
2.456	1.155447	29.877026	13.566471	0.203355	0	-0.341784	0	0.440446	1.00E-06	0	0	0	-0.13	0	0.305	0	0	0
2.457	1.073988	29.877026	13.6448	0.202449	0	-0.344357	0	0.58691	1.00E-06	0	0	0	-0.13	0	0.305	0	0	0
2.458	1.388277	29.87549	13.722969	0.200235	0	-0.344357	0.00E+00	0.617777	0	0	0	0	-0.13	0	0.305	0	0	0
2.459	1.388277	29.716976	13.722969	0.200235	0	-0.344357	0	0.617777	0	0	0	0	-0.13	0	0.305	0	0	0
2.46	1.388277	29.87549	13.722969	0.204383	0	-0.3302	0	0.50085	0	0	0	0	-0.13	0	0.305	0	0	0
2.461	0.761862	29.716976	13.8015	0.204848	0	-0.3302	0.00E+00	0.50085	0	0	0	0	-0.13	0	0.305	0	0	0
2.462	0.761862	30.579056	13.958084	0.205927	0	-0.334741	1.00E-06	0.471703	0	0	0	0	-0.13	0	0.305	0	0	0
2.463	0.761862	30.579056	13.958162	0.204848	0	-0.349187	1.00E-06	0.560041	0	0	0	0	-0.13	0	0.305	0	0	0
2.464	0.446852	31.258694	14.428268	0.202654	0	-0.339703	1.00E-06	0.605476	0	0	0	0	-0.13	0	0.305	0	0	0
2.465	0.446852	32.282776	14.428268	0.202654	0	-0.343758	0	0.605476	0	0	0	0	-0.13	0	0.305	0	0	0
2.466	0.138334	31.258694	14.349895	0.205093	0	-0.343758	0	0.560884	0.00E+00	0	0	0	-0.13	0	0.305	0	0	0
2.467	0.685455	30.567053	14.271606	0.205093	0	-0.354344	0	0.530854	1.00E-06	0	0	0	-0.13	0	0.305	0	0	0
2.468	0.296202	30.567053	14.271606	0.207685	0	-0.354344	1.00E-06	0.498997	0.00E+00	0	0	0	-0.13	0	0.305	0	0	0
2.469	0.296202	31.098591	14.349813	0.202476	0	-0.352429	1.00E-06	0.498997	1.00E-06	0	0	0	-0.13	0	0.305	0	0	0
2.47	0.139055	33.144852	14.898453	0.204973	0	-0.346705	1.00E-06	0.518682	0.00E+00	0	0	0	-0.13	0	0.305	0	0	0
2.471	0.139055	35.210793	14.898453	0.203576	0	-0.346705	0	0.536229	0	0	0	0	-0.13	0	0.305	0	0	0
2.472	0.296923	35.210793	14.584887	0.203576	0	-0.346705	0	0.536229	0	0	0	0	-0.13	0	0.305	0	0	0
2.473	0.296923	33.83181	14.584887	0.203576	0	-0.360179	1.00E-06	0.477557	0.00E+00	0	0	0	-0.13	0	0.305	0	0	0
2.474	0.296923	33.83181	14.584848	0.208067	0	-0.360179	1.00E-06	0.398913	0	0	0	0	-0.13	0	0.305	0	0	0
2.475	0.294756	34.686573	14.741873	0.208067	0	-0.36033	1.00E-06	0.398913	0	0	0	0	-0.13	0	0.305	0	0	0
2.476	0.687618	34.87635	15.368597	0.206786	0	-0.360097	0.00E+00	0.398913	0	0	0	0	-0.13	0	0.305	0	0	0
2.477	0.215464	36.245262	15.368597	0.201442	0	-0.360097	1.00E-06	0.557874	0.00E+00	0	0	0	-0.13	0	0.305	0	0	0
2.478	0.215464	36.245262	14.584929	0.201442	0	-0.360097	1.00E-06	0.554998	0	0	0	0	-0.13	0	0.305	0	0	0
2.479	0.060484	35.724556	14.428024	0.200732	0	-0.358017	1.00E-06	0.554998	0	0	0	0	-0.13	0	0.305	0	0	0
2.48	-0.015202	35.37738	14.349976	0.200732	0	-0.368241	1.00E-06	0.517451	0.00E+00	0	0	0	-0.13	0	0.305	0	0	0
2.481	-0.170183	35.02906	14.193316	0.200732	0	-0.375146	1.00E-06	0.494564	0	0	0	0	-0.13	0	0.305	0	0	0
2.482	-0.170183	35.02906	13.958122	0.202827	0	-0.375146	1.00E-06	0.388701	0	0	0	0	-0.13	0	0.305	0	0	0
2.483	-0.563768	35.727238	14.193316	0.199893	0	-0.364359	1.00E-06	0.494564	0	0	0	0	-0.13	0	0.305	0	0	0
2.484	-0.717306	36.409584	13.958122	0.196286	0	-0.364359	1.00E-06	0.582276	0	0	0	0	-0.13	0	0.305	0	0	0
2.485	-0.717306	36.917198	13.331116	0.196286	0	-0.365829	1.00E-06	0.582276	0	0	0	0	-0.13	0	0.305	0	0	0
2.486	-0.638733	36.917198	12.783003	0.1981	0	-0.368386	0	0.522547	0	0	0	0	-0.13	0	0.305	0	0	0
2.487	-0.404457	36.917198	12.704351	0.198157	0	-0.374148	0	0.427299	0	0	0	0	-0.13	0	0.305	0	0	0
2.488	-0.638733	36.929512	12.626385	0.1981	0	-0.374148	1.00E-06	0.401081	0	0	0	0	-0.13	0	0.305	0	0	0
2.489	-0.871563	37.111221	11.920965	0.199586	0	-0.359014	1.00E-06	0.375583	0	0	0	0	-0.13	0	0.305	0	0	0
2.49	-0.871563	39.516968	11.05901	0.197233	0	-0.359014	1.00E-06	0.401081	0.00E+00	0	0	0	-0.13	0	0.305	0	0	0
2.491	0.298365	39.516968	10.745808	0.199904	0	-0.359146	1.00E-06	0.420972	1.00E-06	0	0	0	-0.13	0	0.305	0	0	0
2.492	0.298365	39.516968	10.667395	0.199904	0	-0.361647	0	0.420972	0.00E+00	0	0	0	-0.13	0	0.305	0	0	0
2.493	0.065535	39.172531	9.492037	0.199904	0	-0.366999	0	0.386647	1.00E-06	0	0	0	-0.13	0	0.305	0	0	0
2.494	-0.012318	39.696312	9.335457	0.201645	0	-0.368029	1.00E-06	0.372063	0.00E+00	0	0	0	-0.13	0	0.305	0	0	0
2.495	-0.090168	39.696312	9.178553	0.203201	0	-0.368029	1.00E-06	0.372063	0	0	0	0	-0.13	0	0.305	0	0	0
2.496	-0.090168	42.105549	9.100422	0.203259	0	-0.362893	1.00E-06	0.372063	0	0	0	0	-0.13	0	0.305	0	0	0
2.497	0.222679	42.271793	8.786818	0.203201	0	-0.362893	1.00E-06	0.460965	0.00E+00	0	0	0	-0.13	0	0.305	0	0	0
2.498	0.222679	42.271793	8.003313	0.200985	0	-0.365957	1.00E-06	0.488186	0	0	0	0	-0.13	0	0.305	0	0	0
2.499	0.142662	42.271793	7.376348	0.199918	0	-0.365957	1.00E-06	0.488186	0	0	0	0	-0.13	0	0.305	0	0	0
2.5	0.142662	43.482166	6.906446	0.200985	0	-0.366222	1.00E-06	0.472667	0.00E+00	0	0	0	-0.13	0	0.305	0	0	0
2.501	0.143385	43.649582	6.358007	0.200701	0	-0.366222	1.00E-06	0.407762	0	0	0	0	-0.13	0	0.305	0	0	0
2.502	0.146273	44.179951	6.122654	0.20212	0	-0.366222	2.00E-06	0.407762	0	0	0	0	-0.13	0	0.305	0	0	0
2.503	0.143385	44.689522	6.122654	0.200701	0	-0.3629	1.00E-06	0.535134	0	0	0	0	-0.13	0	0.305	0	0	0
2.504	0.221235	44.689522	5.731205	0.201771	0	-0.3629	1.00E-06	0.535134	0	0	0	0	-0.13	0	0.305	0	0	0
2.505	0.299809	44.689522	5.025867	0.201318	0	-0.367255	1.00E-06	0.445543	0	0	0	0	-0.13	0	0.305	0	0	0
2.506	0.299809	44.856911	3.929079	0.201318	0	-0.367255	0.00E+00	0.445543	0	0	0	0	-0.13	0	0.305	0	0	0
2.507	0.064091	45.210228	3.929079	0.201318	0	-0.365651	0	0.425109	0	0	0	0	-0.13	0	0.305	0	0	0
2.508	0.064091	46.253628	4.007452	0.205145	0	-0.365173	0	0.387545	0	0	0	0	-0.13	0	0.305	0	0	0
2.509	-0.012318	46.755436	4.007452	0.205145	0	-0.356157	0.00E+00	0.387545	0	0	0	0	-0.13	0	0.305	0	0	0
2.51	-0.093054	46.253628	3.458652	0.202467	0	-0.356157	1.00E-06	0.701239	1.00E-06	0	0	0	-0.13	0	0.305	0	0	0
2.511	-0.093054	46.072334	3.223783	0.20048	0	-0.36099	1.00E-06	0.701239	1.00E-06	0	0	0	-0.13	0	0.305	0	0	0
2.512	0.534805	46.072334	3.223742	0.20048	0	-0.363695	1.00E-06	0.591015	1.00E-06	0	0	0	-0.13	0	0.305	0	0	0
2.513	0.534805	47.96505	2.675188	0.20533	0	-0.367181	1.00E-06	0.591015	0	0	0	0	-0.13	0	0.305	0	0	0
2.514	0.534805	47.96505	2.675188	0.206312	0	-0.367181	1.00E-06	0.51207	0	0	0	0	-0.13	0	0.305	0	0	0
2.515	0.453346	47.96505	2.83193	0.207342	0	-0.363487	1.00E-06	0.528383	0	0	0	0	-0.13	0	0.305	0	0	0
2.516	1.005518	50.378532	2.83193	0.206997	0	-0.360971	1.00E-06	0.464518	0.00E+00	0	0	0	-0.13	0	0.305	0	0	0
2.517	1.236906	50.378532	2.83217	0.206997	0	-0.360971	1.00E-06	0.528383	0	0	0	0	-0.13	0	0.305	0	0	0
2.518	1.623995	49.511795	2.753719	0.204291	0	-0.365019	0.00E+00	0.580488	0	0	0	0	-0.13	0	0.305	0	0	0
2.519	1.623995	47.959663	2.675388	0.203962	0	-0.368386	0	0.580488	1.00E-06	0	0	0	-0.13	0	0.305	0	0	0
2.52	1.861877	47.595516	2.675388	0.203708	0	-0.373682	0	0.545642	1.00E-06	0	0	0	-0.13	0	0.305	0	0	0
2.521	1.861877	47.595516	2.675388	0.203708	0	-0.373682	1.00E-06	0.545642	1.00E-06	0	0	0	-0.13	0	0.305	0	0	0
2.522	2.016138	48.306419	2.83185	0.203938	0	-0.366758	1.00E-06	0.553512	1.00E-06	0	0	0	-0.13	0	0.305	0	0	0
2.523	2.172562	48.822128	2.98871	0.203938	0	-0.36591	1.00E-06	0.633378	0.00E+00	0	0	0	-0.13	0	0.305	0	0	0
2.524	2.405392	48.815964	2.98871	0.202012	0	-0.36591	1.00E-06	0.668291	0	0	0	0	-0.13	0	0.305	0	0	0
2.525	2.718239	48.815964	2.98871	0.201484	0	-0.367618	1.00E-06	0.633378	0	0	0	0	-0.13	0	0.305	0	0	0
2.526	2.953236	47.595154	3.066759	0.201484	0	-0.372699	1.00E-06	0.616326	0	0	0	0	-0.13	0	0.305	0	0	0
2.527	3.343212	47.263412	3.22366	0.201726	0	-0.372699	1.00E-06	0.609853	0	0	0	0	-0.13	0	0.305	0	0	0
2.528	3.345377	47.263412	3.537144	0.201726	0	-0.371034	1.00E-06	0.577117	0.00E+00	0	0	0	-0.13	0	0.305	0	0	0
2.529	3.417456	47.097168	3.537144	0.201412	0	-0.371034	1.00E-06	0.577117	0	0	0	0	-0.13	0	0.305	0	0	0
2.53	3.423227	47.259171	3.850428	0.201332	0	-0.373605	1.00E-06	0.651813	0	0	0	0	-0.13	0	0.305	0	0	0
2.531	3.653173	46.218117	4.32045	0.197825	0	-0.373605	1.00E-06	0.693421	0	0	0	0	-0.13	0	0.305	0	0	0
2.532	3.812483	46.218117	4.32045	0.197825	0	-0.373605	1.00E-06	0.651813	0	0	0	0	-0.13	0	0.305	0	0	0
2.533	3.966019	46.218117	4.555843	0.202415	0	-0.37536	1.00E-06	0.579818	0	0	0	0	-0.13	0	0.305	0	0	0
2.534	4.046757	45.88253	4.555843	0.203173	0	-0.37536	0.00E+00	0.578309	1.00E-06	0	0	0	-0.13	0	0.305	0	0	0
2.535	4.674616	45.88253	4.869007	0.203173	0	-0.373759	1.00E-06	0.545068	1.00E-06	0	0	0	-0.13	0	0.305	0	0	0
2.536	4.748137	45.88253	4.947538	0.203173	0	-0.372226	1.00E-06	0.545068	1.00E-06	0	0	0	-0.13	0	0.305	0	0	0
2.537	4.906002	45.361427	5.33923	0.200727	0	-0.372226	1.00E-06	0.580495	0	0	0	0	-0.13	0	0.305	0	0	0
2.538	4.980246	46.227749	5.33923	0.200727	0	-0.3728	1.00E-06	0.580495	0	0	0	0	-0.13	0	0.305	0	0	0
2.539	4.980246	44.998451	5.33923	0.197101	0	-0.379237	1.00E-06	0.615752	0	0	0	0	-0.13	0	0.305	0	0	0
2.54	4.673895	44.998451	5.417641	0.20189	0	-0.380029	1.00E-06	0.575677	0	0	0	0	-0.13	0	0.305	0	0	0
2.541	4.673895	44.998451	5.49601	0.20189	0	-0.380767	1.00E-06	0.48239	0	0	0	0	-0.13	0	0.305	0	0	0
2.542	5.296701	44.498932	5.65247	0.20189	0	-0.380029	1.00E-06	0.48239	0	0	0	0	-0.13	0	0.305	0	0	0
2.543	5.296701	44.498932	5.65247	0.201156	0	-0.378309	1.00E-06	0.550322	0	0	0	0	-0.13	0	0.305	0	0	0
2.544	5.293093	44.498932	5.965874	0.200599	0	-0.373353	0	0.613259	0	0	0	0	-0.13	0	0.305	0	0	0
2.545	5.216686	44.147934	6.044323	0.200599	0	-0.373353	0	0.613259	1.00E-06	0	0	0	-0.13	0	0.305	0	0	0
2.546	5.216686	44.147934	6.044323	0.200599	0	-0.378284	0.00E+00	0.572201	1.00E-06	0	0	0	-0.13	0	0.305	0	0	0
2.547	5.370943	44.147934	6.044323	0.201956	0	-0.378284	1.00E-06	0.572201	1.00E-06	0	0	0	-0.13	0	0.305	0	0	0
2.548	5.370943	43.812366	6.357769	0.199336	0	-0.373713	1.00E-06	0.531635	0.00E+00	0	0	0	-0.13	0	0.305	0	0	0
2.549	5.298145	43.812366	6.279558	0.200067	0	-0.373712	1.00E-06	0.615906	0	0	0	0	-0.13	0	0.305	0	0	0
2.55	5.298145	43.812366	6.279558	0.199411	0	-0.373712	1.00E-06	0.71151	0	0	0	0	-0.13	0	0.305	0	0	0
2.551	5.136671	44.326515	6.279558	0.199411	0	-0.374138	1.00E-06	0.71151	1.00E-06	0	0	0	-0.13	0	0.305	0	0	0
2.552	5.608107	44.326515	7.062983	0.199411	0	-0.375903	1.00E-06	0.669036	1.00E-06	0	0	0	-0.13	0	0.305	0	0	0
2.553	5.290928	44.660568	7.062983	0.204714	0	-0.374138	1.00E-06	0.669036	0	0	0	0	-0.13	0	0.305	0	0	0
2.554	5.290928	43.97588	6.984571	0.204714	0	-0.375903	1.00E-06	0.600726	0	0	0	0	-0.13	0	0.305	0	0	0
2.555	5.290928	45.01545	6.984571	0.203794	0	-0.371639	0.00E+00	0.709456	0	0	0	0	-0.13	0	0.305	0	0	0
2.556	5.372389	45.01545	7.298018	0.203794	0	-0.374341	1.00E-06	0.601265	0	0	0	0	-0.13	0	0.305	0	0	0
2.557	5.372389	45.688896	7.298056	0.203794	0	-0.374341	1.00E-06	0.670123	1.00E-06	0	0	0	-0.13	0	0.305	0	0	0
2.558	5.372389	46.042603	7.298056	0.201776	0	-0.374341	1.00E-06	0.619065	1.00E-06	0	0	0	-0.13	0	0.305	0	0	0
2.559	5.371666	46.212315	6.906164	0.201776	0	-0.378236	1.00E-06	0.619065	1.00E-06	0	0	0	-0.13	0	0.305	0	0	0
2.56	5.371666	46.212315	6.827833	0.205638	0	-0.378934	1.00E-06	0.566478	1.00E-06	0	0	0	-0.13	0	0.305	0	0	0
2.561	5.371666	45.534233	6.827833	0.205712	0	-0.378934	1.00E-06	0.566478	0	0	0	0	-0.13	0	0.305	0	0	0
2.562	5.294537	45.534233	7.219524	0.205638	0	-0.380446	1.00E-06	0.56856	0	0	0	0	-0.13	0	0.305	0	0	0
2.563	5.294537	45.534233	7.376387	0.205081	0	-0.379372	1.00E-06	0.588215	0	0	0	0	-0.13	0	0.305	0	0	0
2.564	4.978804	46.564873	7.219524	0.201683	0	-0.379372	0.00E+00	0.719625	0	0	0	0	-0.13	0	0.305	0	0	0
2.565	4.665956	46.564873	7.062983	0.201683	0	-0.379372	0	0.722218	1.00E-06	0	0	0	-0.13	0	0.305	0	0	0
2.566	4.748137	47.41925	7.062983	0.202754	0	-0.373934	0	0.722218	1.00E-06	0	0	0	-0.13	0	0.305	0	0	0
2.567	4.748137	47.926838	7.297976	0.20477	0	-0.38248	1.00E-06	0.595363	0	0	0	0	-0.13	0	0.305	0	0	0
2.568	4.748137	47.423462	7.298138	0.20305	0	-0.379617	1.00E-06	0.595363	0	0	0	0	-0.13	0	0.305	0	0	0
2.569	4.27598	47.423462	7.454515	0.20305	0	-0.379617	0	0.656067	0	0	0	0	-0.13	0	0.305	0	0	0
2.57	4.27598	47.423462	7.767838	0.200066	0	-0.372255	0	0.752418	1.00E-06	0	0	0	-0.13	0	0.305	0	0	0
2.571	4.902395	48.440231	7.767838	0.200066	0	-0.372255	1.00E-06	0.752418	1.00E-06	0	0	0	-0.13	0	0.305	0	0	0
2.572	4.902395	48.440231	7.532928	0.202022	0	-0.380706	1.00E-06	0.683375	1.00E-06	0	0	0	-0.13	0	0.305	0	0	0
2.573	4.901672	48.440231	7.454556	0.203671	0	-0.380706	1.00E-06	0.678547	0	0	0	0	-0.13	0	0.305	0	0	0
2.574	4.745972	46.729168	7.298056	0.203671	0	-0.380706	1.00E-06	0.683375	0	0	0	0	-0.13	0	0.305	0	0	0
2.575	4.35383	48.444496	7.298056	0.20319	0	-0.376281	1.00E-06	0.707513	0	0	0	0	-0.13	0	0.305	0	0	0
2.576	4.35383	48.444496	7.846169	0.20319	0	-0.382406	1.00E-06	0.772741	0	0	0	0	-0.13	0	0.305	0	0	0
2.577	4.433125	49.289215	8.003073	0.20319	0	-0.382846	1.00E-06	0.772741	0	0	0	0	-0.13	0	0.305	0	0	0
2.578	4.436012	49.481285	7.846169	0.201923	0	-0.382846	1.00E-06	0.764774	0.00E+00	0	0	0	-0.13	0	0.305	0	0	0
2.579	4.433125	49.64753	7.532726	0.201923	0	-0.383563	1.00E-06	0.740648	1.00E-06	0	0	0	-0.13	0	0.305	0	0	0
2.58	4.431683	49.64753	7.532726	0.201923	0	-0.385085	1.00E-06	0.684278	0.00E+00	0	0	0	-0.13	0	0.305	0	0	0
2.581	4.431683	48.781181	8.002949	0.201429	0	-0.388971	0	0.697728	0	0	0	0	-0.13	0	0.305	0	0	0
2.582	4.433125	48.781181	8.159653	0.201429	0	-0.388971	0	0.697728	0	0	0	0	-0.13	0	0.305	0	0	0
2.583	4.433125	50.857147	8.159773	0.201429	0	-0.386062	1.00E-06	0.786488	0	0	0	0	-0.13	0	0.305	0	0	0
2.584	4.433125	50.857147	8.159773	0.197927	0	-0.384287	1.00E-06	0.812568	0.00E+00	0	0	0	-0.13	0	0.305	0	0	0
2.585	4.355274	51.009907	7.846088	0.197899	0	-0.382659	1.00E-06	0.812568	0	0	0	0	-0.13	0	0.305	0	0	0
2.586	4.434566	52.045578	7.846088	0.197899	0	-0.382659	1.00E-06	0.80643	0	0	0	0	-0.13	0	0.305	0	0	0
2.587	4.434566	52.045578	8.394564	0.197899	0	-0.384128	1.00E-06	0.777601	0	0	0	0	-0.13	0	0.305	0	0	0
2.588	4.434566	51.886642	8.707886	0.200221	0	-0.384128	1.00E-06	0.80643	0.00E+00	0	0	0	-0.13	0	0.305	0	0	0
2.589	4.119556	51.886642	8.707886	0.200221	0	-0.383483	1.00E-06	0.808895	0	0	0	0	-0.13	0	0.305	0	0	0
2.59	4.119556	52.050209	8.629755	0.198402	0	-0.381266	1.00E-06	0.842501	0	0	0	0	-0.13	0	0.305	0	0	0
2.591	4.510975	54.125782	8.629755	0.198402	0	-0.37688	1.00E-06	0.846386	0	0	0	0	-0.13	0	0.305	0	0	0
2.592	4.670284	54.125782	8.629393	0.200083	0	-0.37688	1.00E-06	0.846386	0.00E+00	0	0	0	-0.13	0	0.305	0	0	0
2.593	4.670284	53.775536	8.786335	0.201442	0	-0.381079	1.00E-06	0.776107	0	0	0	0	-0.13	0	0.305	0	0	0
2.594	4.670284	53.775536	8.551144	0.202301	0	-0.384798	1.00E-06	0.741602	0	0	0	0	-0.13	0	0.305	0	0	0
2.595	4.591713	54.813492	8.786455	0.202301	0	-0.383335	1.00E-06	0.741602	0	0	0	0	-0.13	0	0.305	0	0	0
2.596	4.591713	54.976669	8.707844	0.202742	0	-0.383335	2.00E-06	0.776807	1.00E-06	0	0	0	-0.13	0	0.305	0	0	0
2.597	4.509533	59.286743	9.099577	0.201957	0	-0.382728	2.00E-06	0.857866	1.00E-06	0	0	0	-0.13	0	0.305	0	0	0
2.598	4.593157	59.286743	8.786135	0.201108	0	-0.382728	2.00E-06	0.857866	0	0	0	0	-0.13	0	0.305	0	0	0
2.599	4.593157	58.414986	8.786135	0.201033	0	-0.384104	1.00E-06	0.875642	0	0	0	0	-0.13	0	0.305	0	0	0
2.6	4.593157	58.250244	8.786135	0.201108	0	-0.386242	0.00E+00	0.72974	1.00E-06	0	0	0	-0.13	0	0.305	0	0	0
2.601	3.968184	58.414986	8.864466	0.202002	0	-0.386242	1.00E-06	0.843732	1.00E-06	0	0	0	-0.13	0	0.305	0	0	0
2.602	3.968184	59.454109	9.49131	0.202002	0	-0.384893	1.00E-06	0.843732	1.00E-06	0	0	0	-0.13	0	0.305	0	0	0
2.603	3.887447	62.897865	9.49131	0.198382	0	-0.380369	1.00E-06	0.886154	1.00E-06	0	0	0	-0.13	0	0.305	0	0	0
2.604	3.809597	62.897865	9.569321	0.197554	0	-0.380369	1.00E-06	1.04656	1.00E-06	0	0	0	-0.13	0	0.305	0	0	0
2.605	3.809597	63.404701	9.099577	0.197554	0	-0.384205	1.00E-06	1.04656	1.00E-06	0	0	0	-0.13	0	0.305	0	0	0
2.606	3.9653	64.777863	9.569321	0.199612	0	-0.384205	0	0.905619	1.00E-06	0	0	0	-0.13	0	0.305	0	0	0
2.607	3.9653	65.646103	9.569603	0.199943	0	-0.38411	0	0.905619	1.00E-06	0	0	0	-0.13	0	0.305	0	0	0
2.608	3.421785	66.519012	9.647852	0.200764	0	-0.378488	0	0.842692	1.00E-06	0	0	0	-0.13	0	0.305	0	0	0
2.609	3.340326	66.683334	9.647852	0.200936	0	-0.378488	0	0.926572	0	0	0	0	-0.13	0	0.305	0	0	0
2.61	2.871056	68.229294	9.647852	0.200764	0	-0.378731	1.00E-06	0.97529	0	0	0	0	-0.13	0	0.305	0	0	0
2.611	2.871056	69.096786	9.726101	0.200936	0	-0.381627	2.00E-06	1.08447	0.00E+00	0	0	0	-0.13	0	0.305	0	0	0
2.612	2.95035	70.297531	9.726101	0.200137	0	-0.381839	2.00E-06	1.08447	1.00E-06	0	0	0	-0.13	0	0.305	0	0	0
2.613	2.95035	71.152657	9.726101	0.200221	0	-0.382926	1.00E-06	1.0456	0.00E+00	0	0	0	-0.13	0	0.305	0	0	0
2.614	2.638224	71.152657	9.569441	0.200221	0	-0.386755	1.00E-06	0.890902	1.00E-06	0	0	0	-0.13	0	0.305	0	0	0
2.615	2.561817	71.66954	9.804594	0.201419	0	-0.385812	2.00E-06	0.890902	1.00E-06	0	0	0	-0.13	0	0.305	0	0	0
2.616	2.561817	73.382141	9.804594	0.201419	0	-0.385812	2.00E-06	0.965556	1.00E-06	0	0	0	-0.13	0	0.305	0	0	0
2.617	2.168232	74.597557	9.882763	0.200699	0	-0.384014	1.00E-06	1.049142	1.00E-06	0	0	0	-0.13	0	0.305	0	0	0
2.618	2.168232	76.480652	9.882763	0.200484	0	-0.384014	1.00E-06	1.012645	1.00E-06	0	0	0	-0.13	0	0.305	0	0	0
2.619	2.092546	76.480652	9.334612	0.200467	0	-0.386257	2.00E-06	1.012645	1.00E-06	0	0	0	-0.13	0	0.305	0	0	0
2.62	2.015415	77.691414	9.334612	0.200375	0	-0.390841	2.00E-06	1.00261	1.00E-06	0	0	0	-0.13	0	0.305	0	0	0
2.621	1.698238	78.200928	10.196123	0.200375	0	-0.391898	2.00E-06	1.00261	1.00E-06	0	0	0	-0.13	0	0.305	0	0	0
2.622	1.702568	78.361389	10.274616	0.199403	0	-0.390841	2.00E-06	0.962028	0	0	0	0	-0.13	0	0.305	0	0	0
2.623	1.072546	79.754257	10.509607	0.198566	0	-0.387157	2.00E-06	1.182662	0	0	0	0	-0.13	0	0.305	0	0	0
2.624	1.233297	79.754257	10.74456	0.198566	0	-0.387157	1.00E-06	1.081201	0	0	0	0	-0.13	0	0.305	0	0	0
2.625	1.072546	81.110046	10.901423	0.195452	0	-0.391689	1.00E-06	1.122515	0.00E+00	0	0	0	-0.13	0	0.305	0	0	0
2.626	0.996138	81.110046	11.058165	0.195452	0	-0.392477	1.00E-06	1.083585	1.00E-06	0	0	0	-0.13	0	0.305	0	0	0
2.627	0.449738	83.168625	11.214825	0.197754	0	-0.392477	1.00E-06	1.122515	0.00E+00	0	0	0	-0.13	0	0.305	0	0	0
2.628	0.449738	83.703232	12.311693	0.19868	0	-0.392477	2.00E-06	1.107906	0	0	0	0	-0.13	0	0.305	0	0	0
2.629	-0.095219	85.090317	12.468315	0.197754	0	-0.38706	2.00E-06	1.107906	0	0	0	0	-0.13	0	0.305	0	0	0
2.63	-0.095219	85.250397	12.625057	0.196913	0	-0.38706	2.00E-06	1.063347	0	0	0	0	-0.13	0	0.305	0	0	0
2.631	-0.015202	86.102425	12.781958	0.196913	0	-0.38706	1.00E-06	1.045732	1.00E-06	0	0	0	-0.13	0	0.305	0	0	0
2.632	-0.015202	86.102425	13.173611	0.197618	0	-0.393081	1.00E-06	1.005776	1.00E-06	0	0	0	-0.13	0	0.305	0	0	0
2.633	-0.873007	86.626648	13.173691	0.197618	0	-0.3947	1.00E-06	1.004429	1.00E-06	0	0	0	-0.13	0	0.305	0	0	0
2.634	-1.185854	87.818871	13.487095	0.199802	0	-0.3947	3.00E-06	0.973677	1.00E-06	0	0	0	-0.13	0	0.305	0	0	0
2.635	-1.265148	89.724319	13.878708	0.199802	0	-0.394416	3.00E-06	1.004429	1.00E-06	0	0	0	-0.13	0	0.305	0	0	0
2.636	-1.342278	92.643494	14.427341	0.199802	0	-0.390743	3.00E-06	0.973677	1.00E-06	0	0	0	-0.13	0	0.305	0	0	0
2.637	-1.812269	92.975197	14.662334	0.197081	0	-0.390743	2.00E-06	1.062911	1.00E-06	0	0	0	-0.13	0	0.305	0	0	0
2.638	-1.812269	93.161522	14.897326	0.195558	0	-0.393864	2.00E-06	1.033556	1.00E-06	0	0	0	-0.13	0	0.305	0	0	0
2.639	-2.74576	94.010841	15.210609	0.195558	0	-0.396304	2.00E-06	1.033556	1.00E-06	0	0	0	-0.13	0	0.305	0	0	0
2.64	-2.904348	94.873322	15.210609	0.196541	0	-0.396558	1.00E-06	1.024022	1.00E-06	0	0	0	-0.13	0	0.305	0	0	0
2.641	-3.214308	95.056114	15.054188	0.198084	0	-0.396304	1.00E-06	0.964669	1.00E-06	0	0	0	-0.13	0	0.305	0	0	0
2.642	-3.528597	97.810608	15.054188	0.198084	0	-0.394817	2.00E-06	0.956249	1.00E-06	0	0	0	-0.13	0	0.305	0	0	0
2.643	-3.836393	98.489456	15.054188	0.197058	0	-0.392489	3.00E-06	0.964669	1.00E-06	0	0	0	-0.13	0	0.305	0	0	0
2.644	-4.699249	100.214035	15.054148	0.19673	0	-0.392489	2.00E-06	0.9955	1.00E-06	0	0	0	-0.13	0	0.305	0	0	0
2.645	-5.009932	102.261414	15.054148	0.19553	0	-0.394235	2.00E-06	0.9955	1.00E-06	0	0	0	-0.13	0	0.305	0	0	0
2.646	-5.009932	103.140099	15.132517	0.195478	0	-0.398587	2.00E-06	0.965645	0.00E+00	0	0	0	-0.13	0	0.305	0	0	0
2.647	-4.852787	105.359901	15.132517	0.195478	0	-0.39918	2.00E-06	0.926976	1.00E-06	0	0	0	-0.13	0	0.305	0	0	0
2.648	-4.852787	105.359901	14.897646	0.197214	0	-0.39918	2.00E-06	0.792521	0.00E+00	0	0	0	-0.13	0	0.305	0	0	0
2.649	-5.709146	105.359901	14.740826	0.197625	0	-0.398887	3.00E-06	0.792521	1.00E-06	0	0	0	-0.13	0	0.305	0	0	0
2.65	-6.021994	107.099152	14.740826	0.197214	0	-0.395024	3.00E-06	1.00823	0.00E+00	0	0	0	-0.13	0	0.305	0	0	0
2.651	-6.021994	109.840858	14.897488	0.195188	0	-0.393875	1.00E-06	1.00823	1.00E-06	0	0	0	-0.13	0	0.305	0	0	0
2.652	-5.632738	111.221748	14.897488	0.195188	0	-0.395024	1.00E-06	0.936069	2.00E-06	0	0	0	-0.13	0	0.305	0	0	0
2.653	-5.632738	112.600296	14.349012	0.196678	0	-0.396669	2.00E-06	0.934009	2.00E-06	0	0	0	-0.13	0	0.305	0	0	0
2.654	-5.632019	115.866196	14.270519	0.197084	0	-0.397358	2.00E-06	0.934009	1.00E-06	0	0	0	-0.13	0	0.305	0	0	0
2.655	-5.400631	116.024338	14.113981	0.198072	0	-0.397358	1.00E-06	0.903151	0.00E+00	0	0	0	-0.13	0	0.305	0	0	0
2.656	-5.400631	119.137535	13.957159	0.198072	0	-0.397358	1.00E-06	0.903151	1.00E-06	0	0	0	-0.13	0	0.305	0	0	0
2.657	-5.400631	119.644341	13.957159	0.197388	0	-0.397133	3.00E-06	1.003693	1.00E-06	0	0	0	-0.13	0	0.305	0	0	0
2.658	-5.400631	120.161583	13.878908	0.197076	0	-0.397544	3.00E-06	1.014638	1.00E-06	0	0	0	-0.13	0	0.305	0	0	0
2.659	-5.557775	123.415123	13.330353	0.196748	0	-0.402169	0.00E+00	1.157585	1.00E-06	0	0	0	-0.13	0	0.305	0	0	0
2.66	-5.867014	123.587547	13.173452	0.196748	0	-0.402366	0	1.157585	1.00E-06	0	0	0	-0.13	0	0.305	0	0	0
2.661	-6.107061	124.623184	12.938662	0.197316	0	-0.402169	1.00E-06	1.157585	2.00E-06	0	0	0	-0.13	0	0.305	0	0	0
2.662	-6.107061	129.950027	12.938662	0.197316	0	-0.401382	3.00E-06	1.113312	2.00E-06	0	0	0	-0.13	0	0.305	0	0	0
2.663	-6.493429	130.994568	12.938662	0.197072	0	-0.399147	5.00E-06	1.165376	3.00E-06	0	0	0	-0.13	0	0.305	0	0	0
2.664	-6.653461	133.737442	12.546764	0.196321	0	-0.399147	5.00E-06	1.257417	3.00E-06	0	0	0	-0.13	0	0.305	0	0	0
2.665	-6.964142	137.691833	12.546764	0.196321	0	-0.401596	4.00E-06	1.314185	1.00E-06	0	0	0	-0.13	0	0.305	0	0	0
2.666	-6.964142	138.890259	12.703388	0.196373	0	-0.402153	4.00E-06	1.314185	1.00E-06	0	0	0	-0.13	0	0.305	0	0	0
2.667	-7.357727	142.161194	12.703388	0.196767	0	-0.402153	4.00E-06	1.196688	1.00E-06	0	0	0	-0.13	0	0.305	0	0	0
2.668	-7.589115	146.983109	12.154831	0.197432	0	-0.400967	4.00E-06	1.175923	1.00E-06	0	0	0	-0.13	0	0.305	0	0	0
2.669	-7.820502	148.022614	11.763258	0.197432	0	-0.400135	4.00E-06	1.196688	1.00E-06	0	0	0	-0.13	0	0.305	0	0	0
2.67	-8.136959	151.806183	11.449373	0.197407	0	-0.400135	4.00E-06	1.310227	1.00E-06	0	0	0	-0.13	0	0.305	0	0	0
2.671	-8.604064	156.101166	11.449373	0.196946	0	-0.401092	3.00E-06	1.468342	1.00E-06	0	0	0	-0.13	0	0.305	0	0	0
2.672	-8.680472	158.321762	11.449373	0.196946	0	-0.401839	3.00E-06	1.468342	1.00E-06	0	0	0	-0.13	0	0.305	0	0	0
2.673	-8.680472	161.605789	10.196165	0.197271	0	-0.402043	1.00E-06	1.325094	2.00E-06	0	0	0	-0.13	0	0.305	0	0	0
2.674	-8.680472	164.522614	10.196085	0.197292	0	-0.402319	5.00E-06	1.325094	2.00E-06	0	0	0	-0.13	0	0.305	0	0	0
2.675	-9.149021	166.246384	10.039463	0.197271	0	-0.402319	5.00E-06	1.343547	1.00E-06	0	0	0	-0.13	0	0.305	0	0	0
2.676	-9.309052	170.37674	9.80419	0.197634	0	-0.402447	5.00E-06	1.349906	1.00E-06	0	0	0	-0.13	0	0.305	0	0	0
2.677	-9.540441	174.156387	9.255836	0.197152	0	-0.402447	5.00E-06	1.385391	2.00E-06	0	0	0	-0.13	0	0.305	0	0	0
2.678	-9.93186	176.03833	9.177467	0.196878	0	-0.402683	2.00E-06	1.42049	3.00E-06	0	0	0	-0.13	0	0.305	0	0	0
2.679	-10.008989	178.623413	8.158766	0.195865	0	-0.405547	2.00E-06	1.467688	3.00E-06	0	0	0	-0.13	0	0.305	0	0	0
2.68	-10.318228	179.632812	7.218721	0.196878	0	-0.406366	5.00E-06	1.467688	3.00E-06	0	0	0	-0.13	0	0.305	0	0	0
2.681	-10.478982	182.577026	7.140469	0.197212	0	-0.406366	5.00E-06	1.409225	3.00E-06	0	0	0	-0.13	0	0.305	0	0	0
2.682	-10.478982	185.676331	7.061937	0.197212	0	-0.40473	5.00E-06	1.409225	2.00E-06	0	0	0	-0.13	0	0.305	0	0	0
2.683	-11.179641	189.2836	6.435093	0.196121	0	-0.40473	1.00E-06	1.454439	2.00E-06	0	0	0	-0.13	0	0.305	0	0	0
2.684	-11.179641	190.652145	4.633047	0.196121	0	-0.40473	1.00E-06	1.471131	2.00E-06	0	0	0	-0.13	0	0.305	0	0	0
2.685	-11.259657	194.959869	3.849621	0.195703	0	-0.405458	4.00E-06	1.471131	2.00E-06	0	0	0	-0.13	0	0.305	0	0	0
2.686	-11.413194	196.142487	3.849621	0.195828	0	-0.405693	4.00E-06	1.470927	3.00E-06	0	0	0	-0.13	0	0.305	0	0	0
2.687	-11.492487	197.881699	3.692923	0.195828	0	-0.405693	2.00E-06	1.386694	3.00E-06	0	0	0	-0.13	0	0.305	0	0	0
2.688	-11.570338	202.177887	3.614672	0.195953	0	-0.40498	2.00E-06	1.377075	3.00E-06	0	0	0	-0.13	0	0.305	0	0	0
2.689	-12.035279	205.979965	2.830963	0.196402	0	-0.403847	4.00E-06	1.377075	3.00E-06	0	0	0	-0.13	0	0.305	0	0	0
2.69	-12.038886	206.319763	2.28269	0.195975	0	-0.403847	4.00E-06	1.386057	2.00E-06	0	0	0	-0.13	0	0.305	0	0	0
2.691	-12.428864	211.480316	1.26375	0.195975	0	-0.405117	4.00E-06	1.571688	2.00E-06	0	0	0	-0.13	0	0.305	0	0	0
2.692	-12.661695	213.527725	-0.381433	0.195975	0	-0.407245	8.00E-06	1.571688	2.00E-06	0	0	0	-0.13	0	0.305	0	0	0
2.693	-12.74171	216.971436	-1.243231	0.19604	0	-0.407245	8.00E-06	1.456791	1.00E-06	0	0	0	-0.13	0	0.305	0	0	0
2.694	-13.209538	221.962265	-1.243231	0.19604	0	-0.407245	6.00E-06	1.456791	1.00E-06	0	0	0	-0.13	0	0.305	0	0	0
2.695	-14.067341	223.005692	-2.026817	0.195923	0	-0.404545	6.00E-06	1.522901	1.00E-06	0	0	0	-0.13	0	0.305	0	0	0
2.696	-14.067341	226.265808	-2.810324	0.195923	0	-0.405544	6.00E-06	1.522901	2.00E-06	0	0	0	-0.13	0	0.305	0	0	0
2.697	-14.068786	232.812256	-3.28063	0.195606	0	-0.405544	6.00E-06	1.534319	2.00E-06	0	0	0	-0.13	0	0.305	0	0	0
2.698	-14.613743	234.517151	-4.61257	0.195942	0	-0.406503	6.00E-06	1.620231	2.00E-06	0	0	0	-0.13	0	0.305	0	0	0
2.699	-14.614463	238.829483	-5.552938	0.195942	0	-0.406503	6.00E-06	1.652011	2.00E-06	0	0	0	-0.13	0	0.305	0	0	0
2.7	-15.006605	242.959808	-6.727936	0.196222	0	-0.405903	8.00E-06	1.656465	2.00E-06	0	0	0	-0.13	0	0.305	0	0	0
2.701	-15.237992	244.861404	-6.963251	0.196222	0	-0.405903	8.00E-06	1.652011	2.00E-06	0	0	0	-0.13	0	0.305	0	0	0
2.702	-15.627248	249.491211	-7.746557	0.196222	0	-0.405833	7.00E-06	1.590959	3.00E-06	0	0	0	-0.13	0	0.305	0	0	0
2.703	-15.627248	256.214355	-9.47047	0.19601	0	-0.405225	4.00E-06	1.590959	3.00E-06	0	0	0	-0.13	0	0.305	0	0	0
2.704	-15.862966	259.286255	-9.940577	0.195875	0	-0.404957	4.00E-06	1.67365	4.00E-06	0	0	0	-0.13	0	0.305	0	0	0
2.705	-16.412251	263.093719	-11.037525	0.195875	0	-0.405225	4.00E-06	1.729608	3.00E-06	0	0	0	-0.13	0	0.305	0	0	0
2.706	-16.487938	268.928528	-12.447836	0.195875	0	-0.406235	6.00E-06	1.729608	3.00E-06	0	0	0	-0.13	0	0.305	0	0	0
2.707	-16.487938	272.886749	-13.309752	0.195906	0	-0.406235	6.00E-06	1.729608	1.00E-06	0	0	0	-0.13	0	0.305	0	0	0
2.708	-16.565788	278.736267	-13.858269	0.195906	0	-0.405842	1.00E-05	1.736682	1.00E-06	0	0	0	-0.13	0	0.305	0	0	0
2.709	-16.330791	283.389587	-14.955215	0.196448	0	-0.405687	1.00E-05	1.743889	1.00E-06	0	0	0	-0.13	0	0.305	0	0	0
2.71	-16.330791	286.483826	-16.600601	0.196448	0	-0.405687	1.00E-05	1.743889	1.00E-06	0	0	0	-0.13	0	0.305	0	0	0
2.711	-16.330791	292.500732	-17.462437	0.195949	0	-0.405687	4.00E-06	1.743889	2.00E-06	0	0	0	-0.13	0	0.305	0	0	0
2.712	-16.487938	299.720642	-18.324396	0.195733	0	-0.405977	2.00E-06	1.803653	2.00E-06	0	0	0	-0.13	0	0.305	0	0	0
2.713	-16.487938	302.129089	-19.107861	0.195949	0	-0.406622	4.00E-06	1.803653	3.00E-06	0	0	0	-0.13	0	0.305	0	0	0
2.714	-16.487938	307.636017	-20.596464	0.195733	0	-0.406729	5.00E-06	1.803653	3.00E-06	0	0	0	-0.13	0	0.305	0	0	0
2.715	-16.406479	313.473938	-21.615206	0.195715	0	-0.407078	7.00E-06	1.772868	3.00E-06	0	0	0	-0.13	0	0.305	0	0	0
2.716	-16.406479	317.945587	-22.633783	0.195715	0	-0.407078	7.00E-06	1.827374	1.00E-06	0	0	0	-0.13	0	0.305	0	0	0
2.717	-16.171482	325.862122	-23.965723	0.195715	0	-0.406615	7.00E-06	1.714621	1.00E-06	0	0	0	-0.13	0	0.305	0	0	0
2.718	-15.939372	331.53302	-25.219374	0.195625	0	-0.406615	7.00E-06	1.736139	1.00E-06	0	0	0	-0.13	0	0.305	0	0	0
2.719	-15.940094	335.483948	-27.02142	0.195625	0	-0.407359	9.00E-06	1.736139	1.00E-06	0	0	0	-0.13	0	0.305	0	0	0
2.72	-15.940094	338.240692	-27.491562	0.195747	0	-0.407359	9.00E-06	1.792097	1.00E-06	0	0	0	-0.13	0	0.305	0	0	0
2.721	-15.940094	347.012848	-29.371899	0.195747	0	-0.407359	9.00E-06	1.851723	3.00E-06	0	0	0	-0.13	0	0.305	0	0	0
2.722	-15.706541	350.268646	-29.685463	0.195747	0	-0.406844	6.00E-06	1.879568	3.00E-06	0	0	0	-0.13	0	0.305	0	0	0
2.723	-15.39586	358.015533	-31.565756	0.195786	0	-0.407556	5.00E-06	1.864379	3.00E-06	0	0	0	-0.13	0	0.305	0	0	0
2.724	-14.930197	362.486023	-32.584377	0.195909	0	-0.407556	6.00E-06	1.864379	1.00E-06	0	0	0	-0.13	0	0.305	0	0	0
2.725	-14.770887	366.094818	-33.446053	0.19597	0	-0.407556	5.00E-06	1.749777	3.00E-06	0	0	0	-0.13	0	0.305	0	0	0
2.726	-14.618071	372.306854	-35.091557	0.19597	0	-0.407099	1.00E-06	1.749777	3.00E-06	0	0	0	-0.13	0	0.305	0	0	0
2.727	-14.618071	376.075378	-35.953354	0.195663	0	-0.406673	1.00E-06	1.887341	5.00E-06	0	0	0	-0.13	0	0.305	0	0	0
2.728	-14.618071	382.263519	-36.423618	0.195663	0	-0.407099	4.00E-06	1.895495	5.00E-06	0	0	0	-0.13	0	0.305	0	0	0
2.729	-14.308831	386.902954	-38.695606	0.195691	0	-0.407359	5.00E-06	1.887341	5.00E-06	0	0	0	-0.13	0	0.305	0	0	0
2.73	-14.071671	390.514069	-39.32225	0.195691	0	-0.407359	5.00E-06	1.802192	4.00E-06	0	0	0	-0.13	0	0.305	0	0	0
2.731	-13.99382	394.298004	-40.027103	0.195691	0	-0.40733	5.00E-06	1.765233	4.00E-06	0	0	0	-0.13	0	0.305	0	0	0
2.732	-13.99382	399.127655	-41.829433	0.195565	0	-0.407243	5.00E-06	1.765233	1.00E-06	0	0	0	-0.13	0	0.305	0	0	0
2.733	-13.99382	403.063934	-42.534363	0.195797	0	-0.407243	5.00E-06	1.765233	1.00E-06	0	0	0	-0.13	0	0.305	0	0	0
2.734	-13.682416	405.652863	-43.239662	0.195357	0	-0.407243	5.00E-06	1.78177	2.00E-06	0	0	0	-0.13	0	0.305	0	0	0
2.735	-13.682416	411.669373	-44.336372	0.195257	0	-0.407578	5.00E-06	1.78177	3.00E-06	0	0	0	-0.13	0	0.305	0	0	0
2.736	-13.373899	416.650146	-45.590179	0.195206	0	-0.407447	2.00E-06	1.78177	3.00E-06	0	0	0	-0.13	0	0.305	0	0	0
2.737	-13.76171	416.654083	-46.84359	0.195206	0	-0.407447	2.00E-06	1.746912	8.00E-06	0	0	0	-0.13	0	0.305	0	0	0
2.738	-13.450306	423.381012	-48.410725	0.195738	0	-0.407166	3.00E-06	1.726025	8.00E-06	0	0	0	-0.13	0	0.305	0	0	0
2.739	-13.683859	426.294403	-48.802258	0.195738	0	-0.407136	6.00E-06	1.721426	5.00E-06	0	0	0	-0.13	0	0.305	0	0	0
2.74	-13.459688	428.190216	-48.95916	0.195881	0	-0.407111	6.00E-06	1.721426	1.00E-06	0	0	0	-0.13	0	0.305	0	0	0
2.741	-13.683859	433.345367	-50.996155	0.195316	0	-0.407111	8.00E-06	1.759126	1.00E-06	0	0	0	-0.13	0	0.305	0	0	0
2.742	-13.923906	436.616699	-51.466259	0.195305	0	-0.407121	8.00E-06	1.837775	3.00E-06	0	0	0	-0.13	0	0.305	0	0	0
2.743	-14.232425	438.838806	-52.406307	0.195305	0	-0.407121	6.00E-06	1.837775	3.00E-06	0	0	0	-0.13	0	0.305	0	0	0
2.744	-14.236032	444.360809	-53.581623	0.195726	0	-0.407454	6.00E-06	1.837775	3.00E-06	0	0	0	-0.13	0	0.305	0	0	0
2.745	-14.313884	445.728577	-54.208191	0.195776	0	-0.407101	6.00E-06	1.900858	6.00E-06	0	0	0	-0.13	0	0.305	0	0	0
2.746	-15.175294	447.64447	-54.835155	0.195776	0	-0.407173	6.00E-06	1.909016	2.00E-06	0	0	0	-0.13	0	0.305	0	0	0
2.747	-15.253145	451.759705	-55.775204	0.195776	0	-0.407173	1.30E-05	1.955554	2.00E-06	0	0	0	-0.13	0	0.305	0	0	0
2.748	-15.48742	455.540924	-56.558952	0.195288	0	-0.407173	1.10E-05	1.948496	2.00E-06	0	0	0	-0.13	0	0.305	0	0	0
2.749	-15.881005	458.798767	-57.18539	0.195288	0	-0.406937	1.10E-05	1.951238	2.00E-06	0	0	0	-0.13	0	0.305	0	0	0
2.75	-16.347389	462.604675	-58.752487	0.195703	0	-0.406937	1.10E-05	1.951238	2.00E-06	0	0	0	-0.13	0	0.305	0	0	0
2.751	-17.284487	463.799622	-59.300678	0.196034	0	-0.40667	1.10E-05	1.951238	3.00E-06	0	0	0	-0.13	0	0.305	0	0	0
2.752	-17.521648	466.399017	-59.770943	0.196149	0	-0.406348	1.10E-05	1.988284	3.00E-06	0	0	0	-0.13	0	0.305	0	0	0
2.753	-19.004423	471.383698	-60.710991	0.196149	0	-0.406348	1.10E-05	2.034498	3.00E-06	0	0	0	-0.13	0	0.305	0	0	0
2.754	-19.00803	472.754944	-60.867813	0.195901	0	-0.405968	1.10E-05	2.107507	2.00E-06	0	0	0	-0.13	0	0.305	0	0	0
2.755	-19.397285	477.230072	-61.494499	0.195901	0	-0.406403	-3.00E-06	2.065478	2.00E-06	0	0	0	-0.13	0	0.305	0	0	0
2.756	-20.0965	481.020142	-62.513195	0.195901	0	-0.405907	-3.00E-06	2.107507	2.00E-06	0	0	0	-0.13	0	0.305	0	0	0
2.757	-20.959356	483.599915	-63.531536	0.196082	0	-0.405907	4.00E-06	2.074847	0.00E+00	0	0	0	-0.13	0	0.305	0	0	0
2.758	-21.190022	484.651367	-64.08017	0.196082	0	-0.405595	1.60E-05	2.114969	6.00E-06	0	0	0	-0.13	0	0.305	0	0	0
2.759	-21.896454	490.324188	-64.550194	0.196161	0	-0.405564	1.60E-05	2.074847	2.00E-06	0	0	0	-0.13	0	0.305	0	0	0
2.76	-22.672077	490.838715	-64.863594	0.196161	0	-0.405214	1.40E-05	2.250515	6.00E-06	0	0	0	-0.13	0	0.305	0	0	0
2.761	-23.147842	492.90271	-65.098709	0.19598	0	-0.405031	1.00E-05	2.276659	6.00E-06	0	0	0	-0.13	0	0.305	0	0	0
2.762	-23.924187	497.202728	-66.038795	0.19598	0	-0.405031	1.00E-05	2.276659	6.00E-06	0	0	0	-0.13	0	0.305	0	0	0
2.763	-23.999151	497.382507	-66.19574	0.196135	0	-0.405358	7.00E-06	2.153707	2.00E-06	0	0	0	-0.13	0	0.305	0	0	0
2.764	-23.999151	498.761841	-66.979088	0.196429	0	-0.405475	7.00E-06	2.110625	2.00E-06	0	0	0	-0.13	0	0.305	0	0	0
2.765	-24.781269	502.025787	-67.449234	0.196429	0	-0.405358	9.00E-06	2.110625	9.00E-06	0	0	0	-0.13	0	0.305	0	0	0
2.766	-25.015545	502.556549	-67.527405	0.196538	0	-0.404879	9.00E-06	2.110625	9.00E-06	0	0	0	-0.13	0	0.305	0	0	0
2.767	-25.483372	504.271088	-67.605774	0.196233	0	-0.404675	9.00E-06	2.141661	2.00E-06	0	0	0	-0.13	0	0.305	0	0	0
2.768	-25.79694	506.331238	-68.624397	0.196353	0	-0.404675	9.00E-06	2.149597	2.00E-06	0	0	0	-0.13	0	0.305	0	0	0
2.769	-25.950478	506.331238	-68.937752	0.196353	0	-0.405456	7.00E-06	2.149597	3.00E-06	0	0	0	-0.13	0	0.305	0	0	0
2.77	-26.266209	506.331238	-69.329605	0.196531	0	-0.405504	4.00E-06	2.160585	6.00E-06	0	0	0	-0.13	0	0.305	0	0	0
2.771	-27.045441	507.365723	-69.643005	0.196615	0	-0.405504	4.00E-06	2.160585	8.00E-06	0	0	0	-0.13	0	0.305	0	0	0
2.772	-27.046883	508.066956	-69.799431	0.196615	0	-0.405166	8.00E-06	2.220564	8.00E-06	0	0	0	-0.13	0	0.305	0	0	0
2.773	-27.515434	509.437805	-70.034584	0.196738	0	-0.405051	8.00E-06	2.229789	7.00E-06	0	0	0	-0.13	0	0.305	0	0	0
2.774	-27.594006	511.163147	-70.583099	0.196738	0	-0.405039	7.00E-06	2.229789	4.00E-06	0	0	0	-0.13	0	0.305	0	0	0
2.775	-27.747543	513.23291	-70.81813	0.196527	0	-0.405039	7.00E-06	2.187102	7.00E-06	0	0	0	-0.13	0	0.305	0	0	0
2.776	-28.216812	513.23291	-71.758095	0.196503	0	-0.405248	6.00E-06	2.187102	2.00E-06	0	0	0	-0.13	0	0.305	0	0	0
2.777	-28.923246	513.243713	-71.836746	0.196442	0	-0.405248	1.00E-06	2.255821	4.00E-06	0	0	0	-0.13	0	0.305	0	0	0
2.778	-29.236814	513.390625	-72.228241	0.196442	0	-0.404883	1.00E-06	2.255821	4.00E-06	0	0	0	-0.13	0	0.305	0	0	0
2.779	-29.236814	516.677429	-72.619766	0.196656	0	-0.404883	8.00E-06	2.304853	4.00E-06	0	0	0	-0.13	0	0.305	0	0	0
2.78	-29.471088	516.677429	-73.246414	0.196656	0	-0.404828	8.00E-06	2.233256	3.00E-06	0	0	0	-0.13	0	0.305	0	0	0
2.781	-29.782492	517.379822	-73.246696	0.196501	0	-0.404828	6.00E-06	2.235349	3.00E-06	0	0	0	-0.13	0	0.305	0	0	0
2.782	-29.783213	517.379822	-73.951836	0.196501	0	-0.404467	6.00E-06	2.175836	7.00E-06	0	0	0	-0.13	0	0.305	0	0	0
2.783	-30.090286	519.101318	-74.343567	0.196644	0	-0.404459	6.00E-06	2.175836	7.00E-06	0	0	0	-0.13	0	0.305	0	0	0
2.784	-30.323839	519.269836	-74.421822	0.196881	0	-0.404421	6.00E-06	2.08742	5.00E-06	0	0	0	-0.13	0	0.305	0	0	0
2.785	-30.323839	521.855774	-74.735458	0.196805	0	-0.403769	6.00E-06	2.08742	5.00E-06	0	0	0	-0.13	0	0.305	0	0	0
2.786	-31.103794	521.855774	-74.89212	0.196805	0	-0.403769	1.00E-06	2.08742	5.00E-06	0	0	0	-0.13	0	0.305	0	0	0
2.787	-31.103794	522.89917	-75.988907	0.196805	0	-0.403697	8.00E-06	2.162294	2.00E-06	0	0	0	-0.13	0	0.305	0	0	0
2.788	-31.103794	523.934814	-77.164024	0.196925	0	-0.403697	6.00E-06	1.971827	2.00E-06	0	0	0	-0.13	0	0.305	0	0	0
2.789	-30.953142	524.637573	-77.164024	0.196977	0	-0.403582	8.00E-06	2.159901	5.00E-06	0	0	0	-0.13	0	0.305	0	0	0
2.79	-31.104513	524.637573	-77.164024	0.197048	0	-0.40317	8.00E-06	2.074477	5.00E-06	0	0	0	-0.13	0	0.305	0	0	0
2.791	-31.350336	526.875122	-77.790436	0.197048	0	-0.40317	1.20E-05	2.159901	8.00E-06	0	0	0	-0.13	0	0.305	0	0	0
2.792	-31.505318	527.203369	-78.103668	0.19692	0	-0.403186	1.20E-05	2.074477	5.00E-06	0	0	0	-0.13	0	0.305	0	0	0
2.793	-31.355385	527.560974	-78.495285	0.19692	0	-0.403186	5.00E-06	2.160861	6.00E-06	0	0	0	-0.13	0	0.305	0	0	0
2.794	-31.505318	530.494019	-79.983688	0.197147	0	-0.402975	4.00E-06	2.115461	4.00E-06	0	0	0	-0.13	0	0.305	0	0	0
2.795	-32.211025	530.494019	-80.923935	0.197147	0	-0.402975	2.00E-06	2.173839	5.00E-06	0	0	0	-0.13	0	0.305	0	0	0
2.796	-32.211025	530.159973	-81.550903	0.197147	0	-0.402895	2.00E-06	2.173839	4.00E-06	0	0	0	-0.13	0	0.305	0	0	0
2.797	-32.915291	529.978699	-81.550903	0.196997	0	-0.402895	5.00E-06	2.183385	5.00E-06	0	0	0	-0.13	0	0.305	0	0	0
2.798	-32.912403	529.978699	-81.315994	0.196863	0	-0.402565	1.20E-05	2.183385	1.00E-06	0	0	0	-0.13	0	0.305	0	0	0
2.799	-32.912403	529.978699	-81.315994	0.196863	0	-0.402565	5.00E-06	2.183385	3.00E-06	0	0	0	-0.13	0	0.305	0	0	0
2.8	-32.524593	529.977539	-81.786057	0.196968	0	-0.403013	1.10E-05	2.137325	3.00E-06	0	0	0	-0.13	0	0.305	0	0	0
2.801	-31.971699	529.977539	-81.942474	0.19697	0	-0.403013	1.10E-05	2.004591	4.00E-06	0	0	0	-0.13	0	0.305	0	0	0
2.802	-31.971699	529.977539	-81.942474	0.197316	0	-0.402416	1.70E-05	2.004591	6.00E-06	0	0	0	-0.13	0	0.305	0	0	0
2.803	-32.91024	530.504761	-82.491188	0.197472	0	-0.402391	1.70E-05	2.088854	6.00E-06	0	0	0	-0.13	0	0.305	0	0	0
2.804	-33.220924	530.504761	-82.491188	0.197316	0	-0.401812	3.00E-06	2.131042	5.00E-06	0	0	0	-0.13	0	0.305	0	0	0
2.805	-33.223808	530.504761	-82.491188	0.197472	0	-0.401719	3.00E-06	2.228924	5.00E-06	0	0	0	-0.13	0	0.305	0	0	0
2.806	-33.223808	530.344727	-82.648048	0.197436	0	-0.401719	5.00E-06	2.131042	5.00E-06	0	0	0	-0.13	0	0.305	0	0	0
2.807	-33.689468	530.512878	-82.648048	0.197486	0	-0.402165	6.00E-06	2.120435	6.00E-06	0	0	0	-0.13	0	0.305	0	0	0
2.808	-33.766602	530.512878	-82.256317	0.197549	0	-0.402165	1.10E-05	2.120435	6.00E-06	0	0	0	-0.13	0	0.305	0	0	0
2.809	-34.079449	530.512878	-82.178032	0.197549	0	-0.401649	1.10E-05	2.114443	6.00E-06	0	0	0	-0.13	0	0.305	0	0	0
2.81	-34.079449	531.210693	-82.178032	0.197476	0	-0.401589	1.30E-05	2.102943	5.00E-06	0	0	0	-0.13	0	0.305	0	0	0
2.811	-34.079449	531.210693	-81.786179	0.197476	0	-0.401649	1.30E-05	2.102943	5.00E-06	0	0	0	-0.13	0	0.305	0	0	0
2.812	-34.311558	531.210693	-81.942879	0.197344	0	-0.402207	1.30E-05	2.051785	6.00E-06	0	0	0	-0.13	0	0.305	0	0	0
2.813	-34.313721	531.027832	-81.707726	0.197456	0	-0.402346	3.00E-06	2.051785	8.00E-06	0	0	0	-0.13	0	0.305	0	0	0
2.814	-34.390129	531.027832	-80.924179	0.197456	0	-0.402346	7.00E-06	2.051785	8.00E-06	0	0	0	-0.13	0	0.305	0	0	0
2.815	-35.169361	531.027832	-80.689346	0.197456	0	-0.402346	7.00E-06	2.060979	8.00E-06	0	0	0	-0.13	0	0.305	0	0	0
2.816	-35.169361	531.380737	-80.3759	0.19744	0	-0.402259	7.00E-06	2.060979	5.00E-06	0	0	0	-0.13	0	0.305	0	0	0
2.817	-35.169361	532.410278	-80.062378	0.197385	0	-0.40216	3.00E-06	2.055138	5.00E-06	0	0	0	-0.13	0	0.305	0	0	0
2.818	-35.400749	533.271179	-80.062378	0.197355	0	-0.401982	3.00E-06	2.000853	5.00E-06	0	0	0	-0.13	0	0.305	0	0	0
2.819	-35.557171	534.13562	-79.513863	0.197355	0	-0.401976	9.00E-06	1.978234	6.00E-06	0	0	0	-0.13	0	0.305	0	0	0
2.82	-35.557171	534.13562	-79.122292	0.197476	0	-0.401982	1.70E-05	1.900485	8.00E-06	0	0	0	-0.13	0	0.305	0	0	0
2.821	-36.49427	534.13562	-78.416954	0.197476	0	-0.40246	1.10E-05	1.978234	8.00E-06	0	0	0	-0.13	0	0.305	0	0	0
2.822	-36.49427	531.895325	-78.182083	0.197476	0	-0.40246	1.50E-05	2.01168	2.00E-06	0	0	0	-0.13	0	0.305	0	0	0
2.823	-36.494995	531.895325	-78.182083	0.19723	0	-0.402828	1.10E-05	2.01168	2.00E-06	0	0	0	-0.13	0	0.305	0	0	0
2.824	-36.572121	531.895325	-78.573814	0.197195	0	-0.403351	1.10E-05	2.048575	4.00E-06	0	0	0	-0.13	0	0.305	0	0	0
2.825	-36.882084	533.427734	-79.984489	0.197123	0	-0.403351	1.10E-05	2.026058	1.00E-05	0	0	0	-0.13	0	0.305	0	0	0
2.826	-36.948391	533.604858	-81.787659	0.197119	0	-0.403214	1.00E-05	2.026058	4.00E-06	0	0	0	-0.13	0	0.305	0	0	0
2.827	-36.948391	533.604858	-81.787659	0.197123	0	-0.403214	1.10E-05	1.840275	4.00E-06	0	0	0	-0.13	0	0.305	0	0	0
2.828	-36.123695	530.835327	-75.601318	0.197185	0	-0.403214	1.00E-05	1.709817	1.00E-06	0	0	0	-0.13	0	0.305	0	0	0
2.829	-36.123695	529.801575	-69.255096	0.19757	0	-0.403171	9.00E-06	1.520773	1.00E-06	0	0	0	-0.13	0	0.305	0	0	0
2.83	-36.428604	529.463318	-69.255096	0.19757	0	-0.403171	9.00E-06	1.520773	6.00E-06	0	0	0	-0.13	0	0.305	0	0	0
2.831	-37.292183	529.463318	-76.150116	0.197098	0	-0.403171	1.60E-05	1.520773	6.00E-06	0	0	0	-0.13	0	0.305	0	0	0
2.832	-37.292183	534.286804	-76.305565	0.196978	0	-0.403322	1.60E-05	1.50894	6.00E-06	0	0	0	-0.13	0	0.305	0	0	0
2.833	-35.431698	534.286804	-76.305565	0.196936	0	-0.402672	1.40E-05	1.394317	6.00E-06	0	0	0	-0.13	0	0.305	0	0	0
2.834	-35.431698	531.183655	-73.170097	0.196936	0	-0.40263	1.20E-05	1.394317	9.00E-06	0	0	0	-0.13	0	0.305	0	0	0
2.835	-39.198849	531.183655	-73.170097	0.196945	0	-0.40263	1.20E-05	1.966233	9.00E-06	0	0	0	-0.13	0	0.305	0	0	0
2.836	-39.198849	532.22583	-75.12812	0.196945	0	-0.403082	9.00E-06	1.966233	7.00E-06	0	0	0	-0.13	0	0.305	0	0	0
2.837	-37.886932	534.104309	-77.242722	0.197041	0	-0.403082	1.20E-05	1.832652	6.00E-06	0	0	0	-0.13	0	0.305	0	0	0
2.838	-37.886932	534.104309	-77.242722	0.197041	0	-0.403225	9.00E-06	1.61109	6.00E-06	0	0	0	-0.13	0	0.305	0	0	0
2.839	-38.123367	530.850708	-75.831566	0.19739	0	-0.402714	1.00E-05	1.61109	4.00E-06	0	0	0	-0.13	0	0.305	0	0	0
2.84	-40.23761	528.283813	-72.697701	0.197522	0	-0.402674	1.00E-05	2.004234	4.00E-06	0	0	0	-0.13	0	0.305	0	0	0
2.841	-40.23761	527.408936	-72.697701	0.197522	0	-0.402674	1.00E-05	2.004234	4.00E-06	0	0	0	-0.13	0	0.305	0	0	0
2.842	-38.361973	528.283813	-73.63755	0.197034	0	-0.402611	3.00E-06	1.701904	1.00E-06	0	0	0	-0.13	0	0.305	0	0	0
2.843	-38.361973	527.59259	-73.715836	0.197034	0	-0.403222	3.00E-06	1.701904	1.00E-06	0	0	0	-0.13	0	0.305	0	0	0
2.844	-38.361973	527.59259	-73.715836	0.197345	0	-0.403222	6.00E-06	1.743848	1.00E-06	0	0	0	-0.13	0	0.305	0	0	0
2.845	-38.988388	524.833496	-72.697182	0.197345	0	-0.403338	1.50E-05	1.778659	3.00E-06	0	0	0	-0.13	0	0.305	0	0	0
2.846	-38.988388	524.833496	-71.521858	0.197345	0	-0.403338	1.50E-05	1.778659	3.00E-06	0	0	0	-0.13	0	0.305	0	0	0
2.847	-38.363415	525.167847	-71.521858	0.197313	0	-0.403599	1.50E-05	1.754369	1.00E-06	0	0	0	-0.13	0	0.305	0	0	0
2.848	-38.361973	525.167847	-71.992241	0.197313	0	-0.40332	1.40E-05	1.61885	1.00E-06	0	0	0	-0.13	0	0.305	0	0	0
2.849	-38.361973	522.773376	-71.992241	0.197313	0	-0.40279	1.40E-05	1.61885	6.00E-06	0	0	0	-0.13	0	0.305	0	0	0
2.85	-39.298347	522.607483	-71.20874	0.197203	0	-0.40279	8.00E-06	1.733515	8.00E-06	0	0	0	-0.13	0	0.305	0	0	0
2.851	-39.298347	520.519958	-70.581772	0.197391	0	-0.403194	4.00E-06	1.733515	8.00E-06	0	0	0	-0.13	0	0.305	0	0	0
2.852	-38.749062	520.519958	-70.190079	0.19756	0	-0.403525	4.00E-06	1.5943	8.00E-06	0	0	0	-0.13	0	0.305	0	0	0
2.853	-38.749062	520.882935	-70.033333	0.19756	0	-0.403194	4.00E-06	1.590536	6.00E-06	0	0	0	-0.13	0	0.305	0	0	0
2.854	-39.059746	520.882935	-69.720169	0.1973	0	-0.403127	1.00E-05	1.5943	4.00E-06	0	0	0	-0.13	0	0.305	0	0	0
2.855	-39.219776	519.508545	-69.719894	0.1973	0	-0.403122	1.30E-05	1.60757	3.00E-06	0	0	0	-0.13	0	0.305	0	0	0
2.856	-39.295464	519.167603	-69.563393	0.1973	0	-0.403122	1.30E-05	1.60757	2.00E-06	0	0	0	-0.13	0	0.305	0	0	0
2.857	-39.295464	516.9104	-69.014595	0.197229	0	-0.403768	1.70E-05	1.518267	2.00E-06	0	0	0	-0.13	0	0.305	0	0	0
2.858	-38.984779	516.9104	-68.152596	0.197229	0	-0.403768	1.70E-05	1.508624	2.00E-06	0	0	0	-0.13	0	0.305	0	0	0
2.859	-38.984779	515.195435	-67.917847	0.197049	0	-0.4035	7.00E-06	1.477715	4.00E-06	0	0	0	-0.13	0	0.305	0	0	0
2.86	-39.842583	513.130249	-66.115562	0.197169	0	-0.403418	-1.00E-06	1.508624	4.00E-06	0	0	0	-0.13	0	0.305	0	0	0
2.861	-39.84547	513.130249	-65.488594	0.197169	0	-0.403418	-1.00E-06	1.598178	9.00E-06	0	0	0	-0.13	0	0.305	0	0	0
2.862	-39.84547	513.130249	-65.253845	0.197169	0	-0.403458	1.60E-05	1.598178	9.00E-06	0	0	0	-0.13	0	0.305	0	0	0
2.863	-39.300514	512.948975	-64.783417	0.1973	0	-0.403557	1.60E-05	1.577827	7.00E-06	0	0	0	-0.13	0	0.305	0	0	0
2.864	-39.300514	512.784668	-64.470055	0.197323	0	-0.403873	1.10E-05	1.577827	7.00E-06	0	0	0	-0.13	0	0.305	0	0	0
2.865	-39.847633	511.398773	-63.686344	0.197323	0	-0.40392	1.10E-05	1.552089	7.00E-06	0	0	0	-0.13	0	0.305	0	0	0
2.866	-39.847633	508.48114	-62.824554	0.197191	0	-0.403873	8.00E-06	1.588435	4.00E-06	0	0	0	-0.13	0	0.305	0	0	0
2.867	-39.694099	508.48114	-62.589321	0.197191	0	-0.403765	1.50E-05	1.552089	4.00E-06	0	0	0	-0.13	0	0.305	0	0	0
2.868	-39.611916	507.445496	-61.727562	0.197191	0	-0.403765	1.30E-05	1.504286	4.00E-06	0	0	0	-0.13	0	0.305	0	0	0
2.869	-39.300514	506.738495	-61.257179	0.196958	0	-0.404532	1.30E-05	1.412213	7.00E-06	0	0	0	-0.13	0	0.305	0	0	0
2.87	-39.143368	504.169556	-60.787193	0.196958	0	-0.404686	9.00E-06	1.391268	7.00E-06	0	0	0	-0.13	0	0.305	0	0	0
2.871	-39.143368	502.780945	-59.925072	0.197055	0	-0.405095	3.00E-06	1.391268	7.00E-06	0	0	0	-0.13	0	0.305	0	0	0
2.872	-39.143368	501.584869	-58.593254	0.197055	0	-0.405095	3.00E-06	1.369979	5.00E-06	0	0	0	-0.13	0	0.305	0	0	0
2.873	-38.988388	501.577087	-58.357983	0.196977	0	-0.405095	3.00E-06	1.432215	5.00E-06	0	0	0	-0.13	0	0.305	0	0	0
2.874	-38.988388	501.577087	-57.888039	0.196957	0	-0.405211	3.00E-06	1.394643	5.00E-06	0	0	0	-0.13	0	0.305	0	0	0
2.875	-38.988388	497.968262	-56.947708	0.196977	0	-0.405211	3.00E-06	1.394643	3.00E-06	0	0	0	-0.13	0	0.305	0	0	0
2.876	-39.379086	496.0755	-56.791134	0.197229	0	-0.405211	2.00E-06	1.376872	3.00E-06	0	0	0	-0.13	0	0.305	0	0	0
2.877	-38.986946	495.912415	-56.712803	0.197229	0	-0.405137	1.30E-05	1.36799	0.00E+00	0	0	0	-0.13	0	0.305	0	0	0
2.878	-38.982613	494.354858	-54.675797	0.197048	0	-0.405412	3.00E-06	1.289617	1.00E-06	0	0	0	-0.13	0	0.305	0	0	0
2.879	-38.982613	493.146362	-54.127403	0.196914	0	-0.405137	1.30E-05	1.233421	1.00E-06	0	0	0	-0.13	0	0.305	0	0	0
2.88	-38.982613	491.781311	-53.030373	0.196914	0	-0.405412	3.00E-06	1.204388	2.00E-06	0	0	0	-0.13	0	0.305	0	0	0
2.881	-38.828358	488.840179	-52.87355	0.196832	0	-0.405597	1.10E-05	1.204388	4.00E-06	0	0	0	-0.13	0	0.305	0	0	0
2.882	-38.746895	488.327942	-51.698273	0.196832	0	-0.405597	2.00E-06	1.165809	4.00E-06	0	0	0	-0.13	0	0.305	0	0	0
2.883	-38.828358	487.29538	-51.07159	0.196769	0	-0.405386	1.10E-05	1.187725	7.00E-06	0	0	0	-0.13	0	0.305	0	0	0
2.884	-38.983334	484.383148	-51.07159	0.196878	0	-0.405133	1.20E-05	1.184533	7.00E-06	0	0	0	-0.13	0	0.305	0	0	0
2.885	-38.983334	484.372742	-50.993057	0.196848	0	-0.405386	1.40E-05	1.187725	7.00E-06	0	0	0	-0.13	0	0.305	0	0	0
2.886	-38.674095	484.197632	-49.896187	0.196848	0	-0.405485	1.50E-05	1.184533	3.00E-06	0	0	0	-0.13	0	0.305	0	0	0
2.887	-38.441269	482.142151	-49.425884	0.196848	0	-0.405485	1.40E-05	1.27218	7.00E-06	0	0	0	-0.13	0	0.305	0	0	0
2.888	-38.441269	482.139038	-49.190933	0.197026	0	-0.405485	1.30E-05	1.127022	3.00E-06	0	0	0	-0.13	0	0.305	0	0	0
2.889	-38.754112	478.877747	-48.250401	0.197089	0	-0.405362	1.30E-05	1.127022	1.00E-06	0	0	0	-0.13	0	0.305	0	0	0
2.89	-38.754112	477.15741	-47.701607	0.197319	0	-0.405362	1.30E-05	1.08731	1.00E-06	0	0	0	-0.13	0	0.305	0	0	0
2.891	-38.44632	476.126373	-47.153336	0.197089	0	-0.405248	9.00E-06	1.08731	4.00E-06	0	0	0	-0.13	0	0.305	0	0	0
2.892	-38.129139	474.91098	-46.683147	0.197088	0	-0.405248	9.00E-06	1.108938	6.00E-06	0	0	0	-0.13	0	0.305	0	0	0
2.893	-38.129139	474.739349	-45.272877	0.196917	0	-0.405248	5.00E-06	1.146308	6.00E-06	0	0	0	-0.13	0	0.305	0	0	0
2.894	-38.129139	473.884155	-44.724243	0.196917	0	-0.405549	6.00E-06	1.108938	6.00E-06	0	0	0	-0.13	0	0.305	0	0	0
2.895	-37.742775	473.186432	-44.567375	0.196917	0	-0.405048	4.00E-06	1.037105	7.00E-06	0	0	0	-0.13	0	0.305	0	0	0
2.896	-37.660591	469.080841	-44.410759	0.197213	0	-0.405048	6.00E-06	1.008458	5.00E-06	0	0	0	-0.13	0	0.305	0	0	0
2.897	-37.660591	469.080841	-43.54884	0.197277	0	-0.404045	8.00E-06	1.008458	5.00E-06	0	0	0	-0.13	0	0.305	0	0	0
2.898	-38.054176	469.080841	-43.470268	0.19731	0	-0.403742	1.10E-05	1.009979	5.00E-06	0	0	0	-0.13	0	0.305	0	0	0
2.899	-38.054176	467.713043	-43.313644	0.197528	0	-0.403742	8.00E-06	1.015991	5.00E-06	0	0	0	-0.13	0	0.305	0	0	0
2.9	-37.664925	467.023041	-43.313644	0.197528	0	-0.403746	1.00E-06	1.064822	7.00E-06	0	0	0	-0.13	0	0.305	0	0	0
2.901	-37.272057	464.082642	-43.313644	0.197528	0	-0.404419	1.00E-06	1.015991	7.00E-06	0	0	0	-0.13	0	0.305	0	0	0
2.902	-37.269894	462.884613	-42.608231	0.197392	0	-0.404446	5.00E-06	0.853438	3.00E-06	0	0	0	-0.13	0	0.305	0	0	0
2.903	-37.272057	462.710266	-42.530022	0.197592	0	-0.404419	1.30E-05	0.853438	3.00E-06	0	0	0	-0.13	0	0.305	0	0	0
2.904	-37.037785	461.507965	-41.981346	0.197654	0	-0.404052	1.50E-05	0.853438	7.00E-06	0	0	0	-0.13	0	0.305	0	0	0
2.905	-36.959209	460.650513	-41.903091	0.197654	0	-0.404052	1.50E-05	0.958031	7.00E-06	0	0	0	-0.13	0	0.305	0	0	0
2.906	-36.807117	459.612122	-41.746353	0.197532	0	-0.404603	8.00E-06	0.762142	5.00E-06	0	0	0	-0.13	0	0.305	0	0	0
2.907	-36.254948	457.887543	-40.962967	0.197127	0	-0.405051	4.00E-06	0.82277	4.00E-06	0	0	0	-0.13	0	0.305	0	0	0
2.908	-36.254948	455.491852	-40.962967	0.197127	0	-0.405051	4.00E-06	0.798995	4.00E-06	0	0	0	-0.13	0	0.305	0	0	0
2.909	-36.338566	454.787506	-40.806065	0.197127	0	-0.405299	4.00E-06	0.82277	6.00E-06	0	0	0	-0.13	0	0.305	0	0	0
2.91	-36.338566	451.848663	-39.865734	0.197171	0	-0.405698	7.00E-06	0.81308	6.00E-06	0	0	0	-0.13	0	0.305	0	0	0
2.911	-36.107903	451.848663	-39.317345	0.197171	0	-0.405698	7.00E-06	0.87075	6.00E-06	0	0	0	-0.13	0	0.305	0	0	0
2.912	-35.790726	450.138	-39.23893	0.197171	0	-0.404968	2.00E-06	0.81308	3.00E-06	0	0	0	-0.13	0	0.305	0	0	0
2.913	-35.555733	449.787048	-38.925568	0.196722	0	-0.404968	-2.00E-06	0.717608	3.00E-06	0	0	0	-0.13	0	0.305	0	0	0
2.914	-35.090065	447.19574	-38.141663	0.196722	0	-0.405569	2.00E-06	0.717608	2.00E-06	0	0	0	-0.13	0	0.305	0	0	0
2.915	-35.090065	446.85553	-37.985077	0.19698	0	-0.405945	9.00E-06	0.722885	2.00E-06	0	0	0	-0.13	0	0.305	0	0	0
2.916	-35.092232	444.441711	-36.731266	0.19698	0	-0.405945	1.10E-05	0.722885	3.00E-06	0	0	0	-0.13	0	0.305	0	0	0
2.917	-35.092232	443.582703	-36.261284	0.19698	0	-0.405433	9.00E-06	0.751678	4.00E-06	0	0	0	-0.13	0	0.305	0	0	0
2.918	-34.780827	442.388489	-35.477654	0.196953	0	-0.405433	1.10E-05	0.763336	4.00E-06	0	0	0	-0.13	0	0.305	0	0	0
2.919	-34.392292	440.488434	-34.61586	0.196696	0	-0.405473	8.00E-06	0.763336	5.00E-06	0	0	0	-0.13	0	0.305	0	0	0
2.92	-34.002319	437.029663	-33.205265	0.196696	0	-0.406468	1.10E-05	0.74684	5.00E-06	0	0	0	-0.13	0	0.305	0	0	0
2.921	-33.925186	436.511597	-33.048485	0.196705	0	-0.406974	9.00E-06	0.695432	4.00E-06	0	0	0	-0.13	0	0.305	0	0	0
2.922	-33.532326	434.267883	-31.637974	0.197093	0	-0.407378	1.10E-05	0.694639	4.00E-06	0	0	0	-0.13	0	0.305	0	0	0
2.923	-33.925186	431.347565	-30.854424	0.197093	0	-0.407002	1.30E-05	0.694639	2.00E-06	0	0	0	-0.13	0	0.305	0	0	0
2.924	-33.693081	430.828796	-29.914015	0.197095	0	-0.407002	1.30E-05	0.654692	2.00E-06	0	0	0	-0.13	0	0.305	0	0	0
2.925	-33.693081	426.340546	-29.522205	0.197095	0	-0.407002	5.00E-06	0.712865	2.00E-06	0	0	0	-0.13	0	0.305	0	0	0
2.926	-32.835274	426.196289	-28.816868	0.196288	0	-0.407358	5.00E-06	0.712865	2.00E-06	0	0	0	-0.13	0	0.305	0	0	0
2.927	-32.760311	424.443146	-27.485125	0.196212	0	-0.408563	9.00E-06	0.712865	3.00E-06	0	0	0	-0.13	0	0.305	0	0	0
2.928	-32.679573	423.069214	-26.466305	0.196212	0	-0.408563	1.40E-05	0.653522	4.00E-06	0	0	0	-0.13	0	0.305	0	0	0
2.929	-32.524593	423.069214	-25.369396	0.196983	0	-0.408375	9.00E-06	0.653522	5.00E-06	0	0	0	-0.13	0	0.305	0	0	0
2.93	-32.606052	423.069214	-24.664021	0.196983	0	-0.407873	1.00E-05	0.710468	5.00E-06	0	0	0	-0.13	0	0.305	0	0	0
2.931	-32.451073	418.072968	-23.332079	0.196482	0	-0.407872	6.00E-06	0.742959	3.00E-06	0	0	0	-0.13	0	0.305	0	0	0
2.932	-32.296093	418.071045	-23.331837	0.19613	0	-0.407873	1.00E-05	0.742959	3.00E-06	0	0	0	-0.13	0	0.305	0	0	0
2.933	-32.141109	416.174072	-22.391832	0.196099	0	-0.40834	7.00E-06	0.742959	3.00E-06	0	0	0	-0.13	0	0.305	0	0	0
2.934	-31.436846	412.724121	-21.294682	0.196099	0	-0.408414	1.00E-05	0.641138	3.00E-06	0	0	0	-0.13	0	0.305	0	0	0
2.935	-31.436846	412.556732	-21.137939	0.196214	0	-0.408936	7.00E-06	0.641138	0	0	0	0	-0.13	0	0.305	0	0	0
2.936	-31.592548	411.000732	-20.432602	0.196214	0	-0.408976	2.00E-06	0.667542	0.00E+00	0	0	0	-0.13	0	0.305	0	0	0
2.937	-31.592548	407.73642	-19.257561	0.196191	0	-0.408976	2.00E-06	0.667542	5.00E-06	0	0	0	-0.13	0	0.305	0	0	0
2.938	-31.205458	407.226044	-18.709171	0.196056	0	-0.408777	6.00E-06	0.667542	6.00E-06	0	0	0	-0.13	0	0.305	0	0	0
2.939	-30.816204	407.221069	-18.708889	0.195934	0	-0.408766	1.20E-05	0.644992	6.00E-06	0	0	0	-0.13	0	0.305	0	0	0
2.94	-30.816204	402.570831	-17.376747	0.195934	0	-0.408777	1.20E-05	0.638505	2.00E-06	0	0	0	-0.13	0	0.305	0	0	0
2.941	-30.11482	401.888794	-16.985054	0.196116	0	-0.409424	8.00E-06	0.638505	2.00E-06	0	0	0	-0.13	0	0.305	0	0	0
2.942	-30.11482	401.68866	-15.417881	0.196116	0	-0.409424	8.00E-06	0.641908	5.00E-06	0	0	0	-0.13	0	0.305	0	0	0
2.943	-30.823418	400.503723	-15.417881	0.196116	0	-0.408923	6.00E-06	0.676696	5.00E-06	0	0	0	-0.13	0	0.305	0	0	0
2.944	-30.823418	399.128235	-15.496449	0.19603	0	-0.408923	6.00E-06	0.780679	5.00E-06	0	0	0	-0.13	0	0.305	0	0	0
2.945	-30.817644	397.060364	-15.496449	0.196068	0	-0.409362	1.10E-05	0.780679	3.00E-06	0	0	0	-0.13	0	0.305	0	0	0
2.946	-29.493458	394.983276	-13.694126	0.19603	0	-0.409362	1.10E-05	0.671099	3.00E-06	0	0	0	-0.13	0	0.305	0	0	0
2.947	-29.416327	394.827057	-13.694126	0.196019	0	-0.409716	1.20E-05	0.671099	3.00E-06	0	0	0	-0.13	0	0.305	0	0	0
2.948	-29.413441	392.571381	-13.850746	0.195957	0	-0.41008	1.30E-05	0.663016	5.00E-06	0	0	0	-0.13	0	0.305	0	0	0
2.949	-29.25774	392.061859	-13.850746	0.195957	0	-0.41008	1.30E-05	0.663016	2.00E-06	0	0	0	-0.13	0	0.305	0	0	0
2.95	-28.55636	391.887085	-13.302067	0.195957	0	-0.408995	6.00E-06	0.57717	2.00E-06	0	0	0	-0.13	0	0.305	0	0	0
2.951	-28.55636	391.035431	-12.518604	0.195768	0	-0.408995	6.00E-06	0.57717	2.00E-06	0	0	0	-0.13	0	0.305	0	0	0
2.952	-28.55636	387.234131	-12.048458	0.195768	0	-0.409461	6.00E-06	0.706374	2.00E-06	0	0	0	-0.13	0	0.305	0	0	0
2.953	-28.324972	386.552948	-11.813347	0.195714	0	-0.409867	6.00E-06	0.706374	1.00E-06	0	0	0	-0.13	0	0.305	0	0	0
2.954	-28.089975	385.3302	-11.186462	0.195714	0	-0.41055	6.00E-06	0.619954	0	0	0	0	-0.13	0	0.305	0	0	0
2.955	-27.234335	384.650208	-11.029839	0.195714	0	-0.41055	8.00E-06	0.619954	0	0	0	0	-0.13	0	0.305	0	0	0
2.956	-27.234335	384.294556	-10.324463	0.195602	0	-0.409386	8.00E-06	0.587764	2.00E-06	0	0	0	-0.13	0	0.305	0	0	0
2.957	-27.467888	381.214172	-9.61945	0.195602	0	-0.409386	1.00E-05	0.634364	4.00E-06	0	0	0	-0.13	0	0.305	0	0	0
2.958	-27.467888	378.963501	-9.071053	0.19555	0	-0.409752	1.00E-05	0.634364	4.00E-06	0	0	0	-0.13	0	0.305	0	0	0
2.959	-27.31435	378.452423	-8.91415	0.195444	0	-0.410036	1.10E-05	0.731621	4.00E-06	0	0	0	-0.13	0	0.305	0	0	0
2.96	-27.000061	376.371826	-8.522579	0.195403	0	-0.41102	1.10E-05	0.731621	3.00E-06	0	0	0	-0.13	0	0.305	0	0	0
2.961	-26.531511	375.690247	-8.130642	0.195403	0	-0.41102	1.00E-05	0.581693	3.00E-06	0	0	0	-0.13	0	0.305	0	0	0
2.962	-26.531511	374.136139	-7.73875	0.195507	0	-0.411316	5.00E-06	0.581693	3.00E-06	0	0	0	-0.13	0	0.305	0	0	0
2.963	-26.531511	372.240356	-6.955364	0.195579	0	-0.410709	7.00E-06	0.668816	3.00E-06	0	0	0	-0.13	0	0.305	0	0	0
2.964	-26.765789	371.553406	-6.48518	0.195507	0	-0.410709	7.00E-06	0.668816	4.00E-06	0	0	0	-0.13	0	0.305	0	0	0
2.965	-26.145866	368.783508	-6.406769	0.194794	0	-0.410709	7.00E-06	0.714734	4.00E-06	0	0	0	-0.13	0	0.305	0	0	0
2.966	-25.908703	367.077454	-5.310024	0.194794	0	-0.411562	8.00E-06	0.59224	5.00E-06	0	0	0	-0.13	0	0.305	0	0	0
2.967	-25.908703	367.077454	-5.153282	0.195162	0	-0.411736	1.00E-05	0.668426	4.00E-06	0	0	0	-0.13	0	0.305	0	0	0
2.968	-25.986555	365.692719	-5.153156	0.195188	0	-0.411736	1.00E-05	0.647246	6.00E-06	0	0	0	-0.13	0	0.305	0	0	0
2.969	-25.986555	364.676361	-4.683136	0.195188	0	-0.411452	7.00E-06	0.647246	3.00E-06	0	0	0	-0.13	0	0.305	0	0	0
2.97	-25.596581	363.459412	-3.664356	0.194829	0	-0.411452	3.00E-06	0.647246	3.00E-06	0	0	0	-0.13	0	0.305	0	0	0
2.971	-25.596581	362.77243	-3.116043	0.19459	0	-0.411531	1.00E-06	0.673035	3.00E-06	0	0	0	-0.13	0	0.305	0	0	0
2.972	-25.596581	360.177673	-3.037712	0.194454	0	-0.411679	1.00E-06	0.727741	4.00E-06	0	0	0	-0.13	0	0.305	0	0	0
2.973	-25.598743	359.314453	-2.645779	0.19459	0	-0.412248	1.00E-06	0.727741	4.00E-06	0	0	0	-0.13	0	0.305	0	0	0
2.974	-25.363026	358.980774	-2.489319	0.19408	0	-0.412272	6.00E-06	0.711261	3.00E-06	0	0	0	-0.13	0	0.305	0	0	0
2.975	-24.972328	358.293457	-1.627239	0.194635	0	-0.412272	1.00E-06	0.616241	3.00E-06	0	0	0	-0.13	0	0.305	0	0	0
2.976	-24.972328	357.940491	-0.687031	0.194671	0	-0.411075	6.00E-06	0.616241	1.00E-06	0	0	0	-0.13	0	0.305	0	0	0
2.977	-24.895201	355.035645	-0.530411	0.194671	0	-0.411075	3.00E-06	0.634563	5.00E-06	0	0	0	-0.13	0	0.305	0	0	0
2.978	-24.895201	351.921326	-0.373711	0.194434	0	-0.411827	6.00E-06	0.678137	2.00E-06	0	0	0	-0.13	0	0.305	0	0	0
2.979	-24.660923	351.414856	-0.217007	0.194434	0	-0.412565	8.00E-06	0.706462	4.00E-06	0	0	0	-0.13	0	0.305	0	0	0
2.98	-24.271667	350.371857	0.879902	0.194409	0	-0.412172	8.00E-06	0.678137	2.00E-06	0	0	0	-0.13	0	0.305	0	0	0
2.981	-24.271667	348.3125	1.506989	0.194553	0	-0.412487	7.00E-06	0.685139	4.00E-06	0	0	0	-0.13	0	0.305	0	0	0
2.982	-24.429535	347.110199	1.663609	0.19452	0	-0.412487	4.00E-06	0.685139	7.00E-06	0	0	0	-0.13	0	0.305	0	0	0
2.983	-24.429535	345.904053	1.741978	0.19452	0	-0.412487	4.00E-06	0.685139	7.00E-06	0	0	0	-0.13	0	0.305	0	0	0
2.984	-24.041725	344.019806	1.820229	0.19452	0	-0.412213	7.00E-06	0.751431	3.00E-06	0	0	0	-0.13	0	0.305	0	0	0
2.985	-24.041725	343.835052	2.447079	0.194512	0	-0.412213	1.00E-05	0.703225	3.00E-06	0	0	0	-0.13	0	0.305	0	0	0
2.986	-24.041725	340.739655	2.603939	0.194799	0	-0.41313	7.00E-06	0.703225	6.00E-06	0	0	0	-0.13	0	0.305	0	0	0
2.987	-23.884579	340.572205	3.700687	0.194799	0	-0.41313	7.00E-06	0.703225	6.00E-06	0	0	0	-0.13	0	0.305	0	0	0
2.988	-23.884579	339.378052	4.014088	0.194799	0	-0.411921	4.00E-06	0.775605	4.00E-06	0	0	0	-0.13	0	0.305	0	0	0
2.989	-23.884579	338.696503	4.719101	0.195028	0	-0.41136	7.00E-06	0.775605	4.00E-06	0	0	0	-0.13	0	0.305	0	0	0
2.99	-23.490274	337.996765	4.954254	0.194873	0	-0.411278	7.00E-06	0.814847	2.00E-06	0	0	0	-0.13	0	0.305	0	0	0
2.991	-23.413143	336.457001	4.954296	0.194873	0	-0.411278	7.00E-06	0.691256	6.00E-06	0	0	0	-0.13	0	0.305	0	0	0
2.992	-23.413143	334.030396	5.189285	0.194873	0	-0.411278	6.00E-06	0.691256	5.00E-06	0	0	0	-0.13	0	0.305	0	0	0
2.993	-23.805286	333.194946	5.581142	0.195062	0	-0.411588	6.00E-06	0.691256	5.00E-06	0	0	0	-0.13	0	0.305	0	0	0
2.994	-23.805286	333.194946	5.737923	0.195062	0	-0.411127	8.00E-06	0.70914	5.00E-06	0	0	0	-0.13	0	0.305	0	0	0
2.995	-23.337458	332.675415	6.521309	0.195074	0	-0.410941	9.00E-06	0.70914	1.00E-06	0	0	0	-0.13	0	0.305	0	0	0
2.996	-23.337458	332.675415	6.521309	0.195047	0	-0.410119	9.00E-06	0.51792	-1.00E-06	0	0	0	-0.13	0	0.305	0	0	0
2.997	-23.647421	330.626068	6.286118	0.195047	0	-0.410119	8.00E-06	0.51792	-1.00E-06	0	0	0	-0.13	0	0.305	0	0	0
2.998	-23.647421	328.19986	6.286118	0.194945	0	-0.410399	5.00E-06	0.622985	0	0	0	0	-0.13	0	0.305	0	0	0
2.999	-23.647421	328.19986	6.286118	0.194882	0	-0.410584	5.00E-06	0.712497	2.00E-06	0	0	0	-0.13	0	0.305	0	0	0
3	-23.647421	327.880127	6.286118	0.194882	0	-0.410399	-2.00E-06	0.72357	2.00E-06	0	0	0	-0.13	0	0.305	0	0	0
3.001	-23.726711	327.880127	6.286076	0.195437	0	-0.409312	3.00E-06	0.72357	2.00E-06	0	0	0	-0.13	0	0.305	0	0	0
3.002	-23.726711	327.536438	6.207825	0.196218	0	-0.409241	3.00E-06	0.72357	4.00E-06	0	0	0	-0.13	0	0.305	0	0	0
3.003	-23.804564	327.034576	6.050846	0.196218	0	-0.409241	6.00E-06	0.827266	4.00E-06	0	0	0	-0.13	0	0.305	0	0	0
3.004	-23.883139	325.475159	6.050846	0.195536	0	-0.40876	6.00E-06	0.827266	4.00E-06	0	0	0	-0.13	0	0.305	0	0	0
3.005	-23.958099	325.475159	6.050846	0.195536	0	-0.40876	6.00E-06	0.827266	5.00E-06	0	0	0	-0.13	0	0.305	0	0	0
3.006	-24.113802	325.319336	5.580456	0.195536	0	-0.409421	2.00E-06	0.827953	3.00E-06	0	0	0	-0.13	0	0.305	0	0	0
3.007	-24.113802	325.309265	5.423878	0.196235	0	-0.409421	5.00E-06	0.827953	4.00E-06	0	0	0	-0.13	0	0.305	0	0	0
3.008	-24.113802	325.309265	4.953938	0.196235	0	-0.408965	5.00E-06	0.740205	3.00E-06	0	0	0	-0.13	0	0.305	0	0	0
3.009	-23.955215	325.485931	4.875244	0.196623	0	-0.408965	8.00E-06	0.73272	4.00E-06	0	0	0	-0.13	0	0.305	0	0	0
3.01	-23.95594	325.485931	4.718582	0.196623	0	-0.408425	8.00E-06	0.740205	5.00E-06	0	0	0	-0.13	0	0.305	0	0	0
3.011	-23.95594	325.334351	4.248276	0.196423	0	-0.408019	5.00E-06	0.793451	5.00E-06	0	0	0	-0.13	0	0.305	0	0	0
3.012	-24.503056	324.630035	3.699722	0.195885	0	-0.408019	5.00E-06	0.793451	4.00E-06	0	0	0	-0.13	0	0.305	0	0	0
3.013	-24.503056	322.915497	3.386356	0.195885	0	-0.408647	7.00E-06	0.769683	4.00E-06	0	0	0	-0.13	0	0.305	0	0	0
3.014	-24.419436	322.915497	3.386356	0.196151	0	-0.408647	9.00E-06	0.708974	4.00E-06	0	0	0	-0.13	0	0.305	0	0	0
3.015	-24.419436	322.048767	2.994705	0.196151	0	-0.408778	9.00E-06	0.708974	4.00E-06	0	0	0	-0.13	0	0.305	0	0	0
3.016	-24.811575	319.302429	2.837841	0.196031	0	-0.408472	4.00E-06	0.767125	2.00E-06	0	0	0	-0.13	0	0.305	0	0	0
3.017	-24.967278	319.302429	2.5242	0.196031	0	-0.407967	3.00E-06	0.832766	2.00E-06	0	0	0	-0.13	0	0.305	0	0	0
3.018	-24.967278	320.519775	2.132465	0.195912	0	-0.407756	4.00E-06	0.832766	4.00E-06	0	0	0	-0.13	0	0.305	0	0	0
3.019	-24.967278	320.519775	2.132465	0.195837	0	-0.407967	5.00E-06	0.832766	4.00E-06	0	0	0	-0.13	0	0.305	0	0	0
3.02	-25.512234	319.491821	1.897514	0.195837	0	-0.408164	6.00E-06	0.802889	4.00E-06	0	0	0	-0.13	0	0.305	0	0	0
3.021	-25.512234	319.136963	2.054134	0.196209	0	-0.408164	6.00E-06	0.802889	4.00E-06	0	0	0	-0.13	0	0.305	0	0	0
3.022	-25.432941	316.570007	2.054054	0.196209	0	-0.408077	5.00E-06	0.778924	3.00E-06	0	0	0	-0.13	0	0.305	0	0	0
3.023	-25.432941	315.70636	2.054054	0.195881	0	-0.408077	5.00E-06	0.778924	4.00E-06	0	0	0	-0.13	0	0.305	0	0	0
3.024	-25.357256	314.326233	2.054054	0.195869	0	-0.407922	5.00E-06	0.9162	4.00E-06	0	0	0	-0.13	0	0.305	0	0	0
3.025	-25.357256	314.163116	2.837479	0.195881	0	-0.407922	4.00E-06	0.9162	4.00E-06	0	0	0	-0.13	0	0.305	0	0	0
3.026	-24.73156	314.16156	2.837479	0.195869	0	-0.407922	3.00E-06	0.838652	4.00E-06	0	0	0	-0.13	0	0.305	0	0	0
3.027	-24.73156	313.300995	2.837479	0.195547	0	-0.407974	4.00E-06	0.757769	3.00E-06	0	0	0	-0.13	0	0.305	0	0	0
3.028	-24.889427	309.340027	3.307663	0.195547	0	-0.408449	6.00E-06	0.838652	2.00E-06	0	0	0	-0.13	0	0.305	0	0	0
3.029	-24.889427	308.309387	3.307663	0.195566	0	-0.408449	6.00E-06	0.880029	3.00E-06	0	0	0	-0.13	0	0.305	0	0	0
3.03	-24.8123	307.973816	4.561356	0.195737	0	-0.407948	6.00E-06	0.880029	2.00E-06	0	0	0	-0.13	0	0.305	0	0	0
3.031	-24.498007	307.973816	4.639606	0.195778	0	-0.406938	3.00E-06	0.805646	4.00E-06	0	0	0	-0.13	0	0.305	0	0	0
3.032	-24.498007	305.042358	4.639606	0.195778	0	-0.406938	3.00E-06	0.798033	2.00E-06	0	0	0	-0.13	0	0.305	0	0	0
3.033	-24.575138	304.35498	5.423275	0.195966	0	-0.408127	3.00E-06	0.798033	4.00E-06	0	0	0	-0.13	0	0.305	0	0	0
3.034	-24.575138	301.249908	5.109829	0.195868	0	-0.408127	5.00E-06	0.819908	2.00E-06	0	0	0	-0.13	0	0.305	0	0	0
3.035	-24.343029	300.750793	5.423195	0.19595	0	-0.409095	4.00E-06	0.829129	4.00E-06	0	0	0	-0.13	0	0.305	0	0	0
3.036	-24.343029	299.014648	5.423195	0.195868	0	-0.407897	4.00E-06	0.874732	2.00E-06	0	0	0	-0.13	0	0.305	0	0	0
3.037	-24.343029	296.964539	6.28503	0.19595	0	-0.407897	4.00E-06	0.874732	4.00E-06	0	0	0	-0.13	0	0.305	0	0	0
3.038	-24.109476	296.279877	6.598595	0.195584	0	-0.407897	1.00E-06	0.844607	2.00E-06	0	0	0	-0.13	0	0.305	0	0	0
3.039	-23.797348	294.19928	6.676846	0.195905	0	-0.408266	1.00E-06	0.844607	3.00E-06	0	0	0	-0.13	0	0.305	0	0	0
3.04	-23.720222	294.032654	6.911995	0.195905	0	-0.408266	3.00E-06	0.846199	2.00E-06	0	0	0	-0.13	0	0.305	0	0	0
3.041	-23.720222	293.00589	7.538799	0.195905	0	-0.408018	3.00E-06	0.858748	3.00E-06	0	0	0	-0.13	0	0.305	0	0	0
3.042	-23.56596	290.764832	7.930614	0.195861	0	-0.407842	3.00E-06	0.858987	2.00E-06	0	0	0	-0.13	0	0.305	0	0	0
3.043	-23.56596	289.568726	8.32243	0.195861	0	-0.408018	-2.00E-06	0.858748	3.00E-06	0	0	0	-0.13	0	0.305	0	0	0
3.044	-23.56596	289.219666	8.557381	0.195861	0	-0.407269	-2.00E-06	0.886745	2.00E-06	0	0	0	-0.13	0	0.305	0	0	0
3.045	-23.408092	287.329224	8.714123	0.195882	0	-0.407269	3.00E-06	0.790858	2.00E-06	0	0	0	-0.13	0	0.305	0	0	0
3.046	-23.644535	286.300537	8.792412	0.196014	0	-0.407269	3.00E-06	0.886025	2.00E-06	0	0	0	-0.13	0	0.305	0	0	0
3.047	-23.720942	283.718079	8.792412	0.196014	0	-0.408511	3.00E-06	0.70729	2.00E-06	0	0	0	-0.13	0	0.305	0	0	0
3.048	-23.720942	281.312378	8.792412	0.195915	0	-0.408511	4.00E-06	0.860368	2.00E-06	0	0	0	-0.13	0	0.305	0	0	0
3.049	-23.798073	281.312378	9.576	0.195915	0	-0.405759	4.00E-06	0.860368	2.00E-06	0	0	0	-0.13	0	0.305	0	0	0
3.05	-23.800236	280.118958	10.280975	0.195948	0	-0.405759	5.00E-06	0.985037	2.00E-06	0	0	0	-0.13	0	0.305	0	0	0
3.051	-23.800236	278.901978	10.516087	0.195971	0	-0.40668	5.00E-06	0.985037	3.00E-06	0	0	0	-0.13	0	0.305	0	0	0
3.052	-23.408817	276.155273	10.359425	0.195971	0	-0.406714	6.00E-06	0.889822	3.00E-06	0	0	0	-0.13	0	0.305	0	0	0
3.053	-23.408817	274.612396	10.672749	0.196637	0	-0.406714	7.00E-06	0.883481	4.00E-06	0	0	0	-0.13	0	0.305	0	0	0
3.054	-23.801678	271.52005	11.221302	0.196637	0	-0.407027	6.00E-06	0.883481	3.00E-06	0	0	0	-0.13	0	0.305	0	0	0
3.055	-24.111641	270.828094	11.221302	0.196349	0	-0.407031	5.00E-06	0.960468	4.00E-06	0	0	0	-0.13	0	0.305	0	0	0
3.056	-24.193817	267.90509	11.299675	0.196271	0	-0.407137	5.00E-06	1.104973	2.00E-06	0	0	0	-0.13	0	0.305	0	0	0
3.057	-24.193817	266.009277	11.456253	0.19605	0	-0.407137	5.00E-06	1.104973	1.00E-06	0	0	0	-0.13	0	0.305	0	0	0
3.058	-23.881695	264.813904	11.456253	0.19605	0	-0.407137	7.00E-06	1.092452	1.00E-06	0	0	0	-0.13	0	0.305	0	0	0
3.059	-23.881695	263.77359	11.612995	0.196236	0	-0.407717	8.00E-06	1.010877	4.00E-06	0	0	0	-0.13	0	0.305	0	0	0
3.06	-24.03595	261.187317	12.004929	0.197095	0	-0.407717	8.00E-06	1.010877	4.00E-06	0	0	0	-0.13	0	0.305	0	0	0
3.061	-24.112362	257.931488	12.239677	0.196975	0	-0.407567	7.00E-06	1.002846	4.00E-06	0	0	0	-0.13	0	0.305	0	0	0
3.062	-24.112362	256.931305	12.239677	0.196975	0	-0.407567	6.00E-06	1.002846	3.00E-06	0	0	0	-0.13	0	0.305	0	0	0
3.063	-24.112362	256.374329	12.239677	0.196616	0	-0.407898	4.00E-06	1.062513	3.00E-06	0	0	0	-0.13	0	0.305	0	0	0
3.064	-24.270948	255.692352	11.926399	0.19625	0	-0.40804	3.00E-06	1.085938	3.00E-06	0	0	0	-0.13	0	0.305	0	0	0
3.065	-23.721661	254.135223	11.926399	0.196616	0	-0.407898	3.00E-06	1.062513	2.00E-06	0	0	0	-0.13	0	0.305	0	0	0
3.066	-23.640205	252.437286	12.631493	0.196988	0	-0.407225	6.00E-06	0.829236	2.00E-06	0	0	0	-0.13	0	0.305	0	0	0
3.067	-23.640205	248.988525	12.631493	0.197071	0	-0.407225	7.00E-06	0.829236	1.00E-06	0	0	0	-0.13	0	0.305	0	0	0
3.068	-23.800957	248.303085	12.396259	0.197071	0	-0.408128	6.00E-06	1.100686	2.00E-06	0	0	0	-0.13	0	0.305	0	0	0
3.069	-23.800957	244.703949	12.31797	0.19704	0	-0.408128	4.00E-06	1.100686	2.00E-06	0	0	0	-0.13	0	0.305	0	0	0
3.07	-24.269505	242.795013	12.31797	0.196396	0	-0.40769	2.00E-06	1.081736	2.00E-06	0	0	0	-0.13	0	0.305	0	0	0
3.071	-23.405209	242.795013	12.709743	0.196396	0	-0.40769	1.00E-06	0.975388	3.00E-06	0	0	0	-0.13	0	0.305	0	0	0
3.072	-23.800957	239.02034	13.414837	0.196396	0	-0.40769	1.00E-06	1.063534	2.00E-06	0	0	0	-0.13	0	0.305	0	0	0
3.073	-23.800957	238.153976	13.571217	0.196244	0	-0.406669	2.00E-06	1.063534	4.00E-06	0	0	0	-0.13	0	0.305	0	0	0
3.074	-23.800957	236.797791	13.571217	0.196244	0	-0.406669	3.00E-06	1.122219	2.00E-06	0	0	0	-0.13	0	0.305	0	0	0
3.075	-23.721661	233.171249	13.571217	0.196244	0	-0.407508	3.00E-06	1.161923	2.00E-06	0	0	0	-0.13	0	0.305	0	0	0
3.076	-23.720942	230.947922	13.492966	0.196165	0	-0.407508	8.00E-06	1.122219	2.00E-06	0	0	0	-0.13	0	0.305	0	0	0
3.077	-23.409538	230.59465	13.492966	0.195733	0	-0.406845	5.00E-06	1.120428	2.00E-06	0	0	0	-0.13	0	0.305	0	0	0
3.078	-23.174541	227.502304	13.493092	0.195733	0	-0.40654	5.00E-06	1.03848	2.00E-06	0	0	0	-0.13	0	0.305	0	0	0
3.079	-23.174541	224.932251	14.589638	0.196572	0	-0.406845	2.00E-06	1.03848	2.00E-06	0	0	0	-0.13	0	0.305	0	0	0
3.08	-23.174541	221.314911	14.589638	0.196591	0	-0.406311	2.00E-06	1.086744	0	0	0	0	-0.13	0	0.305	0	0	0
3.081	-23.174541	220.140076	15.05994	0.196591	0	-0.406311	4.00E-06	1.086744	0	0	0	0	-0.13	0	0.305	0	0	0
3.082	-23.018839	219.767029	15.138069	0.196591	0	-0.406207	4.00E-06	1.086744	2.00E-06	0	0	0	-0.13	0	0.305	0	0	0
3.083	-22.548847	218.906494	15.294811	0.196433	0	-0.406207	4.00E-06	1.144676	3.00E-06	0	0	0	-0.13	0	0.305	0	0	0
3.084	-22.548126	214.275497	15.373024	0.196433	0	-0.406335	2.00E-06	1.144676	3.00E-06	0	0	0	-0.13	0	0.305	0	0	0
3.085	-22.470997	211.866302	15.373142	0.196604	0	-0.406335	2.00E-06	1.122371	2.00E-06	0	0	0	-0.13	0	0.305	0	0	0
3.086	-22.470997	211.701981	16.313267	0.197139	0	-0.405723	0.00E+00	1.121767	2.00E-06	0	0	0	-0.13	0	0.305	0	0	0
3.087	-22.236	210.848816	16.313267	0.197366	0	-0.403876	1.00E-06	1.090579	2.00E-06	0	0	0	-0.13	0	0.305	0	0	0
3.088	-22.472441	208.275238	16.156487	0.197366	0	-0.403676	1.00E-06	1.121767	2.00E-06	0	0	0	-0.13	0	0.305	0	0	0
3.089	-22.236	206.39566	16.15633	0.197477	0	-0.403676	6.00E-06	1.090579	2.00E-06	0	0	0	-0.13	0	0.305	0	0	0
3.09	-22.547403	205.689774	15.999546	0.198587	0	-0.402315	6.00E-06	1.089411	2.00E-06	0	0	0	-0.13	0	0.305	0	0	0
3.091	-22.547403	203.301392	15.999546	0.198587	0	-0.402315	6.00E-06	1.089411	2.00E-06	0	0	0	-0.13	0	0.305	0	0	0
3.092	-22.624535	201.574493	16.234337	0.198856	0	-0.402315	0.00E+00	1.119657	2.00E-06	0	0	0	-0.13	0	0.305	0	0	0
3.093	-22.701664	199.200043	16.234337	0.198901	0	-0.400891	0.00E+00	1.174457	2.00E-06	0	0	0	-0.13	0	0.305	0	0	0
3.094	-23.248787	198.668121	15.842522	0.198901	0	-0.400053	0	1.174457	2.00E-06	0	0	0	-0.13	0	0.305	0	0	0
3.095	-23.48378	196.436325	15.293926	0.198233	0	-0.400053	3.00E-06	1.254828	2.00E-06	0	0	0	-0.13	0	0.305	0	0	0
3.096	-23.325912	193.361786	15.137264	0.198233	0	-0.400053	5.00E-06	1.254828	1.00E-06	0	0	0	-0.13	0	0.305	0	0	0
3.097	-23.325912	191.289246	14.745533	0.198995	0	-0.398518	7.00E-06	1.178617	2.00E-06	0	0	0	-0.13	0	0.305	0	0	0
3.098	-23.011623	191.124954	14.666962	0.199402	0	-0.397443	5.00E-06	1.103531	1.00E-06	0	0	0	-0.13	0	0.305	0	0	0
3.099	-23.011623	188.742004	14.5103	0.200029	0	-0.397443	7.00E-06	1.178617	2.00E-06	0	0	0	-0.13	0	0.305	0	0	0
3.1	-23.245176	188.375549	13.961624	0.200067	0	-0.395664	4.00E-06	1.105938	2.00E-06	0	0	0	-0.13	0	0.305	0	0	0
3.101	-23.245176	186.154984	13.64822	0.200732	0	-0.394876	4.00E-06	1.109958	2.00E-06	0	0	0	-0.13	0	0.305	0	0	0
3.102	-23.245176	186.154984	13.412991	0.200939	0	-0.394184	1.00E-06	1.109958	2.00E-06	0	0	0	-0.13	0	0.305	0	0	0
3.103	-22.853756	185.994904	13.256248	0.200939	0	-0.392932	1.00E-06	1.155966	2.00E-06	0	0	0	-0.13	0	0.305	0	0	0
3.104	-22.77446	184.114105	12.629238	0.201146	0	-0.392932	3.00E-06	1.155966	2.00E-06	0	0	0	-0.13	0	0.305	0	0	0
3.105	-22.38232	183.619629	12.47258	0.202267	0	-0.392932	3.00E-06	1.058755	2.00E-06	0	0	0	-0.13	0	0.305	0	0	0
3.106	-22.38232	182.755219	12.394085	0.202267	0	-0.391199	2.00E-06	1.058755	2.00E-06	0	0	0	-0.13	0	0.305	0	0	0
3.107	-22.38232	182.755219	12.394047	0.202199	0	-0.391063	1.00E-06	1.047173	2.00E-06	0	0	0	-0.13	0	0.305	0	0	0
3.108	-22.618038	181.401001	11.218525	0.202199	0	-0.388757	2.00E-06	1.117075	2.00E-06	0	0	0	-0.13	0	0.305	0	0	0
3.109	-22.301586	180.018951	11.061783	0.202158	0	-0.387415	3.00E-06	1.035428	2.00E-06	0	0	0	-0.13	0	0.305	0	0	0
3.11	-22.301586	179.335846	10.51339	0.202489	0	-0.387415	3.00E-06	1.022297	1.00E-06	0	0	0	-0.13	0	0.305	0	0	0
3.111	-21.988016	177.804153	10.199703	0.202576	0	-0.386816	1.00E-06	0.997909	0	0	0	0	-0.13	0	0.305	0	0	0
3.112	-21.988016	177.27803	9.886665	0.203366	0	-0.3859	1.00E-06	0.997909	0	0	0	0	-0.13	0	0.305	0	0	0
3.113	-21.988016	176.604935	9.572659	0.203366	0	-0.385317	2.00E-06	1.030602	1.00E-06	0	0	0	-0.13	0	0.305	0	0	0
3.114	-21.988016	176.448746	9.494572	0.203857	0	-0.382623	2.00E-06	1.030602	1.00E-06	0	0	0	-0.13	0	0.305	0	0	0
3.115	-21.987293	175.937668	8.945976	0.203857	0	-0.382072	2.00E-06	1.030602	1.00E-06	0	0	0	-0.13	0	0.305	0	0	0
3.116	-21.83087	175.592438	8.945976	0.203705	0	-0.382072	3.00E-06	0.997873	1.00E-06	0	0	0	-0.13	0	0.305	0	0	0
3.117	-21.83087	175.264984	8.867443	0.203705	0	-0.380301	5.00E-06	1.011088	1.00E-06	0	0	0	-0.13	0	0.305	0	0	0
3.118	-21.83087	173.874069	8.554043	0.204376	0	-0.379987	5.00E-06	0.936598	1.00E-06	0	0	0	-0.13	0	0.305	0	0	0
3.119	-22.298698	171.826279	8.475548	0.205049	0	-0.379575	4.00E-06	1.011088	1.00E-06	0	0	0	-0.13	0	0.305	0	0	0
3.12	-23.002964	170.639404	7.926872	0.205083	0	-0.378951	3.00E-06	1.191008	1.00E-06	0	0	0	-0.13	0	0.305	0	0	0
3.121	-23.002964	170.120987	7.848381	0.205083	0	-0.37828	1.00E-06	1.191008	2.00E-06	0	0	0	-0.13	0	0.305	0	0	0
3.122	-22.922947	169.957092	7.299988	0.205234	0	-0.376009	1.00E-06	1.087083	2.00E-06	0	0	0	-0.13	0	0.305	0	0	0
3.123	-22.608658	169.957092	6.986626	0.205338	0	-0.376009	4.00E-06	1.067367	1.00E-06	0	0	0	-0.13	0	0.305	0	0	0
3.124	-22.608658	169.279022	6.829681	0.205466	0	-0.374914	6.00E-06	1.053014	1.00E-06	0	0	0	-0.13	0	0.305	0	0	0
3.125	-23.233631	168.07785	6.75135	0.2056	0	-0.374914	6.00E-06	1.067367	1.00E-06	0	0	0	-0.13	0	0.305	0	0	0
3.126	-23.233631	168.07785	6.437946	0.206409	0	-0.373584	6.00E-06	1.053014	1.00E-06	0	0	0	-0.13	0	0.305	0	0	0
3.127	-23.077208	166.55925	6.046093	0.206409	0	-0.371866	3.00E-06	1.037416	2.00E-06	0	0	0	-0.13	0	0.305	0	0	0
3.128	-22.921505	165.888184	5.889313	0.206104	0	-0.37137	3.00E-06	0.925667	2.00E-06	0	0	0	-0.13	0	0.305	0	0	0
3.129	-22.921505	164.679657	4.870899	0.206104	0	-0.370874	1.00E-06	0.985987	2.00E-06	0	0	0	-0.13	0	0.305	0	0	0
3.13	-22.685787	164.679657	4.635704	0.206104	0	-0.368196	1.00E-06	0.872286	2.00E-06	0	0	0	-0.13	0	0.305	0	0	0
3.131	-22.216516	163.813751	4.244053	0.206841	0	-0.368196	3.00E-06	0.853624	2.00E-06	0	0	0	-0.13	0	0.305	0	0	0
3.132	-21.827984	163.499008	3.617165	0.207644	0	-0.364744	3.00E-06	0.853624	1.00E-06	0	0	0	-0.13	0	0.305	0	0	0
3.133	-21.514416	163.495941	3.538754	0.207765	0	-0.363919	3.00E-06	0.881372	1.00E-06	0	0	0	-0.13	0	0.305	0	0	0
3.134	-21.514416	159.04393	2.911827	0.20857	0	-0.362472	3.00E-06	0.905164	3.00E-06	0	0	0	-0.13	0	0.305	0	0	0
3.135	-21.126602	158.700256	2.911827	0.20857	0	-0.361333	4.00E-06	0.896432	3.00E-06	0	0	0	-0.13	0	0.305	0	0	0
3.136	-20.578039	158.182236	2.990158	0.208246	0	-0.360844	4.00E-06	0.896432	1.00E-06	0	0	0	-0.13	0	0.305	0	0	0
3.137	-20.344486	157.15741	2.990158	0.208246	0	-0.35961	4.00E-06	0.896432	1.00E-06	0	0	0	-0.13	0	0.305	0	0	0
3.138	-20.344486	156.652084	2.520012	0.209571	0	-0.358086	4.00E-06	0.823135	1.00E-06	0	0	0	-0.13	0	0.305	0	0	0
3.139	-20.344486	155.450195	2.441845	0.209656	0	-0.357214	2.00E-06	0.83271	2.00E-06	0	0	0	-0.13	0	0.305	0	0	0
3.14	-19.719513	153.91774	2.363312	0.210765	0	-0.355643	2.00E-06	0.83271	2.00E-06	0	0	0	-0.13	0	0.305	0	0	0
3.141	-18.706009	152.199371	2.128159	0.210765	0	-0.353645	4.00E-06	0.893768	2.00E-06	0	0	0	-0.13	0	0.305	0	0	0
3.142	-18.316032	152.199371	1.814716	0.209529	0	-0.352092	4.00E-06	0.928326	1.00E-06	0	0	0	-0.13	0	0.305	0	0	0
3.143	-18.316032	150.992462	1.579605	0.209529	0	-0.352092	4.00E-06	0.944111	2.00E-06	0	0	0	-0.13	0	0.305	0	0	0
3.144	-18.316032	150.652206	1.579605	0.209783	0	-0.351775	4.00E-06	0.944111	2.00E-06	0	0	0	-0.13	0	0.305	0	0	0
3.145	-18.158165	149.618881	1.814636	0.210004	0	-0.351775	2.00E-06	0.944111	2.00E-06	0	0	0	-0.13	0	0.305	0	0	0
3.146	-17.535358	149.618881	1.814636	0.212495	0	-0.348922	3.00E-06	0.935882	3.00E-06	0	0	0	-0.13	0	0.305	0	0	0
3.147	-16.364708	146.718643	1.736107	0.212495	0	-0.34754	2.00E-06	0.947797	3.00E-06	0	0	0	-0.13	0	0.305	0	0	0
3.148	-16.12899	146.022858	1.658016	0.211298	0	-0.347508	2.00E-06	0.991172	2.00E-06	0	0	0	-0.13	0	0.305	0	0	0
3.149	-15.740456	146.022858	1.266003	0.211298	0	-0.344303	0	0.991172	2.00E-06	0	0	0	-0.13	0	0.305	0	0	0
3.15	-15.740456	146.022858	1.266003	0.212769	0	-0.344303	0	0.928121	2.00E-06	0	0	0	-0.13	0	0.305	0	0	0
3.151	-15.659719	143.274567	1.344452	0.212796	0	-0.343822	1.00E-06	0.861837	1.00E-06	0	0	0	-0.13	0	0.305	0	0	0
3.152	-15.110433	143.274567	1.814598	0.213761	0	-0.342675	3.00E-06	0.835742	1.00E-06	0	0	0	-0.13	0	0.305	0	0	0
3.153	-15.110433	143.113342	1.814598	0.213761	0	-0.339419	2.00E-06	0.835742	2.00E-06	0	0	0	-0.13	0	0.305	0	0	0
3.154	-14.957616	142.950226	1.814598	0.213291	0	-0.338208	3.00E-06	0.854319	2.00E-06	0	0	0	-0.13	0	0.305	0	0	0
3.155	-14.488347	142.950226	1.736069	0.212418	0	-0.338208	2.00E-06	0.871069	1.00E-06	0	0	0	-0.13	0	0.305	0	0	0
3.156	-13.784801	143.463257	1.500912	0.213291	0	-0.338208	1.00E-06	0.904621	1.00E-06	0	0	0	-0.13	0	0.305	0	0	0
3.157	-13.781914	143.463257	1.500912	0.213532	0	-0.338399	1.00E-06	0.885577	1.00E-06	0	0	0	-0.13	0	0.305	0	0	0
3.158	-13.47051	142.951401	1.657536	0.213596	0	-0.336926	2.00E-06	0.885577	1.00E-06	0	0	0	-0.13	0	0.305	0	0	0
3.159	-13.392659	140.539841	2.441162	0.214206	0	-0.33651	2.00E-06	0.804177	1.00E-06	0	0	0	-0.13	0	0.305	0	0	0
3.16	-12.452676	139.864883	2.675991	0.21499	0	-0.33576	2.00E-06	0.804177	1.00E-06	0	0	0	-0.13	0	0.305	0	0	0
3.161	-12.142716	139.864883	2.675991	0.21499	0	-0.335506	2.00E-06	0.878683	1.00E-06	0	0	0	-0.13	0	0.305	0	0	0
3.162	-11.988457	139.864883	2.519291	0.213727	0	-0.331383	2.00E-06	0.927922	1.00E-06	0	0	0	-0.13	0	0.305	0	0	0
3.163	-11.753462	139.856796	2.2841	0.213727	0	-0.333179	2.00E-06	0.927922	1.00E-06	0	0	0	-0.13	0	0.305	0	0	0
3.164	-11.753462	138.820709	1.892403	0.214836	0	-0.333179	3.00E-06	0.927922	0	0	0	0	-0.13	0	0.305	0	0	0
3.165	-12.066308	137.452942	1.892403	0.214836	0	-0.333179	3.00E-06	0.843209	0	0	0	0	-0.13	0	0.305	0	0	0
3.166	-12.066308	136.762512	2.284218	0.215081	0	-0.331173	3.00E-06	0.843209	2.00E-06	0	0	0	-0.13	0	0.305	0	0	0
3.167	-11.98557	135.899658	3.459621	0.214517	0	-0.330271	4.00E-06	0.784809	2.00E-06	0	0	0	-0.13	0	0.305	0	0	0
3.168	-11.282745	135.899658	3.459621	0.215139	0	-0.330183	3.00E-06	0.743616	1.00E-06	0	0	0	-0.13	0	0.305	0	0	0
3.169	-11.282745	135.899658	2.44104	0.214769	0	-0.326796	3.00E-06	0.784161	1.00E-06	0	0	0	-0.13	0	0.305	0	0	0
3.17	-11.282745	135.544067	1.814198	0.214769	0	-0.326796	1.00E-06	0.743616	1.00E-06	0	0	0	-0.13	0	0.305	0	0	0
3.171	-10.970621	135.544067	1.814198	0.214769	0	-0.326796	1.00E-06	0.784161	1.00E-06	0	0	0	-0.13	0	0.305	0	0	0
3.172	-10.970621	132.121567	2.284298	0.215758	0	-0.325552	1.00E-06	0.734311	2.00E-06	0	0	0	-0.13	0	0.305	0	0	0
3.173	-10.892048	132.119995	2.284298	0.216838	0	-0.325552	0.00E+00	0.860823	2.00E-06	0	0	0	-0.13	0	0.305	0	0	0
3.174	-10.577757	130.913849	1.187065	0.216838	0	-0.323691	2.00E-06	0.860998	2.00E-06	0	0	0	-0.13	0	0.305	0	0	0
3.175	-10.348536	130.744553	0.873905	0.216817	0	-0.323691	2.00E-06	0.957306	2.00E-06	0	0	0	-0.13	0	0.305	0	0	0
3.176	-9.720676	130.744553	0.560223	0.215709	0	-0.323691	3.00E-06	0.957306	1.00E-06	0	0	0	-0.13	0	0.305	0	0	0
3.177	-9.407831	130.744553	0.325432	0.216817	0	-0.321937	2.00E-06	0.874747	0	0	0	0	-0.13	0	0.305	0	0	0
3.178	-9.09787	131.064713	0.325272	0.216839	0	-0.319837	2.00E-06	0.874747	0	0	0	0	-0.13	0	0.305	0	0	0
3.179	-9.094261	129.541901	-0.614857	0.216839	0	-0.319837	2.00E-06	0.975899	1.00E-06	0	0	0	-0.13	0	0.305	0	0	0
3.18	-9.094261	128.151398	-1.241901	0.215421	0	-0.319662	2.00E-06	0.975899	2.00E-06	0	0	0	-0.13	0	0.305	0	0	0
3.181	-8.470009	128.151398	-1.320393	0.215421	0	-0.318077	0	0.975899	2.00E-06	0	0	0	-0.13	0	0.305	0	0	0
3.182	-7.921446	131.265717	-1.633514	0.215421	0	-0.318077	0	0.982281	2.00E-06	0	0	0	-0.13	0	0.305	0	0	0
3.183	-7.530025	131.591644	-1.633717	0.216447	0	-0.319444	0.00E+00	0.991346	2.00E-06	0	0	0	-0.13	0	0.305	0	0	0
3.184	-7.373604	131.591644	-1.868988	0.216447	0	-0.319444	1.00E-06	0.991346	1.00E-06	0	0	0	-0.13	0	0.305	0	0	0
3.185	-7.295752	130.914322	-2.965698	0.217824	0	-0.319441	1.00E-06	0.973952	1.00E-06	0	0	0	-0.13	0	0.305	0	0	0
3.186	-7.060034	128.682129	-2.965698	0.217824	0	-0.319441	1.00E-06	0.973952	1.00E-06	0	0	0	-0.13	0	0.305	0	0	0
3.187	-6.202951	127.468262	-2.965618	0.216353	0	-0.319441	1.00E-06	1.056807	1.00E-06	0	0	0	-0.13	0	0.305	0	0	0
3.188	-5.970842	126.93943	-2.965618	0.216353	0	-0.32068	1.00E-06	1.084664	1.00E-06	0	0	0	-0.13	0	0.305	0	0	0
3.189	-5.970842	127.468262	-3.044107	0.216348	0	-0.319112	1.00E-06	1.09246	1.00E-06	0	0	0	-0.13	0	0.305	0	0	0
3.19	-5.030857	127.643021	-3.044107	0.21631	0	-0.317498	3.00E-06	1.09246	1.00E-06	0	0	0	-0.13	0	0.305	0	0	0
3.191	-4.952284	127.643021	-3.044107	0.21631	0	-0.317498	3.00E-06	1.09246	1.00E-06	0	0	0	-0.13	0	0.305	0	0	0
3.192	-4.405163	126.945251	-2.809198	0.216377	0	-0.317498	2.00E-06	1.065806	1.00E-06	0	0	0	-0.13	0	0.305	0	0	0
3.193	-4.405163	126.945251	-2.182514	0.216614	0	-0.314764	0.00E+00	1.171082	1.00E-06	0	0	0	-0.13	0	0.305	0	0	0
3.194	-4.250906	126.0905	-2.182514	0.216377	0	-0.314764	0	1.188848	1.00E-06	0	0	0	-0.13	0	0.305	0	0	0
3.195	-4.250906	127.290123	-2.182514	0.215255	0	-0.313045	0	1.188848	1.00E-06	0	0	0	-0.13	0	0.305	0	0	0
3.196	-3.467344	125.217621	-2.260643	0.215255	0	-0.313045	1.00E-06	1.188739	1.00E-06	0	0	0	-0.13	0	0.305	0	0	0
3.197	-3.39238	125.055649	-1.634039	0.216542	0	-0.313045	3.00E-06	1.140703	1.00E-06	0	0	0	-0.13	0	0.305	0	0	0
3.198	-3.078812	122.629021	-1.633678	0.216542	0	-0.313054	3.00E-06	1.140549	1.00E-06	0	0	0	-0.13	0	0.305	0	0	0
3.199	-3.078812	121.770821	-1.633678	0.216542	0	-0.314226	3.00E-06	1.140549	1.00E-06	0	0	0	-0.13	0	0.305	0	0	0
3.2	-3.238121	121.247787	-1.555225	0.216336	0	-0.313054	3.00E-06	1.182426	1.00E-06	0	0	0	-0.13	0	0.305	0	0	0
3.201	-3.238121	120.572762	-0.928581	0.217438	0	-0.312	4.00E-06	1.200916	2.00E-06	0	0	0	-0.13	0	0.305	0	0	0
3.202	-2.848866	121.073425	-0.536888	0.216683	0	-0.312	3.00E-06	1.268026	2.00E-06	0	0	0	-0.13	0	0.305	0	0	0
3.203	-2.375988	120.572762	-0.223446	0.216683	0	-0.314304	4.00E-06	1.305945	1.00E-06	0	0	0	-0.13	0	0.305	0	0	0
3.204	-2.301023	118.658005	-0.223404	0.215721	0	-0.314304	1.00E-06	1.305945	1.00E-06	0	0	0	-0.13	0	0.305	0	0	0
3.205	-2.301023	116.937706	-0.144993	0.215721	0	-0.313592	1.00E-06	1.273968	1.00E-06	0	0	0	-0.13	0	0.305	0	0	0
3.206	-1.753902	116.937706	0.246742	0.217574	0	-0.313024	1.00E-06	1.214082	1.00E-06	0	0	0	-0.13	0	0.305	0	0	0
3.207	-1.753902	115.911285	1.030449	0.217574	0	-0.309992	2.00E-06	1.214082	1.00E-06	0	0	0	-0.13	0	0.305	0	0	0
3.208	-1.753902	114.509598	1.030449	0.216781	0	-0.309992	2.00E-06	1.234214	1.00E-06	0	0	0	-0.13	0	0.305	0	0	0
3.209	-1.049635	114.356079	1.108734	0.215082	0	-0.312861	3.00E-06	1.234214	1.00E-06	0	0	0	-0.13	0	0.305	0	0	0
3.21	-1.128208	111.24752	0.952278	0.215082	0	-0.312924	2.00E-06	1.175087	1.00E-06	0	0	0	-0.13	0	0.305	0	0	0
3.211	-0.893211	111.237892	1.108734	0.215504	0	-0.312861	1.00E-06	1.159075	1.00E-06	0	0	0	-0.13	0	0.305	0	0	0
3.212	-0.816082	109.6819	1.422264	0.215504	0	-0.31271	1.00E-06	1.159075	1.00E-06	0	0	0	-0.13	0	0.305	0	0	0
3.213	-0.816082	109.6819	1.422264	0.215504	0	-0.31271	3.00E-06	1.159075	1.00E-06	0	0	0	-0.13	0	0.305	0	0	0
3.214	-0.971064	109.001846	1.344009	0.214959	0	-0.311868	3.00E-06	1.154547	1.00E-06	0	0	0	-0.13	0	0.305	0	0	0
3.215	-0.971064	107.78067	1.344009	0.214302	0	-0.312674	3.00E-06	1.154547	1.00E-06	0	0	0	-0.13	0	0.305	0	0	0
3.216	-0.269682	105.024292	1.735744	0.214302	0	-0.311868	2.00E-06	1.134858	1.00E-06	0	0	0	-0.13	0	0.305	0	0	0
3.217	0.199589	103.473297	1.735744	0.21538	0	-0.311871	3.00E-06	1.158822	0	0	0	0	-0.13	0	0.305	0	0	0
3.218	0.199589	103.310547	1.735744	0.21596	0	-0.311871	2.00E-06	1.094049	0	0	0	0	-0.13	0	0.305	0	0	0
3.219	0.195982	100.540649	1.657612	0.216989	0	-0.311871	0	1.164706	1.00E-06	0	0	0	-0.13	0	0.305	0	0	0
3.22	0.195982	99.512711	1.422585	0.216989	0	-0.310924	0.00E+00	1.176713	1.00E-06	0	0	0	-0.13	0	0.305	0	0	0
3.221	0.5874	98.123337	1.422585	0.21659	0	-0.310924	1.00E-06	1.176713	1.00E-06	0	0	0	-0.13	0	0.305	0	0	0
3.222	0.902412	97.429405	2.049465	0.216288	0	-0.310924	1.00E-06	1.176713	1.00E-06	0	0	0	-0.13	0	0.305	0	0	0
3.223	1.367353	95.882294	2.049465	0.215588	0	-0.312947	1.00E-06	1.116399	1.00E-06	0	0	0	-0.13	0	0.305	0	0	0
3.224	1.60379	93.812866	2.049465	0.214673	0	-0.313249	1.00E-06	1.074688	2.00E-06	0	0	0	-0.13	0	0.305	0	0	0
3.225	1.841673	90.870186	1.736187	0.214673	0	-0.313249	0.00E+00	1.074688	1.00E-06	0	0	0	-0.13	0	0.305	0	0	0
3.226	1.60379	90.870186	2.049591	0.214355	0	-0.30942	1.00E-06	1.074688	1.00E-06	0	0	0	-0.13	0	0.305	0	0	0
3.227	1.914474	89.684494	2.28458	0.212214	0	-0.30838	0.00E+00	1.176627	1.00E-06	0	0	0	-0.13	0	0.305	0	0	0
3.228	2.069454	88.118095	2.28474	0.212214	0	-0.307028	1.00E-06	1.174909	1.00E-06	0	0	0	-0.13	0	0.305	0	0	0
3.229	2.226599	86.73877	2.28458	0.211544	0	-0.307028	1.00E-06	1.174909	1.00E-06	0	0	0	-0.13	0	0.305	0	0	0
3.23	2.695869	85.344345	1.893169	0.212996	0	-0.312019	1.00E-06	1.114219	1.00E-06	0	0	0	-0.13	0	0.305	0	0	0
3.231	2.855902	81.900223	1.893169	0.214144	0	-0.312019	3.00E-06	1.091136	1.00E-06	0	0	0	-0.13	0	0.305	0	0	0
3.232	2.855902	81.392632	2.050072	0.214144	0	-0.312019	3.00E-06	1.033352	1.00E-06	0	0	0	-0.13	0	0.305	0	0	0
3.233	2.775166	80.856461	2.050072	0.213101	0	-0.306323	3.00E-06	1.033352	1.00E-06	0	0	0	-0.13	0	0.305	0	0	0
3.234	2.775166	78.625839	1.893368	0.213101	0	-0.309465	2.00E-06	1.033352	1.00E-06	0	0	0	-0.13	0	0.305	0	0	0
3.235	2.849407	78.466934	1.815037	0.213101	0	-0.309386	1.00E-06	0.999306	1.00E-06	0	0	0	-0.13	0	0.305	0	0	0
3.236	3.634411	76.034943	1.815037	0.212382	0	-0.309386	2.00E-06	0.962851	1.00E-06	0	0	0	-0.13	0	0.305	0	0	0
3.237	3.634411	75.352982	1.736752	0.212382	0	-0.30781	1.00E-06	0.937893	1.00E-06	0	0	0	-0.13	0	0.305	0	0	0
3.238	3.556561	75.000839	1.580009	0.213554	0	-0.30781	1.00E-06	0.901512	1.00E-06	0	0	0	-0.13	0	0.305	0	0	0
3.239	2.930145	72.060059	1.345097	0.213554	0	-0.30781	1.00E-06	0.937893	1.00E-06	0	0	0	-0.13	0	0.305	0	0	0
3.24	2.928701	69.311813	1.031612	0.212882	0	-0.307528	1.00E-06	0.945925	1.00E-06	0	0	0	-0.13	0	0.305	0	0	0
3.241	2.928701	68.282303	0.561466	0.212286	0	-0.303894	1.00E-06	0.978177	1.00E-06	0	0	0	-0.13	0	0.305	0	0	0
3.242	3.007996	67.927475	0.405048	0.212203	0	-0.303871	1.00E-06	0.978177	1.00E-06	0	0	0	-0.13	0	0.305	0	0	0
3.243	3.007996	67.246269	0.405048	0.210872	0	-0.303871	1.00E-06	0.892708	1.00E-06	0	0	0	-0.13	0	0.305	0	0	0
3.244	2.851572	66.548874	0.326759	0.210872	0	-0.307234	1.00E-06	0.884756	1.00E-06	0	0	0	-0.13	0	0.305	0	0	0
3.245	2.227322	62.068329	0.248306	0.211169	0	-0.307234	1.00E-06	0.892708	1.00E-06	0	0	0	-0.13	0	0.305	0	0	0
3.246	2.227322	62.068329	0.013279	0.212505	0	-0.303766	2.00E-06	0.838186	1.00E-06	0	0	0	-0.13	0	0.305	0	0	0
3.247	2.224434	62.068329	-0.300087	0.211169	0	-0.302356	2.00E-06	0.945971	1.00E-06	0	0	0	-0.13	0	0.305	0	0	0
3.248	2.537283	59.13224	-0.300205	0.210863	0	-0.298135	1.00E-06	0.931957	0.00E+00	0	0	0	-0.13	0	0.305	0	0	0
3.249	2.148027	58.96714	-0.300205	0.210863	0	-0.298135	1.00E-06	0.931957	0	0	0	0	-0.13	0	0.305	0	0	0
3.25	2.148027	58.616112	-0.378376	0.212085	0	-0.304001	1.00E-06	0.831034	0	0	0	0	-0.13	0	0.305	0	0	0
3.251	2.069454	55.339409	-0.300007	0.21278	0	-0.304001	1.00E-06	0.798011	1.00E-06	0	0	0	-0.13	0	0.305	0	0	0
3.252	1.131636	55.339409	-0.534916	0.21278	0	-0.304873	1.00E-06	0.77722	1.00E-06	0	0	0	-0.13	0	0.305	0	0	0
3.253	1.131636	55.339409	-0.299843	0.21278	0	-0.301139	1.00E-06	0.757008	1.00E-06	0	0	0	-0.13	0	0.305	0	0	0
3.254	1.131636	52.061924	-0.534916	0.21302	0	-0.304873	1.00E-06	0.757008	0	0	0	0	-0.13	0	0.305	0	0	0
3.255	0.663807	51.876389	-0.221558	0.211097	0	-0.304444	1.00E-06	0.722637	0	0	0	0	-0.13	0	0.305	0	0	0
3.256	0.66453	51.364529	-0.143063	0.21302	0	-0.305621	1.00E-06	0.722637	1.00E-06	0	0	0	-0.13	0	0.305	0	0	0
3.257	0.66453	49.283543	-0.143063	0.212233	0	-0.304444	1.00E-06	0.647607	1.00E-06	0	0	0	-0.13	0	0.305	0	0	0
3.258	0.66453	47.233063	-0.221191	0.212816	0	-0.311538	1.00E-06	0.59809	1.00E-06	0	0	0	-0.13	0	0.305	0	0	0
3.259	0.037392	46.176544	-0.221191	0.212233	0	-0.307418	1.00E-06	0.647607	1.00E-06	0	0	0	-0.13	0	0.305	0	0	0
3.26	0.037392	43.941673	-0.064571	0.211691	0	-0.307418	1.00E-06	0.62796	1.00E-06	0	0	0	-0.13	0	0.305	0	0	0
3.261	0.271667	43.937431	0.01368	0.211691	0	-0.307418	0.00E+00	0.62796	0	0	0	0	-0.13	0	0.305	0	0	0
3.262	0.271667	43.418282	0.405533	0.211537	0	-0.308545	1.00E-06	0.602919	0	0	0	0	-0.13	0	0.305	0	0	0
3.263	0.195982	40.653381	0.405533	0.211537	0	-0.312001	1.00E-06	0.541986	0	0	0	0	-0.13	0	0.305	0	0	0
3.264	-0.196882	39.617718	0.484024	0.211537	0	-0.312001	1.00E-06	0.53728	0	0	0	0	-0.13	0	0.305	0	0	0
3.265	-0.666874	39.102005	0.95417	0.213758	0	-0.310941	1.00E-06	0.541986	0	0	0	0	-0.13	0	0.305	0	0	0
3.266	-0.666874	36.86097	1.032459	0.215364	0	-0.310712	1.00E-06	0.53728	0	0	0	0	-0.13	0	0.305	0	0	0
3.267	-0.744724	35.14756	1.26757	0.215364	0	-0.310941	0.00E+00	0.52685	0	0	0	0	-0.13	0	0.305	0	0	0
3.268	-0.588303	34.616051	1.26757	0.210215	0	-0.310657	0	0.52685	0	0	0	0	-0.13	0	0.305	0	0	0
3.269	-0.821856	32.884552	1.267612	0.206618	0	-0.311706	0	0.552227	1.00E-06	0	0	0	-0.13	0	0.305	0	0	0
3.27	-1.057571	31.674126	1.345901	0.209535	0	-0.322468	0	0.552227	1.00E-06	0	0	0	-0.13	0	0.305	0	0	0
3.271	-1.368256	31.488979	1.816128	0.208471	0	-0.324106	0	0.531552	1.00E-06	0	0	0	-0.13	0	0.305	0	0	0
3.272	-1.368256	30.119677	1.894455	0.208471	0	-0.324106	1.00E-06	0.507827	0.00E+00	0	0	0	-0.13	0	0.305	0	0	0
3.273	-1.5254	29.431913	2.12933	0.208471	0	-0.324106	1.00E-06	0.507827	0	0	0	0	-0.13	0	0.305	0	0	0
3.274	-0.979721	25.814594	1.894455	0.207794	0	-0.317022	1.00E-06	0.464083	0	0	0	0	-0.13	0	0.305	0	0	0
3.275	0	0	0	0.2	0	-0.3	0	0	0	0	0	0	-0.13	0	0.305	0	0	0
3.276	0	0	0	0.2	0	-0.3	0	0	0	0	0	0	-0.13	0	0.305	0	0	0
3.277	0	0	0	0.2	0	-0.3	0	0	0	0	0	0	-0.13	0	0.305	0	0	0
3.278	0	0	0	0.2	0	-0.3	0	0	0	0	0	0	-0.13	0	0.305	0	0	0
3.279	0	0	0	0.2	0	-0.3	0	0	0	0	0	0	-0.13	0	0.305	0	0	0
3.28	0	0	0	0.2	0	-0.3	0	0	0	0	0	0	-0.13	0	0.305	0	0	0
3.281	0	0	0	0.2	0	-0.3	0	0	0	0	0	0	-0.13	0	0.305	0	0	0
3.282	0	0	0	0.2	0	-0.3	0	0	0	0	0	0	-0.13	0	0.305	0	0	0
3.283	0	0	0	0.2	0	-0.3	0	0	0	0	0	0	-0.13	0	0.305	0	0	0
3.284	0	0	0	0.2	0	-0.3	0	0	0	0	0	0	-0.13	0	0.305	0	0	0
3.285	0	0	0	0.2	0	-0.3	0	0	0	0	0	0	-0.13	0	0.305	0	0	0
3.286	0	0	0	0.2	0	-0.3	0	0	0	0	0	0	-0.13	0	0.305	0	0	0
3.287	0	0	0	0.2	0	-0.3	0	0	0	0	0	0	-0.13	0	0.305	0	0	0
3.288	0	0	0	0.2	0	-0.3	0	0	0	0	0	0	-0.13	0	0.305	0	0	0
3.289	0	0	0	0.2	0	-0.3	0	0	0	0	0	0	-0.13	0	0.305	0	0	0
3.29	0	0	0	0.2	0	-0.3	0	0	0	0	0	0	-0.13	0	0.305	0	0	0
3.291	0	0	0	0.2	0	-0.3	0	0	0	0	0	0	-0.13	0	0.305	0	0	0
3.292	0	0	0	0.2	0	-0.3	0	0	0	0	0	0	-0.13	0	0.305	0	0	0
3.293	0	0	0	0.2	0	-0.3	0	0	0	0	0	0	-0.13	0	0.305	0	0	0
3.294	0	0	0	0.2	0	-0.3	0	0	0	0	0	0	-0.13	0	0.305	0	0	0
3.295	0	0	0	0.2	0	-0.3	0	0	0	0	0	0	-0.13	0	0.305	0	0	0
3.296	0	0	0	0.2	0	-0.3	0	0	0	0	0	0	-0.13	0	0.305	0	0	0
3.297	0	0	0	0.2	0	-0.3	0	0	0	0	0	0	-0.13	0	0.305	0	0	0
3.298	0	0	0	0.2	0	-0.3	0	0	0	0	0	0	-0.13	0	0.305	0	0	0
3.299	0	0	0	0.2	0	-0.3	0	0	0	0	0	0	-0.13	0	0.305	0	0	0
3.3	0	0	0	0.2	0	-0.3	0	0	0	0	0	0	-0.13	0	0.305	0	0	0
3.301	0	0	0	0.2	0	-0.3	0	0	0	0	0	0	-0.13	0	0.305	0	0	0
3.302	0	0	0	0.2	0	-0.3	0	0	0	0	0	0	-0.13	0	0.305	0	0	0
3.303	0	0	0	0.2	0	-0.3	0	0	0	0	0	0	-0.13	0	0.305	0	0	0
3.304	0	0	0	0.2	0	-0.3	0	0	0	0	0	0	-0.13	0	0.305	0	0	0
3.305	0	0	0	0.2	0	-0.3	0	0	0	0	0	0	-0.13	0	0.305	0	0	0
3.306	0	0	0	0.2	0	-0.3	0	0	0	0	0	0	-0.13	0	0.305	0	0	0
3.307	0	0	0	0.2	0	-0.3	0	0	0	0	0	0	-0.13	0	0.305	0	0	0
3.308	0	0	0	0.2	0	-0.3	0	0	0	0	0	0	-0.13	0	0.305	0	0	0
3.309	0	0	0	0.2	0	-0.3	0	0	0	0	0	0	-0.13	0	0.305	0	0	0
3.31	0	0	0	0.2	0	-0.3	0	0	0	0	0	0	-0.13	0	0.305	0	0	0
3.311	0	0	0	0.2	0	-0.3	0	0	0	0	0	0	-0.13	0	0.305	0	0	0
3.312	0	0	0	0.2	0	-0.3	0	0	0	0	0	0	-0.13	0	0.305	0	0	0
3.313	0	0	0	0.2	0	-0.3	0	0	0	0	0	0	-0.13	0	0.305	0	0	0
3.314	0	0	0	0.2	0	-0.3	0	0	0	0	0	0	-0.13	0	0.305	0	0	0
3.315	0	0	0	0.2	0	-0.3	0	0	0	0	0	0	-0.13	0	0.305	0	0	0
3.316	0	0	0	0.2	0	-0.3	0	0	0	0	0	0	-0.13	0	0.305	0	0	0
3.317	0	0	0	0.2	0	-0.3	0	0	0	0	0	0	-0.13	0	0.305	0	0	0
3.318	0	0	0	0.2	0	-0.3	0	0	0	0	0	0	-0.13	0	0.305	0	0	0
3.319	0	0	0	0.2	0	-0.3	0	0	0	0	0	0	-0.13	0	0.305	0	0	0
3.32	0	0	0	0.2	0	-0.3	0	0	0	0	0	0	-0.13	0	0.305	0	0	0
3.321	0	0	0	0.2	0	-0.3	0	0	0	0	0	0	-0.13	0	0.305	0	0	0
3.322	0	0	0	0.2	0	-0.3	0	0	0	0	0	0	-0.13	0	0.305	0	0	0
3.323	0	0	0	0.2	0	-0.3	0	0	0	0	0	0	-0.13	0	0.305	0	0	0
3.324	0	0	0	0.2	0	-0.3	0	0	0	0	0	0	-0.13	0	0.305	0	0	0
3.325	0	0	0	0.2	0	-0.3	0	0	0	0	0	0	-0.13	0	0.305	0	0	0
3.326	0	0	0	0.2	0	-0.3	0	0	0	0	0	0	-0.13	0	0.305	0	0	0
3.327	0	0	0	0.2	0	-0.3	0	0	0	0	0	0	-0.13	0	0.305	0	0	0
3.328	0	0	0	0.2	0	-0.3	0	0	0	0	0	0	-0.13	0	0.305	0	0	0
3.329	0	0	0	0.2	0	-0.3	0	0	0	0	0	0	-0.13	0	0.305	0	0	0
3.33	0	0	0	0.2	0	-0.3	0	0	0	0	0	0	-0.13	0	0.305	0	0	0
3.331	0	0	0	0.2	0	-0.3	0	0	0	0	0	0	-0.13	0	0.305	0	0	0
3.332	0	0	0	0.2	0	-0.3	0	0	0	0	0	0	-0.13	0	0.305	0	0	0
3.333	0	0	0	0.2	0	-0.3	0	0	0	0	0	0	-0.13	0	0.305	0	0	0
3.334	0	0	0	0.2	0	-0.3	0	0	0	0	0	0	-0.13	0	0.305	0	0	0
3.335	0	0	0	0.2	0	-0.3	0	0	0	0	0	0	-0.13	0	0.305	0	0	0
3.336	0	0	0	0.2	0	-0.3	0	0	0	0	0	0	-0.13	0	0.305	0	0	0
3.337	0	0	0	0.2	0	-0.3	0	0	0	0	0	0	-0.13	0	0.305	0	0	0
3.338	0	0	0	0.2	0	-0.3	0	0	0	0	0	0	-0.13	0	0.305	0	0	0
3.339	0	0	0	0.2	0	-0.3	0	0	0	0	0	0	-0.13	0	0.305	0	0	0
3.34	0	0	0	0.2	0	-0.3	0	0	0	0	0	0	-0.13	0	0.305	0	0	0
3.341	0	0	0	0.2	0	-0.3	0	0	0	0	0	0	-0.13	0	0.305	0	0	0
3.342	0	0	0	0.2	0	-0.3	0	0	0	0	0	0	-0.13	0	0.305	0	0	0
3.343	0	0	0	0.2	0	-0.3	0	0	0	0	0	0	-0.13	0	0.305	0	0	0
3.344	0	0	0	0.2	0	-0.3	0	0	0	0	0	0	-0.13	0	0.305	0	0	0
3.345	0	0	0	0.2	0	-0.3	0	0	0	0	0	0	-0.13	0	0.305	0	0	0
3.346	0	0	0	0.2	0	-0.3	0	0	0	0	0	0	-0.13	0	0.305	0	0	0
3.347	0	0	0	0.2	0	-0.3	0	0	0	0	0	0	-0.13	0	0.305	0	0	0
3.348	0	0	0	0.2	0	-0.3	0	0	0	0	0	0	-0.13	0	0.305	0	0	0
3.349	0	0	0	0.2	0	-0.3	0	0	0	0	0	0	-0.13	0	0.305	0	0	0
3.35	0	0	0	0.2	0	-0.3	0	0	0	0	0	0	-0.13	0	0.305	0	0	0
3.351	0	0	0	0.2	0	-0.3	0	0	0	0	0	0	-0.13	0	0.305	0	0	0
3.352	0	0	0	0.2	0	-0.3	0	0	0	0	0	0	-0.13	0	0.305	0	0	0
3.353	0	0	0	0.2	0	-0.3	0	0	0	0	0	0	-0.13	0	0.305	0	0	0
3.354	0	0	0	0.2	0	-0.3	0	0	0	0	0	0	-0.13	0	0.305	0	0	0
3.355	0	0	0	0.2	0	-0.3	0	0	0	0	0	0	-0.13	0	0.305	0	0	0
3.356	0	0	0	0.2	0	-0.3	0	0	0	0	0	0	-0.13	0	0.305	0	0	0
3.357	0	0	0	0.2	0	-0.3	0	0	0	0	0	0	-0.13	0	0.305	0	0	0
3.358	0	0	0	0.2	0	-0.3	0	0	0	0	0	0	-0.13	0	0.305	0	0	0
3.359	0	0	0	0.2	0	-0.3	0	0	0	0	0	0	-0.13	0	0.305	0	0	0
3.36	0	0	0	0.2	0	-0.3	0	0	0	0	0	0	-0.13	0	0.305	0	0	0
3.361	0	0	0	0.2	0	-0.3	0	0	0	0	0	0	-0.13	0	0.305	0	0	0
3.362	0	0	0	0.2	0	-0.3	0	0	0	0	0	0	-0.13	0	0.305	0	0	0
3.363	0	0	0	0.2	0	-0.3	0	0	0	0	0	0	-0.13	0	0.305	0	0	0
3.364	0	0	0	0.2	0	-0.3	0	0	0	0	0	0	-0.13	0	0.305	0	0	0
3.365	0	0	0	0.2	0	-0.3	0	0	0	0	0	0	-0.13	0	0.305	0	0	0
3.366	0	0	0	0.2	0	-0.3	0	0	0	0	0	0	-0.13	0	0.305	0	0	0
3.367	0	0	0	0.2	0	-0.3	0	0	0	0	0	0	-0.13	0	0.305	0	0	0
3.368	0	0	0	0.2	0	-0.3	0	0	0	0	0	0	-0.13	0	0.305	0	0	0
3.369	0	0	0	0.2	0	-0.3	0	0	0	0	0	0	-0.13	0	0.305	0	0	0
3.37	0	0	0	0.2	0	-0.3	0	0	0	0	0	0	-0.13	0	0.305	0	0	0
3.371	0	0	0	0.2	0	-0.3	0	0	0	0	0	0	-0.13	0	0.305	0	0	0
3.372	0	0	0	0.2	0	-0.3	0	0	0	0	0	0	-0.13	0	0.305	0	0	0
3.373	0	0	0	0.2	0	-0.3	0	0	0	0	0	0	-0.13	0	0.305	0	0	0
3.374	0	0	0	0.2	0	-0.3	0	0	0	0	0	0	-0.13	0	0.305	0	0	0
3.375	0	0	0	0.2	0	-0.3	0	0	0	0	0	0	-0.13	0	0.305	0	0	0
3.376	0	0	0	0.2	0	-0.3	0	0	0	0	0	0	-0.13	0	0.305	0	0	0
3.377	0	0	0	0.2	0	-0.3	0	0	0	0	0	0	-0.13	0	0.305	0	0	0
3.378	0	0	0	0.2	0	-0.3	0	0	0	0	0	0	-0.13	0	0.305	0	0	0
3.379	0	0	0	0.2	0	-0.3	0	0	0	0	0	0	-0.13	0	0.305	0	0	0
3.38	0	0	0	0.2	0	-0.3	0	0	0	0	0	0	-0.13	0	0.305	0	0	0
3.381	0	0	0	0.2	0	-0.3	0	0	0	0	0	0	-0.13	0	0.305	0	0	0
3.382	0	0	0	0.2	0	-0.3	0	0	0	0	0	0	-0.13	0	0.305	0	0	0
3.383	0	0	0	0.2	0	-0.3	0	0	0	0	0	0	-0.13	0	0.305	0	0	0
3.384	0	0	0	0.2	0	-0.3	0	0	0	0	0	0	-0.13	0	0.305	0	0	0
3.385	0	0	0	0.2	0	-0.3	0	0	0	0	0	0	-0.13	0	0.305	0	0	0
3.386	0	0	0	0.2	0	-0.3	0	0	0	0	0	0	-0.13	0	0.305	0	0	0
3.387	0	0	0	0.2	0	-0.3	0	0	0	0	0	0	-0.13	0	0.305	0	0	0
3.388	0	0	0	0.2	0	-0.3	0	0	0	0	0	0	-0.13	0	0.305	0	0	0
3.389	0	0	0	0.2	0	-0.3	0	0	0	0	0	0	-0.13	0	0.305	0	0	0
3.39	0	0	0	0.2	0	-0.3	0	0	0	0	0	0	-0.13	0	0.305	0	0	0
3.391	0	0	0	0.2	0	-0.3	0	0	0	0	0	0	-0.13	0	0.305	0	0	0
3.392	0	0	0	0.2	0	-0.3	0	0	0	0	0	0	-0.13	0	0.305	0	0	0
3.393	0	0	0	0.2	0	-0.3	0	0	0	0	0	0	-0.13	0	0.305	0	0	0
3.394	0	0	0	0.2	0	-0.3	0	0	0	0	0	0	-0.13	0	0.305	0	0	0
3.395	0	0	0	0.2	0	-0.3	0	0	0	0	0	0	-0.13	0	0.305	0	0	0
3.396	0	0	0	0.2	0	-0.3	0	0	0	0	0	0	-0.13	0	0.305	0	0	0
3.397	0	0	0	0.2	0	-0.3	0	0	0	0	0	0	-0.13	0	0.305	0	0	0
3.398	0	0	0	0.2	0	-0.3	0	0	0	0	0	0	-0.13	0	0.305	0	0	0
3.399	0	0	0	0.2	0	-0.3	0	0	0	0	0	0	-0.13	0	0.305	0	0	0
3.4	0	0	0	0.2	0	-0.3	0	0	0	0	0	0	-0.13	0	0.305	0	0	0
3.401	0	0	0	0.2	0	-0.3	0	0	0	0	0	0	-0.13	0	0.305	0	0	0
3.402	0	0	0	0.2	0	-0.3	0	0	0	0	0	0	-0.13	0	0.305	0	0	0
3.403	0	0	0	0.2	0	-0.3	0	0	0	0	0	0	-0.13	0	0.305	0	0	0
3.404	0	0	0	0.2	0	-0.3	0	0	0	0	0	0	-0.13	0	0.305	0	0	0
3.405	0	0	0	0.2	0	-0.3	0	0	0	0	0	0	-0.13	0	0.305	0	0	0
3.406	0	0	0	0.2	0	-0.3	0	0	0	0	0	0	-0.13	0	0.305	0	0	0
3.407	0	0	0	0.2	0	-0.3	0	0	0	0	0	0	-0.13	0	0.305	0	0	0
3.408	0	0	0	0.2	0	-0.3	0	0	0	0	0	0	-0.13	0	0.305	0	0	0
3.409	0	0	0	0.2	0	-0.3	0	0	0	0	0	0	-0.13	0	0.305	0	0	0
3.41	0	0	0	0.2	0	-0.3	0	0	0	0	0	0	-0.13	0	0.305	0	0	0
3.411	0	0	0	0.2	0	-0.3	0	0	0	0	0	0	-0.13	0	0.305	0	0	0
3.412	0	0	0	0.2	0	-0.3	0	0	0	0	0	0	-0.13	0	0.305	0	0	0
3.413	0	0	0	0.2	0	-0.3	0	0	0	0	0	0	-0.13	0	0.305	0	0	0
3.414	0	0	0	0.2	0	-0.3	0	0	0	0	0	0	-0.13	0	0.305	0	0	0
3.415	0	0	0	0.2	0	-0.3	0	0	0	0	0	0	-0.13	0	0.305	0	0	0
3.416	0	0	0	0.2	0	-0.3	0	0	0	0	0	0	-0.13	0	0.305	0	0	0
3.417	0	0	0	0.2	0	-0.3	0	0	0	0	0	0	-0.13	0	0.305	0	0	0
3.418	0	0	0	0.2	0	-0.3	0	0	0	0	0	0	-0.13	0	0.305	0	0	0
3.419	0	0	0	0.2	0	-0.3	0	0	0	0	0	0	-0.13	0	0.305	0	0	0
3.42	0	0	0	0.2	0	-0.3	0	0	0	0	0	0	-0.13	0	0.305	0	0	0
3.421	0	0	0	0.2	0	-0.3	0	0	0	0	0	0	-0.13	0	0.305	0	0	0
3.422	0	0	0	0.2	0	-0.3	0	0	0	0	0	0	-0.13	0	0.305	0	0	0
3.423	0	0	0	0.2	0	-0.3	0	0	0	0	0	0	-0.13	0	0.305	0	0	0
3.424	0	0	0	0.2	0	-0.3	0	0	0	0	0	0	-0.13	0	0.305	0	0	0
3.425	0	0	0	0.2	0	-0.3	0	0	0	0	0	0	-0.13	0	0.305	0	0	0
3.426	0	0	0	0.2	0	-0.3	0	0	0	0	0	0	-0.13	0	0.305	0	0	0
3.427	0	0	0	0.2	0	-0.3	0	0	0	0	0	0	-0.13	0	0.305	0	0	0
3.428	0	0	0	0.2	0	-0.3	0	0	0	0	0	0	-0.13	0	0.305	0	0	0
3.429	0	0	0	0.2	0	-0.3	0	0	0	0	0	0	-0.13	0	0.305	0	0	0
3.43	0	0	0	0.2	0	-0.3	0	0	0	0	0	0	-0.13	0	0.305	0	0	0
3.431	0	0	0	0.2	0	-0.3	0	0	0	0	0	0	-0.13	0	0.305	0	0	0
3.432	0	0	0	0.2	0	-0.3	0	0	0	0	0	0	-0.13	0	0.305	0	0	0
3.433	0	0	0	0.2	0	-0.3	0	0	0	0	0	0	-0.13	0	0.305	0	0	0
3.434	0	0	0	0.2	0	-0.3	0	0	0	0	0	0	-0.13	0	0.305	0	0	0
3.435	0	0	0	0.2	0	-0.3	0	0	0	0	0	0	-0.13	0	0.305	0	0	0
3.436	0	0	0	0.2	0	-0.3	0	0	0	0	0	0	-0.13	0	0.305	0	0	0
3.437	0	0	0	0.2	0	-0.3	0	0	0	0	0	0	-0.13	0	0.305	0	0	0
3.438	0	0	0	0.2	0	-0.3	0	0	0	0	0	0	-0.13	0	0.305	0	0	0
3.439	0	0	0	0.2	0	-0.3	0	0	0	0	0	0	-0.13	0	0.305	0	0	0
3.44	0	0	0	0.2	0	-0.3	0	0	0	0	0	0	-0.13	0	0.305	0	0	0
3.441	0	0	0	0.2	0	-0.3	0	0	0	0	0	0	-0.13	0	0.305	0	0	0
3.442	0	0	0	0.2	0	-0.3	0	0	0	0	0	0	-0.13	0	0.305	0	0	0
3.443	0	0	0	0.2	0	-0.3	0	0	0	0	0	0	-0.13	0	0.305	0	0	0
3.444	0	0	0	0.2	0	-0.3	0	0	0	0	0	0	-0.13	0	0.305	0	0	0
3.445	0	0	0	0.2	0	-0.3	0	0	0	0	0	0	-0.13	0	0.305	0	0	0
3.446	0	0	0	0.2	0	-0.3	0	0	0	0	0	0	-0.13	0	0.305	0	0	0
3.447	0	0	0	0.2	0	-0.3	0	0	0	0	0	0	-0.13	0	0.305	0	0	0
3.448	0	0	0	0.2	0	-0.3	0	0	0	0	0	0	-0.13	0	0.305	0	0	0
3.449	0	0	0	0.2	0	-0.3	0	0	0	0	0	0	-0.13	0	0.305	0	0	0
3.45	0	0	0	0.2	0	-0.3	0	0	0	0	0	0	-0.13	0	0.305	0	0	0
3.451	0	0	0	0.2	0	-0.3	0	0	0	0	0	0	-0.13	0	0.305	0	0	0
3.452	0	0	0	0.2	0	-0.3	0	0	0	0	0	0	-0.13	0	0.305	0	0	0
3.453	0	0	0	0.2	0	-0.3	0	0	0	0	0	0	-0.13	0	0.305	0	0	0
3.454	0	0	0	0.2	0	-0.3	0	0	0	0	0	0	-0.13	0	0.305	0	0	0
3.455	0	0	0	0.2	0	-0.3	0	0	0	0	0	0	-0.13	0	0.305	0	0	0
3.456	0	0	0	0.2	0	-0.3	0	0	0	0	0	0	-0.13	0	0.305	0	0	0
3.457	0	0	0	0.2	0	-0.3	0	0	0	0	0	0	-0.13	0	0.305	0	0	0
3.458	0	0	0	0.2	0	-0.3	0	0	0	0	0	0	-0.13	0	0.305	0	0	0
3.459	0	0	0	0.2	0	-0.3	0	0	0	0	0	0	-0.13	0	0.305	0	0	0
3.46	0	0	0	0.2	0	-0.3	0	0	0	0	0	0	-0.13	0	0.305	0	0	0
3.461	0	0	0	0.2	0	-0.3	0	0	0	0	0	0	-0.13	0	0.305	0	0	0
3.462	0	0	0	0.2	0	-0.3	0	0	0	0	0	0	-0.13	0	0.305	0	0	0
3.463	0	0	0	0.2	0	-0.3	0	0	0	0	0	0	-0.13	0	0.305	0	0	0
3.464	0	0	0	0.2	0	-0.3	0	0	0	0	0	0	-0.13	0	0.305	0	0	0
3.465	0	0	0	0.2	0	-0.3	0	0	0	0	0	0	-0.13	0	0.305	0	0	0
3.466	0	0	0	0.2	0	-0.3	0	0	0	0	0	0	-0.13	0	0.305	0	0	0
3.467	0	0	0	0.2	0	-0.3	0	0	0	0	0	0	-0.13	0	0.305	0	0	0
3.468	0	0	0	0.2	0	-0.3	0	0	0	0	0	0	-0.13	0	0.305	0	0	0
3.469	0	0	0	0.2	0	-0.3	0	0	0	0	0	0	-0.13	0	0.305	0	0	0
3.47	0	0	0	0.2	0	-0.3	0	0	0	0	0	0	-0.13	0	0.305	0	0	0
3.471	0	0	0	0.2	0	-0.3	0	0	0	0	0	0	-0.13	0	0.305	0	0	0
3.472	0	0	0	0.2	0	-0.3	0	0	0	0	0	0	-0.13	0	0.305	0	0	0
3.473	0	0	0	0.2	0	-0.3	0	0	0	0	0	0	-0.13	0	0.305	0	0	0
3.474	0	0	0	0.2	0	-0.3	0	0	0	0	0	0	-0.13	0	0.305	0	0	0
3.475	0	0	0	0.2	0	-0.3	0	0	0	0	0	0	-0.13	0	0.305	0	0	0
3.476	0	0	0	0.2	0	-0.3	0	0	0	0	0	0	-0.13	0	0.305	0	0	0
3.477	0	0	0	0.2	0	-0.3	0	0	0	0	0	0	-0.13	0	0.305	0	0	0
3.478	0	0	0	0.2	0	-0.3	0	0	0	0	0	0	-0.13	0	0.305	0	0	0
3.479	0	0	0	0.2	0	-0.3	0	0	0	0	0	0	-0.13	0	0.305	0	0	0
3.48	0	0	0	0.2	0	-0.3	0	0	0	0	0	0	-0.13	0	0.305	0	0	0
3.481	0	0	0	0.2	0	-0.3	0	0	0	0	0	0	-0.13	0	0.305	0	0	0
3.482	0	0	0	0.2	0	-0.3	0	0	0	0	0	0	-0.13	0	0.305	0	0	0
3.483	0	0	0	0.2	0	-0.3	0	0	0	0	0	0	-0.13	0	0.305	0	0	0
3.484	0	0	0	0.2	0	-0.3	0	0	0	0	0	0	-0.13	0	0.305	0	0	0
3.485	0	0	0	0.2	0	-0.3	0	0	0	0	0	0	-0.13	0	0.305	0	0	0
3.486	0	0	0	0.2	0	-0.3	0	0	0	0	0	0	-0.13	0	0.305	0	0	0
3.487	0	0	0	0.2	0	-0.3	0	0	0	0	0	0	-0.13	0	0.305	0	0	0
3.488	0	0	0	0.2	0	-0.3	0	0	0	0	0	0	-0.13	0	0.305	0	0	0
3.489	0	0	0	0.2	0	-0.3	0	0	0	0	0	0	-0.13	0	0.305	0	0	0
3.49	0	0	0	0.2	0	-0.3	0	0	0	0	0	0	-0.13	0	0.305	0	0	0
3.491	0	0	0	0.2	0	-0.3	0	0	0	0	0	0	-0.13	0	0.305	0	0	0
3.492	0	0	0	0.2	0	-0.3	0	0	0	0	0	0	-0.13	0	0.305	0	0	0
3.493	0	0	0	0.2	0	-0.3	0	0	0	0	0	0	-0.13	0	0.305	0	0	0
3.494	0	0	0	0.2	0	-0.3	0	0	0	0	0	0	-0.13	0	0.305	0	0	0
3.495	0	0	0	0.2	0	-0.3	0	0	0	0	0	0	-0.13	0	0.305	0	0	0
3.496	0	0	0	0.2	0	-0.3	0	0	0	0	0	0	-0.13	0	0.305	0	0	0
3.497	0	0	0	0.2	0	-0.3	0	0	0	0	0	0	-0.13	0	0.305	0	0	0
3.498	0	0	0	0.2	0	-0.3	0	0	0	0	0	0	-0.13	0	0.305	0	0	0
3.499	0	0	0	0.2	0	-0.3	0	0	0	0	0	0	-0.13	0	0.305	0	0	0
3.5	0	0	0	0.2	0	-0.3	0	0	0	0	0	0	-0.13	0	0.305	0	0	0
3.501	0	0	0	0.2	0	-0.3	0	0	0	0	0	0	-0.13	0	0.305	0	0	0
3.502	0	0	0	0.2	0	-0.3	0	0	0	0	0	0	-0.13	0	0.305	0	0	0
3.503	0	0	0	0.2	0	-0.3	0	0	0	0	0	0	-0.13	0	0.305	0	0	0
3.504	0	0	0	0.2	0	-0.3	0	0	0	0	0	0	-0.13	0	0.305	0	0	0
3.505	0	0	0	0.2	0	-0.3	0	0	0	0	0	0	-0.13	0	0.305	0	0	0
3.506	0	0	0	0.2	0	-0.3	0	0	0	0	0	0	-0.13	0	0.305	0	0	0
3.507	0	0	0	0.2	0	-0.3	0	0	0	0	0	0	-0.13	0	0.305	0	0	0
3.508	0	0	0	0.2	0	-0.3	0	0	0	0	0	0	-0.13	0	0.305	0	0	0
3.509	0	0	0	0.2	0	-0.3	0	0	0	0	0	0	-0.13	0	0.305	0	0	0
3.51	0	0	0	0.2	0	-0.3	0	0	0	0	0	0	-0.13	0	0.305	0	0	0
3.511	0	0	0	0.2	0	-0.3	0	0	0	0	0	0	-0.13	0	0.305	0	0	0
3.512	0	0	0	0.2	0	-0.3	0	0	0	0	0	0	-0.13	0	0.305	0	0	0
3.513	0	0	0	0.2	0	-0.3	0	0	0	0	0	0	-0.13	0	0.305	0	0	0
3.514	0	0	0	0.2	0	-0.3	0	0	0	0	0	0	-0.13	0	0.305	0	0	0
3.515	0	0	0	0.2	0	-0.3	0	0	0	0	0	0	-0.13	0	0.305	0	0	0
3.516	0	0	0	0.2	0	-0.3	0	0	0	0	0	0	-0.13	0	0.305	0	0	0
3.517	0	0	0	0.2	0	-0.3	0	0	0	0	0	0	-0.13	0	0.305	0	0	0
3.518	0	0	0	0.2	0	-0.3	0	0	0	0	0	0	-0.13	0	0.305	0	0	0
3.519	0	0	0	0.2	0	-0.3	0	0	0	0	0	0	-0.13	0	0.305	0	0	0
3.52	0	0	0	0.2	0	-0.3	0	0	0	0	0	0	-0.13	0	0.305	0	0	0
3.521	0	0	0	0.2	0	-0.3	0	0	0	0	0	0	-0.13	0	0.305	0	0	0
3.522	0	0	0	0.2	0	-0.3	0	0	0	0	0	0	-0.13	0	0.305	0	0	0
3.523	0	0	0	0.2	0	-0.3	0	0	0	0	0	0	-0.13	0	0.305	0	0	0
3.524	0	0	0	0.2	0	-0.3	0	0	0	0	0	0	-0.13	0	0.305	0	0	0
3.525	0	0	0	0.2	0	-0.3	0	0	0	0	0	0	-0.13	0	0.305	0	0	0
3.526	0	0	0	0.2	0	-0.3	0	0	0	0	0	0	-0.13	0	0.305	0	0	0
3.527	0	0	0	0.2	0	-0.3	0	0	0	0	0	0	-0.13	0	0.305	0	0	0
3.528	0	0	0	0.2	0	-0.3	0	0	0	0	0	0	-0.13	0	0.305	0	0	0
3.529	0	0	0	0.2	0	-0.3	0	0	0	0	0	0	-0.13	0	0.305	0	0	0
3.53	0	0	0	0.2	0	-0.3	0	0	0	0	0	0	-0.13	0	0.305	0	0	0
3.531	0	0	0	0.2	0	-0.3	0	0	0	0	0	0	-0.13	0	0.305	0	0	0
3.532	0	0	0	0.2	0	-0.3	0	0	0	0	0	0	-0.13	0	0.305	0	0	0
3.533	0	0	0	0.2	0	-0.3	0	0	0	0	0	0	-0.13	0	0.305	0	0	0
3.534	0	0	0	0.2	0	-0.3	0	0	0	0	0	0	-0.13	0	0.305	0	0	0
3.535	0	0	0	0.2	0	-0.3	0	0	0	0	0	0	-0.13	0	0.305	0	0	0
3.536	0	0	0	0.2	0	-0.3	0	0	0	0	0	0	-0.13	0	0.305	0	0	0
3.537	0	0	0	0.2	0	-0.3	0	0	0	0	0	0	-0.13	0	0.305	0	0	0
3.538	0	0	0	0.2	0	-0.3	0	0	0	0	0	0	-0.13	0	0.305	0	0	0
3.539	0	0	0	0.2	0	-0.3	0	0	0	0	0	0	-0.13	0	0.305	0	0	0
3.54	0	0	0	0.2	0	-0.3	0	0	0	0	0	0	-0.13	0	0.305	0	0	0
3.541	0	0	0	0.2	0	-0.3	0	0	0	0	0	0	-0.13	0	0.305	0	0	0
3.542	0	0	0	0.2	0	-0.3	0	0	0	0	0	0	-0.13	0	0.305	0	0	0
3.543	0	0	0	0.2	0	-0.3	0	0	0	0	0	0	-0.13	0	0.305	0	0	0
3.544	0	0	0	0.2	0	-0.3	0	0	0	0	0	0	-0.13	0	0.305	0	0	0
3.545	0	0	0	0.2	0	-0.3	0	0	0	0	0	0	-0.13	0	0.305	0	0	0
3.546	0	0	0	0.2	0	-0.3	0	0	0	0	0	0	-0.13	0	0.305	0	0	0
3.547	0	0	0	0.2	0	-0.3	0	0	0	0	0	0	-0.13	0	0.305	0	0	0
3.548	0	0	0	0.2	0	-0.3	0	0	0	0	0	0	-0.13	0	0.305	0	0	0
3.549	0	0	0	0.2	0	-0.3	0	0	0	0	0	0	-0.13	0	0.305	0	0	0
3.55	0	0	0	0.2	0	-0.3	0	0	0	0	0	0	-0.13	0	0.305	0	0	0
3.551	0	0	0	0.2	0	-0.3	0	0	0	0	0	0	-0.13	0	0.305	0	0	0
3.552	0	0	0	0.2	0	-0.3	0	0	0	0	0	0	-0.13	0	0.305	0	0	0
3.553	0	0	0	0.2	0	-0.3	0	0	0	0	0	0	-0.13	0	0.305	0	0	0
3.554	0	0	0	0.2	0	-0.3	0	0	0	0	0	0	-0.13	0	0.305	0	0	0
3.555	0	0	0	0.2	0	-0.3	0	0	0	0	0	0	-0.13	0	0.305	0	0	0
3.556	0	0	0	0.2	0	-0.3	0	0	0	0	0	0	-0.13	0	0.305	0	0	0
3.557	0	0	0	0.2	0	-0.3	0	0	0	0	0	0	-0.13	0	0.305	0	0	0
3.558	0	0	0	0.2	0	-0.3	0	0	0	0	0	0	-0.13	0	0.305	0	0	0
3.559	0	0	0	0.2	0	-0.3	0	0	0	0	0	0	-0.13	0	0.305	0	0	0
3.56	0	0	0	0.2	0	-0.3	0	0	0	0	0	0	-0.13	0	0.305	0	0	0
3.561	0	0	0	0.2	0	-0.3	0	0	0	0	0	0	-0.13	0	0.305	0	0	0
3.562	0	0	0	0.2	0	-0.3	0	0	0	0	0	0	-0.13	0	0.305	0	0	0
3.563	0	0	0	0.2	0	-0.3	0	0	0	0	0	0	-0.13	0	0.305	0	0	0
3.564	0	0	0	0.2	0	-0.3	0	0	0	0	0	0	-0.13	0	0.305	0	0	0
3.565	0	0	0	0.2	0	-0.3	0	0	0	0	0	0	-0.13	0	0.305	0	0	0
3.566	0	0	0	0.2	0	-0.3	0	0	0	0	0	0	-0.13	0	0.305	0	0	0
3.567	0	0	0	0.2	0	-0.3	0	0	0	0	0	0	-0.13	0	0.305	0	0	0
3.568	0	0	0	0.2	0	-0.3	0	0	0	0	0	0	-0.13	0	0.305	0	0	0
3.569	0	0	0	0.2	0	-0.3	0	0	0	0	0	0	-0.13	0	0.305	0	0	0
3.57	0	0	0	0.2	0	-0.3	0	0	0	0	0	0	-0.13	0	0.305	0	0	0
3.571	0	0	0	0.2	0	-0.3	0	0	0	0	0	0	-0.13	0	0.305	0	0	0
3.572	0	0	0	0.2	0	-0.3	0	0	0	0	0	0	-0.13	0	0.305	0	0	0
3.573	0	0	0	0.2	0	-0.3	0	0	0	0	0	0	-0.13	0	0.305	0	0	0
3.574	0	0	0	0.2	0	-0.3	0	0	0	0	0	0	-0.13	0	0.305	0	0	0
3.575	0	0	0	0.2	0	-0.3	0	0	0	0	0	0	-0.13	0	0.305	0	0	0
3.576	0	0	0	0.2	0	-0.3	0	0	0	0	0	0	-0.13	0	0.305	0	0	0
3.577	0	0	0	0.2	0	-0.3	0	0	0	0	0	0	-0.13	0	0.305	0	0	0
3.578	0	0	0	0.2	0	-0.3	0	0	0	0	0	0	-0.13	0	0.305	0	0	0
3.579	0	0	0	0.2	0	-0.3	0	0	0	0	0	0	-0.13	0	0.305	0	0	0
3.58	0	0	0	0.2	0	-0.3	0	0	0	0	0	0	-0.13	0	0.305	0	0	0
3.581	0	0	0	0.2	0	-0.3	0	0	0	0	0	0	-0.13	0	0.305	0	0	0
3.582	0	0	0	0.2	0	-0.3	0	0	0	0	0	0	-0.13	0	0.305	0	0	0
3.583	0	0	0	0.2	0	-0.3	0	0	0	0	0	0	-0.13	0	0.305	0	0	0
3.584	0	0	0	0.2	0	-0.3	0	0	0	0	0	0	-0.13	0	0.305	0	0	0
3.585	0	0	0	0.2	0	-0.3	0	0	0	0	0	0	-0.13	0	0.305	0	0	0
3.586	0	0	0	0.2	0	-0.3	0	0	0	0	0	0	-0.13	0	0.305	0	0	0
3.587	0	0	0	0.2	0	-0.3	0	0	0	0	0	0	-0.13	0	0.305	0	0	0
3.588	0	0	0	0.2	0	-0.3	0	0	0	0	0	0	-0.13	0	0.305	0	0	0
3.589	0	0	0	0.2	0	-0.3	0	0	0	0	0	0	-0.13	0	0.305	0	0	0
3.59	0	0	0	0.2	0	-0.3	0	0	0	0	0	0	-0.13	0	0.305	0	0	0
3.591	0	0	0	0.2	0	-0.3	0	0	0	0	0	0	-0.13	0	0.305	0	0	0
3.592	0	0	0	0.2	0	-0.3	0	0	0	0	0	0	-0.13	0	0.305	0	0	0
3.593	0	0	0	0.2	0	-0.3	0	0	0	0	0	0	-0.13	0	0.305	0	0	0
3.594	0	22.716188	11.372814	0.191177	0	-0.246488	0	0.543369	0	0	0	0	-0.13	0	0.305	0	0	0
3.595	-0.406622	24.792572	12.391111	0.187363	0	-0.234333	0	0.589767	0	0	0	0	-0.13	0	0.305	0	0	0
3.596	-0.406622	28.407965	12.626223	0.187363	0	-0.226715	0.00E+00	0.589767	0	0	0	0	-0.13	0	0.305	0	0	0
3.597	1.007683	31.347204	14.271326	0.179456	0	-0.221443	1.00E-06	0.589767	0	0	0	0	-0.13	0	0.305	0	0	0
3.598	3.126978	38.070793	15.838377	0.179456	0	-0.217825	0.00E+00	0.575558	0	0	0	0	-0.13	0	0.305	0	0	0
3.599	5.332061	44.121277	18.737211	0.180709	0	-0.212634	1.00E-06	0.298576	1.00E-06	0	0	0	-0.13	0	0.305	0	0	0
3.6	8.464137	47.920273	19.99054	0.182773	0	-0.212131	1.00E-06	0.298576	1.00E-06	0	0	0	-0.13	0	0.305	0	0	0
3.601	9.095605	52.59565	19.99054	0.182773	0	-0.212131	1.00E-06	0.298576	1.00E-06	0	0	0	-0.13	0	0.305	0	0	0
3.602	9.335652	58.104958	19.99054	0.180957	0	-0.210177	1.00E-06	0.309838	1.00E-06	0	0	0	-0.13	0	0.305	0	0	0
3.603	9.335652	58.806599	20.382032	0.175007	0	-0.210177	1.00E-06	0.257515	1.00E-06	0	0	0	-0.13	0	0.305	0	0	0
3.604	11.217064	63.457321	20.930786	0.172739	0	-0.208151	1.00E-06	0.261384	0	0	0	0	-0.13	0	0.305	0	0	0
3.605	13.805628	67.944443	22.262568	0.172739	0	-0.208151	1.00E-06	0.257515	0	0	0	0	-0.13	0	0.305	0	0	0
3.606	14.513504	73.815567	23.437807	0.175265	0	-0.208151	1.00E-06	0.244489	1.00E-06	0	0	0	-0.13	0	0.305	0	0	0
3.607	14.908531	78.844666	23.437807	0.175265	0	-0.202526	1.00E-06	0.094062	1.00E-06	0	0	0	-0.13	0	0.305	0	0	0
3.608	15.071447	86.600464	23.437407	0.174481	0	-0.202526	1.00E-06	0.082206	1.00E-06	0	0	0	-0.13	0	0.305	0	0	0
3.609	16.325724	91.086029	23.437162	0.173643	0	-0.203676	1.00E-06	0.082206	1.00E-06	0	0	0	-0.13	0	0.305	0	0	0
3.61	17.112892	97.823914	22.967018	0.172752	0	-0.204166	1.00E-06	0.082206	1.00E-06	0	0	0	-0.13	0	0.305	0	0	0
3.611	17.343557	99.562759	21.164814	0.172514	0	-0.204166	1.00E-06	0.087071	1.00E-06	0	0	0	-0.13	0	0.305	0	0	0
3.612	17.579275	103.696198	19.441179	0.172514	0	-0.204166	1.00E-06	0.087071	1.00E-06	0	0	0	-0.13	0	0.305	0	0	0
3.613	17.579275	106.317993	17.325453	0.172514	0	-0.203542	1.00E-06	0.087071	1.00E-06	0	0	0	-0.13	0	0.305	0	0	0
3.614	17.110727	113.197021	14.504827	0.171694	0	-0.19929	1.00E-06	0.173753	1.00E-06	0	0	0	-0.13	0	0.305	0	0	0
3.615	16.797159	116.495392	12.075697	0.171304	0	-0.19929	2.00E-06	0.173753	1.00E-06	0	0	0	-0.13	0	0.305	0	0	0
3.616	16.481424	122.527023	9.568275	0.171694	0	-0.19929	2.00E-06	0.181721	1.00E-06	0	0	0	-0.13	0	0.305	0	0	0
3.617	15.856453	131.512421	6.668957	0.170454	0	-0.199211	1.00E-06	0.365143	1.00E-06	0	0	0	-0.13	0	0.305	0	0	0
3.618	15.1493	134.455566	3.848133	0.170454	0	-0.199211	1.00E-06	0.365143	1.00E-06	0	0	0	-0.13	0	0.305	0	0	0
3.619	13.739324	141.023331	2.515469	0.169526	0	-0.198558	0.00E+00	0.3741	1.00E-06	0	0	0	-0.13	0	0.305	0	0	0
3.62	13.739324	145.684067	2.28076	0.168421	0	-0.196737	0	0.647026	1.00E-06	0	0	0	-0.13	0	0.305	0	0	0
3.621	13.739324	148.119568	1.731642	0.168421	0	-0.19344	0	0.920769	2.00E-06	0	0	0	-0.13	0	0.305	0	0	0
3.622	12.561456	154.855499	-2.342915	0.167856	0	-0.19344	1.00E-06	0.920769	2.00E-06	0	0	0	-0.13	0	0.305	0	0	0
3.623	11.622914	157.618835	-4.850178	0.168692	0	-0.19344	1.00E-06	0.920769	2.00E-06	0	0	0	-0.13	0	0.305	0	0	0
3.624	11.622194	160.917618	-7.279428	0.168692	0	-0.191093	1.00E-06	0.947935	1.00E-06	0	0	0	-0.13	0	0.305	0	0	0
3.625	10.995056	167.473389	-8.611813	0.169244	0	-0.189655	0.00E+00	1.002355	1.00E-06	0	0	0	-0.13	0	0.305	0	0	0
3.626	10.921535	170.411102	-9.082199	0.169244	0	-0.189655	1.00E-06	1.077238	1.00E-06	0	0	0	-0.13	0	0.305	0	0	0
3.627	10.212938	174.046997	-10.17959	0.169632	0	-0.186909	1.00E-06	1.248066	1.00E-06	0	0	0	-0.13	0	0.305	0	0	0
3.628	9.590854	179.407806	-11.825295	0.169232	0	-0.186688	1.00E-06	1.344495	1.00E-06	0	0	0	-0.13	0	0.305	0	0	0
3.629	8.646539	181.474976	-12.765625	0.170438	0	-0.184867	2.00E-06	1.358587	1.00E-06	0	0	0	-0.13	0	0.305	0	0	0
3.63	7.790179	186.484375	-14.724934	0.170438	0	-0.182887	2.00E-06	1.417312	2.00E-06	0	0	0	-0.13	0	0.305	0	0	0
3.631	6.533739	188.220947	-16.135406	0.170438	0	-0.181892	0.00E+00	1.493371	2.00E-06	0	0	0	-0.13	0	0.305	0	0	0
3.632	5.986618	191.500793	-16.292469	0.169353	0	-0.18016	0	1.564613	2.00E-06	0	0	0	-0.13	0	0.305	0	0	0
3.633	5.826586	196.852417	-17.311289	0.169353	0	-0.179472	1.00E-06	1.761841	1.00E-06	0	0	0	-0.13	0	0.305	0	0	0
3.634	5.360925	202.727371	-17.781755	0.168994	0	-0.178526	2.00E-06	1.761841	1.00E-06	0	0	0	-0.13	0	0.305	0	0	0
3.635	5.12665	204.790253	-20.132357	0.170542	0	-0.178526	2.00E-06	1.761841	1.00E-06	0	0	0	-0.13	0	0.305	0	0	0
3.636	4.732345	210.504791	-21.464821	0.170542	0	-0.178158	1.00E-06	1.88889	1.00E-06	0	0	0	-0.13	0	0.305	0	0	0
3.637	4.105928	215.170532	-22.405027	0.170658	0	-0.178034	1.00E-06	1.88889	1.00E-06	0	0	0	-0.13	0	0.305	0	0	0
3.638	3.172439	217.428604	-22.640543	0.170658	0	-0.17583	2.00E-06	1.914494	2.00E-06	0	0	0	-0.13	0	0.305	0	0	0
3.639	3.170272	221.926193	-24.129345	0.170502	0	-0.17583	2.00E-06	1.796694	3.00E-06	0	0	0	-0.13	0	0.305	0	0	0
3.64	3.170272	228.989594	-24.52132	0.169833	0	-0.175332	2.00E-06	1.914494	4.00E-06	0	0	0	-0.13	0	0.305	0	0	0
3.641	3.720281	230.194626	-24.756392	0.169833	0	-0.175332	2.00E-06	1.921748	4.00E-06	0	0	0	-0.13	0	0.305	0	0	0
3.642	4.196047	234.697968	-25.69672	0.170473	0	-0.175332	2.00E-06	1.921748	2.00E-06	0	0	0	-0.13	0	0.305	0	0	0
3.643	4.276783	238.147919	-26.558437	0.170473	0	-0.17498	0	1.720039	2.00E-06	0	0	0	-0.13	0	0.305	0	0	0
3.644	4.276783	241.77298	-26.558437	0.170711	0	-0.174702	-1.00E-06	1.720039	2.00E-06	0	0	0	-0.13	0	0.305	0	0	0
3.645	5.452485	245.926498	-26.55908	0.17031	0	-0.174544	-2.00E-06	1.81307	1.00E-06	0	0	0	-0.13	0	0.305	0	0	0
3.646	5.923199	252.30986	-26.55908	0.17031	0	-0.173449	-2.00E-06	1.81307	1.00E-06	0	0	0	-0.13	0	0.305	0	0	0
3.647	6.712532	253.522598	-26.794193	0.169606	0	-0.174544	-2.00E-06	1.748531	1.00E-06	0	0	0	-0.13	0	0.305	0	0	0
3.648	7.260376	257.67453	-26.794193	0.169606	0	-0.174375	-2.00E-06	1.602195	2.00E-06	0	0	0	-0.13	0	0.305	0	0	0
3.649	7.656124	258.702515	-26.715702	0.169606	0	-0.174375	3.00E-06	1.702772	3.00E-06	0	0	0	-0.13	0	0.305	0	0	0
3.65	8.438965	265.098267	-25.775814	0.170195	0	-0.173906	3.00E-06	1.702772	3.00E-06	0	0	0	-0.13	0	0.305	0	0	0
3.651	8.989693	270.796936	-25.462212	0.169918	0	-0.173906	4.00E-06	1.727386	3.00E-06	0	0	0	-0.13	0	0.305	0	0	0
3.652	10.012579	272.168579	-25.070478	0.169918	0	-0.173906	4.00E-06	1.727386	2.00E-06	0	0	0	-0.13	0	0.305	0	0	0
3.653	10.167561	274.589813	-24.600574	0.169918	0	-0.174156	4.00E-06	1.673415	2.00E-06	0	0	0	-0.13	0	0.305	0	0	0
3.654	10.012579	279.266357	-24.208681	0.170415	0	-0.173422	4.00E-06	1.616222	4.00E-06	0	0	0	-0.13	0	0.305	0	0	0
3.655	9.781913	279.266357	-23.581877	0.170415	0	-0.172488	3.00E-06	1.534912	4.00E-06	0	0	0	-0.13	0	0.305	0	0	0
3.656	9.073317	279.266357	-23.347126	0.170415	0	-0.171848	1.00E-06	1.534912	4.00E-06	0	0	0	-0.13	0	0.305	0	0	0
3.657	9.071873	282.723999	-23.347126	0.170328	0	-0.171848	2.00E-06	1.673796	4.00E-06	0	0	0	-0.13	0	0.305	0	0	0
3.658	9.07043	282.903381	-23.347126	0.170508	0	-0.171848	1.00E-06	1.673796	3.00E-06	0	0	0	-0.13	0	0.305	0	0	0
3.659	8.759027	283.748108	-23.660328	0.170984	0	-0.172235	2.00E-06	1.620867	1.00E-06	0	0	0	-0.13	0	0.305	0	0	0
3.66	7.661175	286.172058	-23.895319	0.170984	0	-0.171376	1.00E-06	1.534043	3.00E-06	0	0	0	-0.13	0	0.305	0	0	0
3.661	6.253364	286.172058	-23.97353	0.170676	0	-0.171305	-1.00E-06	1.497337	1.00E-06	0	0	0	-0.13	0	0.305	0	0	0
3.662	5.543324	286.172058	-23.97353	0.170676	0	-0.170931	-1.00E-06	1.497337	4.00E-06	0	0	0	-0.13	0	0.305	0	0	0
3.663	5.073332	287.897766	-24.678785	0.170676	0	-0.170931	-1.00E-06	1.516007	2.00E-06	0	0	0	-0.13	0	0.305	0	0	0
3.664	3.972595	288.076385	-25.148809	0.170625	0	-0.171323	3.00E-06	1.602843	2.00E-06	0	0	0	-0.13	0	0.305	0	0	0
3.665	3.971151	288.076385	-25.462374	0.17028	0	-0.171339	3.00E-06	1.602843	1.00E-06	0	0	0	-0.13	0	0.305	0	0	0
3.666	2.874744	291.341553	-25.854025	0.17028	0	-0.171533	3.00E-06	1.52513	1.00E-06	0	0	0	-0.13	0	0.305	0	0	0
3.667	1.075513	291.709534	-26.24592	0.170227	0	-0.171533	1.00E-06	1.52513	0.00E+00	0	0	0	-0.13	0	0.305	0	0	0
3.668	1.06974	292.391907	-26.559322	0.170383	0	-0.171533	1.00E-06	1.603152	1.00E-06	0	0	0	-0.13	0	0.305	0	0	0
3.669	0.521897	295.312225	-27.107956	0.170032	0	-0.171595	0.00E+00	1.603152	0.00E+00	0	0	0	-0.13	0	0.305	0	0	0
3.67	-0.735264	295.328827	-27.891222	0.169825	0	-0.171595	1.00E-06	1.640692	1.00E-06	0	0	0	-0.13	0	0.305	0	0	0
3.671	-0.813836	295.328827	-28.204906	0.169825	0	-0.171595	0.00E+00	1.672055	0.00E+00	0	0	0	-0.13	0	0.305	0	0	0
3.672	-1.601727	296.027771	-28.909882	0.170681	0	-0.170962	1.00E-06	1.686126	4.00E-06	0	0	0	-0.13	0	0.305	0	0	0
3.673	-1.758871	298.779541	-28.987848	0.170709	0	-0.170029	2.00E-06	1.672055	3.00E-06	0	0	0	-0.13	0	0.305	0	0	0
3.674	-2.856724	298.779541	-28.987848	0.171086	0	-0.170029	2.00E-06	1.583682	3.00E-06	0	0	0	-0.13	0	0.305	0	0	0
3.675	-4.186685	298.779541	-29.849888	0.171086	0	-0.170029	2.00E-06	1.500506	3.00E-06	0	0	0	-0.13	0	0.305	0	0	0
3.676	-4.816708	299.483551	-30.868185	0.170409	0	-0.167371	2.00E-06	1.500506	2.00E-06	0	0	0	-0.13	0	0.305	0	0	0
3.677	-4.898888	299.483551	-32.043705	0.170409	0	-0.167371	1.00E-06	1.403048	2.00E-06	0	0	0	-0.13	0	0.305	0	0	0
3.678	-5.991687	300.516541	-32.121796	0.170527	0	-0.167371	3.00E-06	1.328559	2.00E-06	0	0	0	-0.13	0	0.305	0	0	0
3.679	-7.403106	302.760681	-32.74876	0.17126	0	-0.167247	1.00E-06	1.328559	3.00E-06	0	0	0	-0.13	0	0.305	0	0	0
3.68	-7.875986	302.760681	-33.688889	0.17123	0	-0.167247	4.00E-06	1.356212	3.00E-06	0	0	0	-0.13	0	0.305	0	0	0
3.681	-9.050965	304.142334	-33.767342	0.17123	0	-0.167123	0.00E+00	1.356212	3.00E-06	0	0	0	-0.13	0	0.305	0	0	0
3.682	-9.443108	305.697266	-33.845871	0.17123	0	-0.166513	-1.00E-06	1.356212	1.00E-06	0	0	0	-0.13	0	0.305	0	0	0
3.683	-9.914541	308.817383	-34.315895	0.170522	0	-0.166513	-1.00E-06	1.334145	4.00E-06	0	0	0	-0.13	0	0.305	0	0	0
3.684	-11.011672	308.817383	-34.394264	0.170522	0	-0.166515	-1.00E-06	1.334145	1.00E-06	0	0	0	-0.13	0	0.305	0	0	0
3.685	-11.559514	310.52655	-34.786079	0.170522	0	-0.166515	2.00E-06	1.334145	1.00E-06	0	0	0	-0.13	0	0.305	0	0	0
3.686	-11.875247	313.476196	-34.786118	0.171274	0	-0.166515	-1.00E-06	1.39325	1.00E-06	0	0	0	-0.13	0	0.305	0	0	0
3.687	-13.444533	314.859009	-34.786118	0.171369	0	-0.166322	1.00E-06	1.39325	5.00E-06	0	0	0	-0.13	0	0.305	0	0	0
3.688	-14.070949	316.929993	-35.177811	0.171369	0	-0.166684	1.00E-06	1.39325	5.00E-06	0	0	0	-0.13	0	0.305	0	0	0
3.689	-14.313884	319.348877	-34.942699	0.171684	0	-0.166684	2.00E-06	1.449102	2.00E-06	0	0	0	-0.13	0	0.305	0	0	0
3.69	-15.328831	319.348877	-35.02103	0.171684	0	-0.166684	4.00E-06	1.449102	2.00E-06	0	0	0	-0.13	0	0.305	0	0	0
3.691	-16.504532	321.060364	-35.02103	0.171684	0	-0.163761	4.00E-06	1.31753	2.00E-06	0	0	0	-0.13	0	0.305	0	0	0
3.692	-17.13167	321.438782	-35.412846	0.172316	0	-0.163761	6.00E-06	1.305594	2.00E-06	0	0	0	-0.13	0	0.305	0	0	0
3.693	-18.777365	324.704346	-35.412846	0.172316	0	-0.163761	3.00E-06	1.305594	2.00E-06	0	0	0	-0.13	0	0.305	0	0	0
3.694	-19.015968	326.438599	-35.412846	0.172316	0	-0.165093	4.00E-06	1.432243	4.00E-06	0	0	0	-0.13	0	0.305	0	0	0
3.695	-19.568142	330.928406	-35.569504	0.172447	0	-0.164698	4.00E-06	1.432243	4.00E-06	0	0	0	-0.13	0	0.305	0	0	0
3.696	-20.581646	330.928406	-35.726288	0.172447	0	-0.164698	4.00E-06	1.38267	3.00E-06	0	0	0	-0.13	0	0.305	0	0	0
3.697	-21.133099	330.928406	-36.118183	0.172447	0	-0.164522	5.00E-06	1.267809	0	0	0	0	-0.13	0	0.305	0	0	0
3.698	-22.539467	335.42334	-36.118183	0.172136	0	-0.163856	2.00E-06	1.235043	0.00E+00	0	0	0	-0.13	0	0.305	0	0	0
3.699	-23.16877	336.120331	-36.353294	0.172453	0	-0.163856	5.00E-06	1.235043	4.00E-06	0	0	0	-0.13	0	0.305	0	0	0
3.7	-23.325191	338.532257	-36.431744	0.172453	0	-0.164095	4.00E-06	1.325663	4.00E-06	0	0	0	-0.13	0	0.305	0	0	0
3.701	-23.3288	344.063202	-36.745186	0.172751	0	-0.164604	6.00E-06	1.34558	3.00E-06	0	0	0	-0.13	0	0.305	0	0	0
3.702	-24.186604	344.402649	-37.372112	0.1729	0	-0.164604	4.00E-06	1.419271	2.00E-06	0	0	0	-0.13	0	0.305	0	0	0
3.703	-24.503056	345.95636	-37.372192	0.17292	0	-0.164241	5.00E-06	1.34558	2.00E-06	0	0	0	-0.13	0	0.305	0	0	0
3.704	-25.203716	349.768463	-37.999001	0.172927	0	-0.164241	4.00E-06	1.300063	2.00E-06	0	0	0	-0.13	0	0.305	0	0	0
3.705	-25.834461	352.172729	-37.999001	0.173311	0	-0.164232	5.00E-06	1.300063	3.00E-06	0	0	0	-0.13	0	0.305	0	0	0
3.706	-26.226603	352.705414	-38.155621	0.173235	0	-0.164583	5.00E-06	1.384241	3.00E-06	0	0	0	-0.13	0	0.305	0	0	0
3.707	-27.014492	356.829956	-39.017616	0.173235	0	-0.165202	5.00E-06	1.424694	2.00E-06	0	0	0	-0.13	0	0.305	0	0	0
3.708	-27.014492	359.760681	-39.096027	0.173235	0	-0.165202	5.00E-06	1.424694	1.00E-06	0	0	0	-0.13	0	0.305	0	0	0
3.709	-27.245159	361.502686	-39.252853	0.173406	0	-0.164289	5.00E-06	1.392915	1.00E-06	0	0	0	-0.13	0	0.305	0	0	0
3.71	-27.245159	364.267578	-39.252853	0.173406	0	-0.164289	5.00E-06	1.38944	1.00E-06	0	0	0	-0.13	0	0.305	0	0	0
3.711	-28.184422	364.952606	-39.252853	0.173473	0	-0.164289	4.00E-06	1.314626	4.00E-06	0	0	0	-0.13	0	0.305	0	0	0
3.712	-28.57873	367.73526	-39.644543	0.173226	0	-0.164008	-3.00E-06	1.298496	4.00E-06	0	0	0	-0.13	0	0.305	0	0	0
3.713	-29.048	369.967072	-40.428211	0.173133	0	-0.164008	-3.00E-06	1.298496	4.00E-06	0	0	0	-0.13	0	0.305	0	0	0
3.714	-29.048	373.0737	-40.428211	0.172905	0	-0.164008	0	1.316773	3.00E-06	0	0	0	-0.13	0	0.305	0	0	0
3.715	-29.202978	374.807556	-40.585155	0.172905	0	-0.164418	1.00E-06	1.330518	3.00E-06	0	0	0	-0.13	0	0.305	0	0	0
3.716	-29.202978	380.33075	-40.976929	0.172905	0	-0.164231	7.00E-06	1.330518	3.00E-06	0	0	0	-0.13	0	0.305	0	0	0
3.717	-29.750099	381.183594	-41.211922	0.172697	0	-0.164231	5.00E-06	1.217071	2.00E-06	0	0	0	-0.13	0	0.305	0	0	0
3.718	-29.75371	382.065399	-41.446789	0.172697	0	-0.163676	7.00E-06	1.217071	2.00E-06	0	0	0	-0.13	0	0.305	0	0	0
3.719	-29.75371	386.208069	-41.525284	0.17312	0	-0.163462	5.00E-06	1.254249	2.00E-06	0	0	0	-0.13	0	0.305	0	0	0
3.72	-29.360125	388.106628	-42.151928	0.17312	0	-0.163462	3.00E-06	1.255484	4.00E-06	0	0	0	-0.13	0	0.305	0	0	0
3.721	-29.282993	389.83548	-42.073837	0.17312	0	-0.163462	3.00E-06	1.332409	4.00E-06	0	0	0	-0.13	0	0.305	0	0	0
3.722	-29.282993	393.630615	-42.152126	0.173065	0	-0.162924	4.00E-06	1.332409	4.00E-06	0	0	0	-0.13	0	0.305	0	0	0
3.723	-29.282993	393.987061	-42.152126	0.172932	0	-0.162266	4.00E-06	1.37843	3.00E-06	0	0	0	-0.13	0	0.305	0	0	0
3.724	-29.829395	397.445496	-42.46553	0.172932	0	-0.162266	3.00E-06	1.240553	3.00E-06	0	0	0	-0.13	0	0.305	0	0	0
3.725	-29.207308	405.544556	-42.46553	0.172932	0	-0.164276	3.00E-06	1.382021	6.00E-06	0	0	0	-0.13	0	0.305	0	0	0
3.726	-28.813725	406.233459	-42.779091	0.172701	0	-0.164276	3.00E-06	1.381891	6.00E-06	0	0	0	-0.13	0	0.305	0	0	0
3.727	-28.813725	407.964996	-42.935833	0.172701	0	-0.164094	1.00E-06	1.381891	2.00E-06	0	0	0	-0.13	0	0.305	0	0	0
3.728	-29.125128	411.247528	-42.935833	0.17274	0	-0.163406	1.00E-06	1.337608	2.00E-06	0	0	0	-0.13	0	0.305	0	0	0
3.729	-29.125128	414.194885	-42.857464	0.17274	0	-0.162737	-1.00E-06	1.328383	3.00E-06	0	0	0	-0.13	0	0.305	0	0	0
3.73	-28.887245	417.824554	-42.857464	0.17274	0	-0.162737	6.00E-06	1.282444	3.00E-06	0	0	0	-0.13	0	0.305	0	0	0
3.731	-28.652252	421.615845	-42.857464	0.172735	0	-0.16281	-1.00E-06	1.282444	7.00E-06	0	0	0	-0.13	0	0.305	0	0	0
3.732	-28.652252	423.51709	-43.170944	0.172848	0	-0.162933	6.00E-06	1.282444	9.00E-06	0	0	0	-0.13	0	0.305	0	0	0
3.733	-28.183701	426.636108	-43.170944	0.172674	0	-0.162933	3.00E-06	1.29534	9.00E-06	0	0	0	-0.13	0	0.305	0	0	0
3.734	-27.946543	429.039917	-43.405899	0.172674	0	-0.162933	3.00E-06	1.29534	9.00E-06	0	0	0	-0.13	0	0.305	0	0	0
3.735	-27.946543	430.789246	-43.405979	0.172674	0	-0.161887	3.00E-06	1.29534	7.00E-06	0	0	0	-0.13	0	0.305	0	0	0
3.736	-27.475107	435.277954	-43.562641	0.172702	0	-0.161887	3.00E-06	1.318934	5.00E-06	0	0	0	-0.13	0	0.305	0	0	0
3.737	-27.401585	440.447021	-43.562641	0.172702	0	-0.162249	5.00E-06	1.378555	6.00E-06	0	0	0	-0.13	0	0.305	0	0	0
3.738	-26.854464	442.349854	-43.797951	0.172619	0	-0.162889	3.00E-06	1.466751	6.00E-06	0	0	0	-0.13	0	0.305	0	0	0
3.739	-26.301567	445.471527	-43.484592	0.172269	0	-0.162889	5.00E-06	1.472893	6.00E-06	0	0	0	-0.13	0	0.305	0	0	0
3.74	-26.218666	452.184662	-43.56284	0.172425	0	-0.162889	5.00E-06	1.466751	5.00E-06	0	0	0	-0.13	0	0.305	0	0	0
3.741	-26.144421	452.727783	-43.484592	0.172425	0	-0.163015	5.00E-06	1.472893	3.00E-06	0	0	0	-0.13	0	0.305	0	0	0
3.742	-25.909428	458.760529	-43.406342	0.172462	0	-0.163015	8.00E-06	1.372988	5.00E-06	0	0	0	-0.13	0	0.305	0	0	0
3.743	-25.905819	462.566498	-43.014526	0.172462	0	-0.163015	3.00E-06	1.404384	5.00E-06	0	0	0	-0.13	0	0.305	0	0	0
3.744	-25.594414	463.769196	-43.092819	0.172462	0	-0.163138	3.00E-06	1.404384	5.00E-06	0	0	0	-0.13	0	0.305	0	0	0
3.745	-24.967278	472.743896	-43.092819	0.172232	0	-0.163558	3.00E-06	1.424418	5.00E-06	0	0	0	-0.13	0	0.305	0	0	0
3.746	-24.653709	472.917053	-43.249641	0.172232	0	-0.163558	6.00E-06	1.424418	4.00E-06	0	0	0	-0.13	0	0.305	0	0	0
3.747	-24.415825	475.528473	-43.797951	0.172232	0	-0.162886	6.00E-06	1.424418	4.00E-06	0	0	0	-0.13	0	0.305	0	0	0
3.748	-24.340139	478.978027	-43.249641	0.172184	0	-0.162275	8.00E-06	1.374666	2.00E-06	0	0	0	-0.13	0	0.305	0	0	0
3.749	-23.787968	483.30896	-43.327972	0.172134	0	-0.162251	5.00E-06	1.457615	2.00E-06	0	0	0	-0.13	0	0.305	0	0	0
3.75	-23.476564	485.716675	-43.327972	0.172083	0	-0.162251	3.00E-06	1.457615	1.00E-06	0	0	0	-0.13	0	0.305	0	0	0
3.751	-23.237961	491.587402	-43.327972	0.172083	0	-0.163214	3.00E-06	1.457615	1.00E-06	0	0	0	-0.13	0	0.305	0	0	0
3.752	-23.0837	494.343018	-42.544544	0.172083	0	-0.163214	3.00E-06	1.468154	1.00E-06	0	0	0	-0.13	0	0.305	0	0	0
3.753	-22.611544	498.14975	-42.544544	0.172163	0	-0.16309	2.00E-06	1.439771	4.00E-06	0	0	0	-0.13	0	0.305	0	0	0
3.754	-22.608658	500.746094	-42.466213	0.172163	0	-0.162675	1.00E-06	1.439771	5.00E-06	0	0	0	-0.13	0	0.305	0	0	0
3.755	-22.297976	501.613586	-42.622833	0.172091	0	-0.162658	2.00E-06	1.439771	4.00E-06	0	0	0	-0.13	0	0.305	0	0	0
3.756	-21.902227	505.41571	-42.466213	0.172091	0	-0.162675	3.00E-06	1.402281	5.00E-06	0	0	0	-0.13	0	0.305	0	0	0
3.757	-21.823654	512.144653	-41.917858	0.172091	0	-0.163487	4.00E-06	1.435764	7.00E-06	0	0	0	-0.13	0	0.305	0	0	0
3.758	-21.823654	515.927063	-41.917858	0.171954	0	-0.163487	4.00E-06	1.402281	7.00E-06	0	0	0	-0.13	0	0.305	0	0	0
3.759	-21.273645	515.949463	-41.682869	0.171954	0	-0.163296	4.00E-06	1.350359	8.00E-06	0	0	0	-0.13	0	0.305	0	0	0
3.76	-20.884392	521.647095	-41.682789	0.171954	0	-0.163296	8.00E-06	1.350359	1.00E-06	0	0	0	-0.13	0	0.305	0	0	0
3.761	-20.884392	524.571655	-41.212765	0.171878	0	-0.163198	9.00E-06	1.408114	0.00E+00	0	0	0	-0.13	0	0.305	0	0	0
3.762	-20.491528	527.859131	-41.055984	0.171878	0	-0.163751	9.00E-06	1.493435	0	0	0	0	-0.13	0	0.305	0	0	0
3.763	-20.491528	533.384277	-41.055984	0.171878	0	-0.164047	8.00E-06	1.408114	1.00E-06	0	0	0	-0.13	0	0.305	0	0	0
3.764	-20.491528	534.063965	-41.055984	0.171984	0	-0.164109	8.00E-06	1.369273	4.00E-06	0	0	0	-0.13	0	0.305	0	0	0
3.765	-20.330776	539.939331	-40.977814	0.171984	0	-0.164047	8.00E-06	1.319368	4.00E-06	0	0	0	-0.13	0	0.305	0	0	0
3.766	-20.330776	542.718872	-40.585999	0.171984	0	-0.164438	-1.00E-06	1.312796	6.00E-06	0	0	0	-0.13	0	0.305	0	0	0
3.767	-20.250038	546.33313	-40.585999	0.171611	0	-0.163958	-1.00E-06	1.312796	7.00E-06	0	0	0	-0.13	0	0.305	0	0	0
3.768	-20.249317	546.854614	-40.429497	0.171611	0	-0.164438	3.00E-06	1.316665	7.00E-06	0	0	0	-0.13	0	0.305	0	0	0
3.769	-19.85429	554.288696	-40.116058	0.171408	0	-0.164502	7.00E-06	1.316665	4.00E-06	0	0	0	-0.13	0	0.305	0	0	0
3.77	-19.547215	555.826172	-40.037846	0.171408	0	-0.16475	7.00E-06	1.313536	2.00E-06	0	0	0	-0.13	0	0.305	0	0	0
3.771	-19.541443	558.076538	-39.880943	0.171408	0	-0.164769	0.00E+00	1.313536	4.00E-06	0	0	0	-0.13	0	0.305	0	0	0
3.772	-19.46287	563.091736	-39.646034	0.171383	0	-0.164769	0	1.313536	5.00E-06	0	0	0	-0.13	0	0.305	0	0	0
3.773	-19.46287	566.01825	-39.411041	0.171602	0	-0.164769	7.00E-06	1.32676	5.00E-06	0	0	0	-0.13	0	0.305	0	0	0
3.774	-19.309332	566.902344	-39.019226	0.171458	0	-0.164761	7.00E-06	1.32676	3.00E-06	0	0	0	-0.13	0	0.305	0	0	0
3.775	-19.309332	571.208618	-39.019226	0.171458	0	-0.164761	7.00E-06	1.32676	3.00E-06	0	0	0	-0.13	0	0.305	0	0	0
3.776	-19.309332	574.833618	-38.940937	0.171166	0	-0.164794	3.00E-06	1.39627	2.00E-06	0	0	0	-0.13	0	0.305	0	0	0
3.777	-18.987827	578.287048	-38.784355	0.171166	0	-0.164932	3.00E-06	1.216552	5.00E-06	0	0	0	-0.13	0	0.305	0	0	0
3.778	-18.987827	583.816833	-38.627533	0.171166	0	-0.164794	3.00E-06	1.223761	5.00E-06	0	0	0	-0.13	0	0.305	0	0	0
3.779	-18.987827	584.328613	-38.314171	0.17107	0	-0.164746	6.00E-06	1.216552	5.00E-06	0	0	0	-0.13	0	0.305	0	0	0
3.78	-18.833569	585.733521	-37.530746	0.170892	0	-0.164746	1.00E-06	1.223761	2.00E-06	0	0	0	-0.13	0	0.305	0	0	0
3.781	-18.517113	592.792236	-37.452496	0.170892	0	-0.164144	6.00E-06	1.236158	2.00E-06	0	0	0	-0.13	0	0.305	0	0	0
3.782	-18.285004	593.845337	-37.452496	0.170892	0	-0.164474	3.00E-06	1.320932	0.00E+00	0	0	0	-0.13	0	0.305	0	0	0
3.783	-18.285004	596.945801	-37.217346	0.170915	0	-0.164474	6.00E-06	1.273054	1.00E-05	0	0	0	-0.13	0	0.305	0	0	0
3.784	-18.285004	603.158203	-37.138851	0.171002	0	-0.165215	5.00E-06	1.320932	1.00E-05	0	0	0	-0.13	0	0.305	0	0	0
3.785	-18.044956	605.39978	-36.355225	0.171002	0	-0.165215	5.00E-06	1.273054	1.00E-05	0	0	0	-0.13	0	0.305	0	0	0
3.786	-18.044956	606.463196	-36.355225	0.170954	0	-0.16498	3.00E-06	1.280151	7.00E-06	0	0	0	-0.13	0	0.305	0	0	0
3.787	-18.516392	610.936035	-36.198887	0.170781	0	-0.164644	3.00E-06	1.280151	7.00E-06	0	0	0	-0.13	0	0.305	0	0	0
3.788	-18.516392	612.84314	-36.198887	0.170781	0	-0.16498	9.00E-06	1.284797	6.00E-06	0	0	0	-0.13	0	0.305	0	0	0
3.789	-18.439983	618.188477	-35.806789	0.17099	0	-0.165166	9.00E-06	1.326359	7.00E-06	0	0	0	-0.13	0	0.305	0	0	0
3.79	-18.439983	621.999817	-35.415138	0.17099	0	-0.165166	7.00E-06	1.391072	6.00E-06	0	0	0	-0.13	0	0.305	0	0	0
3.791	-18.439983	622.858887	-35.258354	0.17107	0	-0.164971	5.00E-06	1.358597	6.00E-06	0	0	0	-0.13	0	0.305	0	0	0
3.792	-18.442869	627.36145	-35.101856	0.17107	0	-0.164971	7.00E-06	1.358597	5.00E-06	0	0	0	-0.13	0	0.305	0	0	0
3.793	-18.752831	632.356628	-34.944992	0.17107	0	-0.164939	7.00E-06	1.300832	6.00E-06	0	0	0	-0.13	0	0.305	0	0	0
3.794	-18.987106	633.914185	-34.944992	0.170983	0	-0.164939	1.20E-05	1.275967	2.00E-06	0	0	0	-0.13	0	0.305	0	0	0
3.795	-19.221378	636.165283	-34.866867	0.170983	0	-0.164939	7.00E-06	1.300832	7.00E-06	0	0	0	-0.13	0	0.305	0	0	0
3.796	-19.223545	642.032104	-34.866867	0.170983	0	-0.164572	9.00E-06	1.237239	2.00E-06	0	0	0	-0.13	0	0.305	0	0	0
3.797	-19.69426	642.38208	-34.47501	0.17083	0	-0.164549	9.00E-06	1.330189	7.00E-06	0	0	0	-0.13	0	0.305	0	0	0
3.798	-19.846352	644.815186	-34.47493	0.17083	0	-0.164549	9.00E-06	1.103849	7.00E-06	0	0	0	-0.13	0	0.305	0	0	0
3.799	-20.397081	649.974609	-34.161648	0.170829	0	-0.164749	9.00E-06	1.251816	7.00E-06	0	0	0	-0.13	0	0.305	0	0	0
3.8	-20.401411	653.954956	-34.31839	0.170921	0	-0.164982	7.00E-06	1.251816	7.00E-06	0	0	0	-0.13	0	0.305	0	0	0
3.801	-20.397081	658.090332	-34.083397	0.170951	0	-0.164982	5.00E-06	1.412831	7.00E-06	0	0	0	-0.13	0	0.305	0	0	0
3.802	-20.401411	661.202759	-34.004826	0.171117	0	-0.165233	5.00E-06	1.412831	1.00E-05	0	0	0	-0.13	0	0.305	0	0	0
3.803	-20.949255	663.62854	-33.691628	0.171252	0	-0.165258	5.00E-06	1.348862	1.00E-05	0	0	0	-0.13	0	0.305	0	0	0
3.804	-21.412029	667.428772	-33.456432	0.171252	0	-0.165258	5.00E-06	1.271968	1.00E-05	0	0	0	-0.13	0	0.305	0	0	0
3.805	-21.026382	671.745361	-33.378262	0.171252	0	-0.165572	1.20E-05	1.345289	5.00E-06	0	0	0	-0.13	0	0.305	0	0	0
3.806	-21.339952	674.680786	-33.378262	0.171186	0	-0.165757	1.20E-05	1.328871	5.00E-06	0	0	0	-0.13	0	0.305	0	0	0
3.807	-21.339952	677.785461	-33.848286	0.171174	0	-0.165828	-4.00E-06	1.328871	5.00E-06	0	0	0	-0.13	0	0.305	0	0	0
3.808	-21.964203	680.709656	-33.848286	0.171174	0	-0.166228	-4.00E-06	1.241785	7.00E-06	0	0	0	-0.13	0	0.305	0	0	0
3.809	-22.357786	686.764404	-33.456352	0.171202	0	-0.166228	-3.00E-06	1.12813	5.00E-06	0	0	0	-0.13	0	0.305	0	0	0
3.81	-23.142069	689.352295	-33.456352	0.171202	0	-0.166218	-1.00E-06	1.125053	7.00E-06	0	0	0	-0.13	0	0.305	0	0	0
3.811	-23.844172	691.081055	-32.907799	0.171045	0	-0.166039	8.00E-06	1.069088	9.00E-06	0	0	0	-0.13	0	0.305	0	0	0
3.812	-24.551325	692.47168	-32.516182	0.171045	0	-0.166111	4.00E-06	1.0544	9.00E-06	0	0	0	-0.13	0	0.305	0	0	0
3.813	-24.94058	698.514771	-32.516182	0.170954	0	-0.166111	8.00E-06	1.03248	5.00E-06	0	0	0	-0.13	0	0.305	0	0	0
3.814	-26.036987	701.088379	-32.359684	0.171305	0	-0.166111	8.00E-06	0.919055	-1.00E-06	0	0	0	-0.13	0	0.305	0	0	0
3.815	-26.036987	703.357544	-32.359684	0.171475	0	-0.166286	1.10E-05	0.919055	-1.00E-06	0	0	0	-0.13	0	0.305	0	0	0
3.816	-26.189081	705.936157	-32.046242	0.171475	0	-0.166067	1.10E-05	1.010241	0	0	0	0	-0.13	0	0.305	0	0	0
3.817	-26.353439	706.980347	-31.73288	0.171278	0	-0.16578	8.00E-06	1.036623	0.00E+00	0	0	0	-0.13	0	0.305	0	0	0
3.818	-26.508423	707.487549	-31.73288	0.17113	0	-0.16578	-1.00E-06	1.036623	1.10E-05	0	0	0	-0.13	0	0.305	0	0	0
3.819	-26.902006	709.742126	-31.341026	0.17085	0	-0.165846	-3.00E-06	1.036623	5.00E-06	0	0	0	-0.13	0	0.305	0	0	0
3.82	-27.605551	713.349854	-31.0275	0.17113	0	-0.165846	-1.00E-06	0.923302	5.00E-06	0	0	0	-0.13	0	0.305	0	0	0
3.821	-27.684126	715.962036	-30.244076	0.171217	0	-0.165432	-2.00E-06	0.890502	5.00E-06	0	0	0	-0.13	0	0.305	0	0	0
3.822	-28.392719	717.867065	-30.244076	0.171217	0	-0.165397	-2.00E-06	0.923302	2.00E-06	0	0	0	-0.13	0	0.305	0	0	0
3.823	-29.176279	718.892761	-30.165825	0.170928	0	-0.16518	-2.00E-06	1.000213	6.00E-06	0	0	0	-0.13	0	0.305	0	0	0
3.824	-29.254854	719.758301	-30.479187	0.170819	0	-0.16518	8.00E-06	1.000213	6.00E-06	0	0	0	-0.13	0	0.305	0	0	0
3.825	-29.64555	723.044312	-30.165825	0.170819	0	-0.16549	8.00E-06	0.908173	6.00E-06	0	0	0	-0.13	0	0.305	0	0	0
3.826	-30.741238	727.004944	-29.460567	0.170819	0	-0.16549	3.00E-06	0.85952	6.00E-06	0	0	0	-0.13	0	0.305	0	0	0
3.827	-31.054806	729.429626	-29.303787	0.170992	0	-0.165457	3.00E-06	0.85952	9.00E-06	0	0	0	-0.13	0	0.305	0	0	0
3.828	-31.526962	730.126587	-28.912176	0.170726	0	-0.165457	5.00E-06	0.861421	6.00E-06	0	0	0	-0.13	0	0.305	0	0	0
3.829	-31.84053	732.718323	-28.677103	0.170885	0	-0.165423	6.00E-06	0.911341	7.00E-06	0	0	0	-0.13	0	0.305	0	0	0
3.83	-31.919102	733.050415	-28.207001	0.170859	0	-0.165561	6.00E-06	0.911341	4.00E-06	0	0	0	-0.13	0	0.305	0	0	0
3.831	-32.467667	737.198547	-28.207001	0.170859	0	-0.165394	7.00E-06	0.908055	6.00E-06	0	0	0	-0.13	0	0.305	0	0	0
3.832	-33.564075	738.93042	-27.971888	0.170794	0	-0.165394	7.00E-06	0.790548	6.00E-06	0	0	0	-0.13	0	0.305	0	0	0
3.833	-33.640484	739.116333	-27.658484	0.170794	0	-0.165394	7.00E-06	0.707033	6.00E-06	0	0	0	-0.13	0	0.305	0	0	0
3.834	-35.207607	744.28894	-27.345081	0.170776	0	-0.16499	7.00E-06	0.790548	6.00E-06	0	0	0	-0.13	0	0.305	0	0	0
3.835	-35.289062	745.327393	-26.248293	0.170646	0	-0.164992	9.00E-06	0.649368	2.00E-06	0	0	0	-0.13	0	0.305	0	0	0
3.836	-36.620468	747.574585	-26.169884	0.170646	0	-0.164904	9.00E-06	0.698789	2.00E-06	0	0	0	-0.13	0	0.305	0	0	0
3.837	-36.851135	749.997314	-26.013142	0.170755	0	-0.164992	9.00E-06	0.698789	4.00E-06	0	0	0	-0.13	0	0.305	0	0	0
3.838	-37.324013	751.711426	-25.934971	0.170778	0	-0.16556	1.00E-05	0.698789	7.00E-06	0	0	0	-0.13	0	0.305	0	0	0
3.839	-38.264717	754.30896	-25.621449	0.171065	0	-0.165712	1.00E-05	0.63067	7.00E-06	0	0	0	-0.13	0	0.305	0	0	0
3.84	-39.123962	757.768555	-25.229916	0.171065	0	-0.16556	9.00E-06	0.618894	1.30E-05	0	0	0	-0.13	0	0.305	0	0	0
3.841	-39.597565	758.455566	-24.211136	0.171044	0	-0.165294	7.00E-06	0.598625	7.00E-06	0	0	0	-0.13	0	0.305	0	0	0
3.842	-40.378963	761.565247	-23.662821	0.170953	0	-0.165294	9.00E-06	0.618894	9.00E-06	0	0	0	-0.13	0	0.305	0	0	0
3.843	-41.244705	762.777588	-23.42767	0.170953	0	-0.165329	1.20E-05	0.564221	3.00E-06	0	0	0	-0.13	0	0.305	0	0	0
3.844	-41.558273	763.971008	-23.270767	0.170953	0	-0.165329	1.20E-05	0.541266	5.00E-06	0	0	0	-0.13	0	0.305	0	0	0
3.845	-41.713974	764.335144	-22.800903	0.171128	0	-0.165804	4.00E-06	0.541266	5.00E-06	0	0	0	-0.13	0	0.305	0	0	0
3.846	-41.713974	769.339539	-22.722532	0.171128	0	-0.165283	3.00E-06	0.541266	5.00E-06	0	0	0	-0.13	0	0.305	0	0	0
3.847	-42.41824	769.339539	-22.56563	0.171096	0	-0.165283	3.00E-06	0.514809	4.00E-06	0	0	0	-0.13	0	0.305	0	0	0
3.848	-42.498253	770.023071	-21.703875	0.171096	0	-0.165283	3.00E-06	0.514809	3.00E-06	0	0	0	-0.13	0	0.305	0	0	0
3.849	-42.65612	772.089355	-21.155521	0.171185	0	-0.165206	1.40E-05	0.68962	4.00E-06	0	0	0	-0.13	0	0.305	0	0	0
3.85	-42.736862	774.178467	-21.155399	0.171185	0	-0.165206	1.40E-05	0.700378	3.00E-06	0	0	0	-0.13	0	0.305	0	0	0
3.851	-42.736862	775.209534	-21.07699	0.171185	0	-0.165206	1.00E-06	0.68962	3.00E-06	0	0	0	-0.13	0	0.305	0	0	0
3.852	-43.675404	775.901855	-20.528433	0.171307	0	-0.165111	1.00E-06	0.47028	0.00E+00	0	0	0	-0.13	0	0.305	0	0	0
3.853	-43.911842	776.246399	-19.666355	0.171427	0	-0.164937	1.00E-06	0.47028	-3.00E-06	0	0	0	-0.13	0	0.305	0	0	0
3.854	-43.911842	777.817444	-19.431282	0.171374	0	-0.164937	7.00E-06	0.595413	0.00E+00	0	0	0	-0.13	0	0.305	0	0	0
3.855	-44.228294	778.319275	-19.274784	0.171374	0	-0.164917	7.00E-06	0.595413	1.00E-06	0	0	0	-0.13	0	0.305	0	0	0
3.856	-44.460403	779.699341	-19.274662	0.171374	0	-0.165333	6.00E-06	0.514916	3.00E-06	0	0	0	-0.13	0	0.305	0	0	0
3.857	-44.853268	779.699341	-19.274502	0.171333	0	-0.165121	6.00E-06	0.495842	7.00E-06	0	0	0	-0.13	0	0.305	0	0	0
3.858	-45.479683	780.566162	-18.412745	0.171516	0	-0.165121	4.00E-06	0.492573	7.00E-06	0	0	0	-0.13	0	0.305	0	0	0
3.859	-45.719009	781.42749	-18.177673	0.171516	0	-0.165032	-2.00E-06	0.495842	0	0	0	0	-0.13	0	0.305	0	0	0
3.86	-45.869659	781.962036	-18.099382	0.17159	0	-0.165032	-2.00E-06	0.53975	0.00E+00	0	0	0	-0.13	0	0.305	0	0	0
3.861	-45.873989	781.962036	-17.629158	0.17159	0	-0.165059	2.00E-06	0.543222	1.30E-05	0	0	0	-0.13	0	0.305	0	0	0
3.862	-46.02969	782.114746	-17.158974	0.17159	0	-0.16547	2.00E-06	0.543222	1.30E-05	0	0	0	-0.13	0	0.305	0	0	0
3.863	-46.111153	782.634399	-16.924023	0.171603	0	-0.165522	2.00E-06	0.545961	1.30E-05	0	0	0	-0.13	0	0.305	0	0	0
3.864	-47.363258	782.634399	-16.923901	0.171606	0	-0.165522	7.00E-06	0.545961	4.00E-06	0	0	0	-0.13	0	0.305	0	0	0
3.865	-47.363258	781.773804	-16.297136	0.171606	0	-0.165228	8.00E-06	0.545961	4.00E-06	0	0	0	-0.13	0	0.305	0	0	0
3.866	-46.736122	781.773804	-16.062065	0.171605	0	-0.165228	7.00E-06	0.588918	6.00E-06	0	0	0	-0.13	0	0.305	0	0	0
3.867	-46.736122	781.773804	-15.670251	0.171605	0	-0.165377	0	0.779657	6.00E-06	0	0	0	-0.13	0	0.305	0	0	0
3.868	-46.736122	782.281799	-15.59196	0.171655	0	-0.165659	0.00E+00	0.588918	1.10E-05	0	0	0	-0.13	0	0.305	0	0	0
3.869	-46.741894	780.730835	-14.886704	0.171689	0	-0.165659	6.00E-06	0.600738	4.00E-06	0	0	0	-0.13	0	0.305	0	0	0
3.87	-46.974003	779.86908	-14.729841	0.171888	0	-0.165659	6.00E-06	0.600738	7.00E-06	0	0	0	-0.13	0	0.305	0	0	0
3.871	-46.974728	779.686279	-14.024866	0.171689	0	-0.165747	8.00E-06	0.718789	5.00E-06	0	0	0	-0.13	0	0.305	0	0	0
3.872	-46.974728	779.528442	-13.946496	0.171604	0	-0.16571	8.00E-06	0.718789	6.00E-06	0	0	0	-0.13	0	0.305	0	0	0
3.873	-46.972561	777.448608	-13.711544	0.171604	0	-0.16571	9.00E-06	0.78359	5.00E-06	0	0	0	-0.13	0	0.305	0	0	0
3.874	-46.664043	777.273132	-13.162788	0.171632	0	-0.16571	9.00E-06	0.78359	6.00E-06	0	0	0	-0.13	0	0.305	0	0	0
3.875	-46.66116	775.54126	-12.849386	0.171781	0	-0.165834	9.00E-06	0.78359	8.00E-06	0	0	0	-0.13	0	0.305	0	0	0
3.876	-46.504734	775.194458	-12.692645	0.171887	0	-0.165834	9.00E-06	0.696416	8.00E-06	0	0	0	-0.13	0	0.305	0	0	0
3.877	-46.504734	773.658875	-12.379162	0.171887	0	-0.165405	7.00E-06	0.669056	8.00E-06	0	0	0	-0.13	0	0.305	0	0	0
3.878	-46.504734	770.026184	-12.144211	0.171395	0	-0.164409	-4.00E-06	0.667683	3.00E-06	0	0	0	-0.13	0	0.305	0	0	0
3.879	-46.349754	768.308105	-11.909178	0.171395	0	-0.164409	-4.00E-06	0.667683	1.00E-05	0	0	0	-0.13	0	0.305	0	0	0
3.88	-46.036907	768.308105	-11.909178	0.171644	0	-0.164813	-4.00E-06	0.778758	4.00E-06	0	0	0	-0.13	0	0.305	0	0	0
3.881	-46.036907	768.292725	-11.282132	0.172007	0	-0.165067	4.00E-06	0.778758	8.00E-06	0	0	0	-0.13	0	0.305	0	0	0
3.882	-46.036907	765.878784	-10.576875	0.172007	0	-0.165067	4.00E-06	0.87452	4.00E-06	0	0	0	-0.13	0	0.305	0	0	0
3.883	-45.412655	764.501343	-10.263433	0.172007	0	-0.164895	1.00E-05	0.787892	8.00E-06	0	0	0	-0.13	0	0.305	0	0	0
3.884	-45.412655	764.33667	-10.028522	0.171916	0	-0.164356	1.00E-05	0.787892	9.00E-06	0	0	0	-0.13	0	0.305	0	0	0
3.885	-45.254791	761.914734	-9.636547	0.172036	0	-0.164376	2.00E-06	0.787892	9.00E-06	0	0	0	-0.13	0	0.305	0	0	0
3.886	-45.177662	760.69812	-9.088073	0.172036	0	-0.164376	2.00E-06	0.787043	5.00E-06	0	0	0	-0.13	0	0.305	0	0	0
3.887	-45.176216	760.190491	-8.539477	0.172036	0	-0.164702	6.00E-06	0.812431	1.00E-06	0	0	0	-0.13	0	0.305	0	0	0
3.888	-45.176216	757.928223	-8.461348	0.172271	0	-0.164702	1.00E-05	0.812431	5.00E-06	0	0	0	-0.13	0	0.305	0	0	0
3.889	-44.944107	756.897217	-7.834381	0.172114	0	-0.164571	1.00E-05	0.866639	3.00E-06	0	0	0	-0.13	0	0.305	0	0	0
3.89	-44.944107	754.840515	-7.834341	0.172114	0	-0.164571	1.00E-05	0.898843	3.00E-06	0	0	0	-0.13	0	0.305	0	0	0
3.891	-44.944107	753.091553	-7.442447	0.172114	0	-0.164777	1.10E-05	0.898843	3.00E-06	0	0	0	-0.13	0	0.305	0	0	0
3.892	-44.632706	753.088501	-7.442447	0.172218	0	-0.164777	1.10E-05	0.898843	3.00E-06	0	0	0	-0.13	0	0.305	0	0	0
3.893	-44.632706	752.233765	-6.580449	0.172293	0	-0.164433	9.00E-06	0.87628	5.00E-06	0	0	0	-0.13	0	0.305	0	0	0
3.894	-44.632706	749.830688	-6.110546	0.172385	0	-0.163973	9.00E-06	0.87628	7.00E-06	0	0	0	-0.13	0	0.305	0	0	0
3.895	-44.710556	749.468506	-5.953724	0.172385	0	-0.163973	4.00E-06	0.917653	5.00E-06	0	0	0	-0.13	0	0.305	0	0	0
3.896	-44.087029	748.268555	-5.561871	0.172385	0	-0.164723	4.00E-06	1.038072	5.00E-06	0	0	0	-0.13	0	0.305	0	0	0
3.897	-44.087029	748.075562	-5.32688	0.172374	0	-0.164723	4.00E-06	0.917653	5.00E-06	0	0	0	-0.13	0	0.305	0	0	0
3.898	-44.087029	744.646545	-5.248267	0.172374	0	-0.164289	-2.00E-06	0.895433	8.00E-06	0	0	0	-0.13	0	0.305	0	0	0
3.899	-44.084137	742.21875	-4.935025	0.172444	0	-0.163878	9.00E-06	0.895433	8.00E-06	0	0	0	-0.13	0	0.305	0	0	0
3.9	-44.007011	740.334473	-4.856654	0.172499	0	-0.16384	7.00E-06	0.944188	5.00E-06	0	0	0	-0.13	0	0.305	0	0	0
3.901	-43.618477	740.319824	-4.30814	0.17274	0	-0.16384	7.00E-06	1.046066	5.00E-06	0	0	0	-0.13	0	0.305	0	0	0
3.902	-43.458447	740.319824	-3.759786	0.17274	0	-0.163796	7.00E-06	1.046066	5.00E-06	0	0	0	-0.13	0	0.305	0	0	0
3.903	-43.458447	737.903687	-3.446101	0.172832	0	-0.164315	7.00E-06	1.144869	7.00E-06	0	0	0	-0.13	0	0.305	0	0	0
3.904	-43.458447	737.385193	-3.446101	0.172898	0	-0.163859	6.00E-06	0.907781	7.00E-06	0	0	0	-0.13	0	0.305	0	0	0
3.905	-43.382759	733.072388	-3.446101	0.172898	0	-0.163859	4.00E-06	0.986788	7.00E-06	0	0	0	-0.13	0	0.305	0	0	0
3.906	-43.382759	733.06897	-2.662515	0.172898	0	-0.163661	-2.00E-06	0.986788	9.00E-06	0	0	0	-0.13	0	0.305	0	0	0
3.907	-42.754902	733.06897	-2.505774	0.173129	0	-0.163661	4.00E-06	1.040784	6.00E-06	0	0	0	-0.13	0	0.305	0	0	0
3.908	-42.674885	733.06897	-2.03579	0.173129	0	-0.164284	7.00E-06	1.040784	6.00E-06	0	0	0	-0.13	0	0.305	0	0	0
3.909	-42.362759	731.158447	-1.878968	0.173133	0	-0.164284	7.00E-06	1.020448	6.00E-06	0	0	0	-0.13	0	0.305	0	0	0
3.91	-42.674885	730.128906	-1.408864	0.173133	0	-0.164263	7.00E-06	0.978376	-1.00E-06	0	0	0	-0.13	0	0.305	0	0	0
3.911	-42.597755	729.255981	-0.546745	0.173133	0	-0.164121	7.00E-06	0.978376	6.00E-06	0	0	0	-0.13	0	0.305	0	0	0
3.912	-42.597755	726.673218	-0.468575	0.173151	0	-0.164121	7.00E-06	0.978376	3.00E-06	0	0	0	-0.13	0	0.305	0	0	0
3.913	-42.2085	726.673218	-0.233422	0.173151	0	-0.164121	8.00E-06	0.99522	6.00E-06	0	0	0	-0.13	0	0.305	0	0	0
3.914	-42.128483	724.775452	0.550204	0.173151	0	-0.163507	6.00E-06	1.013834	6.00E-06	0	0	0	-0.13	0	0.305	0	0	0
3.915	-41.974945	723.90332	0.550204	0.173419	0	-0.164074	8.00E-06	1.036389	6.00E-06	0	0	0	-0.13	0	0.305	0	0	0
3.916	-41.659214	723.90332	0.942179	0.173444	0	-0.164074	8.00E-06	1.036389	3.00E-06	0	0	0	-0.13	0	0.305	0	0	0
3.917	-41.662098	723.90332	1.333791	0.173444	0	-0.164074	8.00E-06	1.036389	2.00E-06	0	0	0	-0.13	0	0.305	0	0	0
3.918	-41.662098	722.009766	2.35253	0.173542	0	-0.163281	8.00E-06	1.114129	2.00E-06	0	0	0	-0.13	0	0.305	0	0	0
3.919	-41.662098	719.943848	2.509353	0.17341	0	-0.163281	-1.00E-06	1.114129	3.00E-06	0	0	0	-0.13	0	0.305	0	0	0
3.92	-41.428547	719.919922	2.901086	0.173507	0	-0.163844	-5.00E-06	1.114129	3.00E-06	0	0	0	-0.13	0	0.305	0	0	0
3.921	-41.032795	719.575439	2.901086	0.173507	0	-0.163844	-1.00E-06	1.1338	3.00E-06	0	0	0	-0.13	0	0.305	0	0	0
3.922	-41.032795	719.236816	2.901247	0.173784	0	-0.164058	0	1.041962	4.00E-06	0	0	0	-0.13	0	0.305	0	0	0
3.923	-40.803574	718.019775	3.214609	0.173784	0	-0.16359	8.00E-06	1.041962	7.00E-06	0	0	0	-0.13	0	0.305	0	0	0
3.924	-41.037849	714.078857	3.528295	0.173807	0	-0.162772	8.00E-06	1.041962	7.00E-06	0	0	0	-0.13	0	0.305	0	0	0
3.925	-41.037849	713.892578	3.684834	0.173674	0	-0.162678	6.00E-06	1.043723	7.00E-06	0	0	0	-0.13	0	0.305	0	0	0
3.926	-41.037849	713.190186	4.311719	0.173461	0	-0.162478	6.00E-06	1.076222	6.00E-06	0	0	0	-0.13	0	0.305	0	0	0
3.927	-40.647152	713.185181	4.311719	0.173461	0	-0.162678	1.00E-05	1.120124	4.00E-06	0	0	0	-0.13	0	0.305	0	0	0
3.928	-40.571465	712.502808	4.390131	0.173783	0	-0.16254	1.00E-05	1.120124	5.00E-06	0	0	0	-0.13	0	0.305	0	0	0
3.929	-40.49506	712.502808	5.487362	0.173878	0	-0.16254	7.00E-06	1.120124	5.00E-06	0	0	0	-0.13	0	0.305	0	0	0
3.93	-40.492893	709.935852	5.487362	0.173938	0	-0.161482	7.00E-06	1.18759	5.00E-06	0	0	0	-0.13	0	0.305	0	0	0
3.931	-40.338631	709.568237	5.487362	0.173944	0	-0.161482	9.00E-06	1.18759	9.00E-06	0	0	0	-0.13	0	0.305	0	0	0
3.932	-40.105804	709.935852	5.25233	0.174036	0	-0.161463	9.00E-06	1.192624	9.00E-06	0	0	0	-0.13	0	0.305	0	0	0
3.933	-40.027954	710.271851	5.565893	0.174036	0	-0.161646	9.00E-06	1.212647	4.00E-06	0	0	0	-0.13	0	0.305	0	0	0
3.934	-40.027954	710.271851	5.409072	0.17422	0	-0.161423	1.10E-05	1.212647	4.00E-06	0	0	0	-0.13	0	0.305	0	0	0
3.935	-40.027954	708.369751	5.565893	0.174397	0	-0.161382	1.10E-05	1.212647	3.00E-06	0	0	0	-0.13	0	0.305	0	0	0
3.936	-39.796566	707.517395	5.801045	0.174614	0	-0.160947	9.00E-06	1.309621	8.00E-06	0	0	0	-0.13	0	0.305	0	0	0
3.937	-39.796566	707.338013	5.879617	0.174614	0	-0.160661	9.00E-06	1.20152	6.00E-06	0	0	0	-0.13	0	0.305	0	0	0
3.938	-39.719433	705.269409	6.19298	0.174629	0	-0.160483	8.00E-06	1.35883	6.00E-06	0	0	0	-0.13	0	0.305	0	0	0
3.939	-39.563011	705.269409	6.428212	0.174629	0	-0.160229	9.00E-06	1.20152	6.00E-06	0	0	0	-0.13	0	0.305	0	0	0
3.94	-39.563011	705.61615	6.428212	0.174782	0	-0.160483	8.00E-06	1.235143	1.00E-06	0	0	0	-0.13	0	0.305	0	0	0
3.941	-39.643028	705.61615	6.428212	0.175037	0	-0.160187	-6.00E-06	1.195204	7.00E-06	0	0	0	-0.13	0	0.305	0	0	0
3.942	-39.643028	704.398438	6.663446	0.174977	0	-0.160342	-6.00E-06	1.235143	5.00E-06	0	0	0	-0.13	0	0.305	0	0	0
3.943	-39.643028	703.711426	7.05526	0.174977	0	-0.159808	-6.00E-06	1.379245	5.00E-06	0	0	0	-0.13	0	0.305	0	0	0
3.944	-39.415245	703.711426	7.05542	0.174977	0	-0.159808	0	1.395195	5.00E-06	0	0	0	-0.13	0	0.305	0	0	0
3.945	-39.493095	703.539062	7.05542	0.175158	0	-0.159782	0.00E+00	1.395195	7.00E-06	0	0	0	-0.13	0	0.305	0	0	0
3.946	-39.336674	703.539062	6.89884	0.175278	0	-0.159782	-4.00E-06	1.395195	7.00E-06	0	0	0	-0.13	0	0.305	0	0	0
3.947	-39.023827	703.014832	6.89884	0.175522	0	-0.159782	-4.00E-06	1.389863	7.00E-06	0	0	0	-0.13	0	0.305	0	0	0
3.948	-39.023827	702.868286	7.055541	0.175677	0	-0.158719	1.20E-05	1.36832	6.00E-06	0	0	0	-0.13	0	0.305	0	0	0
3.949	-39.262428	701.656372	7.290814	0.175865	0	-0.158511	1.20E-05	1.365813	3.00E-06	0	0	0	-0.13	0	0.305	0	0	0
3.95	-39.262428	701.639404	7.290814	0.175865	0	-0.158511	1.00E-05	1.36832	3.00E-06	0	0	0	-0.13	0	0.305	0	0	0
3.951	-39.107452	701.639404	6.899202	0.175865	0	-0.158623	4.00E-06	1.428577	3.00E-06	0	0	0	-0.13	0	0.305	0	0	0
3.952	-39.107452	701.639404	6.899202	0.176184	0	-0.158623	4.00E-06	1.428577	5.00E-06	0	0	0	-0.13	0	0.305	0	0	0
3.953	-39.107452	701.311157	6.899202	0.176294	0	-0.158415	4.00E-06	1.341859	3.00E-06	0	0	0	-0.13	0	0.305	0	0	0
3.954	-39.187466	701.311157	6.742743	0.176591	0	-0.158308	4.00E-06	1.341859	6.00E-06	0	0	0	-0.13	0	0.305	0	0	0
3.955	-38.879669	701.311157	6.586281	0.176617	0	-0.158308	1.10E-05	1.454749	4.00E-06	0	0	0	-0.13	0	0.305	0	0	0
3.956	-38.883278	701.294189	6.586241	0.176691	0	-0.158308	1.10E-05	1.484613	8.00E-06	0	0	0	-0.13	0	0.305	0	0	0
3.957	-38.883278	699.916748	6.351372	0.176738	0	-0.158397	6.00E-06	1.508853	5.00E-06	0	0	0	-0.13	0	0.305	0	0	0
3.958	-39.116829	699.229004	5.724686	0.176817	0	-0.158098	-3.00E-06	1.508853	8.00E-06	0	0	0	-0.13	0	0.305	0	0	0
3.959	-39.116829	698.375061	5.724686	0.176888	0	-0.157668	-3.00E-06	1.508853	5.00E-06	0	0	0	-0.13	0	0.305	0	0	0
3.96	-39.351105	698.014038	6.03817	0.177273	0	-0.157602	2.00E-06	1.507321	7.00E-06	0	0	0	-0.13	0	0.305	0	0	0
3.961	-39.046196	698.375061	6.03817	0.177273	0	-0.15726	3.00E-06	1.548815	7.00E-06	0	0	0	-0.13	0	0.305	0	0	0
3.962	-39.046196	698.014038	5.333235	0.17739	0	-0.15726	5.00E-06	1.548815	9.00E-06	0	0	0	-0.13	0	0.305	0	0	0
3.963	-39.046196	698.875366	5.333235	0.17739	0	-0.15726	1.00E-05	1.548815	9.00E-06	0	0	0	-0.13	0	0.305	0	0	0
3.964	-39.360489	697.850525	5.333515	0.177517	0	-0.156778	9.00E-06	1.426359	1.00E-05	0	0	0	-0.13	0	0.305	0	0	0
3.965	-39.360489	696.309204	5.411686	0.177656	0	-0.156307	9.00E-06	1.426359	6.00E-06	0	0	0	-0.13	0	0.305	0	0	0
3.966	-39.755512	696.309204	5.411808	0.177791	0	-0.156307	8.00E-06	1.533121	1.00E-05	0	0	0	-0.13	0	0.305	0	0	0
3.967	-39.755512	696.477051	5.411808	0.177969	0	-0.155809	0.00E+00	1.533121	6.00E-06	0	0	0	-0.13	0	0.305	0	0	0
3.968	-39.755512	697.155457	5.255466	0.178	0	-0.15625	0	1.533121	3.00E-06	0	0	0	-0.13	0	0.305	0	0	0
3.969	-39.836975	696.477051	5.255466	0.178284	0	-0.156023	1.00E-06	1.520912	2.00E-06	0	0	0	-0.13	0	0.305	0	0	0
3.97	-39.915543	696.118225	5.255548	0.178306	0	-0.156023	9.00E-06	1.520912	2.00E-06	0	0	0	-0.13	0	0.305	0	0	0
3.971	-39.91843	696.118225	5.334	0.178306	0	-0.155081	9.00E-06	1.520912	7.00E-06	0	0	0	-0.13	0	0.305	0	0	0
3.972	-39.915543	696.639404	5.49074	0.178583	0	-0.155081	1.20E-05	1.621599	9.00E-06	0	0	0	-0.13	0	0.305	0	0	0
3.973	-39.6856	696.639404	5.882433	0.178583	0	-0.155081	5.00E-06	1.640986	7.00E-06	0	0	0	-0.13	0	0.305	0	0	0
3.974	-39.532066	694.748169	5.882433	0.178583	0	-0.155072	1.00E-05	1.663865	1.00E-06	0	0	0	-0.13	0	0.305	0	0	0
3.975	-39.532066	693.874146	5.882635	0.178625	0	-0.154925	5.00E-06	1.663865	1.00E-06	0	0	0	-0.13	0	0.305	0	0	0
3.976	-40.159203	693.186401	5.882797	0.178804	0	-0.15473	-4.00E-06	1.550498	4.00E-06	0	0	0	-0.13	0	0.305	0	0	0
3.977	-40.159203	693.186401	6.196442	0.179014	0	-0.154393	-4.00E-06	1.550498	9.00E-06	0	0	0	-0.13	0	0.305	0	0	0
3.978	-40.237774	694.745972	6.666544	0.179014	0	-0.154024	1.00E-06	1.65319	9.00E-06	0	0	0	-0.13	0	0.305	0	0	0
3.979	-40.086403	694.745972	6.666544	0.178962	0	-0.153958	6.00E-06	1.65319	6.00E-06	0	0	0	-0.13	0	0.305	0	0	0
3.98	-40.086403	694.060181	6.666544	0.178962	0	-0.153649	6.00E-06	1.65319	3.00E-06	0	0	0	-0.13	0	0.305	0	0	0
3.981	-40.086403	691.294067	6.901617	0.179407	0	-0.153114	7.00E-06	1.628057	2.00E-06	0	0	0	-0.13	0	0.305	0	0	0
3.982	-40.484314	693.890503	7.058437	0.17943	0	-0.152874	7.00E-06	1.666143	2.00E-06	0	0	0	-0.13	0	0.305	0	0	0
3.983	-40.634964	693.890503	7.136971	0.17958	0	-0.152874	7.00E-06	1.665086	2.00E-06	0	0	0	-0.13	0	0.305	0	0	0
3.984	-40.640018	694.582458	7.685644	0.17959	0	-0.152731	9.00E-06	1.666143	8.00E-06	0	0	0	-0.13	0	0.305	0	0	0
3.985	-40.640018	694.582458	7.685644	0.179967	0	-0.152513	8.00E-06	1.740862	1.00E-06	0	0	0	-0.13	0	0.305	0	0	0
3.986	-40.644348	694.582458	7.763935	0.18021	0	-0.152148	9.00E-06	1.740862	6.00E-06	0	0	0	-0.13	0	0.305	0	0	0
3.987	-40.881508	694.075195	8.077539	0.180219	0	-0.152043	8.00E-06	1.712041	0.00E+00	0	0	0	-0.13	0	0.305	0	0	0
3.988	-40.885834	694.422791	8.312653	0.180293	0	-0.151634	-2.00E-06	1.712041	6.00E-06	0	0	0	-0.13	0	0.305	0	0	0
3.989	-40.962242	694.422791	8.704546	0.180612	0	-0.151612	-2.00E-06	1.727984	7.00E-06	0	0	0	-0.13	0	0.305	0	0	0
3.99	-40.962242	694.422791	8.704546	0.180747	0	-0.151265	6.00E-06	1.797769	8.00E-06	0	0	0	-0.13	0	0.305	0	0	0
3.991	-40.962242	695.631714	8.704546	0.180816	0	-0.151265	8.00E-06	1.871633	7.00E-06	0	0	0	-0.13	0	0.305	0	0	0
3.992	-41.045147	695.631714	8.626135	0.180816	0	-0.151183	8.00E-06	1.871633	6.00E-06	0	0	0	-0.13	0	0.305	0	0	0
3.993	-41.518021	695.642517	8.626135	0.181035	0	-0.150868	5.00E-06	1.866494	5.00E-06	0	0	0	-0.13	0	0.305	0	0	0
3.994	-41.595875	696.1474	9.096439	0.181103	0	-0.150361	2.00E-06	1.862907	5.00E-06	0	0	0	-0.13	0	0.305	0	0	0
3.995	-41.597321	696.499207	9.410084	0.181349	0	-0.150361	2.00E-06	1.866494	5.00E-06	0	0	0	-0.13	0	0.305	0	0	0
3.996	-41.835201	697.531433	9.488455	0.181349	0	-0.150174	2.00E-06	1.893376	6.00E-06	0	0	0	-0.13	0	0.305	0	0	0
3.997	-41.992344	697.531433	9.566906	0.181349	0	-0.149795	9.00E-06	1.893376	7.00E-06	0	0	0	-0.13	0	0.305	0	0	0
3.998	-42.070919	697.531433	9.488455	0.181576	0	-0.149795	-1.00E-06	1.843308	7.00E-06	0	0	0	-0.13	0	0.305	0	0	0
3.999	-42.618042	697.881714	9.566906	0.181817	0	-0.149558	7.00E-06	1.827973	7.00E-06	0	0	0	-0.13	0	0.305	0	0	0
4	-42.623093	697.881714	9.72381	0.18193	0	-0.149558	7.00E-06	1.824358	8.00E-06	0	0	0	-0.13	0	0.305	0	0	0
4.001	-42.93594	697.881714	9.723848	0.18193	0	-0.149012	7.00E-06	1.827973	8.00E-06	0	0	0	-0.13	0	0.305	0	0	0
4.002	-42.783844	697.879761	9.802179	0.182086	0	-0.149012	7.00E-06	1.891514	4.00E-06	0	0	0	-0.13	0	0.305	0	0	0
4.003	-42.783844	698.403992	9.958961	0.182126	0	-0.149057	7.00E-06	1.991735	4.00E-06	0	0	0	-0.13	0	0.305	0	0	0
4.004	-42.783844	700.125854	10.742588	0.182815	0	-0.149057	7.00E-06	1.991735	3.00E-06	0	0	0	-0.13	0	0.305	0	0	0
4.005	-42.943874	700.125854	10.74275	0.182901	0	-0.148936	7.00E-06	1.912104	6.00E-06	0	0	0	-0.13	0	0.305	0	0	0
4.006	-43.096691	700.131653	11.291304	0.183072	0	-0.148577	5.00E-06	1.912104	6.00E-06	0	0	0	-0.13	0	0.305	0	0	0
4.007	-42.943874	700.984924	11.291304	0.183072	0	-0.148577	7.00E-06	2.012121	6.00E-06	0	0	0	-0.13	0	0.305	0	0	0
4.008	-43.101021	700.984924	11.291304	0.183151	0	-0.148636	4.00E-06	2.012121	6.00E-06	0	0	0	-0.13	0	0.305	0	0	0
4.009	-43.26033	700.815918	11.134762	0.183151	0	-0.148658	1.10E-05	1.947833	1.20E-05	0	0	0	-0.13	0	0.305	0	0	0
4.01	-43.648865	700.815918	11.134762	0.183441	0	-0.14866	7.00E-06	1.947833	1.20E-05	0	0	0	-0.13	0	0.305	0	0	0
4.011	-43.263939	701.339355	11.291304	0.183609	0	-0.14866	1.10E-05	1.967103	5.00E-06	0	0	0	-0.13	0	0.305	0	0	0
4.012	-43.342506	701.343628	12.074934	0.183659	0	-0.148256	7.00E-06	2.082882	5.00E-06	0	0	0	-0.13	0	0.305	0	0	0
4.013	-43.342506	701.339355	12.074934	0.183659	0	-0.148256	1.10E-05	2.103747	5.00E-06	0	0	0	-0.13	0	0.305	0	0	0
4.014	-43.733208	701.166626	12.074934	0.183772	0	-0.147881	1.20E-05	2.103747	4.00E-06	0	0	0	-0.13	0	0.305	0	0	0
4.015	-43.736092	701.149658	12.466906	0.183772	0	-0.147754	1.20E-05	1.956225	4.00E-06	0	0	0	-0.13	0	0.305	0	0	0
4.016	-44.125351	701.166626	12.545198	0.183969	0	-0.147754	0	1.956225	5.00E-06	0	0	0	-0.13	0	0.305	0	0	0
4.017	-44.125351	700.646667	12.545319	0.184	0	-0.147695	-3.00E-06	2.001655	1.00E-05	0	0	0	-0.13	0	0.305	0	0	0
4.018	-43.815392	701.173218	12.702017	0.184191	0	-0.14722	-3.00E-06	2.030822	1.00E-05	0	0	0	-0.13	0	0.305	0	0	0
4.019	-43.815392	701.173218	12.78043	0.184316	0	-0.14722	1.00E-05	2.101451	4.00E-06	0	0	0	-0.13	0	0.305	0	0	0
4.02	-43.429745	701.173218	13.015421	0.184316	0	-0.147035	1.00E-05	2.184154	4.00E-06	0	0	0	-0.13	0	0.305	0	0	0
4.021	-43.817554	701.851685	13.564096	0.184316	0	-0.146874	7.00E-06	2.101451	2.00E-06	0	0	0	-0.13	0	0.305	0	0	0
4.022	-43.665462	702.547974	13.955832	0.184475	0	-0.146874	6.00E-06	2.184154	2.00E-06	0	0	0	-0.13	0	0.305	0	0	0
4.023	-43.978306	702.547974	14.112692	0.184502	0	-0.146874	1.00E-06	2.055527	1.20E-05	0	0	0	-0.13	0	0.305	0	0	0
4.024	-43.824051	701.172485	14.190943	0.184833	0	-0.146165	0.00E+00	2.225492	1.20E-05	0	0	0	-0.13	0	0.305	0	0	0
4.025	-43.898293	700.478577	14.190943	0.184833	0	-0.145892	-1.00E-06	2.050776	1.10E-05	0	0	0	-0.13	0	0.305	0	0	0
4.026	-43.898293	700.650269	14.504427	0.184575	0	-0.145892	0.00E+00	2.201401	1.10E-05	0	0	0	-0.13	0	0.305	0	0	0
4.027	-43.898293	700.650269	14.817949	0.184575	0	-0.145629	1.00E-05	2.028751	4.00E-06	0	0	0	-0.13	0	0.305	0	0	0
4.028	-43.982635	700.997803	14.818069	0.184896	0	-0.145597	1.00E-05	2.122655	3.00E-06	0	0	0	-0.13	0	0.305	0	0	0
4.029	-43.743313	701.184937	15.209803	0.185017	0	-0.145597	9.00E-06	2.122655	-2.00E-06	0	0	0	-0.13	0	0.305	0	0	0
4.03	-44.139061	701.184937	15.366583	0.185019	0	-0.145129	-2.00E-06	2.197508	-2.00E-06	0	0	0	-0.13	0	0.305	0	0	0
4.031	-43.670509	701.184937	15.366583	0.185096	0	-0.14456	4.00E-06	2.197508	-2.00E-06	0	0	0	-0.13	0	0.305	0	0	0
4.032	-43.908394	702.033142	15.836891	0.185113	0	-0.14456	-7.00E-06	2.177443	2.00E-06	0	0	0	-0.13	0	0.305	0	0	0
4.033	-43.594826	701.351196	15.836891	0.185113	0	-0.14456	1.00E-06	2.177443	4.00E-06	0	0	0	-0.13	0	0.305	0	0	0
4.034	-43.908394	702.033142	15.836891	0.185473	0	-0.144419	1.00E-06	2.177443	4.00E-06	0	0	0	-0.13	0	0.305	0	0	0
4.035	-44.221237	701.721436	15.993471	0.185648	0	-0.14433	1.00E-06	2.129032	4.00E-06	0	0	0	-0.13	0	0.305	0	0	0
4.036	-44.221237	702.902954	16.228662	0.185847	0	-0.144026	5.00E-06	2.129032	6.00E-06	0	0	0	-0.13	0	0.305	0	0	0
4.037	-43.834148	702.396851	15.993471	0.185847	0	-0.143723	5.00E-06	2.221692	6.00E-06	0	0	0	-0.13	0	0.305	0	0	0
4.038	-43.758461	702.396851	16.228662	0.185934	0	-0.143723	0.00E+00	2.349914	2.00E-06	0	0	0	-0.13	0	0.305	0	0	0
4.039	-43.758461	702.219421	16.307074	0.185934	0	-0.143723	0	2.349914	2.00E-06	0	0	0	-0.13	0	0.305	0	0	0
4.04	-43.758461	701.363159	16.93392	0.185981	0	-0.143051	6.00E-06	2.340027	6.00E-06	0	0	0	-0.13	0	0.305	0	0	0
4.041	-44.149883	702.219421	17.012331	0.18617	0	-0.143051	6.00E-06	2.282146	1.00E-05	0	0	0	-0.13	0	0.305	0	0	0
4.042	-44.306309	702.751404	17.012331	0.186297	0	-0.142833	1.00E-05	2.282146	1.00E-05	0	0	0	-0.13	0	0.305	0	0	0
4.043	-44.149883	703.267883	17.012331	0.186235	0	-0.142806	8.00E-06	2.343398	9.00E-06	0	0	0	-0.13	0	0.305	0	0	0
4.044	-44.074196	703.955261	17.560844	0.186403	0	-0.142806	8.00E-06	2.371784	4.00E-06	0	0	0	-0.13	0	0.305	0	0	0
4.045	-43.99707	704.292725	17.560844	0.18643	0	-0.142923	7.00E-06	2.435654	9.00E-06	0	0	0	-0.13	0	0.305	0	0	0
4.046	-44.074196	704.292725	17.639214	0.18643	0	-0.142923	7.00E-06	2.371784	6.00E-06	0	0	0	-0.13	0	0.305	0	0	0
4.047	-44.627815	704.292725	18.030991	0.18643	0	-0.142127	3.00E-06	2.432514	1.20E-05	0	0	0	-0.13	0	0.305	0	0	0
4.048	-44.702778	704.990601	18.187853	0.186625	0	-0.142127	1.10E-05	2.419022	7.00E-06	0	0	0	-0.13	0	0.305	0	0	0
4.049	-44.627815	704.990601	18.422682	0.186625	0	-0.142025	3.00E-06	2.432514	7.00E-06	0	0	0	-0.13	0	0.305	0	0	0
4.05	-44.082855	706.03125	18.422844	0.186893	0	-0.141986	7.00E-06	2.459961	6.00E-06	0	0	0	-0.13	0	0.305	0	0	0
4.051	-44.078529	705.677612	18.736324	0.187045	0	-0.141986	7.00E-06	2.459961	5.00E-06	0	0	0	-0.13	0	0.305	0	0	0
4.052	-44.078529	706.03125	19.519953	0.187093	0	-0.141949	7.00E-06	2.372849	3.00E-06	0	0	0	-0.13	0	0.305	0	0	0
4.053	-44.707108	707.415649	19.519953	0.187171	0	-0.141828	1.20E-05	2.372849	3.00E-06	0	0	0	-0.13	0	0.305	0	0	0
4.054	-45.015625	708.448242	20.068306	0.187198	0	-0.141828	7.00E-06	2.412931	3.00E-06	0	0	0	-0.13	0	0.305	0	0	0
4.055	-45.0214	708.448242	20.22481	0.187386	0	-0.141828	4.00E-06	2.412931	4.00E-06	0	0	0	-0.13	0	0.305	0	0	0
4.056	-45.0214	709.139099	20.460039	0.18737	0	-0.141836	4.00E-06	2.441153	5.00E-06	0	0	0	-0.13	0	0.305	0	0	0
4.057	-45.0214	707.93335	20.460201	0.187386	0	-0.141406	6.00E-06	2.382474	6.00E-06	0	0	0	-0.13	0	0.305	0	0	0
4.058	-45.492111	708.1073	21.008835	0.187445	0	-0.141115	8.00E-06	2.390719	7.00E-06	0	0	0	-0.13	0	0.305	0	0	0
4.059	-45.884254	708.1073	21.086966	0.187481	0	-0.141115	6.00E-06	2.3677	7.00E-06	0	0	0	-0.13	0	0.305	0	0	0
4.06	-45.571411	710.175537	21.165297	0.18782	0	-0.141328	9.00E-06	2.390719	7.00E-06	0	0	0	-0.13	0	0.305	0	0	0
4.061	-45.571411	710.175537	21.713892	0.18782	0	-0.141328	-1.00E-06	2.3677	7.00E-06	0	0	0	-0.13	0	0.305	0	0	0
4.062	-45.571411	711.036865	21.713892	0.187675	0	-0.141444	1.00E-06	2.398409	7.00E-06	0	0	0	-0.13	0	0.305	0	0	0
4.063	-45.885696	710.683594	21.713892	0.187675	0	-0.141418	1.00E-06	2.348973	9.00E-06	0	0	0	-0.13	0	0.305	0	0	0
4.064	-46.280003	710.683594	22.105745	0.187804	0	-0.141418	1.00E-06	2.361546	7.00E-06	0	0	0	-0.13	0	0.305	0	0	0
4.065	-46.280003	710.683594	22.889294	0.187852	0	-0.141418	5.00E-06	2.361546	7.00E-06	0	0	0	-0.13	0	0.305	0	0	0
4.066	-46.123577	712.072998	23.202574	0.187858	0	-0.14096	5.00E-06	2.473674	-3.00E-06	0	0	0	-0.13	0	0.305	0	0	0
4.067	-46.123577	712.072998	23.280985	0.187953	0	-0.14096	7.00E-06	2.473674	-3.00E-06	0	0	0	-0.13	0	0.305	0	0	0
4.068	-46.046448	712.072998	23.437769	0.187953	0	-0.140748	-3.00E-06	2.468057	-2.00E-06	0	0	0	-0.13	0	0.305	0	0	0
4.069	-46.437145	711.212036	24.064491	0.18843	0	-0.140399	-2.00E-06	2.402858	4.00E-06	0	0	0	-0.13	0	0.305	0	0	0
4.07	-46.437145	712.077637	24.142902	0.18843	0	-0.140399	-2.00E-06	2.405498	3.00E-06	0	0	0	-0.13	0	0.305	0	0	0
4.071	-46.596458	712.077637	24.847958	0.188238	0	-0.140399	4.00E-06	2.405498	4.00E-06	0	0	0	-0.13	0	0.305	0	0	0
4.072	-46.674309	712.077637	24.848158	0.188175	0	-0.140188	6.00E-06	2.419055	1.00E-05	0	0	0	-0.13	0	0.305	0	0	0
4.073	-46.752876	711.731628	25.239853	0.188238	0	-0.140251	6.00E-06	2.482981	1.00E-05	0	0	0	-0.13	0	0.305	0	0	0
4.074	-46.991486	711.731628	25.631506	0.18862	0	-0.140251	5.00E-06	2.482981	8.00E-06	0	0	0	-0.13	0	0.305	0	0	0
4.075	-46.991486	712.600708	26.180222	0.18862	0	-0.140251	5.00E-06	2.482981	8.00E-06	0	0	0	-0.13	0	0.305	0	0	0
4.076	-47.147903	712.944397	26.493502	0.188701	0	-0.139856	2.00E-06	2.418521	8.00E-06	0	0	0	-0.13	0	0.305	0	0	0
4.077	-47.693584	712.944397	27.042097	0.188701	0	-0.139856	5.00E-06	2.395241	8.00E-06	0	0	0	-0.13	0	0.305	0	0	0
4.078	-47.540047	713.457031	27.355581	0.188701	0	-0.139293	1.00E-06	2.395241	8.00E-06	0	0	0	-0.13	0	0.305	0	0	0
4.079	-47.540047	714.148987	27.433872	0.188712	0	-0.139691	8.00E-06	2.419272	8.00E-06	0	0	0	-0.13	0	0.305	0	0	0
4.08	-47.540047	713.793335	27.512123	0.188645	0	-0.139691	3.00E-06	2.46266	4.00E-06	0	0	0	-0.13	0	0.305	0	0	0
4.081	-47.538605	713.793335	28.217299	0.188938	0	-0.139691	3.00E-06	2.46266	4.00E-06	0	0	0	-0.13	0	0.305	0	0	0
4.082	-47.538605	713.793335	28.295547	0.188928	0	-0.13914	3.00E-06	2.533269	7.00E-06	0	0	0	-0.13	0	0.305	0	0	0
4.083	-47.538605	714.671631	29.000965	0.188928	0	-0.13914	2.00E-06	2.424254	7.00E-06	0	0	0	-0.13	0	0.305	0	0	0
4.084	-47.622231	714.671631	29.314207	0.188797	0	-0.139031	0.00E+00	2.519208	4.00E-06	0	0	0	-0.13	0	0.305	0	0	0
4.085	-47.622231	714.33844	29.549398	0.188797	0	-0.138576	0	2.44649	4.00E-06	0	0	0	-0.13	0	0.305	0	0	0
4.086	-47.545818	714.314087	29.784391	0.188988	0	-0.138576	4.00E-06	2.519208	4.00E-06	0	0	0	-0.13	0	0.305	0	0	0
4.087	-47.462921	714.336914	29.862923	0.189059	0	-0.138576	4.00E-06	2.539717	7.00E-06	0	0	0	-0.13	0	0.305	0	0	0
4.088	-47.467968	714.336914	30.7246	0.189059	0	-0.138415	4.00E-06	2.559642	9.00E-06	0	0	0	-0.13	0	0.305	0	0	0
4.089	-47.467968	714.682495	31.273277	0.189396	0	-0.138415	9.00E-06	2.539717	9.00E-06	0	0	0	-0.13	0	0.305	0	0	0
4.09	-47.467968	714.682495	31.82159	0.189396	0	-0.13836	1.00E-05	2.559642	9.00E-06	0	0	0	-0.13	0	0.305	0	0	0
4.091	-47.703686	714.685547	32.05674	0.18937	0	-0.138447	9.00E-06	2.572295	1.20E-05	0	0	0	-0.13	0	0.305	0	0	0
4.092	-47.547264	714.6698	32.134987	0.189341	0	-0.138447	1.00E-05	2.623208	1.20E-05	0	0	0	-0.13	0	0.305	0	0	0
4.093	-47.547264	714.6698	33.153694	0.18937	0	-0.138447	1.20E-05	2.637037	9.00E-06	0	0	0	-0.13	0	0.305	0	0	0
4.094	-47.547264	714.510498	33.232101	0.18946	0	-0.138044	1.20E-05	2.623208	7.00E-06	0	0	0	-0.13	0	0.305	0	0	0
4.095	-48.019417	714.340393	33.388763	0.189592	0	-0.137915	1.10E-05	2.637037	5.00E-06	0	0	0	-0.13	0	0.305	0	0	0
4.096	-48.019417	714.338074	33.858826	0.189714	0	-0.137915	5.00E-06	2.559122	5.00E-06	0	0	0	-0.13	0	0.305	0	0	0
4.097	-48.0187	714.338074	34.563961	0.189697	0	-0.137915	2.00E-06	2.578238	6.00E-06	0	0	0	-0.13	0	0.305	0	0	0
4.098	-47.857948	715.551208	34.877525	0.189714	0	-0.137509	5.00E-06	2.559122	1.00E-05	0	0	0	-0.13	0	0.305	0	0	0
4.099	-47.857948	715.551208	35.347549	0.189855	0	-0.137469	4.00E-06	2.558383	1.30E-05	0	0	0	-0.13	0	0.305	0	0	0
4.1	-47.393005	715.551208	35.504372	0.189881	0	-0.137469	9.00E-06	2.558383	1.00E-05	0	0	0	-0.13	0	0.305	0	0	0
4.101	-47.393005	716.410217	35.739281	0.189855	0	-0.137469	4.00E-06	2.581513	4.00E-06	0	0	0	-0.13	0	0.305	0	0	0
4.102	-47.471581	716.410217	36.28788	0.190012	0	-0.137181	5.00E-06	2.68238	4.00E-06	0	0	0	-0.13	0	0.305	0	0	0
4.103	-47.474464	716.578857	36.679489	0.19008	0	-0.137181	5.00E-06	2.68238	4.00E-06	0	0	0	-0.13	0	0.305	0	0	0
4.104	-47.471581	715.885986	36.914761	0.19008	0	-0.13749	5.00E-06	2.68238	6.00E-06	0	0	0	-0.13	0	0.305	0	0	0
4.105	-47.239468	716.754639	37.463158	0.190277	0	-0.13749	8.00E-06	2.653227	5.00E-06	0	0	0	-0.13	0	0.305	0	0	0
4.106	-47.239468	716.754639	38.168575	0.190317	0	-0.137406	9.00E-06	2.638943	8.00E-06	0	0	0	-0.13	0	0.305	0	0	0
4.107	-47.783699	717.786499	38.324955	0.190317	0	-0.137388	9.00E-06	2.571049	6.00E-06	0	0	0	-0.13	0	0.305	0	0	0
4.108	-47.783699	717.970459	38.716606	0.190329	0	-0.137388	0	2.571049	6.00E-06	0	0	0	-0.13	0	0.305	0	0	0
4.109	-47.39373	717.970459	38.951962	0.190292	0	-0.137388	0	2.582768	3.00E-06	0	0	0	-0.13	0	0.305	0	0	0
4.11	-46.9259	717.970459	39.500355	0.190354	0	-0.137116	1.00E-05	2.772548	3.00E-06	0	0	0	-0.13	0	0.305	0	0	0
4.111	-46.690907	717.271606	39.500355	0.190292	0	-0.137116	1.00E-05	2.616711	3.00E-06	0	0	0	-0.13	0	0.305	0	0	0
4.112	-46.690907	717.271606	39.500355	0.190354	0	-0.13689	1.00E-05	2.616711	5.00E-06	0	0	0	-0.13	0	0.305	0	0	0
4.113	-47.24091	718.830688	39.89225	0.190582	0	-0.136634	1.00E-05	2.610913	7.00E-06	0	0	0	-0.13	0	0.305	0	0	0
4.114	-47.24091	719.167419	40.519257	0.190842	0	-0.136806	1.20E-05	2.604156	7.00E-06	0	0	0	-0.13	0	0.305	0	0	0
4.115	-46.848049	719.518005	40.597588	0.190582	0	-0.136806	1.00E-05	2.610913	7.00E-06	0	0	0	-0.13	0	0.305	0	0	0
4.116	-46.846607	719.520386	41.146061	0.190669	0	-0.136806	8.00E-06	2.625432	7.00E-06	0	0	0	-0.13	0	0.305	0	0	0
4.117	-46.846607	719.520386	41.537632	0.190669	0	-0.136648	4.00E-06	2.625432	7.00E-06	0	0	0	-0.13	0	0.305	0	0	0
4.118	-47.162342	719.520386	41.537914	0.190824	0	-0.136604	8.00E-06	2.496805	7.00E-06	0	0	0	-0.13	0	0.305	0	0	0
4.119	-47.162342	717.958191	41.537994	0.190824	0	-0.13616	4.00E-06	2.496805	7.00E-06	0	0	0	-0.13	0	0.305	0	0	0
4.12	-46.303818	719.698975	42.55645	0.190824	0	-0.135982	1.00E-06	2.731604	7.00E-06	0	0	0	-0.13	0	0.305	0	0	0
4.121	-46.303818	718.995422	42.55645	0.19085	0	-0.13586	1.00E-06	2.731604	7.00E-06	0	0	0	-0.13	0	0.305	0	0	0
4.122	-46.695953	718.995422	42.713192	0.19085	0	-0.135593	1.00E-06	2.712226	1.00E-05	0	0	0	-0.13	0	0.305	0	0	0
4.123	-46.695953	718.995422	42.713192	0.19085	0	-0.13586	2.00E-06	2.705459	1.00E-05	0	0	0	-0.13	0	0.305	0	0	0
4.124	-46.618828	720.00061	42.948425	0.190904	0	-0.135932	2.00E-06	2.712226	6.00E-06	0	0	0	-0.13	0	0.305	0	0	0
4.125	-46.538811	720.00061	44.123627	0.191049	0	-0.135932	2.00E-06	2.705459	6.00E-06	0	0	0	-0.13	0	0.305	0	0	0
4.126	-46.228848	720.036499	44.123749	0.191076	0	-0.135558	6.00E-06	2.734889	7.00E-06	0	0	0	-0.13	0	0.305	0	0	0
4.127	-46.228848	718.997375	44.515438	0.191049	0	-0.135213	8.00E-06	2.715649	1.10E-05	0	0	0	-0.13	0	0.305	0	0	0
4.128	-46.305981	718.997375	44.67218	0.191093	0	-0.135213	8.00E-06	2.715649	1.10E-05	0	0	0	-0.13	0	0.305	0	0	0
4.129	-46.384548	718.997375	45.299187	0.19111	0	-0.134792	-3.00E-06	2.5959	9.00E-06	0	0	0	-0.13	0	0.305	0	0	0
4.13	-46.463123	718.835388	45.455887	0.191143	0	-0.134571	-3.00E-06	2.5959	9.00E-06	0	0	0	-0.13	0	0.305	0	0	0
4.131	-46.463123	719.874512	46.317688	0.191374	0	-0.134348	-1.00E-06	2.643209	9.00E-06	0	0	0	-0.13	0	0.305	0	0	0
4.132	-46.077477	718.835388	46.317806	0.19125	0	-0.134188	-1.00E-06	2.717727	5.00E-06	0	0	0	-0.13	0	0.305	0	0	0
4.133	-45.994576	719.69635	46.552879	0.19143	0	-0.134071	4.00E-06	2.715337	5.00E-06	0	0	0	-0.13	0	0.305	0	0	0
4.134	-45.446007	718.835815	46.944572	0.19143	0	-0.13391	1.00E-06	2.838131	1.30E-05	0	0	0	-0.13	0	0.305	0	0	0
4.135	-45.446007	719.69635	47.414677	0.191464	0	-0.133853	4.00E-06	2.715337	1.30E-05	0	0	0	-0.13	0	0.305	0	0	0
4.136	-45.759575	719.180298	47.571537	0.191531	0	-0.133687	3.00E-06	2.728134	1.20E-05	0	0	0	-0.13	0	0.305	0	0	0
4.137	-45.996742	719.180298	48.041641	0.191637	0	-0.133447	6.00E-06	2.66891	4.00E-06	0	0	0	-0.13	0	0.305	0	0	0
4.138	-45.996742	719.180298	48.119934	0.191637	0	-0.133197	3.00E-06	2.66891	1.00E-06	0	0	0	-0.13	0	0.305	0	0	0
4.139	-45.763908	719.023315	48.668648	0.191637	0	-0.132998	2.00E-06	2.66891	1.00E-06	0	0	0	-0.13	0	0.305	0	0	0
4.14	-45.531075	719.871582	48.825226	0.191744	0	-0.13283	2.00E-06	2.710812	-2.00E-06	0	0	0	-0.13	0	0.305	0	0	0
4.141	-45.60965	719.871582	49.608856	0.191744	0	-0.13283	0.00E+00	2.742307	-2.00E-06	0	0	0	-0.13	0	0.305	0	0	0
4.142	-45.60965	721.602661	49.608932	0.191926	0	-0.13283	2.00E-06	2.771409	9.00E-06	0	0	0	-0.13	0	0.305	0	0	0
4.143	-45.690384	721.602661	50.15741	0.191987	0	-0.132429	6.00E-06	2.773489	9.00E-06	0	0	0	-0.13	0	0.305	0	0	0
4.144	-45.846085	720.739441	50.549225	0.192041	0	-0.132251	6.00E-06	2.773489	9.00E-06	0	0	0	-0.13	0	0.305	0	0	0
4.145	-45.846085	720.420837	50.627354	0.192041	0	-0.131575	6.00E-06	2.7625	9.00E-06	0	0	0	-0.13	0	0.305	0	0	0
4.146	-45.455391	720.406189	50.94104	0.191899	0	-0.131575	4.00E-06	2.7625	9.00E-06	0	0	0	-0.13	0	0.305	0	0	0
4.147	-45.455391	720.406189	51.567886	0.191899	0	-0.131575	-2.00E-06	2.804592	9.00E-06	0	0	0	-0.13	0	0.305	0	0	0
4.148	-46.006119	720.750732	51.724545	0.192237	0	-0.131279	-2.00E-06	2.804592	9.00E-06	0	0	0	-0.13	0	0.305	0	0	0
4.149	-46.006119	723.162598	51.803036	0.192498	0	-0.131574	-2.00E-06	2.804592	9.00E-06	0	0	0	-0.13	0	0.305	0	0	0
4.15	-45.853306	720.925049	52.038025	0.192654	0	-0.131279	1.00E-06	2.809508	9.00E-06	0	0	0	-0.13	0	0.305	0	0	0
4.151	-45.694717	721.609314	52.038025	0.192654	0	-0.131096	1.00E-06	2.87147	7.00E-06	0	0	0	-0.13	0	0.305	0	0	0
4.152	-45.383308	721.609314	52.978397	0.192654	0	-0.130904	4.00E-06	2.87147	9.00E-06	0	0	0	-0.13	0	0.305	0	0	0
4.153	-45.227608	721.609314	53.135178	0.192735	0	-0.130883	1.20E-05	2.808659	9.00E-06	0	0	0	-0.13	0	0.305	0	0	0
4.154	-45.227608	720.924255	53.213631	0.19299	0	-0.13052	4.00E-06	2.761232	9.00E-06	0	0	0	-0.13	0	0.305	0	0	0
4.155	-45.700493	720.924255	53.918766	0.19299	0	-0.130491	-2.00E-06	2.808659	2.00E-06	0	0	0	-0.13	0	0.305	0	0	0
4.156	-45.857635	721.444946	53.918846	0.193044	0	-0.130491	-4.00E-06	2.838935	2.00E-06	0	0	0	-0.13	0	0.305	0	0	0
4.157	-45.700493	721.961914	54.467323	0.193146	0	-0.130374	-4.00E-06	2.838935	2.00E-06	0	0	0	-0.13	0	0.305	0	0	0
4.158	-45.544792	721.961914	54.624146	0.193146	0	-0.130209	-3.00E-06	2.822455	7.00E-06	0	0	0	-0.13	0	0.305	0	0	0
4.159	-45.544792	721.434204	54.937508	0.193075	0	-0.130209	2.00E-06	2.815735	6.00E-06	0	0	0	-0.13	0	0.305	0	0	0
4.16	-45.544067	720.917358	55.172615	0.193075	0	-0.130109	1.00E-06	2.729723	6.00E-06	0	0	0	-0.13	0	0.305	0	0	0
4.161	-45.621193	720.917358	55.721291	0.193427	0	-0.130212	1.00E-05	2.729723	4.00E-06	0	0	0	-0.13	0	0.305	0	0	0
4.162	-45.543343	719.724304	55.721291	0.193477	0	-0.129573	1.00E-05	2.645161	2.00E-06	0	0	0	-0.13	0	0.305	0	0	0
4.163	-45.543343	719.714294	55.721291	0.193427	0	-0.129573	1.00E-05	2.737531	4.00E-06	0	0	0	-0.13	0	0.305	0	0	0
4.164	-45.0784	719.714294	56.269527	0.193616	0	-0.129513	4.00E-06	2.871389	7.00E-06	0	0	0	-0.13	0	0.305	0	0	0
4.165	-45.0784	719.543457	56.269527	0.193608	0	-0.129513	3.00E-06	2.871389	7.00E-06	0	0	0	-0.13	0	0.305	0	0	0
4.166	-45.469822	717.974243	56.269527	0.19363	0	-0.129513	4.00E-06	2.748857	6.00E-06	0	0	0	-0.13	0	0.305	0	0	0
4.167	-45.700493	717.815796	56.583214	0.19376	0	-0.128467	8.00E-06	2.658834	6.00E-06	0	0	0	-0.13	0	0.305	0	0	0
4.168	-45.700493	717.122681	57.131763	0.193863	0	-0.128467	8.00E-06	2.658834	4.00E-06	0	0	0	-0.13	0	0.305	0	0	0
4.169	-45.548397	717.122681	57.288551	0.193949	0	-0.128467	5.00E-06	2.672944	6.00E-06	0	0	0	-0.13	0	0.305	0	0	0
4.17	-45.392693	714.537109	57.131763	0.193987	0	-0.12796	5.00E-06	2.712911	8.00E-06	0	0	0	-0.13	0	0.305	0	0	0
4.171	-45.392693	713.852905	57.288551	0.193949	0	-0.127751	6.00E-06	2.794454	8.00E-06	0	0	0	-0.13	0	0.305	0	0	0
4.172	-45.469105	713.318665	57.367081	0.193987	0	-0.127751	7.00E-06	2.712911	6.00E-06	0	0	0	-0.13	0	0.305	0	0	0
4.173	-45.469105	712.983032	57.680405	0.194241	0	-0.127657	7.00E-06	2.651819	5.00E-06	0	0	0	-0.13	0	0.305	0	0	0
4.174	-45.317734	710.9198	57.915634	0.194351	0	-0.127298	7.00E-06	2.62434	5.00E-06	0	0	0	-0.13	0	0.305	0	0	0
4.175	-45.317734	710.9198	58.464272	0.194351	0	-0.126524	5.00E-06	2.651819	5.00E-06	0	0	0	-0.13	0	0.305	0	0	0
4.176	-45.321339	708.669922	58.542362	0.194234	0	-0.126241	5.00E-06	2.62434	3.00E-06	0	0	0	-0.13	0	0.305	0	0	0
4.177	-45.707703	708.317749	58.542362	0.194151	0	-0.126031	-3.00E-06	2.564913	3.00E-06	0	0	0	-0.13	0	0.305	0	0	0
4.178	-45.707703	706.583984	58.620972	0.194151	0	-0.125802	1.20E-05	2.564913	2.00E-06	0	0	0	-0.13	0	0.305	0	0	0
4.179	-45.084179	706.583984	58.934532	0.194573	0	-0.125781	3.00E-06	2.480756	2.00E-06	0	0	0	-0.13	0	0.305	0	0	0
4.18	-45.084179	706.423096	59.326107	0.194614	0	-0.125669	1.20E-05	2.480756	3.00E-06	0	0	0	-0.13	0	0.305	0	0	0
4.181	-45.164188	705.388184	59.404678	0.194817	0	-0.125154	6.00E-06	2.46802	3.00E-06	0	0	0	-0.13	0	0.305	0	0	0
4.182	-45.554169	703.318848	59.639553	0.194678	0	-0.124684	6.00E-06	2.467375	4.00E-06	0	0	0	-0.13	0	0.305	0	0	0
4.183	-45.164188	702.635315	59.639553	0.194739	0	-0.124236	6.00E-06	2.46802	3.00E-06	0	0	0	-0.13	0	0.305	0	0	0
4.184	-44.852066	701.080078	59.953114	0.194739	0	-0.123759	6.00E-06	2.483776	2.00E-06	0	0	0	-0.13	0	0.305	0	0	0
4.185	-44.852066	700.036316	59.953114	0.195019	0	-0.123759	6.00E-06	2.483776	2.00E-06	0	0	0	-0.13	0	0.305	0	0	0
4.186	-45.243484	699.011047	59.718086	0.195216	0	-0.123917	6.00E-06	2.464413	6.00E-06	0	0	0	-0.13	0	0.305	0	0	0
4.187	-45.243484	697.454712	59.718086	0.195411	0	-0.123917	5.00E-06	2.464413	6.00E-06	0	0	0	-0.13	0	0.305	0	0	0
4.188	-45.243484	696.932739	59.953194	0.195364	0	-0.123429	5.00E-06	2.464413	4.00E-06	0	0	0	-0.13	0	0.305	0	0	0
4.189	-45.168518	696.759583	59.953194	0.195434	0	-0.122993	5.00E-06	2.494424	1.00E-06	0	0	0	-0.13	0	0.305	0	0	0
4.19	-45.089226	694.521606	59.953156	0.19545	0	-0.122396	4.00E-06	2.494424	1.00E-06	0	0	0	-0.13	0	0.305	0	0	0
4.191	-45.089226	692.443359	59.953156	0.195531	0	-0.122396	4.00E-06	2.494424	7.00E-06	0	0	0	-0.13	0	0.305	0	0	0
4.192	-45.402069	692.109253	60.266716	0.195653	0	-0.122206	2.00E-06	2.398173	8.00E-06	0	0	0	-0.13	0	0.305	0	0	0
4.193	-45.402069	690.897339	60.266716	0.195715	0	-0.121827	0	2.398173	7.00E-06	0	0	0	-0.13	0	0.305	0	0	0
4.194	-45.01498	690.541321	59.79657	0.19594	0	-0.121827	0	2.493388	6.00E-06	0	0	0	-0.13	0	0.305	0	0	0
4.195	-45.01498	690.541321	59.718285	0.19594	0	-0.121827	1.00E-06	2.493388	6.00E-06	0	0	0	-0.13	0	0.305	0	0	0
4.196	-45.01498	686.054565	59.639954	0.195861	0	-0.121989	5.00E-06	2.51102	6.00E-06	0	0	0	-0.13	0	0.305	0	0	0
4.197	-45.090668	686.043335	59.561661	0.195861	0	-0.121083	5.00E-06	2.381843	7.00E-06	0	0	0	-0.13	0	0.305	0	0	0
4.198	-45.406403	683.47522	59.404961	0.196264	0	-0.120883	-1.00E-06	2.29059	4.00E-06	0	0	0	-0.13	0	0.305	0	0	0
4.199	-45.406403	683.47522	59.170086	0.196264	0	-0.120703	-1.00E-06	2.29059	7.00E-06	0	0	0	-0.13	0	0.305	0	0	0
4.2	-45.406403	683.120728	59.091476	0.196264	0	-0.120703	5.00E-06	2.427931	5.00E-06	0	0	0	-0.13	0	0.305	0	0	0
4.201	-45.328552	682.085815	58.856449	0.19638	0	-0.120688	9.00E-06	2.427931	5.00E-06	0	0	0	-0.13	0	0.305	0	0	0
4.202	-45.01498	678.976135	58.386543	0.196635	0	-0.120695	7.00E-06	2.4227	5.00E-06	0	0	0	-0.13	0	0.305	0	0	0
4.203	-45.01498	678.451904	58.386379	0.196854	0	-0.120688	7.00E-06	2.386602	1.00E-05	0	0	0	-0.13	0	0.305	0	0	0
4.204	-45.482086	677.767639	58.386379	0.196854	0	-0.120414	4.00E-06	2.296572	1.00E-05	0	0	0	-0.13	0	0.305	0	0	0
4.205	-45.487141	675.361145	58.30825	0.196933	0	-0.119586	4.00E-06	2.2262	1.00E-05	0	0	0	-0.13	0	0.305	0	0	0
4.206	-45.642845	674.82959	58.30825	0.196776	0	-0.119362	6.00E-06	2.2262	0.00E+00	0	0	0	-0.13	0	0.305	0	0	0
4.207	-45.642845	671.718384	58.151474	0.196962	0	-0.11918	6.00E-06	2.2262	9.00E-06	0	0	0	-0.13	0	0.305	0	0	0
4.208	-45.56427	669.486145	58.30809	0.196962	0	-0.119362	7.00E-06	2.275461	9.00E-06	0	0	0	-0.13	0	0.305	0	0	0
4.209	-45.56427	669.29248	58.30809	0.197171	0	-0.119165	1.20E-05	2.275461	9.00E-06	0	0	0	-0.13	0	0.305	0	0	0
4.21	-45.56427	667.407043	58.386581	0.197372	0	-0.119165	1.20E-05	2.136638	7.00E-06	0	0	0	-0.13	0	0.305	0	0	0
4.211	-45.639236	666.533386	58.621334	0.197447	0	-0.119165	2.00E-06	2.136638	4.00E-06	0	0	0	-0.13	0	0.305	0	0	0
4.212	-45.720695	666.187012	58.464798	0.197447	0	-0.1189	2.00E-06	2.150541	7.00E-06	0	0	0	-0.074201	0	0.287088	0	0	0
4.213	-45.720695	661.012939	58.621334	0.197447	0	-0.117375	2.00E-06	2.150541	9.00E-06	0	0	0	-0.06925	0	0.271846	0	0	0
4.214	-45.091393	659.295288	58.778156	0.197538	0	-0.117375	5.00E-06	2.150541	9.00E-06	0	0	0	-0.06925	0	0.270262	0	0	0
4.215	-45.091393	659.101624	58.778156	0.197687	0	-0.117625	4.00E-06	2.131179	9.00E-06	0	0	0	-0.06925	0	0.262582	0	0	0
4.216	-45.324219	658.592896	58.778156	0.197789	0	-0.117625	5.00E-06	2.000748	6.00E-06	0	0	0	-0.06925	0	0.260817	0	0	0
4.217	-45.636345	654.800049	58.934532	0.197789	0	-0.116877	5.00E-06	2.000748	6.00E-06	0	0	0	-0.072692	0	0.260817	0	0	0
4.218	-45.794212	654.283203	58.934532	0.197839	0	-0.116451	5.00E-06	2.004434	-2.00E-06	0	0	0	-0.072692	0	0.260817	0	0	0
4.219	-45.794212	650.650024	58.072697	0.197839	0	-0.116196	2.00E-06	2.014584	-2.00E-06	-3.171593	61.384361	30.25428	-0.071741	0	0.254082	-1.00E-06	-0.44475	0
4.22	-45.010651	648.567139	58.072697	0.197839	0	-0.116196	2.00E-06	2.050625	7.00E-06	-3.400095	63.971069	32.448017	-0.071741	0	0.248982	-1.00E-06	-0.44475	0
4.221	-45.010651	648.40625	58.777756	0.197962	0	-0.116053	8.00E-06	2.050625	7.00E-06	-3.400095	72.057816	34.485012	-0.076739	0	0.248982	-1.00E-06	-0.345399	0
4.222	-45.317734	645.124512	58.777756	0.198095	0	-0.11559	8.00E-06	1.811435	7.00E-06	-3.395766	80.810303	37.227066	-0.077718	0	0.25745	0	-0.324447	0
4.223	-45.474876	641.669556	58.699463	0.198221	0	-0.115463	5.00E-06	1.810241	1.10E-05	-3.157883	87.339111	38.950417	-0.081552	0	0.257811	0.00E+00	-0.324447	0.00E+00
4.224	-45.317734	641.330933	58.307449	0.198221	0	-0.115099	3.00E-06	1.810241	1.10E-05	-2.920722	100.761185	39.420479	-0.084963	0	0.259093	-1.00E-06	-0.226351	-1.00E-06
4.225	-44.374863	638.039124	57.994164	0.198221	0	-0.114876	3.00E-06	1.833108	3.00E-06	-1.740691	108.449432	41.300331	-0.084963	0	0.262881	-1.00E-06	-0.226351	0.00E+00
4.226	-44.374863	636.323425	57.680641	0.198415	0	-0.114211	7.00E-06	1.833108	-2.00E-06	-1.740691	112.242325	42.084	-0.084963	0	0.262881	-1.00E-06	-0.226351	-1.00E-06
4.227	-44.374138	633.731689	57.680641	0.198415	0	-0.114172	7.00E-06	1.69712	-2.00E-06	-1.578495	116.20607	42.867142	-0.087237	0	0.262881	-2.00E-06	-0.140022	0.00E+00
4.228	-44.374138	629.923462	57.994087	0.198472	0	-0.113847	1.00E-06	1.69712	2.00E-06	-1.578495	124.28891	42.867142	-0.08803	0	0.262627	-2.00E-06	-0.140022	0
4.229	-43.987045	629.76532	57.994087	0.198398	0	-0.113548	1.00E-06	1.830689	5.00E-06	-0.949194	129.620819	42.240097	-0.0884	0	0.264393	-3.00E-06	-0.12281	0
4.23	-43.671314	629.76532	57.210457	0.198883	0	-0.113024	9.00E-06	1.830689	3.00E-06	-0.87495	137.356506	40.829544	-0.0884	0	0.264501	-3.00E-06	-0.126763	-1.00E-06
4.231	-43.435596	628.018372	56.583736	0.198883	0	-0.112829	9.00E-06	2.003463	7.00E-06	-0.557052	143.202179	39.732277	-0.088383	0	0.264501	-3.00E-06	-0.126763	-1.00E-06
4.232	-43.199879	622.668335	56.583652	0.198883	0	-0.112829	0	1.918997	3.00E-06	-0.557052	144.392563	37.616463	-0.086224	0	0.262429	-1.00E-06	-0.194764	-1.00E-06
4.233	-43.125633	620.596558	56.426872	0.198883	0	-0.112829	0.00E+00	1.931516	7.00E-06	-1.10273	145.442932	35.735886	-0.086224	0	0.258059	-1.00E-06	-0.265904	-1.00E-06
4.234	-42.724838	617.149353	56.270214	0.19911	0	-0.112091	-1.00E-06	1.918997	7.00E-06	-1.10273	149.210297	34.246803	-0.086246	0	0.258059	0.00E+00	-0.293953	-1.00E-06
4.235	-42.652031	616.134521	56.113506	0.19911	0	-0.111328	-2.00E-06	1.751534	7.00E-06	-1.10273	155.05481	31.034445	-0.086246	0	0.258059	1.00E-06	-0.297403	-2.00E-06
4.236	-42.413433	612.312744	55.643246	0.198892	0	-0.111225	-2.00E-06	1.751534	5.00E-06	-0.637067	156.251312	28.840267	-0.085512	0	0.2589	0.00E+00	-0.347317	-2.00E-06
4.237	-41.003456	611.626953	55.565117	0.198859	0	-0.111102	0.00E+00	2.005863	5.00E-06	-0.634903	156.251312	26.332802	-0.085512	0	0.259235	0	-0.428594	-2.00E-06
4.238	-40.534187	608.505615	55.251553	0.198892	0	-0.111225	0	2.005863	5.00E-06	-0.088502	157.778748	24.138462	-0.086258	0	0.262973	-2.00E-06	-0.402279	-2.00E-06
4.239	-40.292698	605.399353	55.251553	0.199266	0	-0.111092	0	1.851254	9.00E-06	-0.00993	158.810211	22.101425	-0.086258	0	0.262973	-2.00E-06	-0.403421	-1.00E-06
4.24	-39.120605	601.439209	55.329964	0.199281	0	-0.110757	4.00E-06	1.851254	5.00E-06	0.147937	158.810211	20.925943	-0.086258	0	0.263708	-1.00E-06	-0.402279	-1.00E-06
4.241	-38.881271	601.086182	55.329964	0.199266	0	-0.110027	4.00E-06	1.851254	9.00E-06	1.087921	162.587189	19.123619	-0.088502	0	0.263708	-1.00E-06	-0.403421	-1.00E-06
4.242	-38.880554	596.592041	55.329964	0.199285	0	-0.110027	4.00E-06	1.873667	9.00E-06	2.026462	166.330643	17.869648	-0.088502	0	0.266756	-1.00E-06	-0.361555	-1.00E-06
4.243	-38.254135	594.180908	55.329964	0.199549	0	-0.110027	0.00E+00	1.874033	1.00E-05	2.261459	167.544891	14.97037	-0.088899	0	0.268186	-1.00E-06	-0.491519	-1.00E-06
4.244	-38.099884	592.442017	55.094807	0.199549	0	-0.110281	0	1.914913	1.00E-05	2.33931	167.006454	14.89208	-0.088394	0	0.266807	0	-0.487963	-1.00E-06
4.245	-37.86055	589.681396	54.703194	0.199426	0	-0.110281	0.00E+00	1.878778	1.00E-05	3.984282	167.006454	14.89208	-0.086841	0	0.266807	0	-0.491316	-1.00E-06
4.246	-37.7827	584.50769	54.703041	0.199426	0	-0.109369	3.00E-06	1.878778	8.00E-06	4.452831	167.006454	13.168083	-0.086841	0	0.266043	-1.00E-06	-0.491316	-1.00E-06
4.247	-37.781982	582.947388	54.624863	0.199675	0	-0.109369	4.00E-06	1.8752	8.00E-06	4.765678	170.121185	13.089954	-0.089111	0	0.266043	-3.00E-06	-0.584406	-1.00E-06
4.248	-36.526264	580.694702	54.624863	0.199791	0	-0.109369	4.00E-06	1.8752	8.00E-06	5.781349	173.876572	12.462868	-0.089111	0	0.268841	-3.00E-06	-0.611728	-1.00E-06
4.249	-35.899124	577.944519	54.546333	0.199814	0	-0.109197	5.00E-06	1.949252	9.00E-06	6.562746	174.22522	11.209137	-0.087145	0	0.268841	-3.00E-06	-0.655548	-1.00E-06
4.25	-35.506989	575.510132	54.232933	0.19988	0	-0.108641	2.00E-06	1.949252	9.00E-06	7.115638	175.086243	10.503679	-0.087145	0	0.268739	-3.00E-06	-0.655548	-1.00E-06
4.251	-35.269104	570.854065	53.841118	0.199899	0	-0.108641	0	1.876983	6.00E-06	7.742054	180.588196	9.48502	-0.086937	0	0.268472	-3.00E-06	-0.640742	-2.00E-06
4.252	-34.326233	567.234436	53.684494	0.20014	0	-0.108641	0.00E+00	1.876983	5.00E-06	8.297836	184.00267	8.936302	-0.087457	0	0.268472	-3.00E-06	-0.615844	-2.00E-06
4.253	-34.088348	567.221313	53.449265	0.200164	0	-0.107865	5.00E-06	1.811447	4.00E-06	8.52706	187.098877	8.465878	-0.087457	0	0.268472	-4.00E-06	-0.568781	-2.00E-06
4.254	-33.778389	561.696533	53.292564	0.200164	0	-0.107865	5.00E-06	1.959531	3.00E-06	9.392077	196.552185	8.387428	-0.089729	0	0.271483	-6.00E-06	-0.568781	-2.00E-06
4.255	-33.540508	558.248169	52.8223	0.200164	0	-0.107865	1.00E-06	1.857784	3.00E-06	10.019216	200.486603	6.976674	-0.089729	0	0.271483	-6.00E-06	-0.676406	-1.00E-06
4.256	-33.459045	556.338013	51.803722	0.200063	0	-0.107922	1.00E-06	1.857784	3.00E-06	10.177082	202.199646	6.97623	-0.089729	0	0.270833	-5.00E-06	-0.676406	-1.00E-06
4.257	-32.90976	552.361938	51.412148	0.200184	0	-0.107922	1.00E-06	1.813686	3.00E-06	10.57211	205.125366	6.036063	-0.090631	0	0.270833	0.00E+00	-0.62906	-1.00E-06
4.258	-32.044739	548.910522	50.785225	0.199963	0	-0.107718	1.00E-06	1.813686	4.00E-06	11.829271	209.758682	5.017443	-0.09072	0	0.272563	-3.00E-06	-0.489722	-1.00E-06
4.259	-31.261902	546.487671	50.39357	0.200348	0	-0.107149	1.00E-06	1.784278	3.00E-06	12.457129	216.614929	5.017443	-0.09072	0	0.275064	0.00E+00	-0.402275	-1.00E-06
4.26	-31.25757	540.456543	50.315159	0.200138	0	-0.106383	6.00E-06	1.882832	4.00E-06	12.696454	224.844742	5.095051	-0.09072	0	0.277415	-2.00E-06	-0.402275	-1.00E-06
4.261	-31.024742	538.890869	49.374786	0.200138	0	-0.106383	7.00E-06	1.799959	6.00E-06	12.778635	235.151718	5.095051	-0.090875	0	0.277415	1.00E-06	-0.402275	-1.00E-06
4.262	-30.70612	537.149292	49.139717	0.199939	0	-0.106383	7.00E-06	1.805472	6.00E-06	12.778635	243.052155	4.3107	-0.090992	0	0.276961	-2.00E-06	-0.374894	-1.00E-06
4.263	-30.001135	533.01001	49.061226	0.199939	0	-0.106341	7.00E-06	1.799959	5.00E-06	13.016518	251.819305	0.627635	-0.092592	0	0.276961	-3.00E-06	-0.37782	-1.00E-06
4.264	-29.056099	530.258667	47.729324	0.200009	0	-0.106341	7.00E-06	1.755658	5.00E-06	14.352251	260.742676	-1.017909	-0.092896	0	0.277666	-3.00E-06	-0.37782	-1.00E-06
4.265	-28.821821	527.47522	47.180851	0.200573	0	-0.10586	6.00E-06	1.735939	8.00E-06	16.464329	261.410706	-2.585446	-0.092896	0	0.278625	-3.00E-06	-0.504258	-1.00E-06
4.266	-28.110342	520.571533	47.180851	0.200356	0	-0.105459	6.00E-06	1.735939	8.00E-06	16.545067	261.917999	-4.231031	-0.092896	0	0.279546	-1.00E-06	-0.504258	-1.00E-06
4.267	-26.156851	516.430725	47.415962	0.200356	0	-0.105226	4.00E-06	1.895243	0	16.542902	263.452759	-5.798004	-0.093099	0	0.280708	1.00E-06	-0.435159	-1.00E-06
4.268	-25.681808	516.430725	47.415962	0.200321	0	-0.105459	3.00E-06	2.001517	0	16.542902	264.815887	-7.443388	-0.093195	0	0.280708	-1.00E-06	-0.412781	-1.00E-06
4.269	-23.487549	513.648865	47.024189	0.199967	0	-0.105226	4.00E-06	1.941072	5.00E-06	15.842243	266.544739	-9.245672	-0.093195	0	0.280096	-6.00E-06	-0.386039	-1.00E-06
4.27	-23.167488	510.378693	47.023987	0.199967	0	-0.104758	6.00E-06	1.941072	6.00E-06	15.76367	271.86853	-10.734315	-0.093195	0	0.280096	-6.00E-06	-0.386039	-1.00E-06
4.271	-21.98962	505.542053	47.023987	0.200245	0	-0.104659	6.00E-06	1.908815	6.00E-06	15.448658	280.135315	-11.674886	-0.092247	0	0.280474	-6.00E-06	-0.386039	-2.00E-06
4.272	-21.98601	502.443909	46.475594	0.200245	0	-0.103743	4.00E-06	1.832569	5.00E-06	14.74367	280.645325	-12.614852	-0.092097	0	0.280474	-2.00E-06	-0.396701	-3.00E-06
4.273	-21.98601	498.811523	46.945137	0.200106	0	-0.103282	4.00E-06	1.790031	5.00E-06	13.726557	281.845306	-12.614852	-0.091446	0	0.278688	-8.00E-06	-0.396701	-2.00E-06
4.274	-22.138107	495.529358	46.710304	0.199967	0	-0.103282	4.00E-06	1.832569	5.00E-06	13.412988	281.845306	-11.674523	-0.091446	0	0.278688	-3.00E-06	-0.396701	-1.00E-06
4.275	-22.138107	492.068237	46.710304	0.199967	0	-0.103282	4.00E-06	1.859806	5.00E-06	12.945882	282.199402	-11.439572	-0.091467	0	0.278688	-6.00E-06	-0.446623	-1.00E-06
4.276	-21.275251	490.170807	46.08326	0.199882	0	-0.103043	1.00E-06	1.859806	5.00E-06	12.945882	284.589722	-10.734155	-0.092012	0	0.280102	-3.00E-06	-0.266781	-2.00E-06
4.277	-21.27453	483.089294	46.08326	0.199891	0	-0.102046	1.00E-06	1.732098	7.00E-06	13.335137	287.339539	-9.872437	-0.092606	0	0.280872	-6.00E-06	-0.47824	-2.00E-06
4.278	-20.722355	479.466919	45.926476	0.199891	0	-0.101732	4.00E-06	1.703062	8.00E-06	13.335137	289.549774	-8.305545	-0.092606	0	0.280872	-3.00E-06	-0.453712	-1.00E-06
4.279	-20.643784	478.430481	45.926476	0.200164	0	-0.101707	5.00E-06	1.732098	8.00E-06	12.790901	291.969055	-7.757232	-0.092606	0	0.280785	-1.00E-05	-0.453712	-1.00E-06
4.28	-20.171629	473.075409	45.377884	0.200164	0	-0.101707	6.00E-06	1.762248	4.00E-06	11.07313	291.969055	-6.660203	-0.092939	0	0.280785	-9.00E-06	-0.300351	-2.00E-06
4.281	-19.307329	469.092773	44.829407	0.200164	0	-0.101918	6.00E-06	1.780121	3.00E-06	10.606746	295.896851	-5.641664	-0.092986	0	0.283299	-9.00E-06	-0.203497	-2.00E-06
4.282	-18.833729	466.505676	44.280731	0.200036	0	-0.101918	5.00E-06	1.783388	3.00E-06	10.450323	297.784607	-4.701457	-0.093275	0	0.283368	-7.00E-06	-0.201254	-2.00E-06
4.283	-18.678751	460.112305	44.202198	0.200321	0	-0.100665	5.00E-06	1.783388	3.00E-06	10.450323	298.120148	-3.682797	-0.093275	0	0.283383	-7.00E-06	-0.201254	-1.00E-06
4.284	-18.438704	455.806763	43.888714	0.200081	0	-0.100665	4.00E-06	1.783388	3.00E-06	10.918871	298.120148	-2.89917	-0.093242	0	0.285636	-6.00E-06	-0.201254	-1.00E-06
4.285	-18.120085	454.226807	43.888714	0.200081	0	-0.10027	4.00E-06	1.773105	3.00E-06	10.918871	291.767273	-1.488658	-0.093242	0	0.285636	-2.00E-06	-0.22014	-1.00E-06
4.286	-18.046558	448.022797	43.57531	0.199608	0	-0.10026	2.00E-06	1.840962	4.00E-06	9.586746	291.7453	-1.488658	-0.093475	0	0.285204	-2.00E-06	-0.22014	-2.00E-06
4.287	-17.493668	443.517151	42.634663	0.199608	0	-0.10026	2.00E-06	1.740881	5.00E-06	9.586746	291.767273	-2.350333	-0.093475	0	0.285204	-3.00E-06	-0.179172	-1.00E-06
4.288	-17.173603	441.623169	42.321182	0.200034	0	-0.100084	5.00E-06	1.704989	5.00E-06	10.052408	291.74646	-2.663857	-0.092733	0	0.285749	-6.00E-06	-0.173294	-2.00E-06
4.289	-16.701448	434.719452	41.694496	0.200034	0	-0.100445	5.00E-06	1.682552	5.00E-06	10.052408	291.74646	-3.682194	-0.092506	0	0.285781	-3.00E-06	-0.11406	-2.00E-06
4.29	-15.837149	434.196777	41.067406	0.200087	0	-0.100268	2.00E-06	1.584455	5.00E-06	10.052408	291.225677	-4.308999	-0.092506	0	0.285902	-6.00E-06	-0.173294	-2.00E-06
4.291	-15.439957	430.391571	41.067368	0.199944	0	-0.100268	-1.00E-06	1.682552	5.00E-06	10.364533	290.194275	-5.092586	-0.092658	0	0.28673	-6.00E-06	-0.182781	0
4.292	-14.34355	424.181	41.067368	0.200057	0	-0.099141	-1.00E-06	1.605395	5.00E-06	10.598808	285.374268	-6.189577	-0.092658	0	0.28673	-1.00E-05	-0.202069	0.00E+00
4.293	-13.0835	418.3172	40.597305	0.200057	0	-0.099141	-1.00E-06	1.605395	5.00E-06	11.222338	285.374268	-6.267947	-0.092658	0	0.28673	-6.00E-06	-0.202069	0.00E+00
4.294	-12.060617	418.115784	40.597305	0.200131	0	-0.09814	1.00E-06	1.605395	5.00E-06	11.540236	285.719452	-7.286685	-0.093704	0	0.286577	-5.00E-06	-0.147195	-1.00E-06
4.295	-10.25489	411.399536	40.597305	0.200187	0	-0.098838	2.00E-06	1.628227	5.00E-06	12.245224	285.719452	-8.853539	-0.093704	0	0.287777	-3.00E-06	-0.14189	-1.00E-06
4.296	-9.547737	409.666046	40.832054	0.20034	0	-0.098838	2.00E-06	1.628227	5.00E-06	12.245224	284.678741	-8.853539	-0.093508	0	0.288307	-5.00E-06	-0.002283	-1.00E-06
4.297	-9.459782	405.333923	41.223667	0.20034	0	-0.098838	0	1.578113	5.00E-06	12.009506	284.678741	-8.853539	-0.093486	0	0.28867	-3.00E-06	-0.002283	0
4.298	-7.892662	399.639465	41.379925	0.200245	0	-0.099562	0	1.569466	4.00E-06	12.009506	284.678741	-9.088932	-0.093486	0	0.28867	-5.00E-06	-0.156086	0
4.299	-7.259752	397.563782	41.379925	0.20012	0	-0.099562	1.00E-06	1.578113	4.00E-06	12.397318	285.012756	-9.558794	-0.093486	0	0.289012	-5.00E-06	-0.156086	0.00E+00
4.3	-7.024757	394.960876	41.301598	0.200216	0	-0.099562	3.00E-06	1.569466	4.00E-06	12.478777	285.012756	-9.558794	-0.093818	0	0.289456	-8.00E-06	-0.03955	-1.00E-06
4.301	-6.232536	387.718506	41.301598	0.200216	0	-0.099906	1.00E-06	1.499748	5.00E-06	13.415153	285.012756	-9.01032	-0.093818	0	0.291992	-8.00E-06	0.004561	-1.00E-06
4.302	-5.995377	385.120972	41.22274	0.200251	0	-0.099229	3.00E-06	1.476444	3.00E-06	13.573741	284.29837	-9.01032	-0.092672	0	0.292145	-8.00E-06	0.066346	-1.00E-06
4.303	-5.843281	379.082062	41.22274	0.200251	0	-0.099776	2.00E-06	1.499748	5.00E-06	13.965882	284.29837	-9.402173	-0.092672	0	0.291992	-1.00E-06	0.066346	-1.00E-06
4.304	-5.838951	375.776367	41.222378	0.199905	0	-0.099776	2.00E-06	1.612343	4.00E-06	13.965882	283.590942	-9.402173	-0.092793	0	0.292145	-5.00E-06	-0.014693	-1.00E-06
4.305	-5.597462	373.189636	40.830807	0.199756	0	-0.100589	2.00E-06	1.612343	4.00E-06	14.123749	284.642059	-9.01048	-0.09415	0	0.291836	-4.00E-06	-0.014693	-2.00E-06
4.306	-5.286779	369.033447	40.282291	0.199905	0	-0.100589	1.00E-06	1.49141	0	14.590134	284.642059	-9.01048	-0.093542	0	0.293572	-4.00E-06	-0.00011	-2.00E-06
4.307	-4.810293	362.821289	39.576797	0.199967	0	-0.100131	1.00E-06	1.49141	0	15.298729	288.580292	-9.872437	-0.094388	0	0.293572	-4.00E-06	0.064668	-2.00E-06
4.308	-4.020237	359.885925	39.498466	0.199967	0	-0.099398	1.00E-06	1.49141	0	16.157253	288.580292	-9.950809	-0.093761	0	0.294195	-4.00E-06	0.064668	-2.00E-06
4.309	-3.710999	354.700958	39.263275	0.199432	0	-0.098992	1.00E-06	1.500692	4.00E-06	16.236549	287.874817	-10.029219	-0.09417	0	0.294195	-7.00E-06	-0.010366	-2.00E-06
4.31	-3.078089	348.486938	38.087627	0.199337	0	-0.099398	1.00E-06	1.571793	5.00E-06	16.236549	287.874817	-10.577735	-0.093761	0	0.294195	-4.00E-06	-0.010366	-2.00E-06
4.311	-2.600161	346.921936	38.087627	0.199337	0	-0.099913	4.00E-06	1.571793	4.00E-06	17.255827	290.10083	-10.891178	-0.09417	0	0.2947	-7.00E-06	0.085771	-2.00E-06
4.312	-2.450232	341.37677	38.16592	0.198742	0	-0.099913	4.00E-06	1.397722	-1.00E-06	18.116518	292.164459	-11.596433	-0.094375	0	0.29475	-1.00E-06	0.092005	-2.00E-06
4.313	-2.206575	337.933746	38.16592	0.198742	0	-0.099076	5.00E-06	1.397722	-1.00E-06	18.820063	292.164459	-11.596433	-0.094375	0	0.295332	-1.00E-05	0.092005	-2.00E-06
4.314	-1.65729	331.55188	37.538914	0.198808	0	-0.097947	3.00E-06	1.417505	2.00E-06	19.055058	294.052551	-11.674764	-0.093816	0	0.29636	-8.00E-06	0.092466	-2.00E-06
4.315	-1.419407	325.84967	37.381931	0.19882	0	-0.097722	2.00E-06	1.490388	5.00E-06	19.682917	295.567657	-12.380101	-0.093816	0	0.2964	-8.00E-06	0.133617	-1.00E-06
4.316	-1.020773	321.185852	37.381931	0.19882	0	-0.097722	0	1.490388	5.00E-06	19.763653	298.847107	-13.006827	-0.094632	0	0.2964	-8.00E-06	0.133617	-2.00E-06
4.317	-0.077179	319.109436	37.224785	0.19882	0	-0.098071	0	1.431059	5.00E-06	20.310776	299.883545	-12.693746	-0.094632	0	0.297462	-4.00E-06	0.267898	-2.00E-06
4.318	-0.077179	313.916382	37.224785	0.198907	0	-0.098071	0.00E+00	1.431059	4.00E-06	21.251482	302.604797	-12.693786	-0.094635	0	0.297472	-7.00E-06	0.213982	-2.00E-06
4.319	0.626366	308.051422	36.833012	0.198991	0	-0.09788	-1.00E-06	1.431059	2.00E-06	21.329332	303.981506	-12.693746	-0.094635	0	0.297925	-4.00E-06	0.213982	-1.00E-06
4.32	0.626366	305.456238	36.833012	0.198991	0	-0.097228	0.00E+00	1.579671	2.00E-06	22.034321	304.836243	-12.458955	-0.094694	0	0.297925	-7.00E-06	0.161759	-1.00E-06
4.321	0.709988	298.886566	36.832855	0.198345	0	-0.096109	0	1.41898	4.00E-06	22.034321	308.424255	-12.224044	-0.094694	0	0.298715	-7.00E-06	0.161759	-1.00E-06
4.322	0.871466	293.366028	36.519169	0.198345	0	-0.096109	1.00E-06	1.468538	4.00E-06	22.43079	308.44043	-12.224044	-0.095451	0	0.298954	-7.00E-06	0.238065	-2.00E-06
4.323	1.262882	290.419434	36.362267	0.198345	0	-0.097073	1.00E-06	1.468538	3.00E-06	22.586494	312.377563	-12.145794	-0.095486	0	0.299189	-7.00E-06	0.238065	-2.00E-06
4.324	2.051497	286.0896	36.362267	0.19861	0	-0.097073	1.00E-06	1.476924	3.00E-06	23.44574	312.681091	-11.989093	-0.095486	0	0.300658	-3.00E-06	0.238065	-2.00E-06
4.325	2.051497	280.578369	36.362267	0.198457	0	-0.096035	2.00E-06	1.476924	3.00E-06	24.462132	317.011658	-12.145794	-0.095	0	0.300658	-1.00E-06	0.220162	-1.00E-06
4.326	2.058713	276.951721	36.205242	0.198457	0	-0.095017	2.00E-06	1.229317	3.00E-06	24.468626	317.011658	-12.146035	-0.095	0	0.301084	-1.00E-06	0.274441	-1.00E-06
4.327	2.058713	271.595947	35.891998	0.197811	0	-0.094708	1.00E-06	1.229317	3.00E-06	24.462132	318.883179	-12.146035	-0.095031	0	0.301084	-4.00E-06	0.311107	-1.00E-06
4.328	2.450131	267.272675	35.578232	0.19765	0	-0.094708	0.00E+00	1.454071	3.00E-06	24.468626	319.746002	-11.676212	-0.095179	0	0.301084	-4.00E-06	0.311107	-2.00E-06
4.329	2.840109	262.257446	34.402992	0.19765	0	-0.094816	1.00E-06	1.458182	3.00E-06	25.172894	320.767059	-11.676212	-0.095179	0	0.301084	0.00E+00	0.311107	-2.00E-06
4.33	3.080156	258.972931	33.93277	0.198149	0	-0.096099	0.00E+00	1.454071	2.00E-06	25.250021	324.373566	-11.989495	-0.095179	0	0.302312	0	0.352479	-2.00E-06
4.331	3.080156	254.652405	32.522541	0.198149	0	-0.096099	0	1.39549	1.00E-06	25.642883	324.373566	-11.989736	-0.095775	0	0.30316	-2.00E-06	0.356959	-1.00E-06
4.332	3.080156	250.51857	32.052277	0.19816	0	-0.094842	0	1.382805	2.00E-06	26.115042	327.786896	-12.303179	-0.095072	0	0.30316	-4.00E-06	0.3647	-1.00E-06
4.333	3.239466	247.055908	31.660542	0.19816	0	-0.094278	0.00E+00	1.39549	2.00E-06	26.116486	327.786896	-12.303179	-0.095368	0	0.303669	-4.00E-06	0.356959	-1.00E-06
4.334	3.239466	243.092529	30.876873	0.19816	0	-0.094278	-1.00E-06	1.377818	2.00E-06	26.116486	330.699799	-12.30334	-0.095368	0	0.303669	-5.00E-06	0.3647	-1.00E-06
4.335	3.397331	238.574493	30.17178	0.196768	0	-0.094585	-1.00E-06	1.402177	0	26.197222	336.177917	-13.243749	-0.095401	0	0.303669	-5.00E-06	0.321034	-1.00E-06
4.336	4.341646	232.88887	29.544853	0.196768	0	-0.094585	1.00E-06	1.229341	0	26.197222	337.414581	-13.243749	-0.096372	0	0.304109	-6.00E-06	0.428907	-1.00E-06
4.337	4.580971	229.086777	29.15332	0.197682	0	-0.09337	1.00E-06	1.1258	1.00E-06	26.670822	340.812347	-13.322281	-0.096372	0	0.30569	-6.00E-06	0.428907	-2.00E-06
4.338	4.895984	225.122253	29.15332	0.198115	0	-0.09337	0.00E+00	1.1258	1.00E-06	26.670822	340.812347	-13.400852	-0.095979	0	0.30569	-8.00E-06	0.428907	-2.00E-06
4.339	5.757395	223.206314	29.309944	0.197682	0	-0.094598	0	1.217974	3.00E-06	25.813019	341.139069	-13.479506	-0.095979	0	0.305178	-8.00E-06	0.488829	-2.00E-06
4.34	6.229552	218.887329	29.309944	0.197405	0	-0.094792	0	1.254466	3.00E-06	25.813019	345.272919	-13.714738	-0.096021	0	0.305178	-8.00E-06	0.391391	-2.00E-06
4.341	6.778837	213.353302	29.231651	0.197405	0	-0.094598	1.00E-06	1.254466	3.00E-06	26.128029	347.834106	-14.184641	-0.096122	0	0.305212	-1.00E-05	0.479757	-2.00E-06
4.342	6.778837	206.46228	29.231651	0.197919	0	-0.093865	1.00E-06	1.204216	1.00E-06	26.678038	351.432526	-14.263333	-0.096213	0	0.306606	-1.00E-05	0.479757	-1.00E-06
4.343	6.47032	204.204971	29.388313	0.197919	0	-0.093865	1.00E-06	1.013817	1.00E-06	26.28734	355.034424	-14.655268	-0.096122	0	0.306789	-4.00E-06	0.511255	-1.00E-06
4.344	6.47032	201.421509	29.466642	0.197919	0	-0.095702	1.00E-06	1.013817	2.00E-06	26.678038	355.034424	-14.655388	-0.095605	0	0.306606	-4.00E-06	0.511255	-1.00E-06
4.345	6.001051	196.08075	29.466642	0.197169	0	-0.095702	1.00E-06	1.078311	2.00E-06	26.28734	358.792908	-14.655388	-0.095605	0	0.306822	-1.00E-06	0.382598	-1.00E-06
4.346	5.996719	189.345963	28.761429	0.197823	0	-0.095702	1.00E-06	1.084792	2.00E-06	26.603794	360.699554	-14.655388	-0.096926	0	0.306822	-2.00E-06	0.382598	-1.00E-06
4.347	5.841739	186.574081	27.508059	0.197823	0	-0.096373	0.00E+00	1.084792	2.00E-06	26.603794	366.522034	-15.752498	-0.096926	0	0.308343	-2.00E-06	0.581187	-1.00E-06
4.348	5.448876	181.38295	27.508059	0.198078	0	-0.097376	1.00E-06	0.90499	2.00E-06	26.603794	367.531891	-16.536205	-0.09627	0	0.308593	-1.00E-05	0.581187	0
4.349	4.979608	178.96286	27.508059	0.198078	0	-0.097376	1.00E-06	0.794395	2.00E-06	26.291668	372.852936	-16.928179	-0.095779	0	0.308749	-1.00E-05	0.543984	0
4.35	4.821018	172.401672	27.116364	0.198154	0	-0.097482	2.00E-06	0.794395	3.00E-06	25.904579	374.728729	-17.398605	-0.09627	0	0.308935	-7.00E-06	0.543984	-1.00E-06
4.351	4.821018	167.218628	26.41115	0.197669	0	-0.097482	2.00E-06	0.852626	3.00E-06	25.826008	377.468536	-18.103781	-0.096259	0	0.309901	-7.00E-06	0.553702	-2.00E-06
4.352	4.821018	163.922577	25.470901	0.196718	0	-0.098941	2.00E-06	0.903339	3.00E-06	25.826008	380.202942	-18.574129	-0.096813	0	0.309901	-8.00E-06	0.593308	-3.00E-06
4.353	4.584579	158.231537	25.078968	0.196718	0	-0.099051	2.00E-06	0.903339	3.00E-06	25.907467	385.888489	-19.436003	-0.097039	0	0.309972	-8.00E-06	0.606177	-2.00E-06
4.354	4.508893	155.615875	24.452442	0.196837	0	-0.103058	1.00E-06	0.86846	0.00E+00	25.907467	394.448914	-19.436367	-0.097039	0	0.310294	-6.00E-06	0.593308	-2.00E-06
4.355	3.883199	149.760895	24.060871	0.197943	0	-0.103058	1.00E-06	0.608404	2.00E-06	25.12607	394.624725	-19.436367	-0.097039	0	0.311565	-3.00E-06	0.663743	-2.00E-06
4.356	3.803185	147.507095	23.982296	0.197943	0	-0.102565	0.00E+00	0.608404	2.00E-06	25.05327	395.113892	-20.533318	-0.096842	0	0.312025	-3.00E-06	0.700062	-1.00E-06
4.357	3.723889	139.220917	23.982296	0.196597	0	-0.102565	2.00E-06	0.757053	2.00E-06	25.05327	398.384064	-20.455389	-0.096842	0	0.312025	-3.00E-06	0.700062	-3.00E-06
4.358	2.856705	135.230164	22.885593	0.19605	0	-0.099294	1.00E-06	0.757053	2.00E-06	25.212582	402.839203	-20.455389	-0.096842	0	0.31183	-5.00E-06	0.687742	-3.00E-06
4.359	2.856705	129.026917	22.728851	0.195402	0	-0.102222	1.00E-06	0.67857	0	25.215466	406.792084	-20.220478	-0.096948	0	0.31183	-5.00E-06	0.687742	-3.00E-06
4.36	2.706776	125.210495	21.788803	0.194827	0	-0.102222	1.00E-06	0.662499	0	25.215466	413.310059	-20.220478	-0.096948	0	0.31286	-5.00E-06	0.762837	-3.00E-06
4.361	2.389599	121.407196	21.318501	0.195062	0	-0.102722	1.00E-06	0.662499	0.00E+00	25.215466	415.691101	-20.377378	-0.096598	0	0.31286	-1.00E-05	0.762837	-2.00E-06
4.362	1.758853	114.669312	21.08371	0.195062	0	-0.102722	1.00E-06	0.624742	1.00E-06	25.221962	417.236786	-20.377378	-0.096598	0	0.312751	-1.00E-05	0.796089	-2.00E-06
4.363	0.897442	110.53701	19.673355	0.195884	0	-0.102426	1.00E-06	0.4978	1.00E-06	24.909836	422.045563	-20.377863	-0.097048	0	0.312683	-4.00E-06	0.763328	-2.00E-06
4.364	0.26814	104.649261	19.438486	0.195884	0	-0.101992	1.00E-06	0.4978	1.00E-06	25.221962	423.752411	-20.14267	-0.097048	0	0.312751	-4.00E-06	0.796089	-2.00E-06
4.365	0.109552	101.544922	19.12484	0.195884	0	-0.102426	1.00E-06	0.445576	1.00E-06	26.321255	426.825836	-20.377863	-0.096728	0	0.313636	-6.00E-06	0.842971	-2.00E-06
4.366	-0.676897	98.248093	19.12484	0.196264	0	-0.103872	1.00E-06	0.553571	1.00E-06	26.321255	431.437988	-20.143232	-0.096728	0	0.313894	-6.00E-06	0.846116	-2.00E-06
4.367	-2.246183	91.855042	18.106743	0.19664	0	-0.105735	1.00E-06	0.421177	1.00E-06	26.244846	441.936218	-20.143232	-0.096235	0	0.314108	-6.00E-06	0.846116	-2.00E-06
4.368	-3.421885	87.183495	17.08877	0.199129	0	-0.103872	1.00E-06	0.147469	1.00E-06	26.170605	443.294769	-19.516748	-0.097241	0	0.314366	-5.00E-06	0.846116	-2.00E-06
4.369	-3.50695	81.832703	15.678497	0.199129	0	-0.102586	1.00E-06	0.092608	1.00E-06	25.943546	446.726562	-19.281717	-0.097276	0	0.314217	-5.00E-06	1.001607	-1.00E-06
4.37	-4.846292	77.502914	14.660042	0.19791	0	-0.101899	0	0.121696	0.00E+00	25.943546	453.253418	-19.516748	-0.097475	0	0.314336	-4.00E-06	1.001607	-1.00E-06
4.371	-4.999107	70.944427	14.346958	0.194895	0	-0.094406	0	0.121696	1.00E-06	26.723499	457.37796	-18.968878	-0.097475	0	0.314336	-4.00E-06	1.067862	-3.00E-06
4.372	-5.948473	66.620026	12.231714	0.193468	0	-0.094406	0	0.122149	1.00E-06	27.042118	463.365173	-19.047209	-0.097331	0	0.315099	-4.00E-06	1.067862	-3.00E-06
4.373	-6.735641	63.835785	10.743233	0.193468	0	-0.105021	0	0.122149	1.00E-06	27.042118	467.125214	-19.047209	-0.097173	0	0.315186	-4.00E-06	1.136652	-1.00E-06
4.374	-7.128504	60.221146	9.646482	0.193265	0	-0.111403	0.00E+00	0.202386	1.00E-06	26.970039	477.091949	-19.12602	-0.096902	0	0.315186	-5.00E-06	1.251716	-1.00E-06
4.375	-7.921446	58.646965	7.60973	0.191607	0	-0.117302	1.00E-06	0.328113	1.00E-06	26.970039	480.184723	-19.12602	-0.096902	0	0.315186	-4.00E-06	1.351927	-2.00E-06
4.376	-8.08725	56.397751	7.60965	0.191001	0	-0.125278	1.00E-06	0.363417	1.00E-06	28.543655	480.855133	-18.499416	-0.096902	0	0.315728	-4.00E-06	1.351927	-2.00E-06
4.377	-8.940725	51.209351	6.043278	0.186169	0	-0.126552	1.00E-06	0.426898	0	28.623672	490.984985	-17.794764	-0.097784	0	0.316323	-4.00E-06	1.302631	-2.00E-06
4.378	-8.878027	45.508278	5.181564	0.186169	0	-0.130886	0	0.520326	0	28.623672	495.26001	-17.794643	-0.097784	0	0.316435	-3.00E-06	1.302631	-3.00E-06
4.379	-8.878027	42.73333	4.790232	0.186169	0	-0.130886	0	0.435783	0	28.623672	497.489502	-17.716755	-0.097632	0	0.316435	-1.00E-06	1.373504	-3.00E-06
4.38	-8.877304	35.665302	4.320168	0.1867	0	-0.142942	0.00E+00	0.626247	0	28.943735	505.218628	-17.716755	-0.097319	0	0.316435	-1.00E-06	1.434232	-2.00E-06
4.381	-8.571674	34.78466	3.223583	0.182177	0	-0.142999	0	0.760176	0	29.420219	508.804688	-17.87402	-0.097482	0	0.316551	-1.00E-06	1.43973	-1.00E-06
4.382	-8.335957	29.415331	2.910057	0.177222	0	-0.155891	0	0.971847	0	30.043028	511.039581	-17.87402	-0.097482	0	0.316803	-2.00E-06	1.459271	-1.00E-06
4.383	-8.026718	26.813581	2.283693	0.177222	0	-0.175181	0	0.971847	0	30.281633	520.4505	-17.639189	-0.097482	0	0.316957	-3.00E-06	1.515851	-1.00E-06
4.384	0	0	0	0.2	0	-0.3	0	0	0	31.143766	522.376038	-17.325949	-0.097255	0	0.316957	-6.00E-06	1.459271	-3.00E-06
4.385	0	0	0	0.2	0	-0.3	0	0	0	31.143766	524.588257	-17.325949	-0.097255	0	0.31597	-3.00E-06	1.260572	-4.00E-06
4.386	0	0	0	0.2	0	-0.3	0	0	0	31.69738	533.707947	-17.639914	-0.097183	0	0.31597	-6.00E-06	1.260572	-4.00E-06
4.387	0	0	0	0.2	0	-0.3	0	0	0	31.468159	536.758606	-17.639914	-0.097342	0	0.316946	-4.00E-06	1.495058	-1.00E-06
4.388	0	0	0	0.2	0	-0.3	0	0	0	31.548172	540.185364	-17.562105	-0.097342	0	0.317029	-7.00E-06	1.504334	-1.00E-06
4.389	0	0	0	0.2	0	-0.3	0	0	0	31.548172	548.603027	-17.483696	-0.097714	0	0.317386	-4.00E-06	1.555719	-1.00E-06
4.39	0	0	0	0.2	0	-0.3	0	0	0	32.098904	555.804138	-17.327354	-0.097714	0	0.317955	-7.00E-06	1.616613	-2.00E-06
4.391	0	0	0	0.2	0	-0.3	0	0	0	32.098904	557.852356	-17.092485	-0.097714	0	0.317955	-7.00E-06	1.625066	-2.00E-06
4.392	0	0	0	0.2	0	-0.3	0	0	0	32.098904	561.114014	-16.85713	-0.097738	0	0.317955	-7.00E-06	1.627905	-2.00E-06
4.393	0	0	0	0.2	0	-0.3	0	0	0	31.950417	564.713989	-17.092485	-0.098032	0	0.31833	-1.00E-06	1.625066	-3.00E-06
4.394	0	0	0	0.2	0	-0.3	0	0	0	32.108284	579.829773	-17.327999	-0.098623	0	0.31833	-1.00E-06	1.664761	-2.00E-06
4.395	0	0	0	0.2	0	-0.3	0	0	0	32.108284	584.124023	-17.327999	-0.098623	0	0.318106	-6.00E-06	1.617893	-4.00E-06
4.396	0	0	0	0.2	0	-0.3	0	0	0	32.970417	584.279907	-16.466526	-0.098221	0	0.318106	-1.00E-05	1.558373	2.00E-06
4.397	0	0	0	0.2	0	-0.3	0	0	0	32.970417	591.812317	-16.153242	-0.098221	0	0.317782	-1.20E-05	1.558373	-1.00E-06
4.398	0	0	0	0.2	0	-0.3	0	0	0	32.819046	593.708191	-16.153242	-0.098198	0	0.318714	-1.20E-05	1.669416	-1.00E-06
4.399	0	0	0	0.2	0	-0.3	0	0	0	32.819046	596.266235	-16.231653	-0.098229	0	0.318563	-1.30E-05	1.709219	-3.00E-06
4.4	0	0	0	0.2	0	-0.3	0	0	0	33.600441	604.001587	-16.231653	-0.098198	0	0.318902	-1.30E-05	1.709219	-3.00E-06
4.401	0	0	0	0.2	0	-0.3	0	0	0	33.606934	608.457153	-15.918292	-0.098141	0	0.318931	-1.30E-05	1.788345	-4.00E-06
4.402	0	0	0	0.2	0	-0.3	0	0	0	33.600441	612.566223	-15.918292	-0.098141	0	0.319013	-1.90E-05	1.788345	-4.00E-06
4.403	0	0	0	0.2	0	-0.3	0	0	0	33.606934	614.423523	-15.370179	-0.097759	0	0.319094	-1.90E-05	1.788345	-4.00E-06
4.404	0	0	0	0.2	0	-0.3	0	0	0	34.315529	617.671692	-14.11669	-0.097759	0	0.320046	-1.80E-05	1.788976	-4.00E-06
4.405	0	0	0	0.2	0	-0.3	0	0	0	34.396988	617.671692	-14.11669	-0.097759	0	0.320056	-1.00E-05	1.938092	-4.00E-06
4.406	0	0	0	0.2	0	-0.3	0	0	0	34.396988	629.886841	-14.116731	-0.098359	0	0.320241	-1.00E-05	1.938092	-2.00E-06
4.407	0	0	0	0.2	0	-0.3	0	0	0	34.704784	636.393188	-14.586955	-0.098359	0	0.320791	-5.00E-06	1.870724	-2.00E-06
4.408	0	0	0	0.2	0	-0.3	0	0	0	34.704784	636.539795	-14.586955	-0.098024	0	0.320791	-1.90E-05	1.852353	-4.00E-06
4.409	0	0	0	0.2	0	-0.3	0	0	0	34.318417	640.49353	-14.038882	-0.098024	0	0.320893	-1.00E-05	1.852353	-4.00E-06
4.41	0	0	0	0.2	0	-0.3	0	0	0	34.243454	646.677368	-13.803891	-0.098024	0	0.320177	-1.00E-05	1.785115	-5.00E-06
4.411	0	0	0	0.2	0	-0.3	0	0	0	34.318417	653.53064	-13.333948	-0.098587	0	0.320554	-3.00E-06	1.785115	-4.00E-06
4.412	0	0	0	0.2	0	-0.3	0	0	0	34.636314	654.013123	-13.020425	-0.098587	0	0.320554	-3.00E-06	1.916159	-1.00E-06
4.413	0	0	0	0.2	0	-0.3	0	0	0	34.636314	654.013123	-13.020425	-0.098758	0	0.321761	-1.40E-05	1.956968	-1.00E-06
4.414	0	0	0	0.2	0	-0.3	0	0	0	34.161995	666.571167	-14.509107	-0.09908	0	0.321761	-1.50E-05	1.916159	-5.00E-06
4.415	0	0	0	0.2	0	-0.3	0	0	0	34.161995	666.571167	-14.509107	-0.09908	0	0.321019	-1.50E-05	1.795906	-5.00E-06
4.416	0	0	0	0.2	0	-0.3	0	0	0	35.102699	666.571167	-13.098916	-0.099021	0	0.321019	-1.50E-05	1.795906	-2.00E-06
4.417	0	0	0	0.2	0	-0.3	0	0	0	35.102699	669.288208	-13.098916	-0.099021	0	0.321178	-9.00E-06	1.795906	-2.00E-06
4.418	0	0	0	0.2	0	-0.3	0	0	0	35.262009	673.253113	-13.098916	-0.099088	0	0.321729	-1.20E-05	1.95277	-1.00E-06
4.419	0	0	0	0.2	0	-0.3	0	0	0	35.263451	677.190186	-12.47199	-0.099088	0	0.321729	-1.20E-05	1.820059	-3.00E-06
4.42	0	0	0	0.2	0	-0.3	0	0	0	35.808411	679.056702	-12.002248	-0.098959	0	0.322393	-1.50E-05	1.820059	1.00E-06
4.421	0	0	0	0.2	0	-0.3	0	0	0	35.808411	679.906799	-12.002248	-0.098959	0	0.322562	-1.60E-05	1.820059	-3.00E-06
4.422	0	0	0	0.2	0	-0.3	0	0	0	35.184879	680.937805	-12.080578	-0.099185	0	0.322562	-1.60E-05	1.877646	-3.00E-06
4.423	0	0	0	0.2	0	-0.3	0	0	0	35.184879	683.494019	-12.080578	-0.099185	0	0.322775	-1.60E-05	1.975047	-3.00E-06
4.424	0	0	0	0.2	0	-0.3	0	0	0	36.910591	688.966675	-10.905219	-0.098974	0	0.323163	-1.60E-05	1.987919	-3.00E-06
4.425	0	0	0	0.2	0	-0.3	0	0	0	36.910591	688.966675	-10.356905	-0.098974	0	0.324168	-1.60E-05	1.987919	-3.00E-06
4.426	0	0	0	0.2	0	-0.3	0	0	0	36.203438	693.081604	-10.357065	-0.099227	0	0.324283	-2.30E-05	1.889448	-3.00E-06
4.427	0	0	0	0.2	0	-0.3	0	0	0	36.126308	693.950256	-10.357065	-0.09942	0	0.324283	-7.00E-06	1.889448	-3.00E-06
4.428	0	0	0	0.2	0	-0.3	0	0	0	36.203438	693.950256	-10.670347	-0.09942	0	0.324051	-9.00E-06	1.935323	-3.00E-06
4.429	0	0	0	0.2	0	-0.3	0	0	0	36.517727	696.860168	-10.670347	-0.099622	0	0.324051	-9.00E-06	1.976855	-3.00E-06
4.43	0	0	0	0.2	0	-0.3	0	0	0	36.829132	700.794861	-10.435317	-0.099622	0	0.325083	-9.00E-06	1.963423	-4.00E-06
4.431	0	0	0	0.2	0	-0.3	0	0	0	37.067013	702.501282	-10.200526	-0.09956	0	0.325142	-9.00E-06	1.976855	-5.00E-06
4.432	0	0	0	0.2	0	-0.3	0	0	0	37.1427	702.501282	-10.200364	-0.099421	0	0.325412	-8.00E-06	1.963423	-5.00E-06
4.433	0	0	0	0.2	0	-0.3	0	0	0	37.067013	703.173279	-10.200526	-0.099421	0	0.325458	-5.00E-06	2.007542	-5.00E-06
4.434	0	0	0	0.2	0	-0.3	0	0	0	36.753445	709.006958	-11.062484	-0.099818	0	0.325458	-5.00E-06	2.023287	-3.00E-06
4.435	0	0	0	0.2	0	-0.3	0	0	0	36.753445	709.006958	-11.062484	-0.099825	0	0.325458	-1.50E-05	2.04925	-3.00E-06
4.436	0	0	0	0.2	0	-0.3	0	0	0	39.417694	709.006958	-9.887081	-0.099818	0	0.326481	-1.80E-05	2.097089	-2.00E-06
4.437	0	0	0	0.2	0	-0.3	0	0	0	39.417694	711.887512	-9.887081	-0.099704	0	0.326919	-1.50E-05	2.201684	-2.00E-06
4.438	0	0	0	0.2	0	-0.3	0	0	0	39.102684	711.887512	-9.887081	-0.099704	0	0.326697	-1.80E-05	2.097089	-1.00E-06
4.439	0	0	0	0.2	0	-0.3	0	0	0	39.102684	711.887512	-9.260518	-0.099912	0	0.32712	-1.70E-05	2.10293	-2.00E-06
4.44	0	0	0	0.2	0	-0.3	0	0	0	39.415531	712.22699	-9.260518	-0.100334	0	0.327155	-2.30E-05	2.10293	-3.00E-06
4.441	0	0	0	0.2	0	-0.3	0	0	0	39.494102	712.38324	-9.260518	-0.100334	0	0.327409	-1.70E-05	2.185306	-4.00E-06
4.442	0	0	0	0.2	0	-0.3	0	0	0	39.64764	714.969849	-9.573759	-0.100477	0	0.327482	-5.00E-06	2.185306	-3.00E-06
4.443	0	0	0	0.2	0	-0.3	0	0	0	40.823341	714.969849	-9.103697	-0.100477	0	0.328393	-5.00E-06	2.151752	-2.00E-06
4.444	0	0	0	0.2	0	-0.3	0	0	0	41.446873	713.392578	-8.633472	-0.099997	0	0.328393	-7.00E-06	2.151752	-2.00E-06
4.445	0	0	0	0.2	0	-0.3	0	0	0	41.446873	713.392578	-8.241899	-0.099997	0	0.328393	-7.00E-06	2.173248	-2.00E-06
4.446	0	0	0	0.2	0	-0.3	0	0	0	41.446873	718.708618	-8.633472	-0.100715	0	0.328894	-1.30E-05	2.181959	-4.00E-06
4.447	0	0	0	0.2	0	-0.3	0	0	0	42.308281	718.708618	-9.260396	-0.100715	0	0.328962	-1.50E-05	2.280344	-3.00E-06
4.448	0	0	0	0.2	0	-0.3	0	0	0	43.012547	718.708618	-9.338567	-0.100661	0	0.329547	-1.50E-05	2.297426	-4.00E-06
4.449	0	0	0	0.2	0	-0.3	0	0	0	43.168247	720.901489	-9.260396	-0.100661	0	0.330205	1.00E-06	2.335622	-3.00E-06
4.45	0	0	0	0.2	0	-0.3	0	0	0	43.713203	720.901489	-9.260317	-0.100743	0	0.330205	3.00E-06	2.335622	-3.00E-06
4.451	0	0	0	0.2	0	-0.3	0	0	0	43.793221	720.03125	-9.260317	-0.100743	0	0.330411	3.00E-06	2.335622	-3.00E-06
4.452	0	0	0	0.2	0	-0.3	0	0	0	44.028217	718.140076	-9.181987	-0.100579	0	0.330411	-1.40E-05	2.379844	-5.00E-06
4.453	0	0	0	0.2	0	-0.3	0	0	0	44.496044	720.03125	-9.80875	-0.100579	0	0.330602	-1.60E-05	2.42146	-1.00E-05
4.454	0	0	0	0.2	0	-0.3	0	0	0	44.496044	725.005859	-10.435637	-0.100933	0	0.331165	-1.60E-05	2.42146	-8.00E-06
4.455	0	0	0	0.2	0	-0.3	0	0	0	44.496044	725.005859	-10.435637	-0.100933	0	0.331321	-1.40E-05	2.42146	-8.00E-06
4.456	0	0	0	0.2	0	-0.3	0	0	0	46.218147	724.621704	-10.122113	-0.100828	0	0.332326	-1.40E-05	2.49433	-5.00E-06
4.457	0	0	0	0.2	0	-0.3	0	0	0	46.218147	724.112122	-10.122113	-0.100826	0	0.332326	-1.40E-05	2.542336	-4.00E-06
4.458	0	0	0	0.2	0	-0.3	0	0	0	46.218147	724.112122	-10.122113	-0.100828	0	0.332326	-1.10E-05	2.542336	-4.00E-06
4.459	0	0	0	0.2	0	-0.3	0	0	0	47.313835	724.621704	-9.887243	-0.101143	0	0.332752	-1.10E-05	2.542336	-4.00E-06
4.46	0	0	0	0.2	0	-0.3	0	0	0	47.467369	724.621704	-9.808831	-0.101211	0	0.333284	-1.40E-05	2.535196	-4.00E-06
4.461	0	0	0	0.2	0	-0.3	0	0	0	48.093788	725.272339	-9.808831	-0.101143	0	0.333542	-1.40E-05	2.573787	-5.00E-06
4.462	0	0	0	0.2	0	-0.3	0	0	0	47.467369	725.272339	-10.278896	-0.101211	0	0.333612	-8.00E-06	2.588107	-2.00E-06
4.463	0	0	0	0.2	0	-0.3	0	0	0	48.172359	725.272339	-10.670548	-0.100978	0	0.333929	-8.00E-06	2.601466	-2.00E-06
4.464	0	0	0	0.2	0	-0.3	0	0	0	49.109455	722.348572	-10.670548	-0.10118	0	0.333805	-8.00E-06	2.588107	-2.00E-06
4.465	0	0	0	0.2	0	-0.3	0	0	0	49.18803	722.348572	-10.435354	-0.10118	0	0.33422	-9.00E-06	2.638534	-4.00E-06
4.466	0	0	0	0.2	0	-0.3	0	0	0	49.347336	724.709595	-10.357226	-0.10118	0	0.33599	-1.00E-05	2.74482	-4.00E-06
4.467	0	0	0	0.2	0	-0.3	0	0	0	49.347336	724.709595	-10.435354	-0.101127	0	0.33599	-9.00E-06	2.745506	-4.00E-06
4.468	0	0	0	0.2	0	-0.3	0	0	0	49.419418	724.709595	-10.592177	-0.101127	0	0.335548	-1.00E-05	2.74482	-5.00E-06
4.469	0	0	0	0.2	0	-0.3	0	0	0	49.419418	724.540649	-11.062079	-0.101127	0	0.335548	-1.10E-05	2.745506	-5.00E-06
4.47	0	0	0	0.2	0	-0.3	0	0	0	49.578728	725.0625	-11.062079	-0.101606	0	0.335729	-1.10E-05	2.77756	-5.00E-06
4.471	0	0	0	0.2	0	-0.3	0	0	0	49.890129	725.402283	-10.983668	-0.101497	0	0.335819	-1.40E-05	2.804231	-5.00E-06
4.472	0	0	0	0.2	0	-0.3	0	0	0	50.046555	725.402283	-10.905418	-0.101497	0	0.336503	-2.00E-06	2.813042	-7.00E-06
4.473	0	0	0	0.2	0	-0.3	0	0	0	50.046555	723.286194	-10.905418	-0.100985	0	0.336907	-1.40E-05	2.804231	-4.00E-06
4.474	0	0	0	0.2	0	-0.3	0	0	0	49.499435	723.286194	-11.610756	-0.100985	0	0.336907	-1.60E-05	2.955081	-4.00E-06
4.475	0	0	0	0.2	0	-0.3	0	0	0	49.499435	727.76709	-11.610756	-0.101458	0	0.336907	-1.60E-05	2.955081	-4.00E-06
4.476	0	0	0	0.2	0	-0.3	0	0	0	49.575119	727.76709	-11.218659	-0.10151	0	0.337761	-8.00E-06	2.955081	-6.00E-06
4.477	0	0	0	0.2	0	-0.3	0	0	0	49.575119	728.598022	-11.218659	-0.10151	0	0.337831	-8.00E-06	3.17491	-6.00E-06
4.478	0	0	0	0.2	0	-0.3	0	0	0	49.417973	730.312439	-11.218659	-0.10151	0	0.337831	-6.00E-06	2.85145	-6.00E-06
4.479	0	0	0	0.2	0	-0.3	0	0	0	49.027275	730.312439	-11.218659	-0.101248	0	0.338174	-2.50E-05	2.85145	-6.00E-06
4.48	0	0	0	0.2	0	-0.3	0	0	0	49.027275	726.87915	-10.983708	-0.101248	0	0.338481	-1.60E-05	2.85145	-5.00E-06
4.481	0	0	0	0.2	0	-0.3	0	0	0	48.483765	726.87915	-10.435034	-0.10129	0	0.338481	-1.60E-05	2.934377	-4.00E-06
4.482	0	0	0	0.2	0	-0.3	0	0	0	48.093063	729.10675	-9.494383	-0.101378	0	0.338677	-1.10E-05	3.059727	-4.00E-06
4.483	0	0	0	0.2	0	-0.3	0	0	0	48.483765	729.10675	-9.416374	-0.10129	0	0.338828	-1.10E-05	3.063365	-3.00E-06
4.484	0	0	0	0.2	0	-0.3	0	0	0	49.182976	729.092041	-8.789207	-0.10119	0	0.33901	-1.10E-05	3.063365	-3.00E-06
4.485	0	0	0	0.2	0	-0.3	0	0	0	49.182976	729.092041	-8.632465	-0.10119	0	0.339372	-7.00E-06	3.052207	-3.00E-06
4.486	0	0	0	0.2	0	-0.3	0	0	0	47.621628	726.479187	-8.789207	-0.101599	0	0.339484	0	3.052207	-3.00E-06
4.487	0	0	0	0.2	0	-0.3	0	0	0	47.621628	726.479187	-8.397715	-0.101599	0	0.339647	0.00E+00	2.874363	-3.00E-06
4.488	0	0	0	0.2	0	-0.3	0	0	0	48.321564	726.479187	-8.397715	-0.101621	0	0.340154	-1.20E-05	3.110141	-3.00E-06
4.489	0	0	0	0.2	0	-0.3	0	0	0	48.321564	731.782043	-7.065614	-0.10175	0	0.34097	-1.90E-05	3.087086	-3.00E-06
4.49	0	0	0	0.2	0	-0.3	0	0	0	47.619469	731.782043	-7.065614	-0.10175	0	0.341423	-2.40E-05	3.150756	-3.00E-06
4.491	0	0	0	0.2	0	-0.3	0	0	0	46.838791	730.581726	-7.849	-0.10175	0	0.341423	-2.40E-05	3.111402	-2.00E-06
4.492	0	0	0	0.2	0	-0.3	0	0	0	46.838791	730.573181	-7.849	-0.101613	0	0.341574	-1.70E-05	3.127445	-3.00E-06
4.493	0	0	0	0.2	0	-0.3	0	0	0	46.831573	724.547363	-6.595148	-0.101592	0	0.342064	-1.70E-05	3.111402	-3.00E-06
4.494	0	0	0	0.2	0	-0.3	0	0	0	46.831573	724.547363	-6.595148	-0.101592	0	0.342064	-1.20E-05	3.109962	-3.00E-06
4.495	0	0	0	0.2	0	-0.3	0	0	0	46.12875	732.476318	-6.359713	-0.101776	0	0.342064	-1.80E-05	3.109962	-4.00E-06
4.496	0	0	0	0.2	0	-0.3	0	0	0	46.049458	732.476318	-6.908269	-0.101776	0	0.342286	-9.00E-06	3.089276	-6.00E-06
4.497	0	0	0	0.2	0	-0.3	0	0	0	46.049458	732.796082	-7.22163	-0.101614	0	0.342927	-9.00E-06	3.209167	-6.00E-06
4.498	0	0	0	0.2	0	-0.3	0	0	0	45.188042	729.856873	-7.22163	-0.10147	0	0.342942	-9.00E-06	3.140339	-6.00E-06
4.499	0	0	0	0.2	0	-0.3	0	0	0	44.720219	729.856873	-6.281181	-0.10147	0	0.342942	-1.90E-05	3.140339	-6.00E-06
4.5	0	0	0	0.2	0	-0.3	0	0	0	44.720219	729.856873	-5.88949	-0.10147	0	0.343044	-1.90E-05	3.136921	-6.00E-06
4.501	0	0	0	0.2	0	-0.3	0	0	0	44.716614	732.083557	-5.654377	-0.101731	0	0.343044	-1.20E-05	3.067934	-2.00E-06
4.502	0	0	0	0.2	0	-0.3	0	0	0	44.328079	732.780212	-5.88949	-0.101731	0	0.343597	-1.10E-05	3.040663	-2.00E-06
4.503	0	0	0	0.2	0	-0.3	0	0	0	42.917381	732.083557	-6.04607	-0.101731	0	0.343597	-4.00E-06	3.040663	-1.00E-06
4.504	0	0	0	0.2	0	-0.3	0	0	0	42.841694	731.747986	-6.04607	-0.101687	0	0.343597	-4.00E-06	3.05308	-2.00E-06
4.505	0	0	0	0.2	0	-0.3	0	0	0	42.841694	728.777893	-4.635638	-0.101687	0	0.344726	-1.50E-05	3.145356	-3.00E-06
4.506	0	0	0	0.2	0	-0.3	0	0	0	42.841694	728.777893	-4.557348	-0.101556	0	0.344786	-2.00E-05	3.145356	-3.00E-06
4.507	0	0	0	0.2	0	-0.3	0	0	0	42.761677	729.992981	-4.165413	-0.101556	0	0.344891	-2.00E-05	3.036637	-3.00E-06
4.508	0	0	0	0.2	0	-0.3	0	0	0	42.599483	730.167358	-3.77384	-0.101653	0	0.344888	-1.40E-05	2.861227	-3.00E-06
4.509	0	0	0	0.2	0	-0.3	0	0	0	41.976677	730.167358	-3.77384	-0.101658	0	0.344888	-1.40E-05	2.861227	-3.00E-06
4.51	0	0	0	0.2	0	-0.3	0	0	0	41.509571	729.983337	-3.77384	-0.101727	0	0.344873	-1.50E-05	2.971612	-3.00E-06
4.511	0	0	0	0.2	0	-0.3	0	0	0	41.118149	729.983337	-3.381826	-0.101753	0	0.344873	-1.50E-05	3.035108	-3.00E-06
4.512	0	0	0	0.2	0	-0.3	0	0	0	41.118149	728.26532	-3.225084	-0.101727	0	0.345557	-1.50E-05	3.035108	-7.00E-06
4.513	0	0	0	0.2	0	-0.3	0	0	0	41.195278	726.179626	-2.363086	-0.101398	0	0.346545	-2.20E-05	3.036868	-3.00E-06
4.514	0	0	0	0.2	0	-0.3	0	0	0	41.195278	726.179626	-2.362885	-0.101398	0	0.346659	-2.20E-05	3.036868	-4.00E-06
4.515	0	0	0	0.2	0	-0.3	0	0	0	40.254574	726.505981	-2.362885	-0.101362	0	0.346969	-9.00E-06	3.036868	-4.00E-06
4.516	0	0	0	0.2	0	-0.3	0	0	0	39.941727	727.041016	-2.362885	-0.101398	0	0.346969	-9.00E-06	3.045234	-4.00E-06
4.517	0	0	0	0.2	0	-0.3	0	0	0	39.550308	727.041016	-2.597917	-0.101398	0	0.346746	-2.00E-05	3.045234	-2.00E-06
4.518	0	0	0	0.2	0	-0.3	0	0	0	39.472458	729.084839	-2.206064	-0.102005	0	0.346746	-2.00E-05	3.045234	-2.00E-06
4.519	0	0	0	0.2	0	-0.3	0	0	0	39.389553	729.084839	-0.952493	-0.102005	0	0.347402	-1.30E-05	2.953597	-4.00E-06
4.52	0	0	0	0.2	0	-0.3	0	0	0	39.313866	725.30481	-0.874082	-0.101887	0	0.347402	-1.20E-05	2.912579	-4.00E-06
4.521	0	0	0	0.2	0	-0.3	0	0	0	39.313866	724.784851	-0.952493	-0.101755	0	0.347402	-1.20E-05	2.953597	-4.00E-06
4.522	0	0	0	0.2	0	-0.3	0	0	0	38.921726	725.30481	-1.187324	-0.101883	0	0.347577	-1.40E-05	2.912579	-2.00E-06
4.523	0	0	0	0.2	0	-0.3	0	0	0	37.510307	727.885254	-1.187324	-0.101883	0	0.347682	-1.60E-05	2.849495	-2.00E-06
4.524	0	0	0	0.2	0	-0.3	0	0	0	37.510307	727.885254	-0.952171	-0.101883	0	0.347883	-1.90E-05	2.849495	-2.00E-06
4.525	0	0	0	0.2	0	-0.3	0	0	0	38.050934	725.81427	0.066528	-0.101859	0	0.347984	-2.20E-05	2.839987	-3.00E-06
4.526	0	0	0	0.2	0	-0.3	0	0	0	38.050934	722.890137	0.066769	-0.101838	0	0.348013	-2.60E-05	2.851275	-3.00E-06
4.527	0	0	0	0.2	0	-0.3	0	0	0	37.425961	719.782043	0.066769	-0.101838	0	0.348766	-2.60E-05	2.811428	-3.00E-06
4.528	0	0	0	0.2	0	-0.3	0	0	0	37.425961	719.782043	0.693736	-0.101838	0	0.348932	-8.00E-06	2.889963	-3.00E-06
4.529	0	0	0	0.2	0	-0.3	0	0	0	37.425961	720.650635	0.928768	-0.101957	0	0.348932	-8.00E-06	2.811428	-6.00E-06
4.53	0	0	0	0.2	0	-0.3	0	0	0	37.268818	722.012268	1.08567	-0.101725	0	0.349037	-1.10E-05	2.795475	-3.00E-06
4.531	0	0	0	0.2	0	-0.3	0	0	0	36.954525	720.650635	1.163799	-0.101815	0	0.349458	-1.70E-05	2.795475	-6.00E-06
4.532	0	0	0	0.2	0	-0.3	0	0	0	36.954525	720.114014	1.634104	-0.101725	0	0.350392	-1.10E-05	2.795475	-7.00E-06
4.533	0	0	0	0.2	0	-0.3	0	0	0	36.954525	712.02655	1.947628	-0.101171	0	0.350404	-1.20E-05	2.805215	-7.00E-06
4.534	0	0	0	0.2	0	-0.3	0	0	0	36.798103	712.02655	2.02616	-0.101171	0	0.350404	-7.00E-06	2.717096	-3.00E-06
4.535	0	0	0	0.2	0	-0.3	0	0	0	35.462372	718.756287	2.182982	-0.102139	0	0.350053	-1.20E-05	2.640881	-3.00E-06
4.536	0	0	0	0.2	0	-0.3	0	0	0	35.462372	718.756287	2.182982	-0.102139	0	0.350053	-5.00E-06	2.640881	-3.00E-06
4.537	0	0	0	0.2	0	-0.3	0	0	0	35.462372	715.807007	2.653206	-0.102024	0	0.350892	-1.20E-05	2.640881	-5.00E-06
4.538	0	0	0	0.2	0	-0.3	0	0	0	35.303059	714.958374	2.731456	-0.101831	0	0.35108	-1.20E-05	2.646675	-5.00E-06
4.539	0	0	0	0.2	0	-0.3	0	0	0	35.303059	713.397766	3.201802	-0.101709	0	0.351292	-1.20E-05	2.646675	-1.00E-06
4.54	0	0	0	0.2	0	-0.3	0	0	0	35.303059	711.694763	3.750598	-0.101709	0	0.351292	-1.20E-05	2.726149	-1.00E-06
4.541	0	0	0	0.2	0	-0.3	0	0	0	34.673035	711.694763	4.298952	-0.101906	0	0.351292	-1.20E-05	2.726149	0.00E+00
4.542	0	0	0	0.2	0	-0.3	0	0	0	34.443813	713.923462	4.298952	-0.101906	0	0.351876	-1.30E-05	2.611987	-2.00E-06
4.543	0	0	0	0.2	0	-0.3	0	0	0	33.890919	713.923462	4.377524	-0.102125	0	0.352044	-1.30E-05	2.557636	-1.00E-06
4.544	0	0	0	0.2	0	-0.3	0	0	0	33.890919	710.310364	4.377524	-0.101904	0	0.352162	-1.20E-05	2.557636	-2.00E-06
4.545	0	0	0	0.2	0	-0.3	0	0	0	33.966606	707.204895	5.709747	-0.101642	0	0.35244	-1.10E-05	2.48674	-3.00E-06
4.546	0	0	0	0.2	0	-0.3	0	0	0	33.966606	704.29126	6.02323	-0.101642	0	0.35244	-8.00E-06	2.554081	-3.00E-06
4.547	0	0	0	0.2	0	-0.3	0	0	0	33.652313	704.29126	6.571744	-0.102043	0	0.352494	-8.00E-06	2.531566	-5.00E-06
4.548	0	0	0	0.2	0	-0.3	0	0	0	33.65015	705.139648	6.728446	-0.102043	0	0.352834	-8.00E-06	2.531566	-5.00E-06
4.549	0	0	0	0.2	0	-0.3	0	0	0	32.707279	705.139648	6.963638	-0.101877	0	0.35351	-2.00E-05	2.275854	-5.00E-06
4.55	0	0	0	0.2	0	-0.3	0	0	0	32.158714	702.910278	7.668855	-0.101877	0	0.35351	-1.50E-05	2.275854	-5.00E-06
4.551	0	0	0	0.2	0	-0.3	0	0	0	31.845867	701.378906	8.29578	-0.101883	0	0.35351	-1.50E-05	2.286784	-4.00E-06
4.552	0	0	0	0.2	0	-0.3	0	0	0	31.845867	701.031006	8.765924	-0.101883	0	0.353672	-1.50E-05	2.286784	-4.00E-06
4.553	0	0	0	0.2	0	-0.3	0	0	0	32.07798	698.107971	9.628002	-0.101519	0	0.353989	-1.10E-05	2.286784	-4.00E-06
4.554	0	0	0	0.2	0	-0.3	0	0	0	32.07798	698.107971	9.941607	-0.101519	0	0.354541	-1.40E-05	2.273718	-4.00E-06
4.555	0	0	0	0.2	0	-0.3	0	0	0	31.448675	698.79834	9.941607	-0.101519	0	0.354541	-1.40E-05	2.195458	-5.00E-06
4.556	0	0	0	0.2	0	-0.3	0	0	0	31.054367	698.79834	9.941607	-0.101673	0	0.354541	-1.50E-05	2.116942	-3.00E-06
4.557	0	0	0	0.2	0	-0.3	0	0	0	30.039421	698.79834	10.490202	-0.101673	0	0.354429	-1.60E-05	2.116942	-3.00E-06
4.558	0	0	0	0.2	0	-0.3	0	0	0	30.039421	697.454895	10.882176	-0.102212	0	0.354505	-1.60E-05	2.116942	-3.00E-06
4.559	0	0	0	0.2	0	-0.3	0	0	0	30.350824	697.454895	11.979045	-0.102212	0	0.354505	-1.40E-05	2.120712	-4.00E-06
4.56	0	0	0	0.2	0	-0.3	0	0	0	30.350824	696.068115	12.370778	-0.102212	0	0.355622	-1.40E-05	2.037036	-4.00E-06
4.561	0	0	0	0.2	0	-0.3	0	0	0	29.878666	696.068115	12.449229	-0.10227	0	0.356239	-1.60E-05	2.037036	-3.00E-06
4.562	0	0	0	0.2	0	-0.3	0	0	0	29.487247	696.100098	12.449592	-0.102307	0	0.356239	-1.70E-05	2.024485	-1.00E-06
4.563	0	0	0	0.2	0	-0.3	0	0	0	28.234417	696.588074	12.449592	-0.102815	0	0.356571	-1.60E-05	2.013812	-3.00E-06
4.564	0	0	0	0.2	0	-0.3	0	0	0	28.234417	696.631165	12.449592	-0.1032	0	0.356686	-1.70E-05	2.024485	-6.00E-06
4.565	0	0	0	0.2	0	-0.3	0	0	0	30.264313	696.631165	13.39004	-0.103277	0	0.357897	-1.70E-05	2.013812	-6.00E-06
4.566	0	0	0	0.2	0	-0.3	0	0	0	31.348455	691.635193	13.390202	-0.103623	0	0.360232	-2.60E-05	2.141726	-1.00E-06
4.567	0	0	0	0.2	0	-0.3	0	0	0	31.507044	685.484802	13.939441	-0.10372	0	0.360282	-2.60E-05	1.994729	-1.00E-06
4.568	0	0	0	0.2	0	-0.3	0	0	0	31.348455	684.414001	13.939441	-0.10372	0	0.360844	-1.00E-05	2.116894	-2.00E-06
4.569	0	0	0	0.2	0	-0.3	0	0	0	31.186258	681.197388	13.234506	-0.103556	0	0.360844	-1.00E-05	2.017068	-2.00E-06
4.57	0	0	0	0.2	0	-0.3	0	0	0	31.108406	678.974426	13.234506	-0.103534	0	0.360844	-1.90E-05	2.1068	-1.00E-06
4.571	0	0	0	0.2	0	-0.3	0	0	0	31.108406	678.974426	13.70461	-0.10344	0	0.360886	-1.90E-05	2.033442	-1.00E-06
4.572	0	0	0	0.2	0	-0.3	0	0	0	31.656971	678.974426	13.782861	-0.103277	0	0.360725	-1.70E-05	2.033442	-2.00E-06
4.573	0	0	0	0.2	0	-0.3	0	0	0	31.656971	679.271912	14.487311	-0.103199	0	0.360725	-1.50E-05	1.896673	-2.00E-06
4.574	0	0	0	0.2	0	-0.3	0	0	0	31.501991	679.271912	14.487311	-0.103199	0	0.360015	-1.40E-05	1.823444	-5.00E-06
4.575	0	0	0	0.2	0	-0.3	0	0	0	30.176361	687.360229	12.998428	-0.103116	0	0.358457	-1.40E-05	1.816751	-3.00E-06
4.576	0	0	0	0.2	0	-0.3	0	0	0	30.176361	687.360229	12.998428	-0.103182	0	0.358457	-1.80E-05	1.767724	-3.00E-06
4.577	0	0	0	0.2	0	-0.3	0	0	0	30.555513	684.606567	14.174191	-0.103116	0	0.358806	-1.80E-05	1.652706	-3.00E-06
4.578	0	0	0	0.2	0	-0.3	0	0	0	30.555513	683.393066	14.174191	-0.102879	0	0.359755	-1.40E-05	1.633219	-3.00E-06
4.579	0	0	0	0.2	0	-0.3	0	0	0	30.084078	677.371521	13.70449	-0.102392	0	0.359755	-1.00E-05	1.633219	-3.00E-06
4.58	0	0	0	0.2	0	-0.3	0	0	0	29.925489	672.756226	13.70449	-0.102392	0	0.360063	-1.00E-05	1.633717	-1.00E-06
4.581	0	0	0	0.2	0	-0.3	0	0	0	29.610477	672.756226	14.56689	-0.10275	0	0.360707	-7.00E-06	1.633717	-3.00E-06
4.582	0	0	0	0.2	0	-0.3	0	0	0	29.449726	672.766296	14.723712	-0.103006	0	0.360774	-1.00E-06	1.524011	-4.00E-06
4.583	0	0	0	0.2	0	-0.3	0	0	0	28.745461	677.424255	14.880333	-0.103615	0	0.360825	-1.00E-06	1.448637	-4.00E-06
4.584	0	0	0	0.2	0	-0.3	0	0	0	28.745461	677.424255	14.880333	-0.103688	0	0.360963	-1.20E-05	1.446458	-4.00E-06
4.585	0	0	0	0.2	0	-0.3	0	0	0	29.681114	676.036743	16.055735	-0.103688	0	0.361909	-1.20E-05	1.443794	-4.00E-06
4.586	0	0	0	0.2	0	-0.3	0	0	0	29.681114	672.612305	16.369017	-0.103562	0	0.36198	-1.50E-05	1.42934	-5.00E-06
4.587	0	0	0	0.2	0	-0.3	0	0	0	28.975403	672.440247	16.212957	-0.103562	0	0.362377	-1.30E-05	1.443794	-5.00E-06
4.588	0	0	0	0.2	0	-0.3	0	0	0	28.975403	671.59198	16.369337	-0.10372	0	0.362597	-1.30E-05	1.420141	0.00E+00
4.589	0	0	0	0.2	0	-0.3	0	0	0	29.202463	670.568298	16.526602	-0.104003	0	0.363158	-9.00E-06	1.44581	0
4.59	0	0	0	0.2	0	-0.3	0	0	0	29.588831	669.894348	16.918497	-0.104254	0	0.363394	-9.00E-06	1.327283	-3.00E-06
4.591	0	0	0	0.2	0	-0.3	0	0	0	29.588831	668.169006	16.526602	-0.104254	0	0.364401	-1.90E-05	1.361947	-3.00E-06
4.592	0	0	0	0.2	0	-0.3	0	0	0	29.587387	665.073547	16.605335	-0.104306	0	0.364401	-1.90E-05	1.352741	-2.00E-06
4.593	0	0	0	0.2	0	-0.3	0	0	0	29.587387	663.374451	16.605335	-0.104306	0	0.364263	-6.00E-06	1.361947	-1.00E-06
4.594	0	0	0	0.2	0	-0.3	0	0	0	29.587387	663.374451	17.702084	-0.104448	0	0.364263	-6.00E-06	1.352741	-1.00E-06
4.595	0	0	0	0.2	0	-0.3	0	0	0	29.03738	668.015076	17.702084	-0.104448	0	0.364263	-6.00E-06	1.218958	-1.00E-06
4.596	0	0	0	0.2	0	-0.3	0	0	0	29.03738	668.015076	17.702084	-0.104673	0	0.364685	-6.00E-06	1.152748	-2.00E-06
4.597	0	0	0	0.2	0	-0.3	0	0	0	29.03738	664.575562	17.467051	-0.104651	0	0.364166	-6.00E-06	1.078655	-2.00E-06
4.598	0	0	0	0.2	0	-0.3	0	0	0	28.801662	664.412415	17.859066	-0.104651	0	0.364166	-2.40E-05	1.078655	-4.00E-06
4.599	0	0	0	0.2	0	-0.3	0	0	0	28.723812	662.353455	17.859066	-0.104651	0	0.364166	-2.40E-05	1.159271	-1.00E-06
4.6	0	0	0	0.2	0	-0.3	0	0	0	28.723812	662.353455	18.015768	-0.1047	0	0.364208	-2.40E-05	1.159271	-1.00E-06
4.601	0	0	0	0.2	0	-0.3	0	0	0	28.723812	664.7453	18.32921	-0.1047	0	0.364435	-1.20E-05	1.210942	-1.00E-06
4.602	0	0	0	0.2	0	-0.3	0	0	0	27.702368	665.275269	18.720861	-0.104669	0	0.364435	-9.00E-06	1.070155	-1.00E-06
4.603	0	0	0	0.2	0	-0.3	0	0	0	27.702368	665.275269	18.720984	-0.104669	0	0.364686	-1.20E-05	1.004805	-2.00E-06
4.604	0	0	0	0.2	0	-0.3	0	0	0	28.093788	665.275269	18.799234	-0.10505	0	0.364686	-9.00E-06	1.004805	-2.00E-06
4.605	0	0	0	0.2	0	-0.3	0	0	0	28.093788	660.992981	20.288158	-0.10512	0	0.365211	-6.00E-06	1.037854	-2.00E-06
4.606	0	0	0	0.2	0	-0.3	0	0	0	28.249489	660.14856	20.601963	-0.105241	0	0.36524	-1.00E-06	1.037854	-4.00E-06
4.607	0	0	0	0.2	0	-0.3	0	0	0	28.090179	659.108582	20.601963	-0.105586	0	0.366003	-1.00E-06	1.012042	-4.00E-06
4.608	0	0	0	0.2	0	-0.3	0	0	0	28.084408	659.108582	20.680414	-0.105586	0	0.366117	-3.00E-06	0.927252	-2.00E-06
4.609	0	0	0	0.2	0	-0.3	0	0	0	28.084408	657.253723	20.289003	-0.105575	0	0.366117	-1.10E-05	0.927252	-2.00E-06
4.61	0	0	0	0.2	0	-0.3	0	0	0	28.084408	656.71637	20.758825	-0.105395	0	0.366117	-1.10E-05	0.938392	-2.00E-06
4.611	0	0	0	0.2	0	-0.3	0	0	0	28.317238	656.905701	20.993977	-0.105575	0	0.366339	-1.60E-05	0.940672	-2.00E-06
4.612	0	0	0	0.2	0	-0.3	0	0	0	28.551514	656.71637	21.699194	-0.105883	0	0.366668	-1.70E-05	0.964368	-2.00E-06
4.613	0	0	0	0.2	0	-0.3	0	0	0	28.551514	656.887939	22.639442	-0.105902	0	0.36744	-1.70E-05	0.940672	-4.00E-06
4.614	0	0	0	0.2	0	-0.3	0	0	0	28.551514	656.887939	22.639442	-0.105902	0	0.36744	-1.60E-05	0.878084	-4.00E-06
4.615	0	0	0	0.2	0	-0.3	0	0	0	27.765064	656.887939	21.699314	-0.106004	0	0.367041	-1.40E-05	0.848397	-4.00E-06
4.616	0	0	0	0.2	0	-0.3	0	0	0	27.765064	655.893921	21.699314	-0.106615	0	0.367041	-1.00E-05	0.848397	-4.00E-06
4.617	0	0	0	0.2	0	-0.3	0	0	0	28.156487	655.893921	23.658422	-0.106742	0	0.367252	-1.00E-05	0.848397	-4.00E-06
4.618	0	0	0	0.2	0	-0.3	0	0	0	28.156487	655.203491	23.815125	-0.106615	0	0.367427	-1.00E-05	0.838251	-4.00E-06
4.619	0	0	0	0.2	0	-0.3	0	0	0	28.074303	654.519531	23.815125	-0.106667	0	0.367505	-1.20E-05	0.773404	-6.00E-06
4.62	0	0	0	0.2	0	-0.3	0	0	0	28.074303	655.203491	24.050116	-0.106406	0	0.367505	-1.00E-05	0.773404	-2.00E-06
4.621	0	0	0	0.2	0	-0.3	0	0	0	27.682884	654.519531	24.52014	-0.106667	0	0.367314	-1.20E-05	0.761555	-2.00E-06
4.622	0	0	0	0.2	0	-0.3	0	0	0	27.682884	656.059448	24.52014	-0.106688	0	0.367181	-1.00E-05	0.820581	-2.00E-06
4.623	0	0	0	0.2	0	-0.3	0	0	0	27.529345	656.770325	24.912155	-0.106907	0	0.367035	-1.50E-05	0.858448	-2.00E-06
4.624	0	0	0	0.2	0	-0.3	0	0	0	27.446444	656.770325	25.852362	-0.106973	0	0.36653	-1.50E-05	0.858448	-5.00E-06
4.625	0	0	0	0.2	0	-0.3	0	0	0	27.529345	655.24054	26.243933	-0.107037	0	0.367035	-1.50E-05	0.69827	-5.00E-06
4.626	0	0	0	0.2	0	-0.3	0	0	0	27.446444	651.956482	27.027721	-0.107429	0	0.367341	2.00E-06	0.69827	-5.00E-06
4.627	0	0	0	0.2	0	-0.3	0	0	0	27.134317	651.956482	27.262794	-0.107359	0	0.36754	2.00E-06	0.709711	-4.00E-06
4.628	0	0	0	0.2	0	-0.3	0	0	0	27.056467	651.79834	27.262794	-0.107429	0	0.36754	-2.00E-06	0.709711	-3.00E-06
4.629	0	0	0	0.2	0	-0.3	0	0	0	27.132875	652.656494	27.968132	-0.107905	0	0.367615	-5.00E-06	0.709711	-1.00E-06
4.63	0	0	0	0.2	0	-0.3	0	0	0	27.132875	653.866089	28.281654	-0.107905	0	0.367735	-2.40E-05	0.662584	-3.00E-06
4.631	0	0	0	0.2	0	-0.3	0	0	0	27.132875	653.866089	28.673265	-0.108057	0	0.36876	-2.80E-05	0.662584	-3.00E-06
4.632	0	0	0	0.2	0	-0.3	0	0	0	27.753519	650.263	28.908419	-0.107986	0	0.36876	-2.80E-05	0.624408	-3.00E-06
4.633	0	0	0	0.2	0	-0.3	0	0	0	27.517801	648.208313	29.535465	-0.108057	0	0.368897	-1.30E-05	0.624408	-1.00E-06
4.634	0	0	0	0.2	0	-0.3	0	0	0	27.517801	648.208313	30.08378	-0.10806	0	0.368715	-1.20E-05	0.624408	-1.00E-06
4.635	0	0	0	0.2	0	-0.3	0	0	0	26.654947	648.914978	30.319012	-0.108534	0	0.36848	-1.10E-05	0.494626	-3.00E-06
4.636	0	0	0	0.2	0	-0.3	0	0	0	26.654947	653.041443	30.475592	-0.108793	0	0.36848	-2.00E-06	0.494626	-3.00E-06
4.637	0	0	0	0.2	0	-0.3	0	0	0	27.750633	653.041443	31.024109	-0.108793	0	0.369273	-2.00E-06	0.576329	-2.00E-06
4.638	0	0	0	0.2	0	-0.3	0	0	0	27.750633	650.962646	31.416002	-0.108474	0	0.369273	-1.60E-05	0.576329	-2.00E-06
4.639	0	0	0	0.2	0	-0.3	0	0	0	27.437063	649.10083	31.5725	-0.108474	0	0.36885	-1.60E-05	0.600147	-2.00E-06
4.64	0	0	0	0.2	0	-0.3	0	0	0	27.28064	647.358093	31.807816	-0.108474	0	0.36885	-1.60E-05	0.604386	-1.00E-06
4.641	0	0	0	0.2	0	-0.3	0	0	0	27.28064	649.10083	32.121094	-0.109051	0	0.36885	-1.60E-05	0.604386	0.00E+00
4.642	0	0	0	0.2	0	-0.3	0	0	0	27.28064	649.282532	32.27816	-0.108997	0	0.368834	-5.00E-06	0.549466	0
4.643	0	0	0	0.2	0	-0.3	0	0	0	27.435621	650.820374	32.4347	-0.109031	0	0.368834	-5.00E-06	0.542265	-4.00E-06
4.644	0	0	0	0.2	0	-0.3	0	0	0	27.434898	650.820374	32.669891	-0.108997	0	0.369462	-1.00E-05	0.542265	-4.00E-06
4.645	0	0	0	0.2	0	-0.3	0	0	0	27.979855	645.128601	33.375309	-0.108788	0	0.369468	-1.00E-05	0.531306	-3.00E-06
4.646	0	0	0	0.2	0	-0.3	0	0	0	27.90056	645.128601	34.393608	-0.108788	0	0.37012	-1.00E-05	0.564705	-3.00E-06
4.647	0	0	0	0.2	0	-0.3	0	0	0	27.979855	648.086304	34.393806	-0.10929	0	0.37012	-9.00E-06	0.509697	-3.00E-06
4.648	0	0	0	0.2	0	-0.3	0	0	0	27.975525	648.086304	34.39389	-0.109299	0	0.370191	-9.00E-06	0.509697	-3.00E-06
4.649	0	0	0	0.2	0	-0.3	0	0	0	28.366945	648.086304	34.785542	-0.109701	0	0.370191	-9.00E-06	0.488845	-2.00E-06
4.65	0	0	0	0.2	0	-0.3	0	0	0	28.679792	646.020325	34.785622	-0.109701	0	0.370378	-1.30E-05	0.488845	-2.00E-06
4.651	0	0	0	0.2	0	-0.3	0	0	0	28.679792	644.654114	35.020935	-0.109638	0	0.370283	-1.30E-05	0.488845	0
4.652	0	0	0	0.2	0	-0.3	0	0	0	28.754757	643.630798	35.177437	-0.109638	0	0.370283	-1.80E-05	0.486953	0.00E+00
4.653	0	0	0	0.2	0	-0.3	0	0	0	28.833328	643.630798	35.882774	-0.110031	0	0.370283	-1.20E-05	0.486953	-4.00E-06
4.654	0	0	0	0.2	0	-0.3	0	0	0	28.833328	644.998901	35.882774	-0.110031	0	0.371159	-1.20E-05	0.5133	-4.00E-06
4.655	0	0	0	0.2	0	-0.3	0	0	0	28.754757	646.053833	35.726189	-0.1098	0	0.371159	-1.10E-05	0.5133	-4.00E-06
4.656	0	0	0	0.2	0	-0.3	0	0	0	28.2826	644.998901	35.726189	-0.1098	0	0.371192	-1.10E-05	0.395131	-2.00E-06
4.657	0	0	0	0.2	0	-0.3	0	0	0	28.2826	643.643066	35.804482	-0.1098	0	0.371192	-1.60E-05	0.395131	-4.00E-06
4.658	0	0	0	0.2	0	-0.3	0	0	0	28.671133	643.643066	35.804684	-0.110314	0	0.371192	-1.60E-05	0.39775	-2.00E-06
4.659	0	0	0	0.2	0	-0.3	0	0	0	28.75115	646.592285	36.039673	-0.110915	0	0.371094	-1.40E-05	0.401401	-2.00E-06
4.66	0	0	0	0.2	0	-0.3	0	0	0	29.296827	646.592285	36.353279	-0.110915	0	0.371094	-1.20E-05	0.456035	-2.00E-06
4.661	0	0	0	0.2	0	-0.3	0	0	0	29.296827	646.401733	36.74485	-0.110759	0	0.371817	-8.00E-06	0.456035	-2.00E-06
4.662	0	0	0	0.2	0	-0.3	0	0	0	28.512545	645.904114	36.901711	-0.110759	0	0.371817	-8.00E-06	0.353482	-3.00E-06
4.663	0	0	0	0.2	0	-0.3	0	0	0	28.512545	645.904114	36.901711	-0.110865	0	0.371232	-3.00E-06	0.353482	-2.00E-06
4.664	0	0	0	0.2	0	-0.3	0	0	0	28.826115	645.904114	36.901711	-0.110865	0	0.371232	-1.60E-05	0.448437	0
4.665	0	0	0	0.2	0	-0.3	0	0	0	28.826115	644.354614	37.136864	-0.111035	0	0.371833	-1.50E-05	0.448437	0.00E+00
4.666	0	0	0	0.2	0	-0.3	0	0	0	29.531822	644.354614	38.782127	-0.111008	0	0.372419	-1.50E-05	0.358496	-3.00E-06
4.667	0	0	0	0.2	0	-0.3	0	0	0	28.823227	644.688354	38.782127	-0.111008	0	0.372419	-8.00E-06	0.305466	-3.00E-06
4.668	0	0	0	0.2	0	-0.3	0	0	0	28.822504	644.688354	38.782207	-0.111008	0	0.371885	-8.00E-06	0.358496	-3.00E-06
4.669	0	0	0	0.2	0	-0.3	0	0	0	28.822504	644.688354	38.938869	-0.111123	0	0.371885	-1.50E-05	0.349504	-3.00E-06
4.67	0	0	0	0.2	0	-0.3	0	0	0	28.97965	646.591125	39.565754	-0.111136	0	0.372188	-1.70E-05	0.398103	-4.00E-06
4.671	0	0	0	0.2	0	-0.3	0	0	0	28.97965	646.761597	40.035736	-0.111237	0	0.372188	-1.50E-05	0.388265	-4.00E-06
4.672	0	0	0	0.2	0	-0.3	0	0	0	28.982538	646.761597	40.662743	-0.111388	0	0.372792	-1.70E-05	0.416032	-2.00E-06
4.673	0	0	0	0.2	0	-0.3	0	0	0	29.451086	644.353821	41.837822	-0.111388	0	0.372861	-1.70E-05	0.388265	-1.00E-06
4.674	0	0	0	0.2	0	-0.3	0	0	0	29.451086	644.013672	41.838142	-0.111388	0	0.373114	-1.70E-05	0.416032	0.00E+00
4.675	0	0	0	0.2	0	-0.3	0	0	0	28.278271	644.013672	41.838142	-0.11119	0	0.373114	-1.10E-05	0.410995	0
4.676	0	0	0	0.2	0	-0.3	0	0	0	28.278271	647.806519	41.838142	-0.111411	0	0.372934	-1.10E-05	0.410995	-1.00E-06
4.677	0	0	0	0.2	0	-0.3	0	0	0	29.058945	648.308716	43.013222	-0.111541	0	0.372934	-1.10E-05	0.398673	-1.00E-06
4.678	0	0	0	0.2	0	-0.3	0	0	0	29.058945	648.308716	43.091553	-0.111631	0	0.373382	-1.10E-05	0.360831	-1.00E-06
4.679	0	0	0	0.2	0	-0.3	0	0	0	29.370348	648.308716	43.248253	-0.111675	0	0.373382	-1.00E-06	0.281641	-2.00E-06
4.68	0	0	0	0.2	0	-0.3	0	0	0	29.056059	647.964172	43.248253	-0.11181	0	0.373235	-1.00E-06	0.280413	-2.00E-06
4.681	0	0	0	0.2	0	-0.3	0	0	0	29.212481	647.12561	43.248253	-0.111907	0	0.373069	-7.00E-06	0.281641	-2.00E-06
4.682	0	0	0	0.2	0	-0.3	0	0	0	29.21176	647.12561	43.640152	-0.111959	0	0.373053	-1.50E-05	0.331602	-3.00E-06
4.683	0	0	0	0.2	0	-0.3	0	0	0	29.212481	653.66095	43.640232	-0.112218	0	0.373069	-1.10E-05	0.3773	-3.00E-06
4.684	0	0	0	0.2	0	-0.3	0	0	0	29.523886	653.66095	43.64027	-0.112224	0	0.373183	-1.20E-05	0.3773	-3.00E-06
4.685	0	0	0	0.2	0	-0.3	0	0	0	29.836012	647.981201	44.345444	-0.112224	0	0.373626	-1.20E-05	0.3773	-3.00E-06
4.686	0	0	0	0.2	0	-0.3	0	0	0	29.837454	647.981201	45.050461	-0.112251	0	0.374023	-1.40E-05	0.315143	-3.00E-06
4.687	0	0	0	0.2	0	-0.3	0	0	0	29.836012	648.332581	45.128956	-0.112251	0	0.37377	-1.40E-05	0.301252	-3.00E-06
4.688	0	0	0	0.2	0	-0.3	0	0	0	29.987383	649.018005	45.599014	-0.112251	0	0.37377	-1.30E-05	0.290734	-2.00E-06
4.689	0	0	0	0.2	0	-0.3	0	0	0	29.987383	649.894714	45.59906	-0.112536	0	0.37377	-8.00E-06	0.260515	-2.00E-06
4.69	0	0	0	0.2	0	-0.3	0	0	0	30.613077	649.894714	45.990711	-0.112536	0	0.374128	-8.00E-06	0.260515	-1.00E-06
4.691	0	0	0	0.2	0	-0.3	0	0	0	30.613077	649.189636	46.617756	-0.112536	0	0.374128	-8.00E-06	0.260515	-3.00E-06
4.692	0	0	0	0.2	0	-0.3	0	0	0	30.460262	648.849365	46.695923	-0.112283	0	0.374344	-8.00E-06	0.26195	-3.00E-06
4.693	0	0	0	0.2	0	-0.3	0	0	0	30.460262	648.162415	47.949696	-0.112551	0	0.374688	-1.00E-05	0.31516	-3.00E-06
4.694	0	0	0	0.2	0	-0.3	0	0	0	30.460262	648.162415	47.949696	-0.112783	0	0.374688	-1.00E-05	0.31516	-2.00E-06
4.695	0	0	0	0.2	0	-0.3	0	0	0	30.0674	651.965637	48.262939	-0.11282	0	0.374688	-2.60E-05	0.230795	-2.00E-06
4.696	0	0	0	0.2	0	-0.3	0	0	0	30.0674	651.965637	48.262939	-0.11282	0	0.37486	-2.60E-05	0.212817	0.00E+00
4.697	0	0	0	0.2	0	-0.3	0	0	0	30.0674	651.934021	48.889866	-0.11282	0	0.37486	-2.40E-05	0.162845	-3.00E-06
4.698	0	0	0	0.2	0	-0.3	0	0	0	29.753111	649.558777	49.125057	-0.112855	0	0.374288	-2.10E-05	0.162845	-4.00E-06
4.699	0	0	0	0.2	0	-0.3	0	0	0	29.753111	649.558777	49.516712	-0.112909	0	0.374288	-2.00E-05	0.180382	-4.00E-06
4.7	0	0	0	0.2	0	-0.3	0	0	0	30.140921	651.434082	50.53529	-0.112954	0	0.374854	-1.60E-05	0.180382	-3.00E-06
4.701	0	0	0	0.2	0	-0.3	0	0	0	30.218771	651.437561	50.84877	-0.112959	0	0.375045	-7.00E-06	0.129696	-3.00E-06
4.702	0	0	0	0.2	0	-0.3	0	0	0	30.140921	651.437561	50.84877	-0.112959	0	0.37518	-6.00E-06	0.129696	-3.00E-06
4.703	0	0	0	0.2	0	-0.3	0	0	0	30.217329	650.764465	50.927025	-0.112959	0	0.37518	-7.00E-06	0.068806	-3.00E-06
4.704	0	0	0	0.2	0	-0.3	0	0	0	30.217329	649.864868	51.318878	-0.113001	0	0.375142	-6.00E-06	0.128114	-3.00E-06
4.705	0	0	0	0.2	0	-0.3	0	0	0	30.219494	650.764465	51.553909	-0.113257	0	0.374756	-1.20E-05	0.128114	-3.00E-06
4.706	0	0	0	0.2	0	-0.3	0	0	0	30.610914	651.80365	52.65078	-0.113001	0	0.375142	-3.00E-06	0.128114	1.00E-06
4.707	0	0	0	0.2	0	-0.3	0	0	0	30.687323	652.996582	52.807598	-0.113416	0	0.375653	-3.00E-06	0.139032	1.00E-06
4.708	0	0	0	0.2	0	-0.3	0	0	0	30.687323	652.996582	53.591225	-0.113074	0	0.375653	-3.00E-06	0.191505	-1.00E-06
4.709	0	0	0	0.2	0	-0.3	0	0	0	30.612356	652.13385	53.826298	-0.113416	0	0.375642	-7.00E-06	0.191505	-2.00E-06
4.71	0	0	0	0.2	0	-0.3	0	0	0	30.451605	651.620789	53.904469	-0.113324	0	0.375503	-9.00E-06	0.137797	-2.00E-06
4.711	0	0	0	0.2	0	-0.3	0	0	0	30.296623	651.620789	54.766384	-0.113421	0	0.375503	-7.00E-06	0.107777	-2.00E-06
4.712	0	0	0	0.2	0	-0.3	0	0	0	30.296623	653.869568	54.923286	-0.113552	0	0.375503	-1.20E-05	0.107777	-2.00E-06
4.713	0	0	0	0.2	0	-0.3	0	0	0	32.013672	653.869568	55.941788	-0.113552	0	0.376168	-1.50E-05	0.206957	-3.00E-06
4.714	0	0	0	0.2	0	-0.3	0	0	0	32.013672	650.585083	56.020195	-0.113552	0	0.376448	-1.50E-05	0.206957	-3.00E-06
4.715	0	0	0	0.2	0	-0.3	0	0	0	30.763006	650.585083	56.020195	-0.113753	0	0.376448	-1.80E-05	0.142234	-4.00E-06
4.716	0	0	0	0.2	0	-0.3	0	0	0	30.763006	654.030334	56.020195	-0.113753	0	0.376198	-2.20E-05	0.112201	-1.00E-06
4.717	0	0	0	0.2	0	-0.3	0	0	0	30.917988	654.030334	57.195641	-0.113891	0	0.375949	-2.20E-05	0.112201	-4.00E-06
4.718	0	0	0	0.2	0	-0.3	0	0	0	31.309406	653.355286	57.273727	-0.113843	0	0.375949	-1.10E-05	0.15857	-3.00E-06
4.719	0	0	0	0.2	0	-0.3	0	0	0	31.309406	652.679138	57.58733	-0.113843	0	0.376051	-1.10E-05	0.15857	-3.00E-06
4.72	0	0	0	0.2	0	-0.3	0	0	0	31.309406	652.660278	57.822205	-0.113803	0	0.376341	-1.20E-05	0.022707	-1.00E-06
4.721	0	0	0	0.2	0	-0.3	0	0	0	31.227226	651.471436	57.979065	-0.113773	0	0.376341	-1.60E-05	0.022707	-1.00E-06
4.722	0	0	0	0.2	0	-0.3	0	0	0	31.150818	651.471436	58.68428	-0.113773	0	0.375971	-1.20E-05	-0.045065	-2.00E-06
4.723	0	0	0	0.2	0	-0.3	0	0	0	31.072245	654.564209	58.68428	-0.113795	0	0.375874	-1.60E-05	0.03429	-2.00E-06
4.724	0	0	0	0.2	0	-0.3	0	0	0	30.914377	654.564209	58.68428	-0.113861	0	0.375874	-8.00E-06	-0.013206	-4.00E-06
4.725	0	0	0	0.2	0	-0.3	0	0	0	31.072245	653.352173	59.702896	-0.113795	0	0.377052	-9.00E-06	0.019625	-3.00E-06
4.726	0	0	0	0.2	0	-0.3	0	0	0	31.615038	652.144104	60.094509	-0.113635	0	0.377278	-9.00E-06	-0.013206	-5.00E-06
4.727	0	0	0	0.2	0	-0.3	0	0	0	31.615038	651.624146	60.173004	-0.113635	0	0.377052	-1.90E-05	0.019625	-5.00E-06
4.728	0	0	0	0.2	0	-0.3	0	0	0	31.229391	651.624146	60.564774	-0.113892	0	0.376872	-2.00E-05	0.053778	-5.00E-06
4.729	0	0	0	0.2	0	-0.3	0	0	0	31.229391	652.679565	60.643227	-0.114031	0	0.376872	-1.90E-05	0.053778	-5.00E-06
4.73	0	0	0	0.2	0	-0.3	0	0	0	31.302191	653.005066	61.1917	-0.113892	0	0.377228	-2.50E-05	-0.040551	-3.00E-06
4.731	0	0	0	0.2	0	-0.3	0	0	0	31.540794	653.005066	61.583275	-0.113906	0	0.377569	-9.00E-06	-0.040551	-3.00E-06
4.732	0	0	0	0.2	0	-0.3	0	0	0	31.926443	652.840759	61.896717	-0.113906	0	0.377642	-2.50E-05	-0.059369	-2.00E-06
4.733	0	0	0	0.2	0	-0.3	0	0	0	31.926443	651.810913	62.210075	-0.11409	0	0.377642	-2.50E-05	0.066052	-7.00E-06
4.734	0	0	0	0.2	0	-0.3	0	0	0	31.926443	651.810913	62.915337	-0.114136	0	0.377252	-2.50E-05	-0.083644	-3.00E-06
4.735	0	0	0	0.2	0	-0.3	0	0	0	32.084305	657.480225	62.836967	-0.114198	0	0.377252	-1.60E-05	-0.032184	-3.00E-06
4.736	0	0	0	0.2	0	-0.3	0	0	0	32.084305	657.480225	63.072037	-0.114136	0	0.377254	-8.00E-06	-0.083644	-1.00E-06
4.737	0	0	0	0.2	0	-0.3	0	0	0	32.084305	655.23407	63.46373	-0.11418	0	0.378011	-1.50E-05	-0.117718	-1.00E-06
4.738	0	0	0	0.2	0	-0.3	0	0	0	32.006454	655.23407	63.541939	-0.11418	0	0.378011	-1.50E-05	-0.117718	-2.00E-06
4.739	0	0	0	0.2	0	-0.3	0	0	0	32.005013	657.312805	64.090652	-0.114249	0	0.378056	-1.50E-05	-0.117718	-4.00E-06
4.74	0	0	0	0.2	0	-0.3	0	0	0	31.613594	657.312805	64.795547	-0.114439	0	0.378081	-1.80E-05	-0.201354	-2.00E-06
4.741	0	0	0	0.2	0	-0.3	0	0	0	31.613594	657.812622	65.422554	-0.114439	0	0.378081	-1.80E-05	-0.201354	-4.00E-06
4.742	0	0	0	0.2	0	-0.3	0	0	0	31.92572	660.579834	65.500923	-0.114535	0	0.378216	-1.80E-05	-0.172318	-3.00E-06
4.743	0	0	0	0.2	0	-0.3	0	0	0	32.160713	660.579834	65.500923	-0.114535	0	0.378194	-3.00E-06	-0.172318	-4.00E-06
4.744	0	0	0	0.2	0	-0.3	0	0	0	32.239285	658.161377	65.657547	-0.114509	0	0.378216	-3.00E-06	-0.172318	-3.00E-06
4.745	0	0	0	0.2	0	-0.3	0	0	0	32.46851	657.460449	66.754295	-0.114096	0	0.378576	-6.00E-06	-0.246654	-4.00E-06
4.746	0	0	0	0.2	0	-0.3	0	0	0	32.785686	657.460449	66.754295	-0.114096	0	0.378576	-7.00E-06	-0.052913	-4.00E-06
4.747	0	0	0	0.2	0	-0.3	0	0	0	32.785686	659.886719	66.754295	-0.114253	0	0.378576	-6.00E-06	-0.190347	-4.00E-06
4.748	0	0	0	0.2	0	-0.3	0	0	0	33.099976	662.626038	66.989487	-0.114253	0	0.378849	-7.00E-06	-0.190347	-5.00E-06
4.749	0	0	0	0.2	0	-0.3	0	0	0	33.408493	662.626038	67.851242	-0.114227	0	0.378882	-1.20E-05	-0.213989	-5.00E-06
4.75	0	0	0	0.2	0	-0.3	0	0	0	33.408493	661.926453	67.929733	-0.114227	0	0.378882	-1.20E-05	-0.223946	-4.00E-06
4.751	0	0	0	0.2	0	-0.3	0	0	0	33.332806	661.926453	68.008026	-0.114522	0	0.378607	-1.40E-05	-0.223946	-2.00E-06
4.752	0	0	0	0.2	0	-0.3	0	0	0	33.332806	662.640747	69.104858	-0.114532	0	0.378607	-2.70E-05	-0.187628	-2.00E-06
4.753	0	0	0	0.2	0	-0.3	0	0	0	34.349201	663.484314	69.888489	-0.114532	0	0.379166	-2.70E-05	-0.165848	-4.00E-06
4.754	0	0	0	0.2	0	-0.3	0	0	0	34.349201	665.029846	70.280296	-0.114532	0	0.37918	-1.80E-05	-0.107	-4.00E-06
4.755	0	0	0	0.2	0	-0.3	0	0	0	33.720619	666.409912	70.828323	-0.114481	0	0.379166	-9.00E-06	-0.165848	-4.00E-06
4.756	0	0	0	0.2	0	-0.3	0	0	0	33.720619	666.409912	70.750122	-0.114637	0	0.378733	-9.00E-06	-0.355154	-3.00E-06
4.757	0	0	0	0.2	0	-0.3	0	0	0	33.801357	664.00238	70.828323	-0.114481	0	0.378716	-9.00E-06	-0.355154	-3.00E-06
4.758	0	0	0	0.2	0	-0.3	0	0	0	34.111317	664.00238	71.612076	-0.114637	0	0.378733	-2.30E-05	-0.239345	-3.00E-06
4.759	0	0	0	0.2	0	-0.3	0	0	0	34.582752	667.446411	71.847267	-0.114446	0	0.37897	-2.30E-05	-0.19923	-6.00E-06
4.76	0	0	0	0.2	0	-0.3	0	0	0	34.81414	667.446411	72.003975	-0.114764	0	0.379521	-1.30E-05	-0.19923	-3.00E-06
4.761	0	0	0	0.2	0	-0.3	0	0	0	34.81414	667.94165	72.787399	-0.114737	0	0.379734	-1.30E-05	-0.259239	-3.00E-06
4.762	0	0	0	0.2	0	-0.3	0	0	0	34.735569	667.94165	73.022545	-0.114777	0	0.379734	-1.50E-05	-0.259239	-3.00E-06
4.763	0	0	0	0.2	0	-0.3	0	0	0	34.502014	669.331909	73.2575	-0.114777	0	0.379505	-1.50E-05	-0.286843	-3.00E-06
4.764	0	0	0	0.2	0	-0.3	0	0	0	34.502014	669.331909	73.492531	-0.114785	0	0.379505	-8.00E-06	-0.229178	-5.00E-06
4.765	0	0	0	0.2	0	-0.3	0	0	0	35.986958	669.331909	74.354324	-0.114837	0	0.379781	-8.00E-06	-0.267057	-5.00E-06
4.766	0	0	0	0.2	0	-0.3	0	0	0	35.986958	669.654297	75.059662	-0.114837	0	0.380155	-1.40E-05	-0.25334	-3.00E-06
4.767	0	0	0	0.2	0	-0.3	0	0	0	35.359818	672.40918	75.607864	-0.11449	0	0.380155	-1.80E-05	-0.267057	-2.00E-06
4.768	0	0	0	0.2	0	-0.3	0	0	0	35.359818	672.40918	75.607864	-0.11449	0	0.380018	-1.40E-05	-0.272982	-3.00E-06
4.769	0	0	0	0.2	0	-0.3	0	0	0	35.907661	672.583862	76.548225	-0.114911	0	0.379863	-2.00E-05	-0.415835	-6.00E-06
4.77	0	0	0	0.2	0	-0.3	0	0	0	35.983349	673.451721	76.626518	-0.114911	0	0.379872	-7.00E-06	-0.415835	-6.00E-06
4.771	0	0	0	0.2	0	-0.3	0	0	0	36.061924	673.619141	76.939842	-0.114911	0	0.379872	-2.00E-05	-0.415835	-5.00E-06
4.772	0	0	0	0.2	0	-0.3	0	0	0	36.376213	673.619141	77.096664	-0.114867	0	0.380071	-1.00E-05	-0.347694	-3.00E-06
4.773	0	0	0	0.2	0	-0.3	0	0	0	37.078312	673.427429	78.114998	-0.114896	0	0.380071	-1.00E-05	-0.347694	-5.00E-06
4.774	0	0	0	0.2	0	-0.3	0	0	0	37.078312	673.427429	78.114998	-0.114747	0	0.379591	-1.00E-05	-0.408431	-4.00E-06
4.775	0	0	0	0.2	0	-0.3	0	0	0	36.686172	676.549133	78.114998	-0.114896	0	0.379591	-1.10E-05	-0.408431	-4.00E-06
4.776	0	0	0	0.2	0	-0.3	0	0	0	36.686172	678.091248	78.428764	-0.115179	0	0.380145	-1.30E-05	-0.32654	-4.00E-06
4.777	0	0	0	0.2	0	-0.3	0	0	0	37.079037	678.425659	79.212067	-0.115179	0	0.380355	-1.60E-05	-0.32654	-4.00E-06
4.778	0	0	0	0.2	0	-0.3	0	0	0	37.546864	678.588074	80.387352	-0.115111	0	0.380625	-1.60E-05	-0.332263	-4.00E-06
4.779	0	0	0	0.2	0	-0.3	0	0	0	37.079037	678.588074	81.170692	-0.114924	0	0.380625	-1.60E-05	-0.486823	-2.00E-06
4.78	0	0	0	0.2	0	-0.3	0	0	0	37.073261	677.911072	81.562668	-0.115036	0	0.380384	-2.00E-06	-0.486823	-2.00E-06
4.781	0	0	0	0.2	0	-0.3	0	0	0	37.073261	677.911072	81.562714	-0.115036	0	0.380384	-2.00E-06	-0.422675	-2.00E-06
4.782	0	0	0	0.2	0	-0.3	0	0	0	37.388996	679.63562	82.737946	-0.115323	0	0.380576	-3.00E-06	-0.422675	-5.00E-06
4.783	0	0	0	0.2	0	-0.3	0	0	0	37.466125	682.734924	83.129601	-0.11549	0	0.380576	-1.20E-05	-0.478406	-2.00E-06
4.784	0	0	0	0.2	0	-0.3	0	0	0	37.856102	682.734924	83.286224	-0.115323	0	0.380901	-1.50E-05	-0.478406	-2.00E-06
4.785	0	0	0	0.2	0	-0.3	0	0	0	37.856102	678.759277	83.6782	-0.115329	0	0.381039	-1.70E-05	-0.469101	-2.00E-06
4.786	0	0	0	0.2	0	-0.3	0	0	0	37.701118	678.759277	84.77507	-0.115329	0	0.381039	-1.50E-05	-0.469101	-3.00E-06
4.787	0	0	0	0.2	0	-0.3	0	0	0	37.701118	680.833313	85.401711	-0.115329	0	0.380881	-5.00E-06	-0.500031	-3.00E-06
4.788	0	0	0	0.2	0	-0.3	0	0	0	37.856823	681.867859	85.950264	-0.115404	0	0.380881	-5.00E-06	-0.500393	-3.00E-06
4.789	0	0	0	0.2	0	-0.3	0	0	0	38.402504	684.447083	86.811981	-0.115585	0	0.380928	-1.30E-05	-0.521078	-4.00E-06
4.79	0	0	0	0.2	0	-0.3	0	0	0	38.402504	684.447083	86.812103	-0.115585	0	0.381083	-1.30E-05	-0.528915	-4.00E-06
4.791	0	0	0	0.2	0	-0.3	0	0	0	37.854656	684.447083	87.674019	-0.115585	0	0.381055	2.00E-06	-0.586746	-4.00E-06
4.792	0	0	0	0.2	0	-0.3	0	0	0	37.854656	684.4328	88.379272	-0.115202	0	0.381188	2.00E-06	-0.586746	-2.00E-06
4.793	0	0	0	0.2	0	-0.3	0	0	0	38.326092	683.93457	89.240906	-0.115521	0	0.381055	-3.00E-06	-0.533442	-2.00E-06
4.794	0	0	0	0.2	0	-0.3	0	0	0	38.326092	683.93457	89.319443	-0.115521	0	0.381623	-7.00E-06	-0.502556	-2.00E-06
4.795	0	0	0	0.2	0	-0.3	0	0	0	38.715351	690.10376	89.789589	-0.115521	0	0.381251	-7.00E-06	-0.502556	-4.00E-06
4.796	0	0	0	0.2	0	-0.3	0	0	0	38.400337	690.10376	90.102829	-0.115353	0	0.381658	-7.00E-06	-0.51398	-2.00E-06
4.797	0	0	0	0.2	0	-0.3	0	0	0	38.400337	687.710388	91.121368	-0.115353	0	0.381251	-2.00E-06	-0.647338	-1.00E-06
4.798	0	0	0	0.2	0	-0.3	0	0	0	38.166065	687.710388	91.513184	-0.115703	0	0.381908	-8.00E-06	-0.670134	-1.00E-06
4.799	0	0	0	0.2	0	-0.3	0	0	0	38.166065	688.552368	92.531601	-0.115741	0	0.381157	-8.00E-06	-0.683818	-5.00E-06
4.8	0	0	0	0.2	0	-0.3	0	0	0	39.025311	689.4245	93.080116	-0.115741	0	0.381157	-8.00E-06	-0.781655	-5.00E-06
4.801	0	0	0	0.2	0	-0.3	0	0	0	39.181011	692.684998	93.550415	-0.115694	0	0.381157	-1.50E-05	-0.702838	-3.00E-06
4.802	0	0	0	0.2	0	-0.3	0	0	0	39.181011	692.684998	94.020325	-0.115456	0	0.381751	-1.90E-05	-0.79448	-3.00E-06
4.803	0	0	0	0.2	0	-0.3	0	0	0	38.714626	691.820618	94.333847	-0.115456	0	0.381751	-1.90E-05	-0.702838	-2.00E-06
4.804	0	0	0	0.2	0	-0.3	0	0	0	38.714626	691.820618	95.039139	-0.115456	0	0.381406	-1.90E-05	-0.818104	-2.00E-06
4.805	0	0	0	0.2	0	-0.3	0	0	0	39.413124	692.522644	96.919479	-0.116019	0	0.381406	-1.20E-05	-0.550171	-4.00E-06
4.806	0	0	0	0.2	0	-0.3	0	0	0	40.429516	693.022461	97.31105	-0.116019	0	0.381635	-4.00E-06	-0.712743	-4.00E-06
4.807	0	0	0	0.2	0	-0.3	0	0	0	40.429516	694.745544	97.781273	-0.116061	0	0.381794	-4.00E-06	-0.64811	-2.00E-06
4.808	0	0	0	0.2	0	-0.3	0	0	0	40.429516	696.451599	98.094795	-0.115848	0	0.381794	-4.00E-06	-0.712743	-2.00E-06
4.809	0	0	0	0.2	0	-0.3	0	0	0	40.588825	696.451599	98.48645	-0.115804	0	0.381951	-1.20E-05	-0.64811	-2.00E-06
4.81	0	0	0	0.2	0	-0.3	0	0	0	40.588825	695.085327	98.643188	-0.115804	0	0.38214	-1.10E-05	-0.623831	-3.00E-06
4.811	0	0	0	0.2	0	-0.3	0	0	0	40.588825	695.085327	99.896805	-0.116045	0	0.381951	-1.10E-05	-0.623831	-4.00E-06
4.812	0	0	0	0.2	0	-0.3	0	0	0	40.978802	699.538086	100.445114	-0.116045	0	0.38214	-1.10E-05	-0.623831	-4.00E-06
4.813	0	0	0	0.2	0	-0.3	0	0	0	41.211632	699.738342	100.83709	-0.116239	0	0.382788	-1.00E-05	-0.623053	-4.00E-06
4.814	0	0	0	0.2	0	-0.3	0	0	0	41.523037	700.916687	101.072121	-0.115817	0	0.382788	-1.00E-05	-0.623053	-3.00E-06
4.815	0	0	0	0.2	0	-0.3	0	0	0	41.211632	700.916687	101.933884	-0.116242	0	0.38211	-1.00E-05	-0.60887	-3.00E-06
4.816	0	0	0	0.2	0	-0.3	0	0	0	41.601612	700.248657	102.090698	-0.116067	0	0.38211	-1.60E-05	-0.619228	-4.00E-06
4.817	0	0	0	0.2	0	-0.3	0	0	0	41.523037	700.248657	102.874245	-0.116242	0	0.38221	-7.00E-06	-0.604214	-4.00E-06
4.818	0	0	0	0.2	0	-0.3	0	0	0	41.679462	704.375488	103.657715	-0.116067	0	0.382348	-1.00E-05	-0.604214	-2.00E-06
4.819	0	0	0	0.2	0	-0.3	0	0	0	42.148006	704.375488	104.519791	-0.116113	0	0.382809	-1.00E-05	-0.604214	-2.00E-06
4.82	0	0	0	0.2	0	-0.3	0	0	0	42.225857	703.841248	105.0681	-0.116053	0	0.382809	-1.40E-05	-0.604981	-3.00E-06
4.821	0	0	0	0.2	0	-0.3	0	0	0	42.305153	703.841248	105.459755	-0.116113	0	0.382558	-1.60E-05	-0.683125	-4.00E-06
4.822	0	0	0	0.2	0	-0.3	0	0	0	42.305153	706.41864	105.851364	-0.115965	0	0.382287	-1.60E-05	-0.711542	-4.00E-06
4.823	0	0	0	0.2	0	-0.3	0	0	0	42.305153	707.276917	106.870193	-0.116141	0	0.382558	-2.40E-05	-0.683125	-2.00E-06
4.824	0	0	0	0.2	0	-0.3	0	0	0	42.539429	707.424988	107.888565	-0.115969	0	0.383007	-2.40E-05	-0.587554	-2.00E-06
4.825	0	0	0	0.2	0	-0.3	0	0	0	43.866505	707.435059	108.828888	-0.115969	0	0.383132	-2.40E-05	-0.587554	-4.00E-06
4.826	0	0	0	0.2	0	-0.3	0	0	0	43.866505	707.424988	108.828888	-0.115968	0	0.383132	-2.30E-05	-0.648597	-4.00E-06
4.827	0	0	0	0.2	0	-0.3	0	0	0	43.23864	707.435059	108.828888	-0.115968	0	0.383092	-2.40E-05	-0.648597	-2.00E-06
4.828	0	0	0	0.2	0	-0.3	0	0	0	43.23864	708.6427	110.317703	-0.115968	0	0.383092	-2.50E-05	-0.635338	-2.00E-06
4.829	0	0	0	0.2	0	-0.3	0	0	0	43.47364	709.165771	110.787918	-0.116171	0	0.383092	-2.50E-05	-0.59963	-3.00E-06
4.83	0	0	0	0.2	0	-0.3	0	0	0	43.553654	709.165771	111.492973	-0.116171	0	0.383113	-1.40E-05	-0.615682	-3.00E-06
4.831	0	0	0	0.2	0	-0.3	0	0	0	44.177181	712.07605	111.96312	-0.116202	0	0.383113	-1.30E-05	-0.59963	-3.00E-06
4.832	0	0	0	0.2	0	-0.3	0	0	0	44.412899	712.07605	112.119942	-0.116202	0	0.383334	-7.00E-06	-0.615682	-3.00E-06
4.833	0	0	0	0.2	0	-0.3	0	0	0	44.412899	711.733948	112.668335	-0.116026	0	0.383334	-6.00E-06	-0.556107	-3.00E-06
4.834	0	0	0	0.2	0	-0.3	0	0	0	44.335773	711.733948	113.138367	-0.116026	0	0.383334	-4.00E-06	-0.556107	-2.00E-06
4.835	0	0	0	0.2	0	-0.3	0	0	0	44.335773	714.992493	114.235466	-0.116085	0	0.383623	-4.00E-06	-0.436316	-3.00E-06
4.836	0	0	0	0.2	0	-0.3	0	0	0	44.566437	714.995178	114.470749	-0.116085	0	0.383832	-4.00E-06	-0.436316	-3.00E-06
4.837	0	0	0	0.2	0	-0.3	0	0	0	44.881451	715.674072	114.862396	-0.116085	0	0.383838	-3.00E-06	-0.544631	-4.00E-06
4.838	0	0	0	0.2	0	-0.3	0	0	0	45.269985	716.017761	115.959106	-0.11607	0	0.38404	-3.00E-06	-0.54944	-4.00E-06
4.839	0	0	0	0.2	0	-0.3	0	0	0	45.269985	715.674072	116.429367	-0.116057	0	0.384144	-1.20E-05	-0.544631	-5.00E-06
4.84	0	0	0	0.2	0	-0.3	0	0	0	45.195019	716.017761	117.056381	-0.115965	0	0.38404	-1.20E-05	-0.431382	-5.00E-06
4.841	0	0	0	0.2	0	-0.3	0	0	0	45.192135	713.093567	117.291245	-0.116057	0	0.383467	-1.20E-05	-0.398978	-5.00E-06
4.842	0	0	0	0.2	0	-0.3	0	0	0	45.192135	716.372986	117.918213	-0.116151	0	0.383467	-1.10E-05	-0.431382	-5.00E-06
4.843	0	0	0	0.2	0	-0.3	0	0	0	45.737812	719.110107	118.623428	-0.116151	0	0.384146	-1.70E-05	-0.356961	-3.00E-06
4.844	0	0	0	0.2	0	-0.3	0	0	0	45.898563	719.622681	118.858337	-0.116151	0	0.384306	-9.00E-06	-0.456814	-3.00E-06
4.845	0	0	0	0.2	0	-0.3	0	0	0	46.128506	719.110107	119.328766	-0.116014	0	0.384244	-1.10E-05	-0.430915	-3.00E-06
4.846	0	0	0	0.2	0	-0.3	0	0	0	46.132114	719.2724	119.955368	-0.116014	0	0.384306	-1.10E-05	-0.430915	-3.00E-06
4.847	0	0	0	0.2	0	-0.3	0	0	0	46.205639	719.2724	120.425674	-0.116014	0	0.384854	-1.60E-05	-0.271487	-6.00E-06
4.848	0	0	0	0.2	0	-0.3	0	0	0	46.597782	721.681274	121.130859	-0.115946	0	0.38507	-1.60E-05	-0.271487	-6.00E-06
4.849	0	0	0	0.2	0	-0.3	0	0	0	46.674908	721.681274	121.600952	-0.115814	0	0.38511	-1.60E-05	-0.273562	-6.00E-06
4.85	0	0	0	0.2	0	-0.3	0	0	0	46.677792	721.49231	121.601036	-0.115814	0	0.38507	-9.00E-06	-0.273562	-5.00E-06
4.851	0	0	0	0.2	0	-0.3	0	0	0	46.677792	721.49231	122.932968	-0.115856	0	0.385193	-2.70E-05	-0.243289	-5.00E-06
4.852	0	0	0	0.2	0	-0.3	0	0	0	46.754925	719.092651	123.403198	-0.115989	0	0.385193	-9.00E-06	-0.237293	-4.00E-06
4.853	0	0	0	0.2	0	-0.3	0	0	0	46.989201	721.844421	124.108337	-0.115856	0	0.385193	-2.80E-05	-0.237293	-4.00E-06
4.854	0	0	0	0.2	0	-0.3	0	0	0	47.613449	724.082825	124.89212	-0.115851	0	0.385454	-2.80E-05	-0.07273	-4.00E-06
4.855	0	0	0	0.2	0	-0.3	0	0	0	47.613449	724.082825	124.89212	-0.115842	0	0.385724	-2.80E-05	-0.07273	-6.00E-06
4.856	0	0	0	0.2	0	-0.3	0	0	0	47.613449	724.07196	124.970337	-0.115739	0	0.385724	-1.50E-05	-0.324588	-6.00E-06
4.857	0	0	0	0.2	0	-0.3	0	0	0	48.234093	723.556274	124.970337	-0.115739	0	0.385724	-1.50E-05	-0.324588	-5.00E-06
4.858	0	0	0	0.2	0	-0.3	0	0	0	48.704807	721.487671	126.067444	-0.115658	0	0.385412	-1.10E-05	-0.284419	-1.00E-06
4.859	0	0	0	0.2	0	-0.3	0	0	0	48.782658	723.556274	126.145691	-0.115658	0	0.385844	-1.90E-05	-0.212834	-1.00E-06
4.86	0	0	0	0.2	0	-0.3	0	0	0	48.936916	724.926331	126.381012	-0.115865	0	0.385826	-2.00E-05	-0.163718	-4.00E-06
4.861	0	0	0	0.2	0	-0.3	0	0	0	49.328335	725.091003	126.851151	-0.115865	0	0.386026	-2.00E-05	-0.163718	-4.00E-06
4.862	0	0	0	0.2	0	-0.3	0	0	0	49.328335	725.091003	127.08622	-0.115661	0	0.385826	-1.30E-05	-0.189497	-4.00E-06
4.863	0	0	0	0.2	0	-0.3	0	0	0	49.01693	725.091003	127.477921	-0.115661	0	0.385757	-1.30E-05	-0.189497	-4.00E-06
4.864	0	0	0	0.2	0	-0.3	0	0	0	49.01693	723.039429	128.183212	-0.115661	0	0.385757	-1.00E-05	-0.092985	-4.00E-06
4.865	0	0	0	0.2	0	-0.3	0	0	0	50.036209	724.419861	129.828598	-0.115677	0	0.386362	-1.00E-05	0.106103	-4.00E-06
4.866	0	0	0	0.2	0	-0.3	0	0	0	50.036209	724.419861	130.298859	-0.115677	0	0.38652	-2.10E-05	0.106103	-4.00E-06
4.867	0	0	0	0.2	0	-0.3	0	0	0	50.036209	725.096863	132.022339	-0.115677	0	0.38652	-2.10E-05	0.068902	-4.00E-06
4.868	0	0	0	0.2	0	-0.3	0	0	0	50.036934	725.096863	132.649109	-0.115578	0	0.38652	-1.80E-05	0.068902	-5.00E-06
4.869	0	0	0	0.2	0	-0.3	0	0	0	50.036934	722.519043	132.727509	-0.115559	0	0.386884	-1.10E-05	0.072393	-5.00E-06
4.87	0	0	0	0.2	0	-0.3	0	0	0	50.349777	722.519043	134.216476	-0.115559	0	0.38675	-1.10E-05	0.27214	-5.00E-06
4.871	0	0	0	0.2	0	-0.3	0	0	0	50.821934	724.241272	135.156479	-0.115708	0	0.386884	-1.00E-05	0.296241	-6.00E-06
4.872	0	0	0	0.2	0	-0.3	0	0	0	50.821934	724.241272	136.645325	-0.115708	0	0.387399	3.00E-06	0.296241	-6.00E-06
4.873	0	0	0	0.2	0	-0.3	0	0	0	50.899063	724.937073	137.193802	-0.115837	0	0.387399	3.00E-06	0.337671	-4.00E-06
4.874	0	0	0	0.2	0	-0.3	0	0	0	50.744808	722.862366	137.585648	-0.115342	0	0.38738	0.00E+00	0.337671	-4.00E-06
4.875	0	0	0	0.2	0	-0.3	0	0	0	50.744808	722.862366	137.585648	-0.115497	0	0.387132	-8.00E-06	0.408892	-4.00E-06
4.876	0	0	0	0.2	0	-0.3	0	0	0	50.51342	722.186218	138.760971	-0.115497	0	0.387125	-8.00E-06	0.42023	-4.00E-06
4.877	0	0	0	0.2	0	-0.3	0	0	0	50.51342	722.186218	140.092987	-0.115497	0	0.387132	-1.20E-05	0.5094	-4.00E-06
4.878	0	0	0	0.2	0	-0.3	0	0	0	50.978359	723.72052	141.503433	-0.115459	0	0.387951	-1.20E-05	0.519281	-3.00E-06
4.879	0	0	0	0.2	0	-0.3	0	0	0	51.370499	723.72052	141.581757	-0.115311	0	0.388167	-1.20E-05	0.519281	-1.00E-06
4.88	0	0	0	0.2	0	-0.3	0	0	0	51.370499	717.535461	142.286972	-0.115293	0	0.388241	-5.00E-06	0.519281	-3.00E-06
4.881	0	0	0	0.2	0	-0.3	0	0	0	50.197685	717.535461	142.287094	-0.115311	0	0.388804	-1.20E-05	0.687097	-4.00E-06
4.882	0	0	0	0.2	0	-0.3	0	0	0	49.966297	717.535461	143.697083	-0.115293	0	0.388241	-5.00E-06	0.531746	-5.00E-06
4.883	0	0	0	0.2	0	-0.3	0	0	0	49.966297	717.017822	145.107712	-0.115258	0	0.389097	-5.00E-06	0.622403	-6.00E-06
4.884	0	0	0	0.2	0	-0.3	0	0	0	50.826988	716.341248	146.439667	-0.115085	0	0.389097	-5.00E-06	0.622403	-6.00E-06
4.885	0	0	0	0.2	0	-0.3	0	0	0	50.826988	713.570251	146.439667	-0.114849	0	0.389097	-1.10E-05	0.622403	-6.00E-06
4.886	0	0	0	0.2	0	-0.3	0	0	0	48.874939	713.417908	146.047607	-0.114849	0	0.389029	-1.10E-05	0.504211	-5.00E-06
4.887	0	0	0	0.2	0	-0.3	0	0	0	48.40567	713.228088	146.047607	-0.115035	0	0.388973	-1.70E-05	0.500741	-5.00E-06
4.888	0	0	0	0.2	0	-0.3	0	0	0	48.404228	713.228088	146.36116	-0.115035	0	0.388914	-2.00E-05	0.500741	-4.00E-06
4.889	0	0	0	0.2	0	-0.3	0	0	0	48.01281	710.491394	147.22348	-0.114902	0	0.388973	-2.00E-05	0.528446	-6.00E-06
4.89	0	0	0	0.2	0	-0.3	0	0	0	47.465687	708.93457	147.22348	-0.114902	0	0.389124	-2.60E-05	0.528446	-4.00E-06
4.891	0	0	0	0.2	0	-0.3	0	0	0	47.147789	708.429688	147.145355	-0.114902	0	0.389609	-1.80E-05	0.502957	-4.00E-06
4.892	0	0	0	0.2	0	-0.3	0	0	0	46.675632	706.537292	145.9702	-0.114827	0	0.389859	-2.20E-05	0.464053	-4.00E-06
4.893	0	0	0	0.2	0	-0.3	0	0	0	45.422077	704.669617	145.735733	-0.114827	0	0.389609	-1.80E-05	0.39934	-4.00E-06
4.894	0	0	0	0.2	0	-0.3	0	0	0	44.950642	701.5672	145.735733	-0.114926	0	0.389859	-1.40E-05	0.464053	-6.00E-06
4.895	0	0	0	0.2	0	-0.3	0	0	0	43.935696	701.5672	145.579803	-0.114926	0	0.389255	-1.30E-05	0.39934	-2.00E-06
4.896	0	0	0	0.2	0	-0.3	0	0	0	43.935696	700.016541	145.658524	-0.11489	0	0.390547	-1.30E-05	0.514173	-3.00E-06
4.897	0	0	0	0.2	0	-0.3	0	0	0	43.615631	694.859863	145.658524	-0.114775	0	0.390883	-4.00E-06	0.228983	-3.00E-06
4.898	0	0	0	0.2	0	-0.3	0	0	0	42.66843	694.859863	145.658524	-0.114775	0	0.390883	-5.00E-06	0.228983	-3.00E-06
4.899	0	0	0	0.2	0	-0.3	0	0	0	42.277012	690.227661	144.875504	-0.114655	0	0.390612	-5.00E-06	0.228983	-3.00E-06
4.9	0	0	0	0.2	0	-0.3	0	0	0	42.198441	690.227661	144.483978	-0.114655	0	0.390612	-5.00E-06	0.337489	-3.00E-06
4.901	0	0	0	0.2	0	-0.3	0	0	0	41.959835	688.347656	144.092758	-0.114655	0	0.390677	-2.00E-05	0.337489	-3.00E-06
4.902	0	0	0	0.2	0	-0.3	0	0	0	40.858379	686.102356	143.935944	-0.114507	0	0.391056	-2.00E-05	0.134215	-1.00E-06
4.903	0	0	0	0.2	0	-0.3	0	0	0	40.233402	685.578613	144.092758	-0.114095	0	0.391056	-2.00E-05	0.072113	-1.00E-06
4.904	0	0	0	0.2	0	-0.3	0	0	0	39.689888	683.011658	144.484818	-0.114095	0	0.391056	-1.20E-05	0.134215	-2.00E-06
4.905	0	0	0	0.2	0	-0.3	0	0	0	37.969234	678.203125	144.484818	-0.114185	0	0.391335	-1.20E-05	0.072113	-4.00E-06
4.906	0	0	0	0.2	0	-0.3	0	0	0	37.102047	675.111633	144.17189	-0.114185	0	0.391544	-2.10E-05	-0.006271	-4.00E-06
4.907	0	0	0	0.2	0	-0.3	0	0	0	37.025639	674.261841	143.54509	-0.114185	0	0.391544	-2.20E-05	-0.024951	-3.00E-06
4.908	0	0	0	0.2	0	-0.3	0	0	0	36.631332	673.919678	143.07515	-0.114143	0	0.391704	-2.10E-05	-0.006271	-3.00E-06
4.909	0	0	0	0.2	0	-0.3	0	0	0	35.540699	668.933411	142.918457	-0.114143	0	0.392318	-1.40E-05	-0.024951	-3.00E-06
4.91	0	0	0	0.2	0	-0.3	0	0	0	34.597828	664.127319	142.761993	-0.114143	0	0.392416	-1.30E-05	-0.013554	-3.00E-06
4.911	0	0	0	0.2	0	-0.3	0	0	0	33.895725	661.215515	142.683777	-0.114029	0	0.392438	-4.00E-06	-0.116481	-3.00E-06
4.912	0	0	0	0.2	0	-0.3	0	0	0	32.800041	657.25647	141.978683	-0.114002	0	0.392549	-4.00E-06	-0.031528	-4.00E-06
4.913	0	0	0	0.2	0	-0.3	0	0	0	32.568653	657.25647	141.978607	-0.114002	0	0.392767	-4.00E-06	-0.083308	-4.00E-06
4.914	0	0	0	0.2	0	-0.3	0	0	0	31.394392	656.0672	141.586914	-0.114002	0	0.393259	-7.00E-06	-0.031528	-4.00E-06
4.915	0	0	0	0.2	0	-0.3	0	0	0	31.320148	650.730347	141.351959	-0.113597	0	0.39345	-2.00E-06	-0.083308	-5.00E-06
4.916	0	0	0	0.2	0	-0.3	0	0	0	30.144445	646.957214	140.803436	-0.113597	0	0.393819	-7.00E-06	0.036505	-2.00E-06
4.917	0	0	0	0.2	0	-0.3	0	0	0	28.823143	643.702881	140.725037	-0.113896	0	0.393846	-1.40E-05	-0.180703	-4.00E-06
4.918	0	0	0	0.2	0	-0.3	0	0	0	27.488852	639.751892	139.784943	-0.113896	0	0.393846	-1.50E-05	0.003278	-4.00E-06
4.919	0	0	0	0.2	0	-0.3	0	0	0	26.480398	639.075012	139.784943	-0.113893	0	0.393441	-1.80E-05	-0.180703	-4.00E-06
4.92	0	0	0	0.2	0	-0.3	0	0	0	25.929668	637.880737	139.628113	-0.113787	0	0.393441	-1.50E-05	-0.207719	-5.00E-06
4.921	0	0	0	0.2	0	-0.3	0	0	0	24.602594	633.04187	139.549622	-0.113413	0	0.394221	-1.70E-05	-0.282357	-4.00E-06
4.922	0	0	0	0.2	0	-0.3	0	0	0	23.664776	627.213989	139.157974	-0.113191	0	0.394221	-1.10E-05	-0.322761	-4.00E-06
4.923	0	0	0	0.2	0	-0.3	0	0	0	21.634878	625.156555	139.157974	-0.113191	0	0.394221	-1.10E-05	-0.322761	-3.00E-06
4.924	0	0	0	0.2	0	-0.3	0	0	0	21.398438	621.391052	138.531219	-0.113207	0	0.394361	-1.10E-05	-0.273091	-3.00E-06
4.925	0	0	0	0.2	0	-0.3	0	0	0	20.778517	616.411743	138.531219	-0.113207	0	0.394641	-1.10E-05	-0.273091	-3.00E-06
4.926	0	0	0	0.2	0	-0.3	0	0	0	19.446392	613.827026	137.356201	-0.11307	0	0.395042	-1.30E-05	-0.274882	-5.00E-06
4.927	0	0	0	0.2	0	-0.3	0	0	0	18.508574	610.382935	137.199753	-0.112775	0	0.395975	-1.30E-05	-0.313383	-5.00E-06
4.928	0	0	0	0.2	0	-0.3	0	0	0	17.175005	604.549622	135.789642	-0.112775	0	0.395975	-2.00E-05	-0.361404	-5.00E-06
4.929	0	0	0	0.2	0	-0.3	0	0	0	15.691506	597.014526	134.771667	-0.112963	0	0.395315	-2.10E-05	-0.361404	-5.00E-06
4.93	0	0	0	0.2	0	-0.3	0	0	0	14.909389	595.649841	134.614532	-0.113082	0	0.395315	-2.40E-05	-0.353466	-5.00E-06
4.931	0	0	0	0.2	0	-0.3	0	0	0	14.280809	593.405701	134.144897	-0.112963	0	0.39624	-2.10E-05	-0.353466	-5.00E-06
4.932	0	0	0	0.2	0	-0.3	0	0	0	13.10655	589.116821	132.656586	-0.112844	0	0.396383	-1.80E-05	-0.354976	-3.00E-06
4.933	0	0	0	0.2	0	-0.3	0	0	0	12.869389	581.571716	131.951721	-0.112844	0	0.396461	-1.80E-05	-0.368286	-3.00E-06
4.934	0	0	0	0.2	0	-0.3	0	0	0	11.067271	580.724915	131.09021	-0.112865	0	0.396827	-1.40E-05	-0.354976	-3.00E-06
4.935	0	0	0	0.2	0	-0.3	0	0	0	10.133781	571.45105	131.090057	-0.112865	0	0.396827	-1.90E-05	-0.501053	-5.00E-06
4.936	0	0	0	0.2	0	-0.3	0	0	0	9.346614	566.647278	129.680298	-0.112771	0	0.396826	-1.40E-05	-0.338517	-5.00E-06
4.937	0	0	0	0.2	0	-0.3	0	0	0	8.955915	564.266479	128.270355	-0.112708	0	0.396826	-1.30E-05	-0.312168	-6.00E-06
4.938	0	0	0	0.2	0	-0.3	0	0	0	8.795884	557.204712	127.87883	-0.112708	0	0.398559	-1.30E-05	-0.312168	-6.00E-06
4.939	0	0	0	0.2	0	-0.3	0	0	0	7.8559	549.649963	126.312012	-0.1121	0	0.398559	-1.20E-05	-0.350724	-3.00E-06
4.94	0	0	0	0.2	0	-0.3	0	0	0	7.308057	544.174194	125.998894	-0.1121	0	0.398594	-1.20E-05	-0.37964	-3.00E-06
4.941	0	0	0	0.2	0	-0.3	0	0	0	6.524496	539.008179	124.980469	-0.112165	0	0.398902	-2.00E-06	-0.37964	-2.00E-06
4.942	0	0	0	0.2	0	-0.3	0	0	0	5.03739	532.695068	123.492027	-0.112226	0	0.398902	-2.00E-06	-0.37964	-2.00E-06
4.943	0	0	0	0.2	0	-0.3	0	0	0	4.961704	532.325928	122.787384	-0.112165	0	0.398902	-5.00E-06	-0.363684	-2.00E-06
4.944	0	0	0	0.2	0	-0.3	0	0	0	4.409532	525.981506	122.16037	-0.11246	0	0.400245	-5.00E-06	-0.363684	-2.00E-06
4.945	0	0	0	0.2	0	-0.3	0	0	0	2.998834	517.579285	121.612419	-0.112033	0	0.400712	-8.00E-06	-0.412465	-2.00E-06
4.946	0	0	0	0.2	0	-0.3	0	0	0	2.217437	508.469635	119.26207	-0.112082	0	0.401002	-1.50E-05	-0.412465	-2.00E-06
4.947	0	0	0	0.2	0	-0.3	0	0	0	1.746002	505.055969	118.243721	-0.111517	0	0.401002	-1.50E-05	-0.426863	-2.00E-06
4.948	0	0	0	0.2	0	-0.3	0	0	0	1.041013	496.819275	116.833694	-0.111689	0	0.401571	-1.00E-05	-0.400287	-3.00E-06
4.949	0	0	0	0.2	0	-0.3	0	0	0	0.962442	492.706268	116.050514	-0.111531	0	0.401991	-1.00E-05	-0.263178	-3.00E-06
4.95	0	0	0	0.2	0	-0.3	0	0	0	0.335306	489.275635	114.092003	-0.111531	0	0.402019	-1.00E-05	-0.263178	-3.00E-06
4.951	0	0	0	0.2	0	-0.3	0	0	0	-0.29472	481.547729	112.917046	-0.110901	0	0.402348	-1.00E-05	-0.404967	-2.00E-06
4.952	0	0	0	0.2	0	-0.3	0	0	0	-1.155407	471.938538	111.350197	-0.110901	0	0.402269	-4.00E-06	-0.404967	-2.00E-06
4.953	0	0	0	0.2	0	-0.3	0	0	0	-1.310389	467.670898	110.566887	-0.111163	0	0.402441	-1.40E-05	-0.331339	-2.00E-06
4.954	0	0	0	0.2	0	-0.3	0	0	0	-2.101166	463.903534	108.764999	-0.111163	0	0.402441	-1.40E-05	-0.331339	-2.00E-06
4.955	0	0	0	0.2	0	-0.3	0	0	0	-2.176851	454.6315	107.119904	-0.111258	0	0.403216	-1.40E-05	-0.331339	-2.00E-06
4.956	0	0	0	0.2	0	-0.3	0	0	0	-2.101166	448.807434	104.299805	-0.110774	0	0.403446	-1.40E-05	-0.215455	-2.00E-06
4.957	0	0	0	0.2	0	-0.3	0	0	0	-2.176851	445.546539	103.516617	-0.11046	0	0.40425	-1.40E-05	-0.166486	-3.00E-06
4.958	0	0	0	0.2	0	-0.3	0	0	0	-2.416178	433.015533	103.516617	-0.11046	0	0.405398	-1.60E-05	-0.215455	-2.00E-06
4.959	0	0	0	0.2	0	-0.3	0	0	0	-3.200459	425.306091	103.281662	-0.110608	0	0.405516	-1.80E-05	-0.166486	-2.00E-06
4.96	0	0	0	0.2	0	-0.3	0	0	0	-3.200459	421.544098	101.950089	-0.111281	0	0.405953	-1.60E-05	0.045684	-2.00E-06
4.961	0	0	0	0.2	0	-0.3	0	0	0	-3.200459	416.7453	100.775208	-0.111532	0	0.406289	-1.00E-05	0.045684	-1.00E-06
4.962	0	0	0	0.2	0	-0.3	0	0	0	-3.5198	409.381073	99.678459	-0.111281	0	0.406335	-6.00E-06	0.033723	-3.00E-06
4.963	0	0	0	0.2	0	-0.3	0	0	0	-4.071974	399.089966	98.581833	-0.111022	0	0.407076	-1.00E-05	-0.121598	-2.00E-06
4.964	0	0	0	0.2	0	-0.3	0	0	0	-4.149824	387.060028	98.033478	-0.110299	0	0.408833	-1.00E-05	-0.121598	-3.00E-06
4.965	0	0	0	0.2	0	-0.3	0	0	0	-4.385541	378.317627	95.761856	-0.110299	0	0.408833	-1.10E-05	-0.060491	-4.00E-06
4.966	0	0	0	0.2	0	-0.3	0	0	0	-4.385541	375.605591	95.056801	-0.110968	0	0.408833	-1.10E-05	0.146288	-4.00E-06
4.967	0	0	0	0.2	0	-0.3	0	0	0	-4.385541	368.909393	93.254997	-0.111021	0	0.409989	-1.10E-05	0.177822	-2.00E-06
4.968	0	0	0	0.2	0	-0.3	0	0	0	-4.546295	361.53476	91.766312	-0.111021	0	0.410338	-1.10E-05	0.177822	-1.00E-06
4.969	0	0	0	0.2	0	-0.3	0	0	0	-5.71911	351.582306	90.27803	-0.111021	0	0.411584	-1.20E-05	0.177822	-2.00E-06
4.97	0	0	0	0.2	0	-0.3	0	0	0	-6.036287	347.648285	88.476028	-0.111033	0	0.411869	-1.20E-05	0.134408	-3.00E-06
4.971	0	0	0	0.2	0	-0.3	0	0	0	-6.037008	337.693542	87.22258	-0.111033	0	0.41236	-9.00E-06	0.134408	-3.00E-06
4.972	0	0	0	0.2	0	-0.3	0	0	0	-6.272726	329.817871	86.125748	-0.111033	0	0.413449	-6.00E-06	0.14023	-3.00E-06
4.973	0	0	0	0.2	0	-0.3	0	0	0	-6.588459	325.360016	83.853798	-0.111087	0	0.41385	-6.00E-06	0.14023	-1.00E-06
4.974	0	0	0	0.2	0	-0.3	0	0	0	-6.588459	323.314514	81.346581	-0.111087	0	0.413943	-6.00E-06	0.012548	-1.00E-06
4.975	0	0	0	0.2	0	-0.3	0	0	0	-7.297053	310.101562	79.309502	-0.111086	0	0.414331	-3.00E-06	0.012548	-1.00E-06
4.976	0	0	0	0.2	0	-0.3	0	0	0	-6.672805	302.734619	77.507622	-0.110279	0	0.415591	-2.00E-06	0.067558	0.00E+00
4.977	0	0	0	0.2	0	-0.3	0	0	0	-6.98998	297.933533	75.549072	-0.110459	0	0.415949	-3.00E-06	0.067558	-2.00E-06
4.978	0	0	0	0.2	0	-0.3	0	0	0	-6.98998	287.975281	74.060516	-0.110459	0	0.418147	-6.00E-06	0.122923	0.00E+00
4.979	0	0	0	0.2	0	-0.3	0	0	0	-6.98998	284.90683	71.78849	-0.110459	0	0.418491	-6.00E-06	0.115413	-2.00E-06
4.98	0	0	0	0.2	0	-0.3	0	0	0	-7.224256	279.758972	69.438049	-0.109973	0	0.418864	-6.00E-06	0.115413	-1.00E-06
4.981	0	0	0	0.2	0	-0.3	0	0	0	-7.695691	269.106445	67.871002	-0.109973	0	0.421082	-5.00E-06	-0.079837	-1.00E-06
4.982	0	0	0	0.2	0	-0.3	0	0	0	-8.558545	260.718903	67.087769	-0.110572	0	0.421399	-1.00E-06	-0.079837	-1.00E-06
4.983	0	0	0	0.2	0	-0.3	0	0	0	-8.558545	259.5401	66.147446	-0.110642	0	0.42142	-5.00E-06	-0.067399	-1.00E-06
4.984	0	0	0	0.2	0	-0.3	0	0	0	-8.167124	249.571426	65.755753	-0.110572	0	0.425008	-7.00E-06	-0.001715	-1.00E-06
4.985	0	0	0	0.2	0	-0.3	0	0	0	-7.699297	244.943161	62.465065	-0.109962	0	0.425008	-7.00E-06	0.001953	-2.00E-06
4.986	0	0	0	0.2	0	-0.3	0	0	0	-7.542874	240.324921	60.741348	-0.109214	0	0.425008	-7.00E-06	0.097908	0.00E+00
4.987	0	0	0	0.2	0	-0.3	0	0	0	-7.542874	232.232788	58.469238	-0.109717	0	0.425796	-7.00E-06	0.097908	-1.00E-06
4.988	0	0	0	0.2	0	-0.3	0	0	0	-7.93718	227.804718	55.883564	-0.10926	0	0.425796	-6.00E-06	0.057673	0.00E+00
4.989	0	0	0	0.2	0	-0.3	0	0	0	-7.93718	221.457245	53.454803	-0.109717	0	0.425796	-7.00E-06	0.057673	-1.00E-06
4.99	0	0	0	0.2	0	-0.3	0	0	0	-7.46863	218.038177	51.809536	-0.10926	0	0.426423	-6.00E-06	0.133267	0.00E+00
4.991	0	0	0	0.2	0	-0.3	0	0	0	-6.452959	213.747025	48.361828	-0.108961	0	0.427306	-4.00E-06	0.133267	-2.00E-06
4.992	0	0	0	0.2	0	-0.3	0	0	0	-5.984411	205.502945	46.95163	-0.107702	0	0.429577	0.00E+00	0.133267	-1.00E-06
4.993	0	0	0	0.2	0	-0.3	0	0	0	-5.984411	199.842041	46.87326	-0.107702	0	0.431043	-2.00E-06	0.137292	-1.00E-06
4.994	0	0	0	0.2	0	-0.3	0	0	0	-6.532976	197.455597	46.63847	-0.107702	0	0.43261	-2.00E-06	0.137292	0
4.995	0	0	0	0.2	0	-0.3	0	0	0	-6.765806	196.715317	45.463074	-0.107909	0	0.432567	-4.00E-06	0.137292	0
4.996	0	0	0	0.2	0	-0.3	0	0	0	-6.765806	188.055115	42.87748	-0.108546	0	0.435246	-4.00E-06	0.28566	-2.00E-06
4.997	0	0	0	0.2	0	-0.3	0	0	0	-6.22157	182.718597	42.407494	-0.108546	0	0.435246	-4.00E-06	0.28566	-2.00E-06
4.998	0	0	0	0.2	0	-0.3	0	0	0	-6.22157	174.829803	40.683823	-0.108546	0	0.437555	-4.00E-06	0.225353	0
4.999	0	0	0	0.2	0	-0.3	0	0	0	-6.534418	168.325378	40.056976	-0.107961	0	0.437645	-4.00E-06	0.216769	0
5	0	0	0	0.2	0	-0.3	0	0	0	-6.849432	166.267899	39.038403	-0.108137	0	0.438596	-5.00E-06	0.112021	-1.00E-06
5.001	0	0	0	0.2	0	-0.3	0	0	0	-7.004411	158.719299	38.254936	-0.108137	0	0.440427	-5.00E-06	0.112021	-1.00E-06
5.002	0	0	0	0.2	0	-0.3	0	0	0	-6.849432	156.165039	36.844585	-0.108137	0	0.440427	-4.00E-06	0.161976	-1.00E-06
5.003	0	0	0	0.2	0	-0.3	0	0	0	-6.532976	155.130524	35.669178	-0.107252	0	0.441616	-4.00E-06	0.161976	-1.00E-06
5.004	0	0	0	0.2	0	-0.3	0	0	0	-6.532976	143.786804	34.728695	-0.107252	0	0.446152	-2.00E-06	0.103009	-1.00E-06
5.005	0	0	0	0.2	0	-0.3	0	0	0	-7.002967	143.786804	33.55349	-0.109287	0	0.446485	-4.00E-06	0.103009	-1.00E-06
5.006	0	0	0	0.2	0	-0.3	0	0	0	-7.002967	141.58313	32.456547	-0.109287	0	0.446152	-3.00E-06	0.161172	-1.00E-06
5.007	0	0	0	0.2	0	-0.3	0	0	0	-5.987297	133.187515	32.378216	-0.106101	0	0.450607	-3.00E-06	0.190449	-1.00E-06
5.008	0	0	0	0.2	0	-0.3	0	0	0	-5.284472	126.843513	32.143223	-0.106101	0	0.450017	-2.00E-06	0.190449	0
5.009	0	0	0	0.2	0	-0.3	0	0	0	-5.049478	126.648735	31.594788	-0.105804	0	0.451866	-2.00E-06	0.190449	0
5.01	0	0	0	0.2	0	-0.3	0	0	0	-4.269525	121.854179	30.732788	-0.103821	0	0.454233	-2.00E-06	0.152364	0.00E+00
5.011	0	0	0	0.2	0	-0.3	0	0	0	-4.268802	113.281891	28.852093	-0.102945	0	0.455086	-2.00E-06	0.152364	0
5.012	0	0	0	0.2	0	-0.3	0	0	0	-3.951627	110.361977	27.833553	-0.102945	0	0.45708	-3.00E-06	0.33705	0
5.013	0	0	0	0.2	0	-0.3	0	0	0	-3.487407	109.53923	27.363453	-0.103616	0	0.45708	-3.00E-06	0.33705	0.00E+00
5.014	0	0	0	0.2	0	-0.3	0	0	0	-2.938842	105.907631	25.874851	-0.103616	0	0.462031	-3.00E-06	0.316097	-1.00E-06
5.015	0	0	0	0.2	0	-0.3	0	0	0	-2.938842	99.565575	25.247883	-0.103072	0	0.460758	-3.00E-06	0.296013	-1.00E-06
5.016	0	0	0	0.2	0	-0.3	0	0	0	-2.315312	99.076859	25.091022	-0.101388	0	0.46413	-5.00E-06	0.312958	-1.00E-06
5.017	0	0	0	0.2	0	-0.3	0	0	0	-2.314591	93.236626	23.524128	-0.103072	0	0.466818	-3.00E-06	0.312958	-1.00E-06
5.018	0	0	0	0.2	0	-0.3	0	0	0	-2.314591	88.782265	22.818752	-0.102901	0	0.467348	-1.00E-06	0.329843	-1.00E-06
5.019	0	0	0	0.2	0	-0.3	0	0	0	-1.8446	86.568245	22.818752	-0.105028	0	0.473085	-1.00E-06	0.380575	-1.00E-06
5.02	0	0	0	0.2	0	-0.3	0	0	0	-1.065368	84.508842	22.66193	-0.102901	0	0.474921	-2.00E-06	0.380575	0.00E+00
5.021	0	0	0	0.2	0	-0.3	0	0	0	-0.908944	80.04641	22.66193	-0.101715	0	0.47596	-3.00E-06	0.354914	0
5.022	0	0	0	0.2	0	-0.3	0	0	0	-0.908944	77.830833	21.800053	-0.101567	0	0.479007	-3.00E-06	0.34537	0
5.023	0	0	0	0.2	0	-0.3	0	0	0	-0.595376	75.075203	21.643311	-0.100861	0	0.485291	-3.00E-06	0.354914	0.00E+00
5.024	0	0	0	0.2	0	-0.3	0	0	0	-0.042481	65.632324	21.486488	-0.097121	0	0.499822	-3.00E-06	0.488486	0
5.025	0	0	0	0.2	0	-0.3	0	0	0	-0.042481	65.632324	21.486488	-0.097121	0	0.499822	-2.00E-06	0.600729	0
5.026	0	0	0	0.2	0	-0.3	0	0	0	-0.042481	65.632324	20.938057	-0.097121	0	0.4947	-2.00E-06	0.600729	0
5.027	0	0	0	0.2	0	-0.3	0	0	0	-0.045369	62.396515	20.781433	-0.096424	0	0.4947	-2.00E-06	0.542732	0.00E+00
5.028	0	0	0	0.2	0	-0.3	0	0	0	-0.045369	56.574028	19.684322	-0.096424	0	0.501129	-2.00E-06	0.528674	0
5.029	0	0	0	0.2	0	-0.3	0	0	0	-0.045369	54.177525	19.605911	-0.100246	0	0.507268	-2.00E-06	0.527604	0
5.03	0	0	0	0.2	0	-0.3	0	0	0	-0.20107	51.085938	18.430553	-0.100246	0	0.518478	-1.00E-06	0.527604	0
5.031	0	0	0	0.2	0	-0.3	0	0	0	-0.20107	48.161797	17.568596	-0.097559	0	0.521308	-1.00E-06	0.527604	0
5.032	0	0	0	0.2	0	-0.3	0	0	0	0.50031	47.492935	17.25515	-0.097057	0	0.522439	-1.00E-06	0.553042	0
5.033	0	0	0	0.2	0	-0.3	0	0	0	0.50031	45.249191	17.020241	-0.093998	0	0.53074	-2.00E-06	0.553042	0
5.034	0	0	0	0.2	0	-0.3	0	0	0	0.346774	43.703617	16.941589	-0.089034	0	0.532718	-1.00E-06	0.268186	0
5.035	0	0	0	0.2	0	-0.3	0	0	0	0.346774	40.815327	16.784805	-0.089034	0	0.531789	-2.00E-06	0.268186	0
5.036	0	0	0	0.2	0	-0.3	0	0	0	0.501754	36.837345	16.784805	-0.088452	0	0.539381	-2.00E-06	0.293965	0
5.037	0	0	0	0.2	0	-0.3	0	0	0	0.658899	35.837971	16.784805	-0.09137	0	0.539381	-2.00E-06	0.349299	0
5.038	0	0	0	0.2	0	-0.3	0	0	0	1.363166	35.494698	16.549576	-0.088452	0	0.547187	-1.00E-06	0.532185	0
5.039	0	0	0	0.2	0	-0.3	0	0	0	1.595996	33.605778	16.314663	-0.086572	0	0.561547	0.00E+00	0.532185	0
5.04	0	0	0	0.2	0	-0.3	0	0	0	1.595996	29.127163	14.74741	-0.077266	0	0.569744	-1.00E-06	0.43369	0
5.041	0	0	0	0.2	0	-0.3	0	0	0	1.440296	27.956516	14.434086	-0.077266	0	0.589017	-1.00E-06	0.43369	0
5.042	0	0	0	0.2	0	-0.3	0	0	0	1.440296	25.044662	13.728867	-0.077908	0	0.60352	-1.00E-06	0.63815	0
5.043	0	0	0	0.2	0	-0.3	0	0	0	1.440296	24.855637	13.728786	-0.089888	0	0.60352	-1.00E-06	0.63815	0
5.044	0	0	0	0.2	0	-0.3	0	0	0	1.910285	22.637741	12.710251	-0.077908	0	0.626517	0	0.652021	0
5.045	0	0	0	0.2	0	-0.3	0	0	0	0	0	0	-0.13	0	0.305	0.00E+00	0	0
5.046	0	0	0	0.2	0	-0.3	0	0	0	0	0	0	-0.13	0	0.305	0	0	0
5.047	0	0	0	0.2	0	-0.3	0	0	0	0	0	0	-0.13	0	0.305	0	0	0
5.048	0	0	0	0.2	0	-0.3	0	0	0	0	0	0	-0.13	0	0.305	0	0	0
5.049	0	0	0	0.2	0	-0.3	0	0	0	0	0	0	-0.13	0	0.305	0	0	0
5.05	0	0	0	0.2	0	-0.3	0	0	0	0	0	0	-0.13	0	0.305	0	0	0
5.051	0	0	0	0.2	0	-0.3	0	0	0	0	0	0	-0.13	0	0.305	0	0	0
5.052	0	0	0	0.2	0	-0.3	0	0	0	0	0	0	-0.13	0	0.305	0	0	0
5.053	0	0	0	0.2	0	-0.3	0	0	0	0	0	0	-0.13	0	0.305	0	0	0
5.054	0	0	0	0.2	0	-0.3	0	0	0	0	0	0	-0.13	0	0.305	0	0	0
5.055	0	0	0	0.2	0	-0.3	0	0	0	0	0	0	-0.13	0	0.305	0	0	0
5.056	0	0	0	0.2	0	-0.3	0	0	0	0	0	0	-0.13	0	0.305	0	0	0
5.057	0	0	0	0.2	0	-0.3	0	0	0	0	0	0	-0.13	0	0.305	0	0	0
5.058	0	0	0	0.2	0	-0.3	0	0	0	0	0	0	-0.13	0	0.305	0	0	0
5.059	0	0	0	0.2	0	-0.3	0	0	0	0	0	0	-0.13	0	0.305	0	0	0
5.06	0	0	0	0.2	0	-0.3	0	0	0	0	0	0	-0.13	0	0.305	0	0	0
5.061	0	0	0	0.2	0	-0.3	0	0	0	0	0	0	-0.13	0	0.305	0	0	0
5.062	0	0	0	0.2	0	-0.3	0	0	0	0	0	0	-0.13	0	0.305	0	0	0
5.063	0	0	0	0.2	0	-0.3	0	0	0	0	0	0	-0.13	0	0.305	0	0	0
5.064	0	0	0	0.2	0	-0.3	0	0	0	0	0	0	-0.13	0	0.305	0	0	0
5.065	0	0	0	0.2	0	-0.3	0	0	0	0	0	0	-0.13	0	0.305	0	0	0
5.066	0	0	0	0.2	0	-0.3	0	0	0	0	0	0	-0.13	0	0.305	0	0	0
5.067	0	0	0	0.2	0	-0.3	0	0	0	0	0	0	-0.13	0	0.305	0	0	0
5.068	0	0	0	0.2	0	-0.3	0	0	0	0	0	0	-0.13	0	0.305	0	0	0
5.069	0	0	0	0.2	0	-0.3	0	0	0	0	0	0	-0.13	0	0.305	0	0	0
5.07	0	0	0	0.2	0	-0.3	0	0	0	0	0	0	-0.13	0	0.305	0	0	0
5.071	0	0	0	0.2	0	-0.3	0	0	0	0	0	0	-0.13	0	0.305	0	0	0
5.072	0	0	0	0.2	0	-0.3	0	0	0	0	0	0	-0.13	0	0.305	0	0	0
5.073	0	0	0	0.2	0	-0.3	0	0	0	0	0	0	-0.13	0	0.305	0	0	0
5.074	0	0	0	0.2	0	-0.3	0	0	0	0	0	0	-0.13	0	0.305	0	0	0
5.075	0	0	0	0.2	0	-0.3	0	0	0	0	0	0	-0.13	0	0.305	0	0	0
5.076	0	0	0	0.2	0	-0.3	0	0	0	0	0	0	-0.13	0	0.305	0	0	0
5.077	0	0	0	0.2	0	-0.3	0	0	0	0	0	0	-0.13	0	0.305	0	0	0
5.078	0	0	0	0.2	0	-0.3	0	0	0	0	0	0	-0.13	0	0.305	0	0	0
5.079	0	0	0	0.2	0	-0.3	0	0	0	0	0	0	-0.13	0	0.305	0	0	0
5.08	0	0	0	0.2	0	-0.3	0	0	0	0	0	0	-0.13	0	0.305	0	0	0
5.081	0	0	0	0.2	0	-0.3	0	0	0	0	0	0	-0.13	0	0.305	0	0	0
5.082	0	0	0	0.2	0	-0.3	0	0	0	0	0	0	-0.13	0	0.305	0	0	0
5.083	0	0	0	0.2	0	-0.3	0	0	0	0	0	0	-0.13	0	0.305	0	0	0
5.084	0	0	0	0.2	0	-0.3	0	0	0	0	0	0	-0.13	0	0.305	0	0	0
5.085	0	0	0	0.2	0	-0.3	0	0	0	0	0	0	-0.13	0	0.305	0	0	0
5.086	0	0	0	0.2	0	-0.3	0	0	0	0	0	0	-0.13	0	0.305	0	0	0
5.087	0	0	0	0.2	0	-0.3	0	0	0	0	0	0	-0.13	0	0.305	0	0	0
5.088	0	0	0	0.2	0	-0.3	0	0	0	0	0	0	-0.13	0	0.305	0	0	0
5.089	0	0	0	0.2	0	-0.3	0	0	0	0	0	0	-0.13	0	0.305	0	0	0
5.09	0	0	0	0.2	0	-0.3	0	0	0	0	0	0	-0.13	0	0.305	0	0	0
5.091	0	0	0	0.2	0	-0.3	0	0	0	0	0	0	-0.13	0	0.305	0	0	0
5.092	0	0	0	0.2	0	-0.3	0	0	0	0	0	0	-0.13	0	0.305	0	0	0
5.093	0	0	0	0.2	0	-0.3	0	0	0	0	0	0	-0.13	0	0.305	0	0	0
5.094	0	0	0	0.2	0	-0.3	0	0	0	0	0	0	-0.13	0	0.305	0	0	0
5.095	0	0	0	0.2	0	-0.3	0	0	0	0	0	0	-0.13	0	0.305	0	0	0
5.096	0	0	0	0.2	0	-0.3	0	0	0	0	0	0	-0.13	0	0.305	0	0	0
5.097	0	0	0	0.2	0	-0.3	0	0	0	0	0	0	-0.13	0	0.305	0	0	0
5.098	0	0	0	0.2	0	-0.3	0	0	0	0	0	0	-0.13	0	0.305	0	0	0
5.099	0	0	0	0.2	0	-0.3	0	0	0	0	0	0	-0.13	0	0.305	0	0	0
5.1	0	0	0	0.2	0	-0.3	0	0	0	0	0	0	-0.13	0	0.305	0	0	0
5.101	0	0	0	0.2	0	-0.3	0	0	0	0	0	0	-0.13	0	0.305	0	0	0
5.102	0	0	0	0.2	0	-0.3	0	0	0	0	0	0	-0.13	0	0.305	0	0	0
5.103	0	0	0	0.2	0	-0.3	0	0	0	0	0	0	-0.13	0	0.305	0	0	0
5.104	0	0	0	0.2	0	-0.3	0	0	0	0	0	0	-0.13	0	0.305	0	0	0
5.105	0	0	0	0.2	0	-0.3	0	0	0	0	0	0	-0.13	0	0.305	0	0	0
5.106	0	0	0	0.2	0	-0.3	0	0	0	0	0	0	-0.13	0	0.305	0	0	0
5.107	0	0	0	0.2	0	-0.3	0	0	0	0	0	0	-0.13	0	0.305	0	0	0
5.108	0	0	0	0.2	0	-0.3	0	0	0	0	0	0	-0.13	0	0.305	0	0	0
5.109	0	0	0	0.2	0	-0.3	0	0	0	0	0	0	-0.13	0	0.305	0	0	0
5.11	0	0	0	0.2	0	-0.3	0	0	0	0	0	0	-0.13	0	0.305	0	0	0
5.111	0	0	0	0.2	0	-0.3	0	0	0	0	0	0	-0.13	0	0.305	0	0	0
5.112	0	0	0	0.2	0	-0.3	0	0	0	0	0	0	-0.13	0	0.305	0	0	0
5.113	0	0	0	0.2	0	-0.3	0	0	0	0	0	0	-0.13	0	0.305	0	0	0
5.114	0	0	0	0.2	0	-0.3	0	0	0	0	0	0	-0.13	0	0.305	0	0	0
5.115	0	0	0	0.2	0	-0.3	0	0	0	0	0	0	-0.13	0	0.305	0	0	0
5.116	0	0	0	0.2	0	-0.3	0	0	0	0	0	0	-0.13	0	0.305	0	0	0
5.117	0	0	0	0.2	0	-0.3	0	0	0	0	0	0	-0.13	0	0.305	0	0	0
5.118	0	0	0	0.2	0	-0.3	0	0	0	0	0	0	-0.13	0	0.305	0	0	0
5.119	0	0	0	0.2	0	-0.3	0	0	0	0	0	0	-0.13	0	0.305	0	0	0
5.12	0	0	0	0.2	0	-0.3	0	0	0	0	0	0	-0.13	0	0.305	0	0	0
5.121	0	0	0	0.2	0	-0.3	0	0	0	0	0	0	-0.13	0	0.305	0	0	0
5.122	0	0	0	0.2	0	-0.3	0	0	0	0	0	0	-0.13	0	0.305	0	0	0
5.123	0	0	0	0.2	0	-0.3	0	0	0	0	0	0	-0.13	0	0.305	0	0	0
5.124	0	0	0	0.2	0	-0.3	0	0	0	0	0	0	-0.13	0	0.305	0	0	0
5.125	0	0	0	0.2	0	-0.3	0	0	0	0	0	0	-0.13	0	0.305	0	0	0
5.126	0	0	0	0.2	0	-0.3	0	0	0	0	0	0	-0.13	0	0.305	0	0	0
5.127	0	0	0	0.2	0	-0.3	0	0	0	0	0	0	-0.13	0	0.305	0	0	0
5.128	0	0	0	0.2	0	-0.3	0	0	0	0	0	0	-0.13	0	0.305	0	0	0
5.129	0	0	0	0.2	0	-0.3	0	0	0	0	0	0	-0.13	0	0.305	0	0	0
5.13	0	0	0	0.2	0	-0.3	0	0	0	0	0	0	-0.13	0	0.305	0	0	0
5.131	0	0	0	0.2	0	-0.3	0	0	0	0	0	0	-0.13	0	0.305	0	0	0
5.132	0	0	0	0.2	0	-0.3	0	0	0	0	0	0	-0.13	0	0.305	0	0	0
5.133	0	0	0	0.2	0	-0.3	0	0	0	0	0	0	-0.13	0	0.305	0	0	0
5.134	0	0	0	0.2	0	-0.3	0	0	0	0	0	0	-0.13	0	0.305	0	0	0
5.135	0	0	0	0.2	0	-0.3	0	0	0	0	0	0	-0.13	0	0.305	0	0	0
5.136	0	0	0	0.2	0	-0.3	0	0	0	0	0	0	-0.13	0	0.305	0	0	0
5.137	0	0	0	0.2	0	-0.3	0	0	0	0	0	0	-0.13	0	0.305	0	0	0
5.138	0	0	0	0.2	0	-0.3	0	0	0	0	0	0	-0.13	0	0.305	0	0	0
5.139	0	0	0	0.2	0	-0.3	0	0	0	0	0	0	-0.13	0	0.305	0	0	0
5.14	0	0	0	0.2	0	-0.3	0	0	0	0	0	0	-0.13	0	0.305	0	0	0
5.141	0	0	0	0.2	0	-0.3	0	0	0	0	0	0	-0.13	0	0.305	0	0	0
5.142	0	0	0	0.2	0	-0.3	0	0	0	0	0	0	-0.13	0	0.305	0	0	0
5.143	0	0	0	0.2	0	-0.3	0	0	0	0	0	0	-0.13	0	0.305	0	0	0
5.144	0	0	0	0.2	0	-0.3	0	0	0	0	0	0	-0.13	0	0.305	0	0	0
5.145	0	0	0	0.2	0	-0.3	0	0	0	0	0	0	-0.13	0	0.305	0	0	0
5.146	0	0	0	0.2	0	-0.3	0	0	0	0	0	0	-0.13	0	0.305	0	0	0
5.147	0	0	0	0.2	0	-0.3	0	0	0	0	0	0	-0.13	0	0.305	0	0	0
5.148	0	0	0	0.2	0	-0.3	0	0	0	0	0	0	-0.13	0	0.305	0	0	0
5.149	0	0	0	0.2	0	-0.3	0	0	0	0	0	0	-0.13	0	0.305	0	0	0
5.15	0	0	0	0.2	0	-0.3	0	0	0	0	0	0	-0.13	0	0.305	0	0	0
5.151	0	0	0	0.2	0	-0.3	0	0	0	0	0	0	-0.13	0	0.305	0	0	0
5.152	0	0	0	0.2	0	-0.3	0	0	0	0	0	0	-0.13	0	0.305	0	0	0
5.153	0	0	0	0.2	0	-0.3	0	0	0	0	0	0	-0.13	0	0.305	0	0	0
5.154	0	0	0	0.2	0	-0.3	0	0	0	0	0	0	-0.13	0	0.305	0	0	0
5.155	0	0	0	0.2	0	-0.3	0	0	0	0	0	0	-0.13	0	0.305	0	0	0
5.156	0	0	0	0.2	0	-0.3	0	0	0	0	0	0	-0.13	0	0.305	0	0	0
5.157	0	0	0	0.2	0	-0.3	0	0	0	0	0	0	-0.13	0	0.305	0	0	0
5.158	0	0	0	0.2	0	-0.3	0	0	0	0	0	0	-0.13	0	0.305	0	0	0
5.159	0	0	0	0.2	0	-0.3	0	0	0	0	0	0	-0.13	0	0.305	0	0	0
5.16	0	0	0	0.2	0	-0.3	0	0	0	0	0	0	-0.13	0	0.305	0	0	0
5.161	0	0	0	0.2	0	-0.3	0	0	0	0	0	0	-0.13	0	0.305	0	0	0
5.162	0	0	0	0.2	0	-0.3	0	0	0	0	0	0	-0.13	0	0.305	0	0	0
5.163	0	0	0	0.2	0	-0.3	0	0	0	0	0	0	-0.13	0	0.305	0	0	0
5.164	0	0	0	0.2	0	-0.3	0	0	0	0	0	0	-0.13	0	0.305	0	0	0
5.165	0	0	0	0.2	0	-0.3	0	0	0	0	0	0	-0.13	0	0.305	0	0	0
5.166	0	0	0	0.2	0	-0.3	0	0	0	0	0	0	-0.13	0	0.305	0	0	0
5.167	0	0	0	0.2	0	-0.3	0	0	0	0	0	0	-0.13	0	0.305	0	0	0
5.168	0	0	0	0.2	0	-0.3	0	0	0	0	0	0	-0.13	0	0.305	0	0	0
5.169	0	0	0	0.2	0	-0.3	0	0	0	0	0	0	-0.13	0	0.305	0	0	0
5.17	0	0	0	0.2	0	-0.3	0	0	0	0	0	0	-0.13	0	0.305	0	0	0
5.171	0	0	0	0.2	0	-0.3	0	0	0	0	0	0	-0.13	0	0.305	0	0	0
5.172	0	0	0	0.2	0	-0.3	0	0	0	0	0	0	-0.13	0	0.305	0	0	0
5.173	0	0	0	0.2	0	-0.3	0	0	0	0	0	0	-0.13	0	0.305	0	0	0
5.174	0	0	0	0.2	0	-0.3	0	0	0	0	0	0	-0.13	0	0.305	0	0	0
5.175	0	0	0	0.2	0	-0.3	0	0	0	0	0	0	-0.13	0	0.305	0	0	0
5.176	0	0	0	0.2	0	-0.3	0	0	0	0	0	0	-0.13	0	0.305	0	0	0
5.177	0	0	0	0.2	0	-0.3	0	0	0	0	0	0	-0.13	0	0.305	0	0	0
5.178	0	0	0	0.2	0	-0.3	0	0	0	0	0	0	-0.13	0	0.305	0	0	0
5.179	0	0	0	0.2	0	-0.3	0	0	0	0	0	0	-0.13	0	0.305	0	0	0
5.18	0	0	0	0.2	0	-0.3	0	0	0	0	0	0	-0.13	0	0.305	0	0	0
5.181	0	0	0	0.2	0	-0.3	0	0	0	0	0	0	-0.13	0	0.305	0	0	0
5.182	0	0	0	0.2	0	-0.3	0	0	0	0	0	0	-0.13	0	0.305	0	0	0
5.183	0	0	0	0.2	0	-0.3	0	0	0	0	0	0	-0.13	0	0.305	0	0	0
5.184	0	0	0	0.2	0	-0.3	0	0	0	0	0	0	-0.13	0	0.305	0	0	0
5.185	0	0	0	0.2	0	-0.3	0	0	0	0	0	0	-0.13	0	0.305	0	0	0
5.186	0	0	0	0.2	0	-0.3	0	0	0	0	0	0	-0.13	0	0.305	0	0	0
5.187	0	0	0	0.2	0	-0.3	0	0	0	0	0	0	-0.13	0	0.305	0	0	0
5.188	0	0	0	0.2	0	-0.3	0	0	0	0	0	0	-0.13	0	0.305	0	0	0
5.189	0	0	0	0.2	0	-0.3	0	0	0	0	0	0	-0.13	0	0.305	0	0	0
5.19	0	0	0	0.2	0	-0.3	0	0	0	0	0	0	-0.13	0	0.305	0	0	0
5.191	0	0	0	0.2	0	-0.3	0	0	0	0	0	0	-0.13	0	0.305	0	0	0
5.192	0	0	0	0.2	0	-0.3	0	0	0	0	0	0	-0.13	0	0.305	0	0	0
5.193	0	0	0	0.2	0	-0.3	0	0	0	0	0	0	-0.13	0	0.305	0	0	0
5.194	0	0	0	0.2	0	-0.3	0	0	0	0	0	0	-0.13	0	0.305	0	0	0
5.195	0	0	0	0.2	0	-0.3	0	0	0	0	0	0	-0.13	0	0.305	0	0	0
5.196	0	0	0	0.2	0	-0.3	0	0	0	0	0	0	-0.13	0	0.305	0	0	0
5.197	0	0	0	0.2	0	-0.3	0	0	0	0	0	0	-0.13	0	0.305	0	0	0
5.198	0	0	0	0.2	0	-0.3	0	0	0	0	0	0	-0.13	0	0.305	0	0	0
5.199	0	0	0	0.2	0	-0.3	0	0	0	0	0	0	-0.13	0	0.305	0	0	0
5.2	0	0	0	0.2	0	-0.3	0	0	0	0	0	0	-0.13	0	0.305	0	0	0
5.201	0	0	0	0.2	0	-0.3	0	0	0	0	0	0	-0.13	0	0.305	0	0	0
5.202	0	0	0	0.2	0	-0.3	0	0	0	0	0	0	-0.13	0	0.305	0	0	0
5.203	0	0	0	0.2	0	-0.3	0	0	0	0	0	0	-0.13	0	0.305	0	0	0
5.204	0	0	0	0.2	0	-0.3	0	0	0	0	0	0	-0.13	0	0.305	0	0	0
5.205	0	0	0	0.2	0	-0.3	0	0	0	0	0	0	-0.13	0	0.305	0	0	0
5.206	0	0	0	0.2	0	-0.3	0	0	0	0	0	0	-0.13	0	0.305	0	0	0
5.207	0	0	0	0.2	0	-0.3	0	0	0	0	0	0	-0.13	0	0.305	0	0	0
5.208	0	0	0	0.2	0	-0.3	0	0	0	0	0	0	-0.13	0	0.305	0	0	0
5.209	0	0	0	0.2	0	-0.3	0	0	0	0	0	0	-0.13	0	0.305	0	0	0
5.21	0	0	0	0.2	0	-0.3	0	0	0	0	0	0	-0.13	0	0.305	0	0	0
5.211	0	0	0	0.2	0	-0.3	0	0	0	0	0	0	-0.13	0	0.305	0	0	0
5.212	0	0	0	0.2	0	-0.3	0	0	0	0	0	0	-0.13	0	0.305	0	0	0
5.213	0	0	0	0.2	0	-0.3	0	0	0	0	0	0	-0.13	0	0.305	0	0	0
5.214	0	0	0	0.2	0	-0.3	0	0	0	0	0	0	-0.13	0	0.305	0	0	0
5.215	0	0	0	0.2	0	-0.3	0	0	0	0	0	0	-0.13	0	0.305	0	0	0
5.216	0	0	0	0.2	0	-0.3	0	0	0	0	0	0	-0.13	0	0.305	0	0	0
5.217	0	0	0	0.2	0	-0.3	0	0	0	0	0	0	-0.13	0	0.305	0	0	0
5.218	0	0	0	0.2	0	-0.3	0	0	0	0	0	0	-0.13	0	0.305	0	0	0
5.219	0	0	0	0.2	0	-0.3	0	0	0	0	0	0	-0.13	0	0.305	0	0	0
5.22	0	0	0	0.2	0	-0.3	0	0	0	0	0	0	-0.13	0	0.305	0	0	0
5.221	0	0	0	0.2	0	-0.3	0	0	0	0	0	0	-0.13	0	0.305	0	0	0
5.222	0	0	0	0.2	0	-0.3	0	0	0	0	0	0	-0.13	0	0.305	0	0	0
5.223	0	0	0	0.2	0	-0.3	0	0	0	0	0	0	-0.13	0	0.305	0	0	0
5.224	0	0	0	0.2	0	-0.3	0	0	0	0	0	0	-0.13	0	0.305	0	0	0
5.225	0	0	0	0.2	0	-0.3	0	0	0	0	0	0	-0.13	0	0.305	0	0	0
5.226	0	0	0	0.2	0	-0.3	0	0	0	0	0	0	-0.13	0	0.305	0	0	0
5.227	0	0	0	0.2	0	-0.3	0	0	0	0	0	0	-0.13	0	0.305	0	0	0
5.228	0	0	0	0.2	0	-0.3	0	0	0	0	0	0	-0.13	0	0.305	0	0	0
5.229	0	0	0	0.2	0	-0.3	0	0	0	0	0	0	-0.13	0	0.305	0	0	0
5.23	0	0	0	0.2	0	-0.3	0	0	0	0	0	0	-0.13	0	0.305	0	0	0
5.231	0	0	0	0.2	0	-0.3	0	0	0	0	0	0	-0.13	0	0.305	0	0	0
5.232	0	0	0	0.2	0	-0.3	0	0	0	0	0	0	-0.13	0	0.305	0	0	0
5.233	0	0	0	0.2	0	-0.3	0	0	0	0	0	0	-0.13	0	0.305	0	0	0
5.234	0	0	0	0.2	0	-0.3	0	0	0	0	0	0	-0.13	0	0.305	0	0	0
5.235	0	0	0	0.2	0	-0.3	0	0	0	0	0	0	-0.13	0	0.305	0	0	0
5.236	0	0	0	0.2	0	-0.3	0	0	0	0	0	0	-0.13	0	0.305	0	0	0
5.237	0	0	0	0.2	0	-0.3	0	0	0	0	0	0	-0.13	0	0.305	0	0	0
5.238	0	0	0	0.2	0	-0.3	0	0	0	0	0	0	-0.13	0	0.305	0	0	0
5.239	0	0	0	0.2	0	-0.3	0	0	0	0	0	0	-0.13	0	0.305	0	0	0
5.24	0	0	0	0.2	0	-0.3	0	0	0	0	0	0	-0.13	0	0.305	0	0	0
5.241	0	0	0	0.2	0	-0.3	0	0	0	0	0	0	-0.13	0	0.305	0	0	0
5.242	0	0	0	0.2	0	-0.3	0	0	0	0	0	0	-0.13	0	0.305	0	0	0
5.243	0	0	0	0.2	0	-0.3	0	0	0	0	0	0	-0.13	0	0.305	0	0	0
5.244	0	0	0	0.2	0	-0.3	0	0	0	0	0	0	-0.13	0	0.305	0	0	0
5.245	0	0	0	0.2	0	-0.3	0	0	0	0	0	0	-0.13	0	0.305	0	0	0
5.246	0	0	0	0.2	0	-0.3	0	0	0	0	0	0	-0.13	0	0.305	0	0	0
5.247	0	0	0	0.2	0	-0.3	0	0	0	0	0	0	-0.13	0	0.305	0	0	0
5.248	0	0	0	0.2	0	-0.3	0	0	0	0	0	0	-0.13	0	0.305	0	0	0
5.249	0	0	0	0.2	0	-0.3	0	0	0	0	0	0	-0.13	0	0.305	0	0	0
5.25	0	0	0	0.2	0	-0.3	0	0	0	0	0	0	-0.13	0	0.305	0	0	0
5.251	0	0	0	0.2	0	-0.3	0	0	0	0	0	0	-0.13	0	0.305	0	0	0
5.252	0	0	0	0.2	0	-0.3	0	0	0	0	0	0	-0.13	0	0.305	0	0	0
5.253	0	0	0	0.2	0	-0.3	0	0	0	0	0	0	-0.13	0	0.305	0	0	0
5.254	0	0	0	0.2	0	-0.3	0	0	0	0	0	0	-0.13	0	0.305	0	0	0
5.255	0	0	0	0.2	0	-0.3	0	0	0	0	0	0	-0.13	0	0.305	0	0	0
5.256	0	0	0	0.2	0	-0.3	0	0	0	0	0	0	-0.13	0	0.305	0	0	0
5.257	0	0	0	0.2	0	-0.3	0	0	0	0	0	0	-0.13	0	0.305	0	0	0
5.258	0	0	0	0.2	0	-0.3	0	0	0	0	0	0	-0.13	0	0.305	0	0	0
5.259	0	0	0	0.2	0	-0.3	0	0	0	0	0	0	-0.13	0	0.305	0	0	0
5.26	0	0	0	0.2	0	-0.3	0	0	0	0	0	0	-0.13	0	0.305	0	0	0
5.261	0	0	0	0.2	0	-0.3	0	0	0	0	0	0	-0.13	0	0.305	0	0	0
5.262	0	0	0	0.2	0	-0.3	0	0	0	0	0	0	-0.13	0	0.305	0	0	0
5.263	0	0	0	0.2	0	-0.3	0	0	0	0	0	0	-0.13	0	0.305	0	0	0
5.264	0	0	0	0.2	0	-0.3	0	0	0	0	0	0	-0.13	0	0.305	0	0	0
5.265	0	0	0	0.2	0	-0.3	0	0	0	0	0	0	-0.13	0	0.305	0	0	0
5.266	0	0	0	0.2	0	-0.3	0	0	0	0	0	0	-0.13	0	0.305	0	0	0
5.267	0	0	0	0.2	0	-0.3	0	0	0	0	0	0	-0.13	0	0.305	0	0	0
5.268	0	0	0	0.2	0	-0.3	0	0	0	0	0	0	-0.13	0	0.305	0	0	0
5.269	0	0	0	0.2	0	-0.3	0	0	0	0	0	0	-0.13	0	0.305	0	0	0
5.27	0	0	0	0.2	0	-0.3	0	0	0	0	0	0	-0.13	0	0.305	0	0	0
5.271	0	0	0	0.2	0	-0.3	0	0	0	0	0	0	-0.13	0	0.305	0	0	0
5.272	0	0	0	0.2	0	-0.3	0	0	0	0	0	0	-0.13	0	0.305	0	0	0
5.273	0	0	0	0.2	0	-0.3	0	0	0	0	0	0	-0.13	0	0.305	0	0	0
5.274	0	0	0	0.2	0	-0.3	0	0	0	0	0	0	-0.13	0	0.305	0	0	0
5.275	0	0	0	0.2	0	-0.3	0	0	0	0	0	0	-0.13	0	0.305	0	0	0
5.276	0	0	0	0.2	0	-0.3	0	0	0	0	0	0	-0.13	0	0.305	0	0	0
5.277	0	0	0	0.2	0	-0.3	0	0	0	0	0	0	-0.13	0	0.305	0	0	0
5.278	0	0	0	0.2	0	-0.3	0	0	0	0	0	0	-0.13	0	0.305	0	0	0
5.279	0	0	0	0.2	0	-0.3	0	0	0	0	0	0	-0.13	0	0.305	0	0	0
5.28	0	0	0	0.2	0	-0.3	0	0	0	0	0	0	-0.13	0	0.305	0	0	0
5.281	0	0	0	0.2	0	-0.3	0	0	0	0	0	0	-0.13	0	0.305	0	0	0
5.282	0	0	0	0.2	0	-0.3	0	0	0	0	0	0	-0.13	0	0.305	0	0	0
5.283	0	0	0	0.2	0	-0.3	0	0	0	0	0	0	-0.13	0	0.305	0	0	0
5.284	0	0	0	0.2	0	-0.3	0	0	0	0	0	0	-0.13	0	0.305	0	0	0
5.285	0	0	0	0.2	0	-0.3	0	0	0	0	0	0	-0.13	0	0.305	0	0	0
5.286	0	0	0	0.2	0	-0.3	0	0	0	0	0	0	-0.13	0	0.305	0	0	0
5.287	0	0	0	0.2	0	-0.3	0	0	0	0	0	0	-0.13	0	0.305	0	0	0
5.288	0	0	0	0.2	0	-0.3	0	0	0	0	0	0	-0.13	0	0.305	0	0	0
5.289	0	0	0	0.2	0	-0.3	0	0	0	0	0	0	-0.13	0	0.305	0	0	0
5.29	0	0	0	0.2	0	-0.3	0	0	0	0	0	0	-0.13	0	0.305	0	0	0
5.291	0	0	0	0.2	0	-0.3	0	0	0	0	0	0	-0.13	0	0.305	0	0	0
5.292	0	0	0	0.2	0	-0.3	0	0	0	0	0	0	-0.13	0	0.305	0	0	0
5.293	0	0	0	0.2	0	-0.3	0	0	0	0	0	0	-0.13	0	0.305	0	0	0
5.294	0	0	0	0.2	0	-0.3	0	0	0	0	0	0	-0.13	0	0.305	0	0	0
5.295	0	0	0	0.2	0	-0.3	0	0	0	0	0	0	-0.13	0	0.305	0	0	0
5.296	0	0	0	0.2	0	-0.3	0	0	0	0	0	0	-0.13	0	0.305	0	0	0
5.297	0	0	0	0.2	0	-0.3	0	0	0	0	0	0	-0.13	0	0.305	0	0	0
5.298	0	0	0	0.2	0	-0.3	0	0	0	0	0	0	-0.13	0	0.305	0	0	0
5.299	0	0	0	0.2	0	-0.3	0	0	0	0	0	0	-0.13	0	0.305	0	0	0
5.3	0	0	0	0.2	0	-0.3	0	0	0	0	0	0	-0.13	0	0.305	0	0	0
5.301	0	0	0	0.2	0	-0.3	0	0	0	0	0	0	-0.13	0	0.305	0	0	0
5.302	0	0	0	0.2	0	-0.3	0	0	0	0	0	0	-0.13	0	0.305	0	0	0
5.303	0	0	0	0.2	0	-0.3	0	0	0	0	0	0	-0.13	0	0.305	0	0	0
5.304	0	0	0	0.2	0	-0.3	0	0	0	0	0	0	-0.13	0	0.305	0	0	0
5.305	0	0	0	0.2	0	-0.3	0	0	0	0	0	0	-0.13	0	0.305	0	0	0
5.306	0	0	0	0.2	0	-0.3	0	0	0	0	0	0	-0.13	0	0.305	0	0	0
5.307	0	0	0	0.2	0	-0.3	0	0	0	0	0	0	-0.13	0	0.305	0	0	0
5.308	0	0	0	0.2	0	-0.3	0	0	0	0	0	0	-0.13	0	0.305	0	0	0
5.309	0	0	0	0.2	0	-0.3	0	0	0	0	0	0	-0.13	0	0.305	0	0	0
5.31	0	0	0	0.2	0	-0.3	0	0	0	0	0	0	-0.13	0	0.305	0	0	0
5.311	0	0	0	0.2	0	-0.3	0	0	0	0	0	0	-0.13	0	0.305	0	0	0
5.312	0	0	0	0.2	0	-0.3	0	0	0	0	0	0	-0.13	0	0.305	0	0	0
5.313	0	0	0	0.2	0	-0.3	0	0	0	0	0	0	-0.13	0	0.305	0	0	0
5.314	0	0	0	0.2	0	-0.3	0	0	0	0	0	0	-0.13	0	0.305	0	0	0
5.315	0	0	0	0.2	0	-0.3	0	0	0	0	0	0	-0.13	0	0.305	0	0	0
5.316	0	0	0	0.2	0	-0.3	0	0	0	0	0	0	-0.13	0	0.305	0	0	0
5.317	0	0	0	0.2	0	-0.3	0	0	0	0	0	0	-0.13	0	0.305	0	0	0
5.318	0	0	0	0.2	0	-0.3	0	0	0	0	0	0	-0.13	0	0.305	0	0	0
5.319	0	0	0	0.2	0	-0.3	0	0	0	0	0	0	-0.13	0	0.305	0	0	0
5.32	0	0	0	0.2	0	-0.3	0	0	0	0	0	0	-0.13	0	0.305	0	0	0
5.321	0	0	0	0.2	0	-0.3	0	0	0	0	0	0	-0.13	0	0.305	0	0	0
5.322	0	0	0	0.2	0	-0.3	0	0	0	0	0	0	-0.13	0	0.305	0	0	0
5.323	0	0	0	0.2	0	-0.3	0	0	0	0	0	0	-0.13	0	0.305	0	0	0
5.324	0	0	0	0.2	0	-0.3	0	0	0	0	0	0	-0.13	0	0.305	0	0	0
5.325	0	0	0	0.2	0	-0.3	0	0	0	0	0	0	-0.13	0	0.305	0	0	0
5.326	0	0	0	0.2	0	-0.3	0	0	0	0	0	0	-0.13	0	0.305	0	0	0
5.327	0	0	0	0.2	0	-0.3	0	0	0	0	0	0	-0.13	0	0.305	0	0	0
5.328	0	0	0	0.2	0	-0.3	0	0	0	0	0	0	-0.13	0	0.305	0	0	0
5.329	0	0	0	0.2	0	-0.3	0	0	0	0	0	0	-0.13	0	0.305	0	0	0
5.33	0	0	0	0.2	0	-0.3	0	0	0	0	0	0	-0.13	0	0.305	0	0	0
5.331	0	0	0	0.2	0	-0.3	0	0	0	0	0	0	-0.13	0	0.305	0	0	0
5.332	0	0	0	0.2	0	-0.3	0	0	0	0	0	0	-0.13	0	0.305	0	0	0
5.333	0	0	0	0.2	0	-0.3	0	0	0	0	0	0	-0.13	0	0.305	0	0	0
5.334	0	0	0	0.2	0	-0.3	0	0	0	0	0	0	-0.13	0	0.305	0	0	0
5.335	0	0	0	0.2	0	-0.3	0	0	0	0	0	0	-0.13	0	0.305	0	0	0
5.336	0	0	0	0.2	0	-0.3	0	0	0	0	0	0	-0.13	0	0.305	0	0	0
5.337	0	0	0	0.2	0	-0.3	0	0	0	0	0	0	-0.13	0	0.305	0	0	0
5.338	0	0	0	0.2	0	-0.3	0	0	0	0	0	0	-0.13	0	0.305	0	0	0
5.339	0	0	0	0.2	0	-0.3	0	0	0	0	0	0	-0.13	0	0.305	0	0	0
5.34	0	0	0	0.2	0	-0.3	0	0	0	0	0	0	-0.13	0	0.305	0	0	0
5.341	0	0	0	0.2	0	-0.3	0	0	0	0	0	0	-0.13	0	0.305	0	0	0
5.342	0	0	0	0.2	0	-0.3	0	0	0	0	0	0	-0.13	0	0.305	0	0	0
5.343	0	0	0	0.2	0	-0.3	0	0	0	0	0	0	-0.13	0	0.305	0	0	0
5.344	0	0	0	0.2	0	-0.3	0	0	0	0	0	0	-0.13	0	0.305	0	0	0
5.345	0	0	0	0.2	0	-0.3	0	0	0	0	0	0	-0.13	0	0.305	0	0	0
5.346	0	0	0	0.2	0	-0.3	0	0	0	0	0	0	-0.13	0	0.305	0	0	0
5.347	0	0	0	0.2	0	-0.3	0	0	0	0	0	0	-0.13	0	0.305	0	0	0
5.348	0	0	0	0.2	0	-0.3	0	0	0	0	0	0	-0.13	0	0.305	0	0	0
5.349	0	0	0	0.2	0	-0.3	0	0	0	0	0	0	-0.13	0	0.305	0	0	0
5.35	0	0	0	0.2	0	-0.3	0	0	0	0	0	0	-0.13	0	0.305	0	0	0
5.351	0	0	0	0.2	0	-0.3	0	0	0	0	0	0	-0.13	0	0.305	0	0	0
5.352	0	0	0	0.2	0	-0.3	0	0	0	0	0	0	-0.13	0	0.305	0	0	0
5.353	0	0	0	0.2	0	-0.3	0	0	0	0	0	0	-0.13	0	0.305	0	0	0
5.354	0	0	0	0.2	0	-0.3	0	0	0	0	0	0	-0.13	0	0.305	0	0	0
5.355	0	0	0	0.2	0	-0.3	0	0	0	0	0	0	-0.13	0	0.305	0	0	0
5.356	0	0	0	0.2	0	-0.3	0	0	0	0	0	0	-0.13	0	0.305	0	0	0
5.357	0	0	0	0.2	0	-0.3	0	0	0	0	0	0	-0.13	0	0.305	0	0	0
5.358	0	0	0	0.2	0	-0.3	0	0	0	0	0	0	-0.13	0	0.305	0	0	0
5.359	0	0	0	0.2	0	-0.3	0	0	0	0	0	0	-0.13	0	0.305	0	0	0
5.36	0	0	0	0.2	0	-0.3	0	0	0	0	0	0	-0.13	0	0.305	0	0	0
5.361	0	0	0	0.2	0	-0.3	0	0	0	0	0	0	-0.13	0	0.305	0	0	0
5.362	0	0	0	0.2	0	-0.3	0	0	0	0	0	0	-0.13	0	0.305	0	0	0
5.363	0	0	0	0.2	0	-0.3	0	0	0	0	0	0	-0.13	0	0.305	0	0	0
5.364	0	0	0	0.2	0	-0.3	0	0	0	0	0	0	-0.13	0	0.305	0	0	0
5.365	0	0	0	0.2	0	-0.3	0	0	0	0	0	0	-0.13	0	0.305	0	0	0
5.366	0	0	0	0.2	0	-0.3	0	0	0	0	0	0	-0.13	0	0.305	0	0	0
5.367	0	0	0	0.2	0	-0.3	0	0	0	0	0	0	-0.13	0	0.305	0	0	0
5.368	0	0	0	0.2	0	-0.3	0	0	0	0	0	0	-0.13	0	0.305	0	0	0
5.369	0	0	0	0.2	0	-0.3	0	0	0	0	0	0	-0.13	0	0.305	0	0	0
5.37	0	0	0	0.2	0	-0.3	0	0	0	0	0	0	-0.13	0	0.305	0	0	0
5.371	0	0	0	0.2	0	-0.3	0	0	0	0	0	0	-0.13	0	0.305	0	0	0
5.372	0	0	0	0.2	0	-0.3	0	0	0	0	0	0	-0.13	0	0.305	0	0	0
5.373	0	0	0	0.2	0	-0.3	0	0	0	0	0	0	-0.13	0	0.305	0	0	0
5.374	0	0	0	0.2	0	-0.3	0	0	0	0	0	0	-0.13	0	0.305	0	0	0
5.375	0	0	0	0.2	0	-0.3	0	0	0	0	0	0	-0.13	0	0.305	0	0	0
5.376	0	0	0	0.2	0	-0.3	0	0	0	0	0	0	-0.13	0	0.305	0	0	0
5.377	0	0	0	0.2	0	-0.3	0	0	0	0	0	0	-0.13	0	0.305	0	0	0
5.378	0	0	0	0.2	0	-0.3	0	0	0	0	0	0	-0.13	0	0.305	0	0	0
5.379	0	0	0	0.2	0	-0.3	0	0	0	0	0	0	-0.13	0	0.305	0	0	0
5.38	0	0	0	0.2	0	-0.3	0	0	0	0	0	0	-0.13	0	0.305	0	0	0
5.381	0	0	0	0.2	0	-0.3	0	0	0	0	0	0	-0.13	0	0.305	0	0	0
5.382	0	0	0	0.2	0	-0.3	0	0	0	0	0	0	-0.13	0	0.305	0	0	0
5.383	0	0	0	0.2	0	-0.3	0	0	0	0	0	0	-0.13	0	0.305	0	0	0
5.384	0	0	0	0.2	0	-0.3	0	0	0	0	0	0	-0.13	0	0.305	0	0	0
5.385	0	0	0	0.2	0	-0.3	0	0	0	0	0	0	-0.13	0	0.305	0	0	0
5.386	0	0	0	0.2	0	-0.3	0	0	0	0	0	0	-0.13	0	0.305	0	0	0
5.387	0	0	0	0.2	0	-0.3	0	0	0	0	0	0	-0.13	0	0.305	0	0	0
5.388	0	0	0	0.2	0	-0.3	0	0	0	0	0	0	-0.13	0	0.305	0	0	0
5.389	0	0	0	0.2	0	-0.3	0	0	0	0	0	0	-0.13	0	0.305	0	0	0
5.39	0	0	0	0.2	0	-0.3	0	0	0	0	0	0	-0.13	0	0.305	0	0	0
5.391	0	0	0	0.2	0	-0.3	0	0	0	0	0	0	-0.13	0	0.305	0	0	0
5.392	0	0	0	0.2	0	-0.3	0	0	0	0	0	0	-0.13	0	0.305	0	0	0
5.393	0	0	0	0.2	0	-0.3	0	0	0	0	0	0	-0.13	0	0.305	0	0	0
5.394	0	0	0	0.2	0	-0.3	0	0	0	0	0	0	-0.13	0	0.305	0	0	0
5.395	0	0	0	0.2	0	-0.3	0	0	0	0	0	0	-0.13	0	0.305	0	0	0
5.396	0	0	0	0.2	0	-0.3	0	0	0	0	0	0	-0.13	0	0.305	0	0	0
5.397	0	0	0	0.2	0	-0.3	0	0	0	0	0	0	-0.13	0	0.305	0	0	0
5.398	0	0	0	0.2	0	-0.3	0	0	0	0	0	0	-0.13	0	0.305	0	0	0
5.399	0	0	0	0.2	0	-0.3	0	0	0	0	0	0	-0.13	0	0.305	0	0	0
5.4	0	0	0	0.2	0	-0.3	0	0	0	0	0	0	-0.13	0	0.305	0	0	0
5.401	0	0	0	0.2	0	-0.3	0	0	0	0	0	0	-0.13	0	0.305	0	0	0
5.402	0	0	0	0.2	0	-0.3	0	0	0	0	0	0	-0.13	0	0.305	0	0	0
5.403	0	0	0	0.2	0	-0.3	0	0	0	0	0	0	-0.13	0	0.305	0	0	0
5.404	0	0	0	0.2	0	-0.3	0	0	0	0	0	0	-0.13	0	0.305	0	0	0
5.405	0	0	0	0.2	0	-0.3	0	0	0	0	0	0	-0.13	0	0.305	0	0	0
5.406	0	0	0	0.2	0	-0.3	0	0	0	0	0	0	-0.13	0	0.305	0	0	0
5.407	0	0	0	0.2	0	-0.3	0	0	0	0	0	0	-0.13	0	0.305	0	0	0
5.408	0	0	0	0.2	0	-0.3	0	0	0	0	0	0	-0.13	0	0.305	0	0	0
5.409	0	0	0	0.2	0	-0.3	0	0	0	0	0	0	-0.13	0	0.305	0	0	0
5.41	0	0	0	0.2	0	-0.3	0	0	0	0	0	0	-0.13	0	0.305	0	0	0
5.411	0	0	0	0.2	0	-0.3	0	0	0	0	0	0	-0.13	0	0.305	0	0	0
5.412	0	0	0	0.2	0	-0.3	0	0	0	0	0	0	-0.13	0	0.305	0	0	0
5.413	0	0	0	0.2	0	-0.3	0	0	0	0	0	0	-0.13	0	0.305	0	0	0
5.414	0	0	0	0.2	0	-0.3	0	0	0	0	0	0	-0.13	0	0.305	0	0	0
5.415	0	0	0	0.2	0	-0.3	0	0	0	0	0	0	-0.13	0	0.305	0	0	0
5.416	0	0	0	0.2	0	-0.3	0	0	0	0	0	0	-0.13	0	0.305	0	0	0
5.417	0	0	0	0.2	0	-0.3	0	0	0	0	0	0	-0.13	0	0.305	0	0	0
5.418	0	0	0	0.2	0	-0.3	0	0	0	0	0	0	-0.13	0	0.305	0	0	0
5.419	0	0	0	0.2	0	-0.3	0	0	0	0	0	0	-0.13	0	0.305	0	0	0
5.42	0	0	0	0.2	0	-0.3	0	0	0	0	0	0	-0.13	0	0.305	0	0	0
5.421	0	0	0	0.2	0	-0.3	0	0	0	0	0	0	-0.13	0	0.305	0	0	0
5.422	0	0	0	0.2	0	-0.3	0	0	0	0	0	0	-0.13	0	0.305	0	0	0
5.423	0	0	0	0.2	0	-0.3	0	0	0	0	0	0	-0.13	0	0.305	0	0	0
5.424	0	0	0	0.2	0	-0.3	0	0	0	0	0	0	-0.13	0	0.305	0	0	0
5.425	0	0	0	0.2	0	-0.3	0	0	0	0	0	0	-0.13	0	0.305	0	0	0
5.426	0	0	0	0.2	0	-0.3	0	0	0	0	0	0	-0.13	0	0.305	0	0	0
5.427	0	0	0	0.2	0	-0.3	0	0	0	0	0	0	-0.13	0	0.305	0	0	0
5.428	0	0	0	0.2	0	-0.3	0	0	0	0	0	0	-0.13	0	0.305	0	0	0
5.429	0	0	0	0.2	0	-0.3	0	0	0	0	0	0	-0.13	0	0.305	0	0	0
5.43	0	0	0	0.2	0	-0.3	0	0	0	0	0	0	-0.13	0	0.305	0	0	0
5.431	0	0	0	0.2	0	-0.3	0	0	0	0	0	0	-0.13	0	0.305	0	0	0
5.432	0	0	0	0.2	0	-0.3	0	0	0	0	0	0	-0.13	0	0.305	0	0	0
5.433	0	0	0	0.2	0	-0.3	0	0	0	0	0	0	-0.13	0	0.305	0	0	0
5.434	0	0	0	0.2	0	-0.3	0	0	0	0	0	0	-0.13	0	0.305	0	0	0
5.435	0	0	0	0.2	0	-0.3	0	0	0	0	0	0	-0.13	0	0.305	0	0	0
5.436	0	0	0	0.2	0	-0.3	0	0	0	0	0	0	-0.13	0	0.305	0	0	0
5.437	0	0	0	0.2	0	-0.3	0	0	0	0	0	0	-0.13	0	0.305	0	0	0
5.438	0	0	0	0.2	0	-0.3	0	0	0	0	0	0	-0.13	0	0.305	0	0	0
5.439	0	0	0	0.2	0	-0.3	0	0	0	0	0	0	-0.13	0	0.305	0	0	0
5.44	0	0	0	0.2	0	-0.3	0	0	0	0	0	0	-0.13	0	0.305	0	0	0
5.441	0	0	0	0.2	0	-0.3	0	0	0	0	0	0	-0.13	0	0.305	0	0	0
5.442	0	0	0	0.2	0	-0.3	0	0	0	0	0	0	-0.13	0	0.305	0	0	0
5.443	0	0	0	0.2	0	-0.3	0	0	0	0	0	0	-0.13	0	0.305	0	0	0
5.444	0	0	0	0.2	0	-0.3	0	0	0	0	0	0	-0.13	0	0.305	0	0	0
5.445	0	0	0	0.2	0	-0.3	0	0	0	0	0	0	-0.13	0	0.305	0	0	0
5.446	0	0	0	0.2	0	-0.3	0	0	0	0	0	0	-0.13	0	0.305	0	0	0
5.447	0	0	0	0.2	0	-0.3	0	0	0	0	0	0	-0.13	0	0.305	0	0	0
5.448	0	0	0	0.2	0	-0.3	0	0	0	0	0	0	-0.13	0	0.305	0	0	0
5.449	0	0	0	0.2	0	-0.3	0	0	0	0	0	0	-0.13	0	0.305	0	0	0
5.45	0	0	0	0.2	0	-0.3	0	0	0	0	0	0	-0.13	0	0.305	0	0	0
5.451	0	0	0	0.2	0	-0.3	0	0	0	0	0	0	-0.13	0	0.305	0	0	0
5.452	0	0	0	0.2	0	-0.3	0	0	0	0	0	0	-0.13	0	0.305	0	0	0
5.453	0	0	0	0.2	0	-0.3	0	0	0	0	0	0	-0.13	0	0.305	0	0	0
5.454	0	0	0	0.2	0	-0.3	0	0	0	0	0	0	-0.13	0	0.305	0	0	0
5.455	0	0	0	0.2	0	-0.3	0	0	0	0	0	0	-0.13	0	0.305	0	0	0
5.456	0	0	0	0.2	0	-0.3	0	0	0	0	0	0	-0.13	0	0.305	0	0	0
5.457	0	0	0	0.2	0	-0.3	0	0	0	0	0	0	-0.13	0	0.305	0	0	0
5.458	0	0	0	0.2	0	-0.3	0	0	0	0	0	0	-0.13	0	0.305	0	0	0
5.459	0	0	0	0.2	0	-0.3	0	0	0	0	0	0	-0.13	0	0.305	0	0	0
5.46	0	0	0	0.2	0	-0.3	0	0	0	0	0	0	-0.13	0	0.305	0	0	0
5.461	0	0	0	0.2	0	-0.3	0	0	0	0	0	0	-0.13	0	0.305	0	0	0
5.462	0	0	0	0.2	0	-0.3	0	0	0	0	0	0	-0.13	0	0.305	0	0	0
5.463	0	0	0	0.2	0	-0.3	0	0	0	0	0	0	-0.13	0	0.305	0	0	0
5.464	0	0	0	0.2	0	-0.3	0	0	0	0	0	0	-0.13	0	0.305	0	0	0
5.465	0	0	0	0.2	0	-0.3	0	0	0	0	0	0	-0.13	0	0.305	0	0	0
5.466	0	0	0	0.2	0	-0.3	0	0	0	0	0	0	-0.13	0	0.305	0	0	0
5.467	0	0	0	0.2	0	-0.3	0	0	0	0	0	0	-0.13	0	0.305	0	0	0
5.468	0	0	0	0.2	0	-0.3	0	0	0	0	0	0	-0.13	0	0.305	0	0	0
5.469	0	0	0	0.2	0	-0.3	0	0	0	0	0	0	-0.13	0	0.305	0	0	0
5.47	0	0	0	0.2	0	-0.3	0	0	0	0	0	0	-0.13	0	0.305	0	0	0
5.471	0	0	0	0.2	0	-0.3	0	0	0	0	0	0	-0.13	0	0.305	0	0	0
5.472	0	0	0	0.2	0	-0.3	0	0	0	0	0	0	-0.13	0	0.305	0	0	0
5.473	0	0	0	0.2	0	-0.3	0	0	0	0	0	0	-0.13	0	0.305	0	0	0
5.474	0	0	0	0.2	0	-0.3	0	0	0	0	0	0	-0.13	0	0.305	0	0	0
5.475	0	0	0	0.2	0	-0.3	0	0	0	0	0	0	-0.13	0	0.305	0	0	0
5.476	0	0	0	0.2	0	-0.3	0	0	0	0	0	0	-0.13	0	0.305	0	0	0
5.477	0	0	0	0.2	0	-0.3	0	0	0	0	0	0	-0.13	0	0.305	0	0	0
5.478	0	0	0	0.2	0	-0.3	0	0	0	0	0	0	-0.13	0	0.305	0	0	0
5.479	0	0	0	0.2	0	-0.3	0	0	0	0	0	0	-0.13	0	0.305	0	0	0
5.48	0	0	0	0.2	0	-0.3	0	0	0	0	0	0	-0.13	0	0.305	0	0	0
5.481	0	0	0	0.2	0	-0.3	0	0	0	0	0	0	-0.13	0	0.305	0	0	0
5.482	0	0	0	0.2	0	-0.3	0	0	0	0	0	0	-0.13	0	0.305	0	0	0
5.483	0	0	0	0.2	0	-0.3	0	0	0	0	0	0	-0.13	0	0.305	0	0	0
5.484	0	0	0	0.2	0	-0.3	0	0	0	0	0	0	-0.13	0	0.305	0	0	0
5.485	0	0	0	0.2	0	-0.3	0	0	0	0	0	0	-0.13	0	0.305	0	0	0
5.486	0	0	0	0.2	0	-0.3	0	0	0	0	0	0	-0.13	0	0.305	0	0	0
5.487	0	0	0	0.2	0	-0.3	0	0	0	0	0	0	-0.13	0	0.305	0	0	0
5.488	0	0	0	0.2	0	-0.3	0	0	0	0	0	0	-0.13	0	0.305	0	0	0
5.489	0	0	0	0.2	0	-0.3	0	0	0	0	0	0	-0.13	0	0.305	0	0	0
5.49	0	0	0	0.2	0	-0.3	0	0	0	0	0	0	-0.13	0	0.305	0	0	0
5.491	0	0	0	0.2	0	-0.3	0	0	0	0	0	0	-0.13	0	0.305	0	0	0
5.492	0	0	0	0.2	0	-0.3	0	0	0	0	0	0	-0.13	0	0.305	0	0	0
5.493	0	0	0	0.2	0	-0.3	0	0	0	0	0	0	-0.13	0	0.305	0	0	0
5.494	0	0	0	0.2	0	-0.3	0	0	0	0	0	0	-0.13	0	0.305	0	0	0
5.495	0	0	0	0.2	0	-0.3	0	0	0	0	0	0	-0.13	0	0.305	0	0	0
5.496	0	0	0	0.2	0	-0.3	0	0	0	0	0	0	-0.13	0	0.305	0	0	0
5.497	0	0	0	0.2	0	-0.3	0	0	0	0	0	0	-0.13	0	0.305	0	0	0
5.498	0	0	0	0.2	0	-0.3	0	0	0	0	0	0	-0.13	0	0.305	0	0	0
5.499	0	0	0	0.2	0	-0.3	0	0	0	0	0	0	-0.13	0	0.305	0	0	0
5.5	0	0	0	0.2	0	-0.3	0	0	0	0	0	0	-0.13	0	0.305	0	0	0
5.501	0	0	0	0.2	0	-0.3	0	0	0	0	0	0	-0.13	0	0.305	0	0	0
5.502	0	0	0	0.2	0	-0.3	0	0	0	0	0	0	-0.13	0	0.305	0	0	0
5.503	0	0	0	0.2	0	-0.3	0	0	0	0	0	0	-0.13	0	0.305	0	0	0
5.504	0	0	0	0.2	0	-0.3	0	0	0	0	0	0	-0.13	0	0.305	0	0	0
5.505	0	0	0	0.2	0	-0.3	0	0	0	0	0	0	-0.13	0	0.305	0	0	0
5.506	0	0	0	0.2	0	-0.3	0	0	0	0	0	0	-0.13	0	0.305	0	0	0
5.507	0	0	0	0.2	0	-0.3	0	0	0	0	0	0	-0.13	0	0.305	0	0	0
5.508	0	0	0	0.2	0	-0.3	0	0	0	0	0	0	-0.13	0	0.305	0	0	0
5.509	0	0	0	0.2	0	-0.3	0	0	0	0	0	0	-0.13	0	0.305	0	0	0
5.51	0	0	0	0.2	0	-0.3	0	0	0	0	0	0	-0.13	0	0.305	0	0	0
5.511	0	0	0	0.2	0	-0.3	0	0	0	0	0	0	-0.13	0	0.305	0	0	0
5.512	0	0	0	0.2	0	-0.3	0	0	0	0	0	0	-0.13	0	0.305	0	0	0
5.513	0	0	0	0.2	0	-0.3	0	0	0	0	0	0	-0.13	0	0.305	0	0	0
5.514	0	0	0	0.2	0	-0.3	0	0	0	0	0	0	-0.13	0	0.305	0	0	0
5.515	0	0	0	0.2	0	-0.3	0	0	0	0	0	0	-0.13	0	0.305	0	0	0
5.516	0	0	0	0.2	0	-0.3	0	0	0	0	0	0	-0.13	0	0.305	0	0	0
5.517	0	0	0	0.2	0	-0.3	0	0	0	0	0	0	-0.13	0	0.305	0	0	0
5.518	0	0	0	0.2	0	-0.3	0	0	0	0	0	0	-0.13	0	0.305	0	0	0
5.519	0	0	0	0.2	0	-0.3	0	0	0	0	0	0	-0.13	0	0.305	0	0	0
5.52	0	0	0	0.2	0	-0.3	0	0	0	0	0	0	-0.13	0	0.305	0	0	0
5.521	0	0	0	0.2	0	-0.3	0	0	0	0	0	0	-0.13	0	0.305	0	0	0
5.522	0	0	0	0.2	0	-0.3	0	0	0	0	0	0	-0.13	0	0.305	0	0	0
5.523	0	0	0	0.2	0	-0.3	0	0	0	0	0	0	-0.13	0	0.305	0	0	0
5.524	0	0	0	0.2	0	-0.3	0	0	0	0	0	0	-0.13	0	0.305	0	0	0
5.525	0	0	0	0.2	0	-0.3	0	0	0	0	0	0	-0.13	0	0.305	0	0	0
5.526	0	0	0	0.2	0	-0.3	0	0	0	0	0	0	-0.13	0	0.305	0	0	0
5.527	0	0	0	0.2	0	-0.3	0	0	0	0	0	0	-0.13	0	0.305	0	0	0
5.528	0	0	0	0.2	0	-0.3	0	0	0	0	0	0	-0.13	0	0.305	0	0	0
5.529	0	0	0	0.2	0	-0.3	0	0	0	0	0	0	-0.13	0	0.305	0	0	0
5.53	0	0	0	0.2	0	-0.3	0	0	0	0	0	0	-0.13	0	0.305	0	0	0
5.531	0	0	0	0.2	0	-0.3	0	0	0	0	0	0	-0.13	0	0.305	0	0	0
5.532	0	0	0	0.2	0	-0.3	0	0	0	0	0	0	-0.13	0	0.305	0	0	0
5.533	0	0	0	0.2	0	-0.3	0	0	0	0	0	0	-0.13	0	0.305	0	0	0
5.534	0	0	0	0.2	0	-0.3	0	0	0	0	0	0	-0.13	0	0.305	0	0	0
5.535	0	0	0	0.2	0	-0.3	0	0	0	0	0	0	-0.13	0	0.305	0	0	0
5.536	0	0	0	0.2	0	-0.3	0	0	0	0	0	0	-0.13	0	0.305	0	0	0
5.537	0	0	0	0.2	0	-0.3	0	0	0	0	0	0	-0.13	0	0.305	0	0	0
5.538	0	0	0	0.2	0	-0.3	0	0	0	0	0	0	-0.13	0	0.305	0	0	0
5.539	0	0	0	0.2	0	-0.3	0	0	0	0	0	0	-0.13	0	0.305	0	0	0
