LG_Sit_Stand_Walk07																		
version=1																		
nRows=3980																		
nColumns=19																		
inDegrees=yes																		
endheader																		
time	ground_force2_vx	ground_force2_vy	ground_force2_vz	ground_force2_px	ground_force2_py	ground_force2_pz	ground_torque2_x	ground_torque2_y	ground_torque2_z	ground_force1_vx	ground_force1_vy	ground_force1_vz	ground_force1_px	ground_force1_py	ground_force1_pz	ground_torque1_x	ground_torque1_y	ground_torque1_z
2.19	-3.450747	77.947571	3.14469	0.201648	0	-0.366451	1.00E-06	0.808522	1.00E-06	0	0	0	-0.13	0	0.305	0	0	0
2.191	-3.683578	79.332703	3.144848	0.203516	0	-0.366451	2.00E-06	0.808522	1.00E-06	0	0	0	-0.13	0	0.305	0	0	0
2.192	-3.842888	79.332703	3.771572	0.203516	0	-0.364047	2.00E-06	0.808522	1.00E-06	0	0	0	-0.13	0	0.305	0	0	0
2.193	-4.149963	77.782082	3.771692	0.203516	0	-0.364047	2.00E-06	0.770101	1.00E-06	0	0	0	-0.13	0	0.305	0	0	0
2.194	-3.842888	77.611229	3.771692	0.203002	0	-0.367461	0.00E+00	0.897939	1.00E-06	0	0	0	-0.13	0	0.305	0	0	0
2.195	-3.762873	77.608917	3.693203	0.202278	0	-0.367461	0	0.829559	1.00E-06	0	0	0	-0.13	0	0.305	0	0	0
2.196	-3.762873	77.608917	3.30147	0.202278	0	-0.368484	0.00E+00	0.829559	1.00E-06	0	0	0	-0.13	0	0.305	0	0	0
2.197	-3.839281	77.608917	3.30147	0.20292	0	-0.370597	2.00E-06	0.829559	0	0	0	0	-0.13	0	0.305	0	0	0
2.198	-3.839281	77.428764	3.379881	0.20295	0	-0.370597	2.00E-06	0.831918	0	0	0	0	-0.13	0	0.305	0	0	0
2.199	-3.91641	77.428764	3.379881	0.20292	0	-0.368981	2.00E-06	0.831918	1.00E-06	0	0	0	-0.13	0	0.305	0	0	0
2.2	-3.91641	77.428764	3.379881	0.201876	0	-0.365722	2.00E-06	0.831918	1.00E-06	0	0	0	-0.13	0	0.305	0	0	0
2.201	-3.91641	76.923492	3.458212	0.201802	0	-0.364445	2.00E-06	0.81831	1.00E-06	0	0	0	-0.13	0	0.305	0	0	0
2.202	-3.685022	76.395782	3.458212	0.201802	0	-0.364445	0	0.852377	1.00E-06	0	0	0	-0.13	0	0.305	0	0	0
2.203	-3.681414	76.395782	3.536461	0.201802	0	-0.36752	0.00E+00	0.81831	1.00E-06	0	0	0	-0.13	0	0.305	0	0	0
2.204	-3.681414	76.395782	3.458212	0.204625	0	-0.36752	1.00E-06	0.852377	1.00E-06	0	0	0	-0.13	0	0.305	0	0	0
2.205	-3.681414	76.223389	3.536501	0.204276	0	-0.365968	1.00E-06	0.876865	1.00E-06	0	0	0	-0.13	0	0.305	0	0	0
2.206	-3.372896	75.724266	3.536501	0.204276	0	-0.36524	1.00E-06	0.876865	1.00E-06	0	0	0	-0.13	0	0.305	0	0	0
2.207	-3.370733	75.724266	3.536501	0.204276	0	-0.36524	1.00E-06	0.902162	1.00E-06	0	0	0	-0.13	0	0.305	0	0	0
2.208	-3.370733	76.908813	3.379839	0.20202	0	-0.36733	0.00E+00	0.846458	1.00E-06	0	0	0	-0.13	0	0.305	0	0	0
2.209	-3.29649	76.908813	3.379839	0.20202	0	-0.36733	0	0.826695	1.00E-06	0	0	0	-0.13	0	0.305	0	0	0
2.21	-3.290716	75.202377	3.928396	0.20202	0	-0.367144	0.00E+00	0.799135	1.00E-06	0	0	0	-0.13	0	0.305	0	0	0
2.211	-3.290716	75.202377	3.928396	0.201621	0	-0.367144	0	0.799135	1.00E-06	0	0	0	-0.13	0	0.305	0	0	0
2.212	-3.290716	75.698807	3.536543	0.203646	0	-0.369461	0	0.654533	1.00E-06	0	0	0	-0.13	0	0.305	0	0	0
2.213	-3.372175	76.567833	3.536543	0.203619	0	-0.369461	1.00E-06	0.88274	1.00E-06	0	0	0	-0.13	0	0.305	0	0	0
2.214	-3.679972	76.567833	3.379601	0.203646	0	-0.369461	1.00E-06	0.787587	1.00E-06	0	0	0	-0.13	0	0.305	0	0	0
2.215	-3.679972	75.884338	3.614992	0.20471	0	-0.366879	1.00E-06	0.787587	1.00E-06	0	0	0	-0.13	0	0.305	0	0	0
2.216	-3.604286	75.884338	3.849945	0.205331	0	-0.366879	1.00E-06	0.753404	1.00E-06	0	0	0	-0.13	0	0.305	0	0	0
2.217	-3.604286	76.390808	3.849945	0.20471	0	-0.366099	2.00E-06	0.753404	1.00E-06	0	0	0	-0.13	0	0.305	0	0	0
2.218	-3.607893	76.390808	3.693285	0.201591	0	-0.365129	1.00E-06	0.952515	1.00E-06	0	0	0	-0.13	0	0.305	0	0	0
2.219	-3.997149	75.710388	3.536743	0.201591	0	-0.365908	1.00E-06	0.952515	1.00E-06	0	0	0	-0.13	0	0.305	0	0	0
2.22	-3.997149	75.540291	3.458212	0.20218	0	-0.365908	0	0.933262	1.00E-06	0	0	0	-0.13	0	0.305	0	0	0
2.221	-3.997149	75.021484	3.536743	0.204904	0	-0.365908	0	0.807565	1.00E-06	0	0	0	-0.13	0	0.305	0	0	0
2.222	-3.99859	75.021484	3.536623	0.204053	0	-0.366226	2.00E-06	0.924534	1.00E-06	0	0	0	-0.13	0	0.305	0	0	0
2.223	-3.606449	75.881241	3.536623	0.20496	0	-0.366226	2.00E-06	0.820486	1.00E-06	0	0	0	-0.13	0	0.305	0	0	0
2.224	-3.609335	75.881241	3.380081	0.20546	0	-0.370201	2.00E-06	0.884121	1.00E-06	0	0	0	-0.13	0	0.305	0	0	0
2.225	-3.609335	75.881241	3.380001	0.205771	0	-0.370201	2.00E-06	0.866091	1.00E-06	0	0	0	-0.13	0	0.305	0	0	0
2.226	-4.079329	75.023407	3.380081	0.205771	0	-0.367519	2.00E-06	0.884121	1.00E-06	0	0	0	-0.13	0	0.305	0	0	0
2.227	-4.079329	75.023407	4.163549	0.205441	0	-0.366893	2.00E-06	0.866091	1.00E-06	0	0	0	-0.13	0	0.305	0	0	0
2.228	-3.923626	73.9804	4.163549	0.205132	0	-0.366893	1.00E-06	0.916592	0.00E+00	0	0	0	-0.13	0	0.305	0	0	0
2.229	-3.838558	73.9804	3.614912	0.202607	0	-0.372167	0.00E+00	0.857166	1.00E-06	0	0	0	-0.13	0	0.305	0	0	0
2.23	-3.76215	75.527145	3.536743	0.202607	0	-0.372167	1.00E-06	0.915183	1.00E-06	0	0	0	-0.13	0	0.305	0	0	0
2.231	-3.687908	75.703781	3.536743	0.205307	0	-0.372855	1.00E-06	0.857166	1.00E-06	0	0	0	-0.13	0	0.305	0	0	0
2.232	-3.687908	75.703781	3.536743	0.205307	0	-0.376903	1.00E-06	0.843602	1.00E-06	0	0	0	-0.13	0	0.305	0	0	0
2.233	-3.684299	75.703781	4.32033	0.204081	0	-0.376903	2.00E-06	0.843602	1.00E-06	0	0	0	-0.13	0	0.305	0	0	0
2.234	-4.074999	74.143181	4.32033	0.203321	0	-0.372194	3.00E-06	0.853044	1.00E-06	0	0	0	-0.13	0	0.305	0	0	0
2.235	-4.234308	75.007576	4.085138	0.200684	0	-0.372194	2.00E-06	0.967839	0	0	0	0	-0.13	0	0.305	0	0	0
2.236	-4.234308	74.143181	3.850145	0.200684	0	-0.372194	1.00E-06	0.967839	0	0	0	0	-0.13	0	0.305	0	0	0
2.237	-3.841446	75.007576	4.085138	0.20292	0	-0.372595	1.00E-06	0.829965	1.00E-06	0	0	0	-0.13	0	0.305	0	0	0
2.238	-3.450747	74.138916	4.085176	0.20292	0	-0.37341	1.00E-06	0.825909	1.00E-06	0	0	0	-0.13	0	0.305	0	0	0
2.239	-3.450747	74.138916	4.320211	0.203123	0	-0.37341	1.00E-06	0.829965	1.00E-06	0	0	0	-0.13	0	0.305	0	0	0
2.24	-3.765038	73.646759	4.320211	0.202986	0	-0.375561	1.00E-06	0.879895	1.00E-06	0	0	0	-0.13	0	0.305	0	0	0
2.241	-3.765038	72.937782	4.320211	0.202986	0	-0.375561	1.00E-06	0.879895	1.00E-06	0	0	0	-0.13	0	0.305	0	0	0
2.242	-3.765038	72.592926	4.320211	0.202986	0	-0.377231	1.00E-06	0.923865	1.00E-06	0	0	0	-0.13	0	0.305	0	0	0
2.243	-3.765038	72.592926	5.025625	0.201316	0	-0.377231	1.00E-06	0.835674	1.00E-06	0	0	0	-0.13	0	0.305	0	0	0
2.244	-3.765038	72.592926	5.025625	0.204041	0	-0.377422	1.00E-06	0.835674	1.00E-06	0	0	0	-0.13	0	0.305	0	0	0
2.245	-3.611502	72.763832	5.182167	0.202246	0	-0.373642	2.00E-06	0.835674	1.00E-06	0	0	0	-0.13	0	0.305	0	0	0
2.246	-3.216473	72.416267	5.182167	0.202246	0	-0.377422	3.00E-06	0.814015	1.00E-06	0	0	0	-0.13	0	0.305	0	0	0
2.247	-3.531485	72.416267	5.182167	0.20137	0	-0.375236	3.00E-06	0.830769	1.00E-06	0	0	0	-0.13	0	0.305	0	0	0
2.248	-3.531485	71.913315	5.103874	0.20137	0	-0.375236	2.00E-06	0.814015	0.00E+00	0	0	0	-0.13	0	0.305	0	0	0
2.249	-3.610058	70.52433	5.103874	0.201432	0	-0.374637	2.00E-06	0.830769	1.00E-06	0	0	0	-0.13	0	0.305	0	0	0
2.25	-3.610058	70.52433	5.103874	0.201432	0	-0.374637	0.00E+00	0.844114	1.00E-06	0	0	0	-0.13	0	0.305	0	0	0
2.251	-3.533649	70.52433	5.025625	0.201432	0	-0.374637	2.00E-06	0.854226	1.00E-06	0	0	0	-0.13	0	0.305	0	0	0
2.252	-3.533649	70.002815	5.025545	0.198351	0	-0.379627	3.00E-06	0.913048	1.00E-06	0	0	0	-0.13	0	0.305	0	0	0
2.253	-3.533649	70.003983	5.025545	0.201459	0	-0.376345	3.00E-06	0.913048	1.00E-06	0	0	0	-0.13	0	0.305	0	0	0
2.254	-3.687908	70.003983	5.41732	0.201924	0	-0.376345	1.00E-06	0.87243	1.00E-06	0	0	0	-0.13	0	0.305	0	0	0
2.255	-3.52932	70.697136	5.49581	0.201924	0	-0.375449	1.00E-06	0.75638	1.00E-06	0	0	0	-0.13	0	0.305	0	0	0
2.256	-3.52932	70.697136	5.887384	0.201924	0	-0.373927	2.00E-06	0.846553	1.00E-06	0	0	0	-0.13	0	0.305	0	0	0
2.257	-3.452911	70.697136	5.887384	0.202759	0	-0.373927	2.00E-06	0.780222	1.00E-06	0	0	0	-0.13	0	0.305	0	0	0
2.258	-2.984364	70.698273	5.887384	0.202759	0	-0.373927	2.00E-06	0.780222	0.00E+00	0	0	0	-0.13	0	0.305	0	0	0
2.259	-2.90579	71.562309	5.887705	0.202563	0	-0.371645	0	0.698499	0	0	0	0	-0.13	0	0.305	0	0	0
2.26	-2.984364	71.562309	5.965954	0.202563	0	-0.371645	0.00E+00	0.698499	0	0	0	0	-0.13	0	0.305	0	0	0
2.261	-3.295044	68.978333	6.357645	0.202563	0	-0.375665	2.00E-06	0.713952	0.00E+00	0	0	0	-0.13	0	0.305	0	0	0
2.262	-3.295044	68.625412	5.965954	0.200841	0	-0.376183	2.00E-06	0.807808	1.00E-06	0	0	0	-0.13	0	0.305	0	0	0
2.263	-3.295044	68.298698	5.652594	0.200841	0	-0.375665	2.00E-06	0.837111	1.00E-06	0	0	0	-0.13	0	0.305	0	0	0
2.264	-3.688629	68.298698	5.652552	0.200841	0	-0.376235	2.00E-06	0.837111	1.00E-06	0	0	0	-0.13	0	0.305	0	0	0
2.265	-3.688629	68.298698	5.574062	0.201526	0	-0.374324	2.00E-06	0.834779	1.00E-06	0	0	0	-0.13	0	0.305	0	0	0
2.266	-3.530762	69.139206	5.652552	0.200327	0	-0.376235	2.00E-06	0.747844	0.00E+00	0	0	0	-0.13	0	0.305	0	0	0
2.267	-3.140066	69.139206	5.730925	0.201491	0	-0.376634	2.00E-06	0.747844	1.00E-06	0	0	0	-0.13	0	0.305	0	0	0
2.268	-3.220804	68.287895	5.730925	0.200327	0	-0.376634	1.00E-06	0.773012	1.00E-06	0	0	0	-0.13	0	0.305	0	0	0
2.269	-3.220804	67.774887	5.574183	0.200634	0	-0.375726	1.00E-06	0.866796	1.00E-06	0	0	0	-0.13	0	0.305	0	0	0
2.27	-3.220804	67.774887	5.574183	0.200634	0	-0.375647	1.00E-06	0.866796	0	0	0	0	-0.13	0	0.305	0	0	0
2.271	-3.062937	68.631973	6.122736	0.200985	0	-0.374441	2.00E-06	0.883064	0	0	0	0	-0.13	0	0.305	0	0	0
2.272	-3.062937	69.138809	6.122736	0.201087	0	-0.374441	2.00E-06	0.877685	0	0	0	0	-0.13	0	0.305	0	0	0
2.273	-3.143673	69.138809	6.435976	0.200985	0	-0.374342	2.00E-06	0.877685	1.00E-06	0	0	0	-0.13	0	0.305	0	0	0
2.274	-3.143673	67.77182	6.514307	0.201087	0	-0.377361	1.00E-06	0.877385	1.00E-06	0	0	0	-0.13	0	0.305	0	0	0
2.275	-3.143673	67.77182	6.592962	0.200563	0	-0.382872	0.00E+00	0.818199	1.00E-06	0	0	0	-0.13	0	0.305	0	0	0
2.276	-3.221523	68.96907	6.514307	0.202487	0	-0.382872	1.00E-06	0.814866	1.00E-06	0	0	0	-0.13	0	0.305	0	0	0
2.277	-3.30154	69.813034	6.514549	0.203023	0	-0.380284	1.00E-06	0.814866	1.00E-06	0	0	0	-0.13	0	0.305	0	0	0
2.278	-3.30154	69.313538	6.514549	0.203711	0	-0.375968	2.00E-06	0.754448	1.00E-06	0	0	0	-0.13	0	0.305	0	0	0
2.279	-3.297932	69.313538	7.141275	0.203711	0	-0.375968	2.00E-06	0.868513	1.00E-06	0	0	0	-0.13	0	0.305	0	0	0
2.28	-3.297932	69.313538	7.141275	0.203343	0	-0.378357	1.00E-06	0.82836	1.00E-06	0	0	0	-0.13	0	0.305	0	0	0
2.281	-3.220804	69.828468	6.4361	0.200229	0	-0.379366	1.00E-06	0.82836	1.00E-06	0	0	0	-0.13	0	0.305	0	0	0
2.282	-3.220804	69.828468	6.4361	0.203343	0	-0.37844	1.00E-06	0.816132	1.00E-06	0	0	0	-0.13	0	0.305	0	0	0
2.283	-3.220804	69.821907	6.43618	0.20222	0	-0.380326	1.00E-06	0.816132	1.00E-06	0	0	0	-0.13	0	0.305	0	0	0
2.284	-3.144396	68.800903	6.592842	0.20222	0	-0.380326	1.00E-06	0.908126	1.00E-06	0	0	0	-0.13	0	0.305	0	0	0
2.285	-3.379391	69.296982	6.593	0.200308	0	-0.380326	2.00E-06	0.925092	1.00E-06	0	0	0	-0.13	0	0.305	0	0	0
2.286	-3.300097	69.296982	6.827791	0.199349	0	-0.380995	2.00E-06	0.942781	1.00E-06	0	0	0	-0.13	0	0.305	0	0	0
2.287	-3.376505	69.296982	6.827791	0.199349	0	-0.381384	2.00E-06	0.942781	1.00E-06	0	0	0	-0.13	0	0.305	0	0	0
2.288	-3.300097	70.32489	6.827991	0.199867	0	-0.382345	2.00E-06	0.788868	1.00E-06	0	0	0	-0.13	0	0.305	0	0	0
2.289	-2.986528	69.117203	7.45476	0.200148	0	-0.382398	2.00E-06	0.788868	1.00E-06	0	0	0	-0.13	0	0.305	0	0	0
2.29	-2.909399	69.117203	7.611498	0.200148	0	-0.382345	2.00E-06	0.807937	1.00E-06	0	0	0	-0.13	0	0.305	0	0	0
2.291	-2.909399	68.777	7.45476	0.198659	0	-0.381729	2.00E-06	0.85504	0.00E+00	0	0	0	-0.13	0	0.305	0	0	0
2.292	-2.909399	68.255852	7.141314	0.198659	0	-0.381729	2.00E-06	0.85504	1.00E-06	0	0	0	-0.13	0	0.305	0	0	0
2.293	-2.907955	68.424438	7.141314	0.198659	0	-0.383853	2.00E-06	0.833414	1.00E-06	0	0	0	-0.13	0	0.305	0	0	0
2.294	-2.907955	68.424438	8.003355	0.198785	0	-0.383853	1.00E-06	0.833414	1.00E-06	0	0	0	-0.13	0	0.305	0	0	0
2.295	-2.907955	68.424438	8.003355	0.198785	0	-0.383853	0.00E+00	0.869637	1.00E-06	0	0	0	-0.13	0	0.305	0	0	0
2.296	-2.990135	67.556915	8.081604	0.198785	0	-0.386277	1.00E-06	0.883003	0.00E+00	0	0	0	-0.13	0	0.305	0	0	0
2.297	-2.990135	67.386459	8.081604	0.197353	0	-0.386277	2.00E-06	0.869637	0	0	0	0	-0.13	0	0.305	0	0	0
2.298	-2.754417	67.386459	8.081604	0.196726	0	-0.386277	2.00E-06	0.979924	0	0	0	0	-0.13	0	0.305	0	0	0
2.299	-2.754417	67.386459	8.316515	0.196424	0	-0.390161	2.00E-06	0.824234	0.00E+00	0	0	0	-0.13	0	0.305	0	0	0
2.3	-2.754417	66.010567	7.768282	0.196726	0	-0.390249	2.00E-06	0.795872	1.00E-06	0	0	0	-0.13	0	0.305	0	0	0
2.301	-2.908678	66.010567	8.316715	0.197353	0	-0.390249	2.00E-06	0.795872	0.00E+00	0	0	0	-0.13	0	0.305	0	0	0
2.302	-2.520145	67.903732	8.395008	0.197353	0	-0.388066	1.00E-06	0.786496	1.00E-06	0	0	0	-0.13	0	0.305	0	0	0
2.303	-2.520145	67.903732	8.395008	0.197876	0	-0.384746	1.00E-06	0.786496	0.00E+00	0	0	0	-0.13	0	0.305	0	0	0
2.304	-2.519423	67.889435	8.395166	0.197139	0	-0.384746	1.00E-06	0.786496	0	0	0	0	-0.13	0	0.305	0	0	0
2.305	-2.282982	67.220207	8.395166	0.194187	0	-0.38877	1.00E-06	0.765434	0	0	0	0	-0.13	0	0.305	0	0	0
2.306	-2.204411	66.696793	8.551826	0.194187	0	-0.38877	1.00E-06	0.765434	0	0	0	0	-0.13	0	0.305	0	0	0
2.307	-2.204411	66.696793	8.786818	0.196238	0	-0.384675	1.00E-06	0.765434	1.00E-06	0	0	0	-0.13	0	0.305	0	0	0
2.308	-2.127281	66.696793	8.786779	0.19691	0	-0.384675	1.00E-06	0.79311	1.00E-06	0	0	0	-0.13	0	0.305	0	0	0
2.309	-2.127281	66.707596	8.865149	0.19691	0	-0.384675	2.00E-06	0.79311	1.00E-06	0	0	0	-0.13	0	0.305	0	0	0
2.31	-1.892284	66.707596	8.94356	0.19691	0	-0.38702	2.00E-06	0.791174	1.00E-06	0	0	0	-0.13	0	0.305	0	0	0
2.311	-1.892284	66.707596	9.021891	0.196598	0	-0.391621	2.00E-06	0.791174	1.00E-06	0	0	0	-0.13	0	0.305	0	0	0
2.312	-2.28587	65.661491	8.94356	0.196598	0	-0.391621	1.00E-06	0.819263	1.00E-06	0	0	0	-0.13	0	0.305	0	0	0
2.313	-2.28587	65.661491	8.943521	0.198115	0	-0.390317	1.00E-06	0.84476	0	0	0	0	-0.13	0	0.305	0	0	0
2.314	-1.973022	66.183395	8.943521	0.198115	0	-0.387256	1.00E-06	0.819263	0	0	0	0	-0.13	0	0.305	0	0	0
2.315	-1.660896	66.183395	8.943521	0.197052	0	-0.384687	1.00E-06	0.831489	0	0	0	0	-0.13	0	0.305	0	0	0
2.316	-1.660896	66.183014	8.630199	0.195169	0	-0.384687	1.00E-06	0.686343	1.00E-06	0	0	0	-0.13	0	0.305	0	0	0
2.317	-1.660896	65.660347	8.630199	0.195169	0	-0.388095	1.00E-06	0.686343	1.00E-06	0	0	0	-0.13	0	0.305	0	0	0
2.318	-1.969416	65.660347	8.865311	0.197629	0	-0.388095	2.00E-06	0.686343	1.00E-06	0	0	0	-0.13	0	0.305	0	0	0
2.319	-2.12656	65.135002	8.943604	0.197629	0	-0.387907	2.00E-06	0.707026	0	0	0	0	-0.13	0	0.305	0	0	0
2.32	-2.207296	65.135002	8.943604	0.194301	0	-0.385935	2.00E-06	0.895332	0	0	0	0	-0.13	0	0.305	0	0	0
2.321	-2.207296	65.135002	8.473619	0.194301	0	-0.385935	1.00E-06	0.895332	0	0	0	0	-0.13	0	0.305	0	0	0
2.322	-2.05304	65.13652	8.473619	0.196963	0	-0.385935	0	0.826088	1.00E-06	0	0	0	-0.13	0	0.305	0	0	0
2.323	-2.05304	65.13652	8.473619	0.197828	0	-0.383176	0	0.721223	1.00E-06	0	0	0	-0.13	0	0.305	0	0	0
2.324	-2.128725	64.63858	8.786818	0.199504	0	-0.383176	1.00E-06	0.705218	1.00E-06	0	0	0	-0.13	0	0.305	0	0	0
2.325	-2.520145	64.63858	8.94348	0.199504	0	-0.382314	1.00E-06	0.721223	1.00E-06	0	0	0	-0.13	0	0.305	0	0	0
2.326	-2.520145	64.976105	8.94348	0.197322	0	-0.382314	1.00E-06	0.832167	1.00E-06	0	0	0	-0.13	0	0.305	0	0	0
2.327	-1.814434	65.31591	8.708569	0.197322	0	-0.382314	2.00E-06	0.832167	1.00E-06	0	0	0	-0.13	0	0.305	0	0	0
2.328	-1.814434	65.31591	8.708569	0.198549	0	-0.385975	2.00E-06	0.673495	0	0	0	0	-0.13	0	0.305	0	0	0
2.329	-1.814434	65.320152	8.708569	0.199973	0	-0.38528	2.00E-06	0.673495	0	0	0	0	-0.13	0	0.305	0	0	0
2.33	-2.358671	65.320152	8.63032	0.199973	0	-0.385975	2.00E-06	0.67379	0	0	0	0	-0.13	0	0.305	0	0	0
2.331	-2.36372	65.320152	8.63032	0.200306	0	-0.386906	1.00E-06	0.815021	0.00E+00	0	0	0	-0.13	0	0.305	0	0	0
2.332	-2.36372	64.636658	8.551826	0.199607	0	-0.386906	1.00E-06	0.815021	1.00E-06	0	0	0	-0.13	0	0.305	0	0	0
2.333	-2.362278	64.636658	8.70853	0.198619	0	-0.385578	1.00E-06	0.734336	1.00E-06	0	0	0	-0.13	0	0.305	0	0	0
2.334	-2.362278	64.636658	8.943722	0.198052	0	-0.385578	1.00E-06	0.724973	1.00E-06	0	0	0	-0.13	0	0.305	0	0	0
2.335	-1.970137	64.115524	8.943722	0.198619	0	-0.387496	2.00E-06	0.647483	1.00E-06	0	0	0	-0.13	0	0.305	0	0	0
2.336	-2.362278	64.115524	8.865393	0.197057	0	-0.387496	2.00E-06	0.724973	1.00E-06	0	0	0	-0.13	0	0.305	0	0	0
2.337	-2.519423	64.621582	8.865393	0.198543	0	-0.387496	1.00E-06	0.751561	1.00E-06	0	0	0	-0.13	0	0.305	0	0	0
2.338	-2.519423	65.141953	8.865393	0.198543	0	-0.386101	1.00E-06	0.79652	1.00E-06	0	0	0	-0.13	0	0.305	0	0	0
2.339	-2.517258	66.171028	8.865231	0.199581	0	-0.390764	2.00E-06	0.79652	1.00E-06	0	0	0	-0.13	0	0.305	0	0	0
2.34	-2.517258	66.171028	8.787062	0.199581	0	-0.390764	2.00E-06	0.730314	1.00E-06	0	0	0	-0.13	0	0.305	0	0	0
2.341	-2.597273	66.013298	8.865231	0.199503	0	-0.390764	2.00E-06	0.719449	1.00E-06	0	0	0	-0.13	0	0.305	0	0	0
2.342	-2.67296	66.013298	8.94368	0.197245	0	-0.385781	2.00E-06	0.700431	1.00E-06	0	0	0	-0.13	0	0.305	0	0	0
2.343	-2.67296	66.013298	8.94368	0.196664	0	-0.385781	1.00E-06	0.700431	1.00E-06	0	0	0	-0.13	0	0.305	0	0	0
2.344	-2.596552	66.000572	8.630238	0.196664	0	-0.385781	1.00E-06	0.673054	1.00E-06	0	0	0	-0.13	0	0.305	0	0	0
2.345	-2.125118	65.312782	8.630238	0.198525	0	-0.387486	2.00E-06	0.673054	1.00E-06	0	0	0	-0.13	0	0.305	0	0	0
2.346	-1.968693	65.312782	8.787142	0.20063	0	-0.392107	2.00E-06	0.624356	1.00E-06	0	0	0	-0.13	0	0.305	0	0	0
2.347	-2.125118	63.757191	8.943604	0.20063	0	-0.392107	1.00E-06	0.624356	1.00E-06	0	0	0	-0.13	0	0.305	0	0	0
2.348	-2.205132	63.411209	8.865231	0.199763	0	-0.38928	1.00E-06	0.706216	1.00E-06	0	0	0	-0.13	0	0.305	0	0	0
2.349	-2.205132	63.083717	9.100302	0.196189	0	-0.38928	1.00E-06	0.706216	1.00E-06	0	0	0	-0.13	0	0.305	0	0	0
2.35	-1.735863	63.411209	9.100384	0.196189	0	-0.390807	0.00E+00	0.66284	1.00E-06	0	0	0	-0.13	0	0.305	0	0	0
2.351	-1.732975	63.582451	9.100384	0.196189	0	-0.392662	1.00E-06	0.651149	1.00E-06	0	0	0	-0.13	0	0.305	0	0	0
2.352	-1.735863	63.582451	9.100264	0.196573	0	-0.392776	1.00E-06	0.616641	1.00E-06	0	0	0	-0.13	0	0.305	0	0	0
2.353	-1.732975	63.755234	9.100264	0.195707	0	-0.392776	1.00E-06	0.616641	1.00E-06	0	0	0	-0.13	0	0.305	0	0	0
2.354	-1.734419	63.405037	9.492037	0.195707	0	-0.389884	1.00E-06	0.665305	0	0	0	0	-0.13	0	0.305	0	0	0
2.355	-1.659454	63.405037	9.492037	0.194293	0	-0.387253	1.00E-06	0.707904	0	0	0	0	-0.13	0	0.305	0	0	0
2.356	-1.658012	63.240723	9.178715	0.194293	0	-0.388862	1.00E-06	0.704318	1.00E-06	0	0	0	-0.13	0	0.305	0	0	0
2.357	-1.658012	61.685467	9.178715	0.195301	0	-0.388862	1.00E-06	0.706546	1.00E-06	0	0	0	-0.13	0	0.305	0	0	0
2.358	-1.811548	61.877979	9.413706	0.195301	0	-0.388862	1.00E-06	0.704318	1.00E-06	0	0	0	-0.13	0	0.305	0	0	0
2.359	-1.811548	61.877979	9.570486	0.195887	0	-0.382984	1.00E-06	0.706546	1.00E-06	0	0	0	-0.13	0	0.305	0	0	0
2.36	-1.811548	61.877979	9.413706	0.194374	0	-0.382984	2.00E-06	0.802921	1.00E-06	0	0	0	-0.13	0	0.305	0	0	0
2.361	-1.11161	62.207764	9.335495	0.194309	0	-0.387886	2.00E-06	0.802921	1.00E-06	0	0	0	-0.13	0	0.305	0	0	0
2.362	-1.655848	62.207764	9.256882	0.194309	0	-0.393362	2.00E-06	0.655404	1.00E-06	0	0	0	-0.13	0	0.305	0	0	0
2.363	-1.655848	62.207764	9.022173	0.19527	0	-0.39402	0.00E+00	0.655404	1.00E-06	0	0	0	-0.13	0	0.305	0	0	0
2.364	-1.655848	60.16111	9.022173	0.197585	0	-0.39402	1.00E-06	0.61765	0.00E+00	0	0	0	-0.13	0	0.305	0	0	0
2.365	-1.738749	60.16111	9.022173	0.196055	0	-0.388751	0.00E+00	0.655423	1.00E-06	0	0	0	-0.13	0	0.305	0	0	0
2.366	-1.499422	60.658703	9.100422	0.196055	0	-0.388751	1.00E-06	0.608848	0.00E+00	0	0	0	-0.13	0	0.305	0	0	0
2.367	-1.189461	60.838436	9.335457	0.196055	0	-0.388751	1.00E-06	0.608848	1.00E-06	0	0	0	-0.13	0	0.305	0	0	0
2.368	-1.189461	60.838436	9.335457	0.197896	0	-0.389907	1.00E-06	0.561337	0.00E+00	0	0	0	-0.13	0	0.305	0	0	0
2.369	-1.499422	60.316917	9.022091	0.197896	0	-0.394718	1.00E-06	0.561337	0	0	0	0	-0.13	0	0.305	0	0	0
2.37	-1.499422	59.46489	9.022091	0.197313	0	-0.394718	1.00E-06	0.608107	0	0	0	0	-0.13	0	0.305	0	0	0
2.371	-1.423737	59.46489	9.178753	0.197313	0	-0.387491	2.00E-06	0.625334	0	0	0	0	-0.13	0	0.305	0	0	0
2.372	-1.270199	61.186752	9.178795	0.197512	0	-0.38736	1.00E-06	0.625334	1.00E-06	0	0	0	-0.13	0	0.305	0	0	0
2.373	-1.187296	61.186752	9.72719	0.197512	0	-0.386138	1.00E-06	0.524407	1.00E-06	0	0	0	-0.13	0	0.305	0	0	0
2.374	-1.187296	61.013554	9.178795	0.197512	0	-0.386138	1.00E-06	0.524407	1.00E-06	0	0	0	-0.13	0	0.305	0	0	0
2.375	-1.420849	61.011265	8.943804	0.197653	0	-0.388265	1.00E-06	0.524407	1.00E-06	0	0	0	-0.13	0	0.305	0	0	0
2.376	-1.426622	61.013554	8.943804	0.198894	0	-0.388265	1.00E-06	0.594904	1.00E-06	0	0	0	-0.13	0	0.305	0	0	0
2.377	-1.426622	61.014725	9.335255	0.197979	0	-0.384576	2.00E-06	0.728513	1.00E-06	0	0	0	-0.13	0	0.305	0	0	0
2.378	-1.426622	61.014725	9.492199	0.197979	0	-0.384576	2.00E-06	0.728513	0	0	0	0	-0.13	0	0.305	0	0	0
2.379	-1.346607	62.22049	9.570486	0.197979	0	-0.384576	1.00E-06	0.710347	0	0	0	0	-0.13	0	0.305	0	0	0
2.38	-1.346607	63.592869	9.570486	0.199552	0	-0.386802	0.00E+00	0.557211	1.00E-06	0	0	0	-0.13	0	0.305	0	0	0
2.381	-1.500866	63.592869	9.178753	0.199552	0	-0.387713	0	0.557211	1.00E-06	0	0	0	-0.13	0	0.305	0	0	0
2.382	-1.660175	63.592869	9.178753	0.202773	0	-0.387713	0.00E+00	0.58654	1.00E-06	0	0	0	-0.13	0	0.305	0	0	0
2.383	-1.500866	62.740837	9.178753	0.199764	0	-0.382528	1.00E-06	0.58654	1.00E-06	0	0	0	-0.13	0	0.305	0	0	0
2.384	-1.345163	62.740837	9.257126	0.200112	0	-0.382528	1.00E-06	0.574701	1.00E-06	0	0	0	-0.13	0	0.305	0	0	0
2.385	-1.345163	61.868294	9.257084	0.199764	0	-0.387644	1.00E-06	0.574701	0.00E+00	0	0	0	-0.13	0	0.305	0	0	0
2.386	-1.345163	61.525417	9.413786	0.200087	0	-0.394035	1.00E-06	0.614233	1.00E-06	0	0	0	-0.13	0	0.305	0	0	0
2.387	-1.268034	61.190216	9.413786	0.200087	0	-0.394035	1.00E-06	0.614233	0.00E+00	0	0	0	-0.13	0	0.305	0	0	0
2.388	-1.814434	61.190216	9.413786	0.200148	0	-0.386905	1.00E-06	0.615561	1.00E-06	0	0	0	-0.13	0	0.305	0	0	0
2.389	-1.893007	61.190216	9.335495	0.200148	0	-0.386905	1.00E-06	0.615561	1.00E-06	0	0	0	-0.13	0	0.305	0	0	0
2.39	-1.893007	60.830338	9.022091	0.197643	0	-0.391462	2.00E-06	0.651091	1.00E-06	0	0	0	-0.13	0	0.305	0	0	0
2.391	-1.345163	60.830338	9.022091	0.196779	0	-0.391462	1.00E-06	0.651091	1.00E-06	0	0	0	-0.13	0	0.305	0	0	0
2.392	-1.345163	60.830338	9.335537	0.196779	0	-0.388388	1.00E-06	0.651091	1.00E-06	0	0	0	-0.13	0	0.305	0	0	0
2.393	-1.345163	61.700542	9.492199	0.196779	0	-0.388378	1.00E-06	0.612522	1.00E-06	0	0	0	-0.13	0	0.305	0	0	0
2.394	-1.50231	61.700542	9.492199	0.195646	0	-0.385722	1.00E-06	0.677026	0	0	0	0	-0.13	0	0.305	0	0	0
2.395	-1.348051	61.700542	9.492199	0.19574	0	-0.385722	1.00E-06	0.73971	0	0	0	0	-0.13	0	0.305	0	0	0
2.396	-1.348051	61.342194	9.570448	0.19574	0	-0.390505	1.00E-06	0.73971	0.00E+00	0	0	0	-0.13	0	0.305	0	0	0
2.397	-1.348051	60.318481	9.727108	0.199202	0	-0.391063	1.00E-06	0.714674	1.00E-06	0	0	0	-0.13	0	0.305	0	0	0
2.398	-1.423014	60.134869	9.648859	0.199202	0	-0.391063	2.00E-06	0.640792	1.00E-06	0	0	0	-0.13	0	0.305	0	0	0
2.399	-1.423014	60.134869	10.040512	0.199324	0	-0.388596	2.00E-06	0.536127	1.00E-06	0	0	0	-0.13	0	0.305	0	0	0
2.4	-1.73514	60.653679	9.727148	0.197345	0	-0.388596	2.00E-06	0.640792	1.00E-06	0	0	0	-0.13	0	0.305	0	0	0
2.401	-1.342999	60.653679	10.040512	0.196066	0	-0.389987	2.00E-06	0.536127	1.00E-06	0	0	0	-0.13	0	0.305	0	0	0
2.402	-1.342999	60.140648	9.727148	0.196066	0	-0.391541	1.00E-06	0.491408	0	0	0	0	-0.13	0	0.305	0	0	0
2.403	-1.342999	59.967869	9.962259	0.198279	0	-0.395338	1.00E-06	0.491408	0	0	0	0	-0.13	0	0.305	0	0	0
2.404	-1.267313	57.385437	9.962259	0.198279	0	-0.395338	0	0.577542	0.00E+00	0	0	0	-0.13	0	0.305	0	0	0
2.405	-1.267313	57.385437	10.197493	0.194329	0	-0.389451	0	0.639271	1.00E-06	0	0	0	-0.13	0	0.305	0	0	0
2.406	-1.189461	56.701965	10.197493	0.194165	0	-0.389451	1.00E-06	0.702809	1.00E-06	0	0	0	-0.13	0	0.305	0	0	0
2.407	-1.189461	56.522606	10.353954	0.19342	0	-0.391642	3.00E-06	0.705554	1.00E-06	0	0	0	-0.13	0	0.305	0	0	0
2.408	-1.034481	56.522606	10.275743	0.19342	0	-0.391642	3.00E-06	0.705554	0	0	0	0	-0.13	0	0.305	0	0	0
2.409	-1.420849	56.87207	10.275743	0.194633	0	-0.389943	0	0.671249	0	0	0	0	-0.13	0	0.305	0	0	0
2.41	-0.87878	56.87207	10.040512	0.194802	0	-0.387869	0	0.592982	0	0	0	0	-0.13	0	0.305	0	0	0
2.411	-0.875893	57.56868	9.962381	0.194802	0	-0.386634	1.00E-06	0.570816	0	0	0	0	-0.13	0	0.305	0	0	0
2.412	-0.565933	54.469421	9.962381	0.194802	0	-0.386634	2.00E-06	0.570816	0.00E+00	0	0	0	-0.13	0	0.305	0	0	0
2.413	-0.565933	55.844109	10.197454	0.192367	0	-0.391429	1.00E-06	0.570816	1.00E-06	0	0	0	-0.13	0	0.305	0	0	0
2.414	-0.955189	55.157543	10.197454	0.192367	0	-0.391429	2.00E-06	0.582684	0.00E+00	0	0	0	-0.13	0	0.305	0	0	0
2.415	-0.955189	55.157543	10.040632	0.196627	0	-0.391052	1.00E-06	0.582684	1.00E-06	0	0	0	-0.13	0	0.305	0	0	0
2.416	-0.56521	54.809223	10.040632	0.196627	0	-0.391013	2.00E-06	0.582684	0.00E+00	0	0	0	-0.13	0	0.305	0	0	0
2.417	-0.564489	54.809223	10.040632	0.196627	0	-0.391013	1.00E-06	0.524449	0	0	0	0	-0.13	0	0.305	0	0	0
2.418	-0.40518	54.975834	10.354034	0.19665	0	-0.391013	2.00E-06	0.45476	0	0	0	0	-0.13	0	0.305	0	0	0
2.419	-0.40518	54.980469	10.354116	0.197161	0	-0.394684	1.00E-06	0.435061	0.00E+00	0	0	0	-0.13	0	0.305	0	0	0
2.42	-0.40518	54.975834	10.589108	0.198724	0	-0.394684	0	0.435061	1.00E-06	0	0	0	-0.13	0	0.305	0	0	0
2.421	-0.252365	54.980469	10.589108	0.198724	0	-0.38863	0	0.510856	1.00E-06	0	0	0	-0.13	0	0.305	0	0	0
2.422	-0.252365	54.826225	10.432365	0.20017	0	-0.388329	1.00E-06	0.510856	1.00E-06	0	0	0	-0.13	0	0.305	0	0	0
2.423	-0.252365	55.498131	10.354034	0.196595	0	-0.388329	1.00E-06	0.58507	0	0	0	0	-0.13	0	0.305	0	0	0
2.424	-0.253807	54.826225	10.354034	0.196595	0	-0.391753	1.00E-06	0.551771	0	0	0	0	-0.13	0	0.305	0	0	0
2.425	-0.253807	53.77356	10.354073	0.196595	0	-0.391753	1.00E-06	0.551771	1.00E-06	0	0	0	-0.13	0	0.305	0	0	0
2.426	-0.72019	53.77356	10.510653	0.197142	0	-0.389702	1.00E-06	0.551771	1.00E-06	0	0	0	-0.13	0	0.305	0	0	0
2.427	-0.643784	54.296242	10.511059	0.197142	0	-0.382481	1.00E-06	0.615303	1.00E-06	0	0	0	-0.13	0	0.305	0	0	0
2.428	-0.643784	54.296242	10.510653	0.19484	0	-0.382481	1.00E-06	0.615303	1.00E-06	0	0	0	-0.13	0	0.305	0	0	0
2.429	-0.018812	54.296242	10.432524	0.19484	0	-0.387184	1.00E-06	0.584	1.00E-06	0	0	0	-0.13	0	0.305	0	0	0
2.43	-0.018812	54.122269	10.432524	0.19484	0	-0.387835	1.00E-06	0.584	1.00E-06	0	0	0	-0.13	0	0.305	0	0	0
2.431	-0.252365	54.113396	10.745808	0.198238	0	-0.387835	1.00E-06	0.664625	0.00E+00	0	0	0	-0.13	0	0.305	0	0	0
2.432	-0.645227	54.113396	10.745808	0.198302	0	-0.386655	1.00E-06	0.664625	0	0	0	0	-0.13	0	0.305	0	0	0
2.433	-0.645227	54.638371	10.824219	0.198302	0	-0.384962	1.00E-06	0.657572	0	0	0	0	-0.13	0	0.305	0	0	0
2.434	-0.408787	54.645683	10.667439	0.198863	0	-0.384962	2.00E-06	0.633576	0	0	0	0	-0.13	0	0.305	0	0	0
2.435	-0.2502	55.333061	10.667439	0.198863	0	-0.384251	2.00E-06	0.588325	0	0	0	0	-0.13	0	0.305	0	0	0
2.436	-0.2502	55.333061	10.589228	0.199708	0	-0.384251	2.00E-06	0.465111	1.00E-06	0	0	0	-0.13	0	0.305	0	0	0
2.437	-0.329493	54.296612	10.589228	0.199708	0	-0.386784	2.00E-06	0.45354	1.00E-06	0	0	0	-0.13	0	0.305	0	0	0
2.438	-0.485195	54.296612	10.824339	0.199469	0	-0.39429	2.00E-06	0.465111	1.00E-06	0	0	0	-0.13	0	0.305	0	0	0
2.439	-0.408787	55.150982	11.607605	0.196044	0	-0.387856	2.00E-06	0.660836	1.00E-06	0	0	0	-0.13	0	0.305	0	0	0
2.44	-0.408787	55.837574	11.607605	0.196044	0	-0.387856	1.00E-06	0.660836	1.00E-06	0	0	0	-0.13	0	0.305	0	0	0
2.441	0.061926	55.837574	10.90263	0.197381	0	-0.387724	1.00E-06	0.597036	1.00E-06	0	0	0	-0.13	0	0.305	0	0	0
2.442	0.061926	55.837574	10.824419	0.199832	0	-0.387724	1.00E-06	0.507227	0.00E+00	0	0	0	-0.13	0	0.305	0	0	0
2.443	-0.253807	55.494637	10.90263	0.199832	0	-0.387724	1.00E-06	0.492236	0	0	0	0	-0.13	0	0.305	0	0	0
2.444	-0.484472	55.494637	10.824419	0.198933	0	-0.383572	2.00E-06	0.507227	0	0	0	0	-0.13	0	0.305	0	0	0
2.445	-0.564489	54.478691	11.05921	0.197473	0	-0.383572	2.00E-06	0.58592	0.00E+00	0	0	0	-0.13	0	0.305	0	0	0
2.446	-0.723078	53.950245	11.059248	0.196818	0	-0.384567	0	0.683004	1.00E-06	0	0	0	-0.13	0	0.305	0	0	0
2.447	-0.564489	53.950245	11.059248	0.196098	0	-0.388343	0	0.683004	0.00E+00	0	0	0	-0.13	0	0.305	0	0	0
2.448	-0.404457	53.950245	10.981081	0.196818	0	-0.386832	1.00E-06	0.452167	1.00E-06	0	0	0	-0.13	0	0.305	0	0	0
2.449	-0.330215	53.787067	10.981081	0.199092	0	-0.386832	1.00E-06	0.452167	0.00E+00	0	0	0	-0.13	0	0.305	0	0	0
2.45	-0.330215	53.775124	11.137621	0.199092	0	-0.385432	1.00E-06	0.52843	1.00E-06	0	0	0	-0.13	0	0.305	0	0	0
2.451	-0.407345	53.089703	11.137661	0.198234	0	-0.385417	1.00E-06	0.569834	1.00E-06	0	0	0	-0.13	0	0.305	0	0	0
2.452	-0.485918	53.089703	11.529474	0.197804	0	-0.384144	1.00E-06	0.569834	1.00E-06	0	0	0	-0.13	0	0.305	0	0	0
2.453	-0.407345	53.089703	11.529474	0.195645	0	-0.384144	1.00E-06	0.494932	0	0	0	0	-0.13	0	0.305	0	0	0
2.454	-0.172348	52.735184	11.294241	0.195645	0	-0.390675	1.00E-06	0.493906	0	0	0	0	-0.13	0	0.305	0	0	0
2.455	-0.172348	51.373978	11.294241	0.195645	0	-0.390675	1.00E-06	0.493906	1.00E-06	0	0	0	-0.13	0	0.305	0	0	0
2.456	-0.172348	51.373978	11.372694	0.198964	0	-0.390595	1.00E-06	0.5107	1.00E-06	0	0	0	-0.13	0	0.305	0	0	0
2.457	-0.017366	51.712273	11.529394	0.198964	0	-0.390303	1.00E-06	0.534086	1.00E-06	0	0	0	-0.13	0	0.305	0	0	0
2.458	0.060484	52.047081	11.529394	0.196772	0	-0.38957	1.00E-06	0.534086	1.00E-06	0	0	0	-0.13	0	0.305	0	0	0
2.459	0.060484	51.712273	11.686136	0.194785	0	-0.389503	1.00E-06	0.534086	1.00E-06	0	0	0	-0.13	0	0.305	0	0	0
2.46	0.060484	50.33873	11.842878	0.194785	0	-0.389503	1.00E-06	0.531485	1.00E-06	0	0	0	-0.13	0	0.305	0	0	0
2.461	-0.172348	50.33873	12.077951	0.196678	0	-0.387195	0.00E+00	0.489507	1.00E-06	0	0	0	-0.13	0	0.305	0	0	0
2.462	-0.172348	50.33873	12.1562	0.196678	0	-0.387195	1.00E-06	0.489507	0.00E+00	0	0	0	-0.13	0	0.305	0	0	0
2.463	0.137611	50.339508	12.077951	0.195513	0	-0.387195	1.00E-06	0.530552	0	0	0	0	-0.13	0	0.305	0	0	0
2.464	0.137611	50.336021	11.999578	0.195513	0	-0.386368	1.00E-06	0.530552	0	0	0	0	-0.13	0	0.305	0	0	0
2.465	0.137611	50.336021	11.999578	0.196555	0	-0.386368	1.00E-06	0.484842	0	0	0	0	-0.13	0	0.305	0	0	0
2.466	0.137611	49.809505	11.999458	0.196758	0	-0.389951	1.00E-06	0.475624	0	0	0	0	-0.13	0	0.305	0	0	0
2.467	0.137611	49.649845	11.842999	0.196555	0	-0.389951	2.00E-06	0.398268	0.00E+00	0	0	0	-0.13	0	0.305	0	0	0
2.468	0.140499	48.103832	11.764505	0.196968	0	-0.386664	2.00E-06	0.398268	0	0	0	0	-0.13	0	0.305	0	0	0
2.469	0.296202	49.649845	11.842999	0.196029	0	-0.384141	1.00E-06	0.508647	0	0	0	0	-0.13	0	0.305	0	0	0
2.47	0.296202	49.811798	11.764347	0.195589	0	-0.386664	1.00E-06	0.522613	0	0	0	0	-0.13	0	0.305	0	0	0
2.471	0.294756	49.811798	12.469643	0.195025	0	-0.394516	1.00E-06	0.508647	1.00E-06	0	0	0	-0.13	0	0.305	0	0	0
2.472	0.294756	49.148792	12.156321	0.195025	0	-0.394516	1.00E-06	0.489496	1.00E-06	0	0	0	-0.13	0	0.305	0	0	0
2.473	0.374052	49.148792	12.156321	0.200805	0	-0.378171	1.00E-06	0.40288	1.00E-06	0	0	0	-0.13	0	0.305	0	0	0
2.474	0.606161	49.148792	12.156321	0.200805	0	-0.378171	1.00E-06	0.40288	0.00E+00	0	0	0	-0.13	0	0.305	0	0	0
2.475	0.606161	48.953205	12.156239	0.199456	0	-0.388576	0.00E+00	0.514965	0	0	0	0	-0.13	0	0.305	0	0	0
2.476	0.686176	48.431305	12.23457	0.196132	0	-0.390225	0	0.514965	0	0	0	0	-0.13	0	0.305	0	0	0
2.477	0.686176	47.587368	12.23469	0.19844	0	-0.390225	0	0.514965	0	0	0	0	-0.13	0	0.305	0	0	0
2.478	0.686176	48.431305	12.312819	0.19844	0	-0.385299	0.00E+00	0.426855	0.00E+00	0	0	0	-0.13	0	0.305	0	0	0
2.479	0.763308	49.477409	12.312819	0.19844	0	-0.385299	1.00E-06	0.533035	1.00E-06	0	0	0	-0.13	0	0.305	0	0	0
2.48	0.763308	49.477409	12.234612	0.196344	0	-0.385793	0.00E+00	0.565081	0.00E+00	0	0	0	-0.13	0	0.305	0	0	0
2.481	0.843321	49.477409	11.999258	0.196344	0	-0.385793	1.00E-06	0.565081	0	0	0	0	-0.13	0	0.305	0	0	0
2.482	0.449738	49.306553	11.843079	0.199588	0	-0.379942	1.00E-06	0.346519	0	0	0	0	-0.13	0	0.305	0	0	0
2.483	0.531197	49.306553	11.843079	0.199588	0	-0.379942	1.00E-06	0.346519	1.00E-06	0	0	0	-0.13	0	0.305	0	0	0
2.484	0.295479	49.306553	11.921247	0.199588	0	-0.379942	1.00E-06	0.346519	1.00E-06	0	0	0	-0.13	0	0.305	0	0	0
2.485	0.531197	49.656799	11.999458	0.19662	0	-0.374615	1.00E-06	0.464867	1.00E-06	0	0	0	-0.13	0	0.305	0	0	0
2.486	0.76475	49.656799	11.921247	0.196358	0	-0.374615	1.00E-06	0.466791	0.00E+00	0	0	0	-0.13	0	0.305	0	0	0
2.487	0.76475	48.797371	11.607763	0.196358	0	-0.384587	1.00E-06	0.466791	0	0	0	0	-0.13	0	0.305	0	0	0
2.488	0.609768	48.440987	11.607763	0.196358	0	-0.384587	1.00E-06	0.466791	0	0	0	0	-0.13	0	0.305	0	0	0
2.489	0.061926	48.440987	12.156158	0.197576	0	-0.384587	0.00E+00	0.49314	0.00E+00	0	0	0	-0.13	0	0.305	0	0	0
2.49	0.061926	48.440987	12.156158	0.197576	0	-0.383116	1.00E-06	0.49314	0	0	0	0	-0.13	0	0.305	0	0	0
2.491	0.60544	49.318111	11.372652	0.197576	0	-0.385452	1.00E-06	0.49314	0	0	0	0	-0.13	0	0.305	0	0	0
2.492	0.764027	50.161285	11.372652	0.206424	0	-0.385703	1.00E-06	0.418423	0.00E+00	0	0	0	-0.13	0	0.305	0	0	0
2.493	0.60544	50.161285	11.686136	0.20192	0	-0.387574	1.00E-06	0.426755	0	0	0	0	-0.13	0	0.305	0	0	0
2.494	0.529032	49.131794	12.23465	0.20192	0	-0.387574	1.00E-06	0.426755	0	0	0	0	-0.13	0	0.305	0	0	0
2.495	0.529032	48.967503	12.39115	0.201567	0	-0.387574	1.00E-06	0.426755	0	0	0	0	-0.13	0	0.305	0	0	0
2.496	0.372608	48.967503	12.626141	0.201417	0	-0.382853	1.00E-06	0.434173	1.00E-06	0	0	0	-0.13	0	0.305	0	0	0
2.497	0.372608	48.967503	12.626141	0.197756	0	-0.382853	1.00E-06	0.513335	1.00E-06	0	0	0	-0.13	0	0.305	0	0	0
2.498	0.372608	47.930664	12.547974	0.197756	0	-0.382997	1.00E-06	0.513335	1.00E-06	0	0	0	-0.13	0	0.305	0	0	0
2.499	0.76475	47.930664	12.469761	0.200185	0	-0.384678	1.00E-06	0.365866	1.00E-06	0	0	0	-0.13	0	0.305	0	0	0
2.5	0.76475	47.930664	12.312943	0.200185	0	-0.384932	1.00E-06	0.365866	0.00E+00	0	0	0	-0.13	0	0.305	0	0	0
2.501	0.374052	48.783527	12.469761	0.200067	0	-0.384932	1.00E-06	0.494551	0	0	0	0	-0.13	0	0.305	0	0	0
2.502	0.372608	48.783527	12.469442	0.199673	0	-0.387698	1.00E-06	0.587961	0	0	0	0	-0.13	0	0.305	0	0	0
2.503	0.214741	48.783527	12.704754	0.197378	0	-0.386764	2.00E-06	0.593311	0	0	0	0	-0.13	0	0.305	0	0	0
2.504	0.372608	48.435959	12.469442	0.197378	0	-0.394071	2.00E-06	0.593311	0	0	0	0	-0.13	0	0.305	0	0	0
2.505	0.531197	48.435959	12.861334	0.197378	0	-0.388981	1.00E-06	0.593311	0	0	0	0	-0.13	0	0.305	0	0	0
2.506	0.609047	45.172348	12.861334	0.199019	0	-0.390825	1.00E-06	0.534538	0.00E+00	0	0	0	-0.13	0	0.305	0	0	0
2.507	0.684734	48.267395	12.861334	0.200255	0	-0.388981	1.00E-06	0.434614	0	0	0	0	-0.13	0	0.305	0	0	0
2.508	0.684734	48.267395	12.626223	0.199019	0	-0.390825	1.00E-06	0.534538	0	0	0	0	-0.13	0	0.305	0	0	0
2.509	0.684734	48.267395	12.626223	0.195056	0	-0.393648	1.00E-06	0.542686	1.00E-06	0	0	0	-0.13	0	0.305	0	0	0
2.51	0.684734	48.27047	12.626343	0.195056	0	-0.393648	0.00E+00	0.542686	1.00E-06	0	0	0	-0.13	0	0.305	0	0	0
2.511	0.530474	47.742027	13.017956	0.200159	0	-0.393648	1.00E-06	0.446885	0	0	0	0	-0.13	0	0.305	0	0	0
2.512	0.529755	46.716022	12.939787	0.200159	0	-0.389474	0.00E+00	0.446885	0	0	0	0	-0.13	0	0.305	0	0	0
2.513	0.529755	46.716022	12.939787	0.19545	0	-0.388433	1.00E-06	0.49347	1.00E-06	0	0	0	-0.13	0	0.305	0	0	0
2.514	0.529755	47.056244	12.939787	0.194927	0	-0.384753	0.00E+00	0.621843	1.00E-06	0	0	0	-0.13	0	0.305	0	0	0
2.515	0.529755	47.056244	12.782965	0.19545	0	-0.384753	2.00E-06	0.621843	0	0	0	0	-0.13	0	0.305	0	0	0
2.516	0.924059	47.056244	13.018038	0.197072	0	-0.384753	1.00E-06	0.406952	0	0	0	0	-0.13	0	0.305	0	0	0
2.517	0.924059	46.37426	12.861256	0.198338	0	-0.390755	1.00E-06	0.375138	0	0	0	0	-0.13	0	0.305	0	0	0
2.518	1.309706	46.371605	13.174856	0.198338	0	-0.382782	1.00E-06	0.406952	1.00E-06	0	0	0	-0.13	0	0.305	0	0	0
2.519	1.309706	46.371605	12.939665	0.195651	0	-0.38381	1.00E-06	0.418833	1.00E-06	0	0	0	-0.13	0	0.305	0	0	0
2.52	1.309706	46.371605	12.939665	0.195572	0	-0.38381	0.00E+00	0.418833	1.00E-06	0	0	0	-0.13	0	0.305	0	0	0
2.521	1.625441	45.672623	12.861414	0.195651	0	-0.390795	1.00E-06	0.418833	0	0	0	0	-0.13	0	0.305	0	0	0
2.522	1.235462	45.672623	12.861414	0.196537	0	-0.390795	2.00E-06	0.420003	0	0	0	0	-0.13	0	0.305	0	0	0
2.523	0.920452	45.51757	13.096449	0.196537	0	-0.387756	2.00E-06	0.598483	1.00E-06	0	0	0	-0.13	0	0.305	0	0	0
2.524	0.920452	45.685772	13.096449	0.195047	0	-0.386235	0	0.598483	1.00E-06	0	0	0	-0.13	0	0.305	0	0	0
2.525	1.623995	45.685772	13.096449	0.195047	0	-0.385774	0	0.506138	0	0	0	0	-0.13	0	0.305	0	0	0
2.526	1.623995	45.685772	12.782927	0.195047	0	-0.385774	2.00E-06	0.506138	0	0	0	0	-0.13	0	0.305	0	0	0
2.527	1.701126	45.50177	13.018076	0.195958	0	-0.385774	2.00E-06	0.492166	0	0	0	0	-0.13	0	0.305	0	0	0
2.528	1.389	45.50177	13.018076	0.195958	0	-0.386764	0	0.492166	0	0	0	0	-0.13	0	0.305	0	0	0
2.529	1.699682	45.001888	13.018076	0.195958	0	-0.386764	0	0.492166	0.00E+00	0	0	0	-0.13	0	0.305	0	0	0
2.53	1.699682	46.724144	13.017918	0.194421	0	-0.386764	1.00E-06	0.570646	0	0	0	0	-0.13	0	0.305	0	0	0
2.531	1.699682	46.724144	12.783003	0.194421	0	-0.387526	1.00E-06	0.570646	0	0	0	0	-0.13	0	0.305	0	0	0
2.532	1.779697	46.724144	13.017918	0.194421	0	-0.381974	1.00E-06	0.487634	0	0	0	0	-0.13	0	0.305	0	0	0
2.533	1.623276	45.684597	12.861458	0.195629	0	-0.387526	1.00E-06	0.4705	0	0	0	0	-0.13	0	0.305	0	0	0
2.534	1.31115	45.684597	12.861458	0.19774	0	-0.387447	2.00E-06	0.411179	0.00E+00	0	0	0	-0.13	0	0.305	0	0	0
2.535	1.155447	46.028313	12.861458	0.19774	0	-0.387447	2.00E-06	0.411179	0	0	0	0	-0.13	0	0.305	0	0	0
2.536	1.155447	46.206482	13.096449	0.19774	0	-0.382379	2.00E-06	0.459628	0	0	0	0	-0.13	0	0.305	0	0	0
2.537	1.623276	46.370434	13.331398	0.194244	0	-0.382379	1.00E-06	0.525678	0	0	0	0	-0.13	0	0.305	0	0	0
2.538	1.623276	46.370434	13.33144	0.194244	0	-0.382725	1.00E-06	0.525678	1.00E-06	0	0	0	-0.13	0	0.305	0	0	0
2.539	1.545424	46.370434	13.566431	0.194244	0	-0.382725	1.00E-06	0.525678	1.00E-06	0	0	0	-0.13	0	0.305	0	0	0
2.54	1.46685	46.555191	13.566431	0.198641	0	-0.380406	1.00E-06	0.557055	1.00E-06	0	0	0	-0.13	0	0.305	0	0	0
2.541	1.154724	46.721825	13.566551	0.198641	0	-0.379995	1.00E-06	0.54511	1.00E-06	0	0	0	-0.13	0	0.305	0	0	0
2.542	1.154724	47.231758	13.8015	0.198641	0	-0.379978	2.00E-06	0.54511	1.00E-06	0	0	0	-0.13	0	0.305	0	0	0
2.543	1.308264	47.231758	13.8015	0.195195	0	-0.379995	2.00E-06	0.54511	1.00E-06	0	0	0	-0.13	0	0.305	0	0	0
2.544	1.31115	46.031746	13.64492	0.19745	0	-0.387541	2.00E-06	0.515234	0	0	0	0	-0.13	0	0.305	0	0	0
2.545	1.31115	46.031746	13.64492	0.19745	0	-0.387541	0	0.668798	0	0	0	0	-0.13	0	0.305	0	0	0
2.546	1.31115	48.278198	13.723169	0.200132	0	-0.383478	0	0.552651	0	0	0	0	-0.13	0	0.305	0	0	0
2.547	0.840435	48.278198	13.879673	0.200132	0	-0.381087	1.00E-06	0.717786	0	0	0	0	-0.13	0	0.305	0	0	0
2.548	0.840435	48.611084	13.801542	0.195748	0	-0.379984	2.00E-06	0.552651	0.00E+00	0	0	0	-0.13	0	0.305	0	0	0
2.549	0.919729	48.947403	13.801542	0.195748	0	-0.379984	2.00E-06	0.485816	1.00E-06	0	0	0	-0.13	0	0.305	0	0	0
2.55	1.386835	48.947403	13.488102	0.198519	0	-0.385349	2.00E-06	0.485816	0.00E+00	0	0	0	-0.13	0	0.305	0	0	0
2.551	0.919729	47.399151	13.488102	0.200832	0	-0.386743	1.00E-06	0.497105	1.00E-06	0	0	0	-0.13	0	0.305	0	0	0
2.552	0.763308	47.399151	13.566431	0.198785	0	-0.385349	0.00E+00	0.502233	1.00E-06	0	0	0	-0.13	0	0.305	0	0	0
2.553	0.763308	47.750542	13.644882	0.198785	0	-0.383725	1.00E-06	0.502233	1.00E-06	0	0	0	-0.13	0	0.305	0	0	0
2.554	1.155447	48.087666	13.644882	0.197562	0	-0.383303	1.00E-06	0.476141	0	0	0	0	-0.13	0	0.305	0	0	0
2.555	1.155447	47.750542	13.331398	0.197092	0	-0.383303	1.00E-06	0.476141	0	0	0	0	-0.13	0	0.305	0	0	0
2.556	1.155447	46.196457	13.331398	0.197562	0	-0.388268	1.00E-06	0.476141	0	0	0	0	-0.13	0	0.305	0	0	0
2.557	1.000467	46.196457	13.644762	0.198869	0	-0.388268	0.00E+00	0.494506	0	0	0	0	-0.13	0	0.305	0	0	0
2.558	0.686176	47.055466	13.644762	0.198869	0	-0.387885	1.00E-06	0.537031	0.00E+00	0	0	0	-0.13	0	0.305	0	0	0
2.559	0.686176	47.406075	13.644762	0.196972	0	-0.38713	1.00E-06	0.60168	1.00E-06	0	0	0	-0.13	0	0.305	0	0	0
2.56	0.686176	47.57349	13.644882	0.19607	0	-0.38713	1.00E-06	0.601312	0.00E+00	0	0	0	-0.13	0	0.305	0	0	0
2.561	1.076153	47.57349	13.723051	0.19607	0	-0.389421	1.00E-06	0.601312	0	0	0	0	-0.13	0	0.305	0	0	0
2.562	0.999744	46.882263	13.801582	0.19607	0	-0.389443	1.00E-06	0.533146	0	0	0	0	-0.13	0	0.305	0	0	0
2.563	0.999744	46.882263	13.801582	0.197853	0	-0.389443	2.00E-06	0.533146	1.00E-06	0	0	0	-0.13	0	0.305	0	0	0
2.564	0.843321	46.368481	14.036415	0.197853	0	-0.391618	1.00E-06	0.634006	1.00E-06	0	0	0	-0.13	0	0.305	0	0	0
2.565	0.843321	47.056221	14.114946	0.196546	0	-0.391618	1.00E-06	0.634006	1.00E-06	0	0	0	-0.13	0	0.305	0	0	0
2.566	0.920452	47.749397	14.193033	0.196546	0	-0.395733	1.00E-06	0.571943	1.00E-06	0	0	0	-0.13	0	0.305	0	0	0
2.567	0.920452	47.749397	14.114946	0.197087	0	-0.393431	1.00E-06	0.529426	0.00E+00	0	0	0	-0.13	0	0.305	0	0	0
2.568	0.920452	47.411514	13.723293	0.197087	0	-0.393431	1.00E-06	0.529426	0	0	0	0	-0.13	0	0.305	0	0	0
2.569	0.920452	46.538609	13.566351	0.196112	0	-0.384634	1.00E-06	0.534113	0	0	0	0	-0.13	0	0.305	0	0	0
2.57	0.920452	46.538609	13.566351	0.19578	0	-0.380069	1.00E-06	0.534113	0	0	0	0	-0.13	0	0.305	0	0	0
2.571	1.078318	46.538609	13.409771	0.195164	0	-0.384634	1.00E-06	0.508478	0	0	0	0	-0.13	0	0.305	0	0	0
2.572	1.156889	45.688477	14.036573	0.194796	0	-0.389958	1.00E-06	0.477444	1.00E-06	0	0	0	-0.13	0	0.305	0	0	0
2.573	1.078318	45.665672	13.723213	0.194188	0	-0.393252	1.00E-06	0.477444	1.00E-06	0	0	0	-0.13	0	0.305	0	0	0
2.574	1.073988	45.665672	13.879873	0.193727	0	-0.393252	1.00E-06	0.490105	1.00E-06	0	0	0	-0.13	0	0.305	0	0	0
2.575	0.99758	46.363094	13.723213	0.193727	0	-0.388426	1.00E-06	0.669235	1.00E-06	0	0	0	-0.13	0	0.305	0	0	0
2.576	1.073988	46.363094	13.644762	0.193629	0	-0.388426	1.00E-06	0.669235	1.00E-06	0	0	0	-0.13	0	0.305	0	0	0
2.577	1.31115	46.363094	13.644762	0.193629	0	-0.388426	1.00E-06	0.632856	1.00E-06	0	0	0	-0.13	0	0.305	0	0	0
2.578	1.31115	46.533951	13.644882	0.193833	0	-0.393906	1.00E-06	0.624132	1.00E-06	0	0	0	-0.13	0	0.305	0	0	0
2.579	1.001188	46.540146	13.801424	0.194393	0	-0.385638	1.00E-06	0.573733	1.00E-06	0	0	0	-0.13	0	0.305	0	0	0
2.58	0.761862	47.059708	13.644882	0.197181	0	-0.385831	1.00E-06	0.47052	0.00E+00	0	0	0	-0.13	0	0.305	0	0	0
2.581	0.686899	47.059708	13.409771	0.197181	0	-0.385831	1.00E-06	0.47052	1.00E-06	0	0	0	-0.13	0	0.305	0	0	0
2.582	0.686899	46.536652	13.409771	0.193	0	-0.385831	1.00E-06	0.523491	1.00E-06	0	0	0	-0.13	0	0.305	0	0	0
2.583	0.609047	46.536652	13.33144	0.193	0	-0.385699	0.00E+00	0.523491	1.00E-06	0	0	0	-0.13	0	0.305	0	0	0
2.584	0.999023	46.364239	13.644882	0.197183	0	-0.385699	1.00E-06	0.478435	1.00E-06	0	0	0	-0.13	0	0.305	0	0	0
2.585	0.919008	46.539364	13.33144	0.197183	0	-0.389253	1.00E-06	0.478435	1.00E-06	0	0	0	-0.13	0	0.305	0	0	0
2.586	0.999023	46.539364	13.4879	0.197183	0	-0.389253	1.00E-06	0.579753	1.00E-06	0	0	0	-0.13	0	0.305	0	0	0
2.587	1.154724	46.539364	13.409647	0.195227	0	-0.389253	1.00E-06	0.579753	1.00E-06	0	0	0	-0.13	0	0.305	0	0	0
2.588	1.311871	47.227486	13.4879	0.197586	0	-0.389085	1.00E-06	0.531142	0.00E+00	0	0	0	-0.13	0	0.305	0	0	0
2.589	1.311871	47.229416	13.409647	0.195907	0	-0.389328	1.00E-06	0.531142	0	0	0	0	-0.13	0	0.305	0	0	0
2.59	0.99758	47.229416	13.80138	0.197226	0	-0.387127	2.00E-06	0.503745	0	0	0	0	-0.13	0	0.305	0	0	0
2.591	0.996138	47.229416	13.252987	0.195935	0	-0.387127	2.00E-06	0.595947	0.00E+00	0	0	0	-0.13	0	0.305	0	0	0
2.592	0.920452	47.5793	13.174618	0.197226	0	-0.378598	1.00E-06	0.571237	1.00E-06	0	0	0	-0.13	0	0.305	0	0	0
2.593	0.996138	47.59203	12.861296	0.195935	0	-0.378598	1.00E-06	0.571237	0.00E+00	0	0	0	-0.13	0	0.305	0	0	0
2.594	0.99758	48.101151	12.861134	0.199307	0	-0.38493	1.00E-06	0.570553	1.00E-06	0	0	0	-0.13	0	0.305	0	0	0
2.595	0.99758	48.101151	12.861296	0.197434	0	-0.390367	1.00E-06	0.570553	1.00E-06	0	0	0	-0.13	0	0.305	0	0	0
2.596	0.761143	48.101151	13.096449	0.197948	0	-0.38493	1.00E-06	0.566987	1.00E-06	0	0	0	-0.13	0	0.305	0	0	0
2.597	0.375496	48.446396	13.331398	0.197948	0	-0.382303	1.00E-06	0.537551	0	0	0	0	-0.13	0	0.305	0	0	0
2.598	0.372608	48.617256	13.331398	0.197948	0	-0.382303	1.00E-06	0.537551	0	0	0	0	-0.13	0	0.305	0	0	0
2.599	0.372608	48.597961	13.331398	0.194734	0	-0.383709	0	0.712675	0.00E+00	0	0	0	-0.13	0	0.305	0	0	0
2.6	0.294756	49.474335	13.566269	0.194734	0	-0.383709	0	0.712675	1.00E-06	0	0	0	-0.13	0	0.305	0	0	0
2.601	0.294756	48.597961	13.566269	0.195826	0	-0.38929	1.00E-06	0.654746	1.00E-06	0	0	0	-0.13	0	0.305	0	0	0
2.602	0.294756	48.08493	13.33124	0.198939	0	-0.389925	1.00E-06	0.654746	1.00E-06	0	0	0	-0.13	0	0.305	0	0	0
2.603	0.13689	48.08493	13.33124	0.198939	0	-0.389925	0	0.664871	1.00E-06	0	0	0	-0.13	0	0.305	0	0	0
2.604	0.295479	49.973068	13.487978	0.196184	0	-0.386879	0	0.664871	0.00E+00	0	0	0	-0.13	0	0.305	0	0	0
2.605	0.295479	49.973068	13.64472	0.196184	0	-0.385423	1.00E-06	0.634292	0	0	0	0	-0.13	0	0.305	0	0	0
2.606	0.374052	49.814922	13.801542	0.197554	0	-0.385423	1.00E-06	0.489749	0	0	0	0	-0.13	0	0.305	0	0	0
2.607	0.374052	48.777306	13.64472	0.197554	0	-0.384461	0	0.489749	0.00E+00	0	0	0	-0.13	0	0.305	0	0	0
2.608	0.296202	48.772331	13.801542	0.196162	0	-0.384461	0	0.59512	1.00E-06	0	0	0	-0.13	0	0.305	0	0	0
2.609	0.21402	48.772331	13.331278	0.196162	0	-0.384461	2.00E-06	0.59512	0.00E+00	0	0	0	-0.13	0	0.305	0	0	0
2.61	0.21402	50.498024	13.64472	0.191477	0	-0.383214	2.00E-06	0.754627	1.00E-06	0	0	0	-0.13	0	0.305	0	0	0
2.611	0.295479	50.498024	13.409647	0.192522	0	-0.388204	1.00E-06	0.64492	1.00E-06	0	0	0	-0.13	0	0.305	0	0	0
2.612	0.295479	50.497635	13.488058	0.192522	0	-0.389423	1.00E-06	0.64492	1.00E-06	0	0	0	-0.13	0	0.305	0	0	0
2.613	0.059038	49.453873	13.488058	0.193243	0	-0.389423	1.00E-06	0.608396	1.00E-06	0	0	0	-0.13	0	0.305	0	0	0
2.614	0.059038	48.947819	13.723093	0.196079	0	-0.385774	1.00E-06	0.582964	0	0	0	0	-0.13	0	0.305	0	0	0
2.615	-0.016647	48.947819	13.723093	0.194284	0	-0.385691	1.00E-06	0.582964	0	0	0	0	-0.13	0	0.305	0	0	0
2.616	-0.016647	49.645966	13.723093	0.194284	0	-0.385691	1.00E-06	0.7221	0	0	0	0	-0.13	0	0.305	0	0	0
2.617	-0.016647	49.963413	13.723011	0.194284	0	-0.393172	1.00E-06	0.7221	0	0	0	0	-0.13	0	0.305	0	0	0
2.618	0.217628	49.978825	13.723011	0.195402	0	-0.393172	1.00E-06	0.618014	1.00E-06	0	0	0	-0.13	0	0.305	0	0	0
2.619	0.217628	49.978825	13.723011	0.195402	0	-0.393159	1.00E-06	0.618014	1.00E-06	0	0	0	-0.13	0	0.305	0	0	0
2.62	-0.017366	47.910591	13.723093	0.19269	0	-0.391642	0	0.689774	0	0	0	0	-0.13	0	0.305	0	0	0
2.621	-0.485918	47.737423	13.801424	0.19269	0	-0.393159	0	0.689774	0	0	0	0	-0.13	0	0.305	0	0	0
2.622	-0.328772	47.737423	13.801424	0.191926	0	-0.396254	1.00E-06	0.682985	0	0	0	0	-0.13	0	0.305	0	0	0
2.623	-0.328772	47.573074	13.801424	0.19273	0	-0.396254	1.00E-06	0.627445	0	0	0	0	-0.13	0	0.305	0	0	0
2.624	-0.250919	49.448845	13.8015	0.195348	0	-0.396254	1.00E-06	0.567745	0.00E+00	0	0	0	-0.13	0	0.305	0	0	0
2.625	-0.250919	49.115234	13.8015	0.195348	0	-0.394091	1.00E-06	0.567745	0	0	0	0	-0.13	0	0.305	0	0	0
2.626	-0.485918	49.115234	14.036373	0.19208	0	-0.388202	1.00E-06	0.733105	0	0	0	0	-0.13	0	0.305	0	0	0
2.627	-0.485918	49.115234	14.036373	0.190082	0	-0.388202	1.00E-06	0.74326	1.00E-06	0	0	0	-0.13	0	0.305	0	0	0
2.628	-0.249477	49.116745	13.879711	0.19208	0	-0.391561	0.00E+00	0.733105	1.00E-06	0	0	0	-0.13	0	0.305	0	0	0
2.629	0.059038	49.462357	13.879711	0.194447	0	-0.391561	0	0.582254	1.00E-06	0	0	0	-0.13	0	0.305	0	0	0
2.63	-0.249477	49.462357	14.193075	0.196615	0	-0.389143	0	0.582254	1.00E-06	0	0	0	-0.13	0	0.305	0	0	0
2.631	-0.797321	49.462357	14.193075	0.196615	0	-0.383338	0.00E+00	0.625633	1.00E-06	0	0	0	-0.13	0	0.305	0	0	0
2.632	-0.797321	49.977287	14.036133	0.193634	0	-0.383338	1.00E-06	0.684322	0	0	0	0	-0.13	0	0.305	0	0	0
2.633	-0.485918	49.977287	14.036133	0.193634	0	-0.388439	1.00E-06	0.686763	0	0	0	0	-0.13	0	0.305	0	0	0
2.634	-0.016647	49.977287	14.036415	0.192138	0	-0.391895	1.00E-06	0.686763	0	0	0	0	-0.13	0	0.305	0	0	0
2.635	-0.016647	51.012955	14.036415	0.195152	0	-0.390392	1.00E-06	0.6354	0	0	0	0	-0.13	0	0.305	0	0	0
2.636	-0.488802	49.461189	14.193195	0.193663	0	-0.392877	2.00E-06	0.562602	0	0	0	0	-0.13	0	0.305	0	0	0
2.637	-0.488802	49.461189	14.271606	0.193755	0	-0.390392	1.00E-06	0.562602	0	0	0	0	-0.13	0	0.305	0	0	0
2.638	-0.252365	49.461189	14.271606	0.193755	0	-0.387548	1.00E-06	0.69323	0	0	0	0	-0.13	0	0.305	0	0	0
2.639	-0.2502	51.174202	14.271606	0.193755	0	-0.387548	1.00E-06	0.69323	0	0	0	0	-0.13	0	0.305	0	0	0
2.64	-0.2502	51.174202	14.193115	0.193482	0	-0.388799	0.00E+00	0.57252	0	0	0	0	-0.13	0	0.305	0	0	0
2.641	-0.173792	51.174202	14.271606	0.193482	0	-0.388799	1.00E-06	0.54046	0	0	0	0	-0.13	0	0.305	0	0	0
2.642	-0.173792	50.663124	14.036453	0.193482	0	-0.386536	1.00E-06	0.54046	1.00E-06	0	0	0	-0.13	0	0.305	0	0	0
2.643	-0.410231	51.36705	14.271606	0.194463	0	-0.38518	1.00E-06	0.667311	1.00E-06	0	0	0	-0.13	0	0.305	0	0	0
2.644	-0.410231	51.873135	14.193357	0.194463	0	-0.384605	1.00E-06	0.6677	1.00E-06	0	0	0	-0.13	0	0.305	0	0	0
2.645	-0.485918	51.873135	14.193357	0.194463	0	-0.384605	1.00E-06	0.667311	1.00E-06	0	0	0	-0.13	0	0.305	0	0	0
2.646	-0.09594	51.703789	14.193357	0.195591	0	-0.38583	1.00E-06	0.624174	1.00E-06	0	0	0	-0.13	0	0.305	0	0	0
2.647	-0.485918	51.703789	14.271564	0.196831	0	-0.38583	1.00E-06	0.56705	1.00E-06	0	0	0	-0.13	0	0.305	0	0	0
2.648	-0.798763	53.069237	14.898409	0.196831	0	-0.387264	0	0.56705	0	0	0	0	-0.13	0	0.305	0	0	0
2.649	-0.798763	53.605801	14.898409	0.196307	0	-0.381088	0	0.66952	0	0	0	0	-0.13	0	0.305	0	0	0
2.65	-0.40951	53.605801	14.663179	0.196307	0	-0.387883	0.00E+00	0.731059	0	0	0	0	-0.13	0	0.305	0	0	0
2.651	-0.40951	53.605801	14.428226	0.196307	0	-0.387883	1.00E-06	0.731059	1.00E-06	0	0	0	-0.13	0	0.305	0	0	0
2.652	-1.032316	53.066921	14.428226	0.19458	0	-0.392553	1.00E-06	0.689926	1.00E-06	0	0	0	-0.13	0	0.305	0	0	0
2.653	-1.034481	53.066921	14.506718	0.19458	0	-0.392553	1.00E-06	0.689926	1.00E-06	0	0	0	-0.13	0	0.305	0	0	0
2.654	-1.112333	53.423698	14.506718	0.19458	0	-0.391906	1.00E-06	0.721063	0	0	0	0	-0.13	0	0.305	0	0	0
2.655	-1.112333	54.624496	14.506556	0.199015	0	-0.387971	1.00E-06	0.721063	0	0	0	0	-0.13	0	0.305	0	0	0
2.656	-0.561604	55.82135	14.349813	0.197491	0	-0.387971	1.00E-06	0.629834	0	0	0	0	-0.13	0	0.305	0	0	0
2.657	-0.561604	55.82135	14.506556	0.197491	0	-0.393036	1.00E-06	0.629834	1.00E-06	0	0	0	-0.13	0	0.305	0	0	0
2.658	-0.719471	55.82135	14.506599	0.195833	0	-0.393036	1.00E-06	0.653698	1.00E-06	0	0	0	-0.13	0	0.305	0	0	0
2.659	-1.190184	54.445885	14.663298	0.192605	0	-0.389851	1.00E-06	0.697163	1.00E-06	0	0	0	-0.13	0	0.305	0	0	0
2.66	-1.503031	56.004993	14.898291	0.192504	0	-0.388367	1.00E-06	0.872291	1.00E-06	0	0	0	-0.13	0	0.305	0	0	0
2.661	-1.503031	56.85202	14.898291	0.192504	0	-0.388367	1.00E-06	0.872291	0.00E+00	0	0	0	-0.13	0	0.305	0	0	0
2.662	-0.795877	56.85202	14.584929	0.194974	0	-0.388367	1.00E-06	0.746952	1.00E-06	0	0	0	-0.13	0	0.305	0	0	0
2.663	-0.795877	55.13208	14.584929	0.194974	0	-0.389763	2.00E-06	0.685517	0.00E+00	0	0	0	-0.13	0	0.305	0	0	0
2.664	-1.190184	55.13208	15.133564	0.194974	0	-0.389763	2.00E-06	0.651463	1.00E-06	0	0	0	-0.13	0	0.305	0	0	0
2.665	-1.190184	55.98877	15.133564	0.192403	0	-0.389763	2.00E-06	0.685517	0.00E+00	0	0	0	-0.13	0	0.305	0	0	0
2.666	-1.034481	56.666847	14.976702	0.191555	0	-0.39035	2.00E-06	0.790009	0	0	0	0	-0.13	0	0.305	0	0	0
2.667	-1.031595	56.332096	14.976702	0.189484	0	-0.39035	1.00E-06	0.798622	0	0	0	0	-0.13	0	0.305	0	0	0
2.668	-0.955908	56.666847	15.290144	0.189484	0	-0.397761	1.00E-06	0.798622	0.00E+00	0	0	0	-0.13	0	0.305	0	0	0
2.669	-0.955908	57.011681	15.446766	0.191265	0	-0.392126	1.00E-06	0.66879	1.00E-06	0	0	0	-0.13	0	0.305	0	0	0
2.67	-1.110168	57.011681	15.446766	0.193493	0	-0.392126	1.00E-06	0.66879	1.00E-06	0	0	0	-0.13	0	0.305	0	0	0
2.671	-1.110889	56.002647	15.290062	0.193493	0	-0.392126	1.00E-06	0.679692	1.00E-06	0	0	0	-0.13	0	0.305	0	0	0
2.672	-1.110889	56.002647	15.290062	0.193818	0	-0.393363	1.00E-06	0.798623	1.00E-06	0	0	0	-0.13	0	0.305	0	0	0
2.673	-0.796598	56.161552	15.290062	0.193419	0	-0.393363	1.00E-06	0.798623	0	0	0	0	-0.13	0	0.305	0	0	0
2.674	-0.796598	56.500217	15.133402	0.193419	0	-0.395008	1.00E-06	0.67114	0	0	0	0	-0.13	0	0.305	0	0	0
2.675	-0.875172	56.500217	15.133402	0.192596	0	-0.392841	2.00E-06	0.602624	0.00E+00	0	0	0	-0.13	0	0.305	0	0	0
2.676	-1.030874	56.500217	15.368517	0.192596	0	-0.391483	2.00E-06	0.67114	0	0	0	0	-0.13	0	0.305	0	0	0
2.677	-1.036646	55.472672	15.838419	0.192596	0	-0.391483	1.00E-06	0.790608	0	0	0	0	-0.13	0	0.305	0	0	0
2.678	-1.036646	57.708321	15.838581	0.190911	0	-0.389176	1.00E-06	0.790608	0	0	0	0	-0.13	0	0.305	0	0	0
2.679	-0.718748	56.844681	15.838419	0.190911	0	-0.393018	1.00E-06	0.729778	0.00E+00	0	0	0	-0.13	0	0.305	0	0	0
2.68	-0.718748	56.844681	15.603546	0.191217	0	-0.393018	1.00E-06	0.729778	1.00E-06	0	0	0	-0.13	0	0.305	0	0	0
2.681	-0.718748	56.660652	15.603546	0.192326	0	-0.393018	2.00E-06	0.656431	0.00E+00	0	0	0	-0.13	0	0.305	0	0	0
2.682	-0.720913	56.660652	15.681877	0.194306	0	-0.391564	1.00E-06	0.633894	0	0	0	0	-0.13	0	0.305	0	0	0
2.683	-0.640175	55.652794	16.151979	0.194306	0	-0.391564	2.00E-06	0.633894	0	0	0	0	-0.13	0	0.305	0	0	0
2.684	-0.640175	57.708714	16.308683	0.192993	0	-0.387719	2.00E-06	0.701436	1.00E-06	0	0	0	-0.13	0	0.305	0	0	0
2.685	-0.640175	57.530067	16.308683	0.192993	0	-0.392054	2.00E-06	0.701436	1.00E-06	0	0	0	-0.13	0	0.305	0	0	0
2.686	-0.486637	57.708714	15.603628	0.193071	0	-0.395792	1.00E-06	0.692981	1.00E-06	0	0	0	-0.13	0	0.305	0	0	0
2.687	-0.796598	57.874931	15.603628	0.193508	0	-0.395792	0.00E+00	0.668881	1.00E-06	0	0	0	-0.13	0	0.305	0	0	0
2.688	-1.109446	58.405689	15.76025	0.193921	0	-0.390628	1.00E-06	0.668881	1.00E-06	0	0	0	-0.13	0	0.305	0	0	0
2.689	-1.109446	58.405689	15.838419	0.194521	0	-0.390608	1.00E-06	0.668881	1.00E-06	0	0	0	-0.13	0	0.305	0	0	0
2.69	-0.722355	59.089211	15.995279	0.193921	0	-0.38754	1.00E-06	0.773704	1.00E-06	0	0	0	-0.13	0	0.305	0	0	0
2.691	-0.722355	57.884953	15.995279	0.193026	0	-0.390608	1.00E-06	0.79313	1.00E-06	0	0	0	-0.13	0	0.305	0	0	0
2.692	-0.87878	58.049271	15.995279	0.193026	0	-0.394421	1.00E-06	0.79313	1.00E-06	0	0	0	-0.13	0	0.305	0	0	0
2.693	-1.189461	58.049271	15.91683	0.193881	0	-0.394421	1.00E-06	0.71444	1.00E-06	0	0	0	-0.13	0	0.305	0	0	0
2.694	-1.189461	59.951649	15.995399	0.193881	0	-0.393386	0.00E+00	0.653596	1.00E-06	0	0	0	-0.13	0	0.305	0	0	0
2.695	-1.188742	59.951649	16.151903	0.193407	0	-0.390262	0	0.71444	0	0	0	0	-0.13	0	0.305	0	0	0
2.696	-1.188742	60.120239	16.151903	0.193407	0	-0.390262	0	0.723885	0	0	0	0	-0.13	0	0.305	0	0	0
2.697	-1.191626	60.455807	16.151903	0.193458	0	-0.390262	0	0.723885	0.00E+00	0	0	0	-0.13	0	0.305	0	0	0
2.698	-1.342999	60.455807	16.151861	0.194681	0	-0.392945	0.00E+00	0.635788	0	0	0	0	-0.13	0	0.305	0	0	0
2.699	-1.342999	60.468536	16.07361	0.197319	0	-0.391663	1.00E-06	0.635788	0	0	0	0	-0.13	0	0.305	0	0	0
2.7	-1.423737	60.981537	16.07361	0.197319	0	-0.39201	2.00E-06	0.893581	0.00E+00	0	0	0	-0.13	0	0.305	0	0	0
2.701	-1.815157	60.981537	16.386932	0.195331	0	-0.391663	2.00E-06	0.893581	0	0	0	0	-0.13	0	0.305	0	0	0
2.702	-1.816599	61.154736	16.386932	0.195331	0	-0.389771	2.00E-06	0.77741	0	0	0	0	-0.13	0	0.305	0	0	0
2.703	-1.815157	61.154736	16.700537	0.195331	0	-0.389771	1.00E-06	0.745719	0.00E+00	0	0	0	-0.13	0	0.305	0	0	0
2.704	-1.658731	61.48991	16.700537	0.195896	0	-0.395319	1.00E-06	0.735313	0	0	0	0	-0.13	0	0.305	0	0	0
2.705	-1.658731	61.830494	16.778948	0.195896	0	-0.395319	1.00E-06	0.614111	0	0	0	0	-0.13	0	0.305	0	0	0
2.706	-1.970137	61.665028	16.778948	0.195896	0	-0.393497	2.00E-06	0.593433	1.00E-06	0	0	0	-0.13	0	0.305	0	0	0
2.707	-2.129446	61.665028	16.700457	0.195816	0	-0.3927	2.00E-06	0.593433	1.00E-06	0	0	0	-0.13	0	0.305	0	0	0
2.708	-2.129446	61.665028	16.700336	0.194928	0	-0.393497	1.00E-06	0.713341	1.00E-06	0	0	0	-0.13	0	0.305	0	0	0
2.709	-2.04871	62.344673	16.700336	0.190681	0	-0.395344	1.00E-06	0.826927	0.00E+00	0	0	0	-0.13	0	0.305	0	0	0
2.71	-1.812992	63.381088	17.170481	0.19445	0	-0.395344	2.00E-06	0.713341	1.00E-06	0	0	0	-0.13	0	0.305	0	0	0
2.711	-2.04871	64.932884	17.170481	0.192992	0	-0.395344	2.00E-06	0.71583	0.00E+00	0	0	0	-0.13	0	0.305	0	0	0
2.712	-1.732254	64.932884	17.170481	0.19445	0	-0.393032	1.00E-06	0.554076	0	0	0	0	-0.13	0	0.305	0	0	0
2.713	-2.12656	63.896828	17.170521	0.192992	0	-0.393032	1.00E-06	0.71583	0	0	0	0	-0.13	0	0.305	0	0	0
2.714	-1.89012	63.896828	17.170521	0.194955	0	-0.393032	1.00E-06	0.708796	1.00E-06	0	0	0	-0.13	0	0.305	0	0	0
2.715	-1.89012	65.089859	17.013941	0.191823	0	-0.394621	1.00E-06	0.798354	1.00E-06	0	0	0	-0.13	0	0.305	0	0	0
2.716	-1.734419	65.442009	17.013941	0.19276	0	-0.395373	2.00E-06	0.775758	0	0	0	0	-0.13	0	0.305	0	0	0
2.717	-1.734419	66.469574	17.405592	0.190721	0	-0.395373	2.00E-06	0.776305	0	0	0	0	-0.13	0	0.305	0	0	0
2.718	-2.125837	66.469574	17.562092	0.19276	0	-0.395373	1.00E-06	0.775758	0	0	0	0	-0.13	0	0.305	0	0	0
2.719	-2.278654	66.306793	17.405592	0.194514	0	-0.394833	1.00E-06	0.776305	0	0	0	0	-0.13	0	0.305	0	0	0
2.72	-2.278654	65.774109	17.797083	0.194514	0	-0.394833	1.00E-06	0.847702	0.00E+00	0	0	0	-0.13	0	0.305	0	0	0
2.721	-2.440128	65.264565	17.327181	0.189875	0	-0.39891	1.00E-06	0.931844	1.00E-06	0	0	0	-0.13	0	0.305	0	0	0
2.722	-2.205132	65.774109	17.405392	0.189875	0	-0.39935	1.00E-06	0.931844	1.00E-06	0	0	0	-0.13	0	0.305	0	0	0
2.723	-2.125118	65.938431	17.405392	0.1903	0	-0.399902	1.00E-06	0.782627	1.00E-06	0	0	0	-0.13	0	0.305	0	0	0
2.724	-2.125118	65.938431	17.562134	0.192344	0	-0.400478	1.00E-06	0.782627	1.00E-06	0	0	0	-0.13	0	0.305	0	0	0
2.725	-2.202969	65.938431	18.032438	0.192344	0	-0.400478	2.00E-06	0.794186	0.00E+00	0	0	0	-0.13	0	0.305	0	0	0
2.726	-2.202969	66.809776	18.189018	0.192344	0	-0.397525	1.00E-06	0.794186	1.00E-06	0	0	0	-0.13	0	0.305	0	0	0
2.727	-2.047266	66.809776	18.189018	0.191958	0	-0.396482	1.00E-06	0.800359	0.00E+00	0	0	0	-0.13	0	0.305	0	0	0
2.728	-2.047266	65.948822	17.483803	0.190728	0	-0.397525	0	0.800359	0	0	0	0	-0.13	0	0.305	0	0	0
2.729	-2.28154	65.948822	17.483803	0.189775	0	-0.400379	0	0.839321	0	0	0	0	-0.13	0	0.305	0	0	0
2.73	-2.5187	67.487099	18.189018	0.190728	0	-0.400379	1.00E-06	0.87681	0	0	0	0	-0.13	0	0.305	0	0	0
2.731	-2.5187	67.676483	18.267391	0.193118	0	-0.399282	1.00E-06	0.87681	0	0	0	0	-0.13	0	0.305	0	0	0
2.732	-2.125837	68.700981	18.267391	0.193118	0	-0.396794	1.00E-06	0.834826	0.00E+00	0	0	0	-0.13	0	0.305	0	0	0
2.733	-1.893728	68.700981	18.267391	0.188994	0	-0.395551	1.00E-06	0.834826	0	0	0	0	-0.13	0	0.305	0	0	0
2.734	-1.893728	67.668777	18.659082	0.188994	0	-0.395551	1.00E-06	0.834826	0	0	0	0	-0.13	0	0.305	0	0	0
2.735	-1.967972	67.668777	18.659082	0.190958	0	-0.396449	1.00E-06	0.80566	0.00E+00	0	0	0	-0.13	0	0.305	0	0	0
2.736	-1.967972	68.702133	18.659082	0.190958	0	-0.396449	2.00E-06	0.80566	1.00E-06	0	0	0	-0.13	0	0.305	0	0	0
2.737	-2.047266	68.8703	18.894112	0.190958	0	-0.39583	1.00E-06	0.80566	1.00E-06	0	0	0	-0.13	0	0.305	0	0	0
2.738	-1.890842	69.386009	19.285845	0.190186	0	-0.39583	1.00E-06	0.821722	1.00E-06	0	0	0	-0.13	0	0.305	0	0	0
2.739	-1.815157	69.386009	19.285845	0.189756	0	-0.396586	1.00E-06	0.827695	1.00E-06	0	0	0	-0.13	0	0.305	0	0	0
2.74	-1.815157	69.386009	19.285845	0.189756	0	-0.399776	1.00E-06	0.827695	1.00E-06	0	0	0	-0.13	0	0.305	0	0	0
2.741	-1.892284	69.038086	19.050896	0.189756	0	-0.400991	1.00E-06	0.827004	1.00E-06	0	0	0	-0.13	0	0.305	0	0	0
2.742	-2.047987	69.217056	19.129427	0.191628	0	-0.400991	1.00E-06	0.783488	1.00E-06	0	0	0	-0.13	0	0.305	0	0	0
2.743	-2.357948	69.217056	19.050896	0.190301	0	-0.397441	2.00E-06	0.783488	1.00E-06	0	0	0	-0.13	0	0.305	0	0	0
2.744	-2.047987	71.271416	19.050896	0.190301	0	-0.397441	2.00E-06	0.873812	1.00E-06	0	0	0	-0.13	0	0.305	0	0	0
2.745	-1.892284	72.14238	18.972364	0.190301	0	-0.398072	2.00E-06	0.873812	1.00E-06	0	0	0	-0.13	0	0.305	0	0	0
2.746	-1.892284	72.474083	18.737411	0.191157	0	-0.39851	2.00E-06	0.870269	1.00E-06	0	0	0	-0.13	0	0.305	0	0	0
2.747	-2.437243	72.474083	18.737411	0.191157	0	-0.398515	1.00E-06	0.870269	1.00E-06	0	0	0	-0.13	0	0.305	0	0	0
2.748	-2.516535	72.474083	18.894194	0.191514	0	-0.398515	1.00E-06	0.86697	1.00E-06	0	0	0	-0.13	0	0.305	0	0	0
2.749	-2.516535	73.513992	19.364258	0.189982	0	-0.398478	1.00E-06	0.883235	1.00E-06	0	0	0	-0.13	0	0.305	0	0	0
2.75	-2.360834	73.682579	18.894194	0.189982	0	-0.394581	1.00E-06	0.86697	1.00E-06	0	0	0	-0.13	0	0.305	0	0	0
2.751	-2.360113	73.513992	19.129265	0.189982	0	-0.394581	1.00E-06	0.852505	1.00E-06	0	0	0	-0.13	0	0.305	0	0	0
2.752	-2.360113	73.682579	18.972364	0.193818	0	-0.394581	1.00E-06	0.852466	1.00E-06	0	0	0	-0.13	0	0.305	0	0	0
2.753	-2.360113	74.542709	19.129265	0.193818	0	-0.394805	0.00E+00	0.852466	1.00E-06	0	0	0	-0.13	0	0.305	0	0	0
2.754	-2.360834	74.889877	19.050571	0.191739	0	-0.395224	1.00E-06	0.86805	1.00E-06	0	0	0	-0.13	0	0.305	0	0	0
2.755	-2.517258	76.429291	19.285807	0.190991	0	-0.395224	0.00E+00	0.996062	0	0	0	0	-0.13	0	0.305	0	0	0
2.756	-2.360834	76.429291	19.285807	0.190991	0	-0.398881	1.00E-06	0.996062	0	0	0	0	-0.13	0	0.305	0	0	0
2.757	-2.361555	76.429291	19.364096	0.192149	0	-0.398881	1.00E-06	0.872062	0	0	0	0	-0.13	0	0.305	0	0	0
2.758	-2.361555	76.094841	19.521	0.193094	0	-0.400914	1.00E-06	0.846439	1.00E-06	0	0	0	-0.13	0	0.305	0	0	0
2.759	-2.907234	76.954262	19.521	0.193732	0	-0.397889	1.00E-06	0.846439	1.00E-06	0	0	0	-0.13	0	0.305	0	0	0
2.76	-2.907955	76.954262	19.3643	0.193732	0	-0.400213	1.00E-06	0.901305	1.00E-06	0	0	0	-0.13	0	0.305	0	0	0
2.761	-2.907955	79.528152	19.3643	0.192267	0	-0.3973	1.00E-06	0.940423	0.00E+00	0	0	0	-0.13	0	0.305	0	0	0
2.762	-2.907955	79.528152	19.285807	0.192267	0	-0.400213	1.00E-06	0.940423	1.00E-06	0	0	0	-0.13	0	0.305	0	0	0
2.763	-3.062937	80.037338	19.050816	0.193452	0	-0.401628	1.00E-06	0.988049	0.00E+00	0	0	0	-0.13	0	0.305	0	0	0
2.764	-3.297211	79.356888	19.050816	0.193452	0	-0.401628	2.00E-06	0.932815	1.00E-06	0	0	0	-0.13	0	0.305	0	0	0
2.765	-3.297211	80.55687	19.67754	0.191749	0	-0.401503	2.00E-06	0.928448	0.00E+00	0	0	0	-0.13	0	0.305	0	0	0
2.766	-3.297211	81.762665	19.67754	0.191749	0	-0.400236	2.00E-06	0.918026	0	0	0	0	-0.13	0	0.305	0	0	0
2.767	-3.144396	81.762665	19.599249	0.191687	0	-0.400236	1.00E-06	0.918026	0	0	0	0	-0.13	0	0.305	0	0	0
2.768	-3.144396	82.790604	19.599249	0.189704	0	-0.400236	1.00E-06	0.982305	0	0	0	0	-0.13	0	0.305	0	0	0
2.769	-3.144396	82.790604	19.599249	0.189704	0	-0.400419	1.00E-06	0.982305	0	0	0	0	-0.13	0	0.305	0	0	0
2.77	-3.222246	82.790604	19.755953	0.190133	0	-0.402698	0	0.982305	0	0	0	0	-0.13	0	0.305	0	0	0
2.771	-3.299376	83.134262	20.069193	0.190133	0	-0.402698	0.00E+00	1.08129	1.00E-06	0	0	0	-0.13	0	0.305	0	0	0
2.772	-3.377226	85.025078	20.304344	0.190133	0	-0.400222	2.00E-06	1.08129	1.00E-06	0	0	0	-0.13	0	0.305	0	0	0
2.773	-3.377226	85.025078	20.069193	0.190094	0	-0.400222	2.00E-06	1.065637	2.00E-06	0	0	0	-0.13	0	0.305	0	0	0
2.774	-2.671516	84.157944	19.83424	0.19045	0	-0.40401	3.00E-06	0.961179	2.00E-06	0	0	0	-0.13	0	0.305	0	0	0
2.775	-2.671516	84.157944	19.83424	0.192532	0	-0.40401	3.00E-06	0.906011	2.00E-06	0	0	0	-0.13	0	0.305	0	0	0
2.776	-3.141508	86.049553	19.912651	0.192532	0	-0.402808	3.00E-06	0.906011	1.00E-06	0	0	0	-0.13	0	0.305	0	0	0
2.777	-3.141508	86.227745	19.912651	0.192487	0	-0.402344	3.00E-06	1.03537	1.00E-06	0	0	0	-0.13	0	0.305	0	0	0
2.778	-3.221523	86.049553	19.912451	0.19176	0	-0.402344	3.00E-06	1.079042	1.00E-06	0	0	0	-0.13	0	0.305	0	0	0
2.779	-3.063658	84.666321	19.912451	0.189541	0	-0.409017	3.00E-06	1.102624	1.00E-06	0	0	0	-0.13	0	0.305	0	0	0
2.78	-3.143673	84.666321	19.912491	0.189541	0	-0.409017	2.00E-06	1.079042	1.00E-06	0	0	0	-0.13	0	0.305	0	0	0
2.781	-3.143673	87.421143	20.147482	0.189354	0	-0.407959	1.00E-06	1.102624	1.00E-06	0	0	0	-0.13	0	0.305	0	0	0
2.782	-3.143673	87.757126	20.147482	0.190096	0	-0.407959	1.00E-06	1.073946	1.00E-06	0	0	0	-0.13	0	0.305	0	0	0
2.783	-3.297211	87.936493	20.147482	0.190427	0	-0.407959	1.00E-06	0.95674	1.00E-06	0	0	0	-0.13	0	0.305	0	0	0
2.784	-3.297211	88.957138	20.304344	0.190427	0	-0.40247	1.00E-06	0.95674	1.00E-06	0	0	0	-0.13	0	0.305	0	0	0
2.785	-3.297211	88.957138	20.304344	0.188754	0	-0.402365	3.00E-06	0.99501	1.00E-06	0	0	0	-0.13	0	0.305	0	0	0
2.786	-2.984364	88.788155	19.834282	0.188754	0	-0.40247	3.00E-06	0.99501	1.00E-06	0	0	0	-0.13	0	0.305	0	0	0
2.787	-2.984364	88.788155	19.834282	0.189274	0	-0.407295	3.00E-06	0.99501	1.00E-06	0	0	0	-0.13	0	0.305	0	0	0
2.788	-2.984364	89.994675	20.225935	0.189274	0	-0.407295	2.00E-06	0.960543	1.00E-06	0	0	0	-0.13	0	0.305	0	0	0
2.789	-2.595108	92.238815	20.225935	0.189274	0	-0.406185	2.00E-06	0.975694	1.00E-06	0	0	0	-0.13	0	0.305	0	0	0
2.79	-2.20369	92.238815	19.83424	0.188958	0	-0.406185	1.00E-06	0.948993	1.00E-06	0	0	0	-0.13	0	0.305	0	0	0
2.791	-2.20369	91.364006	19.834202	0.188958	0	-0.407419	1.00E-06	0.948993	1.00E-06	0	0	0	-0.13	0	0.305	0	0	0
2.792	-2.20369	91.364006	19.83424	0.188958	0	-0.407419	1.00E-06	0.932943	0.00E+00	0	0	0	-0.13	0	0.305	0	0	0
2.793	-2.360113	93.092041	20.461004	0.188833	0	-0.404913	0.00E+00	0.932943	0	0	0	0	-0.13	0	0.305	0	0	0
2.794	-2.360113	94.638	20.461046	0.192188	0	-0.404913	1.00E-06	0.919466	0	0	0	0	-0.13	0	0.305	0	0	0
2.795	-2.440849	94.638	20.931192	0.189366	0	-0.405553	1.00E-06	1.064052	0	0	0	0	-0.13	0	0.305	0	0	0
2.796	-2.204411	94.638	20.852619	0.189479	0	-0.406785	1.00E-06	1.016364	2.00E-06	0	0	0	-0.13	0	0.305	0	0	0
2.797	-1.73514	95.838379	20.852619	0.189366	0	-0.406254	1.00E-06	1.016364	2.00E-06	0	0	0	-0.13	0	0.305	0	0	0
2.798	-1.73514	96.527618	20.852619	0.189123	0	-0.408676	2.00E-06	1.016364	1.00E-06	0	0	0	-0.13	0	0.305	0	0	0
2.799	-1.970137	96.527618	20.93115	0.189123	0	-0.408765	2.00E-06	0.968179	1.00E-06	0	0	0	-0.13	0	0.305	0	0	0
2.8	-2.050875	96.527618	21.401253	0.190498	0	-0.408765	2.00E-06	1.033448	1.00E-06	0	0	0	-0.13	0	0.305	0	0	0
2.801	-2.050875	99.276306	21.166304	0.190498	0	-0.406621	1.00E-06	1.033448	2.00E-06	0	0	0	-0.13	0	0.305	0	0	0
2.802	-2.207296	99.621132	21.166304	0.189476	0	-0.406621	1.00E-06	1.061168	1.00E-06	0	0	0	-0.13	0	0.305	0	0	0
2.803	-2.208019	99.621132	21.087772	0.189441	0	-0.406982	2.00E-06	1.176375	1.00E-06	0	0	0	-0.13	0	0.305	0	0	0
2.804	-2.208019	100.468559	21.087772	0.189299	0	-0.408366	3.00E-06	1.176375	1.00E-06	0	0	0	-0.13	0	0.305	0	0	0
2.805	-2.050152	102.880478	21.557957	0.189299	0	-0.408366	3.00E-06	1.084121	1.00E-06	0	0	0	-0.13	0	0.305	0	0	0
2.806	-2.050152	103.908829	21.557957	0.189299	0	-0.407028	1.00E-06	1.084121	1.00E-06	0	0	0	-0.13	0	0.305	0	0	0
2.807	-2.05304	105.798477	21.557913	0.188993	0	-0.407028	1.00E-06	1.192481	1.00E-06	0	0	0	-0.13	0	0.305	0	0	0
2.808	-2.05304	107.010025	21.557913	0.188993	0	-0.407028	2.00E-06	1.192481	1.00E-06	0	0	0	-0.13	0	0.305	0	0	0
2.809	-2.28587	107.010025	21.401215	0.189263	0	-0.406699	2.00E-06	1.104703	1.00E-06	0	0	0	-0.13	0	0.305	0	0	0
2.81	-2.28587	109.590889	21.557795	0.190197	0	-0.406699	2.00E-06	1.104703	1.00E-06	0	0	0	-0.13	0	0.305	0	0	0
2.811	-2.28587	109.756729	21.401215	0.191573	0	-0.408002	2.00E-06	1.104703	1.00E-06	0	0	0	-0.13	0	0.305	0	0	0
2.812	-2.132332	110.45179	21.557795	0.190197	0	-0.408002	2.00E-06	1.251008	1.00E-06	0	0	0	-0.13	0	0.305	0	0	0
2.813	-2.132332	114.04866	21.087648	0.189803	0	-0.408002	0	1.177163	1.00E-06	0	0	0	-0.13	0	0.305	0	0	0
2.814	-2.132332	114.04866	21.087648	0.189803	0	-0.406451	0	1.19631	1.00E-06	0	0	0	-0.13	0	0.305	0	0	0
2.815	-2.284428	114.04866	20.539297	0.191765	0	-0.40817	3.00E-06	1.177163	1.00E-06	0	0	0	-0.13	0	0.305	0	0	0
2.816	-2.442293	118.524956	20.539297	0.191765	0	-0.407828	3.00E-06	1.154558	1.00E-06	0	0	0	-0.13	0	0.305	0	0	0
2.817	-2.595108	119.038742	20.460804	0.190726	0	-0.407828	2.00E-06	1.154558	1.00E-06	0	0	0	-0.13	0	0.305	0	0	0
2.818	-2.67729	119.223892	20.460804	0.190664	0	-0.406295	1.00E-06	1.256921	2.00E-06	0	0	0	-0.13	0	0.305	0	0	0
2.819	-3.225853	123.17099	20.147644	0.190664	0	-0.406295	1.00E-06	1.268241	2.00E-06	0	0	0	-0.13	0	0.305	0	0	0
2.82	-3.225853	124.885117	19.67754	0.189927	0	-0.407262	1.00E-06	1.256921	2.00E-06	0	0	0	-0.13	0	0.305	0	0	0
2.821	-3.221523	126.769379	19.599049	0.189927	0	-0.407553	1.00E-06	1.209142	2.00E-06	0	0	0	-0.13	0	0.305	0	0	0
2.822	-3.221523	126.769379	19.363855	0.190694	0	-0.409435	2.00E-06	1.179064	2.00E-06	0	0	0	-0.13	0	0.305	0	0	0
2.823	-3.300819	129.86438	18.893911	0.190694	0	-0.409435	2.00E-06	1.209142	2.00E-06	0	0	0	-0.13	0	0.305	0	0	0
2.824	-3.459406	130.220398	18.580307	0.189926	0	-0.409435	2.00E-06	1.230733	2.00E-06	0	0	0	-0.13	0	0.305	0	0	0
2.825	-3.612944	132.954407	18.423727	0.188655	0	-0.410412	2.00E-06	1.308712	2.00E-06	0	0	0	-0.13	0	0.305	0	0	0
2.826	-4.003643	134.163635	17.640221	0.188655	0	-0.410412	1.00E-06	1.308712	2.00E-06	0	0	0	-0.13	0	0.305	0	0	0
2.827	-4.160065	138.813919	17.640221	0.189713	0	-0.409627	0.00E+00	1.308712	2.00E-06	0	0	0	-0.13	0	0.305	0	0	0
2.828	-4.551485	139.837997	17.640182	0.189713	0	-0.409627	0	1.374591	2.00E-06	0	0	0	-0.13	0	0.305	0	0	0
2.829	-4.55365	140.001144	17.248407	0.189333	0	-0.409627	0	1.383926	2.00E-06	0	0	0	-0.13	0	0.305	0	0	0
2.83	-4.551485	140.001144	16.856596	0.188723	0	-0.407532	3.00E-06	1.468708	2.00E-06	0	0	0	-0.13	0	0.305	0	0	0
2.831	-4.55365	144.143433	15.837816	0.188141	0	-0.407532	4.00E-06	1.468708	1.00E-06	0	0	0	-0.13	0	0.305	0	0	0
2.832	-4.548599	147.048264	15.524652	0.188141	0	-0.409568	3.00E-06	1.419096	1.00E-06	0	0	0	-0.13	0	0.305	0	0	0
2.833	-5.020033	152.049927	15.132799	0.189299	0	-0.412945	3.00E-06	1.419096	1.00E-06	0	0	0	-0.13	0	0.305	0	0	0
2.834	-5.333601	152.383957	14.897726	0.189299	0	-0.411201	2.00E-06	1.444637	2.00E-06	0	0	0	-0.13	0	0.305	0	0	0
2.835	-5.565712	152.548248	14.819397	0.187985	0	-0.411201	0	1.513441	2.00E-06	0	0	0	-0.13	0	0.305	0	0	0
2.836	-5.961462	156.505402	14.271082	0.187931	0	-0.411201	0	1.500432	2.00E-06	0	0	0	-0.13	0	0.305	0	0	0
2.837	-6.037148	158.567444	13.644075	0.187512	0	-0.412391	0	1.500432	1.00E-06	0	0	0	-0.13	0	0.305	0	0	0
2.838	-6.037148	161.313019	13.644075	0.187512	0	-0.412391	1.00E-06	1.450534	1.00E-06	0	0	0	-0.13	0	0.305	0	0	0
2.839	-6.037148	165.45723	13.017593	0.189173	0	-0.412391	4.00E-06	1.450534	1.00E-06	0	0	0	-0.13	0	0.305	0	0	0
2.84	-6.814215	166.315842	12.782282	0.189173	0	-0.410107	4.00E-06	1.41665	1.00E-06	0	0	0	-0.13	0	0.305	0	0	0
2.841	-6.819265	166.475891	12.390709	0.188367	0	-0.41029	5.00E-06	1.553978	2.00E-06	0	0	0	-0.13	0	0.305	0	0	0
2.842	-7.365664	168.875824	11.371969	0.188034	0	-0.41029	5.00E-06	1.55499	2.00E-06	0	0	0	-0.13	0	0.305	0	0	0
2.843	-7.441351	171.293594	10.902025	0.187401	0	-0.412594	2.00E-06	1.55499	2.00E-06	0	0	0	-0.13	0	0.305	0	0	0
2.844	-7.675625	173.179352	10.745243	0.187401	0	-0.412594	2.00E-06	1.55499	0.00E+00	0	0	0	-0.13	0	0.305	0	0	0
2.845	-7.989916	178.341827	10.510214	0.188472	0	-0.412594	2.00E-06	1.564072	0	0	0	0	-0.13	0	0.305	0	0	0
2.846	-7.990637	178.859497	10.431759	0.188472	0	-0.41161	0.00E+00	1.589968	0.00E+00	0	0	0	-0.13	0	0.305	0	0	0
2.847	-8.144175	181.785187	9.804996	0.188734	0	-0.413701	0.00E+00	1.564072	2.00E-06	0	0	0	-0.13	0	0.305	0	0	0
2.848	-8.222748	182.124588	9.099859	0.188319	0	-0.413297	0	1.63755	2.00E-06	0	0	0	-0.13	0	0.305	0	0	0
2.849	-8.689131	182.978973	8.786497	0.188428	0	-0.413767	6.00E-06	1.563609	2.00E-06	0	0	0	-0.13	0	0.305	0	0	0
2.85	-8.69346	186.250275	8.551464	0.188199	0	-0.413767	6.00E-06	1.639815	2.00E-06	0	0	0	-0.13	0	0.305	0	0	0
2.851	-8.69346	190.379044	8.002911	0.188199	0	-0.413767	6.00E-06	1.584277	2.00E-06	0	0	0	-0.13	0	0.305	0	0	0
2.852	-8.697069	191.231476	8.002911	0.188199	0	-0.413597	1.00E-06	1.645969	2.00E-06	0	0	0	-0.13	0	0.305	0	0	0
2.853	-9.47125	196.910507	8.002911	0.188234	0	-0.412655	2.00E-06	1.764519	2.00E-06	0	0	0	-0.13	0	0.305	0	0	0
2.854	-9.396284	198.802048	6.905882	0.188234	0	-0.412655	2.00E-06	1.764519	2.00E-06	0	0	0	-0.13	0	0.305	0	0	0
2.855	-9.552708	200.503845	6.279196	0.188459	0	-0.413499	3.00E-06	1.764519	1.00E-06	0	0	0	-0.13	0	0.305	0	0	0
2.856	-9.553431	204.129623	5.809011	0.188	0	-0.414581	3.00E-06	1.773921	1.00E-06	0	0	0	-0.13	0	0.305	0	0	0
2.857	-9.942685	206.352509	5.730762	0.188	0	-0.413499	4.00E-06	1.773921	2.00E-06	0	0	0	-0.13	0	0.305	0	0	0
2.858	-9.942685	208.260712	5.338989	0.188	0	-0.41368	4.00E-06	1.695756	2.00E-06	0	0	0	-0.13	0	0.305	0	0	0
2.859	-9.942685	213.754547	3.301832	0.187805	0	-0.41368	4.00E-06	1.695756	2.00E-06	0	0	0	-0.13	0	0.305	0	0	0
2.86	-10.490527	214.613525	3.301832	0.187644	0	-0.41368	4.00E-06	1.776929	2.00E-06	0	0	0	-0.13	0	0.305	0	0	0
2.861	-10.646229	217.874817	3.301832	0.187644	0	-0.413129	2.00E-06	1.776929	2.00E-06	0	0	0	-0.13	0	0.305	0	0	0
2.862	-10.646951	222.50769	2.596657	0.18822	0	-0.413129	2.00E-06	1.776929	3.00E-06	0	0	0	-0.13	0	0.305	0	0	0
2.863	-11.037648	223.216293	1.656448	0.18822	0	-0.411987	0.00E+00	1.836381	3.00E-06	0	0	0	-0.13	0	0.305	0	0	0
2.864	-11.037648	227.006027	1.264551	0.188395	0	-0.411082	2.00E-06	1.836381	1.00E-06	0	0	0	-0.13	0	0.305	0	0	0
2.865	-11.037648	231.986862	0.010824	0.188087	0	-0.411082	2.00E-06	1.836381	1.00E-06	0	0	0	-0.13	0	0.305	0	0	0
2.866	-11.113335	234.558823	-0.772564	0.18856	0	-0.411652	4.00E-06	1.829131	2.00E-06	0	0	0	-0.13	0	0.305	0	0	0
2.867	-11.349052	236.799103	-1.086048	0.18856	0	-0.412807	4.00E-06	1.791112	2.00E-06	0	0	0	-0.13	0	0.305	0	0	0
2.868	-11.349052	241.266907	-2.261208	0.188886	0	-0.413183	4.00E-06	1.791112	2.00E-06	0	0	0	-0.13	0	0.305	0	0	0
2.869	-11.349052	241.44162	-3.123241	0.189074	0	-0.413183	5.00E-06	1.791112	2.00E-06	0	0	0	-0.13	0	0.305	0	0	0
2.87	-11.896173	245.732025	-3.593189	0.188886	0	-0.412993	3.00E-06	1.911949	2.00E-06	0	0	0	-0.13	0	0.305	0	0	0
2.871	-11.73975	250.375717	-4.690336	0.188378	0	-0.41254	8.00E-06	1.809663	2.00E-06	0	0	0	-0.13	0	0.305	0	0	0
2.872	-11.73975	252.954651	-5.395311	0.188378	0	-0.412374	3.00E-06	1.809663	3.00E-06	0	0	0	-0.13	0	0.305	0	0	0
2.873	-11.73975	257.95282	-6.570673	0.188881	0	-0.411611	4.00E-06	1.809663	3.00E-06	0	0	0	-0.13	0	0.305	0	0	0
2.874	-12.131891	260.356659	-6.64892	0.189035	0	-0.411611	2.00E-06	1.877767	3.00E-06	0	0	0	-0.13	0	0.305	0	0	0
2.875	-12.288316	262.075806	-7.27593	0.188881	0	-0.412802	4.00E-06	1.897253	3.00E-06	0	0	0	-0.13	0	0.305	0	0	0
2.876	-12.676848	263.613312	-8.451008	0.188803	0	-0.412802	2.00E-06	1.932404	3.00E-06	0	0	0	-0.13	0	0.305	0	0	0
2.877	-12.755422	270.156677	-9.234715	0.188291	0	-0.412802	8.00E-06	1.932404	1.00E-06	0	0	0	-0.13	0	0.305	0	0	0
2.878	-12.755422	270.6604	-9.626326	0.188286	0	-0.412282	3.00E-06	1.932404	1.00E-06	0	0	0	-0.13	0	0.305	0	0	0
2.879	-13.303264	275.994202	-10.331663	0.188286	0	-0.412961	8.00E-06	1.870765	0.00E+00	0	0	0	-0.13	0	0.305	0	0	0
2.88	-12.991859	277.369659	-11.741653	0.188286	0	-0.412961	1.10E-05	1.870765	3.00E-06	0	0	0	-0.13	0	0.305	0	0	0
2.881	-12.991859	278.050842	-12.133507	0.188188	0	-0.413239	1.10E-05	1.935484	2.00E-06	0	0	0	-0.13	0	0.305	0	0	0
2.882	-12.759029	283.546997	-13.70064	0.188053	0	-0.413239	1.30E-05	1.959291	2.00E-06	0	0	0	-0.13	0	0.305	0	0	0
2.883	-12.759029	287.343262	-13.857302	0.188053	0	-0.41298	5.00E-06	1.959291	2.00E-06	0	0	0	-0.13	0	0.305	0	0	0
2.884	-12.759029	290.255859	-14.405699	0.187773	0	-0.41298	5.00E-06	1.924982	2.00E-06	0	0	0	-0.13	0	0.305	0	0	0
2.885	-13.068989	292.832458	-15.189203	0.187773	0	-0.413778	5.00E-06	1.924982	1.00E-06	0	0	0	-0.13	0	0.305	0	0	0
2.886	-12.839045	295.408691	-15.345985	0.187962	0	-0.413778	7.00E-06	1.936722	1.00E-06	0	0	0	-0.13	0	0.305	0	0	0
2.887	-13.073318	297.13327	-15.737759	0.187982	0	-0.412819	7.00E-06	2.071726	1.00E-06	0	0	0	-0.13	0	0.305	0	0	0
2.888	-12.839045	302.123718	-16.521265	0.187962	0	-0.412819	5.00E-06	2.071726	1.00E-06	0	0	0	-0.13	0	0.305	0	0	0
2.889	-13.071876	304.685303	-17.931458	0.187607	0	-0.414026	5.00E-06	2.033862	3.00E-06	0	0	0	-0.13	0	0.305	0	0	0
2.89	-12.761194	306.747375	-18.088358	0.187607	0	-0.414026	6.00E-06	2.009487	4.00E-06	0	0	0	-0.13	0	0.305	0	0	0
2.891	-13.071876	310.709473	-18.636511	0.187978	0	-0.414022	8.00E-06	1.992138	4.00E-06	0	0	0	-0.13	0	0.305	0	0	0
2.892	-12.44979	313.812622	-18.793373	0.187978	0	-0.413525	8.00E-06	1.962163	2.00E-06	0	0	0	-0.13	0	0.305	0	0	0
2.893	-12.919061	317.062347	-19.81175	0.187523	0	-0.413322	8.00E-06	1.962163	2.00E-06	0	0	0	-0.13	0	0.305	0	0	0
2.894	-12.606213	319.656311	-20.987392	0.187508	0	-0.413525	9.00E-06	2.015602	2.00E-06	0	0	0	-0.13	0	0.305	0	0	0
2.895	-12.606213	322.737823	-21.143852	0.187508	0	-0.41353	9.00E-06	2.015602	2.00E-06	0	0	0	-0.13	0	0.305	0	0	0
2.896	-12.606213	323.947449	-22.397461	0.187897	0	-0.41353	9.00E-06	1.947472	3.00E-06	0	0	0	-0.13	0	0.305	0	0	0
2.897	-12.530526	328.413727	-23.102398	0.187897	0	-0.413612	9.00E-06	1.947472	6.00E-06	0	0	0	-0.13	0	0.305	0	0	0
2.898	-12.530526	328.936768	-23.650993	0.187631	0	-0.413417	1.10E-05	1.947472	6.00E-06	0	0	0	-0.13	0	0.305	0	0	0
2.899	-12.374104	331.844727	-23.964396	0.187433	0	-0.413395	1.10E-05	1.99796	6.00E-06	0	0	0	-0.13	0	0.305	0	0	0
2.9	-12.216237	337.707733	-24.826271	0.187017	0	-0.413247	8.00E-06	1.889215	4.00E-06	0	0	0	-0.13	0	0.305	0	0	0
2.901	-12.219123	338.379242	-25.53133	0.186874	0	-0.413247	1.00E-06	1.972251	4.00E-06	0	0	0	-0.13	0	0.305	0	0	0
2.902	-12.219123	339.580353	-26.314795	0.186874	0	-0.413247	1.00E-06	1.972251	4.00E-06	0	0	0	-0.13	0	0.305	0	0	0
2.903	-12.376269	344.233734	-27.333334	0.18684	0	-0.413051	3.00E-06	2.033846	4.00E-06	0	0	0	-0.13	0	0.305	0	0	0
2.904	-12.376269	344.572784	-27.411743	0.187373	0	-0.413037	4.00E-06	2.064989	4.00E-06	0	0	0	-0.13	0	0.305	0	0	0
2.905	-12.223453	348.01532	-28.195372	0.187373	0	-0.413051	4.00E-06	2.083201	4.00E-06	0	0	0	-0.13	0	0.305	0	0	0
2.906	-12.223453	351.791138	-29.056965	0.187373	0	-0.413106	4.00E-06	2.064989	1.00E-06	0	0	0	-0.13	0	0.305	0	0	0
2.907	-12.223453	352.303009	-29.370493	0.187387	0	-0.413413	7.00E-06	2.02778	1.00E-06	0	0	0	-0.13	0	0.305	0	0	0
2.908	-12.299138	355.405762	-30.545528	0.187841	0	-0.413646	7.00E-06	2.02778	4.00E-06	0	0	0	-0.13	0	0.305	0	0	0
2.909	-12.768409	358.506531	-31.015753	0.187841	0	-0.413413	2.00E-06	2.041576	5.00E-06	0	0	0	-0.13	0	0.305	0	0	0
2.91	-12.768409	360.217255	-31.485695	0.187266	0	-0.413159	2.00E-06	2.044254	4.00E-06	0	0	0	-0.13	0	0.305	0	0	0
2.911	-12.930606	362.123108	-32.112663	0.187266	0	-0.41252	5.00E-06	2.115364	5.00E-06	0	0	0	-0.13	0	0.305	0	0	0
2.912	-12.614872	366.752869	-32.739227	0.187299	0	-0.41252	1.20E-05	2.064141	4.00E-06	0	0	0	-0.13	0	0.305	0	0	0
2.913	-12.614872	367.960236	-32.739346	0.187352	0	-0.412623	1.20E-05	2.064141	3.00E-06	0	0	0	-0.13	0	0.305	0	0	0
2.914	-12.614872	371.571381	-34.149296	0.187618	0	-0.414007	7.00E-06	2.056126	1.00E-06	0	0	0	-0.13	0	0.305	0	0	0
2.915	-13.007014	372.597748	-34.384533	0.187618	0	-0.413269	7.00E-06	2.03466	3.00E-06	0	0	0	-0.13	0	0.305	0	0	0
2.916	-13.007014	373.285522	-34.619598	0.187207	0	-0.413269	7.00E-06	2.056126	4.00E-06	0	0	0	-0.13	0	0.305	0	0	0
2.917	-13.006291	378.449554	-35.011295	0.187207	0	-0.412359	5.00E-06	2.03466	4.00E-06	0	0	0	-0.13	0	0.305	0	0	0
2.918	-12.929163	380.331848	-35.089664	0.187207	0	-0.412359	5.00E-06	1.970219	2.00E-06	0	0	0	-0.13	0	0.305	0	0	0
2.919	-13.006291	381.025024	-35.63802	0.187412	0	-0.412359	5.00E-06	1.970219	0	0	0	0	-0.13	0	0.305	0	0	0
2.92	-13.398434	383.781738	-36.499855	0.187071	0	-0.412454	1.10E-05	2.033194	0	0	0	0	-0.13	0	0.305	0	0	0
2.921	-13.946276	387.727722	-36.499939	0.187029	0	-0.412274	1.10E-05	2.073362	6.00E-06	0	0	0	-0.13	0	0.305	0	0	0
2.922	-13.946276	389.112457	-37.048409	0.187029	0	-0.411921	1.10E-05	2.095339	6.00E-06	0	0	0	-0.13	0	0.305	0	0	0
2.923	-13.869867	392.032379	-38.145161	0.186976	0	-0.411921	8.00E-06	2.079094	6.00E-06	0	0	0	-0.13	0	0.305	0	0	0
2.924	-13.47917	393.403229	-38.145161	0.187428	0	-0.412453	8.00E-06	2.079094	2.00E-06	0	0	0	-0.13	0	0.305	0	0	0
2.925	-13.869867	393.924683	-38.145161	0.187618	0	-0.412453	1.00E-05	2.079094	1.00E-06	0	0	0	-0.13	0	0.305	0	0	0
2.926	-14.416268	398.072021	-38.850296	0.187703	0	-0.411347	1.00E-05	2.0957	2.00E-06	0	0	0	-0.13	0	0.305	0	0	0
2.927	-14.416268	399.435883	-39.712051	0.187703	0	-0.411347	6.00E-06	2.0957	2.00E-06	0	0	0	-0.13	0	0.305	0	0	0
2.928	-14.415546	400.639771	-39.790504	0.187703	0	-0.411347	5.00E-06	2.068137	2.00E-06	0	0	0	-0.13	0	0.305	0	0	0
2.929	-14.415546	404.598022	-40.182236	0.187769	0	-0.412301	5.00E-06	2.068137	2.00E-06	0	0	0	-0.13	0	0.305	0	0	0
2.93	-14.807689	404.598022	-40.338818	0.188007	0	-0.412303	5.00E-06	2.068137	3.00E-06	0	0	0	-0.13	0	0.305	0	0	0
2.931	-14.962668	405.452362	-40.416908	0.187769	0	-0.412303	6.00E-06	2.079352	3.00E-06	0	0	0	-0.13	0	0.305	0	0	0
2.932	-15.353365	408.375732	-41.122402	0.187725	0	-0.412203	9.00E-06	2.102275	3.00E-06	0	0	0	-0.13	0	0.305	0	0	0
2.933	-15.353365	410.77533	-41.279186	0.187418	0	-0.412177	1.10E-05	2.102275	2.00E-06	0	0	0	-0.13	0	0.305	0	0	0
2.934	-15.353365	413.188812	-41.90583	0.187418	0	-0.411458	1.10E-05	2.034175	1.00E-06	0	0	0	-0.13	0	0.305	0	0	0
2.935	-15.586198	414.231415	-42.532516	0.187758	0	-0.411458	7.00E-06	2.021368	1.00E-06	0	0	0	-0.13	0	0.305	0	0	0
2.936	-15.586198	416.118744	-42.924206	0.187809	0	-0.411683	7.00E-06	2.011899	2.00E-06	0	0	0	-0.13	0	0.305	0	0	0
2.937	-15.588363	416.283447	-42.924206	0.187758	0	-0.411693	1.10E-05	2.011899	4.00E-06	0	0	0	-0.13	0	0.305	0	0	0
2.938	-15.985555	417.306335	-43.707634	0.187271	0	-0.412015	1.30E-05	2.043675	2.00E-06	0	0	0	-0.13	0	0.305	0	0	0
2.939	-15.985555	417.996429	-44.256107	0.187271	0	-0.412034	1.30E-05	2.043675	2.00E-06	0	0	0	-0.13	0	0.305	0	0	0
2.94	-15.904095	419.717896	-45.039295	0.18753	0	-0.412034	1.30E-05	1.978971	2.00E-06	0	0	0	-0.13	0	0.305	0	0	0
2.941	-15.904095	423.162048	-45.666138	0.187616	0	-0.411795	4.00E-06	1.93044	4.00E-06	0	0	0	-0.13	0	0.305	0	0	0
2.942	-15.826243	423.162048	-45.744549	0.187791	0	-0.411351	2.00E-06	1.967075	5.00E-06	0	0	0	-0.13	0	0.305	0	0	0
2.943	-15.828408	423.162048	-45.744549	0.187616	0	-0.411351	2.00E-06	1.967075	5.00E-06	0	0	0	-0.13	0	0.305	0	0	0
2.944	-15.826243	424.184937	-46.214653	0.187585	0	-0.412025	9.00E-06	1.967075	6.00E-06	0	0	0	-0.13	0	0.305	0	0	0
2.945	-15.828408	424.536743	-46.998001	0.187326	0	-0.412025	1.30E-05	1.967722	2.00E-06	0	0	0	-0.13	0	0.305	0	0	0
2.946	-15.904817	425.914154	-46.998158	0.187326	0	-0.411824	9.00E-06	1.967722	3.00E-06	0	0	0	-0.13	0	0.305	0	0	0
2.947	-15.904817	426.598022	-48.172997	0.187365	0	-0.411824	6.00E-06	1.994947	3.00E-06	0	0	0	-0.13	0	0.305	0	0	0
2.948	-15.754167	426.598022	-48.329819	0.187365	0	-0.411861	6.00E-06	1.994947	6.00E-06	0	0	0	-0.13	0	0.305	0	0	0
2.949	-15.754167	426.598022	-49.739769	0.187065	0	-0.41193	4.00E-06	1.897056	6.00E-06	0	0	0	-0.13	0	0.305	0	0	0
2.95	-15.37285	429.688019	-51.698433	0.187016	0	-0.412722	1.00E-05	1.897056	2.00E-06	0	0	0	-0.13	0	0.305	0	0	0
2.951	-16.074949	429.851562	-52.795021	0.187065	0	-0.412888	1.00E-05	1.866798	2.00E-06	0	0	0	-0.13	0	0.305	0	0	0
2.952	-15.770041	430.041321	-53.656097	0.187334	0	-0.412722	1.00E-05	1.939483	2.00E-06	0	0	0	-0.13	0	0.305	0	0	0
2.953	-16.074949	430.041321	-53.656097	0.187336	0	-0.412892	9.00E-06	1.939483	5.00E-06	0	0	0	-0.13	0	0.305	0	0	0
2.954	-16.70425	431.946899	-53.656097	0.187336	0	-0.411993	7.00E-06	2.068667	0.00E+00	0	0	0	-0.13	0	0.305	0	0	0
2.955	-16.942133	431.946899	-55.301277	0.187412	0	-0.411457	7.00E-06	2.068667	5.00E-06	0	0	0	-0.13	0	0.305	0	0	0
2.956	-17.099279	431.946899	-56.006535	0.187026	0	-0.411457	8.00E-06	2.026022	3.00E-06	0	0	0	-0.13	0	0.305	0	0	0
2.957	-16.942133	432.811218	-56.163395	0.187342	0	-0.411457	1.20E-05	2.003181	7.00E-06	0	0	0	-0.13	0	0.305	0	0	0
2.958	-17.019264	432.282837	-56.006535	0.187026	0	-0.411145	1.20E-05	2.003181	6.00E-06	0	0	0	-0.13	0	0.305	0	0	0
2.959	-17.019264	432.294006	-55.77179	0.186854	0	-0.410774	8.00E-06	1.903426	6.00E-06	0	0	0	-0.13	0	0.305	0	0	0
2.96	-17.019264	432.294006	-55.77179	0.18677	0	-0.410718	8.00E-06	1.861754	6.00E-06	0	0	0	-0.13	0	0.305	0	0	0
2.961	-16.857788	432.294006	-55.928371	0.18683	0	-0.410718	1.00E-05	1.797103	4.00E-06	0	0	0	-0.13	0	0.305	0	0	0
2.962	-16.857788	432.454498	-56.241688	0.18683	0	-0.411703	1.10E-05	1.797103	6.00E-06	0	0	0	-0.13	0	0.305	0	0	0
2.963	-17.40419	432.638428	-57.260674	0.187058	0	-0.411703	1.00E-05	1.836327	6.00E-06	0	0	0	-0.13	0	0.305	0	0	0
2.964	-17.714149	436.429321	-57.417168	0.187116	0	-0.411062	1.10E-05	1.836327	8.00E-06	0	0	0	-0.13	0	0.305	0	0	0
2.965	-17.717758	436.429321	-57.417328	0.187058	0	-0.410232	6.00E-06	1.817301	8.00E-06	0	0	0	-0.13	0	0.305	0	0	0
2.966	-17.714149	436.429321	-57.887352	0.187535	0	-0.410553	6.00E-06	1.817301	5.00E-06	0	0	0	-0.13	0	0.305	0	0	0
2.967	-17.794888	438.161621	-58.122543	0.187279	0	-0.410553	6.00E-06	1.817301	5.00E-06	0	0	0	-0.13	0	0.305	0	0	0
2.968	-18.181978	438.161621	-58.122543	0.187279	0	-0.410943	4.00E-06	1.809707	4.00E-06	0	0	0	-0.13	0	0.305	0	0	0
2.969	-18.181978	439.350769	-57.809143	0.187198	0	-0.410943	1.20E-05	1.801792	4.00E-06	0	0	0	-0.13	0	0.305	0	0	0
2.97	-18.104128	440.212891	-57.809143	0.187146	0	-0.410613	5.00E-06	1.805818	4.00E-06	0	0	0	-0.13	0	0.305	0	0	0
2.971	-18.104128	440.212891	-58.279285	0.187044	0	-0.410418	1.20E-05	1.805818	2.00E-06	0	0	0	-0.13	0	0.305	0	0	0
2.972	-18.339121	440.735535	-58.279285	0.187044	0	-0.410418	1.20E-05	1.834503	2.00E-06	0	0	0	-0.13	0	0.305	0	0	0
2.973	-18.726212	440.727783	-58.749393	0.187167	0	-0.410418	1.20E-05	1.834503	2.00E-06	0	0	0	-0.13	0	0.305	0	0	0
2.974	-18.886242	440.727783	-58.984585	0.187167	0	-0.410404	1.10E-05	1.834503	2.00E-06	0	0	0	-0.13	0	0.305	0	0	0
2.975	-19.658257	440.727783	-63.138275	0.18697	0	-0.410357	1.10E-05	1.784153	6.00E-06	0	0	0	-0.13	0	0.305	0	0	0
2.976	-19.658257	441.758118	-63.138275	0.18697	0	-0.410263	9.00E-06	1.762338	3.00E-06	0	0	0	-0.13	0	0.305	0	0	0
2.977	-18.75716	441.758118	-58.910599	0.187008	0	-0.409854	6.00E-06	1.753288	6.00E-06	0	0	0	-0.13	0	0.305	0	0	0
2.978	-18.675701	440.908722	-53.818066	0.187757	0	-0.409854	6.00E-06	1.762338	3.00E-06	0	0	0	-0.13	0	0.305	0	0	0
2.979	-18.675701	440.908722	-53.818066	0.187757	0	-0.409854	8.00E-06	1.860222	6.00E-06	0	0	0	-0.13	0	0.305	0	0	0
2.98	-19.912659	441.939758	-62.045589	0.187382	0	-0.410722	1.10E-05	1.860222	4.00E-06	0	0	0	-0.13	0	0.305	0	0	0
2.981	-19.912659	447.25	-62.045589	0.187297	0	-0.410722	8.00E-06	1.682527	4.00E-06	0	0	0	-0.13	0	0.305	0	0	0
2.982	-17.171999	447.25	-59.774086	0.187297	0	-0.409262	8.00E-06	1.43085	4.00E-06	0	0	0	-0.13	0	0.305	0	0	0
2.983	-17.171999	446.230957	-54.210846	0.187498	0	-0.409262	6.00E-06	1.43085	7.00E-06	0	0	0	-0.13	0	0.305	0	0	0
2.984	-20.771906	444.892456	-54.210846	0.187805	0	-0.409262	6.00E-06	1.79065	7.00E-06	0	0	0	-0.13	0	0.305	0	0	0
2.985	-23.053394	444.892456	-57.657753	0.187805	0	-0.409568	6.00E-06	1.79065	1.00E-06	0	0	0	-0.13	0	0.305	0	0	0
2.986	-23.053394	447.970093	-59.536919	0.187299	0	-0.408462	7.00E-06	1.760833	1.00E-06	0	0	0	-0.13	0	0.305	0	0	0
2.987	-20.193115	452.964081	-59.849037	0.187254	0	-0.408462	1.00E-05	1.753648	1.00E-06	0	0	0	-0.13	0	0.305	0	0	0
2.988	-20.193115	453.458557	-60.944855	0.187254	0	-0.408462	1.00E-05	1.753648	0.00E+00	0	0	0	-0.13	0	0.305	0	0	0
2.989	-22.075968	453.458557	-60.944855	0.187254	0	-0.409259	1.00E-06	1.753648	2.00E-06	0	0	0	-0.13	0	0.305	0	0	0
2.99	-22.7824	450.891998	-59.768051	0.187257	0	-0.409475	1.00E-06	1.899728	2.00E-06	0	0	0	-0.13	0	0.305	0	0	0
2.991	-22.7824	450.034149	-57.652687	0.187257	0	-0.409475	1.20E-05	1.749364	3.00E-06	0	0	0	-0.13	0	0.305	0	0	0
2.992	-22.317459	450.034149	-57.652687	0.186674	0	-0.409475	1.20E-05	1.807936	3.00E-06	0	0	0	-0.13	0	0.305	0	0	0
2.993	-22.238888	451.232971	-58.671101	0.186674	0	-0.409211	1.00E-05	1.749364	3.00E-06	0	0	0	-0.13	0	0.305	0	0	0
2.994	-22.238888	451.232971	-58.984703	0.186796	0	-0.409143	1.00E-05	1.807936	5.00E-06	0	0	0	-0.13	0	0.305	0	0	0
2.995	-22.238888	450.729218	-58.984703	0.187186	0	-0.409143	1.10E-05	1.686489	5.00E-06	0	0	0	-0.13	0	0.305	0	0	0
2.996	-22.390261	450.729218	-58.59277	0.187186	0	-0.409143	1.30E-05	1.853572	4.00E-06	0	0	0	-0.13	0	0.305	0	0	0
2.997	-22.703829	450.54715	-57.966248	0.187176	0	-0.408989	2.00E-05	1.777718	-1.00E-06	0	0	0	-0.13	0	0.305	0	0	0
2.998	-22.703829	450.54715	-57.88784	0.187009	0	-0.4087	2.00E-05	1.777718	-1.00E-06	0	0	0	-0.13	0	0.305	0	0	0
2.999	-22.703829	450.54715	-57.88784	0.187009	0	-0.408989	1.20E-05	1.695318	1.00E-06	0	0	0	-0.13	0	0.305	0	0	0
3	-22.70455	450.385162	-58.435947	0.187009	0	-0.409236	1.20E-05	1.656256	1.00E-06	0	0	0	-0.13	0	0.305	0	0	0
3.001	-22.935936	448.316498	-58.435947	0.186978	0	-0.409236	1.20E-05	1.642321	1.00E-06	0	0	0	-0.13	0	0.305	0	0	0
3.002	-23.170935	448.316498	-58.279366	0.186864	0	-0.40918	8.00E-06	1.656256	-2.00E-06	0	0	0	-0.13	0	0.305	0	0	0
3.003	-23.170935	448.150269	-58.279327	0.186586	0	-0.408748	8.00E-06	1.607541	4.00E-06	0	0	0	-0.13	0	0.305	0	0	0
3.004	-23.088753	449.001923	-58.122753	0.186586	0	-0.408945	8.00E-06	1.617387	1.00E-06	0	0	0	-0.13	0	0.305	0	0	0
3.005	-23.088753	448.150269	-57.88784	0.187002	0	-0.408945	3.00E-06	1.617387	1.00E-06	0	0	0	-0.13	0	0.305	0	0	0
3.006	-23.16877	448.320801	-57.574593	0.187002	0	-0.408945	3.00E-06	1.722844	1.00E-06	0	0	0	-0.13	0	0.305	0	0	0
3.007	-23.482338	447.989441	-57.026039	0.186966	0	-0.408599	1.00E-06	1.722844	1.00E-06	0	0	0	-0.13	0	0.305	0	0	0
3.008	-23.559465	447.989441	-57.025997	0.186743	0	-0.408599	1.00E-05	1.649971	5.00E-06	0	0	0	-0.13	0	0.305	0	0	0
3.009	-23.559465	446.937561	-57.026039	0.18664	0	-0.409081	0.00E+00	1.481221	8.00E-06	0	0	0	-0.13	0	0.305	0	0	0
3.01	-23.559465	446.937561	-57.025879	0.18664	0	-0.409081	9.00E-06	1.612958	8.00E-06	0	0	0	-0.13	0	0.305	0	0	0
3.011	-23.715168	446.770538	-57.025879	0.186418	0	-0.409143	4.00E-06	1.612958	-1.00E-06	0	0	0	-0.13	0	0.305	0	0	0
3.012	-23.715168	446.770538	-56.398914	0.18686	0	-0.409143	4.00E-06	1.612958	-1.00E-06	0	0	0	-0.13	0	0.305	0	0	0
3.013	-23.56163	446.093201	-56.085472	0.18712	0	-0.409143	4.00E-06	1.635949	0	0	0	0	-0.13	0	0.305	0	0	0
3.014	-23.559465	446.091309	-55.92881	0.187121	0	-0.408661	2.00E-06	1.59055	2.00E-06	0	0	0	-0.13	0	0.305	0	0	0
3.015	-23.56163	446.093201	-55.928768	0.18712	0	-0.408644	7.00E-06	1.60992	7.00E-06	0	0	0	-0.13	0	0.305	0	0	0
3.016	-23.559465	447.478363	-54.988518	0.187121	0	-0.408054	4.00E-06	1.557918	6.00E-06	0	0	0	-0.13	0	0.305	0	0	0
3.017	-23.404488	447.478363	-54.910107	0.186994	0	-0.408054	1.00E-05	1.571273	6.00E-06	0	0	0	-0.13	0	0.305	0	0	0
3.018	-23.323029	444.878967	-53.969856	0.187005	0	-0.408362	6.00E-06	1.486387	1.00E-06	0	0	0	-0.13	0	0.305	0	0	0
3.019	-23.404488	444.878967	-53.578167	0.18687	0	-0.408362	6.00E-06	1.571273	1.00E-06	0	0	0	-0.13	0	0.305	0	0	0
3.02	-23.565239	443.687866	-53.499561	0.186813	0	-0.408362	6.00E-06	1.602568	1.00E-06	0	0	0	-0.13	0	0.305	0	0	0
3.021	-23.877365	442.652557	-53.499561	0.186601	0	-0.408435	4.00E-06	1.634244	0	0	0	0	-0.13	0	0.305	0	0	0
3.022	-23.953049	442.652557	-53.499634	0.186601	0	-0.408435	8.00E-06	1.612095	0	0	0	0	-0.13	0	0.305	0	0	0
3.023	-23.953049	443.343445	-53.499634	0.187118	0	-0.408341	8.00E-06	1.612095	3.00E-06	0	0	0	-0.13	0	0.305	0	0	0
3.024	-23.953049	444.379822	-52.637836	0.187174	0	-0.408016	9.00E-06	1.566199	4.00E-06	0	0	0	-0.13	0	0.305	0	0	0
3.025	-24.030901	443.343445	-52.637836	0.187324	0	-0.407567	8.00E-06	1.566199	4.00E-06	0	0	0	-0.13	0	0.305	0	0	0
3.026	-24.105146	443.007477	-52.637836	0.187324	0	-0.407567	1.40E-05	1.540479	4.00E-06	0	0	0	-0.13	0	0.305	0	0	0
3.027	-24.105146	443.007477	-52.481339	0.187049	0	-0.407578	7.00E-06	1.540479	3.00E-06	0	0	0	-0.13	0	0.305	0	0	0
3.028	-24.105146	443.005493	-52.089443	0.187049	0	-0.40819	1.50E-05	1.540479	4.00E-06	0	0	0	-0.13	0	0.305	0	0	0
3.029	-24.182997	443.005493	-52.011074	0.187277	0	-0.40819	1.00E-05	1.452938	8.00E-06	0	0	0	-0.13	0	0.305	0	0	0
3.03	-24.182997	439.726105	-52.011074	0.187277	0	-0.40819	1.00E-05	1.462	8.00E-06	0	0	0	-0.13	0	0.305	0	0	0
3.031	-24.259403	439.726105	-52.011074	0.187027	0	-0.408019	7.00E-06	1.462	8.00E-06	0	0	0	-0.13	0	0.305	0	0	0
3.032	-24.023685	439.737274	-51.698071	0.187027	0	-0.408019	6.00E-06	1.527667	3.00E-06	0	0	0	-0.13	0	0.305	0	0	0
3.033	-24.023685	440.255737	-50.836155	0.187184	0	-0.408019	6.00E-06	1.527667	3.00E-06	0	0	0	-0.13	0	0.305	0	0	0
3.034	-24.023685	439.737274	-50.836155	0.187206	0	-0.40814	6.00E-06	1.527667	7.00E-06	0	0	0	-0.13	0	0.305	0	0	0
3.035	-24.726509	439.223083	-50.836155	0.187184	0	-0.408732	9.00E-06	1.595722	7.00E-06	0	0	0	-0.13	0	0.305	0	0	0
3.036	-24.726509	438.02356	-50.130859	0.187222	0	-0.408732	9.00E-06	1.595722	5.00E-06	0	0	0	-0.13	0	0.305	0	0	0
3.037	-24.726509	437.84729	-50.052689	0.187222	0	-0.40814	1.80E-05	1.594218	3.00E-06	0	0	0	-0.13	0	0.305	0	0	0
3.038	-25.039358	437.84729	-49.739124	0.187222	0	-0.40814	7.00E-06	1.594218	4.00E-06	0	0	0	-0.13	0	0.305	0	0	0
3.039	-25.117929	435.607361	-49.660633	0.187098	0	-0.40814	8.00E-06	1.561598	4.00E-06	0	0	0	-0.13	0	0.305	0	0	0
3.04	-25.120815	435.607361	-49.268738	0.187098	0	-0.408482	7.00E-06	1.550465	4.00E-06	0	0	0	-0.13	0	0.305	0	0	0
3.041	-25.977175	435.439941	-49.033909	0.187098	0	-0.408031	8.00E-06	1.543179	1.00E-06	0	0	0	-0.13	0	0.305	0	0	0
3.042	-25.977175	434.240723	-47.780216	0.187083	0	-0.407638	9.00E-06	1.543179	1.00E-06	0	0	0	-0.13	0	0.305	0	0	0
3.043	-25.824362	434.070679	-47.388527	0.186976	0	-0.407638	1.00E-05	1.543179	4.00E-06	0	0	0	-0.13	0	0.305	0	0	0
3.044	-25.586479	433.54837	-47.388363	0.186827	0	-0.407656	1.00E-05	1.472705	5.00E-06	0	0	0	-0.13	0	0.305	0	0	0
3.045	-25.430779	432.85257	-47.153053	0.186976	0	-0.407766	1.20E-05	1.42412	5.00E-06	0	0	0	-0.13	0	0.305	0	0	0
3.046	-25.586479	432.163605	-47.074516	0.187109	0	-0.408795	7.00E-06	1.42412	1.00E-06	0	0	0	-0.13	0	0.305	0	0	0
3.047	-25.745787	430.268158	-47.074516	0.187151	0	-0.408795	1.00E-05	1.469154	1.00E-06	0	0	0	-0.13	0	0.305	0	0	0
3.048	-25.745787	428.904297	-46.055981	0.187151	0	-0.408391	7.00E-06	1.484971	2.00E-06	0	0	0	-0.13	0	0.305	0	0	0
3.049	-25.745068	428.904297	-45.742619	0.187032	0	-0.408391	1.00E-05	1.484971	2.00E-06	0	0	0	-0.13	0	0.305	0	0	0
3.05	-25.745068	427.861694	-45.115692	0.187017	0	-0.408745	8.00E-06	1.430004	4.00E-06	0	0	0	-0.13	0	0.305	0	0	0
3.051	-26.05575	426.49231	-44.724037	0.187032	0	-0.40884	1.30E-05	1.430004	6.00E-06	0	0	0	-0.13	0	0.305	0	0	0
3.052	-26.05575	425.966614	-44.723919	0.186853	0	-0.409018	1.40E-05	1.437301	6.00E-06	0	0	0	-0.13	0	0.305	0	0	0
3.053	-26.059357	423.903381	-43.862038	0.186853	0	-0.409018	1.70E-05	1.442973	1.00E-06	0	0	0	-0.13	0	0.305	0	0	0
3.054	-26.059357	423.903381	-42.608353	0.186853	0	-0.40892	1.40E-05	1.464511	1.00E-06	0	0	0	-0.13	0	0.305	0	0	0
3.055	-26.058636	425.639557	-42.529938	0.187139	0	-0.407823	7.00E-06	1.464511	3.00E-06	0	0	0	-0.13	0	0.305	0	0	0
3.056	-25.978619	425.639557	-42.294868	0.187139	0	-0.407823	7.00E-06	1.416203	4.00E-06	0	0	0	-0.13	0	0.305	0	0	0
3.057	-25.978619	423.041656	-41.981461	0.187139	0	-0.408575	7.00E-06	1.340959	4.00E-06	0	0	0	-0.13	0	0.305	0	0	0
3.058	-25.978619	421.501495	-41.667938	0.186891	0	-0.408844	7.00E-06	1.32211	7.00E-06	0	0	0	-0.13	0	0.305	0	0	0
3.059	-26.293629	421.501495	-41.119587	0.187003	0	-0.408844	8.00E-06	1.32211	4.00E-06	0	0	0	-0.13	0	0.305	0	0	0
3.06	-26.918602	421.501495	-40.962967	0.186954	0	-0.408208	5.00E-06	1.387729	4.00E-06	0	0	0	-0.13	0	0.305	0	0	0
3.061	-26.450775	420.990051	-40.806023	0.186954	0	-0.408208	1.00E-05	1.409852	4.00E-06	0	0	0	-0.13	0	0.305	0	0	0
3.062	-26.681442	417.546692	-40.022438	0.186749	0	-0.40895	5.00E-06	1.409852	2.00E-06	0	0	0	-0.13	0	0.305	0	0	0
3.063	-26.604313	417.546692	-39.474083	0.186749	0	-0.40895	1.50E-05	1.334435	4.00E-06	0	0	0	-0.13	0	0.305	0	0	0
3.064	-26.681442	417.546692	-39.317261	0.186749	0	-0.40875	1.30E-05	1.334435	2.00E-06	0	0	0	-0.13	0	0.305	0	0	0
3.065	-26.604313	417.370789	-39.08223	0.186669	0	-0.40875	1.30E-05	1.334017	4.00E-06	0	0	0	-0.13	0	0.305	0	0	0
3.066	-26.761459	417.370789	-38.612164	0.186513	0	-0.408647	8.00E-06	1.365154	4.00E-06	0	0	0	-0.13	0	0.305	0	0	0
3.067	-26.761459	417.547058	-38.612164	0.186513	0	-0.408685	8.00E-06	1.238282	4.00E-06	0	0	0	-0.13	0	0.305	0	0	0
3.068	-26.761459	417.547058	-38.612045	0.186906	0	-0.408685	6.00E-06	1.228883	4.00E-06	0	0	0	-0.13	0	0.305	0	0	0
3.069	-27.072138	416.510254	-38.376892	0.186906	0	-0.408685	6.00E-06	1.228883	4.00E-06	0	0	0	-0.13	0	0.305	0	0	0
3.07	-27.072138	414.963501	-37.671837	0.186772	0	-0.409045	6.00E-06	1.290036	4.00E-06	0	0	0	-0.13	0	0.305	0	0	0
3.071	-27.072138	415.486511	-37.436806	0.186772	0	-0.408596	6.00E-06	1.335352	1.00E-06	0	0	0	-0.13	0	0.305	0	0	0
3.072	-26.683607	415.486511	-37.436806	0.187098	0	-0.408749	1.20E-05	1.335352	1.00E-06	0	0	0	-0.13	0	0.305	0	0	0
3.073	-26.526461	415.486511	-37.436806	0.187098	0	-0.408749	5.00E-06	1.299029	1.00E-06	0	0	0	-0.13	0	0.305	0	0	0
3.074	-26.683607	413.758118	-36.496475	0.187262	0	-0.409107	5.00E-06	1.299029	4.00E-06	0	0	0	-0.13	0	0.305	0	0	0
3.075	-26.684328	413.758118	-36.261444	0.187262	0	-0.409107	5.00E-06	1.340068	4.00E-06	0	0	0	-0.13	0	0.305	0	0	0
3.076	-27.307856	413.237762	-36.261444	0.187262	0	-0.408738	3.00E-06	1.341912	4.00E-06	0	0	0	-0.13	0	0.305	0	0	0
3.077	-27.307856	413.250916	-36.261444	0.186594	0	-0.407983	6.00E-06	1.340068	4.00E-06	0	0	0	-0.13	0	0.305	0	0	0
3.078	-26.83931	412.54541	-36.261444	0.186594	0	-0.408738	6.00E-06	1.304816	2.00E-06	0	0	0	-0.13	0	0.305	0	0	0
3.079	-26.83931	412.73291	-36.104622	0.186922	0	-0.408057	6.00E-06	1.173912	4.00E-06	0	0	0	-0.13	0	0.305	0	0	0
3.08	-26.83931	412.54541	-35.164337	0.186957	0	-0.408565	1.00E-06	1.246103	2.00E-06	0	0	0	-0.13	0	0.305	0	0	0
3.081	-26.685049	412.383026	-35.164295	0.186957	0	-0.408472	1.00E-06	1.246103	3.00E-06	0	0	0	-0.13	0	0.305	0	0	0
3.082	-26.685049	410.493011	-35.164337	0.186883	0	-0.408565	1.00E-06	1.246103	3.00E-06	0	0	0	-0.13	0	0.305	0	0	0
3.083	-26.685049	410.840576	-35.086006	0.186742	0	-0.408472	-2.00E-06	1.126125	3.00E-06	0	0	0	-0.13	0	0.305	0	0	0
3.084	-26.292189	410.840576	-34.929184	0.186742	0	-0.409215	3.00E-06	1.036602	0.00E+00	0	0	0	-0.13	0	0.305	0	0	0
3.085	-26.292189	410.840576	-34.77264	0.187042	0	-0.408909	3.00E-06	1.126125	0	0	0	0	-0.13	0	0.305	0	0	0
3.086	-26.286413	409.638641	-34.145836	0.187683	0	-0.408909	4.00E-06	1.168998	3.00E-06	0	0	0	-0.13	0	0.305	0	0	0
3.087	-26.292189	409.625519	-33.988934	0.187042	0	-0.408776	4.00E-06	1.169206	4.00E-06	0	0	0	-0.13	0	0.305	0	0	0
3.088	-26.524296	409.274902	-33.518829	0.186803	0	-0.408255	9.00E-06	1.168998	4.00E-06	0	0	0	-0.13	0	0.305	0	0	0
3.089	-26.524296	407.059692	-33.44054	0.186803	0	-0.40858	5.00E-06	1.110711	3.00E-06	0	0	0	-0.13	0	0.305	0	0	0
3.09	-26.524296	407.059692	-33.205349	0.186897	0	-0.40858	1.00E-05	1.110711	3.00E-06	0	0	0	-0.13	0	0.305	0	0	0
3.091	-26.837866	407.052002	-32.657036	0.186897	0	-0.408662	8.00E-06	1.176707	3.00E-06	0	0	0	-0.13	0	0.305	0	0	0
3.092	-26.837866	407.223602	-32.578705	0.186897	0	-0.408662	9.00E-06	1.191199	3.00E-06	0	0	0	-0.13	0	0.305	0	0	0
3.093	-26.604313	407.399933	-32.421921	0.187107	0	-0.408662	9.00E-06	1.193991	4.00E-06	0	0	0	-0.13	0	0.305	0	0	0
3.094	-26.527182	407.399933	-32.421921	0.187295	0	-0.408842	9.00E-06	1.193991	4.00E-06	0	0	0	-0.13	0	0.305	0	0	0
3.095	-26.215057	407.407623	-31.951614	0.187539	0	-0.408842	8.00E-06	1.154073	2.00E-06	0	0	0	-0.13	0	0.305	0	0	0
3.096	-26.215057	407.051208	-31.716625	0.187644	0	-0.408679	7.00E-06	1.154073	2.00E-06	0	0	0	-0.13	0	0.305	0	0	0
3.097	-26.684328	407.051208	-31.16811	0.187644	0	-0.408679	7.00E-06	1.159844	2.00E-06	0	0	0	-0.13	0	0.305	0	0	0
3.098	-26.758574	406.539001	-31.16811	0.187495	0	-0.408679	5.00E-06	1.159844	2.00E-06	0	0	0	-0.13	0	0.305	0	0	0
3.099	-26.759295	406.539001	-30.306473	0.187459	0	-0.408818	3.00E-06	1.159844	2.00E-06	0	0	0	-0.13	0	0.305	0	0	0
3.1	-26.759295	406.539001	-30.306473	0.187459	0	-0.408964	3.00E-06	1.048766	3.00E-06	0	0	0	-0.13	0	0.305	0	0	0
3.101	-26.759295	406.203369	-30.30619	0.187459	0	-0.408964	9.00E-06	1.152768	4.00E-06	0	0	0	-0.13	0	0.305	0	0	0
3.102	-26.993567	405.83075	-29.836288	0.187126	0	-0.408964	9.00E-06	1.152768	5.00E-06	0	0	0	-0.13	0	0.305	0	0	0
3.103	-26.993567	406.203369	-29.444473	0.187126	0	-0.408721	9.00E-06	1.152768	4.00E-06	0	0	0	-0.13	0	0.305	0	0	0
3.104	-26.757849	406.876099	-28.974373	0.187126	0	-0.408721	7.00E-06	1.168693	2.00E-06	0	0	0	-0.13	0	0.305	0	0	0
3.105	-26.757849	406.876099	-28.974373	0.1871	0	-0.408721	7.00E-06	1.168693	2.00E-06	0	0	0	-0.13	0	0.305	0	0	0
3.106	-26.599262	404.628448	-28.73926	0.187925	0	-0.409105	7.00E-06	1.168693	3.00E-06	0	0	0	-0.13	0	0.305	0	0	0
3.107	-26.837145	404.628448	-28.034042	0.187836	0	-0.409105	6.00E-06	1.128364	3.00E-06	0	0	0	-0.13	0	0.305	0	0	0
3.108	-26.837145	404.112396	-27.955751	0.187836	0	-0.409105	6.00E-06	1.128364	3.00E-06	0	0	0	-0.13	0	0.305	0	0	0
3.109	-26.992847	404.112396	-27.250696	0.187499	0	-0.408657	8.00E-06	1.128364	2.00E-06	0	0	0	-0.13	0	0.305	0	0	0
3.11	-26.992847	404.112396	-27.250696	0.187215	0	-0.408192	1.20E-05	1.039804	2.00E-06	0	0	0	-0.13	0	0.305	0	0	0
3.111	-27.224955	404.120087	-27.015425	0.187215	0	-0.408192	8.00E-06	1.039804	2.00E-06	0	0	0	-0.13	0	0.305	0	0	0
3.112	-26.835701	404.120087	-27.015425	0.187215	0	-0.409234	8.00E-06	1.039804	4.00E-06	0	0	0	-0.13	0	0.305	0	0	0
3.113	-27.305691	403.618652	-26.466909	0.18741	0	-0.409234	8.00E-06	1.097899	4.00E-06	0	0	0	-0.13	0	0.305	0	0	0
3.114	-27.463558	402.23349	-26.075174	0.18741	0	-0.408906	3.00E-06	1.062087	4.00E-06	0	0	0	-0.13	0	0.305	0	0	0
3.115	-27.463558	402.06189	-25.605192	0.1871	0	-0.408067	3.00E-06	1.109599	1.00E-06	0	0	0	-0.13	0	0.305	0	0	0
3.116	-27.223515	402.06189	-25.448372	0.1871	0	-0.408906	3.00E-06	1.062087	2.00E-06	0	0	0	-0.13	0	0.305	0	0	0
3.117	-27.223515	402.06189	-25.448372	0.186946	0	-0.408957	7.00E-06	1.037054	2.00E-06	0	0	0	-0.13	0	0.305	0	0	0
3.118	-27.223515	399.477905	-25.370199	0.18739	0	-0.408991	7.00E-06	1.035084	2.00E-06	0	0	0	-0.13	0	0.305	0	0	0
3.119	-27.223515	399.477905	-25.291912	0.18739	0	-0.408991	7.00E-06	1.035084	6.00E-06	0	0	0	-0.13	0	0.305	0	0	0
3.12	-26.991402	398.630859	-24.899857	0.18739	0	-0.408206	7.00E-06	1.003207	6.00E-06	0	0	0	-0.13	0	0.305	0	0	0
3.121	-26.91283	398.466583	-24.11639	0.187398	0	-0.407221	7.00E-06	0.953026	7.00E-06	0	0	0	-0.13	0	0.305	0	0	0
3.122	-26.991402	398.461945	-23.881437	0.187398	0	-0.407221	7.00E-06	1.003207	7.00E-06	0	0	0	-0.13	0	0.305	0	0	0
3.123	-27.613489	397.436707	-23.803066	0.187457	0	-0.407797	3.00E-06	0.921752	3.00E-06	0	0	0	-0.13	0	0.305	0	0	0
3.124	-27.613489	396.576508	-23.646126	0.187587	0	-0.407797	9.00E-06	0.921649	1.00E-06	0	0	0	-0.13	0	0.305	0	0	0
3.125	-27.459953	396.246765	-23.332882	0.187799	0	-0.407171	0.00E+00	0.921649	1.00E-06	0	0	0	-0.13	0	0.305	0	0	0
3.126	-27.459232	395.552429	-23.176184	0.187799	0	-0.406966	8.00E-06	1.004838	5.00E-06	0	0	0	-0.13	0	0.305	0	0	0
3.127	-27.459232	393.322632	-22.627827	0.187594	0	-0.406685	-1.00E-06	1.004838	5.00E-06	0	0	0	-0.13	0	0.305	0	0	0
3.128	-27.459232	393.155579	-22.549536	0.1875	0	-0.406685	8.00E-06	0.949128	5.00E-06	0	0	0	-0.13	0	0.305	0	0	0
3.129	-27.691341	393.322632	-22.314304	0.187414	0	-0.406796	1.10E-05	0.919792	2.00E-06	0	0	0	-0.13	0	0.305	0	0	0
3.13	-27.769913	393.005951	-21.84416	0.1875	0	-0.406796	1.10E-05	0.919792	5.00E-06	0	0	0	-0.13	0	0.305	0	0	0
3.131	-28.241348	393.325653	-21.6877	0.187766	0	-0.405652	4.00E-06	0.995285	5.00E-06	0	0	0	-0.13	0	0.305	0	0	0
3.132	-28.241348	393.005951	-21.84416	0.187766	0	-0.405652	4.00E-06	1.022307	7.00E-06	0	0	0	-0.13	0	0.305	0	0	0
3.133	-28.084925	391.984558	-21.6877	0.187766	0	-0.405652	4.00E-06	1.022307	7.00E-06	0	0	0	-0.13	0	0.305	0	0	0
3.134	-28.084925	391.622375	-21.609453	0.187728	0	-0.405704	4.00E-06	1.022307	5.00E-06	0	0	0	-0.13	0	0.305	0	0	0
3.135	-28.7827	391.984558	-21.609453	0.188491	0	-0.405263	9.00E-06	1.014053	5.00E-06	0	0	0	-0.13	0	0.305	0	0	0
3.136	-28.7827	391.989532	-21.765951	0.188491	0	-0.405263	9.00E-06	0.966416	7.00E-06	0	0	0	-0.13	0	0.305	0	0	0
3.137	-28.7827	392.685791	-21.765951	0.188491	0	-0.40418	9.00E-06	0.966416	7.00E-06	0	0	0	-0.13	0	0.305	0	0	0
3.138	-28.861271	392.685791	-21.687902	0.188395	0	-0.403786	8.00E-06	0.996456	4.00E-06	0	0	0	-0.13	0	0.305	0	0	0
3.139	-29.252689	392.355225	-21.609571	0.188283	0	-0.402818	1.00E-05	1.05913	3.00E-06	0	0	0	-0.13	0	0.305	0	0	0
3.14	-29.254854	391.666351	-21.609571	0.188283	0	-0.402818	1.00E-05	1.114285	4.00E-06	0	0	0	-0.13	0	0.305	0	0	0
3.141	-29.876938	391.666351	-21.766472	0.188122	0	-0.402974	1.00E-05	1.114409	5.00E-06	0	0	0	-0.13	0	0.305	0	0	0
3.142	-29.954067	391.666351	-22.314869	0.189035	0	-0.402974	1.50E-05	1.114409	5.00E-06	0	0	0	-0.13	0	0.305	0	0	0
3.143	-29.954067	394.097595	-22.314949	0.189143	0	-0.401267	7.00E-06	1.114409	0	0	0	0	-0.13	0	0.305	0	0	0
3.144	-30.342602	394.097595	-22.628471	0.189199	0	-0.401267	5.00E-06	1.084784	0.00E+00	0	0	0	-0.13	0	0.305	0	0	0
3.145	-30.736187	392.743286	-22.941954	0.189199	0	-0.401032	5.00E-06	1.165096	6.00E-06	0	0	0	-0.13	0	0.305	0	0	0
3.146	-31.127607	392.743286	-23.176785	0.189224	0	-0.401032	8.00E-06	1.084784	6.00E-06	0	0	0	-0.13	0	0.305	0	0	0
3.147	-32.13678	393.954498	-23.960531	0.189622	0	-0.400388	9.00E-06	1.105255	3.00E-06	0	0	0	-0.13	0	0.305	0	0	0
3.148	-32.13678	394.315186	-24.038946	0.189622	0	-0.398542	9.00E-06	1.105255	1.00E-06	0	0	0	-0.13	0	0.305	0	0	0
3.149	-32.373943	394.315186	-25.292919	0.189622	0	-0.398542	9.00E-06	1.123678	3.00E-06	0	0	0	-0.13	0	0.305	0	0	0
3.15	-32.760311	393.630859	-25.371166	0.189439	0	-0.398329	9.00E-06	1.171449	1.00E-06	0	0	0	-0.13	0	0.305	0	0	0
3.151	-32.760311	393.630859	-26.625059	0.189439	0	-0.398121	8.00E-06	1.171449	5.00E-06	0	0	0	-0.13	0	0.305	0	0	0
3.152	-32.760311	392.787354	-27.251663	0.189442	0	-0.397996	7.00E-06	1.171449	5.00E-06	0	0	0	-0.13	0	0.305	0	0	0
3.153	-32.682461	392.287811	-27.800138	0.189862	0	-0.397116	7.00E-06	1.080842	8.00E-06	0	0	0	-0.13	0	0.305	0	0	0
3.154	-32.603886	391.779449	-27.800299	0.189668	0	-0.397078	1.20E-05	1.063937	8.00E-06	0	0	0	-0.13	0	0.305	0	0	0
3.155	-32.603886	391.779449	-28.897167	0.189668	0	-0.396834	1.20E-05	1.063937	3.00E-06	0	0	0	-0.13	0	0.305	0	0	0
3.156	-32.60461	389.031586	-28.897289	0.189379	0	-0.396549	1.10E-05	1.089371	3.00E-06	0	0	0	-0.13	0	0.305	0	0	0
3.157	-33.071716	388.842224	-29.524014	0.189379	0	-0.396251	1.00E-05	1.089371	5.00E-06	0	0	0	-0.13	0	0.305	0	0	0
3.158	-32.683182	388.696808	-29.524054	0.18995	0	-0.396251	8.00E-06	1.077143	5.00E-06	0	0	0	-0.13	0	0.305	0	0	0
3.159	-32.683182	388.696808	-29.524054	0.18995	0	-0.395984	7.00E-06	1.048198	3.00E-06	0	0	0	-0.13	0	0.305	0	0	0
3.16	-32.683182	386.976837	-29.210892	0.189609	0	-0.396059	7.00E-06	1.048198	0	0	0	0	-0.13	0	0.305	0	0	0
3.161	-32.525314	386.46347	-29.210892	0.189609	0	-0.395992	6.00E-06	1.129399	0.00E+00	0	0	0	-0.13	0	0.305	0	0	0
3.162	-32.525314	386.46347	-29.210892	0.189978	0	-0.395992	3.00E-06	1.129399	5.00E-06	0	0	0	-0.13	0	0.305	0	0	0
3.163	-32.446743	386.645172	-29.210892	0.190045	0	-0.394499	6.00E-06	1.106479	5.00E-06	0	0	0	-0.13	0	0.305	0	0	0
3.164	-32.136059	386.645172	-29.210649	0.190045	0	-0.394304	6.00E-06	1.061915	3.00E-06	0	0	0	-0.13	0	0.305	0	0	0
3.165	-32.136059	384.939484	-28.897409	0.190055	0	-0.394021	8.00E-06	0.995367	1.00E-06	0	0	0	-0.13	0	0.305	0	0	0
3.166	-32.136059	384.939484	-28.662336	0.189896	0	-0.393991	8.00E-06	0.995367	3.00E-06	0	0	0	-0.13	0	0.305	0	0	0
3.167	-31.895292	385.460968	-28.897409	0.19005	0	-0.394021	8.00E-06	0.907476	4.00E-06	0	0	0	-0.13	0	0.305	0	0	0
3.168	-31.895292	385.801971	-28.819038	0.19005	0	-0.393991	7.00E-06	1.006608	4.00E-06	0	0	0	-0.13	0	0.305	0	0	0
3.169	-31.895292	385.801971	-28.819241	0.190071	0	-0.393503	8.00E-06	1.006608	3.00E-06	0	0	0	-0.13	0	0.305	0	0	0
3.17	-31.821772	385.801971	-28.819038	0.190071	0	-0.393416	1.00E-05	1.006608	3.00E-06	0	0	0	-0.13	0	0.305	0	0	0
3.171	-31.819607	386.329254	-28.819241	0.189943	0	-0.393388	1.40E-05	1.043781	5.00E-06	0	0	0	-0.13	0	0.305	0	0	0
3.172	-31.819607	385.463715	-28.662579	0.18954	0	-0.393032	1.40E-05	1.043781	5.00E-06	0	0	0	-0.13	0	0.305	0	0	0
3.173	-32.053879	385.463715	-28.74091	0.189529	0	-0.392722	7.00E-06	1.043781	6.00E-06	0	0	0	-0.13	0	0.305	0	0	0
3.174	-32.13245	385.463715	-28.74091	0.189529	0	-0.392722	4.00E-06	0.998163	6.00E-06	0	0	0	-0.13	0	0.305	0	0	0
3.175	-32.13245	387.2099	-28.74091	0.189972	0	-0.391362	2.00E-06	0.998163	6.00E-06	0	0	0	-0.13	0	0.305	0	0	0
3.176	-32.520264	387.2099	-28.584328	0.190058	0	-0.390727	4.00E-06	0.998163	6.00E-06	0	0	0	-0.13	0	0.305	0	0	0
3.177	-32.520264	387.2099	-28.427626	0.190058	0	-0.390515	1.30E-05	0.956521	6.00E-06	0	0	0	-0.13	0	0.305	0	0	0
3.178	-32.206696	387.046722	-28.427626	0.19019	0	-0.390515	1.30E-05	0.921984	6.00E-06	0	0	0	-0.13	0	0.305	0	0	0
3.179	-32.206696	387.048645	-28.427626	0.190252	0	-0.390573	4.00E-06	0.921984	6.00E-06	0	0	0	-0.13	0	0.305	0	0	0
3.18	-32.206696	387.048645	-28.506159	0.190417	0	-0.390573	4.00E-06	0.919695	6.00E-06	0	0	0	-0.13	0	0.305	0	0	0
3.181	-32.131008	387.048645	-28.506159	0.190449	0	-0.390573	4.00E-06	0.922821	5.00E-06	0	0	0	-0.13	0	0.305	0	0	0
3.182	-31.893127	387.239624	-28.506159	0.190449	0	-0.389207	9.00E-06	0.856726	3.00E-06	0	0	0	-0.13	0	0.305	0	0	0
3.183	-31.73526	387.239624	-28.819643	0.190449	0	-0.389161	9.00E-06	0.808709	3.00E-06	0	0	0	-0.13	0	0.305	0	0	0
3.184	-31.73526	387.58136	-28.819643	0.190421	0	-0.389161	1.00E-05	0.800482	3.00E-06	0	0	0	-0.13	0	0.305	0	0	0
3.185	-31.579559	387.58136	-28.819643	0.190698	0	-0.388859	1.00E-05	0.744981	3.00E-06	0	0	0	-0.13	0	0.305	0	0	0
3.186	-31.889519	386.906372	-28.898014	0.190673	0	-0.388626	1.00E-05	0.744981	4.00E-06	0	0	0	-0.13	0	0.305	0	0	0
3.187	-31.810947	386.906372	-28.898212	0.190985	0	-0.388626	7.00E-06	0.800112	6.00E-06	0	0	0	-0.13	0	0.305	0	0	0
3.188	-31.810947	388.965729	-28.976423	0.190673	0	-0.388289	7.00E-06	0.800112	6.00E-06	0	0	0	-0.13	0	0.305	0	0	0
3.189	-31.340231	389.313263	-29.289907	0.190928	0	-0.387775	7.00E-06	0.799015	6.00E-06	0	0	0	-0.13	0	0.305	0	0	0
3.19	-31.340231	389.313263	-29.289907	0.190523	0	-0.387578	7.00E-06	0.69932	5.00E-06	0	0	0	-0.13	0	0.305	0	0	0
3.191	-31.340231	388.81839	-29.133368	0.190893	0	-0.387524	5.00E-06	0.62833	5.00E-06	0	0	0	-0.13	0	0.305	0	0	0
3.192	-31.810947	388.81839	-29.133368	0.190893	0	-0.387079	2.00E-06	0.69932	3.00E-06	0	0	0	-0.13	0	0.305	0	0	0
3.193	-32.042336	391.397339	-29.525461	0.190893	0	-0.386812	1.00E-06	0.72112	5.00E-06	0	0	0	-0.13	0	0.305	0	0	0
3.194	-32.042336	391.397339	-29.525461	0.190855	0	-0.386166	2.00E-06	0.72112	4.00E-06	0	0	0	-0.13	0	0.305	0	0	0
3.195	-31.103073	391.397339	-29.525461	0.190855	0	-0.386462	5.00E-06	0.699029	4.00E-06	0	0	0	-0.13	0	0.305	0	0	0
3.196	-31.103073	391.233826	-29.838745	0.191387	0	-0.385493	5.00E-06	0.550169	4.00E-06	0	0	0	-0.13	0	0.305	0	0	0
3.197	-31.335182	391.752991	-29.917234	0.191392	0	-0.385493	3.00E-06	0.6541	2.00E-06	0	0	0	-0.13	0	0.305	0	0	0
3.198	-31.571619	391.927338	-29.917234	0.191392	0	-0.385493	3.00E-06	0.6541	4.00E-06	0	0	0	-0.13	0	0.305	0	0	0
3.199	-31.648029	392.115997	-29.917274	0.191408	0	-0.384423	8.00E-06	0.6541	5.00E-06	0	0	0	-0.13	0	0.305	0	0	0
3.2	-31.648029	393.489166	-30.309128	0.191416	0	-0.384124	8.00E-06	0.592449	5.00E-06	0	0	0	-0.13	0	0.305	0	0	0
3.201	-31.648029	393.489166	-30.857645	0.191416	0	-0.384124	1.00E-05	0.586051	5.00E-06	0	0	0	-0.13	0	0.305	0	0	0
3.202	-32.42654	392.978088	-30.857645	0.191751	0	-0.384156	1.00E-05	0.586051	5.00E-06	0	0	0	-0.13	0	0.305	0	0	0
3.203	-32.42654	392.978088	-30.857645	0.191683	0	-0.384156	1.00E-05	0.630724	5.00E-06	0	0	0	-0.13	0	0.305	0	0	0
3.204	-32.581516	394.706909	-31.327909	0.191751	0	-0.384007	1.00E-06	0.630724	6.00E-06	0	0	0	-0.13	0	0.305	0	0	0
3.205	-32.425816	396.952179	-32.111618	0.191683	0	-0.383282	1.00E-06	0.624774	3.00E-06	0	0	0	-0.13	0	0.305	0	0	0
3.206	-32.425816	396.965332	-32.503151	0.192094	0	-0.383282	7.00E-06	0.562096	5.00E-06	0	0	0	-0.13	0	0.305	0	0	0
3.207	-32.425816	397.287415	-32.973492	0.19192	0	-0.383043	7.00E-06	0.562096	3.00E-06	0	0	0	-0.13	0	0.305	0	0	0
3.208	-32.809299	396.965332	-32.973492	0.19192	0	-0.382548	7.00E-06	0.451768	0	0	0	0	-0.13	0	0.305	0	0	0
3.209	-32.811462	397.303589	-33.365189	0.19192	0	-0.381922	6.00E-06	0.537856	0.00E+00	0	0	0	-0.13	0	0.305	0	0	0
3.21	-32.811462	397.831635	-34.305676	0.191901	0	-0.381922	4.00E-06	0.537856	0	0	0	0	-0.13	0	0.305	0	0	0
3.211	-32.964279	398.00177	-34.61916	0.192037	0	-0.381949	3.00E-06	0.537856	3.00E-06	0	0	0	-0.13	0	0.305	0	0	0
3.212	-33.121422	399.553131	-35.011013	0.192054	0	-0.381949	3.00E-06	0.479687	7.00E-06	0	0	0	-0.13	0	0.305	0	0	0
3.213	-33.121422	399.553131	-35.402748	0.1921	0	-0.38184	7.00E-06	0.430703	7.00E-06	0	0	0	-0.13	0	0.305	0	0	0
3.214	-33.431385	398.5495	-35.872887	0.1921	0	-0.381093	7.00E-06	0.441956	6.00E-06	0	0	0	-0.13	0	0.305	0	0	0
3.215	-33.431385	398.5495	-36.499817	0.192091	0	-0.381246	7.00E-06	0.429596	3.00E-06	0	0	0	-0.13	0	0.305	0	0	0
3.216	-33.117092	400.090454	-37.518475	0.191717	0	-0.381211	7.00E-06	0.401951	3.00E-06	0	0	0	-0.13	0	0.305	0	0	0
3.217	-33.038521	401.463226	-37.910408	0.192091	0	-0.381211	7.00E-06	0.35947	4.00E-06	0	0	0	-0.13	0	0.305	0	0	0
3.218	-33.038521	401.463226	-38.145279	0.192294	0	-0.380806	1.50E-05	0.35947	5.00E-06	0	0	0	-0.13	0	0.305	0	0	0
3.219	-33.429218	402.693726	-39.477383	0.192294	0	-0.380392	2.00E-06	0.341408	4.00E-06	0	0	0	-0.13	0	0.305	0	0	0
3.22	-33.659889	401.303528	-39.869354	0.191918	0	-0.379891	8.00E-06	0.440426	5.00E-06	0	0	0	-0.13	0	0.305	0	0	0
3.221	-33.661331	402.015625	-40.104309	0.191918	0	-0.379247	8.00E-06	0.43172	4.00E-06	0	0	0	-0.13	0	0.305	0	0	0
3.222	-33.898491	400.971863	-41.358158	0.191639	0	-0.379247	1.00E-05	0.43172	4.00E-06	0	0	0	-0.13	0	0.305	0	0	0
3.223	-33.661331	402.015625	-42.298447	0.191639	0	-0.379007	1.50E-05	0.297106	4.00E-06	0	0	0	-0.13	0	0.305	0	0	0
3.224	-33.347038	402.19696	-42.689861	0.191639	0	-0.378365	1.50E-05	0.297106	2.00E-06	0	0	0	-0.13	0	0.305	0	0	0
3.225	-33.347038	402.19696	-43.081993	0.191788	0	-0.378286	8.00E-06	0.366793	4.00E-06	0	0	0	-0.13	0	0.305	0	0	0
3.226	-33.347038	402.015656	-43.552097	0.191788	0	-0.378286	8.00E-06	0.366793	2.00E-06	0	0	0	-0.13	0	0.305	0	0	0
3.227	-33.03347	400.47934	-44.257114	0.191788	0	-0.378286	8.00E-06	0.231497	4.00E-06	0	0	0	-0.13	0	0.305	0	0	0
3.228	-33.03347	402.015656	-44.257195	0.191616	0	-0.378027	8.00E-06	0.231497	4.00E-06	0	0	0	-0.13	0	0.305	0	0	0
3.229	-33.03347	401.178314	-44.257278	0.1922	0	-0.37758	8.00E-06	0.274056	5.00E-06	0	0	0	-0.13	0	0.305	0	0	0
3.23	-32.723511	402.051575	-44.335766	0.19253	0	-0.376689	7.00E-06	0.274056	5.00E-06	0	0	0	-0.13	0	0.305	0	0	0
3.231	-32.723511	402.029602	-45.119312	0.19253	0	-0.376689	1.00E-05	0.379476	3.00E-06	0	0	0	-0.13	0	0.305	0	0	0
3.232	-32.639885	402.029602	-45.354385	0.191958	0	-0.376372	8.00E-06	0.25587	3.00E-06	0	0	0	-0.13	0	0.305	0	0	0
3.233	-32.954899	401.180603	-45.354385	0.191958	0	-0.376648	8.00E-06	0.25587	5.00E-06	0	0	0	-0.13	0	0.305	0	0	0
3.234	-32.80064	400.674164	-45.354263	0.191958	0	-0.376518	6.00E-06	0.25587	5.00E-06	0	0	0	-0.13	0	0.305	0	0	0
3.235	-32.80064	401.180603	-45.354225	0.192117	0	-0.376518	6.00E-06	0.277385	4.00E-06	0	0	0	-0.13	0	0.305	0	0	0
3.236	-32.562756	401.188354	-45.354263	0.191843	0	-0.376028	4.00E-06	0.329938	0	0	0	0	-0.13	0	0.305	0	0	0
3.237	-32.483463	401.188354	-45.902901	0.191699	0	-0.376028	1.00E-06	0.277385	0	0	0	0	-0.13	0	0.305	0	0	0
3.238	-32.097816	400.495544	-45.902901	0.191699	0	-0.376149	1.00E-06	0.228759	3.00E-06	0	0	0	-0.13	0	0.305	0	0	0
3.239	-32.483463	400.495544	-45.824448	0.191781	0	-0.376149	5.00E-06	0.228759	3.00E-06	0	0	0	-0.13	0	0.305	0	0	0
3.24	-32.874882	401.187195	-45.746159	0.191781	0	-0.376093	7.00E-06	0.294694	3.00E-06	0	0	0	-0.13	0	0.305	0	0	0
3.241	-32.874882	401.544006	-45.746159	0.191581	0	-0.375491	8.00E-06	0.294694	3.00E-06	0	0	0	-0.13	0	0.305	0	0	0
3.242	-32.48563	401.544006	-45.746159	0.191581	0	-0.375295	8.00E-06	0.247645	2.00E-06	0	0	0	-0.13	0	0.305	0	0	0
3.243	-32.48563	403.775757	-45.432716	0.191954	0	-0.375207	8.00E-06	0.223382	3.00E-06	0	0	0	-0.13	0	0.305	0	0	0
3.244	-32.48563	403.775757	-45.432716	0.191956	0	-0.37521	1.00E-05	0.178488	2.00E-06	0	0	0	-0.13	0	0.305	0	0	0
3.245	-32.483463	403.775757	-45.746323	0.192101	0	-0.375207	1.00E-05	0.178488	1.00E-06	0	0	0	-0.13	0	0.305	0	0	0
3.246	-32.483463	403.425171	-45.746323	0.192101	0	-0.374689	1.00E-05	0.178488	1.00E-06	0	0	0	-0.13	0	0.305	0	0	0
3.247	-32.483463	404.985016	-45.511288	0.19147	0	-0.374611	9.00E-06	0.207276	1.00E-06	0	0	0	-0.13	0	0.305	0	0	0
3.248	-32.172779	404.976929	-45.432999	0.19147	0	-0.374689	4.00E-06	0.112733	3.00E-06	0	0	0	-0.13	0	0.305	0	0	0
3.249	-32.172779	404.976929	-45.432919	0.191935	0	-0.375595	5.00E-06	0.15132	4.00E-06	0	0	0	-0.13	0	0.305	0	0	0
3.25	-32.482742	404.13147	-45.197723	0.19238	0	-0.375595	5.00E-06	0.15132	5.00E-06	0	0	0	-0.13	0	0.305	0	0	0
3.251	-32.487793	404.13147	-44.962936	0.191961	0	-0.374494	5.00E-06	0.226429	6.00E-06	0	0	0	-0.13	0	0.305	0	0	0
3.252	-32.482742	404.13147	-44.962772	0.191961	0	-0.374161	9.00E-06	0.226429	6.00E-06	0	0	0	-0.13	0	0.305	0	0	0
3.253	-32.482742	403.774261	-44.962692	0.191818	0	-0.374161	9.00E-06	0.190965	0	0	0	0	-0.13	0	0.305	0	0	0
3.254	-32.247025	403.436768	-44.571159	0.19176	0	-0.374161	9.00E-06	0.152913	0	0	0	0	-0.13	0	0.305	0	0	0
3.255	-32.247025	402.908325	-44.101017	0.191778	0	-0.374552	8.00E-06	0.152913	0	0	0	0	-0.13	0	0.305	0	0	0
3.256	-32.484905	402.764069	-43.474049	0.191778	0	-0.374552	8.00E-06	0.234745	5.00E-06	0	0	0	-0.13	0	0.305	0	0	0
3.257	-32.641331	402.764069	-43.474049	0.191778	0	-0.374552	5.00E-06	0.29192	5.00E-06	0	0	0	-0.13	0	0.305	0	0	0
3.258	-32.79631	398.770996	-43.317551	0.191463	0	-0.373129	1.00E-05	0.29192	6.00E-06	0	0	0	-0.13	0	0.305	0	0	0
3.259	-32.79631	398.770996	-43.160645	0.191463	0	-0.373922	1.20E-05	0.13365	6.00E-06	0	0	0	-0.13	0	0.305	0	0	0
3.26	-32.798473	399.987274	-42.69046	0.191315	0	-0.373284	1.20E-05	0.13365	9.00E-06	0	0	0	-0.13	0	0.305	0	0	0
3.261	-32.715572	399.987274	-42.063698	0.191482	0	-0.373922	1.70E-05	0.09178	6.00E-06	0	0	0	-0.13	0	0.305	0	0	0
3.262	-32.715572	399.987274	-42.063618	0.191482	0	-0.374092	8.00E-06	0.225021	5.00E-06	0	0	0	-0.13	0	0.305	0	0	0
3.263	-32.172058	398.089844	-42.063618	0.191482	0	-0.374221	1.10E-05	0.18074	5.00E-06	0	0	0	-0.13	0	0.305	0	0	0
3.264	-32.172058	398.089844	-41.985367	0.19148	0	-0.374764	8.00E-06	0.273099	5.00E-06	0	0	0	-0.13	0	0.305	0	0	0
3.265	-32.487793	396.040894	-41.280071	0.19148	0	-0.374764	7.00E-06	0.258111	5.00E-06	0	0	0	-0.13	0	0.305	0	0	0
3.266	-32.487793	395.506653	-40.888294	0.191853	0	-0.375084	4.00E-06	0.271283	4.00E-06	0	0	0	-0.13	0	0.305	0	0	0
3.267	-31.783525	396.040894	-40.261494	0.191853	0	-0.37398	7.00E-06	0.258111	6.00E-06	0	0	0	-0.13	0	0.305	0	0	0
3.268	-31.783525	396.540039	-40.026459	0.191333	0	-0.37398	6.00E-06	0.271283	4.00E-06	0	0	0	-0.13	0	0.305	0	0	0
3.269	-32.176388	396.540039	-39.556313	0.191018	0	-0.37398	1.10E-05	0.25743	4.00E-06	0	0	0	-0.13	0	0.305	0	0	0
3.27	-32.48563	391.199707	-39.399414	0.191142	0	-0.3739	1.20E-05	0.25743	4.00E-06	0	0	0	-0.13	0	0.305	0	0	0
3.271	-32.568531	391.199707	-38.772728	0.191142	0	-0.3739	1.20E-05	0.25743	8.00E-06	0	0	0	-0.13	0	0.305	0	0	0
3.272	-32.565643	390.008606	-38.537777	0.191142	0	-0.3739	9.00E-06	0.258465	8.00E-06	0	0	0	-0.13	0	0.305	0	0	0
3.273	-32.565643	389.309265	-38.30275	0.190587	0	-0.373414	9.00E-06	0.305601	3.00E-06	0	0	0	-0.13	0	0.305	0	0	0
3.274	-32.412827	388.451416	-38.145844	0.190587	0	-0.374029	9.00E-06	0.258465	1.00E-06	0	0	0	-0.13	0	0.305	0	0	0
3.275	-32.412827	388.280975	-37.988861	0.190795	0	-0.374029	7.00E-06	0.25708	1.00E-06	0	0	0	-0.13	0	0.305	0	0	0
3.276	-32.333534	385.862854	-37.988861	0.19095	0	-0.374164	7.00E-06	0.25708	2.00E-06	0	0	0	-0.13	0	0.305	0	0	0
3.277	-32.803528	382.605835	-37.283928	0.19095	0	-0.374164	7.00E-06	0.259974	2.00E-06	0	0	0	-0.13	0	0.305	0	0	0
3.278	-32.413551	381.913483	-36.970322	0.19095	0	-0.374164	7.00E-06	0.273515	2.00E-06	0	0	0	-0.13	0	0.305	0	0	0
3.279	-32.413551	380.872375	-36.50034	0.190339	0	-0.373786	7.00E-06	0.273515	2.00E-06	0	0	0	-0.13	0	0.305	0	0	0
3.28	-32.18288	379.496521	-35.560135	0.190263	0	-0.374219	9.00E-06	0.273515	3.00E-06	0	0	0	-0.13	0	0.305	0	0	0
3.281	-32.18288	378.635956	-35.403191	0.190263	0	-0.374634	7.00E-06	0.418068	3.00E-06	0	0	0	-0.13	0	0.305	0	0	0
3.282	-32.18288	376.225952	-35.403191	0.190922	0	-0.374634	4.00E-06	0.439856	1.00E-06	0	0	0	-0.13	0	0.305	0	0	0
3.283	-31.871479	376.225952	-34.619762	0.19095	0	-0.374095	4.00E-06	0.418068	1.00E-06	0	0	0	-0.13	0	0.305	0	0	0
3.284	-31.79435	376.063202	-33.914505	0.19095	0	-0.374018	3.00E-06	0.454699	2.00E-06	0	0	0	-0.13	0	0.305	0	0	0
3.285	-31.562962	373.809448	-33.287659	0.190564	0	-0.374018	5.00E-06	0.398591	3.00E-06	0	0	0	-0.13	0	0.305	0	0	0
3.286	-31.562239	372.268097	-32.895889	0.190564	0	-0.374018	5.00E-06	0.458556	3.00E-06	0	0	0	-0.13	0	0.305	0	0	0
3.287	-31.480782	370.710907	-32.739021	0.190564	0	-0.374994	6.00E-06	0.338591	1.00E-06	0	0	0	-0.13	0	0.305	0	0	0
3.288	-31.562239	369.336212	-31.17193	0.190543	0	-0.374994	8.00E-06	0.458556	1.00E-06	0	0	0	-0.13	0	0.305	0	0	0
3.289	-31.797956	369.176941	-31.17193	0.190493	0	-0.37388	8.00E-06	0.484284	1.00E-06	0	0	0	-0.13	0	0.305	0	0	0
3.29	-31.800842	367.626678	-31.17193	0.190229	0	-0.37388	4.00E-06	0.544845	2.00E-06	0	0	0	-0.13	0	0.305	0	0	0
3.291	-31.797956	366.414368	-30.231644	0.190229	0	-0.374022	4.00E-06	0.544845	2.00E-06	0	0	0	-0.13	0	0.305	0	0	0
3.292	-31.800842	365.203979	-29.761297	0.190824	0	-0.374433	4.00E-06	0.544845	2.00E-06	0	0	0	-0.13	0	0.305	0	0	0
3.293	-32.115856	363.652222	-29.683208	0.190824	0	-0.374786	4.00E-06	0.507163	0.00E+00	0	0	0	-0.13	0	0.305	0	0	0
3.294	-32.115856	361.586304	-28.8995	0.190531	0	-0.374786	6.00E-06	0.577689	0	0	0	0	-0.13	0	0.305	0	0	0
3.295	-31.802286	361.41925	-28.58614	0.190531	0	-0.374357	6.00E-06	0.54339	0.00E+00	0	0	0	-0.13	0	0.305	0	0	0
3.296	-31.725157	361.41925	-28.037584	0.190531	0	-0.374357	6.00E-06	0.577689	1.00E-06	0	0	0	-0.13	0	0.305	0	0	0
3.297	-31.802286	358.148315	-27.097458	0.190604	0	-0.374414	5.00E-06	0.54339	3.00E-06	0	0	0	-0.13	0	0.305	0	0	0
3.298	-31.804451	357.799255	-26.940434	0.190434	0	-0.374505	6.00E-06	0.612661	3.00E-06	0	0	0	-0.13	0	0.305	0	0	0
3.299	-32.351574	356.587311	-26.157047	0.190434	0	-0.374503	4.00E-06	0.646276	4.00E-06	0	0	0	-0.13	0	0.305	0	0	0
3.3	-32.351574	356.069702	-25.843363	0.190434	0	-0.374503	6.00E-06	0.646276	3.00E-06	0	0	0	-0.13	0	0.305	0	0	0
3.301	-32.4352	355.399323	-25.294889	0.189886	0	-0.374503	8.00E-06	0.588358	3.00E-06	0	0	0	-0.13	0	0.305	0	0	0
3.302	-31.888077	353.480286	-25.059937	0.19048	0	-0.375092	8.00E-06	0.588358	3.00E-06	0	0	0	-0.13	0	0.305	0	0	0
3.303	-32.280216	353.150543	-24.11969	0.19048	0	-0.375092	1.00E-06	0.652099	4.00E-06	0	0	0	-0.13	0	0.305	0	0	0
3.304	-32.280216	351.77002	-23.41419	0.190643	0	-0.37497	-2.00E-06	0.739093	4.00E-06	0	0	0	-0.13	0	0.305	0	0	0
3.305	-32.515934	350.742462	-23.022499	0.190643	0	-0.37497	-2.00E-06	0.711511	3.00E-06	0	0	0	-0.13	0	0.305	0	0	0
3.306	-32.515934	348.667267	-22.238911	0.190643	0	-0.375308	4.00E-06	0.739093	3.00E-06	0	0	0	-0.13	0	0.305	0	0	0
3.307	-32.515934	348.494812	-22.238832	0.190648	0	-0.376238	5.00E-06	0.772392	3.00E-06	0	0	0	-0.13	0	0.305	0	0	0
3.308	-32.754539	348.14151	-21.611906	0.190648	0	-0.376238	7.00E-06	0.83627	4.00E-06	0	0	0	-0.13	0	0.305	0	0	0
3.309	-32.754539	347.117432	-20.671455	0.190648	0	-0.376423	8.00E-06	0.83627	4.00E-06	0	0	0	-0.13	0	0.305	0	0	0
3.31	-32.754539	346.406921	-20.358215	0.19053	0	-0.376433	8.00E-06	0.985749	5.00E-06	0	0	0	-0.13	0	0.305	0	0	0
3.311	-32.127399	345.739227	-20.279844	0.190262	0	-0.376895	7.00E-06	0.985749	5.00E-06	0	0	0	-0.13	0	0.305	0	0	0
3.312	-32.212467	345.380127	-19.574627	0.190262	0	-0.376895	4.00E-06	0.890719	5.00E-06	0	0	0	-0.13	0	0.305	0	0	0
3.313	-32.212467	343.658203	-19.1042	0.190678	0	-0.376895	4.00E-06	0.873328	0.00E+00	0	0	0	-0.13	0	0.305	0	0	0
3.314	-32.524593	343.658203	-18.94766	0.190678	0	-0.377261	1.00E-05	0.879631	3.00E-06	0	0	0	-0.13	0	0.305	0	0	0
3.315	-32.524593	342.634552	-18.085583	0.190678	0	-0.377261	1.50E-05	0.879631	3.00E-06	0	0	0	-0.13	0	0.305	0	0	0
3.316	-32.524593	341.760864	-17.850674	0.190235	0	-0.376888	1.50E-05	0.917151	5.00E-06	0	0	0	-0.13	0	0.305	0	0	0
3.317	-32.211746	341.925964	-16.910383	0.190059	0	-0.376854	1.00E-05	1.052083	6.00E-06	0	0	0	-0.13	0	0.305	0	0	0
3.318	-32.919621	341.925964	-16.753523	0.190059	0	-0.376888	9.00E-06	1.093608	6.00E-06	0	0	0	-0.13	0	0.305	0	0	0
3.319	-32.919621	341.925964	-16.205288	0.190059	0	-0.378403	9.00E-06	1.093608	6.00E-06	0	0	0	-0.13	0	0.305	0	0	0
3.32	-32.919621	339.509399	-16.205006	0.190282	0	-0.378403	9.00E-06	0.996721	6.00E-06	0	0	0	-0.13	0	0.305	0	0	0
3.321	-33.152451	338.820129	-15.891523	0.190282	0	-0.377903	1.20E-05	0.996721	5.00E-06	0	0	0	-0.13	0	0.305	0	0	0
3.322	-33.313206	337.627838	-15.264637	0.190292	0	-0.377903	1.20E-05	1.189758	6.00E-06	0	0	0	-0.13	0	0.305	0	0	0
3.323	-33.313206	336.403534	-15.186346	0.190292	0	-0.379063	1.10E-05	1.189758	5.00E-06	0	0	0	-0.13	0	0.305	0	0	0
3.324	-33.157501	336.403534	-14.715921	0.190292	0	-0.379063	1.10E-05	1.043349	5.00E-06	0	0	0	-0.13	0	0.305	0	0	0
3.325	-33.157501	337.263306	-14.63759	0.190076	0	-0.378644	5.00E-06	1.003463	5.00E-06	0	0	0	-0.13	0	0.305	0	0	0
3.326	-33.471069	337.263306	-13.619013	0.190772	0	-0.37839	5.00E-06	1.043349	2.00E-06	0	0	0	-0.13	0	0.305	0	0	0
3.327	-34.569645	335.899048	-13.619013	0.190012	0	-0.378644	5.00E-06	1.11733	3.00E-06	0	0	0	-0.13	0	0.305	0	0	0
3.328	-34.254631	335.887451	-13.775835	0.190012	0	-0.379163	3.00E-06	1.316129	2.00E-06	0	0	0	-0.13	0	0.305	0	0	0
3.329	-34.254631	335.541077	-13.775835	0.190012	0	-0.379163	3.00E-06	1.316129	3.00E-06	0	0	0	-0.13	0	0.305	0	0	0
3.33	-34.254631	334.348022	-13.148626	0.190092	0	-0.379402	3.00E-06	1.208026	5.00E-06	0	0	0	-0.13	0	0.305	0	0	0
3.331	-34.100372	334.348022	-13.070498	0.190686	0	-0.378728	3.00E-06	1.205381	5.00E-06	0	0	0	-0.13	0	0.305	0	0	0
3.332	-34.178944	335.19931	-12.443611	0.190686	0	-0.379206	5.00E-06	1.208026	5.00E-06	0	0	0	-0.13	0	0.305	0	0	0
3.333	-34.178944	335.19931	-12.443611	0.190546	0	-0.379206	3.00E-06	1.310471	4.00E-06	0	0	0	-0.13	0	0.305	0	0	0
3.334	-34.491795	334.329498	-12.443611	0.190427	0	-0.37997	3.00E-06	1.310471	4.00E-06	0	0	0	-0.13	0	0.305	0	0	0
3.335	-34.7239	333.470093	-12.443451	0.190546	0	-0.37997	3.00E-06	1.332503	4.00E-06	0	0	0	-0.13	0	0.305	0	0	0
3.336	-34.726067	333.470093	-12.443451	0.190651	0	-0.379947	4.00E-06	1.215271	4.00E-06	0	0	0	-0.13	0	0.305	0	0	0
3.337	-34.959618	335.18927	-12.130127	0.190651	0	-0.379947	7.00E-06	1.332503	4.00E-06	0	0	0	-0.13	0	0.305	0	0	0
3.338	-35.038193	335.371735	-11.894936	0.190134	0	-0.379301	7.00E-06	1.262662	3.00E-06	0	0	0	-0.13	0	0.305	0	0	0
3.339	-35.273911	336.746094	-11.738396	0.190134	0	-0.38026	7.00E-06	1.336479	2.00E-06	0	0	0	-0.13	0	0.305	0	0	0
3.34	-35.819588	336.746094	-11.738396	0.190789	0	-0.379076	6.00E-06	1.272308	2.00E-06	0	0	0	-0.13	0	0.305	0	0	0
3.341	-36.444561	335.369812	-11.738396	0.191361	0	-0.379076	6.00E-06	1.398061	1.00E-06	0	0	0	-0.13	0	0.305	0	0	0
3.342	-36.602428	335.369812	-11.424831	0.190822	0	-0.379076	1.00E-05	1.422822	1.00E-06	0	0	0	-0.13	0	0.305	0	0	0
3.343	-36.602428	334.506134	-11.424831	0.190822	0	-0.379861	1.00E-05	1.422822	2.00E-06	0	0	0	-0.13	0	0.305	0	0	0
3.344	-37.148106	335.709595	-11.424831	0.190822	0	-0.380033	1.00E-05	1.380457	5.00E-06	0	0	0	-0.13	0	0.305	0	0	0
3.345	-37.148106	335.713806	-11.659904	0.19111	0	-0.380579	1.00E-05	1.380457	5.00E-06	0	0	0	-0.13	0	0.305	0	0	0
3.346	-37.695229	335.713806	-11.659904	0.19111	0	-0.38037	1.00E-05	1.396363	2.00E-06	0	0	0	-0.13	0	0.305	0	0	0
3.347	-38.241631	334.857513	-11.659904	0.19111	0	-0.38037	1.00E-05	1.468751	1.00E-06	0	0	0	-0.13	0	0.305	0	0	0
3.348	-38.6381	334.857513	-11.503242	0.190946	0	-0.38037	1.00E-05	1.515481	2.00E-06	0	0	0	-0.13	0	0.305	0	0	0
3.349	-38.789471	337.601562	-12.051514	0.191128	0	-0.380957	6.00E-06	1.583624	1.00E-06	0	0	0	-0.13	0	0.305	0	0	0
3.35	-38.87093	337.605408	-12.051514	0.191386	0	-0.380957	6.00E-06	1.530661	2.00E-06	0	0	0	-0.13	0	0.305	0	0	0
3.351	-39.649441	338.132324	-12.051514	0.19155	0	-0.380711	7.00E-06	1.573194	2.00E-06	0	0	0	-0.13	0	0.305	0	0	0
3.352	-39.96373	339.323425	-11.268211	0.191562	0	-0.38022	9.00E-06	1.530661	2.00E-06	0	0	0	-0.13	0	0.305	0	0	0
3.353	-40.115822	339.687927	-11.268211	0.191786	0	-0.379618	9.00E-06	1.507545	3.00E-06	0	0	0	-0.13	0	0.305	0	0	0
3.354	-40.432281	339.687927	-11.503044	0.191786	0	-0.379618	6.00E-06	1.507545	3.00E-06	0	0	0	-0.13	0	0.305	0	0	0
3.355	-40.977238	339.689117	-11.503082	0.192108	0	-0.379751	5.00E-06	1.552267	3.00E-06	0	0	0	-0.13	0	0.305	0	0	0
3.356	-40.978676	340.544617	-11.660027	0.192113	0	-0.379979	5.00E-06	1.598606	0.00E+00	0	0	0	-0.13	0	0.305	0	0	0
3.357	-41.837204	341.226166	-11.894817	0.192127	0	-0.380658	5.00E-06	1.559323	3.00E-06	0	0	0	-0.13	0	0.305	0	0	0
3.358	-41.914333	341.226166	-11.895016	0.192431	0	-0.381239	4.00E-06	1.66296	4.00E-06	0	0	0	-0.13	0	0.305	0	0	0
3.359	-42.150051	341.226166	-11.973267	0.192606	0	-0.381239	8.00E-06	1.669008	4.00E-06	0	0	0	-0.13	0	0.305	0	0	0
3.36	-42.932171	342.269958	-12.208378	0.192431	0	-0.379927	9.00E-06	1.669008	4.00E-06	0	0	0	-0.13	0	0.305	0	0	0
3.361	-43.320702	342.269958	-12.443413	0.19225	0	-0.379927	1.20E-05	1.613683	3.00E-06	0	0	0	-0.13	0	0.305	0	0	0
3.362	-43.70779	341.585999	-12.443413	0.19225	0	-0.381018	9.00E-06	1.613683	3.00E-06	0	0	0	-0.13	0	0.305	0	0	0
3.363	-44.569927	341.066101	-12.443413	0.192597	0	-0.381018	-1.00E-06	1.623944	3.00E-06	0	0	0	-0.13	0	0.305	0	0	0
3.364	-45.03775	341.585999	-13.070215	0.192597	0	-0.381266	-1.00E-06	1.634072	6.00E-06	0	0	0	-0.13	0	0.305	0	0	0
3.365	-45.117767	341.926239	-13.070215	0.192705	0	-0.380878	2.00E-06	1.734989	2.00E-06	0	0	0	-0.13	0	0.305	0	0	0
3.366	-45.900608	342.779053	-13.383619	0.192503	0	-0.381266	3.00E-06	1.79865	2.00E-06	0	0	0	-0.13	0	0.305	0	0	0
3.367	-45.900608	342.779053	-13.77519	0.192551	0	-0.382063	3.00E-06	1.82646	2.00E-06	0	0	0	-0.13	0	0.305	0	0	0
3.368	-46.289143	342.779053	-13.77519	0.192551	0	-0.382063	3.00E-06	1.79865	2.00E-06	0	0	0	-0.13	0	0.305	0	0	0
3.369	-46.521969	345.543945	-13.540359	0.192551	0	-0.38195	3.00E-06	1.755837	2.00E-06	0	0	0	-0.13	0	0.305	0	0	0
3.37	-46.835541	345.543945	-13.540359	0.192784	0	-0.381353	3.00E-06	1.734805	2.00E-06	0	0	0	-0.13	0	0.305	0	0	0
3.371	-46.989075	345.543945	-13.853804	0.192435	0	-0.381353	4.00E-06	1.677066	2.00E-06	0	0	0	-0.13	0	0.305	0	0	0
3.372	-46.989075	346.573029	-13.853804	0.192784	0	-0.381371	1.20E-05	1.677066	1.00E-06	0	0	0	-0.13	0	0.305	0	0	0
3.373	-47.380497	346.573029	-13.77527	0.192826	0	-0.381857	1.20E-05	1.680406	4.00E-06	0	0	0	-0.13	0	0.305	0	0	0
3.374	-47.459793	346.39209	-13.696819	0.193098	0	-0.383465	5.00E-06	1.797559	3.00E-06	0	0	0	-0.13	0	0.305	0	0	0
3.375	-48.084763	345.201385	-13.540241	0.192826	0	-0.383543	5.00E-06	1.797559	3.00E-06	0	0	0	-0.13	0	0.305	0	0	0
3.376	-48.084763	345.884888	-13.305208	0.192755	0	-0.383543	4.00E-06	1.797559	3.00E-06	0	0	0	-0.13	0	0.305	0	0	0
3.377	-48.083321	345.884888	-13.148546	0.192755	0	-0.382378	8.00E-06	1.746048	3.00E-06	0	0	0	-0.13	0	0.305	0	0	0
3.378	-48.006191	345.884888	-12.521622	0.193348	0	-0.382378	1.20E-05	1.720927	1.00E-06	0	0	0	-0.13	0	0.305	0	0	0
3.379	-48.006191	345.539642	-12.443089	0.193605	0	-0.383188	1.20E-05	1.713982	1.00E-06	0	0	0	-0.13	0	0.305	0	0	0
3.38	-48.863995	345.539642	-12.208218	0.193623	0	-0.383414	7.00E-06	1.713982	4.00E-06	0	0	0	-0.13	0	0.305	0	0	0
3.381	-48.864719	345.00769	-11.738113	0.193623	0	-0.384217	7.00E-06	1.799843	4.00E-06	0	0	0	-0.13	0	0.305	0	0	0
3.382	-49.023304	346.403625	-11.659706	0.193162	0	-0.383704	8.00E-06	1.890678	3.00E-06	0	0	0	-0.13	0	0.305	0	0	0
3.383	-49.100437	346.738434	-11.659706	0.193162	0	-0.384534	8.00E-06	1.890678	2.00E-06	0	0	0	-0.13	0	0.305	0	0	0
3.384	-49.100437	346.738434	-11.581451	0.193174	0	-0.384435	8.00E-06	1.874887	3.00E-06	0	0	0	-0.13	0	0.305	0	0	0
3.385	-48.944008	346.897339	-10.719414	0.193255	0	-0.384569	6.00E-06	1.830025	2.00E-06	0	0	0	-0.13	0	0.305	0	0	0
3.386	-48.944008	346.897339	-10.249268	0.193364	0	-0.384435	6.00E-06	1.830025	-1.00E-06	0	0	0	-0.13	0	0.305	0	0	0
3.387	-49.33543	346.897339	-10.249268	0.193364	0	-0.384569	6.00E-06	1.870831	-1.00E-06	0	0	0	-0.13	0	0.305	0	0	0
3.388	-49.33543	347.08017	-10.170937	0.193364	0	-0.384594	3.00E-06	1.870831	1.00E-06	0	0	0	-0.13	0	0.305	0	0	0
3.389	-49.02042	348.097321	-10.013996	0.193563	0	-0.385135	1.00E-05	1.768638	5.00E-06	0	0	0	-0.13	0	0.305	0	0	0
3.39	-49.02042	348.097321	-9.308983	0.193563	0	-0.385433	1.00E-05	1.768638	5.00E-06	0	0	0	-0.13	0	0.305	0	0	0
3.391	-49.02042	348.097321	-8.917168	0.193563	0	-0.385433	1.10E-05	1.768638	5.00E-06	0	0	0	-0.13	0	0.305	0	0	0
3.392	-48.161896	346.194153	-8.760426	0.19312	0	-0.385445	1.10E-05	1.815053	6.00E-06	0	0	0	-0.13	0	0.305	0	0	0
3.393	-48.08765	346.205688	-8.917168	0.193736	0	-0.386114	-1.00E-06	1.756433	2.00E-06	0	0	0	-0.13	0	0.305	0	0	0
3.394	-47.926895	346.205688	-8.995338	0.193734	0	-0.386114	-2.00E-06	1.7638	2.00E-06	0	0	0	-0.13	0	0.305	0	0	0
3.395	-47.926895	346.8992	-8.995338	0.193736	0	-0.386162	-2.00E-06	1.7638	1.00E-06	0	0	0	-0.13	0	0.305	0	0	0
3.396	-47.695511	346.8992	-8.760307	0.193833	0	-0.386257	1.20E-05	1.7638	1.00E-06	0	0	0	-0.13	0	0.305	0	0	0
3.397	-47.146221	346.8992	-8.446865	0.193833	0	-0.386257	1.20E-05	1.691745	1.00E-06	0	0	0	-0.13	0	0.305	0	0	0
3.398	-46.600544	346.014374	-8.368614	0.193721	0	-0.386257	5.00E-06	1.691745	3.00E-06	0	0	0	-0.13	0	0.305	0	0	0
3.399	-46.52486	346.014374	-8.368614	0.193702	0	-0.386607	5.00E-06	1.691745	5.00E-06	0	0	0	-0.13	0	0.305	0	0	0
3.4	-46.132713	345.505615	-8.603485	0.193702	0	-0.386811	8.00E-06	1.723628	5.00E-06	0	0	0	-0.13	0	0.305	0	0	0
3.401	-45.819145	345.505615	-8.603485	0.193928	0	-0.387277	1.00E-05	1.714224	5.00E-06	0	0	0	-0.13	0	0.305	0	0	0
3.402	-45.273468	346.012024	-8.05505	0.193928	0	-0.387277	1.00E-05	1.714224	5.00E-06	0	0	0	-0.13	0	0.305	0	0	0
3.403	-44.805645	346.544006	-7.898308	0.193928	0	-0.385713	6.00E-06	1.714224	3.00E-06	0	0	0	-0.13	0	0.305	0	0	0
3.404	-44.574257	346.544006	-8.05505	0.193737	0	-0.385713	-3.00E-06	1.686779	3.00E-06	0	0	0	-0.13	0	0.305	0	0	0
3.405	-44.57209	346.530487	-8.289841	0.193737	0	-0.386613	6.00E-06	1.686779	3.00E-06	0	0	0	-0.13	0	0.305	0	0	0
3.406	-43.78997	346.530487	-8.603325	0.193664	0	-0.387266	1.00E-05	1.608641	3.00E-06	0	0	0	-0.13	0	0.305	0	0	0
3.407	-43.78997	346.351898	-8.289841	0.193654	0	-0.387266	1.00E-05	1.608641	4.00E-06	0	0	0	-0.13	0	0.305	0	0	0
3.408	-43.78997	346.351898	-8.133259	0.193654	0	-0.386635	1.00E-05	1.655939	3.00E-06	0	0	0	-0.13	0	0.305	0	0	0
3.409	-42.933613	346.351898	-8.133259	0.193718	0	-0.386635	1.00E-05	1.655939	3.00E-06	0	0	0	-0.13	0	0.305	0	0	0
3.41	-41.763683	346.864899	-8.211391	0.193718	0	-0.387067	1.00E-05	1.669115	3.00E-06	0	0	0	-0.13	0	0.305	0	0	0
3.411	-41.761517	346.864899	-8.211391	0.193419	0	-0.387067	7.00E-06	1.643231	3.00E-06	0	0	0	-0.13	0	0.305	0	0	0
3.412	-41.369377	346.864899	-7.898106	0.193419	0	-0.387067	6.00E-06	1.669115	3.00E-06	0	0	0	-0.13	0	0.305	0	0	0
3.413	-41.061581	346.515808	-7.819817	0.193719	0	-0.387033	6.00E-06	1.714856	2.00E-06	0	0	0	-0.13	0	0.305	0	0	0
3.414	-40.906601	347.366333	-7.898106	0.19374	0	-0.387214	6.00E-06	1.71682	2.00E-06	0	0	0	-0.13	0	0.305	0	0	0
3.415	-39.339478	347.366333	-7.898148	0.193772	0	-0.388082	6.00E-06	1.71682	3.00E-06	0	0	0	-0.13	0	0.305	0	0	0
3.416	-39.108814	347.366333	-7.898148	0.193773	0	-0.38838	9.00E-06	1.555973	3.00E-06	0	0	0	-0.13	0	0.305	0	0	0
3.417	-39.108089	345.812988	-7.741364	0.193957	0	-0.388082	9.00E-06	1.528272	3.00E-06	0	0	0	-0.13	0	0.305	0	0	0
3.418	-38.558804	345.812988	-7.741081	0.193866	0	-0.387751	1.00E-05	1.498976	3.00E-06	0	0	0	-0.13	0	0.305	0	0	0
3.419	-38.558804	345.802582	-7.428085	0.193866	0	-0.387751	8.00E-06	1.498976	3.00E-06	0	0	0	-0.13	0	0.305	0	0	0
3.42	-38.169548	347.018799	-7.428085	0.192729	0	-0.387584	9.00E-06	1.550553	3.00E-06	0	0	0	-0.13	0	0.305	0	0	0
3.421	-37.546741	347.012207	-7.584625	0.192729	0	-0.38901	1.00E-06	1.589427	-1.00E-06	0	0	0	-0.13	0	0.305	0	0	0
3.422	-37.466724	347.012207	-7.584625	0.193367	0	-0.389085	3.00E-06	1.550553	-1.00E-06	0	0	0	-0.13	0	0.305	0	0	0
3.423	-36.608204	345.968872	-7.427761	0.193367	0	-0.389088	3.00E-06	1.589427	0.00E+00	0	0	0	-0.13	0	0.305	0	0	0
3.424	-36.064686	345.968872	-7.427761	0.193402	0	-0.389263	5.00E-06	1.550641	2.00E-06	0	0	0	-0.13	0	0.305	0	0	0
3.425	-35.516125	345.621704	-7.506214	0.193354	0	-0.389307	7.00E-06	1.56224	2.00E-06	0	0	0	-0.13	0	0.305	0	0	0
3.426	-35.358257	345.972687	-7.662994	0.193402	0	-0.389362	6.00E-06	1.550641	2.00E-06	0	0	0	-0.13	0	0.305	0	0	0
3.427	-34.653271	346.140503	-7.584465	0.193419	0	-0.38975	6.00E-06	1.56224	5.00E-06	0	0	0	-0.13	0	0.305	0	0	0
3.428	-34.503338	346.309021	-7.584465	0.193465	0	-0.38975	2.00E-06	1.572467	5.00E-06	0	0	0	-0.13	0	0.305	0	0	0
3.429	-34.109753	346.650024	-7.584465	0.193419	0	-0.389738	2.00E-06	1.616934	3.00E-06	0	0	0	-0.13	0	0.305	0	0	0
3.43	-33.95261	347.333557	-7.819656	0.192446	0	-0.389738	6.00E-06	1.573083	3.00E-06	0	0	0	-0.13	0	0.305	0	0	0
3.431	-33.80196	347.333557	-8.211552	0.192446	0	-0.390708	7.00E-06	1.573083	6.00E-06	0	0	0	-0.13	0	0.305	0	0	0
3.432	-33.563354	347.670227	-8.211552	0.192903	0	-0.390708	1.00E-05	1.573083	6.00E-06	0	0	0	-0.13	0	0.305	0	0	0
3.433	-32.93766	349.391357	-8.524792	0.192903	0	-0.390058	1.00E-05	1.567632	6.00E-06	0	0	0	-0.13	0	0.305	0	0	0
3.434	-32.783401	349.391357	-8.05489	0.192781	0	-0.389915	8.00E-06	1.603655	6.00E-06	0	0	0	-0.13	0	0.305	0	0	0
3.435	-32.471279	349.391357	-8.603363	0.192781	0	-0.389717	8.00E-06	1.63113	5.00E-06	0	0	0	-0.13	0	0.305	0	0	0
3.436	-32.080578	349.915161	-8.603245	0.192781	0	-0.389717	9.00E-06	1.63113	5.00E-06	0	0	0	-0.13	0	0.305	0	0	0
3.437	-31.841976	350.421234	-8.838554	0.192797	0	-0.390666	9.00E-06	1.51767	5.00E-06	0	0	0	-0.13	0	0.305	0	0	0
3.438	-31.841976	350.587097	-8.681774	0.192797	0	-0.390666	8.00E-06	1.498261	6.00E-06	0	0	0	-0.13	0	0.305	0	0	0
3.439	-31.841976	353.181519	-8.838554	0.192797	0	-0.390666	7.00E-06	1.51767	5.00E-06	0	0	0	-0.13	0	0.305	0	0	0
3.44	-31.530571	353.181519	-9.152077	0.192726	0	-0.390651	7.00E-06	1.561492	1.00E-06	0	0	0	-0.13	0	0.305	0	0	0
3.441	-30.984171	353.344208	-9.308819	0.192448	0	-0.390651	7.00E-06	1.609406	1.00E-06	0	0	0	-0.13	0	0.305	0	0	0
3.442	-30.984171	353.164093	-9.543854	0.192448	0	-0.390651	4.00E-06	1.592474	1.00E-06	0	0	0	-0.13	0	0.305	0	0	0
3.443	-30.984171	353.171051	-9.543854	0.192462	0	-0.390189	4.00E-06	1.594595	1.00E-06	0	0	0	-0.13	0	0.305	0	0	0
3.444	-30.828468	353.171051	-9.230614	0.192561	0	-0.390553	3.00E-06	1.594595	1.00E-06	0	0	0	-0.13	0	0.305	0	0	0
3.445	-30.828468	357.118927	-9.230614	0.192462	0	-0.390553	4.00E-06	1.700336	1.00E-06	0	0	0	-0.13	0	0.305	0	0	0
3.446	-30.828468	357.118927	-9.700756	0.192498	0	-0.390553	7.00E-06	1.700336	2.00E-06	0	0	0	-0.13	0	0.305	0	0	0
3.447	-30.43705	357.118927	-9.935871	0.192498	0	-0.390735	7.00E-06	1.649504	4.00E-06	0	0	0	-0.13	0	0.305	0	0	0
3.448	-30.434164	358.495911	-9.700756	0.192869	0	-0.390984	5.00E-06	1.649504	4.00E-06	0	0	0	-0.13	0	0.305	0	0	0
3.449	-30.434164	358.495911	-9.309265	0.192869	0	-0.390984	5.00E-06	1.686272	5.00E-06	0	0	0	-0.13	0	0.305	0	0	0
3.45	-30.434164	358.495911	-9.309265	0.191898	0	-0.390787	7.00E-06	1.773282	5.00E-06	0	0	0	-0.13	0	0.305	0	0	0
3.451	-30.360641	360.730042	-9.152523	0.191898	0	-0.390209	7.00E-06	1.773282	5.00E-06	0	0	0	-0.13	0	0.305	0	0	0
3.452	-30.358479	360.730042	-9.231014	0.192069	0	-0.390787	6.00E-06	1.731759	5.00E-06	0	0	0	-0.13	0	0.305	0	0	0
3.453	-30.124924	362.798279	-9.231014	0.192724	0	-0.390879	6.00E-06	1.728072	5.00E-06	0	0	0	-0.13	0	0.305	0	0	0
3.454	-30.124924	361.940002	-9.231014	0.192813	0	-0.391108	1.20E-05	1.728072	5.00E-06	0	0	0	-0.13	0	0.305	0	0	0
3.455	-30.124924	362.277954	-8.91761	0.192813	0	-0.390879	1.20E-05	1.7682	5.00E-06	0	0	0	-0.13	0	0.305	0	0	0
3.456	-30.04563	362.277954	-8.839241	0.192666	0	-0.390672	7.00E-06	1.7682	5.00E-06	0	0	0	-0.13	0	0.305	0	0	0
3.457	-29.964172	363.642609	-8.60437	0.192658	0	-0.390672	7.00E-06	1.75349	3.00E-06	0	0	0	-0.13	0	0.305	0	0	0
3.458	-29.889206	363.993591	-8.60437	0.192599	0	-0.391147	6.00E-06	1.75349	0.00E+00	0	0	0	-0.13	0	0.305	0	0	0
3.459	-29.964172	363.993591	-8.76099	0.192599	0	-0.391147	7.00E-06	1.855899	2.00E-06	0	0	0	-0.13	0	0.305	0	0	0
3.46	-30.359198	365.552338	-8.76099	0.192599	0	-0.391021	6.00E-06	1.855899	2.00E-06	0	0	0	-0.13	0	0.305	0	0	0
3.461	-30.591311	365.720123	-8.761032	0.192657	0	-0.390504	1.20E-05	1.851882	4.00E-06	0	0	0	-0.13	0	0.305	0	0	0
3.462	-30.359198	365.888672	-8.604328	0.192636	0	-0.390504	3.00E-06	1.851882	4.00E-06	0	0	0	-0.13	0	0.305	0	0	0
3.463	-30.591311	365.720123	-8.604328	0.192636	0	-0.391485	3.00E-06	1.882152	2.00E-06	0	0	0	-0.13	0	0.305	0	0	0
3.464	-30.824863	367.269592	-7.977482	0.192636	0	-0.391485	2.00E-06	1.882152	2.00E-06	0	0	0	-0.13	0	0.305	0	0	0
3.465	-30.827028	367.269592	-7.742573	0.192827	0	-0.390111	2.00E-06	1.861093	6.00E-06	0	0	0	-0.13	0	0.305	0	0	0
3.466	-31.296295	367.269592	-7.585793	0.192827	0	-0.390111	9.00E-06	1.861093	6.00E-06	0	0	0	-0.13	0	0.305	0	0	0
3.467	-31.296295	369.165039	-7.585793	0.192471	0	-0.390331	9.00E-06	1.966831	3.00E-06	0	0	0	-0.13	0	0.305	0	0	0
3.468	-30.982731	369.165039	-7.585793	0.192471	0	-0.390472	8.00E-06	1.966831	2.00E-06	0	0	0	-0.13	0	0.305	0	0	0
3.469	-30.982731	369.167664	-6.959229	0.192588	0	-0.390472	6.00E-06	1.94727	2.00E-06	0	0	0	-0.13	0	0.305	0	0	0
3.47	-31.293409	370.187927	-6.959229	0.193307	0	-0.390495	8.00E-06	1.94727	5.00E-06	0	0	0	-0.13	0	0.305	0	0	0
3.471	-31.843416	370.199524	-6.959229	0.193307	0	-0.390687	1.20E-05	1.951827	5.00E-06	0	0	0	-0.13	0	0.305	0	0	0
3.472	-32.152657	370.883362	-7.115608	0.19323	0	-0.390687	1.20E-05	1.957629	3.00E-06	0	0	0	-0.13	0	0.305	0	0	0
3.473	-32.389816	371.055786	-6.724075	0.193223	0	-0.390687	3.00E-06	2.050699	3.00E-06	0	0	0	-0.13	0	0.305	0	0	0
3.474	-32.389816	372.266174	-6.724075	0.193223	0	-0.390697	3.00E-06	1.957629	3.00E-06	0	0	0	-0.13	0	0.305	0	0	0
3.475	-32.541191	373.112427	-6.332382	0.19307	0	-0.39157	5.00E-06	1.93053	3.00E-06	0	0	0	-0.13	0	0.305	0	0	0
3.476	-32.541908	373.472717	-5.940407	0.19307	0	-0.39157	5.00E-06	1.93053	0.00E+00	0	0	0	-0.13	0	0.305	0	0	0
3.477	-33.404045	373.472717	-5.940407	0.193057	0	-0.390731	7.00E-06	2.120769	3.00E-06	0	0	0	-0.13	0	0.305	0	0	0
3.478	-33.791134	373.472717	-6.097309	0.1929	0	-0.390731	8.00E-06	2.120769	3.00E-06	0	0	0	-0.13	0	0.305	0	0	0
3.479	-33.791134	373.974945	-6.097309	0.1929	0	-0.391485	9.00E-06	1.994552	3.00E-06	0	0	0	-0.13	0	0.305	0	0	0
3.48	-33.791134	374.663452	-6.097229	0.193098	0	-0.391507	9.00E-06	1.994552	4.00E-06	0	0	0	-0.13	0	0.305	0	0	0
3.481	-33.946838	375.010559	-6.019138	0.193098	0	-0.391485	7.00E-06	2.042412	2.00E-06	0	0	0	-0.13	0	0.305	0	0	0
3.482	-35.119652	376.038513	-5.392292	0.193098	0	-0.391343	7.00E-06	2.046593	4.00E-06	0	0	0	-0.13	0	0.305	0	0	0
3.483	-35.119652	376.394531	-5.392292	0.193455	0	-0.391343	-1.00E-06	2.083106	2.00E-06	0	0	0	-0.13	0	0.305	0	0	0
3.484	-35.435387	376.55072	-5.470703	0.193461	0	-0.392683	7.00E-06	2.216917	4.00E-06	0	0	0	-0.13	0	0.305	0	0	0
3.485	-35.668938	379.144714	-5.548756	0.19386	0	-0.392683	7.00E-06	2.12479	1.00E-06	0	0	0	-0.13	0	0.305	0	0	0
3.486	-36.136044	379.144714	-5.548756	0.19386	0	-0.391654	7.00E-06	2.150848	4.00E-06	0	0	0	-0.13	0	0.305	0	0	0
3.487	-36.136044	377.074585	-5.392334	0.193318	0	-0.391654	6.00E-06	2.12479	4.00E-06	0	0	0	-0.13	0	0.305	0	0	0
3.488	-36.526024	377.074585	-4.84362	0.193318	0	-0.391647	6.00E-06	2.117487	4.00E-06	0	0	0	-0.13	0	0.305	0	0	0
3.489	-36.526024	377.930847	-5.078972	0.193263	0	-0.391709	8.00E-06	2.117487	4.00E-06	0	0	0	-0.13	0	0.305	0	0	0
3.49	-37.07098	377.930847	-5.078972	0.192829	0	-0.39266	8.00E-06	2.195461	3.00E-06	0	0	0	-0.13	0	0.305	0	0	0
3.491	-37.38599	377.930847	-5.078972	0.192829	0	-0.39266	9.00E-06	2.21011	4.00E-06	0	0	0	-0.13	0	0.305	0	0	0
3.492	-38.008076	379.652283	-4.530376	0.193361	0	-0.392442	1.10E-05	2.21011	3.00E-06	0	0	0	-0.13	0	0.305	0	0	0
3.493	-38.008076	379.663086	-4.060314	0.193361	0	-0.391928	1.10E-05	2.21011	2.00E-06	0	0	0	-0.13	0	0.305	0	0	0
3.494	-38.008076	379.663086	-4.060314	0.193361	0	-0.392442	9.00E-06	2.220115	2.00E-06	0	0	0	-0.13	0	0.305	0	0	0
3.495	-38.71162	381.371094	-4.060314	0.193287	0	-0.391928	4.00E-06	2.220115	6.00E-06	0	0	0	-0.13	0	0.305	0	0	0
3.496	-38.71162	381.371094	-3.511799	0.193739	0	-0.392153	4.00E-06	2.163569	6.00E-06	0	0	0	-0.13	0	0.305	0	0	0
3.497	-39.257298	383.441589	-3.511799	0.193684	0	-0.392153	7.00E-06	2.163569	6.00E-06	0	0	0	-0.13	0	0.305	0	0	0
3.498	-39.413723	383.441589	-3.511799	0.193684	0	-0.392153	7.00E-06	2.184173	6.00E-06	0	0	0	-0.13	0	0.305	0	0	0
3.499	-39.726566	383.441589	-3.198399	0.193634	0	-0.392512	6.00E-06	2.197853	6.00E-06	0	0	0	-0.13	0	0.305	0	0	0
3.5	-39.726566	383.965485	-2.806904	0.193623	0	-0.392512	4.00E-06	2.197853	4.00E-06	0	0	0	-0.13	0	0.305	0	0	0
3.501	-39.726566	383.779144	-2.963123	0.193634	0	-0.393183	4.00E-06	2.116955	3.00E-06	0	0	0	-0.13	0	0.305	0	0	0
3.502	-40.662224	383.789917	-2.806622	0.193748	0	-0.393183	3.00E-06	2.116955	4.00E-06	0	0	0	-0.13	0	0.305	0	0	0
3.503	-40.817924	383.789917	-2.57159	0.193748	0	-0.392724	1.00E-06	2.195424	3.00E-06	0	0	0	-0.13	0	0.305	0	0	0
3.504	-40.975071	385.171204	-2.258148	0.193748	0	-0.392361	1.00E-06	2.195424	3.00E-06	0	0	0	-0.13	0	0.305	0	0	0
3.505	-40.975071	385.847351	-1.788006	0.193829	0	-0.392361	9.00E-06	2.01726	3.00E-06	0	0	0	-0.13	0	0.305	0	0	0
3.506	-41.050034	387.051941	-1.474564	0.193829	0	-0.392641	9.00E-06	2.01726	0	0	0	0	-0.13	0	0.305	0	0	0
3.507	-41.753582	387.051941	-1.239491	0.193882	0	-0.393204	1.20E-05	2.116564	0	0	0	0	-0.13	0	0.305	0	0	0
3.508	-42.460011	387.051941	-1.082787	0.193882	0	-0.393204	8.00E-06	2.124507	5.00E-06	0	0	0	-0.13	0	0.305	0	0	0
3.509	-42.766365	386.709839	-1.082787	0.193882	0	-0.39318	8.00E-06	2.230137	5.00E-06	0	0	0	-0.13	0	0.305	0	0	0
3.51	-43.471352	386.709839	-1.161316	0.193864	0	-0.39318	6.00E-06	2.230137	6.00E-06	0	0	0	-0.13	0	0.305	0	0	0
3.511	-43.471352	386.709839	-1.161316	0.193864	0	-0.39318	6.00E-06	2.096148	4.00E-06	0	0	0	-0.13	0	0.305	0	0	0
3.512	-43.471352	386.710938	-0.534393	0.193882	0	-0.393451	1.30E-05	2.096148	4.00E-06	0	0	0	-0.13	0	0.305	0	0	0
3.513	-43.861328	386.710938	-0.455982	0.193882	0	-0.39307	1.30E-05	2.109426	4.00E-06	0	0	0	-0.13	0	0.305	0	0	0
3.514	-44.249142	386.710938	0.01408	0.193882	0	-0.39307	1.30E-05	2.109426	4.00E-06	0	0	0	-0.13	0	0.305	0	0	0
3.515	-44.407009	385.688049	0.170986	0.194076	0	-0.39307	8.00E-06	2.109426	4.00E-06	0	0	0	-0.13	0	0.305	0	0	0
3.516	-44.87339	387.923279	0.170986	0.194362	0	-0.392887	6.00E-06	2.033045	4.00E-06	0	0	0	-0.13	0	0.305	0	0	0
3.517	-45.0327	387.923279	0.797867	0.194703	0	-0.392887	3.00E-06	2.14237	5.00E-06	0	0	0	-0.13	0	0.305	0	0	0
3.518	-45.57766	388.098022	1.032658	0.194362	0	-0.392728	6.00E-06	2.080797	5.00E-06	0	0	0	-0.13	0	0.305	0	0	0
3.519	-45.969799	388.098022	1.267773	0.194223	0	-0.391833	1.10E-05	2.080797	3.00E-06	0	0	0	-0.13	0	0.305	0	0	0
3.52	-45.65551	387.078918	1.267773	0.194223	0	-0.392455	1.10E-05	2.068347	3.00E-06	0	0	0	-0.13	0	0.305	0	0	0
3.521	-45.969799	386.376556	1.346264	0.19411	0	-0.392455	9.00E-06	2.068347	2.00E-06	0	0	0	-0.13	0	0.305	0	0	0
3.522	-46.280483	386.374237	1.346264	0.194728	0	-0.392623	6.00E-06	2.068347	5.00E-06	0	0	0	-0.13	0	0.305	0	0	0
3.523	-46.984745	386.374237	2.129768	0.194408	0	-0.392623	3.00E-06	2.10389	2.00E-06	0	0	0	-0.13	0	0.305	0	0	0
3.524	-46.984745	386.032074	2.129768	0.194408	0	-0.392623	3.00E-06	2.10389	5.00E-06	0	0	0	-0.13	0	0.305	0	0	0
3.525	-47.141174	386.032074	2.443172	0.19418	0	-0.393261	3.00E-06	2.10389	0.00E+00	0	0	0	-0.13	0	0.305	0	0	0
3.526	-47.217579	385.007202	2.991886	0.19418	0	-0.393323	4.00E-06	2.071513	5.00E-06	0	0	0	-0.13	0	0.305	0	0	0
3.527	-47.687569	384.835938	3.14843	0.194596	0	-0.393323	4.00E-06	2.071513	4.00E-06	0	0	0	-0.13	0	0.305	0	0	0
3.528	-48.548985	384.835938	3.46175	0.194596	0	-0.393161	4.00E-06	2.151201	7.00E-06	0	0	0	-0.13	0	0.305	0	0	0
3.529	-48.623947	383.974243	3.46175	0.194483	0	-0.392877	7.00E-06	2.172513	4.00E-06	0	0	0	-0.13	0	0.305	0	0	0
3.53	-48.937515	383.638672	4.245457	0.194	0	-0.392643	7.00E-06	2.172513	4.00E-06	0	0	0	-0.13	0	0.305	0	0	0
3.531	-48.937515	383.625977	4.245338	0.194152	0	-0.392877	7.00E-06	2.128363	4.00E-06	0	0	0	-0.13	0	0.305	0	0	0
3.532	-49.01609	381.396851	4.402199	0.194152	0	-0.393147	7.00E-06	2.086279	7.00E-06	0	0	0	-0.13	0	0.305	0	0	0
3.533	-49.01609	381.388	4.558861	0.194152	0	-0.393722	7.00E-06	2.086279	7.00E-06	0	0	0	-0.13	0	0.305	0	0	0
3.534	-49.56321	378.29837	4.559059	0.19427	0	-0.393147	1.40E-05	2.120556	3.00E-06	0	0	0	-0.13	0	0.305	0	0	0
3.535	-49.56321	378.29837	4.715523	0.19427	0	-0.392617	1.40E-05	2.120556	2.00E-06	0	0	0	-0.13	0	0.305	0	0	0
3.536	-49.56321	378.29837	4.715645	0.19427	0	-0.392617	3.00E-06	2.076109	2.00E-06	0	0	0	-0.13	0	0.305	0	0	0
3.537	-49.716747	377.44397	5.029167	0.194508	0	-0.39325	1.00E-06	2.074502	2.00E-06	0	0	0	-0.13	0	0.305	0	0	0
3.538	-49.717468	376.226257	5.185707	0.193902	0	-0.393436	3.00E-06	2.074502	2.00E-06	0	0	0	-0.13	0	0.305	0	0	0
3.539	-50.264591	375.200256	5.49931	0.194	0	-0.39325	1.10E-05	2.12206	5.00E-06	0	0	0	-0.13	0	0.305	0	0	0
3.54	-50.42318	374.855774	5.655891	0.194	0	-0.392736	1.20E-05	2.148714	5.00E-06	0	0	0	-0.13	0	0.305	0	0	0
3.541	-50.57888	375.200256	5.49931	0.194003	0	-0.392736	1.10E-05	2.191682	5.00E-06	0	0	0	-0.13	0	0.305	0	0	0
3.542	-50.57888	374.002167	5.812431	0.19404	0	-0.39341	1.00E-05	2.191682	4.00E-06	0	0	0	-0.13	0	0.305	0	0	0
3.543	-50.498863	373.316345	6.126114	0.19412	0	-0.39341	1.00E-05	2.056706	5.00E-06	0	0	0	-0.13	0	0.305	0	0	0
3.544	-50.420292	372.632507	6.28294	0.19412	0	-0.392267	1.30E-05	1.966969	3.00E-06	0	0	0	-0.13	0	0.305	0	0	0
3.545	-50.420292	371.778137	6.987995	0.193824	0	-0.392267	1.30E-05	1.966969	3.00E-06	0	0	0	-0.13	0	0.305	0	0	0
3.546	-50.421738	370.733582	6.987995	0.193824	0	-0.392732	1.30E-05	2.094129	0	0	0	0	-0.13	0	0.305	0	0	0
3.547	-50.421738	370.570831	6.596218	0.193964	0	-0.392756	1.30E-05	2.094129	0	0	0	0	-0.13	0	0.305	0	0	0
3.548	-50.421738	369.869965	6.596218	0.193964	0	-0.392756	1.30E-05	2.015693	0.00E+00	0	0	0	-0.13	0	0.305	0	0	0
3.549	-50.419571	369.363495	6.596218	0.193964	0	-0.39329	5.00E-06	2.015693	1.00E-06	0	0	0	-0.13	0	0.305	0	0	0
3.55	-50.34605	368.840485	6.75304	0.193885	0	-0.392471	2.00E-06	2.099755	6.00E-06	0	0	0	-0.13	0	0.305	0	0	0
3.551	-50.266754	367.810944	6.75304	0.193894	0	-0.39297	2.00E-06	2.099755	6.00E-06	0	0	0	-0.13	0	0.305	0	0	0
3.552	-50.344604	367.647003	6.831291	0.193894	0	-0.39297	5.00E-06	2.099755	5.00E-06	0	0	0	-0.13	0	0.305	0	0	0
3.553	-50.344604	366.959259	6.831291	0.193924	0	-0.39297	5.00E-06	2.05874	5.00E-06	0	0	0	-0.13	0	0.305	0	0	0
3.554	-50.344604	366.607483	6.831291	0.193971	0	-0.39279	5.00E-06	2.021472	3.00E-06	0	0	0	-0.13	0	0.305	0	0	0
3.555	-50.654564	366.959259	6.987831	0.194214	0	-0.392238	2.00E-06	2.001163	5.00E-06	0	0	0	-0.13	0	0.305	0	0	0
3.556	-50.501755	366.78537	6.987831	0.194214	0	-0.391619	5.00E-06	2.001163	2.00E-06	0	0	0	-0.13	0	0.305	0	0	0
3.557	-50.501755	366.78537	6.909542	0.193594	0	-0.391619	2.00E-06	2.081063	2.00E-06	0	0	0	-0.13	0	0.305	0	0	0
3.558	-50.501755	366.446686	6.75296	0.193594	0	-0.392293	7.00E-06	2.081063	2.00E-06	0	0	0	-0.13	0	0.305	0	0	0
3.559	-50.421013	366.446686	6.909542	0.193896	0	-0.392293	1.10E-05	2.066305	3.00E-06	0	0	0	-0.13	0	0.305	0	0	0
3.56	-50.57888	366.446686	6.9095	0.193896	0	-0.39149	1.10E-05	2.066305	3.00E-06	0	0	0	-0.13	0	0.305	0	0	0
3.561	-50.423901	366.291229	6.9095	0.193896	0	-0.391208	7.00E-06	2.093797	1.00E-06	0	0	0	-0.13	0	0.305	0	0	0
3.562	-50.423901	366.105713	6.752842	0.193872	0	-0.391208	5.00E-06	2.093797	1.00E-06	0	0	0	-0.13	0	0.305	0	0	0
3.563	-49.794601	366.27771	6.674629	0.193818	0	-0.391479	7.00E-06	1.944444	6.00E-06	0	0	0	-0.13	0	0.305	0	0	0
3.564	-49.794601	366.27771	6.674629	0.193818	0	-0.391479	9.00E-06	1.863924	6.00E-06	0	0	0	-0.13	0	0.305	0	0	0
3.565	-49.870285	366.27771	6.517849	0.193818	0	-0.391207	1.10E-05	1.863924	5.00E-06	0	0	0	-0.13	0	0.305	0	0	0
3.566	-50.028873	366.974762	6.517689	0.194195	0	-0.390952	1.10E-05	1.938697	4.00E-06	0	0	0	-0.13	0	0.305	0	0	0
3.567	-50.028873	367.841095	6.517849	0.193804	0	-0.390161	8.00E-06	1.938697	4.00E-06	0	0	0	-0.13	0	0.305	0	0	0
3.568	-49.714584	368.1763	6.360905	0.193804	0	-0.390102	8.00E-06	1.913614	3.00E-06	0	0	0	-0.13	0	0.305	0	0	0
3.569	-49.714584	368.1763	5.890884	0.19344	0	-0.390161	4.00E-06	1.913614	3.00E-06	0	0	0	-0.13	0	0.305	0	0	0
3.57	-50.109608	368.874451	5.7341	0.19344	0	-0.390127	3.00E-06	2.056827	3.00E-06	0	0	0	-0.13	0	0.305	0	0	0
3.571	-50.187462	368.874451	5.890884	0.193518	0	-0.390259	3.00E-06	2.056827	2.00E-06	0	0	0	-0.13	0	0.305	0	0	0
3.572	-50.187462	368.874451	5.7341	0.193767	0	-0.390127	3.00E-06	1.934552	2.00E-06	0	0	0	-0.13	0	0.305	0	0	0
3.573	-49.636734	368.529663	5.7341	0.193518	0	-0.390259	0.00E+00	1.934552	2.00E-06	0	0	0	-0.13	0	0.305	0	0	0
3.574	-49.405346	368.170471	5.655731	0.193767	0	-0.390381	0	1.978584	2.00E-06	0	0	0	-0.13	0	0.305	0	0	0
3.575	-49.636734	368.170471	5.655731	0.193748	0	-0.390381	7.00E-06	1.978584	2.00E-06	0	0	0	-0.13	0	0.305	0	0	0
3.576	-49.637451	368.359131	5.73402	0.193938	0	-0.388953	8.00E-06	1.925417	3.00E-06	0	0	0	-0.13	0	0.305	0	0	0
3.577	-49.637451	368.880219	5.73402	0.193748	0	-0.388953	7.00E-06	1.925417	3.00E-06	0	0	0	-0.13	0	0.305	0	0	0
3.578	-49.561047	369.905884	5.73394	0.19375	0	-0.389115	3.00E-06	2.110319	3.00E-06	0	0	0	-0.13	0	0.305	0	0	0
3.579	-49.409676	369.905884	5.655331	0.19375	0	-0.389191	3.00E-06	2.110319	3.00E-06	0	0	0	-0.13	0	0.305	0	0	0
3.58	-49.409676	370.422394	5.263916	0.19375	0	-0.389115	3.00E-06	1.942433	3.00E-06	0	0	0	-0.13	0	0.305	0	0	0
3.581	-49.48175	370.422394	4.950394	0.193675	0	-0.389143	6.00E-06	1.942433	3.00E-06	0	0	0	-0.13	0	0.305	0	0	0
3.582	-49.638172	368.704773	4.872025	0.193642	0	-0.388866	6.00E-06	1.95494	4.00E-06	0	0	0	-0.13	0	0.305	0	0	0
3.583	-49.48175	368.704773	4.872025	0.193642	0	-0.388981	6.00E-06	1.982162	5.00E-06	0	0	0	-0.13	0	0.305	0	0	0
3.584	-49.248199	369.221985	5.185387	0.193642	0	-0.388866	6.00E-06	1.95494	6.00E-06	0	0	0	-0.13	0	0.305	0	0	0
3.585	-48.699631	369.391663	5.342045	0.193746	0	-0.388981	7.00E-06	1.903722	6.00E-06	0	0	0	-0.13	0	0.305	0	0	0
3.586	-48.699631	369.391663	5.342045	0.193746	0	-0.388358	7.00E-06	1.886003	3.00E-06	0	0	0	-0.13	0	0.305	0	0	0
3.587	-48.781094	369.391663	4.950314	0.193765	0	-0.388304	1.00E-05	1.903722	2.00E-06	0	0	0	-0.13	0	0.305	0	0	0
3.588	-48.781094	368.199097	4.95023	0.193427	0	-0.387764	8.00E-06	1.886003	2.00E-06	0	0	0	-0.13	0	0.305	0	0	0
3.589	-48.781094	368.199097	4.95023	0.193358	0	-0.387764	8.00E-06	1.983534	1.00E-06	0	0	0	-0.13	0	0.305	0	0	0
3.59	-48.698914	368.0271	4.636909	0.193328	0	-0.387764	8.00E-06	1.863993	1.00E-06	0	0	0	-0.13	0	0.305	0	0	0
3.591	-48.313988	366.125458	4.636909	0.193328	0	-0.388481	8.00E-06	2.070634	5.00E-06	0	0	0	-0.13	0	0.305	0	0	0
3.592	-47.842552	366.125458	4.636909	0.193485	0	-0.387565	5.00E-06	1.893115	5.00E-06	0	0	0	-0.13	0	0.305	0	0	0
3.593	-47.842552	365.110229	4.55854	0.193523	0	-0.38824	5.00E-06	1.943689	5.00E-06	0	0	0	-0.13	0	0.305	0	0	0
3.594	-47.454018	363.210571	4.55854	0.193523	0	-0.38824	9.00E-06	1.943689	4.00E-06	0	0	0	-0.13	0	0.305	0	0	0
3.595	-47.2183	362.510803	4.63707	0.193397	0	-0.388295	1.00E-05	1.943689	2.00E-06	0	0	0	-0.13	0	0.305	0	0	0
3.596	-47.377609	360.800537	5.263798	0.193245	0	-0.388295	1.30E-05	1.926916	2.00E-06	0	0	0	-0.13	0	0.305	0	0	0
3.597	-47.219742	360.631256	5.263798	0.193397	0	-0.38787	1.00E-05	1.926916	2.00E-06	0	0	0	-0.13	0	0.305	0	0	0
3.598	-47.219742	359.4328	5.342247	0.193159	0	-0.387055	7.00E-06	1.926916	4.00E-06	0	0	0	-0.13	0	0.305	0	0	0
3.599	-46.596214	358.91095	5.263756	0.193454	0	-0.387055	7.00E-06	1.910507	3.00E-06	0	0	0	-0.13	0	0.305	0	0	0
3.6	-46.596214	357.898804	5.420456	0.192998	0	-0.387055	5.00E-06	1.910507	3.00E-06	0	0	0	-0.13	0	0.305	0	0	0
3.601	-46.436905	354.77829	5.420456	0.193186	0	-0.387177	9.00E-06	1.910075	3.00E-06	0	0	0	-0.13	0	0.305	0	0	0
3.602	-46.361938	353.411682	5.655613	0.193186	0	-0.387177	1.00E-05	1.910075	3.00E-06	0	0	0	-0.13	0	0.305	0	0	0
3.603	-45.971245	353.07074	5.655613	0.193186	0	-0.386884	1.10E-05	1.910075	4.00E-06	0	0	0	-0.13	0	0.305	0	0	0
3.604	-45.738411	353.07074	5.655613	0.192873	0	-0.386785	1.10E-05	1.901371	1.00E-06	0	0	0	-0.13	0	0.305	0	0	0
3.605	-45.660561	350.675415	5.734062	0.192873	0	-0.385473	8.00E-06	1.901371	6.00E-06	0	0	0	-0.13	0	0.305	0	0	0
3.606	-45.581989	349.122498	5.812229	0.193312	0	-0.385399	7.00E-06	1.824724	2.00E-06	0	0	0	-0.13	0	0.305	0	0	0
3.607	-45.345551	346.032867	5.812229	0.193312	0	-0.385249	5.00E-06	1.824724	2.00E-06	0	0	0	-0.13	0	0.305	0	0	0
3.608	-45.192734	346.032867	6.125515	0.193068	0	-0.384865	-1.00E-06	1.871903	2.00E-06	0	0	0	-0.13	0	0.305	0	0	0
3.609	-45.036312	345.170776	6.125515	0.193049	0	-0.384865	-1.00E-06	1.90656	3.00E-06	0	0	0	-0.13	0	0.305	0	0	0
3.61	-44.881329	342.42984	6.125515	0.193068	0	-0.384772	6.00E-06	1.90656	3.00E-06	0	0	0	-0.13	0	0.305	0	0	0
3.611	-44.332764	342.42984	6.125877	0.193557	0	-0.384772	7.00E-06	1.841978	3.00E-06	0	0	0	-0.13	0	0.305	0	0	0
3.612	-44.256355	342.42984	6.360744	0.193557	0	-0.384128	7.00E-06	1.841978	3.00E-06	0	0	0	-0.13	0	0.305	0	0	0
3.613	-43.946396	340.027191	6.595737	0.193748	0	-0.382941	7.00E-06	1.795605	4.00E-06	0	0	0	-0.13	0	0.305	0	0	0
3.614	-43.946396	340.027191	6.674309	0.193748	0	-0.382171	4.00E-06	1.874773	4.00E-06	0	0	0	-0.13	0	0.305	0	0	0
3.615	-43.553535	337.292847	6.674309	0.193748	0	-0.382171	7.00E-06	1.797472	3.00E-06	0	0	0	-0.13	0	0.305	0	0	0
3.616	-43.24213	335.037506	6.360905	0.193339	0	-0.382171	7.00E-06	1.858226	2.00E-06	0	0	0	-0.13	0	0.305	0	0	0
3.617	-43.553535	333.854889	6.360905	0.193339	0	-0.383237	8.00E-06	1.858226	2.00E-06	0	0	0	-0.13	0	0.305	0	0	0
3.618	-42.854321	333.848694	6.517406	0.193702	0	-0.38202	8.00E-06	1.882905	2.00E-06	0	0	0	-0.13	0	0.305	0	0	0
3.619	-43.089314	330.243774	6.752438	0.194448	0	-0.383237	8.00E-06	1.942667	4.00E-06	0	0	0	-0.13	0	0.305	0	0	0
3.62	-43.088593	329.046112	7.144131	0.193704	0	-0.381719	6.00E-06	1.942667	4.00E-06	0	0	0	-0.13	0	0.305	0	0	0
3.621	-43.088593	325.085144	7.144131	0.193724	0	-0.38171	5.00E-06	1.889853	4.00E-06	0	0	0	-0.13	0	0.305	0	0	0
3.622	-42.852875	325.085144	7.066044	0.193724	0	-0.381419	5.00E-06	1.824966	5.00E-06	0	0	0	-0.13	0	0.305	0	0	0
3.623	-42.852875	325.085144	7.066044	0.19399	0	-0.381011	1.00E-06	1.824966	5.00E-06	0	0	0	-0.13	0	0.305	0	0	0
3.624	-42.777187	324.919647	7.222462	0.19401	0	-0.379208	4.00E-06	1.824377	3.00E-06	0	0	0	-0.13	0	0.305	0	0	0
3.625	-42.777187	323.217896	7.379002	0.19401	0	-0.379031	4.00E-06	1.824377	3.00E-06	0	0	0	-0.13	0	0.305	0	0	0
3.626	-42.387936	322.011353	7.379002	0.193676	0	-0.378818	9.00E-06	1.824377	4.00E-06	0	0	0	-0.13	0	0.305	0	0	0
3.627	-41.836483	321.321686	7.379002	0.193676	0	-0.378818	1.30E-05	1.816109	4.00E-06	0	0	0	-0.13	0	0.305	0	0	0
3.628	-41.681499	318.924438	7.457695	0.194075	0	-0.378282	1.30E-05	1.757203	4.00E-06	0	0	0	-0.13	0	0.305	0	0	0
3.629	-41.681499	318.407166	7.457695	0.194967	0	-0.378282	8.00E-06	1.757203	4.00E-06	0	0	0	-0.13	0	0.305	0	0	0
3.63	-41.527245	317.044006	7.457695	0.194967	0	-0.378282	4.00E-06	1.757203	4.00E-06	0	0	0	-0.13	0	0.305	0	0	0
3.631	-41.527245	313.79126	7.457535	0.19503	0	-0.375999	3.00E-06	1.725166	4.00E-06	0	0	0	-0.13	0	0.305	0	0	0
3.632	-41.215118	312.057831	7.457535	0.194881	0	-0.375999	4.00E-06	1.725166	5.00E-06	0	0	0	-0.13	0	0.305	0	0	0
3.633	-40.980843	312.053162	7.457535	0.194881	0	-0.376802	4.00E-06	1.735324	5.00E-06	0	0	0	-0.13	0	0.305	0	0	0
3.634	-40.747288	308.450562	7.379204	0.194881	0	-0.376802	5.00E-06	1.755131	5.00E-06	0	0	0	-0.13	0	0.305	0	0	0
3.635	-40.747288	307.596161	7.457615	0.194293	0	-0.376508	5.00E-06	1.765712	4.00E-06	0	0	0	-0.13	0	0.305	0	0	0
3.636	-40.747288	306.214539	7.457615	0.194994	0	-0.376164	1.00E-05	1.78576	4.00E-06	0	0	0	-0.13	0	0.305	0	0	0
3.637	-40.591587	305.531799	7.457615	0.194994	0	-0.375111	0.00E+00	1.78576	5.00E-06	0	0	0	-0.13	0	0.305	0	0	0
3.638	-39.810192	304.33493	7.535824	0.194994	0	-0.375111	0	1.774387	5.00E-06	0	0	0	-0.13	0	0.305	0	0	0
3.639	-39.810192	301.742859	7.535824	0.195223	0	-0.37526	0.00E+00	1.774387	1.00E-06	0	0	0	-0.13	0	0.305	0	0	0
3.64	-39.810192	298.482727	7.535824	0.195301	0	-0.37526	-1.00E-06	1.774387	1.00E-06	0	0	0	-0.13	0	0.305	0	0	0
3.641	-40.046631	298.330383	7.535824	0.195304	0	-0.373612	4.00E-06	1.772696	2.00E-06	0	0	0	-0.13	0	0.305	0	0	0
3.642	-39.652325	296.258698	7.535744	0.195304	0	-0.373157	4.00E-06	1.650161	2.00E-06	0	0	0	-0.13	0	0.305	0	0	0
3.643	-39.107368	294.89328	7.535824	0.195304	0	-0.371206	4.00E-06	1.68625	2.00E-06	0	0	0	-0.13	0	0.305	0	0	0
3.644	-38.405266	294.034271	7.849148	0.19525	0	-0.371206	4.00E-06	1.68625	3.00E-06	0	0	0	-0.13	0	0.305	0	0	0
3.645	-38.32814	288.52652	7.849148	0.195549	0	-0.371394	6.00E-06	1.68625	3.00E-06	0	0	0	-0.13	0	0.305	0	0	0
3.646	-38.331024	285.955688	7.614357	0.19543	0	-0.371394	4.00E-06	1.694601	2.00E-06	0	0	0	-0.13	0	0.305	0	0	0
3.647	-38.32814	285.7771	7.614357	0.195478	0	-0.371246	9.00E-06	1.662033	2.00E-06	0	0	0	-0.13	0	0.305	0	0	0
3.648	-37.858143	283.885162	8.789272	0.19543	0	-0.371069	4.00E-06	1.662033	3.00E-06	0	0	0	-0.13	0	0.305	0	0	0
3.649	-37.315353	281.828125	9.103001	0.195478	0	-0.369993	9.00E-06	1.637216	3.00E-06	0	0	0	-0.13	0	0.305	0	0	0
3.65	-36.608925	280.113953	9.259579	0.195908	0	-0.369993	6.00E-06	1.627115	2.00E-06	0	0	0	-0.13	0	0.305	0	0	0
3.651	-36.29752	275.976685	9.651314	0.195908	0	-0.369993	1.00E-05	1.526474	2.00E-06	0	0	0	-0.13	0	0.305	0	0	0
3.652	-35.909706	273.925476	10.513107	0.195908	0	-0.368699	9.00E-06	1.555619	4.00E-06	0	0	0	-0.13	0	0.305	0	0	0
3.653	-35.906101	272.548798	10.591518	0.19554	0	-0.368699	9.00E-06	1.519481	4.00E-06	0	0	0	-0.13	0	0.305	0	0	0
3.654	-35.906101	268.42041	10.670094	0.19554	0	-0.367771	9.00E-06	1.519481	3.00E-06	0	0	0	-0.13	0	0.305	0	0	0
3.655	-34.110477	267.55603	10.670094	0.19554	0	-0.367771	6.00E-06	1.38352	3.00E-06	0	0	0	-0.13	0	0.305	0	0	0
3.656	-33.876926	266.709778	11.218285	0.196026	0	-0.366994	5.00E-06	1.38352	3.00E-06	0	0	0	-0.13	0	0.305	0	0	0
3.657	-33.643372	261.720856	11.218285	0.196086	0	-0.365986	5.00E-06	1.438392	1.00E-06	0	0	0	-0.13	0	0.305	0	0	0
3.658	-33.643372	258.473083	11.218243	0.196086	0	-0.36524	3.00E-06	1.438392	0	0	0	0	-0.13	0	0.305	0	0	0
3.659	-32.625534	257.084473	11.218243	0.197227	0	-0.36507	3.00E-06	1.438392	0	0	0	0	-0.13	0	0.305	0	0	0
3.66	-31.764124	254.682587	11.218243	0.197227	0	-0.36507	3.00E-06	1.367945	0.00E+00	0	0	0	-0.13	0	0.305	0	0	0
3.661	-31.377754	251.771973	11.139874	0.197233	0	-0.36351	-1.00E-06	1.367482	4.00E-06	0	0	0	-0.13	0	0.305	0	0	0
3.662	-31.377754	250.731659	11.531769	0.197299	0	-0.361369	3.00E-06	1.256102	4.00E-06	0	0	0	-0.13	0	0.305	0	0	0
3.663	-30.90704	246.269257	11.766478	0.197299	0	-0.361369	6.00E-06	1.367482	3.00E-06	0	0	0	-0.13	0	0.305	0	0	0
3.664	-30.675652	243.866638	11.766478	0.196787	0	-0.361056	6.00E-06	1.396484	2.00E-06	0	0	0	-0.13	0	0.305	0	0	0
3.665	-30.282791	240.938202	11.374542	0.196787	0	-0.359896	4.00E-06	1.396484	2.00E-06	0	0	0	-0.13	0	0.305	0	0	0
3.666	-30.206381	239.904465	11.296455	0.196963	0	-0.359896	4.00E-06	1.350102	2.00E-06	0	0	0	-0.13	0	0.305	0	0	0
3.667	-30.206381	235.625259	11.296455	0.197172	0	-0.358525	4.00E-06	1.28337	3.00E-06	0	0	0	-0.13	0	0.305	0	0	0
3.668	-29.579247	235.448624	11.452915	0.198118	0	-0.357213	5.00E-06	1.219836	3.00E-06	0	0	0	-0.13	0	0.305	0	0	0
3.669	-28.719997	231.504623	11.452915	0.198118	0	-0.355861	6.00E-06	1.219836	3.00E-06	0	0	0	-0.13	0	0.305	0	0	0
3.67	-28.098635	228.576233	11.374504	0.198118	0	-0.3552	5.00E-06	1.315187	3.00E-06	0	0	0	-0.13	0	0.305	0	0	0
3.671	-27.939323	227.37587	11.374504	0.198084	0	-0.355053	6.00E-06	1.315187	1.00E-06	0	0	0	-0.13	0	0.305	0	0	0
3.672	-27.156485	222.74762	11.609495	0.198084	0	-0.354162	3.00E-06	1.21128	3.00E-06	0	0	0	-0.13	0	0.305	0	0	0
3.673	-26.923656	222.043274	11.687784	0.198877	0	-0.352124	4.00E-06	1.21128	4.00E-06	0	0	0	-0.13	0	0.305	0	0	0
3.674	-26.610807	220.851776	11.687784	0.199007	0	-0.351776	3.00E-06	1.224164	4.00E-06	0	0	0	-0.13	0	0.305	0	0	0
3.675	-26.143702	216.214661	11.609373	0.199218	0	-0.349953	4.00E-06	1.224164	3.00E-06	0	0	0	-0.13	0	0.305	0	0	0
3.676	-25.437992	214.667145	10.903996	0.199444	0	-0.349953	8.00E-06	1.217481	3.00E-06	0	0	0	-0.13	0	0.305	0	0	0
3.677	-25.282291	213.456726	10.747498	0.200097	0	-0.349953	8.00E-06	1.149593	3.00E-06	0	0	0	-0.13	0	0.305	0	0	0
3.678	-25.053066	208.494095	10.512062	0.200352	0	-0.348067	2.00E-06	1.149593	4.00E-06	0	0	0	-0.13	0	0.305	0	0	0
3.679	-25.045128	206.41925	9.963587	0.200264	0	-0.345432	0.00E+00	1.202235	3.00E-06	0	0	0	-0.13	0	0.305	0	0	0
3.68	-24.735168	206.259583	9.963467	0.200384	0	-0.344732	2.00E-06	1.202235	3.00E-06	0	0	0	-0.13	0	0.305	0	0	0
3.681	-24.656597	200.929688	9.806887	0.200384	0	-0.344398	4.00E-06	1.186997	2.00E-06	0	0	0	-0.13	0	0.305	0	0	0
3.682	-23.482338	200.769592	9.414951	0.201304	0	-0.343359	4.00E-06	1.168987	2.00E-06	0	0	0	-0.13	0	0.305	0	0	0
3.683	-23.405209	196.803253	8.709696	0.201304	0	-0.342136	4.00E-06	1.168987	2.00E-06	0	0	0	-0.13	0	0.305	0	0	0
3.684	-22.780956	195.964325	8.709696	0.201304	0	-0.34047	3.00E-06	1.1743	2.00E-06	0	0	0	-0.13	0	0.305	0	0	0
3.685	-22.701664	194.747742	8.239349	0.201525	0	-0.339812	3.00E-06	1.202167	1.00E-06	0	0	0	-0.13	0	0.305	0	0	0
3.686	-22.467388	191.489197	8.082811	0.202257	0	-0.338351	3.00E-06	1.259875	2.00E-06	0	0	0	-0.13	0	0.305	0	0	0
3.687	-22.236723	189.606491	7.142441	0.202257	0	-0.337913	4.00E-06	1.266471	2.00E-06	0	0	0	-0.13	0	0.305	0	0	0
3.688	-21.846024	187.880356	7.142282	0.20327	0	-0.336177	5.00E-06	1.259875	2.00E-06	0	0	0	-0.13	0	0.305	0	0	0
3.689	-21.449554	186.006927	6.672218	0.20327	0	-0.334986	6.00E-06	1.252399	1.00E-06	0	0	0	-0.13	0	0.305	0	0	0
3.69	-21.059574	186.000793	5.732052	0.203247	0	-0.333861	5.00E-06	1.246842	1.00E-06	0	0	0	-0.13	0	0.305	0	0	0
3.691	-21.059574	185.308411	5.261581	0.203175	0	-0.333858	3.00E-06	1.252399	0	0	0	0	-0.13	0	0.305	0	0	0
3.692	-21.059574	182.390411	5.104843	0.203175	0	-0.333683	3.00E-06	1.272453	0	0	0	0	-0.13	0	0.305	0	0	0
3.693	-20.670321	180.168274	4.948383	0.204297	0	-0.331812	3.00E-06	1.272453	0	0	0	0	-0.13	0	0.305	0	0	0
3.694	-20.200329	179.472046	4.869928	0.204297	0	-0.33159	4.00E-06	1.272453	2.00E-06	0	0	0	-0.13	0	0.305	0	0	0
3.695	-19.653208	175.177429	4.713148	0.204363	0	-0.329502	4.00E-06	1.210106	2.00E-06	0	0	0	-0.13	0	0.305	0	0	0
3.696	-19.578966	175.177429	3.85111	0.20369	0	-0.329224	4.00E-06	1.286578	2.00E-06	0	0	0	-0.13	0	0.305	0	0	0
3.697	-19.266838	174.144089	3.381008	0.204363	0	-0.328291	3.00E-06	1.210106	1.00E-06	0	0	0	-0.13	0	0.305	0	0	0
3.698	-18.948219	172.617416	3.381008	0.204951	0	-0.327536	3.00E-06	1.153038	2.00E-06	0	0	0	-0.13	0	0.305	0	0	0
3.699	-18.089695	172.601593	3.381008	0.2071	0	-0.328241	0.00E+00	1.153038	2.00E-06	0	0	0	-0.13	0	0.305	0	0	0
3.7	-18.089695	171.226471	3.77282	0.2071	0	-0.326186	2.00E-06	1.315678	2.00E-06	0	0	0	-0.13	0	0.305	0	0	0
3.701	-17.777569	167.439117	4.399343	0.204488	0	-0.326186	2.00E-06	1.315678	2.00E-06	0	0	0	-0.13	0	0.305	0	0	0
3.702	-17.933994	167.437561	3.77282	0.204488	0	-0.32525	3.00E-06	1.262035	1.00E-06	0	0	0	-0.13	0	0.305	0	0	0
3.703	-17.699718	165.706833	3.616158	0.204219	0	-0.324289	4.00E-06	1.190253	1.00E-06	0	0	0	-0.13	0	0.305	0	0	0
3.704	-17.386871	163.138321	2.910782	0.204953	0	-0.322282	3.00E-06	1.177686	1.00E-06	0	0	0	-0.13	0	0.305	0	0	0
3.705	-16.998337	161.766327	1.579044	0.205717	0	-0.321598	2.00E-06	1.190253	2.00E-06	0	0	0	-0.13	0	0.305	0	0	0
3.706	-16.764065	160.397003	1.500549	0.205748	0	-0.321002	2.00E-06	1.2214	1.00E-06	0	0	0	-0.13	0	0.305	0	0	0
3.707	-16.608362	159.349396	1.4221	0.205878	0	-0.320547	4.00E-06	1.271424	1.00E-06	0	0	0	-0.13	0	0.305	0	0	0
3.708	-16.062683	157.632568	0.403641	0.205878	0	-0.320547	4.00E-06	1.313062	1.00E-06	0	0	0	-0.13	0	0.305	0	0	0
3.709	-15.904817	157.632568	-0.458195	0.205878	0	-0.320547	4.00E-06	1.313062	1.00E-06	0	0	0	-0.13	0	0.305	0	0	0
3.71	-15.828408	154.711121	-1.163334	0.206151	0	-0.319294	2.00E-06	1.313062	1.00E-06	0	0	0	-0.13	0	0.305	0	0	0
3.711	-15.279844	153.838196	-2.103458	0.205957	0	-0.317351	5.00E-06	1.343948	1.00E-06	0	0	0	-0.13	0	0.305	0	0	0
3.712	-15.205601	152.290344	-2.887005	0.205957	0	-0.316392	2.00E-06	1.264315	1.00E-06	0	0	0	-0.13	0	0.305	0	0	0
3.713	-14.733445	150.230225	-3.122116	0.205957	0	-0.315703	3.00E-06	1.280604	1.00E-06	0	0	0	-0.13	0	0.305	0	0	0
3.714	-14.343468	149.36734	-3.983793	0.207114	0	-0.314513	1.00E-06	1.2742	0	0	0	0	-0.13	0	0.305	0	0	0
3.715	-14.267059	147.650482	-4.61072	0.207163	0	-0.314314	2.00E-06	1.2742	0	0	0	0	-0.13	0	0.305	0	0	0
3.716	-13.641367	144.542343	-5.942499	0.207902	0	-0.314314	2.00E-06	1.2742	0.00E+00	0	0	0	-0.13	0	0.305	0	0	0
3.717	-13.641367	144.214508	-7.03953	0.207902	0	-0.311115	2.00E-06	1.333117	1.00E-06	0	0	0	-0.13	0	0.305	0	0	0
3.718	-13.329964	144.198303	-7.744705	0.207902	0	-0.309943	-1.00E-06	1.333117	2.00E-06	0	0	0	-0.13	0	0.305	0	0	0
3.719	-12.622087	144.198303	-7.901445	0.208353	0	-0.311115	-1.00E-06	1.486132	2.00E-06	0	0	0	-0.13	0	0.305	0	0	0
3.72	-12.393587	143.166901	-7.901445	0.208353	0	-0.310273	1.00E-06	1.35498	1.00E-06	0	0	0	-0.13	0	0.305	0	0	0
3.721	-11.373587	143.166901	-6.726246	0.208371	0	-0.310273	1.00E-06	1.486132	1.00E-06	0	0	0	-0.13	0	0.305	0	0	0
3.722	-11.065067	142.484924	-6.726246	0.208371	0	-0.310226	3.00E-06	1.509493	1.00E-06	0	0	0	-0.13	0	0.305	0	0	0
3.723	-11.065067	141.958801	-7.274761	0.209058	0	-0.310226	3.00E-06	1.509493	2.00E-06	0	0	0	-0.13	0	0.305	0	0	0
3.724	-10.827187	140.228439	-7.431301	0.209058	0	-0.310292	3.00E-06	1.448452	2.00E-06	0	0	0	-0.13	0	0.305	0	0	0
3.725	-9.655092	140.228439	-7.431301	0.20953	0	-0.310761	3.00E-06	1.382387	1.00E-06	0	0	0	-0.13	0	0.305	0	0	0
3.726	-9.342966	139.540741	-6.569466	0.208279	0	-0.310292	3.00E-06	1.373783	1.00E-06	0	0	0	-0.13	0	0.305	0	0	0
3.727	-9.186543	139.540741	-6.412643	0.208982	0	-0.309263	3.00E-06	1.373783	2.00E-06	0	0	0	-0.13	0	0.305	0	0	0
3.728	-9.03084	136.778198	-6.412643	0.208279	0	-0.308652	1.00E-06	1.370473	2.00E-06	0	0	0	-0.13	0	0.305	0	0	0
3.729	-9.030121	136.778198	-6.804617	0.208982	0	-0.308652	1.00E-06	1.370473	2.00E-06	0	0	0	-0.13	0	0.305	0	0	0
3.73	-8.326574	136.778198	-6.804617	0.207897	0	-0.308652	1.00E-06	1.328078	1.00E-06	0	0	0	-0.13	0	0.305	0	0	0
3.731	-8.089415	134.730789	-6.020908	0.209028	0	-0.308615	2.00E-06	1.328078	1.00E-06	0	0	0	-0.13	0	0.305	0	0	0
3.732	-7.858749	134.532135	-5.942741	0.208882	0	-0.306019	2.00E-06	1.324014	1.00E-06	0	0	0	-0.13	0	0.305	0	0	0
3.733	-7.700882	131.091492	-5.629179	0.208882	0	-0.306019	3.00E-06	1.344295	1.00E-06	0	0	0	-0.13	0	0.305	0	0	0
3.734	-7.232332	129.707138	-5.629179	0.20838	0	-0.306019	1.00E-06	1.344295	1.00E-06	0	0	0	-0.13	0	0.305	0	0	0
3.735	-6.9995	129.196045	-5.629179	0.208284	0	-0.307056	1.00E-06	1.344295	0	0	0	0	-0.13	0	0.305	0	0	0
3.736	-6.686655	127.458374	-5.237404	0.208284	0	-0.307056	1.00E-06	1.341809	0	0	0	0	-0.13	0	0.305	0	0	0
3.737	-6.529509	125.404007	-5.237286	0.209826	0	-0.307056	4.00E-06	1.264243	2.00E-06	0	0	0	-0.13	0	0.305	0	0	0
3.738	-6.526623	124.193977	-5.158831	0.209826	0	-0.307274	4.00E-06	1.264243	2.00E-06	0	0	0	-0.13	0	0.305	0	0	0
3.739	-5.983109	123.154465	-4.610437	0.209453	0	-0.304968	3.00E-06	1.366745	1.00E-06	0	0	0	-0.13	0	0.305	0	0	0
3.74	-5.353806	121.433792	-4.610437	0.209246	0	-0.305504	1.00E-06	1.366745	1.00E-06	0	0	0	-0.13	0	0.305	0	0	0
3.741	-5.124582	120.735611	-4.610437	0.209246	0	-0.305504	3.00E-06	1.183655	1.00E-06	0	0	0	-0.13	0	0.305	0	0	0
3.742	-5.043846	117.633621	-4.453453	0.210412	0	-0.306135	0.00E+00	1.183655	1.00E-06	0	0	0	-0.13	0	0.305	0	0	0
3.743	-4.730999	117.284912	-4.453453	0.210412	0	-0.306518	1.00E-06	1.307431	2.00E-06	0	0	0	-0.13	0	0.305	0	0	0
3.744	-4.577461	116.763054	-3.826691	0.210388	0	-0.306135	0.00E+00	1.307431	1.00E-06	0	0	0	-0.13	0	0.305	0	0	0
3.745	-4.417429	113.66301	-4.061722	0.210308	0	-0.306259	1.00E-06	1.195009	1.00E-06	0	0	0	-0.13	0	0.305	0	0	0
3.746	-4.183157	113.644867	-4.061722	0.207571	0	-0.306259	1.00E-06	1.12443	1.00E-06	0	0	0	-0.13	0	0.305	0	0	0
3.747	-3.79318	113.310837	-4.061722	0.209024	0	-0.308686	1.00E-06	1.122311	1.00E-06	0	0	0	-0.13	0	0.305	0	0	0
3.748	-3.795345	109.333633	-4.061562	0.209024	0	-0.308686	2.00E-06	1.122311	1.00E-06	0	0	0	-0.13	0	0.305	0	0	0
3.749	-3.795345	107.952744	-3.748322	0.209385	0	-0.308669	2.00E-06	1.218143	1.00E-06	0	0	0	-0.13	0	0.305	0	0	0
3.75	-3.795345	106.762054	-3.669868	0.209385	0	-0.307707	2.00E-06	1.218143	1.00E-06	0	0	0	-0.13	0	0.305	0	0	0
3.751	-3.167486	103.294769	-3.356388	0.20721	0	-0.308547	3.00E-06	1.101173	1.00E-06	0	0	0	-0.13	0	0.305	0	0	0
3.752	-3.167486	103.288589	-3.356388	0.20721	0	-0.307707	2.00E-06	1.101173	1.00E-06	0	0	0	-0.13	0	0.305	0	0	0
3.753	-3.478891	100.197433	-3.356388	0.207874	0	-0.305346	2.00E-06	1.095455	0.00E+00	0	0	0	-0.13	0	0.305	0	0	0
3.754	-3.481775	97.780487	-3.277611	0.208171	0	-0.305346	2.00E-06	0.976821	1.00E-06	0	0	0	-0.13	0	0.305	0	0	0
3.755	-3.478891	96.908745	-2.964531	0.207874	0	-0.307316	1.00E-06	0.976821	1.00E-06	0	0	0	-0.13	0	0.305	0	0	0
3.756	-3.480333	94.837021	-2.729538	0.206682	0	-0.307316	1.00E-06	0.961851	1.00E-06	0	0	0	-0.13	0	0.305	0	0	0
3.757	-3.480333	89.492813	-2.650925	0.206682	0	-0.307932	1.00E-06	1.056356	1.00E-06	0	0	0	-0.13	0	0.305	0	0	0
3.758	-3.63892	89.490921	-2.650925	0.207517	0	-0.310323	1.00E-06	0.942603	1.00E-06	0	0	0	-0.13	0	0.305	0	0	0
3.759	-3.63892	87.580414	-2.102131	0.207618	0	-0.310323	0.00E+00	0.875018	0	0	0	0	-0.13	0	0.305	0	0	0
3.76	-3.713886	84.325714	-1.475529	0.207517	0	-0.302949	-1.00E-06	0.838348	0	0	0	0	-0.13	0	0.305	0	0	0
3.761	-3.713886	82.080032	-1.397236	0.206986	0	-0.302949	0.00E+00	0.838348	0.00E+00	0	0	0	-0.13	0	0.305	0	0	0
3.762	-3.713886	80.861145	-0.848721	0.206986	0	-0.304392	0	0.813049	1.00E-06	0	0	0	-0.13	0	0.305	0	0	0
3.763	-3.950325	79.305496	-0.69186	0.207935	0	-0.306856	1.00E-06	0.813049	1.00E-06	0	0	0	-0.13	0	0.305	0	0	0
3.764	-3.950325	76.20546	-0.221756	0.207935	0	-0.306856	3.00E-06	0.624037	1.00E-06	0	0	0	-0.13	0	0.305	0	0	0
3.765	-4.102419	71.030228	-0.221756	0.203729	0	-0.304144	3.00E-06	0.699644	1.00E-06	0	0	0	-0.13	0	0.305	0	0	0
3.766	-4.102419	70.677292	0.170097	0.203729	0	-0.304144	2.00E-06	0.672147	0.00E+00	0	0	0	-0.13	0	0.305	0	0	0
3.767	-4.184599	68.269989	0.170097	0.204753	0	-0.305062	2.00E-06	0.672147	0	0	0	0	-0.13	0	0.305	0	0	0
3.768	-3.948162	65.662483	0.170097	0.204753	0	-0.307058	0	0.622817	0	0	0	0	-0.13	0	0.305	0	0	0
3.769	-3.79318	65.152573	0.091927	0.204753	0	-0.3071	0	0.612157	1.00E-06	0	0	0	-0.13	0	0.305	0	0	0
3.77	-3.321745	64.633018	0.640244	0.203294	0	-0.307058	0	0.564223	1.00E-06	0	0	0	-0.13	0	0.305	0	0	0
3.771	-3.558907	60.857594	0.718853	0.203683	0	-0.29839	1.00E-06	0.564223	1.00E-06	0	0	0	-0.13	0	0.305	0	0	0
3.772	-3.321745	57.227158	0.797264	0.203683	0	-0.29839	1.00E-06	0.50857	1.00E-06	0	0	0	-0.13	0	0.305	0	0	0
3.773	-3.320301	55.319702	0.797264	0.205147	0	-0.299967	0	0.50102	1.00E-06	0	0	0	-0.13	0	0.305	0	0	0
3.774	-3.087471	54.297966	1.032097	0.205147	0	-0.302088	0	0.456253	1.00E-06	0	0	0	-0.13	0	0.305	0	0	0
3.775	-3.087471	51.190186	1.659145	0.206961	0	-0.302088	0	0.50102	0	0	0	0	-0.13	0	0.305	0	0	0
3.776	-3.087471	50.49511	1.737396	0.206532	0	-0.302088	0	0.516669	0	0	0	0	-0.13	0	0.305	0	0	0
3.777	-2.541069	49.456371	2.285866	0.206532	0	-0.303153	1.00E-06	0.516669	1.00E-06	0	0	0	-0.13	0	0.305	0	0	0
3.778	-2.541069	46.352837	2.285866	0.204619	0	-0.303153	1.00E-06	0.530999	1.00E-06	0	0	0	-0.13	0	0.305	0	0	0
3.779	-2.537462	45.65313	2.12925	0.204619	0	-0.305393	1.00E-06	0.512099	1.00E-06	0	0	0	-0.13	0	0.305	0	0	0
3.78	-3.16893	43.257011	2.12925	0.20677	0	-0.305393	0	0.434485	1.00E-06	0	0	0	-0.13	0	0.305	0	0	0
3.781	-2.85103	42.209785	2.59943	0.20677	0	-0.304764	0	0.39779	1.00E-06	0	0	0	-0.13	0	0.305	0	0	0
3.782	-2.85103	41.523193	2.834385	0.203418	0	-0.304594	1.00E-06	0.434485	1.00E-06	0	0	0	-0.13	0	0.305	0	0	0
3.783	-2.775345	37.719612	3.226276	0.203418	0	-0.29672	1.00E-06	0.399228	1.00E-06	0	0	0	-0.13	0	0.305	0	0	0
3.784	-2.775345	37.215851	3.461311	0.20558	0	-0.29672	1.00E-06	0.474183	0	0	0	0	-0.13	0	0.305	0	0	0
3.785	-2.931768	36.165134	3.461311	0.20558	0	-0.301147	0	0.465026	0	0	0	0	-0.13	0	0.305	0	0	0
3.786	-3.008898	34.444805	3.853001	0.206014	0	-0.301147	0	0.465026	0	0	0	0	-0.13	0	0.305	0	0	0
3.787	-3.008898	33.581192	3.853001	0.204557	0	-0.295234	1.00E-06	0.465026	0.00E+00	0	0	0	-0.13	0	0.305	0	0	0
3.788	-3.008898	32.719864	3.617847	0.204557	0	-0.295234	1.00E-06	0.478928	1.00E-06	0	0	0	-0.13	0	0.305	0	0	0
3.789	-2.853918	30.477655	3.461231	0.204557	0	-0.296908	0	0.478928	0.00E+00	0	0	0	-0.13	0	0.305	0	0	0
3.79	-2.618921	30.464535	3.304649	0.205138	0	-0.298513	0	0.467013	0	0	0	0	-0.13	0	0.305	0	0	0
3.791	-2.468271	30.464535	3.069698	0.207491	0	-0.296908	0	0.467013	0	0	0	0	-0.13	0	0.305	0	0	0
3.792	-2.468271	27.8941	2.521343	0.207491	0	-0.289933	0	0.480918	0	0	0	0	-0.13	0	0.305	0	0	0
3.793	-2.468271	27.8941	1.659184	0.207491	0	-0.289933	0.00E+00	0.535419	0	0	0	0	-0.13	0	0.305	0	0	0
3.794	-2.307516	27.8941	1.502522	0.204097	0	-0.308818	0	0.515288	0	0	0	0	-0.13	0	0.305	0	0	0
3.795	-2.854639	27.533806	1.110706	0.203091	0	-0.308818	0	0.527946	0	0	0	0	-0.13	0	0.305	0	0	0
3.796	-2.621086	27.531488	1.110706	0.203422	0	-0.311245	0	0.527946	0	0	0	0	-0.13	0	0.305	0	0	0
3.797	-2.621086	26.844534	0.718975	0.203091	0	-0.304524	0	0.527946	0	0	0	0	-0.13	0	0.305	0	0	0
3.798	-1.996113	25.982456	0	0.203422	0	-0.3005	0	0.621855	0	0	0	0	-0.13	0	0.305	0	0	0
3.799	0	0	0	0.2	0	-0.3	0	0	0	0	0	0	-0.13	0	0.305	0	0	0
3.8	0	0	0	0.2	0	-0.3	0	0	0	0	0	0	-0.13	0	0.305	0	0	0
3.801	0	0	0	0.2	0	-0.3	0	0	0	0	0	0	-0.13	0	0.305	0	0	0
3.802	0	0	0	0.2	0	-0.3	0	0	0	0	0	0	-0.13	0	0.305	0	0	0
3.803	0	0	0	0.2	0	-0.3	0	0	0	0	0	0	-0.13	0	0.305	0	0	0
3.804	0	0	0	0.2	0	-0.3	0	0	0	0	0	0	-0.13	0	0.305	0	0	0
3.805	0	0	0	0.2	0	-0.3	0	0	0	0	0	0	-0.13	0	0.305	0	0	0
3.806	0	0	0	0.2	0	-0.3	0	0	0	0	0	0	-0.13	0	0.305	0	0	0
3.807	0	0	0	0.2	0	-0.3	0	0	0	0	0	0	-0.13	0	0.305	0	0	0
3.808	0	0	0	0.2	0	-0.3	0	0	0	0	0	0	-0.13	0	0.305	0	0	0
3.809	0	0	0	0.2	0	-0.3	0	0	0	0	0	0	-0.13	0	0.305	0	0	0
3.81	0	0	0	0.2	0	-0.3	0	0	0	0	0	0	-0.13	0	0.305	0	0	0
3.811	0	0	0	0.2	0	-0.3	0	0	0	0	0	0	-0.13	0	0.305	0	0	0
3.812	0	0	0	0.2	0	-0.3	0	0	0	0	0	0	-0.13	0	0.305	0	0	0
3.813	0	0	0	0.2	0	-0.3	0	0	0	0	0	0	-0.13	0	0.305	0	0	0
3.814	0	0	0	0.2	0	-0.3	0	0	0	0	0	0	-0.13	0	0.305	0	0	0
3.815	0	0	0	0.2	0	-0.3	0	0	0	0	0	0	-0.13	0	0.305	0	0	0
3.816	0	0	0	0.2	0	-0.3	0	0	0	0	0	0	-0.13	0	0.305	0	0	0
3.817	0	0	0	0.2	0	-0.3	0	0	0	0	0	0	-0.13	0	0.305	0	0	0
3.818	0	0	0	0.2	0	-0.3	0	0	0	0	0	0	-0.13	0	0.305	0	0	0
3.819	0	0	0	0.2	0	-0.3	0	0	0	0	0	0	-0.13	0	0.305	0	0	0
3.82	0	0	0	0.2	0	-0.3	0	0	0	0	0	0	-0.13	0	0.305	0	0	0
3.821	0	0	0	0.2	0	-0.3	0	0	0	0	0	0	-0.13	0	0.305	0	0	0
3.822	0	0	0	0.2	0	-0.3	0	0	0	0	0	0	-0.13	0	0.305	0	0	0
3.823	0	0	0	0.2	0	-0.3	0	0	0	0	0	0	-0.13	0	0.305	0	0	0
3.824	0	0	0	0.2	0	-0.3	0	0	0	0	0	0	-0.13	0	0.305	0	0	0
3.825	0	0	0	0.2	0	-0.3	0	0	0	0	0	0	-0.13	0	0.305	0	0	0
3.826	0	0	0	0.2	0	-0.3	0	0	0	0	0	0	-0.13	0	0.305	0	0	0
3.827	0	0	0	0.2	0	-0.3	0	0	0	0	0	0	-0.13	0	0.305	0	0	0
3.828	0	0	0	0.2	0	-0.3	0	0	0	0	0	0	-0.13	0	0.305	0	0	0
3.829	0	0	0	0.2	0	-0.3	0	0	0	0	0	0	-0.13	0	0.305	0	0	0
3.83	0	0	0	0.2	0	-0.3	0	0	0	0	0	0	-0.13	0	0.305	0	0	0
3.831	0	0	0	0.2	0	-0.3	0	0	0	0	0	0	-0.13	0	0.305	0	0	0
3.832	0	0	0	0.2	0	-0.3	0	0	0	0	0	0	-0.13	0	0.305	0	0	0
3.833	0	0	0	0.2	0	-0.3	0	0	0	0	0	0	-0.13	0	0.305	0	0	0
3.834	0	0	0	0.2	0	-0.3	0	0	0	0	0	0	-0.13	0	0.305	0	0	0
3.835	0	0	0	0.2	0	-0.3	0	0	0	0	0	0	-0.13	0	0.305	0	0	0
3.836	0	0	0	0.2	0	-0.3	0	0	0	0	0	0	-0.13	0	0.305	0	0	0
3.837	0	0	0	0.2	0	-0.3	0	0	0	0	0	0	-0.13	0	0.305	0	0	0
3.838	0	0	0	0.2	0	-0.3	0	0	0	0	0	0	-0.13	0	0.305	0	0	0
3.839	0	0	0	0.2	0	-0.3	0	0	0	0	0	0	-0.13	0	0.305	0	0	0
3.84	0	0	0	0.2	0	-0.3	0	0	0	0	0	0	-0.13	0	0.305	0	0	0
3.841	0	0	0	0.2	0	-0.3	0	0	0	0	0	0	-0.13	0	0.305	0	0	0
3.842	0	0	0	0.2	0	-0.3	0	0	0	0	0	0	-0.13	0	0.305	0	0	0
3.843	0	0	0	0.2	0	-0.3	0	0	0	0	0	0	-0.13	0	0.305	0	0	0
3.844	0	0	0	0.2	0	-0.3	0	0	0	0	0	0	-0.13	0	0.305	0	0	0
3.845	0	0	0	0.2	0	-0.3	0	0	0	0	0	0	-0.13	0	0.305	0	0	0
3.846	0	0	0	0.2	0	-0.3	0	0	0	0	0	0	-0.13	0	0.305	0	0	0
3.847	0	0	0	0.2	0	-0.3	0	0	0	0	0	0	-0.13	0	0.305	0	0	0
3.848	0	0	0	0.2	0	-0.3	0	0	0	0	0	0	-0.13	0	0.305	0	0	0
3.849	0	0	0	0.2	0	-0.3	0	0	0	0	0	0	-0.13	0	0.305	0	0	0
3.85	0	0	0	0.2	0	-0.3	0	0	0	0	0	0	-0.13	0	0.305	0	0	0
3.851	0	0	0	0.2	0	-0.3	0	0	0	0	0	0	-0.13	0	0.305	0	0	0
3.852	0	0	0	0.2	0	-0.3	0	0	0	0	0	0	-0.13	0	0.305	0	0	0
3.853	0	0	0	0.2	0	-0.3	0	0	0	0	0	0	-0.13	0	0.305	0	0	0
3.854	0	0	0	0.2	0	-0.3	0	0	0	0	0	0	-0.13	0	0.305	0	0	0
3.855	0	0	0	0.2	0	-0.3	0	0	0	0	0	0	-0.13	0	0.305	0	0	0
3.856	0	0	0	0.2	0	-0.3	0	0	0	0	0	0	-0.13	0	0.305	0	0	0
3.857	0	0	0	0.2	0	-0.3	0	0	0	0	0	0	-0.13	0	0.305	0	0	0
3.858	0	0	0	0.2	0	-0.3	0	0	0	0	0	0	-0.13	0	0.305	0	0	0
3.859	0	0	0	0.2	0	-0.3	0	0	0	0	0	0	-0.13	0	0.305	0	0	0
3.86	0	0	0	0.2	0	-0.3	0	0	0	0	0	0	-0.13	0	0.305	0	0	0
3.861	0	0	0	0.2	0	-0.3	0	0	0	0	0	0	-0.13	0	0.305	0	0	0
3.862	0	0	0	0.2	0	-0.3	0	0	0	0	0	0	-0.13	0	0.305	0	0	0
3.863	0	0	0	0.2	0	-0.3	0	0	0	0	0	0	-0.13	0	0.305	0	0	0
3.864	0	0	0	0.2	0	-0.3	0	0	0	0	0	0	-0.13	0	0.305	0	0	0
3.865	0	0	0	0.2	0	-0.3	0	0	0	0	0	0	-0.13	0	0.305	0	0	0
3.866	0	0	0	0.2	0	-0.3	0	0	0	0	0	0	-0.13	0	0.305	0	0	0
3.867	0	0	0	0.2	0	-0.3	0	0	0	0	0	0	-0.13	0	0.305	0	0	0
3.868	0	0	0	0.2	0	-0.3	0	0	0	0	0	0	-0.13	0	0.305	0	0	0
3.869	0	0	0	0.2	0	-0.3	0	0	0	0	0	0	-0.13	0	0.305	0	0	0
3.87	0	0	0	0.2	0	-0.3	0	0	0	0	0	0	-0.13	0	0.305	0	0	0
3.871	0	0	0	0.2	0	-0.3	0	0	0	0	0	0	-0.13	0	0.305	0	0	0
3.872	0	0	0	0.2	0	-0.3	0	0	0	0	0	0	-0.13	0	0.305	0	0	0
3.873	0	0	0	0.2	0	-0.3	0	0	0	0	0	0	-0.13	0	0.305	0	0	0
3.874	0	0	0	0.2	0	-0.3	0	0	0	0	0	0	-0.13	0	0.305	0	0	0
3.875	0	0	0	0.2	0	-0.3	0	0	0	0	0	0	-0.13	0	0.305	0	0	0
3.876	0	0	0	0.2	0	-0.3	0	0	0	0	0	0	-0.13	0	0.305	0	0	0
3.877	0	0	0	0.2	0	-0.3	0	0	0	0	0	0	-0.13	0	0.305	0	0	0
3.878	0	0	0	0.2	0	-0.3	0	0	0	0	0	0	-0.13	0	0.305	0	0	0
3.879	0	0	0	0.2	0	-0.3	0	0	0	0	0	0	-0.13	0	0.305	0	0	0
3.88	0	0	0	0.2	0	-0.3	0	0	0	0	0	0	-0.13	0	0.305	0	0	0
3.881	0	0	0	0.2	0	-0.3	0	0	0	0	0	0	-0.13	0	0.305	0	0	0
3.882	0	0	0	0.2	0	-0.3	0	0	0	0	0	0	-0.13	0	0.305	0	0	0
3.883	0	0	0	0.2	0	-0.3	0	0	0	0	0	0	-0.13	0	0.305	0	0	0
3.884	0	0	0	0.2	0	-0.3	0	0	0	0	0	0	-0.13	0	0.305	0	0	0
3.885	0	0	0	0.2	0	-0.3	0	0	0	0	0	0	-0.13	0	0.305	0	0	0
3.886	0	0	0	0.2	0	-0.3	0	0	0	0	0	0	-0.13	0	0.305	0	0	0
3.887	0	0	0	0.2	0	-0.3	0	0	0	0	0	0	-0.13	0	0.305	0	0	0
3.888	0	0	0	0.2	0	-0.3	0	0	0	0	0	0	-0.13	0	0.305	0	0	0
3.889	0	0	0	0.2	0	-0.3	0	0	0	0	0	0	-0.13	0	0.305	0	0	0
3.89	0	0	0	0.2	0	-0.3	0	0	0	0	0	0	-0.13	0	0.305	0	0	0
3.891	0	0	0	0.2	0	-0.3	0	0	0	0	0	0	-0.13	0	0.305	0	0	0
3.892	0	0	0	0.2	0	-0.3	0	0	0	0	0	0	-0.13	0	0.305	0	0	0
3.893	0	0	0	0.2	0	-0.3	0	0	0	0	0	0	-0.13	0	0.305	0	0	0
3.894	0	0	0	0.2	0	-0.3	0	0	0	0	0	0	-0.13	0	0.305	0	0	0
3.895	0	0	0	0.2	0	-0.3	0	0	0	0	0	0	-0.13	0	0.305	0	0	0
3.896	0	0	0	0.2	0	-0.3	0	0	0	0	0	0	-0.13	0	0.305	0	0	0
3.897	0	0	0	0.2	0	-0.3	0	0	0	0	0	0	-0.13	0	0.305	0	0	0
3.898	0	0	0	0.2	0	-0.3	0	0	0	0	0	0	-0.13	0	0.305	0	0	0
3.899	0	0	0	0.2	0	-0.3	0	0	0	0	0	0	-0.13	0	0.305	0	0	0
3.9	0	0	0	0.2	0	-0.3	0	0	0	0	0	0	-0.13	0	0.305	0	0	0
3.901	0	0	0	0.2	0	-0.3	0	0	0	0	0	0	-0.13	0	0.305	0	0	0
3.902	0	0	0	0.2	0	-0.3	0	0	0	0	0	0	-0.13	0	0.305	0	0	0
3.903	0	0	0	0.2	0	-0.3	0	0	0	0	0	0	-0.13	0	0.305	0	0	0
3.904	0	0	0	0.2	0	-0.3	0	0	0	0	0	0	-0.13	0	0.305	0	0	0
3.905	0	0	0	0.2	0	-0.3	0	0	0	0	0	0	-0.13	0	0.305	0	0	0
3.906	0	0	0	0.2	0	-0.3	0	0	0	0	0	0	-0.13	0	0.305	0	0	0
3.907	0	0	0	0.2	0	-0.3	0	0	0	0	0	0	-0.13	0	0.305	0	0	0
3.908	0	0	0	0.2	0	-0.3	0	0	0	0	0	0	-0.13	0	0.305	0	0	0
3.909	0	0	0	0.2	0	-0.3	0	0	0	0	0	0	-0.13	0	0.305	0	0	0
3.91	0	0	0	0.2	0	-0.3	0	0	0	0	0	0	-0.13	0	0.305	0	0	0
3.911	0	0	0	0.2	0	-0.3	0	0	0	0	0	0	-0.13	0	0.305	0	0	0
3.912	0	0	0	0.2	0	-0.3	0	0	0	0	0	0	-0.13	0	0.305	0	0	0
3.913	0	0	0	0.2	0	-0.3	0	0	0	0	0	0	-0.13	0	0.305	0	0	0
3.914	0	0	0	0.2	0	-0.3	0	0	0	0	0	0	-0.13	0	0.305	0	0	0
3.915	0	0	0	0.2	0	-0.3	0	0	0	0	0	0	-0.13	0	0.305	0	0	0
3.916	0	0	0	0.2	0	-0.3	0	0	0	0	0	0	-0.13	0	0.305	0	0	0
3.917	0	0	0	0.2	0	-0.3	0	0	0	0	0	0	-0.13	0	0.305	0	0	0
3.918	0	0	0	0.2	0	-0.3	0	0	0	0	0	0	-0.13	0	0.305	0	0	0
3.919	0	0	0	0.2	0	-0.3	0	0	0	0	0	0	-0.13	0	0.305	0	0	0
3.92	0	0	0	0.2	0	-0.3	0	0	0	0	0	0	-0.13	0	0.305	0	0	0
3.921	0	0	0	0.2	0	-0.3	0	0	0	0	0	0	-0.13	0	0.305	0	0	0
3.922	0	0	0	0.2	0	-0.3	0	0	0	0	0	0	-0.13	0	0.305	0	0	0
3.923	0	0	0	0.2	0	-0.3	0	0	0	0	0	0	-0.13	0	0.305	0	0	0
3.924	0	0	0	0.2	0	-0.3	0	0	0	0	0	0	-0.13	0	0.305	0	0	0
3.925	0	0	0	0.2	0	-0.3	0	0	0	0	0	0	-0.13	0	0.305	0	0	0
3.926	0	0	0	0.2	0	-0.3	0	0	0	0	0	0	-0.13	0	0.305	0	0	0
3.927	0	0	0	0.2	0	-0.3	0	0	0	0	0	0	-0.13	0	0.305	0	0	0
3.928	0	0	0	0.2	0	-0.3	0	0	0	0	0	0	-0.13	0	0.305	0	0	0
3.929	0	0	0	0.2	0	-0.3	0	0	0	0	0	0	-0.13	0	0.305	0	0	0
3.93	0	0	0	0.2	0	-0.3	0	0	0	0	0	0	-0.13	0	0.305	0	0	0
3.931	0	0	0	0.2	0	-0.3	0	0	0	0	0	0	-0.13	0	0.305	0	0	0
3.932	0	0	0	0.2	0	-0.3	0	0	0	0	0	0	-0.13	0	0.305	0	0	0
3.933	0	0	0	0.2	0	-0.3	0	0	0	0	0	0	-0.13	0	0.305	0	0	0
3.934	0	0	0	0.2	0	-0.3	0	0	0	0	0	0	-0.13	0	0.305	0	0	0
3.935	0	0	0	0.2	0	-0.3	0	0	0	0	0	0	-0.13	0	0.305	0	0	0
3.936	0	0	0	0.2	0	-0.3	0	0	0	0	0	0	-0.13	0	0.305	0	0	0
3.937	0	0	0	0.2	0	-0.3	0	0	0	0	0	0	-0.13	0	0.305	0	0	0
3.938	0	0	0	0.2	0	-0.3	0	0	0	0	0	0	-0.13	0	0.305	0	0	0
3.939	0	0	0	0.2	0	-0.3	0	0	0	0	0	0	-0.13	0	0.305	0	0	0
3.94	0	0	0	0.2	0	-0.3	0	0	0	0	0	0	-0.13	0	0.305	0	0	0
3.941	0	0	0	0.2	0	-0.3	0	0	0	0	0	0	-0.13	0	0.305	0	0	0
3.942	0	0	0	0.2	0	-0.3	0	0	0	0	0	0	-0.13	0	0.305	0	0	0
3.943	0	0	0	0.2	0	-0.3	0	0	0	0	0	0	-0.13	0	0.305	0	0	0
3.944	0	0	0	0.2	0	-0.3	0	0	0	0	0	0	-0.13	0	0.305	0	0	0
3.945	0	0	0	0.2	0	-0.3	0	0	0	0	0	0	-0.13	0	0.305	0	0	0
3.946	0	0	0	0.2	0	-0.3	0	0	0	0	0	0	-0.13	0	0.305	0	0	0
3.947	0	0	0	0.2	0	-0.3	0	0	0	0	0	0	-0.13	0	0.305	0	0	0
3.948	0	0	0	0.2	0	-0.3	0	0	0	0	0	0	-0.13	0	0.305	0	0	0
3.949	0	0	0	0.2	0	-0.3	0	0	0	0	0	0	-0.13	0	0.305	0	0	0
3.95	0	0	0	0.2	0	-0.3	0	0	0	0	0	0	-0.13	0	0.305	0	0	0
3.951	0	0	0	0.2	0	-0.3	0	0	0	0	0	0	-0.13	0	0.305	0	0	0
3.952	0	0	0	0.2	0	-0.3	0	0	0	0	0	0	-0.13	0	0.305	0	0	0
3.953	0	0	0	0.2	0	-0.3	0	0	0	0	0	0	-0.13	0	0.305	0	0	0
3.954	0	0	0	0.2	0	-0.3	0	0	0	0	0	0	-0.13	0	0.305	0	0	0
3.955	0	0	0	0.2	0	-0.3	0	0	0	0	0	0	-0.13	0	0.305	0	0	0
3.956	0	0	0	0.2	0	-0.3	0	0	0	0	0	0	-0.13	0	0.305	0	0	0
3.957	0	0	0	0.2	0	-0.3	0	0	0	0	0	0	-0.13	0	0.305	0	0	0
3.958	0	0	0	0.2	0	-0.3	0	0	0	0	0	0	-0.13	0	0.305	0	0	0
3.959	0	0	0	0.2	0	-0.3	0	0	0	0	0	0	-0.13	0	0.305	0	0	0
3.96	0	0	0	0.2	0	-0.3	0	0	0	0	0	0	-0.13	0	0.305	0	0	0
3.961	0	0	0	0.2	0	-0.3	0	0	0	0	0	0	-0.13	0	0.305	0	0	0
3.962	0	0	0	0.2	0	-0.3	0	0	0	0	0	0	-0.13	0	0.305	0	0	0
3.963	0	0	0	0.2	0	-0.3	0	0	0	0	0	0	-0.13	0	0.305	0	0	0
3.964	0	0	0	0.2	0	-0.3	0	0	0	0	0	0	-0.13	0	0.305	0	0	0
3.965	0	0	0	0.2	0	-0.3	0	0	0	0	0	0	-0.13	0	0.305	0	0	0
3.966	0	0	0	0.2	0	-0.3	0	0	0	0	0	0	-0.13	0	0.305	0	0	0
3.967	0	0	0	0.2	0	-0.3	0	0	0	0	0	0	-0.13	0	0.305	0	0	0
3.968	0	0	0	0.2	0	-0.3	0	0	0	0	0	0	-0.13	0	0.305	0	0	0
3.969	0	0	0	0.2	0	-0.3	0	0	0	0	0	0	-0.13	0	0.305	0	0	0
3.97	0	0	0	0.2	0	-0.3	0	0	0	0	0	0	-0.13	0	0.305	0	0	0
3.971	0	0	0	0.2	0	-0.3	0	0	0	0	0	0	-0.13	0	0.305	0	0	0
3.972	0	0	0	0.2	0	-0.3	0	0	0	0	0	0	-0.13	0	0.305	0	0	0
3.973	0	0	0	0.2	0	-0.3	0	0	0	0	0	0	-0.13	0	0.305	0	0	0
3.974	0	0	0	0.2	0	-0.3	0	0	0	0	0	0	-0.13	0	0.305	0	0	0
3.975	0	0	0	0.2	0	-0.3	0	0	0	0	0	0	-0.13	0	0.305	0	0	0
3.976	0	0	0	0.2	0	-0.3	0	0	0	0	0	0	-0.13	0	0.305	0	0	0
3.977	0	0	0	0.2	0	-0.3	0	0	0	0	0	0	-0.13	0	0.305	0	0	0
3.978	0	0	0	0.2	0	-0.3	0	0	0	0	0	0	-0.13	0	0.305	0	0	0
3.979	0	0	0	0.2	0	-0.3	0	0	0	0	0	0	-0.13	0	0.305	0	0	0
3.98	0	0	0	0.2	0	-0.3	0	0	0	0	0	0	-0.13	0	0.305	0	0	0
3.981	0	0	0	0.2	0	-0.3	0	0	0	0	0	0	-0.13	0	0.305	0	0	0
3.982	0	0	0	0.2	0	-0.3	0	0	0	0	0	0	-0.13	0	0.305	0	0	0
3.983	0	0	0	0.2	0	-0.3	0	0	0	0	0	0	-0.13	0	0.305	0	0	0
3.984	0	0	0	0.2	0	-0.3	0	0	0	0	0	0	-0.13	0	0.305	0	0	0
3.985	0	0	0	0.2	0	-0.3	0	0	0	0	0	0	-0.13	0	0.305	0	0	0
3.986	0	0	0	0.2	0	-0.3	0	0	0	0	0	0	-0.13	0	0.305	0	0	0
3.987	0	0	0	0.2	0	-0.3	0	0	0	0	0	0	-0.13	0	0.305	0	0	0
3.988	0	0	0	0.2	0	-0.3	0	0	0	0	0	0	-0.13	0	0.305	0	0	0
3.989	0	0	0	0.2	0	-0.3	0	0	0	0	0	0	-0.13	0	0.305	0	0	0
3.99	0	0	0	0.2	0	-0.3	0	0	0	0	0	0	-0.13	0	0.305	0	0	0
3.991	0	0	0	0.2	0	-0.3	0	0	0	0	0	0	-0.13	0	0.305	0	0	0
3.992	0	0	0	0.2	0	-0.3	0	0	0	0	0	0	-0.13	0	0.305	0	0	0
3.993	0	0	0	0.2	0	-0.3	0	0	0	0	0	0	-0.13	0	0.305	0	0	0
3.994	0	0	0	0.2	0	-0.3	0	0	0	0	0	0	-0.13	0	0.305	0	0	0
3.995	0	0	0	0.2	0	-0.3	0	0	0	0	0	0	-0.13	0	0.305	0	0	0
3.996	0	0	0	0.2	0	-0.3	0	0	0	0	0	0	-0.13	0	0.305	0	0	0
3.997	0	0	0	0.2	0	-0.3	0	0	0	0	0	0	-0.13	0	0.305	0	0	0
3.998	0	0	0	0.2	0	-0.3	0	0	0	0	0	0	-0.13	0	0.305	0	0	0
3.999	0	0	0	0.2	0	-0.3	0	0	0	0	0	0	-0.13	0	0.305	0	0	0
4	0	0	0	0.2	0	-0.3	0	0	0	0	0	0	-0.13	0	0.305	0	0	0
4.001	0	0	0	0.2	0	-0.3	0	0	0	0	0	0	-0.13	0	0.305	0	0	0
4.002	0	0	0	0.2	0	-0.3	0	0	0	0	0	0	-0.13	0	0.305	0	0	0
4.003	0	0	0	0.2	0	-0.3	0	0	0	0	0	0	-0.13	0	0.305	0	0	0
4.004	0	0	0	0.2	0	-0.3	0	0	0	0	0	0	-0.13	0	0.305	0	0	0
4.005	0	0	0	0.2	0	-0.3	0	0	0	0	0	0	-0.13	0	0.305	0	0	0
4.006	0	0	0	0.2	0	-0.3	0	0	0	0	0	0	-0.13	0	0.305	0	0	0
4.007	0	0	0	0.2	0	-0.3	0	0	0	0	0	0	-0.13	0	0.305	0	0	0
4.008	0	0	0	0.2	0	-0.3	0	0	0	0	0	0	-0.13	0	0.305	0	0	0
4.009	0	0	0	0.2	0	-0.3	0	0	0	0	0	0	-0.13	0	0.305	0	0	0
4.01	0	0	0	0.2	0	-0.3	0	0	0	0	0	0	-0.13	0	0.305	0	0	0
4.011	0	0	0	0.2	0	-0.3	0	0	0	0	0	0	-0.13	0	0.305	0	0	0
4.012	0	0	0	0.2	0	-0.3	0	0	0	0	0	0	-0.13	0	0.305	0	0	0
4.013	0	0	0	0.2	0	-0.3	0	0	0	0	0	0	-0.13	0	0.305	0	0	0
4.014	0	0	0	0.2	0	-0.3	0	0	0	0	0	0	-0.13	0	0.305	0	0	0
4.015	0	0	0	0.2	0	-0.3	0	0	0	0	0	0	-0.13	0	0.305	0	0	0
4.016	0	0	0	0.2	0	-0.3	0	0	0	0	0	0	-0.13	0	0.305	0	0	0
4.017	0	0	0	0.2	0	-0.3	0	0	0	0	0	0	-0.13	0	0.305	0	0	0
4.018	0	0	0	0.2	0	-0.3	0	0	0	0	0	0	-0.13	0	0.305	0	0	0
4.019	0	0	0	0.2	0	-0.3	0	0	0	0	0	0	-0.13	0	0.305	0	0	0
4.02	0	0	0	0.2	0	-0.3	0	0	0	0	0	0	-0.13	0	0.305	0	0	0
4.021	0	0	0	0.2	0	-0.3	0	0	0	0	0	0	-0.13	0	0.305	0	0	0
4.022	0	0	0	0.2	0	-0.3	0	0	0	0	0	0	-0.13	0	0.305	0	0	0
4.023	0	0	0	0.2	0	-0.3	0	0	0	0	0	0	-0.13	0	0.305	0	0	0
4.024	0	0	0	0.2	0	-0.3	0	0	0	0	0	0	-0.13	0	0.305	0	0	0
4.025	0	0	0	0.2	0	-0.3	0	0	0	0	0	0	-0.13	0	0.305	0	0	0
4.026	0	0	0	0.2	0	-0.3	0	0	0	0	0	0	-0.13	0	0.305	0	0	0
4.027	0	0	0	0.2	0	-0.3	0	0	0	0	0	0	-0.13	0	0.305	0	0	0
4.028	0	0	0	0.2	0	-0.3	0	0	0	0	0	0	-0.13	0	0.305	0	0	0
4.029	0	0	0	0.2	0	-0.3	0	0	0	0	0	0	-0.13	0	0.305	0	0	0
4.03	0	0	0	0.2	0	-0.3	0	0	0	0	0	0	-0.13	0	0.305	0	0	0
4.031	0	0	0	0.2	0	-0.3	0	0	0	0	0	0	-0.13	0	0.305	0	0	0
4.032	0	0	0	0.2	0	-0.3	0	0	0	0	0	0	-0.13	0	0.305	0	0	0
4.033	0	0	0	0.2	0	-0.3	0	0	0	0	0	0	-0.13	0	0.305	0	0	0
4.034	0	0	0	0.2	0	-0.3	0	0	0	0	0	0	-0.13	0	0.305	0	0	0
4.035	0	0	0	0.2	0	-0.3	0	0	0	0	0	0	-0.13	0	0.305	0	0	0
4.036	0	0	0	0.2	0	-0.3	0	0	0	0	0	0	-0.13	0	0.305	0	0	0
4.037	0	0	0	0.2	0	-0.3	0	0	0	0	0	0	-0.13	0	0.305	0	0	0
4.038	0	0	0	0.2	0	-0.3	0	0	0	0	0	0	-0.13	0	0.305	0	0	0
4.039	0	0	0	0.2	0	-0.3	0	0	0	0	0	0	-0.13	0	0.305	0	0	0
4.04	0	0	0	0.2	0	-0.3	0	0	0	0	0	0	-0.13	0	0.305	0	0	0
4.041	0	0	0	0.2	0	-0.3	0	0	0	0	0	0	-0.13	0	0.305	0	0	0
4.042	0	0	0	0.2	0	-0.3	0	0	0	0	0	0	-0.13	0	0.305	0	0	0
4.043	0	0	0	0.2	0	-0.3	0	0	0	0	0	0	-0.13	0	0.305	0	0	0
4.044	0	0	0	0.2	0	-0.3	0	0	0	0	0	0	-0.13	0	0.305	0	0	0
4.045	0	0	0	0.2	0	-0.3	0	0	0	0	0	0	-0.13	0	0.305	0	0	0
4.046	0	0	0	0.2	0	-0.3	0	0	0	0	0	0	-0.13	0	0.305	0	0	0
4.047	0	0	0	0.2	0	-0.3	0	0	0	0	0	0	-0.13	0	0.305	0	0	0
4.048	0	0	0	0.2	0	-0.3	0	0	0	0	0	0	-0.13	0	0.305	0	0	0
4.049	0	0	0	0.2	0	-0.3	0	0	0	0	0	0	-0.13	0	0.305	0	0	0
4.05	0	0	0	0.2	0	-0.3	0	0	0	0	0	0	-0.13	0	0.305	0	0	0
4.051	0	0	0	0.2	0	-0.3	0	0	0	0	0	0	-0.13	0	0.305	0	0	0
4.052	0	0	0	0.2	0	-0.3	0	0	0	0	0	0	-0.13	0	0.305	0	0	0
4.053	0	0	0	0.2	0	-0.3	0	0	0	0	0	0	-0.13	0	0.305	0	0	0
4.054	0	0	0	0.2	0	-0.3	0	0	0	0	0	0	-0.13	0	0.305	0	0	0
4.055	0	0	0	0.2	0	-0.3	0	0	0	0	0	0	-0.13	0	0.305	0	0	0
4.056	0	0	0	0.2	0	-0.3	0	0	0	0	0	0	-0.13	0	0.305	0	0	0
4.057	0	0	0	0.2	0	-0.3	0	0	0	0	0	0	-0.13	0	0.305	0	0	0
4.058	0	0	0	0.2	0	-0.3	0	0	0	0	0	0	-0.13	0	0.305	0	0	0
4.059	0	0	0	0.2	0	-0.3	0	0	0	0	0	0	-0.13	0	0.305	0	0	0
4.06	0	0	0	0.2	0	-0.3	0	0	0	0	0	0	-0.13	0	0.305	0	0	0
4.061	0	0	0	0.2	0	-0.3	0	0	0	0	0	0	-0.13	0	0.305	0	0	0
4.062	0	0	0	0.2	0	-0.3	0	0	0	0	0	0	-0.13	0	0.305	0	0	0
4.063	0	0	0	0.2	0	-0.3	0	0	0	0	0	0	-0.13	0	0.305	0	0	0
4.064	0	0	0	0.2	0	-0.3	0	0	0	0	0	0	-0.13	0	0.305	0	0	0
4.065	0	0	0	0.2	0	-0.3	0	0	0	0	0	0	-0.13	0	0.305	0	0	0
4.066	0	0	0	0.2	0	-0.3	0	0	0	0	0	0	-0.13	0	0.305	0	0	0
4.067	0	0	0	0.2	0	-0.3	0	0	0	0	0	0	-0.13	0	0.305	0	0	0
4.068	0	0	0	0.2	0	-0.3	0	0	0	0	0	0	-0.13	0	0.305	0	0	0
4.069	0	0	0	0.2	0	-0.3	0	0	0	0	0	0	-0.13	0	0.305	0	0	0
4.07	0	0	0	0.2	0	-0.3	0	0	0	0	0	0	-0.13	0	0.305	0	0	0
4.071	0	0	0	0.2	0	-0.3	0	0	0	0	0	0	-0.13	0	0.305	0	0	0
4.072	0	0	0	0.2	0	-0.3	0	0	0	0	0	0	-0.13	0	0.305	0	0	0
4.073	0	0	0	0.2	0	-0.3	0	0	0	0	0	0	-0.13	0	0.305	0	0	0
4.074	0	0	0	0.2	0	-0.3	0	0	0	0	0	0	-0.13	0	0.305	0	0	0
4.075	0	0	0	0.2	0	-0.3	0	0	0	0	0	0	-0.13	0	0.305	0	0	0
4.076	0	0	0	0.2	0	-0.3	0	0	0	0	0	0	-0.13	0	0.305	0	0	0
4.077	0	0	0	0.2	0	-0.3	0	0	0	0	0	0	-0.13	0	0.305	0	0	0
4.078	0	0	0	0.2	0	-0.3	0	0	0	0	0	0	-0.13	0	0.305	0	0	0
4.079	0	0	0	0.2	0	-0.3	0	0	0	0	0	0	-0.13	0	0.305	0	0	0
4.08	0	0	0	0.2	0	-0.3	0	0	0	0	0	0	-0.13	0	0.305	0	0	0
4.081	0	0	0	0.2	0	-0.3	0	0	0	0	0	0	-0.13	0	0.305	0	0	0
4.082	0	0	0	0.2	0	-0.3	0	0	0	0	0	0	-0.13	0	0.305	0	0	0
4.083	0	0	0	0.2	0	-0.3	0	0	0	0	0	0	-0.13	0	0.305	0	0	0
4.084	0	0	0	0.2	0	-0.3	0	0	0	0	0	0	-0.13	0	0.305	0	0	0
4.085	0	0	0	0.2	0	-0.3	0	0	0	0	0	0	-0.13	0	0.305	0	0	0
4.086	0	0	0	0.2	0	-0.3	0	0	0	0	0	0	-0.13	0	0.305	0	0	0
4.087	0	0	0	0.2	0	-0.3	0	0	0	0	0	0	-0.13	0	0.305	0	0	0
4.088	0	0	0	0.2	0	-0.3	0	0	0	0	0	0	-0.13	0	0.305	0	0	0
4.089	0	0	0	0.2	0	-0.3	0	0	0	0	0	0	-0.13	0	0.305	0	0	0
4.09	0	0	0	0.2	0	-0.3	0	0	0	0	0	0	-0.13	0	0.305	0	0	0
4.091	0	0	0	0.2	0	-0.3	0	0	0	0	0	0	-0.13	0	0.305	0	0	0
4.092	0	0	0	0.2	0	-0.3	0	0	0	0	0	0	-0.13	0	0.305	0	0	0
4.093	0	0	0	0.2	0	-0.3	0	0	0	0	0	0	-0.13	0	0.305	0	0	0
4.094	0	0	0	0.2	0	-0.3	0	0	0	0	0	0	-0.13	0	0.305	0	0	0
4.095	0	0	0	0.2	0	-0.3	0	0	0	0	0	0	-0.13	0	0.305	0	0	0
4.096	0	0	0	0.2	0	-0.3	0	0	0	0	0	0	-0.13	0	0.305	0	0	0
4.097	0	0	0	0.2	0	-0.3	0	0	0	0	0	0	-0.13	0	0.305	0	0	0
4.098	0	0	0	0.2	0	-0.3	0	0	0	0	0	0	-0.13	0	0.305	0	0	0
4.099	0	0	0	0.2	0	-0.3	0	0	0	0	0	0	-0.13	0	0.305	0	0	0
4.1	0	0	0	0.2	0	-0.3	0	0	0	0	0	0	-0.13	0	0.305	0	0	0
4.101	0	0	0	0.2	0	-0.3	0	0	0	0	0	0	-0.13	0	0.305	0	0	0
4.102	0	0	0	0.2	0	-0.3	0	0	0	0	0	0	-0.13	0	0.305	0	0	0
4.103	0	0	0	0.2	0	-0.3	0	0	0	0	0	0	-0.13	0	0.305	0	0	0
4.104	0	0	0	0.2	0	-0.3	0	0	0	0	0	0	-0.13	0	0.305	0	0	0
4.105	0	0	0	0.2	0	-0.3	0	0	0	0	0	0	-0.13	0	0.305	0	0	0
4.106	0	0	0	0.2	0	-0.3	0	0	0	0	0	0	-0.13	0	0.305	0	0	0
4.107	0	0	0	0.2	0	-0.3	0	0	0	0	0	0	-0.13	0	0.305	0	0	0
4.108	0	0	0	0.2	0	-0.3	0	0	0	0	0	0	-0.13	0	0.305	0	0	0
4.109	0	0	0	0.2	0	-0.3	0	0	0	0	0	0	-0.13	0	0.305	0	0	0
4.11	0	0	0	0.2	0	-0.3	0	0	0	0	0	0	-0.13	0	0.305	0	0	0
4.111	0	0	0	0.2	0	-0.3	0	0	0	0	0	0	-0.13	0	0.305	0	0	0
4.112	0	0	0	0.2	0	-0.3	0	0	0	0	0	0	-0.13	0	0.305	0	0	0
4.113	0	0	0	0.2	0	-0.3	0	0	0	0	0	0	-0.13	0	0.305	0	0	0
4.114	0	0	0	0.2	0	-0.3	0	0	0	0	0	0	-0.13	0	0.305	0	0	0
4.115	0	0	0	0.2	0	-0.3	0	0	0	0	0	0	-0.13	0	0.305	0	0	0
4.116	0	0	0	0.2	0	-0.3	0	0	0	0	0	0	-0.13	0	0.305	0	0	0
4.117	0	0	0	0.2	0	-0.3	0	0	0	0	0	0	-0.13	0	0.305	0	0	0
4.118	0	0	0	0.2	0	-0.3	0	0	0	0	0	0	-0.13	0	0.305	0	0	0
4.119	0	0	0	0.2	0	-0.3	0	0	0	0	0	0	-0.13	0	0.305	0	0	0
4.12	0	0	0	0.2	0	-0.3	0	0	0	0	0	0	-0.13	0	0.305	0	0	0
4.121	0	0	0	0.2	0	-0.3	0	0	0	0	0	0	-0.13	0	0.305	0	0	0
4.122	0	0	0	0.2	0	-0.3	0	0	0	0	0	0	-0.13	0	0.305	0	0	0
4.123	0	0	0	0.2	0	-0.3	0	0	0	0	0	0	-0.13	0	0.305	0	0	0
4.124	0	0	0	0.2	0	-0.3	0	0	0	0	0	0	-0.13	0	0.305	0	0	0
4.125	0	0	0	0.2	0	-0.3	0	0	0	0	0	0	-0.13	0	0.305	0	0	0
4.126	3.513346	25.128263	11.137703	0.199222	0	-0.206859	0	0.455605	0	0	0	0	-0.13	0	0.305	0	0	0
4.127	4.455494	33.927738	17.954107	0.199222	0	-0.206859	0	0.455605	0.00E+00	0	0	0	-0.13	0	0.305	0	0	0
4.128	4.455494	42.393547	17.954107	0.20538	0	-0.219141	0.00E+00	0.212611	1.00E-06	0	0	0	-0.13	0	0.305	0	0	0
4.129	-0.002214	46.20536	15.446241	0.20538	0	-0.219141	1.00E-06	0.098898	0.00E+00	0	0	0	-0.13	0	0.305	0	0	0
4.13	-0.002214	46.20536	11.763861	0.202661	0	-0.211896	1.00E-06	0.076471	0	0	0	0	-0.13	0	0.305	0	0	0
4.131	2.197094	43.794613	11.763861	0.194225	0	-0.199365	1.00E-06	0.098898	0	0	0	0	-0.13	0	0.305	0	0	0
4.132	7.989095	43.123173	18.50242	0.202051	0	-0.168419	1.00E-06	0.480902	0.00E+00	0	0	0	-0.13	0	0.305	0	0	0
4.133	8.464137	43.123173	25.945511	0.199685	0	-0.154978	1.00E-06	0.480902	1.00E-06	0	0	0	-0.13	0	0.305	0	0	0
4.134	8.464137	53.295906	31.116573	0.199685	0	-0.154978	0.00E+00	0.450061	1.00E-06	0	0	0	-0.13	0	0.305	0	0	0
4.135	8.464137	65.208649	32.212681	0.192785	0	-0.162334	1.00E-06	0.200774	1.00E-06	0	0	0	-0.13	0	0.305	0	0	0
4.136	9.345033	77.12291	32.212681	0.192785	0	-0.174849	1.00E-06	0.200774	1.00E-06	0	0	0	-0.13	0	0.305	0	0	0
4.137	12.479999	87.500809	31.81982	0.195316	0	-0.182276	1.00E-06	0.192129	1.00E-06	0	0	0	-0.13	0	0.305	0	0	0
4.138	13.742208	96.488213	31.81982	0.195316	0	-0.182276	1.00E-06	0.194717	1.00E-06	0	0	0	-0.13	0	0.305	0	0	0
4.139	13.827997	103.401192	35.502197	0.194994	0	-0.180416	1.00E-06	0.194717	2.00E-06	0	0	0	-0.13	0	0.305	0	0	0
4.14	14.607951	105.48304	39.184296	0.194225	0	-0.178202	1.00E-06	0.266052	1.00E-06	0	0	0	-0.13	0	0.305	0	0	0
4.141	14.690853	106.675636	42.083328	0.194225	0	-0.165381	1.00E-06	0.564814	1.00E-06	0	0	0	-0.13	0	0.305	0	0	0
4.142	17.356546	108.081718	42.083328	0.19509	0	-0.161097	2.00E-06	0.574211	0	0	0	0	-0.13	0	0.305	0	0	0
4.143	18.295809	112.560783	40.986301	0.19509	0	-0.159252	2.00E-06	0.689881	0	0	0	0	-0.13	0	0.305	0	0	0
4.144	18.295809	114.303925	39.888866	0.195332	0	-0.155751	2.00E-06	0.689881	0	0	0	0	-0.13	0	0.305	0	0	0
4.145	17.287354	121.03949	38.008415	0.196999	0	-0.155751	1.00E-06	0.464433	0	0	0	0	-0.13	0	0.305	0	0	0
4.146	16.977394	127.422844	36.362587	0.196999	0	-0.160055	2.00E-06	0.438202	0.00E+00	0	0	0	-0.13	0	0.305	0	0	0
4.147	16.903873	129.85025	33.620132	0.196999	0	-0.160055	1.00E-06	0.373904	1.00E-06	0	0	0	-0.13	0	0.305	0	0	0
4.148	16.590305	129.85025	29.467329	0.198481	0	-0.158312	1.00E-06	0.312947	1.00E-06	0	0	0	-0.13	0	0.305	0	0	0
4.149	16.193111	127.945587	24.139727	0.19862	0	-0.155765	1.00E-06	0.373904	1.00E-06	0	0	0	-0.13	0	0.305	0	0	0
4.15	16.11887	126.913437	19.438766	0.19849	0	-0.151475	1.00E-06	0.449506	1.00E-06	0	0	0	-0.13	0	0.305	0	0	0
4.151	15.333144	125.189308	15.991379	0.198723	0	-0.145695	0.00E+00	0.494512	1.00E-06	0	0	0	-0.13	0	0.305	0	0	0
4.152	15.333144	123.10717	12.387411	0.198723	0	-0.145236	0	0.449506	1.00E-06	0	0	0	-0.13	0	0.305	0	0	0
4.153	15.329535	121.04203	9.645117	0.199719	0	-0.143185	0.00E+00	0.442095	1.00E-06	0	0	0	-0.13	0	0.305	0	0	0
4.154	15.329535	121.04203	6.35463	0.201372	0	-0.143185	1.00E-06	0.38712	2.00E-06	0	0	0	-0.13	0	0.305	0	0	0
4.155	14.232407	122.2509	2.515388	0.201372	0	-0.145339	-1.00E-06	0.383005	2.00E-06	0	0	0	-0.13	0	0.305	0	0	0
4.156	14.155998	122.2509	-0.226944	0.199561	0	-0.14706	1.00E-06	0.258513	1.00E-06	0	0	0	-0.13	0	0.305	0	0	0
4.157	13.763858	121.047394	-3.20435	0.198502	0	-0.149275	2.00E-06	0.258513	1.00E-06	0	0	0	-0.13	0	0.305	0	0	0
4.158	13.763858	121.047394	-4.14472	0.195525	0	-0.154174	2.00E-06	0.218633	1.00E-06	0	0	0	-0.13	0	0.305	0	0	0
4.159	13.45101	122.089569	-6.103344	0.195086	0	-0.156537	1.00E-06	0.161914	1.00E-06	0	0	0	-0.13	0	0.305	0	0	0
4.16	13.680956	122.597969	-8.532276	0.194298	0	-0.157194	1.00E-06	0.218633	2.00E-06	0	0	0	-0.13	0	0.305	0	0	0
4.161	13.45101	122.941628	-10.177618	0.190013	0	-0.160774	2.00E-06	0.111231	2.00E-06	0	0	0	-0.13	0	0.305	0	0	0
4.162	13.290977	124.501465	-11.431351	0.189547	0	-0.164953	2.00E-06	0.14152	1.00E-06	0	0	0	-0.13	0	0.305	0	0	0
4.163	13.210241	128.122635	-12.76333	0.189183	0	-0.168987	2.00E-06	0.111231	1.00E-06	0	0	0	-0.13	0	0.305	0	0	0
4.164	13.210241	131.410172	-13.62529	0.189134	0	-0.168987	1.00E-06	0.14152	1.00E-06	0	0	0	-0.13	0	0.305	0	0	0
4.165	13.52381	134.521103	-15.192221	0.189183	0	-0.16605	1.00E-06	0.173576	1.00E-06	0	0	0	-0.13	0	0.305	0	0	0
4.166	14.696625	140.04895	-16.994387	0.188679	0	-0.165558	0	0.366299	1.00E-06	0	0	0	-0.13	0	0.305	0	0	0
4.167	14.77592	143.329605	-17.307751	0.18923	0	-0.160807	0.00E+00	0.374605	1.00E-06	0	0	0	-0.13	0	0.305	0	0	0
4.168	14.77592	147.999985	-18.953091	0.191261	0	-0.160778	0	0.551226	1.00E-06	0	0	0	-0.13	0	0.305	0	0	0
4.169	14.775198	156.299316	-19.736839	0.191261	0	-0.156947	1.00E-06	0.609469	2.00E-06	0	0	0	-0.13	0	0.305	0	0	0
4.17	14.775198	158.188644	-20.128574	0.190786	0	-0.154171	1.00E-06	0.609469	3.00E-06	0	0	0	-0.13	0	0.305	0	0	0
4.171	15.636608	163.211212	-20.677734	0.190786	0	-0.152054	2.00E-06	1.039635	2.00E-06	0	0	0	-0.13	0	0.305	0	0	0
4.172	16.109488	170.460175	-20.677813	0.192483	0	-0.151555	2.00E-06	1.039635	0	0	0	0	-0.13	0	0.305	0	0	0
4.173	16.109488	178.407715	-21.696632	0.192531	0	-0.151555	2.00E-06	1.039635	0	0	0	0	-0.13	0	0.305	0	0	0
4.174	15.720233	192.065918	-24.125278	0.198124	0	-0.151555	1.00E-06	1.071029	1.00E-06	0	0	0	-0.13	0	0.305	0	0	0
4.175	13.9109	208.288422	-24.281219	0.201443	0	-0.149589	-1.00E-06	1.071029	2.00E-06	0	0	0	-0.13	0	0.305	0	0	0
4.176	10.935246	212.454895	-24.281219	0.203045	0	-0.146668	-1.00E-06	0.811807	2.00E-06	0	0	0	-0.13	0	0.305	0	0	0
4.177	9.597348	212.454895	-23.653891	0.203045	0	-0.135284	-1.00E-06	0.770148	2.00E-06	0	0	0	-0.13	0	0.305	0	0	0
4.178	9.597348	204.858521	-23.653891	0.202707	0	-0.125288	2.00E-06	0.811807	2.00E-06	0	0	0	-0.13	0	0.305	0	0	0
4.179	11.004437	204.858521	-24.437157	0.200314	0	-0.11892	2.00E-06	1.043055	1.00E-06	0	0	0	-0.13	0	0.305	0	0	0
4.18	11.943699	205.574173	-25.612997	0.199097	0	-0.11892	1.00E-06	1.383307	3.00E-06	0	0	0	-0.13	0	0.305	0	0	0
4.181	11.943699	223.508789	-26.397873	0.197605	0	-0.129664	-1.00E-06	1.383307	3.00E-06	0	0	0	-0.13	0	0.305	0	0	0
4.182	10.626728	243.903564	-26.397873	0.197461	0	-0.138356	1.00E-06	1.024262	3.00E-06	0	0	0	-0.13	0	0.305	0	0	0
4.183	9.223246	264.962952	-23.969667	0.197355	0	-0.147616	3.00E-06	0.952257	2.00E-06	0	0	0	-0.13	0	0.305	0	0	0
4.184	8.209019	283.602234	-22.325169	0.19628	0	-0.154735	3.00E-06	0.952257	2.00E-06	0	0	0	-0.13	0	0.305	0	0	0
4.185	8.209019	289.484589	-22.325169	0.195493	0	-0.154735	2.00E-06	0.953847	2.00E-06	0	0	0	-0.13	0	0.305	0	0	0
4.186	8.658807	290.865997	-24.283754	0.1946	0	-0.15205	2.00E-06	1.397549	1.00E-06	0	0	0	-0.13	0	0.305	0	0	0
4.187	8.658807	290.865997	-24.753534	0.1946	0	-0.149659	0.00E+00	1.47995	1.00E-06	0	0	0	-0.13	0	0.305	0	0	0
4.188	7.63159	290.865997	-25.144222	0.196485	0	-0.141844	0.00E+00	1.47995	1.00E-06	0	0	0	-0.13	0	0.305	0	0	0
4.189	5.902273	293.486877	-25.378693	0.198651	0	-0.137817	0	1.47995	3.00E-06	0	0	0	-0.13	0	0.305	0	0	0
4.19	3.537159	299.353485	-25.534586	0.200663	0	-0.134318	1.00E-06	1.47019	3.00E-06	0	0	0	-0.13	0	0.305	0	0	0
4.191	1.887856	302.827393	-26.082821	0.201834	0	-0.130383	3.00E-06	1.47019	2.00E-06	0	0	0	-0.13	0	0.305	0	0	0
4.192	-0.543564	306.793518	-27.806293	0.201834	0	-0.129723	3.00E-06	1.341191	2.00E-06	0	0	0	-0.13	0	0.305	0	0	0
4.193	-1.012112	307.478546	-28.511951	0.200818	0	-0.128556	3.00E-06	1.341191	1.00E-06	0	0	0	-0.13	0	0.305	0	0	0
4.194	-1.012112	309.048096	-29.844296	0.199877	0	-0.128556	0.00E+00	1.346425	1.00E-06	0	0	0	-0.13	0	0.305	0	0	0
4.195	-1.158434	316.646088	-31.333502	0.198792	0	-0.130937	0	1.568965	-1.00E-06	0	0	0	-0.13	0	0.305	0	0	0
4.196	-1.158434	326.317352	-31.961029	0.198005	0	-0.134341	0.00E+00	1.614241	-1.00E-06	0	0	0	-0.13	0	0.305	0	0	0
4.197	-1.941994	339.426941	-32.901722	0.19789	0	-0.140451	1.00E-06	1.696967	-1.00E-06	0	0	0	-0.13	0	0.305	0	0	0
4.198	-2.959108	350.487976	-33.293697	0.197614	0	-0.142386	2.00E-06	1.696967	5.00E-06	0	0	0	-0.13	0	0.305	0	0	0
4.199	-3.509838	355.005676	-34.86047	0.197614	0	-0.142386	2.00E-06	1.629751	1.00E-06	0	0	0	-0.13	0	0.305	0	0	0
4.2	-4.13553	355.665192	-36.035583	0.197614	0	-0.139519	2.00E-06	1.629751	5.00E-06	0	0	0	-0.13	0	0.305	0	0	0
4.201	-4.226372	355.005676	-37.915562	0.197879	0	-0.138092	2.00E-06	1.715258	2.00E-06	0	0	0	-0.13	0	0.305	0	0	0
4.202	-5.330717	354.651428	-39.638714	0.198335	0	-0.134377	5.00E-06	1.715258	5.00E-06	0	0	0	-0.13	0	0.305	0	0	0
4.203	-6.042919	354.651428	-40.499863	0.199495	0	-0.131967	5.00E-06	1.679841	6.00E-06	0	0	0	-0.13	0	0.305	0	0	0
4.204	-7.850811	356.559692	-41.204758	0.200708	0	-0.130154	0	1.677733	6.00E-06	0	0	0	-0.13	0	0.305	0	0	0
4.205	-8.873695	357.256744	-41.752911	0.201108	0	-0.127273	0.00E+00	1.679841	4.00E-06	0	0	0	-0.13	0	0.305	0	0	0
4.206	-9.113745	361.059662	-42.614708	0.201506	0	-0.127273	-1.00E-06	1.654379	4.00E-06	0	0	0	-0.13	0	0.305	0	0	0
4.207	-9.89081	364.341003	-43.633606	0.201108	0	-0.128318	1.00E-06	1.706754	4.00E-06	0	0	0	-0.13	0	0.305	0	0	0
4.208	-10.822857	366.759094	-45.201065	0.200843	0	-0.128901	4.00E-06	1.625828	5.00E-06	0	0	0	-0.13	0	0.305	0	0	0
4.209	-10.830795	371.443726	-45.67165	0.200843	0	-0.129734	5.00E-06	1.706754	5.00E-06	0	0	0	-0.13	0	0.305	0	0	0
4.21	-11.293571	381.953156	-46.063744	0.200843	0	-0.133884	4.00E-06	1.911696	5.00E-06	0	0	0	-0.13	0	0.305	0	0	0
4.211	-11.375029	385.598663	-46.142437	0.199891	0	-0.134723	4.00E-06	1.936027	5.00E-06	0	0	0	-0.13	0	0.305	0	0	0
4.212	-12.316458	389.733643	-47.082565	0.199813	0	-0.134869	3.00E-06	1.911696	5.00E-06	0	0	0	-0.13	0	0.305	0	0	0
4.213	-13.25572	390.252075	-47.082607	0.199813	0	-0.134869	4.00E-06	1.890037	4.00E-06	0	0	0	-0.13	0	0.305	0	0	0
4.214	-14.044331	393.0177	-47.082607	0.199931	0	-0.134075	3.00E-06	1.890037	4.00E-06	0	0	0	-0.13	0	0.305	0	0	0
4.215	-14.129398	392.158813	-47.395725	0.201217	0	-0.133975	3.00E-06	1.888681	4.00E-06	0	0	0	-0.13	0	0.305	0	0	0
4.216	-16.092993	392.158813	-47.629791	0.201392	0	-0.130387	2.00E-06	1.920931	2.00E-06	0	0	0	-0.13	0	0.305	0	0	0
4.217	-17.118765	392.158813	-48.099815	0.201412	0	-0.127082	-1.00E-06	1.920931	2.00E-06	0	0	0	-0.13	0	0.305	0	0	0
4.218	-17.511625	392.177429	-47.70784	0.202417	0	-0.127082	2.00E-06	1.929991	3.00E-06	0	0	0	-0.13	0	0.305	0	0	0
4.219	-19.241665	394.427032	-47.864822	0.202417	0	-0.126341	0.00E+00	1.929991	4.00E-06	0	0	0	-0.13	0	0.305	0	0	0
4.22	-20.568016	394.754486	-47.70784	0.202773	0	-0.127682	1.00E-06	1.97623	4.00E-06	0	0	0	-0.13	0	0.305	0	0	0
4.221	-21.200205	401.492371	-47.629993	0.202326	0	-0.127895	1.00E-06	1.812843	5.00E-06	0	0	0	-0.13	0	0.305	0	0	0
4.222	-22.838684	404.602051	-47.317074	0.202326	0	-0.129356	2.00E-06	2.024507	5.00E-06	0	0	0	-0.13	0	0.305	0	0	0
4.223	-23.078732	406.512939	-47.317074	0.202028	0	-0.129693	2.00E-06	2.115915	5.00E-06	0	0	0	-0.13	0	0.305	0	0	0
4.224	-23.703705	412.038025	-47.31776	0.202026	0	-0.131883	0.00E+00	2.171276	6.00E-06	0	0	0	-0.13	0	0.305	0	0	0
4.225	-25.507986	414.088501	-47.31776	0.201613	0	-0.132435	-1.00E-06	2.177531	6.00E-06	0	0	0	-0.13	0	0.305	0	0	0
4.226	-26.530153	416.862305	-45.672375	0.201613	0	-0.132435	0.00E+00	2.177531	6.00E-06	0	0	0	-0.13	0	0.305	0	0	0
4.227	-28.020864	416.862305	-45.672375	0.202241	0	-0.132148	6.00E-06	2.106569	7.00E-06	0	0	0	-0.13	0	0.305	0	0	0
4.228	-29.905884	416.688354	-45.828716	0.202448	0	-0.131305	6.00E-06	2.106569	3.00E-06	0	0	0	-0.13	0	0.305	0	0	0
4.229	-30.38237	414.798767	-45.828716	0.202746	0	-0.129012	5.00E-06	2.157713	3.00E-06	0	0	0	-0.13	0	0.305	0	0	0
4.23	-31.642418	414.798767	-45.515148	0.2034	0	-0.128576	5.00E-06	2.209756	3.00E-06	0	0	0	-0.13	0	0.305	0	0	0
4.231	-33.445976	414.800751	-45.436619	0.2034	0	-0.128247	7.00E-06	2.209756	7.00E-06	0	0	0	-0.13	0	0.305	0	0	0
4.232	-35.171684	414.970795	-45.280403	0.203667	0	-0.127149	7.00E-06	2.097587	8.00E-06	0	0	0	-0.13	0	0.305	0	0	0
4.233	-36.110954	416.193207	-45.280403	0.203366	0	-0.127149	5.00E-06	2.097587	8.00E-06	0	0	0	-0.13	0	0.305	0	0	0
4.234	-36.897396	418.581177	-45.280682	0.203404	0	-0.129557	-1.00E-06	2.218318	5.00E-06	0	0	0	-0.13	0	0.305	0	0	0
4.235	-37.760254	419.45871	-45.35873	0.203404	0	-0.129615	5.00E-06	2.218318	5.00E-06	0	0	0	-0.13	0	0.305	0	0	0
4.236	-39.480907	422.909393	-45.907608	0.203404	0	-0.130853	-1.00E-06	2.321846	5.00E-06	0	0	0	-0.13	0	0.305	0	0	0
4.237	-40.268803	424.284119	-45.986298	0.203127	0	-0.131081	5.00E-06	2.328981	1.00E-06	0	0	0	-0.13	0	0.305	0	0	0
4.238	-40.423779	424.805603	-45.986298	0.203127	0	-0.131081	6.00E-06	2.373223	1.00E-06	0	0	0	-0.13	0	0.305	0	0	0
4.239	-41.680939	425.150848	-46.299862	0.203429	0	-0.131081	6.00E-06	2.373223	3.00E-06	0	0	0	-0.13	0	0.305	0	0	0
4.24	-43.404488	426.70224	-46.534611	0.203543	0	-0.131127	6.00E-06	2.356736	6.00E-06	0	0	0	-0.13	0	0.305	0	0	0
4.241	-43.801682	426.70224	-46.613106	0.203551	0	-0.131127	7.00E-06	2.356736	7.00E-06	0	0	0	-0.13	0	0.305	0	0	0
4.242	-44.665977	426.70224	-47.474861	0.203959	0	-0.13096	5.00E-06	2.356736	6.00E-06	0	0	0	-0.13	0	0.305	0	0	0
4.243	-45.848175	425.498108	-47.55291	0.203959	0	-0.128249	5.00E-06	2.345341	5.00E-06	0	0	0	-0.13	0	0.305	0	0	0
4.244	-46.86673	425.498108	-48.179836	0.203959	0	-0.127777	1.00E-06	2.275009	4.00E-06	0	0	0	-0.13	0	0.305	0	0	0
4.245	-47.885288	425.499664	-48.414787	0.203923	0	-0.127777	0	2.275009	5.00E-06	0	0	0	-0.13	0	0.305	0	0	0
4.246	-48.045319	428.964264	-49.119965	0.204509	0	-0.127777	0	2.322635	3.00E-06	0	0	0	-0.13	0	0.305	0	0	0
4.247	-48.986748	429.455261	-49.198456	0.204637	0	-0.127805	2.00E-06	2.322635	5.00E-06	0	0	0	-0.13	0	0.305	0	0	0
4.248	-50.788139	431.910034	-50.060493	0.204637	0	-0.127805	3.00E-06	2.244567	3.00E-06	0	0	0	-0.13	0	0.305	0	0	0
4.249	-50.788139	432.584686	-50.060493	0.204737	0	-0.128243	3.00E-06	2.244567	6.00E-06	0	0	0	-0.13	0	0.305	0	0	0
4.25	-51.570263	437.942749	-50.217236	0.204936	0	-0.129775	7.00E-06	2.340937	8.00E-06	0	0	0	-0.13	0	0.305	0	0	0
4.251	-52.201004	440.363586	-50.138786	0.204936	0	-0.129775	7.00E-06	2.340937	8.00E-06	0	0	0	-0.13	0	0.305	0	0	0
4.252	-53.613148	441.742615	-51.000778	0.204773	0	-0.128743	7.00E-06	2.279128	5.00E-06	0	0	0	-0.13	0	0.305	0	0	0
4.253	-53.615311	443.660492	-51.000778	0.204655	0	-0.127647	2.00E-06	2.279128	5.00E-06	0	0	0	-0.13	0	0.305	0	0	0
4.254	-55.031059	445.201477	-52.09745	0.204655	0	-0.127647	8.00E-06	2.28409	7.00E-06	0	0	0	-0.13	0	0.305	0	0	0
4.255	-55.268219	446.583527	-52.41061	0.204655	0	-0.127647	7.00E-06	2.28409	7.00E-06	0	0	0	-0.13	0	0.305	0	0	0
4.256	-56.209648	449.357727	-52.410973	0.205316	0	-0.126202	7.00E-06	2.158709	6.00E-06	0	0	0	-0.13	0	0.305	0	0	0
4.257	-57.543213	450.05896	-52.56739	0.205316	0	-0.126033	0.00E+00	2.154223	6.00E-06	0	0	0	-0.13	0	0.305	0	0	0
4.258	-57.858948	452.981628	-52.724052	0.205147	0	-0.125716	0	2.154223	5.00E-06	0	0	0	-0.13	0	0.305	0	0	0
4.259	-58.252533	455.930176	-53.429268	0.205147	0	-0.125716	4.00E-06	2.194301	4.00E-06	0	0	0	-0.13	0	0.305	0	0	0
4.26	-59.742523	458.863983	-53.664379	0.205212	0	-0.125931	6.00E-06	2.194301	3.00E-06	0	0	0	-0.13	0	0.305	0	0	0
4.261	-59.743965	461.288269	-54.44817	0.205423	0	-0.12596	6.00E-06	2.295991	3.00E-06	0	0	0	-0.13	0	0.305	0	0	0
4.262	-59.898228	466.302307	-54.369678	0.205371	0	-0.126209	3.00E-06	2.298812	2.00E-06	0	0	0	-0.13	0	0.305	0	0	0
4.263	-60.921112	471.669739	-54.369678	0.205371	0	-0.126209	2.00E-06	2.298812	7.00E-06	0	0	0	-0.13	0	0.305	0	0	0
4.264	-61.309647	471.822845	-54.213058	0.205285	0	-0.126911	2.00E-06	2.373207	3.00E-06	0	0	0	-0.13	0	0.305	0	0	0
4.265	-61.863262	476.659485	-54.213058	0.205285	0	-0.126911	0.00E+00	2.276421	3.00E-06	0	0	0	-0.13	0	0.305	0	0	0
4.266	-62.723228	477.524292	-54.839581	0.205358	0	-0.126911	-2.00E-06	2.360704	3.00E-06	0	0	0	-0.13	0	0.305	0	0	0
4.267	-62.809021	481.319855	-54.839863	0.205777	0	-0.126565	-2.00E-06	2.360704	4.00E-06	0	0	0	-0.13	0	0.305	0	0	0
4.268	-63.044014	483.754181	-55.231396	0.205358	0	-0.125911	1.00E-06	2.360704	5.00E-06	0	0	0	-0.13	0	0.305	0	0	0
4.269	-63.359749	484.259949	-55.231396	0.205456	0	-0.125147	5.00E-06	2.288776	6.00E-06	0	0	0	-0.13	0	0.305	0	0	0
4.27	-63.514725	488.759033	-55.074493	0.205456	0	-0.124882	4.00E-06	2.205845	6.00E-06	0	0	0	-0.13	0	0.305	0	0	0
4.271	-63.437599	492.390686	-55.074493	0.205456	0	-0.125147	5.00E-06	2.288776	6.00E-06	0	0	0	-0.13	0	0.305	0	0	0
4.272	-63.514725	494.453857	-55.074574	0.205547	0	-0.125992	4.00E-06	2.270224	4.00E-06	0	0	0	-0.13	0	0.305	0	0	0
4.273	-63.985443	497.739502	-55.074692	0.205547	0	-0.125992	7.00E-06	2.368014	4.00E-06	0	0	0	-0.13	0	0.305	0	0	0
4.274	-63.985443	502.070496	-55.074692	0.205547	0	-0.125992	9.00E-06	2.394959	4.00E-06	0	0	0	-0.13	0	0.305	0	0	0
4.275	-63.67115	507.404297	-55.074692	0.205547	0	-0.127137	9.00E-06	2.402405	4.00E-06	0	0	0	-0.13	0	0.305	0	0	0
4.276	-63.358307	510.519775	-54.682922	0.205397	0	-0.127137	-2.00E-06	2.411968	4.00E-06	0	0	0	-0.13	0	0.305	0	0	0
4.277	-63.279007	513.11615	-54.682922	0.205547	0	-0.127179	-2.00E-06	2.411968	6.00E-06	0	0	0	-0.13	0	0.305	0	0	0
4.278	-63.358307	516.048401	-54.682922	0.205736	0	-0.126925	9.00E-06	2.282906	5.00E-06	0	0	0	-0.13	0	0.305	0	0	0
4.279	-63.826855	518.474609	-54.917671	0.205736	0	-0.126774	9.00E-06	2.200187	5.00E-06	0	0	0	-0.13	0	0.305	0	0	0
4.28	-63.826855	520.02301	-55.15258	0.205516	0	-0.126582	3.00E-06	2.186298	5.00E-06	0	0	0	-0.13	0	0.305	0	0	0
4.281	-63.434711	524.353149	-55.15258	0.205516	0	-0.126474	3.00E-06	2.200187	8.00E-06	0	0	0	-0.13	0	0.305	0	0	0
4.282	-62.419765	525.726318	-54.133923	0.205515	0	-0.126397	3.00E-06	2.296496	8.00E-06	0	0	0	-0.13	0	0.305	0	0	0
4.283	-62.416878	529.184021	-53.663578	0.205745	0	-0.126316	2.00E-06	2.296496	1.00E-05	0	0	0	-0.13	0	0.305	0	0	0
4.284	-62.416878	530.908203	-53.585487	0.205515	0	-0.126316	2.00E-06	2.111389	1.00E-05	0	0	0	-0.13	0	0.305	0	0	0
4.285	-62.101868	532.475464	-53.663578	0.205504	0	-0.126316	3.00E-06	2.111389	1.00E-05	0	0	0	-0.13	0	0.305	0	0	0
4.286	-61.711891	537.644897	-53.428627	0.205495	0	-0.126947	3.00E-06	2.123805	6.00E-06	0	0	0	-0.13	0	0.305	0	0	0
4.287	-61.474007	541.440857	-53.271927	0.20536	0	-0.127274	5.00E-06	2.12825	4.00E-06	0	0	0	-0.13	0	0.305	0	0	0
4.288	-60.610435	542.995361	-53.036892	0.20536	0	-0.127471	-4.00E-06	2.12825	3.00E-06	0	0	0	-0.13	0	0.305	0	0	0
4.289	-60.142605	547.142639	-52.958241	0.20523	0	-0.127471	5.00E-06	2.12825	3.00E-06	0	0	0	-0.13	0	0.305	0	0	0
4.29	-60.060425	548.875732	-51.861332	0.205146	0	-0.12711	4.00E-06	2.093692	4.00E-06	0	0	0	-0.13	0	0.305	0	0	0
4.291	-59.514744	552.662048	-51.861332	0.205146	0	-0.12711	4.00E-06	2.03061	6.00E-06	0	0	0	-0.13	0	0.305	0	0	0
4.292	-59.121159	554.746887	-51.861332	0.205103	0	-0.127155	-4.00E-06	2.03061	4.00E-06	0	0	0	-0.13	0	0.305	0	0	0
4.293	-58.571156	555.600098	-51.861088	0.205247	0	-0.127155	-4.00E-06	2.03061	3.00E-06	0	0	0	-0.13	0	0.305	0	0	0
4.294	-57.316879	558.21228	-51.077625	0.20532	0	-0.127459	-4.00E-06	1.998004	3.00E-06	0	0	0	-0.13	0	0.305	0	0	0
4.295	-57.239746	561.499512	-50.685692	0.20532	0	-0.126417	2.00E-06	1.998004	3.00E-06	0	0	0	-0.13	0	0.305	0	0	0
4.296	-57.07106	563.720459	-50.52895	0.205044	0	-0.126188	2.00E-06	1.815436	5.00E-06	0	0	0	-0.13	0	0.305	0	0	0
4.297	-56.845444	564.598022	-50.52895	0.205044	0	-0.126188	2.00E-06	1.815436	5.00E-06	0	0	0	-0.13	0	0.305	0	0	0
4.298	-55.512596	569.598145	-50.52895	0.205221	0	-0.127315	7.00E-06	1.855787	5.00E-06	0	0	0	-0.13	0	0.305	0	0	0
4.299	-55.351845	572.196411	-49.431995	0.205247	0	-0.127315	7.00E-06	1.855787	5.00E-06	0	0	0	-0.13	0	0.305	0	0	0
4.3	-54.882576	573.253418	-49.353428	0.205221	0	-0.127315	7.00E-06	1.782258	5.00E-06	0	0	0	-0.13	0	0.305	0	0	0
4.301	-54.017555	576.858704	-49.275097	0.205039	0	-0.127178	6.00E-06	1.782258	2.00E-06	0	0	0	-0.13	0	0.305	0	0	0
4.302	-52.920425	578.927368	-48.804951	0.204684	0	-0.127178	4.00E-06	1.782258	6.00E-06	0	0	0	-0.13	0	0.305	0	0	0
4.303	-51.901142	579.464355	-48.334728	0.204684	0	-0.127178	4.00E-06	1.780022	6.00E-06	0	0	0	-0.13	0	0.305	0	0	0
4.304	-51.585407	582.388489	-48.256195	0.204693	0	-0.126173	-5.00E-06	1.680064	1.00E-05	0	0	0	-0.13	0	0.305	0	0	0
4.305	-51.193996	583.268005	-47.786053	0.204693	0	-0.126198	-5.00E-06	1.656035	1.00E-05	0	0	0	-0.13	0	0.305	0	0	0
4.306	-50.173275	585.676514	-47.785973	0.20475	0	-0.126198	-1.00E-06	1.656035	8.00E-06	0	0	0	-0.13	0	0.305	0	0	0
4.307	-49.236176	588.959045	-47.237537	0.204605	0	-0.126198	4.00E-06	1.700232	8.00E-06	0	0	0	-0.13	0	0.305	0	0	0
4.308	-48.763298	590.336792	-46.532318	0.20475	0	-0.125597	4.00E-06	1.700232	8.00E-06	0	0	0	-0.13	0	0.305	0	0	0
4.309	-47.97757	591.215576	-46.375378	0.204687	0	-0.125597	4.00E-06	1.602728	4.00E-06	0	0	0	-0.13	0	0.305	0	0	0
4.31	-47.191124	597.078552	-45.826981	0.204687	0	-0.125789	4.00E-06	1.582523	1.00E-06	0	0	0	-0.13	0	0.305	0	0	0
4.311	-46.878998	597.773621	-45.043476	0.204599	0	-0.125789	6.00E-06	1.602728	1.00E-06	0	0	0	-0.13	0	0.305	0	0	0
4.312	-45.859718	599.342773	-44.964905	0.204518	0	-0.125789	6.00E-06	1.691702	4.00E-06	0	0	0	-0.13	0	0.305	0	0	0
4.313	-45.155449	604.335205	-44.416351	0.204562	0	-0.126377	6.00E-06	1.691702	9.00E-06	0	0	0	-0.13	0	0.305	0	0	0
4.314	-44.992531	604.513428	-43.632725	0.204562	0	-0.126377	4.00E-06	1.506026	9.00E-06	0	0	0	-0.13	0	0.305	0	0	0
4.315	-44.367561	605.377075	-43.476143	0.204651	0	-0.126412	1.00E-06	1.506026	7.00E-06	0	0	0	-0.13	0	0.305	0	0	0
4.316	-43.819	609.35083	-42.927586	0.204651	0	-0.126474	-2.00E-06	1.572747	5.00E-06	0	0	0	-0.13	0	0.305	0	0	0
4.317	-42.876129	609.520508	-42.849136	0.204647	0	-0.12683	-2.00E-06	1.597092	1.00E-06	0	0	0	-0.13	0	0.305	0	0	0
4.318	-42.566887	609.35083	-42.614227	0.204624	0	-0.126474	0.00E+00	1.572747	1.00E-06	0	0	0	-0.13	0	0.305	0	0	0
4.319	-41.933258	613.331116	-42.222168	0.204647	0	-0.12619	5.00E-06	1.428621	5.00E-06	0	0	0	-0.13	0	0.305	0	0	0
4.32	-41.543282	613.331116	-41.125099	0.204622	0	-0.12619	5.00E-06	1.428621	6.00E-06	0	0	0	-0.13	0	0.305	0	0	0
4.321	-40.83757	617.130188	-40.576706	0.204622	0	-0.126208	5.00E-06	1.497155	8.00E-06	0	0	0	-0.13	0	0.305	0	0	0
4.322	-40.525444	618.150818	-40.498253	0.204374	0	-0.126303	4.00E-06	1.497155	6.00E-06	0	0	0	-0.13	0	0.305	0	0	0
4.323	-40.443264	619.022583	-40.028271	0.204374	0	-0.126931	1.00E-06	1.415862	5.00E-06	0	0	0	-0.13	0	0.305	0	0	0
4.324	-40.288284	622.816956	-39.949619	0.204168	0	-0.12704	1.00E-06	1.415304	5.00E-06	0	0	0	-0.13	0	0.305	0	0	0
4.325	-40.128975	622.816956	-39.087864	0.204319	0	-0.12704	4.00E-06	1.415304	5.00E-06	0	0	0	-0.13	0	0.305	0	0	0
4.326	-39.504002	623.331543	-39.009491	0.204319	0	-0.126193	4.00E-06	1.359938	1.10E-05	0	0	0	-0.13	0	0.305	0	0	0
4.327	-39.424706	625.779358	-38.382725	0.204556	0	-0.126152	4.00E-06	1.431498	2.00E-06	0	0	0	-0.13	0	0.305	0	0	0
4.328	-39.344688	627.323792	-38.226021	0.204556	0	-0.126152	8.00E-06	1.359938	7.00E-06	0	0	0	-0.13	0	0.305	0	0	0
4.329	-39.424706	627.327271	-37.833969	0.204556	0	-0.126234	9.00E-06	1.335178	7.00E-06	0	0	0	-0.13	0	0.305	0	0	0
4.33	-39.191154	632.326294	-36.893921	0.204543	0	-0.126636	1.00E-05	1.335178	9.00E-06	0	0	0	-0.13	0	0.305	0	0	0
4.331	-39.343971	632.326294	-35.875221	0.204743	0	-0.126636	9.00E-06	1.283387	9.00E-06	0	0	0	-0.13	0	0.305	0	0	0
4.332	-39.191154	632.326294	-35.718479	0.204506	0	-0.126636	7.00E-06	1.393551	9.00E-06	0	0	0	-0.13	0	0.305	0	0	0
4.333	-39.188271	635.08728	-35.405319	0.204403	0	-0.126894	5.00E-06	1.377318	9.00E-06	0	0	0	-0.13	0	0.305	0	0	0
4.334	-39.113304	635.604187	-35.013588	0.204403	0	-0.126996	5.00E-06	1.438717	5.00E-06	0	0	0	-0.13	0	0.305	0	0	0
4.335	-39.188271	637.848328	-34.699944	0.204538	0	-0.127395	5.00E-06	1.377318	5.00E-06	0	0	0	-0.13	0	0.305	0	0	0
4.336	-39.581131	639.761902	-33.838146	0.2048	0	-0.127395	1.00E-05	1.438717	3.00E-06	0	0	0	-0.13	0	0.305	0	0	0
4.337	-39.582573	641.309814	-33.524906	0.2048	0	-0.127271	1.00E-05	1.460061	3.00E-06	0	0	0	-0.13	0	0.305	0	0	0
4.338	-39.663307	641.836365	-33.289795	0.204691	0	-0.127271	1.00E-05	1.475083	4.00E-06	0	0	0	-0.13	0	0.305	0	0	0
4.339	-40.369743	644.072388	-32.819569	0.204656	0	-0.127586	6.00E-06	1.475083	4.00E-06	0	0	0	-0.13	0	0.305	0	0	0
4.34	-40.369743	644.581543	-32.506126	0.204656	0	-0.127586	1.20E-05	1.470144	5.00E-06	0	0	0	-0.13	0	0.305	0	0	0
4.341	-40.369743	644.594299	-32.03606	0.204656	0	-0.127744	7.00E-06	1.457192	5.00E-06	0	0	0	-0.13	0	0.305	0	0	0
4.342	-41.312614	646.832336	-31.8792	0.204196	0	-0.127236	1.20E-05	1.388152	5.00E-06	0	0	0	-0.13	0	0.305	0	0	0
4.343	-41.865505	651.155884	-30.939152	0.204196	0	-0.127185	7.00E-06	1.388152	1.00E-05	0	0	0	-0.13	0	0.305	0	0	0
4.344	-42.018322	651.155884	-30.939152	0.2044	0	-0.127185	8.00E-06	1.504567	1.00E-05	0	0	0	-0.13	0	0.305	0	0	0
4.345	-42.647625	652.182739	-30.78245	0.204718	0	-0.12776	8.00E-06	1.575117	1.00E-05	0	0	0	-0.13	0	0.305	0	0	0
4.346	-42.651234	652.718872	-30.625589	0.204718	0	-0.12776	8.00E-06	1.575117	1.10E-05	0	0	0	-0.13	0	0.305	0	0	0
4.347	-43.121223	652.718872	-30.547298	0.204718	0	-0.12776	8.00E-06	1.576699	1.10E-05	0	0	0	-0.13	0	0.305	0	0	0
4.348	-44.06337	656.681396	-29.920614	0.204708	0	-0.127488	4.00E-06	1.583889	1.10E-05	0	0	0	-0.13	0	0.305	0	0	0
4.349	-44.065536	656.841187	-29.607132	0.204741	0	-0.127488	3.00E-06	1.652316	1.20E-05	0	0	0	-0.13	0	0.305	0	0	0
4.35	-44.068428	658.584595	-29.607132	0.204816	0	-0.127488	1.00E-06	1.656438	6.00E-06	0	0	0	-0.13	0	0.305	0	0	0
4.351	-45.005524	658.584595	-29.607132	0.204816	0	-0.127525	1.00E-06	1.656438	6.00E-06	0	0	0	-0.13	0	0.305	0	0	0
4.352	-46.02552	658.584595	-29.528801	0.204742	0	-0.127525	3.00E-06	1.625765	4.00E-06	0	0	0	-0.13	0	0.305	0	0	0
4.353	-46.57769	660.660645	-28.902037	0.204734	0	-0.127525	6.00E-06	1.574695	4.00E-06	0	0	0	-0.13	0	0.305	0	0	0
4.354	-47.130592	660.661377	-28.745335	0.204734	0	-0.127076	6.00E-06	1.625765	7.00E-06	0	0	0	-0.13	0	0.305	0	0	0
4.355	-47.439831	662.888916	-28.666964	0.204734	0	-0.127113	6.00E-06	1.701141	7.00E-06	0	0	0	-0.13	0	0.305	0	0	0
4.356	-47.678429	664.10437	-28.588673	0.204793	0	-0.127113	-1.00E-06	1.701141	9.00E-06	0	0	0	-0.13	0	0.305	0	0	0
4.357	-49.404865	664.10437	-28.353481	0.204552	0	-0.127113	-1.00E-06	1.626535	9.00E-06	0	0	0	-0.13	0	0.305	0	0	0
4.358	-50.185539	664.464355	-27.726917	0.204684	0	-0.125785	7.00E-06	1.475581	9.00E-06	0	0	0	-0.13	0	0.305	0	0	0
4.359	-50.971985	664.464355	-27.570377	0.204322	0	-0.125785	7.00E-06	1.475581	9.00E-06	0	0	0	-0.13	0	0.305	0	0	0
4.36	-50.973427	665.663208	-27.570055	0.204322	0	-0.125987	7.00E-06	1.5011	7.00E-06	0	0	0	-0.13	0	0.305	0	0	0
4.361	-51.366295	667.396973	-26.943411	0.204322	0	-0.126373	7.00E-06	1.554904	7.00E-06	0	0	0	-0.13	0	0.305	0	0	0
4.362	-52.386292	669.129272	-26.943411	0.204764	0	-0.1263	7.00E-06	1.5011	9.00E-06	0	0	0	-0.13	0	0.305	0	0	0
4.363	-54.265541	669.474487	-26.943411	0.204778	0	-0.1263	7.00E-06	1.366417	9.00E-06	0	0	0	-0.13	0	0.305	0	0	0
4.364	-54.738415	669.825928	-26.630211	0.204778	0	-0.1263	7.00E-06	1.366417	9.00E-06	0	0	0	-0.13	0	0.305	0	0	0
4.365	-55.129837	673.267761	-26.630087	0.204666	0	-0.126383	7.00E-06	1.399089	3.00E-06	0	0	0	-0.13	0	0.305	0	0	0
4.366	-55.83699	673.788086	-26.630087	0.204666	0	-0.126383	1.00E-05	1.399089	0.00E+00	0	0	0	-0.13	0	0.305	0	0	0
4.367	-57.409164	675.349121	-26.473267	0.204773	0	-0.126301	2.00E-06	1.399089	-2.00E-06	0	0	0	-0.13	0	0.305	0	0	0
4.368	-58.584862	675.694702	-25.924835	0.204972	0	-0.126301	2.00E-06	1.32493	0.00E+00	0	0	0	-0.13	0	0.305	0	0	0
4.369	-58.658382	676.898987	-25.768291	0.204972	0	-0.126301	2.00E-06	1.337164	2.00E-06	0	0	0	-0.13	0	0.305	0	0	0
4.37	-58.899879	677.77002	-25.768291	0.204972	0	-0.125763	8.00E-06	1.301812	5.00E-06	0	0	0	-0.13	0	0.305	0	0	0
4.371	-59.525566	677.77002	-25.768131	0.204993	0	-0.125763	8.00E-06	1.301812	6.00E-06	0	0	0	-0.13	0	0.305	0	0	0
4.372	-60.465549	680.195435	-25.689842	0.205159	0	-0.125872	8.00E-06	1.301812	6.00E-06	0	0	0	-0.13	0	0.305	0	0	0
4.373	-60.469879	680.883179	-25.689842	0.205026	0	-0.125872	3.00E-06	1.198858	9.00E-06	0	0	0	-0.13	0	0.305	0	0	0
4.374	-62.194149	681.221497	-25.141487	0.205026	0	-0.125833	-2.00E-06	1.268917	9.00E-06	0	0	0	-0.13	0	0.305	0	0	0
4.375	-62.902027	681.221497	-25.768173	0.204909	0	-0.125361	-2.00E-06	1.268917	6.00E-06	0	0	0	-0.13	0	0.305	0	0	0
4.376	-63.060608	681.920044	-25.611389	0.204909	0	-0.125097	0.00E+00	1.268917	6.00E-06	0	0	0	-0.13	0	0.305	0	0	0
4.377	-63.687748	684.511414	-25.611549	0.20495	0	-0.124995	0	1.185392	6.00E-06	0	0	0	-0.13	0	0.305	0	0	0
4.378	-64.231262	684.511414	-25.611389	0.204994	0	-0.124995	-2.00E-06	1.062828	8.00E-06	0	0	0	-0.13	0	0.305	0	0	0
4.379	-64.472748	684.511414	-24.984543	0.204994	0	-0.124995	-2.00E-06	0.983381	9.00E-06	0	0	0	-0.13	0	0.305	0	0	0
4.38	-65.571327	689.691284	-24.984543	0.204994	0	-0.125345	5.00E-06	1.062828	9.00E-06	0	0	0	-0.13	0	0.305	0	0	0
4.381	-65.643402	690.029236	-24.906654	0.20493	0	-0.125357	5.00E-06	1.12165	7.00E-06	0	0	0	-0.13	0	0.305	0	0	0
4.382	-66.429848	691.075317	-24.984663	0.20493	0	-0.125345	5.00E-06	1.12165	7.00E-06	0	0	0	-0.13	0	0.305	0	0	0
4.383	-67.371994	692.803711	-25.141685	0.205211	0	-0.125271	2.00E-06	1.035654	6.00E-06	0	0	0	-0.13	0	0.305	0	0	0
4.384	-67.92057	693.158936	-25.141685	0.205236	0	-0.125253	1.00E-06	1.035654	5.00E-06	0	0	0	-0.13	0	0.305	0	0	0
4.385	-68.234138	696.432251	-24.749956	0.205299	0	-0.125253	-2.00E-06	1.05889	5.00E-06	0	0	0	-0.13	0	0.305	0	0	0
4.386	-68.942009	698.329651	-24.436512	0.205236	0	-0.125853	-2.00E-06	1.05889	2.00E-06	0	0	0	-0.13	0	0.305	0	0	0
4.387	-69.411278	698.329651	-24.279732	0.205299	0	-0.125853	4.00E-06	0.933985	8.00E-06	0	0	0	-0.13	0	0.305	0	0	0
4.388	-69.95768	698.660217	-24.279732	0.205355	0	-0.125853	1.10E-05	0.933985	5.00E-06	0	0	0	-0.13	0	0.305	0	0	0
4.389	-69.95768	700.920227	-24.279732	0.205355	0	-0.125263	4.00E-06	0.947932	9.00E-06	0	0	0	-0.13	0	0.305	0	0	0
4.39	-70.352707	701.614868	-24.27997	0.205165	0	-0.125287	-4.00E-06	0.947932	5.00E-06	0	0	0	-0.13	0	0.305	0	0	0
4.391	-70.429115	702.485107	-24.358261	0.204977	0	-0.125287	-4.00E-06	0.947932	4.00E-06	0	0	0	-0.13	0	0.305	0	0	0
4.392	-70.740524	704.883911	-24.828407	0.204975	0	-0.125984	-4.00E-06	0.924717	4.00E-06	0	0	0	-0.13	0	0.305	0	0	0
4.393	-70.822701	704.883911	-24.828125	0.204975	0	-0.125984	1.10E-05	0.850657	4.00E-06	0	0	0	-0.13	0	0.305	0	0	0
4.394	-70.901268	704.883911	-24.828125	0.205352	0	-0.125848	-1.00E-06	0.850657	4.00E-06	0	0	0	-0.13	0	0.305	0	0	0
4.395	-71.291962	705.063721	-24.749832	0.205352	0	-0.125404	4.00E-06	0.850657	9.00E-06	0	0	0	-0.13	0	0.305	0	0	0
4.396	-71.291962	705.253906	-24.749832	0.205076	0	-0.124691	2.00E-06	0.806761	9.00E-06	0	0	0	-0.13	0	0.305	0	0	0
4.397	-70.824142	705.253906	-24.828243	0.205035	0	-0.124691	4.00E-06	0.806761	9.00E-06	0	0	0	-0.13	0	0.305	0	0	0
4.398	-70.824142	706.619751	-24.906536	0.205009	0	-0.124941	6.00E-06	0.744072	9.00E-06	0	0	0	-0.13	0	0.305	0	0	0
4.399	-71.056969	706.971558	-24.906536	0.205009	0	-0.124941	8.00E-06	0.737617	5.00E-06	0	0	0	-0.13	0	0.305	0	0	0
4.4	-71.056969	706.971558	-24.593052	0.205035	0	-0.124893	6.00E-06	0.737617	5.00E-06	0	0	0	-0.13	0	0.305	0	0	0
4.401	-71.056252	708.876648	-24.514885	0.205049	0	-0.124324	7.00E-06	0.737244	5.00E-06	0	0	0	-0.13	0	0.305	0	0	0
4.402	-70.746292	708.876648	-24.514759	0.205035	0	-0.124159	7.00E-06	0.892212	1.00E-05	0	0	0	-0.13	0	0.305	0	0	0
4.403	-70.351265	708.876648	-24.514885	0.205035	0	-0.124159	7.00E-06	0.815884	5.00E-06	0	0	0	-0.13	0	0.305	0	0	0
4.404	-69.881996	709.558594	-24.514759	0.204995	0	-0.124557	4.00E-06	0.856831	1.00E-05	0	0	0	-0.13	0	0.305	0	0	0
4.405	-70.270523	710.243652	-24.279812	0.204914	0	-0.124557	4.00E-06	0.815884	8.00E-06	0	0	0	-0.13	0	0.305	0	0	0
4.406	-70.270523	710.606262	-24.279812	0.204914	0	-0.124499	4.00E-06	0.844054	1.00E-05	0	0	0	-0.13	0	0.305	0	0	0
4.407	-70.270523	711.635376	-24.279812	0.204914	0	-0.124182	6.00E-06	0.706041	1.00E-05	0	0	0	-0.13	0	0.305	0	0	0
4.408	-70.034088	712.843506	-24.279732	0.204877	0	-0.124289	7.00E-06	0.844054	1.00E-05	0	0	0	-0.13	0	0.305	0	0	0
4.409	-69.176285	713.01709	-23.966488	0.204645	0	-0.124289	6.00E-06	0.915171	5.00E-06	0	0	0	-0.13	0	0.305	0	0	0
4.41	-69.176285	713.01709	-24.12307	0.20479	0	-0.124409	6.00E-06	0.915171	4.00E-06	0	0	0	-0.13	0	0.305	0	0	0
4.411	-69.176285	713.199524	-23.496223	0.20479	0	-0.124409	3.00E-06	0.893927	4.00E-06	0	0	0	-0.13	0	0.305	0	0	0
4.412	-68.627724	713.199524	-23.888037	0.20479	0	-0.124107	5.00E-06	0.789285	5.00E-06	0	0	0	-0.13	0	0.305	0	0	0
4.413	-68.309822	714.743652	-23.417892	0.204617	0	-0.124107	5.00E-06	0.893927	7.00E-06	0	0	0	-0.13	0	0.305	0	0	0
4.414	-68.156288	715.445984	-23.417976	0.204617	0	-0.124137	5.00E-06	0.862254	1.20E-05	0	0	0	-0.13	0	0.305	0	0	0
4.415	-67.369118	715.606018	-23.417976	0.204757	0	-0.124155	4.00E-06	0.862254	1.20E-05	0	0	0	-0.13	0	0.305	0	0	0
4.416	-67.368393	715.445984	-23.417976	0.204941	0	-0.124155	4.00E-06	0.844711	9.00E-06	0	0	0	-0.13	0	0.305	0	0	0
4.417	-67.366226	715.606018	-23.496223	0.204907	0	-0.124501	3.00E-06	0.844711	7.00E-06	0	0	0	-0.13	0	0.305	0	0	0
4.418	-67.131233	716.648315	-23.496223	0.204907	0	-0.124501	3.00E-06	0.872878	1.00E-06	0	0	0	-0.13	0	0.305	0	0	0
4.419	-67.131233	716.648315	-23.653126	0.204858	0	-0.124501	6.00E-06	0.872878	6.00E-06	0	0	0	-0.13	0	0.305	0	0	0
4.42	-67.131233	716.656372	-23.653126	0.204858	0	-0.124494	6.00E-06	0.872878	6.00E-06	0	0	0	-0.13	0	0.305	0	0	0
4.421	-66.034103	716.126831	-23.339561	0.204858	0	-0.124377	6.00E-06	0.862702	6.00E-06	0	0	0	-0.13	0	0.305	0	0	0
4.422	-65.173409	716.126831	-23.104368	0.204853	0	-0.124314	4.00E-06	0.862702	5.00E-06	0	0	0	-0.13	0	0.305	0	0	0
4.423	-65.172691	715.441711	-23.26119	0.204853	0	-0.124238	2.00E-06	0.862702	5.00E-06	0	0	0	-0.13	0	0.305	0	0	0
4.424	-64.779823	715.441711	-23.26103	0.204853	0	-0.124238	2.00E-06	0.857561	1.00E-05	0	0	0	-0.13	0	0.305	0	0	0
4.425	-64.543388	715.441711	-23.26103	0.204852	0	-0.124238	2.00E-06	0.857561	1.10E-05	0	0	0	-0.13	0	0.305	0	0	0
4.426	-64.386238	716.472778	-22.791008	0.204852	0	-0.124588	9.00E-06	0.857561	1.00E-05	0	0	0	-0.13	0	0.305	0	0	0
4.427	-64.310555	715.602905	-22.791008	0.204852	0	-0.124651	5.00E-06	0.889457	1.00E-05	0	0	0	-0.13	0	0.305	0	0	0
4.428	-64.229095	715.602905	-22.791008	0.204852	0	-0.124651	5.00E-06	1.016122	7.00E-06	0	0	0	-0.13	0	0.305	0	0	0
4.429	-63.134857	715.602905	-22.634466	0.204852	0	-0.124667	1.00E-06	1.026105	8.00E-06	0	0	0	-0.13	0	0.305	0	0	0
4.43	-62.73983	715.947815	-22.634466	0.204675	0	-0.12435	1.00E-06	1.026105	3.00E-06	0	0	0	-0.13	0	0.305	0	0	0
4.431	-62.73983	715.947815	-22.399315	0.204925	0	-0.12435	5.00E-06	0.949655	7.00E-06	0	0	0	-0.13	0	0.305	0	0	0
4.432	-62.73983	715.947815	-22.399195	0.205064	0	-0.124265	5.00E-06	0.949655	7.00E-06	0	0	0	-0.13	0	0.305	0	0	0
4.433	-62.814068	715.441345	-22.164122	0.205064	0	-0.124106	5.00E-06	0.819933	8.00E-06	0	0	0	-0.13	0	0.305	0	0	0
4.434	-62.505554	715.441345	-21.615646	0.20451	0	-0.123726	6.00E-06	1.009006	1.10E-05	0	0	0	-0.13	0	0.305	0	0	0
4.435	-62.188377	715.441345	-21.615646	0.20451	0	-0.123726	9.00E-06	0.857037	8.00E-06	0	0	0	-0.13	0	0.305	0	0	0
4.436	-62.03051	715.08728	-21.615646	0.204684	0	-0.12402	1.10E-05	0.857037	3.00E-06	0	0	0	-0.13	0	0.305	0	0	0
4.437	-62.03051	716.135254	-21.537315	0.204684	0	-0.12442	1.00E-05	0.857037	3.00E-06	0	0	0	-0.13	0	0.305	0	0	0
4.438	-61.09341	716.640564	-20.989042	0.204684	0	-0.124495	1.00E-05	0.998457	1.10E-05	0	0	0	-0.13	0	0.305	0	0	0
4.439	-61.09341	716.640564	-20.83222	0.204877	0	-0.124495	1.00E-05	0.998457	1.10E-05	0	0	0	-0.13	0	0.305	0	0	0
4.44	-61.089806	714.923706	-20.283869	0.204877	0	-0.12396	5.00E-06	0.998457	1.10E-05	0	0	0	-0.13	0	0.305	0	0	0
4.441	-60.22839	714.923706	-20.048836	0.204877	0	-0.12396	1.00E-05	1.04885	1.30E-05	0	0	0	-0.13	0	0.305	0	0	0
4.442	-60.22839	715.618042	-19.50024	0.204728	0	-0.124058	5.00E-06	1.04885	1.30E-05	0	0	0	-0.13	0	0.305	0	0	0
4.443	-60.696945	715.618042	-19.186916	0.204886	0	-0.124058	4.00E-06	0.874735	8.00E-06	0	0	0	-0.13	0	0.305	0	0	0
4.444	-60.696945	715.618042	-18.951763	0.204886	0	-0.124058	2.00E-06	0.874735	8.00E-06	0	0	0	-0.13	0	0.305	0	0	0
4.445	-60.460503	715.441345	-18.638321	0.204886	0	-0.12413	2.00E-06	0.945295	6.00E-06	0	0	0	-0.13	0	0.305	0	0	0
4.446	-59.680553	715.436707	-18.560072	0.204493	0	-0.124168	3.00E-06	1.011075	6.00E-06	0	0	0	-0.13	0	0.305	0	0	0
4.447	-59.680553	715.436707	-18.24663	0.204493	0	-0.124168	9.00E-06	1.011075	2.00E-06	0	0	0	-0.13	0	0.305	0	0	0
4.448	-59.832642	715.436707	-17.93339	0.204701	0	-0.124168	9.00E-06	0.897227	4.00E-06	0	0	0	-0.13	0	0.305	0	0	0
4.449	-59.832642	716.119385	-17.384872	0.204701	0	-0.124774	7.00E-06	0.897227	4.00E-06	0	0	0	-0.13	0	0.305	0	0	0
4.45	-59.520523	716.119385	-17.384872	0.204699	0	-0.124774	7.00E-06	1.021519	8.00E-06	0	0	0	-0.13	0	0.305	0	0	0
4.451	-59.128376	716.119385	-17.306463	0.204698	0	-0.124774	7.00E-06	1.076162	8.00E-06	0	0	0	-0.13	0	0.305	0	0	0
4.452	-59.05125	713.368835	-16.836477	0.204699	0	-0.124147	-5.00E-06	1.077236	5.00E-06	0	0	0	-0.13	0	0.305	0	0	0
4.453	-59.044754	713.368835	-16.523077	0.204597	0	-0.124147	-5.00E-06	1.077236	4.00E-06	0	0	0	-0.13	0	0.305	0	0	0
4.454	-59.044754	713.368835	-15.896393	0.204597	0	-0.124147	-1.00E-06	0.887098	5.00E-06	0	0	0	-0.13	0	0.305	0	0	0
4.455	-59.044754	713.885315	-15.34812	0.204434	0	-0.124049	3.00E-06	0.887098	6.00E-06	0	0	0	-0.13	0	0.305	0	0	0
4.456	-58.812645	713.885315	-15.347837	0.204268	0	-0.124049	3.00E-06	1.020575	6.00E-06	0	0	0	-0.13	0	0.305	0	0	0
4.457	-58.500515	713.885315	-14.79944	0.20442	0	-0.124675	4.00E-06	1.131036	7.00E-06	0	0	0	-0.13	0	0.305	0	0	0
4.458	-58.265522	710.419128	-14.79944	0.20442	0	-0.124675	4.00E-06	1.020575	7.00E-06	0	0	0	-0.13	0	0.305	0	0	0
4.459	-58.265522	710.083984	-14.721153	0.20442	0	-0.124118	4.00E-06	1.00694	7.00E-06	0	0	0	-0.13	0	0.305	0	0	0
4.46	-58.499077	709.90686	-14.407789	0.204351	0	-0.123609	4.00E-06	0.937852	8.00E-06	0	0	0	-0.13	0	0.305	0	0	0
4.461	-58.499077	709.90686	-13.859154	0.204351	0	-0.123942	8.00E-06	0.937852	1.10E-05	0	0	0	-0.13	0	0.305	0	0	0
4.462	-58.027641	710.256775	-13.780823	0.204196	0	-0.123942	8.00E-06	1.007863	8.00E-06	0	0	0	-0.13	0	0.305	0	0	0
4.463	-57.947624	710.256775	-13.389212	0.204196	0	-0.1245	7.00E-06	1.007863	4.00E-06	0	0	0	-0.13	0	0.305	0	0	0
4.464	-57.947624	707.998718	-13.389212	0.204196	0	-0.1245	0	1.007863	2.00E-06	0	0	0	-0.13	0	0.305	0	0	0
4.465	-57.875542	707.829346	-13.389212	0.2041	0	-0.124064	0	1.068759	2.00E-06	0	0	0	-0.13	0	0.305	0	0	0
4.466	-57.793362	707.49115	-12.605623	0.204159	0	-0.124021	0.00E+00	1.119691	2.00E-06	0	0	0	-0.13	0	0.305	0	0	0
4.467	-57.558369	707.829346	-11.822239	0.204076	0	-0.124021	5.00E-06	1.142558	5.00E-06	0	0	0	-0.13	0	0.305	0	0	0
4.468	-57.479794	707.479919	-11.822239	0.203997	0	-0.123494	5.00E-06	1.119691	6.00E-06	0	0	0	-0.13	0	0.305	0	0	0
4.469	-57.089821	706.458862	-11.822159	0.203997	0	-0.123435	5.00E-06	1.07298	1.40E-05	0	0	0	-0.13	0	0.305	0	0	0
4.47	-57.164783	706.112549	-11.195232	0.204426	0	-0.123494	8.00E-06	1.029782	1.40E-05	0	0	0	-0.13	0	0.305	0	0	0
4.471	-57.164783	706.112549	-11.195232	0.204426	0	-0.123435	4.00E-06	1.018619	6.00E-06	0	0	0	-0.13	0	0.305	0	0	0
4.472	-57.164783	705.422852	-10.881908	0.204409	0	-0.123274	3.00E-06	1.018619	6.00E-06	0	0	0	-0.13	0	0.305	0	0	0
4.473	-56.92979	704.906372	-10.803457	0.204205	0	-0.123274	2.00E-06	1.108374	6.00E-06	0	0	0	-0.13	0	0.305	0	0	0
4.474	-56.307701	704.031128	-10.412045	0.204205	0	-0.123399	2.00E-06	1.15434	5.00E-06	0	0	0	-0.13	0	0.305	0	0	0
4.475	-56.307701	703.003174	-10.646835	0.204261	0	-0.123399	-2.00E-06	1.15434	5.00E-06	0	0	0	-0.13	0	0.305	0	0	0
4.476	-57.007641	702.996216	-10.568707	0.204333	0	-0.123399	7.00E-06	1.15434	5.00E-06	0	0	0	-0.13	0	0.305	0	0	0
4.477	-57.007641	701.447998	-10.568707	0.204261	0	-0.122974	3.00E-06	1.111488	7.00E-06	0	0	0	-0.13	0	0.305	0	0	0
4.478	-56.774803	700.416138	-10.411926	0.204335	0	-0.122888	7.00E-06	1.169869	4.00E-06	0	0	0	-0.13	0	0.305	0	0	0
4.479	-56.46196	700.416138	-10.020151	0.204335	0	-0.122888	5.00E-06	1.111488	8.00E-06	0	0	0	-0.13	0	0.305	0	0	0
4.48	-56.46196	699.900818	-10.020151	0.204335	0	-0.123196	5.00E-06	1.166981	6.00E-06	0	0	0	-0.13	0	0.305	0	0	0
4.481	-56.381222	699.369995	-9.785124	0.204444	0	-0.123196	5.00E-06	1.127335	6.00E-06	0	0	0	-0.13	0	0.305	0	0	0
4.482	-56.617661	699.369995	-10.020191	0.204149	0	-0.123381	2.00E-06	1.166981	0	0	0	0	-0.13	0	0.305	0	0	0
4.483	-56.461235	699.021729	-9.47172	0.204149	0	-0.12326	9.00E-06	1.229252	0.00E+00	0	0	0	-0.13	0	0.305	0	0	0
4.484	-56.461235	699.533569	-9.47164	0.204017	0	-0.123381	-2.00E-06	1.296253	7.00E-06	0	0	0	-0.13	0	0.305	0	0	0
4.485	-56.148392	699.533569	-9.47164	0.204017	0	-0.123442	7.00E-06	1.257454	7.00E-06	0	0	0	-0.13	0	0.305	0	0	0
4.486	-56.148392	699.533569	-9.47164	0.204305	0	-0.12386	2.00E-06	1.257454	4.00E-06	0	0	0	-0.13	0	0.305	0	0	0
4.487	-56.148392	698.493286	-9.314898	0.204305	0	-0.12386	7.00E-06	1.237201	3.00E-06	0	0	0	-0.13	0	0.305	0	0	0
4.488	-56.227684	697.644653	-9.314898	0.204305	0	-0.123408	5.00E-06	1.235715	4.00E-06	0	0	0	-0.13	0	0.305	0	0	0
4.489	-56.303368	697.636169	-9.315138	0.204167	0	-0.123408	9.00E-06	1.235715	8.00E-06	0	0	0	-0.13	0	0.305	0	0	0
4.49	-56.303368	697.636169	-9.315138	0.204463	0	-0.123408	5.00E-06	1.202169	1.10E-05	0	0	0	-0.13	0	0.305	0	0	0
4.491	-56.225517	697.474121	-9.236528	0.204368	0	-0.123284	-3.00E-06	1.200738	8.00E-06	0	0	0	-0.13	0	0.305	0	0	0
4.492	-56.224079	695.577942	-8.923283	0.204463	0	-0.122676	-3.00E-06	1.169905	8.00E-06	0	0	0	-0.13	0	0.305	0	0	0
4.493	-56.224079	694.189331	-8.844793	0.204408	0	-0.123277	-2.00E-06	1.169905	8.00E-06	0	0	0	-0.13	0	0.305	0	0	0
4.494	-56.066936	694.189331	-8.688131	0.204408	0	-0.123277	4.00E-06	1.186662	7.00E-06	0	0	0	-0.13	0	0.305	0	0	0
4.495	-55.753365	695.560547	-8.609961	0.204363	0	-0.124114	4.00E-06	1.204979	5.00E-06	0	0	0	-0.13	0	0.305	0	0	0
4.496	-55.753365	695.560547	-8.609961	0.204363	0	-0.124114	4.00E-06	1.186662	5.00E-06	0	0	0	-0.13	0	0.305	0	0	0
4.497	-55.676956	693.49231	-8.296316	0.204522	0	-0.123769	5.00E-06	1.170204	5.00E-06	0	0	0	-0.13	0	0.305	0	0	0
4.498	-55.672626	693.155945	-8.296316	0.204522	0	-0.123425	5.00E-06	1.06954	1.20E-05	0	0	0	-0.13	0	0.305	0	0	0
4.499	-55.676956	690.399902	-8.296316	0.204477	0	-0.122893	1.00E-06	1.170204	5.00E-06	0	0	0	-0.13	0	0.305	0	0	0
4.5	-55.750477	690.399902	-8.218229	0.204382	0	-0.122893	1.00E-06	1.07814	4.00E-06	0	0	0	-0.13	0	0.305	0	0	0
4.501	-55.750477	690.38562	-8.218229	0.204454	0	-0.12345	4.00E-06	1.07814	4.00E-06	0	0	0	-0.13	0	0.305	0	0	0
4.502	-55.357616	688.99707	-7.826334	0.204454	0	-0.123505	4.00E-06	1.07814	5.00E-06	0	0	0	-0.13	0	0.305	0	0	0
4.503	-55.357616	688.661072	-7.826334	0.204543	0	-0.12345	4.00E-06	1.085642	9.00E-06	0	0	0	-0.13	0	0.305	0	0	0
4.504	-55.203354	688.141479	-7.826334	0.204543	0	-0.123327	-1.00E-06	1.086343	5.00E-06	0	0	0	-0.13	0	0.305	0	0	0
4.505	-55.437634	686.588989	-7.904785	0.20432	0	-0.122832	-1.00E-06	1.086343	1.20E-05	0	0	0	-0.13	0	0.305	0	0	0
4.506	-55.359783	686.393311	-7.669714	0.20432	0	-0.122832	4.00E-06	1.093321	4.00E-06	0	0	0	-0.13	0	0.305	0	0	0
4.507	-55.359783	685.375061	-7.277861	0.20432	0	-0.123137	1.00E-05	1.093321	4.00E-06	0	0	0	-0.13	0	0.305	0	0	0
4.508	-55.199749	683.29834	-7.19961	0.204322	0	-0.123137	4.00E-06	1.093321	4.00E-06	0	0	0	-0.13	0	0.305	0	0	0
4.509	-55.126228	683.122803	-7.19961	0.204277	0	-0.123137	0	1.080063	5.00E-06	0	0	0	-0.13	0	0.305	0	0	0
4.51	-54.965473	682.955383	-7.19961	0.204277	0	-0.122942	0.00E+00	1.141363	5.00E-06	0	0	0	-0.13	0	0.305	0	0	0
4.511	-54.809772	678.803101	-7.591463	0.204277	0	-0.123337	1.00E-06	1.156915	8.00E-06	0	0	0	-0.13	0	0.305	0	0	0
4.512	-54.809772	678.636353	-7.19961	0.20438	0	-0.123337	4.00E-06	1.156915	6.00E-06	0	0	0	-0.13	0	0.305	0	0	0
4.513	-54.968361	678.104492	-7.121359	0.204621	0	-0.123337	4.00E-06	1.141616	9.00E-06	0	0	0	-0.13	0	0.305	0	0	0
4.514	-55.123341	676.041992	-7.121359	0.204636	0	-0.122983	-5.00E-06	1.057669	6.00E-06	0	0	0	-0.13	0	0.305	0	0	0
4.515	-54.968361	674.652222	-7.277981	0.204636	0	-0.122983	-5.00E-06	1.141616	1.20E-05	0	0	0	-0.13	0	0.305	0	0	0
4.516	-54.732643	674.652222	-7.277981	0.204379	0	-0.122983	1.10E-05	1.076426	8.00E-06	0	0	0	-0.13	0	0.305	0	0	0
4.517	-54.65263	671.384399	-7.121399	0.204379	0	-0.122003	1.10E-05	1.076426	1.10E-05	0	0	0	-0.13	0	0.305	0	0	0
4.518	-54.65263	669.831421	-6.964497	0.204623	0	-0.122003	2.00E-06	1.066405	8.00E-06	0	0	0	-0.13	0	0.305	0	0	0
4.519	-55.199028	669.664795	-6.964497	0.204623	0	-0.121847	2.00E-06	1.06358	6.00E-06	0	0	0	-0.13	0	0.305	0	0	0
4.52	-55.199028	667.7547	-7.278061	0.204426	0	-0.122206	5.00E-06	1.06358	5.00E-06	0	0	0	-0.13	0	0.305	0	0	0
4.521	-54.887623	667.73999	-7.278061	0.204385	0	-0.122206	5.00E-06	1.076476	6.00E-06	0	0	0	-0.13	0	0.305	0	0	0
4.522	-54.808331	666.378784	-7.591623	0.204426	0	-0.122206	-1.00E-06	1.088867	6.00E-06	0	0	0	-0.13	0	0.305	0	0	0
4.523	-54.4198	663.263672	-7.591383	0.204605	0	-0.121995	-1.00E-06	1.107191	7.00E-06	0	0	0	-0.13	0	0.305	0	0	0
4.524	-54.4198	662.577087	-7.591383	0.204605	0	-0.121995	5.00E-06	1.107191	1.00E-05	0	0	0	-0.13	0	0.305	0	0	0
4.525	-54.4198	661.533325	-7.591383	0.204442	0	-0.121995	6.00E-06	1.106945	1.00E-05	0	0	0	-0.13	0	0.305	0	0	0
4.526	-54.419075	661.533325	-7.748125	0.204442	0	-0.122121	6.00E-06	1.106945	6.00E-06	0	0	0	-0.13	0	0.305	0	0	0
4.527	-54.419075	659.119873	-7.748165	0.204557	0	-0.122588	5.00E-06	1.106945	4.00E-06	0	0	0	-0.13	0	0.305	0	0	0
4.528	-54.186249	658.415833	-7.826616	0.204633	0	-0.122588	3.00E-06	1.233295	6.00E-06	0	0	0	-0.13	0	0.305	0	0	0
4.529	-54.186249	656.529236	-8.218349	0.204633	0	-0.121953	5.00E-06	1.160462	7.00E-06	0	0	0	-0.13	0	0.305	0	0	0
4.53	-54.186249	656.366089	-8.218349	0.204633	0	-0.121438	5.00E-06	1.233181	1.00E-05	0	0	0	-0.13	0	0.305	0	0	0
4.531	-54.026932	653.586975	-7.904987	0.204802	0	-0.121198	5.00E-06	1.197664	1.00E-05	0	0	0	-0.13	0	0.305	0	0	0
4.532	-54.264099	653.586975	-7.904987	0.204705	0	-0.121198	5.00E-06	1.233181	1.00E-05	0	0	0	-0.13	0	0.305	0	0	0
4.533	-54.261932	651.003296	-8.610123	0.204794	0	-0.12164	0.00E+00	1.197664	1.10E-05	0	0	0	-0.13	0	0.305	0	0	0
4.534	-54.261932	651.177307	-8.844994	0.204794	0	-0.12164	5.00E-06	1.195291	8.00E-06	0	0	0	-0.13	0	0.305	0	0	0
4.535	-54.261932	651.003296	-8.844994	0.20497	0	-0.121334	2.00E-06	1.181243	9.00E-06	0	0	0	-0.13	0	0.305	0	0	0
4.536	-53.639843	650.665039	-9.080267	0.20497	0	-0.121266	5.00E-06	1.195291	8.00E-06	0	0	0	-0.13	0	0.305	0	0	0
4.537	-53.869789	647.720459	-9.550331	0.204632	0	-0.121157	8.00E-06	1.22069	6.00E-06	0	0	0	-0.13	0	0.305	0	0	0
4.538	-53.869789	647.720459	-10.020515	0.204632	0	-0.121157	8.00E-06	1.22069	5.00E-06	0	0	0	-0.13	0	0.305	0	0	0
4.539	-54.336895	649.100952	-10.020515	0.204675	0	-0.121689	8.00E-06	1.110926	1.00E-06	0	0	0	-0.13	0	0.305	0	0	0
4.54	-54.336895	649.100952	-10.647202	0.204835	0	-0.121689	0	1.080532	1.00E-06	0	0	0	-0.13	0	0.305	0	0	0
4.541	-53.631905	647.027283	-10.255466	0.204835	0	-0.121253	0	1.110926	5.00E-06	0	0	0	-0.13	0	0.305	0	0	0
4.542	-53.553329	645.657166	-10.569069	0.204723	0	-0.121213	1.00E-06	1.171417	6.00E-06	0	0	0	-0.13	0	0.305	0	0	0
4.543	-53.476929	645.824951	-10.569069	0.204723	0	-0.121213	3.00E-06	1.172515	9.00E-06	0	0	0	-0.13	0	0.305	0	0	0
4.544	-53.553329	645.824951	-10.80386	0.204873	0	-0.121213	4.00E-06	1.171417	9.00E-06	0	0	0	-0.13	0	0.305	0	0	0
4.545	-53.476929	645.986938	-10.80386	0.205028	0	-0.121742	6.00E-06	1.138907	7.00E-06	0	0	0	-0.13	0	0.305	0	0	0
4.546	-53.476929	645.986938	-11.117382	0.205028	0	-0.121742	6.00E-06	1.077753	3.00E-06	0	0	0	-0.13	0	0.305	0	0	0
4.547	-53.476929	645.976562	-11.274004	0.204903	0	-0.121742	6.00E-06	1.134698	7.00E-06	0	0	0	-0.13	0	0.305	0	0	0
4.548	-53.318336	644.963623	-11.274004	0.204877	0	-0.12076	3.00E-06	1.077753	9.00E-06	0	0	0	-0.13	0	0.305	0	0	0
4.549	-52.92403	643.919067	-11.509077	0.204903	0	-0.121367	6.00E-06	1.087966	1.00E-05	0	0	0	-0.13	0	0.305	0	0	0
4.55	-52.690475	643.919067	-11.509037	0.205044	0	-0.121367	-1.00E-06	1.087966	9.00E-06	0	0	0	-0.13	0	0.305	0	0	0
4.551	-52.690475	643.919067	-11.587448	0.205044	0	-0.121578	3.00E-06	1.087966	9.00E-06	0	0	0	-0.13	0	0.305	0	0	0
4.552	-52.689758	644.093445	-11.587448	0.205011	0	-0.121578	-1.00E-06	1.129697	9.00E-06	0	0	0	-0.13	0	0.305	0	0	0
4.553	-52.528278	643.907898	-11.587566	0.204964	0	-0.121578	-1.00E-06	1.006248	8.00E-06	0	0	0	-0.13	0	0.305	0	0	0
4.554	-52.064064	643.907898	-11.587566	0.205011	0	-0.121548	-1.00E-06	1.110179	5.00E-06	0	0	0	-0.13	0	0.305	0	0	0
4.555	-52.058292	643.907898	-12.05751	0.205035	0	-0.121548	4.00E-06	0.97552	5.00E-06	0	0	0	-0.13	0	0.305	0	0	0
4.556	-52.058292	645.121826	-11.665615	0.205039	0	-0.121548	4.00E-06	1.074709	5.00E-06	0	0	0	-0.13	0	0.305	0	0	0
4.557	-52.058292	645.121826	-11.743986	0.205085	0	-0.121349	3.00E-06	1.005779	7.00E-06	0	0	0	-0.13	0	0.305	0	0	0
4.558	-51.828346	645.121826	-11.743986	0.205039	0	-0.121632	3.00E-06	1.074709	7.00E-06	0	0	0	-0.13	0	0.305	0	0	0
4.559	-51.589737	645.115967	-12.057673	0.204953	0	-0.121753	1.00E-06	1.131316	7.00E-06	0	0	0	-0.13	0	0.305	0	0	0
4.56	-51.509724	645.115967	-12.214172	0.204944	0	-0.121753	-1.00E-06	1.131316	1.00E-06	0	0	0	-0.13	0	0.305	0	0	0
4.561	-51.356911	643.234436	-12.057673	0.204917	0	-0.120904	-1.00E-06	1.131316	1.00E-06	0	0	0	-0.13	0	0.305	0	0	0
4.562	-51.356911	643.234436	-12.135963	0.204908	0	-0.120904	-2.00E-06	1.053889	-1.00E-06	0	0	0	-0.13	0	0.305	0	0	0
4.563	-51.356911	644.780029	-12.05747	0.204813	0	-0.121139	-1.00E-06	1.167951	2.00E-06	0	0	0	-0.13	0	0.305	0	0	0
4.564	-50.882591	645.29187	-12.05747	0.204807	0	-0.121333	-6.00E-06	1.039685	7.00E-06	0	0	0	-0.13	0	0.305	0	0	0
4.565	-50.727608	645.29187	-12.05747	0.204738	0	-0.121333	-3.00E-06	1.152823	7.00E-06	0	0	0	-0.13	0	0.305	0	0	0
4.566	-50.727608	645.29187	-11.430706	0.204683	0	-0.121333	-3.00E-06	1.039685	6.00E-06	0	0	0	-0.13	0	0.305	0	0	0
4.567	-50.727608	645.634766	-11.430706	0.204683	0	-0.12109	1.00E-06	1.114949	3.00E-06	0	0	0	-0.13	0	0.305	0	0	0
4.568	-50.959721	644.081909	-11.195995	0.204484	0	-0.120879	3.00E-06	1.114949	3.00E-06	0	0	0	-0.13	0	0.305	0	0	0
4.569	-50.959721	644.258179	-11.822397	0.2045	0	-0.120879	3.00E-06	1.114949	3.00E-06	0	0	0	-0.13	0	0.305	0	0	0
4.57	-50.724724	644.258179	-11.822481	0.2045	0	-0.120879	4.00E-06	1.059698	6.00E-06	0	0	0	-0.13	0	0.305	0	0	0
4.571	-50.724724	644.603027	-11.979099	0.204691	0	-0.120708	3.00E-06	1.025774	7.00E-06	0	0	0	-0.13	0	0.305	0	0	0
4.572	-50.254005	645.134155	-11.900812	0.204909	0	-0.120708	-4.00E-06	1.059698	7.00E-06	0	0	0	-0.13	0	0.305	0	0	0
4.573	-49.863312	644.603027	-11.979099	0.204786	0	-0.120371	-4.00E-06	1.083517	5.00E-06	0	0	0	-0.13	0	0.305	0	0	0
4.574	-49.707611	645.119141	-11.900812	0.204786	0	-0.120232	9.00E-06	1.144947	5.00E-06	0	0	0	-0.13	0	0.305	0	0	0
4.575	-49.472618	645.119141	-12.449324	0.204786	0	-0.120232	9.00E-06	1.144947	5.00E-06	0	0	0	-0.13	0	0.305	0	0	0
4.576	-49.707611	646.85376	-12.605986	0.204816	0	-0.120584	4.00E-06	1.071516	5.00E-06	0	0	0	-0.13	0	0.305	0	0	0
4.577	-49.468285	646.85376	-12.605986	0.204926	0	-0.120584	2.00E-06	1.070348	9.00E-06	0	0	0	-0.13	0	0.305	0	0	0
4.578	-49.468285	646.171875	-12.605986	0.204926	0	-0.119409	2.00E-06	1.035032	9.00E-06	0	0	0	-0.13	0	0.305	0	0	0
4.579	-49.393318	646.171875	-12.370993	0.204546	0	-0.119409	-1.00E-06	1.035032	6.00E-06	0	0	0	-0.13	0	0.305	0	0	0
4.58	-49.393318	646.171875	-12.370993	0.204489	0	-0.12051	-1.00E-06	1.058743	6.00E-06	0	0	0	-0.13	0	0.305	0	0	0
4.581	-48.843315	647.383423	-12.370872	0.204546	0	-0.12051	-1.00E-06	1.15139	5.00E-06	0	0	0	-0.13	0	0.305	0	0	0
4.582	-49.078308	647.383423	-12.370872	0.204651	0	-0.120104	5.00E-06	1.060135	6.00E-06	0	0	0	-0.13	0	0.305	0	0	0
4.583	-49.078308	647.383423	-12.370872	0.204805	0	-0.11959	6.00E-06	1.060135	4.00E-06	0	0	0	-0.13	0	0.305	0	0	0
4.584	-49.078308	647.216736	-12.449203	0.204805	0	-0.119457	5.00E-06	1.060135	2.00E-06	0	0	0	-0.13	0	0.305	0	0	0
4.585	-48.84259	647.216736	-12.527695	0.204758	0	-0.119457	5.00E-06	1.139239	1.00E-06	0	0	0	-0.13	0	0.305	0	0	0
4.586	-48.68689	647.899109	-12.527695	0.204755	0	-0.11978	5.00E-06	1.139239	1.00E-06	0	0	0	-0.13	0	0.305	0	0	0
4.587	-48.214012	649.617432	-12.292746	0.204755	0	-0.120222	7.00E-06	1.142641	5.00E-06	0	0	0	-0.13	0	0.305	0	0	0
4.588	-48.214012	650.139771	-12.214211	0.204783	0	-0.119916	7.00E-06	1.137211	5.00E-06	0	0	0	-0.13	0	0.305	0	0	0
4.589	-48.374043	650.139771	-12.057592	0.204783	0	-0.120222	5.00E-06	1.232184	5.00E-06	0	0	0	-0.13	0	0.305	0	0	0
4.59	-48.374043	650.133179	-12.214211	0.204854	0	-0.119959	5.00E-06	1.224974	5.00E-06	0	0	0	-0.13	0	0.305	0	0	0
4.591	-47.981174	650.133179	-12.449364	0.204853	0	-0.120425	2.00E-06	1.237554	6.00E-06	0	0	0	-0.13	0	0.305	0	0	0
4.592	-47.979736	649.801147	-12.449364	0.204853	0	-0.119959	5.00E-06	1.224974	6.00E-06	0	0	0	-0.13	0	0.305	0	0	0
4.593	-47.974686	650.137085	-12.214334	0.204853	0	-0.119977	7.00E-06	1.220839	5.00E-06	0	0	0	-0.13	0	0.305	0	0	0
4.594	-47.974686	651.352539	-12.214294	0.204608	0	-0.119863	1.00E-05	1.082675	3.00E-06	0	0	0	-0.13	0	0.305	0	0	0
4.595	-47.97757	651.352539	-11.979301	0.204574	0	-0.119863	9.00E-06	1.118319	5.00E-06	0	0	0	-0.13	0	0.305	0	0	0
4.596	-47.97757	651.352539	-11.979301	0.204574	0	-0.119566	9.00E-06	1.118319	9.00E-06	0	0	0	-0.13	0	0.305	0	0	0
4.597	-47.898273	651.519165	-12.13588	0.204849	0	-0.119566	8.00E-06	1.118319	9.00E-06	0	0	0	-0.13	0	0.305	0	0	0
4.598	-47.506134	651.519165	-12.13588	0.204917	0	-0.119532	8.00E-06	1.038955	9.00E-06	0	0	0	-0.13	0	0.305	0	0	0
4.599	-47.506134	651.519165	-12.057673	0.204917	0	-0.119971	8.00E-06	1.038955	6.00E-06	0	0	0	-0.13	0	0.305	0	0	0
4.6	-47.506134	651.015747	-11.822559	0.204991	0	-0.119508	1.00E-05	1.160901	6.00E-06	0	0	0	-0.13	0	0.305	0	0	0
4.601	-47.426838	651.690796	-11.901051	0.204991	0	-0.120266	1.00E-05	1.160901	6.00E-06	0	0	0	-0.13	0	0.305	0	0	0
4.602	-47.426838	651.690796	-11.744026	0.204991	0	-0.120027	1.00E-05	1.160065	6.00E-06	0	0	0	-0.13	0	0.305	0	0	0
4.603	-47.191124	651.690796	-11.901051	0.204999	0	-0.120027	5.00E-06	1.109891	7.00E-06	0	0	0	-0.13	0	0.305	0	0	0
4.604	-47.191124	651.006531	-11.744026	0.204999	0	-0.120002	3.00E-06	1.022326	8.00E-06	0	0	0	-0.13	0	0.305	0	0	0
4.605	-47.191124	651.006531	-11.195837	0.204999	0	-0.120002	5.00E-06	1.022326	8.00E-06	0	0	0	-0.13	0	0.305	0	0	0
4.606	-46.879723	651.507568	-11.195837	0.204844	0	-0.120449	3.00E-06	1.178016	4.00E-06	0	0	0	-0.13	0	0.305	0	0	0
4.607	-46.722572	651.507568	-11.195837	0.204788	0	-0.120449	2.00E-06	1.178016	4.00E-06	0	0	0	-0.13	0	0.305	0	0	0
4.608	-46.563263	651.507568	-11.195753	0.204788	0	-0.120397	2.00E-06	1.093313	8.00E-06	0	0	0	-0.13	0	0.305	0	0	0
4.609	-46.563263	651.691528	-10.960844	0.205029	0	-0.120397	0.00E+00	1.077019	8.00E-06	0	0	0	-0.13	0	0.305	0	0	0
4.61	-46.406837	651.691528	-10.960844	0.205135	0	-0.120397	1.00E-06	1.078974	8.00E-06	0	0	0	-0.13	0	0.305	0	0	0
4.611	-46.172569	651.691528	-10.960804	0.205029	0	-0.120195	1.00E-06	1.078974	8.00E-06	0	0	0	-0.13	0	0.305	0	0	0
4.612	-46.172569	651.353271	-10.960804	0.204914	0	-0.119921	1.00E-06	1.150308	7.00E-06	0	0	0	-0.13	0	0.305	0	0	0
4.613	-46.093269	650.297974	-10.960804	0.204651	0	-0.119921	8.00E-06	1.150308	9.00E-06	0	0	0	-0.13	0	0.305	0	0	0
4.614	-46.012535	650.297974	-10.725691	0.204651	0	-0.119921	6.00E-06	1.121001	4.00E-06	0	0	0	-0.13	0	0.305	0	0	0
4.615	-45.932518	649.101013	-10.412409	0.204884	0	-0.120109	6.00E-06	1.093855	8.00E-06	0	0	0	-0.13	0	0.305	0	0	0
4.616	-45.932518	649.101013	-10.255747	0.204884	0	-0.120109	-2.00E-06	1.093855	8.00E-06	0	0	0	-0.13	0	0.305	0	0	0
4.617	-45.857552	647.725159	-10.255747	0.204812	0	-0.119741	-2.00E-06	1.118845	8.00E-06	0	0	0	-0.13	0	0.305	0	0	0
4.618	-45.383953	647.716309	-10.333998	0.204795	0	-0.119654	-2.00E-06	1.118845	7.00E-06	0	0	0	-0.13	0	0.305	0	0	0
4.619	-45.383953	645.302002	-10.333998	0.204795	0	-0.119654	-1.00E-06	1.076448	6.00E-06	0	0	0	-0.13	0	0.305	0	0	0
4.62	-45.148956	645.302002	-10.098886	0.204992	0	-0.119654	-1.00E-06	1.03648	6.00E-06	0	0	0	-0.13	0	0.305	0	0	0
4.621	-45.148956	645.302002	-10.098804	0.204992	0	-0.119492	0	1.03648	6.00E-06	0	0	0	-0.13	0	0.305	0	0	0
4.622	-45.148956	644.779724	-10.098886	0.204863	0	-0.119533	6.00E-06	1.03648	1.00E-05	0	0	0	-0.13	0	0.305	0	0	0
4.623	-44.44397	644.092346	-10.333918	0.20482	0	-0.119492	6.00E-06	1.073968	1.00E-05	0	0	0	-0.13	0	0.305	0	0	0
4.624	-44.441807	641.845886	-10.333998	0.204794	0	-0.119063	0	1.074133	9.00E-06	0	0	0	-0.13	0	0.305	0	0	0
4.625	-44.441807	640.639709	-10.412531	0.204794	0	-0.119063	0.00E+00	1.093484	4.00E-06	0	0	0	-0.13	0	0.305	0	0	0
4.626	-44.441807	639.443237	-10.49062	0.20505	0	-0.118844	1.00E-06	1.074133	3.00E-06	0	0	0	-0.13	0	0.305	0	0	0
4.627	-43.896126	640.46228	-10.49062	0.20505	0	-0.119221	1.00E-06	1.127146	3.00E-06	0	0	0	-0.13	0	0.305	0	0	0
4.628	-43.581116	639.443237	-10.64732	0.204998	0	-0.118957	-2.00E-06	1.127146	5.00E-06	0	0	0	-0.13	0	0.305	0	0	0
4.629	-43.268269	639.260376	-10.412369	0.204932	0	-0.118957	-2.00E-06	1.166234	5.00E-06	0	0	0	-0.13	0	0.305	0	0	0
4.63	-43.191139	637.695923	-10.412369	0.204868	0	-0.11893	-2.00E-06	1.168828	3.00E-06	0	0	0	-0.13	0	0.305	0	0	0
4.631	-43.030388	635.4552	-10.412369	0.204868	0	-0.118866	4.00E-06	1.168828	3.00E-06	0	0	0	-0.13	0	0.305	0	0	0
4.632	-43.030388	635.4552	-10.569029	0.204868	0	-0.11893	7.00E-06	1.113402	6.00E-06	0	0	0	-0.13	0	0.305	0	0	0
4.633	-43.030388	633.389282	-10.569029	0.204889	0	-0.118451	6.00E-06	1.110608	6.00E-06	0	0	0	-0.13	0	0.305	0	0	0
4.634	-42.71537	635.280884	-10.33416	0.204885	0	-0.118814	6.00E-06	1.113402	5.00E-06	0	0	0	-0.13	0	0.305	0	0	0
4.635	-42.638245	633.389282	-10.33416	0.204885	0	-0.118814	6.00E-06	1.201869	5.00E-06	0	0	0	-0.13	0	0.305	0	0	0
4.636	-42.63752	633.2052	-11.039011	0.204885	0	-0.118814	9.00E-06	1.201869	4.00E-06	0	0	0	-0.13	0	0.305	0	0	0
4.637	-42.63752	630.797119	-11.039175	0.205136	0	-0.118609	9.00E-06	1.114167	6.00E-06	0	0	0	-0.13	0	0.305	0	0	0
4.638	-42.63752	629.936951	-11.039175	0.205169	0	-0.118609	7.00E-06	1.114167	4.00E-06	0	0	0	-0.13	0	0.305	0	0	0
4.639	-42.402527	629.234192	-11.039175	0.205152	0	-0.118609	5.00E-06	1.114167	3.00E-06	0	0	0	-0.13	0	0.305	0	0	0
4.64	-42.399643	628.205811	-11.509235	0.205169	0	-0.118694	2.00E-06	1.120963	3.00E-06	0	0	0	-0.13	0	0.305	0	0	0
4.641	-41.775391	628.027954	-11.509235	0.205152	0	-0.118806	2.00E-06	1.257521	3.00E-06	0	0	0	-0.13	0	0.305	0	0	0
4.642	-41.775391	625.610657	-11.509235	0.205198	0	-0.118806	2.00E-06	1.257521	3.00E-06	0	0	0	-0.13	0	0.305	0	0	0
4.643	-41.775391	623.893799	-11.979544	0.205159	0	-0.117978	5.00E-06	1.244285	3.00E-06	0	0	0	-0.13	0	0.305	0	0	0
4.644	-42.164642	623.378479	-11.822842	0.205159	0	-0.11759	5.00E-06	1.030575	4.00E-06	0	0	0	-0.13	0	0.305	0	0	0
4.645	-41.461823	623.014282	-11.822842	0.205015	0	-0.117978	2.00E-06	1.244285	6.00E-06	0	0	0	-0.13	0	0.305	0	0	0
4.646	-41.304672	622.500488	-11.822842	0.205015	0	-0.118363	2.00E-06	1.26689	4.00E-06	0	0	0	-0.13	0	0.305	0	0	0
4.647	-41.302509	622.500488	-11.979301	0.20517	0	-0.118363	3.00E-06	1.26689	7.00E-06	0	0	0	-0.13	0	0.305	0	0	0
4.648	-41.302509	620.438843	-11.979301	0.20517	0	-0.118301	3.00E-06	1.048639	4.00E-06	0	0	0	-0.13	0	0.305	0	0	0
4.649	-41.537506	620.438843	-11.979301	0.20517	0	-0.117745	3.00E-06	1.048639	1.20E-05	0	0	0	-0.13	0	0.305	0	0	0
4.65	-41.613914	620.438843	-12.136202	0.205152	0	-0.117745	9.00E-06	1.095274	7.00E-06	0	0	0	-0.13	0	0.305	0	0	0
4.651	-41.537506	619.734863	-12.136202	0.205071	0	-0.118334	9.00E-06	1.13977	7.00E-06	0	0	0	-0.13	0	0.305	0	0	0
4.652	-40.988941	618.00415	-12.136366	0.205071	0	-0.118667	9.00E-06	1.263937	7.00E-06	0	0	0	-0.13	0	0.305	0	0	0
4.653	-40.988941	617.492188	-12.057915	0.205351	0	-0.118731	7.00E-06	1.263937	5.00E-06	0	0	0	-0.13	0	0.305	0	0	0
4.654	-40.988941	617.315186	-12.136366	0.20537	0	-0.118731	4.00E-06	1.263937	4.00E-06	0	0	0	-0.13	0	0.305	0	0	0
4.655	-40.595356	614.037292	-12.057915	0.205582	0	-0.118482	4.00E-06	1.264969	3.00E-06	0	0	0	-0.13	0	0.305	0	0	0
4.656	-40.595356	614.037292	-11.901415	0.20537	0	-0.118482	4.00E-06	1.264969	1.00E-06	0	0	0	-0.13	0	0.305	0	0	0
4.657	-40.595356	614.037292	-11.901415	0.205459	0	-0.118482	4.00E-06	1.259336	3.00E-06	0	0	0	-0.13	0	0.305	0	0	0
4.658	-40.831074	613.176331	-11.901373	0.205203	0	-0.118863	2.00E-06	1.1135	2.00E-06	0	0	0	-0.13	0	0.305	0	0	0
4.659	-40.748894	612.475098	-12.136286	0.205429	0	-0.118815	4.00E-06	1.1135	4.00E-06	0	0	0	-0.13	0	0.305	0	0	0
4.66	-40.748894	610.918335	-11.901373	0.205203	0	-0.118815	4.00E-06	1.15218	4.00E-06	0	0	0	-0.13	0	0.305	0	0	0
4.661	-40.125366	610.918335	-12.136526	0.205211	0	-0.118815	5.00E-06	1.289326	4.00E-06	0	0	0	-0.13	0	0.305	0	0	0
4.662	-40.125366	610.740479	-12.214937	0.20504	0	-0.118921	5.00E-06	1.289326	5.00E-06	0	0	0	-0.13	0	0.305	0	0	0
4.663	-40.044632	608.82959	-12.214937	0.205132	0	-0.118921	5.00E-06	1.207114	8.00E-06	0	0	0	-0.13	0	0.305	0	0	0
4.664	-40.279625	608.82959	-12.214737	0.205132	0	-0.119342	3.00E-06	1.190854	5.00E-06	0	0	0	-0.13	0	0.305	0	0	0
4.665	-40.429554	607.63916	-11.979864	0.205449	0	-0.118744	0.00E+00	1.149443	9.00E-06	0	0	0	-0.13	0	0.305	0	0	0
4.666	-40.429554	607.63916	-11.901333	0.205449	0	-0.118744	3.00E-06	1.136942	8.00E-06	0	0	0	-0.13	0	0.305	0	0	0
4.667	-39.887482	604.528748	-11.901333	0.205386	0	-0.118343	-6.00E-06	1.131979	8.00E-06	0	0	0	-0.13	0	0.305	0	0	0
4.668	-39.887482	604.190063	-11.901333	0.205047	0	-0.118343	0.00E+00	1.136942	8.00E-06	0	0	0	-0.13	0	0.305	0	0	0
4.669	-39.884598	603.473755	-11.666542	0.205047	0	-0.118343	0	1.181838	6.00E-06	0	0	0	-0.13	0	0.305	0	0	0
4.67	-39.414604	603.154358	-11.509762	0.2055	0	-0.118213	1.00E-06	1.181838	8.00E-06	0	0	0	-0.13	0	0.305	0	0	0
4.671	-39.414604	600.212402	-11.431431	0.2055	0	-0.117833	6.00E-06	1.14835	7.00E-06	0	0	0	-0.13	0	0.305	0	0	0
4.672	-39.257462	599.884583	-11.431431	0.205427	0	-0.117833	6.00E-06	1.14835	7.00E-06	0	0	0	-0.13	0	0.305	0	0	0
4.673	-39.491734	600.212402	-11.431511	0.205379	0	-0.118201	9.00E-06	1.181639	6.00E-06	0	0	0	-0.13	0	0.305	0	0	0
4.674	-39.252411	599.514282	-11.431511	0.205379	0	-0.118201	9.00E-06	1.181639	6.00E-06	0	0	0	-0.13	0	0.305	0	0	0
4.675	-39.252411	595.895813	-11.431511	0.205379	0	-0.117742	7.00E-06	1.181639	6.00E-06	0	0	0	-0.13	0	0.305	0	0	0
4.676	-39.018135	595.895813	-11.039698	0.205352	0	-0.117742	7.00E-06	1.09895	5.00E-06	0	0	0	-0.13	0	0.305	0	0	0
4.677	-38.943169	595.895813	-10.726456	0.205352	0	-0.117469	7.00E-06	1.184743	5.00E-06	0	0	0	-0.13	0	0.305	0	0	0
4.678	-38.943169	593.815552	-10.726456	0.20528	0	-0.117214	5.00E-06	1.189013	5.00E-06	0	0	0	-0.13	0	0.305	0	0	0
4.679	-38.78458	593.620728	-10.883118	0.205193	0	-0.117214	4.00E-06	1.223571	8.00E-06	0	0	0	-0.13	0	0.305	0	0	0
4.68	-38.550308	592.961182	-10.883118	0.205193	0	-0.11756	3.00E-06	1.267914	8.00E-06	0	0	0	-0.13	0	0.305	0	0	0
4.681	-38.156723	591.919312	-10.726576	0.205196	0	-0.117979	2.00E-06	1.267914	7.00E-06	0	0	0	-0.13	0	0.305	0	0	0
4.682	-38.156723	591.391663	-10.178143	0.205247	0	-0.117904	3.00E-06	1.175782	0.00E+00	0	0	0	-0.13	0	0.305	0	0	0
4.683	-38.237457	590.712402	-10.178143	0.205435	0	-0.117904	7.00E-06	1.175782	0	0	0	0	-0.13	0	0.305	0	0	0
4.684	-38.237457	588.29425	-10.178143	0.205486	0	-0.117626	7.00E-06	1.215763	4.00E-06	0	0	0	-0.13	0	0.305	0	0	0
4.685	-38.078148	588.286865	-10.178062	0.205486	0	-0.117503	6.00E-06	1.215763	4.00E-06	0	0	0	-0.13	0	0.305	0	0	0
4.686	-38.078148	588.286865	-10.17798	0.205256	0	-0.117503	0	1.210999	3.00E-06	0	0	0	-0.13	0	0.305	0	0	0
4.687	-38.078148	584.32782	-10.178062	0.205256	0	-0.116698	0.00E+00	1.210999	3.00E-06	0	0	0	-0.13	0	0.305	0	0	0
4.688	-37.528862	584.32782	-9.786327	0.205256	0	-0.116698	3.00E-06	1.26495	4.00E-06	0	0	0	-0.13	0	0.305	0	0	0
4.689	-37.296032	583.985291	-9.786489	0.205453	0	-0.117461	4.00E-06	1.358684	4.00E-06	0	0	0	-0.13	0	0.305	0	0	0
4.69	-37.294594	582.413025	-9.786489	0.205453	0	-0.117461	4.00E-06	1.358684	4.00E-06	0	0	0	-0.13	0	0.305	0	0	0
4.691	-37.294594	582.243713	-9.94319	0.205483	0	-0.117582	0.00E+00	1.268531	4.00E-06	0	0	0	-0.13	0	0.305	0	0	0
4.692	-37.294594	581.38855	-9.94319	0.205641	0	-0.117332	0	1.268531	4.00E-06	0	0	0	-0.13	0	0.305	0	0	0
4.693	-36.902447	579.658936	-9.316425	0.205667	0	-0.117463	1.00E-06	1.307851	4.00E-06	0	0	0	-0.13	0	0.305	0	0	0
4.694	-36.902447	577.078125	-9.316425	0.205667	0	-0.116589	1.00E-06	1.307851	4.00E-06	0	0	0	-0.13	0	0.305	0	0	0
4.695	-37.290981	575.676392	-9.708158	0.205444	0	-0.116802	1.00E-06	1.261362	5.00E-06	0	0	0	-0.13	0	0.305	0	0	0
4.696	-37.290981	575.166016	-9.708158	0.205444	0	-0.116802	2.00E-06	1.21412	5.00E-06	0	0	0	-0.13	0	0.305	0	0	0
4.697	-36.978134	574.82312	-9.708158	0.205444	0	-0.117018	6.00E-06	1.21412	6.00E-06	0	0	0	-0.13	0	0.305	0	0	0
4.698	-36.975967	574.641052	-9.551537	0.205537	0	-0.117018	2.00E-06	1.21412	7.00E-06	0	0	0	-0.13	0	0.305	0	0	0
4.699	-36.896675	573.091553	-9.394957	0.205438	0	-0.116704	4.00E-06	1.268841	7.00E-06	0	0	0	-0.13	0	0.305	0	0	0
4.7	-36.742416	572.239136	-9.159925	0.205537	0	-0.116704	4.00E-06	1.214145	5.00E-06	0	0	0	-0.13	0	0.305	0	0	0
4.701	-36.584549	571.524292	-9.394957	0.205437	0	-0.117278	6.00E-06	1.214145	5.00E-06	0	0	0	-0.13	0	0.305	0	0	0
4.702	-36.583107	571.524292	-8.924854	0.205587	0	-0.118023	8.00E-06	1.214145	2.00E-06	0	0	0	-0.13	0	0.305	0	0	0
4.703	-36.583107	570.832031	-9.003143	0.205764	0	-0.117278	8.00E-06	1.291082	2.00E-06	0	0	0	-0.13	0	0.305	0	0	0
4.704	-36.348831	569.108521	-8.924854	0.205778	0	-0.117025	5.00E-06	1.297907	6.00E-06	0	0	0	-0.13	0	0.305	0	0	0
4.705	-35.877399	568.07251	-9.003143	0.205778	0	-0.117025	0.00E+00	1.375964	6.00E-06	0	0	0	-0.13	0	0.305	0	0	0
4.706	-35.795937	567.90509	-9.003263	0.205778	0	-0.117415	3.00E-06	1.375964	6.00E-06	0	0	0	-0.13	0	0.305	0	0	0
4.707	-35.877399	565.655518	-9.003263	0.205813	0	-0.117946	3.00E-06	1.224856	6.00E-06	0	0	0	-0.13	0	0.305	0	0	0
4.708	-35.798824	565.655518	-8.533079	0.205729	0	-0.11776	3.00E-06	1.224856	4.00E-06	0	0	0	-0.13	0	0.305	0	0	0
4.709	-35.95092	565.655518	-7.984644	0.205729	0	-0.11776	3.00E-06	1.217729	3.00E-06	0	0	0	-0.13	0	0.305	0	0	0
4.71	-35.798824	562.54541	-7.906557	0.205643	0	-0.117255	3.00E-06	1.330076	0.00E+00	0	0	0	-0.13	0	0.305	0	0	0
4.711	-35.403076	561.848389	-7.906557	0.205643	0	-0.117255	3.00E-06	1.275426	2.00E-06	0	0	0	-0.13	0	0.305	0	0	0
4.712	-35.170967	561.501587	-7.828064	0.205571	0	-0.117358	3.00E-06	1.275426	2.00E-06	0	0	0	-0.13	0	0.305	0	0	0
4.713	-35.010933	558.912598	-7.828064	0.205848	0	-0.117358	3.00E-06	1.26172	3.00E-06	0	0	0	-0.13	0	0.305	0	0	0
4.714	-35.010933	558.912598	-7.593033	0.20573	0	-0.117358	2.00E-06	1.169508	6.00E-06	0	0	0	-0.13	0	0.305	0	0	0
4.715	-35.009491	557.36853	-7.358	0.20573	0	-0.116877	3.00E-06	1.169508	6.00E-06	0	0	0	-0.13	0	0.305	0	0	0
4.716	-35.009491	555.804443	-6.888138	0.205654	0	-0.117183	7.00E-06	1.304153	6.00E-06	0	0	0	-0.13	0	0.305	0	0	0
4.717	-34.615185	554.932617	-6.888138	0.205654	0	-0.117183	7.00E-06	1.312644	5.00E-06	0	0	0	-0.13	0	0.305	0	0	0
4.718	-34.615185	554.932617	-7.279913	0.205813	0	-0.117183	1.00E-05	1.312644	4.00E-06	0	0	0	-0.13	0	0.305	0	0	0
4.719	-34.615185	550.292358	-7.279913	0.205837	0	-0.11671	5.00E-06	1.263742	4.00E-06	0	0	0	-0.13	0	0.305	0	0	0
4.72	-34.144474	550.283081	-7.201542	0.205829	0	-0.11671	1.00E-05	1.263742	5.00E-06	0	0	0	-0.13	0	0.305	0	0	0
4.721	-33.987328	550.270386	-6.888138	0.205829	0	-0.117366	5.00E-06	1.263742	5.00E-06	0	0	0	-0.13	0	0.305	0	0	0
4.722	-33.986607	547.510132	-6.653107	0.205781	0	-0.117455	5.00E-06	1.286225	5.00E-06	0	0	0	-0.13	0	0.305	0	0	0
4.723	-33.593021	546.983521	-6.653107	0.205586	0	-0.117455	2.00E-06	1.262572	6.00E-06	0	0	0	-0.13	0	0.305	0	0	0
4.724	-33.282341	545.0896	-6.104673	0.205586	0	-0.117455	5.00E-06	1.262572	7.00E-06	0	0	0	-0.13	0	0.305	0	0	0
4.725	-33.361633	543.194214	-6.183004	0.205537	0	-0.116667	5.00E-06	1.262572	7.00E-06	0	0	0	-0.13	0	0.305	0	0	0
4.726	-33.361633	542.846313	-6.183004	0.205391	0	-0.116667	5.00E-06	1.240006	3.00E-06	0	0	0	-0.13	0	0.305	0	0	0
4.727	-33.361633	541.80481	-6.261374	0.205305	0	-0.11621	5.00E-06	1.239164	3.00E-06	0	0	0	-0.13	0	0.305	0	0	0
4.728	-33.280174	540.415405	-6.261374	0.205305	0	-0.117157	4.00E-06	1.239164	3.00E-06	0	0	0	-0.13	0	0.305	0	0	0
4.729	-32.495888	538.346069	-6.183083	0.205515	0	-0.11621	5.00E-06	1.239164	5.00E-06	0	0	0	-0.13	0	0.305	0	0	0
4.73	-32.495888	535.427246	-6.026302	0.205515	0	-0.115705	4.00E-06	1.236561	5.00E-06	0	0	0	-0.13	0	0.305	0	0	0
4.731	-32.495888	534.395386	-5.712858	0.205787	0	-0.115393	8.00E-06	1.145337	5.00E-06	0	0	0	-0.13	0	0.305	0	0	0
4.732	-32.022289	534.395386	-5.712858	0.205731	0	-0.115705	9.00E-06	1.145337	4.00E-06	0	0	0	-0.13	0	0.305	0	0	0
4.733	-31.632315	532.834351	-5.712858	0.205731	0	-0.115579	9.00E-06	1.243725	4.00E-06	0	0	0	-0.13	0	0.305	0	0	0
4.734	-31.550133	532.13269	-5.399736	0.205731	0	-0.116118	4.00E-06	1.331405	3.00E-06	0	0	0	-0.13	0	0.305	0	0	0
4.735	-31.632315	530.75647	-5.242956	0.205825	0	-0.116175	-1.00E-06	1.331405	0.00E+00	0	0	0	-0.13	0	0.305	0	0	0
4.736	-31.473728	528.339478	-5.243116	0.205825	0	-0.116175	3.00E-06	1.3688	0	0	0	0	-0.13	0	0.305	0	0	0
4.737	-31.395876	527.638977	-5.243116	0.205771	0	-0.116175	3.00E-06	1.305964	3.00E-06	0	0	0	-0.13	0	0.305	0	0	0
4.738	-31.39299	526.789612	-5.713181	0.205771	0	-0.115702	3.00E-06	1.305964	8.00E-06	0	0	0	-0.13	0	0.305	0	0	0
4.739	-31.079422	523.688354	-5.713181	0.205911	0	-0.115317	3.00E-06	1.269375	9.00E-06	0	0	0	-0.13	0	0.305	0	0	0
4.74	-31.079422	522.981689	-5.634769	0.205928	0	-0.115317	2.00E-06	1.253723	9.00E-06	0	0	0	-0.13	0	0.305	0	0	0
4.741	-30.684393	522.128113	-5.164827	0.205928	0	-0.116505	2.00E-06	1.253723	7.00E-06	0	0	0	-0.13	0	0.305	0	0	0
4.742	-30.610872	520.551208	-4.851503	0.205696	0	-0.116505	-2.00E-06	1.406759	7.00E-06	0	0	0	-0.13	0	0.305	0	0	0
4.743	-30.530136	518.831299	-4.694803	0.205685	0	-0.115752	2.00E-06	1.406759	7.00E-06	0	0	0	-0.13	0	0.305	0	0	0
4.744	-30.610872	517.978882	-4.694803	0.205684	0	-0.115752	-4.00E-06	1.350567	5.00E-06	0	0	0	-0.13	0	0.305	0	0	0
4.745	-30.37299	514.505005	-4.773254	0.205529	0	-0.11563	4.00E-06	1.350567	5.00E-06	0	0	0	-0.13	0	0.305	0	0	0
4.746	-30.37299	514.341064	-4.773254	0.205529	0	-0.11563	4.00E-06	1.350567	5.00E-06	0	0	0	-0.13	0	0.305	0	0	0
4.747	-30.37299	513.142212	-4.773254	0.205878	0	-0.11563	4.00E-06	1.330433	5.00E-06	0	0	0	-0.13	0	0.305	0	0	0
4.748	-30.371544	511.758575	-4.381521	0.205925	0	-0.115227	4.00E-06	1.330433	5.00E-06	0	0	0	-0.13	0	0.305	0	0	0
4.749	-30.057976	510.195251	-4.851826	0.205878	0	-0.115179	4.00E-06	1.378793	6.00E-06	0	0	0	-0.13	0	0.305	0	0	0
4.75	-30.057976	508.646545	-4.381521	0.205745	0	-0.115003	4.00E-06	1.378793	6.00E-06	0	0	0	-0.13	0	0.305	0	0	0
4.751	-29.97724	506.565552	-4.068199	0.205745	0	-0.115003	4.00E-06	1.378793	7.00E-06	0	0	0	-0.13	0	0.305	0	0	0
4.752	-30.211514	505.361694	-4.068199	0.206159	0	-0.115557	4.00E-06	1.254092	5.00E-06	0	0	0	-0.13	0	0.305	0	0	0
4.753	-30.444345	502.419739	-4.14673	0.206159	0	-0.115805	0.00E+00	1.345389	6.00E-06	0	0	0	-0.13	0	0.305	0	0	0
4.754	-30.444345	502.412781	-4.14673	0.205915	0	-0.116168	0	1.345389	6.00E-06	0	0	0	-0.13	0	0.305	0	0	0
4.755	-29.899387	502.412781	-4.14673	0.205915	0	-0.116168	0.00E+00	1.470753	6.00E-06	0	0	0	-0.13	0	0.305	0	0	0
4.756	-29.816486	501.205811	-4.146852	0.206459	0	-0.116369	2.00E-06	1.470753	7.00E-06	0	0	0	-0.13	0	0.305	0	0	0
4.757	-29.899387	497.933289	-4.146852	0.206459	0	-0.116369	5.00E-06	1.345977	6.00E-06	0	0	0	-0.13	0	0.305	0	0	0
4.758	-30.28648	495.343201	-4.146852	0.206558	0	-0.116072	5.00E-06	1.230669	8.00E-06	0	0	0	-0.13	0	0.305	0	0	0
4.759	-30.51931	495.338531	-4.303633	0.206162	0	-0.116072	-1.00E-06	1.230669	6.00E-06	0	0	0	-0.13	0	0.305	0	0	0
4.76	-30.51931	492.903046	-4.303633	0.206224	0	-0.116072	-1.00E-06	1.349221	5.00E-06	0	0	0	-0.13	0	0.305	0	0	0
4.761	-30.678619	492.741058	-4.303633	0.206224	0	-0.116396	5.00E-06	1.349221	4.00E-06	0	0	0	-0.13	0	0.305	0	0	0
4.762	-30.442181	492.200989	-4.225464	0.206224	0	-0.115974	5.00E-06	1.325449	2.00E-06	0	0	0	-0.13	0	0.305	0	0	0
4.763	-30.284313	486.347656	-4.460415	0.206423	0	-0.115945	7.00E-06	1.325449	2.00E-06	0	0	0	-0.13	0	0.305	0	0	0
4.764	-30.284313	485.825745	-4.460415	0.20643	0	-0.115339	4.00E-06	1.286581	1.00E-06	0	0	0	-0.13	0	0.305	0	0	0
4.765	-30.832159	483.247559	-4.460415	0.20643	0	-0.115832	7.00E-06	1.200329	3.00E-06	0	0	0	-0.13	0	0.305	0	0	0
4.766	-30.832159	480.2948	-5.009092	0.206467	0	-0.115254	6.00E-06	1.200329	5.00E-06	0	0	0	-0.13	0	0.305	0	0	0
4.767	-30.51931	479.786011	-5.009092	0.206348	0	-0.115832	6.00E-06	1.402363	5.00E-06	0	0	0	-0.13	0	0.305	0	0	0
4.768	-30.440739	478.909241	-5.009092	0.206312	0	-0.1152	5.00E-06	1.402363	5.00E-06	0	0	0	-0.13	0	0.305	0	0	0
4.769	-30.51931	474.776184	-4.539028	0.206312	0	-0.115459	2.00E-06	1.254219	4.00E-06	0	0	0	-0.13	0	0.305	0	0	0
4.77	-30.520031	474.432556	-4.539028	0.205941	0	-0.115459	4.00E-06	1.254219	4.00E-06	0	0	0	-0.13	0	0.305	0	0	0
4.771	-30.520031	471.467041	-4.539349	0.206087	0	-0.115459	4.00E-06	1.418194	4.00E-06	0	0	0	-0.13	0	0.305	0	0	0
4.772	-30.284313	468.207642	-4.617517	0.206087	0	-0.115683	5.00E-06	1.444929	5.00E-06	0	0	0	-0.13	0	0.305	0	0	0
4.773	-30.284313	467.688446	-4.617517	0.206642	0	-0.115683	5.00E-06	1.418194	7.00E-06	0	0	0	-0.13	0	0.305	0	0	0
4.774	-30.284313	466.648499	-4.617517	0.206642	0	-0.115683	5.00E-06	1.444929	7.00E-06	0	0	0	-0.13	0	0.305	0	0	0
4.775	-30.358559	464.401276	-3.677473	0.206582	0	-0.115264	4.00E-06	1.369287	4.00E-06	0	0	0	-0.13	0	0.305	0	0	0
4.776	-30.358559	460.264374	-3.599302	0.206402	0	-0.11435	4.00E-06	1.369287	4.00E-06	0	0	0	-0.13	0	0.305	0	0	0
4.777	-30.827106	458.702209	-3.599302	0.206329	0	-0.114051	4.00E-06	1.296685	5.00E-06	0	0	0	-0.13	0	0.305	0	0	0
4.778	-31.064268	455.429291	-3.912825	0.206329	0	-0.114051	3.00E-06	1.296685	6.00E-06	0	0	0	-0.13	0	0.305	0	0	0
4.779	-31.064268	453.513367	-3.912825	0.206381	0	-0.114637	3.00E-06	1.296685	7.00E-06	0	0	0	-0.13	0	0.305	0	0	0
4.78	-31.064268	452.65509	-3.129278	0.206511	0	-0.114637	3.00E-06	1.233123	7.00E-06	0	0	0	-0.13	0	0.305	0	0	0
4.781	-31.217085	452.65509	-2.972658	0.206511	0	-0.115284	6.00E-06	1.233123	7.00E-06	0	0	0	-0.13	0	0.305	0	0	0
4.782	-31.217085	449.025818	-2.737747	0.206374	0	-0.114038	3.00E-06	1.228387	5.00E-06	0	0	0	-0.13	0	0.305	0	0	0
4.783	-31.217085	442.981506	-2.659376	0.206298	0	-0.113402	3.00E-06	1.228387	5.00E-06	0	0	0	-0.115367	0	0.305	0	0	0
4.784	-31.217085	441.244507	-2.659376	0.206298	0	-0.113402	3.00E-06	1.203519	0.00E+00	0	0	0	-0.110577	0	0.305	0	0	0
4.785	-31.211311	439.365295	-2.737947	0.206298	0	-0.114083	0	1.130499	7.00E-06	0	0	0	-0.094739	0	0.273804	0	0	0
4.786	-31.211311	437.106812	-2.894567	0.206554	0	-0.114083	-1.00E-06	1.130499	5.00E-06	0	0	0	-0.082281	0	0.271032	0	0	0
4.787	-31.211311	432.96759	-3.521494	0.206668	0	-0.113441	-1.00E-06	1.214098	5.00E-06	0	0	0	-0.082281	0	0.271032	0	0	0
4.788	-31.207701	432.621216	-4.148662	0.206668	0	-0.113441	4.00E-06	1.214098	5.00E-06	0	0	0	-0.082281	0	0.271032	0	0	0
4.789	-31.287716	430.02063	-4.148662	0.206357	0	-0.113441	4.00E-06	1.14624	5.00E-06	2.291683	32.762032	27.591562	-0.046703	0	0.205351	0	-1.537499	0
4.79	-31.287716	427.264648	-4.148662	0.206357	0	-0.114133	3.00E-06	1.068997	2.00E-06	2.739307	32.762032	28.29694	-0.029428	0	0.17969	0	-1.569794	0
4.791	-32.069115	426.913574	-5.010459	0.206357	0	-0.113211	3.00E-06	1.068997	5.00E-06	2.739307	23.755646	28.297382	-0.009702	0	0.17969	0	-3.290081	0
4.792	-32.069115	421.562012	-5.010459	0.206662	0	-0.113211	3.00E-06	1.139002	2.00E-06	5.568639	23.755646	29.471897	-0.009702	0	0.233314	0	-3.290081	0
4.793	-31.442699	419.490662	-3.756929	0.206749	0	-0.11297	1.00E-06	1.139002	3.00E-06	6.452421	31.988985	30.646778	-0.053503	0	0.24234	0	-1.035399	0
4.794	-31.209866	416.724243	-2.816721	0.206749	0	-0.11297	1.00E-06	1.213015	3.00E-06	6.916639	46.911938	31.898014	-0.094014	0	0.262503	-1.00E-06	-0.686071	0
4.795	-30.894131	413.4328	-2.816721	0.206711	0	-0.113054	3.00E-06	1.229435	3.00E-06	6.916639	75.064423	31.898014	-0.109397	0	0.286128	-1.00E-06	-0.012905	0
4.796	-30.894131	409.977478	-4.853919	0.206675	0	-0.113832	3.00E-06	1.229435	3.00E-06	5.378381	93.74585	30.486856	-0.112102	0	0.29188	-2.00E-06	0.52425	-1.00E-06
4.797	-30.969097	409.285828	-4.853919	0.206711	0	-0.113063	2.00E-06	1.257465	2.00E-06	5.378381	102.681969	29.154434	-0.116866	0	0.29188	-2.00E-06	0.705003	-1.00E-06
4.798	-31.129848	406.004852	-3.8355	0.207068	0	-0.113063	2.00E-06	1.144044	2.00E-06	6.012736	102.681969	29.154434	-0.116866	0	0.29188	-2.00E-06	0.705003	0
4.799	-31.517664	401.365356	-3.052074	0.207068	0	-0.112835	2.00E-06	1.069123	2.00E-06	7.717517	101.282913	29.076023	-0.113743	0	0.291167	-2.00E-06	0.54975	0
4.8	-31.517664	399.61377	-3.052074	0.206979	0	-0.112353	3.00E-06	1.069123	2.00E-06	7.717517	94.620728	28.684853	-0.113049	0	0.284442	1.00E-06	0.54975	0
4.801	-30.965492	395.126221	-3.600752	0.206742	0	-0.112671	3.00E-06	1.151464	3.00E-06	7.554601	94.620728	27.588465	-0.109341	0	0.280694	0.00E+00	0.187786	0
4.802	-30.965492	394.085083	-4.54112	0.206723	0	-0.112671	2.00E-06	1.151464	3.00E-06	7.554601	96.0541	25.003199	-0.10165	0	0.271501	0	-0.025562	-1.00E-06
4.803	-31.196156	392.356628	-4.697943	0.206723	0	-0.112671	2.00E-06	1.028681	5.00E-06	7.554601	99.003426	24.376348	-0.093443	0	0.259302	0.00E+00	-0.162679	-1.00E-06
4.804	-31.196156	385.281281	-5.089754	0.207069	0	-0.112321	4.00E-06	1.028681	5.00E-06	5.757534	106.250061	23.044449	-0.091326	0	0.255664	-1.00E-06	-0.319327	0
4.805	-30.883312	383.903442	-6.578598	0.20733	0	-0.112321	4.00E-06	1.165327	6.00E-06	5.680406	113.475464	22.338991	-0.089166	0	0.25399	-1.00E-06	-0.319327	0
4.806	-30.883312	381.813904	-6.892242	0.207069	0	-0.113752	4.00E-06	1.165327	4.00E-06	5.680406	113.805298	21.711702	-0.089166	0	0.253989	-1.00E-06	-0.319327	0
4.807	-31.110371	377.318665	-6.892242	0.20733	0	-0.113752	3.00E-06	1.144542	2.00E-06	5.766193	118.450569	21.162748	-0.095202	0	0.253989	-1.00E-06	-0.234701	0
4.808	-31.110371	374.050781	-6.500549	0.207615	0	-0.113752	3.00E-06	1.077131	2.00E-06	6.864767	127.520447	20.927113	-0.098805	0	0.267417	0	-0.230198	-1.00E-06
4.809	-31.110371	370.748535	-6.187027	0.207615	0	-0.112874	3.00E-06	0.959527	3.00E-06	7.265567	133.665802	19.751266	-0.101716	0	0.27381	0	-0.009211	-1.00E-06
4.81	-30.956108	365.757263	-6.187027	0.207213	0	-0.113593	2.00E-06	1.077131	3.00E-06	7.272062	138.281815	19.202232	-0.10368	0	0.275332	-1.00E-06	-0.009211	-1.00E-06
4.811	-30.638935	363.835175	-6.50071	0.207213	0	-0.113269	-1.00E-06	1.156648	3.00E-06	7.356407	152.026718	18.026386	-0.107282	0	0.276609	-1.00E-06	-0.009211	0
4.812	-30.556753	359.182129	-6.971056	0.207199	0	-0.113269	-3.00E-06	1.156648	4.00E-06	7.272062	161.111694	17.164148	-0.10795	0	0.277369	-4.00E-06	0.090242	0
4.813	-30.556753	353.643494	-7.28474	0.207072	0	-0.113269	-1.00E-06	1.156648	4.00E-06	7.356407	166.951218	16.772295	-0.10795	0	0.278862	-4.00E-06	0.090242	-1.00E-06
4.814	-30.476017	352.956879	-7.362668	0.207072	0	-0.113677	3.00E-06	1.064671	4.00E-06	7.434979	167.136749	16.458691	-0.107236	0	0.277369	-4.00E-06	0.046698	-1.00E-06
4.815	-30.476017	346.552277	-7.519974	0.207072	0	-0.113677	3.00E-06	1.064671	3.00E-06	7.434979	166.951218	15.597136	-0.105444	0	0.276866	-2.00E-06	-0.046694	-1.00E-06
4.816	-30.551704	342.946869	-7.989916	0.207045	0	-0.113677	3.00E-06	1.064671	2.00E-06	7.424878	166.8367	15.205726	-0.103329	0	0.275369	1.00E-06	-0.112059	-1.00E-06
4.817	-30.551704	341.711365	-8.303681	0.206908	0	-0.114125	2.00E-06	1.02766	2.00E-06	7.267011	166.8367	13.795775	-0.102058	0	0.269541	1.00E-06	-0.178159	-1.00E-06
4.818	-30.235245	335.155151	-8.930566	0.206908	0	-0.114125	2.00E-06	1.055196	5.00E-06	7.186274	169.084335	13.717242	-0.100285	0	0.268348	1.00E-06	-0.178159	-1.00E-06
4.819	-29.764534	331.534729	-9.243888	0.207164	0	-0.112837	4.00E-06	1.055196	5.00E-06	7.186274	169.776688	12.463754	-0.09872	0	0.267689	-1.00E-06	-0.196754	-1.00E-06
4.82	-29.758759	326.352844	-9.32242	0.207292	0	-0.112837	6.00E-06	1.055196	4.00E-06	7.186274	174.409256	11.601716	-0.09872	0	0.267689	-2.00E-06	-0.311431	-1.00E-06
4.821	-29.685238	320.64679	-9.400872	0.207164	0	-0.112837	6.00E-06	1.003393	4.00E-06	7.267011	176.62912	11.601514	-0.099134	0	0.269106	-2.00E-06	-0.196754	-1.00E-06
4.822	-29.525208	314.603638	-9.400991	0.207296	0	-0.111746	6.00E-06	1.003393	3.00E-06	7.267011	183.844452	10.739274	-0.100818	0	0.271747	-2.00E-06	-0.202152	-1.00E-06
4.823	-28.973034	310.976257	-9.557854	0.206799	0	-0.111746	0.00E+00	1.023531	3.00E-06	6.420753	184.519104	10.347097	-0.102122	0	0.272124	-2.00E-06	-0.161135	-1.00E-06
4.824	-28.894463	309.059937	-9.557854	0.207296	0	-0.111746	6.00E-06	1.023531	3.00E-06	6.420753	193.452881	9.719449	-0.10531	0	0.272939	-1.00E-06	-0.202152	-1.00E-06
4.825	-28.655136	302.857849	-9.557854	0.207275	0	-0.112904	4.00E-06	1.023531	3.00E-06	8.06356	198.741913	9.719449	-0.106305	0	0.27764	-1.00E-06	-0.302656	-1.00E-06
4.826	-28.655136	299.563293	-9.401516	0.207275	0	-0.111115	4.00E-06	0.839224	3.00E-06	8.222148	199.787231	9.719449	-0.106305	0	0.27764	-3.00E-06	-0.302656	-1.00E-06
4.827	-28.263718	294.214844	-9.714756	0.206543	0	-0.110733	1.00E-06	0.908733	3.00E-06	8.222148	200.624298	9.405926	-0.105773	0	0.277635	-5.00E-06	-0.226722	0
4.828	-28.025833	288.682373	-10.10665	0.206543	0	-0.110733	1.00E-06	0.907858	3.00E-06	8.068611	203.889465	8.779	-0.105329	0	0.276811	-5.00E-06	-0.131851	0
4.829	-27.707935	287.471527	-10.655367	0.205939	0	-0.112391	1.00E-06	0.908733	4.00E-06	8.066447	204.250519	7.682332	-0.103544	0	0.275991	-1.00E-06	-0.1814	-1.00E-06
4.83	-27.471497	282.61676	-10.968971	0.206327	0	-0.112391	0.00E+00	0.926704	4.00E-06	8.068611	204.250519	7.682292	-0.103544	0	0.275991	-1.00E-06	-0.104207	-1.00E-06
4.831	-26.765064	277.109741	-11.203762	0.206327	0	-0.113163	0	0.988086	4.00E-06	8.376407	204.599564	7.682332	-0.103544	0	0.275828	-2.00E-06	-0.133431	-1.00E-06
4.832	-26.765064	274.679626	-11.595695	0.207294	0	-0.111172	1.00E-06	0.988086	2.00E-06	8.376407	204.599564	7.604405	-0.102902	0	0.275828	-2.00E-06	-0.133431	-1.00E-06
4.833	-26.687214	268.312439	-12.300992	0.207294	0	-0.110254	1.00E-06	0.736602	0.00E+00	8.376407	202.711472	7.134299	-0.101116	0	0.272826	-2.00E-06	-0.239733	-1.00E-06
4.834	-26.211452	262.946655	-12.927557	0.20647	0	-0.110254	1.00E-06	0.736602	2.00E-06	8.062838	202.711472	6.977679	-0.101034	0	0.272826	-3.00E-06	-0.239733	-1.00E-06
4.835	-25.505018	261.207703	-13.241079	0.20647	0	-0.111698	1.00E-06	0.894507	3.00E-06	8.062838	204.416351	6.350672	-0.101116	0	0.274296	-3.00E-06	-0.172986	-1.00E-06
4.836	-24.876436	256.020844	-13.31949	0.207572	0	-0.112269	2.00E-06	0.894507	3.00E-06	7.36218	207.510651	6.115681	-0.101509	0	0.274578	-3.00E-06	-0.153534	-1.00E-06
4.837	-24.876436	252.051697	-13.789514	0.207893	0	-0.111698	2.00E-06	0.871648	2.00E-06	7.36218	215.25177	6.115681	-0.103658	0	0.274816	-1.00E-06	-0.153534	-1.00E-06
4.838	-24.876436	245.671417	-14.57314	0.207893	0	-0.110011	1.00E-06	0.714841	1.00E-06	8.615733	216.071777	5.801836	-0.103658	0	0.278023	-4.00E-06	-0.206642	-1.00E-06
4.839	-24.637835	239.795624	-14.886383	0.207044	0	-0.110011	1.00E-06	0.714841	0.00E+00	8.615733	216.244995	5.409781	-0.103658	0	0.278023	-1.00E-06	-0.206642	-1.00E-06
4.84	-23.537819	238.060226	-15.356647	0.207044	0	-0.110429	0.00E+00	0.784206	1.00E-06	7.757207	216.247711	4.782895	-0.10463	0	0.278023	-1.00E-06	-0.14801	-1.00E-06
4.841	-23.225695	234.942749	-15.356647	0.207307	0	-0.111661	2.00E-06	0.784206	3.00E-06	7.757207	219.508591	4.782895	-0.106552	0	0.280316	-1.00E-06	-0.110946	-1.00E-06
4.842	-23.216312	229.94487	-15.356647	0.20737	0	-0.111661	2.00E-06	0.700121	3.00E-06	7.834337	219.508591	5.33129	-0.106552	0	0.280316	0.00E+00	-0.110946	-1.00E-06
4.843	-22.431309	225.281448	-16.062023	0.20737	0	-0.111637	2.00E-06	0.587076	3.00E-06	8.065004	223.463028	5.33129	-0.104405	0	0.280856	-1.00E-06	-0.16993	-1.00E-06
4.844	-21.967089	221.992706	-16.296694	0.207059	0	-0.110489	2.00E-06	0.64092	3.00E-06	8.297113	220.36412	4.626515	-0.104361	0	0.280112	0.00E+00	-0.219136	-1.00E-06
4.845	-21.651356	214.901901	-16.453436	0.207059	0	-0.110489	2.00E-06	0.64092	3.00E-06	8.065004	220.36412	4.626515	-0.104405	0	0.280094	1.00E-06	-0.219136	-1.00E-06
4.846	-20.944202	211.801422	-16.453598	0.207246	0	-0.110489	2.00E-06	0.64092	3.00E-06	8.217819	215.228241	5.01853	-0.102785	0	0.277379	1.00E-06	-0.233674	-2.00E-06
4.847	-20.864187	208.837067	-17.001749	0.207246	0	-0.110335	2.00E-06	0.630683	2.00E-06	8.217819	215.228241	5.01853	-0.103426	0	0.277379	0	-0.233674	-1.00E-06
4.848	-20.315622	201.78717	-17.550144	0.207282	0	-0.109908	2.00E-06	0.612094	2.00E-06	8.217819	217.45459	4.391926	-0.103143	0	0.279371	-3.00E-06	-0.267476	-1.00E-06
4.849	-19.374195	198.322174	-17.550144	0.207196	0	-0.109908	1.00E-06	0.589237	2.00E-06	8.138526	219.335022	4.391604	-0.103206	0	0.280015	-3.00E-06	-0.267476	-1.00E-06
4.85	-19.293457	195.553391	-17.550144	0.20725	0	-0.109908	1.00E-06	0.612094	2.00E-06	8.138526	219.670578	4.156653	-0.103206	0	0.281026	-1.00E-06	-0.267476	-1.00E-06
4.851	-18.432768	188.306396	-17.706964	0.20725	0	-0.111349	1.00E-06	0.640593	1.00E-06	8.454258	219.670578	3.686389	-0.103206	0	0.281026	-1.00E-06	-0.212014	-1.00E-06
4.852	-17.883482	186.223022	-17.628193	0.20725	0	-0.111349	1.00E-06	0.640593	0.00E+00	8.457145	219.490112	3.451316	-0.10451	0	0.280097	-2.00E-06	-0.211063	-2.00E-06
4.853	-17.879873	182.240784	-17.785095	0.207253	0	-0.111539	2.00E-06	0.64863	0	8.457145	219.490112	3.451316	-0.104523	0	0.280097	-3.00E-06	-0.211063	-2.00E-06
4.854	-17.019182	176.896133	-17.941435	0.207398	0	-0.112238	2.00E-06	0.491972	0	9.786385	222.74826	3.685866	-0.104523	0	0.283037	-2.00E-06	-0.24218	-2.00E-06
4.855	-16.704172	173.439224	-18.176548	0.207398	0	-0.112578	2.00E-06	0.491972	0	9.786385	223.054901	3.685866	-0.103451	0	0.285077	1.00E-06	-0.24218	-2.00E-06
4.856	-16.468454	169.458908	-18.176548	0.207824	0	-0.112578	0.00E+00	0.491972	0.00E+00	9.16502	226.328186	2.510907	-0.103451	0	0.285077	2.00E-06	-0.253123	-1.00E-06
4.857	-15.525585	163.240204	-18.332966	0.207808	0	-0.112709	0	0.483834	1.00E-06	8.299999	230.455063	1.570418	-0.104188	0	0.284021	2.00E-06	-0.122575	-2.00E-06
4.858	-15.449897	161.341248	-18.332966	0.207808	0	-0.112839	0	0.478975	1.00E-06	7.990761	230.455063	0.70846	-0.104195	0	0.28311	-1.00E-06	-0.122575	-1.00E-06
4.859	-15.051262	157.367462	-18.332966	0.207729	0	-0.112839	1.00E-06	0.370863	1.00E-06	7.990761	230.630585	0.395178	-0.104199	0	0.28311	-7.00E-06	-0.122575	-1.00E-06
4.86	-14.507748	151.838089	-18.411016	0.207729	0	-0.113905	1.00E-06	0.370863	2.00E-06	9.321443	233.727951	-0.153497	-0.104199	0	0.283212	-5.00E-06	-0.127617	-1.00E-06
4.861	-14.114885	149.244812	-18.489426	0.207522	0	-0.113905	0	0.376924	2.00E-06	10.024987	236.95874	-0.937085	-0.104586	0	0.286454	-5.00E-06	-0.20743	-1.00E-06
4.862	-13.882055	144.734894	-18.95933	0.207522	0	-0.113905	-1.00E-06	0.376924	2.00E-06	10.026432	236.95874	-1.955945	-0.104551	0	0.286454	0.00E+00	-0.20743	-2.00E-06
4.863	-13.487028	140.260071	-19.11591	0.207522	0	-0.116384	-1.00E-06	0.325624	1.00E-06	10.026432	236.95874	-3.444627	-0.104586	0	0.286454	0	-0.17629	-2.00E-06
4.864	-13.097051	136.092651	-19.11591	0.206994	0	-0.115758	1.00E-06	0.325624	1.00E-06	10.032204	243.118362	-4.541818	-0.104745	0	0.287781	-1.00E-06	-0.148956	-1.00E-06
4.865	-12.468471	131.265274	-18.567192	0.207669	0	-0.115758	1.00E-06	0.325624	1.00E-06	10.107168	244.328796	-5.717137	-0.104771	0	0.289491	-1.00E-06	0.008901	-1.00E-06
4.866	-12.468471	128.331802	-18.567192	0.207253	0	-0.115758	0	0.324167	1.00E-06	11.677176	245.177353	-6.109033	-0.105052	0	0.289866	-5.00E-06	-0.148956	-1.00E-06
4.867	-12.312046	125.569588	-18.802225	0.207253	0	-0.11568	0	0.316178	2.00E-06	12.612832	249.294617	-6.579176	-0.105064	0	0.289866	-5.00E-06	-0.1816	-1.00E-06
4.868	-12.234196	120.028641	-18.958767	0.206056	0	-0.117775	0	0.299776	2.00E-06	13.158511	249.294617	-6.814972	-0.105052	0	0.288847	-5.00E-06	-0.1816	-1.00E-06
4.869	-11.451356	116.744522	-19.193636	0.206056	0	-0.119831	0.00E+00	0.269338	1.00E-06	13.160676	249.294617	-9.40008	-0.105064	0	0.288224	1.00E-06	-0.164406	-1.00E-06
4.87	-11.451356	114.48877	-19.193636	0.206056	0	-0.119831	0	0.269338	1.00E-06	13.552816	253.255219	-10.653732	-0.103891	0	0.288224	1.00E-06	-0.131837	0
4.871	-11.372063	107.76326	-18.409889	0.2064	0	-0.117808	0	0.269338	1.00E-06	14.181396	254.260818	-10.810554	-0.105057	0	0.289052	-4.00E-06	-0.123885	0
4.872	-10.9064	104.489182	-18.252947	0.20672	0	-0.117808	0.00E+00	0.306909	1.00E-06	15.118493	255.461945	-11.123997	-0.105057	0	0.290009	-4.00E-06	-0.123885	-1.00E-06
4.873	-10.513537	102.91925	-18.252947	0.20672	0	-0.123323	0	0.324723	1.00E-06	15.587764	261.303375	-11.202489	-0.105057	0	0.290568	-3.00E-06	-0.189291	-1.00E-06
4.874	-10.435686	97.218964	-18.096245	0.206316	0	-0.123323	0	0.347411	1.00E-06	16.684172	262.313568	-11.281099	-0.105384	0	0.290568	-3.00E-06	-0.226923	-1.00E-06
4.875	-10.356393	93.937988	-17.939342	0.206316	0	-0.124144	0	0.347411	1.00E-06	16.684172	262.314758	-12.22163	-0.105553	0	0.289891	-7.00E-06	-0.344393	-1.00E-06
4.876	-9.655734	91.170746	-17.625738	0.207418	0	-0.120455	1.00E-06	0.241178	1.00E-06	16.998463	266.962341	-12.613363	-0.105808	0	0.289891	-7.00E-06	-0.344393	-2.00E-06
4.877	-10.279984	85.131424	-17.233604	0.2092	0	-0.120455	1.00E-06	0.153786	1.00E-06	17.317081	273.135498	-12.613564	-0.106159	0	0.291511	-7.00E-06	-0.168339	-2.00E-06
4.878	-10.279984	82.886902	-16.76342	0.2092	0	-0.120455	1.00E-06	0.104376	1.00E-06	18.101366	276.7258	-12.613564	-0.105808	0	0.293989	-7.00E-06	-0.096031	-1.00E-06
4.879	-10.444345	79.934906	-16.371243	0.208589	0	-0.116576	1.00E-06	-0.037543	1.00E-06	18.489176	280.327698	-12.848798	-0.10559	0	0.294031	-6.00E-06	-0.096031	-1.00E-06
4.88	-10.444345	74.933624	-16.371082	0.207129	0	-0.118537	1.00E-06	0.104376	1.00E-06	19.196331	282.194244	-13.318899	-0.105582	0	0.293989	-5.00E-06	-0.07043	-1.00E-06
4.881	-10.444345	72.318748	-16.371082	0.207129	0	-0.118537	1.00E-06	0.202481	1.00E-06	19.361412	285.822327	-13.710955	-0.10559	0	0.293523	-2.00E-06	-0.054758	-1.00E-06
4.882	-10.45517	68.69133	-16.292351	0.208138	0	-0.118537	0.00E+00	0.202481	1.00E-06	19.434935	288.221222	-13.710997	-0.105779	0	0.293523	-5.00E-06	0.108905	-1.00E-06
4.883	-10.531576	62.485435	-16.135044	0.208138	0	-0.11381	0	-0.062675	0.00E+00	19.361412	293.018433	-14.573194	-0.105817	0	0.295061	-1.00E-06	0.110912	-1.00E-06
4.884	-10.620252	61.797646	-16.056511	0.207902	0	-0.11381	0	-0.062675	0	19.911421	300.752197	-15.043379	-0.105817	0	0.295061	-1.00E-06	0.110912	-1.00E-06
4.885	-10.623137	59.53302	-15.742667	0.206684	0	-0.122008	0	0.073826	0	20.693539	301.266052	-15.043379	-0.106346	0	0.295788	2.00E-06	0.104957	-1.00E-06
4.886	-10.620252	57.119514	-14.489017	0.206684	0	-0.122088	0	0.12159	0	21.947811	301.589996	-15.827208	-0.105889	0	0.295935	2.00E-06	0.104957	-1.00E-06
4.887	-10.395359	51.052757	-13.469954	0.203316	0	-0.129057	0	0.12159	0	21.947811	304.325592	-15.827208	-0.106346	0	0.295935	2.00E-06	0.104957	-3.00E-06
4.888	-9.93186	48.646984	-12.451015	0.205279	0	-0.129057	0.00E+00	0.134373	0.00E+00	21.949976	308.977448	-16.767736	-0.106209	0	0.29637	-1.00E-05	0.184892	-3.00E-06
4.889	-9.93186	46.229259	-12.21538	0.202047	0	-0.133393	1.00E-06	0.134373	1.00E-06	22.270763	313.934387	-16.84639	-0.106361	0	0.29637	2.00E-06	0.198333	-3.00E-06
4.89	-9.626951	45.86972	-11.980064	0.202047	0	-0.139619	0.00E+00	0.354469	0.00E+00	23.442854	321.330994	-17.786678	-0.106466	0	0.297806	1.00E-06	0.198333	0.00E+00
4.891	-9.391953	39.463577	-11.039616	0.198277	0	-0.139698	0	0.527694	1.00E-06	23.442854	323.531189	-18.413805	-0.106466	0	0.297894	1.00E-06	0.118217	-2.00E-06
4.892	-8.379892	39.4566	-8.531994	0.198277	0	-0.150519	0	0.644333	0.00E+00	23.756426	325.593689	-19.745785	-0.106466	0	0.297894	-4.00E-06	0.030753	-2.00E-06
4.893	-8.379892	36.693237	-7.748285	0.198277	0	-0.155199	0	0.7542	1.00E-06	24.851389	331.268494	-19.745907	-0.106741	0	0.297065	-4.00E-06	-0.038786	-2.00E-06
4.894	-9.014246	32.186764	-6.259441	0.193003	0	-0.165936	0	0.835108	0.00E+00	25.321383	331.276184	-20.216251	-0.106741	0	0.297065	-3.00E-06	0.030753	-2.00E-06
4.895	-9.016411	30.287069	-4.378744	0.189142	0	-0.171277	0	0.925125	0	25.40284	336.237732	-21.156338	-0.106741	0	0.297402	-3.00E-06	-0.038786	-2.00E-06
4.896	-9.016411	29.403748	-3.203224	0.183066	0	-0.177489	0	1.040113	0	25.478527	347.765167	-22.488802	-0.106979	0	0.297876	-3.00E-06	0.027971	-2.00E-06
4.897	-9.016411	26.973633	-2.889822	0.183066	0	-0.204253	0	1.046579	0	25.949963	348.246887	-22.880537	-0.107016	0	0.297957	2.00E-06	0.027971	-2.00E-06
4.898	-7.300079	24.381929	-1.478947	0.18664	0	-0.209728	0	1.046579	0	26.265696	350.661133	-23.42905	-0.107016	0	0.297957	2.00E-06	0.027971	-1.00E-06
4.899	0	0	0	0.2	0	-0.3	0	0	0	26.584314	353.747772	-23.507622	-0.107016	0	0.297957	2.00E-06	0.100893	-1.00E-06
4.9	0	0	0	0.2	0	-0.3	0	0	0	26.656393	359.06076	-24.369822	-0.106852	0	0.298484	-5.00E-06	-0.005059	-1.00E-06
4.901	0	0	0	0.2	0	-0.3	0	0	0	26.894276	362.656036	-24.683266	-0.106852	0	0.298774	-5.00E-06	-0.001714	-1.00E-06
4.902	0	0	0	0.2	0	-0.3	0	0	0	27.756409	369.012421	-25.15357	-0.107021	0	0.299456	-8.00E-06	-0.005059	-4.00E-06
4.903	0	0	0	0.2	0	-0.3	0	0	0	27.756409	373.288177	-25.388721	-0.107021	0	0.300095	-8.00E-06	-0.051405	-2.00E-06
4.904	0	0	0	0.2	0	-0.3	0	0	0	27.522856	377.57785	-26.564404	-0.107021	0	0.300095	-8.00E-06	-0.051405	-2.00E-06
4.905	0	0	0	0.2	0	-0.3	0	0	0	27.522856	380.676361	-26.564404	-0.106593	0	0.299495	-8.00E-06	-0.085613	-2.00E-06
4.906	0	0	0	0.2	0	-0.3	0	0	0	28.387154	383.928436	-25.937841	-0.107171	0	0.299495	-2.00E-06	-0.042124	-2.00E-06
4.907	0	0	0	0.2	0	-0.3	0	0	0	28.545021	387.533417	-25.937841	-0.107171	0	0.300144	-2.00E-06	-0.06248	-2.00E-06
4.908	0	0	0	0.2	0	-0.3	0	0	0	28.546463	393.546051	-26.643179	-0.107583	0	0.300264	1.00E-06	-0.042124	-2.00E-06
4.909	0	0	0	0.2	0	-0.3	0	0	0	28.861475	398.343689	-26.87845	-0.107583	0	0.302219	-1.00E-06	-0.014154	-2.00E-06
4.91	0	0	0	0.2	0	-0.3	0	0	0	28.861475	399.352356	-26.956942	-0.106749	0	0.302219	-1.00E-06	0.075419	-1.00E-06
4.911	0	0	0	0.2	0	-0.3	0	0	0	28.864361	400.730194	-27.035395	-0.106749	0	0.30101	-2.00E-06	0.075419	-3.00E-06
4.912	0	0	0	0.2	0	-0.3	0	0	0	29.336519	406.92688	-27.035395	-0.107428	0	0.30101	-4.00E-06	0.086231	-3.00E-06
4.913	0	0	0	0.2	0	-0.3	0	0	0	29.885084	413.092285	-26.722555	-0.107428	0	0.30214	-1.00E-05	0.055281	-3.00E-06
4.914	0	0	0	0.2	0	-0.3	0	0	0	29.890133	416.164917	-26.64382	-0.107428	0	0.30301	-1.00E-05	0.086231	-3.00E-06
4.915	0	0	0	0.2	0	-0.3	0	0	0	30.512941	421.317871	-26.722555	-0.107861	0	0.30301	-3.00E-06	0.055281	-3.00E-06
4.916	0	0	0	0.2	0	-0.3	0	0	0	30.515829	426.638184	-27.428093	-0.107861	0	0.302892	-3.00E-06	0.091614	-3.00E-06
4.917	0	0	0	0.2	0	-0.3	0	0	0	31.070889	427.487579	-27.428093	-0.107785	0	0.302892	-8.00E-06	0.091614	-4.00E-06
4.918	0	0	0	0.2	0	-0.3	0	0	0	31.300833	432.638916	-26.88002	-0.107561	0	0.303006	-8.00E-06	0.171863	-4.00E-06
4.919	0	0	0	0.2	0	-0.3	0	0	0	31.932299	438.305969	-26.801809	-0.107785	0	0.30306	-4.00E-06	0.171863	-2.00E-06
4.92	0	0	0	0.2	0	-0.3	0	0	0	32.400848	443.802917	-26.801809	-0.107788	0	0.303701	-4.00E-06	0.112992	-2.00E-06
4.921	0	0	0	0.2	0	-0.3	0	0	0	32.873726	444.463318	-26.801809	-0.107983	0	0.304181	-5.00E-06	0.112992	0.00E+00
4.922	0	0	0	0.2	0	-0.3	0	0	0	33.34444	451.518951	-26.802134	-0.107788	0	0.304181	-5.00E-06	0.166249	-2.00E-06
4.923	0	0	0	0.2	0	-0.3	0	0	0	33.34444	453.230835	-26.880583	-0.107667	0	0.303762	-3.00E-06	0.166249	-3.00E-06
4.924	0	0	0	0.2	0	-0.3	0	0	0	33.504475	458.211365	-26.959234	-0.107667	0	0.303762	-3.00E-06	0.192725	-3.00E-06
4.925	0	0	0	0.2	0	-0.3	0	0	0	33.82021	461.131226	-26.959234	-0.107875	0	0.304171	-5.00E-06	0.157131	-3.00E-06
4.926	0	0	0	0.2	0	-0.3	0	0	0	34.999516	466.947571	-26.646315	-0.107875	0	0.305189	-1.10E-05	0.192725	-3.00E-06
4.927	0	0	0	0.2	0	-0.3	0	0	0	34.999516	469.157013	-26.646315	-0.107875	0	0.305189	-1.10E-05	0.229618	-3.00E-06
4.928	0	0	0	0.2	0	-0.3	0	0	0	34.999516	471.916138	-26.803579	-0.108051	0	0.305487	-5.00E-06	0.229618	-2.00E-06
4.929	0	0	0	0.2	0	-0.3	0	0	0	35.238117	477.571228	-26.803579	-0.108051	0	0.305487	-5.00E-06	0.229618	-2.00E-06
4.93	0	0	0	0.2	0	-0.3	0	0	0	35.238117	480.655853	-26.56859	-0.108183	0	0.305928	-6.00E-06	0.242552	-2.00E-06
4.931	0	0	0	0.2	0	-0.3	0	0	0	35.238117	486.135071	-26.412169	-0.108183	0	0.306623	-6.00E-06	0.292005	-2.00E-06
4.932	0	0	0	0.2	0	-0.3	0	0	0	35.94672	492.676178	-26.412169	-0.108347	0	0.306887	-6.00E-06	0.342428	-2.00E-06
4.933	0	0	0	0.2	0	-0.3	0	0	0	36.262447	492.993652	-26.647402	-0.108347	0	0.306917	-1.00E-05	0.386458	-1.00E-06
4.934	0	0	0	0.2	0	-0.3	0	0	0	36.262447	495.732666	-27.039295	-0.108347	0	0.307116	-1.00E-05	0.515229	-1.00E-06
4.935	0	0	0	0.2	0	-0.3	0	0	0	35.41114	499.339203	-27.039295	-0.108591	0	0.307195	-1.00E-05	0.556128	-1.00E-06
4.936	0	0	0	0.2	0	-0.3	0	0	0	35.41114	507.225708	-27.196642	-0.108797	0	0.307195	-7.00E-06	0.556128	-4.00E-06
4.937	0	0	0	0.2	0	-0.3	0	0	0	35.802563	509.471405	-26.883038	-0.108954	0	0.308422	-9.00E-06	0.521912	-4.00E-06
4.938	0	0	0	0.2	0	-0.3	0	0	0	36.353291	515.284241	-27.196642	-0.108954	0	0.309089	-4.00E-06	0.478182	-4.00E-06
4.939	0	0	0	0.2	0	-0.3	0	0	0	36.666134	518.179932	-27.510487	-0.108774	0	0.309089	-5.00E-06	0.521912	-2.00E-06
4.94	0	0	0	0.2	0	-0.3	0	0	0	36.666134	519.212463	-28.921	-0.108774	0	0.30892	-5.00E-06	0.52132	-2.00E-06
4.941	0	0	0	0.2	0	-0.3	0	0	0	36.597668	520.92627	-29.234564	-0.109138	0	0.308866	-5.00E-06	0.52132	-2.00E-06
4.942	0	0	0	0.2	0	-0.3	0	0	0	36.597668	527.958374	-29.234564	-0.109283	0	0.308866	-2.00E-06	0.489099	-4.00E-06
4.943	0	0	0	0.2	0	-0.3	0	0	0	36.597668	529.839172	-29.313616	-0.109283	0	0.310545	-1.00E-06	0.489099	-4.00E-06
4.944	0	0	0	0.2	0	-0.3	0	0	0	36.831219	538.071716	-29.078505	-0.109081	0	0.310545	-1.00E-06	0.523075	-4.00E-06
4.945	0	0	0	0.2	0	-0.3	0	0	0	36.443409	538.400024	-29.078505	-0.109081	0	0.310577	-6.00E-06	0.523075	-2.00E-06
4.946	0	0	0	0.2	0	-0.3	0	0	0	36.443409	539.447998	-28.373652	-0.109286	0	0.310577	-6.00E-06	0.656332	-2.00E-06
4.947	0	0	0	0.2	0	-0.3	0	0	0	36.369884	540.111389	-28.13858	-0.109436	0	0.311556	-1.40E-05	0.600742	-2.00E-06
4.948	0	0	0	0.2	0	-0.3	0	0	0	36.369884	545.43512	-27.982161	-0.109684	0	0.312218	-3.00E-06	0.625132	-2.00E-06
4.949	0	0	0	0.2	0	-0.3	0	0	0	36.922058	551.266968	-27.982161	-0.109684	0	0.312244	-8.00E-06	0.625132	-3.00E-06
4.95	0	0	0	0.2	0	-0.3	0	0	0	37.004238	554.15564	-27.982161	-0.109328	0	0.312639	-8.00E-06	0.795148	-3.00E-06
4.951	0	0	0	0.2	0	-0.3	0	0	0	37.004238	558.270569	-27.90403	-0.109328	0	0.313431	-1.30E-05	0.801768	-3.00E-06
4.952	0	0	0	0.2	0	-0.3	0	0	0	37.004238	558.270569	-27.90403	-0.109328	0	0.313406	-1.30E-05	0.801768	-3.00E-06
4.953	0	0	0	0.2	0	-0.3	0	0	0	36.929996	558.59845	-27.90403	-0.109461	0	0.313431	-1.10E-05	0.80194	-3.00E-06
4.954	0	0	0	0.2	0	-0.3	0	0	0	36.929996	562.207642	-27.434128	-0.109461	0	0.31346	-1.10E-05	0.884611	-3.00E-06
4.955	0	0	0	0.2	0	-0.3	0	0	0	37.868538	568.214905	-27.434128	-0.109461	0	0.31437	-1.10E-05	0.884611	-3.00E-06
4.956	0	0	0	0.2	0	-0.3	0	0	0	37.872143	570.086426	-27.59127	-0.109619	0	0.31441	-1.60E-05	0.884611	-3.00E-06
4.957	0	0	0	0.2	0	-0.3	0	0	0	37.872143	573.173767	-27.59127	-0.109619	0	0.314877	-5.00E-06	0.849364	-2.00E-06
4.958	0	0	0	0.2	0	-0.3	0	0	0	37.872143	573.345032	-27.042795	-0.109619	0	0.315107	-7.00E-06	0.930299	-2.00E-06
4.959	0	0	0	0.2	0	-0.3	0	0	0	38.108585	574.697388	-26.886335	-0.109578	0	0.31522	-7.00E-06	0.871271	-2.00E-06
4.96	0	0	0	0.2	0	-0.3	0	0	0	38.344303	575.559082	-26.651302	-0.109578	0	0.315336	-8.00E-06	0.971456	-2.00E-06
4.961	0	0	0	0.2	0	-0.3	0	0	0	38.658592	581.052979	-26.494642	-0.109578	0	0.315336	-1.30E-05	1.074154	-3.00E-06
4.962	0	0	0	0.2	0	-0.3	0	0	0	38.658592	582.913269	-26.494762	-0.109503	0	0.316428	-1.30E-05	1.104128	-2.00E-06
4.963	0	0	0	0.2	0	-0.3	0	0	0	38.505775	584.469299	-26.337818	-0.109503	0	0.316428	-1.30E-05	1.104128	-3.00E-06
4.964	0	0	0	0.2	0	-0.3	0	0	0	38.117962	585.660034	-26.259892	-0.109701	0	0.316428	-1.10E-05	1.133842	-3.00E-06
4.965	0	0	0	0.2	0	-0.3	0	0	0	38.117962	587.885254	-25.476425	-0.109734	0	0.316695	-1.00E-05	1.021733	-3.00E-06
4.966	0	0	0	0.2	0	-0.3	0	0	0	39.131474	588.569519	-25.319965	-0.110052	0	0.317397	-7.00E-06	1.130695	-3.00E-06
4.967	0	0	0	0.2	0	-0.3	0	0	0	39.214371	591.313171	-25.319965	-0.110053	0	0.317566	-7.00E-06	1.130695	-1.00E-06
4.968	0	0	0	0.2	0	-0.3	0	0	0	39.450089	595.23175	-24.849741	-0.110053	0	0.318115	-1.00E-06	1.226819	-3.00E-06
4.969	0	0	0	0.2	0	-0.3	0	0	0	39.450089	595.23175	-24.849741	-0.109795	0	0.318407	0.00E+00	1.255035	-3.00E-06
4.97	0	0	0	0.2	0	-0.3	0	0	0	38.825836	595.23175	-24.61475	-0.109795	0	0.318407	-1.00E-06	1.316514	-3.00E-06
4.971	0	0	0	0.2	0	-0.3	0	0	0	38.825836	598.839478	-24.61475	-0.110014	0	0.318407	-2.10E-05	1.341484	-3.00E-06
4.972	0	0	0	0.2	0	-0.3	0	0	0	39.611561	599.689148	-23.439589	-0.11016	0	0.318951	-2.10E-05	1.341484	-3.00E-06
4.973	0	0	0	0.2	0	-0.3	0	0	0	39.842949	600.361877	-23.282928	-0.110074	0	0.319633	-2.10E-05	1.358563	0.00E+00
4.974	0	0	0	0.2	0	-0.3	0	0	0	40.312943	601.893188	-23.282928	-0.110156	0	0.319633	-1.20E-05	1.271493	0
4.975	0	0	0	0.2	0	-0.3	0	0	0	40.312943	605.156494	-23.282969	-0.110074	0	0.319398	-1.20E-05	1.324749	-3.00E-06
4.976	0	0	0	0.2	0	-0.3	0	0	0	40.235809	605.156494	-23.282969	-0.110048	0	0.319398	-1.20E-05	1.324749	-4.00E-06
4.977	0	0	0	0.2	0	-0.3	0	0	0	40.235809	605.156494	-22.577873	-0.110048	0	0.320468	-1.10E-05	1.325882	-4.00E-06
4.978	0	0	0	0.2	0	-0.3	0	0	0	40.396564	610.985901	-21.794327	-0.110271	0	0.320823	-1.00E-05	1.525044	-4.00E-06
4.979	0	0	0	0.2	0	-0.3	0	0	0	40.943687	611.837524	-21.794247	-0.110271	0	0.321305	-1.00E-05	1.525044	-3.00E-06
4.98	0	0	0	0.2	0	-0.3	0	0	0	40.943687	612.853577	-21.402634	-0.110025	0	0.321375	-1.10E-05	1.523202	-3.00E-06
4.981	0	0	0	0.2	0	-0.3	0	0	0	40.630119	613.870667	-20.775709	-0.110025	0	0.321415	-1.30E-05	1.504603	-4.00E-06
4.982	0	0	0	0.2	0	-0.3	0	0	0	40.629395	613.870667	-20.227314	-0.110025	0	0.32151	-1.80E-05	1.504603	-5.00E-06
4.983	0	0	0	0.2	0	-0.3	0	0	0	40.550823	613.870667	-20.148823	-0.110057	0	0.32151	-1.30E-05	1.511635	-6.00E-06
4.984	0	0	0	0.2	0	-0.3	0	0	0	40.550823	617.290894	-20.070652	-0.109893	0	0.32151	-1.30E-05	1.555661	-6.00E-06
4.985	0	0	0	0.2	0	-0.3	0	0	0	40.78582	617.290894	-18.659979	-0.109817	0	0.322724	-9.00E-06	1.567811	-6.00E-06
4.986	0	0	0	0.2	0	-0.3	0	0	0	40.78582	617.290894	-18.190037	-0.109649	0	0.322724	-9.00E-06	1.576661	-4.00E-06
4.987	0	0	0	0.2	0	-0.3	0	0	0	40.317272	617.788086	-18.190037	-0.109817	0	0.322683	-9.00E-06	1.567811	-3.00E-06
4.988	0	0	0	0.2	0	-0.3	0	0	0	40.314384	619.005432	-18.190037	-0.109672	0	0.322683	-9.00E-06	1.576661	-3.00E-06
4.989	0	0	0	0.2	0	-0.3	0	0	0	39.77087	619.158203	-17.406328	-0.11013	0	0.322924	-9.00E-06	1.700334	-4.00E-06
4.99	0	0	0	0.2	0	-0.3	0	0	0	39.77087	620.876953	-16.936184	-0.11013	0	0.323354	-1.60E-05	1.700334	-4.00E-06
4.991	0	0	0	0.2	0	-0.3	0	0	0	40.238697	625.663025	-16.936144	-0.11013	0	0.32421	-1.50E-05	1.693159	-3.00E-06
4.992	0	0	0	0.2	0	-0.3	0	0	0	40.318714	625.663025	-16.544491	-0.110085	0	0.32421	-1.50E-05	1.693159	-3.00E-06
4.993	0	0	0	0.2	0	-0.3	0	0	0	40.318714	625.663025	-16.074347	-0.110085	0	0.324552	-2.00E-06	1.652016	-3.00E-06
4.994	0	0	0	0.2	0	-0.3	0	0	0	40.081554	627.552307	-15.682615	-0.110369	0	0.324554	-2.00E-06	1.743635	-3.00E-06
4.995	0	0	0	0.2	0	-0.3	0	0	0	39.851608	630.099976	-14.977479	-0.110891	0	0.324586	-3.00E-06	1.75518	-4.00E-06
4.996	0	0	0	0.2	0	-0.3	0	0	0	39.851608	630.984863	-14.507255	-0.11099	0	0.32523	-1.20E-05	1.857309	-4.00E-06
4.997	0	0	0	0.2	0	-0.3	0	0	0	40.163734	633.873169	-13.175275	-0.11099	0	0.326163	-1.40E-05	1.75518	-4.00E-06
4.998	0	0	0	0.2	0	-0.3	0	0	0	40.163734	633.873169	-13.175031	-0.110524	0	0.326374	-1.50E-05	1.708052	-4.00E-06
4.999	0	0	0	0.2	0	-0.3	0	0	0	39.999374	634.902649	-13.096982	-0.110453	0	0.326374	-1.40E-05	1.66831	-3.00E-06
5	0	0	0	0.2	0	-0.3	0	0	0	39.999374	634.902649	-12.469855	-0.110453	0	0.32632	-3.00E-06	1.66831	-3.00E-06
5.001	0	0	0	0.2	0	-0.3	0	0	0	39.922245	635.234314	-11.842811	-0.110466	0	0.326266	-3.00E-06	1.753072	-3.00E-06
5.002	0	0	0	0.2	0	-0.3	0	0	0	40.237255	636.095703	-11.764559	-0.110504	0	0.32632	-1.50E-05	1.796097	-3.00E-06
5.003	0	0	0	0.2	0	-0.3	0	0	0	40.156517	638.143127	-11.451118	-0.110504	0	0.326924	-2.00E-05	1.865072	-3.00E-06
5.004	0	0	0	0.2	0	-0.3	0	0	0	40.237255	638.143127	-10.040442	-0.110504	0	0.328013	-2.00E-05	1.865072	-1.00E-06
5.005	0	0	0	0.2	0	-0.3	0	0	0	40.550102	637.765808	-10.040442	-0.110464	0	0.328013	-2.00E-05	1.950758	-1.00E-06
5.006	0	0	0	0.2	0	-0.3	0	0	0	40.550102	637.765808	-9.805773	-0.110464	0	0.328191	-2.20E-05	1.916615	-2.00E-06
5.007	0	0	0	0.2	0	-0.3	0	0	0	40.550102	640.862061	-9.257097	-0.110596	0	0.328191	-2.00E-05	1.966056	-5.00E-06
5.008	0	0	0	0.2	0	-0.3	0	0	0	40.235809	645.658569	-9.257097	-0.110657	0	0.328518	-1.40E-05	1.916615	-3.00E-06
5.009	0	0	0	0.2	0	-0.3	0	0	0	40.235092	645.658569	-9.100556	-0.110759	0	0.328562	-5.00E-06	1.905444	-5.00E-06
5.01	0	0	0	0.2	0	-0.3	0	0	0	40.235092	645.658569	-8.786953	-0.110759	0	0.329005	-5.00E-06	1.89614	-3.00E-06
5.011	0	0	0	0.2	0	-0.3	0	0	0	40.235092	646.661865	-8.708663	-0.11068	0	0.329005	-5.00E-06	1.89614	-4.00E-06
5.012	0	0	0	0.2	0	-0.3	0	0	0	39.999374	646.83606	-8.238358	-0.11068	0	0.329091	-1.50E-05	1.932304	-4.00E-06
5.013	0	0	0	0.2	0	-0.3	0	0	0	39.999374	647.0047	-8.238358	-0.110749	0	0.329091	-1.90E-05	1.975962	-4.00E-06
5.014	0	0	0	0.2	0	-0.3	0	0	0	39.999374	650.941772	-8.31689	-0.110749	0	0.330043	-1.90E-05	2.023427	-4.00E-06
5.015	0	0	0	0.2	0	-0.3	0	0	0	39.767262	652.479248	-8.31689	-0.11092	0	0.330143	-1.10E-05	2.023427	-4.00E-06
5.016	0	0	0	0.2	0	-0.3	0	0	0	39.767262	654.70105	-8.238599	-0.110779	0	0.330348	-5.00E-06	1.850107	-5.00E-06
5.017	0	0	0	0.2	0	-0.3	0	0	0	39.84367	654.70105	-7.768576	-0.110779	0	0.330348	-5.00E-06	1.850107	-5.00E-06
5.018	0	0	0	0.2	0	-0.3	0	0	0	39.84367	655.205994	-7.455213	-0.110779	0	0.330723	-7.00E-06	1.925181	-3.00E-06
5.019	0	0	0	0.2	0	-0.3	0	0	0	39.845837	656.235046	-7.376883	-0.110928	0	0.330885	-8.00E-06	1.925181	-3.00E-06
5.02	0	0	0	0.2	0	-0.3	0	0	0	40.162289	660.706726	-6.985029	-0.110971	0	0.331282	-1.30E-05	2.015628	-4.00E-06
5.021	0	0	0	0.2	0	-0.3	0	0	0	40.865112	661.711914	-6.123273	-0.110971	0	0.3319	-1.90E-05	2.071345	-4.00E-06
5.022	0	0	0	0.2	0	-0.3	0	0	0	40.865112	662.558228	-6.201684	-0.110634	0	0.3319	-1.90E-05	2.150388	-4.00E-06
5.023	0	0	0	0.2	0	-0.3	0	0	0	40.476582	662.558228	-6.123312	-0.110634	0	0.3319	-1.90E-05	2.09821	-5.00E-06
5.024	0	0	0	0.2	0	-0.3	0	0	0	40.476582	664.439026	-6.123312	-0.110619	0	0.331812	-1.70E-05	2.09821	-5.00E-06
5.025	0	0	0	0.2	0	-0.3	0	0	0	39.69302	667.031067	-5.65349	-0.111076	0	0.332068	-6.00E-06	2.036651	-3.00E-06
5.026	0	0	0	0.2	0	-0.3	0	0	0	40.631561	670.973145	-5.496709	-0.111076	0	0.332068	-6.00E-06	2.036651	-3.00E-06
5.027	0	0	0	0.2	0	-0.3	0	0	0	40.793758	673.865723	-5.105337	-0.111076	0	0.332068	-8.00E-06	2.036651	-3.00E-06
5.028	0	0	0	0.2	0	-0.3	0	0	0	40.793758	674.010742	-4.948717	-0.110504	0	0.333373	-8.00E-06	2.204309	-5.00E-06
5.029	0	0	0	0.2	0	-0.3	0	0	0	40.327374	674.526855	-4.948717	-0.110504	0	0.333502	-8.00E-06	2.205632	-5.00E-06
5.03	0	0	0	0.2	0	-0.3	0	0	0	40.327374	674.526855	-4.948596	-0.110806	0	0.33394	-5.00E-06	2.224399	-5.00E-06
5.031	0	0	0	0.2	0	-0.3	0	0	0	40.170227	676.915588	-4.635354	-0.110918	0	0.334616	-5.00E-06	2.242259	-5.00E-06
5.032	0	0	0	0.2	0	-0.3	0	0	0	40.016689	677.594055	-4.087121	-0.110956	0	0.335145	-2.00E-06	2.250678	-6.00E-06
5.033	0	0	0	0.2	0	-0.3	0	0	0	40.016689	682.21582	-4.087121	-0.110956	0	0.33603	-2.00E-06	2.32677	-5.00E-06
5.034	0	0	0	0.2	0	-0.3	0	0	0	40.016689	685.47168	-4.087121	-0.110956	0	0.33603	-2.00E-06	2.250678	-3.00E-06
5.035	0	0	0	0.2	0	-0.3	0	0	0	39.396049	685.643372	-3.773839	-0.111051	0	0.336048	5.00E-06	2.32677	-3.00E-06
5.036	0	0	0	0.2	0	-0.3	0	0	0	39.396049	685.97583	-3.382107	-0.111051	0	0.335912	5.00E-06	2.32539	-4.00E-06
5.037	0	0	0	0.2	0	-0.3	0	0	0	39.474621	691.30542	-3.303936	-0.110832	0	0.336056	2.00E-06	2.32539	-4.00E-06
5.038	0	0	0	0.2	0	-0.3	0	0	0	39.551029	692.324829	-3.225526	-0.110746	0	0.336056	-2.00E-06	2.32539	-3.00E-06
5.039	0	0	0	0.2	0	-0.3	0	0	0	39.552471	692.658142	-2.833832	-0.110664	0	0.336679	-3.00E-06	2.296365	-3.00E-06
5.04	0	0	0	0.2	0	-0.3	0	0	0	39.552471	692.658142	-2.755342	-0.110546	0	0.337161	-6.00E-06	2.296365	-3.00E-06
5.041	0	0	0	0.2	0	-0.3	0	0	0	38.768188	693.155701	-2.755342	-0.110516	0	0.337161	-2.00E-05	2.296365	-1.00E-06
5.042	0	0	0	0.2	0	-0.3	0	0	0	38.462559	695.054626	-2.206987	-0.110546	0	0.337034	-2.00E-05	2.455547	-1.00E-06
5.043	0	0	0	0.2	0	-0.3	0	0	0	38.462559	701.602234	-1.501892	-0.11096	0	0.337034	-2.00E-05	2.455547	-2.00E-06
5.044	0	0	0	0.2	0	-0.3	0	0	0	38.771076	701.602234	-1.501892	-0.11096	0	0.337875	-1.80E-05	2.345893	-2.00E-06
5.045	0	0	0	0.2	0	-0.3	0	0	0	38.771076	703.300964	-1.34515	-0.110841	0	0.33804	-1.60E-05	2.345893	-4.00E-06
5.046	0	0	0	0.2	0	-0.3	0	0	0	38.305412	704.488953	-1.031948	-0.110794	0	0.338212	-1.10E-05	2.284887	0.00E+00
5.047	0	0	0	0.2	0	-0.3	0	0	0	38.305412	704.634338	-0.796756	-0.110773	0	0.338778	-1.10E-05	2.393236	0.00E+00
5.048	0	0	0	0.2	0	-0.3	0	0	0	38.144661	704.634338	-0.404983	-0.110773	0	0.339406	-3.00E-06	2.449979	0
5.049	0	0	0	0.2	0	-0.3	0	0	0	38.304691	709.134583	-0.01333	-0.111232	0	0.339766	-1.00E-05	2.46795	-3.00E-06
5.05	0	0	0	0.2	0	-0.3	0	0	0	38.227562	714.789978	0.456814	-0.111278	0	0.341134	-1.00E-05	2.469098	-4.00E-06
5.051	0	0	0	0.2	0	-0.3	0	0	0	38.304691	716.68811	0.456814	-0.111535	0	0.341198	-1.00E-05	2.492613	-3.00E-06
5.052	0	0	0	0.2	0	-0.3	0	0	0	38.698997	717.546692	-0.09162	-0.112073	0	0.342691	-2.30E-05	2.659203	-3.00E-06
5.053	0	0	0	0.2	0	-0.3	0	0	0	41.663826	719.985352	-0.483192	-0.113137	0	0.343619	-2.40E-05	2.727804	-3.00E-06
5.054	0	0	0	0.2	0	-0.3	0	0	0	43.380157	719.985352	-0.952491	-0.113236	0	0.345103	-2.40E-05	2.955075	-3.00E-06
5.055	0	0	0	0.2	0	-0.3	0	0	0	43.840767	718.309326	-1.108146	-0.113863	0	0.345656	-5.00E-06	2.955075	-3.00E-06
5.056	0	0	0	0.2	0	-0.3	0	0	0	44.534935	712.293945	-1.500322	-0.113863	0	0.347248	3.00E-06	2.955075	-7.00E-06
5.057	0	0	0	0.2	0	-0.3	0	0	0	44.689911	709.021851	-2.909869	-0.113187	0	0.347248	3.00E-06	2.881923	-3.00E-06
5.058	0	0	0	0.2	0	-0.3	0	0	0	44.689911	708.831726	-2.909869	-0.11268	0	0.346845	-6.00E-06	2.968705	-6.00E-06
5.059	0	0	0	0.2	0	-0.3	0	0	0	44.69857	708.831726	-2.283708	-0.11254	0	0.346008	-6.00E-06	2.950308	-4.00E-06
5.06	0	0	0	0.2	0	-0.3	0	0	0	45.103703	716.1922	-2.283708	-0.112337	0	0.345625	-1.60E-05	2.950308	-4.00E-06
5.061	0	0	0	0.2	0	-0.3	0	0	0	45.103703	724.5849	-2.285358	-0.112141	0	0.344599	-1.60E-05	2.762483	-4.00E-06
5.062	0	0	0	0.2	0	-0.3	0	0	0	43.944595	734.546204	-2.285358	-0.112019	0	0.343917	-1.60E-05	2.762483	-2.00E-06
5.063	0	0	0	0.2	0	-0.3	0	0	0	43.944595	736.231934	-2.129541	-0.111841	0	0.343559	-2.10E-05	2.789793	-3.00E-06
5.064	0	0	0	0.2	0	-0.3	0	0	0	44.643085	736.231934	-1.894147	-0.111404	0	0.343917	-2.10E-05	2.824138	-3.00E-06
5.065	0	0	0	0.2	0	-0.3	0	0	0	44.643085	725.725891	-1.109755	-0.110972	0	0.344077	-1.60E-05	2.824138	-3.00E-06
5.066	0	0	0	0.2	0	-0.3	0	0	0	44.558022	725.566589	-1.109354	-0.110968	0	0.344608	-4.00E-06	2.824138	-3.00E-06
5.067	0	0	0	0.2	0	-0.3	0	0	0	43.997192	723.537231	-1.109354	-0.110968	0	0.344842	-4.00E-06	2.823794	-4.00E-06
5.068	0	0	0	0.2	0	-0.3	0	0	0	43.997192	723.354309	-0.873718	-0.111326	0	0.345016	-1.30E-05	2.823794	-5.00E-06
5.069	0	0	0	0.2	0	-0.3	0	0	0	43.997192	723.537231	-0.09009	-0.111447	0	0.346001	-1.90E-05	2.823794	-4.00E-06
5.07	0	0	0	0.2	0	-0.3	0	0	0	44.154339	725.755432	0.850157	-0.111602	0	0.346875	-1.30E-05	2.865386	-5.00E-06
5.071	0	0	0	0.2	0	-0.3	0	0	0	44.154339	727.141724	1.39835	-0.112128	0	0.346927	-1.00E-05	2.865386	-6.00E-06
5.072	0	0	0	0.2	0	-0.3	0	0	0	44.62505	734.356689	2.025075	-0.112335	0	0.347015	-1.00E-05	2.878844	-6.00E-06
5.073	0	0	0	0.2	0	-0.3	0	0	0	45.483578	735.550781	2.730211	-0.112617	0	0.347944	-1.20E-05	2.90368	-5.00E-06
5.074	0	0	0	0.2	0	-0.3	0	0	0	45.483578	736.268188	2.730211	-0.112869	0	0.348468	-1.20E-05	2.898287	-5.00E-06
5.075	0	0	0	0.2	0	-0.3	0	0	0	45.483578	735.550781	3.513798	-0.113066	0	0.34906	-2.30E-05	2.958301	-6.00E-06
5.076	0	0	0	0.2	0	-0.3	0	0	0	45.556374	734.712891	3.436714	-0.113066	0	0.349572	-1.80E-05	3.012741	-6.00E-06
5.077	0	0	0	0.2	0	-0.3	0	0	0	46.175575	730.954346	3.593336	-0.113066	0	0.349746	-2.30E-05	3.079754	-5.00E-06
5.078	0	0	0	0.2	0	-0.3	0	0	0	46.329834	730.954346	3.593336	-0.113213	0	0.350165	-1.80E-05	3.069024	-5.00E-06
5.079	0	0	0	0.2	0	-0.3	0	0	0	46.175575	735.254822	3.907019	-0.113454	0	0.350715	-1.80E-05	3.069024	-6.00E-06
5.08	0	0	0	0.2	0	-0.3	0	0	0	46.951199	735.768616	4.220463	-0.113633	0	0.35124	-1.80E-05	3.069024	-6.00E-06
5.081	0	0	0	0.2	0	-0.3	0	0	0	46.794052	737.489197	4.534026	-0.113725	0	0.351515	-1.80E-05	3.037434	-3.00E-06
5.082	0	0	0	0.2	0	-0.3	0	0	0	46.794052	736.450806	4.534026	-0.113998	0	0.351515	-1.90E-05	3.096597	-3.00E-06
5.083	0	0	0	0.2	0	-0.3	0	0	0	46.324783	736.450806	3.907261	-0.113998	0	0.351914	-1.40E-05	3.013106	-1.00E-06
5.084	0	0	0	0.2	0	-0.3	0	0	0	46.082573	736.095276	3.907261	-0.113816	0	0.352039	-1.40E-05	2.86911	-3.00E-06
5.085	0	0	0	0.2	0	-0.3	0	0	0	46.082573	735.202637	5.16079	-0.113458	0	0.352039	-1.30E-05	2.86911	-1.00E-06
5.086	0	0	0	0.2	0	-0.3	0	0	0	46.085457	732.127686	5.16079	-0.113014	0	0.352583	-6.00E-06	2.85295	-6.00E-06
5.087	0	0	0	0.2	0	-0.3	0	0	0	46.085457	732.475586	5.00409	-0.112995	0	0.352583	-5.00E-06	2.85295	-7.00E-06
5.088	0	0	0	0.2	0	-0.3	0	0	0	45.38047	732.475586	4.925839	-0.112995	0	0.352471	-5.00E-06	2.785897	-8.00E-06
5.089	0	0	0	0.2	0	-0.3	0	0	0	45.38047	736.25531	4.925839	-0.113354	0	0.352471	-1.20E-05	2.785897	-7.00E-06
5.09	0	0	0	0.2	0	-0.3	0	0	0	45.531841	736.599365	6.258103	-0.113429	0	0.352773	-2.60E-05	2.785897	-7.00E-06
5.091	0	0	0	0.2	0	-0.3	0	0	0	45.531841	737.642273	6.336312	-0.11372	0	0.353054	-2.60E-05	2.858647	-6.00E-06
5.092	0	0	0	0.2	0	-0.3	0	0	0	45.373253	737.642273	6.258103	-0.11372	0	0.353629	-1.30E-05	2.864229	-5.00E-06
5.093	0	0	0	0.2	0	-0.3	0	0	0	45.37109	736.959534	6.415206	-0.113928	0	0.354029	-8.00E-06	2.864229	-6.00E-06
5.094	0	0	0	0.2	0	-0.3	0	0	0	45.283134	731.818481	6.102125	-0.113938	0	0.354215	2.00E-06	2.783915	-5.00E-06
5.095	0	0	0	0.2	0	-0.3	0	0	0	43.718178	730.272888	6.729332	-0.114362	0	0.35511	2.00E-06	2.783915	-3.00E-06
5.096	0	0	0	0.2	0	-0.3	0	0	0	43.718178	730.272888	6.573034	-0.114362	0	0.356135	-2.00E-06	2.830088	-3.00E-06
5.097	0	0	0	0.2	0	-0.3	0	0	0	44.49741	730.272888	6.808186	-0.114509	0	0.35672	-6.00E-06	2.857978	-3.00E-06
5.098	0	0	0	0.2	0	-0.3	0	0	0	44.572372	732.508118	6.808186	-0.114509	0	0.356744	-6.00E-06	2.830088	-4.00E-06
5.099	0	0	0	0.2	0	-0.3	0	0	0	44.49741	732.508118	7.121629	-0.114938	0	0.357238	-6.00E-06	2.779237	-5.00E-06
5.1	0	0	0	0.2	0	-0.3	0	0	0	44.415951	730.121582	7.121629	-0.115011	0	0.357484	-1.40E-05	2.760698	-4.00E-06
5.101	0	0	0	0.2	0	-0.3	0	0	0	44.415951	730.121582	7.200201	-0.11522	0	0.357595	-6.00E-06	2.779237	-4.00E-06
5.102	0	0	0	0.2	0	-0.3	0	0	0	44.332329	730.642212	7.200201	-0.115274	0	0.35764	-1.70E-05	2.77839	-2.00E-06
5.103	0	0	0	0.2	0	-0.3	0	0	0	44.332329	730.642212	7.200201	-0.115481	0	0.358283	-1.70E-05	2.77839	-2.00E-06
5.104	0	0	0	0.2	0	-0.3	0	0	0	44.332329	728.408875	7.200443	-0.115521	0	0.35912	-1.80E-05	2.75723	-2.00E-06
5.105	0	0	0	0.2	0	-0.3	0	0	0	44.404404	726.844666	7.279618	-0.115481	0	0.359886	-1.80E-05	2.75723	-2.00E-06
5.106	0	0	0	0.2	0	-0.3	0	0	0	44.632187	721.707275	7.279618	-0.115248	0	0.359886	-1.00E-05	2.75723	-4.00E-06
5.107	0	0	0	0.2	0	-0.3	0	0	0	44.473595	722.941223	7.279618	-0.115248	0	0.359463	-1.00E-05	2.753312	-5.00E-06
5.108	0	0	0	0.2	0	-0.3	0	0	0	44.473595	722.941223	6.809675	-0.11585	0	0.359463	-1.00E-05	2.616755	-4.00E-06
5.109	0	0	0	0.2	0	-0.3	0	0	0	44.471432	723.950989	7.27994	-0.11585	0	0.360178	-4.00E-06	2.616755	-5.00E-06
5.11	0	0	0	0.2	0	-0.3	0	0	0	44.234272	723.950989	6.888327	-0.115627	0	0.360178	-4.00E-06	2.602752	-2.00E-06
5.111	0	0	0	0.2	0	-0.3	0	0	0	44.160751	722.077942	6.888327	-0.115627	0	0.360178	-1.50E-05	2.607304	-3.00E-06
5.112	0	0	0	0.2	0	-0.3	0	0	0	43.845016	722.069031	6.809836	-0.115712	0	0.36044	-1.70E-05	2.602752	-2.00E-06
5.113	0	0	0	0.2	0	-0.3	0	0	0	43.451431	722.069031	6.574925	-0.115714	0	0.36044	-1.70E-05	2.5991	-2.00E-06
5.114	0	0	0	0.2	0	-0.3	0	0	0	42.82502	723.465698	6.574925	-0.115975	0	0.361346	-2.00E-05	2.5991	-2.00E-06
5.115	0	0	0	0.2	0	-0.3	0	0	0	42.82502	723.465698	6.81048	-0.115975	0	0.361537	-2.00E-05	2.650141	-4.00E-06
5.116	0	0	0	0.2	0	-0.3	0	0	0	42.973503	719.47876	6.81048	-0.116159	0	0.362547	-1.70E-05	2.650141	-7.00E-06
5.117	0	0	0	0.2	0	-0.3	0	0	0	42.973503	719.47876	6.967583	-0.116184	0	0.362547	-1.70E-05	2.6393	-7.00E-06
5.118	0	0	0	0.2	0	-0.3	0	0	0	42.973503	717.275146	6.967583	-0.116772	0	0.362547	-1.70E-05	2.596298	-6.00E-06
5.119	0	0	0	0.2	0	-0.3	0	0	0	43.12632	717.121948	7.124767	-0.116794	0	0.363082	-1.70E-05	2.596298	-5.00E-06
5.12	0	0	0	0.2	0	-0.3	0	0	0	43.433395	717.121948	7.830024	-0.117057	0	0.3633	0.00E+00	2.596298	-6.00E-06
5.121	0	0	0	0.2	0	-0.3	0	0	0	43.433395	717.829712	7.751814	-0.117057	0	0.363506	-1.80E-05	2.60089	-6.00E-06
5.122	0	0	0	0.2	0	-0.3	0	0	0	43.11694	717.829712	7.751814	-0.117049	0	0.363648	-1.70E-05	2.584084	-6.00E-06
5.123	0	0	0	0.2	0	-0.3	0	0	0	43.11694	716.805237	7.751814	-0.117049	0	0.364475	-1.70E-05	2.60089	-6.00E-06
5.124	0	0	0	0.2	0	-0.3	0	0	0	43.74263	709.743713	9.005545	-0.117049	0	0.364803	-1.30E-05	2.616877	-5.00E-06
5.125	0	0	0	0.2	0	-0.3	0	0	0	43.74263	709.743713	9.005545	-0.117162	0	0.364803	-1.10E-05	2.616877	-5.00E-06
5.126	0	0	0	0.2	0	-0.3	0	0	0	43.346882	711.302063	9.083996	-0.117162	0	0.3648	-1.10E-05	2.596613	-5.00E-06
5.127	0	0	0	0.2	0	-0.3	0	0	0	43.346882	714.069214	9.083996	-0.11731	0	0.3648	-1.10E-05	2.582108	-5.00E-06
5.128	0	0	0	0.2	0	-0.3	0	0	0	43.581158	714.069214	9.319309	-0.117495	0	0.364823	-1.40E-05	2.596613	-5.00E-06
5.129	0	0	0	0.2	0	-0.3	0	0	0	43.581158	711.650757	9.319309	-0.1176	0	0.365	-1.40E-05	2.499466	-4.00E-06
5.13	0	0	0	0.2	0	-0.3	0	0	0	42.796875	710.465393	9.319309	-0.117714	0	0.365045	-1.60E-05	2.57369	-3.00E-06
5.131	0	0	0	0.2	0	-0.3	0	0	0	42.796154	710.465393	9.319591	-0.118086	0	0.365156	-1.70E-05	2.57369	-4.00E-06
5.132	0	0	0	0.2	0	-0.3	0	0	0	42.796154	710.465393	10.33837	-0.11822	0	0.365585	-2.00E-05	2.57369	-4.00E-06
5.133	0	0	0	0.2	0	-0.3	0	0	0	42.796154	710.814819	10.33837	-0.118255	0	0.365819	-1.70E-05	2.516462	-4.00E-06
5.134	0	0	0	0.2	0	-0.3	0	0	0	41.773987	710.141296	10.181951	-0.118606	0	0.366708	-1.10E-05	2.433933	-4.00E-06
5.135	0	0	0	0.2	0	-0.3	0	0	0	41.773987	710.141296	10.181951	-0.118606	0	0.366322	-1.10E-05	2.316577	-4.00E-06
5.136	0	0	0	0.2	0	-0.3	0	0	0	42.549614	703.960083	10.808957	-0.118606	0	0.366322	-9.00E-06	2.316577	-5.00E-06
5.137	0	0	0	0.2	0	-0.3	0	0	0	42.861015	703.960083	11.04419	-0.118952	0	0.366322	-1.30E-05	2.367117	-5.00E-06
5.138	0	0	0	0.2	0	-0.3	0	0	0	43.015999	706.202942	11.279222	-0.118952	0	0.366814	-1.30E-05	2.443487	-6.00E-06
5.139	0	0	0	0.2	0	-0.3	0	0	0	43.174583	706.202942	11.671197	-0.118938	0	0.367898	-1.30E-05	2.612615	-4.00E-06
5.14	0	0	0	0.2	0	-0.3	0	0	0	43.720985	703.624695	12.219954	-0.118938	0	0.368216	-1.40E-05	2.612615	-6.00E-06
5.141	0	0	0	0.2	0	-0.3	0	0	0	43.720985	702.093445	12.220154	-0.119358	0	0.368467	-1.40E-05	2.62501	-6.00E-06
5.142	0	0	0	0.2	0	-0.3	0	0	0	43.71521	702.093445	12.219954	-0.119415	0	0.368216	-1.40E-05	2.493975	-6.00E-06
5.143	0	0	0	0.2	0	-0.3	0	0	0	43.71521	700.208374	12.220154	-0.119614	0	0.368835	-1.70E-05	2.62501	-5.00E-06
5.144	0	0	0	0.2	0	-0.3	0	0	0	45.037231	700.2276	13.552258	-0.119619	0	0.36893	-1.70E-05	2.441628	-5.00E-06
5.145	0	0	0	0.2	0	-0.3	0	0	0	45.037231	699.00293	13.552258	-0.119619	0	0.369196	-1.70E-05	2.579312	-3.00E-06
5.146	0	0	0	0.2	0	-0.3	0	0	0	44.805126	699.00293	13.395635	-0.119619	0	0.369211	-1.60E-05	2.441628	-3.00E-06
5.147	0	0	0	0.2	0	-0.3	0	0	0	43.942268	698.173279	12.69046	-0.120104	0	0.369211	-1.60E-05	2.368281	-1.00E-06
5.148	0	0	0	0.2	0	-0.3	0	0	0	43.942268	696.808594	13.395635	-0.120104	0	0.369166	-1.60E-05	2.368281	-3.00E-06
5.149	0	0	0	0.2	0	-0.3	0	0	0	43.942268	696.808594	13.709319	-0.120104	0	0.369166	-4.00E-06	2.517967	-2.00E-06
5.15	0	0	0	0.2	0	-0.3	0	0	0	44.411541	697.155701	14.414415	-0.120548	0	0.369678	-4.00E-06	2.517967	-4.00E-06
5.151	0	0	0	0.2	0	-0.3	0	0	0	44.092922	697.155701	14.72798	-0.120548	0	0.370395	-1.10E-05	2.517967	-5.00E-06
5.152	0	0	0	0.2	0	-0.3	0	0	0	44.48362	695.427612	15.041582	-0.120457	0	0.370395	-2.40E-05	2.425363	-5.00E-06
5.153	0	0	0	0.2	0	-0.3	0	0	0	44.092922	695.427612	15.041582	-0.120457	0	0.370374	-2.40E-05	2.422211	-3.00E-06
5.154	0	0	0	0.2	0	-0.3	0	0	0	43.772137	695.639709	15.198565	-0.121081	0	0.370133	-1.70E-05	2.26494	-3.00E-06
5.155	0	0	0	0.2	0	-0.3	0	0	0	43.772137	695.639709	15.198565	-0.121081	0	0.370133	-1.70E-05	2.26494	-2.00E-06
5.156	0	0	0	0.2	0	-0.3	0	0	0	45.412781	694.602112	15.355388	-0.121081	0	0.371274	-1.40E-05	2.426084	-6.00E-06
5.157	0	0	0	0.2	0	-0.3	0	0	0	45.412781	693.064941	15.903902	-0.121132	0	0.371338	-3.00E-06	2.426084	-3.00E-06
5.158	0	0	0	0.2	0	-0.3	0	0	0	45.412781	693.064941	15.904183	-0.121378	0	0.371282	-3.00E-06	2.423192	-6.00E-06
5.159	0	0	0	0.2	0	-0.3	0	0	0	45.409172	688.104187	16.374207	-0.121389	0	0.371589	-1.50E-05	2.38486	-3.00E-06
5.16	0	0	0	0.2	0	-0.3	0	0	0	45.486301	688.104187	16.922762	-0.121686	0	0.37132	-1.70E-05	2.38486	-7.00E-06
5.161	0	0	0	0.2	0	-0.3	0	0	0	45.564873	688.641418	16.922802	-0.121802	0	0.371509	-1.50E-05	2.38486	-4.00E-06
5.162	0	0	0	0.2	0	-0.3	0	0	0	45.564873	690.340576	16.922802	-0.121835	0	0.371509	-7.00E-06	2.394877	-4.00E-06
5.163	0	0	0	0.2	0	-0.3	0	0	0	46.497643	688.641418	17.157957	-0.122037	0	0.371589	-7.00E-06	2.394877	-4.00E-06
5.164	0	0	0	0.2	0	-0.3	0	0	0	47.977535	684.171265	18.019915	-0.122285	0	0.372186	-8.00E-06	2.394877	-4.00E-06
5.165	0	0	0	0.2	0	-0.3	0	0	0	47.977535	682.968933	18.019915	-0.122106	0	0.372486	-1.70E-05	2.462443	-4.00E-06
5.166	0	0	0	0.2	0	-0.3	0	0	0	47.200466	682.968933	18.019915	-0.122306	0	0.372347	-1.70E-05	2.435659	-4.00E-06
5.167	0	0	0	0.2	0	-0.3	0	0	0	47.200466	683.335388	18.412128	-0.122779	0	0.372963	-1.70E-05	2.435659	-5.00E-06
5.168	0	0	0	0.2	0	-0.3	0	0	0	47.268936	683.335388	18.725533	-0.122932	0	0.37301	-2.10E-05	2.359842	-6.00E-06
5.169	0	0	0	0.2	0	-0.3	0	0	0	47.737488	683.335388	18.804064	-0.123052	0	0.37301	-1.00E-05	2.328088	-5.00E-06
5.17	0	0	0	0.2	0	-0.3	0	0	0	47.737488	681.616516	18.882475	-0.123216	0	0.372968	-2.40E-05	2.32766	-4.00E-06
5.171	0	0	0	0.2	0	-0.3	0	0	0	47.896797	679.919373	18.882515	-0.123285	0	0.372968	-1.40E-05	2.32766	-4.00E-06
5.172	0	0	0	0.2	0	-0.3	0	0	0	47.97176	677.511292	19.195877	-0.123325	0	0.373541	-1.40E-05	2.484143	-4.00E-06
5.173	0	0	0	0.2	0	-0.3	0	0	0	47.896797	677.511292	19.195877	-0.123541	0	0.373554	-1.30E-05	2.484143	-5.00E-06
5.174	0	0	0	0.2	0	-0.3	0	0	0	47.969597	681.638123	20.371399	-0.123613	0	0.373813	-1.30E-05	2.424801	-5.00E-06
5.175	0	0	0	0.2	0	-0.3	0	0	0	47.969597	681.638123	20.371399	-0.123541	0	0.373813	-1.30E-05	2.415692	-5.00E-06
5.176	0	0	0	0.2	0	-0.3	0	0	0	48.59457	678.917969	20.528101	-0.123788	0	0.373639	-1.10E-05	2.415692	-4.00E-06
5.177	0	0	0	0.2	0	-0.3	0	0	0	48.59457	678.917969	20.528179	-0.123698	0	0.373352	-1.10E-05	2.36682	-4.00E-06
5.178	0	0	0	0.2	0	-0.3	0	0	0	48.358131	678.917969	21.311687	-0.123955	0	0.373184	-1.10E-05	2.313449	-4.00E-06
5.179	0	0	0	0.2	0	-0.3	0	0	0	48.358131	679.277039	21.62517	-0.124305	0	0.373184	-1.80E-05	2.313449	-4.00E-06
5.18	0	0	0	0.2	0	-0.3	0	0	0	48.905251	679.277039	22.016945	-0.124491	0	0.373777	-6.00E-06	2.301685	-4.00E-06
5.181	0	0	0	0.2	0	-0.3	0	0	0	49.055901	679.277039	22.565378	-0.124491	0	0.374163	-1.20E-05	2.301685	-4.00E-06
5.182	0	0	0	0.2	0	-0.3	0	0	0	49.055901	679.782288	22.565378	-0.124468	0	0.374163	-1.20E-05	2.203875	-4.00E-06
5.183	0	0	0	0.2	0	-0.3	0	0	0	49.055901	680.149963	22.565378	-0.124468	0	0.374034	-1.80E-05	2.203875	-4.00E-06
5.184	0	0	0	0.2	0	-0.3	0	0	0	49.448044	680.149963	23.270716	-0.124539	0	0.374034	-2.20E-05	2.336388	-3.00E-06
5.185	0	0	0	0.2	0	-0.3	0	0	0	49.448044	678.77478	23.976013	-0.124564	0	0.374584	-2.20E-05	2.336388	-3.00E-06
5.186	0	0	0	0.2	0	-0.3	0	0	0	49.916595	678.77478	24.446196	-0.125076	0	0.374864	-1.50E-05	2.385358	-6.00E-06
5.187	0	0	0	0.2	0	-0.3	0	0	0	49.910095	678.77478	24.132751	-0.125076	0	0.375186	-1.30E-05	2.322346	-6.00E-06
5.188	0	0	0	0.2	0	-0.3	0	0	0	49.910095	673.620728	24.132751	-0.125076	0	0.37498	-1.30E-05	2.250759	-6.00E-06
5.189	0	0	0	0.2	0	-0.3	0	0	0	49.600136	673.620728	24.132751	-0.1253	0	0.374995	-1.30E-05	2.245149	-6.00E-06
5.19	0	0	0	0.2	0	-0.3	0	0	0	49.600136	673.810486	24.367907	-0.12538	0	0.374995	-1.20E-05	2.245149	-6.00E-06
5.191	0	0	0	0.2	0	-0.3	0	0	0	49.909374	673.810486	24.446236	-0.125565	0	0.375245	-1.20E-05	2.245149	-7.00E-06
5.192	0	0	0	0.2	0	-0.3	0	0	0	50.143654	673.476807	24.681469	-0.125577	0	0.3753	-8.00E-06	2.312534	-7.00E-06
5.193	0	0	0	0.2	0	-0.3	0	0	0	50.532177	670.201599	25.465057	-0.125577	0	0.375972	-1.60E-05	2.329594	-3.00E-06
5.194	0	0	0	0.2	0	-0.3	0	0	0	50.532177	669.726074	25.465057	-0.125844	0	0.375972	-1.00E-05	2.329594	-3.00E-06
5.195	0	0	0	0.2	0	-0.3	0	0	0	49.667885	670.201599	25.465057	-0.12618	0	0.376103	-1.00E-05	2.29857	-6.00E-06
5.196	0	0	0	0.2	0	-0.3	0	0	0	49.667885	670.566162	26.248684	-0.126269	0	0.375813	-1.00E-05	2.29857	-6.00E-06
5.197	0	0	0	0.2	0	-0.3	0	0	0	48.967224	670.566162	26.248684	-0.126269	0	0.376103	-1.00E-05	2.29857	-7.00E-06
5.198	0	0	0	0.2	0	-0.3	0	0	0	50.137875	669.893066	26.092062	-0.126364	0	0.375813	-2.50E-05	2.229665	-7.00E-06
5.199	0	0	0	0.2	0	-0.3	0	0	0	50.057858	669.893066	26.092062	-0.12628	0	0.37567	-2.70E-05	2.225686	-7.00E-06
5.2	0	0	0	0.2	0	-0.3	0	0	0	50.057858	669.893066	26.170513	-0.126364	0	0.37567	-2.70E-05	2.188017	-8.00E-06
5.201	0	0	0	0.2	0	-0.3	0	0	0	49.589306	666.470825	26.327215	-0.126502	0	0.375731	-7.00E-06	2.131764	-1.00E-06
5.202	0	0	0	0.2	0	-0.3	0	0	0	49.119316	666.470825	26.327215	-0.126505	0	0.375784	-7.00E-06	2.108631	-7.00E-06
5.203	0	0	0	0.2	0	-0.3	0	0	0	48.882153	672.84259	26.327215	-0.127064	0	0.375829	-6.00E-06	2.076753	-3.00E-06
5.204	0	0	0	0.2	0	-0.3	0	0	0	48.882153	672.84259	26.405666	-0.127064	0	0.375884	-6.00E-06	2.068916	-6.00E-06
5.205	0	0	0	0.2	0	-0.3	0	0	0	49.74934	666.122559	27.972639	-0.126793	0	0.376699	-2.00E-06	2.068916	-6.00E-06
5.206	0	0	0	0.2	0	-0.3	0	0	0	49.74934	666.122559	27.972639	-0.126793	0	0.376699	-2.00E-06	2.04074	-7.00E-06
5.207	0	0	0	0.2	0	-0.3	0	0	0	49.737076	664.422668	28.599483	-0.127162	0	0.376155	-2.00E-06	2.04074	-7.00E-06
5.208	0	0	0	0.2	0	-0.3	0	0	0	49.660664	664.955383	28.677977	-0.127196	0	0.375989	-9.00E-06	2.033656	-5.00E-06
5.209	0	0	0	0.2	0	-0.3	0	0	0	49.737076	664.955383	28.677977	-0.12751	0	0.376155	-9.00E-06	2.033656	-4.00E-06
5.21	0	0	0	0.2	0	-0.3	0	0	0	50.052082	666.317688	28.677977	-0.12751	0	0.376474	-9.00E-06	2.081615	-2.00E-06
5.211	0	0	0	0.2	0	-0.3	0	0	0	50.052082	666.317688	28.834757	-0.127425	0	0.376483	-1.40E-05	2.081615	-2.00E-06
5.212	0	0	0	0.2	0	-0.3	0	0	0	50.285641	663.574036	28.913048	-0.127425	0	0.376903	-1.40E-05	2.197773	-2.00E-06
5.213	0	0	0	0.2	0	-0.3	0	0	0	50.285641	660.65564	29.853376	-0.127493	0	0.377385	-7.00E-06	2.077757	-7.00E-06
5.214	0	0	0	0.2	0	-0.3	0	0	0	50.285641	660.65564	30.244787	-0.127788	0	0.377385	-4.00E-06	2.077757	-7.00E-06
5.215	0	0	0	0.2	0	-0.3	0	0	0	49.972073	662.737793	30.244787	-0.127934	0	0.37673	2.00E-06	2.077757	-7.00E-06
5.216	0	0	0	0.2	0	-0.3	0	0	0	49.972073	664.957642	30.244787	-0.127934	0	0.37673	2.00E-06	2.136664	-5.00E-06
5.217	0	0	0	0.2	0	-0.3	0	0	0	49.972073	664.957642	30.558754	-0.1277	0	0.37707	-1.00E-05	2.136664	-5.00E-06
5.218	0	0	0	0.2	0	-0.3	0	0	0	49.655613	663.238892	30.558754	-0.1277	0	0.37707	-1.00E-05	1.974071	-7.00E-06
5.219	0	0	0	0.2	0	-0.3	0	0	0	49.655613	661.698608	30.715052	-0.12808	0	0.37707	-1.00E-05	1.974071	-8.00E-06
5.22	0	0	0	0.2	0	-0.3	0	0	0	49.733463	661.698608	31.185436	-0.128321	0	0.376807	-2.00E-06	2.024924	-8.00E-06
5.221	0	0	0	0.2	0	-0.3	0	0	0	49.889168	661.698608	31.263767	-0.128341	0	0.377523	-5.00E-06	2.025921	-1.00E-06
5.222	0	0	0	0.2	0	-0.3	0	0	0	49.889168	662.241333	31.185436	-0.128341	0	0.376874	-5.00E-06	2.024924	-1.00E-06
5.223	0	0	0	0.2	0	-0.3	0	0	0	49.107052	666.360901	30.793745	-0.128171	0	0.376874	-6.00E-06	1.942228	0.00E+00
5.224	0	0	0	0.2	0	-0.3	0	0	0	49.029202	666.360901	30.793745	-0.128171	0	0.376874	-1.20E-05	1.942228	-2.00E-06
5.225	0	0	0	0.2	0	-0.3	0	0	0	49.029202	658.101318	32.752529	-0.128461	0	0.376826	-1.20E-05	1.868768	-1.00E-06
5.226	0	0	0	0.2	0	-0.3	0	0	0	50.271927	658.101318	32.752529	-0.128461	0	0.378215	-1.40E-05	2.033371	-2.00E-06
5.227	0	0	0	0.2	0	-0.3	0	0	0	50.271927	660.358582	32.752655	-0.128553	0	0.377526	-1.40E-05	2.013476	-4.00E-06
5.228	0	0	0	0.2	0	-0.3	0	0	0	50.27914	660.699585	33.144424	-0.128615	0	0.377631	-1.40E-05	2.114496	-4.00E-06
5.229	0	0	0	0.2	0	-0.3	0	0	0	50.041264	660.358582	33.692902	-0.128657	0	0.377605	-1.10E-05	2.013476	-4.00E-06
5.23	0	0	0	0.2	0	-0.3	0	0	0	50.041264	658.815247	34.006344	-0.128699	0	0.377631	-1.10E-05	1.974709	-4.00E-06
5.231	0	0	0	0.2	0	-0.3	0	0	0	50.041264	656.408386	34.006382	-0.128807	0	0.377875	-1.10E-05	1.974709	-4.00E-06
5.232	0	0	0	0.2	0	-0.3	0	0	0	50.041264	656.408386	34.554821	-0.128975	0	0.377901	-1.70E-05	2.017408	-2.00E-06
5.233	0	0	0	0.2	0	-0.3	0	0	0	51.37122	654.704224	35.260033	-0.128975	0	0.378233	-1.80E-05	2.030373	-2.00E-06
5.234	0	0	0	0.2	0	-0.3	0	0	0	51.37122	656.401794	35.573437	-0.128853	0	0.378262	-1.70E-05	2.085422	0.00E+00
5.235	0	0	0	0.2	0	-0.3	0	0	0	50.431957	656.401794	35.573437	-0.128853	0	0.378262	-1.70E-05	2.030373	-6.00E-06
5.236	0	0	0	0.2	0	-0.3	0	0	0	49.802654	656.401794	35.573437	-0.12896	0	0.378725	-1.10E-05	1.962878	-6.00E-06
5.237	0	0	0	0.2	0	-0.3	0	0	0	49.801937	655.719055	35.965408	-0.12896	0	0.378833	-1.10E-05	1.962878	-8.00E-06
5.238	0	0	0	0.2	0	-0.3	0	0	0	49.801937	655.719055	36.513721	-0.12896	0	0.378833	-9.00E-06	2.036663	-8.00E-06
5.239	0	0	0	0.2	0	-0.3	0	0	0	50.038372	657.638794	36.905457	-0.129072	0	0.378945	-1.70E-05	2.036663	-7.00E-06
5.24	0	0	0	0.2	0	-0.3	0	0	0	50.038372	657.638794	36.905579	-0.129198	0	0.378745	-1.40E-05	1.992308	-5.00E-06
5.241	0	0	0	0.2	0	-0.3	0	0	0	49.882671	655.399658	36.983868	-0.129075	0	0.378745	-2.30E-05	1.992308	-3.00E-06
5.242	0	0	0	0.2	0	-0.3	0	0	0	49.489811	655.399658	36.983868	-0.129198	0	0.378262	-1.40E-05	1.927275	-3.00E-06
5.243	0	0	0	0.2	0	-0.3	0	0	0	48.628399	658.328125	36.905457	-0.129268	0	0.378236	-1.70E-05	1.766975	-3.00E-06
5.244	0	0	0	0.2	0	-0.3	0	0	0	48.628399	658.328125	36.905457	-0.129426	0	0.378262	-1.20E-05	1.766975	-7.00E-06
5.245	0	0	0	0.2	0	-0.3	0	0	0	48.941967	657.106506	39.177685	-0.129426	0	0.378612	-1.20E-05	1.836903	-1.00E-05
5.246	0	0	0	0.2	0	-0.3	0	0	0	49.643349	654.384888	39.256138	-0.129331	0	0.379229	-1.20E-05	1.836903	-1.00E-05
5.247	0	0	0	0.2	0	-0.3	0	0	0	49.643349	654.366272	39.256138	-0.129331	0	0.379229	-2.10E-05	1.816692	-7.00E-06
5.248	0	0	0	0.2	0	-0.3	0	0	0	48.781933	652.48822	39.882904	-0.12956	0	0.379344	-2.10E-05	1.758371	1.00E-06
5.249	0	0	0	0.2	0	-0.3	0	0	0	48.781933	652.309204	39.882942	-0.129581	0	0.379003	-1.50E-05	1.758371	-4.00E-06
5.25	0	0	0	0.2	0	-0.3	0	0	0	48.9398	652.309204	40.039684	-0.129581	0	0.379003	-1.10E-05	1.796711	-2.00E-06
5.251	0	0	0	0.2	0	-0.3	0	0	0	49.016212	652.309204	40.196308	-0.129581	0	0.379003	-1.10E-05	1.796711	-4.00E-06
5.252	0	0	0	0.2	0	-0.3	0	0	0	49.093342	651.295898	40.588161	-0.129569	0	0.379598	-1.20E-05	1.787299	-2.00E-06
5.253	0	0	0	0.2	0	-0.3	0	0	0	49.093342	648.863892	41.68499	-0.12972	0	0.380267	-1.20E-05	1.760825	-1.00E-06
5.254	0	0	0	0.2	0	-0.3	0	0	0	48.231205	648.863892	41.68499	-0.12972	0	0.380267	-1.20E-05	1.727153	-1.00E-06
5.255	0	0	0	0.2	0	-0.3	0	0	0	47.915474	651.813965	41.606659	-0.130099	0	0.379341	-1.20E-05	1.690528	-1.00E-06
5.256	0	0	0	0.2	0	-0.3	0	0	0	47.915474	651.813965	41.606659	-0.130099	0	0.379341	-1.20E-05	1.688169	-5.00E-06
5.257	0	0	0	0.2	0	-0.3	0	0	0	47.915474	652.496338	41.841812	-0.130085	0	0.379407	-1.10E-05	1.629758	-6.00E-06
5.258	0	0	0	0.2	0	-0.3	0	0	0	47.997654	652.496338	42.155334	-0.129886	0	0.379828	-4.00E-06	1.688169	-6.00E-06
5.259	0	0	0	0.2	0	-0.3	0	0	0	47.76049	652.496338	42.390327	-0.12972	0	0.380157	-1.10E-05	1.629758	-6.00E-06
5.26	0	0	0	0.2	0	-0.3	0	0	0	47.759052	648.704285	42.546906	-0.129647	0	0.380157	-9.00E-06	1.608108	-6.00E-06
5.261	0	0	0	0.2	0	-0.3	0	0	0	47.446922	648.704285	42.547108	-0.12972	0	0.380131	-1.30E-05	1.597192	-8.00E-06
5.262	0	0	0	0.2	0	-0.3	0	0	0	47.290501	650.262573	42.782101	-0.129606	0	0.37998	-1.60E-05	1.597192	-8.00E-06
5.263	0	0	0	0.2	0	-0.3	0	0	0	46.901966	654.042236	42.860512	-0.129848	0	0.380131	-2.50E-05	1.597192	-2.00E-06
5.264	0	0	0	0.2	0	-0.3	0	0	0	46.901966	654.042236	42.860512	-0.129606	0	0.380284	-1.60E-05	1.620398	-2.00E-06
5.265	0	0	0	0.2	0	-0.3	0	0	0	47.599018	647.317139	43.957256	-0.129731	0	0.381448	-7.00E-06	1.457296	-1.00E-06
5.266	0	0	0	0.2	0	-0.3	0	0	0	47.599018	646.13916	44.114082	-0.129731	0	0.381448	-6.00E-06	1.43267	-1.00E-06
5.267	0	0	0	0.2	0	-0.3	0	0	0	46.505497	646.13916	44.114082	-0.129769	0	0.380281	-7.00E-06	1.43267	0.00E+00
5.268	0	0	0	0.2	0	-0.3	0	0	0	46.429089	649.919189	44.897587	-0.129855	0	0.380281	-1.80E-05	1.465044	-1.00E-06
5.269	0	0	0	0.2	0	-0.3	0	0	0	46.272663	649.919189	45.054329	-0.129855	0	0.380601	-1.80E-05	1.465044	-4.00E-06
5.27	0	0	0	0.2	0	-0.3	0	0	0	45.959095	648.194641	45.054329	-0.129855	0	0.381282	-8.00E-06	1.491073	-4.00E-06
5.271	0	0	0	0.2	0	-0.3	0	0	0	45.881245	648.194641	45.054329	-0.129813	0	0.381175	-8.00E-06	1.463179	0.00E+00
5.272	0	0	0	0.2	0	-0.3	0	0	0	45.881245	646.813416	45.602882	-0.129796	0	0.381404	-1.40E-05	1.463179	0
5.273	0	0	0	0.2	0	-0.3	0	0	0	45.724823	644.075134	46.386349	-0.129813	0	0.381192	-1.40E-05	1.463179	0
5.274	0	0	0	0.2	0	-0.3	0	0	0	46.114079	644.075134	46.386349	-0.129843	0	0.381192	-5.00E-06	1.506529	0.00E+00
5.275	0	0	0	0.2	0	-0.3	0	0	0	45.724823	650.265991	46.307938	-0.129843	0	0.381192	-5.00E-06	1.506529	2.00E-06
5.276	0	0	0	0.2	0	-0.3	0	0	0	45.332684	650.265991	46.307938	-0.129713	0	0.381265	-5.00E-06	1.401538	0.00E+00
5.277	0	0	0	0.2	0	-0.3	0	0	0	45.251221	646.656738	46.934784	-0.129713	0	0.381265	-5.00E-06	1.262962	-1.00E-06
5.278	0	0	0	0.2	0	-0.3	0	0	0	44.704102	646.656738	47.56155	-0.129956	0	0.381265	-8.00E-06	1.230954	-2.00E-06
5.279	0	0	0	0.2	0	-0.3	0	0	0	44.704102	646.984619	48.031693	-0.129976	0	0.380919	-2.20E-05	1.230954	-4.00E-06
5.28	0	0	0	0.2	0	-0.3	0	0	0	44.703381	647.174805	48.110065	-0.130008	0	0.381381	-2.20E-05	1.293917	-4.00E-06
5.281	0	0	0	0.2	0	-0.3	0	0	0	44.703381	648.703735	48.501755	-0.130008	0	0.381381	-6.00E-06	1.293917	-5.00E-06
5.282	0	0	0	0.2	0	-0.3	0	0	0	44.703381	648.703735	48.501755	-0.129916	0	0.381626	-6.00E-06	1.234154	-2.00E-06
5.283	0	0	0	0.2	0	-0.3	0	0	0	43.841969	646.821106	48.188515	-0.129913	0	0.381859	-1.00E-05	1.159338	-2.00E-06
5.284	0	0	0	0.2	0	-0.3	0	0	0	43.841969	646.821106	48.188515	-0.129913	0	0.381626	-2.10E-05	1.100829	-2.00E-06
5.285	0	0	0	0.2	0	-0.3	0	0	0	44.229778	646.30072	49.285343	-0.129913	0	0.381859	-2.10E-05	1.100829	-4.00E-06
5.286	0	0	0	0.2	0	-0.3	0	0	0	44.229778	645.27002	49.833736	-0.13004	0	0.382458	-2.10E-05	1.255019	-6.00E-06
5.287	0	0	0	0.2	0	-0.3	0	0	0	43.844852	645.27002	49.834019	-0.129659	0	0.382856	-2.10E-05	1.267806	-6.00E-06
5.288	0	0	0	0.2	0	-0.3	0	0	0	43.841244	645.778809	50.852436	-0.129659	0	0.382856	-1.60E-05	1.267806	-6.00E-06
5.289	0	0	0	0.2	0	-0.3	0	0	0	43.841244	645.778809	50.852436	-0.129659	0	0.382707	-1.60E-05	1.1842	-6.00E-06
5.29	0	0	0	0.2	0	-0.3	0	0	0	43.451271	643.559021	50.852436	-0.130003	0	0.382707	-1.60E-05	1.1842	-6.00E-06
5.291	0	0	0	0.2	0	-0.3	0	0	0	43.451271	643.559021	51.165878	-0.130003	0	0.382493	-8.00E-06	1.185113	-7.00E-06
5.292	0	0	0	0.2	0	-0.3	0	0	0	43.609135	643.208008	51.244129	-0.129844	0	0.382785	-8.00E-06	1.205859	-7.00E-06
5.293	0	0	0	0.2	0	-0.3	0	0	0	43.83836	644.405273	52.106167	-0.129844	0	0.383076	-8.00E-06	1.205859	-4.00E-06
5.294	0	0	0	0.2	0	-0.3	0	0	0	43.83836	644.405273	52.576233	-0.129844	0	0.38346	-8.00E-06	1.205859	-4.00E-06
5.295	0	0	0	0.2	0	-0.3	0	0	0	43.3727	644.405273	52.106167	-0.129565	0	0.38342	-1.50E-05	1.175906	-4.00E-06
5.296	0	0	0	0.2	0	-0.3	0	0	0	42.97839	642.34436	52.49802	-0.129565	0	0.38342	-3.00E-06	1.118436	-5.00E-06
5.297	0	0	0	0.2	0	-0.3	0	0	0	42.97839	642.34436	52.49802	-0.129619	0	0.383203	-4.00E-06	1.081907	-3.00E-06
5.298	0	0	0	0.2	0	-0.3	0	0	0	43.289074	645.251892	52.889793	-0.129619	0	0.383203	-4.00E-06	1.118436	-5.00E-06
5.299	0	0	0	0.2	0	-0.3	0	0	0	43.289074	645.251892	53.046497	-0.129445	0	0.38383	-4.00E-06	1.081907	-7.00E-06
5.3	0	0	0	0.2	0	-0.3	0	0	0	43.210503	645.251892	52.967884	-0.129331	0	0.38383	-6.00E-06	1.025378	-9.00E-06
5.301	0	0	0	0.2	0	-0.3	0	0	0	42.97839	644.74115	53.516479	-0.129445	0	0.383623	-1.10E-05	1.001062	-7.00E-06
5.302	0	0	0	0.2	0	-0.3	0	0	0	42.899097	645.59906	53.673061	-0.1295	0	0.383578	-2.20E-05	0.977126	0.00E+00
5.303	0	0	0	0.2	0	-0.3	0	0	0	42.038406	645.59906	53.6731	-0.129565	0	0.383578	-1.10E-05	0.937563	0
5.304	0	0	0	0.2	0	-0.3	0	0	0	42.038406	648.322998	54.691639	-0.1295	0	0.383715	-2.60E-05	0.937563	0.00E+00
5.305	0	0	0	0.2	0	-0.3	0	0	0	42.903427	648.322998	55.318604	-0.129286	0	0.384824	-1.80E-05	1.059843	1.00E-06
5.306	0	0	0	0.2	0	-0.3	0	0	0	43.210503	645.925293	55.318604	-0.129286	0	0.384863	-1.80E-05	1.067982	1.00E-06
5.307	0	0	0	0.2	0	-0.3	0	0	0	43.210503	645.925293	55.239994	-0.129253	0	0.384824	-1.80E-05	1.059843	-5.00E-06
5.308	0	0	0	0.2	0	-0.3	0	0	0	42.975506	645.925293	55.239994	-0.129051	0	0.384863	-1.40E-05	0.925305	-5.00E-06
5.309	0	0	0	0.2	0	-0.3	0	0	0	42.896935	646.78125	55.475109	-0.129051	0	0.384635	-1.70E-05	0.925305	-5.00E-06
5.31	0	0	0	0.2	0	-0.3	0	0	0	42.975506	646.78125	55.553436	-0.129345	0	0.38495	-1.70E-05	1.006172	-2.00E-06
5.311	0	0	0	0.2	0	-0.3	0	0	0	43.209782	650.038269	56.180363	-0.129345	0	0.385072	-1.80E-05	1.006172	-4.00E-06
5.312	0	0	0	0.2	0	-0.3	0	0	0	43.288353	650.038269	56.258652	-0.129204	0	0.385309	-1.80E-05	0.988341	0.00E+00
5.313	0	0	0	0.2	0	-0.3	0	0	0	43.209782	647.455872	57.19878	-0.129204	0	0.385667	-2.50E-05	0.988341	-1.00E-06
5.314	0	0	0	0.2	0	-0.3	0	0	0	43.289074	647.455872	57.19878	-0.128341	0	0.385309	-4.00E-06	1.059478	-1.00E-06
5.315	0	0	0	0.2	0	-0.3	0	0	0	42.977669	650.543945	57.042118	-0.129152	0	0.385306	-4.00E-06	1.059478	-1.00E-06
5.316	0	0	0	0.2	0	-0.3	0	0	0	43.289074	651.242859	57.042118	-0.129104	0	0.385306	-4.00E-06	1.026706	-4.00E-06
5.317	0	0	0	0.2	0	-0.3	0	0	0	43.211224	652.258484	58.060535	-0.129104	0	0.386254	-1.60E-05	0.970742	0.00E+00
5.318	0	0	0	0.2	0	-0.3	0	0	0	43.211224	652.258484	58.29557	-0.128884	0	0.386254	-1.60E-05	0.963955	1.00E-06
5.319	0	0	0	0.2	0	-0.3	0	0	0	42.899818	652.091492	58.452267	-0.128884	0	0.386102	-1.50E-05	0.963955	1.00E-06
5.32	0	0	0	0.2	0	-0.3	0	0	0	42.895489	652.091492	58.29557	-0.129006	0	0.385846	-9.00E-06	0.802517	-3.00E-06
5.321	0	0	0	0.2	0	-0.3	0	0	0	42.895489	653.282227	58.687298	-0.129006	0	0.385846	-1.00E-06	0.879789	-4.00E-06
5.322	0	0	0	0.2	0	-0.3	0	0	0	42.191944	654.662292	59.470966	-0.128957	0	0.386361	-1.00E-06	0.850244	-5.00E-06
5.323	0	0	0	0.2	0	-0.3	0	0	0	42.349812	658.789551	59.470966	-0.128762	0	0.38638	-8.00E-06	0.850244	-5.00E-06
5.324	0	0	0	0.2	0	-0.3	0	0	0	42.349812	658.789551	59.470966	-0.128847	0	0.38687	-8.00E-06	0.84302	-8.00E-06
5.325	0	0	0	0.2	0	-0.3	0	0	0	42.349812	654.648804	60.881161	-0.128636	0	0.387	-6.00E-06	0.84302	-5.00E-06
5.326	0	0	0	0.2	0	-0.3	0	0	0	42.274124	654.648804	60.959446	-0.128847	0	0.387	-6.00E-06	0.951469	-8.00E-06
5.327	0	0	0	0.2	0	-0.3	0	0	0	42.196274	655.692932	61.194561	-0.128866	0	0.387206	-1.00E-05	0.994949	-4.00E-06
5.328	0	0	0	0.2	0	-0.3	0	0	0	42.274124	658.246826	61.42963	-0.128866	0	0.387206	-1.20E-05	0.994949	-8.00E-06
5.329	0	0	0	0.2	0	-0.3	0	0	0	42.50407	658.592834	61.978027	-0.128649	0	0.387373	-1.20E-05	0.996958	-4.00E-06
5.33	0	0	0	0.2	0	-0.3	0	0	0	42.5084	658.409973	62.056438	-0.128649	0	0.387584	-1.50E-05	0.791282	-5.00E-06
5.331	0	0	0	0.2	0	-0.3	0	0	0	42.5084	658.409973	62.526421	-0.128527	0	0.387532	-1.50E-05	0.752314	-5.00E-06
5.332	0	0	0	0.2	0	-0.3	0	0	0	42.425499	656.35907	62.526501	-0.128527	0	0.387573	-1.50E-05	0.752314	-6.00E-06
5.333	0	0	0	0.2	0	-0.3	0	0	0	42.425499	656.35907	63.075058	-0.128744	0	0.387573	-1.50E-05	0.828038	-7.00E-06
5.334	0	0	0	0.2	0	-0.3	0	0	0	42.425499	659.788574	63.779991	-0.128744	0	0.38813	-1.50E-05	0.828038	-8.00E-06
5.335	0	0	0	0.2	0	-0.3	0	0	0	41.879097	660.979248	63.779991	-0.128526	0	0.388381	-6.00E-06	0.791662	-7.00E-06
5.336	0	0	0	0.2	0	-0.3	0	0	0	41.878376	661.846375	64.0149	-0.128526	0	0.388381	-6.00E-06	0.765108	-3.00E-06
5.337	0	0	0	0.2	0	-0.3	0	0	0	41.799805	660.979248	64.0149	-0.128582	0	0.388533	-6.00E-06	0.730487	-3.00E-06
5.338	0	0	0	0.2	0	-0.3	0	0	0	41.799805	661.670044	64.328506	-0.128582	0	0.387884	-2.20E-05	0.728495	-3.00E-06
5.339	0	0	0	0.2	0	-0.3	0	0	0	41.799805	661.670044	64.40696	-0.128323	0	0.387881	-1.50E-05	0.728495	-2.00E-06
5.34	0	0	0	0.2	0	-0.3	0	0	0	42.346203	662.190063	65.033638	-0.128052	0	0.387881	-2.20E-05	0.711183	-1.00E-06
5.341	0	0	0	0.2	0	-0.3	0	0	0	42.346203	663.892944	65.033676	-0.128246	0	0.388666	-1.50E-05	0.68562	-2.00E-06
5.342	0	0	0	0.2	0	-0.3	0	0	0	41.875492	666.128235	65.425537	-0.128082	0	0.388666	-1.80E-05	0.673486	-5.00E-06
5.343	0	0	0	0.2	0	-0.3	0	0	0	41.642658	665.78656	65.425537	-0.128238	0	0.388258	-9.00E-06	0.620653	-6.00E-06
5.344	0	0	0	0.2	0	-0.3	0	0	0	41.642658	665.78656	65.503624	-0.128082	0	0.388121	-9.00E-06	0.486952	-6.00E-06
5.345	0	0	0	0.2	0	-0.3	0	0	0	41.952618	663.714783	66.208755	-0.128022	0	0.388258	-6.00E-06	0.620653	-5.00E-06
5.346	0	0	0	0.2	0	-0.3	0	0	0	42.030468	663.714783	67.305824	-0.127913	0	0.38929	-6.00E-06	0.622076	-5.00E-06
5.347	0	0	0	0.2	0	-0.3	0	0	0	41.952618	665.074036	67.384277	-0.127913	0	0.38929	-6.00E-06	0.622076	-7.00E-06
5.348	0	0	0	0.2	0	-0.3	0	0	0	42.029747	665.074036	67.697403	-0.127704	0	0.389255	-6.00E-06	0.433697	-7.00E-06
5.349	0	0	0	0.2	0	-0.3	0	0	0	41.718346	665.074036	67.932594	-0.127704	0	0.389255	-4.00E-06	0.433697	-6.00E-06
5.35	0	0	0	0.2	0	-0.3	0	0	0	41.796196	665.775696	68.324486	-0.127704	0	0.389301	-6.00E-06	0.515584	-4.00E-06
5.351	0	0	0	0.2	0	-0.3	0	0	0	41.718346	665.775696	69.342911	-0.127927	0	0.389301	-7.00E-06	0.558957	-4.00E-06
5.352	0	0	0	0.2	0	-0.3	0	0	0	41.796196	664.920166	69.42131	-0.127878	0	0.389358	-7.00E-06	0.558957	-5.00E-06
5.353	0	0	0	0.2	0	-0.3	0	0	0	41.950451	664.920166	70.047958	-0.127878	0	0.390209	-1.70E-05	0.558957	-5.00E-06
5.354	0	0	0	0.2	0	-0.3	0	0	0	41.950451	665.394165	70.048004	-0.127878	0	0.390209	-7.00E-06	0.422495	-5.00E-06
5.355	0	0	0	0.2	0	-0.3	0	0	0	40.933338	665.587463	70.283035	-0.127578	0	0.38984	-1.10E-05	0.303976	-2.00E-06
5.356	0	0	0	0.2	0	-0.3	0	0	0	40.933338	666.274475	70.361404	-0.127578	0	0.389756	-3.00E-06	0.28923	-2.00E-06
5.357	0	0	0	0.2	0	-0.3	0	0	0	40.933338	666.280579	70.361481	-0.127578	0	0.389756	-1.10E-05	0.303976	-2.00E-06
5.358	0	0	0	0.2	0	-0.3	0	0	0	40.855488	666.953308	71.223236	-0.127529	0	0.389805	-2.30E-05	0.28923	0
5.359	0	0	0	0.2	0	-0.3	0	0	0	40.855488	668.484924	71.536606	-0.127608	0	0.39077	-2.30E-05	0.326971	0
5.36	0	0	0	0.2	0	-0.3	0	0	0	41.243301	668.484924	71.771675	-0.127529	0	0.39077	-1.90E-05	0.199061	0.00E+00
5.361	0	0	0	0.2	0	-0.3	0	0	0	41.243301	666.93866	71.928253	-0.127424	0	0.390684	-1.90E-05	0.199061	0.00E+00
5.362	0	0	0	0.2	0	-0.3	0	0	0	40.539757	666.93866	71.928253	-0.127424	0	0.390683	-2.40E-05	0.170841	-6.00E-06
5.363	0	0	0	0.2	0	-0.3	0	0	0	40.539757	669.016541	72.241737	-0.127424	0	0.390683	-2.40E-05	0.170841	-1.00E-06
5.364	0	0	0	0.2	0	-0.3	0	0	0	41.244743	669.016541	72.476807	-0.127313	0	0.390848	-2.30E-05	0.170841	-2.00E-06
5.365	0	0	0	0.2	0	-0.3	0	0	0	41.39756	668.316406	73.887039	-0.127277	0	0.390968	-5.00E-06	0.128974	-1.00E-06
5.366	0	0	0	0.2	0	-0.3	0	0	0	41.39756	668.306396	74.122269	-0.127277	0	0.391602	-2.00E-05	0.116568	-2.00E-06
5.367	0	0	0	0.2	0	-0.3	0	0	0	41.236084	668.316406	74.122269	-0.126954	0	0.390968	-3.00E-06	0.073329	-2.00E-06
5.368	0	0	0	0.2	0	-0.3	0	0	0	40.930454	668.488892	74.357109	-0.126954	0	0.390597	-2.00E-05	-0.058662	-2.00E-06
5.369	0	0	0	0.2	0	-0.3	0	0	0	40.930454	669.347473	74.905579	-0.126967	0	0.390597	1.00E-06	0.073329	-2.00E-06
5.37	0	0	0	0.2	0	-0.3	0	0	0	41.314659	672.084961	75.375641	-0.126973	0	0.391097	-3.00E-06	-0.107774	-2.00E-06
5.371	0	0	0	0.2	0	-0.3	0	0	0	41.314659	672.084961	75.924072	-0.126967	0	0.391661	-3.00E-06	0.007596	-2.00E-06
5.372	0	0	0	0.2	0	-0.3	0	0	0	41.314659	670.702515	76.237602	-0.126886	0	0.391661	-2.00E-05	-0.042308	-2.00E-06
5.373	0	0	0	0.2	0	-0.3	0	0	0	41.082542	670.169006	76.785835	-0.126759	0	0.391466	-2.00E-05	-0.042308	0.00E+00
5.374	0	0	0	0.2	0	-0.3	0	0	0	41.000362	670.702515	77.021149	-0.126759	0	0.391466	-5.00E-06	-0.083218	0
5.375	0	0	0	0.2	0	-0.3	0	0	0	40.9254	672.078003	77.647835	-0.127164	0	0.391466	-5.00E-06	-0.172091	-3.00E-06
5.376	0	0	0	0.2	0	-0.3	0	0	0	40.9254	674.490723	78.274475	-0.127164	0	0.391566	-1.00E-05	-0.172091	-6.00E-06
5.377	0	0	0	0.2	0	-0.3	0	0	0	41.392506	674.490723	78.509544	-0.126878	0	0.391815	-1.70E-05	-0.20771	-6.00E-06
5.378	0	0	0	0.2	0	-0.3	0	0	0	41.471798	672.924622	79.136314	-0.126626	0	0.391815	-1.40E-05	-0.219141	-3.00E-06
5.379	0	0	0	0.2	0	-0.3	0	0	0	41.392506	672.573608	79.136398	-0.126849	0	0.391815	-1.40E-05	-0.219141	-1.00E-06
5.38	0	0	0	0.2	0	-0.3	0	0	0	41.001087	672.411987	79.606461	-0.126618	0	0.391643	-1.40E-05	-0.278613	-3.00E-06
5.381	0	0	0	0.2	0	-0.3	0	0	0	41.001087	672.573608	80.233261	-0.126752	0	0.391677	-2.50E-05	-0.278613	-3.00E-06
5.382	0	0	0	0.2	0	-0.3	0	0	0	41.705349	675.16449	80.546631	-0.126706	0	0.391677	-2.60E-05	-0.242075	-3.00E-06
5.383	0	0	0	0.2	0	-0.3	0	0	0	42.015312	677.221191	80.938354	-0.126706	0	0.391792	-2.60E-05	-0.242075	-6.00E-06
5.384	0	0	0	0.2	0	-0.3	0	0	0	41.937462	677.221191	81.643494	-0.126581	0	0.391792	-2.60E-05	-0.367546	-2.00E-06
5.385	0	0	0	0.2	0	-0.3	0	0	0	42.015312	674.812378	82.505295	-0.126581	0	0.391792	-1.50E-05	-0.367546	0
5.386	0	0	0	0.2	0	-0.3	0	0	0	42.015312	674.799255	83.053688	-0.126357	0	0.392101	-1.40E-05	-0.41495	0.00E+00
5.387	0	0	0	0.2	0	-0.3	0	0	0	42.091	674.812378	83.053848	-0.126572	0	0.392151	-1.20E-05	-0.41495	-2.00E-06
5.388	0	0	0	0.2	0	-0.3	0	0	0	42.093884	676.53418	83.993851	-0.126557	0	0.392151	-1.20E-05	-0.41495	-2.00E-06
5.389	0	0	0	0.2	0	-0.3	0	0	0	42.640285	679.949768	84.385628	-0.126557	0	0.39253	-2.00E-05	-0.380558	-5.00E-06
5.39	0	0	0	0.2	0	-0.3	0	0	0	42.640285	679.949768	85.090843	-0.126303	0	0.39253	-2.00E-05	-0.380558	-4.00E-06
5.391	0	0	0	0.2	0	-0.3	0	0	0	42.088837	677.031799	85.560905	-0.126303	0	0.39253	-1.40E-05	-0.475914	-4.00E-06
5.392	0	0	0	0.2	0	-0.3	0	0	0	42.088837	677.031799	85.639359	-0.126318	0	0.392884	-1.40E-05	-0.475914	-4.00E-06
5.393	0	0	0	0.2	0	-0.3	0	0	0	42.795265	677.718445	86.50119	-0.126675	0	0.392994	-1.40E-05	-0.473391	-4.00E-06
5.394	0	0	0	0.2	0	-0.3	0	0	0	42.948803	678.411499	86.9711	-0.126318	0	0.392994	-1.50E-05	-0.473391	-9.00E-06
5.395	0	0	0	0.2	0	-0.3	0	0	0	43.262371	682.704651	86.9711	-0.126285	0	0.39315	-1.10E-05	-0.507406	-9.00E-06
5.396	0	0	0	0.2	0	-0.3	0	0	0	43.262371	682.704651	87.989761	-0.126023	0	0.393019	-1.50E-05	-0.546249	-7.00E-06
5.397	0	0	0	0.2	0	-0.3	0	0	0	42.79166	678.734375	88.224709	-0.126023	0	0.393262	-2.30E-05	-0.537445	-5.00E-06
5.398	0	0	0	0.2	0	-0.3	0	0	0	42.79166	678.734375	89.164993	-0.126214	0	0.393172	-2.30E-05	-0.681615	-7.00E-06
5.399	0	0	0	0.2	0	-0.3	0	0	0	43.025932	680.284973	89.399872	-0.126214	0	0.393226	1.00E-06	-0.592827	-7.00E-06
5.4	0	0	0	0.2	0	-0.3	0	0	0	43.415909	681.815491	90.418526	-0.126183	0	0.393226	1.00E-06	-0.67901	-7.00E-06
5.401	0	0	0	0.2	0	-0.3	0	0	0	43.730202	681.815491	91.04525	-0.126173	0	0.393359	-1.00E-05	-0.617341	-5.00E-06
5.402	0	0	0	0.2	0	-0.3	0	0	0	43.415909	682.680725	91.045334	-0.125874	0	0.393359	-1.00E-05	-0.67901	-2.00E-06
5.403	0	0	0	0.2	0	-0.3	0	0	0	43.648018	682.680725	91.280441	-0.125874	0	0.393359	-3.00E-06	-0.814027	-2.00E-06
5.404	0	0	0	0.2	0	-0.3	0	0	0	43.648018	680.960022	92.612183	-0.125948	0	0.393198	-3.00E-06	-0.843081	-4.00E-06
5.405	0	0	0	0.2	0	-0.3	0	0	0	44.11729	680.960022	93.709015	-0.125948	0	0.393796	-6.00E-06	-0.843081	-4.00E-06
5.406	0	0	0	0.2	0	-0.3	0	0	0	44.508709	684.222412	93.787544	-0.125901	0	0.393844	-1.10E-05	-0.727306	-7.00E-06
5.407	0	0	0	0.2	0	-0.3	0	0	0	44.508709	684.907104	94.022575	-0.125846	0	0.393901	-1.30E-05	-0.727306	-7.00E-06
5.408	0	0	0	0.2	0	-0.3	0	0	0	44.508709	685.259216	94.884415	-0.125846	0	0.393844	-1.70E-05	-0.846387	-7.00E-06
5.409	0	0	0	0.2	0	-0.3	0	0	0	44.662247	684.907104	95.041069	-0.125846	0	0.393901	-1.70E-05	-0.846387	-3.00E-06
5.41	0	0	0	0.2	0	-0.3	0	0	0	44.662247	685.259216	95.511223	-0.125801	0	0.393543	-1.70E-05	-0.813007	-3.00E-06
5.411	0	0	0	0.2	0	-0.3	0	0	0	44.820114	686.638672	95.667915	-0.125801	0	0.393964	-1.20E-05	-0.813007	-6.00E-06
5.412	0	0	0	0.2	0	-0.3	0	0	0	45.210087	686.952942	97.861732	-0.125725	0	0.393964	-2.20E-05	-0.830632	-6.00E-06
5.413	0	0	0	0.2	0	-0.3	0	0	0	45.210087	686.952942	97.861732	-0.125858	0	0.394429	-1.70E-05	-0.880042	-6.00E-06
5.414	0	0	0	0.2	0	-0.3	0	0	0	45.054386	686.952942	97.861732	-0.125559	0	0.394429	-1.70E-05	-0.880042	-2.00E-06
5.415	0	0	0	0.2	0	-0.3	0	0	0	44.89724	689.545471	97.940018	-0.125691	0	0.394117	-1.60E-05	-0.909019	-5.00E-06
5.416	0	0	0	0.2	0	-0.3	0	0	0	44.89724	689.545471	98.801819	-0.125691	0	0.394098	-1.60E-05	-0.911682	-2.00E-06
5.417	0	0	0	0.2	0	-0.3	0	0	0	45.362183	689.378052	99.507034	-0.125722	0	0.394098	-2.20E-05	-0.917	-5.00E-06
5.418	0	0	0	0.2	0	-0.3	0	0	0	45.600063	689.378052	99.820282	-0.125722	0	0.394098	-2.20E-05	-1.007364	-2.00E-06
5.419	0	0	0	0.2	0	-0.3	0	0	0	45.67503	690.039551	99.820282	-0.125524	0	0.394262	-2.10E-05	-0.917	-7.00E-06
5.42	0	0	0	0.2	0	-0.3	0	0	0	45.67503	690.216614	100.36879	-0.125411	0	0.394379	-2.10E-05	-0.987522	-1.00E-06
5.421	0	0	0	0.2	0	-0.3	0	0	0	45.675751	690.039551	101.15226	-0.125411	0	0.394379	-2.20E-05	-0.96992	-7.00E-06
5.422	0	0	0	0.2	0	-0.3	0	0	0	45.675751	690.216614	102.484283	-0.125217	0	0.394379	-2.20E-05	-0.96992	-5.00E-06
5.423	0	0	0	0.2	0	-0.3	0	0	0	45.909302	692.280212	102.562576	-0.125777	0	0.394428	-4.00E-06	-0.96992	-5.00E-06
5.424	0	0	0	0.2	0	-0.3	0	0	0	46.069336	693.320496	103.345879	-0.125622	0	0.394428	-4.00E-06	-0.930131	-5.00E-06
5.425	0	0	0	0.2	0	-0.3	0	0	0	47.238544	693.320496	104.051453	-0.125622	0	0.395216	-1.90E-05	-0.92987	-2.00E-06
5.426	0	0	0	0.2	0	-0.3	0	0	0	47.238544	690.888855	104.443069	-0.125131	0	0.395216	-1.90E-05	-0.92987	-2.00E-06
5.427	0	0	0	0.2	0	-0.3	0	0	0	46.458588	690.379395	104.991425	-0.125111	0	0.395216	-1.70E-05	-0.92987	-2.00E-06
5.428	0	0	0	0.2	0	-0.3	0	0	0	46.458588	690.379395	105.07003	-0.125131	0	0.395102	-1.10E-05	-0.956053	-6.00E-06
5.429	0	0	0	0.2	0	-0.3	0	0	0	46.848568	694.162537	105.931671	-0.1251	0	0.395102	-1.50E-05	-0.956053	-6.00E-06
5.43	0	0	0	0.2	0	-0.3	0	0	0	47.157082	695.007263	106.01004	-0.125141	0	0.395102	-1.10E-05	-1.010173	-6.00E-06
5.431	0	0	0	0.2	0	-0.3	0	0	0	47.237099	695.007263	106.793625	-0.125185	0	0.395133	-9.00E-06	-1.010173	-3.00E-06
5.432	0	0	0	0.2	0	-0.3	0	0	0	47.159248	695.007263	107.420433	-0.125185	0	0.395465	-9.00E-06	-0.999599	-3.00E-06
5.433	0	0	0	0.2	0	-0.3	0	0	0	47.237099	692.072327	107.655464	-0.125158	0	0.395465	-1.30E-05	-0.999599	-3.00E-06
5.434	0	0	0	0.2	0	-0.3	0	0	0	47.393524	692.072327	107.968872	-0.12502	0	0.395415	-1.50E-05	-1.005557	-2.00E-06
5.435	0	0	0	0.2	0	-0.3	0	0	0	47.47065	695.69696	108.360641	-0.12502	0	0.395154	-2.30E-05	-1.011428	-2.00E-06
5.436	0	0	0	0.2	0	-0.3	0	0	0	47.549225	696.727234	108.909042	-0.124936	0	0.395154	-1.50E-05	-1.009365	-3.00E-06
5.437	0	0	0	0.2	0	-0.3	0	0	0	47.549225	697.0578	108.987442	-0.124893	0	0.395392	-1.50E-05	-1.043417	-3.00E-06
5.438	0	0	0	0.2	0	-0.3	0	0	0	47.469933	697.0578	110.241135	-0.12479	0	0.395496	-1.50E-05	-1.043417	-4.00E-06
5.439	0	0	0	0.2	0	-0.3	0	0	0	47.469933	695.157288	110.632828	-0.124746	0	0.395777	-7.00E-06	-1.069158	-6.00E-06
5.44	0	0	0	0.2	0	-0.3	0	0	0	47.236378	695.157288	110.867737	-0.124486	0	0.395777	-2.00E-06	-1.110518	-5.00E-06
5.441	0	0	0	0.2	0	-0.3	0	0	0	47.236378	697.231323	111.807945	-0.124486	0	0.395777	-2.00E-06	-1.074596	-5.00E-06
5.442	0	0	0	0.2	0	-0.3	0	0	0	47.546337	699.625122	111.88636	-0.1246	0	0.395823	-3.00E-06	-1.153128	-5.00E-06
5.443	0	0	0	0.2	0	-0.3	0	0	0	47.93848	699.625122	112.356461	-0.1246	0	0.395823	-8.00E-06	-1.079142	-4.00E-06
5.444	0	0	0	0.2	0	-0.3	0	0	0	48.017052	698.067932	112.905022	-0.124402	0	0.395944	-1.00E-05	-1.079142	-4.00E-06
5.445	0	0	0	0.2	0	-0.3	0	0	0	48.095623	697.045837	113.531815	-0.124339	0	0.396575	-2.80E-05	-1.045625	-4.00E-06
5.446	0	0	0	0.2	0	-0.3	0	0	0	48.095623	697.726624	114.001999	-0.124319	0	0.396575	-2.80E-05	-1.045625	-2.00E-06
5.447	0	0	0	0.2	0	-0.3	0	0	0	48.017052	697.726624	114.472076	-0.124319	0	0.396575	-8.00E-06	-1.045625	-3.00E-06
5.448	0	0	0	0.2	0	-0.3	0	0	0	48.017052	699.618103	115.177208	-0.124319	0	0.396927	-8.00E-06	-1.048966	-3.00E-06
5.449	0	0	0	0.2	0	-0.3	0	0	0	48.095623	699.94873	115.490494	-0.124332	0	0.396927	-2.20E-05	-1.048966	-3.00E-06
5.45	0	0	0	0.2	0	-0.3	0	0	0	48.407028	699.94873	115.725685	-0.124147	0	0.396703	-2.40E-05	-1.074036	-2.00E-06
5.451	0	0	0	0.2	0	-0.3	0	0	0	48.484879	699.268738	116.587685	-0.124239	0	0.396689	-2.40E-05	-1.074036	-2.00E-06
5.452	0	0	0	0.2	0	-0.3	0	0	0	48.562008	699.105103	116.822632	-0.124077	0	0.396551	-1.50E-05	-1.139541	-2.00E-06
5.453	0	0	0	0.2	0	-0.3	0	0	0	48.484879	699.268738	117.449394	-0.124239	0	0.396551	-1.40E-05	-1.089081	-2.00E-06
5.454	0	0	0	0.2	0	-0.3	0	0	0	48.559845	700.996399	117.606133	-0.124167	0	0.396366	-1.40E-05	-1.139541	-2.00E-06
5.455	0	0	0	0.2	0	-0.3	0	0	0	48.559845	700.996399	117.606133	-0.124167	0	0.396366	-1.40E-05	-1.176367	-1.00E-06
5.456	0	0	0	0.2	0	-0.3	0	0	0	48.559845	700.454407	118.703163	-0.124079	0	0.396934	-3.00E-06	-1.176367	-3.00E-06
5.457	0	0	0	0.2	0	-0.3	0	0	0	48.407753	700.115356	119.094902	-0.123902	0	0.396992	-3.00E-06	-1.125817	-3.00E-06
5.458	0	0	0	0.2	0	-0.3	0	0	0	48.405586	699.593933	119.330055	-0.123777	0	0.396992	-1.20E-05	-1.074928	-5.00E-06
5.459	0	0	0	0.2	0	-0.3	0	0	0	48.405586	700.115356	119.565086	-0.123902	0	0.397026	-2.40E-05	-1.074928	-5.00E-06
5.46	0	0	0	0.2	0	-0.3	0	0	0	48.877022	700.291199	120.74028	-0.123926	0	0.397026	-2.40E-05	-0.945506	-4.00E-06
5.461	0	0	0	0.2	0	-0.3	0	0	0	49.188423	701.469238	121.132133	-0.123926	0	0.397215	-2.40E-05	-0.945506	-4.00E-06
5.462	0	0	0	0.2	0	-0.3	0	0	0	49.188423	701.831482	121.758942	-0.123478	0	0.397028	-7.00E-06	-1.091431	-6.00E-06
5.463	0	0	0	0.2	0	-0.3	0	0	0	48.404144	701.469238	121.837395	-0.123478	0	0.397963	-1.40E-05	-1.091431	-6.00E-06
5.464	0	0	0	0.2	0	-0.3	0	0	0	48.404144	701.831482	123.247742	-0.124086	0	0.397181	-1.10E-05	-1.096067	-5.00E-06
5.465	0	0	0	0.2	0	-0.3	0	0	0	48.716991	702.000427	123.404251	-0.124086	0	0.397593	-1.10E-05	-0.976323	-4.00E-06
5.466	0	0	0	0.2	0	-0.3	0	0	0	49.264832	702.156616	123.874466	-0.123918	0	0.397593	-1.10E-05	-0.976323	-4.00E-06
5.467	0	0	0	0.2	0	-0.3	0	0	0	49.266998	702.156616	124.188034	-0.123481	0	0.397835	-3.00E-06	-0.976323	-4.00E-06
5.468	0	0	0	0.2	0	-0.3	0	0	0	49.418369	702.156616	124.814682	-0.123302	0	0.398066	-1.70E-05	-1.022441	-4.00E-06
5.469	0	0	0	0.2	0	-0.3	0	0	0	49.418369	701.277954	125.206573	-0.123268	0	0.398363	-4.00E-06	-1.022441	-8.00E-06
5.47	0	0	0	0.2	0	-0.3	0	0	0	49.421257	701.277954	125.755089	-0.123268	0	0.398066	-1.70E-05	-0.964572	-8.00E-06
5.471	0	0	0	0.2	0	-0.3	0	0	0	49.499832	701.809509	126.146744	-0.123268	0	0.39805	-2.00E-05	-0.964572	-6.00E-06
5.472	0	0	0	0.2	0	-0.3	0	0	0	49.499832	703.687195	126.303528	-0.123189	0	0.39805	-2.00E-05	-0.964572	-5.00E-06
5.473	0	0	0	0.2	0	-0.3	0	0	0	49.344845	704.556213	126.460388	-0.123073	0	0.398266	-1.90E-05	-0.93238	-5.00E-06
5.474	0	0	0	0.2	0	-0.3	0	0	0	49.26844	704.727417	127.087036	-0.123073	0	0.398429	-9.00E-06	-0.93238	-5.00E-06
5.475	0	0	0	0.2	0	-0.3	0	0	0	49.106243	704.727417	127.165359	-0.123152	0	0.398429	-9.00E-06	-0.997878	-4.00E-06
5.476	0	0	0	0.2	0	-0.3	0	0	0	49.106243	702.665405	127.948868	-0.123152	0	0.39838	-9.00E-06	-1.011358	-4.00E-06
5.477	0	0	0	0.2	0	-0.3	0	0	0	49.264828	702.665405	128.10553	-0.123102	0	0.398377	-1.00E-05	-0.997878	-4.00E-06
5.478	0	0	0	0.2	0	-0.3	0	0	0	49.264828	703.509705	128.96756	-0.123033	0	0.398377	-1.20E-05	-0.766216	-4.00E-06
5.479	0	0	0	0.2	0	-0.3	0	0	0	49.114178	703.688354	129.907654	-0.122943	0	0.398726	-1.20E-05	-0.766216	-4.00E-06
5.48	0	0	0	0.2	0	-0.3	0	0	0	49.114178	703.688354	131.004639	-0.122918	0	0.39873	-9.00E-06	-0.775672	-6.00E-06
5.481	0	0	0	0.2	0	-0.3	0	0	0	48.96064	703.688354	131.709534	-0.122687	0	0.398815	1.00E-06	-0.775672	-7.00E-06
5.482	0	0	0	0.2	0	-0.3	0	0	0	48.96064	702.822021	132.728241	-0.122568	0	0.398815	-9.00E-06	-0.736515	-7.00E-06
5.483	0	0	0	0.2	0	-0.3	0	0	0	48.96064	702.822021	132.728317	-0.122568	0	0.398815	-1.90E-05	-0.658589	-6.00E-06
5.484	0	0	0	0.2	0	-0.3	0	0	0	48.649956	702.987366	134.138382	-0.12262	0	0.398701	-1.90E-05	-0.658589	-5.00E-06
5.485	0	0	0	0.2	0	-0.3	0	0	0	48.727806	702.987366	134.373581	-0.12262	0	0.399687	-1.40E-05	-0.753623	-5.00E-06
5.486	0	0	0	0.2	0	-0.3	0	0	0	48.649956	701.781311	134.843445	-0.122515	0	0.399468	-1.10E-05	-0.753623	-6.00E-06
5.487	0	0	0	0.2	0	-0.3	0	0	0	48.574272	701.781311	135.940506	-0.122466	0	0.399468	-9.00E-06	-0.622674	-6.00E-06
5.488	0	0	0	0.2	0	-0.3	0	0	0	48.342884	702.288513	136.488907	-0.122297	0	0.399468	-9.00E-06	-0.586504	-2.00E-06
5.489	0	0	0	0.2	0	-0.3	0	0	0	48.111496	703.673706	136.645721	-0.122297	0	0.399269	-2.20E-05	-0.583312	-2.00E-06
5.49	0	0	0	0.2	0	-0.3	0	0	0	48.111496	704.538818	137.037415	-0.122421	0	0.399691	-2.20E-05	-0.493532	-2.00E-06
5.491	0	0	0	0.2	0	-0.3	0	0	0	48.731419	704.538818	138.369568	-0.122421	0	0.399934	-2.70E-05	-0.378252	-3.00E-06
5.492	0	0	0	0.2	0	-0.3	0	0	0	48.731419	702.4505	139.622971	-0.122048	0	0.400153	-1.30E-05	-0.47555	-3.00E-06
5.493	0	0	0	0.2	0	-0.3	0	0	0	48.422897	702.4505	139.622971	-0.122048	0	0.400153	-1.30E-05	-0.450326	-4.00E-06
5.494	0	0	0	0.2	0	-0.3	0	0	0	46.784424	701.423706	138.682678	-0.122019	0	0.40009	-1.00E-05	-0.47555	-4.00E-06
5.495	0	0	0	0.2	0	-0.3	0	0	0	46.628719	701.423706	138.682678	-0.122246	0	0.399744	-2.00E-06	-0.450326	-4.00E-06
5.496	0	0	0	0.2	0	-0.3	0	0	0	46.474461	701.423706	139.387741	-0.121899	0	0.399744	-2.00E-06	-0.444504	-4.00E-06
5.497	0	0	0	0.2	0	-0.3	0	0	0	46.164501	703.805176	140.876465	-0.121899	0	0.40016	-1.20E-05	-0.444504	-4.00E-06
5.498	0	0	0	0.2	0	-0.3	0	0	0	45.383106	703.805176	140.876465	-0.121889	0	0.40016	-1.20E-05	-0.455109	-3.00E-06
5.499	0	0	0	0.2	0	-0.3	0	0	0	44.289581	701.921387	140.797974	-0.121834	0	0.400078	-1.80E-05	-0.503398	-3.00E-06
5.5	0	0	0	0.2	0	-0.3	0	0	0	43.195339	701.583435	140.484772	-0.121808	0	0.400078	-5.00E-06	-0.564345	-2.00E-06
5.501	0	0	0	0.2	0	-0.3	0	0	0	43.113159	699.16925	140.093201	-0.121834	0	0.400313	-5.00E-06	-0.503398	-3.00E-06
5.502	0	0	0	0.2	0	-0.3	0	0	0	41.939625	699.513611	139.858566	-0.121816	0	0.400658	-5.00E-06	-0.589063	-3.00E-06
5.503	0	0	0	0.2	0	-0.3	0	0	0	41.781033	697.455078	139.858566	-0.121816	0	0.400669	-1.40E-05	-0.474245	-5.00E-06
5.504	0	0	0	0.2	0	-0.3	0	0	0	41.77887	694.859863	139.54512	-0.121669	0	0.401385	-2.50E-05	-0.633549	-7.00E-06
5.505	0	0	0	0.2	0	-0.3	0	0	0	41.54171	692.111572	138.762222	-0.121669	0	0.401446	-1.40E-05	-0.609795	-7.00E-06
5.506	0	0	0	0.2	0	-0.3	0	0	0	39.58461	690.403931	138.762222	-0.121775	0	0.401446	-1.10E-05	-0.609795	-8.00E-06
5.507	0	0	0	0.2	0	-0.3	0	0	0	39.121117	689.735107	138.763062	-0.121795	0	0.40183	-1.10E-05	-0.402997	-7.00E-06
5.508	0	0	0	0.2	0	-0.3	0	0	0	38.72464	689.735107	138.919556	-0.121795	0	0.40183	-1.70E-05	-0.402997	-3.00E-06
5.509	0	0	0	0.2	0	-0.3	0	0	0	38.333221	688.344604	138.763062	-0.121583	0	0.401556	-1.70E-05	-0.503104	-2.00E-06
5.51	0	0	0	0.2	0	-0.3	0	0	0	37.938194	685.940796	138.685059	-0.121518	0	0.401556	-3.00E-06	-0.616302	-2.00E-06
5.511	0	0	0	0.2	0	-0.3	0	0	0	36.761051	684.389832	137.902313	-0.121309	0	0.401559	-2.00E-06	-0.633092	-3.00E-06
5.512	0	0	0	0.2	0	-0.3	0	0	0	35.511108	678.892456	137.902313	-0.121309	0	0.401752	-1.00E-06	-0.71707	-7.00E-06
5.513	0	0	0	0.2	0	-0.3	0	0	0	34.574005	678.892456	137.981018	-0.121381	0	0.402056	-1.00E-06	-0.68903	-7.00E-06
5.514	0	0	0	0.2	0	-0.3	0	0	0	34.098965	677.496155	137.981018	-0.121381	0	0.40217	-9.00E-06	-0.694352	-7.00E-06
5.515	0	0	0	0.2	0	-0.3	0	0	0	33.397587	677.496155	137.74614	-0.121128	0	0.402637	-1.00E-05	-0.694352	-4.00E-06
5.516	0	0	0	0.2	0	-0.3	0	0	0	33.003277	674.075195	137.74614	-0.121128	0	0.402637	-1.50E-05	-0.711338	-3.00E-06
5.517	0	0	0	0.2	0	-0.3	0	0	0	32.451824	671.515991	137.668045	-0.121132	0	0.402637	-2.10E-05	-0.711338	-4.00E-06
5.518	0	0	0	0.2	0	-0.3	0	0	0	31.750448	666.015503	137.433624	-0.121132	0	0.402647	-2.10E-05	-0.723954	-3.00E-06
5.519	0	0	0	0.2	0	-0.3	0	0	0	31.435436	665.013	137.433624	-0.121132	0	0.402647	-1.10E-05	-0.692384	-2.00E-06
5.52	0	0	0	0.2	0	-0.3	0	0	0	31.357586	664.127014	137.433624	-0.121182	0	0.402647	-1.10E-05	-0.656711	-2.00E-06
5.521	0	0	0	0.2	0	-0.3	0	0	0	30.964001	661.207397	136.493805	-0.121182	0	0.40336	-1.00E-05	-0.656711	-5.00E-06
5.522	0	0	0	0.2	0	-0.3	0	0	0	30.2619	657.097107	136.258621	-0.121109	0	0.403565	-1.60E-05	-0.745792	-5.00E-06
5.523	0	0	0	0.2	0	-0.3	0	0	0	29.644144	652.971436	136.258621	-0.120755	0	0.403565	-1.00E-05	-0.745792	-4.00E-06
5.524	0	0	0	0.2	0	-0.3	0	0	0	29.089085	649.346008	136.650391	-0.120508	0	0.40438	-1.40E-05	-0.585849	-3.00E-06
5.525	0	0	0	0.2	0	-0.3	0	0	0	28.704882	647.466003	136.650391	-0.120508	0	0.40438	-1.40E-05	-0.585849	-3.00E-06
5.526	0	0	0	0.2	0	-0.3	0	0	0	27.922762	645.244995	135.631866	-0.120946	0	0.40476	-1.50E-05	-0.641184	-2.00E-06
5.527	0	0	0	0.2	0	-0.3	0	0	0	27.608473	643.547119	135.396667	-0.120946	0	0.404689	-1.80E-05	-0.645583	-1.00E-06
5.528	0	0	0	0.2	0	-0.3	0	0	0	27.376362	639.750793	134.534912	-0.120645	0	0.404689	-1.80E-05	-0.641184	-1.00E-06
5.529	0	0	0	0.2	0	-0.3	0	0	0	26.285006	633.427307	134.378082	-0.120645	0	0.404145	-1.60E-05	-0.645583	-5.00E-06
5.53	0	0	0	0.2	0	-0.3	0	0	0	25.423597	633.056152	134.378082	-0.120642	0	0.404145	-1.60E-05	-0.70917	-6.00E-06
5.531	0	0	0	0.2	0	-0.3	0	0	0	24.721495	628.939392	134.378082	-0.120917	0	0.404937	-1.60E-05	-0.70917	-6.00E-06
5.532	0	0	0	0.2	0	-0.3	0	0	0	24.412975	625.174255	133.594742	-0.120642	0	0.405042	-1.10E-05	-0.5841	-4.00E-06
5.533	0	0	0	0.2	0	-0.3	0	0	0	24.254389	623.102966	133.516327	-0.120571	0	0.405369	-1.10E-05	-0.5841	-3.00E-06
5.534	0	0	0	0.2	0	-0.3	0	0	0	23.39514	620.697632	132.967972	-0.120571	0	0.405369	-1.80E-05	-0.604564	-3.00E-06
5.535	0	0	0	0.2	0	-0.3	0	0	0	22.142307	613.155212	132.889725	-0.120544	0	0.405288	-1.80E-05	-0.668871	-2.00E-06
5.536	0	0	0	0.2	0	-0.3	0	0	0	21.364521	608.867493	132.263245	-0.120539	0	0.405211	-1.30E-05	-0.668871	-2.00E-06
5.537	0	0	0	0.2	0	-0.3	0	0	0	21.361633	606.632629	131.87146	-0.120444	0	0.405211	-8.00E-06	-0.57771	-5.00E-06
5.538	0	0	0	0.2	0	-0.3	0	0	0	20.970936	599.428467	131.401718	-0.120371	0	0.405454	-1.00E-05	-0.57771	-6.00E-06
5.539	0	0	0	0.2	0	-0.3	0	0	0	20.4995	597.030396	131.401718	-0.120371	0	0.405993	-6.00E-06	-0.520891	-5.00E-06
5.54	0	0	0	0.2	0	-0.3	0	0	0	19.87525	594.626526	131.088531	-0.120239	0	0.406974	-1.00E-05	-0.573941	-6.00E-06
5.541	0	0	0	0.2	0	-0.3	0	0	0	19.247393	586.373596	129.991974	-0.120239	0	0.406974	-5.00E-06	-0.573941	-5.00E-06
5.542	0	0	0	0.2	0	-0.3	0	0	0	17.447437	580.382935	128.503693	-0.12029	0	0.406553	-3.00E-06	-0.573941	-5.00E-06
5.543	0	0	0	0.2	0	-0.3	0	0	0	17.447437	577.476562	128.190491	-0.120728	0	0.406553	-3.00E-06	-0.4783	-5.00E-06
5.544	0	0	0	0.2	0	-0.3	0	0	0	17.134592	569.760498	127.642181	-0.120728	0	0.407072	-6.00E-06	-0.388302	-5.00E-06
5.545	0	0	0	0.2	0	-0.3	0	0	0	16.660992	567.855835	127.094231	-0.1206	0	0.408036	-9.00E-06	-0.388302	-5.00E-06
5.546	0	0	0	0.2	0	-0.3	0	0	0	16.659548	560.820251	126.46759	-0.120084	0	0.408224	-6.00E-06	-0.388302	-5.00E-06
5.547	0	0	0	0.2	0	-0.3	0	0	0	16.425274	554.813354	125.371162	-0.120066	0	0.40828	-4.00E-06	-0.421714	-4.00E-06
5.548	0	0	0	0.2	0	-0.3	0	0	0	14.545304	547.78241	124.352829	-0.120084	0	0.40828	-4.00E-06	-0.31431	-4.00E-06
5.549	0	0	0	0.2	0	-0.3	0	0	0	14.545304	542.817322	123.804749	-0.120184	0	0.408493	-4.00E-06	-0.31431	-5.00E-06
5.55	0	0	0	0.2	0	-0.3	0	0	0	14.617383	540.419678	122.864822	-0.120184	0	0.409005	-1.40E-05	-0.25253	-5.00E-06
5.551	0	0	0	0.2	0	-0.3	0	0	0	14.617383	533.535706	122.23822	-0.119821	0	0.409912	-5.00E-06	-0.224816	-4.00E-06
5.552	0	0	0	0.2	0	-0.3	0	0	0	13.599547	524.614258	121.219917	-0.11982	0	0.410179	-7.00E-06	-0.24035	-1.00E-06
5.553	0	0	0	0.2	0	-0.3	0	0	0	13.444567	519.117737	120.828354	-0.119409	0	0.410522	-7.00E-06	-0.224816	-1.00E-06
5.554	0	0	0	0.2	0	-0.3	0	0	0	12.271031	515.35498	119.105194	-0.119409	0	0.410603	-1.50E-05	-0.184003	-1.00E-06
5.555	0	0	0	0.2	0	-0.3	0	0	0	12.271031	507.990784	118.713303	-0.120047	0	0.410522	-1.50E-05	-0.102057	-3.00E-06
5.556	0	0	0	0.2	0	-0.3	0	0	0	12.49809	501.831177	117.460014	-0.120047	0	0.410387	-1.20E-05	-0.006871	-3.00E-06
5.557	0	0	0	0.2	0	-0.3	0	0	0	12.49809	501.477844	115.815079	-0.119606	0	0.410387	-7.00E-06	-0.006871	-3.00E-06
5.558	0	0	0	0.2	0	-0.3	0	0	0	12.338058	488.765137	115.03157	-0.119258	0	0.411434	-2.00E-06	-0.006871	-3.00E-06
5.559	0	0	0	0.2	0	-0.3	0	0	0	12.263095	481.741913	113.386711	-0.119258	0	0.412091	-2.00E-06	0.008906	-3.00E-06
5.56	0	0	0	0.2	0	-0.3	0	0	0	11.788772	477.110535	112.524948	-0.119597	0	0.412322	-2.00E-06	0.04791	-3.00E-06
5.561	0	0	0	0.2	0	-0.3	0	0	0	11.788772	469.051636	111.819893	-0.119776	0	0.412721	-1.00E-05	0.116529	-3.00E-06
5.562	0	0	0	0.2	0	-0.3	0	0	0	11.788772	463.56778	110.880013	-0.119843	0	0.412721	-1.00E-05	0.214516	-3.00E-06
5.563	0	0	0	0.2	0	-0.3	0	0	0	11.943753	462.387054	110.096786	-0.119776	0	0.412725	-1.20E-05	0.254703	-2.00E-06
5.564	0	0	0	0.2	0	-0.3	0	0	0	11.395186	446.046326	109.626923	-0.119843	0	0.412707	-1.20E-05	0.254703	-3.00E-06
5.565	0	0	0	0.2	0	-0.3	0	0	0	10.921589	444.562469	107.824837	-0.120248	0	0.415319	-1.20E-05	0.331934	-3.00E-06
5.566	0	0	0	0.2	0	-0.3	0	0	0	10.377354	434.583344	107.43351	-0.120248	0	0.415508	-7.00E-06	0.419965	-3.00E-06
5.567	0	0	0	0.2	0	-0.3	0	0	0	10.377354	426.520172	106.023354	-0.119934	0	0.415733	-6.00E-06	0.494761	-2.00E-06
5.568	0	0	0	0.2	0	-0.3	0	0	0	10.13875	418.454742	105.005058	-0.119934	0	0.416111	-3.00E-06	0.495169	-2.00E-06
5.569	0	0	0	0.2	0	-0.3	0	0	0	10.13875	414.521912	103.359795	-0.119934	0	0.416309	-3.00E-06	0.571414	-2.00E-06
5.57	0	0	0	0.2	0	-0.3	0	0	0	10.13875	408.861786	102.184799	-0.119821	0	0.416628	-5.00E-06	0.571414	-3.00E-06
5.571	0	0	0	0.2	0	-0.3	0	0	0	9.823738	397.193695	100.852776	-0.119821	0	0.41694	-1.00E-05	0.532686	-3.00E-06
5.572	0	0	0	0.2	0	-0.3	0	0	0	9.823738	389.825958	99.364418	-0.119821	0	0.417435	-7.00E-06	0.532686	-3.00E-06
5.573	0	0	0	0.2	0	-0.3	0	0	0	9.273729	383.6521	98.345879	-0.119821	0	0.41752	-7.00E-06	0.64863	-3.00E-06
5.574	0	0	0	0.2	0	-0.3	0	0	0	8.803739	380.051697	96.074127	-0.119441	0	0.418299	-7.00E-06	0.64863	-2.00E-06
5.575	0	0	0	0.2	0	-0.3	0	0	0	8.177323	371.467499	94.898819	-0.119441	0	0.418587	-5.00E-06	0.64863	-2.00E-06
5.576	0	0	0	0.2	0	-0.3	0	0	0	8.177323	365.476776	93.802223	-0.11942	0	0.419759	-5.00E-06	0.533565	-3.00E-06
5.577	0	0	0	0.2	0	-0.3	0	0	0	6.845199	354.825043	91.843399	-0.11991	0	0.421026	-5.00E-06	0.556872	-3.00E-06
5.578	0	0	0	0.2	0	-0.3	0	0	0	6.609481	345.229401	90.354919	-0.120268	0	0.421489	-3.00E-06	0.556872	-2.00E-06
5.579	0	0	0	0.2	0	-0.3	0	0	0	6.219504	339.747498	88.788147	-0.120268	0	0.421548	-3.00E-06	0.625801	-2.00E-06
5.58	0	0	0	0.2	0	-0.3	0	0	0	6.373041	334.947937	86.907928	-0.11995	0	0.422559	-3.00E-06	0.665614	-1.00E-06
5.581	0	0	0	0.2	0	-0.3	0	0	0	6.138045	326.69809	84.400711	-0.119651	0	0.423146	-3.00E-06	0.625801	-3.00E-06
5.582	0	0	0	0.2	0	-0.3	0	0	0	5.58876	317.966888	82.520454	-0.119651	0	0.423705	-1.00E-05	0.640629	-3.00E-06
5.583	0	0	0	0.2	0	-0.3	0	0	0	5.58876	311.954559	79.934944	-0.119651	0	0.426045	-1.00E-05	0.640629	-3.00E-06
5.584	0	0	0	0.2	0	-0.3	0	0	0	5.353763	300.273651	79.778358	-0.119485	0	0.426045	-1.10E-05	0.805424	-2.00E-06
5.585	0	0	0	0.2	0	-0.3	0	0	0	5.276634	295.998749	74.999397	-0.119485	0	0.426343	-1.10E-05	0.805424	-2.00E-06
5.586	0	0	0	0.2	0	-0.3	0	0	0	4.335928	292.403809	73.588882	-0.11942	0	0.426343	-9.00E-06	0.653053	-2.00E-06
5.587	0	0	0	0.2	0	-0.3	0	0	0	3.549481	286.577057	73.51059	-0.119507	0	0.427867	-9.00E-06	0.443944	-2.00E-06
5.588	0	0	0	0.2	0	-0.3	0	0	0	3.315928	278.509674	71.316772	-0.11942	0	0.427984	-7.00E-06	0.443944	-1.00E-06
5.589	0	0	0	0.2	0	-0.3	0	0	0	2.923789	270.961456	70.141815	-0.119109	0	0.429712	-7.00E-06	0.478845	-1.00E-06
5.59	0	0	0	0.2	0	-0.3	0	0	0	2.535254	262.728577	67.477936	-0.119014	0	0.430198	-7.00E-06	0.56241	-1.00E-06
5.591	0	0	0	0.2	0	-0.3	0	0	0	2.145999	257.92749	65.832672	-0.119014	0	0.430287	-9.00E-06	0.579464	-1.00E-06
5.592	0	0	0	0.2	0	-0.3	0	0	0	1.987413	256.581665	63.638813	-0.119238	0	0.430198	-1.00E-05	0.700397	-1.00E-06
5.593	0	0	0	0.2	0	-0.3	0	0	0	1.987413	252.7742	61.053429	-0.119238	0	0.432358	-1.00E-05	0.700397	-1.00E-06
5.594	0	0	0	0.2	0	-0.3	0	0	0	1.596716	245.231369	58.624657	-0.11928	0	0.433934	-8.00E-06	0.724119	-1.00E-06
5.595	0	0	0	0.2	0	-0.3	0	0	0	1.36244	235.094162	55.569038	-0.119137	0	0.434298	-4.00E-06	0.688317	-1.00E-06
5.596	0	0	0	0.2	0	-0.3	0	0	0	1.439569	233.226898	53.688381	-0.119137	0	0.434298	-4.00E-06	0.688317	-2.00E-06
5.597	0	0	0	0.2	0	-0.3	0	0	0	1.36244	227.051895	51.02454	-0.119137	0	0.434298	-8.00E-06	0.688317	-1.00E-06
5.598	0	0	0	0.2	0	-0.3	0	0	0	1.439569	222.263123	49.692596	-0.119724	0	0.434924	-8.00E-06	0.72244	-1.00E-06
5.599	0	0	0	0.2	0	-0.3	0	0	0	1.594551	219.336212	47.342003	-0.119724	0	0.437886	-3.00E-06	0.730828	-1.00E-06
5.6	0	0	0	0.2	0	-0.3	0	0	0	1.594551	212.650482	45.226753	-0.119093	0	0.438549	-3.00E-06	0.856159	-1.00E-06
5.601	0	0	0	0.2	0	-0.3	0	0	0	1.126723	207.51767	44.521656	-0.118978	0	0.438549	-9.00E-06	0.856159	-2.00E-06
5.602	0	0	0	0.2	0	-0.3	0	0	0	1.126723	204.930603	43.973141	-0.118422	0	0.440603	-9.00E-06	0.835218	-2.00E-06
5.603	0	0	0	0.2	0	-0.3	0	0	0	1.200966	190.503815	43.346458	-0.118422	0	0.444296	-6.00E-06	0.832349	-2.00E-06
5.604	0	0	0	0.2	0	-0.3	0	0	0	1.200966	190.189407	42.641281	-0.119813	0	0.445605	-3.00E-06	0.835218	-1.00E-06
5.605	0	0	0	0.2	0	-0.3	0	0	0	1.126723	186.570923	40.917572	-0.119813	0	0.447687	0	0.903916	-1.00E-06
5.606	0	0	0	0.2	0	-0.3	0	0	0	0.109609	182.117004	38.645424	-0.118447	0	0.447687	0.00E+00	0.903916	-1.00E-06
5.607	0	0	0	0.2	0	-0.3	0	0	0	0.109609	169.927032	36.999916	-0.118447	0	0.44962	-2.00E-06	0.812074	-1.00E-06
5.608	0	0	0	0.2	0	-0.3	0	0	0	-0.980304	166.168137	36.059868	-0.118447	0	0.449836	-3.00E-06	0.783916	-1.00E-06
5.609	0	0	0	0.2	0	-0.3	0	0	0	-1.136006	165.827576	35.276161	-0.118441	0	0.450591	-3.00E-06	0.812074	-1.00E-06
5.61	0	0	0	0.2	0	-0.3	0	0	0	-1.136006	162.058273	32.847435	-0.118194	0	0.451246	-4.00E-06	0.783916	-1.00E-06
5.611	0	0	0	0.2	0	-0.3	0	0	0	-1.993809	155.868179	32.61208	-0.118194	0	0.453699	-4.00E-06	0.738808	0
5.612	0	0	0	0.2	0	-0.3	0	0	0	-2.231692	153.150436	32.376839	-0.1178	0	0.453699	-4.00E-06	0.620088	0
5.613	0	0	0	0.2	0	-0.3	0	0	0	-3.951628	147.110703	32.61208	-0.118267	0	0.455081	-4.00E-06	0.447989	0
5.614	0	0	0	0.2	0	-0.3	0	0	0	-3.951628	144.902893	32.376839	-0.118052	0	0.453632	-4.00E-06	0.447989	-1.00E-06
5.615	0	0	0	0.2	0	-0.3	0	0	0	-3.167346	137.881958	32.220264	-0.118267	0	0.455081	-4.00E-06	0.497535	-1.00E-06
5.616	0	0	0	0.2	0	-0.3	0	0	0	-3.010922	137.878906	29.399563	-0.118052	0	0.456161	-4.00E-06	0.533979	-1.00E-06
5.617	0	0	0	0.2	0	-0.3	0	0	0	-2.694468	131.695374	27.675766	-0.1154	0	0.456912	-5.00E-06	0.621381	-1.00E-06
5.618	0	0	0	0.2	0	-0.3	0	0	0	-2.069494	126.198051	27.440575	-0.115131	0	0.45911	-1.00E-06	0.630516	-1.00E-06
5.619	0	0	0	0.2	0	-0.3	0	0	0	-2.069494	123.628746	26.892181	-0.114663	0	0.461298	-3.00E-06	0.630516	-1.00E-06
5.62	0	0	0	0.2	0	-0.3	0	0	0	-2.45875	117.79277	26.421913	-0.114663	0	0.461298	-1.00E-06	0.567811	0.00E+00
5.621	0	0	0	0.2	0	-0.3	0	0	0	-2.537323	117.79277	25.168224	-0.115631	0	0.459669	-1.00E-06	0.567811	-1.00E-06
5.622	0	0	0	0.2	0	-0.3	0	0	0	-2.537323	116.438126	23.836369	-0.115631	0	0.459669	-1.00E-06	0.698707	-1.00E-06
5.623	0	0	0	0.2	0	-0.3	0	0	0	-0.188804	111.055702	22.42601	-0.113209	0	0.476814	-4.00E-06	0.795833	-1.00E-06
5.624	0	0	0	0.2	0	-0.3	0	0	0	-0.188804	101.880547	22.190662	-0.113209	0	0.476814	-4.00E-06	0.795833	0
5.625	0	0	0	0.2	0	-0.3	0	0	0	-1.127346	99.606277	20.310284	-0.113209	0	0.473419	-3.00E-06	0.779815	0
5.626	0	0	0	0.2	0	-0.3	0	0	0	-1.127346	97.911438	19.996964	-0.11423	0	0.473419	-1.00E-06	0.779815	0.00E+00
5.627	0	0	0	0.2	0	-0.3	0	0	0	-0.505979	90.898209	19.60519	-0.1153	0	0.475933	-2.00E-06	0.796178	-1.00E-06
5.628	0	0	0	0.2	0	-0.3	0	0	0	-0.269542	90.897461	19.291588	-0.1153	0	0.478049	-1.00E-06	0.796178	-1.00E-06
5.629	0	0	0	0.2	0	-0.3	0	0	0	-0.110231	88.138733	19.13472	-0.11398	0	0.486531	-2.00E-06	0.772926	-1.00E-06
5.63	0	0	0	0.2	0	-0.3	0	0	0	-0.267377	82.651474	18.74295	-0.11398	0	0.486531	-2.00E-06	0.772926	0
5.631	0	0	0	0.2	0	-0.3	0	0	0	0.355431	72.01207	18.74295	-0.11301	0	0.48675	-2.00E-06	1.056484	0
5.632	0	0	0	0.2	0	-0.3	0	0	0	-0.267377	72.01207	18.194553	-0.112811	0	0.482613	-2.00E-06	1.056484	0
5.633	0	0	0	0.2	0	-0.3	0	0	0	-0.504537	72.01207	15.687454	-0.112811	0	0.490471	-2.00E-06	0.756727	0
5.634	0	0	0	0.2	0	-0.3	0	0	0	-0.504537	71.874382	15.687454	-0.11429	0	0.490471	-1.00E-06	0.756727	0
5.635	0	0	0	0.2	0	-0.3	0	0	0	0.51402	69.821556	16.548969	-0.11429	0	0.49393	-1.00E-06	0.826944	0
5.636	0	0	0	0.2	0	-0.3	0	0	0	0.51402	63.620689	16.548969	-0.111344	0	0.506669	-1.00E-06	0.826944	0
5.637	0	0	0	0.2	0	-0.3	0	0	0	-0.657352	60.371758	14.981918	-0.111344	0	0.507884	-2.00E-06	0.788627	0
5.638	0	0	0	0.2	0	-0.3	0	0	0	-0.657352	57.639687	14.981918	-0.111344	0	0.508078	-2.00E-06	0.788627	0
5.639	0	0	0	0.2	0	-0.3	0	0	0	-0.185195	56.600945	15.13858	-0.110372	0	0.509488	-2.00E-06	0.881118	0
5.64	0	0	0	0.2	0	-0.3	0	0	0	-0.185195	52.478725	15.13858	-0.109183	0	0.521043	-2.00E-06	0.881118	0
5.641	0	0	0	0.2	0	-0.3	0	0	0	-0.653745	52.478725	14.198452	-0.10937	0	0.521043	-1.00E-06	0.83842	0.00E+00
5.642	0	0	0	0.2	0	-0.3	0	0	0	-0.653745	51.798687	13.101219	-0.108919	0	0.521043	-2.00E-06	0.826494	0
5.643	0	0	0	0.2	0	-0.3	0	0	0	-0.10518	41.840134	13.101219	-0.104185	0	0.543427	-2.00E-06	0.826494	0
5.644	0	0	0	0.2	0	-0.3	0	0	0	0.284797	41.840134	13.101219	-0.104185	0	0.543427	-2.00E-06	0.859428	0
5.645	0	0	0	0.2	0	-0.3	0	0	0	0.283355	39.621819	13.101177	-0.104185	0	0.554302	-2.00E-06	0.859428	0
5.646	0	0	0	0.2	0	-0.3	0	0	0	0.283355	39.621819	12.866104	-0.103682	0	0.554302	-2.00E-06	0.773846	0
5.647	0	0	0	0.2	0	-0.3	0	0	0	0.283355	36.867775	12.552502	-0.100783	0	0.562895	-2.00E-06	0.773846	0
5.648	0	0	0	0.2	0	-0.3	0	0	0	0.206946	34.472439	11.690948	-0.099886	0	0.569728	-1.00E-06	0.783577	0
5.649	0	0	0	0.2	0	-0.3	0	0	0	0.206946	32.237934	11.299057	-0.097767	0	0.58864	-1.00E-06	0.783577	0
5.65	0	0	0	0.2	0	-0.3	0	0	0	0.204782	28.820442	10.437176	-0.097767	0	0.594904	-1.00E-06	0.766823	0
5.651	0	0	0	0.2	0	-0.3	0	0	0	0.204782	28.137703	10.437176	-0.097767	0	0.604271	-1.00E-06	0.766823	0
5.652	0	0	0	0.2	0	-0.3	0	0	0	0.674774	26.075642	10.437176	-0.097628	0	0.614394	-1.00E-06	0.828199	0
5.653	0	0	0	0.2	0	-0.3	0	0	0	1.065473	25.391342	8.791553	-0.097012	0	0.616413	0.00E+00	0.974737	0
5.654	0	0	0	0.2	0	-0.3	0	0	0	0.674774	24.024773	8.008167	-0.097628	0	0.614394	0	0.828199	0
5.655	0	0	0	0.2	0	-0.3	0	0	0	0	0	0	-0.13	0	0.305	0	0	0
5.656	0	0	0	0.2	0	-0.3	0	0	0	0	0	0	-0.13	0	0.305	0	0	0
5.657	0	0	0	0.2	0	-0.3	0	0	0	0	0	0	-0.13	0	0.305	0	0	0
5.658	0	0	0	0.2	0	-0.3	0	0	0	0	0	0	-0.13	0	0.305	0	0	0
5.659	0	0	0	0.2	0	-0.3	0	0	0	0	0	0	-0.13	0	0.305	0	0	0
5.66	0	0	0	0.2	0	-0.3	0	0	0	0	0	0	-0.13	0	0.305	0	0	0
5.661	0	0	0	0.2	0	-0.3	0	0	0	0	0	0	-0.13	0	0.305	0	0	0
5.662	0	0	0	0.2	0	-0.3	0	0	0	0	0	0	-0.13	0	0.305	0	0	0
5.663	0	0	0	0.2	0	-0.3	0	0	0	0	0	0	-0.13	0	0.305	0	0	0
5.664	0	0	0	0.2	0	-0.3	0	0	0	0	0	0	-0.13	0	0.305	0	0	0
5.665	0	0	0	0.2	0	-0.3	0	0	0	0	0	0	-0.13	0	0.305	0	0	0
5.666	0	0	0	0.2	0	-0.3	0	0	0	0	0	0	-0.13	0	0.305	0	0	0
5.667	0	0	0	0.2	0	-0.3	0	0	0	0	0	0	-0.13	0	0.305	0	0	0
5.668	0	0	0	0.2	0	-0.3	0	0	0	0	0	0	-0.13	0	0.305	0	0	0
5.669	0	0	0	0.2	0	-0.3	0	0	0	0	0	0	-0.13	0	0.305	0	0	0
5.67	0	0	0	0.2	0	-0.3	0	0	0	0	0	0	-0.13	0	0.305	0	0	0
5.671	0	0	0	0.2	0	-0.3	0	0	0	0	0	0	-0.13	0	0.305	0	0	0
5.672	0	0	0	0.2	0	-0.3	0	0	0	0	0	0	-0.13	0	0.305	0	0	0
5.673	0	0	0	0.2	0	-0.3	0	0	0	0	0	0	-0.13	0	0.305	0	0	0
5.674	0	0	0	0.2	0	-0.3	0	0	0	0	0	0	-0.13	0	0.305	0	0	0
5.675	0	0	0	0.2	0	-0.3	0	0	0	0	0	0	-0.13	0	0.305	0	0	0
5.676	0	0	0	0.2	0	-0.3	0	0	0	0	0	0	-0.13	0	0.305	0	0	0
5.677	0	0	0	0.2	0	-0.3	0	0	0	0	0	0	-0.13	0	0.305	0	0	0
5.678	0	0	0	0.2	0	-0.3	0	0	0	0	0	0	-0.13	0	0.305	0	0	0
5.679	0	0	0	0.2	0	-0.3	0	0	0	0	0	0	-0.13	0	0.305	0	0	0
5.68	0	0	0	0.2	0	-0.3	0	0	0	0	0	0	-0.13	0	0.305	0	0	0
5.681	0	0	0	0.2	0	-0.3	0	0	0	0	0	0	-0.13	0	0.305	0	0	0
5.682	0	0	0	0.2	0	-0.3	0	0	0	0	0	0	-0.13	0	0.305	0	0	0
5.683	0	0	0	0.2	0	-0.3	0	0	0	0	0	0	-0.13	0	0.305	0	0	0
5.684	0	0	0	0.2	0	-0.3	0	0	0	0	0	0	-0.13	0	0.305	0	0	0
5.685	0	0	0	0.2	0	-0.3	0	0	0	0	0	0	-0.13	0	0.305	0	0	0
5.686	0	0	0	0.2	0	-0.3	0	0	0	0	0	0	-0.13	0	0.305	0	0	0
5.687	0	0	0	0.2	0	-0.3	0	0	0	0	0	0	-0.13	0	0.305	0	0	0
5.688	0	0	0	0.2	0	-0.3	0	0	0	0	0	0	-0.13	0	0.305	0	0	0
5.689	0	0	0	0.2	0	-0.3	0	0	0	0	0	0	-0.13	0	0.305	0	0	0
5.69	0	0	0	0.2	0	-0.3	0	0	0	0	0	0	-0.13	0	0.305	0	0	0
5.691	0	0	0	0.2	0	-0.3	0	0	0	0	0	0	-0.13	0	0.305	0	0	0
5.692	0	0	0	0.2	0	-0.3	0	0	0	0	0	0	-0.13	0	0.305	0	0	0
5.693	0	0	0	0.2	0	-0.3	0	0	0	0	0	0	-0.13	0	0.305	0	0	0
5.694	0	0	0	0.2	0	-0.3	0	0	0	0	0	0	-0.13	0	0.305	0	0	0
5.695	0	0	0	0.2	0	-0.3	0	0	0	0	0	0	-0.13	0	0.305	0	0	0
5.696	0	0	0	0.2	0	-0.3	0	0	0	0	0	0	-0.13	0	0.305	0	0	0
5.697	0	0	0	0.2	0	-0.3	0	0	0	0	0	0	-0.13	0	0.305	0	0	0
5.698	0	0	0	0.2	0	-0.3	0	0	0	0	0	0	-0.13	0	0.305	0	0	0
5.699	0	0	0	0.2	0	-0.3	0	0	0	0	0	0	-0.13	0	0.305	0	0	0
5.7	0	0	0	0.2	0	-0.3	0	0	0	0	0	0	-0.13	0	0.305	0	0	0
5.701	0	0	0	0.2	0	-0.3	0	0	0	0	0	0	-0.13	0	0.305	0	0	0
5.702	0	0	0	0.2	0	-0.3	0	0	0	0	0	0	-0.13	0	0.305	0	0	0
5.703	0	0	0	0.2	0	-0.3	0	0	0	0	0	0	-0.13	0	0.305	0	0	0
5.704	0	0	0	0.2	0	-0.3	0	0	0	0	0	0	-0.13	0	0.305	0	0	0
5.705	0	0	0	0.2	0	-0.3	0	0	0	0	0	0	-0.13	0	0.305	0	0	0
5.706	0	0	0	0.2	0	-0.3	0	0	0	0	0	0	-0.13	0	0.305	0	0	0
5.707	0	0	0	0.2	0	-0.3	0	0	0	0	0	0	-0.13	0	0.305	0	0	0
5.708	0	0	0	0.2	0	-0.3	0	0	0	0	0	0	-0.13	0	0.305	0	0	0
5.709	0	0	0	0.2	0	-0.3	0	0	0	0	0	0	-0.13	0	0.305	0	0	0
5.71	0	0	0	0.2	0	-0.3	0	0	0	0	0	0	-0.13	0	0.305	0	0	0
5.711	0	0	0	0.2	0	-0.3	0	0	0	0	0	0	-0.13	0	0.305	0	0	0
5.712	0	0	0	0.2	0	-0.3	0	0	0	0	0	0	-0.13	0	0.305	0	0	0
5.713	0	0	0	0.2	0	-0.3	0	0	0	0	0	0	-0.13	0	0.305	0	0	0
5.714	0	0	0	0.2	0	-0.3	0	0	0	0	0	0	-0.13	0	0.305	0	0	0
5.715	0	0	0	0.2	0	-0.3	0	0	0	0	0	0	-0.13	0	0.305	0	0	0
5.716	0	0	0	0.2	0	-0.3	0	0	0	0	0	0	-0.13	0	0.305	0	0	0
5.717	0	0	0	0.2	0	-0.3	0	0	0	0	0	0	-0.13	0	0.305	0	0	0
5.718	0	0	0	0.2	0	-0.3	0	0	0	0	0	0	-0.13	0	0.305	0	0	0
5.719	0	0	0	0.2	0	-0.3	0	0	0	0	0	0	-0.13	0	0.305	0	0	0
5.72	0	0	0	0.2	0	-0.3	0	0	0	0	0	0	-0.13	0	0.305	0	0	0
5.721	0	0	0	0.2	0	-0.3	0	0	0	0	0	0	-0.13	0	0.305	0	0	0
5.722	0	0	0	0.2	0	-0.3	0	0	0	0	0	0	-0.13	0	0.305	0	0	0
5.723	0	0	0	0.2	0	-0.3	0	0	0	0	0	0	-0.13	0	0.305	0	0	0
5.724	0	0	0	0.2	0	-0.3	0	0	0	0	0	0	-0.13	0	0.305	0	0	0
5.725	0	0	0	0.2	0	-0.3	0	0	0	0	0	0	-0.13	0	0.305	0	0	0
5.726	0	0	0	0.2	0	-0.3	0	0	0	0	0	0	-0.13	0	0.305	0	0	0
5.727	0	0	0	0.2	0	-0.3	0	0	0	0	0	0	-0.13	0	0.305	0	0	0
5.728	0	0	0	0.2	0	-0.3	0	0	0	0	0	0	-0.13	0	0.305	0	0	0
5.729	0	0	0	0.2	0	-0.3	0	0	0	0	0	0	-0.13	0	0.305	0	0	0
5.73	0	0	0	0.2	0	-0.3	0	0	0	0	0	0	-0.13	0	0.305	0	0	0
5.731	0	0	0	0.2	0	-0.3	0	0	0	0	0	0	-0.13	0	0.305	0	0	0
5.732	0	0	0	0.2	0	-0.3	0	0	0	0	0	0	-0.13	0	0.305	0	0	0
5.733	0	0	0	0.2	0	-0.3	0	0	0	0	0	0	-0.13	0	0.305	0	0	0
5.734	0	0	0	0.2	0	-0.3	0	0	0	0	0	0	-0.13	0	0.305	0	0	0
5.735	0	0	0	0.2	0	-0.3	0	0	0	0	0	0	-0.13	0	0.305	0	0	0
5.736	0	0	0	0.2	0	-0.3	0	0	0	0	0	0	-0.13	0	0.305	0	0	0
5.737	0	0	0	0.2	0	-0.3	0	0	0	0	0	0	-0.13	0	0.305	0	0	0
5.738	0	0	0	0.2	0	-0.3	0	0	0	0	0	0	-0.13	0	0.305	0	0	0
5.739	0	0	0	0.2	0	-0.3	0	0	0	0	0	0	-0.13	0	0.305	0	0	0
5.74	0	0	0	0.2	0	-0.3	0	0	0	0	0	0	-0.13	0	0.305	0	0	0
5.741	0	0	0	0.2	0	-0.3	0	0	0	0	0	0	-0.13	0	0.305	0	0	0
5.742	0	0	0	0.2	0	-0.3	0	0	0	0	0	0	-0.13	0	0.305	0	0	0
5.743	0	0	0	0.2	0	-0.3	0	0	0	0	0	0	-0.13	0	0.305	0	0	0
5.744	0	0	0	0.2	0	-0.3	0	0	0	0	0	0	-0.13	0	0.305	0	0	0
5.745	0	0	0	0.2	0	-0.3	0	0	0	0	0	0	-0.13	0	0.305	0	0	0
5.746	0	0	0	0.2	0	-0.3	0	0	0	0	0	0	-0.13	0	0.305	0	0	0
5.747	0	0	0	0.2	0	-0.3	0	0	0	0	0	0	-0.13	0	0.305	0	0	0
5.748	0	0	0	0.2	0	-0.3	0	0	0	0	0	0	-0.13	0	0.305	0	0	0
5.749	0	0	0	0.2	0	-0.3	0	0	0	0	0	0	-0.13	0	0.305	0	0	0
5.75	0	0	0	0.2	0	-0.3	0	0	0	0	0	0	-0.13	0	0.305	0	0	0
5.751	0	0	0	0.2	0	-0.3	0	0	0	0	0	0	-0.13	0	0.305	0	0	0
5.752	0	0	0	0.2	0	-0.3	0	0	0	0	0	0	-0.13	0	0.305	0	0	0
5.753	0	0	0	0.2	0	-0.3	0	0	0	0	0	0	-0.13	0	0.305	0	0	0
5.754	0	0	0	0.2	0	-0.3	0	0	0	0	0	0	-0.13	0	0.305	0	0	0
5.755	0	0	0	0.2	0	-0.3	0	0	0	0	0	0	-0.13	0	0.305	0	0	0
5.756	0	0	0	0.2	0	-0.3	0	0	0	0	0	0	-0.13	0	0.305	0	0	0
5.757	0	0	0	0.2	0	-0.3	0	0	0	0	0	0	-0.13	0	0.305	0	0	0
5.758	0	0	0	0.2	0	-0.3	0	0	0	0	0	0	-0.13	0	0.305	0	0	0
5.759	0	0	0	0.2	0	-0.3	0	0	0	0	0	0	-0.13	0	0.305	0	0	0
5.76	0	0	0	0.2	0	-0.3	0	0	0	0	0	0	-0.13	0	0.305	0	0	0
5.761	0	0	0	0.2	0	-0.3	0	0	0	0	0	0	-0.13	0	0.305	0	0	0
5.762	0	0	0	0.2	0	-0.3	0	0	0	0	0	0	-0.13	0	0.305	0	0	0
5.763	0	0	0	0.2	0	-0.3	0	0	0	0	0	0	-0.13	0	0.305	0	0	0
5.764	0	0	0	0.2	0	-0.3	0	0	0	0	0	0	-0.13	0	0.305	0	0	0
5.765	0	0	0	0.2	0	-0.3	0	0	0	0	0	0	-0.13	0	0.305	0	0	0
5.766	0	0	0	0.2	0	-0.3	0	0	0	0	0	0	-0.13	0	0.305	0	0	0
5.767	0	0	0	0.2	0	-0.3	0	0	0	0	0	0	-0.13	0	0.305	0	0	0
5.768	0	0	0	0.2	0	-0.3	0	0	0	0	0	0	-0.13	0	0.305	0	0	0
5.769	0	0	0	0.2	0	-0.3	0	0	0	0	0	0	-0.13	0	0.305	0	0	0
5.77	0	0	0	0.2	0	-0.3	0	0	0	0	0	0	-0.13	0	0.305	0	0	0
5.771	0	0	0	0.2	0	-0.3	0	0	0	0	0	0	-0.13	0	0.305	0	0	0
5.772	0	0	0	0.2	0	-0.3	0	0	0	0	0	0	-0.13	0	0.305	0	0	0
5.773	0	0	0	0.2	0	-0.3	0	0	0	0	0	0	-0.13	0	0.305	0	0	0
5.774	0	0	0	0.2	0	-0.3	0	0	0	0	0	0	-0.13	0	0.305	0	0	0
5.775	0	0	0	0.2	0	-0.3	0	0	0	0	0	0	-0.13	0	0.305	0	0	0
5.776	0	0	0	0.2	0	-0.3	0	0	0	0	0	0	-0.13	0	0.305	0	0	0
5.777	0	0	0	0.2	0	-0.3	0	0	0	0	0	0	-0.13	0	0.305	0	0	0
5.778	0	0	0	0.2	0	-0.3	0	0	0	0	0	0	-0.13	0	0.305	0	0	0
5.779	0	0	0	0.2	0	-0.3	0	0	0	0	0	0	-0.13	0	0.305	0	0	0
5.78	0	0	0	0.2	0	-0.3	0	0	0	0	0	0	-0.13	0	0.305	0	0	0
5.781	0	0	0	0.2	0	-0.3	0	0	0	0	0	0	-0.13	0	0.305	0	0	0
5.782	0	0	0	0.2	0	-0.3	0	0	0	0	0	0	-0.13	0	0.305	0	0	0
5.783	0	0	0	0.2	0	-0.3	0	0	0	0	0	0	-0.13	0	0.305	0	0	0
5.784	0	0	0	0.2	0	-0.3	0	0	0	0	0	0	-0.13	0	0.305	0	0	0
5.785	0	0	0	0.2	0	-0.3	0	0	0	0	0	0	-0.13	0	0.305	0	0	0
5.786	0	0	0	0.2	0	-0.3	0	0	0	0	0	0	-0.13	0	0.305	0	0	0
5.787	0	0	0	0.2	0	-0.3	0	0	0	0	0	0	-0.13	0	0.305	0	0	0
5.788	0	0	0	0.2	0	-0.3	0	0	0	0	0	0	-0.13	0	0.305	0	0	0
5.789	0	0	0	0.2	0	-0.3	0	0	0	0	0	0	-0.13	0	0.305	0	0	0
5.79	0	0	0	0.2	0	-0.3	0	0	0	0	0	0	-0.13	0	0.305	0	0	0
5.791	0	0	0	0.2	0	-0.3	0	0	0	0	0	0	-0.13	0	0.305	0	0	0
5.792	0	0	0	0.2	0	-0.3	0	0	0	0	0	0	-0.13	0	0.305	0	0	0
5.793	0	0	0	0.2	0	-0.3	0	0	0	0	0	0	-0.13	0	0.305	0	0	0
5.794	0	0	0	0.2	0	-0.3	0	0	0	0	0	0	-0.13	0	0.305	0	0	0
5.795	0	0	0	0.2	0	-0.3	0	0	0	0	0	0	-0.13	0	0.305	0	0	0
5.796	0	0	0	0.2	0	-0.3	0	0	0	0	0	0	-0.13	0	0.305	0	0	0
5.797	0	0	0	0.2	0	-0.3	0	0	0	0	0	0	-0.13	0	0.305	0	0	0
5.798	0	0	0	0.2	0	-0.3	0	0	0	0	0	0	-0.13	0	0.305	0	0	0
5.799	0	0	0	0.2	0	-0.3	0	0	0	0	0	0	-0.13	0	0.305	0	0	0
5.8	0	0	0	0.2	0	-0.3	0	0	0	0	0	0	-0.13	0	0.305	0	0	0
5.801	0	0	0	0.2	0	-0.3	0	0	0	0	0	0	-0.13	0	0.305	0	0	0
5.802	0	0	0	0.2	0	-0.3	0	0	0	0	0	0	-0.13	0	0.305	0	0	0
5.803	0	0	0	0.2	0	-0.3	0	0	0	0	0	0	-0.13	0	0.305	0	0	0
5.804	0	0	0	0.2	0	-0.3	0	0	0	0	0	0	-0.13	0	0.305	0	0	0
5.805	0	0	0	0.2	0	-0.3	0	0	0	0	0	0	-0.13	0	0.305	0	0	0
5.806	0	0	0	0.2	0	-0.3	0	0	0	0	0	0	-0.13	0	0.305	0	0	0
5.807	0	0	0	0.2	0	-0.3	0	0	0	0	0	0	-0.13	0	0.305	0	0	0
5.808	0	0	0	0.2	0	-0.3	0	0	0	0	0	0	-0.13	0	0.305	0	0	0
5.809	0	0	0	0.2	0	-0.3	0	0	0	0	0	0	-0.13	0	0.305	0	0	0
5.81	0	0	0	0.2	0	-0.3	0	0	0	0	0	0	-0.13	0	0.305	0	0	0
5.811	0	0	0	0.2	0	-0.3	0	0	0	0	0	0	-0.13	0	0.305	0	0	0
5.812	0	0	0	0.2	0	-0.3	0	0	0	0	0	0	-0.13	0	0.305	0	0	0
5.813	0	0	0	0.2	0	-0.3	0	0	0	0	0	0	-0.13	0	0.305	0	0	0
5.814	0	0	0	0.2	0	-0.3	0	0	0	0	0	0	-0.13	0	0.305	0	0	0
5.815	0	0	0	0.2	0	-0.3	0	0	0	0	0	0	-0.13	0	0.305	0	0	0
5.816	0	0	0	0.2	0	-0.3	0	0	0	0	0	0	-0.13	0	0.305	0	0	0
5.817	0	0	0	0.2	0	-0.3	0	0	0	0	0	0	-0.13	0	0.305	0	0	0
5.818	0	0	0	0.2	0	-0.3	0	0	0	0	0	0	-0.13	0	0.305	0	0	0
5.819	0	0	0	0.2	0	-0.3	0	0	0	0	0	0	-0.13	0	0.305	0	0	0
5.82	0	0	0	0.2	0	-0.3	0	0	0	0	0	0	-0.13	0	0.305	0	0	0
5.821	0	0	0	0.2	0	-0.3	0	0	0	0	0	0	-0.13	0	0.305	0	0	0
5.822	0	0	0	0.2	0	-0.3	0	0	0	0	0	0	-0.13	0	0.305	0	0	0
5.823	0	0	0	0.2	0	-0.3	0	0	0	0	0	0	-0.13	0	0.305	0	0	0
5.824	0	0	0	0.2	0	-0.3	0	0	0	0	0	0	-0.13	0	0.305	0	0	0
5.825	0	0	0	0.2	0	-0.3	0	0	0	0	0	0	-0.13	0	0.305	0	0	0
5.826	0	0	0	0.2	0	-0.3	0	0	0	0	0	0	-0.13	0	0.305	0	0	0
5.827	0	0	0	0.2	0	-0.3	0	0	0	0	0	0	-0.13	0	0.305	0	0	0
5.828	0	0	0	0.2	0	-0.3	0	0	0	0	0	0	-0.13	0	0.305	0	0	0
5.829	0	0	0	0.2	0	-0.3	0	0	0	0	0	0	-0.13	0	0.305	0	0	0
5.83	0	0	0	0.2	0	-0.3	0	0	0	0	0	0	-0.13	0	0.305	0	0	0
5.831	0	0	0	0.2	0	-0.3	0	0	0	0	0	0	-0.13	0	0.305	0	0	0
5.832	0	0	0	0.2	0	-0.3	0	0	0	0	0	0	-0.13	0	0.305	0	0	0
5.833	0	0	0	0.2	0	-0.3	0	0	0	0	0	0	-0.13	0	0.305	0	0	0
5.834	0	0	0	0.2	0	-0.3	0	0	0	0	0	0	-0.13	0	0.305	0	0	0
5.835	0	0	0	0.2	0	-0.3	0	0	0	0	0	0	-0.13	0	0.305	0	0	0
5.836	0	0	0	0.2	0	-0.3	0	0	0	0	0	0	-0.13	0	0.305	0	0	0
5.837	0	0	0	0.2	0	-0.3	0	0	0	0	0	0	-0.13	0	0.305	0	0	0
5.838	0	0	0	0.2	0	-0.3	0	0	0	0	0	0	-0.13	0	0.305	0	0	0
5.839	0	0	0	0.2	0	-0.3	0	0	0	0	0	0	-0.13	0	0.305	0	0	0
5.84	0	0	0	0.2	0	-0.3	0	0	0	0	0	0	-0.13	0	0.305	0	0	0
5.841	0	0	0	0.2	0	-0.3	0	0	0	0	0	0	-0.13	0	0.305	0	0	0
5.842	0	0	0	0.2	0	-0.3	0	0	0	0	0	0	-0.13	0	0.305	0	0	0
5.843	0	0	0	0.2	0	-0.3	0	0	0	0	0	0	-0.13	0	0.305	0	0	0
5.844	0	0	0	0.2	0	-0.3	0	0	0	0	0	0	-0.13	0	0.305	0	0	0
5.845	0	0	0	0.2	0	-0.3	0	0	0	0	0	0	-0.13	0	0.305	0	0	0
5.846	0	0	0	0.2	0	-0.3	0	0	0	0	0	0	-0.13	0	0.305	0	0	0
5.847	0	0	0	0.2	0	-0.3	0	0	0	0	0	0	-0.13	0	0.305	0	0	0
5.848	0	0	0	0.2	0	-0.3	0	0	0	0	0	0	-0.13	0	0.305	0	0	0
5.849	0	0	0	0.2	0	-0.3	0	0	0	0	0	0	-0.13	0	0.305	0	0	0
5.85	0	0	0	0.2	0	-0.3	0	0	0	0	0	0	-0.13	0	0.305	0	0	0
5.851	0	0	0	0.2	0	-0.3	0	0	0	0	0	0	-0.13	0	0.305	0	0	0
5.852	0	0	0	0.2	0	-0.3	0	0	0	0	0	0	-0.13	0	0.305	0	0	0
5.853	0	0	0	0.2	0	-0.3	0	0	0	0	0	0	-0.13	0	0.305	0	0	0
5.854	0	0	0	0.2	0	-0.3	0	0	0	0	0	0	-0.13	0	0.305	0	0	0
5.855	0	0	0	0.2	0	-0.3	0	0	0	0	0	0	-0.13	0	0.305	0	0	0
5.856	0	0	0	0.2	0	-0.3	0	0	0	0	0	0	-0.13	0	0.305	0	0	0
5.857	0	0	0	0.2	0	-0.3	0	0	0	0	0	0	-0.13	0	0.305	0	0	0
5.858	0	0	0	0.2	0	-0.3	0	0	0	0	0	0	-0.13	0	0.305	0	0	0
5.859	0	0	0	0.2	0	-0.3	0	0	0	0	0	0	-0.13	0	0.305	0	0	0
5.86	0	0	0	0.2	0	-0.3	0	0	0	0	0	0	-0.13	0	0.305	0	0	0
5.861	0	0	0	0.2	0	-0.3	0	0	0	0	0	0	-0.13	0	0.305	0	0	0
5.862	0	0	0	0.2	0	-0.3	0	0	0	0	0	0	-0.13	0	0.305	0	0	0
5.863	0	0	0	0.2	0	-0.3	0	0	0	0	0	0	-0.13	0	0.305	0	0	0
5.864	0	0	0	0.2	0	-0.3	0	0	0	0	0	0	-0.13	0	0.305	0	0	0
5.865	0	0	0	0.2	0	-0.3	0	0	0	0	0	0	-0.13	0	0.305	0	0	0
5.866	0	0	0	0.2	0	-0.3	0	0	0	0	0	0	-0.13	0	0.305	0	0	0
5.867	0	0	0	0.2	0	-0.3	0	0	0	0	0	0	-0.13	0	0.305	0	0	0
5.868	0	0	0	0.2	0	-0.3	0	0	0	0	0	0	-0.13	0	0.305	0	0	0
5.869	0	0	0	0.2	0	-0.3	0	0	0	0	0	0	-0.13	0	0.305	0	0	0
5.87	0	0	0	0.2	0	-0.3	0	0	0	0	0	0	-0.13	0	0.305	0	0	0
5.871	0	0	0	0.2	0	-0.3	0	0	0	0	0	0	-0.13	0	0.305	0	0	0
5.872	0	0	0	0.2	0	-0.3	0	0	0	0	0	0	-0.13	0	0.305	0	0	0
5.873	0	0	0	0.2	0	-0.3	0	0	0	0	0	0	-0.13	0	0.305	0	0	0
5.874	0	0	0	0.2	0	-0.3	0	0	0	0	0	0	-0.13	0	0.305	0	0	0
5.875	0	0	0	0.2	0	-0.3	0	0	0	0	0	0	-0.13	0	0.305	0	0	0
5.876	0	0	0	0.2	0	-0.3	0	0	0	0	0	0	-0.13	0	0.305	0	0	0
5.877	0	0	0	0.2	0	-0.3	0	0	0	0	0	0	-0.13	0	0.305	0	0	0
5.878	0	0	0	0.2	0	-0.3	0	0	0	0	0	0	-0.13	0	0.305	0	0	0
5.879	0	0	0	0.2	0	-0.3	0	0	0	0	0	0	-0.13	0	0.305	0	0	0
5.88	0	0	0	0.2	0	-0.3	0	0	0	0	0	0	-0.13	0	0.305	0	0	0
5.881	0	0	0	0.2	0	-0.3	0	0	0	0	0	0	-0.13	0	0.305	0	0	0
5.882	0	0	0	0.2	0	-0.3	0	0	0	0	0	0	-0.13	0	0.305	0	0	0
5.883	0	0	0	0.2	0	-0.3	0	0	0	0	0	0	-0.13	0	0.305	0	0	0
5.884	0	0	0	0.2	0	-0.3	0	0	0	0	0	0	-0.13	0	0.305	0	0	0
5.885	0	0	0	0.2	0	-0.3	0	0	0	0	0	0	-0.13	0	0.305	0	0	0
5.886	0	0	0	0.2	0	-0.3	0	0	0	0	0	0	-0.13	0	0.305	0	0	0
5.887	0	0	0	0.2	0	-0.3	0	0	0	0	0	0	-0.13	0	0.305	0	0	0
5.888	0	0	0	0.2	0	-0.3	0	0	0	0	0	0	-0.13	0	0.305	0	0	0
5.889	0	0	0	0.2	0	-0.3	0	0	0	0	0	0	-0.13	0	0.305	0	0	0
5.89	0	0	0	0.2	0	-0.3	0	0	0	0	0	0	-0.13	0	0.305	0	0	0
5.891	0	0	0	0.2	0	-0.3	0	0	0	0	0	0	-0.13	0	0.305	0	0	0
5.892	0	0	0	0.2	0	-0.3	0	0	0	0	0	0	-0.13	0	0.305	0	0	0
5.893	0	0	0	0.2	0	-0.3	0	0	0	0	0	0	-0.13	0	0.305	0	0	0
5.894	0	0	0	0.2	0	-0.3	0	0	0	0	0	0	-0.13	0	0.305	0	0	0
5.895	0	0	0	0.2	0	-0.3	0	0	0	0	0	0	-0.13	0	0.305	0	0	0
5.896	0	0	0	0.2	0	-0.3	0	0	0	0	0	0	-0.13	0	0.305	0	0	0
5.897	0	0	0	0.2	0	-0.3	0	0	0	0	0	0	-0.13	0	0.305	0	0	0
5.898	0	0	0	0.2	0	-0.3	0	0	0	0	0	0	-0.13	0	0.305	0	0	0
5.899	0	0	0	0.2	0	-0.3	0	0	0	0	0	0	-0.13	0	0.305	0	0	0
5.9	0	0	0	0.2	0	-0.3	0	0	0	0	0	0	-0.13	0	0.305	0	0	0
5.901	0	0	0	0.2	0	-0.3	0	0	0	0	0	0	-0.13	0	0.305	0	0	0
5.902	0	0	0	0.2	0	-0.3	0	0	0	0	0	0	-0.13	0	0.305	0	0	0
5.903	0	0	0	0.2	0	-0.3	0	0	0	0	0	0	-0.13	0	0.305	0	0	0
5.904	0	0	0	0.2	0	-0.3	0	0	0	0	0	0	-0.13	0	0.305	0	0	0
5.905	0	0	0	0.2	0	-0.3	0	0	0	0	0	0	-0.13	0	0.305	0	0	0
5.906	0	0	0	0.2	0	-0.3	0	0	0	0	0	0	-0.13	0	0.305	0	0	0
5.907	0	0	0	0.2	0	-0.3	0	0	0	0	0	0	-0.13	0	0.305	0	0	0
5.908	0	0	0	0.2	0	-0.3	0	0	0	0	0	0	-0.13	0	0.305	0	0	0
5.909	0	0	0	0.2	0	-0.3	0	0	0	0	0	0	-0.13	0	0.305	0	0	0
5.91	0	0	0	0.2	0	-0.3	0	0	0	0	0	0	-0.13	0	0.305	0	0	0
5.911	0	0	0	0.2	0	-0.3	0	0	0	0	0	0	-0.13	0	0.305	0	0	0
5.912	0	0	0	0.2	0	-0.3	0	0	0	0	0	0	-0.13	0	0.305	0	0	0
5.913	0	0	0	0.2	0	-0.3	0	0	0	0	0	0	-0.13	0	0.305	0	0	0
5.914	0	0	0	0.2	0	-0.3	0	0	0	0	0	0	-0.13	0	0.305	0	0	0
5.915	0	0	0	0.2	0	-0.3	0	0	0	0	0	0	-0.13	0	0.305	0	0	0
5.916	0	0	0	0.2	0	-0.3	0	0	0	0	0	0	-0.13	0	0.305	0	0	0
5.917	0	0	0	0.2	0	-0.3	0	0	0	0	0	0	-0.13	0	0.305	0	0	0
5.918	0	0	0	0.2	0	-0.3	0	0	0	0	0	0	-0.13	0	0.305	0	0	0
5.919	0	0	0	0.2	0	-0.3	0	0	0	0	0	0	-0.13	0	0.305	0	0	0
5.92	0	0	0	0.2	0	-0.3	0	0	0	0	0	0	-0.13	0	0.305	0	0	0
5.921	0	0	0	0.2	0	-0.3	0	0	0	0	0	0	-0.13	0	0.305	0	0	0
5.922	0	0	0	0.2	0	-0.3	0	0	0	0	0	0	-0.13	0	0.305	0	0	0
5.923	0	0	0	0.2	0	-0.3	0	0	0	0	0	0	-0.13	0	0.305	0	0	0
5.924	0	0	0	0.2	0	-0.3	0	0	0	0	0	0	-0.13	0	0.305	0	0	0
5.925	0	0	0	0.2	0	-0.3	0	0	0	0	0	0	-0.13	0	0.305	0	0	0
5.926	0	0	0	0.2	0	-0.3	0	0	0	0	0	0	-0.13	0	0.305	0	0	0
5.927	0	0	0	0.2	0	-0.3	0	0	0	0	0	0	-0.13	0	0.305	0	0	0
5.928	0	0	0	0.2	0	-0.3	0	0	0	0	0	0	-0.13	0	0.305	0	0	0
5.929	0	0	0	0.2	0	-0.3	0	0	0	0	0	0	-0.13	0	0.305	0	0	0
5.93	0	0	0	0.2	0	-0.3	0	0	0	0	0	0	-0.13	0	0.305	0	0	0
5.931	0	0	0	0.2	0	-0.3	0	0	0	0	0	0	-0.13	0	0.305	0	0	0
5.932	0	0	0	0.2	0	-0.3	0	0	0	0	0	0	-0.13	0	0.305	0	0	0
5.933	0	0	0	0.2	0	-0.3	0	0	0	0	0	0	-0.13	0	0.305	0	0	0
5.934	0	0	0	0.2	0	-0.3	0	0	0	0	0	0	-0.13	0	0.305	0	0	0
5.935	0	0	0	0.2	0	-0.3	0	0	0	0	0	0	-0.13	0	0.305	0	0	0
5.936	0	0	0	0.2	0	-0.3	0	0	0	0	0	0	-0.13	0	0.305	0	0	0
5.937	0	0	0	0.2	0	-0.3	0	0	0	0	0	0	-0.13	0	0.305	0	0	0
5.938	0	0	0	0.2	0	-0.3	0	0	0	0	0	0	-0.13	0	0.305	0	0	0
5.939	0	0	0	0.2	0	-0.3	0	0	0	0	0	0	-0.13	0	0.305	0	0	0
5.94	0	0	0	0.2	0	-0.3	0	0	0	0	0	0	-0.13	0	0.305	0	0	0
5.941	0	0	0	0.2	0	-0.3	0	0	0	0	0	0	-0.13	0	0.305	0	0	0
5.942	0	0	0	0.2	0	-0.3	0	0	0	0	0	0	-0.13	0	0.305	0	0	0
5.943	0	0	0	0.2	0	-0.3	0	0	0	0	0	0	-0.13	0	0.305	0	0	0
5.944	0	0	0	0.2	0	-0.3	0	0	0	0	0	0	-0.13	0	0.305	0	0	0
5.945	0	0	0	0.2	0	-0.3	0	0	0	0	0	0	-0.13	0	0.305	0	0	0
5.946	0	0	0	0.2	0	-0.3	0	0	0	0	0	0	-0.13	0	0.305	0	0	0
5.947	0	0	0	0.2	0	-0.3	0	0	0	0	0	0	-0.13	0	0.305	0	0	0
5.948	0	0	0	0.2	0	-0.3	0	0	0	0	0	0	-0.13	0	0.305	0	0	0
5.949	0	0	0	0.2	0	-0.3	0	0	0	0	0	0	-0.13	0	0.305	0	0	0
5.95	0	0	0	0.2	0	-0.3	0	0	0	0	0	0	-0.13	0	0.305	0	0	0
5.951	0	0	0	0.2	0	-0.3	0	0	0	0	0	0	-0.13	0	0.305	0	0	0
5.952	0	0	0	0.2	0	-0.3	0	0	0	0	0	0	-0.13	0	0.305	0	0	0
5.953	0	0	0	0.2	0	-0.3	0	0	0	0	0	0	-0.13	0	0.305	0	0	0
5.954	0	0	0	0.2	0	-0.3	0	0	0	0	0	0	-0.13	0	0.305	0	0	0
5.955	0	0	0	0.2	0	-0.3	0	0	0	0	0	0	-0.13	0	0.305	0	0	0
5.956	0	0	0	0.2	0	-0.3	0	0	0	0	0	0	-0.13	0	0.305	0	0	0
5.957	0	0	0	0.2	0	-0.3	0	0	0	0	0	0	-0.13	0	0.305	0	0	0
5.958	0	0	0	0.2	0	-0.3	0	0	0	0	0	0	-0.13	0	0.305	0	0	0
5.959	0	0	0	0.2	0	-0.3	0	0	0	0	0	0	-0.13	0	0.305	0	0	0
5.96	0	0	0	0.2	0	-0.3	0	0	0	0	0	0	-0.13	0	0.305	0	0	0
5.961	0	0	0	0.2	0	-0.3	0	0	0	0	0	0	-0.13	0	0.305	0	0	0
5.962	0	0	0	0.2	0	-0.3	0	0	0	0	0	0	-0.13	0	0.305	0	0	0
5.963	0	0	0	0.2	0	-0.3	0	0	0	0	0	0	-0.13	0	0.305	0	0	0
5.964	0	0	0	0.2	0	-0.3	0	0	0	0	0	0	-0.13	0	0.305	0	0	0
5.965	0	0	0	0.2	0	-0.3	0	0	0	0	0	0	-0.13	0	0.305	0	0	0
5.966	0	0	0	0.2	0	-0.3	0	0	0	0	0	0	-0.13	0	0.305	0	0	0
5.967	0	0	0	0.2	0	-0.3	0	0	0	0	0	0	-0.13	0	0.305	0	0	0
5.968	0	0	0	0.2	0	-0.3	0	0	0	0	0	0	-0.13	0	0.305	0	0	0
5.969	0	0	0	0.2	0	-0.3	0	0	0	0	0	0	-0.13	0	0.305	0	0	0
5.97	0	0	0	0.2	0	-0.3	0	0	0	0	0	0	-0.13	0	0.305	0	0	0
5.971	0	0	0	0.2	0	-0.3	0	0	0	0	0	0	-0.13	0	0.305	0	0	0
5.972	0	0	0	0.2	0	-0.3	0	0	0	0	0	0	-0.13	0	0.305	0	0	0
5.973	0	0	0	0.2	0	-0.3	0	0	0	0	0	0	-0.13	0	0.305	0	0	0
5.974	0	0	0	0.2	0	-0.3	0	0	0	0	0	0	-0.13	0	0.305	0	0	0
5.975	0	0	0	0.2	0	-0.3	0	0	0	0	0	0	-0.13	0	0.305	0	0	0
5.976	0	0	0	0.2	0	-0.3	0	0	0	0	0	0	-0.13	0	0.305	0	0	0
5.977	0	0	0	0.2	0	-0.3	0	0	0	0	0	0	-0.13	0	0.305	0	0	0
5.978	0	0	0	0.2	0	-0.3	0	0	0	0	0	0	-0.13	0	0.305	0	0	0
5.979	0	0	0	0.2	0	-0.3	0	0	0	0	0	0	-0.13	0	0.305	0	0	0
5.98	0	0	0	0.2	0	-0.3	0	0	0	0	0	0	-0.13	0	0.305	0	0	0
5.981	0	0	0	0.2	0	-0.3	0	0	0	0	0	0	-0.13	0	0.305	0	0	0
5.982	0	0	0	0.2	0	-0.3	0	0	0	0	0	0	-0.13	0	0.305	0	0	0
5.983	0	0	0	0.2	0	-0.3	0	0	0	0	0	0	-0.13	0	0.305	0	0	0
5.984	0	0	0	0.2	0	-0.3	0	0	0	0	0	0	-0.13	0	0.305	0	0	0
5.985	0	0	0	0.2	0	-0.3	0	0	0	0	0	0	-0.13	0	0.305	0	0	0
5.986	0	0	0	0.2	0	-0.3	0	0	0	0	0	0	-0.13	0	0.305	0	0	0
5.987	0	0	0	0.2	0	-0.3	0	0	0	0	0	0	-0.13	0	0.305	0	0	0
5.988	0	0	0	0.2	0	-0.3	0	0	0	0	0	0	-0.13	0	0.305	0	0	0
5.989	0	0	0	0.2	0	-0.3	0	0	0	0	0	0	-0.13	0	0.305	0	0	0
5.99	0	0	0	0.2	0	-0.3	0	0	0	0	0	0	-0.13	0	0.305	0	0	0
5.991	0	0	0	0.2	0	-0.3	0	0	0	0	0	0	-0.13	0	0.305	0	0	0
5.992	0	0	0	0.2	0	-0.3	0	0	0	0	0	0	-0.13	0	0.305	0	0	0
5.993	0	0	0	0.2	0	-0.3	0	0	0	0	0	0	-0.13	0	0.305	0	0	0
5.994	0	0	0	0.2	0	-0.3	0	0	0	0	0	0	-0.13	0	0.305	0	0	0
5.995	0	0	0	0.2	0	-0.3	0	0	0	0	0	0	-0.13	0	0.305	0	0	0
5.996	0	0	0	0.2	0	-0.3	0	0	0	0	0	0	-0.13	0	0.305	0	0	0
5.997	0	0	0	0.2	0	-0.3	0	0	0	0	0	0	-0.13	0	0.305	0	0	0
5.998	0	0	0	0.2	0	-0.3	0	0	0	0	0	0	-0.13	0	0.305	0	0	0
5.999	0	0	0	0.2	0	-0.3	0	0	0	0	0	0	-0.13	0	0.305	0	0	0
6	0	0	0	0.2	0	-0.3	0	0	0	0	0	0	-0.13	0	0.305	0	0	0
6.001	0	0	0	0.2	0	-0.3	0	0	0	0	0	0	-0.13	0	0.305	0	0	0
6.002	0	0	0	0.2	0	-0.3	0	0	0	0	0	0	-0.13	0	0.305	0	0	0
6.003	0	0	0	0.2	0	-0.3	0	0	0	0	0	0	-0.13	0	0.305	0	0	0
6.004	0	0	0	0.2	0	-0.3	0	0	0	0	0	0	-0.13	0	0.305	0	0	0
6.005	0	0	0	0.2	0	-0.3	0	0	0	0	0	0	-0.13	0	0.305	0	0	0
6.006	0	0	0	0.2	0	-0.3	0	0	0	0	0	0	-0.13	0	0.305	0	0	0
6.007	0	0	0	0.2	0	-0.3	0	0	0	0	0	0	-0.13	0	0.305	0	0	0
6.008	0	0	0	0.2	0	-0.3	0	0	0	0	0	0	-0.13	0	0.305	0	0	0
6.009	0	0	0	0.2	0	-0.3	0	0	0	0	0	0	-0.13	0	0.305	0	0	0
6.01	0	0	0	0.2	0	-0.3	0	0	0	0	0	0	-0.13	0	0.305	0	0	0
6.011	0	0	0	0.2	0	-0.3	0	0	0	0	0	0	-0.13	0	0.305	0	0	0
6.012	0	0	0	0.2	0	-0.3	0	0	0	0	0	0	-0.13	0	0.305	0	0	0
6.013	0	0	0	0.2	0	-0.3	0	0	0	0	0	0	-0.13	0	0.305	0	0	0
6.014	0	0	0	0.2	0	-0.3	0	0	0	0	0	0	-0.13	0	0.305	0	0	0
6.015	0	0	0	0.2	0	-0.3	0	0	0	0	0	0	-0.13	0	0.305	0	0	0
6.016	0	0	0	0.2	0	-0.3	0	0	0	0	0	0	-0.13	0	0.305	0	0	0
6.017	0	0	0	0.2	0	-0.3	0	0	0	0	0	0	-0.13	0	0.305	0	0	0
6.018	0	0	0	0.2	0	-0.3	0	0	0	0	0	0	-0.13	0	0.305	0	0	0
6.019	0	0	0	0.2	0	-0.3	0	0	0	0	0	0	-0.13	0	0.305	0	0	0
6.02	0	0	0	0.2	0	-0.3	0	0	0	0	0	0	-0.13	0	0.305	0	0	0
6.021	0	0	0	0.2	0	-0.3	0	0	0	0	0	0	-0.13	0	0.305	0	0	0
6.022	0	0	0	0.2	0	-0.3	0	0	0	0	0	0	-0.13	0	0.305	0	0	0
6.023	0	0	0	0.2	0	-0.3	0	0	0	0	0	0	-0.13	0	0.305	0	0	0
6.024	0	0	0	0.2	0	-0.3	0	0	0	0	0	0	-0.13	0	0.305	0	0	0
6.025	0	0	0	0.2	0	-0.3	0	0	0	0	0	0	-0.13	0	0.305	0	0	0
6.026	0	0	0	0.2	0	-0.3	0	0	0	0	0	0	-0.13	0	0.305	0	0	0
6.027	0	0	0	0.2	0	-0.3	0	0	0	0	0	0	-0.13	0	0.305	0	0	0
6.028	0	0	0	0.2	0	-0.3	0	0	0	0	0	0	-0.13	0	0.305	0	0	0
6.029	0	0	0	0.2	0	-0.3	0	0	0	0	0	0	-0.13	0	0.305	0	0	0
6.03	0	0	0	0.2	0	-0.3	0	0	0	0	0	0	-0.13	0	0.305	0	0	0
6.031	0	0	0	0.2	0	-0.3	0	0	0	0	0	0	-0.13	0	0.305	0	0	0
6.032	0	0	0	0.2	0	-0.3	0	0	0	0	0	0	-0.13	0	0.305	0	0	0
6.033	0	0	0	0.2	0	-0.3	0	0	0	0	0	0	-0.13	0	0.305	0	0	0
6.034	0	0	0	0.2	0	-0.3	0	0	0	0	0	0	-0.13	0	0.305	0	0	0
6.035	0	0	0	0.2	0	-0.3	0	0	0	0	0	0	-0.13	0	0.305	0	0	0
6.036	0	0	0	0.2	0	-0.3	0	0	0	0	0	0	-0.13	0	0.305	0	0	0
6.037	0	0	0	0.2	0	-0.3	0	0	0	0	0	0	-0.13	0	0.305	0	0	0
6.038	0	0	0	0.2	0	-0.3	0	0	0	0	0	0	-0.13	0	0.305	0	0	0
6.039	0	0	0	0.2	0	-0.3	0	0	0	0	0	0	-0.13	0	0.305	0	0	0
6.04	0	0	0	0.2	0	-0.3	0	0	0	0	0	0	-0.13	0	0.305	0	0	0
6.041	0	0	0	0.2	0	-0.3	0	0	0	0	0	0	-0.13	0	0.305	0	0	0
6.042	0	0	0	0.2	0	-0.3	0	0	0	0	0	0	-0.13	0	0.305	0	0	0
6.043	0	0	0	0.2	0	-0.3	0	0	0	0	0	0	-0.13	0	0.305	0	0	0
6.044	0	0	0	0.2	0	-0.3	0	0	0	0	0	0	-0.13	0	0.305	0	0	0
6.045	0	0	0	0.2	0	-0.3	0	0	0	0	0	0	-0.13	0	0.305	0	0	0
6.046	0	0	0	0.2	0	-0.3	0	0	0	0	0	0	-0.13	0	0.305	0	0	0
6.047	0	0	0	0.2	0	-0.3	0	0	0	0	0	0	-0.13	0	0.305	0	0	0
6.048	0	0	0	0.2	0	-0.3	0	0	0	0	0	0	-0.13	0	0.305	0	0	0
6.049	0	0	0	0.2	0	-0.3	0	0	0	0	0	0	-0.13	0	0.305	0	0	0
6.05	0	0	0	0.2	0	-0.3	0	0	0	0	0	0	-0.13	0	0.305	0	0	0
6.051	0	0	0	0.2	0	-0.3	0	0	0	0	0	0	-0.13	0	0.305	0	0	0
6.052	0	0	0	0.2	0	-0.3	0	0	0	0	0	0	-0.13	0	0.305	0	0	0
6.053	0	0	0	0.2	0	-0.3	0	0	0	0	0	0	-0.13	0	0.305	0	0	0
6.054	0	0	0	0.2	0	-0.3	0	0	0	0	0	0	-0.13	0	0.305	0	0	0
6.055	0	0	0	0.2	0	-0.3	0	0	0	0	0	0	-0.13	0	0.305	0	0	0
6.056	0	0	0	0.2	0	-0.3	0	0	0	0	0	0	-0.13	0	0.305	0	0	0
6.057	0	0	0	0.2	0	-0.3	0	0	0	0	0	0	-0.13	0	0.305	0	0	0
6.058	0	0	0	0.2	0	-0.3	0	0	0	0	0	0	-0.13	0	0.305	0	0	0
6.059	0	0	0	0.2	0	-0.3	0	0	0	0	0	0	-0.13	0	0.305	0	0	0
6.06	0	0	0	0.2	0	-0.3	0	0	0	0	0	0	-0.13	0	0.305	0	0	0
6.061	0	0	0	0.2	0	-0.3	0	0	0	0	0	0	-0.13	0	0.305	0	0	0
6.062	0	0	0	0.2	0	-0.3	0	0	0	0	0	0	-0.13	0	0.305	0	0	0
6.063	0	0	0	0.2	0	-0.3	0	0	0	0	0	0	-0.13	0	0.305	0	0	0
6.064	0	0	0	0.2	0	-0.3	0	0	0	0	0	0	-0.13	0	0.305	0	0	0
6.065	0	0	0	0.2	0	-0.3	0	0	0	0	0	0	-0.13	0	0.305	0	0	0
6.066	0	0	0	0.2	0	-0.3	0	0	0	0	0	0	-0.13	0	0.305	0	0	0
6.067	0	0	0	0.2	0	-0.3	0	0	0	0	0	0	-0.13	0	0.305	0	0	0
6.068	0	0	0	0.2	0	-0.3	0	0	0	0	0	0	-0.13	0	0.305	0	0	0
6.069	0	0	0	0.2	0	-0.3	0	0	0	0	0	0	-0.13	0	0.305	0	0	0
6.07	0	0	0	0.2	0	-0.3	0	0	0	0	0	0	-0.13	0	0.305	0	0	0
6.071	0	0	0	0.2	0	-0.3	0	0	0	0	0	0	-0.13	0	0.305	0	0	0
6.072	0	0	0	0.2	0	-0.3	0	0	0	0	0	0	-0.13	0	0.305	0	0	0
6.073	0	0	0	0.2	0	-0.3	0	0	0	0	0	0	-0.13	0	0.305	0	0	0
6.074	0	0	0	0.2	0	-0.3	0	0	0	0	0	0	-0.13	0	0.305	0	0	0
6.075	0	0	0	0.2	0	-0.3	0	0	0	0	0	0	-0.13	0	0.305	0	0	0
6.076	0	0	0	0.2	0	-0.3	0	0	0	0	0	0	-0.13	0	0.305	0	0	0
6.077	0	0	0	0.2	0	-0.3	0	0	0	0	0	0	-0.13	0	0.305	0	0	0
6.078	0	0	0	0.2	0	-0.3	0	0	0	0	0	0	-0.13	0	0.305	0	0	0
6.079	0	0	0	0.2	0	-0.3	0	0	0	0	0	0	-0.13	0	0.305	0	0	0
6.08	0	0	0	0.2	0	-0.3	0	0	0	0	0	0	-0.13	0	0.305	0	0	0
6.081	0	0	0	0.2	0	-0.3	0	0	0	0	0	0	-0.13	0	0.305	0	0	0
6.082	0	0	0	0.2	0	-0.3	0	0	0	0	0	0	-0.13	0	0.305	0	0	0
6.083	0	0	0	0.2	0	-0.3	0	0	0	0	0	0	-0.13	0	0.305	0	0	0
6.084	0	0	0	0.2	0	-0.3	0	0	0	0	0	0	-0.13	0	0.305	0	0	0
6.085	0	0	0	0.2	0	-0.3	0	0	0	0	0	0	-0.13	0	0.305	0	0	0
6.086	0	0	0	0.2	0	-0.3	0	0	0	0	0	0	-0.13	0	0.305	0	0	0
6.087	0	0	0	0.2	0	-0.3	0	0	0	0	0	0	-0.13	0	0.305	0	0	0
6.088	0	0	0	0.2	0	-0.3	0	0	0	0	0	0	-0.13	0	0.305	0	0	0
6.089	0	0	0	0.2	0	-0.3	0	0	0	0	0	0	-0.13	0	0.305	0	0	0
6.09	0	0	0	0.2	0	-0.3	0	0	0	0	0	0	-0.13	0	0.305	0	0	0
6.091	0	0	0	0.2	0	-0.3	0	0	0	0	0	0	-0.13	0	0.305	0	0	0
6.092	0	0	0	0.2	0	-0.3	0	0	0	0	0	0	-0.13	0	0.305	0	0	0
6.093	0	0	0	0.2	0	-0.3	0	0	0	0	0	0	-0.13	0	0.305	0	0	0
6.094	0	0	0	0.2	0	-0.3	0	0	0	0	0	0	-0.13	0	0.305	0	0	0
6.095	0	0	0	0.2	0	-0.3	0	0	0	0	0	0	-0.13	0	0.305	0	0	0
6.096	0	0	0	0.2	0	-0.3	0	0	0	0	0	0	-0.13	0	0.305	0	0	0
6.097	0	0	0	0.2	0	-0.3	0	0	0	0	0	0	-0.13	0	0.305	0	0	0
6.098	0	0	0	0.2	0	-0.3	0	0	0	0	0	0	-0.13	0	0.305	0	0	0
6.099	0	0	0	0.2	0	-0.3	0	0	0	0	0	0	-0.13	0	0.305	0	0	0
6.1	0	0	0	0.2	0	-0.3	0	0	0	0	0	0	-0.13	0	0.305	0	0	0
6.101	0	0	0	0.2	0	-0.3	0	0	0	0	0	0	-0.13	0	0.305	0	0	0
6.102	0	0	0	0.2	0	-0.3	0	0	0	0	0	0	-0.13	0	0.305	0	0	0
6.103	0	0	0	0.2	0	-0.3	0	0	0	0	0	0	-0.13	0	0.305	0	0	0
6.104	0	0	0	0.2	0	-0.3	0	0	0	0	0	0	-0.13	0	0.305	0	0	0
6.105	0	0	0	0.2	0	-0.3	0	0	0	0	0	0	-0.13	0	0.305	0	0	0
6.106	0	0	0	0.2	0	-0.3	0	0	0	0	0	0	-0.13	0	0.305	0	0	0
6.107	0	0	0	0.2	0	-0.3	0	0	0	0	0	0	-0.13	0	0.305	0	0	0
6.108	0	0	0	0.2	0	-0.3	0	0	0	0	0	0	-0.13	0	0.305	0	0	0
6.109	0	0	0	0.2	0	-0.3	0	0	0	0	0	0	-0.13	0	0.305	0	0	0
6.11	0	0	0	0.2	0	-0.3	0	0	0	0	0	0	-0.13	0	0.305	0	0	0
6.111	0	0	0	0.2	0	-0.3	0	0	0	0	0	0	-0.13	0	0.305	0	0	0
6.112	0	0	0	0.2	0	-0.3	0	0	0	0	0	0	-0.13	0	0.305	0	0	0
6.113	0	0	0	0.2	0	-0.3	0	0	0	0	0	0	-0.13	0	0.305	0	0	0
6.114	0	0	0	0.2	0	-0.3	0	0	0	0	0	0	-0.13	0	0.305	0	0	0
6.115	0	0	0	0.2	0	-0.3	0	0	0	0	0	0	-0.13	0	0.305	0	0	0
6.116	0	0	0	0.2	0	-0.3	0	0	0	0	0	0	-0.13	0	0.305	0	0	0
6.117	0	0	0	0.2	0	-0.3	0	0	0	0	0	0	-0.13	0	0.305	0	0	0
6.118	0	0	0	0.2	0	-0.3	0	0	0	0	0	0	-0.13	0	0.305	0	0	0
6.119	0	0	0	0.2	0	-0.3	0	0	0	0	0	0	-0.13	0	0.305	0	0	0
6.12	0	0	0	0.2	0	-0.3	0	0	0	0	0	0	-0.13	0	0.305	0	0	0
6.121	0	0	0	0.2	0	-0.3	0	0	0	0	0	0	-0.13	0	0.305	0	0	0
6.122	0	0	0	0.2	0	-0.3	0	0	0	0	0	0	-0.13	0	0.305	0	0	0
6.123	0	0	0	0.2	0	-0.3	0	0	0	0	0	0	-0.13	0	0.305	0	0	0
6.124	0	0	0	0.2	0	-0.3	0	0	0	0	0	0	-0.13	0	0.305	0	0	0
6.125	0	0	0	0.2	0	-0.3	0	0	0	0	0	0	-0.13	0	0.305	0	0	0
6.126	0	0	0	0.2	0	-0.3	0	0	0	0	0	0	-0.13	0	0.305	0	0	0
6.127	0	0	0	0.2	0	-0.3	0	0	0	0	0	0	-0.13	0	0.305	0	0	0
6.128	0	0	0	0.2	0	-0.3	0	0	0	0	0	0	-0.13	0	0.305	0	0	0
6.129	0	0	0	0.2	0	-0.3	0	0	0	0	0	0	-0.13	0	0.305	0	0	0
6.13	0	0	0	0.2	0	-0.3	0	0	0	0	0	0	-0.13	0	0.305	0	0	0
6.131	0	0	0	0.2	0	-0.3	0	0	0	0	0	0	-0.13	0	0.305	0	0	0
6.132	0	0	0	0.2	0	-0.3	0	0	0	0	0	0	-0.13	0	0.305	0	0	0
6.133	0	0	0	0.2	0	-0.3	0	0	0	0	0	0	-0.13	0	0.305	0	0	0
6.134	0	0	0	0.2	0	-0.3	0	0	0	0	0	0	-0.13	0	0.305	0	0	0
6.135	0	0	0	0.2	0	-0.3	0	0	0	0	0	0	-0.13	0	0.305	0	0	0
6.136	0	0	0	0.2	0	-0.3	0	0	0	0	0	0	-0.13	0	0.305	0	0	0
6.137	0	0	0	0.2	0	-0.3	0	0	0	0	0	0	-0.13	0	0.305	0	0	0
6.138	0	0	0	0.2	0	-0.3	0	0	0	0	0	0	-0.13	0	0.305	0	0	0
6.139	0	0	0	0.2	0	-0.3	0	0	0	0	0	0	-0.13	0	0.305	0	0	0
6.14	0	0	0	0.2	0	-0.3	0	0	0	0	0	0	-0.13	0	0.305	0	0	0
6.141	0	0	0	0.2	0	-0.3	0	0	0	0	0	0	-0.13	0	0.305	0	0	0
6.142	0	0	0	0.2	0	-0.3	0	0	0	0	0	0	-0.13	0	0.305	0	0	0
6.143	0	0	0	0.2	0	-0.3	0	0	0	0	0	0	-0.13	0	0.305	0	0	0
6.144	0	0	0	0.2	0	-0.3	0	0	0	0	0	0	-0.13	0	0.305	0	0	0
6.145	0	0	0	0.2	0	-0.3	0	0	0	0	0	0	-0.13	0	0.305	0	0	0
6.146	0	0	0	0.2	0	-0.3	0	0	0	0	0	0	-0.13	0	0.305	0	0	0
6.147	0	0	0	0.2	0	-0.3	0	0	0	0	0	0	-0.13	0	0.305	0	0	0
6.148	0	0	0	0.2	0	-0.3	0	0	0	0	0	0	-0.13	0	0.305	0	0	0
6.149	0	0	0	0.2	0	-0.3	0	0	0	0	0	0	-0.13	0	0.305	0	0	0
6.15	0	0	0	0.2	0	-0.3	0	0	0	0	0	0	-0.13	0	0.305	0	0	0
6.151	0	0	0	0.2	0	-0.3	0	0	0	0	0	0	-0.13	0	0.305	0	0	0
6.152	0	0	0	0.2	0	-0.3	0	0	0	0	0	0	-0.13	0	0.305	0	0	0
6.153	0	0	0	0.2	0	-0.3	0	0	0	0	0	0	-0.13	0	0.305	0	0	0
6.154	0	0	0	0.2	0	-0.3	0	0	0	0	0	0	-0.13	0	0.305	0	0	0
6.155	0	0	0	0.2	0	-0.3	0	0	0	0	0	0	-0.13	0	0.305	0	0	0
6.156	0	0	0	0.2	0	-0.3	0	0	0	0	0	0	-0.13	0	0.305	0	0	0
6.157	0	0	0	0.2	0	-0.3	0	0	0	0	0	0	-0.13	0	0.305	0	0	0
6.158	0	0	0	0.2	0	-0.3	0	0	0	0	0	0	-0.13	0	0.305	0	0	0
6.159	0	0	0	0.2	0	-0.3	0	0	0	0	0	0	-0.13	0	0.305	0	0	0
6.16	0	0	0	0.2	0	-0.3	0	0	0	0	0	0	-0.13	0	0.305	0	0	0
6.161	0	0	0	0.2	0	-0.3	0	0	0	0	0	0	-0.13	0	0.305	0	0	0
6.162	0	0	0	0.2	0	-0.3	0	0	0	0	0	0	-0.13	0	0.305	0	0	0
6.163	0	0	0	0.2	0	-0.3	0	0	0	0	0	0	-0.13	0	0.305	0	0	0
6.164	0	0	0	0.2	0	-0.3	0	0	0	0	0	0	-0.13	0	0.305	0	0	0
6.165	0	0	0	0.2	0	-0.3	0	0	0	0	0	0	-0.13	0	0.305	0	0	0
6.166	0	0	0	0.2	0	-0.3	0	0	0	0	0	0	-0.13	0	0.305	0	0	0
6.167	0	0	0	0.2	0	-0.3	0	0	0	0	0	0	-0.13	0	0.305	0	0	0
6.168	0	0	0	0.2	0	-0.3	0	0	0	0	0	0	-0.13	0	0.305	0	0	0
6.169	0	0	0	0.2	0	-0.3	0	0	0	0	0	0	-0.13	0	0.305	0	0	0
