LG_Stand_to_Walk01																		
version=1																		
nRows=2720																		
nColumns=19																		
inDegrees=yes																		
endheader																		
time	ground_force2_vx	ground_force2_vy	ground_force2_vz	ground_force2_px	ground_force2_py	ground_force2_pz	ground_torque2_x	ground_torque2_y	ground_torque2_z	ground_force1_vx	ground_force1_vy	ground_force1_vz	ground_force1_px	ground_force1_py	ground_force1_pz	ground_torque1_x	ground_torque1_y	ground_torque1_z
2.99	-26.191967	355.293213	1.577755	0.181312	0	-0.331109	7.00E-06	0.898279	3.00E-06	0	0	0	-0.13	0	0.305	0	0	0
2.991	-26.191967	355.293213	1.890835	0.181312	0	-0.331353	7.00E-06	0.914366	3.00E-06	0	0	0	-0.13	0	0.305	0	0	0
2.992	-26.191967	354.422241	2.439312	0.181312	0	-0.331353	7.00E-06	0.996963	3.00E-06	0	0	0	-0.13	0	0.305	0	0	0
2.993	-26.431292	353.910004	2.282728	0.180657	0	-0.331353	1.00E-05	1.037827	1.00E-06	0	0	0	-0.13	0	0.305	0	0	0
2.994	-26.431292	353.741089	2.282728	0.180782	0	-0.332269	1.00E-05	1.037827	3.00E-06	0	0	0	-0.13	0	0.305	0	0	0
2.995	-26.431292	353.727173	2.047617	0.180553	0	-0.331782	1.00E-05	1.065134	1.00E-06	0	0	0	-0.13	0	0.305	0	0	0
2.996	-25.567715	352.884796	2.047617	0.180782	0	-0.331782	7.00E-06	1.065134	3.00E-06	0	0	0	-0.13	0	0.305	0	0	0
2.997	-26.427685	353.550537	2.047617	0.180483	0	-0.331782	1.30E-05	0.938293	3.00E-06	0	0	0	-0.13	0	0.305	0	0	0
2.998	-25.882008	352.884796	2.047617	0.180894	0	-0.331538	3.00E-06	0.938293	3.00E-06	0	0	0	-0.13	0	0.305	0	0	0
2.999	-26.117722	352.190491	1.812626	0.180452	0	-0.331538	6.00E-06	0.980164	1.00E-06	0	0	0	-0.13	0	0.305	0	0	0
3	-25.882008	352.190491	1.812626	0.180894	0	-0.331538	6.00E-06	0.989923	1.00E-06	0	0	0	-0.13	0	0.305	0	0	0
3.001	-25.803432	352.190491	1.812626	0.180555	0	-0.332071	6.00E-06	0.980164	2.00E-06	0	0	0	-0.13	0	0.305	0	0	0
3.002	-25.64629	353.400848	2.204279	0.180555	0	-0.332071	6.00E-06	0.944232	4.00E-06	0	0	0	-0.13	0	0.305	0	0	0
3.003	-25.803432	351.14978	2.204279	0.180534	0	-0.332022	7.00E-06	0.937211	5.00E-06	0	0	0	-0.13	0	0.305	0	0	0
3.004	-25.644846	351.856445	1.890795	0.180534	0	-0.330595	7.00E-06	0.899829	5.00E-06	0	0	0	-0.13	0	0.305	0	0	0
3.005	-25.881285	351.856445	1.890795	0.180963	0	-0.330516	9.00E-06	0.899829	5.00E-06	0	0	0	-0.13	0	0.305	0	0	0
3.006	-25.881285	354.76709	2.28265	0.180963	0	-0.330516	7.00E-06	0.930542	5.00E-06	0	0	0	-0.13	0	0.305	0	0	0
3.007	-25.881285	354.76709	2.28265	0.181336	0	-0.329957	0	1.006592	5.00E-06	0	0	0	-0.13	0	0.305	0	0	0
3.008	-25.804155	353.576782	1.969288	0.180685	0	-0.330548	0	1.006592	2.00E-06	0	0	0	-0.13	0	0.305	0	0	0
3.009	-25.804155	353.576782	1.812666	0.181336	0	-0.330548	0	0.967021	3.00E-06	0	0	0	-0.13	0	0.305	0	0	0
3.01	-25.959135	353.737976	1.969288	0.181361	0	-0.330548	4.00E-06	0.940044	3.00E-06	0	0	0	-0.13	0	0.305	0	0	0
3.011	-26.271261	355.639648	2.047577	0.181512	0	-0.330528	4.00E-06	0.940044	4.00E-06	0	0	0	-0.13	0	0.305	0	0	0
3.012	-26.351276	355.639648	2.047577	0.181361	0	-0.330528	4.00E-06	0.96019	7.00E-06	0	0	0	-0.13	0	0.305	0	0	0
3.013	-26.351276	354.253723	2.047577	0.181173	0	-0.33122	1.00E-06	1.072221	4.00E-06	0	0	0	-0.13	0	0.305	0	0	0
3.014	-26.349113	353.734131	1.890795	0.181014	0	-0.332197	1.00E-06	1.072221	2.00E-06	0	0	0	-0.13	0	0.305	0	0	0
3.015	-25.962021	353.734131	2.204441	0.180861	0	-0.331252	2.00E-06	0.982888	1.00E-06	0	0	0	-0.13	0	0.305	0	0	0
3.016	-25.72414	353.734131	2.204441	0.180861	0	-0.331252	1.00E-05	0.91912	2.00E-06	0	0	0	-0.13	0	0.305	0	0	0
3.017	-25.72414	351.8414	2.204441	0.180861	0	-0.331252	1.00E-05	0.839634	3.00E-06	0	0	0	-0.13	0	0.305	0	0	0
3.018	-25.881285	351.488831	2.126188	0.180659	0	-0.331183	8.00E-06	0.839634	3.00E-06	0	0	0	-0.13	0	0.305	0	0	0
3.019	-25.881285	351.488831	1.969368	0.180572	0	-0.331127	4.00E-06	0.963212	3.00E-06	0	0	0	-0.13	0	0.305	0	0	0
3.02	-25.881285	352.012634	1.969368	0.180572	0	-0.331127	4.00E-06	1.038508	4.00E-06	0	0	0	-0.13	0	0.305	0	0	0
3.021	-25.806318	353.219971	2.517839	0.180572	0	-0.331281	5.00E-06	1.043314	4.00E-06	0	0	0	-0.13	0	0.305	0	0	0
3.022	-25.9613	353.04718	2.517839	0.180511	0	-0.331469	7.00E-06	1.065893	3.00E-06	0	0	0	-0.13	0	0.305	0	0	0
3.023	-25.490587	353.04718	2.361221	0.180571	0	-0.331469	5.00E-06	1.065893	3.00E-06	0	0	0	-0.13	0	0.305	0	0	0
3.024	-25.56916	352.027344	2.28261	0.180571	0	-0.331469	3.00E-06	0.981182	3.00E-06	0	0	0	-0.13	0	0.305	0	0	0
3.025	-25.56916	352.027344	2.361221	0.18064	0	-0.331431	3.00E-06	0.889246	6.00E-06	0	0	0	-0.13	0	0.305	0	0	0
3.026	-25.56916	352.532593	2.28261	0.180822	0	-0.331431	6.00E-06	0.981182	4.00E-06	0	0	0	-0.13	0	0.305	0	0	0
3.027	-26.036266	353.213806	1.57719	0.180822	0	-0.331431	7.00E-06	1.11944	4.00E-06	0	0	0	-0.13	0	0.305	0	0	0
3.028	-25.959858	352.532593	1.57719	0.180822	0	-0.331347	8.00E-06	1.11944	3.00E-06	0	0	0	-0.13	0	0.305	0	0	0
3.029	-25.959858	352.88092	1.891119	0.181513	0	-0.331204	8.00E-06	0.995768	3.00E-06	0	0	0	-0.13	0	0.305	0	0	0
3.03	-25.959858	352.88092	2.125948	0.181172	0	-0.331204	8.00E-06	0.995768	3.00E-06	0	0	0	-0.13	0	0.305	0	0	0
3.031	-25.962746	354.075134	2.125948	0.181172	0	-0.331309	7.00E-06	0.927422	5.00E-06	0	0	0	-0.13	0	0.305	0	0	0
3.032	-26.035543	354.075134	2.125948	0.181172	0	-0.331484	7.00E-06	1.098341	6.00E-06	0	0	0	-0.13	0	0.305	0	0	0
3.033	-26.274868	354.073181	2.204359	0.18083	0	-0.331484	4.00E-06	1.085657	5.00E-06	0	0	0	-0.13	0	0.305	0	0	0
3.034	-26.274868	353.056793	2.204319	0.180913	0	-0.332316	4.00E-06	1.085657	4.00E-06	0	0	0	-0.13	0	0.305	0	0	0
3.035	-26.272705	354.073181	2.204359	0.180913	0	-0.332316	8.00E-06	0.964679	3.00E-06	0	0	0	-0.13	0	0.305	0	0	0
3.036	-26.114838	353.038635	2.28269	0.180913	0	-0.332091	8.00E-06	0.964679	3.00E-06	0	0	0	-0.13	0	0.305	0	0	0
3.037	-25.879841	352.865479	2.517721	0.180662	0	-0.331415	5.00E-06	0.964679	4.00E-06	0	0	0	-0.13	0	0.305	0	0	0
3.038	-25.879841	352.865479	2.674501	0.180536	0	-0.331878	5.00E-06	0.99588	5.00E-06	0	0	0	-0.13	0	0.305	0	0	0
3.039	-25.879841	351.152496	2.674501	0.180522	0	-0.331529	5.00E-06	0.950592	4.00E-06	0	0	0	-0.13	0	0.305	0	0	0
3.04	-25.88345	351.672455	2.674501	0.180394	0	-0.331529	7.00E-06	1.036685	3.00E-06	0	0	0	-0.13	0	0.305	0	0	0
3.041	-25.648453	351.672455	2.596094	0.180394	0	-0.331239	7.00E-06	1.010622	3.00E-06	0	0	0	-0.13	0	0.305	0	0	0
3.042	-25.648453	351.672455	2.831367	0.180394	0	-0.331239	2.00E-06	1.010622	5.00E-06	0	0	0	-0.13	0	0.305	0	0	0
3.043	-25.570602	351.671661	2.752754	0.180984	0	-0.33124	2.00E-06	1.010622	5.00E-06	0	0	0	-0.13	0	0.305	0	0	0
3.044	-25.570602	351.499664	2.752794	0.180223	0	-0.33124	5.00E-06	1.018136	5.00E-06	0	0	0	-0.13	0	0.305	0	0	0
3.045	-25.49131	351.671661	2.752794	0.180149	0	-0.330423	5.00E-06	1.018136	3.00E-06	0	0	0	-0.13	0	0.305	0	0	0
3.046	-25.807762	351.672089	2.752794	0.180149	0	-0.330423	8.00E-06	1.030602	6.00E-06	0	0	0	-0.13	0	0.305	0	0	0
3.047	-25.412014	352.18158	2.28281	0.180667	0	-0.33127	5.00E-06	0.964378	3.00E-06	0	0	0	-0.13	0	0.305	0	0	0
3.048	-25.412014	352.18158	2.28281	0.180993	0	-0.33127	0	0.966074	4.00E-06	0	0	0	-0.13	0	0.305	0	0	0
3.049	-25.412014	352.18158	2.361303	0.180993	0	-0.331578	0	0.964378	4.00E-06	0	0	0	-0.13	0	0.305	0	0	0
3.05	-25.807043	353.046021	2.752874	0.180993	0	-0.330949	7.00E-06	0.966074	4.00E-06	0	0	0	-0.13	0	0.305	0	0	0
3.051	-25.807043	353.735657	2.752874	0.181109	0	-0.331385	1.00E-05	0.952576	3.00E-06	0	0	0	-0.13	0	0.305	0	0	0
3.052	-25.807043	353.735657	2.752954	0.18081	0	-0.331385	7.00E-06	1.064894	1.00E-06	0	0	0	-0.13	0	0.305	0	0	0
3.053	-25.801991	353.735657	2.596052	0.18081	0	-0.33146	6.00E-06	0.917431	-1.00E-06	0	0	0	-0.13	0	0.305	0	0	0
3.054	-26.039871	353.215302	2.596052	0.18081	0	-0.331768	4.00E-06	1.054971	-1.00E-06	0	0	0	-0.13	0	0.305	0	0	0
3.055	-26.039871	351.660461	2.596052	0.180616	0	-0.332477	1.00E-06	1.054971	4.00E-06	0	0	0	-0.13	0	0.305	0	0	0
3.056	-26.039871	351.836365	2.674303	0.180369	0	-0.332477	4.00E-06	1.054971	5.00E-06	0	0	0	-0.13	0	0.305	0	0	0
3.057	-26.193411	351.836365	2.674625	0.180369	0	-0.332387	1.00E-05	0.964467	4.00E-06	0	0	0	-0.13	0	0.305	0	0	0
3.058	-25.804878	351.836365	2.831244	0.180369	0	-0.332387	1.00E-05	0.964467	-1.00E-06	0	0	0	-0.13	0	0.305	0	0	0
3.059	-25.804878	350.467468	2.909492	0.180214	0	-0.332387	6.00E-06	0.964467	-1.00E-06	0	0	0	-0.13	0	0.305	0	0	0
3.06	-25.804878	350.467468	3.066278	0.180214	0	-0.331444	4.00E-06	0.990598	3.00E-06	0	0	0	-0.13	0	0.305	0	0	0
3.061	-25.64629	350.809631	3.066278	0.180214	0	-0.330659	6.00E-06	0.907281	3.00E-06	0	0	0	-0.13	0	0.305	0	0	0
3.062	-25.649176	351.668213	2.987986	0.180615	0	-0.331444	7.00E-06	0.990598	4.00E-06	0	0	0	-0.13	0	0.305	0	0	0
3.063	-25.64629	351.330688	2.987823	0.180615	0	-0.33149	7.00E-06	0.972088	4.00E-06	0	0	0	-0.13	0	0.305	0	0	0
3.064	-25.649176	351.330688	2.987986	0.180615	0	-0.33149	4.00E-06	1.004111	4.00E-06	0	0	0	-0.13	0	0.305	0	0	0
3.065	-25.566273	351.330688	2.987823	0.181275	0	-0.331222	4.00E-06	0.972088	4.00E-06	0	0	0	-0.13	0	0.305	0	0	0
3.066	-25.652061	352.358704	2.752794	0.180702	0	-0.330823	4.00E-06	1.032894	4.00E-06	0	0	0	-0.13	0	0.305	0	0	0
3.067	-25.652061	352.358704	2.752794	0.181173	0	-0.331222	5.00E-06	0.96258	5.00E-06	0	0	0	-0.13	0	0.305	0	0	0
3.068	-25.652061	352.358704	2.752794	0.181173	0	-0.331981	9.00E-06	0.963986	7.00E-06	0	0	0	-0.13	0	0.305	0	0	0
3.069	-25.802713	353.049072	2.517721	0.181173	0	-0.331981	9.00E-06	0.96258	7.00E-06	0	0	0	-0.13	0	0.305	0	0	0
3.07	-25.648453	353.219604	2.28281	0.180921	0	-0.331395	9.00E-06	0.963986	5.00E-06	0	0	0	-0.13	0	0.305	0	0	0
3.071	-26.036987	353.219604	2.28281	0.180921	0	-0.331395	7.00E-06	0.990588	2.00E-06	0	0	0	-0.13	0	0.305	0	0	0
3.072	-26.277035	353.903107	2.28281	0.180763	0	-0.330978	7.00E-06	1.01861	1.00E-06	0	0	0	-0.13	0	0.305	0	0	0
3.073	-26.277035	353.903107	2.361059	0.180815	0	-0.331253	7.00E-06	0.990588	-1.00E-06	0	0	0	-0.13	0	0.305	0	0	0
3.074	-26.277035	353.036316	2.831285	0.180763	0	-0.331253	2.00E-06	1.03453	-1.00E-06	0	0	0	-0.13	0	0.305	0	0	0
3.075	-25.802713	352.70813	2.752634	0.180815	0	-0.331253	6.00E-06	1.024281	1.00E-06	0	0	0	-0.13	0	0.305	0	0	0
3.076	-25.962021	353.036316	2.752634	0.180884	0	-0.331887	6.00E-06	1.03453	2.00E-06	0	0	0	-0.13	0	0.305	0	0	0
3.077	-25.962021	351.501953	2.752634	0.180884	0	-0.331887	9.00E-06	1.024281	1.00E-06	0	0	0	-0.13	0	0.305	0	0	0
3.078	-25.962021	350.980438	2.909374	0.180496	0	-0.331887	9.00E-06	0.983293	2.00E-06	0	0	0	-0.13	0	0.305	0	0	0
3.079	-25.492029	350.980438	2.909374	0.180496	0	-0.33212	9.00E-06	0.966257	3.00E-06	0	0	0	-0.13	0	0.305	0	0	0
3.08	-25.492029	350.639465	2.987986	0.180334	0	-0.331446	8.00E-06	0.946153	3.00E-06	0	0	0	-0.13	0	0.305	0	0	0
3.081	-25.56916	351.317566	2.752712	0.180786	0	-0.331179	8.00E-06	0.946153	3.00E-06	0	0	0	-0.13	0	0.305	0	0	0
3.082	-25.56916	350.639465	2.752712	0.180279	0	-0.331179	8.00E-06	0.930591	2.00E-06	0	0	0	-0.13	0	0.305	0	0	0
3.083	-25.56916	350.292694	2.752712	0.18078	0	-0.331748	8.00E-06	0.930591	3.00E-06	0	0	0	-0.13	0	0.305	0	0	0
3.084	-25.650616	350.292694	2.674664	0.18078	0	-0.331748	6.00E-06	0.930591	3.00E-06	0	0	0	-0.13	0	0.305	0	0	0
3.085	-25.650616	351.337646	2.909454	0.180995	0	-0.331748	6.00E-06	0.942343	3.00E-06	0	0	0	-0.13	0	0.305	0	0	0
3.086	-25.645567	352.701965	2.909454	0.180995	0	-0.33036	6.00E-06	1.009337	3.00E-06	0	0	0	-0.13	0	0.305	0	0	0
3.087	-25.645567	352.701965	2.909454	0.181006	0	-0.331109	5.00E-06	0.942343	3.00E-06	0	0	0	-0.13	0	0.305	0	0	0
3.088	-25.801991	351.500427	2.517721	0.181006	0	-0.331067	2.00E-06	1.009337	2.00E-06	0	0	0	-0.13	0	0.305	0	0	0
3.089	-26.114838	351.159058	2.361179	0.181098	0	-0.331109	0	0.936677	1.00E-06	0	0	0	-0.13	0	0.305	0	0	0
3.09	-26.277035	351.500427	2.361179	0.181098	0	-0.331132	1.00E-06	1.092724	0	0	0	0	-0.13	0	0.305	0	0	0
3.091	-26.114838	351.838318	2.831043	0.180787	0	-0.331754	1.00E-06	0.936677	1.00E-06	0	0	0	-0.13	0	0.305	0	0	0
3.092	-26.112673	352.008392	2.831244	0.180787	0	-0.331754	8.00E-06	1.071918	1.00E-06	0	0	0	-0.13	0	0.305	0	0	0
3.093	-26.112673	352.019196	2.831043	0.180787	0	-0.331647	8.00E-06	0.919354	3.00E-06	0	0	0	-0.13	0	0.305	0	0	0
3.094	-25.80127	352.019196	2.43947	0.18079	0	-0.331647	4.00E-06	0.919354	3.00E-06	0	0	0	-0.13	0	0.305	0	0	0
3.095	-25.960579	351.153259	2.43947	0.18079	0	-0.331647	4.00E-06	0.919354	1.00E-06	0	0	0	-0.13	0	0.305	0	0	0
3.096	-25.960579	351.153259	2.752754	0.18079	0	-0.33207	6.00E-06	1.016915	1.00E-06	0	0	0	-0.13	0	0.305	0	0	0
3.097	-26.191246	350.468201	2.988066	0.180556	0	-0.331893	7.00E-06	1.016915	4.00E-06	0	0	0	-0.13	0	0.305	0	0	0
3.098	-26.191246	351.31485	3.066278	0.180556	0	-0.331893	6.00E-06	1.014133	4.00E-06	0	0	0	-0.13	0	0.305	0	0	0
3.099	-26.191246	350.61554	3.066317	0.180556	0	-0.331893	5.00E-06	0.995902	4.00E-06	0	0	0	-0.13	0	0.305	0	0	0
3.1	-26.117722	350.61554	3.144566	0.180141	0	-0.332308	3.00E-06	0.996867	4.00E-06	0	0	0	-0.13	0	0.305	0	0	0
3.101	-26.117722	350.61554	3.458132	0.180141	0	-0.332308	3.00E-06	0.996867	5.00E-06	0	0	0	-0.13	0	0.305	0	0	0
3.102	-25.9613	350.63678	3.458132	0.180146	0	-0.331225	4.00E-06	0.996867	5.00E-06	0	0	0	-0.13	0	0.305	0	0	0
3.103	-25.334164	350.63678	3.379759	0.181059	0	-0.331154	4.00E-06	0.890106	5.00E-06	0	0	0	-0.13	0	0.305	0	0	0
3.104	-25.334164	348.917236	3.379681	0.180171	0	-0.331154	1.00E-06	0.890106	1.00E-06	0	0	0	-0.13	0	0.305	0	0	0
3.105	-25.724861	348.917236	3.301428	0.180487	0	-0.331074	1.00E-06	0.882243	5.00E-06	0	0	0	-0.13	0	0.305	0	0	0
3.106	-25.878399	350.117615	3.379681	0.180487	0	-0.331061	8.00E-06	0.914588	0	0	0	0	-0.13	0	0.305	0	0	0
3.107	-25.878399	350.117615	3.301308	0.180509	0	-0.331061	8.00E-06	0.914588	0	0	0	0	-0.13	0	0.305	0	0	0
3.108	-25.567715	350.123383	2.909536	0.180796	0	-0.331138	-3.00E-06	0.914588	0	0	0	0	-0.13	0	0.305	0	0	0
3.109	-25.567715	350.123383	2.909536	0.180796	0	-0.331621	-3.00E-06	0.890475	3.00E-06	0	0	0	-0.13	0	0.305	0	0	0
3.11	-25.724861	350.974274	2.752954	0.180796	0	-0.331621	9.00E-06	0.890475	3.00E-06	0	0	0	-0.13	0	0.305	0	0	0
3.111	-25.724861	351.49115	2.674625	0.181219	0	-0.331806	1.20E-05	0.890475	2.00E-06	0	0	0	-0.13	0	0.305	0	0	0
3.112	-25.805599	351.49115	2.674625	0.18105	0	-0.332291	1.20E-05	1.05162	1.00E-06	0	0	0	-0.13	0	0.305	0	0	0
3.113	-26.038431	351.49115	2.987906	0.18105	0	-0.331806	1.20E-05	0.973713	2.00E-06	0	0	0	-0.13	0	0.305	0	0	0
3.114	-26.038431	352.184265	2.987906	0.180734	0	-0.331752	1.10E-05	0.973713	1.00E-06	0	0	0	-0.13	0	0.305	0	0	0
3.115	-26.038431	351.489197	3.066278	0.180734	0	-0.331752	7.00E-06	0.936595	4.00E-06	0	0	0	-0.13	0	0.305	0	0	0
3.116	-25.647011	351.317169	3.693081	0.180734	0	-0.3323	7.00E-06	0.936595	3.00E-06	0	0	0	-0.13	0	0.305	0	0	0
3.117	-25.958416	350.973511	3.693081	0.181223	0	-0.3323	7.00E-06	0.811854	3.00E-06	0	0	0	-0.13	0	0.305	0	0	0
3.118	-25.958416	350.806458	3.536419	0.180292	0	-0.332371	7.00E-06	0.974627	3.00E-06	0	0	0	-0.13	0	0.305	0	0	0
3.119	-25.958416	349.419067	3.536419	0.180236	0	-0.331786	1.10E-05	0.967115	3.00E-06	0	0	0	-0.13	0	0.305	0	0	0
3.12	-26.119167	349.419067	3.536419	0.180236	0	-0.33255	1.00E-06	1.066017	3.00E-06	0	0	0	-0.13	0	0.305	0	0	0
3.121	-25.725582	349.419067	3.45805	0.180485	0	-0.33192	2.00E-06	0.967115	0	0	0	0	-0.13	0	0.305	0	0	0
3.122	-25.489864	350.799133	3.45805	0.18058	0	-0.33192	2.00E-06	0.91193	0	0	0	0	-0.13	0	0.305	0	0	0
3.123	-25.489864	349.942444	3.30155	0.180934	0	-0.33192	4.00E-06	0.905441	2.00E-06	0	0	0	-0.13	0	0.305	0	0	0
3.124	-25.566996	349.942444	3.30155	0.180934	0	-0.331584	4.00E-06	0.860967	6.00E-06	0	0	0	-0.13	0	0.305	0	0	0
3.125	-25.566996	349.942444	3.379881	0.180676	0	-0.330908	3.00E-06	0.846911	6.00E-06	0	0	0	-0.13	0	0.305	0	0	0
3.126	-25.566996	350.632904	3.849823	0.180676	0	-0.330908	2.00E-06	0.860967	5.00E-06	0	0	0	-0.13	0	0.305	0	0	0
3.127	-25.414179	350.632904	3.379881	0.180617	0	-0.331038	2.00E-06	0.993204	5.00E-06	0	0	0	-0.13	0	0.305	0	0	0
3.128	-25.414179	350.632904	3.379719	0.180853	0	-0.331549	2.00E-06	0.997231	5.00E-06	0	0	0	-0.13	0	0.305	0	0	0
3.129	-25.414179	350.801086	3.30135	0.180903	0	-0.331549	4.00E-06	0.993204	6.00E-06	0	0	0	-0.13	0	0.305	0	0	0
3.13	-25.337772	351.155945	3.144728	0.18111	0	-0.331549	5.00E-06	1.004505	6.00E-06	0	0	0	-0.13	0	0.305	0	0	0
3.131	-25.647011	351.143616	3.144728	0.181225	0	-0.331608	8.00E-06	0.913541	6.00E-06	0	0	0	-0.13	0	0.305	0	0	0
3.132	-25.647011	351.143616	3.301428	0.181225	0	-0.331945	8.00E-06	1.02495	4.00E-06	0	0	0	-0.13	0	0.305	0	0	0
3.133	-25.962021	351.143616	3.301428	0.181287	0	-0.331945	4.00E-06	0.992709	4.00E-06	0	0	0	-0.13	0	0.305	0	0	0
3.134	-25.962021	351.835999	3.45805	0.181321	0	-0.331945	4.00E-06	0.992709	4.00E-06	0	0	0	-0.13	0	0.305	0	0	0
3.135	-25.881285	351.835999	3.45805	0.181321	0	-0.332911	4.00E-06	0.929	5.00E-06	0	0	0	-0.13	0	0.305	0	0	0
3.136	-25.570602	351.50116	3.536543	0.181311	0	-0.332911	2.00E-06	0.929	4.00E-06	0	0	0	-0.13	0	0.305	0	0	0
3.137	-25.880564	349.931274	3.536543	0.180658	0	-0.332754	4.00E-06	0.906353	4.00E-06	0	0	0	-0.13	0	0.305	0	0	0
3.138	-25.880564	348.725891	3.61483	0.180531	0	-0.331999	2.00E-06	0.989644	4.00E-06	0	0	0	-0.13	0	0.305	0	0	0
3.139	-25.880564	348.725891	3.379839	0.180239	0	-0.331999	8.00E-06	0.989644	4.00E-06	0	0	0	-0.13	0	0.305	0	0	0
3.14	-25.648453	348.904083	3.61483	0.180239	0	-0.331999	0	1.028983	6.00E-06	0	0	0	-0.13	0	0.305	0	0	0
3.141	-25.57349	349.073059	3.693123	0.180392	0	-0.332636	7.00E-06	1.028983	6.00E-06	0	0	0	-0.13	0	0.305	0	0	0
3.142	-25.334885	349.073059	3.693123	0.180618	0	-0.332636	7.00E-06	1.015885	5.00E-06	0	0	0	-0.13	0	0.305	0	0	0
3.143	-25.334885	349.073059	3.693123	0.180618	0	-0.332017	8.00E-06	0.893302	0	0	0	0	-0.13	0	0.305	0	0	0
3.144	-25.258476	349.26709	3.45797	0.180618	0	-0.331958	8.00E-06	0.981294	0	0	0	0	-0.13	0	0.305	0	0	0
3.145	-25.258476	349.073822	3.614874	0.180754	0	-0.332017	8.00E-06	0.981294	0	0	0	0	-0.13	0	0.305	0	0	0
3.146	-25.100609	349.073822	3.45817	0.180754	0	-0.332167	3.00E-06	0.981294	1.00E-06	0	0	0	-0.13	0	0.305	0	0	0
3.147	-25.097725	349.073822	3.45817	0.180754	0	-0.332167	3.00E-06	1.000228	3.00E-06	0	0	0	-0.13	0	0.305	0	0	0
3.148	-25.097725	349.265594	3.45805	0.180611	0	-0.331693	3.00E-06	0.923901	4.00E-06	0	0	0	-0.13	0	0.305	0	0	0
3.149	-25.568438	349.265594	3.45805	0.180878	0	-0.331693	6.00E-06	0.923901	4.00E-06	0	0	0	-0.13	0	0.305	0	0	0
3.15	-25.568438	349.424072	3.45805	0.180878	0	-0.331971	6.00E-06	0.923901	4.00E-06	0	0	0	-0.13	0	0.305	0	0	0
3.151	-25.727028	349.7612	3.693443	0.180878	0	-0.331971	7.00E-06	1.066365	1.00E-06	0	0	0	-0.13	0	0.305	0	0	0
3.152	-25.647011	350.299255	3.379759	0.181175	0	-0.331812	7.00E-06	1.066365	1.00E-06	0	0	0	-0.13	0	0.305	0	0	0
3.153	-25.882729	350.110687	3.379759	0.180417	0	-0.331335	6.00E-06	0.920137	2.00E-06	0	0	0	-0.13	0	0.305	0	0	0
3.154	-25.882729	350.110687	3.14469	0.180372	0	-0.331335	6.00E-06	0.914827	2.00E-06	0	0	0	-0.13	0	0.305	0	0	0
3.155	-25.882729	349.077698	3.14469	0.180372	0	-0.332361	4.00E-06	0.920137	2.00E-06	0	0	0	-0.13	0	0.305	0	0	0
3.156	-25.805599	349.077698	3.223139	0.180779	0	-0.332361	4.00E-06	0.961891	1.00E-06	0	0	0	-0.13	0	0.305	0	0	0
3.157	-25.647011	348.728577	3.379881	0.180779	0	-0.332381	4.00E-06	0.961891	1.00E-06	0	0	0	-0.13	0	0.305	0	0	0
3.158	-25.647011	346.826172	3.379881	0.180372	0	-0.333077	1.00E-06	0.948955	5.00E-06	0	0	0	-0.13	0	0.305	0	0	0
3.159	-25.882729	346.826172	3.223097	0.180278	0	-0.333077	1.00E-06	0.948955	5.00E-06	0	0	0	-0.13	0	0.305	0	0	0
3.16	-25.882729	346.663025	3.223097	0.180223	0	-0.332642	0	0.962428	3.00E-06	0	0	0	-0.13	0	0.305	0	0	0
3.161	-25.334164	347.180695	3.536419	0.180223	0	-0.332535	7.00E-06	0.962428	3.00E-06	0	0	0	-0.13	0	0.305	0	0	0
3.162	-25.022758	347.180695	3.928114	0.180211	0	-0.332499	7.00E-06	0.962428	3.00E-06	0	0	0	-0.13	0	0.305	0	0	0
3.163	-25.334164	347.180695	3.928114	0.180211	0	-0.332499	7.00E-06	0.938374	5.00E-06	0	0	0	-0.13	0	0.305	0	0	0
3.164	-25.414902	347.358887	3.693403	0.180211	0	-0.331639	7.00E-06	0.938374	5.00E-06	0	0	0	-0.13	0	0.305	0	0	0
3.165	-25.414902	346.665009	3.693403	0.180489	0	-0.331639	6.00E-06	0.922658	5.00E-06	0	0	0	-0.13	0	0.305	0	0	0
3.166	-25.335608	347.715698	3.771572	0.180489	0	-0.331452	6.00E-06	0.899155	2.00E-06	0	0	0	-0.13	0	0.305	0	0	0
3.167	-25.335608	348.216766	3.771816	0.180489	0	-0.33135	7.00E-06	0.899155	0	0	0	0	-0.13	0	0.305	0	0	0
3.168	-25.334164	348.216766	3.771572	0.180333	0	-0.33135	7.00E-06	0.907719	2.00E-06	0	0	0	-0.13	0	0.305	0	0	0
3.169	-25.334164	347.538696	3.458332	0.180736	0	-0.33135	6.00E-06	0.907719	3.00E-06	0	0	0	-0.13	0	0.305	0	0	0
3.17	-25.334164	347.538696	3.458332	0.18048	0	-0.331354	6.00E-06	0.907719	3.00E-06	0	0	0	-0.13	0	0.305	0	0	0
3.171	-25.338493	347.881958	3.536501	0.180613	0	-0.330979	6.00E-06	0.988357	4.00E-06	0	0	0	-0.13	0	0.305	0	0	0
3.172	-25.488422	347.881958	3.536501	0.180613	0	-0.332404	6.00E-06	0.988357	4.00E-06	0	0	0	-0.13	0	0.305	0	0	0
3.173	-25.488422	347.881958	3.30147	0.180721	0	-0.331613	0	1.033078	4.00E-06	0	0	0	-0.13	0	0.305	0	0	0
3.174	-25.488422	348.231018	3.066317	0.180725	0	-0.331613	0	0.839649	3.00E-06	0	0	0	-0.13	0	0.305	0	0	0
3.175	-25.728468	348.392639	3.30147	0.180725	0	-0.331613	2.00E-06	0.90459	4.00E-06	0	0	0	-0.13	0	0.305	0	0	0
3.176	-25.49131	348.231018	3.458494	0.180923	0	-0.331646	5.00E-06	0.90459	4.00E-06	0	0	0	-0.13	0	0.305	0	0	0
3.177	-25.49131	348.552307	3.536661	0.180691	0	-0.332253	5.00E-06	0.911064	4.00E-06	0	0	0	-0.13	0	0.305	0	0	0
3.178	-25.49131	347.695251	3.536661	0.180915	0	-0.332253	5.00E-06	0.911064	5.00E-06	0	0	0	-0.13	0	0.305	0	0	0
3.179	-25.417065	347.695251	3.536661	0.180192	0	-0.332271	6.00E-06	0.99646	1.00E-06	0	0	0	-0.13	0	0.305	0	0	0
3.18	-25.417065	347.174866	3.223139	0.180915	0	-0.333285	1.00E-06	1.02287	5.00E-06	0	0	0	-0.13	0	0.305	0	0	0
3.181	-25.178461	345.628113	3.61503	0.180091	0	-0.333222	3.00E-06	1.02287	3.00E-06	0	0	0	-0.13	0	0.305	0	0	0
3.182	-25.024204	345.628113	3.61503	0.180306	0	-0.333222	3.00E-06	0.898399	3.00E-06	0	0	0	-0.13	0	0.305	0	0	0
3.183	-25.022758	345.628113	3.61503	0.180091	0	-0.332111	5.00E-06	0.898399	3.00E-06	0	0	0	-0.13	0	0.305	0	0	0
3.184	-25.022758	345.122467	3.771616	0.180306	0	-0.331944	7.00E-06	0.898399	3.00E-06	0	0	0	-0.13	0	0.305	0	0	0
3.185	-25.022758	345.292969	3.849903	0.180064	0	-0.331944	7.00E-06	0.943367	2.00E-06	0	0	0	-0.13	0	0.305	0	0	0
3.186	-25.334885	345.292969	3.849903	0.180551	0	-0.331944	5.00E-06	0.946264	2.00E-06	0	0	0	-0.13	0	0.305	0	0	0
3.187	-25.180626	345.292969	4.006807	0.18055	0	-0.331404	4.00E-06	0.946264	3.00E-06	0	0	0	-0.13	0	0.305	0	0	0
3.188	-25.180626	345.47583	3.45817	0.180551	0	-0.331404	5.00E-06	0.946264	3.00E-06	0	0	0	-0.13	0	0.305	0	0	0
3.189	-24.947073	345.47583	2.98831	0.18055	0	-0.331404	6.00E-06	0.941688	0	0	0	0	-0.13	0	0.305	0	0	0
3.19	-24.944908	345.47583	2.98831	0.180812	0	-0.330922	8.00E-06	0.941688	0	0	0	0	-0.13	0	0.305	0	0	0
3.191	-24.945629	345.799805	3.693361	0.180812	0	-0.330797	8.00E-06	0.887243	1.00E-06	0	0	0	-0.13	0	0.305	0	0	0
3.192	-24.945629	345.805176	3.693361	0.180846	0	-0.330797	8.00E-06	0.887243	1.00E-06	0	0	0	-0.13	0	0.305	0	0	0
3.193	-25.413458	345.997314	3.693361	0.180846	0	-0.331959	8.00E-06	0.936822	3.00E-06	0	0	0	-0.13	0	0.305	0	0	0
3.194	-25.413458	346.490234	3.458212	0.18081	0	-0.332694	1.00E-05	0.936822	4.00E-06	0	0	0	-0.13	0	0.305	0	0	0
3.195	-25.180626	346.490234	3.536823	0.180772	0	-0.332694	1.00E-05	0.931639	5.00E-06	0	0	0	-0.13	0	0.305	0	0	0
3.196	-25.180626	345.131348	3.536823	0.18081	0	-0.332694	1.00E-05	0.884552	5.00E-06	0	0	0	-0.13	0	0.305	0	0	0
3.197	-25.182791	345.131348	3.615074	0.180588	0	-0.332392	7.00E-06	0.884552	5.00E-06	0	0	0	-0.13	0	0.305	0	0	0
3.198	-25.336327	345.462311	4.006845	0.180588	0	-0.331665	9.00E-06	0.877932	2.00E-06	0	0	0	-0.13	0	0.305	0	0	0
3.199	-25.182791	345.805206	4.006765	0.180446	0	-0.331854	7.00E-06	1.016259	2.00E-06	0	0	0	-0.13	0	0.305	0	0	0
3.2	-25.569881	345.797119	4.006765	0.180411	0	-0.331854	2.00E-06	0.913762	2.00E-06	0	0	0	-0.13	0	0.305	0	0	0
3.201	-25.105659	345.797119	3.928558	0.180411	0	-0.332347	2.00E-06	0.913762	2.00E-06	0	0	0	-0.13	0	0.305	0	0	0
3.202	-24.630619	345.797119	3.928558	0.180459	0	-0.332347	0	0.770226	2.00E-06	0	0	0	-0.13	0	0.305	0	0	0
3.203	-24.630619	343.913635	4.085176	0.180459	0	-0.332347	2.00E-06	0.770226	2.00E-06	0	0	0	-0.13	0	0.305	0	0	0
3.204	-24.633503	343.905121	4.085176	0.181197	0	-0.331222	5.00E-06	0.781484	2.00E-06	0	0	0	-0.13	0	0.305	0	0	0
3.205	-24.633503	343.905121	4.006845	0.180811	0	-0.332335	7.00E-06	0.847824	1.00E-06	0	0	0	-0.13	0	0.305	0	0	0
3.206	-24.70919	342.348724	4.006807	0.180811	0	-0.332335	6.00E-06	0.847824	1.00E-06	0	0	0	-0.13	0	0.305	0	0	0
3.207	-24.47636	343.911682	3.850145	0.180811	0	-0.332335	7.00E-06	0.847824	1.00E-06	0	0	0	-0.13	0	0.305	0	0	0
3.208	-24.712799	344.264252	3.850145	0.180948	0	-0.331884	6.00E-06	0.92918	4.00E-06	0	0	0	-0.13	0	0.305	0	0	0
3.209	-24.634949	344.264252	3.771816	0.180948	0	-0.331536	4.00E-06	0.969528	4.00E-06	0	0	0	-0.13	0	0.305	0	0	0
3.21	-24.712799	343.406006	3.693403	0.181134	0	-0.331388	2.00E-06	0.969528	2.00E-06	0	0	0	-0.13	0	0.305	0	0	0
3.211	-24.790649	343.406006	3.693403	0.181157	0	-0.331388	2.00E-06	0.970951	2.00E-06	0	0	0	-0.13	0	0.305	0	0	0
3.212	-24.79137	343.406006	3.771692	0.181157	0	-0.331237	7.00E-06	0.984291	2.00E-06	0	0	0	-0.13	0	0.305	0	0	0
3.213	-24.867779	343.745819	3.771692	0.180901	0	-0.331744	7.00E-06	0.984291	4.00E-06	0	0	0	-0.13	0	0.305	0	0	0
3.214	-24.867779	344.759888	3.693285	0.180467	0	-0.331744	7.00E-06	0.984291	4.00E-06	0	0	0	-0.13	0	0.305	0	0	0
3.215	-24.867779	344.759888	3.615154	0.180646	0	-0.331989	4.00E-06	0.92292	6.00E-06	0	0	0	-0.13	0	0.305	0	0	0
3.216	-25.102776	344.427368	3.536701	0.180646	0	-0.332	4.00E-06	0.92292	5.00E-06	0	0	0	-0.13	0	0.305	0	0	0
3.217	-25.024204	343.914368	3.536701	0.180646	0	-0.332234	4.00E-06	0.921443	6.00E-06	0	0	0	-0.13	0	0.305	0	0	0
3.218	-25.024204	343.568787	3.301708	0.180473	0	-0.332329	6.00E-06	0.921443	5.00E-06	0	0	0	-0.13	0	0.305	0	0	0
3.219	-25.024204	343.048035	3.536701	0.180361	0	-0.332329	8.00E-06	0.943633	3.00E-06	0	0	0	-0.13	0	0.305	0	0	0
3.22	-24.712799	342.872559	3.536823	0.180359	0	-0.332329	8.00E-06	0.943633	3.00E-06	0	0	0	-0.13	0	0.305	0	0	0
3.221	-24.633503	341.493164	3.693243	0.180241	0	-0.332741	1.20E-05	1.037702	4.00E-06	0	0	0	-0.13	0	0.305	0	0	0
3.222	-24.633503	341.493164	3.693243	0.180167	0	-0.332624	1.00E-05	0.88748	4.00E-06	0	0	0	-0.13	0	0.305	0	0	0
3.223	-24.633503	342.005066	3.928677	0.180167	0	-0.332624	1.00E-05	0.853663	3.00E-06	0	0	0	-0.13	0	0.305	0	0	0
3.224	-24.789928	342.005066	3.928677	0.180118	0	-0.332624	1.00E-05	0.853541	3.00E-06	0	0	0	-0.13	0	0.305	0	0	0
3.225	-24.244249	340.800842	4.47695	0.180516	0	-0.332415	1.00E-05	0.853663	2.00E-06	0	0	0	-0.13	0	0.305	0	0	0
3.226	-24.244249	340.459473	4.163708	0.180087	0	-0.332415	1.10E-05	0.915693	2.00E-06	0	0	0	-0.13	0	0.305	0	0	0
3.227	-24.244249	340.459473	4.163708	0.180464	0	-0.332387	1.10E-05	0.974372	3.00E-06	0	0	0	-0.13	0	0.305	0	0	0
3.228	-24.007811	341.499359	4.163708	0.180464	0	-0.332387	1.20E-05	0.915693	4.00E-06	0	0	0	-0.13	0	0.305	0	0	0
3.229	-24.009975	341.849243	4.555523	0.180464	0	-0.332387	1.20E-05	0.999308	3.00E-06	0	0	0	-0.13	0	0.305	0	0	0
3.23	-24.009975	342.520752	4.555523	0.18027	0	-0.3326	6.00E-06	0.943239	1.00E-06	0	0	0	-0.13	0	0.305	0	0	0
3.231	-24.009975	341.849243	3.771816	0.18027	0	-0.331287	2.00E-06	0.943239	1.00E-06	0	0	0	-0.13	0	0.305	0	0	0
3.232	-24.400673	340.479523	3.771816	0.180918	0	-0.331287	6.00E-06	0.900757	1.00E-06	0	0	0	-0.13	0	0.305	0	0	0
3.233	-24.400673	340.460999	4.006966	0.180918	0	-0.331287	9.00E-06	0.792281	4.00E-06	0	0	0	-0.13	0	0.305	0	0	0
3.234	-24.637114	340.303284	4.085257	0.180918	0	-0.331167	9.00E-06	0.881551	2.00E-06	0	0	0	-0.13	0	0.305	0	0	0
3.235	-24.637114	340.460999	4.085257	0.180733	0	-0.332461	9.00E-06	0.871071	6.00E-06	0	0	0	-0.13	0	0.305	0	0	0
3.236	-24.554932	340.630737	4.242201	0.180855	0	-0.332311	0	0.871071	2.00E-06	0	0	0	-0.13	0	0.305	0	0	0
3.237	-24.242085	341.15686	4.242201	0.180733	0	-0.332311	0	0.857227	2.00E-06	0	0	0	-0.13	0	0.305	0	0	0
3.238	-24.242085	340.630737	4.242201	0.180687	0	-0.332311	1.00E-06	0.857227	2.00E-06	0	0	0	-0.13	0	0.305	0	0	0
3.239	-24.475637	339.259094	4.398581	0.180673	0	-0.332674	5.00E-06	0.900704	2.00E-06	0	0	0	-0.13	0	0.305	0	0	0
3.24	-24.475637	338.920044	4.242201	0.180673	0	-0.332674	5.00E-06	0.934299	2.00E-06	0	0	0	-0.13	0	0.305	0	0	0
3.241	-24.398508	338.735291	4.242201	0.180321	0	-0.332801	5.00E-06	0.900704	4.00E-06	0	0	0	-0.13	0	0.305	0	0	0
3.242	-24.089993	338.735291	4.242201	0.179917	0	-0.332801	1.00E-06	0.864825	2.00E-06	0	0	0	-0.13	0	0.305	0	0	0
3.243	-24.241364	338.219543	4.712585	0.179917	0	-0.332801	4.00E-06	0.7727	4.00E-06	0	0	0	-0.13	0	0.305	0	0	0
3.244	-24.241364	338.219543	4.712585	0.17989	0	-0.332816	4.00E-06	0.7727	2.00E-06	0	0	0	-0.13	0	0.305	0	0	0
3.245	-24.241364	338.226501	4.712303	0.180502	0	-0.332661	4.00E-06	0.818121	5.00E-06	0	0	0	-0.13	0	0.305	0	0	0
3.246	-23.930681	338.226501	4.242161	0.180502	0	-0.33214	4.00E-06	0.93227	5.00E-06	0	0	0	-0.13	0	0.305	0	0	0
3.247	-23.777143	338.050232	4.242161	0.180502	0	-0.33214	1.00E-06	0.862072	5.00E-06	0	0	0	-0.13	0	0.305	0	0	0
3.248	-23.227137	336.163269	4.32045	0.180822	0	-0.332961	3.00E-06	0.862072	2.00E-06	0	0	0	-0.13	0	0.305	0	0	0
3.249	-23.227137	336.163269	4.712103	0.180482	0	-0.333066	0	0.862072	2.00E-06	0	0	0	-0.13	0	0.305	0	0	0
3.25	-23.072157	336.830933	4.712103	0.180482	0	-0.333066	3.00E-06	0.94332	0	0	0	0	-0.13	0	0.305	0	0	0
3.251	-23.541426	336.830933	4.633934	0.180482	0	-0.333717	1.00E-06	0.9605	0	0	0	0	-0.13	0	0.305	0	0	0
3.252	-23.697849	336.142822	4.633852	0.180228	0	-0.332409	1.00E-06	0.9605	6.00E-06	0	0	0	-0.13	0	0.305	0	0	0
3.253	-23.697849	335.468628	4.633852	0.180194	0	-0.332409	-1.00E-06	0.9605	6.00E-06	0	0	0	-0.13	0	0.305	0	0	0
3.254	-23.857159	335.468628	4.633934	0.180194	0	-0.332409	-1.00E-06	0.981305	2.00E-06	0	0	0	-0.13	0	0.305	0	0	0
3.255	-23.857159	334.771973	4.947495	0.180382	0	-0.332489	5.00E-06	0.956641	2.00E-06	0	0	0	-0.13	0	0.305	0	0	0
3.256	-23.857159	334.771973	4.947495	0.180382	0	-0.332578	5.00E-06	0.956641	4.00E-06	0	0	0	-0.13	0	0.305	0	0	0
3.257	-23.774979	334.771973	4.085459	0.180382	0	-0.332905	3.00E-06	0.8752	4.00E-06	0	0	0	-0.13	0	0.305	0	0	0
3.258	-23.774979	333.91449	4.085459	0.180176	0	-0.332905	2.00E-06	0.8752	3.00E-06	0	0	0	-0.13	0	0.305	0	0	0
3.259	-23.774979	335.457397	4.555685	0.180445	0	-0.33316	2.00E-06	0.8752	3.00E-06	0	0	0	-0.13	0	0.305	0	0	0
3.26	-23.700016	334.949036	4.712303	0.180445	0	-0.33316	6.00E-06	0.909224	2.00E-06	0	0	0	-0.13	0	0.305	0	0	0
3.261	-23.700016	334.949036	4.869207	0.180445	0	-0.33316	6.00E-06	0.824805	2.00E-06	0	0	0	-0.13	0	0.305	0	0	0
3.262	-23.700016	331.674652	4.947456	0.179883	0	-0.333297	4.00E-06	0.909224	2.00E-06	0	0	0	-0.13	0	0.305	0	0	0
3.263	-23.310038	331.498718	4.947538	0.179883	0	-0.333636	4.00E-06	0.819322	2.00E-06	0	0	0	-0.13	0	0.305	0	0	0
3.264	-23.229301	331.147339	4.947618	0.180126	0	-0.333636	6.00E-06	0.900356	1.00E-06	0	0	0	-0.13	0	0.305	0	0	0
3.265	-22.993584	331.147339	4.947618	0.180252	0	-0.332901	6.00E-06	0.819322	1.00E-06	0	0	0	-0.13	0	0.305	0	0	0
3.266	-22.993584	330.6521	5.104237	0.180318	0	-0.33247	4.00E-06	0.900356	1.00E-06	0	0	0	-0.13	0	0.305	0	0	0
3.267	-22.993584	330.475037	4.869207	0.180252	0	-0.33247	3.00E-06	0.881544	2.00E-06	0	0	0	-0.13	0	0.305	0	0	0
3.268	-22.37294	330.475037	4.790834	0.180318	0	-0.33247	3.00E-06	0.881544	3.00E-06	0	0	0	-0.13	0	0.305	0	0	0
3.269	-22.292202	329.957031	4.790834	0.180117	0	-0.332966	2.00E-06	0.881544	3.00E-06	0	0	0	-0.13	0	0.305	0	0	0
3.27	-22.215797	329.59906	5.026026	0.180154	0	-0.332966	1.00E-06	0.885297	3.00E-06	0	0	0	-0.13	0	0.305	0	0	0
3.271	-22.215797	329.59906	5.026026	0.180154	0	-0.333295	2.00E-06	0.885297	4.00E-06	0	0	0	-0.13	0	0.305	0	0	0
3.272	-22.298698	328.748535	4.477636	0.18049	0	-0.332989	4.00E-06	0.97807	4.00E-06	0	0	0	-0.13	0	0.305	0	0	0
3.273	-22.610825	330.12561	4.477636	0.180517	0	-0.332989	5.00E-06	1.025963	2.00E-06	0	0	0	-0.13	0	0.305	0	0	0
3.274	-22.528643	330.12561	4.320732	0.180687	0	-0.332989	8.00E-06	1.025963	2.00E-06	0	0	0	-0.13	0	0.305	0	0	0
3.275	-22.528643	330.12561	4.712627	0.18078	0	-0.333076	8.00E-06	0.957482	3.00E-06	0	0	0	-0.13	0	0.305	0	0	0
3.276	-22.528643	330.463074	4.320732	0.180687	0	-0.333076	5.00E-06	0.957482	3.00E-06	0	0	0	-0.13	0	0.305	0	0	0
3.277	-22.685787	329.603302	4.556044	0.180607	0	-0.333076	2.00E-06	0.828402	3.00E-06	0	0	0	-0.13	0	0.305	0	0	0
3.278	-22.685787	327.703217	4.477636	0.180506	0	-0.332422	5.00E-06	0.828402	2.00E-06	0	0	0	-0.13	0	0.305	0	0	0
3.279	-22.605772	327.703217	4.556044	0.179972	0	-0.332676	2.00E-06	0.828402	2.00E-06	0	0	0	-0.13	0	0.305	0	0	0
3.28	-22.531528	326.496277	4.712704	0.179856	0	-0.332676	6.00E-06	0.859831	2.00E-06	0	0	0	-0.13	0	0.305	0	0	0
3.281	-22.140108	326.513306	4.712704	0.179856	0	-0.332676	6.00E-06	0.897618	0	0	0	0	-0.13	0	0.305	0	0	0
3.282	-22.138666	326.513306	4.712666	0.179856	0	-0.333802	6.00E-06	0.897618	0	0	0	0	-0.13	0	0.305	0	0	0
3.283	-22.138666	326.513306	4.634617	0.180365	0	-0.333452	3.00E-06	0.897618	3.00E-06	0	0	0	-0.13	0	0.305	0	0	0
3.284	-21.904392	325.479523	4.712666	0.180365	0	-0.333452	3.00E-06	0.918235	5.00E-06	0	0	0	-0.13	0	0.305	0	0	0
3.285	-21.747246	323.741486	4.947697	0.180365	0	-0.333043	6.00E-06	0.833607	5.00E-06	0	0	0	-0.13	0	0.305	0	0	0
3.286	-21.435843	323.741486	4.947697	0.180185	0	-0.333043	6.00E-06	0.925958	4.00E-06	0	0	0	-0.13	0	0.305	0	0	0
3.287	-21.67156	323.741486	4.791117	0.180185	0	-0.333456	5.00E-06	0.877343	1.00E-06	0	0	0	-0.13	0	0.305	0	0	0
3.288	-21.281586	323.403961	4.791117	0.180185	0	-0.333456	5.00E-06	0.877343	1.00E-06	0	0	0	-0.13	0	0.305	0	0	0
3.289	-21.515858	323.403961	4.399506	0.18024	0	-0.333129	5.00E-06	0.877343	3.00E-06	0	0	0	-0.13	0	0.305	0	0	0
3.29	-21.514416	323.403961	4.791159	0.179952	0	-0.332886	6.00E-06	0.917383	3.00E-06	0	0	0	-0.13	0	0.305	0	0	0
3.291	-21.514416	323.236572	4.556286	0.180551	0	-0.332886	8.00E-06	0.917383	3.00E-06	0	0	0	-0.13	0	0.305	0	0	0
3.292	-21.440895	321.86377	4.634375	0.180551	0	-0.332886	8.00E-06	0.917383	4.00E-06	0	0	0	-0.13	0	0.305	0	0	0
3.293	-21.440895	321.846802	4.556286	0.180551	0	-0.333227	5.00E-06	1.041792	4.00E-06	0	0	0	-0.13	0	0.305	0	0	0
3.294	-21.440895	321.86377	4.634375	0.180364	0	-0.333227	5.00E-06	1.041792	2.00E-06	0	0	0	-0.13	0	0.305	0	0	0
3.295	-21.438007	323.234985	4.869608	0.180364	0	-0.333244	5.00E-06	0.867918	2.00E-06	0	0	0	-0.13	0	0.305	0	0	0
3.296	-21.281586	323.234985	4.869608	0.180364	0	-0.33327	6.00E-06	0.867918	2.00E-06	0	0	0	-0.13	0	0.305	0	0	0
3.297	-21.360157	322.186615	4.007893	0.180684	0	-0.33327	3.00E-06	0.867918	2.00E-06	0	0	0	-0.13	0	0.305	0	0	0
3.298	-21.360157	321.164429	4.007893	0.180409	0	-0.333278	7.00E-06	0.911068	2.00E-06	0	0	0	-0.13	0	0.305	0	0	0
3.299	-21.438007	320.119934	4.08606	0.180409	0	-0.333278	3.00E-06	0.892461	1.00E-06	0	0	0	-0.13	0	0.305	0	0	0
3.3	-21.438007	318.930359	5.183092	0.179577	0	-0.333278	2.00E-06	0.892461	3.00E-06	0	0	0	-0.13	0	0.305	0	0	0
3.301	-20.735905	318.57782	5.183092	0.179577	0	-0.333011	2.00E-06	0.88985	4.00E-06	0	0	0	-0.13	0	0.305	0	0	0
3.302	-20.499466	318.57782	5.261461	0.17954	0	-0.333011	4.00E-06	0.88959	4.00E-06	0	0	0	-0.13	0	0.305	0	0	0
3.303	-20.735905	318.57782	4.791441	0.180036	0	-0.333584	5.00E-06	0.88985	2.00E-06	0	0	0	-0.13	0	0.305	0	0	0
3.304	-20.658054	317.883484	5.026308	0.179699	0	-0.333584	5.00E-06	0.896635	2.00E-06	0	0	0	-0.13	0	0.305	0	0	0
3.305	-20.658054	317.198853	5.026308	0.179699	0	-0.333465	1.00E-05	0.896635	2.00E-06	0	0	0	-0.13	0	0.305	0	0	0
3.306	-20.189507	317.198853	5.026308	0.179699	0	-0.333097	1.00E-05	0.935355	2.00E-06	0	0	0	-0.13	0	0.305	0	0	0
3.307	-20.109489	316.676575	5.02639	0.179506	0	-0.333465	1.00E-05	0.896797	1.00E-06	0	0	0	-0.13	0	0.305	0	0	0
3.308	-20.109489	317.211182	5.02639	0.18014	0	-0.333981	1.00E-05	0.896797	1.00E-06	0	0	0	-0.13	0	0.305	0	0	0
3.309	-20.030918	315.814087	5.261581	0.18014	0	-0.334219	4.00E-06	0.894185	0	0	0	0	-0.13	0	0.305	0	0	0
3.31	-19.720236	315.814087	5.418123	0.18014	0	-0.334219	-1.00E-06	0.894185	0	0	0	0	-0.13	0	0.305	0	0	0
3.311	-19.952343	315.476593	5.261581	0.179993	0	-0.333162	-1.00E-06	0.818673	0	0	0	0	-0.13	0	0.305	0	0	0
3.312	-19.952343	315.308411	4.947977	0.179993	0	-0.332985	6.00E-06	0.957184	4.00E-06	0	0	0	-0.13	0	0.305	0	0	0
3.313	-19.952343	315.135651	4.947977	0.179936	0	-0.332985	6.00E-06	0.910458	4.00E-06	0	0	0	-0.13	0	0.305	0	0	0
3.314	-19.79953	315.308411	4.947977	0.180225	0	-0.333505	4.00E-06	0.95402	2.00E-06	0	0	0	-0.13	0	0.305	0	0	0
3.315	-19.79953	314.089142	5.104881	0.180645	0	-0.333854	4.00E-06	0.911243	2.00E-06	0	0	0	-0.13	0	0.305	0	0	0
3.316	-19.79953	314.093018	4.86977	0.180645	0	-0.333939	3.00E-06	0.911243	1.00E-06	0	0	0	-0.13	0	0.305	0	0	0
3.317	-20.266636	314.093018	5.261623	0.180525	0	-0.334414	1.30E-05	0.855875	0	0	0	0	-0.13	0	0.305	0	0	0
3.318	-20.266636	314.093018	5.02647	0.179906	0	-0.333953	2.00E-06	0.855875	0	0	0	0	-0.13	0	0.305	0	0	0
3.319	-20.266636	312.888733	5.026632	0.180525	0	-0.333953	8.00E-06	0.855875	0	0	0	0	-0.13	0	0.305	0	0	0
3.32	-19.957397	312.888733	5.026632	0.179828	0	-0.333953	2.00E-06	0.943179	3.00E-06	0	0	0	-0.13	0	0.305	0	0	0
3.321	-19.878822	312.888733	5.183294	0.179828	0	-0.333891	0	0.965603	0	0	0	0	-0.13	0	0.305	0	0	0
3.322	-19.878822	312.197937	5.183294	0.179691	0	-0.334176	0	0.965603	3.00E-06	0	0	0	-0.13	0	0.305	0	0	0
3.323	-19.876659	312.014709	5.105083	0.179619	0	-0.334176	4.00E-06	0.827044	3.00E-06	0	0	0	-0.13	0	0.305	0	0	0
3.324	-19.643827	312.014709	5.105083	0.179619	0	-0.335014	4.00E-06	0.827044	3.00E-06	0	0	0	-0.13	0	0.305	0	0	0
3.325	-19.643827	312.014709	5.418447	0.179619	0	-0.335014	4.00E-06	0.860484	3.00E-06	0	0	0	-0.13	0	0.305	0	0	0
3.326	-19.411716	309.266418	5.418447	0.179333	0	-0.334342	4.00E-06	0.923875	3.00E-06	0	0	0	-0.13	0	0.305	0	0	0
3.327	-19.252407	308.40863	5.496817	0.17949	0	-0.33419	9.00E-06	0.860484	4.00E-06	0	0	0	-0.13	0	0.305	0	0	0
3.328	-18.705286	308.40863	5.496817	0.17949	0	-0.334274	9.00E-06	0.847538	4.00E-06	0	0	0	-0.13	0	0.305	0	0	0
3.329	-18.705286	308.40863	5.575266	0.179817	0	-0.334209	5.00E-06	0.819232	4.00E-06	0	0	0	-0.13	0	0.305	0	0	0
3.33	-18.629601	309.101746	5.73177	0.179817	0	-0.334209	2.00E-06	0.819232	4.00E-06	0	0	0	-0.13	0	0.305	0	0	0
3.331	-18.705286	308.228455	5.575266	0.179813	0	-0.334209	1.00E-06	0.828993	5.00E-06	0	0	0	-0.13	0	0.305	0	0	0
3.332	-18.863153	307.532593	4.948301	0.179813	0	-0.33427	1.00E-06	0.949726	5.00E-06	0	0	0	-0.13	0	0.305	0	0	0
3.333	-18.863153	307.532593	4.948301	0.180089	0	-0.33427	3.00E-06	0.949726	5.00E-06	0	0	0	-0.13	0	0.305	0	0	0
3.334	-18.629601	308.071838	5.183495	0.180147	0	-0.333937	7.00E-06	0.96151	4.00E-06	0	0	0	-0.13	0	0.305	0	0	0
3.335	-18.629601	308.071838	5.183495	0.180176	0	-0.333937	6.00E-06	0.96151	3.00E-06	0	0	0	-0.13	0	0.305	0	0	0
3.336	-18.78458	308.071838	5.183332	0.180147	0	-0.333974	6.00E-06	0.941091	2.00E-06	0	0	0	-0.13	0	0.305	0	0	0
3.337	-19.020298	306.168701	5.183332	0.179846	0	-0.334559	4.00E-06	0.871022	2.00E-06	0	0	0	-0.13	0	0.305	0	0	0
3.338	-19.020298	306.348846	5.183413	0.179846	0	-0.333974	2.00E-06	0.871022	3.00E-06	0	0	0	-0.13	0	0.305	0	0	0
3.339	-19.174557	306.348846	5.183655	0.179415	0	-0.335253	2.00E-06	0.871022	5.00E-06	0	0	0	-0.13	0	0.305	0	0	0
3.34	-19.174557	306.348846	5.183413	0.179158	0	-0.335039	2.00E-06	0.881846	3.00E-06	0	0	0	-0.13	0	0.305	0	0	0
3.341	-19.176722	304.612671	5.183655	0.179158	0	-0.335039	8.00E-06	0.918777	2.00E-06	0	0	0	-0.13	0	0.305	0	0	0
3.342	-18.316753	303.742493	5.810581	0.179158	0	-0.335039	8.00E-06	0.918777	2.00E-06	0	0	0	-0.13	0	0.305	0	0	0
3.343	-18.159607	302.723816	5.88895	0.179058	0	-0.335659	0	0.907029	3.00E-06	0	0	0	-0.13	0	0.305	0	0	0
3.344	-18.159607	302.891968	5.88895	0.179058	0	-0.335659	-1.00E-06	0.865531	3.00E-06	0	0	0	-0.13	0	0.305	0	0	0
3.345	-18.083202	302.188416	5.73217	0.178938	0	-0.335217	0	0.888006	3.00E-06	0	0	0	-0.13	0	0.305	0	0	0
3.346	-18.083202	302.188416	5.653759	0.179525	0	-0.335217	0	0.865531	3.00E-06	0	0	0	-0.13	0	0.305	0	0	0
3.347	-17.848927	302.188416	5.653759	0.179574	0	-0.335217	2.00E-06	0.837073	3.00E-06	0	0	0	-0.13	0	0.305	0	0	0
3.348	-17.84676	301.509155	5.575546	0.179753	0	-0.335309	2.00E-06	0.837073	3.00E-06	0	0	0	-0.13	0	0.305	0	0	0
3.349	-16.912548	301.509155	5.575546	0.179829	0	-0.334709	6.00E-06	0.837073	3.00E-06	0	0	0	-0.13	0	0.305	0	0	0
3.35	-16.912548	299.955078	5.73217	0.179753	0	-0.334912	6.00E-06	0.877286	4.00E-06	0	0	0	-0.13	0	0.305	0	0	0
3.351	-17.380379	299.101501	5.73217	0.179469	0	-0.334912	6.00E-06	0.806623	4.00E-06	0	0	0	-0.13	0	0.305	0	0	0
3.352	-17.380379	298.072357	5.41885	0.179469	0	-0.334912	4.00E-06	0.813015	4.00E-06	0	0	0	-0.13	0	0.305	0	0	0
3.353	-17.613209	298.072357	5.262188	0.179956	0	-0.334847	2.00E-06	0.813015	0	0	0	0	-0.13	0	0.305	0	0	0
3.354	-17.223232	299.78537	5.41885	0.179956	0	-0.334847	4.00E-06	0.897757	0	0	0	0	-0.13	0	0.305	0	0	0
3.355	-17.461836	299.78537	5.340557	0.179956	0	-0.33502	7.00E-06	0.925004	1.00E-06	0	0	0	-0.13	0	0.305	0	0	0
3.356	-17.461836	299.619507	5.340557	0.179889	0	-0.335372	7.00E-06	0.940964	2.00E-06	0	0	0	-0.13	0	0.305	0	0	0
3.357	-17.461836	297.206787	5.184017	0.179375	0	-0.335372	7.00E-06	0.940964	2.00E-06	0	0	0	-0.13	0	0.305	0	0	0
3.358	-17.616816	296.354004	5.105526	0.179307	0	-0.335372	6.00E-06	0.859076	2.00E-06	0	0	0	-0.13	0	0.305	0	0	0
3.359	-17.382542	296.354004	5.184017	0.179307	0	-0.335772	5.00E-06	0.859076	3.00E-06	0	0	0	-0.13	0	0.305	0	0	0
3.36	-17.382542	296.354004	5.575546	0.179315	0	-0.33588	4.00E-06	0.860587	4.00E-06	0	0	0	-0.13	0	0.305	0	0	0
3.361	-17.382542	296.667938	5.732491	0.179315	0	-0.336294	4.00E-06	0.922824	4.00E-06	0	0	0	-0.13	0	0.305	0	0	0
3.362	-16.833977	295.984039	6.045937	0.17915	0	-0.336294	6.00E-06	0.922824	4.00E-06	0	0	0	-0.13	0	0.305	0	0	0
3.363	-16.832535	294.777527	6.202717	0.17915	0	-0.336294	7.00E-06	0.919797	4.00E-06	0	0	0	-0.13	0	0.305	0	0	0
3.364	-16.832535	294.43924	6.359215	0.179164	0	-0.336393	6.00E-06	0.850303	4.00E-06	0	0	0	-0.13	0	0.305	0	0	0
3.365	-16.60331	292.71582	6.359215	0.179164	0	-0.336393	6.00E-06	0.919797	4.00E-06	0	0	0	-0.13	0	0.305	0	0	0
3.366	-16.524738	292.71582	6.359337	0.179164	0	-0.336168	6.00E-06	0.828158	1.00E-06	0	0	0	-0.13	0	0.305	0	0	0
3.367	-16.524017	291.51123	6.672783	0.178799	0	-0.335665	9.00E-06	0.889867	1.00E-06	0	0	0	-0.13	0	0.305	0	0	0
3.368	-16.20612	292.026154	6.515995	0.179088	0	-0.335981	9.00E-06	0.729576	2.00E-06	0	0	0	-0.13	0	0.305	0	0	0
3.369	-15.816864	291.677429	6.515995	0.179088	0	-0.335981	9.00E-06	0.729576	2.00E-06	0	0	0	-0.13	0	0.305	0	0	0
3.37	-15.816864	291.677429	6.515995	0.179632	0	-0.336554	3.00E-06	0.729576	1.00E-06	0	0	0	-0.13	0	0.305	0	0	0
3.371	-15.816864	289.614258	6.359539	0.179632	0	-0.336554	3.00E-06	0.794106	1.00E-06	0	0	0	-0.13	0	0.305	0	0	0
3.372	-15.739735	289.266296	5.967682	0.17941	0	-0.336458	8.00E-06	0.794106	1.00E-06	0	0	0	-0.13	0	0.305	0	0	0
3.373	-15.739735	289.266296	5.967682	0.179081	0	-0.335964	8.00E-06	0.927127	2.00E-06	0	0	0	-0.13	0	0.305	0	0	0
3.374	-15.901209	289.266296	6.046093	0.17941	0	-0.336276	7.00E-06	0.756376	2.00E-06	0	0	0	-0.13	0	0.305	0	0	0
3.375	-15.975452	289.431763	6.281166	0.179729	0	-0.336276	5.00E-06	0.803024	3.00E-06	0	0	0	-0.13	0	0.305	0	0	0
3.376	-15.975452	289.431763	6.281166	0.179872	0	-0.336276	5.00E-06	0.756376	3.00E-06	0	0	0	-0.13	0	0.305	0	0	0
3.377	-15.74262	289.431763	6.281166	0.179872	0	-0.336769	2.00E-06	0.803024	3.00E-06	0	0	0	-0.13	0	0.305	0	0	0
3.378	-15.74262	288.413879	6.124386	0.179557	0	-0.336769	2.00E-06	0.838072	2.00E-06	0	0	0	-0.13	0	0.305	0	0	0
3.379	-15.74262	287.189941	6.124386	0.178906	0	-0.337174	2.00E-06	0.846403	4.00E-06	0	0	0	-0.13	0	0.305	0	0	0
3.38	-15.588363	287.189941	6.359577	0.179196	0	-0.337298	2.00E-06	0.838072	2.00E-06	0	0	0	-0.13	0	0.305	0	0	0
3.381	-15.588363	287.189941	6.59449	0.178712	0	-0.337298	3.00E-06	0.789164	1.00E-06	0	0	0	-0.13	0	0.305	0	0	0
3.382	-15.354088	288.399231	7.064716	0.179196	0	-0.337231	3.00E-06	0.789164	-1.00E-06	0	0	0	-0.13	0	0.305	0	0	0
3.383	-15.821916	285.983795	7.064716	0.178715	0	-0.337231	3.00E-06	0.804569	-1.00E-06	0	0	0	-0.13	0	0.305	0	0	0
3.384	-15.507625	285.804779	6.594688	0.178715	0	-0.337665	0	0.804569	2.00E-06	0	0	0	-0.13	0	0.305	0	0	0
3.385	-15.507625	284.43396	6.594688	0.178663	0	-0.337665	0	0.804569	3.00E-06	0	0	0	-0.13	0	0.305	0	0	0
3.386	-15.039076	283.236664	6.986385	0.178587	0	-0.33744	3.00E-06	0.822523	2.00E-06	0	0	0	-0.13	0	0.305	0	0	0
3.387	-14.961946	282.87912	7.299866	0.178554	0	-0.337312	3.00E-06	0.822523	4.00E-06	0	0	0	-0.13	0	0.305	0	0	0
3.388	-14.646935	282.87912	6.986423	0.178554	0	-0.337312	6.00E-06	0.822523	0	0	0	0	-0.13	0	0.305	0	0	0
3.389	-14.646935	282.371094	6.986423	0.17841	0	-0.337312	-1.00E-06	0.797917	3.00E-06	0	0	0	-0.13	0	0.305	0	0	0
3.39	-14.414824	281.84964	6.673222	0.179289	0	-0.33739	4.00E-06	0.797917	3.00E-06	0	0	0	-0.13	0	0.305	0	0	0
3.391	-14.649821	281.84964	6.673145	0.178908	0	-0.337498	4.00E-06	0.797917	3.00E-06	0	0	0	-0.13	0	0.305	0	0	0
3.392	-14.649821	281.84964	6.673103	0.178908	0	-0.33739	4.00E-06	0.821174	3.00E-06	0	0	0	-0.13	0	0.305	0	0	0
3.393	-14.649821	280.485321	6.594772	0.178908	0	-0.336885	4.00E-06	0.821174	3.00E-06	0	0	0	-0.13	0	0.305	0	0	0
3.394	-14.96411	280.485321	6.594772	0.178226	0	-0.336885	3.00E-06	0.896759	4.00E-06	0	0	0	-0.13	0	0.305	0	0	0
3.395	-14.571971	280.648468	6.673061	0.178866	0	-0.337925	3.00E-06	0.83436	3.00E-06	0	0	0	-0.13	0	0.305	0	0	0
3.396	-14.732002	281.847687	6.829845	0.178866	0	-0.337925	7.00E-06	0.896759	2.00E-06	0	0	0	-0.13	0	0.305	0	0	0
3.397	-14.338418	280.648468	6.830006	0.179225	0	-0.337782	7.00E-06	0.850399	2.00E-06	0	0	0	-0.13	0	0.305	0	0	0
3.398	-14.338418	280.470276	6.830006	0.179225	0	-0.337682	5.00E-06	0.850399	2.00E-06	0	0	0	-0.13	0	0.305	0	0	0
3.399	-14.261287	279.613922	6.281612	0.179225	0	-0.337782	5.00E-06	0.787765	2.00E-06	0	0	0	-0.13	0	0.305	0	0	0
3.4	-14.261287	279.600494	6.281612	0.178928	0	-0.337682	5.00E-06	0.766118	1.00E-06	0	0	0	-0.13	0	0.305	0	0	0
3.401	-14.179829	279.600494	6.673222	0.178966	0	-0.338642	5.00E-06	0.766118	1.00E-06	0	0	0	-0.13	0	0.305	0	0	0
3.402	-13.790574	279.600494	6.673424	0.178918	0	-0.338995	1.00E-06	0.766118	1.00E-06	0	0	0	-0.13	0	0.305	0	0	0
3.403	-13.790574	277.362091	7.065117	0.178918	0	-0.339047	1.00E-06	0.824007	3.00E-06	0	0	0	-0.13	0	0.305	0	0	0
3.404	-13.792739	276.486877	7.065117	0.178202	0	-0.340159	1.00E-06	0.837656	3.00E-06	0	0	0	-0.13	0	0.305	0	0	0
3.405	-14.104142	276.486877	7.221577	0.178202	0	-0.339047	3.00E-06	0.837656	3.00E-06	0	0	0	-0.13	0	0.305	0	0	0
3.406	-13.792739	276.486877	6.986744	0.178202	0	-0.3388	1.00E-06	0.837656	3.00E-06	0	0	0	-0.13	0	0.305	0	0	0
3.407	-13.558464	274.433716	6.986744	0.178075	0	-0.3388	3.00E-06	0.806798	3.00E-06	0	0	0	-0.13	0	0.305	0	0	0
3.408	-13.558464	274.253967	6.986744	0.177974	0	-0.338935	0	0.841773	3.00E-06	0	0	0	-0.13	0	0.305	0	0	0
3.409	-12.774181	273.732056	6.908375	0.177406	0	-0.338935	5.00E-06	0.742248	3.00E-06	0	0	0	-0.13	0	0.305	0	0	0
3.41	-12.854919	273.396088	6.908375	0.177406	0	-0.339009	3.00E-06	0.720886	4.00E-06	0	0	0	-0.13	0	0.305	0	0	0
3.411	-12.696331	271.678894	6.908375	0.178007	0	-0.33834	5.00E-06	0.687814	4.00E-06	0	0	0	-0.13	0	0.305	0	0	0
3.412	-12.854919	272.719971	6.516884	0.178007	0	-0.33834	9.00E-06	0.720886	3.00E-06	0	0	0	-0.13	0	0.305	0	0	0
3.413	-12.85059	271.672302	6.595135	0.178007	0	-0.33834	9.00E-06	0.663318	3.00E-06	0	0	0	-0.13	0	0.305	0	0	0
3.414	-12.934214	271.672302	6.595135	0.178002	0	-0.338836	8.00E-06	0.767726	3.00E-06	0	0	0	-0.13	0	0.305	0	0	0
3.415	-12.85059	270.304932	6.595135	0.178587	0	-0.338836	8.00E-06	0.767627	4.00E-06	0	0	0	-0.13	0	0.305	0	0	0
3.416	-12.072081	270.296448	6.516922	0.178978	0	-0.338836	7.00E-06	0.767627	0	0	0	0	-0.13	0	0.305	0	0	0
3.417	-12.072081	268.405212	6.516884	0.179155	0	-0.339316	8.00E-06	0.665198	4.00E-06	0	0	0	-0.13	0	0.305	0	0	0
3.418	-12.233555	268.405212	6.516884	0.178978	0	-0.339316	7.00E-06	0.665198	3.00E-06	0	0	0	-0.13	0	0.305	0	0	0
3.419	-12.384207	269.605591	6.516884	0.178715	0	-0.339193	1.00E-05	0.634937	5.00E-06	0	0	0	-0.13	0	0.305	0	0	0
3.42	-12.544237	269.605591	6.830326	0.178705	0	-0.338814	-1.00E-06	0.773697	3.00E-06	0	0	0	-0.13	0	0.305	0	0	0
3.421	-12.85564	268.581909	6.830326	0.178236	0	-0.339193	4.00E-06	0.746316	2.00E-06	0	0	0	-0.13	0	0.305	0	0	0
3.422	-12.544237	268.216583	6.673664	0.177974	0	-0.340312	2.00E-06	0.746316	2.00E-06	0	0	0	-0.13	0	0.305	0	0	0
3.423	-12.073523	267.702057	6.673664	0.177974	0	-0.340312	3.00E-06	0.709751	4.00E-06	0	0	0	-0.13	0	0.305	0	0	0
3.424	-11.917822	267.541229	6.673664	0.177974	0	-0.339713	3.00E-06	0.709751	4.00E-06	0	0	0	-0.13	0	0.305	0	0	0
3.425	-12.073523	266.843842	6.281975	0.178189	0	-0.339713	3.00E-06	0.709751	4.00E-06	0	0	0	-0.13	0	0.305	0	0	0
3.426	-11.917822	265.987518	6.281975	0.178189	0	-0.339713	7.00E-06	0.742222	4.00E-06	0	0	0	-0.13	0	0.305	0	0	0
3.427	-11.843578	264.26178	6.673664	0.178189	0	-0.339688	3.00E-06	0.834082	4.00E-06	0	0	0	-0.13	0	0.305	0	0	0
3.428	-11.451437	263.900391	6.751915	0.17717	0	-0.339371	7.00E-06	0.834082	3.00E-06	0	0	0	-0.13	0	0.305	0	0	0
3.429	-10.899986	261.682465	6.673908	0.17717	0	-0.339688	3.00E-06	0.696737	3.00E-06	0	0	0	-0.13	0	0.305	0	0	0
3.43	-10.825743	261.682465	6.673908	0.178241	0	-0.339384	1.00E-06	0.686577	2.00E-06	0	0	0	-0.13	0	0.305	0	0	0
3.431	-10.67004	261.676666	6.125431	0.178295	0	-0.339966	1.00E-06	0.696737	4.00E-06	0	0	0	-0.13	0	0.305	0	0	0
3.432	-10.67004	260.312378	6.125431	0.178241	0	-0.339384	4.00E-06	0.70979	4.00E-06	0	0	0	-0.13	0	0.305	0	0	0
3.433	-10.982889	260.312378	6.830406	0.177668	0	-0.339058	4.00E-06	0.73966	4.00E-06	0	0	0	-0.13	0	0.305	0	0	0
3.434	-10.982889	261.673218	6.830406	0.177668	0	-0.339058	4.00E-06	0.73966	3.00E-06	0	0	0	-0.13	0	0.305	0	0	0
3.435	-10.982889	261.855316	6.438793	0.178294	0	-0.339058	4.00E-06	0.751126	1.00E-06	0	0	0	-0.13	0	0.305	0	0	0
3.436	-10.511454	261.855316	6.36026	0.178294	0	-0.339283	7.00E-06	0.7162	3.00E-06	0	0	0	-0.13	0	0.305	0	0	0
3.437	-10.511454	261.855316	6.36026	0.178475	0	-0.339283	7.00E-06	0.7162	1.00E-06	0	0	0	-0.13	0	0.305	0	0	0
3.438	-10.43288	260.1315	6.438675	0.177902	0	-0.339429	7.00E-06	0.670931	4.00E-06	0	0	0	-0.13	0	0.305	0	0	0
3.439	-10.357195	260.130737	6.438915	0.177902	0	-0.339429	7.00E-06	0.670931	3.00E-06	0	0	0	-0.13	0	0.305	0	0	0
3.44	-10.280787	260.130737	6.438675	0.177902	0	-0.339429	3.00E-06	0.84465	4.00E-06	0	0	0	-0.13	0	0.305	0	0	0
3.441	-10.280787	260.302734	6.595535	0.178208	0	-0.338814	7.00E-06	0.84465	3.00E-06	0	0	0	-0.13	0	0.305	0	0	0
3.442	-9.495783	260.985046	6.203438	0.178484	0	-0.339924	5.00E-06	0.803601	1.00E-06	0	0	0	-0.13	0	0.305	0	0	0
3.443	-10.200769	260.302734	6.595535	0.178334	0	-0.340367	5.00E-06	0.780416	1.00E-06	0	0	0	-0.13	0	0.305	0	0	0
3.444	-10.200769	259.773895	6.438835	0.178334	0	-0.341104	5.00E-06	0.690416	1.00E-06	0	0	0	-0.13	0	0.305	0	0	0
3.445	-10.200769	256.504517	6.595417	0.177929	0	-0.341104	1.00E-06	0.690416	1.00E-06	0	0	0	-0.13	0	0.305	0	0	0
3.446	-10.126528	256.504517	6.595417	0.177929	0	-0.340356	9.00E-06	0.615139	0	0	0	0	-0.13	0	0.305	0	0	0
3.447	-10.040018	255.975708	6.595455	0.176616	0	-0.340356	8.00E-06	0.892314	1.00E-06	0	0	0	-0.13	0	0.305	0	0	0
3.448	-9.891531	258.223328	6.595455	0.177394	0	-0.340787	8.00E-06	0.683757	1.00E-06	0	0	0	-0.13	0	0.305	0	0	0
3.449	-9.810072	255.975708	6.908901	0.176616	0	-0.340892	8.00E-06	0.696051	2.00E-06	0	0	0	-0.13	0	0.305	0	0	0
3.45	-9.80863	257.369324	6.517086	0.177394	0	-0.340787	6.00E-06	0.683757	3.00E-06	0	0	0	-0.13	0	0.305	0	0	0
3.451	-8.952269	257.369324	6.517086	0.177426	0	-0.339694	6.00E-06	0.696051	2.00E-06	0	0	0	-0.13	0	0.305	0	0	0
3.452	-8.952269	257.369324	6.517086	0.177426	0	-0.339694	5.00E-06	0.589679	2.00E-06	0	0	0	-0.13	0	0.305	0	0	0
3.453	-9.262951	255.300308	6.2038	0.177152	0	-0.340062	4.00E-06	0.685211	2.00E-06	0	0	0	-0.13	0	0.305	0	0	0
3.454	-9.262951	255.300308	6.2038	0.176977	0	-0.340499	4.00E-06	0.685211	2.00E-06	0	0	0	-0.13	0	0.305	0	0	0
3.455	-9.262951	255.470398	6.125469	0.177152	0	-0.340453	5.00E-06	0.713032	2.00E-06	0	0	0	-0.13	0	0.305	0	0	0
3.456	-9.420095	255.976486	6.125313	0.177545	0	-0.340453	5.00E-06	0.737847	2.00E-06	0	0	0	-0.13	0	0.305	0	0	0
3.457	-9.420095	255.470398	6.125469	0.177545	0	-0.340453	5.00E-06	0.750577	2.00E-06	0	0	0	-0.13	0	0.305	0	0	0
3.458	-9.26223	255.121689	6.282131	0.17771	0	-0.340184	3.00E-06	0.750577	1.00E-06	0	0	0	-0.13	0	0.305	0	0	0
3.459	-9.26223	255.121689	6.282131	0.17771	0	-0.340184	3.00E-06	0.709676	1.00E-06	0	0	0	-0.13	0	0.305	0	0	0
3.46	-9.26223	255.466553	6.360504	0.17771	0	-0.340184	2.00E-06	0.628594	2.00E-06	0	0	0	-0.13	0	0.305	0	0	0
3.461	-9.260786	255.470764	6.203762	0.177779	0	-0.340407	2.00E-06	0.664511	3.00E-06	0	0	0	-0.13	0	0.305	0	0	0
3.462	-9.260786	255.470764	6.360504	0.177779	0	-0.340407	3.00E-06	0.664511	2.00E-06	0	0	0	-0.13	0	0.305	0	0	0
3.463	-9.105806	255.470764	6.125389	0.177779	0	-0.341283	3.00E-06	0.666486	3.00E-06	0	0	0	-0.13	0	0.305	0	0	0
3.464	-9.105806	254.946594	6.125553	0.177787	0	-0.340668	3.00E-06	0.692823	3.00E-06	0	0	0	-0.13	0	0.305	0	0	0
3.465	-8.872976	254.946594	6.125553	0.177133	0	-0.341283	1.00E-06	0.748473	3.00E-06	0	0	0	-0.13	0	0.305	0	0	0
3.466	-8.714386	254.946594	6.203762	0.177133	0	-0.340935	1.00E-06	0.748473	3.00E-06	0	0	0	-0.13	0	0.305	0	0	0
3.467	-8.872976	253.747375	6.438915	0.177133	0	-0.341144	1.00E-06	0.748473	2.00E-06	0	0	0	-0.13	0	0.305	0	0	0
3.468	-8.715109	253.730423	6.438915	0.176519	0	-0.341144	6.00E-06	0.728865	1.00E-06	0	0	0	-0.13	0	0.305	0	0	0
3.469	-8.715109	253.385559	6.360382	0.176903	0	-0.34157	6.00E-06	0.728865	1.00E-06	0	0	0	-0.13	0	0.305	0	0	0
3.47	-8.715109	253.385559	6.360382	0.176903	0	-0.342097	6.00E-06	0.728865	3.00E-06	0	0	0	-0.13	0	0.305	0	0	0
3.471	-8.557962	252.884125	6.595497	0.177441	0	-0.34195	2.00E-06	0.773687	3.00E-06	0	0	0	-0.13	0	0.305	0	0	0
3.472	-8.797289	252.879486	6.595497	0.177583	0	-0.34195	5.00E-06	0.773687	3.00E-06	0	0	0	-0.13	0	0.305	0	0	0
3.473	-8.794403	251.686066	6.360462	0.177583	0	-0.341305	5.00E-06	0.72745	3.00E-06	0	0	0	-0.13	0	0.305	0	0	0
3.474	-8.794403	251.15419	6.360462	0.177583	0	-0.340359	6.00E-06	0.695393	3.00E-06	0	0	0	-0.13	0	0.305	0	0	0
3.475	-8.715109	251.686066	6.517086	0.177649	0	-0.340491	6.00E-06	0.709275	2.00E-06	0	0	0	-0.13	0	0.305	0	0	0
3.476	-8.558685	253.385162	6.673908	0.177531	0	-0.340491	5.00E-06	0.684627	1.00E-06	0	0	0	-0.13	0	0.305	0	0	0
3.477	-8.558685	253.400253	6.673786	0.177531	0	-0.340491	4.00E-06	0.709275	2.00E-06	0	0	0	-0.13	0	0.305	0	0	0
3.478	-8.558685	253.400253	6.673786	0.177531	0	-0.340283	4.00E-06	0.676865	2.00E-06	0	0	0	-0.13	0	0.305	0	0	0
3.479	-8.79368	253.58847	6.673786	0.178057	0	-0.339864	2.00E-06	0.750923	2.00E-06	0	0	0	-0.13	0	0.305	0	0	0
3.48	-8.79368	253.58847	6.98735	0.178082	0	-0.339808	4.00E-06	0.676865	2.00E-06	0	0	0	-0.13	0	0.305	0	0	0
3.481	-8.557962	253.555237	6.98735	0.178082	0	-0.339808	5.00E-06	0.72522	1.00E-06	0	0	0	-0.13	0	0.305	0	0	0
3.482	-8.405148	253.555237	6.98735	0.17779	0	-0.340039	6.00E-06	0.72522	1.00E-06	0	0	0	-0.13	0	0.305	0	0	0
3.483	-8.557962	253.911713	7.14389	0.177195	0	-0.341344	6.00E-06	0.72522	2.00E-06	0	0	0	-0.13	0	0.305	0	0	0
3.484	-8.792959	253.911713	7.14389	0.177195	0	-0.341344	3.00E-06	0.723576	2.00E-06	0	0	0	-0.13	0	0.305	0	0	0
3.485	-8.869366	253.730377	7.14389	0.177464	0	-0.341344	3.00E-06	0.654249	2.00E-06	0	0	0	-0.13	0	0.305	0	0	0
3.486	-8.869366	253.730377	6.987228	0.177464	0	-0.341805	5.00E-06	0.654249	2.00E-06	0	0	0	-0.13	0	0.305	0	0	0
3.487	-8.712944	253.402924	7.378922	0.177406	0	-0.341805	6.00E-06	0.669563	2.00E-06	0	0	0	-0.13	0	0.305	0	0	0
3.488	-8.712944	252.701706	7.379166	0.177193	0	-0.341805	6.00E-06	0.669563	2.00E-06	0	0	0	-0.13	0	0.305	0	0	0
3.489	-8.712944	252.354889	7.379166	0.17662	0	-0.342045	6.00E-06	0.605665	2.00E-06	0	0	0	-0.13	0	0.305	0	0	0
3.49	-8.713665	252.352997	7.379166	0.17662	0	-0.341138	5.00E-06	0.603692	2.00E-06	0	0	0	-0.13	0	0.305	0	0	0
3.491	-8.712221	251.838043	7.692364	0.17662	0	-0.342045	2.00E-06	0.605665	2.00E-06	0	0	0	-0.13	0	0.305	0	0	0
3.492	-8.714386	252.342163	7.692364	0.176739	0	-0.34285	2.00E-06	0.700404	2.00E-06	0	0	0	-0.13	0	0.305	0	0	0
3.493	-8.794403	251.852692	7.692364	0.176739	0	-0.34285	5.00E-06	0.700404	1.00E-06	0	0	0	-0.13	0	0.305	0	0	0
3.494	-8.794403	252.342163	7.770775	0.176739	0	-0.341142	5.00E-06	0.733966	1.00E-06	0	0	0	-0.13	0	0.305	0	0	0
3.495	-8.56085	252.527313	7.770775	0.177041	0	-0.341142	4.00E-06	0.586596	1.00E-06	0	0	0	-0.13	0	0.305	0	0	0
3.496	-8.554356	253.039597	7.770855	0.176543	0	-0.341159	4.00E-06	0.644473	1.00E-06	0	0	0	-0.13	0	0.305	0	0	0
3.497	-8.554356	253.210083	7.535664	0.177041	0	-0.341159	4.00E-06	0.644473	1.00E-06	0	0	0	-0.13	0	0.305	0	0	0
3.498	-8.480833	253.22435	7.457088	0.177385	0	-0.341159	3.00E-06	0.716987	3.00E-06	0	0	0	-0.13	0	0.305	0	0	0
3.499	-8.480833	253.571106	7.457088	0.177923	0	-0.340811	4.00E-06	0.716987	3.00E-06	0	0	0	-0.13	0	0.305	0	0	0
3.5	-8.480833	254.595963	7.614033	0.177923	0	-0.341525	0	0.716987	2.00E-06	0	0	0	-0.13	0	0.305	0	0	0
3.501	-8.872253	254.240692	7.614033	0.17717	0	-0.341525	5.00E-06	0.767478	1.00E-06	0	0	0	-0.13	0	0.305	0	0	0
3.502	-8.872253	254.240692	7.614033	0.17717	0	-0.3419	3.00E-06	0.767478	0	0	0	0	-0.13	0	0.305	0	0	0
3.503	-8.946497	254.240692	7.613792	0.177475	0	-0.3419	5.00E-06	0.70892	0	0	0	0	-0.13	0	0.305	0	0	0
3.504	-8.792959	254.077545	7.613792	0.177475	0	-0.3419	3.00E-06	0.680692	2.00E-06	0	0	0	-0.13	0	0.305	0	0	0
3.505	-8.946497	254.426605	7.535545	0.177475	0	-0.341978	5.00E-06	0.70892	3.00E-06	0	0	0	-0.13	0	0.305	0	0	0
3.506	-8.947939	254.426605	7.535545	0.17664	0	-0.342203	7.00E-06	0.720303	4.00E-06	0	0	0	-0.13	0	0.305	0	0	0
3.507	-8.947939	254.426605	7.927399	0.177672	0	-0.342124	7.00E-06	0.720303	3.00E-06	0	0	0	-0.13	0	0.305	0	0	0
3.508	-9.261509	253.904724	8.005604	0.177123	0	-0.342203	3.00E-06	0.588097	2.00E-06	0	0	0	-0.13	0	0.305	0	0	0
3.509	-9.021461	253.904358	8.084297	0.177123	0	-0.342124	1.00E-06	0.543052	2.00E-06	0	0	0	-0.13	0	0.305	0	0	0
3.51	-9.181492	252.351837	8.162548	0.176334	0	-0.341929	1.00E-06	0.588097	2.00E-06	0	0	0	-0.13	0	0.305	0	0	0
3.511	-9.102919	252.351837	8.162548	0.176334	0	-0.341929	1.00E-06	0.538508	1.00E-06	0	0	0	-0.13	0	0.305	0	0	0
3.512	-9.102919	252.351837	8.162548	0.176699	0	-0.342552	2.00E-06	0.597165	1.00E-06	0	0	0	-0.13	0	0.305	0	0	0
3.513	-8.633648	253.025665	8.084141	0.177226	0	-0.342552	6.00E-06	0.538508	2.00E-06	0	0	0	-0.13	0	0.305	0	0	0
3.514	-8.323689	253.391724	8.397583	0.177226	0	-0.341427	6.00E-06	0.597165	3.00E-06	0	0	0	-0.13	0	0.305	0	0	0
3.515	-8.323689	253.391724	8.31921	0.177226	0	-0.341427	6.00E-06	0.684901	2.00E-06	0	0	0	-0.13	0	0.305	0	0	0
3.516	-8.323689	253.391724	8.31921	0.177572	0	-0.341427	7.00E-06	0.684901	2.00E-06	0	0	0	-0.13	0	0.305	0	0	0
3.517	-8.869366	253.383636	8.240757	0.176818	0	-0.341725	7.00E-06	0.651379	2.00E-06	0	0	0	-0.13	0	0.305	0	0	0
3.518	-8.166542	254.599823	8.240757	0.177642	0	-0.34141	2.00E-06	0.651379	4.00E-06	0	0	0	-0.13	0	0.305	0	0	0
3.519	-8.868647	255.982651	8.00581	0.177743	0	-0.341816	2.00E-06	0.651379	4.00E-06	0	0	0	-0.13	0	0.305	0	0	0
3.52	-8.868647	255.982651	8.240757	0.177743	0	-0.341197	5.00E-06	0.600241	3.00E-06	0	0	0	-0.13	0	0.305	0	0	0
3.521	-8.868647	255.796738	7.927555	0.177716	0	-0.341197	5.00E-06	0.600241	3.00E-06	0	0	0	-0.13	0	0.305	0	0	0
3.522	-8.787909	255.796738	8.240757	0.177716	0	-0.341197	5.00E-06	0.600241	3.00E-06	0	0	0	-0.13	0	0.305	0	0	0
3.523	-8.787909	255.796738	8.319332	0.177716	0	-0.342227	5.00E-06	0.624693	4.00E-06	0	0	0	-0.13	0	0.305	0	0	0
3.524	-8.790073	257.004395	8.319332	0.177887	0	-0.342227	3.00E-06	0.624693	4.00E-06	0	0	0	-0.13	0	0.305	0	0	0
3.525	-8.791515	255.611542	8.319088	0.177256	0	-0.343129	5.00E-06	0.624693	3.00E-06	0	0	0	-0.13	0	0.305	0	0	0
3.526	-8.945774	255.611542	8.319088	0.177256	0	-0.34294	5.00E-06	0.588496	3.00E-06	0	0	0	-0.13	0	0.305	0	0	0
3.527	-8.945774	255.611542	8.710903	0.177172	0	-0.34294	5.00E-06	0.588496	3.00E-06	0	0	0	-0.13	0	0.305	0	0	0
3.528	-9.101477	253.895477	8.710903	0.176972	0	-0.34294	4.00E-06	0.653949	4.00E-06	0	0	0	-0.13	0	0.305	0	0	0
3.529	-8.713665	254.587479	8.710903	0.176922	0	-0.34275	3.00E-06	0.653949	4.00E-06	0	0	0	-0.13	0	0.305	0	0	0
3.53	-8.634371	254.587479	8.945934	0.176922	0	-0.342497	4.00E-06	0.653949	1.00E-06	0	0	0	-0.13	0	0.305	0	0	0
3.531	-8.477947	254.587479	8.946133	0.176922	0	-0.342497	4.00E-06	0.631665	1.00E-06	0	0	0	-0.13	0	0.305	0	0	0
3.532	-8.396488	252.524231	8.945934	0.177074	0	-0.342497	4.00E-06	0.631665	0	0	0	0	-0.13	0	0.305	0	0	0
3.533	-8.322245	252.524231	9.102757	0.176823	0	-0.341888	3.00E-06	0.631665	2.00E-06	0	0	0	-0.13	0	0.305	0	0	0
3.534	-8.322245	252.860962	9.102757	0.177064	0	-0.341888	3.00E-06	0.565811	2.00E-06	0	0	0	-0.13	0	0.305	0	0	0
3.535	-8.322245	253.215073	9.102757	0.177064	0	-0.34226	5.00E-06	0.64308	2.00E-06	0	0	0	-0.13	0	0.305	0	0	0
3.536	-8.085085	252.860962	9.102676	0.177064	0	-0.342283	5.00E-06	0.608618	2.00E-06	0	0	0	-0.13	0	0.305	0	0	0
3.537	-8.085085	252.860962	9.102596	0.176832	0	-0.34226	3.00E-06	0.608618	1.00E-06	0	0	0	-0.13	0	0.305	0	0	0
3.538	-8.085085	252.860962	9.102596	0.176832	0	-0.342072	3.00E-06	0.555741	1.00E-06	0	0	0	-0.13	0	0.305	0	0	0
3.539	-7.930824	255.96875	9.416199	0.176987	0	-0.341373	2.00E-06	0.555741	1.00E-06	0	0	0	-0.13	0	0.305	0	0	0
3.54	-7.930824	255.96875	9.416199	0.177377	0	-0.341212	2.00E-06	0.555741	2.00E-06	0	0	0	-0.13	0	0.305	0	0	0
3.541	-7.930824	255.96875	8.789314	0.177377	0	-0.341212	2.00E-06	0.606903	3.00E-06	0	0	0	-0.13	0	0.305	0	0	0
3.542	-8.162935	256.659912	8.789314	0.177377	0	-0.34115	2.00E-06	0.55276	2.00E-06	0	0	0	-0.13	0	0.305	0	0	0
3.543	-8.162935	257.514343	9.181007	0.17802	0	-0.343003	2.00E-06	0.615318	2.00E-06	0	0	0	-0.13	0	0.305	0	0	0
3.544	-8.162935	257.852234	9.181007	0.17793	0	-0.342177	2.00E-06	0.615318	1.00E-06	0	0	0	-0.13	0	0.305	0	0	0
3.545	-8.085806	257.852234	9.259216	0.17793	0	-0.342177	1.00E-06	0.622977	0	0	0	0	-0.13	0	0.305	0	0	0
3.546	-8.555798	257.852234	9.102676	0.177152	0	-0.342177	5.00E-06	0.622977	0	0	0	0	-0.13	0	0.305	0	0	0
3.547	-8.632206	256.31012	9.259254	0.177152	0	-0.342509	3.00E-06	0.622977	2.00E-06	0	0	0	-0.13	0	0.305	0	0	0
3.548	-8.633648	254.931519	9.024426	0.177016	0	-0.342875	4.00E-06	0.637794	2.00E-06	0	0	0	-0.13	0	0.305	0	0	0
3.549	-8.78863	254.931519	9.102512	0.176264	0	-0.343699	4.00E-06	0.653809	1.00E-06	0	0	0	-0.13	0	0.305	0	0	0
3.55	-8.633648	256.115295	9.102512	0.176264	0	-0.344334	6.00E-06	0.653809	0	0	0	0	-0.13	0	0.305	0	0	0
3.551	-8.163658	256.640656	9.572578	0.176527	0	-0.344334	6.00E-06	0.702197	0	0	0	0	-0.13	0	0.305	0	0	0
3.552	-8.163658	256.115295	9.572578	0.176607	0	-0.343797	6.00E-06	0.587425	0	0	0	0	-0.13	0	0.305	0	0	0
3.553	-8.163658	254.756409	9.572578	0.176889	0	-0.34323	5.00E-06	0.544163	1.00E-06	0	0	0	-0.13	0	0.305	0	0	0
3.554	-7.924332	254.756409	9.572777	0.176945	0	-0.342825	0	0.544163	1.00E-06	0	0	0	-0.13	0	0.305	0	0	0
3.555	-7.692944	256.291931	9.572777	0.176945	0	-0.342825	0	0.590232	1.00E-06	0	0	0	-0.13	0	0.305	0	0	0
3.556	-7.692944	256.291931	9.572777	0.176648	0	-0.342556	2.00E-06	0.590232	1.00E-06	0	0	0	-0.13	0	0.305	0	0	0
3.557	-7.694387	256.291931	9.337585	0.176648	0	-0.342556	4.00E-06	0.590232	1.00E-06	0	0	0	-0.13	0	0.305	0	0	0
3.558	-7.694387	256.98822	9.886345	0.177246	0	-0.342556	4.00E-06	0.516872	2.00E-06	0	0	0	-0.13	0	0.305	0	0	0
3.559	-7.302244	256.98822	9.65115	0.177319	0	-0.342355	4.00E-06	0.485953	3.00E-06	0	0	0	-0.13	0	0.305	0	0	0
3.56	-7.302244	256.98822	9.65115	0.177319	0	-0.342699	6.00E-06	0.485953	2.00E-06	0	0	0	-0.13	0	0.305	0	0	0
3.561	-7.302244	257.165649	9.65115	0.177458	0	-0.342176	6.00E-06	0.485953	2.00E-06	0	0	0	-0.13	0	0.305	0	0	0
3.562	-8.004349	257.508148	9.729401	0.177458	0	-0.342699	4.00E-06	0.496671	2.00E-06	0	0	0	-0.13	0	0.305	0	0	0
3.563	-8.004349	259.053772	9.729401	0.177458	0	-0.342526	4.00E-06	0.496671	1.00E-06	0	0	0	-0.13	0	0.305	0	0	0
3.564	-8.004349	259.053772	9.729401	0.177417	0	-0.342526	6.00E-06	0.519716	3.00E-06	0	0	0	-0.13	0	0.305	0	0	0
3.565	-8.004349	259.053772	9.729362	0.177417	0	-0.342526	6.00E-06	0.519716	0	0	0	0	-0.13	0	0.305	0	0	0
3.566	-7.927217	260.950745	9.494328	0.176981	0	-0.342125	6.00E-06	0.519716	1.00E-06	0	0	0	-0.13	0	0.305	0	0	0
3.567	-7.848646	260.950745	9.494328	0.176736	0	-0.342486	4.00E-06	0.494753	1.00E-06	0	0	0	-0.13	0	0.305	0	0	0
3.568	-7.848646	260.950745	9.572777	0.176676	0	-0.342125	2.00E-06	0.534937	1.00E-06	0	0	0	-0.13	0	0.305	0	0	0
3.569	-8.631483	260.256042	9.572777	0.176597	0	-0.342486	2.00E-06	0.576546	1.00E-06	0	0	0	-0.13	0	0.305	0	0	0
3.57	-8.631483	260.254883	9.651031	0.176597	0	-0.343753	3.00E-06	0.576546	1.00E-06	0	0	0	-0.13	0	0.305	0	0	0
3.571	-8.395767	260.254883	9.964191	0.176934	0	-0.343753	3.00E-06	0.578259	1.00E-06	0	0	0	-0.13	0	0.305	0	0	0
3.572	-7.923611	260.254883	10.199467	0.176984	0	-0.34365	3.00E-06	0.572457	1.00E-06	0	0	0	-0.13	0	0.305	0	0	0
3.573	-7.923611	262.492493	10.199467	0.176984	0	-0.342321	2.00E-06	0.4367	4.00E-06	0	0	0	-0.13	0	0.305	0	0	0
3.574	-7.923611	259.919678	9.886024	0.176771	0	-0.342321	2.00E-06	0.4367	2.00E-06	0	0	0	-0.13	0	0.305	0	0	0
3.575	-7.53652	260.949219	9.886024	0.176728	0	-0.342042	0	0.491864	2.00E-06	0	0	0	-0.13	0	0.305	0	0	0
3.576	-7.766466	260.949219	9.886024	0.176636	0	-0.343022	0	0.514985	2.00E-06	0	0	0	-0.13	0	0.305	0	0	0
3.577	-7.766466	260.949219	10.199467	0.175896	0	-0.344155	4.00E-06	0.514985	2.00E-06	0	0	0	-0.13	0	0.305	0	0	0
3.578	-7.923611	264.226288	10.120853	0.175896	0	-0.344155	5.00E-06	0.514985	5.00E-06	0	0	0	-0.13	0	0.305	0	0	0
3.579	-7.923611	264.226288	10.120853	0.177727	0	-0.342963	5.00E-06	0.534937	2.00E-06	0	0	0	-0.13	0	0.305	0	0	0
3.58	-8.080034	264.226288	10.120853	0.177727	0	-0.342963	6.00E-06	0.534937	2.00E-06	0	0	0	-0.13	0	0.305	0	0	0
3.581	-7.770796	264.736206	10.120853	0.177727	0	-0.342963	6.00E-06	0.57686	2.00E-06	0	0	0	-0.13	0	0.305	0	0	0
3.582	-8.392881	265.065247	9.729156	0.177484	0	-0.343422	4.00E-06	0.605104	2.00E-06	0	0	0	-0.13	0	0.305	0	0	0
3.583	-7.921446	265.262329	9.729156	0.176982	0	-0.342592	1.00E-06	0.605104	2.00E-06	0	0	0	-0.13	0	0.305	0	0	0
3.584	-8.314308	265.429352	9.729156	0.176982	0	-0.34349	1.00E-06	0.446628	2.00E-06	0	0	0	-0.13	0	0.305	0	0	0
3.585	-8.314308	267.83783	9.728918	0.176961	0	-0.34236	4.00E-06	0.446628	2.00E-06	0	0	0	-0.13	0	0.305	0	0	0
3.586	-8.390717	267.83783	9.572578	0.177298	0	-0.342898	4.00E-06	0.471733	3.00E-06	0	0	0	-0.13	0	0.305	0	0	0
3.587	-8.782858	267.83783	9.728918	0.177298	0	-0.342898	5.00E-06	0.471733	3.00E-06	0	0	0	-0.13	0	0.305	0	0	0
3.588	-8.936396	267.489868	9.964149	0.177298	0	-0.342991	4.00E-06	0.471733	2.00E-06	0	0	0	-0.13	0	0.305	0	0	0
3.589	-8.936396	266.620819	9.964149	0.17688	0	-0.343815	5.00E-06	0.452056	2.00E-06	0	0	0	-0.13	0	0.305	0	0	0
3.59	-8.940002	266.620819	10.199303	0.17686	0	-0.344214	2.00E-06	0.540827	3.00E-06	0	0	0	-0.13	0	0.305	0	0	0
3.591	-8.545696	267.138855	9.964073	0.17688	0	-0.344214	2.00E-06	0.452056	3.00E-06	0	0	0	-0.13	0	0.305	0	0	0
3.592	-8.859987	268.513611	10.120934	0.17686	0	-0.344145	2.00E-06	0.464905	3.00E-06	0	0	0	-0.13	0	0.305	0	0	0
3.593	-8.700678	267.138855	10.120934	0.176666	0	-0.343284	3.00E-06	0.441633	2.00E-06	0	0	0	-0.13	0	0.305	0	0	0
3.594	-8.700678	267.153534	10.434134	0.176666	0	-0.342856	6.00E-06	0.464905	1.00E-06	0	0	0	-0.13	0	0.305	0	0	0
3.595	-8.392159	267.153534	10.434134	0.177025	0	-0.343284	4.00E-06	0.413737	1.00E-06	0	0	0	-0.13	0	0.305	0	0	0
3.596	-8.392159	267.153534	10.434134	0.177025	0	-0.343242	6.00E-06	0.473823	3.00E-06	0	0	0	-0.13	0	0.305	0	0	0
3.597	-8.387829	268.00946	10.120733	0.177223	0	-0.343242	6.00E-06	0.447847	3.00E-06	0	0	0	-0.13	0	0.305	0	0	0
3.598	-8.46496	268.00946	9.964111	0.177095	0	-0.343166	6.00E-06	0.447847	3.00E-06	0	0	0	-0.13	0	0.305	0	0	0
3.599	-8.389273	270.750397	9.807568	0.177095	0	-0.343166	0	0.355368	5.00E-06	0	0	0	-0.13	0	0.305	0	0	0
3.6	-8.46496	270.760406	9.807568	0.177095	0	-0.343166	0	0.355368	5.00E-06	0	0	0	-0.13	0	0.305	0	0	0
3.601	-8.545696	271.119537	9.807568	0.177377	0	-0.341936	0	0.52068	5.00E-06	0	0	0	-0.13	0	0.305	0	0	0
3.602	-8.545696	271.119537	9.964111	0.177717	0	-0.341936	0	0.52068	3.00E-06	0	0	0	-0.13	0	0.305	0	0	0
3.603	-8.704285	272.322235	9.964111	0.178005	0	-0.341815	5.00E-06	0.512783	3.00E-06	0	0	0	-0.13	0	0.305	0	0	0
3.604	-8.777805	271.96579	9.963949	0.178005	0	-0.342534	5.00E-06	0.409971	2.00E-06	0	0	0	-0.13	0	0.305	0	0	0
3.605	-8.777805	272.322235	9.963949	0.177701	0	-0.342776	5.00E-06	0.444802	2.00E-06	0	0	0	-0.13	0	0.305	0	0	0
3.606	-8.777805	272.822113	9.963949	0.177701	0	-0.343384	5.00E-06	0.43701	1.00E-06	0	0	0	-0.13	0	0.305	0	0	0
3.607	-9.090652	273.840424	10.042442	0.177701	0	-0.343384	5.00E-06	0.43701	1.00E-06	0	0	0	-0.13	0	0.305	0	0	0
3.608	-9.090652	273.840424	10.042442	0.17823	0	-0.343384	5.00E-06	0.43701	1.00E-06	0	0	0	-0.13	0	0.305	0	0	0
3.609	-9.091375	273.840424	10.198782	0.176745	0	-0.343534	9.00E-06	0.440737	4.00E-06	0	0	0	-0.13	0	0.305	0	0	0
3.61	-9.010637	273.689972	10.198782	0.17675	0	-0.343534	9.00E-06	0.440737	5.00E-06	0	0	0	-0.13	0	0.305	0	0	0
3.611	-8.857822	274.191803	9.885538	0.17675	0	-0.344848	5.00E-06	0.524456	4.00E-06	0	0	0	-0.13	0	0.305	0	0	0
3.612	-8.857822	273.670288	9.885538	0.17675	0	-0.344848	5.00E-06	0.431969	4.00E-06	0	0	0	-0.13	0	0.305	0	0	0
3.613	-8.857822	273.674561	10.355644	0.176526	0	-0.34446	5.00E-06	0.431969	4.00E-06	0	0	0	-0.13	0	0.305	0	0	0
3.614	-9.090652	273.674561	10.669086	0.176526	0	-0.34446	5.00E-06	0.42609	3.00E-06	0	0	0	-0.13	0	0.305	0	0	0
3.615	-9.090652	273.67572	10.669086	0.176417	0	-0.34446	5.00E-06	0.42609	3.00E-06	0	0	0	-0.13	0	0.305	0	0	0
3.616	-9.090652	273.67572	10.669046	0.176337	0	-0.343703	5.00E-06	0.460557	2.00E-06	0	0	0	-0.13	0	0.305	0	0	0
3.617	-9.090652	273.67572	10.669046	0.176337	0	-0.343703	2.00E-06	0.482354	1.00E-06	0	0	0	-0.13	0	0.305	0	0	0
3.618	-8.854214	274.704803	10.512262	0.176537	0	-0.344064	2.00E-06	0.460557	1.00E-06	0	0	0	-0.13	0	0.305	0	0	0
3.619	-8.854214	275.917511	10.512262	0.177076	0	-0.344064	-2.00E-06	0.427698	1.00E-06	0	0	0	-0.13	0	0.305	0	0	0
3.62	-8.854214	276.781921	10.512262	0.176543	0	-0.343831	2.00E-06	0.385868	1.00E-06	0	0	0	-0.13	0	0.305	0	0	0
3.621	-9.243469	276.781921	10.512386	0.17682	0	-0.34337	2.00E-06	0.383417	0	0	0	0	-0.13	0	0.305	0	0	0
3.622	-9.243469	277.45929	10.590717	0.17682	0	-0.342828	4.00E-06	0.383417	0	0	0	0	-0.13	0	0.305	0	0	0
3.623	-9.087767	279.191895	10.903957	0.177319	0	-0.342828	5.00E-06	0.326589	0	0	0	0	-0.13	0	0.305	0	0	0
3.624	-9.012081	279.191895	10.747456	0.177655	0	-0.342828	5.00E-06	0.326589	1.00E-06	0	0	0	-0.13	0	0.305	0	0	0
3.625	-9.012081	279.191895	10.747456	0.177655	0	-0.34378	2.00E-06	0.372288	1.00E-06	0	0	0	-0.13	0	0.305	0	0	0
3.626	-9.24419	279.515533	10.747456	0.176872	0	-0.344485	2.00E-06	0.372288	1.00E-06	0	0	0	-0.13	0	0.305	0	0	0
3.627	-9.478464	281.250122	10.904198	0.176872	0	-0.344485	2.00E-06	0.372288	1.00E-06	0	0	0	-0.13	0	0.305	0	0	0
3.628	-9.479187	282.459381	10.982246	0.177151	0	-0.345197	4.00E-06	0.405821	1.00E-06	0	0	0	-0.13	0	0.305	0	0	0
3.629	-9.634888	282.459381	11.060699	0.177332	0	-0.344637	0	0.405821	1.00E-06	0	0	0	-0.13	0	0.305	0	0	0
3.63	-9.634888	283.311829	11.295811	0.177644	0	-0.344637	4.00E-06	0.405821	2.00E-06	0	0	0	-0.13	0	0.305	0	0	0
3.631	-9.166338	282.116455	11.060699	0.177644	0	-0.344637	0	0.445863	2.00E-06	0	0	0	-0.13	0	0.305	0	0	0
3.632	-9.084879	282.092499	11.37406	0.17646	0	-0.3441	5.00E-06	0.445863	2.00E-06	0	0	0	-0.13	0	0.305	0	0	0
3.633	-9.084879	282.092499	11.53056	0.17646	0	-0.345246	5.00E-06	0.424513	-1.00E-06	0	0	0	-0.13	0	0.305	0	0	0
3.634	-9.241304	283.286346	11.530802	0.176151	0	-0.345246	6.00E-06	0.392447	-1.00E-06	0	0	0	-0.13	0	0.305	0	0	0
3.635	-9.241304	283.817871	11.530802	0.177018	0	-0.345246	6.00E-06	0.392447	0	0	0	0	-0.13	0	0.305	0	0	0
3.636	-9.477741	284.350586	11.530802	0.176623	0	-0.344848	5.00E-06	0.392447	0	0	0	0	-0.13	0	0.305	0	0	0
3.637	-8.772757	285.543213	11.687464	0.177129	0	-0.344848	3.00E-06	0.328088	0	0	0	0	-0.13	0	0.305	0	0	0
3.638	-9.164896	285.714874	11.374022	0.176623	0	-0.34533	4.00E-06	0.43555	2.00E-06	0	0	0	-0.13	0	0.305	0	0	0
3.639	-9.164896	286.061249	11.843924	0.176964	0	-0.34533	4.00E-06	0.402692	2.00E-06	0	0	0	-0.13	0	0.305	0	0	0
3.64	-9.241304	286.922943	11.765593	0.176557	0	-0.3447	4.00E-06	0.437864	1.00E-06	0	0	0	-0.13	0	0.305	0	0	0
3.641	-9.317713	286.922943	11.765593	0.176964	0	-0.3447	5.00E-06	0.402692	1.00E-06	0	0	0	-0.13	0	0.305	0	0	0
3.642	-9.242025	287.096161	11.765593	0.177195	0	-0.344325	5.00E-06	0.438764	1.00E-06	0	0	0	-0.13	0	0.305	0	0	0
3.643	-9.242025	289.844818	11.45219	0.177741	0	-0.344899	7.00E-06	0.413468	3.00E-06	0	0	0	-0.13	0	0.305	0	0	0
3.644	-9.242025	290.540283	11.530439	0.177411	0	-0.344899	7.00E-06	0.413468	3.00E-06	0	0	0	-0.13	0	0.305	0	0	0
3.645	-10.098387	293.293915	11.530439	0.177722	0	-0.344899	3.00E-06	0.413468	3.00E-06	0	0	0	-0.13	0	0.305	0	0	0
3.646	-10.098387	293.638763	11.530439	0.177411	0	-0.343669	3.00E-06	0.404625	2.00E-06	0	0	0	-0.13	0	0.305	0	0	0
3.647	-10.098387	293.638763	11.530478	0.176986	0	-0.343669	3.00E-06	0.38239	2.00E-06	0	0	0	-0.13	0	0.305	0	0	0
3.648	-9.939075	294.163391	11.530478	0.176986	0	-0.344865	7.00E-06	0.338538	4.00E-06	0	0	0	-0.13	0	0.305	0	0	0
3.649	-10.331218	294.502014	11.765432	0.177113	0	-0.345148	7.00E-06	0.338538	4.00E-06	0	0	0	-0.13	0	0.305	0	0	0
3.65	-10.331218	296.211914	11.765432	0.177318	0	-0.345149	7.00E-06	0.34373	4.00E-06	0	0	0	-0.13	0	0.305	0	0	0
3.651	-10.564048	296.900452	11.765432	0.17732	0	-0.345149	8.00E-06	0.376764	2.00E-06	0	0	0	-0.13	0	0.305	0	0	0
3.652	-11.032598	298.114685	11.608528	0.17732	0	-0.345017	8.00E-06	0.376764	2.00E-06	0	0	0	-0.13	0	0.305	0	0	0
3.653	-11.032598	298.114685	11.452148	0.177201	0	-0.345017	8.00E-06	0.342074	2.00E-06	0	0	0	-0.13	0	0.305	0	0	0
3.654	-10.953302	298.619995	11.452148	0.177201	0	-0.344809	8.00E-06	0.194194	3.00E-06	0	0	0	-0.13	0	0.305	0	0	0
3.655	-10.953302	299.66687	11.686939	0.177201	0	-0.345219	4.00E-06	0.194194	3.00E-06	0	0	0	-0.13	0	0.305	0	0	0
3.656	-11.18397	299.829956	12.156921	0.177183	0	-0.345219	4.00E-06	0.197323	3.00E-06	0	0	0	-0.13	0	0.305	0	0	0
3.657	-11.18397	299.829956	12.156921	0.177183	0	-0.345219	0	0.329704	3.00E-06	0	0	0	-0.13	0	0.305	0	0	0
3.658	-11.18397	299.829956	12.156921	0.177183	0	-0.345972	1.00E-06	0.329704	3.00E-06	0	0	0	-0.13	0	0.305	0	0	0
3.659	-11.110449	302.233032	12.235376	0.176843	0	-0.344958	1.00E-06	0.329704	0	0	0	0	-0.13	0	0.305	0	0	0
3.66	-11.496817	302.244995	12.078634	0.176843	0	-0.345675	3.00E-06	0.217294	0	0	0	0	-0.13	0	0.305	0	0	0
3.661	-11.496817	302.752258	12.078634	0.176843	0	-0.345495	5.00E-06	0.217294	4.00E-06	0	0	0	-0.13	0	0.305	0	0	0
3.662	-11.496817	304.130035	12.078634	0.177356	0	-0.345495	5.00E-06	0.160463	4.00E-06	0	0	0	-0.13	0	0.305	0	0	0
3.663	-11.813271	305.690674	12.235172	0.177094	0	-0.34445	3.00E-06	0.387684	2.00E-06	0	0	0	-0.13	0	0.305	0	0	0
3.664	-11.968973	306.03241	12.235172	0.177094	0	-0.34445	3.00E-06	0.254591	2.00E-06	0	0	0	-0.13	0	0.305	0	0	0
3.665	-11.968973	306.884857	12.07839	0.177094	0	-0.34445	9.00E-06	0.254591	2.00E-06	0	0	0	-0.13	0	0.305	0	0	0
3.666	-12.19964	308.969696	12.07839	0.177854	0	-0.344642	9.00E-06	0.254591	1.00E-06	0	0	0	-0.13	0	0.305	0	0	0
3.667	-12.430306	310.681152	12.156641	0.177854	0	-0.344736	7.00E-06	0.181544	1.00E-06	0	0	0	-0.13	0	0.305	0	0	0
3.668	-12.664581	311.543213	12.156641	0.177959	0	-0.344736	6.00E-06	0.181544	3.00E-06	0	0	0	-0.13	0	0.305	0	0	0
3.669	-12.664581	312.914825	11.92181	0.177723	0	-0.345129	4.00E-06	0.181544	3.00E-06	0	0	0	-0.13	0	0.305	0	0	0
3.67	-13.214588	313.091553	11.92181	0.177319	0	-0.345661	4.00E-06	0.214615	3.00E-06	0	0	0	-0.13	0	0.305	0	0	0
3.671	-13.214588	313.415527	12.07831	0.177319	0	-0.345661	4.00E-06	0.214615	3.00E-06	0	0	0	-0.13	0	0.305	0	0	0
3.672	-13.214588	314.629761	12.313221	0.176787	0	-0.345661	7.00E-06	0.21016	1.00E-06	0	0	0	-0.13	0	0.305	0	0	0
3.673	-13.600235	317.563599	12.313301	0.177021	0	-0.345247	7.00E-06	0.21016	3.00E-06	0	0	0	-0.13	0	0.305	0	0	0
3.674	-13.836676	317.909576	12.313301	0.177021	0	-0.345425	7.00E-06	0.220849	4.00E-06	0	0	0	-0.13	0	0.305	0	0	0
3.675	-13.836676	317.909576	12.861496	0.177021	0	-0.345425	3.00E-06	0.220849	4.00E-06	0	0	0	-0.13	0	0.305	0	0	0
3.676	-13.836676	319.454407	12.861576	0.17685	0	-0.345425	3.00E-06	0.187516	4.00E-06	0	0	0	-0.13	0	0.305	0	0	0
3.677	-14.221601	319.454407	12.861576	0.176646	0	-0.34543	1.00E-05	0.187516	2.00E-06	0	0	0	-0.13	0	0.305	0	0	0
3.678	-14.378745	321.347107	12.861576	0.176603	0	-0.345912	1.00E-05	0.187516	2.00E-06	0	0	0	-0.13	0	0.305	0	0	0
3.679	-14.378745	321.503357	12.861576	0.176603	0	-0.345912	6.00E-06	0.114856	2.00E-06	0	0	0	-0.13	0	0.305	0	0	0
3.68	-14.299452	324.094971	12.861576	0.176603	0	-0.345912	6.00E-06	0.114856	3.00E-06	0	0	0	-0.13	0	0.305	0	0	0
3.681	-14.299452	324.097717	13.096407	0.177154	0	-0.346332	3.00E-06	0.152676	3.00E-06	0	0	0	-0.13	0	0.305	0	0	0
3.682	-14.846573	324.097717	13.096407	0.177154	0	-0.346332	3.00E-06	0.152676	3.00E-06	0	0	0	-0.13	0	0.305	0	0	0
3.683	-15.00011	329.780579	13.252867	0.177154	0	-0.345337	3.00E-06	0.122351	3.00E-06	0	0	0	-0.13	0	0.305	0	0	0
3.684	-15.078683	329.801056	13.6446	0.17709	0	-0.344892	5.00E-06	0.080267	4.00E-06	0	0	0	-0.13	0	0.305	0	0	0
3.685	-15.466494	331.508972	13.6446	0.17709	0	-0.344892	7.00E-06	0.080267	5.00E-06	0	0	0	-0.13	0	0.305	0	0	0
3.686	-15.470103	334.266174	13.331278	0.177414	0	-0.344892	1.10E-05	0.098385	5.00E-06	0	0	0	-0.13	0	0.305	0	0	0
3.687	-15.938651	335.293732	13.331278	0.177951	0	-0.34505	1.10E-05	0.121462	5.00E-06	0	0	0	-0.13	0	0.305	0	0	0
3.688	-16.01145	338.559204	13.801462	0.177714	0	-0.34505	7.00E-06	0.098385	2.00E-06	0	0	0	-0.13	0	0.305	0	0	0
3.689	-16.01145	340.625549	14.036215	0.177723	0	-0.345133	3.00E-06	0.121462	3.00E-06	0	0	0	-0.13	0	0.305	0	0	0
3.69	-16.17004	341.155945	14.036215	0.177723	0	-0.345133	7.00E-06	0.019692	3.00E-06	0	0	0	-0.13	0	0.305	0	0	0
3.691	-16.319969	343.727539	14.036215	0.177723	0	-0.34528	4.00E-06	0.131404	4.00E-06	0	0	0	-0.13	0	0.305	0	0	0
3.692	-16.710667	343.904541	14.192713	0.177552	0	-0.345456	8.00E-06	-0.033256	4.00E-06	0	0	0	-0.13	0	0.305	0	0	0
3.693	-17.024958	344.070404	14.349613	0.177552	0	-0.345456	7.00E-06	0.023464	3.00E-06	0	0	0	-0.13	0	0.305	0	0	0
3.694	-17.024958	347.341309	15.05467	0.177978	0	-0.345982	7.00E-06	-0.033256	3.00E-06	0	0	0	-0.13	0	0.305	0	0	0
3.695	-17.025677	347.855896	15.36791	0.177978	0	-0.345982	7.00E-06	0.023464	6.00E-06	0	0	0	-0.13	0	0.305	0	0	0
3.696	-17.094149	349.408844	15.36791	0.177524	0	-0.345818	7.00E-06	-0.085126	6.00E-06	0	0	0	-0.13	0	0.305	0	0	0
3.697	-17.094149	350.788177	15.446163	0.177042	0	-0.345073	1.00E-05	-0.026039	0	0	0	0	-0.13	0	0.305	0	0	0
3.698	-17.252735	351.47052	15.211172	0.1771	0	-0.345369	1.00E-05	-0.026039	0	0	0	0	-0.13	0	0.305	0	0	0
3.699	-17.252735	351.646027	15.446163	0.1771	0	-0.345369	7.00E-06	-0.026039	0	0	0	0	-0.13	0	0.305	0	0	0
3.7	-17.252735	354.921936	15.52437	0.177475	0	-0.345369	1.00E-06	0.007448	7.00E-06	0	0	0	-0.13	0	0.305	0	0	0
3.701	-17.329144	356.123108	15.837692	0.177634	0	-0.345171	1.00E-06	-0.122521	5.00E-06	0	0	0	-0.13	0	0.305	0	0	0
3.702	-17.487734	358.371094	15.994478	0.177475	0	-0.344853	4.00E-06	-0.122521	5.00E-06	0	0	0	-0.13	0	0.305	0	0	0
3.703	-17.794807	361.110901	15.994478	0.177591	0	-0.344845	5.00E-06	-0.164966	3.00E-06	0	0	0	-0.13	0	0.305	0	0	0
3.704	-17.795528	362.332855	16.386049	0.177591	0	-0.344646	5.00E-06	-0.164966	2.00E-06	0	0	0	-0.13	0	0.305	0	0	0
3.705	-17.795528	365.248962	16.542667	0.177709	0	-0.344646	5.00E-06	-0.159819	2.00E-06	0	0	0	-0.13	0	0.305	0	0	0
3.706	-17.793365	366.287659	16.699209	0.177933	0	-0.344877	5.00E-06	-0.159819	2.00E-06	0	0	0	-0.13	0	0.305	0	0	0
3.707	-17.793365	367.8302	16.934362	0.177933	0	-0.344952	5.00E-06	-0.159819	2.00E-06	0	0	0	-0.13	0	0.305	0	0	0
3.708	-18.181896	372.827606	17.090742	0.177781	0	-0.345092	5.00E-06	-0.173324	6.00E-06	0	0	0	-0.13	0	0.305	0	0	0
3.709	-18.261913	373.333282	17.560806	0.177781	0	-0.345081	9.00E-06	-0.184586	2.00E-06	0	0	0	-0.13	0	0.305	0	0	0
3.71	-18.259748	375.068634	17.560806	0.177836	0	-0.345092	1.20E-05	-0.184586	2.00E-06	0	0	0	-0.13	0	0.305	0	0	0
3.711	-18.259748	376.429871	17.560806	0.177836	0	-0.345121	9.00E-06	-0.214866	2.00E-06	0	0	0	-0.13	0	0.305	0	0	0
3.712	-18.259748	377.288086	17.639137	0.177836	0	-0.345121	6.00E-06	-0.217612	2.00E-06	0	0	0	-0.13	0	0.305	0	0	0
3.713	-18.801817	379.195496	18.031029	0.177901	0	-0.345433	6.00E-06	-0.237639	2.00E-06	0	0	0	-0.13	0	0.305	0	0	0
3.714	-18.801817	380.561707	18.031029	0.177901	0	-0.345604	5.00E-06	-0.241873	2.00E-06	0	0	0	-0.13	0	0.305	0	0	0
3.715	-18.801817	380.91153	18.736004	0.177761	0	-0.345898	1.10E-05	-0.261164	5.00E-06	0	0	0	-0.13	0	0.305	0	0	0
3.716	-18.722525	383.141785	18.970995	0.177566	0	-0.345604	7.00E-06	-0.267414	5.00E-06	0	0	0	-0.13	0	0.305	0	0	0
3.717	-19.112501	384.874481	18.970995	0.177566	0	-0.344702	7.00E-06	-0.267414	6.00E-06	0	0	0	-0.13	0	0.305	0	0	0
3.718	-19.03537	385.386719	19.127699	0.177566	0	-0.344702	7.00E-06	-0.267414	6.00E-06	0	0	0	-0.13	0	0.305	0	0	0
3.719	-19.03537	387.115936	19.127737	0.177576	0	-0.34441	8.00E-06	-0.319183	6.00E-06	0	0	0	-0.13	0	0.305	0	0	0
3.72	-18.955355	387.115936	19.597801	0.177529	0	-0.34379	8.00E-06	-0.273468	6.00E-06	0	0	0	-0.13	0	0.305	0	0	0
3.721	-18.955355	392.096741	19.597801	0.177576	0	-0.34379	1.10E-05	-0.294011	6.00E-06	0	0	0	-0.13	0	0.305	0	0	0
3.722	-18.955355	392.971588	19.676012	0.177911	0	-0.34379	1.50E-05	-0.294011	6.00E-06	0	0	0	-0.13	0	0.305	0	0	0
3.723	-19.425346	396.938354	19.676132	0.177911	0	-0.344679	1.10E-05	-0.314747	6.00E-06	0	0	0	-0.13	0	0.305	0	0	0
3.724	-19.580326	399.524597	19.754421	0.177911	0	-0.344065	3.00E-06	-0.388736	5.00E-06	0	0	0	-0.13	0	0.305	0	0	0
3.725	-20.202415	399.672729	19.989374	0.178264	0	-0.344065	3.00E-06	-0.337501	5.00E-06	0	0	0	-0.13	0	0.305	0	0	0
3.726	-20.202415	400.379395	20.381065	0.178264	0	-0.344065	3.00E-06	-0.337501	5.00E-06	0	0	0	-0.13	0	0.305	0	0	0
3.727	-20.124563	402.958313	20.459557	0.178264	0	-0.343834	3.00E-06	-0.337501	5.00E-06	0	0	0	-0.13	0	0.305	0	0	0
3.728	-19.968861	404.164856	21.164776	0.178292	0	-0.343834	4.00E-06	-0.397794	5.00E-06	0	0	0	-0.13	0	0.305	0	0	0
3.729	-19.968861	408.823639	21.164776	0.178292	0	-0.343834	4.00E-06	-0.397794	4.00E-06	0	0	0	-0.13	0	0.305	0	0	0
3.73	-20.431637	408.972107	21.477892	0.177902	0	-0.344057	6.00E-06	-0.507285	4.00E-06	0	0	0	-0.13	0	0.305	0	0	0
3.731	-20.906681	411.043854	21.321232	0.177902	0	-0.344533	3.00E-06	-0.31903	5.00E-06	0	0	0	-0.13	0	0.305	0	0	0
3.732	-20.58806	412.936188	21.321232	0.177902	0	-0.344157	3.00E-06	-0.507285	7.00E-06	0	0	0	-0.13	0	0.305	0	0	0
3.733	-20.58806	414.648438	21.321232	0.178094	0	-0.344731	3.00E-06	-0.563594	7.00E-06	0	0	0	-0.13	0	0.305	0	0	0
3.734	-20.58806	416.040833	21.556347	0.178271	0	-0.344731	6.00E-06	-0.563594	6.00E-06	0	0	0	-0.13	0	0.305	0	0	0
3.735	-19.960924	417.743011	21.791338	0.178271	0	-0.344731	6.00E-06	-0.494646	6.00E-06	0	0	0	-0.13	0	0.305	0	0	0
3.736	-20.589504	418.789124	21.869749	0.17813	0	-0.344609	5.00E-06	-0.494646	6.00E-06	0	0	0	-0.13	0	0.305	0	0	0
3.737	-20.899464	419.298706	22.418102	0.177796	0	-0.344599	3.00E-06	-0.494646	4.00E-06	0	0	0	-0.13	0	0.305	0	0	0
3.738	-21.215197	420.505615	22.574802	0.177574	0	-0.344599	5.00E-06	-0.490808	2.00E-06	0	0	0	-0.13	0	0.305	0	0	0
3.739	-21.215197	421.712524	22.574883	0.177574	0	-0.344153	1.00E-05	-0.490808	4.00E-06	0	0	0	-0.13	0	0.305	0	0	0
3.74	-20.587339	425.675446	22.653093	0.177869	0	-0.344153	1.00E-05	-0.559863	4.00E-06	0	0	0	-0.13	0	0.305	0	0	0
3.741	-20.194477	426.353149	23.12344	0.177869	0	-0.343926	1.00E-05	-0.559863	4.00E-06	0	0	0	-0.13	0	0.305	0	0	0
3.742	-20.120234	429.125366	23.12344	0.177801	0	-0.343811	6.00E-06	-0.481076	2.00E-06	0	0	0	-0.13	0	0.305	0	0	0
3.743	-20.120234	430.325317	23.828295	0.177801	0	-0.34337	6.00E-06	-0.475061	2.00E-06	0	0	0	-0.13	0	0.305	0	0	0
3.744	-20.120234	432.049896	23.906702	0.178027	0	-0.34337	6.00E-06	-0.475061	4.00E-06	0	0	0	-0.13	0	0.305	0	0	0
3.745	-19.33523	435.998566	23.906826	0.178047	0	-0.343356	4.00E-06	-0.516549	5.00E-06	0	0	0	-0.13	0	0.305	0	0	0
3.746	-19.100954	438.239227	24.063326	0.17818	0	-0.343044	7.00E-06	-0.553852	5.00E-06	0	0	0	-0.13	0	0.305	0	0	0
3.747	-19.024548	438.247681	24.768744	0.178306	0	-0.342967	8.00E-06	-0.516549	7.00E-06	0	0	0	-0.13	0	0.305	0	0	0
3.748	-18.632406	442.376099	24.768744	0.178306	0	-0.342967	1.30E-05	-0.553852	7.00E-06	0	0	0	-0.13	0	0.305	0	0	0
3.749	-18.394524	443.400604	24.846792	0.178183	0	-0.343346	1.30E-05	-0.672864	7.00E-06	0	0	0	-0.13	0	0.305	0	0	0
3.75	-18.317394	443.743896	24.69017	0.178183	0	-0.343346	1.00E-05	-0.672864	1.00E-06	0	0	0	-0.13	0	0.305	0	0	0
3.751	-17.692421	446.338623	24.69017	0.178362	0	-0.343346	-1.00E-06	-0.672864	1.00E-06	0	0	0	-0.13	0	0.305	0	0	0
3.752	-17.692421	447.181793	24.69017	0.178429	0	-0.343281	-1.00E-06	-0.636087	1.00E-06	0	0	0	-0.13	0	0.305	0	0	0
3.753	-17.455261	449.073029	25.395226	0.178362	0	-0.343761	8.00E-06	-0.719862	5.00E-06	0	0	0	-0.13	0	0.305	0	0	0
3.754	-17.219543	449.607239	25.86541	0.178249	0	-0.343761	1.00E-05	-0.719862	2.00E-06	0	0	0	-0.13	0	0.305	0	0	0
3.755	-16.827402	449.939331	26.492336	0.178249	0	-0.343761	1.00E-05	-0.842732	5.00E-06	0	0	0	-0.13	0	0.305	0	0	0
3.756	-16.827402	452.865845	27.040611	0.177924	0	-0.343513	9.00E-06	-0.842732	4.00E-06	0	0	0	-0.13	0	0.305	0	0	0
3.757	-17.452374	454.062347	27.119261	0.177924	0	-0.34346	9.00E-06	-0.789777	8.00E-06	0	0	0	-0.13	0	0.305	0	0	0
3.758	-17.7645	454.249451	27.197392	0.177924	0	-0.343085	8.00E-06	-0.789777	4.00E-06	0	0	0	-0.13	0	0.305	0	0	0
3.759	-17.7645	456.502411	27.275885	0.178009	0	-0.343392	1.30E-05	-0.829978	2.00E-06	0	0	0	-0.13	0	0.305	0	0	0
3.76	-17.685207	459.231812	27.275885	0.178009	0	-0.343228	9.00E-06	-0.839373	2.00E-06	0	0	0	-0.13	0	0.305	0	0	0
3.761	-17.685207	459.930359	27.432384	0.178009	0	-0.343392	9.00E-06	-0.839373	5.00E-06	0	0	0	-0.13	0	0.305	0	0	0
3.762	-17.916595	462.679016	27.980898	0.178303	0	-0.343228	2.00E-06	-0.863868	6.00E-06	0	0	0	-0.13	0	0.305	0	0	0
3.763	-17.916595	464.06604	27.980898	0.178303	0	-0.342418	2.00E-06	-0.886103	6.00E-06	0	0	0	-0.13	0	0.305	0	0	0
3.764	-17.916595	465.95575	28.058989	0.177956	0	-0.342418	2.00E-06	-0.886103	2.00E-06	0	0	0	-0.13	0	0.305	0	0	0
3.765	-18.775841	466.130463	28.058989	0.177877	0	-0.342113	0	-0.873444	2.00E-06	0	0	0	-0.13	0	0.305	0	0	0
3.766	-18.775841	466.816315	28.607342	0.177956	0	-0.342527	0	-0.83313	4.00E-06	0	0	0	-0.13	0	0.305	0	0	0
3.767	-19.009394	471.99231	28.607342	0.178691	0	-0.342527	6.00E-06	-0.83313	7.00E-06	0	0	0	-0.13	0	0.305	0	0	0
3.768	-19.009394	473.873474	28.607342	0.178691	0	-0.342527	7.00E-06	-0.884523	7.00E-06	0	0	0	-0.13	0	0.305	0	0	0
3.769	-19.242947	475.260925	28.529173	0.178641	0	-0.342385	6.00E-06	-0.884523	1.00E-06	0	0	0	-0.13	0	0.305	0	0	0
3.77	-19.792955	475.260925	28.999031	0.178511	0	-0.342385	7.00E-06	-0.884523	1.00E-06	0	0	0	-0.13	0	0.305	0	0	0
3.771	-20.021456	477.150574	28.764002	0.178194	0	-0.342385	1.10E-05	-0.84134	4.00E-06	0	0	0	-0.13	0	0.305	0	0	0
3.772	-20.103638	478.698853	28.764002	0.1783	0	-0.342201	1.20E-05	-0.980578	4.00E-06	0	0	0	-0.13	0	0.305	0	0	0
3.773	-20.1786	480.24176	28.764002	0.1783	0	-0.342201	1.10E-05	-0.962699	4.00E-06	0	0	0	-0.13	0	0.305	0	0	0
3.774	-20.1786	481.622986	29.782619	0.178344	0	-0.34323	6.00E-06	-0.962699	4.00E-06	0	0	0	-0.13	0	0.305	0	0	0
3.775	-20.333582	481.964355	29.782619	0.178344	0	-0.34323	6.00E-06	-0.962256	4.00E-06	0	0	0	-0.13	0	0.305	0	0	0
3.776	-20.644985	482.654846	29.782619	0.177894	0	-0.342444	2.00E-06	-0.962256	4.00E-06	0	0	0	-0.13	0	0.305	0	0	0
3.777	-20.725721	485.762634	29.860992	0.177894	0	-0.341894	4.00E-06	-1.067218	3.00E-06	0	0	0	-0.13	0	0.305	0	0	0
3.778	-20.877817	485.234192	30.330933	0.17776	0	-0.342222	2.00E-06	-1.067218	3.00E-06	0	0	0	-0.13	0	0.305	0	0	0
3.779	-20.877817	486.961395	30.487675	0.177784	0	-0.342222	4.00E-06	-1.078033	3.00E-06	0	0	0	-0.13	0	0.305	0	0	0
3.78	-21.113535	486.961395	30.644417	0.177784	0	-0.342239	8.00E-06	-1.008287	3.00E-06	0	0	0	-0.13	0	0.305	0	0	0
3.781	-21.030634	489.715118	30.644417	0.177932	0	-0.342239	9.00E-06	-1.121158	3.00E-06	0	0	0	-0.13	0	0.305	0	0	0
3.782	-21.030634	490.078491	30.644417	0.178334	0	-0.341127	9.00E-06	-1.176087	3.00E-06	0	0	0	-0.13	0	0.305	0	0	0
3.783	-21.030634	491.967346	30.644096	0.178195	0	-0.341127	9.00E-06	-1.176087	5.00E-06	0	0	0	-0.13	0	0.305	0	0	0
3.784	-21.187056	492.476501	30.722828	0.178195	0	-0.341127	0	-1.09265	5.00E-06	0	0	0	-0.13	0	0.305	0	0	0
3.785	-21.187056	494.376587	31.03587	0.178195	0	-0.340771	0	-1.09265	6.00E-06	0	0	0	-0.13	0	0.305	0	0	0
3.786	-21.189943	498.175537	31.349312	0.178471	0	-0.340707	5.00E-06	-1.183992	5.00E-06	0	0	0	-0.13	0	0.305	0	0	0
3.787	-21.651997	498.341827	31.349312	0.178471	0	-0.340771	5.00E-06	-1.227856	6.00E-06	0	0	0	-0.13	0	0.305	0	0	0
3.788	-22.202005	499.195007	31.349312	0.178471	0	-0.340839	5.00E-06	-1.183992	6.00E-06	0	0	0	-0.13	0	0.305	0	0	0
3.789	-22.516294	502.304718	31.192532	0.178517	0	-0.340912	3.00E-06	-1.227856	6.00E-06	0	0	0	-0.13	0	0.305	0	0	0
3.79	-22.516294	502.826599	31.192532	0.178546	0	-0.340839	6.00E-06	-1.184777	6.00E-06	0	0	0	-0.13	0	0.305	0	0	0
3.791	-23.293362	505.243225	31.192532	0.178546	0	-0.340761	4.00E-06	-1.250442	6.00E-06	0	0	0	-0.13	0	0.305	0	0	0
3.792	-23.36977	505.412079	31.270741	0.178542	0	-0.340761	9.00E-06	-1.184777	6.00E-06	0	0	0	-0.13	0	0.305	0	0	0
3.793	-23.44762	508.318176	31.584064	0.178515	0	-0.340761	1.60E-05	-1.234629	5.00E-06	0	0	0	-0.13	0	0.305	0	0	0
3.794	-23.836876	509.361115	31.584064	0.178515	0	-0.341154	1.60E-05	-1.189357	4.00E-06	0	0	0	-0.13	0	0.305	0	0	0
3.795	-23.836876	509.532043	31.584064	0.178204	0	-0.340689	1.00E-05	-1.234629	4.00E-06	0	0	0	-0.13	0	0.305	0	0	0
3.796	-24.147556	509.534363	31.583862	0.178204	0	-0.34054	6.00E-06	-1.320623	4.00E-06	0	0	0	-0.13	0	0.305	0	0	0
3.797	-24.225409	512.109375	31.583862	0.178204	0	-0.34054	7.00E-06	-1.320623	9.00E-06	0	0	0	-0.13	0	0.305	0	0	0
3.798	-24.536091	513.852112	31.583862	0.178309	0	-0.339985	7.00E-06	-1.320623	9.00E-06	0	0	0	-0.13	0	0.305	0	0	0
3.799	-24.853268	513.852112	31.975594	0.178309	0	-0.33993	1.20E-05	-1.247881	3.00E-06	0	0	0	-0.13	0	0.305	0	0	0
3.8	-24.536091	516.441467	32.44574	0.178309	0	-0.339835	1.20E-05	-1.379731	2.00E-06	0	0	0	-0.13	0	0.305	0	0	0
3.801	-24.457518	517.288513	31.975594	0.178281	0	-0.339835	9.00E-06	-1.369928	2.00E-06	0	0	0	-0.13	0	0.305	0	0	0
3.802	-24.457518	518.670532	32.210304	0.178281	0	-0.339655	8.00E-06	-1.369928	2.00E-06	0	0	0	-0.13	0	0.305	0	0	0
3.803	-24.923901	520.411743	32.132175	0.17853	0	-0.339423	4.00E-06	-1.369928	2.00E-06	0	0	0	-0.13	0	0.305	0	0	0
3.804	-25.237471	521.604004	32.210304	0.178625	0	-0.339313	4.00E-06	-1.412062	2.00E-06	0	0	0	-0.13	0	0.305	0	0	0
3.805	-25.310272	522.993408	32.523624	0.17869	0	-0.33902	5.00E-06	-1.413031	2.00E-06	0	0	0	-0.13	0	0.305	0	0	0
3.806	-25.310272	523.85083	32.523788	0.17869	0	-0.33902	5.00E-06	-1.516382	3.00E-06	0	0	0	-0.13	0	0.305	0	0	0
3.807	-25.78315	525.22522	32.680367	0.17869	0	-0.338888	6.00E-06	-1.481459	3.00E-06	0	0	0	-0.13	0	0.305	0	0	0
3.808	-26.328827	528.854065	32.680367	0.1787	0	-0.338855	6.00E-06	-1.481459	3.00E-06	0	0	0	-0.13	0	0.305	0	0	0
3.809	-26.328827	529.36554	32.68013	0.179102	0	-0.338855	7.00E-06	-1.481459	3.00E-06	0	0	0	-0.13	0	0.305	0	0	0
3.81	-26.405956	530.063293	32.68013	0.1789	0	-0.338855	7.00E-06	-1.570036	2.00E-06	0	0	0	-0.13	0	0.305	0	0	0
3.811	-27.183023	532.296265	32.993568	0.179102	0	-0.338545	4.00E-06	-1.570036	3.00E-06	0	0	0	-0.13	0	0.305	0	0	0
3.812	-27.183023	533.518982	32.993568	0.1789	0	-0.338131	4.00E-06	-1.570036	3.00E-06	0	0	0	-0.13	0	0.305	0	0	0
3.813	-27.183023	535.228516	32.99337	0.178909	0	-0.338131	9.00E-06	-1.590152	8.00E-06	0	0	0	-0.13	0	0.305	0	0	0
3.814	-27.415133	535.749634	32.99337	0.178872	0	-0.337873	9.00E-06	-1.590152	8.00E-06	0	0	0	-0.13	0	0.305	0	0	0
3.815	-27.804386	536.774841	32.99337	0.178824	0	-0.338225	9.00E-06	-1.590152	6.00E-06	0	0	0	-0.13	0	0.305	0	0	0
3.816	-27.804386	538.507935	32.993286	0.178821	0	-0.338225	1.20E-05	-1.595073	2.00E-06	0	0	0	-0.13	0	0.305	0	0	0
3.817	-28.192921	539.015137	32.993286	0.178756	0	-0.338225	1.30E-05	-1.597228	1.00E-06	0	0	0	-0.13	0	0.305	0	0	0
3.818	-28.349344	539.374268	33.30661	0.178699	0	-0.337667	1.30E-05	-1.599379	2.00E-06	0	0	0	-0.13	0	0.305	0	0	0
3.819	-28.266441	544.362793	33.541565	0.178699	0	-0.337546	5.00E-06	-1.599379	2.00E-06	0	0	0	-0.13	0	0.305	0	0	0
3.82	-28.350788	544.547974	33.541565	0.179	0	-0.337271	2.00E-06	-1.668275	5.00E-06	0	0	0	-0.13	0	0.305	0	0	0
3.821	-28.505045	544.723877	33.541565	0.179	0	-0.337546	2.00E-06	-1.668275	5.00E-06	0	0	0	-0.13	0	0.305	0	0	0
3.822	-28.505045	545.921509	33.541565	0.179	0	-0.336832	6.00E-06	-1.668275	5.00E-06	0	0	0	-0.13	0	0.305	0	0	0
3.823	-28.969265	546.448425	33.462952	0.179066	0	-0.336832	6.00E-06	-1.760051	7.00E-06	0	0	0	-0.13	0	0.305	0	0	0
3.824	-28.969265	549.383789	33.462952	0.179066	0	-0.336832	4.00E-06	-1.760051	5.00E-06	0	0	0	-0.13	0	0.305	0	0	0
3.825	-29.047836	551.601746	33.462952	0.179401	0	-0.336354	-1.00E-06	-1.766086	7.00E-06	0	0	0	-0.13	0	0.305	0	0	0
3.826	-29.19849	553.345947	33.61945	0.179136	0	-0.336138	4.00E-06	-1.652221	5.00E-06	0	0	0	-0.13	0	0.305	0	0	0
3.827	-29.747053	555.07019	33.854443	0.179331	0	-0.335919	6.00E-06	-1.805097	3.00E-06	0	0	0	-0.13	0	0.305	0	0	0
3.828	-29.747053	557.310059	33.854443	0.179331	0	-0.335919	8.00E-06	-1.805097	3.00E-06	0	0	0	-0.13	0	0.305	0	0	0
3.829	-29.747053	558.340271	33.854443	0.179526	0	-0.336146	8.00E-06	-1.838186	2.00E-06	0	0	0	-0.13	0	0.305	0	0	0
3.83	-29.900591	560.751038	33.93261	0.179526	0	-0.336146	8.00E-06	-1.838186	9.00E-06	0	0	0	-0.13	0	0.305	0	0	0
3.831	-30.366253	564.039001	34.324345	0.179629	0	-0.335909	5.00E-06	-1.838186	1.00E-05	0	0	0	-0.13	0	0.305	0	0	0
3.832	-30.366253	564.880249	33.93261	0.179646	0	-0.335909	5.00E-06	-1.879501	1.00E-05	0	0	0	-0.13	0	0.305	0	0	0
3.833	-30.366253	565.409424	33.697418	0.179646	0	-0.33536	5.00E-06	-1.956122	6.00E-06	0	0	0	-0.13	0	0.305	0	0	0
3.834	-30.44194	567.125549	33.618805	0.179646	0	-0.335829	5.00E-06	-1.919565	2.00E-06	0	0	0	-0.13	0	0.305	0	0	0
3.835	-30.44194	569.707947	33.697418	0.179482	0	-0.335829	5.00E-06	-1.919565	2.00E-06	0	0	0	-0.13	0	0.305	0	0	0
3.836	-30.519791	570.40686	34.32386	0.179482	0	-0.335829	1.30E-05	-1.894719	7.00E-06	0	0	0	-0.13	0	0.305	0	0	0
3.837	-30.754787	571.784668	34.323944	0.179482	0	-0.335095	1.30E-05	-1.894719	7.00E-06	0	0	0	-0.13	0	0.305	0	0	0
3.838	-30.907602	574.362915	34.323944	0.179017	0	-0.334835	1.30E-05	-2.05031	8.00E-06	0	0	0	-0.13	0	0.305	0	0	0
3.839	-30.907602	577.292053	34.950626	0.179529	0	-0.334663	3.00E-06	-2.078077	8.00E-06	0	0	0	-0.13	0	0.305	0	0	0
3.84	-30.202614	578.677185	35.028755	0.179534	0	-0.334663	3.00E-06	-2.078077	8.00E-06	0	0	0	-0.13	0	0.305	0	0	0
3.841	-30.202614	580.906677	35.028755	0.179659	0	-0.334481	1.00E-05	-2.078077	5.00E-06	0	0	0	-0.13	0	0.305	0	0	0
3.842	-30.513296	581.962402	35.263546	0.179659	0	-0.334029	1.00E-05	-2.038476	5.00E-06	0	0	0	-0.13	0	0.305	0	0	0
3.843	-30.513296	583.854004	35.577187	0.179659	0	-0.334029	1.00E-05	-2.128279	5.00E-06	0	0	0	-0.13	0	0.305	0	0	0
3.844	-30.115381	585.219849	35.577187	0.179716	0	-0.334029	1.00E-05	-2.143123	8.00E-06	0	0	0	-0.13	0	0.305	0	0	0
3.845	-30.115381	587.476685	35.89027	0.179765	0	-0.333824	1.20E-05	-2.143123	8.00E-06	0	0	0	-0.13	0	0.305	0	0	0
3.846	-30.115381	592.469482	36.125343	0.179765	0	-0.333723	1.20E-05	-2.214493	9.00E-06	0	0	0	-0.13	0	0.305	0	0	0
3.847	-29.961845	592.636902	36.281803	0.179765	0	-0.333467	1.20E-05	-2.038292	8.00E-06	0	0	0	-0.13	0	0.305	0	0	0
3.848	-29.879663	596.773804	36.281803	0.179891	0	-0.33362	8.00E-06	-2.179709	8.00E-06	0	0	0	-0.13	0	0.305	0	0	0
3.849	-29.879663	597.971802	36.516953	0.179891	0	-0.33362	1.10E-05	-2.179709	8.00E-06	0	0	0	-0.13	0	0.305	0	0	0
3.85	-29.642504	600.55658	36.986938	0.179957	0	-0.33382	8.00E-06	-2.26802	8.00E-06	0	0	0	-0.13	0	0.305	0	0	0
3.851	-29.642504	603.305176	37.300259	0.179785	0	-0.33382	1.10E-05	-2.26802	8.00E-06	0	0	0	-0.13	0	0.305	0	0	0
3.852	-29.643227	606.067383	37.457081	0.17975	0	-0.33382	9.00E-06	-2.236763	2.00E-06	0	0	0	-0.13	0	0.305	0	0	0
3.853	-29.721077	608.970337	38.162018	0.17975	0	-0.333564	9.00E-06	-2.18165	2.00E-06	0	0	0	-0.13	0	0.305	0	0	0
3.854	-29.721077	610.894287	38.240189	0.179665	0	-0.333455	9.00E-06	-2.236763	4.00E-06	0	0	0	-0.13	0	0.305	0	0	0
3.855	-29.168182	613.457458	38.396847	0.179866	0	-0.333357	6.00E-06	-2.275648	6.00E-06	0	0	0	-0.13	0	0.305	0	0	0
3.856	-29.168182	613.647644	38.866913	0.179866	0	-0.333357	1.30E-05	-2.305833	1.10E-05	0	0	0	-0.13	0	0.305	0	0	0
3.857	-28.776764	617.775269	38.866951	0.179866	0	-0.333155	1.10E-05	-2.305833	6.00E-06	0	0	0	-0.13	0	0.305	0	0	0
3.858	-28.776764	618.290588	39.337017	0.180012	0	-0.332966	1.30E-05	-2.326822	6.00E-06	0	0	0	-0.13	0	0.305	0	0	0
3.859	-28.776764	623.105957	40.04211	0.180037	0	-0.332966	1.10E-05	-2.398313	4.00E-06	0	0	0	-0.13	0	0.305	0	0	0
3.86	-28.618896	624.489136	40.04211	0.180037	0	-0.333199	1.40E-05	-2.398313	4.00E-06	0	0	0	-0.13	0	0.305	0	0	0
3.861	-28.618896	625.860413	40.120358	0.18011	0	-0.333199	1.00E-05	-2.398313	7.00E-06	0	0	0	-0.13	0	0.305	0	0	0
3.862	-28.460308	629.49469	40.433681	0.180217	0	-0.333051	1.30E-05	-2.387737	9.00E-06	0	0	0	-0.13	0	0.305	0	0	0
3.863	-28.302441	632.065918	40.590504	0.180217	0	-0.332491	1.00E-05	-2.387737	7.00E-06	0	0	0	-0.13	0	0.305	0	0	0
3.864	-28.460308	633.795532	41.060406	0.180101	0	-0.332466	1.30E-05	-2.387737	6.00E-06	0	0	0	-0.13	0	0.305	0	0	0
3.865	-28.848118	637.408936	41.373692	0.179881	0	-0.332176	1.00E-05	-2.395495	6.00E-06	0	0	0	-0.13	0	0.305	0	0	0
3.866	-29.005264	637.409363	42.000374	0.179711	0	-0.332138	5.00E-06	-2.395495	6.00E-06	0	0	0	-0.13	0	0.305	0	0	0
3.867	-29.158802	641.883362	42.156994	0.179711	0	-0.332176	5.00E-06	-2.335417	3.00E-06	0	0	0	-0.13	0	0.305	0	0	0
3.868	-29.158802	646.015198	42.235527	0.180115	0	-0.332169	5.00E-06	-2.335417	3.00E-06	0	0	0	-0.13	0	0.305	0	0	0
3.869	-29.939476	646.714539	42.940582	0.180115	0	-0.332169	6.00E-06	-2.335417	0	0	0	0	-0.13	0	0.305	0	0	0
3.87	-30.250879	649.472412	42.940582	0.180113	0	-0.332169	6.00E-06	-2.376943	0	0	0	0	-0.13	0	0.305	0	0	0
3.871	-30.408024	651.015686	43.253662	0.180113	0	-0.332508	7.00E-06	-2.376943	2.00E-06	0	0	0	-0.13	0	0.305	0	0	0
3.872	-30.639412	652.908813	43.802139	0.179984	0	-0.332508	6.00E-06	-2.376943	7.00E-06	0	0	0	-0.13	0	0.305	0	0	0
3.873	-30.878738	657.047607	44.037048	0.179984	0	-0.332337	-2.00E-06	-2.385089	7.00E-06	0	0	0	-0.13	0	0.305	0	0	0
3.874	-30.94865	658.418091	44.115417	0.179959	0	-0.332217	-2.00E-06	-2.41936	7.00E-06	0	0	0	-0.13	0	0.305	0	0	0
3.875	-31.027945	662.723206	44.742104	0.179895	0	-0.332337	4.00E-06	-2.41936	1.20E-05	0	0	0	-0.13	0	0.305	0	0	0
3.876	-31.027945	664.607422	44.977215	0.179855	0	-0.332304	6.00E-06	-2.41936	6.00E-06	0	0	0	-0.13	0	0.305	0	0	0
3.877	-31.027945	665.12738	44.977215	0.179895	0	-0.332304	6.00E-06	-2.436431	6.00E-06	0	0	0	-0.13	0	0.305	0	0	0
3.878	-31.338627	667.713623	45.525692	0.179669	0	-0.331879	6.00E-06	-2.436431	6.00E-06	0	0	0	-0.13	0	0.305	0	0	0
3.879	-31.338627	672.193115	45.760563	0.179861	0	-0.331879	2.00E-06	-2.444423	2.00E-06	0	0	0	-0.13	0	0.305	0	0	0
3.88	-31.338627	672.367004	46.465694	0.179861	0	-0.331947	4.00E-06	-2.363662	6.00E-06	0	0	0	-0.13	0	0.305	0	0	0
3.881	-31.806454	673.925293	46.465694	0.179861	0	-0.331947	3.00E-06	-2.304573	7.00E-06	0	0	0	-0.13	0	0.305	0	0	0
3.882	-31.960712	677.360596	46.621994	0.179855	0	-0.33187	4.00E-06	-2.297446	7.00E-06	0	0	0	-0.13	0	0.305	0	0	0
3.883	-32.04073	678.92395	46.621994	0.179855	0	-0.331847	3.00E-06	-2.292653	8.00E-06	0	0	0	-0.13	0	0.305	0	0	0
3.884	-32.275002	682.35376	46.857067	0.180007	0	-0.331726	2.00E-06	-2.297446	8.00E-06	0	0	0	-0.13	0	0.305	0	0	0
3.885	-32.505672	686.326721	47.249001	0.180007	0	-0.331748	-1.00E-06	-2.365893	8.00E-06	0	0	0	-0.13	0	0.305	0	0	0
3.886	-32.898533	686.994385	47.483673	0.180007	0	-0.331444	2.00E-06	-2.407724	5.00E-06	0	0	0	-0.13	0	0.305	0	0	0
3.887	-33.441326	691.152832	47.483673	0.179915	0	-0.331444	1.10E-05	-2.365893	5.00E-06	0	0	0	-0.13	0	0.305	0	0	0
3.888	-33.525673	692.691162	47.797115	0.180048	0	-0.331405	1.30E-05	-2.267845	1.00E-06	0	0	0	-0.13	0	0.305	0	0	0
3.889	-33.754173	695.795044	48.42384	0.180048	0	-0.331405	1.30E-05	-2.158701	9.00E-06	0	0	0	-0.13	0	0.305	0	0	0
3.89	-34.379143	697.337158	48.502007	0.180048	0	-0.331405	1.60E-05	-2.210283	6.00E-06	0	0	0	-0.13	0	0.305	0	0	0
3.891	-34.379143	699.759888	48.42384	0.180122	0	-0.331225	1.60E-05	-2.210283	6.00E-06	0	0	0	-0.13	0	0.305	0	0	0
3.892	-34.379143	704.239014	49.128693	0.179992	0	-0.331078	1.60E-05	-2.282979	1.00E-06	0	0	0	-0.13	0	0.305	0	0	0
3.893	-34.928429	704.574524	49.83379	0.179992	0	-0.331078	2.10E-05	-2.282979	1.00E-06	0	0	0	-0.13	0	0.305	0	0	0
3.894	-34.928429	704.574524	49.912201	0.179986	0	-0.331078	1.20E-05	-2.299429	4.00E-06	0	0	0	-0.13	0	0.305	0	0	0
3.895	-34.928429	708.53241	49.99049	0.17972	0	-0.331333	2.10E-05	-2.102268	5.00E-06	0	0	0	-0.13	0	0.305	0	0	0
3.896	-35.630531	709.737061	50.695507	0.179907	0	-0.331333	1.80E-05	-2.14296	5.00E-06	0	0	0	-0.13	0	0.305	0	0	0
3.897	-35.706219	711.470886	50.930698	0.179429	0	-0.331333	1.80E-05	-2.14296	6.00E-06	0	0	0	-0.13	0	0.305	0	0	0
3.898	-35.941216	712.493408	50.695507	0.179907	0	-0.33126	1.00E-05	-2.173933	6.00E-06	0	0	0	-0.13	0	0.305	0	0	0
3.899	-35.706219	713.026123	50.930698	0.179912	0	-0.33126	6.00E-06	-2.173933	8.00E-06	0	0	0	-0.13	0	0.305	0	0	0
3.9	-36.329025	717.338867	51.870628	0.179912	0	-0.331046	6.00E-06	-2.167911	8.00E-06	0	0	0	-0.13	0	0.305	0	0	0
3.901	-36.095474	718.184753	51.870628	0.179811	0	-0.331046	1.10E-05	-2.093944	1.10E-05	0	0	0	-0.13	0	0.305	0	0	0
3.902	-36.329025	719.223145	51.792336	0.179633	0	-0.331046	1.40E-05	-2.093944	0	0	0	0	-0.13	0	0.305	0	0	0
3.903	-36.64476	721.810547	51.792336	0.179628	0	-0.331007	1.90E-05	-2.085125	7.00E-06	0	0	0	-0.13	0	0.305	0	0	0
3.904	-36.64476	724.21936	52.105495	0.179633	0	-0.330801	2.20E-05	-2.085125	-1.00E-06	0	0	0	-0.13	0	0.305	0	0	0
3.905	-36.877594	727.489502	52.340851	0.179859	0	-0.330801	2.20E-05	-2.00601	7.00E-06	0	0	0	-0.13	0	0.305	0	0	0
3.906	-36.879036	730.419128	52.732338	0.179859	0	-0.330587	1.50E-05	-2.030876	7.00E-06	0	0	0	-0.13	0	0.305	0	0	0
3.907	-36.879036	730.76355	53.359188	0.179859	0	-0.330587	1.00E-05	-2.030876	7.00E-06	0	0	0	-0.13	0	0.305	0	0	0
3.908	-36.879036	733.357056	53.437637	0.18017	0	-0.3305	6.00E-06	-2.030876	3.00E-06	0	0	0	-0.13	0	0.305	0	0	0
3.909	-37.736839	735.241333	53.593937	0.18017	0	-0.330768	6.00E-06	-1.982472	3.00E-06	0	0	0	-0.13	0	0.305	0	0	0
3.91	-37.739002	735.592041	53.829292	0.180062	0	-0.330644	6.00E-06	-1.906152	4.00E-06	0	0	0	-0.13	0	0.305	0	0	0
3.911	-37.97472	738.34491	54.142612	0.179973	0	-0.330751	1.10E-05	-1.906152	6.00E-06	0	0	0	-0.13	0	0.305	0	0	0
3.912	-38.362534	739.034546	54.612476	0.179973	0	-0.330751	1.10E-05	-1.872985	4.00E-06	0	0	0	-0.13	0	0.305	0	0	0
3.913	-38.751068	740.575195	54.925877	0.179973	0	-0.330751	1.20E-05	-1.96023	0	0	0	0	-0.13	0	0.305	0	0	0
3.914	-39.142487	743.860413	54.925877	0.179846	0	-0.330384	1.10E-05	-1.852771	0	0	0	0	-0.13	0	0.305	0	0	0
3.915	-39.142487	743.860413	55.865765	0.179881	0	-0.330384	1.30E-05	-1.96023	1.00E-06	0	0	0	-0.13	0	0.305	0	0	0
3.916	-39.617531	743.860413	55.865765	0.179714	0	-0.330491	1.90E-05	-1.667107	4.00E-06	0	0	0	-0.13	0	0.305	0	0	0
3.917	-40.317467	745.059937	55.865765	0.179687	0	-0.330729	1.90E-05	-1.753803	5.00E-06	0	0	0	-0.13	0	0.305	0	0	0
3.918	-40.553905	746.779175	56.649429	0.179687	0	-0.330729	8.00E-06	-1.667107	6.00E-06	0	0	0	-0.13	0	0.305	0	0	0
3.919	-40.863144	749.029846	57.276035	0.179687	0	-0.330729	8.00E-06	-1.753803	6.00E-06	0	0	0	-0.13	0	0.305	0	0	0
3.92	-41.491722	749.188721	57.511307	0.179848	0	-0.330367	2.00E-05	-1.551127	6.00E-06	0	0	0	-0.13	0	0.305	0	0	0
3.921	-41.565247	750.246826	57.589478	0.179646	0	-0.330069	2.00E-05	-1.636695	7.00E-06	0	0	0	-0.13	0	0.305	0	0	0
3.922	-41.491722	751.280579	58.137993	0.179848	0	-0.330069	2.40E-05	-1.599795	7.00E-06	0	0	0	-0.13	0	0.305	0	0	0
3.923	-41.488838	752.653687	58.686508	0.179859	0	-0.330277	1.70E-05	-1.599795	7.00E-06	0	0	0	-0.13	0	0.305	0	0	0
3.924	-41.022453	753.511169	58.686508	0.179907	0	-0.330277	2.40E-05	-1.543202	3.00E-06	0	0	0	-0.13	0	0.305	0	0	0
3.925	-41.022453	754.885864	58.686184	0.179907	0	-0.330277	1.70E-05	-1.469471	0	0	0	0	-0.13	0	0.305	0	0	0
3.926	-41.410988	755.414673	58.686184	0.179907	0	-0.329973	1.70E-05	-1.469471	0	0	0	0	-0.13	0	0.305	0	0	0
3.927	-41.416039	756.634766	59.234863	0.179849	0	-0.330007	7.00E-06	-1.469471	6.00E-06	0	0	0	-0.13	0	0.305	0	0	0
3.928	-41.410988	758.160278	59.548183	0.180046	0	-0.329686	1.00E-05	-1.422887	7.00E-06	0	0	0	-0.13	0	0.305	0	0	0
3.929	-41.262501	758.512451	59.313313	0.180046	0	-0.329894	1.00E-05	-1.386199	8.00E-06	0	0	0	-0.13	0	0.305	0	0	0
3.93	-41.262501	760.231995	59.704845	0.180087	0	-0.329804	1.60E-05	-1.379975	9.00E-06	0	0	0	-0.13	0	0.305	0	0	0
3.931	-41.41748	760.231995	59.704845	0.180087	0	-0.329804	1.60E-05	-1.379975	9.00E-06	0	0	0	-0.13	0	0.305	0	0	0
3.932	-41.964603	760.231995	59.940037	0.180087	0	-0.329804	1.30E-05	-1.368154	7.00E-06	0	0	0	-0.13	0	0.305	0	0	0
3.933	-42.042454	761.776367	60.253601	0.18007	0	-0.329788	1.00E-05	-1.368154	5.00E-06	0	0	0	-0.13	0	0.305	0	0	0
3.934	-42.042454	761.970459	60.488552	0.18007	0	-0.329493	1.00E-06	-1.361471	7.00E-06	0	0	0	-0.13	0	0.305	0	0	0
3.935	-41.967491	762.82135	60.488552	0.18007	0	-0.329493	1.00E-06	-1.355421	3.00E-06	0	0	0	-0.13	0	0.305	0	0	0
3.936	-41.967491	762.82135	60.488552	0.180025	0	-0.329551	7.00E-06	-1.261432	7.00E-06	0	0	0	-0.13	0	0.305	0	0	0
3.937	-42.513168	762.82135	60.723461	0.180025	0	-0.329551	1.00E-05	-1.261432	1.00E-05	0	0	0	-0.13	0	0.305	0	0	0
3.938	-42.513168	763.000732	60.723461	0.180025	0	-0.329551	1.00E-05	-1.268246	1.00E-05	0	0	0	-0.13	0	0.305	0	0	0
3.939	-42.279617	763.000732	60.723461	0.180064	0	-0.329806	4.00E-06	-1.268246	1.00E-05	0	0	0	-0.13	0	0.305	0	0	0
3.94	-42.279617	763.000732	60.958656	0.180217	0	-0.329806	-1.00E-06	-1.224362	7.00E-06	0	0	0	-0.13	0	0.305	0	0	0
3.941	-42.59174	761.982056	60.958656	0.180142	0	-0.329525	-1.00E-06	-1.224362	1.10E-05	0	0	0	-0.13	0	0.305	0	0	0
3.942	-42.75177	763.359375	60.958656	0.180142	0	-0.329331	1.30E-05	-1.176934	1.30E-05	0	0	0	-0.13	0	0.305	0	0	0
3.943	-42.59174	762.340332	60.409939	0.180142	0	-0.329331	1.70E-05	-1.23046	1.30E-05	0	0	0	-0.13	0	0.305	0	0	0
3.944	-42.513885	762.340332	61.036865	0.180019	0	-0.329142	1.70E-05	-1.23046	1.10E-05	0	0	0	-0.13	0	0.305	0	0	0
3.945	-42.513885	762.340332	60.410221	0.18048	0	-0.328972	1.70E-05	-1.23046	8.00E-06	0	0	0	-0.13	0	0.305	0	0	0
3.946	-42.754658	762.346924	60.880165	0.180355	0	-0.328932	2.20E-05	-1.207585	8.00E-06	0	0	0	-0.13	0	0.305	0	0	0
3.947	-42.908195	762.348511	60.880165	0.180355	0	-0.328767	1.90E-05	-1.140207	5.00E-06	0	0	0	-0.13	0	0.305	0	0	0
3.948	-42.908195	762.348511	60.880165	0.180355	0	-0.328577	1.90E-05	-1.005903	0	0	0	0	-0.13	0	0.305	0	0	0
3.949	-43.225372	762.348511	60.801792	0.180244	0	-0.328577	1.90E-05	-0.956281	1.00E-06	0	0	0	-0.13	0	0.305	0	0	0
3.95	-43.225372	762.191101	60.566765	0.180563	0	-0.328645	1.90E-05	-0.956281	1.00E-06	0	0	0	-0.13	0	0.305	0	0	0
3.951	-43.225372	762.191101	60.33165	0.180563	0	-0.328645	2.50E-05	-1.064143	5.00E-06	0	0	0	-0.13	0	0.305	0	0	0
3.952	-43.06823	762.191895	60.566765	0.180662	0	-0.328444	2.50E-05	-1.065912	5.00E-06	0	0	0	-0.13	0	0.305	0	0	0
3.953	-43.38324	762.191895	60.253559	0.180662	0	-0.328444	1.30E-05	-1.065912	1.00E-05	0	0	0	-0.13	0	0.305	0	0	0
3.954	-43.38324	761.50177	60.331852	0.180684	0	-0.328528	1.30E-05	-1.03248	5.00E-06	0	0	0	-0.13	0	0.305	0	0	0
3.955	-43.38324	760.285645	60.331852	0.180684	0	-0.328528	1.40E-05	-1.031453	7.00E-06	0	0	0	-0.13	0	0.305	0	0	0
3.956	-43.230423	758.056519	60.33189	0.180684	0	-0.328728	2.00E-05	-1.031453	7.00E-06	0	0	0	-0.13	0	0.305	0	0	0
3.957	-43.071114	758.056519	60.801994	0.180521	0	-0.328662	2.00E-05	-0.954187	7.00E-06	0	0	0	-0.13	0	0.305	0	0	0
3.958	-42.916855	758.056519	60.802074	0.180521	0	-0.328662	1.30E-05	-0.917257	1.40E-05	0	0	0	-0.13	0	0.305	0	0	0
3.959	-42.839722	757.031311	60.880486	0.180444	0	-0.328246	4.00E-06	-0.843814	1.00E-05	0	0	0	-0.13	0	0.305	0	0	0
3.96	-42.916855	754.447754	60.802074	0.180573	0	-0.328129	4.00E-06	-0.903474	1.00E-05	0	0	0	-0.13	0	0.305	0	0	0
3.961	-42.766205	752.218262	60.802197	0.180418	0	-0.328096	1.60E-05	-0.780093	1.00E-05	0	0	0	-0.13	0	0.305	0	0	0
3.962	-42.767647	752.218262	60.410385	0.180574	0	-0.327933	1.60E-05	-0.731952	8.00E-06	0	0	0	-0.13	0	0.305	0	0	0
3.963	-42.766205	751.530884	60.332134	0.180524	0	-0.327855	1.10E-05	-0.731952	7.00E-06	0	0	0	-0.13	0	0.305	0	0	0
3.964	-42.374062	751.366577	60.332134	0.180574	0	-0.327755	1.10E-05	-0.771621	3.00E-06	0	0	0	-0.13	0	0.305	0	0	0
3.965	-42.374062	751.363159	60.332134	0.180524	0	-0.327598	8.00E-06	-0.771621	3.00E-06	0	0	0	-0.13	0	0.305	0	0	0
3.966	-42.535538	751.199158	60.09726	0.18071	0	-0.327519	8.00E-06	-0.718665	-1.00E-06	0	0	0	-0.13	0	0.305	0	0	0
3.967	-42.535538	749.65863	60.09726	0.18071	0	-0.327466	1.10E-05	-0.632879	-1.00E-06	0	0	0	-0.13	0	0.305	0	0	0
3.968	-42.535538	749.65863	60.09726	0.18071	0	-0.327169	1.10E-05	-0.677268	8.00E-06	0	0	0	-0.13	0	0.305	0	0	0
3.969	-42.459129	749.65863	60.253841	0.180727	0	-0.327169	3.00E-06	-0.65563	8.00E-06	0	0	0	-0.13	0	0.305	0	0	0
3.97	-42.694847	749.993042	60.253841	0.180727	0	-0.326999	3.00E-06	-0.65563	6.00E-06	0	0	0	-0.13	0	0.305	0	0	0
3.971	-42.461296	748.102295	60.253841	0.180792	0	-0.327014	1.10E-05	-0.620636	4.00E-06	0	0	0	-0.13	0	0.305	0	0	0
3.972	-42.461296	748.102295	60.254204	0.180877	0	-0.327014	1.10E-05	-0.620636	4.00E-06	0	0	0	-0.13	0	0.305	0	0	0
3.973	-42.30415	745.526367	60.175713	0.180877	0	-0.327014	1.20E-05	-0.643805	4.00E-06	0	0	0	-0.13	0	0.305	0	0	0
3.974	-42.227741	744.840515	60.254204	0.180877	0	-0.327014	1.40E-05	-0.643805	8.00E-06	0	0	0	-0.13	0	0.305	0	0	0
3.975	-41.916336	744.324829	60.802559	0.180838	0	-0.326931	1.40E-05	-0.668871	8.00E-06	0	0	0	-0.13	0	0.305	0	0	0
3.976	-41.916336	744.324829	60.802639	0.180838	0	-0.326931	4.00E-06	-0.548623	8.00E-06	0	0	0	-0.13	0	0.305	0	0	0
3.977	-41.994186	742.944336	60.802639	0.180782	0	-0.326889	4.00E-06	-0.567631	4.00E-06	0	0	0	-0.13	0	0.305	0	0	0
3.978	-41.994186	742.256226	60.646019	0.180688	0	-0.326882	8.00E-06	-0.548623	8.00E-06	0	0	0	-0.13	0	0.305	0	0	0
3.979	-41.685669	740.875366	60.646019	0.180688	0	-0.326832	1.20E-05	-0.553402	4.00E-06	0	0	0	-0.13	0	0.305	0	0	0
3.98	-41.529247	739.845825	60.88121	0.180792	0	-0.326777	1.20E-05	-0.553402	5.00E-06	0	0	0	-0.13	0	0.305	0	0	0
3.981	-41.142159	738.825195	61.194572	0.180792	0	-0.326777	1.20E-05	-0.553402	5.00E-06	0	0	0	-0.13	0	0.305	0	0	0
3.982	-41.060699	738.639648	60.88121	0.180921	0	-0.32679	1.00E-05	-0.467306	1.30E-05	0	0	0	-0.13	0	0.305	0	0	0
3.983	-41.142159	738.30603	61.194572	0.181021	0	-0.32679	9.00E-06	-0.432772	1.30E-05	0	0	0	-0.13	0	0.305	0	0	0
3.984	-41.060699	737.95459	60.959423	0.181021	0	-0.326926	7.00E-06	-0.467306	6.00E-06	0	0	0	-0.13	0	0.305	0	0	0
3.985	-40.669281	737.95459	61.273064	0.181038	0	-0.326683	2.00E-06	-0.468995	2.00E-06	0	0	0	-0.13	0	0.305	0	0	0
3.986	-40.439331	736.585693	61.351639	0.181083	0	-0.326683	2.00E-06	-0.468995	2.00E-06	0	0	0	-0.13	0	0.305	0	0	0
3.987	-40.209389	736.065674	61.351639	0.181083	0	-0.326456	6.00E-06	-0.435422	2.00E-06	0	0	0	-0.13	0	0.305	0	0	0
3.988	-40.209389	736.065674	61.429844	0.181167	0	-0.326371	1.70E-05	-0.428448	7.00E-06	0	0	0	-0.13	0	0.305	0	0	0
3.989	-40.440056	735.561218	61.429844	0.18118	0	-0.32605	6.00E-06	-0.352297	7.00E-06	0	0	0	-0.13	0	0.305	0	0	0
3.99	-40.440056	735.054382	61.429844	0.18118	0	-0.326038	9.00E-06	-0.352297	1.30E-05	0	0	0	-0.13	0	0.305	0	0	0
3.991	-40.364368	735.054382	61.116364	0.181299	0	-0.326038	6.00E-06	-0.352297	1.50E-05	0	0	0	-0.13	0	0.305	0	0	0
3.992	-40.287239	734.87384	61.038273	0.181299	0	-0.326052	9.00E-06	-0.375196	1.50E-05	0	0	0	-0.13	0	0.305	0	0	0
3.993	-40.287239	734.87384	61.038273	0.181299	0	-0.326052	8.00E-06	-0.375196	8.00E-06	0	0	0	-0.13	0	0.305	0	0	0
3.994	-40.287239	733.32019	61.116604	0.181179	0	-0.325916	8.00E-06	-0.296647	8.00E-06	0	0	0	-0.13	0	0.305	0	0	0
3.995	-40.287239	732.294922	62.135021	0.181179	0	-0.325916	4.00E-06	-0.296647	1.30E-05	0	0	0	-0.13	0	0.305	0	0	0
3.996	-40.057297	732.289124	62.213512	0.18114	0	-0.326165	4.00E-06	-0.296647	1.30E-05	0	0	0	-0.13	0	0.305	0	0	0
3.997	-40.057297	731.086426	62.213512	0.181246	0	-0.326268	1.90E-05	-0.269365	8.00E-06	0	0	0	-0.13	0	0.305	0	0	0
3.998	-39.97728	729.697876	62.370377	0.18106	0	-0.32628	1.90E-05	-0.260355	8.00E-06	0	0	0	-0.13	0	0.305	0	0	0
3.999	-39.97728	727.63501	62.370377	0.18106	0	-0.326268	1.40E-05	-0.260355	9.00E-06	0	0	0	-0.13	0	0.305	0	0	0
4	-39.97728	727.63501	62.683861	0.18106	0	-0.325751	1.40E-05	-0.232574	1.00E-05	0	0	0	-0.13	0	0.305	0	0	0
4.001	-39.351585	727.130859	62.683861	0.181124	0	-0.325656	2.20E-05	-0.232574	9.00E-06	0	0	0	-0.13	0	0.305	0	0	0
4.002	-39.198048	724.894043	62.683861	0.181126	0	-0.32544	2.20E-05	-0.232574	7.00E-06	0	0	0	-0.13	0	0.305	0	0	0
4.003	-38.887367	724.205566	62.76215	0.181124	0	-0.32544	2.20E-05	-0.161105	7.00E-06	0	0	0	-0.13	0	0.305	0	0	0
4.004	-38.731663	723.337646	62.997345	0.18101	0	-0.32567	2.30E-05	-0.14694	7.00E-06	0	0	0	-0.13	0	0.305	0	0	0
4.005	-38.496666	723.174561	62.919132	0.18101	0	-0.325698	2.40E-05	-0.14694	7.00E-06	0	0	0	-0.13	0	0.305	0	0	0
4.006	-38.418095	723.174561	62.919132	0.18101	0	-0.32567	2.40E-05	-0.14694	6.00E-06	0	0	0	-0.13	0	0.305	0	0	0
4.007	-38.420258	723.174561	62.919132	0.180952	0	-0.325639	1.30E-05	-0.200665	0	0	0	0	-0.13	0	0.305	0	0	0
4.008	-38.420258	722.325928	62.919212	0.180952	0	-0.325389	1.00E-05	-0.059613	0	0	0	0	-0.13	0	0.305	0	0	0
4.009	-38.421703	719.903992	62.997383	0.180964	0	-0.325045	1.00E-05	-0.059613	5.00E-06	0	0	0	-0.13	0	0.305	0	0	0
4.01	-38.421703	720.249634	63.154003	0.18114	0	-0.325043	1.00E-05	-0.055203	8.00E-06	0	0	0	-0.13	0	0.305	0	0	0
4.011	-38.50172	720.249634	63.232494	0.18114	0	-0.325043	1.20E-05	-0.055203	5.00E-06	0	0	0	-0.13	0	0.305	0	0	0
4.012	-38.50172	720.249634	63.467529	0.181318	0	-0.325068	-3.00E-06	-0.055203	8.00E-06	0	0	0	-0.13	0	0.305	0	0	0
4.013	-38.50172	720.248413	63.467529	0.181408	0	-0.325191	1.20E-05	-0.021926	2.00E-06	0	0	0	-0.13	0	0.305	0	0	0
4.014	-38.659584	719.220459	63.075874	0.181426	0	-0.325261	1.80E-05	-0.011769	2.00E-06	0	0	0	-0.13	0	0.305	0	0	0
4.015	-38.426033	718.175171	63.075874	0.181426	0	-0.325261	1.80E-05	0.014556	2.00E-06	0	0	0	-0.13	0	0.305	0	0	0
4.016	-38.269608	717.332397	63.389359	0.181363	0	-0.324964	1.10E-05	0.019239	1.00E-05	0	0	0	-0.13	0	0.305	0	0	0
4.017	-38.192478	716.989441	63.62439	0.181174	0	-0.324964	1.10E-05	0.019239	1.00E-05	0	0	0	-0.13	0	0.305	0	0	0
4.018	-38.034615	715.424561	63.702801	0.181133	0	-0.324937	1.00E-06	0.02378	5.00E-06	0	0	0	-0.13	0	0.305	0	0	0
4.019	-37.881073	714.221924	63.937752	0.181133	0	-0.325205	1.10E-05	0.053869	5.00E-06	0	0	0	-0.13	0	0.305	0	0	0
4.02	-37.881073	713.713135	64.09465	0.181153	0	-0.325183	1.10E-05	0.053869	5.00E-06	0	0	0	-0.13	0	0.305	0	0	0
4.021	-37.72393	712.862305	64.173225	0.181189	0	-0.325183	1.40E-05	-0.038242	9.00E-06	0	0	0	-0.13	0	0.305	0	0	0
4.022	-37.649689	712.862305	64.251312	0.181382	0	-0.324702	1.40E-05	-0.038242	5.00E-06	0	0	0	-0.13	0	0.305	0	0	0
4.023	-37.252495	712.862305	64.251312	0.181382	0	-0.324702	1.10E-05	-0.104833	5.00E-06	0	0	0	-0.13	0	0.305	0	0	0
4.024	-37.024715	710.78894	64.408142	0.181304	0	-0.324702	1.10E-05	0.103962	4.00E-06	0	0	0	-0.13	0	0.305	0	0	0
4.025	-37.024715	709.758667	64.173065	0.181268	0	-0.3248	1.70E-05	0.103962	2.00E-06	0	0	0	-0.13	0	0.305	0	0	0
4.026	-37.337563	708.377441	64.721703	0.181065	0	-0.324909	1.70E-05	0.114257	2.00E-06	0	0	0	-0.13	0	0.305	0	0	0
4.027	-37.337563	708.377441	64.643372	0.181065	0	-0.324909	1.00E-05	0.114257	5.00E-06	0	0	0	-0.13	0	0.305	0	0	0
4.028	-37.103287	708.559448	64.721703	0.181347	0	-0.324562	1.00E-05	0.114257	6.00E-06	0	0	0	-0.13	0	0.305	0	0	0
4.029	-37.103287	709.933472	65.270058	0.181347	0	-0.324429	7.00E-06	0.144975	6.00E-06	0	0	0	-0.13	0	0.305	0	0	0
4.03	-37.027603	709.933472	65.270058	0.181347	0	-0.324429	7.00E-06	0.185466	6.00E-06	0	0	0	-0.13	0	0.305	0	0	0
4.031	-37.027603	709.933472	65.348465	0.181284	0	-0.324179	7.00E-06	0.216953	1.10E-05	0	0	0	-0.13	0	0.305	0	0	0
4.032	-37.420464	709.59436	65.348389	0.181698	0	-0.324582	5.00E-06	0.226818	8.00E-06	0	0	0	-0.13	0	0.305	0	0	0
4.033	-37.496151	708.727661	65.348541	0.181568	0	-0.324526	1.00E-05	0.226818	8.00E-06	0	0	0	-0.13	0	0.305	0	0	0
4.034	-37.81044	708.727661	65.897102	0.181694	0	-0.324526	1.00E-05	0.226818	2.00E-06	0	0	0	-0.13	0	0.305	0	0	0
4.035	-37.81044	708.379761	66.053764	0.181568	0	-0.324526	1.00E-05	0.31141	2.00E-06	0	0	0	-0.13	0	0.305	0	0	0
4.036	-37.887569	707.524597	66.367126	0.181677	0	-0.324684	3.00E-06	0.31141	6.00E-06	0	0	0	-0.13	0	0.305	0	0	0
4.037	-37.421909	707.524597	66.367126	0.181527	0	-0.324684	3.00E-06	0.273747	6.00E-06	0	0	0	-0.13	0	0.305	0	0	0
4.038	-37.497597	706.834106	66.60228	0.181677	0	-0.324684	1.10E-05	0.252731	6.00E-06	0	0	0	-0.13	0	0.305	0	0	0
4.039	-37.497597	706.139099	66.680489	0.181352	0	-0.324687	1.10E-05	0.252731	8.00E-06	0	0	0	-0.13	0	0.305	0	0	0
4.04	-37.497597	704.589233	67.072418	0.181387	0	-0.324687	1.20E-05	0.244175	9.00E-06	0	0	0	-0.13	0	0.305	0	0	0
4.041	-37.420464	704.589233	67.464157	0.181387	0	-0.324451	1.20E-05	0.236144	9.00E-06	0	0	0	-0.13	0	0.305	0	0	0
4.042	-37.184025	702.533325	67.777435	0.181387	0	-0.324451	1.20E-05	0.236144	6.00E-06	0	0	0	-0.13	0	0.305	0	0	0
4.043	-37.420464	702.536438	68.091003	0.181482	0	-0.324451	1.20E-05	0.296396	4.00E-06	0	0	0	-0.13	0	0.305	0	0	0
4.044	-37.267647	702.536438	68.325951	0.181376	0	-0.324207	1.20E-05	0.400108	4.00E-06	0	0	0	-0.13	0	0.305	0	0	0
4.045	-37.267647	702.536438	68.325989	0.181409	0	-0.324191	1.40E-05	0.400108	4.00E-06	0	0	0	-0.13	0	0.305	0	0	0
4.046	-37.187634	703.387695	68.639557	0.181409	0	-0.324207	1.40E-05	0.301561	4.00E-06	0	0	0	-0.13	0	0.305	0	0	0
4.047	-37.187634	702.880493	68.639557	0.181409	0	-0.32396	8.00E-06	0.301561	2.00E-06	0	0	0	-0.13	0	0.305	0	0	0
4.048	-37.34478	702.880493	68.639557	0.181732	0	-0.324012	8.00E-06	0.293735	4.00E-06	0	0	0	-0.13	0	0.305	0	0	0
4.049	-37.501923	702.880493	68.953003	0.181732	0	-0.324012	1.10E-05	0.35807	4.00E-06	0	0	0	-0.13	0	0.305	0	0	0
4.05	-37.501923	703.234192	69.109581	0.181732	0	-0.32415	1.10E-05	0.383655	4.00E-06	0	0	0	-0.13	0	0.305	0	0	0
4.051	-37.424072	703.234192	69.187912	0.181767	0	-0.32415	1.10E-05	0.383655	0	0	0	0	-0.13	0	0.305	0	0	0
4.052	-37.424072	703.393494	69.657974	0.181809	0	-0.323624	2.00E-06	0.447641	0	0	0	0	-0.13	0	0.305	0	0	0
4.053	-37.424072	702.546875	69.657974	0.181809	0	-0.323624	1.50E-05	0.379466	5.00E-06	0	0	0	-0.13	0	0.305	0	0	0
4.054	-37.741249	703.56665	69.736626	0.181809	0	-0.323916	8.00E-06	0.405527	6.00E-06	0	0	0	-0.13	0	0.305	0	0	0
4.055	-37.741249	703.392334	70.050148	0.181722	0	-0.324343	1.50E-05	0.402679	5.00E-06	0	0	0	-0.13	0	0.305	0	0	0
4.056	-37.815491	703.392334	70.676674	0.181655	0	-0.324343	1.90E-05	0.405527	1.00E-06	0	0	0	-0.13	0	0.305	0	0	0
4.057	-38.289093	703.392334	70.755127	0.181655	0	-0.324343	1.90E-05	0.402679	1.00E-06	0	0	0	-0.13	0	0.305	0	0	0
4.058	-38.439743	702.703857	70.833374	0.181683	0	-0.32433	1.00E-05	0.501412	7.00E-06	0	0	0	-0.13	0	0.305	0	0	0
4.059	-38.439743	702.703857	71.225266	0.181683	0	-0.32433	1.00E-05	0.413762	7.00E-06	0	0	0	-0.13	0	0.305	0	0	0
4.06	-37.741249	702.189209	71.381805	0.181668	0	-0.32433	2.10E-05	0.486881	7.00E-06	0	0	0	-0.13	0	0.305	0	0	0
4.061	-37.741249	702.026855	71.930527	0.181668	0	-0.323854	2.10E-05	0.413762	3.00E-06	0	0	0	-0.13	0	0.305	0	0	0
4.062	-37.741249	700.986572	72.008896	0.181633	0	-0.324016	8.00E-06	0.486881	6.00E-06	0	0	0	-0.13	0	0.305	0	0	0
4.063	-37.971916	700.986572	72.008896	0.181562	0	-0.324016	7.00E-06	0.356697	6.00E-06	0	0	0	-0.13	0	0.305	0	0	0
4.064	-37.741249	701.857178	72.400505	0.181562	0	-0.324016	8.00E-06	0.544193	8.00E-06	0	0	0	-0.13	0	0.305	0	0	0
4.065	-37.895508	702.371338	72.322136	0.18174	0	-0.324011	1.00E-05	0.414612	8.00E-06	0	0	0	-0.13	0	0.305	0	0	0
4.066	-37.741249	701.857178	72.557205	0.18174	0	-0.324011	2.10E-05	0.517479	7.00E-06	0	0	0	-0.13	0	0.305	0	0	0
4.067	-37.66412	701.854065	72.557205	0.181893	0	-0.323802	2.10E-05	0.514402	3.00E-06	0	0	0	-0.13	0	0.305	0	0	0
4.068	-37.66412	701.854065	72.949059	0.181893	0	-0.323802	4.00E-06	0.514402	2.00E-06	0	0	0	-0.13	0	0.305	0	0	0
4.069	-38.130505	703.38501	73.262299	0.181893	0	-0.323802	1.00E-06	0.424905	-1.00E-06	0	0	0	-0.13	0	0.305	0	0	0
4.07	-38.52409	703.38501	73.262505	0.181893	0	-0.323723	1.00E-06	0.424905	-1.00E-06	0	0	0	-0.13	0	0.305	0	0	0
4.071	-38.52409	703.38501	73.810822	0.181796	0	-0.324039	8.00E-06	0.564893	9.00E-06	0	0	0	-0.13	0	0.305	0	0	0
4.072	-38.835495	705.805054	73.889267	0.182093	0	-0.324014	1.10E-05	0.580434	9.00E-06	0	0	0	-0.13	0	0.305	0	0	0
4.073	-38.835495	706.159912	74.045967	0.182161	0	-0.324039	8.00E-06	0.658744	6.00E-06	0	0	0	-0.13	0	0.305	0	0	0
4.074	-38.602661	706.159912	74.1241	0.182161	0	-0.3242	6.00E-06	0.658744	5.00E-06	0	0	0	-0.13	0	0.305	0	0	0
4.075	-38.526974	707.02002	74.672775	0.181839	0	-0.3242	6.00E-06	0.658744	5.00E-06	0	0	0	-0.13	0	0.305	0	0	0
4.076	-38.602661	704.432983	75.142593	0.181839	0	-0.324049	8.00E-06	0.56856	5.00E-06	0	0	0	-0.13	0	0.305	0	0	0
4.077	-39.146896	705.636841	75.299538	0.181637	0	-0.323793	8.00E-06	0.56856	5.00E-06	0	0	0	-0.13	0	0.305	0	0	0
4.078	-39.146896	705.636841	75.299538	0.181769	0	-0.323793	8.00E-06	0.638413	5.00E-06	0	0	0	-0.13	0	0.305	0	0	0
4.079	-39.150505	706.670959	75.456284	0.181769	0	-0.323793	0	0.638413	1.10E-05	0	0	0	-0.13	0	0.305	0	0	0
4.08	-39.149059	706.670959	75.848137	0.181799	0	-0.324122	2.00E-06	0.61173	3.00E-06	0	0	0	-0.13	0	0.305	0	0	0
4.081	-39.149059	706.490112	75.848137	0.181799	0	-0.324122	0	0.587228	6.00E-06	0	0	0	-0.13	0	0.305	0	0	0
4.082	-39.149059	705.992493	76.396446	0.181763	0	-0.323764	2.00E-06	0.5665	3.00E-06	0	0	0	-0.13	0	0.305	0	0	0
4.083	-38.213406	705.120789	76.866676	0.181763	0	-0.32372	1.40E-05	0.5665	5.00E-06	0	0	0	-0.13	0	0.305	0	0	0
4.084	-38.523369	705.120789	77.101746	0.181707	0	-0.32372	1.40E-05	0.5665	5.00E-06	0	0	0	-0.13	0	0.305	0	0	0
4.085	-38.523369	705.814331	77.258331	0.181707	0	-0.32372	8.00E-06	0.579159	8.00E-06	0	0	0	-0.13	0	0.305	0	0	0
4.086	-38.525532	706.162964	77.258446	0.181707	0	-0.323439	8.00E-06	0.579159	8.00E-06	0	0	0	-0.13	0	0.305	0	0	0
4.087	-38.525532	706.162964	77.258446	0.181718	0	-0.32376	6.00E-06	0.585891	6.00E-06	0	0	0	-0.13	0	0.305	0	0	0
4.088	-38.525532	706.675964	77.258446	0.181738	0	-0.323489	5.00E-06	0.585891	4.00E-06	0	0	0	-0.13	0	0.305	0	0	0
4.089	-38.212685	707.020081	77.807045	0.181738	0	-0.323489	3.00E-06	0.616026	6.00E-06	0	0	0	-0.13	0	0.305	0	0	0
4.09	-38.370552	708.930969	77.963547	0.181838	0	-0.323299	3.00E-06	0.622433	4.00E-06	0	0	0	-0.13	0	0.305	0	0	0
4.091	-38.370552	709.433167	78.04187	0.182037	0	-0.323299	5.00E-06	0.622433	2.00E-06	0	0	0	-0.13	0	0.305	0	0	0
4.092	-38.60194	710.299805	78.04187	0.181986	0	-0.323299	6.00E-06	0.700479	2.00E-06	0	0	0	-0.13	0	0.305	0	0	0
4.093	-38.60194	711.154663	78.433731	0.181986	0	-0.323801	6.00E-06	0.605465	1.00E-06	0	0	0	-0.13	0	0.305	0	0	0
4.094	-38.684841	711.154663	78.746971	0.181986	0	-0.32355	1.60E-05	0.715582	5.00E-06	0	0	0	-0.13	0	0.305	0	0	0
4.095	-38.684841	711.154663	79.138947	0.182094	0	-0.32355	1.00E-05	0.614594	1.00E-06	0	0	0	-0.13	0	0.305	0	0	0
4.096	-38.841263	713.041992	79.373901	0.182094	0	-0.323226	1.60E-05	0.715582	7.00E-06	0	0	0	-0.13	0	0.305	0	0	0
4.097	-38.841263	713.041992	79.53064	0.182206	0	-0.323226	1.60E-05	0.614594	4.00E-06	0	0	0	-0.13	0	0.305	0	0	0
4.098	-38.841263	713.041992	80.157402	0.181971	0	-0.323231	1.60E-05	0.698542	7.00E-06	0	0	0	-0.13	0	0.305	0	0	0
4.099	-38.524811	712.88269	80.157402	0.181971	0	-0.323654	9.00E-06	0.680891	9.00E-06	0	0	0	-0.13	0	0.305	0	0	0
4.1	-38.524811	712.879517	80.470764	0.181971	0	-0.32372	4.00E-06	0.683843	9.00E-06	0	0	0	-0.13	0	0.305	0	0	0
4.101	-38.524811	712.879517	80.549179	0.181839	0	-0.32372	4.00E-06	0.680891	9.00E-06	0	0	0	-0.13	0	0.305	0	0	0
4.102	-38.212685	713.743591	80.549179	0.181839	0	-0.323487	4.00E-06	0.683843	7.00E-06	0	0	0	-0.13	0	0.305	0	0	0
4.103	-38.91695	714.41748	81.489342	0.181839	0	-0.32336	5.00E-06	0.701489	7.00E-06	0	0	0	-0.13	0	0.305	0	0	0
4.104	-38.053375	713.743591	81.645844	0.181766	0	-0.32336	5.00E-06	0.701489	6.00E-06	0	0	0	-0.13	0	0.305	0	0	0
4.105	-38.528416	714.082275	82.037613	0.181766	0	-0.32336	5.00E-06	0.719808	6.00E-06	0	0	0	-0.13	0	0.305	0	0	0
4.106	-38.053375	714.082275	82.586166	0.181574	0	-0.323492	1.20E-05	0.800111	6.00E-06	0	0	0	-0.13	0	0.305	0	0	0
4.107	-38.369827	714.082275	83.056198	0.181574	0	-0.32346	1.40E-05	0.800111	8.00E-06	0	0	0	-0.13	0	0.305	0	0	0
4.108	-38.369827	714.779297	83.291504	0.181602	0	-0.32346	1.40E-05	0.800111	8.00E-06	0	0	0	-0.13	0	0.305	0	0	0
4.109	-38.369827	714.779297	83.526497	0.18177	0	-0.32346	1.20E-05	0.815925	6.00E-06	0	0	0	-0.13	0	0.305	0	0	0
4.11	-38.370552	715.644409	83.996361	0.181887	0	-0.322958	1.20E-05	0.815925	6.00E-06	0	0	0	-0.13	0	0.305	0	0	0
4.111	-38.452732	717.878906	83.761536	0.182158	0	-0.323257	8.00E-06	0.815925	0	0	0	0	-0.13	0	0.305	0	0	0
4.112	-38.523369	717.517517	84.309921	0.182158	0	-0.323257	4.00E-06	0.929685	0	0	0	0	-0.13	0	0.305	0	0	0
4.113	-38.452732	717.878906	84.701736	0.181829	0	-0.323257	4.00E-06	0.929685	2.00E-06	0	0	0	-0.13	0	0.305	0	0	0
4.114	-38.526253	718.393066	85.328506	0.181829	0	-0.323394	1.00E-05	0.815254	9.00E-06	0	0	0	-0.13	0	0.305	0	0	0
4.115	-38.526253	719.759644	85.485207	0.181829	0	-0.323423	1.50E-05	0.815254	9.00E-06	0	0	0	-0.13	0	0.305	0	0	0
4.116	-38.604824	719.760132	85.798729	0.181897	0	-0.323583	1.50E-05	0.803422	9.00E-06	0	0	0	-0.13	0	0.305	0	0	0
4.117	-38.839821	719.760132	85.877022	0.181897	0	-0.323583	1.20E-05	0.843494	1.10E-05	0	0	0	-0.13	0	0.305	0	0	0
4.118	-38.840542	721.144104	86.6604	0.181897	0	-0.323074	1.20E-05	0.845948	3.00E-06	0	0	0	-0.13	0	0.305	0	0	0
4.119	-38.840542	721.482727	86.817146	0.181817	0	-0.323074	1.10E-05	0.899095	3.00E-06	0	0	0	-0.13	0	0.305	0	0	0
4.12	-38.840542	721.482727	86.895599	0.181817	0	-0.323362	1.30E-05	0.899095	1.00E-06	0	0	0	-0.13	0	0.305	0	0	0
4.121	-38.449123	721.482727	87.287453	0.181737	0	-0.323509	8.00E-06	0.899095	1.00E-06	0	0	0	-0.13	0	0.305	0	0	0
4.122	-38.450565	721.821411	87.444229	0.181883	0	-0.323509	8.00E-06	0.854203	6.00E-06	0	0	0	-0.13	0	0.305	0	0	0
4.123	-38.448402	723.037964	87.757439	0.181805	0	-0.323293	8.00E-06	0.816362	7.00E-06	0	0	0	-0.13	0	0.305	0	0	0
4.124	-38.450565	723.037964	88.697601	0.181805	0	-0.322757	1.50E-05	0.816362	7.00E-06	0	0	0	-0.13	0	0.305	0	0	0
4.125	-38.529137	722.694275	88.697685	0.181805	0	-0.322757	1.50E-05	0.849361	7.00E-06	0	0	0	-0.13	0	0.305	0	0	0
4.126	-38.61132	721.657471	89.011047	0.181616	0	-0.322664	1.60E-05	0.978573	9.00E-06	0	0	0	-0.13	0	0.305	0	0	0
4.127	-38.61132	721.657471	89.167625	0.181761	0	-0.322632	4.00E-06	0.953458	8.00E-06	0	0	0	-0.13	0	0.305	0	0	0
4.128	-38.61132	721.657471	89.79467	0.181761	0	-0.322632	2.80E-05	1.002615	8.00E-06	0	0	0	-0.13	0	0.305	0	0	0
4.129	-38.841988	722.004272	90.2649	0.181834	0	-0.323133	4.00E-06	0.953458	6.00E-06	0	0	0	-0.13	0	0.305	0	0	0
4.13	-38.924168	722.865112	90.5783	0.181921	0	-0.323133	6.00E-06	1.002615	5.00E-06	0	0	0	-0.13	0	0.305	0	0	0
4.131	-38.924168	724.425415	90.73484	0.182059	0	-0.323133	6.00E-06	0.941565	6.00E-06	0	0	0	-0.13	0	0.305	0	0	0
4.132	-38.924168	724.425415	90.813126	0.18196	0	-0.322399	9.00E-06	1.006009	9.00E-06	0	0	0	-0.13	0	0.305	0	0	0
4.133	-39.153389	726.991211	91.048203	0.182057	0	-0.322327	1.10E-05	0.936535	1.20E-05	0	0	0	-0.13	0	0.305	0	0	0
4.134	-38.841988	725.630737	91.361649	0.18196	0	-0.322327	1.10E-05	0.96392	1.20E-05	0	0	0	-0.13	0	0.305	0	0	0
4.135	-38.841988	727.006714	91.675049	0.182057	0	-0.322292	6.00E-06	0.936535	5.00E-06	0	0	0	-0.13	0	0.305	0	0	0
4.136	-38.841988	727.353882	92.145187	0.182091	0	-0.322552	6.00E-06	0.92801	5.00E-06	0	0	0	-0.13	0	0.305	0	0	0
4.137	-39.154114	728.205505	92.22364	0.182091	0	-0.322552	6.00E-06	0.891585	8.00E-06	0	0	0	-0.13	0	0.305	0	0	0
4.138	-39.311256	728.205505	92.458672	0.18216	0	-0.322559	1.20E-05	0.891585	8.00E-06	0	0	0	-0.13	0	0.305	0	0	0
4.139	-39.545532	728.205505	92.928581	0.181889	0	-0.322559	4.00E-06	0.969132	1.10E-05	0	0	0	-0.13	0	0.305	0	0	0
4.14	-39.545532	728.57428	93.163605	0.181992	0	-0.32246	7.00E-06	0.969132	1.10E-05	0	0	0	-0.13	0	0.305	0	0	0
4.141	-39.469124	728.898315	93.163605	0.181992	0	-0.32246	7.00E-06	0.989813	2.00E-06	0	0	0	-0.13	0	0.305	0	0	0
4.142	-39.469124	728.57428	93.163605	0.181992	0	-0.322028	1.10E-05	0.989813	2.00E-06	0	0	0	-0.13	0	0.305	0	0	0
4.143	-39.54409	729.095459	93.398682	0.181796	0	-0.322028	1.10E-05	1.008135	4.00E-06	0	0	0	-0.13	0	0.305	0	0	0
4.144	-39.546974	729.095459	93.398682	0.181796	0	-0.321647	1.10E-05	1.008135	8.00E-06	0	0	0	-0.13	0	0.305	0	0	0
4.145	-39.782692	729.095459	93.398682	0.181796	0	-0.321372	1.70E-05	1.041145	8.00E-06	0	0	0	-0.13	0	0.305	0	0	0
4.146	-39.782692	728.068604	93.711884	0.182225	0	-0.321647	1.70E-05	1.031638	5.00E-06	0	0	0	-0.13	0	0.305	0	0	0
4.147	-39.704117	728.068604	93.712128	0.182074	0	-0.321372	1.80E-05	1.07873	5.00E-06	0	0	0	-0.13	0	0.305	0	0	0
4.148	-39.704117	728.776733	93.946838	0.182074	0	-0.32094	1.30E-05	1.07873	8.00E-06	0	0	0	-0.13	0	0.305	0	0	0
4.149	-39.704117	729.460693	93.946838	0.182074	0	-0.320895	1.80E-05	1.07873	8.00E-06	0	0	0	-0.13	0	0.305	0	0	0
4.15	-39.933342	729.122803	93.946838	0.182196	0	-0.320895	3.00E-06	1.077884	5.00E-06	0	0	0	-0.13	0	0.305	0	0	0
4.151	-39.933342	729.988342	93.946915	0.182237	0	-0.320895	6.00E-06	1.077884	5.00E-06	0	0	0	-0.13	0	0.305	0	0	0
4.152	-39.934784	731.027893	93.946915	0.182277	0	-0.320326	6.00E-06	0.909575	4.00E-06	0	0	0	-0.13	0	0.305	0	0	0
4.153	-39.938393	731.553589	94.573723	0.182374	0	-0.320277	1.00E-05	1.079978	8.00E-06	0	0	0	-0.13	0	0.305	0	0	0
4.154	-40.171227	731.553589	94.025169	0.182374	0	-0.320277	1.00E-05	1.130459	3.00E-06	0	0	0	-0.13	0	0.305	0	0	0
4.155	-40.641937	731.553589	94.573723	0.182374	0	-0.320921	7.00E-06	1.130459	8.00E-06	0	0	0	-0.13	0	0.305	0	0	0
4.156	-40.641937	730.526062	94.652176	0.182465	0	-0.320921	3.00E-06	1.071064	1.00E-05	0	0	0	-0.13	0	0.305	0	0	0
4.157	-40.641937	731.742615	95.122314	0.182492	0	-0.320177	-2.00E-06	1.071064	1.00E-05	0	0	0	-0.13	0	0.305	0	0	0
4.158	-41.423332	731.742615	95.122314	0.182492	0	-0.320033	3.00E-06	1.10758	8.00E-06	0	0	0	-0.13	0	0.305	0	0	0
4.159	-41.423332	731.742615	95.27877	0.182492	0	-0.319521	5.00E-06	1.167444	8.00E-06	0	0	0	-0.13	0	0.305	0	0	0
4.16	-41.423332	730.894409	95.122116	0.182526	0	-0.319286	5.00E-06	1.167444	8.00E-06	0	0	0	-0.13	0	0.305	0	0	0
4.161	-41.501186	730.894409	95.122116	0.182526	0	-0.319286	5.00E-06	1.167444	8.00E-06	0	0	0	-0.13	0	0.305	0	0	0
4.162	-41.425499	731.053711	95.122116	0.182469	0	-0.319286	9.00E-06	1.090271	8.00E-06	0	0	0	-0.13	0	0.305	0	0	0
4.163	-41.501186	731.061157	95.357391	0.182469	0	-0.319015	1.00E-05	1.090271	5.00E-06	0	0	0	-0.13	0	0.305	0	0	0
4.164	-41.739792	731.061157	95.592377	0.182305	0	-0.319015	1.00E-05	1.061477	1.00E-05	0	0	0	-0.13	0	0.305	0	0	0
4.165	-41.739792	730.023926	95.592377	0.182518	0	-0.319015	1.00E-05	1.10854	6.00E-06	0	0	0	-0.13	0	0.305	0	0	0
4.166	-42.133377	730.023926	95.592377	0.182363	0	-0.318943	6.00E-06	1.10854	1.00E-05	0	0	0	-0.13	0	0.305	0	0	0
4.167	-41.425499	729.014832	95.905739	0.182503	0	-0.318943	4.00E-06	1.161736	6.00E-06	0	0	0	-0.13	0	0.305	0	0	0
4.168	-41.425499	729.707153	95.905739	0.182503	0	-0.318943	4.00E-06	1.161736	1.00E-05	0	0	0	-0.13	0	0.305	0	0	0
4.169	-41.425499	729.366211	96.062363	0.182645	0	-0.318787	4.00E-06	1.161736	8.00E-06	0	0	0	-0.13	0	0.305	0	0	0
4.17	-41.269798	729.707153	96.297432	0.182958	0	-0.318198	6.00E-06	1.133084	8.00E-06	0	0	0	-0.13	0	0.305	0	0	0
4.171	-41.583366	730.233398	96.375603	0.183003	0	-0.318135	7.00E-06	1.133084	8.00E-06	0	0	0	-0.13	0	0.305	0	0	0
4.172	-41.816196	730.41272	96.375687	0.183003	0	-0.317831	8.00E-06	1.133084	8.00E-06	0	0	0	-0.13	0	0.305	0	0	0
4.173	-41.816196	730.41272	96.532425	0.183048	0	-0.317554	8.00E-06	1.202522	8.00E-06	0	0	0	-0.13	0	0.305	0	0	0
4.174	-41.978394	730.41272	96.610756	0.183034	0	-0.317483	-6.00E-06	1.223464	8.00E-06	0	0	0	-0.13	0	0.305	0	0	0
4.175	-42.289078	731.453857	96.845833	0.183034	0	-0.317483	-6.00E-06	1.223464	4.00E-06	0	0	0	-0.13	0	0.305	0	0	0
4.176	-42.289078	731.453857	97.080902	0.183017	0	-0.317406	2.00E-05	1.283107	3.00E-06	0	0	0	-0.13	0	0.305	0	0	0
4.177	-42.679775	731.453857	97.237518	0.183017	0	-0.317381	2.00E-05	1.283107	4.00E-06	0	0	0	-0.13	0	0.305	0	0	0
4.178	-42.758347	730.42627	97.237518	0.182857	0	-0.317374	1.30E-05	1.250693	5.00E-06	0	0	0	-0.13	0	0.305	0	0	0
4.179	-42.758347	731.630493	98.099319	0.183014	0	-0.317244	1.30E-05	1.250693	5.00E-06	0	0	0	-0.13	0	0.305	0	0	0
4.18	-42.287632	730.257324	98.491089	0.18287	0	-0.317244	1.00E-05	1.245585	5.00E-06	0	0	0	-0.13	0	0.305	0	0	0
4.181	-42.287632	731.128662	98.412842	0.18297	0	-0.316898	1.00E-05	1.283039	9.00E-06	0	0	0	-0.13	0	0.305	0	0	0
4.182	-42.369095	731.128662	98.412842	0.18297	0	-0.316296	3.00E-06	1.283039	1.00E-05	0	0	0	-0.13	0	0.305	0	0	0
4.183	-42.601921	731.128662	98.412842	0.18297	0	-0.316296	2.00E-06	1.319229	1.00E-05	0	0	0	-0.13	0	0.305	0	0	0
4.184	-42.601921	730.954346	98.883026	0.18305	0	-0.316296	3.00E-06	1.319229	1.00E-05	0	0	0	-0.13	0	0.305	0	0	0
4.185	-42.214832	730.801208	98.883026	0.182938	0	-0.316169	5.00E-06	1.326116	8.00E-06	0	0	0	-0.13	0	0.305	0	0	0
4.186	-42.05336	730.801208	99.19619	0.183206	0	-0.316143	8.00E-06	1.21196	2.00E-06	0	0	0	-0.13	0	0.305	0	0	0
4.187	-42.214832	730.973633	99.196266	0.183144	0	-0.316143	6.00E-06	1.430173	8.00E-06	0	0	0	-0.13	0	0.305	0	0	0
4.188	-42.369812	730.973633	99.352768	0.183144	0	-0.315779	6.00E-06	1.430173	1.00E-06	0	0	0	-0.13	0	0.305	0	0	0
4.189	-42.369812	729.947144	99.509712	0.183144	0	-0.31577	6.00E-06	1.431864	1.00E-05	0	0	0	-0.13	0	0.305	0	0	0
4.19	-42.369812	729.947144	99.509712	0.183189	0	-0.315779	0	1.431864	6.00E-06	0	0	0	-0.13	0	0.305	0	0	0
4.191	-42.297012	731.670959	99.666367	0.183509	0	-0.315683	2.00E-06	1.446197	8.00E-06	0	0	0	-0.13	0	0.305	0	0	0
4.192	-42.449829	731.670959	99.822998	0.183509	0	-0.315102	2.00E-06	1.425613	6.00E-06	0	0	0	-0.13	0	0.305	0	0	0
4.193	-42.60553	732.562012	100.292976	0.183509	0	-0.315054	8.00E-06	1.545256	5.00E-06	0	0	0	-0.13	0	0.305	0	0	0
4.194	-43.156982	732.562012	100.371346	0.183583	0	-0.314956	8.00E-06	1.477504	5.00E-06	0	0	0	-0.13	0	0.305	0	0	0
4.195	-43.156982	733.415649	100.763161	0.183635	0	-0.314956	8.00E-06	1.477504	5.00E-06	0	0	0	-0.13	0	0.305	0	0	0
4.196	-43.46983	734.965088	100.763161	0.183635	0	-0.314956	8.00E-06	1.477504	7.00E-06	0	0	0	-0.13	0	0.305	0	0	0
4.197	-43.153374	734.965088	100.919739	0.183689	0	-0.314759	1.00E-05	1.556423	7.00E-06	0	0	0	-0.13	0	0.305	0	0	0
4.198	-43.234112	734.965088	101.154892	0.183689	0	-0.314496	1.20E-05	1.556423	7.00E-06	0	0	0	-0.13	0	0.305	0	0	0
4.199	-43.234112	734.11731	101.859863	0.183689	0	-0.314426	1.40E-05	1.521872	6.00E-06	0	0	0	-0.13	0	0.305	0	0	0
4.2	-43.309074	734.469116	102.094978	0.183477	0	-0.314021	1.40E-05	1.521872	4.00E-06	0	0	0	-0.13	0	0.305	0	0	0
4.201	-43.388371	734.469116	102.330048	0.183738	0	-0.314021	1.40E-05	1.528979	4.00E-06	0	0	0	-0.13	0	0.305	0	0	0
4.202	-43.549122	734.469116	102.564964	0.18327	0	-0.314179	1.20E-05	1.680924	2.00E-06	0	0	0	-0.13	0	0.305	0	0	0
4.203	-43.388371	735.863464	102.643578	0.183663	0	-0.314179	1.20E-05	1.615096	9.00E-06	0	0	0	-0.13	0	0.305	0	0	0
4.204	-43.940544	735.863464	103.19165	0.183663	0	-0.313339	1.00E-05	1.710556	2.00E-06	0	0	0	-0.13	0	0.305	0	0	0
4.205	-43.940544	735.863464	103.426804	0.183817	0	-0.313227	1.00E-05	1.615096	5.00E-06	0	0	0	-0.13	0	0.305	0	0	0
4.206	-43.940544	735.544495	103.426804	0.183817	0	-0.313011	1.30E-05	1.658985	5.00E-06	0	0	0	-0.13	0	0.305	0	0	0
4.207	-43.937656	735.544495	103.818542	0.183818	0	-0.31269	1.90E-05	1.580891	5.00E-06	0	0	0	-0.13	0	0.305	0	0	0
4.208	-43.937656	736.396973	104.52359	0.183816	0	-0.312427	1.90E-05	1.580891	7.00E-06	0	0	0	-0.13	0	0.305	0	0	0
4.209	-44.170486	737.098145	104.131935	0.183818	0	-0.312355	1.20E-05	1.580891	2.00E-06	0	0	0	-0.13	0	0.305	0	0	0
4.21	-44.564793	737.968018	104.21003	0.183816	0	-0.312353	1.20E-05	1.606798	7.00E-06	0	0	0	-0.13	0	0.305	0	0	0
4.211	-44.797623	737.968018	104.21003	0.183934	0	-0.312127	2.40E-05	1.606798	7.00E-06	0	0	0	-0.13	0	0.305	0	0	0
4.212	-45.032619	737.968018	104.993851	0.183934	0	-0.311852	2.50E-05	1.581038	7.00E-06	0	0	0	-0.13	0	0.305	0	0	0
4.213	-45.114082	740.050537	105.306931	0.184069	0	-0.311168	2.50E-05	1.581038	7.00E-06	0	0	0	-0.13	0	0.305	0	0	0
4.214	-45.114082	740.233398	105.385345	0.184155	0	-0.311168	1.30E-05	1.61605	1.10E-05	0	0	0	-0.13	0	0.305	0	0	0
4.215	-45.114082	740.569702	105.542007	0.184169	0	-0.311168	5.00E-06	1.676333	1.10E-05	0	0	0	-0.13	0	0.305	0	0	0
4.216	-45.813293	741.447632	106.090607	0.184441	0	-0.31113	1.30E-05	1.622748	7.00E-06	0	0	0	-0.13	0	0.305	0	0	0
4.217	-45.813293	742.48291	106.090607	0.184454	0	-0.311037	1.30E-05	1.676333	7.00E-06	0	0	0	-0.13	0	0.305	0	0	0
4.218	-45.813293	741.459229	106.168655	0.184441	0	-0.310924	1.50E-05	1.676951	1.00E-05	0	0	0	-0.13	0	0.305	0	0	0
4.219	-46.67543	742.3302	106.560425	0.184379	0	-0.310435	1.50E-05	1.676951	1.00E-05	0	0	0	-0.13	0	0.305	0	0	0
4.22	-46.753281	742.3302	106.795502	0.184379	0	-0.310365	1.30E-05	1.676951	6.00E-06	0	0	0	-0.13	0	0.305	0	0	0
4.221	-46.832573	742.3302	107.10878	0.184317	0	-0.310365	1.20E-05	1.713173	4.00E-06	0	0	0	-0.13	0	0.305	0	0	0
4.222	-47.068291	742.150818	107.10878	0.184293	0	-0.310365	7.00E-06	1.80457	6.00E-06	0	0	0	-0.13	0	0.305	0	0	0
4.223	-47.144699	742.150818	107.10878	0.184256	0	-0.309965	1.20E-05	1.80457	7.00E-06	0	0	0	-0.13	0	0.305	0	0	0
4.224	-47.144699	742.513	107.657333	0.184293	0	-0.309677	1.10E-05	1.722498	7.00E-06	0	0	0	-0.13	0	0.305	0	0	0
4.225	-47.61541	743.539795	108.048988	0.184494	0	-0.309677	1.10E-05	1.714218	7.00E-06	0	0	0	-0.13	0	0.305	0	0	0
4.226	-47.61541	743.384766	108.049065	0.184559	0	-0.309435	7.00E-06	1.722498	7.00E-06	0	0	0	-0.13	0	0.305	0	0	0
4.227	-47.612526	743.384766	108.049065	0.184559	0	-0.309155	7.00E-06	1.638219	5.00E-06	0	0	0	-0.13	0	0.305	0	0	0
4.228	-47.53756	742.719849	108.362389	0.184714	0	-0.308745	1.10E-05	1.74533	5.00E-06	0	0	0	-0.13	0	0.305	0	0	0
4.229	-47.612526	742.550476	108.440399	0.184714	0	-0.308544	1.30E-05	1.792725	5.00E-06	0	0	0	-0.13	0	0.305	0	0	0
4.23	-47.616856	742.550476	108.832657	0.18459	0	-0.308376	1.80E-05	1.821615	4.00E-06	0	0	0	-0.13	0	0.305	0	0	0
4.231	-48.006111	742.550476	108.910736	0.18459	0	-0.308321	1.80E-05	1.821615	1.10E-05	0	0	0	-0.13	0	0.305	0	0	0
4.232	-47.775444	743.950256	108.989075	0.184854	0	-0.307842	7.00E-06	1.821615	1.10E-05	0	0	0	-0.13	0	0.305	0	0	0
4.233	-48.3204	744.125732	108.989075	0.184906	0	-0.307661	7.00E-06	1.830823	1.20E-05	0	0	0	-0.13	0	0.305	0	0	0
4.234	-48.3204	744.125732	109.537384	0.184906	0	-0.307393	7.00E-06	1.878804	1.20E-05	0	0	0	-0.13	0	0.305	0	0	0
4.235	-48.3204	744.305908	109.85083	0.184906	0	-0.307214	-8.00E-06	1.830823	6.00E-06	0	0	0	-0.13	0	0.305	0	0	0
4.236	-48.555397	744.832397	109.85083	0.184957	0	-0.307184	-8.00E-06	1.818952	6.00E-06	0	0	0	-0.13	0	0.305	0	0	0
4.237	-48.555397	744.832397	109.85083	0.184955	0	-0.306955	1.40E-05	1.818952	5.00E-06	0	0	0	-0.13	0	0.305	0	0	0
4.238	-48.555397	745.534058	110.477631	0.184957	0	-0.306898	2.10E-05	1.818561	8.00E-06	0	0	0	-0.13	0	0.305	0	0	0
4.239	-49.416809	746.033997	110.477631	0.184955	0	-0.306748	1.40E-05	1.867951	7.00E-06	0	0	0	-0.13	0	0.305	0	0	0
4.24	-50.0425	746.576294	110.399109	0.185081	0	-0.306285	8.00E-06	1.866469	8.00E-06	0	0	0	-0.13	0	0.305	0	0	0
4.241	-50.0425	746.576294	110.399109	0.184938	0	-0.306118	1.00E-06	1.873726	9.00E-06	0	0	0	-0.13	0	0.305	0	0	0
4.242	-49.418251	745.372131	110.399109	0.185152	0	-0.306118	1.00E-06	1.880314	1.00E-05	0	0	0	-0.13	0	0.305	0	0	0
4.243	-49.418251	745.029968	110.712631	0.184938	0	-0.305752	4.00E-06	1.880314	9.00E-06	0	0	0	-0.13	0	0.305	0	0	0
4.244	-49.651806	744.692444	111.025864	0.185172	0	-0.305752	8.00E-06	1.867753	2.00E-06	0	0	0	-0.13	0	0.305	0	0	0
4.245	-49.651806	744.692444	111.025864	0.185083	0	-0.305036	8.00E-06	1.867753	1.00E-06	0	0	0	-0.13	0	0.305	0	0	0
4.246	-49.574677	744.361938	111.025864	0.185083	0	-0.304786	8.00E-06	1.867753	1.00E-06	0	0	0	-0.13	0	0.305	0	0	0
4.247	-49.574677	744.047974	111.025826	0.185083	0	-0.304568	-6.00E-06	1.889224	8.00E-06	0	0	0	-0.13	0	0.305	0	0	0
4.248	-49.890408	742.151733	111.025826	0.185072	0	-0.304025	-7.00E-06	1.889224	1.00E-05	0	0	0	-0.13	0	0.305	0	0	0
4.249	-49.890408	742.682495	111.417564	0.185393	0	-0.303546	-7.00E-06	1.889224	1.00E-05	0	0	0	-0.13	0	0.305	0	0	0
4.25	-49.418251	742.682495	111.417564	0.185239	0	-0.303429	8.00E-06	1.860419	1.40E-05	0	0	0	-0.13	0	0.305	0	0	0
4.251	-49.418251	742.682495	111.417564	0.185239	0	-0.303429	1.60E-05	1.860419	2.00E-06	0	0	0	-0.13	0	0.305	0	0	0
4.252	-49.887524	742.848022	111.025986	0.185239	0	-0.303353	1.60E-05	2.020218	1.00E-05	0	0	0	-0.13	0	0.305	0	0	0
4.253	-49.968979	741.990967	111.103958	0.185309	0	-0.303023	1.40E-05	2.020218	5.00E-06	0	0	0	-0.13	0	0.305	0	0	0
4.254	-49.969704	743.055176	111.103958	0.185464	0	-0.302875	1.10E-05	2.022506	5.00E-06	0	0	0	-0.13	0	0.305	0	0	0
4.255	-50.12468	743.055176	111.652435	0.185643	0	-0.302513	1.10E-05	1.993496	5.00E-06	0	0	0	-0.13	0	0.305	0	0	0
4.256	-50.12468	744.786682	111.652435	0.185675	0	-0.302117	1.10E-05	2.022506	5.00E-06	0	0	0	-0.13	0	0.305	0	0	0
4.257	-50.12468	744.786682	111.652435	0.185708	0	-0.301673	1.00E-05	1.940795	5.00E-06	0	0	0	-0.13	0	0.305	0	0	0
4.258	-50.123241	744.963318	111.495499	0.185708	0	-0.301386	1.00E-05	1.994805	3.00E-06	0	0	0	-0.13	0	0.305	0	0	0
4.259	-50.123241	743.938477	111.808975	0.185636	0	-0.301344	8.00E-06	1.924766	3.00E-06	0	0	0	-0.13	0	0.305	0	0	0
4.26	-50.357513	744.83728	111.808975	0.185636	0	-0.30099	1.20E-05	1.924766	3.00E-06	0	0	0	-0.13	0	0.305	0	0	0
4.261	-50.43681	744.822632	111.965393	0.185636	0	-0.300431	7.00E-06	1.924766	6.00E-06	0	0	0	-0.13	0	0.305	0	0	0
4.262	-50.43681	744.822632	112.357285	0.18582	0	-0.300182	1.00E-05	2.001791	4.00E-06	0	0	0	-0.13	0	0.305	0	0	0
4.263	-50.121796	744.822632	112.35733	0.18582	0	-0.3001	1.00E-05	2.001791	4.00E-06	0	0	0	-0.13	0	0.305	0	0	0
4.264	-50.121796	744.504395	112.35733	0.185844	0	-0.29954	1.00E-05	2.001791	4.00E-06	0	0	0	-0.13	0	0.305	0	0	0
4.265	-49.890408	744.504395	111.886856	0.185844	0	-0.299325	1.10E-05	1.941782	4.00E-06	0	0	0	-0.13	0	0.305	0	0	0
4.266	-50.201092	743.849854	111.57338	0.185844	0	-0.298919	4.00E-06	1.941782	8.00E-06	0	0	0	-0.13	0	0.305	0	0	0
4.267	-50.435364	743.009766	111.57338	0.186265	0	-0.298362	1.10E-05	1.941782	1.10E-05	0	0	0	-0.13	0	0.305	0	0	0
4.268	-50.435364	743.849854	111.965118	0.186363	0	-0.297447	4.00E-06	1.908532	1.10E-05	0	0	0	-0.13	0	0.305	0	0	0
4.269	-49.966816	744.566528	112.043282	0.186335	0	-0.297182	3.00E-06	1.947582	1.10E-05	0	0	0	-0.13	0	0.305	0	0	0
4.27	-49.966816	744.566528	111.965118	0.186348	0	-0.297138	1.00E-06	1.973484	4.00E-06	0	0	0	-0.13	0	0.305	0	0	0
4.271	-50.278217	743.046021	111.729919	0.186335	0	-0.296819	3.00E-06	1.98174	2.00E-06	0	0	0	-0.13	0	0.305	0	0	0
4.272	-50.358959	743.046021	111.729675	0.186348	0	-0.29618	2.00E-05	1.98174	2.00E-06	0	0	0	-0.13	0	0.305	0	0	0
4.273	-50.278217	743.068848	111.729675	0.186607	0	-0.296111	2.00E-05	1.904476	4.00E-06	0	0	0	-0.13	0	0.305	0	0	0
4.274	-50.43681	743.73877	111.572975	0.186718	0	-0.295349	6.00E-06	1.904476	7.00E-06	0	0	0	-0.13	0	0.305	0	0	0
4.275	-50.438251	745.149048	111.572975	0.186845	0	-0.295111	6.00E-06	1.851553	4.00E-06	0	0	0	-0.13	0	0.305	0	0	0
4.276	-50.511051	745.149048	111.572975	0.186845	0	-0.294956	7.00E-06	1.922638	4.00E-06	0	0	0	-0.13	0	0.305	0	0	0
4.277	-50.513935	745.149048	111.337784	0.186845	0	-0.294418	7.00E-06	1.922638	4.00E-06	0	0	0	-0.13	0	0.305	0	0	0
4.278	-50.748932	743.959106	111.259377	0.186833	0	-0.294391	5.00E-06	1.922638	5.00E-06	0	0	0	-0.13	0	0.305	0	0	0
4.279	-50.82534	743.45813	110.946053	0.186954	0	-0.293627	5.00E-06	1.87081	5.00E-06	0	0	0	-0.13	0	0.305	0	0	0
4.28	-50.827507	743.45813	111.259216	0.186996	0	-0.293177	5.00E-06	1.87081	5.00E-06	0	0	0	-0.13	0	0.305	0	0	0
4.281	-50.827507	744.344482	111.259216	0.186996	0	-0.293003	5.00E-06	1.962352	8.00E-06	0	0	0	-0.13	0	0.305	0	0	0
4.282	-50.827507	744.890259	111.415672	0.186996	0	-0.29264	2.00E-06	1.981805	8.00E-06	0	0	0	-0.13	0	0.305	0	0	0
4.283	-51.611069	744.890259	111.415672	0.187179	0	-0.292052	-2.00E-06	1.977919	5.00E-06	0	0	0	-0.13	0	0.305	0	0	0
4.284	-51.611069	744.890259	110.945526	0.187183	0	-0.291972	-2.00E-06	1.977919	5.00E-06	0	0	0	-0.13	0	0.305	0	0	0
4.285	-51.062504	744.401245	110.945526	0.187183	0	-0.291661	-2.00E-06	1.882401	7.00E-06	0	0	0	-0.13	0	0.305	0	0	0
4.286	-51.059616	743.891724	110.945694	0.187437	0	-0.290659	1.40E-05	1.872817	7.00E-06	0	0	0	-0.13	0	0.305	0	0	0
4.287	-51.059616	743.891724	111.180557	0.187437	0	-0.290148	1.50E-05	1.872817	1.10E-05	0	0	0	-0.13	0	0.305	0	0	0
4.288	-50.98465	743.891724	111.180557	0.187437	0	-0.289985	1.50E-05	1.858593	3.00E-06	0	0	0	-0.13	0	0.305	0	0	0
4.289	-50.98465	741.859009	111.180557	0.187447	0	-0.289413	4.00E-06	1.939656	6.00E-06	0	0	0	-0.13	0	0.305	0	0	0
4.29	-50.903915	742.562622	111.023613	0.187788	0	-0.288602	2.00E-06	1.820333	6.00E-06	0	0	0	-0.13	0	0.305	0	0	0
4.291	-50.903915	742.562622	111.023613	0.187798	0	-0.288274	2.00E-06	1.820333	7.00E-06	0	0	0	-0.13	0	0.305	0	0	0
4.292	-50.903915	742.562622	110.945244	0.187862	0	-0.288231	1.00E-05	1.782508	1.30E-05	0	0	0	-0.13	0	0.305	0	0	0
4.293	-51.216759	743.302063	110.945244	0.187961	0	-0.287398	1.80E-05	1.782508	1.30E-05	0	0	0	-0.13	0	0.305	0	0	0
4.294	-51.451759	743.112671	110.945244	0.187961	0	-0.287055	1.00E-05	1.785445	1.20E-05	0	0	0	-0.13	0	0.305	0	0	0
4.295	-51.60746	743.112671	111.258453	0.188125	0	-0.286237	3.00E-06	1.789669	7.00E-06	0	0	0	-0.13	0	0.305	0	0	0
4.296	-52.233879	743.112671	111.023376	0.188063	0	-0.286107	3.00E-06	1.792496	1.20E-05	0	0	0	-0.13	0	0.305	0	0	0
4.297	-51.999599	743.150513	111.179756	0.188096	0	-0.285827	7.00E-06	1.92944	7.00E-06	0	0	0	-0.13	0	0.305	0	0	0
4.298	-52.23748	743.162476	111.179756	0.188096	0	-0.285612	1.40E-05	1.92944	6.00E-06	0	0	0	-0.13	0	0.305	0	0	0
4.299	-52.469597	743.150513	111.179756	0.188232	0	-0.285227	1.40E-05	1.914988	6.00E-06	0	0	0	-0.13	0	0.305	0	0	0
4.3	-52.547447	742.502563	111.101425	0.188262	0	-0.284564	9.00E-06	1.826917	4.00E-06	0	0	0	-0.13	0	0.305	0	0	0
4.301	-52.700981	741.631226	111.101425	0.188323	0	-0.283969	5.00E-06	1.826917	1.00E-05	0	0	0	-0.13	0	0.305	0	0	0
4.302	-52.700981	742.502563	111.179718	0.188705	0	-0.283689	9.00E-06	1.826917	6.00E-06	0	0	0	-0.13	0	0.305	0	0	0
4.303	-52.783882	739.760803	111.728104	0.188705	0	-0.283556	1.40E-05	1.881808	6.00E-06	0	0	0	-0.13	0	0.305	0	0	0
4.304	-53.096008	742.698059	111.728104	0.188705	0	-0.282427	1.70E-05	1.881808	4.00E-06	0	0	0	-0.13	0	0.305	0	0	0
4.305	-53.096008	740.481384	111.80632	0.188758	0	-0.282405	1.70E-05	1.86431	4.00E-06	0	0	0	-0.13	0	0.305	0	0	0
4.306	-53.096008	740.481384	111.80632	0.188758	0	-0.281981	1.70E-05	1.84649	6.00E-06	0	0	0	-0.13	0	0.305	0	0	0
4.307	-52.783157	739.642822	111.649811	0.188777	0	-0.281229	1.20E-05	1.748575	6.00E-06	0	0	0	-0.13	0	0.305	0	0	0
4.308	-52.783157	739.473145	111.649811	0.188962	0	-0.280997	1.20E-05	1.70031	6.00E-06	0	0	0	-0.13	0	0.305	0	0	0
4.309	-52.705307	737.776001	112.51149	0.189013	0	-0.279964	1.10E-05	1.70031	6.00E-06	0	0	0	-0.13	0	0.305	0	0	0
4.31	-52.942471	737.776001	112.51149	0.188977	0	-0.279877	7.00E-06	1.870815	1.00E-06	0	0	0	-0.13	0	0.305	0	0	0
4.311	-52.942471	737.608948	112.511536	0.188977	0	-0.279529	7.00E-06	1.870815	1.00E-06	0	0	0	-0.13	0	0.305	0	0	0
4.312	-53.33461	738.160645	112.041267	0.188977	0	-0.278611	7.00E-06	1.833456	6.00E-06	0	0	0	-0.13	0	0.305	0	0	0
4.313	-53.33461	736.076538	112.041267	0.18896	0	-0.277955	-1.00E-06	1.833456	6.00E-06	0	0	0	-0.13	0	0.305	0	0	0
4.314	-53.256039	735.753662	112.041267	0.189093	0	-0.277907	-1.00E-06	1.772323	2.00E-06	0	0	0	-0.13	0	0.305	0	0	0
4.315	-53.256039	735.753662	112.197891	0.189093	0	-0.276825	9.00E-06	1.978699	2.00E-06	0	0	0	-0.13	0	0.305	0	0	0
4.316	-53.414627	735.073364	112.511093	0.189224	0	-0.276295	1.60E-05	1.864391	2.00E-06	0	0	0	-0.13	0	0.305	0	0	0
4.317	-53.414627	735.276245	112.511093	0.189334	0	-0.276223	1.60E-05	1.978699	5.00E-06	0	0	0	-0.13	0	0.305	0	0	0
4.318	-54.352448	734.936768	112.275894	0.189334	0	-0.276045	1.60E-05	1.918172	1.50E-05	0	0	0	-0.13	0	0.305	0	0	0
4.319	-54.58239	734.936768	112.197006	0.189334	0	-0.275555	1.70E-05	1.918172	1.50E-05	7.501285	32.176498	15.363229	-0.13	0	0.197742	0	-0.081659	0
4.32	-54.58239	730.832336	112.275421	0.189535	0	-0.274716	1.70E-05	1.918172	1.00E-05	8.044076	33.968292	18.732206	-0.12914	0	0.190996	0	-0.177987	0
4.321	-54.34523	730.647583	112.275421	0.189535	0	-0.274579	1.70E-05	1.91259	6.00E-06	8.044076	35.014008	19.829277	-0.128111	0	0.132473	0	-0.910177	0
4.322	-54.34523	729.643921	112.275421	0.189552	0	-0.273917	1.40E-05	1.981705	4.00E-06	8.044076	35.014008	19.829277	-0.121894	0	0.126799	0	-1.20724	0
4.323	-54.34523	729.643921	112.196518	0.189776	0	-0.272937	1.40E-05	1.909749	4.00E-06	7.491182	40.759487	20.534496	-0.110202	0	0.117497	0	-1.344916	0
4.324	-54.581673	729.490845	112.196518	0.189733	0	-0.272725	1.60E-05	1.963945	4.00E-06	6.634822	41.301826	20.691677	-0.098904	0	0.088719	0	-1.344916	0
4.325	-54.348118	727.945557	112.118111	0.189733	0	-0.272563	1.60E-05	1.909749	4.00E-06	5.622038	41.301826	20.770126	-0.098904	0	0.088719	0	-1.001407	0
4.326	-54.348118	726.248901	112.118111	0.189733	0	-0.271178	8.00E-06	1.963945	4.00E-06	5.622038	44.742882	20.770126	-0.106725	0	0.093673	0	-1.001407	0
4.327	-53.960308	725.21051	111.961372	0.189746	0	-0.27084	8.00E-06	1.89549	0	6.787636	49.402817	20.691477	-0.111625	0	0.108381	0	-0.904919	0
4.328	-53.881733	722.307617	111.648254	0.189921	0	-0.270676	3.00E-06	1.926608	1.20E-05	7.114916	57.46064	20.612663	-0.116985	0	0.132657	0	-0.803331	0
4.329	-52.553936	722.117432	111.648254	0.189921	0	-0.269663	1.20E-05	1.926608	7.00E-06	7.114916	62.765144	20.612057	-0.116985	0	0.147606	0	-0.740419	0
4.33	-52.480415	720.583862	111.648254	0.18992	0	-0.26948	1.00E-06	1.926608	1.00E-05	6.655748	69.129639	19.592796	-0.1266	0	0.153804	0	-0.382007	0
4.331	-52.241814	719.40625	111.021759	0.18992	0	-0.268943	-7.00E-06	1.983218	7.00E-06	6.655748	78.210342	19.278349	-0.13402	0	0.180199	0	0.113468	0
4.332	-51.778316	718.698792	110.864868	0.190019	0	-0.268103	-7.00E-06	1.983218	1.00E-05	6.903732	88.337158	19.2005	-0.137254	0	0.197131	-1.00E-06	0.113468	0
4.333	-51.700462	717.165222	110.238174	0.190189	0	-0.267817	1.00E-05	1.983218	1.20E-05	8.083764	93.641251	18.180878	-0.138783	0	0.207364	-1.00E-06	0.04441	0
4.334	-51.700462	715.460327	110.238174	0.19026	0	-0.267284	1.30E-05	1.956874	1.20E-05	8.083764	98.447411	16.613581	-0.140877	0	0.20779	-2.00E-06	0.04441	0
4.335	-51.156227	715.299866	110.316788	0.190533	0	-0.266626	1.00E-05	1.939598	7.00E-06	7.068093	105.164825	16.143356	-0.140877	0	0.20779	-2.00E-06	0.156255	-1.00E-06
4.336	-51.156227	714.449707	110.316788	0.190533	0	-0.265752	2.00E-06	1.956874	6.00E-06	6.910949	105.164825	14.889746	-0.140877	0	0.203681	-2.00E-06	0.156255	-1.00E-06
4.337	-50.848434	712.385803	109.14151	0.190533	0	-0.265026	2.00E-06	1.975077	6.00E-06	6.049537	105.179123	13.792797	-0.141719	0	0.19641	-1.00E-06	0.156255	-1.00E-06
4.338	-50.846268	712.231812	109.14151	0.190519	0	-0.264877	2.00E-06	1.996127	6.00E-06	6.910949	108.149231	13.166152	-0.140436	0	0.195944	-1.00E-06	0.017052	-1.00E-06
4.339	-50.844826	709.80957	109.063019	0.19084	0	-0.264403	4.00E-06	1.975077	6.00E-06	7.14378	110.604446	11.285778	-0.13252	0	0.194573	-2.00E-06	-0.170975	0
4.34	-50.296257	709.133728	108.671326	0.190879	0	-0.264134	1.20E-05	1.91174	3.00E-06	7.380219	110.604446	10.346012	-0.131781	0	0.179936	-2.00E-06	-0.170975	-1.00E-06
4.341	-50.296257	707.93689	108.514297	0.191025	0	-0.263627	1.80E-05	1.892105	4.00E-06	7.14378	109.251755	9.640555	-0.128802	0	0.175982	-1.00E-06	-0.170975	-1.00E-06
4.342	-50.296257	706.758179	107.809204	0.191285	0	-0.263352	1.20E-05	1.892105	4.00E-06	6.985914	109.251755	9.483934	-0.128335	0	0.170148	-1.00E-06	-0.226239	-1.00E-06
4.343	-49.282032	706.046814	107.809204	0.191285	0	-0.262171	1.70E-05	2.025871	6.00E-06	6.985914	110.32605	7.917283	-0.127289	0	0.166197	-1.00E-06	-0.287602	0
4.344	-49.207069	705.188232	107.809204	0.191285	0	-0.26202	1.10E-05	2.025871	6.00E-06	6.434463	114.795044	7.446978	-0.126581	0	0.166197	-1.00E-06	-0.276275	0
4.345	-49.207069	700.909058	107.182526	0.191344	0	-0.261162	1.10E-05	1.999512	6.00E-06	6.434463	120.971283	7.368647	-0.124649	0	0.171538	-1.00E-06	-0.276275	0
4.346	-48.737076	699.525879	106.790863	0.191344	0	-0.260735	6.00E-06	1.999512	1.00E-06	5.733805	121.138649	6.114756	-0.124649	0	0.171538	-1.00E-06	-0.197343	0
4.347	-47.569309	696.934204	106.555717	0.191256	0	-0.260716	6.00E-06	2.022417	6.00E-06	5.579545	122.354904	5.174387	-0.126805	0	0.171538	0	-0.157794	-1.00E-06
4.348	-47.408558	695.919067	106.321045	0.191256	0	-0.259549	6.00E-06	2.022417	1.00E-06	5.579545	126.797287	5.017443	-0.127494	0	0.177722	-1.00E-06	-0.157794	0
4.349	-47.019302	695.747803	105.929276	0.191256	0	-0.259436	8.00E-06	2.022417	6.00E-06	6.36455	127.663223	5.017162	-0.130593	0	0.179942	0	-0.177141	-1.00E-06
4.35	-45.462284	694.386963	104.832489	0.191446	0	-0.258757	0	1.950124	6.00E-06	6.36455	132.644867	3.998383	-0.130842	0	0.182923	-1.00E-06	-0.177141	-1.00E-06
4.351	-45.462284	694.026733	104.832489	0.191217	0	-0.258389	1.30E-05	1.950124	6.00E-06	6.060362	140.159927	2.979563	-0.130842	0	0.194723	-1.00E-06	-0.101251	-2.00E-06
4.352	-47.102928	690.253235	106.713181	0.191265	0	-0.257207	1.50E-05	1.884716	8.00E-06	5.74535	140.159927	2.430927	-0.13244	0	0.194723	-2.00E-06	-0.068286	-2.00E-06
4.353	-47.102928	690.253235	106.791718	0.191265	0	-0.257207	1.50E-05	1.747656	5.00E-06	5.90466	140.159927	2.274185	-0.133394	0	0.194094	-2.00E-06	-0.098019	-2.00E-06
4.354	-47.025799	689.922668	107.105118	0.191654	0	-0.256384	1.40E-05	1.747656	8.00E-06	5.750401	142.230499	2.195776	-0.133394	0	0.194094	-2.00E-06	-0.079894	-1.00E-06
4.355	-45.462284	689.749146	107.105118	0.191899	0	-0.255599	1.30E-05	1.830458	1.00E-05	5.90466	142.230499	1.882172	-0.132876	0	0.194094	-1.00E-06	-0.098019	-1.00E-06
4.356	-45.384434	689.246216	107.026947	0.191878	0	-0.255597	1.30E-05	1.830458	1.00E-05	5.902495	142.230499	1.568888	-0.131574	0	0.194681	-1.00E-06	-0.155392	-1.00E-06
4.357	-45.384434	688.032288	107.026947	0.191878	0	-0.255242	1.30E-05	1.784706	1.00E-05	5.981068	141.893784	1.020575	-0.131045	0	0.193352	-1.00E-06	-0.155392	-2.00E-06
4.358	-45.625923	688.032288	108.123856	0.19179	0	-0.254716	1.40E-05	1.784706	2.00E-06	5.902495	140.367493	0.31568	-0.130579	0	0.18658	0	-0.086933	-1.00E-06
4.359	-45.625923	688.039307	108.123856	0.191676	0	-0.254716	1.80E-05	1.804298	6.00E-06	4.728236	140.367493	0.31568	-0.130579	0	0.182761	-1.00E-06	0.042083	-1.00E-06
4.36	-44.603039	688.219788	107.888824	0.19179	0	-0.254469	1.80E-05	1.804298	2.00E-06	4.728236	140.217072	0.394173	-0.130579	0	0.181893	-1.00E-06	0.042083	-1.00E-06
4.361	-44.37093	688.219788	107.888824	0.191936	0	-0.25422	1.00E-06	1.803548	6.00E-06	5.90033	139.88382	1.1778	-0.128068	0	0.180275	-2.00E-06	-0.162678	-1.00E-06
4.362	-44.135212	688.219788	107.889267	0.191936	0	-0.253744	1.00E-06	1.803548	7.00E-06	6.448895	139.88382	1.804402	-0.128068	0	0.180275	-2.00E-06	-0.192092	-1.00E-06
4.363	-43.905266	687.702942	108.672729	0.191941	0	-0.25341	1.00E-05	1.803548	7.00E-06	5.90033	143.327179	2.43129	-0.128514	0	0.182348	-3.00E-06	-0.192092	-1.00E-06
4.364	-43.432388	684.604065	108.359528	0.191995	0	-0.252877	1.00E-05	1.774047	7.00E-06	6.218949	144.186981	2.587708	-0.129356	0	0.182348	-2.00E-06	-0.192092	-1.00E-06
4.365	-43.124588	683.574585	108.594528	0.191995	0	-0.252564	1.00E-05	1.774047	7.00E-06	6.218949	147.976379	3.292442	-0.129433	0	0.182348	-1.00E-06	-0.201839	0
4.366	-42.419601	682.366455	108.594528	0.191816	0	-0.251752	9.00E-06	1.800432	6.00E-06	6.611812	153.823563	3.292764	-0.130894	0	0.186604	-1.00E-06	-0.120288	-1.00E-06
4.367	-41.561077	682.189087	108.594528	0.191816	0	-0.251752	1.20E-05	1.800432	9.00E-06	6.771122	159.660309	3.52691	-0.131593	0	0.19337	-2.00E-06	-0.201839	-1.00E-06
4.368	-41.40321	682.189087	108.437897	0.191816	0	-0.251736	1.10E-05	1.800432	6.00E-06	6.84753	163.781464	3.52691	-0.131593	0	0.19337	-3.00E-06	-0.318664	-1.00E-06
4.369	-41.327522	682.027954	108.359734	0.191818	0	-0.250653	1.10E-05	1.764507	7.00E-06	6.771122	164.463837	3.135138	-0.131853	0	0.192027	-2.00E-06	-0.318664	-1.00E-06
4.37	-40.935383	680.48114	107.106407	0.191818	0	-0.250602	3.00E-06	1.67502	5.00E-06	6.699766	169.457458	2.351389	-0.130801	0	0.192027	-2.00E-06	-0.148738	-1.00E-06
4.371	-40.935383	678.935547	106.636093	0.191867	0	-0.250111	3.00E-06	1.67502	6.00E-06	6.466213	174.432159	0.940917	-0.132202	0	0.19388	-1.00E-06	-0.137287	-1.00E-06
4.372	-39.846191	677.553223	105.852715	0.191929	0	-0.249758	7.00E-06	1.886228	6.00E-06	6.466213	179.791046	0.862385	-0.132285	0	0.194646	-1.00E-06	-0.137287	-1.00E-06
4.373	-39.532623	677.552002	105.382935	0.191951	0	-0.249547	7.00E-06	1.886228	6.00E-06	7.014778	185.98114	0.783934	-0.132285	0	0.198127	-3.00E-06	-0.303036	-1.00E-06
4.374	-39.299793	675.665405	104.834297	0.192031	0	-0.248864	7.00E-06	1.886228	5.00E-06	7.014778	186.833221	0.548782	-0.131629	0	0.198127	-3.00E-06	-0.303036	-1.00E-06
4.375	-38.517673	675.665405	105.147858	0.192031	0	-0.248518	6.00E-06	1.808121	5.00E-06	7.014778	186.845612	-0.156354	-0.13128	0	0.194006	-3.00E-06	-0.205614	-1.00E-06
4.376	-38.515511	675.665405	104.834297	0.192109	0	-0.248495	4.00E-06	1.808121	7.00E-06	7.41197	189.610077	-1.723608	-0.13104	0	0.193993	-2.00E-06	-0.205614	-1.00E-06
4.377	-38.515511	674.826965	104.207687	0.192116	0	-0.247918	4.00E-06	1.808121	7.00E-06	7.4891	192.701721	-1.801818	-0.13104	0	0.194006	-1.00E-06	-0.205614	-1.00E-06
4.378	-37.739883	674.826965	104.207687	0.192446	0	-0.24783	4.00E-06	1.881235	5.00E-06	7.489821	194.608719	-2.663655	-0.130411	0	0.194323	-1.00E-06	-0.211265	-1.00E-06
4.379	-36.643478	674.826965	104.286148	0.192446	0	-0.247229	6.00E-06	1.881235	3.00E-06	7.725539	200.269196	-3.604104	-0.130128	0	0.198929	-1.00E-06	-0.211265	-1.00E-06
4.38	-36.643478	674.294678	104.834618	0.192394	0	-0.247229	4.00E-06	1.881235	3.00E-06	7.88557	200.269196	-3.604104	-0.129561	0	0.198929	-3.00E-06	-0.211265	-1.00E-06
4.381	-36.645645	674.280396	105.539551	0.192243	0	-0.247229	7.00E-06	1.90857	5.00E-06	7.886292	201.131332	-3.604104	-0.129561	0	0.197606	-2.00E-06	-0.231267	-1.00E-06
4.382	-36.645645	674.280396	105.539551	0.192333	0	-0.246901	1.60E-05	1.90857	5.00E-06	7.886292	201.131332	-3.761168	-0.130507	0	0.19719	-3.00E-06	-0.212341	-1.00E-06
4.383	-36.795574	673.779053	106.245171	0.192333	0	-0.246901	1.60E-05	1.669539	1.40E-05	7.886292	202.68042	-3.917829	-0.131434	0	0.197361	-3.00E-06	-0.231267	-1.00E-06
4.384	-36.562019	673.255981	107.106766	0.192333	0	-0.246523	1.30E-05	1.669539	7.00E-06	8.589115	205.088516	-3.91807	-0.131961	0	0.197361	-3.00E-06	-0.375156	-1.00E-06
4.385	-36.562019	671.699524	107.576996	0.191835	0	-0.246511	1.30E-05	1.679477	7.00E-06	8.589115	208.686127	-4.074893	-0.131961	0	0.202736	-2.00E-06	-0.375156	0
4.386	-35.151321	668.600342	107.73378	0.191835	0	-0.246414	1.30E-05	1.695885	6.00E-06	8.122009	208.686127	-3.91807	-0.131022	0	0.202736	-2.00E-06	-0.311271	1.00E-06
4.387	-34.999226	667.563049	108.439026	0.191835	0	-0.246118	1.30E-05	1.740913	1.00E-06	7.888457	209.714142	-3.761369	-0.131022	0	0.200023	-2.00E-06	-0.247351	1.00E-06
4.388	-34.216389	665.494812	108.439072	0.191908	0	-0.245453	1.10E-05	1.746436	4.00E-06	7.888457	209.713318	-3.526538	-0.132093	0	0.200023	-3.00E-06	-0.247351	-1.00E-06
4.389	-33.982113	665.494812	108.439072	0.191908	0	-0.245453	1.00E-05	1.746436	1.00E-06	8.903406	209.714142	-3.212935	-0.132093	0	0.200595	-3.00E-06	-0.359375	-2.00E-06
4.39	-33.670712	665.666504	108.59581	0.191908	0	-0.245256	8.00E-06	1.746436	1.00E-06	8.903406	210.05896	-2.977943	-0.132093	0	0.202327	-2.00E-06	-0.359375	-1.00E-06
4.391	-33.045017	665.833862	108.59581	0.191795	0	-0.245196	6.00E-06	1.674573	1.00E-06	8.433413	212.798752	-3.212935	-0.131966	0	0.202327	-2.00E-06	-0.350512	-1.00E-06
4.392	-33.045017	665.666504	109.065994	0.191795	0	-0.245196	6.00E-06	1.761285	7.00E-06	7.646245	212.798752	-2.977943	-0.13227	0	0.202327	-2.00E-06	-0.350512	-1.00E-06
4.393	-33.04285	663.777588	109.379318	0.191795	0	-0.244794	6.00E-06	1.668555	7.00E-06	7.646245	208.3255	-2.899412	-0.130889	0	0.201283	-2.00E-06	-0.350512	-1.00E-06
4.394	-33.04285	663.258911	110.319809	0.191592	0	-0.244754	7.00E-06	1.761285	3.00E-06	7.646245	208.3255	-2.66434	-0.132095	0	0.201283	-2.00E-06	-0.263338	0
4.395	-32.339306	661.872925	110.397888	0.191592	0	-0.244274	8.00E-06	1.66125	3.00E-06	7.88557	210.23175	-2.194355	-0.130719	0	0.202285	-1.00E-06	-0.263338	-1.00E-06
4.396	-32.261456	659.457153	111.338509	0.191664	0	-0.244274	8.00E-06	1.66125	5.00E-06	7.964142	210.23175	-1.959163	-0.13071	0	0.203325	-1.00E-06	-0.263338	-1.00E-06
4.397	-31.870035	659.457153	111.808609	0.191664	0	-0.244274	7.00E-06	1.66125	6.00E-06	8.354119	207.647781	-1.959163	-0.130457	0	0.203325	-3.00E-06	-0.342096	-1.00E-06
4.398	-31.637926	658.605469	112.513794	0.191616	0	-0.243699	5.00E-06	1.63135	5.00E-06	7.964142	207.6362	-2.115865	-0.130457	0	0.201641	-3.00E-06	-0.232819	-2.00E-06
4.399	-31.400764	658.256348	112.592239	0.191616	0	-0.243657	7.00E-06	1.818722	1.30E-05	7.102731	207.647781	-2.115865	-0.131692	0	0.20146	-2.00E-06	-0.19634	-2.00E-06
4.4	-31.24795	656.872803	113.140747	0.191616	0	-0.243657	7.00E-06	1.63135	5.00E-06	7.102731	208.169235	-1.880592	-0.131726	0	0.20146	-2.00E-06	-0.19634	-2.00E-06
4.401	-31.165047	655.830566	113.218964	0.191605	0	-0.243657	9.00E-06	1.81521	1.10E-05	8.116958	208.169235	-1.018794	-0.131692	0	0.204073	-2.00E-06	-0.27368	-2.00E-06
4.402	-30.462223	654.973877	113.611053	0.191486	0	-0.243438	1.40E-05	1.580507	1.10E-05	8.434856	208.127945	-0.705755	-0.131836	0	0.206356	-1.00E-06	-0.286978	-1.00E-06
4.403	-29.915825	653.583374	114.629639	0.191471	0	-0.243395	1.40E-05	1.676848	1.10E-05	8.589837	204.681519	-1.018794	-0.131836	0	0.206356	-3.00E-06	-0.27368	-1.00E-06
4.404	-29.915825	651.861084	113.611053	0.191471	0	-0.243244	5.00E-06	1.579688	2.00E-06	8.589837	204.681519	-1.018875	-0.132094	0	0.206356	-1.00E-06	-0.256797	-2.00E-06
4.405	-29.915825	650.477905	113.689468	0.191557	0	-0.243244	5.00E-06	1.491472	2.00E-06	8.589837	204.871323	-1.175697	-0.132094	0	0.203691	-2.00E-06	-0.216941	-2.00E-06
4.406	-29.601536	649.964478	113.689468	0.191557	0	-0.243244	8.00E-06	1.491472	5.00E-06	8.669853	205.028275	-1.253947	-0.13218	0	0.206157	-1.00E-06	-0.216941	-2.00E-06
4.407	-29.370869	647.029541	114.081406	0.191373	0	-0.2428	1.00E-05	1.534224	7.00E-06	8.980535	205.366913	-1.253947	-0.132584	0	0.206157	-2.00E-06	-0.301314	-2.00E-06
4.408	-29.210836	646.513794	114.238266	0.191209	0	-0.2428	1.00E-05	1.613361	6.00E-06	9.526935	205.366913	-0.862213	-0.132584	0	0.206157	-2.00E-06	-0.331169	-2.00E-06
4.409	-28.901596	645.980347	114.395088	0.191201	0	-0.2428	1.30E-05	1.567441	6.00E-06	9.685523	199.86998	-0.862213	-0.132584	0	0.203625	-2.00E-06	-0.36913	-2.00E-06
4.41	-28.822304	642.541626	114.395088	0.19119	0	-0.24198	8.00E-06	1.567441	6.00E-06	9.685523	199.86998	-0.862254	-0.132433	0	0.203625	-2.00E-06	-0.36913	-3.00E-06
4.411	-28.508013	641.865112	114.238541	0.191201	0	-0.241966	8.00E-06	1.444592	6.00E-06	9.294104	203.123917	-1.802502	-0.132454	0	0.204088	-2.00E-06	-0.366894	-3.00E-06
4.412	-28.427277	636.684448	114.08197	0.19119	0	-0.241966	7.00E-06	1.444592	1.10E-05	9.294104	203.313751	-1.802502	-0.132433	0	0.208108	-2.00E-06	-0.117678	-1.00E-06
4.413	-28.120203	636.344238	114.238541	0.191088	0	-0.241572	4.00E-06	1.413001	1.10E-05	10.000534	205.550522	-1.489019	-0.132445	0	0.208108	-2.00E-06	-0.366894	-1.00E-06
4.414	-28.120203	635.981689	114.238831	0.191024	0	-0.241572	4.00E-06	1.434892	4.00E-06	10.000534	205.550522	-1.489019	-0.132363	0	0.208108	-2.00E-06	-0.355225	-1.00E-06
4.415	-28.11948	634.091614	114.473946	0.191088	0	-0.241572	4.00E-06	1.413001	4.00E-06	9.846997	202.788376	-1.489019	-0.132435	0	0.205446	-2.00E-06	-0.355225	-1.00E-06
4.416	-28.043072	633.055969	114.473946	0.190884	0	-0.240997	5.00E-06	1.434892	6.00E-06	9.846997	202.788376	-1.724172	-0.132435	0	0.205446	-2.00E-06	-0.210624	-2.00E-06
4.417	-27.965221	628.408752	114.003876	0.191119	0	-0.240807	6.00E-06	1.433909	6.00E-06	10.864833	206.062012	-1.724172	-0.132858	0	0.206967	-2.00E-06	-0.170308	-2.00E-06
4.418	-27.888092	626.340149	114.003876	0.191119	0	-0.240675	1.00E-05	1.433909	6.00E-06	10.864833	207.089584	-2.350977	-0.133058	0	0.207924	-4.00E-06	-0.210624	-2.00E-06
4.419	-27.888092	625.469177	115.022614	0.191119	0	-0.240543	1.10E-05	1.433909	2.00E-06	11.101273	209.14241	-2.429468	-0.133058	0	0.209686	-4.00E-06	-0.170308	-2.00E-06
4.42	-27.808077	624.072876	115.022614	0.190998	0	-0.240373	1.00E-05	1.357046	5.00E-06	11.571985	209.14241	-2.429468	-0.133058	0	0.209689	-4.00E-06	-0.240456	-3.00E-06
4.421	-27.658869	622.527222	114.944534	0.190998	0	-0.240543	5.00E-06	1.357046	5.00E-06	12.119828	206.391022	-2.272847	-0.132812	0	0.209689	-3.00E-06	-0.240456	-2.00E-06
4.422	-27.654539	621.839905	114.944534	0.191372	0	-0.240373	5.00E-06	1.350699	7.00E-06	12.279139	206.391022	-1.411211	-0.134314	0	0.209689	-1.00E-06	-0.247397	-2.00E-06
4.423	-27.499559	619.768188	115.02346	0.191372	0	-0.240246	6.00E-06	1.299191	7.00E-06	12.434118	210.861572	-2.272847	-0.133184	0	0.209649	-1.00E-06	-0.270678	-2.00E-06
4.424	-27.499559	617.180725	115.101707	0.19102	0	-0.239863	6.00E-06	1.27029	7.00E-06	13.922668	212.417984	-2.508241	-0.133629	0	0.210031	-3.00E-06	-0.256956	-1.00E-06
4.425	-26.797457	612.512329	115.101707	0.190828	0	-0.23984	6.00E-06	1.27029	1.10E-05	14.004126	214.641312	-2.586289	-0.133629	0	0.21176	-3.00E-06	-0.256956	-1.00E-06
4.426	-26.720327	609.400757	115.415115	0.190828	0	-0.239735	7.00E-06	1.289858	1.10E-05	14.709837	217.052887	-2.978265	-0.133925	0	0.21176	-3.00E-06	-0.256956	-1.00E-06
4.427	-26.720327	606.326538	115.41539	0.190828	0	-0.239735	7.00E-06	1.289858	1.10E-05	15.10342	217.052887	-3.056877	-0.134621	0	0.210438	-3.00E-06	-0.278229	-1.00E-06
4.428	-26.566792	604.22583	115.41539	0.190894	0	-0.239735	7.00E-06	1.284927	3.00E-06	15.419154	217.052887	-3.135408	-0.134441	0	0.208002	-3.00E-06	-0.28021	-1.00E-06
4.429	-26.566792	600.440796	115.259018	0.190666	0	-0.238741	9.00E-06	1.284927	3.00E-06	17.144142	221.032455	-3.370399	-0.134441	0	0.208002	-3.00E-06	-0.291067	-1.00E-06
4.43	-26.331795	597.682861	114.945374	0.190662	0	-0.238741	9.00E-06	1.197498	6.00E-06	17.619186	225.644119	-3.684124	-0.13415	0	0.212261	-3.00E-06	-0.291067	-1.00E-06
4.431	-26.098963	594.566162	114.945374	0.190662	0	-0.238486	6.00E-06	1.192517	6.00E-06	17.771278	230.296005	-5.016266	-0.13415	0	0.212537	-3.00E-06	-0.212829	-2.00E-06
4.432	-25.471104	590.091064	114.867523	0.190667	0	-0.237927	6.00E-06	1.192517	5.00E-06	18.561335	234.595703	-5.408161	-0.133846	0	0.212537	-3.00E-06	-0.212829	-2.00E-06
4.433	-25.396862	588.712463	114.475914	0.190667	0	-0.237927	8.00E-06	1.21351	5.00E-06	20.054213	237.343216	-5.486773	-0.134181	0	0.212537	0	-0.321551	-2.00E-06
4.434	-25.317568	584.040527	113.849068	0.190667	0	-0.238027	8.00E-06	1.221119	5.00E-06	20.126289	239.41153	-6.035489	-0.134181	0	0.211895	-4.00E-06	-0.321551	-1.00E-06
4.435	-24.851904	582.670044	113.614197	0.190793	0	-0.238027	1.30E-05	1.276138	5.00E-06	21.074934	244.415131	-6.584003	-0.134181	0	0.211895	-2.00E-06	-0.321551	-1.00E-06
4.436	-24.699089	580.93042	113.379211	0.190793	0	-0.237857	6.00E-06	1.276138	5.00E-06	22.17062	251.105911	-6.897647	-0.134627	0	0.216067	-3.00E-06	-0.273317	-1.00E-06
4.437	-24.619795	575.409607	113.222748	0.190854	0	-0.237702	1.10E-05	1.231077	5.00E-06	22.251358	253.338486	-7.916185	-0.134537	0	0.216067	-3.00E-06	-0.308542	-1.00E-06
4.438	-24.305506	574.902344	112.596024	0.190588	0	-0.237285	4.00E-06	1.228198	4.00E-06	23.038527	254.890686	-8.856715	-0.134627	0	0.215836	-3.00E-06	-0.241013	-2.00E-06
4.439	-24.071953	570.241272	112.517929	0.190588	0	-0.237279	4.00E-06	1.228198	3.00E-06	23.197113	261.426788	-9.797004	-0.134963	0	0.213915	-2.00E-06	-0.227476	-2.00E-06
4.44	-24.071953	566.604614	112.517929	0.190588	0	-0.237279	4.00E-06	1.228198	3.00E-06	23.515736	262.801575	-9.797004	-0.13504	0	0.215836	-2.00E-06	-0.172353	-2.00E-06
4.441	-23.686306	564.200439	111.969696	0.190702	0	-0.237279	4.00E-06	1.242651	7.00E-06	24.53862	267.772339	-9.875616	-0.134963	0	0.217697	-4.00E-06	-0.142848	-1.00E-06
4.442	-23.686306	559.3573	111.577843	0.190716	0	-0.237012	1.10E-05	1.208362	7.00E-06	25.867138	274.492859	-10.189178	-0.134816	0	0.217697	-4.00E-06	-0.142848	-1.00E-06
4.443	-22.82778	556.428101	110.951523	0.190853	0	-0.237012	3.00E-06	1.208362	7.00E-06	26.184315	275.511597	-11.051337	-0.134816	0	0.217605	-4.00E-06	-0.182135	-1.00E-06
4.444	-22.511324	554.858215	110.951523	0.190885	0	-0.236957	4.00E-06	1.185207	8.00E-06	26.496441	277.773132	-12.461891	-0.134933	0	0.216332	-3.00E-06	-0.190728	-1.00E-06
4.445	-22.511324	549.338867	110.951523	0.19094	0	-0.236947	4.00E-06	1.185207	8.00E-06	27.362183	284.827271	-12.540061	-0.135424	0	0.216332	-3.00E-06	-0.190728	-2.00E-06
4.446	-21.891403	548.134705	110.559952	0.19094	0	-0.236947	5.00E-06	1.230633	7.00E-06	27.678637	289.466766	-12.932076	-0.135708	0	0.217537	-3.00E-06	-0.190728	-2.00E-06
4.447	-21.656408	543.107178	110.403168	0.190708	0	-0.236809	5.00E-06	1.273725	7.00E-06	29.24576	292.041504	-13.167429	-0.135839	0	0.217666	-3.00E-06	-0.113481	-1.00E-06
4.448	-21.424297	536.744629	109.854973	0.190284	0	-0.236681	5.00E-06	1.301319	4.00E-06	29.483641	298.23468	-13.16755	-0.135708	0	0.218948	-4.00E-06	-0.128676	-1.00E-06
4.449	-21.27076	533.623779	109.541817	0.190452	0	-0.236671	3.00E-06	1.273725	6.00E-06	30.89506	299.76413	-13.951177	-0.135612	0	0.218948	-6.00E-06	-0.128676	-1.00E-06
4.45	-20.56505	527.932739	109.15004	0.190293	0	-0.236465	5.00E-06	1.145544	5.00E-06	30.981571	301.154694	-14.578304	-0.135612	0	0.216955	-4.00E-06	-0.128676	-2.00E-06
4.451	-20.40502	524.131104	108.83696	0.190452	0	-0.235713	6.00E-06	1.145544	6.00E-06	31.055094	310.631561	-15.832115	-0.135681	0	0.216955	-3.00E-06	-0.117498	-4.00E-06
4.452	-19.628674	522.238342	108.053535	0.190293	0	-0.23556	7.00E-06	1.178721	5.00E-06	32.392265	316.972504	-16.067308	-0.136062	0	0.220105	-3.00E-06	-0.115723	-4.00E-06
4.453	-19.006588	514.466003	107.66188	0.190826	0	-0.235489	7.00E-06	1.178721	1.00E-05	33.254398	321.286469	-16.380791	-0.136152	0	0.220105	-3.00E-06	-0.061583	1.00E-06
4.454	-18.847279	511.893646	107.27047	0.190095	0	-0.234815	8.00E-06	1.407651	1.00E-06	33.808739	326.430542	-17.24299	-0.136152	0	0.220105	-3.00E-06	-0.030405	1.00E-06
4.455	-18.540924	506.188782	107.192017	0.190393	0	-0.234783	8.00E-06	1.320059	6.00E-06	35.141586	331.751587	-17.948286	-0.136152	0	0.220021	-3.00E-06	-0.030405	1.00E-06
4.456	-17.522369	501.34906	106.878815	0.190393	0	-0.234783	8.00E-06	1.320059	4.00E-06	35.458038	332.104584	-18.105268	-0.136507	0	0.220502	-3.00E-06	0.000643	0
4.457	-17.522369	497.89917	105.860443	0.190544	0	-0.234783	8.00E-06	1.259071	6.00E-06	36.009491	340.367188	-18.810406	-0.137044	0	0.220502	-2.00E-06	0.048119	0
4.458	-17.210243	493.927765	105.46907	0.190544	0	-0.234301	5.00E-06	1.259071	4.00E-06	37.578056	349.475677	-19.594233	-0.137044	0	0.22326	-6.00E-06	0.048119	-3.00E-06
4.459	-17.216015	488.762573	105.390533	0.190394	0	-0.234301	5.00E-06	1.279297	2.00E-06	37.893791	354.450012	-20.534723	-0.137044	0	0.223326	-2.00E-06	0.060968	-3.00E-06
4.46	-16.276031	485.108948	103.27549	0.190394	0	-0.233788	5.00E-06	1.296422	2.00E-06	38.60527	358.752014	-21.710041	-0.136858	0	0.223577	-2.00E-06	0.199407	-3.00E-06
4.461	-16.201069	478.053284	103.197006	0.190579	0	-0.233788	8.00E-06	1.296422	3.00E-06	40.875938	362.352417	-23.041903	-0.137092	0	0.223659	-2.00E-06	0.199407	-3.00E-06
4.462	-15.734683	475.456604	102.805664	0.190622	0	-0.233788	8.00E-06	1.296749	5.00E-06	41.501633	364.237427	-23.042345	-0.13742	0	0.223659	-2.00E-06	0.119272	-2.00E-06
4.463	-15.655389	470.434448	101.709084	0.190622	0	-0.233964	7.00E-06	1.307651	4.00E-06	41.976677	369.581329	-24.217665	-0.137499	0	0.224166	-2.00E-06	0.119272	-2.00E-06
4.464	-14.563311	465.096802	101.630432	0.190814	0	-0.233964	7.00E-06	1.296749	5.00E-06	43.077412	376.801666	-24.922882	-0.137498	0	0.225586	-2.00E-06	0.269476	-2.00E-06
4.465	-14.172613	461.298981	100.847328	0.190814	0	-0.233964	7.00E-06	1.307651	4.00E-06	43.859528	382.628815	-25.236404	-0.138091	0	0.22637	-4.00E-06	0.269476	-4.00E-06
4.466	-13.784801	456.102478	99.829102	0.190814	0	-0.233662	7.00E-06	1.292972	5.00E-06	43.94099	385.035736	-26.960442	-0.138091	0	0.22664	-6.00E-06	0.236405	-4.00E-06
4.467	-12.848425	448.355255	99.202423	0.190504	0	-0.233502	5.00E-06	1.317315	5.00E-06	44.958824	389.338928	-27.117102	-0.138091	0	0.22664	-6.00E-06	0.236405	-5.00E-06
4.468	-12.848425	443.68335	98.184052	0.190504	0	-0.233027	5.00E-06	1.317315	5.00E-06	44.9646	393.290283	-27.900648	-0.138225	0	0.226392	-6.00E-06	0.29513	1.00E-06
4.469	-12.848425	438.667419	97.714104	0.190316	0	-0.23319	3.00E-06	1.398975	5.00E-06	45.745274	394.315186	-28.370752	-0.138225	0	0.226392	-2.00E-06	0.31996	-4.00E-06
4.47	-11.522072	432.633118	97.244156	0.190316	0	-0.23319	7.00E-06	1.398975	5.00E-06	45.745274	401.712952	-28.605904	-0.138584	0	0.228192	-2.00E-06	0.31996	-3.00E-06
4.471	-11.287798	427.792297	95.677429	0.190316	0	-0.23319	3.00E-06	1.38557	5.00E-06	46.453148	409.090729	-29.07605	-0.138584	0	0.22838	-3.00E-06	0.451842	-3.00E-06
4.472	-10.898544	421.241913	94.893921	0.190277	0	-0.232807	4.00E-06	1.30705	5.00E-06	45.594624	410.127228	-30.878052	-0.138584	0	0.22838	-6.00E-06	0.491843	-3.00E-06
4.473	-10.275736	416.062805	93.719124	0.190277	0	-0.23161	4.00E-06	1.30705	4.00E-06	46.453148	412.542267	-30.956505	-0.138354	0	0.22838	-7.00E-06	0.491843	-3.00E-06
4.474	-10.272848	408.657318	93.327507	0.190315	0	-0.230716	4.00E-06	1.30705	4.00E-06	47.320332	417.175171	-31.034756	-0.139087	0	0.228017	-7.00E-06	0.608703	-3.00E-06
4.475	-9.578684	402.780823	91.76078	0.190315	0	-0.230716	4.00E-06	1.339819	4.00E-06	47.554604	419.598694	-31.504818	-0.139087	0	0.228437	-5.00E-06	0.608703	-5.00E-06
4.476	-9.420095	399.139587	90.663956	0.190265	0	-0.230833	2.00E-06	1.339819	4.00E-06	48.101727	424.066223	-31.504818	-0.139087	0	0.228437	-3.00E-06	0.608703	-5.00E-06
4.477	-8.874418	393.619476	89.802399	0.190265	0	-0.230833	2.00E-06	1.267804	3.00E-06	48.729588	430.755463	-31.50506	-0.138774	0	0.22888	-3.00E-06	0.581653	-5.00E-06
4.478	-8.249447	386.205872	88.548996	0.190215	0	-0.230833	2.00E-06	1.267804	3.00E-06	48.729588	431.102203	-31.975002	-0.138774	0	0.230188	-3.00E-06	0.717651	-6.00E-06
4.479	-8.249447	381.868347	86.903801	0.190811	0	-0.23052	4.00E-06	1.158685	3.00E-06	48.88673	439.36676	-32.759029	-0.138789	0	0.230188	-3.00E-06	0.822815	-4.00E-06
4.48	-8.175203	374.453979	85.57222	0.190811	0	-0.23052	5.00E-06	1.170055	3.00E-06	49.677509	445.538391	-32.837242	-0.138789	0	0.230356	-4.00E-06	0.845305	-6.00E-06
4.481	-7.712427	370.844421	84.867012	0.190811	0	-0.230186	4.00E-06	1.170055	3.00E-06	51.243908	446.390503	-32.759029	-0.138789	0	0.231236	-4.00E-06	0.845305	-4.00E-06
4.482	-7.630245	364.432129	83.692139	0.190791	0	-0.230186	-1.00E-06	1.170055	2.00E-06	51.640377	452.413574	-32.837242	-0.138823	0	0.231737	-7.00E-06	0.845305	-4.00E-06
4.483	-7.400301	358.392456	82.517136	0.190791	0	-0.230186	-1.00E-06	1.136216	2.00E-06	52.65749	458.2565	-33.777851	-0.138823	0	0.23209	-7.00E-06	0.930359	-4.00E-06
4.484	-6.93536	354.246704	81.734024	0.190735	0	-0.230232	4.00E-06	1.136216	2.00E-06	52.973949	462.19635	-34.796551	-0.139136	0	0.232175	-7.00E-06	0.945022	-4.00E-06
4.485	-6.856066	347.158997	80.166939	0.190459	0	-0.230133	4.00E-06	1.125061	4.00E-06	52.979	464.953918	-35.031784	-0.139136	0	0.232366	-6.00E-06	1.036496	-4.00E-06
4.486	-6.624678	341.116272	78.287003	0.190459	0	-0.230389	3.00E-06	1.092319	4.00E-06	54.230385	472.011932	-35.188328	-0.139362	0	0.232431	-4.00E-06	1.036496	-9.00E-06
4.487	-6.54394	334.554291	77.190254	0.190587	0	-0.230133	2.00E-06	1.092319	3.00E-06	55.562511	477.843658	-35.893742	-0.139362	0	0.233372	-2.00E-06	0.982747	-9.00E-06
4.488	-6.471861	327.82962	74.76181	0.190666	0	-0.229668	1.00E-06	1.046943	3.00E-06	55.719658	482.828796	-36.363926	-0.139466	0	0.233662	-2.00E-06	0.982747	-8.00E-06
4.489	-5.299768	322.121674	74.447601	0.190587	0	-0.229668	1.00E-06	1.046943	3.00E-06	56.898247	485.060608	-36.364128	-0.139236	0	0.233839	-6.00E-06	0.993951	-1.00E-06
4.49	-5.229134	315.040131	73.116539	0.19056	0	-0.229552	6.00E-06	1.046943	3.00E-06	56.898247	487.799255	-37.069225	-0.139466	0	0.233662	-7.00E-06	1.022115	0
4.491	-5.143345	307.110077	71.628265	0.190415	0	-0.228806	6.00E-06	1.124234	2.00E-06	57.059719	494.520172	-37.853012	-0.139864	0	0.233982	-6.00E-06	1.14852	0
4.492	-4.837713	302.789948	69.90451	0.190296	0	-0.22867	4.00E-06	1.124234	2.00E-06	57.059719	503.092072	-38.244785	-0.139906	0	0.234418	-3.00E-06	1.194319	0
4.493	-4.759863	295.01413	68.573174	0.190296	0	-0.22867	1.00E-06	0.960131	2.00E-06	58.861835	503.465149	-38.323154	-0.139906	0	0.234418	-3.00E-06	1.194319	1.00E-06
4.494	-3.900618	288.125885	66.84938	0.190304	0	-0.226955	1.00E-06	0.960131	3.00E-06	59.174683	509.133789	-38.323154	-0.13981	0	0.234273	-3.00E-06	1.167544	-1.00E-06
4.495	-3.827816	283.285034	65.674225	0.190874	0	-0.226932	1.00E-06	0.960131	3.00E-06	59.879673	513.436523	-38.949921	-0.139625	0	0.234273	-5.00E-06	1.167544	-1.00E-06
4.496	-3.517134	277.587128	63.637344	0.190874	0	-0.226955	1.00E-06	0.969543	3.00E-06	59.879673	519.277588	-39.028172	-0.139445	0	0.234273	-3.00E-06	1.272717	-3.00E-06
4.497	-3.517134	270.340515	61.75721	0.190874	0	-0.226932	2.00E-06	0.910961	1.00E-06	60.273975	521.868103	-39.028332	-0.139445	0	0.234663	-9.00E-06	1.418599	-8.00E-06
4.498	-3.517134	264.635681	60.425228	0.190757	0	-0.226427	1.00E-06	0.89055	1.00E-06	60.591877	528.575134	-39.576847	-0.139445	0	0.234704	-1.00E-05	1.42585	-4.00E-06
4.499	-2.892162	256.363831	58.701832	0.190757	0	-0.225741	1.00E-06	0.878382	0	61.137554	539.048401	-39.576847	-0.139692	0	0.236059	-1.00E-05	1.444915	-4.00E-06
4.5	-2.505072	253.244476	56.743294	0.191787	0	-0.225737	1.00E-06	0.878382	0	61.376881	539.048401	-39.576885	-0.139376	0	0.236059	-7.00E-06	1.444915	-4.00E-06
4.501	-2.347206	247.208679	55.489639	0.191787	0	-0.224446	1.00E-06	0.878382	0	61.845432	539.048401	-39.576885	-0.139843	0	0.236019	-7.00E-06	1.436891	-3.00E-06
4.502	-2.192225	242.020691	53.844536	0.191787	0	-0.224446	4.00E-06	0.865287	0	62.47401	542.480957	-39.107025	-0.139368	0	0.235216	-7.00E-06	1.399474	-5.00E-06
4.503	-2.192225	236.153015	51.572388	0.191605	0	-0.224884	3.00E-06	0.848595	0	62.47401	547.478027	-39.107025	-0.139843	0	0.235826	-6.00E-06	1.399474	-3.00E-06
4.504	-2.192225	230.105652	51.024277	0.19184	0	-0.224884	3.00E-06	0.773362	0	62.47401	550.907898	-39.028732	-0.139882	0	0.235826	-6.00E-06	1.623273	-1.00E-06
4.505	-1.650877	223.026459	48.595428	0.19184	0	-0.224884	3.00E-06	0.773362	0	63.338306	559.670044	-39.028732	-0.139882	0	0.237586	-7.00E-06	1.663043	-1.00E-06
4.506	-1.650877	217.318878	47.420471	0.19184	0	-0.224732	1.00E-06	0.736118	2.00E-06	63.499783	560.867676	-38.872032	-0.139431	0	0.237586	-7.00E-06	1.705438	-1.00E-06
4.507	-1.650877	216.463806	45.461884	0.191884	0	-0.22547	4.00E-06	0.736118	2.00E-06	63.499783	563.450867	-38.793781	-0.139431	0	0.23715	-7.00E-06	1.745691	-3.00E-06
4.508	-0.717384	207.30278	44.521675	0.191374	0	-0.22447	1.00E-06	0.820606	2.00E-06	63.499783	566.379333	-38.715374	-0.139538	0	0.236733	-1.30E-05	1.745691	-5.00E-06
4.509	-0.639534	199.015503	43.033234	0.192133	0	-0.22547	1.00E-06	0.820606	1.00E-06	65.065453	567.574341	-38.167057	-0.139669	0	0.236757	-1.30E-05	1.756461	-5.00E-06
4.51	-0.403816	193.658936	41.701298	0.191903	0	-0.22447	1.00E-06	0.794955	1.00E-06	65.065453	572.408997	-37.775524	-0.140095	0	0.236757	-8.00E-06	1.756461	-5.00E-06
4.511	-0.093857	187.618896	39.272644	0.192064	0	-0.225936	1.00E-06	0.794955	1.00E-06	64.523392	581.852295	-38.167057	-0.140095	0	0.238529	1.00E-06	1.908926	-6.00E-06
4.512	0.06329	180.020096	37.940506	0.192007	0	-0.223064	2.00E-06	0.836171	2.00E-06	64.523392	581.852295	-38.402332	-0.139887	0	0.238529	1.00E-06	1.930547	-6.00E-06
4.513	0.686817	174.50235	37.079071	0.192064	0	-0.223303	3.00E-06	0.836171	2.00E-06	64.839119	583.039612	-38.402412	-0.139686	0	0.237446	-3.00E-06	1.930547	-6.00E-06
4.514	0.763948	168.979523	34.571892	0.192007	0	-0.223303	3.00E-06	0.836171	1.00E-06	65.46698	587.876282	-38.402332	-0.139858	0	0.237446	-3.00E-06	1.986033	-7.00E-06
4.515	1.307461	164.1306	32.848213	0.193423	0	-0.223303	3.00E-06	0.811332	1.00E-06	66.094116	593.889709	-38.402412	-0.139858	0	0.237864	-3.00E-06	1.986239	-7.00E-06
4.516	1.853861	158.618988	31.673012	0.19263	0	-0.224056	3.00E-06	0.811332	1.00E-06	66.56411	595.781311	-38.324162	-0.139965	0	0.238454	-7.00E-06	2.00116	-4.00E-06
4.517	2.014614	153.780457	29.244122	0.19263	0	-0.22136	3.00E-06	0.811332	2.00E-06	66.876953	599.903931	-38.324162	-0.139965	0	0.238475	-7.00E-06	2.00116	-4.00E-06
4.518	2.246723	146.190201	27.755524	0.19263	0	-0.221008	0	0.895316	2.00E-06	66.876953	603.33075	-38.324162	-0.140014	0	0.238475	-1.00E-05	2.00116	-4.00E-06
4.519	2.246723	144.118439	27.755524	0.192973	0	-0.220125	0	0.895316	2.00E-06	66.409851	607.132385	-38.95129	-0.1401	0	0.238097	-9.00E-06	2.087987	-4.00E-06
4.52	2.246723	136.860672	26.972179	0.193419	0	-0.220125	1.00E-06	0.895316	1.00E-06	66.409851	609.711792	-38.95129	-0.140187	0	0.238097	-9.00E-06	2.152094	-6.00E-06
4.521	2.085249	134.274384	26.737106	0.192973	0	-0.220125	2.00E-06	0.9007	2.00E-06	66.579987	612.278015	-38.167622	-0.1401	0	0.238926	-8.00E-06	2.152094	-1.00E-05
4.522	2.085249	131.487518	24.700069	0.193746	0	-0.219966	1.00E-06	0.9007	1.00E-06	68.291985	615.711792	-38.167622	-0.139735	0	0.238959	-8.00E-06	2.19175	-1.00E-05
4.523	1.928102	126.49704	24.230045	0.193283	0	-0.221551	1.00E-06	0.946821	2.00E-06	68.295586	617.938965	-38.167942	-0.139693	0	0.238959	-8.00E-06	2.19175	-1.00E-05
4.524	1.776731	121.134293	23.838314	0.194646	0	-0.221551	1.00E-06	0.717918	2.00E-06	68.688454	620.86969	-38.167942	-0.139693	0	0.238959	-9.00E-06	2.236891	-9.00E-06
4.525	1.928102	117.506531	21.487713	0.193695	0	-0.223	1.00E-06	0.826819	2.00E-06	68.688454	622.757446	-38.01112	-0.139693	0	0.238711	-9.00E-06	2.271657	-9.00E-06
4.526	1.930267	109.737671	20.155811	0.194796	0	-0.223	1.00E-06	0.717918	1.00E-06	68.845596	626.379761	-37.85458	-0.140015	0	0.238711	-8.00E-06	2.356681	-5.00E-06
4.527	1.930267	109.401291	18.745583	0.194864	0	-0.222576	0	0.826819	1.00E-06	69.631325	632.384338	-37.071236	-0.140015	0	0.240334	-6.00E-06	2.356681	-4.00E-06
4.528	1.851696	104.7379	17.80513	0.194864	0	-0.222576	1.00E-06	0.69681	1.00E-06	69.864876	632.384338	-37.071236	-0.139586	0	0.240334	-6.00E-06	2.326814	-4.00E-06
4.529	1.851696	98.513077	16.081699	0.195564	0	-0.223839	1.00E-06	0.797094	1.00E-06	70.417046	633.747131	-37.22794	-0.139586	0	0.239465	-6.00E-06	2.326814	-4.00E-06
4.53	1.541014	97.305359	14.984509	0.194828	0	-0.224006	1.00E-06	0.797094	1.00E-06	70.417046	637.715942	-37.306347	-0.139909	0	0.239465	-8.00E-06	2.381039	-4.00E-06
4.531	1.852417	91.774857	14.436153	0.195611	0	-0.224739	1.00E-06	0.835825	1.00E-06	70.417046	640.091125	-37.384716	-0.139975	0	0.240537	-3.00E-06	2.598541	-3.00E-06
4.532	1.850975	86.262451	13.10405	0.195611	0	-0.224739	1.00E-06	0.839795	1.00E-06	70.420654	642.1745	-37.3848	-0.14002	0	0.240537	-5.00E-06	2.598541	-3.00E-06
4.533	1.850975	84.69603	11.615452	0.195611	0	-0.224739	1.00E-06	0.839795	1.00E-06	71.202774	647.176941	-37.38504	-0.139999	0	0.240537	-5.00E-06	2.501922	-1.00E-06
4.534	1.618143	77.277412	10.831661	0.193201	0	-0.22098	1.00E-06	0.819291	1.00E-06	71.284958	649.554932	-37.38504	-0.139999	0	0.240534	-9.00E-06	2.491206	-1.00E-06
4.535	1.546064	75.372719	9.734955	0.193201	0	-0.220274	1.00E-06	0.81576	1.00E-06	71.359917	651.28064	-37.62019	-0.13997	0	0.240534	-9.00E-06	2.491206	-1.00E-06
4.536	1.618143	69.6875	9.499844	0.196656	0	-0.22013	1.00E-06	0.819291	1.00E-06	71.599968	651.976929	-37.62019	-0.139834	0	0.240534	-1.00E-05	2.590308	-1.00E-06
4.537	1.696714	65.716873	8.637882	0.197537	0	-0.22013	1.00E-06	0.85196	1.00E-06	72.069962	656.956604	-37.620071	-0.13997	0	0.241122	-8.00E-06	2.632831	-5.00E-06
4.538	1.696714	64.843201	7.384113	0.197148	0	-0.22013	0	0.860635	1.00E-06	72.069962	657.992676	-37.620071	-0.139834	0	0.241123	-8.00E-06	2.706759	-5.00E-06
4.539	2.091022	62.935776	6.99234	0.197537	0	-0.22013	0	0.860635	0	72.226379	666.402588	-38.168827	-0.139509	0	0.242113	-8.00E-06	2.729873	-7.00E-06
4.54	1.700325	57.249443	6.365414	0.197295	0	-0.223121	1.00E-06	0.85899	0	72.228546	666.402588	-38.168827	-0.139509	0	0.242113	-5.00E-06	2.729873	-7.00E-06
4.541	1.700325	57.242493	5.581947	0.198144	0	-0.223121	1.00E-06	0.804912	1.00E-06	72.462822	665.887329	-37.150448	-0.140064	0	0.241361	-7.00E-06	2.626251	-4.00E-06
4.542	1.623194	52.052944	5.503376	0.198144	0	-0.223121	1.00E-06	0.804912	1.00E-06	73.249268	665.887329	-37.150448	-0.140064	0	0.241361	-5.00E-06	2.626251	-1.00E-06
4.543	1.388199	50.524345	5.033394	0.202171	0	-0.227893	1.00E-06	0.804912	1.00E-06	73.87352	670.511414	-37.542145	-0.139678	0	0.241867	-7.00E-06	2.626251	-4.00E-06
4.544	1.548229	50.152855	4.876572	0.202171	0	-0.230138	1.00E-06	0.804829	0	74.187805	671.716797	-37.542145	-0.139609	0	0.242544	-3.00E-06	2.619481	-5.00E-06
4.545	1.388199	47.387592	4.719707	0.202849	0	-0.230138	1.00E-06	0.804829	0	74.662857	674.459717	-37.777374	-0.139609	0	0.242555	-6.00E-06	2.619481	-5.00E-06
4.546	1.231054	45.490631	3.701248	0.199688	0	-0.227492	0	0.776666	0	74.896408	677.034424	-37.777538	-0.139704	0	0.24287	-2.00E-06	2.754167	-5.00E-06
4.547	1.231054	43.246857	2.995792	0.201514	0	-0.227492	0	0.776666	0	74.662857	678.243652	-37.934361	-0.139795	0	0.24287	-5.00E-06	2.832885	-3.00E-06
4.548	1.159695	41.848213	2.055782	0.201514	0	-0.23598	0	0.726613	0	74.896408	678.424561	-37.934361	-0.139922	0	0.24241	-5.00E-06	2.761699	-3.00E-06
4.549	1.391806	40.476181	1.58548	0.201514	0	-0.237834	0	0.726613	0	76.229248	679.791992	-36.915737	-0.140183	0	0.24241	-9.00E-06	2.761699	-3.00E-06
4.55	1.16547	38.398285	1.506947	0.201393	0	-0.238147	1.00E-06	0.69386	0	76.229248	681.680481	-36.915737	-0.140183	0	0.24288	-1.10E-05	2.752931	-7.00E-06
4.551	1.16547	37.02047	0.409958	0.201393	0	-0.241026	1.00E-06	0.779774	0	75.758537	688.21814	-37.385963	-0.140007	0	0.243266	-1.10E-05	2.752931	-4.00E-06
4.552	1.085453	34.949112	0.096596	0.201393	0	-0.247864	0	0.746221	0	75.607887	690.435303	-37.542828	-0.139697	0	0.243208	-8.00E-06	2.931051	-7.00E-06
4.553	1.085453	31.489943	-1.078968	0.198152	0	-0.247864	0	0.746221	0	75.450737	690.435303	-37.542828	-0.139697	0	0.243208	-7.00E-06	2.932537	-7.00E-06
4.554	1.085453	31.152843	-1.313713	0.198152	0	-0.244632	0	0.693894	0	75.607887	690.956421	-36.837612	-0.139865	0	0.243208	-7.00E-06	2.932537	-1.10E-05
4.555	1.47543	30.10791	-1.70565	0.198386	0	-0.241068	0	0.693894	0	75.921463	697.151489	-36.837612	-0.139886	0	0.244221	-5.00E-06	2.989787	-7.00E-06
4.556	1.55761	28.048136	-1.940922	0.199581	0	-0.244632	0	0.713801	0	76.077881	698.50769	-36.837727	-0.139886	0	0.244221	-1.30E-05	2.989787	0
4.557	1.55761	26.658764	-2.802803	0.203777	0	-0.243944	0	0.904976	0	76.077881	699.192444	-36.837727	-0.139732	0	0.244195	-1.00E-05	2.946231	1.00E-06
4.558	0.772606	25.114702	-2.802803	0.2	0	-0.244682	0	0.713801	0	75.922897	699.192444	-36.994514	-0.139732	0	0.244195	-1.00E-05	2.946231	0
4.559	0	0	0	0.2	0	-0.3	0	0	0	75.531479	701.757568	-36.994717	-0.139676	0	0.243796	-7.00E-06	2.946231	-1.00E-05
4.56	0	0	0	0.2	0	-0.3	0	0	0	75.531479	705.720459	-36.994717	-0.139741	0	0.244891	-6.00E-06	3.038461	-1.00E-05
4.561	0	0	0	0.2	0	-0.3	0	0	0	75.613663	705.886597	-35.7411	-0.139883	0	0.245646	-7.00E-06	2.956702	-9.00E-06
4.562	0	0	0	0.2	0	-0.3	0	0	0	76.863602	707.267151	-35.584442	-0.139883	0	0.245646	-7.00E-06	2.956702	-8.00E-06
4.563	0	0	0	0.2	0	-0.3	0	0	0	76.863602	707.420288	-35.7411	-0.139751	0	0.244471	-7.00E-06	2.930867	-7.00E-06
4.564	0	0	0	0.2	0	-0.3	0	0	0	76.472908	708.638428	-35.506191	-0.139694	0	0.244471	-1.10E-05	2.930867	-1.00E-06
4.565	0	0	0	0.2	0	-0.3	0	0	0	76.472908	711.041077	-35.035965	-0.139735	0	0.245258	-1.10E-05	2.948656	2.00E-06
4.566	0	0	0	0.2	0	-0.3	0	0	0	77.09716	711.547974	-34.48761	-0.139694	0	0.245328	-1.70E-05	3.096353	2.00E-06
4.567	0	0	0	0.2	0	-0.3	0	0	0	77.09716	711.886658	-34.48753	-0.139735	0	0.245479	-1.70E-05	3.094942	-7.00E-06
4.568	0	0	0	0.2	0	-0.3	0	0	0	77.178619	711.886658	-33.939217	-0.139551	0	0.24597	-1.00E-05	3.094942	-7.00E-06
4.569	0	0	0	0.2	0	-0.3	0	0	0	77.332878	711.180786	-33.46899	-0.139752	0	0.24597	-9.00E-06	3.057337	-9.00E-06
4.57	0	0	0	0.2	0	-0.3	0	0	0	77.332878	711.180786	-32.842308	-0.139767	0	0.24597	-9.00E-06	3.057337	-7.00E-06
4.571	0	0	0	0.2	0	-0.3	0	0	0	76.864334	719.289795	-32.842308	-0.139767	0	0.246156	-6.00E-06	3.102398	-7.00E-06
4.572	0	0	0	0.2	0	-0.3	0	0	0	76.709343	719.289795	-32.685726	-0.140041	0	0.2472	-6.00E-06	3.102398	-7.00E-06
4.573	0	0	0	0.2	0	-0.3	0	0	0	76.706467	721.50116	-32.529026	-0.139741	0	0.247213	-4.00E-06	3.126657	-5.00E-06
4.574	0	0	0	0.2	0	-0.3	0	0	0	76.630051	721.299805	-31.745642	-0.139507	0	0.247727	-4.00E-06	3.117568	-3.00E-06
4.575	0	0	0	0.2	0	-0.3	0	0	0	76.554367	721.299805	-31.43232	-0.139507	0	0.247727	-4.00E-06	3.147448	-3.00E-06
4.576	0	0	0	0.2	0	-0.3	0	0	0	75.929398	721.299805	-31.354029	-0.139683	0	0.247692	-6.00E-06	3.147448	-6.00E-06
4.577	0	0	0	0.2	0	-0.3	0	0	0	75.929398	722.499084	-31.197327	-0.139683	0	0.247692	-6.00E-06	3.263648	-1.00E-05
4.578	0	0	0	0.2	0	-0.3	0	0	0	75.929398	725.761841	-30.492151	-0.139683	0	0.248718	-1.10E-05	3.307304	-1.00E-05
4.579	0	0	0	0.2	0	-0.3	0	0	0	75.850105	729.021667	-30.492151	-0.139752	0	0.24881	-6.00E-06	3.358817	-6.00E-06
4.58	0	0	0	0.2	0	-0.3	0	0	0	75.850105	729.021667	-30.492151	-0.139919	0	0.249146	-6.00E-06	3.330231	-5.00E-06
4.581	0	0	0	0.2	0	-0.3	0	0	0	76.084373	725.911499	-29.865467	-0.139752	0	0.249146	-6.00E-06	3.330231	-6.00E-06
4.582	0	0	0	0.2	0	-0.3	0	0	0	76.165115	725.911499	-29.238823	-0.139919	0	0.249152	-1.00E-05	3.310062	-3.00E-06
4.583	0	0	0	0.2	0	-0.3	0	0	0	76.242966	728.145325	-29.865467	-0.139749	0	0.249152	-1.00E-05	3.310062	-4.00E-06
4.584	0	0	0	0.2	0	-0.3	0	0	0	76.870102	729.664246	-29.787458	-0.139749	0	0.250481	-8.00E-06	3.337063	-3.00E-06
4.585	0	0	0	0.2	0	-0.3	0	0	0	76.870102	729.664246	-29.865549	-0.139691	0	0.250595	-7.00E-06	3.345915	-4.00E-06
4.586	0	0	0	0.2	0	-0.3	0	0	0	76.79081	729.664246	-30.10074	-0.139597	0	0.250608	-8.00E-06	3.337063	-5.00E-06
4.587	0	0	0	0.2	0	-0.3	0	0	0	76.790085	729.487549	-30.10074	-0.139691	0	0.251198	-1.40E-05	3.345915	-5.00E-06
4.588	0	0	0	0.2	0	-0.3	0	0	0	76.790085	725.855164	-29.709009	-0.139574	0	0.251198	-1.40E-05	3.408608	-5.00E-06
4.589	0	0	0	0.2	0	-0.3	0	0	0	77.182945	725.855164	-29.003832	-0.139742	0	0.251741	-1.40E-05	3.408608	-3.00E-06
4.59	0	0	0	0.2	0	-0.3	0	0	0	77.182945	726.705261	-29.003832	-0.139523	0	0.25221	-1.20E-05	3.360748	-3.00E-06
4.591	0	0	0	0.2	0	-0.3	0	0	0	76.631493	729.089844	-29.630678	-0.139534	0	0.252427	-1.20E-05	3.360748	-6.00E-06
4.592	0	0	0	0.2	0	-0.3	0	0	0	75.929398	729.089844	-29.630678	-0.139534	0	0.252731	-1.20E-05	3.462956	-6.00E-06
4.593	0	0	0	0.2	0	-0.3	0	0	0	75.302979	727.190063	-28.847092	-0.139862	0	0.25305	-1.20E-05	3.462956	-4.00E-06
4.594	0	0	0	0.2	0	-0.3	0	0	0	75.29937	726.34613	-28.455399	-0.139893	0	0.252957	-1.20E-05	3.418939	-4.00E-06
4.595	0	0	0	0.2	0	-0.3	0	0	0	75.29937	727.190063	-28.298817	-0.139862	0	0.25325	-1.20E-05	3.418939	-4.00E-06
4.596	0	0	0	0.2	0	-0.3	0	0	0	75.29937	727.347046	-28.455399	-0.139742	0	0.253993	-1.20E-05	3.453811	-2.00E-06
4.597	0	0	0	0.2	0	-0.3	0	0	0	74.98436	727.347046	-28.298496	-0.13962	0	0.254041	-9.00E-06	3.464961	0
4.598	0	0	0	0.2	0	-0.3	0	0	0	74.983635	727.342773	-28.298574	-0.13957	0	0.254348	-9.00E-06	3.453811	-2.00E-06
4.599	0	0	0	0.2	0	-0.3	0	0	0	73.571495	727.342773	-28.298496	-0.139449	0	0.254348	-9.00E-06	3.442541	-7.00E-06
4.6	0	0	0	0.2	0	-0.3	0	0	0	73.571495	727.342773	-27.985132	-0.13957	0	0.25558	-9.00E-06	3.440716	-7.00E-06
4.601	0	0	0	0.2	0	-0.3	0	0	0	74.040047	724.228394	-26.574862	-0.139626	0	0.25558	-1.00E-05	3.349455	-5.00E-06
4.602	0	0	0	0.2	0	-0.3	0	0	0	74.195747	724.228394	-26.496571	-0.139626	0	0.25558	-1.00E-05	3.349455	-5.00E-06
4.603	0	0	0	0.2	0	-0.3	0	0	0	74.040047	723.192017	-26.496571	-0.139346	0	0.255708	-9.00E-06	3.349455	-5.00E-06
4.604	0	0	0	0.2	0	-0.3	0	0	0	73.801437	721.288879	-26.65299	-0.139346	0	0.255708	-7.00E-06	3.353182	-7.00E-06
4.605	0	0	0	0.2	0	-0.3	0	0	0	73.487152	721.288879	-26.65299	-0.139618	0	0.255708	-7.00E-06	3.417814	-2.00E-06
4.606	0	0	0	0.2	0	-0.3	0	0	0	73.487152	720.737915	-25.164227	-0.139618	0	0.256886	-2.00E-06	3.417814	-1.10E-05
4.607	0	0	0	0.2	0	-0.3	0	0	0	73.487152	721.942566	-24.772615	-0.139571	0	0.257284	-5.00E-06	3.33354	-4.00E-06
4.608	0	0	0	0.2	0	-0.3	0	0	0	73.484268	720.737915	-24.615875	-0.139339	0	0.257304	0	3.25486	-8.00E-06
4.609	0	0	0	0.2	0	-0.3	0	0	0	73.325676	718.144775	-23.832529	-0.139304	0	0.257693	-5.00E-06	3.250192	-4.00E-06
4.61	0	0	0	0.2	0	-0.3	0	0	0	73.325676	717.971497	-23.832529	-0.139152	0	0.257693	-1.70E-05	3.250192	-1.00E-06
4.611	0	0	0	0.2	0	-0.3	0	0	0	72.545006	717.971497	-23.910578	-0.139152	0	0.257732	-1.70E-05	3.371656	-1.00E-06
4.612	0	0	0	0.2	0	-0.3	0	0	0	72.545006	720.351074	-23.910578	-0.13907	0	0.258958	0	3.371656	0
4.613	0	0	0	0.2	0	-0.3	0	0	0	72.545006	720.351074	-23.753916	-0.13921	0	0.259132	0	3.34257	0
4.614	0	0	0	0.2	0	-0.3	0	0	0	71.992111	717.258301	-23.675545	-0.139109	0	0.259222	0	3.296911	1.00E-06
4.615	0	0	0	0.2	0	-0.3	0	0	0	71.914978	717.252869	-23.12711	-0.139222	0	0.259222	-8.00E-06	3.296911	1.00E-06
4.616	0	0	0	0.2	0	-0.3	0	0	0	70.739273	716.569397	-22.735216	-0.139201	0	0.259222	-3.00E-06	3.296911	0
4.617	0	0	0	0.2	0	-0.3	0	0	0	70.739273	715.014404	-22.421774	-0.13939	0	0.260013	-1.80E-05	3.284638	0
4.618	0	0	0	0.2	0	-0.3	0	0	0	70.739273	715.014404	-22.186581	-0.139201	0	0.260013	-3.00E-06	3.35687	0
4.619	0	0	0	0.2	0	-0.3	0	0	0	70.734947	717.915039	-22.186581	-0.139024	0	0.260868	-5.00E-06	3.386147	-6.00E-06
4.62	0	0	0	0.2	0	-0.3	0	0	0	70.498512	717.915039	-22.186581	-0.139024	0	0.26088	1.00E-06	3.386147	-6.00E-06
4.621	0	0	0	0.2	0	-0.3	0	0	0	70.497787	712.041626	-21.089592	-0.139024	0	0.260944	-5.00E-06	3.388086	-7.00E-06
4.622	0	0	0	0.2	0	-0.3	0	0	0	70.497787	711.028381	-20.462786	-0.138984	0	0.261235	-5.00E-06	3.362278	-7.00E-06
4.623	0	0	0	0.2	0	-0.3	0	0	0	70.414886	711.550232	-20.227674	-0.138984	0	0.261473	-6.00E-06	3.231591	-7.00E-06
4.624	0	0	0	0.2	0	-0.3	0	0	0	70.020576	711.550232	-20.227674	-0.138984	0	0.261473	-6.00E-06	3.231591	-6.00E-06
4.625	0	0	0	0.2	0	-0.3	0	0	0	70.020576	711.550232	-20.070812	-0.138801	0	0.262302	-2.00E-06	3.25277	-6.00E-06
4.626	0	0	0	0.2	0	-0.3	0	0	0	69.238457	707.038757	-19.679079	-0.138801	0	0.262302	0	3.25277	-1.30E-05
4.627	0	0	0	0.2	0	-0.3	0	0	0	69.238457	706.512207	-18.895493	-0.138632	0	0.262302	2.00E-06	3.25277	-1.30E-05
4.628	0	0	0	0.2	0	-0.3	0	0	0	69.317757	704.465576	-18.582088	-0.138911	0	0.26288	2.00E-06	3.186198	-9.00E-06
4.629	0	0	0	0.2	0	-0.3	0	0	0	69.624832	701.184204	-17.6418	-0.138765	0	0.263076	1.00E-06	3.161443	-9.00E-06
4.63	0	0	0	0.2	0	-0.3	0	0	0	69.624832	701.184204	-17.6418	-0.138911	0	0.263547	1.00E-06	3.127338	-8.00E-06
4.631	0	0	0	0.2	0	-0.3	0	0	0	68.916954	703.739624	-18.033373	-0.138765	0	0.263732	-8.00E-06	3.127338	-8.00E-06
4.632	0	0	0	0.2	0	-0.3	0	0	0	68.446243	703.739624	-18.033373	-0.13849	0	0.263732	5.00E-06	3.130327	-8.00E-06
4.633	0	0	0	0.2	0	-0.3	0	0	0	67.586273	702.195984	-17.093245	-0.13849	0	0.263732	5.00E-06	3.13161	-4.00E-06
4.634	0	0	0	0.2	0	-0.3	0	0	0	67.586273	701.841064	-16.623062	-0.138585	0	0.264184	5.00E-06	3.238912	-4.00E-06
4.635	0	0	0	0.2	0	-0.3	0	0	0	67.736923	702.195984	-16.309698	-0.138585	0	0.264675	-9.00E-06	3.238912	-4.00E-06
4.636	0	0	0	0.2	0	-0.3	0	0	0	67.736923	701.841064	-15.526073	-0.13853	0	0.266011	-9.00E-06	3.249941	-6.00E-06
4.637	0	0	0	0.2	0	-0.3	0	0	0	67.189079	700.963135	-15.4475	-0.138446	0	0.266011	-6.00E-06	3.233316	-1.00E-06
4.638	0	0	0	0.2	0	-0.3	0	0	0	67.114838	697.864624	-15.4475	-0.138446	0	0.265627	-6.00E-06	3.369948	-6.00E-06
4.639	0	0	0	0.2	0	-0.3	0	0	0	65.465538	697.864624	-15.604242	-0.138446	0	0.265627	-1.50E-05	3.233316	-4.00E-06
4.64	0	0	0	0.2	0	-0.3	0	0	0	65.465538	697.864624	-15.604242	-0.138573	0	0.265763	-2.30E-05	3.13541	-7.00E-06
4.641	0	0	0	0.2	0	-0.3	0	0	0	66.39975	697.334229	-13.802117	-0.138573	0	0.265763	-2.30E-05	3.03212	-4.00E-06
4.642	0	0	0	0.2	0	-0.3	0	0	0	66.39975	694.396118	-13.488915	-0.138134	0	0.266488	-1.60E-05	3.03212	2.00E-06
4.643	0	0	0	0.2	0	-0.3	0	0	0	66.244766	693.532043	-13.331893	-0.138134	0	0.267281	-1.10E-05	3.162046	2.00E-06
4.644	0	0	0	0.2	0	-0.3	0	0	0	65.772606	693.532043	-12.704926	-0.138207	0	0.267554	-1.10E-05	3.162046	-1.20E-05
4.645	0	0	0	0.2	0	-0.3	0	0	0	65.30117	690.268433	-12.313233	-0.138606	0	0.267554	-7.00E-06	3.162046	-1.20E-05
4.646	0	0	0	0.2	0	-0.3	0	0	0	65.30117	690.268433	-12.313033	-0.138606	0	0.267706	-1.10E-05	3.212967	-5.00E-06
4.647	0	0	0	0.2	0	-0.3	0	0	0	65.220436	690.091064	-12.078	-0.138237	0	0.268841	-7.00E-06	3.212967	-5.00E-06
4.648	0	0	0	0.2	0	-0.3	0	0	0	65.610413	689.882324	-11.764516	-0.138233	0	0.268841	-5.00E-06	3.194309	-5.00E-06
4.649	0	0	0	0.2	0	-0.3	0	0	0	65.531845	684.727478	-11.372582	-0.138148	0	0.268841	-2.00E-06	3.194309	-5.00E-06
4.65	0	0	0	0.2	0	-0.3	0	0	0	65.531845	682.463257	-11.372582	-0.138148	0	0.269262	-2.00E-06	3.19602	-7.00E-06
4.651	0	0	0	0.2	0	-0.3	0	0	0	64.201157	682.463257	-11.450793	-0.138148	0	0.269326	-1.70E-05	3.19602	-6.00E-06
4.652	0	0	0	0.2	0	-0.3	0	0	0	64.201157	685.079224	-11.450793	-0.138138	0	0.269627	-1.70E-05	3.126464	-6.00E-06
4.653	0	0	0	0.2	0	-0.3	0	0	0	63.727558	685.079224	-11.372261	-0.138138	0	0.270709	-1.50E-05	3.126464	-4.00E-06
4.654	0	0	0	0.2	0	-0.3	0	0	0	63.411106	682.62207	-10.745456	-0.137714	0	0.270709	-1.40E-05	3.097492	-4.00E-06
4.655	0	0	0	0.2	0	-0.3	0	0	0	63.097534	679.360535	-10.275433	-0.137714	0	0.270935	1.00E-06	3.20349	2.00E-06
4.656	0	0	0	0.2	0	-0.3	0	0	0	62.626823	679.360535	-9.491605	-0.137939	0	0.270935	3.00E-06	3.215135	2.00E-06
4.657	0	0	0	0.2	0	-0.3	0	0	0	62.390381	678.165894	-9.491605	-0.138276	0	0.27172	1.00E-06	3.215135	2.00E-06
4.658	0	0	0	0.2	0	-0.3	0	0	0	61.918945	680.368713	-9.648345	-0.138142	0	0.272206	3.00E-06	3.212716	0
4.659	0	0	0	0.2	0	-0.3	0	0	0	61.448952	681.578308	-9.883297	-0.138142	0	0.272891	4.00E-06	3.208472	0
4.66	0	0	0	0.2	0	-0.3	0	0	0	61.444626	681.578308	-9.883297	-0.138142	0	0.273242	4.00E-06	3.208472	0
4.661	0	0	0	0.2	0	-0.3	0	0	0	61.054649	671.761597	-8.316043	-0.138002	0	0.273315	-5.00E-06	3.208472	-2.00E-06
4.662	0	0	0	0.2	0	-0.3	0	0	0	61.130333	670.034668	-7.845577	-0.138002	0	0.273315	-1.60E-05	3.192981	-2.00E-06
4.663	0	0	0	0.2	0	-0.3	0	0	0	61.130333	669.518921	-7.767406	-0.13796	0	0.273399	-5.00E-06	3.192981	-6.00E-06
4.664	0	0	0	0.2	0	-0.3	0	0	0	61.130333	670.034668	-7.532294	-0.13796	0	0.27395	-1.80E-05	3.192981	2.00E-06
4.665	0	0	0	0.2	0	-0.3	0	0	0	61.047432	669.505493	-7.297182	-0.137808	0	0.274628	-6.00E-06	3.24242	-6.00E-06
4.666	0	0	0	0.2	0	-0.3	0	0	0	60.658897	668.461243	-7.218651	-0.137638	0	0.274628	-8.00E-06	3.24242	-6.00E-06
4.667	0	0	0	0.2	0	-0.3	0	0	0	60.495262	664.165527	-6.748466	-0.137638	0	0.274523	-8.00E-06	3.14593	-6.00E-06
4.668	0	0	0	0.2	0	-0.3	0	0	0	60.495262	662.958496	-6.748426	-0.137743	0	0.274523	-9.00E-06	3.101552	-7.00E-06
4.669	0	0	0	0.2	0	-0.3	0	0	0	61.039494	662.439636	-5.102881	-0.137743	0	0.275401	-9.00E-06	3.101552	-2.00E-06
4.67	0	0	0	0.2	0	-0.3	0	0	0	61.039494	662.439636	-5.102881	-0.13756	0	0.275802	-6.00E-06	3.101552	-2.00E-06
4.671	0	0	0	0.2	0	-0.3	0	0	0	59.709538	663.628418	-5.494494	-0.137311	0	0.275973	-6.00E-06	2.983545	-2.00E-06
4.672	0	0	0	0.2	0	-0.3	0	0	0	59.310177	663.628418	-5.494494	-0.137235	0	0.275973	-1.40E-05	2.983545	-3.00E-06
4.673	0	0	0	0.2	0	-0.3	0	0	0	59.000938	658.98053	-4.946019	-0.137311	0	0.275973	-1.40E-05	2.983545	-3.00E-06
4.674	0	0	0	0.2	0	-0.3	0	0	0	58.291618	658.978577	-4.789076	-0.13747	0	0.276315	-1.20E-05	3.001409	-3.00E-06
4.675	0	0	0	0.2	0	-0.3	0	0	0	58.291618	658.093323	-3.692168	-0.13747	0	0.27671	-6.00E-06	3.001409	-3.00E-06
4.676	0	0	0	0.2	0	-0.3	0	0	0	58.291618	658.093323	-3.457176	-0.137574	0	0.27747	-1.20E-05	2.950855	-3.00E-06
4.677	0	0	0	0.2	0	-0.3	0	0	0	58.288013	656.547302	-2.986911	-0.137555	0	0.277519	-1.00E-06	2.941317	-6.00E-06
4.678	0	0	0	0.2	0	-0.3	0	0	0	57.973721	655.512756	-2.986911	-0.137555	0	0.277629	-2.00E-06	2.891746	-2.00E-06
4.679	0	0	0	0.2	0	-0.3	0	0	0	56.797298	655.512756	-3.300033	-0.137442	0	0.277629	-2.00E-06	2.891746	-9.00E-06
4.68	0	0	0	0.2	0	-0.3	0	0	0	56.795132	655.512756	-3.300033	-0.137442	0	0.277639	-3.00E-06	2.879304	-4.00E-06
4.681	0	0	0	0.2	0	-0.3	0	0	0	56.480843	653.095398	-0.871344	-0.13743	0	0.278989	-8.00E-06	2.935002	-4.00E-06
4.682	0	0	0	0.2	0	-0.3	0	0	0	56.63438	652.904846	-0.71428	-0.137471	0	0.279024	-8.00E-06	2.834561	-4.00E-06
4.683	0	0	0	0.2	0	-0.3	0	0	0	56.480843	648.269287	-0.557699	-0.13741	0	0.279024	2.00E-06	2.823729	-4.00E-06
4.684	0	0	0	0.2	0	-0.3	0	0	0	56.320812	648.269287	-0.322547	-0.13741	0	0.279024	2.00E-06	2.823729	-4.00E-06
4.685	0	0	0	0.2	0	-0.3	0	0	0	56.085819	647.07074	-0.322547	-0.13712	0	0.2798	-5.00E-06	2.789972	-4.00E-06
4.686	0	0	0	0.2	0	-0.3	0	0	0	56.002193	646.538757	-0.322466	-0.13712	0	0.280071	-5.00E-06	2.691004	-5.00E-06
4.687	0	0	0	0.2	0	-0.3	0	0	0	55.921455	646.538757	0.539451	-0.137248	0	0.280222	-5.00E-06	2.676826	-5.00E-06
4.688	0	0	0	0.2	0	-0.3	0	0	0	56.002193	646.538757	1.009635	-0.137248	0	0.280978	-5.00E-06	2.691004	0
4.689	0	0	0	0.2	0	-0.3	0	0	0	56.153564	640.656494	1.40157	-0.137084	0	0.280978	-5.00E-06	2.66659	0
4.69	0	0	0	0.2	0	-0.3	0	0	0	56.153564	640.656494	2.341617	-0.136771	0	0.281136	-7.00E-06	2.730095	-5.00E-06
4.691	0	0	0	0.2	0	-0.3	0	0	0	54.355057	641.53595	2.341617	-0.137084	0	0.280945	-3.00E-06	2.554817	-6.00E-06
4.692	0	0	0	0.2	0	-0.3	0	0	0	54.192139	641.53595	3.203655	-0.137093	0	0.281728	-7.00E-06	2.485981	-6.00E-06
4.693	0	0	0	0.2	0	-0.3	0	0	0	54.189251	641.53595	2.341979	-0.137093	0	0.281815	-7.00E-06	2.485981	-6.00E-06
4.694	0	0	0	0.2	0	-0.3	0	0	0	54.189251	640.669922	2.968904	-0.137083	0	0.282778	-7.00E-06	2.485981	-6.00E-06
4.695	0	0	0	0.2	0	-0.3	0	0	0	54.108517	636.342957	2.968904	-0.137083	0	0.282778	-1.00E-05	2.443784	-3.00E-06
4.696	0	0	0	0.2	0	-0.3	0	0	0	53.557785	636.342957	3.752451	-0.136993	0	0.282346	-1.00E-05	2.427626	-1.00E-06
4.697	0	0	0	0.2	0	-0.3	0	0	0	53.557785	636.509827	4.144305	-0.13709	0	0.282346	-1.00E-05	2.427626	-3.00E-06
4.698	0	0	0	0.2	0	-0.3	0	0	0	53.557785	636.52533	4.144305	-0.137119	0	0.283926	-1.10E-05	2.388148	-7.00E-06
4.699	0	0	0	0.2	0	-0.3	0	0	0	52.068516	637.372681	4.066135	-0.137119	0	0.283967	-1.10E-05	2.439309	-7.00E-06
4.7	0	0	0	0.2	0	-0.3	0	0	0	52.068516	637.372681	4.066135	-0.136894	0	0.284436	-1.20E-05	2.437345	-7.00E-06
4.701	0	0	0	0.2	0	-0.3	0	0	0	52.534897	632.528809	5.319987	-0.136528	0	0.284442	-1.20E-05	2.437345	-3.00E-06
4.702	0	0	0	0.2	0	-0.3	0	0	0	52.534897	627.551392	5.790051	-0.136528	0	0.284442	-1.80E-05	2.420171	-6.00E-06
4.703	0	0	0	0.2	0	-0.3	0	0	0	52.450554	627.551392	6.103373	-0.13661	0	0.284442	-1.80E-05	2.237152	-5.00E-06
4.704	0	0	0	0.2	0	-0.3	0	0	0	52.446228	628.059814	6.730299	-0.136638	0	0.284868	-3.00E-06	2.203762	-5.00E-06
4.705	0	0	0	0.2	0	-0.3	0	0	0	52.446228	628.059814	6.80871	-0.136612	0	0.285176	-3.00E-06	2.203762	-5.00E-06
4.706	0	0	0	0.2	0	-0.3	0	0	0	51.819809	626.496765	6.965331	-0.136612	0	0.285869	-3.00E-06	2.079393	-9.00E-06
4.707	0	0	0	0.2	0	-0.3	0	0	0	51.353424	625.459167	7.435515	-0.13642	0	0.285869	-1.00E-06	2.079393	-9.00E-06
4.708	0	0	0	0.2	0	-0.3	0	0	0	51.819809	621.340881	7.435717	-0.13642	0	0.28566	-1.30E-05	2.072517	-6.00E-06
4.709	0	0	0	0.2	0	-0.3	0	0	0	52.206902	619.265564	8.689326	-0.136561	0	0.28566	-2.00E-06	1.996572	-2.00E-06
4.71	0	0	0	0.2	0	-0.3	0	0	0	52.206902	619.265564	8.689326	-0.136561	0	0.286983	-1.40E-05	1.993591	-2.00E-06
4.711	0	0	0	0.2	0	-0.3	0	0	0	50.556152	620.808044	8.689609	-0.136594	0	0.286983	-2.00E-06	1.953508	2.00E-06
4.712	0	0	0	0.2	0	-0.3	0	0	0	50.477585	620.808044	8.689609	-0.136496	0	0.286983	-1.40E-05	1.887247	-5.00E-06
4.713	0	0	0	0.2	0	-0.3	0	0	0	49.697628	618.224548	8.689729	-0.136534	0	0.287045	-1.10E-05	1.860571	-6.00E-06
4.714	0	0	0	0.2	0	-0.3	0	0	0	49.617615	616.84436	9.316333	-0.136496	0	0.287293	-1.10E-05	1.860571	-6.00E-06
4.715	0	0	0	0.2	0	-0.3	0	0	0	49.226913	616.84436	9.551485	-0.136534	0	0.2877	-1.10E-05	1.927513	-3.00E-06
4.716	0	0	0	0.2	0	-0.3	0	0	0	49.617615	615.968384	9.865089	-0.136361	0	0.288204	-3.00E-06	1.927513	-3.00E-06
4.717	0	0	0	0.2	0	-0.3	0	0	0	49.226913	615.968384	9.943541	-0.136259	0	0.288877	-2.00E-06	1.897094	-3.00E-06
4.718	0	0	0	0.2	0	-0.3	0	0	0	49.13752	615.123596	9.943541	-0.136259	0	0.288877	-2.00E-06	1.723681	-4.00E-06
4.719	0	0	0	0.2	0	-0.3	0	0	0	48.904686	615.123596	9.943661	-0.136259	0	0.289291	-3.00E-06	1.723681	-5.00E-06
4.72	0	0	0	0.2	0	-0.3	0	0	0	48.90036	615.123596	9.943661	-0.136526	0	0.289214	-8.00E-06	1.723681	-5.00E-06
4.721	0	0	0	0.2	0	-0.3	0	0	0	48.904686	611.129761	11.980899	-0.136172	0	0.289607	-8.00E-06	1.702518	-7.00E-06
4.722	0	0	0	0.2	0	-0.3	0	0	0	49.759605	609.574463	11.980899	-0.135917	0	0.290492	-3.00E-06	1.702518	-4.00E-06
4.723	0	0	0	0.2	0	-0.3	0	0	0	49.759605	609.574463	11.980899	-0.135917	0	0.290492	-3.00E-06	1.702518	-4.00E-06
4.724	0	0	0	0.2	0	-0.3	0	0	0	49.364578	607.53479	12.451365	-0.135935	0	0.29017	-8.00E-06	1.697512	-4.00E-06
4.725	0	0	0	0.2	0	-0.3	0	0	0	48.268173	607.53479	12.764405	-0.136065	0	0.29017	-8.00E-06	1.633456	-4.00E-06
4.726	0	0	0	0.2	0	-0.3	0	0	0	48.19104	607.53479	12.843018	-0.136307	0	0.290407	-9.00E-06	1.633456	-8.00E-06
4.727	0	0	0	0.2	0	-0.3	0	0	0	47.951714	606.315857	13.078171	-0.136456	0	0.290825	-9.00E-06	1.574755	-8.00E-06
4.728	0	0	0	0.2	0	-0.3	0	0	0	47.951714	605.809814	13.626604	-0.136456	0	0.291086	-9.00E-06	1.516874	-1.00E-05
4.729	0	0	0	0.2	0	-0.3	0	0	0	47.949551	602.856689	14.880095	-0.136	0	0.29144	-5.00E-06	1.473999	-2.00E-06
4.73	0	0	0	0.2	0	-0.3	0	0	0	47.949551	602.682739	14.880095	-0.135742	0	0.291802	-5.00E-06	1.473999	-8.00E-06
4.731	0	0	0	0.2	0	-0.3	0	0	0	46.695278	602.682739	14.41007	-0.135742	0	0.29144	-1.00E-06	1.45938	-5.00E-06
4.732	0	0	0	0.2	0	-0.3	0	0	0	46.693115	603.560608	14.41007	-0.136057	0	0.291802	-4.00E-06	1.345018	-5.00E-06
4.733	0	0	0	0.2	0	-0.3	0	0	0	46.693115	603.719177	15.663721	-0.136083	0	0.292274	-4.00E-06	1.339886	-5.00E-06
4.734	0	0	0	0.2	0	-0.3	0	0	0	46.693115	603.719177	15.663801	-0.136057	0	0.292856	-9.00E-06	1.317763	-1.00E-06
4.735	0	0	0	0.2	0	-0.3	0	0	0	46.06237	602.148499	15.820543	-0.135982	0	0.292856	-1.00E-05	1.27246	-2.00E-06
4.736	0	0	0	0.2	0	-0.3	0	0	0	46.06237	599.059204	16.055614	-0.135905	0	0.293339	-1.00E-05	1.27246	-2.00E-06
4.737	0	0	0	0.2	0	-0.3	0	0	0	45.82737	599.059204	16.055817	-0.135982	0	0.293391	-1.00E-05	1.27246	-6.00E-06
4.738	0	0	0	0.2	0	-0.3	0	0	0	45.360985	600.432007	16.055614	-0.136108	0	0.293409	-1.00E-05	1.330888	-6.00E-06
4.739	0	0	0	0.2	0	-0.3	0	0	0	44.653831	602.990845	16.525799	-0.136108	0	0.294138	-1.10E-05	1.265469	-6.00E-06
4.74	0	0	0	0.2	0	-0.3	0	0	0	44.653831	602.990845	16.525799	-0.136108	0	0.294951	-1.90E-05	1.265673	-6.00E-06
4.741	0	0	0	0.2	0	-0.3	0	0	0	45.198792	599.555603	16.525799	-0.135933	0	0.294951	-1.90E-05	1.265469	-6.00E-06
4.742	0	0	0	0.2	0	-0.3	0	0	0	45.198792	595.59729	18.406376	-0.135985	0	0.294468	-1.90E-05	1.193071	-6.00E-06
4.743	0	0	0	0.2	0	-0.3	0	0	0	45.276642	594.566223	18.406376	-0.135985	0	0.294468	-1.50E-05	1.193071	-5.00E-06
4.744	0	0	0	0.2	0	-0.3	0	0	0	44.33305	595.59729	19.503124	-0.135985	0	0.294889	-1.50E-05	1.200014	-4.00E-06
4.745	0	0	0	0.2	0	-0.3	0	0	0	44.33305	597.651978	19.503527	-0.136163	0	0.295518	0	1.200014	2.00E-06
4.746	0	0	0	0.2	0	-0.3	0	0	0	43.314491	597.651978	19.581738	-0.135916	0	0.295542	0	1.130668	0
4.747	0	0	0	0.2	0	-0.3	0	0	0	43.159515	597.468811	20.208422	-0.135893	0	0.295542	0	1.008354	2.00E-06
4.748	0	0	0	0.2	0	-0.3	0	0	0	42.920906	595.925903	20.443333	-0.135821	0	0.295542	-1.00E-05	0.996023	0
4.749	0	0	0	0.2	0	-0.3	0	0	0	42.689522	592.663086	21.618813	-0.135893	0	0.29587	-8.00E-06	0.996023	-1.00E-06
4.75	0	0	0	0.2	0	-0.3	0	0	0	42.296658	592.663086	21.618813	-0.135772	0	0.296246	-1.00E-05	0.942645	-3.00E-06
4.751	0	0	0	0.2	0	-0.3	0	0	0	42.062382	596.075562	21.618855	-0.135772	0	0.297369	-8.00E-06	1.072334	-3.00E-06
4.752	0	0	0	0.2	0	-0.3	0	0	0	41.979481	596.075562	22.089119	-0.135772	0	0.297369	-1.10E-05	1.027289	-3.00E-06
4.753	0	0	0	0.2	0	-0.3	0	0	0	40.730255	596.075562	22.089119	-0.135868	0	0.297369	-1.20E-05	1.027289	-5.00E-06
4.754	0	0	0	0.2	0	-0.3	0	0	0	40.022385	595.561035	22.637512	-0.135868	0	0.297033	-1.20E-05	0.900505	-5.00E-06
4.755	0	0	0	0.2	0	-0.3	0	0	0	40.022385	596.605103	23.029125	-0.135789	0	0.297486	-1.20E-05	0.860146	-5.00E-06
4.756	0	0	0	0.2	0	-0.3	0	0	0	40.178806	596.605103	24.047501	-0.135789	0	0.297486	-2.10E-05	0.827668	-1.00E-06
4.757	0	0	0	0.2	0	-0.3	0	0	0	40.178806	596.605103	24.126034	-0.135789	0	0.298475	-2.10E-05	0.771227	-7.00E-06
4.758	0	0	0	0.2	0	-0.3	0	0	0	39.626633	598.315735	24.125952	-0.135812	0	0.298475	-6.00E-06	0.69567	-7.00E-06
4.759	0	0	0	0.2	0	-0.3	0	0	0	38.140251	598.315735	24.361107	-0.135432	0	0.298391	-6.00E-06	0.69567	-8.00E-06
4.76	0	0	0	0.2	0	-0.3	0	0	0	38.140251	598.315735	24.831291	-0.135812	0	0.298391	-6.00E-06	0.731372	-7.00E-06
4.761	0	0	0	0.2	0	-0.3	0	0	0	38.140251	597.092163	26.163109	-0.135476	0	0.298829	-4.00E-06	0.81212	-6.00E-06
4.762	0	0	0	0.2	0	-0.3	0	0	0	37.59457	597.092163	26.633255	-0.135877	0	0.299902	-4.00E-06	0.81212	-4.00E-06
4.763	0	0	0	0.2	0	-0.3	0	0	0	37.59457	597.092163	26.946657	-0.135615	0	0.299902	-4.00E-06	0.733395	-4.00E-06
4.764	0	0	0	0.2	0	-0.3	0	0	0	37.435261	594.703857	27.49497	-0.135877	0	0.299657	-6.00E-06	0.589505	-8.00E-06
4.765	0	0	0	0.2	0	-0.3	0	0	0	36.416698	594.703857	27.573339	-0.135981	0	0.299657	-6.00E-06	0.531162	-8.00E-06
4.766	0	0	0	0.2	0	-0.3	0	0	0	36.180264	595.383423	28.513508	-0.136004	0	0.300084	-1.00E-05	0.560855	-8.00E-06
4.767	0	0	0	0.2	0	-0.3	0	0	0	35.86525	597.273438	28.748579	-0.135981	0	0.30027	-1.30E-05	0.531162	2.00E-06
4.768	0	0	0	0.2	0	-0.3	0	0	0	36.180264	597.273438	29.14007	-0.135979	0	0.300927	-1.30E-05	0.462994	2.00E-06
4.769	0	0	0	0.2	0	-0.3	0	0	0	35.86525	595.386902	30.23698	-0.135807	0	0.300927	-8.00E-06	0.391639	-4.00E-06
4.77	0	0	0	0.2	0	-0.3	0	0	0	35.787399	595.386902	30.23698	-0.135979	0	0.301751	-8.00E-06	0.403172	-4.00E-06
4.771	0	0	0	0.2	0	-0.3	0	0	0	34.301014	597.967346	30.23698	-0.136177	0	0.301957	-9.00E-06	0.403172	-4.00E-06
4.772	0	0	0	0.2	0	-0.3	0	0	0	34.301014	598.474548	30.237303	-0.136456	0	0.302666	-9.00E-06	0.462685	-3.00E-06
4.773	0	0	0	0.2	0	-0.3	0	0	0	34.924545	600.886414	30.237303	-0.136456	0	0.303155	-9.00E-06	0.462685	-1.00E-06
4.774	0	0	0	0.2	0	-0.3	0	0	0	35.001675	600.886414	29.84553	-0.136546	0	0.304079	-1.10E-05	0.424945	0
4.775	0	0	0	0.2	0	-0.3	0	0	0	35.234505	599.172241	29.84553	-0.136813	0	0.304486	-1.10E-05	0.421037	-1.00E-06
4.776	0	0	0	0.2	0	-0.3	0	0	0	35.234505	597.28949	30.785818	-0.136813	0	0.304996	-1.30E-05	0.37748	-1.00E-05
4.777	0	0	0	0.2	0	-0.3	0	0	0	35.309467	595.729187	31.09918	-0.136953	0	0.304996	-1.10E-05	0.37748	-1.00E-05
4.778	0	0	0	0.2	0	-0.3	0	0	0	34.998787	595.729187	30.785818	-0.136916	0	0.305206	-1.10E-05	0.381103	-7.00E-06
4.779	0	0	0	0.2	0	-0.3	0	0	0	35.309467	601.23468	31.020887	-0.136916	0	0.305206	-4.00E-06	0.381103	-2.00E-06
4.78	0	0	0	0.2	0	-0.3	0	0	0	35.233059	601.23468	31.020887	-0.136351	0	0.305206	-4.00E-06	0.369847	-7.00E-06
4.781	0	0	0	0.2	0	-0.3	0	0	0	35.233059	599.32074	31.41234	-0.136166	0	0.305468	0	0.369847	-9.00E-06
4.782	0	0	0	0.2	0	-0.3	0	0	0	35.0788	599.32074	31.882242	-0.136083	0	0.304998	0	0.369847	-9.00E-06
4.783	0	0	0	0.2	0	-0.3	0	0	0	34.845974	599.32074	31.490269	-0.136033	0	0.30487	0	0.346402	-4.00E-06
4.784	0	0	0	0.2	0	-0.3	0	0	0	34.845974	599.8349	31.490269	-0.135993	0	0.304828	-4.00E-06	0.169071	-3.00E-06
4.785	0	0	0	0.2	0	-0.3	0	0	0	34.766678	602.396484	31.490269	-0.135553	0	0.304828	-8.00E-06	0.169071	-4.00E-06
4.786	0	0	0	0.2	0	-0.3	0	0	0	34.766678	602.396484	31.803873	-0.135553	0	0.304828	-8.00E-06	0.169071	-4.00E-06
4.787	0	0	0	0.2	0	-0.3	0	0	0	34.134487	602.072144	32.195446	-0.135733	0	0.304747	-8.00E-06	0.150242	-4.00E-06
4.788	0	0	0	0.2	0	-0.3	0	0	0	34.134487	599.140991	32.195568	-0.135733	0	0.304747	-1.70E-05	-0.007843	-4.00E-06
4.789	0	0	0	0.2	0	-0.3	0	0	0	34.446613	597.076965	32.587463	-0.135777	0	0.305507	-1.10E-05	0.040442	1.00E-06
4.79	0	0	0	0.2	0	-0.3	0	0	0	34.446613	597.076965	32.665714	-0.136072	0	0.305553	-1.20E-05	-0.035986	-3.00E-06
4.791	0	0	0	0.2	0	-0.3	0	0	0	34.446613	601.171753	32.665714	-0.136072	0	0.305846	-1.10E-05	0.040442	-3.00E-06
4.792	0	0	0	0.2	0	-0.3	0	0	0	33.737297	601.171753	33.135777	-0.135704	0	0.306004	-1.20E-05	-0.205911	-3.00E-06
4.793	0	0	0	0.2	0	-0.3	0	0	0	33.5023	601.171753	33.292599	-0.135704	0	0.306151	-1.00E-06	0.002047	-3.00E-06
4.794	0	0	0	0.2	0	-0.3	0	0	0	33.111603	603.946594	33.684128	-0.136133	0	0.306151	-1.00E-06	-0.157268	1.00E-06
4.795	0	0	0	0.2	0	-0.3	0	0	0	33.111603	604.305359	34.467796	-0.136183	0	0.307354	4.00E-06	-0.055364	0
4.796	0	0	0	0.2	0	-0.3	0	0	0	33.19162	604.472717	34.467796	-0.13647	0	0.307754	4.00E-06	-0.055364	0
4.797	0	0	0	0.2	0	-0.3	0	0	0	33.19162	604.477722	34.85965	-0.13647	0	0.307973	4.00E-06	-0.055364	-8.00E-06
4.798	0	0	0	0.2	0	-0.3	0	0	0	33.188732	604.807129	34.85965	-0.13647	0	0.308087	-1.00E-06	-0.121325	-8.00E-06
4.799	0	0	0	0.2	0	-0.3	0	0	0	33.188732	604.807129	34.85965	-0.136451	0	0.308155	-1.20E-05	-0.121562	-7.00E-06
4.8	0	0	0	0.2	0	-0.3	0	0	0	33.577267	603.792725	35.094921	-0.136578	0	0.308155	-1.20E-05	-0.171289	-4.00E-06
4.801	0	0	0	0.2	0	-0.3	0	0	0	34.046535	603.792725	35.33012	-0.136451	0	0.309032	-1.20E-05	-0.121562	-4.00E-06
4.802	0	0	0	0.2	0	-0.3	0	0	0	34.046535	602.916626	35.799976	-0.136676	0	0.310332	-6.00E-06	-0.112135	-3.00E-06
4.803	0	0	0	0.2	0	-0.3	0	0	0	34.509312	604.453735	35.643318	-0.136676	0	0.310332	-6.00E-06	-0.112135	-3.00E-06
4.804	0	0	0	0.2	0	-0.3	0	0	0	33.889393	603.949219	35.799976	-0.136676	0	0.310099	-6.00E-06	-0.270162	-4.00E-06
4.805	0	0	0	0.2	0	-0.3	0	0	0	33.808655	603.949219	35.721607	-0.136707	0	0.309925	-4.00E-06	-0.270162	-6.00E-06
4.806	0	0	0	0.2	0	-0.3	0	0	0	33.808655	603.949219	35.878269	-0.136741	0	0.310099	-4.00E-06	-0.179809	-6.00E-06
4.807	0	0	0	0.2	0	-0.3	0	0	0	34.045094	605.16272	35.878307	-0.136741	0	0.310261	-1.50E-05	-0.179809	-6.00E-06
4.808	0	0	0	0.2	0	-0.3	0	0	0	34.119335	605.16272	36.505035	-0.136595	0	0.310777	-1.70E-05	-0.344111	-1.00E-06
4.809	0	0	0	0.2	0	-0.3	0	0	0	34.119335	605.313904	36.505035	-0.136525	0	0.310875	-1.70E-05	-0.344111	-5.00E-06
4.81	0	0	0	0.2	0	-0.3	0	0	0	33.730804	605.313904	36.034771	-0.136525	0	0.310875	-8.00E-06	-0.372924	-5.00E-06
4.811	0	0	0	0.2	0	-0.3	0	0	0	33.730804	605.667236	36.034771	-0.136392	0	0.310727	-8.00E-06	-0.392712	-5.00E-06
4.812	0	0	0	0.2	0	-0.3	0	0	0	33.49292	610.486877	36.661457	-0.136802	0	0.310727	-9.00E-06	-0.392712	-1.10E-05
4.813	0	0	0	0.2	0	-0.3	0	0	0	33.49292	610.48877	36.661457	-0.136379	0	0.310783	-1.30E-05	-0.407449	-1.10E-05
4.814	0	0	0	0.2	0	-0.3	0	0	0	33.49292	610.48877	36.740067	-0.136379	0	0.311276	-1.30E-05	-0.407449	-7.00E-06
4.815	0	0	0	0.2	0	-0.3	0	0	0	33.412903	608.061035	36.975098	-0.136379	0	0.31145	-1.50E-05	-0.474179	-6.00E-06
4.816	0	0	0	0.2	0	-0.3	0	0	0	33.412903	608.061035	37.131718	-0.136305	0	0.311814	-1.50E-05	-0.474179	-6.00E-06
4.817	0	0	0	0.2	0	-0.3	0	0	0	33.412903	606.850891	37.366913	-0.136305	0	0.311816	-1.00E-05	-0.474179	-4.00E-06
4.818	0	0	0	0.2	0	-0.3	0	0	0	33.180073	608.231873	37.366913	-0.136305	0	0.311816	-1.00E-05	-0.48086	-1.00E-06
4.819	0	0	0	0.2	0	-0.3	0	0	0	33.567165	612.202026	37.758724	-0.136605	0	0.311992	-1.10E-05	-0.531863	-1.00E-06
4.82	0	0	0	0.2	0	-0.3	0	0	0	34.34351	612.202026	38.698933	-0.136605	0	0.312948	-1.10E-05	-0.566967	-1.00E-06
4.821	0	0	0	0.2	0	-0.3	0	0	0	34.346394	605.308777	39.090504	-0.13631	0	0.313221	-6.00E-06	-0.566967	0
4.822	0	0	0	0.2	0	-0.3	0	0	0	34.34351	605.308777	39.090504	-0.13631	0	0.313248	-6.00E-06	-0.451261	0
4.823	0	0	0	0.2	0	-0.3	0	0	0	34.342064	610.474365	39.325699	-0.136667	0	0.313472	-9.00E-06	-0.451261	-3.00E-06
4.824	0	0	0	0.2	0	-0.3	0	0	0	33.802158	610.988525	38.777142	-0.136775	0	0.31353	-1.30E-05	-0.611724	-4.00E-06
4.825	0	0	0	0.2	0	-0.3	0	0	0	34.342064	610.988525	38.934006	-0.136775	0	0.313911	-9.00E-06	-0.611724	-3.00E-06
4.826	0	0	0	0.2	0	-0.3	0	0	0	34.344227	612.013	38.934006	-0.136523	0	0.314406	-8.00E-06	-0.611724	-2.00E-06
4.827	0	0	0	0.2	0	-0.3	0	0	0	34.344227	612.013	38.934006	-0.136523	0	0.314648	-6.00E-06	-0.63017	-2.00E-06
4.828	0	0	0	0.2	0	-0.3	0	0	0	34.344227	609.607605	39.325657	-0.136591	0	0.314713	-8.00E-06	-0.63017	-1.00E-06
4.829	0	0	0	0.2	0	-0.3	0	0	0	33.872791	609.607605	38.777225	-0.136777	0	0.314713	-6.00E-06	-0.675142	-2.00E-06
4.83	0	0	0	0.2	0	-0.3	0	0	0	33.404247	612.706482	39.325619	-0.136781	0	0.314713	-1.40E-05	-0.675142	-1.00E-06
4.831	0	0	0	0.2	0	-0.3	0	0	0	33.404247	612.706482	39.325619	-0.136781	0	0.314578	-5.00E-06	-0.80988	1.00E-06
4.832	0	0	0	0.2	0	-0.3	0	0	0	34.339901	612.014954	39.482319	-0.136674	0	0.314419	-9.00E-06	-0.833587	1.00E-06
4.833	0	0	0	0.2	0	-0.3	0	0	0	34.339901	612.014954	39.638859	-0.136556	0	0.314419	-9.00E-06	-0.833587	-1.00E-06
4.834	0	0	0	0.2	0	-0.3	0	0	0	33.869907	612.701111	39.952465	-0.136556	0	0.314698	-1.00E-05	-0.780938	-4.00E-06
4.835	0	0	0	0.2	0	-0.3	0	0	0	33.869907	612.873169	40.579311	-0.136772	0	0.315169	-1.10E-05	-0.779288	-1.00E-05
4.836	0	0	0	0.2	0	-0.3	0	0	0	34.260609	613.890259	40.657681	-0.136772	0	0.315864	-1.10E-05	-0.760361	-1.00E-05
4.837	0	0	0	0.2	0	-0.3	0	0	0	34.494881	613.890259	40.657681	-0.136536	0	0.315911	-1.40E-05	-0.760361	-5.00E-06
4.838	0	0	0	0.2	0	-0.3	0	0	0	34.260609	613.890259	40.265827	-0.136536	0	0.315911	-1.10E-05	-0.83541	-2.00E-06
4.839	0	0	0	0.2	0	-0.3	0	0	0	34.494881	613.722473	40.265827	-0.136485	0	0.315911	-8.00E-06	-0.857591	1.00E-06
4.84	0	0	0	0.2	0	-0.3	0	0	0	34.496326	613.02124	41.675976	-0.136628	0	0.316369	-8.00E-06	-0.857591	1.00E-06
4.841	0	0	0	0.2	0	-0.3	0	0	0	34.728432	613.02124	41.675976	-0.136446	0	0.316369	-1.00E-05	-0.941323	0
4.842	0	0	0	0.2	0	-0.3	0	0	0	34.726269	617.486267	42.224453	-0.136446	0	0.316554	-1.80E-05	-0.973463	-6.00E-06
4.843	0	0	0	0.2	0	-0.3	0	0	0	34.726269	617.486267	42.381191	-0.136446	0	0.316419	-1.30E-05	-1.012067	-3.00E-06
4.844	0	0	0	0.2	0	-0.3	0	0	0	34.413422	616.304504	42.381191	-0.136539	0	0.317244	-1.30E-05	-0.973463	-7.00E-06
4.845	0	0	0	0.2	0	-0.3	0	0	0	34.099854	615.777954	42.067791	-0.136539	0	0.317244	-4.00E-06	-0.964283	-5.00E-06
4.846	0	0	0	0.2	0	-0.3	0	0	0	34.099854	615.777954	42.067791	-0.136539	0	0.317244	-4.00E-06	-0.958811	-5.00E-06
4.847	0	0	0	0.2	0	-0.3	0	0	0	34.099854	615.787964	42.694592	-0.136848	0	0.317627	-8.00E-06	-0.943739	-4.00E-06
4.848	0	0	0	0.2	0	-0.3	0	0	0	34.803398	615.787964	42.694592	-0.136848	0	0.318431	-9.00E-06	-0.943739	-4.00E-06
4.849	0	0	0	0.2	0	-0.3	0	0	0	34.803398	618.69519	42.694592	-0.136435	0	0.318431	-8.00E-06	-1.004572	-4.00E-06
4.85	0	0	0	0.2	0	-0.3	0	0	0	33.235554	618.69519	42.694553	-0.136435	0	0.318038	-1.20E-05	-1.024859	-4.00E-06
4.851	0	0	0	0.2	0	-0.3	0	0	0	33.235554	618.69519	42.694553	-0.136508	0	0.318038	-1.40E-05	-1.024859	-4.00E-06
4.852	0	0	0	0.2	0	-0.3	0	0	0	34.020557	619.399475	43.242908	-0.136832	0	0.318038	-1.40E-05	-1.024859	-4.00E-06
4.853	0	0	0	0.2	0	-0.3	0	0	0	34.020557	619.399475	43.243111	-0.136832	0	0.318203	-1.20E-05	-1.079221	-1.00E-05
4.854	0	0	0	0.2	0	-0.3	0	0	0	34.020557	623.348145	43.321239	-0.136832	0	0.318203	-1.20E-05	-1.135702	-4.00E-06
4.855	0	0	0	0.2	0	-0.3	0	0	0	33.78484	623.348145	43.321239	-0.136553	0	0.318812	-5.00E-06	-1.206766	-6.00E-06
4.856	0	0	0	0.2	0	-0.3	0	0	0	33.781956	619.897339	43.321239	-0.136553	0	0.318942	-1.00E-05	-1.206766	-6.00E-06
4.857	0	0	0	0.2	0	-0.3	0	0	0	33.781956	619.897339	43.556351	-0.13664	0	0.318812	-8.00E-06	-1.139143	-6.00E-06
4.858	0	0	0	0.2	0	-0.3	0	0	0	33.548401	624.202148	43.556351	-0.136767	0	0.318594	-1.00E-05	-1.139143	-3.00E-06
4.859	0	0	0	0.2	0	-0.3	0	0	0	34.173374	624.202148	43.948204	-0.13664	0	0.318594	-8.00E-06	-1.215501	-3.00E-06
4.86	0	0	0	0.2	0	-0.3	0	0	0	35.034065	624.534973	44.653061	-0.136392	0	0.319411	-1.10E-05	-1.219928	-3.00E-06
4.861	0	0	0	0.2	0	-0.3	0	0	0	35.034065	624.011169	44.653061	-0.136359	0	0.319459	-8.00E-06	-1.251491	-3.00E-06
4.862	0	0	0	0.2	0	-0.3	0	0	0	34.016232	624.011169	44.653019	-0.136392	0	0.319459	-5.00E-06	-1.251491	-3.00E-06
4.863	0	0	0	0.2	0	-0.3	0	0	0	34.016232	624.011169	44.653019	-0.136609	0	0.319585	1.00E-06	-1.30307	-5.00E-06
4.864	0	0	0	0.2	0	-0.3	0	0	0	34.483334	626.427307	44.809841	-0.136609	0	0.319708	1.00E-06	-1.26778	-5.00E-06
4.865	0	0	0	0.2	0	-0.3	0	0	0	34.483334	627.786194	44.966423	-0.136629	0	0.320491	1.00E-06	-1.340232	-5.00E-06
4.866	0	0	0	0.2	0	-0.3	0	0	0	34.324024	628.478943	44.966423	-0.136652	0	0.320722	-4.00E-06	-1.340232	-6.00E-06
4.867	0	0	0	0.2	0	-0.3	0	0	0	33.936214	628.478943	45.123043	-0.136794	0	0.320491	-1.00E-05	-1.495658	-6.00E-06
4.868	0	0	0	0.2	0	-0.3	0	0	0	34.324024	628.137573	45.279705	-0.136794	0	0.320406	-1.00E-05	-1.495658	-6.00E-06
4.869	0	0	0	0.2	0	-0.3	0	0	0	33.854755	628.137573	45.279705	-0.136794	0	0.320245	-1.00E-05	-1.350074	-5.00E-06
4.87	0	0	0	0.2	0	-0.3	0	0	0	33.859806	636.394836	45.044392	-0.137024	0	0.320406	-1.00E-05	-1.350074	-5.00E-06
4.871	0	0	0	0.2	0	-0.3	0	0	0	33.859806	636.394836	45.044392	-0.137197	0	0.321597	-1.00E-05	-1.363929	-5.00E-06
4.872	0	0	0	0.2	0	-0.3	0	0	0	34.171932	633.45166	45.827976	-0.137197	0	0.321632	-1.90E-05	-1.371429	-4.00E-06
4.873	0	0	0	0.2	0	-0.3	0	0	0	34.952606	633.45166	45.827976	-0.136875	0	0.321632	-1.90E-05	-1.42212	-1.00E-06
4.874	0	0	0	0.2	0	-0.3	0	0	0	34.952606	634.829529	45.827976	-0.136746	0	0.321595	-8.00E-06	-1.44047	-4.00E-06
4.875	0	0	0	0.2	0	-0.3	0	0	0	34.639034	637.240234	46.689732	-0.136875	0	0.321589	-8.00E-06	-1.454575	-8.00E-06
4.876	0	0	0	0.2	0	-0.3	0	0	0	34.639034	637.240234	47.081509	-0.136695	0	0.321595	-1.20E-05	-1.454575	-8.00E-06
4.877	0	0	0	0.2	0	-0.3	0	0	0	35.265453	639.294617	47.081509	-0.136961	0	0.321891	-1.70E-05	-1.435079	-8.00E-06
4.878	0	0	0	0.2	0	-0.3	0	0	0	35.265453	640.84021	46.532871	-0.136799	0	0.321891	-1.20E-05	-1.435079	-6.00E-06
4.879	0	0	0	0.2	0	-0.3	0	0	0	35.814739	639.294617	46.532871	-0.136799	0	0.321891	-1.10E-05	-1.514405	0
4.88	0	0	0	0.2	0	-0.3	0	0	0	36.205437	637.569336	47.473	-0.136797	0	0.321792	-1.10E-05	-1.62037	0
4.881	0	0	0	0.2	0	-0.3	0	0	0	36.358974	637.569336	47.473	-0.136549	0	0.321792	-7.00E-06	-1.62037	0
4.882	0	0	0	0.2	0	-0.3	0	0	0	36.358974	642.923157	47.473	-0.136549	0	0.321792	-7.00E-06	-1.652211	-4.00E-06
4.883	0	0	0	0.2	0	-0.3	0	0	0	36.359695	643.063904	47.551167	-0.13634	0	0.322718	-4.00E-06	-1.652211	0
4.884	0	0	0	0.2	0	-0.3	0	0	0	36.279678	643.063904	47.551167	-0.136749	0	0.322718	-3.00E-06	-1.652211	-2.00E-06
4.885	0	0	0	0.2	0	-0.3	0	0	0	35.891148	643.063904	47.551167	-0.136766	0	0.322718	-4.00E-06	-1.595229	-2.00E-06
4.886	0	0	0	0.2	0	-0.3	0	0	0	35.891148	646.341736	48.099606	-0.136912	0	0.323075	-6.00E-06	-1.577314	-2.00E-06
4.887	0	0	0	0.2	0	-0.3	0	0	0	36.361858	646.842468	48.099606	-0.136919	0	0.323148	-6.00E-06	-1.520951	-4.00E-06
4.888	0	0	0	0.2	0	-0.3	0	0	0	36.832573	646.842468	48.334637	-0.136912	0	0.323672	-6.00E-06	-1.455404	-3.00E-06
4.889	0	0	0	0.2	0	-0.3	0	0	0	36.832573	648.907593	48.334637	-0.136708	0	0.323984	-8.00E-06	-1.455404	-4.00E-06
4.89	0	0	0	0.2	0	-0.3	0	0	0	36.204716	652.870056	47.94278	-0.136708	0	0.323984	-1.80E-05	-1.515539	-3.00E-06
4.891	0	0	0	0.2	0	-0.3	0	0	0	36.204716	652.870056	47.94278	-0.136708	0	0.324464	-8.00E-06	-1.515539	-5.00E-06
4.892	0	0	0	0.2	0	-0.3	0	0	0	38.23822	652.870056	48.961319	-0.13704	0	0.324042	-6.00E-06	-1.515539	-4.00E-06
4.893	0	0	0	0.2	0	-0.3	0	0	0	38.31535	654.92981	49.196232	-0.136632	0	0.324363	-6.00E-06	-1.577422	-4.00E-06
4.894	0	0	0	0.2	0	-0.3	0	0	0	38.240383	656.796753	49.35297	-0.136679	0	0.324363	-1.20E-05	-1.577422	-4.00E-06
4.895	0	0	0	0.2	0	-0.3	0	0	0	38.31535	657.668945	49.901325	-0.136679	0	0.324475	-1.20E-05	-1.650499	-4.00E-06
4.896	0	0	0	0.2	0	-0.3	0	0	0	38.472496	656.984192	49.979656	-0.136782	0	0.324475	-1.20E-05	-1.626725	-8.00E-06
4.897	0	0	0	0.2	0	-0.3	0	0	0	38.551067	659.035889	49.979656	-0.136822	0	0.324443	-1.20E-05	-1.626725	-5.00E-06
4.898	0	0	0	0.2	0	-0.3	0	0	0	38.472496	659.214111	49.979656	-0.137005	0	0.324443	-1.20E-05	-1.583626	-5.00E-06
4.899	0	0	0	0.2	0	-0.3	0	0	0	38.551067	659.214111	50.841656	-0.137146	0	0.325228	-1.10E-05	-1.561364	-2.00E-06
4.9	0	0	0	0.2	0	-0.3	0	0	0	41.286674	658.350098	51.468258	-0.137146	0	0.325228	-1.10E-05	-1.583626	-2.00E-06
4.901	0	0	0	0.2	0	-0.3	0	0	0	41.286674	658.350098	51.468258	-0.136752	0	0.325476	-1.30E-05	-1.657139	-2.00E-06
4.902	0	0	0	0.2	0	-0.3	0	0	0	40.506725	661.780212	51.468258	-0.136752	0	0.325476	-1.30E-05	-1.657139	-1.00E-06
4.903	0	0	0	0.2	0	-0.3	0	0	0	40.506725	664.708679	51.546551	-0.137045	0	0.325476	-1.00E-05	-1.513695	-1.00E-06
4.904	0	0	0	0.2	0	-0.3	0	0	0	40.666035	664.894226	52.251606	-0.137055	0	0.326074	-1.00E-05	-1.513695	-4.00E-06
4.905	0	0	0	0.2	0	-0.3	0	0	0	41.285954	669.350098	52.330097	-0.137055	0	0.32635	-1.10E-05	-1.615083	-5.00E-06
4.906	0	0	0	0.2	0	-0.3	0	0	0	41.444542	669.350098	52.330097	-0.137055	0	0.32635	-1.10E-05	-1.615083	-5.00E-06
4.907	0	0	0	0.2	0	-0.3	0	0	0	41.59808	670.559692	52.330097	-0.137219	0	0.32635	-8.00E-06	-1.62044	-5.00E-06
4.908	0	0	0	0.2	0	-0.3	0	0	0	41.99094	667.452332	52.799961	-0.137219	0	0.326548	-8.00E-06	-1.62044	-4.00E-06
4.909	0	0	0	0.2	0	-0.3	0	0	0	41.99094	670.559692	52.799961	-0.137087	0	0.326548	-1.00E-05	-1.631726	-4.00E-06
4.91	0	0	0	0.2	0	-0.3	0	0	0	41.524555	677.952087	53.113239	-0.137087	0	0.326917	-1.00E-05	-1.631726	0
4.911	0	0	0	0.2	0	-0.3	0	0	0	41.524555	677.952087	53.113239	-0.137314	0	0.326917	-9.00E-06	-1.578236	-7.00E-06
4.912	0	0	0	0.2	0	-0.3	0	0	0	42.851631	675.530884	54.131779	-0.137314	0	0.327241	3.00E-06	-1.578236	-8.00E-06
4.913	0	0	0	0.2	0	-0.3	0	0	0	43.240887	675.530884	54.131779	-0.137222	0	0.327241	-2.00E-06	-1.578236	-8.00E-06
4.914	0	0	0	0.2	0	-0.3	0	0	0	43.242329	675.54364	54.131779	-0.137057	0	0.327241	-2.00E-06	-1.577928	-5.00E-06
4.915	0	0	0	0.2	0	-0.3	0	0	0	43.242329	676.389099	54.915363	-0.137222	0	0.327747	-3.00E-06	-1.577928	-5.00E-06
4.916	0	0	0	0.2	0	-0.3	0	0	0	43.867302	677.073425	55.228687	-0.137057	0	0.327802	-6.00E-06	-1.572292	-1.00E-06
4.917	0	0	0	0.2	0	-0.3	0	0	0	44.573734	680.66864	55.777122	-0.136901	0	0.328177	-1.30E-05	-1.499559	-7.00E-06
4.918	0	0	0	0.2	0	-0.3	0	0	0	44.573734	681.361816	55.777122	-0.136901	0	0.328177	-1.30E-05	-1.499559	-7.00E-06
4.919	0	0	0	0.2	0	-0.3	0	0	0	44.573734	680.66864	55.777122	-0.13699	0	0.328091	-1.20E-05	-1.537886	-8.00E-06
4.92	0	0	0	0.2	0	-0.3	0	0	0	45.900085	678.952209	57.265842	-0.13699	0	0.328091	-1.20E-05	-1.537886	-8.00E-06
4.921	0	0	0	0.2	0	-0.3	0	0	0	45.900085	678.952209	57.265842	-0.13719	0	0.328566	-1.60E-05	-1.537886	-8.00E-06
4.922	0	0	0	0.2	0	-0.3	0	0	0	45.663647	680.334229	57.344257	-0.13719	0	0.328649	-1.60E-05	-1.502689	-7.00E-06
4.923	0	0	0	0.2	0	-0.3	0	0	0	45.663647	684.275208	57.579208	-0.13719	0	0.329147	-6.00E-06	-1.561828	-7.00E-06
4.924	0	0	0	0.2	0	-0.3	0	0	0	45.897198	684.275208	57.579208	-0.137321	0	0.329199	-6.00E-06	-1.571814	0
4.925	0	0	0	0.2	0	-0.3	0	0	0	45.897198	684.275208	57.657337	-0.137321	0	0.329156	-1.40E-05	-1.596932	2.00E-06
4.926	0	0	0	0.2	0	-0.3	0	0	0	45.897198	684.288635	57.735989	-0.137321	0	0.329215	-1.40E-05	-1.596932	0
4.927	0	0	0	0.2	0	-0.3	0	0	0	46.135082	688.749939	57.97094	-0.137292	0	0.329422	-2.20E-05	-1.540061	-3.00E-06
4.928	0	0	0	0.2	0	-0.3	0	0	0	47.150028	688.749939	58.519375	-0.137287	0	0.329451	-1.50E-05	-1.514115	-3.00E-06
4.929	0	0	0	0.2	0	-0.3	0	0	0	47.150028	689.965698	57.97094	-0.1372	0	0.329995	-1.50E-05	-1.540061	-9.00E-06
4.93	0	0	0	0.2	0	-0.3	0	0	0	46.134361	694.423157	57.892368	-0.137142	0	0.329995	-1.40E-05	-1.605822	-3.00E-06
4.931	0	0	0	0.2	0	-0.3	0	0	0	46.134361	694.423157	57.892368	-0.1372	0	0.329995	-6.00E-06	-1.605822	2.00E-06
4.932	0	0	0	0.2	0	-0.3	0	0	0	46.44865	694.423157	59.302597	-0.137559	0	0.329979	-6.00E-06	-1.523164	2.00E-06
4.933	0	0	0	0.2	0	-0.3	0	0	0	47.540009	696.142334	59.929646	-0.137559	0	0.33052	-6.00E-06	-1.523164	-8.00E-06
4.934	0	0	0	0.2	0	-0.3	0	0	0	47.621464	696.142334	59.929646	-0.137193	0	0.330945	-1.00E-05	-1.523164	-8.00E-06
4.935	0	0	0	0.2	0	-0.3	0	0	0	47.70076	697.845215	60.242886	-0.137193	0	0.330945	-1.00E-05	-1.452601	-7.00E-06
4.936	0	0	0	0.2	0	-0.3	0	0	0	48.559284	698.36676	60.24297	-0.137233	0	0.330745	-1.00E-05	-1.430285	-7.00E-06
4.937	0	0	0	0.2	0	-0.3	0	0	0	48.559284	698.36676	60.477837	-0.137233	0	0.330745	-1.60E-05	-1.452601	-8.00E-06
4.938	0	0	0	0.2	0	-0.3	0	0	0	48.245716	698.544128	60.24297	-0.137233	0	0.330745	-1.60E-05	-1.520248	-8.00E-06
4.939	0	0	0	0.2	0	-0.3	0	0	0	48.245716	701.453613	61.104645	-0.137233	0	0.331222	-7.00E-06	-1.520248	-3.00E-06
4.94	0	0	0	0.2	0	-0.3	0	0	0	50.667755	701.453613	62.436626	-0.137198	0	0.3317	-7.00E-06	-1.532095	-3.00E-06
4.941	0	0	0	0.2	0	-0.3	0	0	0	50.667755	701.453613	62.436626	-0.137131	0	0.3317	-1.00E-05	-1.532095	-5.00E-06
4.942	0	0	0	0.2	0	-0.3	0	0	0	49.889248	704.205872	62.436626	-0.137131	0	0.3317	-1.00E-05	-1.532095	-5.00E-06
4.943	0	0	0	0.2	0	-0.3	0	0	0	49.889248	704.205872	62.749786	-0.137273	0	0.331305	-1.30E-05	-1.479457	-2.00E-06
4.944	0	0	0	0.2	0	-0.3	0	0	0	50.749214	705.574402	62.749786	-0.137284	0	0.331781	-5.00E-06	-1.476021	-1.00E-06
4.945	0	0	0	0.2	0	-0.3	0	0	0	50.749935	709.186646	62.749786	-0.137273	0	0.332339	-1.50E-05	-1.479457	-1.00E-06
4.946	0	0	0	0.2	0	-0.3	0	0	0	51.45348	709.862427	63.141357	-0.13719	0	0.332339	-5.00E-06	-1.494655	-4.00E-06
4.947	0	0	0	0.2	0	-0.3	0	0	0	51.532776	711.932983	63.298061	-0.13719	0	0.332286	-8.00E-06	-1.494655	-4.00E-06
4.948	0	0	0	0.2	0	-0.3	0	0	0	51.999157	711.401855	63.376591	-0.13719	0	0.332286	-6.00E-06	-1.446811	-5.00E-06
4.949	0	0	0	0.2	0	-0.3	0	0	0	51.532776	711.932983	63.298061	-0.137122	0	0.332286	-8.00E-06	-1.418635	-2.00E-06
4.95	0	0	0	0.2	0	-0.3	0	0	0	52.001324	720.013123	63.219688	-0.137122	0	0.331905	-1.10E-05	-1.418635	-8.00E-06
4.951	0	0	0	0.2	0	-0.3	0	0	0	52.001324	720.707764	63.219688	-0.137488	0	0.331905	-1.10E-05	-1.504808	-8.00E-06
4.952	0	0	0	0.2	0	-0.3	0	0	0	53.015553	720.707764	64.003197	-0.137488	0	0.332383	-3.00E-06	-1.504808	-8.00E-06
4.953	0	0	0	0.2	0	-0.3	0	0	0	53.015553	717.768188	64.473259	-0.137247	0	0.332757	-3.00E-06	-1.419985	-8.00E-06
4.954	0	0	0	0.2	0	-0.3	0	0	0	53.022045	717.768188	64.473259	-0.137247	0	0.332806	-5.00E-06	-1.397543	-2.00E-06
4.955	0	0	0	0.2	0	-0.3	0	0	0	53.022045	721.028748	64.551552	-0.137496	0	0.332806	-1.30E-05	-1.368845	-2.00E-06
4.956	0	0	0	0.2	0	-0.3	0	0	0	53.41058	722.577759	65.726669	-0.137496	0	0.33311	-3.00E-05	-1.368845	-2.00E-06
4.957	0	0	0	0.2	0	-0.3	0	0	0	53.645576	724.450073	65.805168	-0.137315	0	0.333523	-3.00E-05	-1.400369	-4.00E-06
4.958	0	0	0	0.2	0	-0.3	0	0	0	54.113403	727.889221	65.726669	-0.137093	0	0.333688	-9.00E-06	-1.435215	1.00E-06
4.959	0	0	0	0.2	0	-0.3	0	0	0	54.19342	727.889221	66.196739	-0.136865	0	0.333794	-6.00E-06	-1.435215	-2.00E-06
4.96	0	0	0	0.2	0	-0.3	0	0	0	54.346958	727.047485	67.763908	-0.136865	0	0.333688	-9.00E-06	-1.443975	-2.00E-06
4.961	0	0	0	0.2	0	-0.3	0	0	0	54.736935	727.047485	67.763908	-0.137294	0	0.334001	-8.00E-06	-1.317922	-4.00E-06
4.962	0	0	0	0.2	0	-0.3	0	0	0	54.736935	730.818726	68.312218	-0.137515	0	0.333941	-8.00E-06	-1.443975	-4.00E-06
4.963	0	0	0	0.2	0	-0.3	0	0	0	55.286938	732.364746	68.155403	-0.137294	0	0.333941	-8.00E-06	-1.405238	-7.00E-06
4.964	0	0	0	0.2	0	-0.3	0	0	0	55.365513	733.717407	68.312218	-0.137176	0	0.333941	-1.30E-05	-1.44261	-3.00E-06
4.965	0	0	0	0.2	0	-0.3	0	0	0	55.365513	733.717407	68.547173	-0.137176	0	0.334238	-1.50E-05	-1.44261	-6.00E-06
4.966	0	0	0	0.2	0	-0.3	0	0	0	55.131237	733.717407	69.017281	-0.137115	0	0.334238	-1.30E-05	-1.462451	-6.00E-06
4.967	0	0	0	0.2	0	-0.3	0	0	0	55.131237	735.782288	70.270729	-0.137177	0	0.334238	-1.50E-05	-1.462451	-6.00E-06
4.968	0	0	0	0.2	0	-0.3	0	0	0	55.209812	735.782288	70.505836	-0.137114	0	0.334279	-8.00E-06	-1.409297	-5.00E-06
4.969	0	0	0	0.2	0	-0.3	0	0	0	55.209812	741.297668	70.505836	-0.137177	0	0.334279	-1.40E-05	-1.376008	-4.00E-06
4.97	0	0	0	0.2	0	-0.3	0	0	0	54.269108	745.57312	70.740875	-0.137114	0	0.334439	-8.00E-06	-1.409297	-5.00E-06
4.971	0	0	0	0.2	0	-0.3	0	0	0	54.269108	745.57312	70.740952	-0.13695	0	0.334374	-1.40E-05	-1.413147	1.00E-06
4.972	0	0	0	0.2	0	-0.3	0	0	0	54.429859	744.551697	71.52446	-0.13695	0	0.334374	-3.00E-06	-1.413147	-2.00E-06
4.973	0	0	0	0.2	0	-0.3	0	0	0	55.209087	744.551697	73.247932	-0.137229	0	0.334374	-1.40E-05	-1.382181	-2.00E-06
4.974	0	0	0	0.2	0	-0.3	0	0	0	55.132683	746.585571	73.404755	-0.137229	0	0.335208	-7.00E-06	-1.345742	-5.00E-06
4.975	0	0	0	0.2	0	-0.3	0	0	0	55.132683	747.967285	73.639664	-0.137059	0	0.335208	-1.30E-05	-1.345742	-8.00E-06
4.976	0	0	0	0.2	0	-0.3	0	0	0	55.052666	747.967285	73.79641	-0.137059	0	0.335505	-7.00E-06	-1.383278	-7.00E-06
4.977	0	0	0	0.2	0	-0.3	0	0	0	54.739819	749.51825	74.658287	-0.136919	0	0.334977	-5.00E-06	-1.511542	-7.00E-06
4.978	0	0	0	0.2	0	-0.3	0	0	0	54.739819	750.549255	75.206558	-0.13711	0	0.334977	-5.00E-06	-1.387124	-4.00E-06
4.979	0	0	0	0.2	0	-0.3	0	0	0	54.739819	752.770691	75.833565	-0.137118	0	0.334977	-2.00E-05	-1.387124	-1.00E-06
4.98	0	0	0	0.2	0	-0.3	0	0	0	55.291267	752.770691	77.243675	-0.137118	0	0.335934	-2.70E-05	-1.387124	0
4.981	0	0	0	0.2	0	-0.3	0	0	0	55.291267	752.770691	77.243675	-0.136677	0	0.335934	-2.70E-05	-1.368709	-1.00E-06
4.982	0	0	0	0.2	0	-0.3	0	0	0	55.131958	752.914551	77.870277	-0.136677	0	0.335854	-2.70E-05	-1.445472	-1.00E-06
4.983	0	0	0	0.2	0	-0.3	0	0	0	54.81839	755.168274	78.575615	-0.136787	0	0.335854	-1.50E-05	-1.388261	-1.00E-06
4.984	0	0	0	0.2	0	-0.3	0	0	0	54.585556	756.230591	79.202538	-0.136945	0	0.335606	-1.70E-05	-1.388261	0
4.985	0	0	0	0.2	0	-0.3	0	0	0	54.663406	757.58374	79.594231	-0.136945	0	0.335863	-1.00E-05	-1.344486	0
4.986	0	0	0	0.2	0	-0.3	0	0	0	54.663406	760.333984	80.221161	-0.137025	0	0.335985	-1.60E-05	-1.344486	-4.00E-06
4.987	0	0	0	0.2	0	-0.3	0	0	0	54.739098	760.333984	80.691185	-0.137035	0	0.335985	-1.40E-05	-1.402891	-6.00E-06
4.988	0	0	0	0.2	0	-0.3	0	0	0	54.739098	758.951904	81.239616	-0.137127	0	0.336122	-1.40E-05	-1.402891	-4.00E-06
4.989	0	0	0	0.2	0	-0.3	0	0	0	54.112679	758.951904	81.866508	-0.137035	0	0.336122	-1.20E-05	-1.335455	0
4.99	0	0	0	0.2	0	-0.3	0	0	0	54.112679	764.797974	82.101662	-0.136932	0	0.336122	-7.00E-06	-1.3172	0
4.991	0	0	0	0.2	0	-0.3	0	0	0	54.117008	764.797974	82.571846	-0.136932	0	0.335644	-1.10E-05	-1.3172	-3.00E-06
4.992	0	0	0	0.2	0	-0.3	0	0	0	55.127628	764.797974	83.19857	-0.136861	0	0.335644	-1.10E-05	-1.22131	-4.00E-06
4.993	0	0	0	0.2	0	-0.3	0	0	0	55.204033	764.294189	83.669075	-0.13685	0	0.336539	-1.10E-05	-1.367026	-7.00E-06
4.994	0	0	0	0.2	0	-0.3	0	0	0	55.127628	763.921936	84.687325	-0.13685	0	0.336539	4.00E-06	-1.285126	-4.00E-06
4.995	0	0	0	0.2	0	-0.3	0	0	0	55.204033	763.921936	85.627579	-0.136924	0	0.336376	4.00E-06	-1.318166	-2.00E-06
4.996	0	0	0	0.2	0	-0.3	0	0	0	55.204033	766.506287	86.33287	-0.136924	0	0.336376	-2.90E-05	-1.285126	-2.00E-06
4.997	0	0	0	0.2	0	-0.3	0	0	0	55.987595	767.197876	87.116302	-0.136832	0	0.336577	-2.90E-05	-1.202828	-5.00E-06
4.998	0	0	0	0.2	0	-0.3	0	0	0	55.98904	768.218079	88.056587	-0.136772	0	0.336932	-1.80E-05	-1.202828	-6.00E-06
4.999	0	0	0	0.2	0	-0.3	0	0	0	55.987595	768.218079	88.526733	-0.136711	0	0.33704	-1.80E-05	-1.241463	-5.00E-06
5	0	0	0	0.2	0	-0.3	0	0	0	55.909023	762.699524	88.604988	-0.136691	0	0.337397	-2.20E-05	-1.241463	-8.00E-06
5.001	0	0	0	0.2	0	-0.3	0	0	0	55.909023	762.699524	89.623436	-0.136691	0	0.337397	-2.20E-05	-1.335218	0
5.002	0	0	0	0.2	0	-0.3	0	0	0	56.453979	769.777588	90.328819	-0.136691	0	0.337397	-1.90E-05	-1.193568	-5.00E-06
5.003	0	0	0	0.2	0	-0.3	0	0	0	56.453979	769.777588	91.347511	-0.136648	0	0.337639	-1.40E-05	-1.193568	-5.00E-06
5.004	0	0	0	0.2	0	-0.3	0	0	0	56.687534	768.71875	91.582588	-0.136725	0	0.337639	-1.90E-05	-1.137541	-5.00E-06
5.005	0	0	0	0.2	0	-0.3	0	0	0	56.766827	768.71875	92.131104	-0.13664	0	0.337472	-1.40E-05	-1.120695	-7.00E-06
5.006	0	0	0	0.2	0	-0.3	0	0	0	56.766827	768.209595	92.601288	-0.136725	0	0.337472	-1.00E-05	-1.120695	-3.00E-06
5.007	0	0	0	0.2	0	-0.3	0	0	0	56.764664	769.942749	93.620148	-0.136969	0	0.3375	-1.00E-05	-1.082073	-4.00E-06
5.008	0	0	0	0.2	0	-0.3	0	0	0	56.764664	770.462952	93.933586	-0.136969	0	0.337536	-2.40E-05	-1.134597	-4.00E-06
5.009	0	0	0	0.2	0	-0.3	0	0	0	57.073181	772.164001	95.030418	-0.136807	0	0.338053	-2.40E-05	-1.024251	-8.00E-06
5.01	0	0	0	0.2	0	-0.3	0	0	0	57.073181	773.202454	95.578972	-0.136724	0	0.338053	-7.00E-06	-1.150666	-8.00E-06
5.011	0	0	0	0.2	0	-0.3	0	0	0	57.388191	773.202454	96.676201	-0.136555	0	0.338053	-6.00E-06	-1.024251	-8.00E-06
5.012	0	0	0	0.2	0	-0.3	0	0	0	57.073181	769.770691	97.616127	-0.136555	0	0.337576	-3.00E-06	-1.137223	-8.00E-06
5.013	0	0	0	0.2	0	-0.3	0	0	0	57.703926	769.770691	97.616127	-0.136718	0	0.33778	-6.00E-06	-0.919876	-4.00E-06
5.014	0	0	0	0.2	0	-0.3	0	0	0	58.088848	771.15155	98.321709	-0.136718	0	0.33778	-5.00E-06	-0.919876	-4.00E-06
5.015	0	0	0	0.2	0	-0.3	0	0	0	58.088848	771.15155	99.105141	-0.136583	0	0.338738	-1.00E-05	-0.919876	-4.00E-06
5.016	0	0	0	0.2	0	-0.3	0	0	0	58.005947	769.575012	99.340248	-0.136583	0	0.338758	-5.00E-06	-1.000785	-4.00E-06
5.017	0	0	0	0.2	0	-0.3	0	0	0	58.005947	769.575012	100.437195	-0.136583	0	0.338758	-8.00E-06	-1.088217	-7.00E-06
5.018	0	0	0	0.2	0	-0.3	0	0	0	58.239502	767.85083	100.750679	-0.136469	0	0.338809	-8.00E-06	-1.007689	-7.00E-06
5.019	0	0	0	0.2	0	-0.3	0	0	0	58.239502	767.85083	102.004448	-0.136469	0	0.338892	-1.10E-05	-1.007689	-7.00E-06
5.02	0	0	0	0.2	0	-0.3	0	0	0	58.239502	767.692261	102.239571	-0.136151	0	0.339002	-1.10E-05	-0.919978	-6.00E-06
5.021	0	0	0	0.2	0	-0.3	0	0	0	58.626591	767.692261	103.650032	-0.136406	0	0.338892	-1.90E-05	-0.919978	-5.00E-06
5.022	0	0	0	0.2	0	-0.3	0	0	0	58.626591	767.507874	104.59037	-0.136406	0	0.338963	-1.90E-05	-1.030284	-5.00E-06
5.023	0	0	0	0.2	0	-0.3	0	0	0	58.550907	766.672058	104.746788	-0.136495	0	0.338963	-1.90E-05	-1.030284	-8.00E-06
5.024	0	0	0	0.2	0	-0.3	0	0	0	58.550907	764.945557	105.217125	-0.13664	0	0.339128	-1.60E-05	-0.903367	-8.00E-06
5.025	0	0	0	0.2	0	-0.3	0	0	0	59.79652	765.461304	106.235954	-0.13664	0	0.339359	-3.00E-06	-0.853148	-1.00E-06
5.026	0	0	0	0.2	0	-0.3	0	0	0	62.221447	765.459717	108.508095	-0.136407	0	0.339523	-1.60E-05	-0.853148	-1.00E-06
5.027	0	0	0	0.2	0	-0.3	0	0	0	62.612144	765.459717	111.01548	-0.136128	0	0.340482	-1.10E-05	-0.632697	-6.00E-06
5.028	0	0	0	0.2	0	-0.3	0	0	0	62.612144	762.706421	111.01548	-0.136407	0	0.340482	-1.70E-05	-0.632697	-6.00E-06
5.029	0	0	0	0.2	0	-0.3	0	0	0	60.265068	762.706421	111.09417	-0.136738	0	0.340238	-1.80E-05	-0.632697	0
5.03	0	0	0	0.2	0	-0.3	0	0	0	60.265068	765.47937	111.09417	-0.136738	0	0.340011	-2.10E-05	-0.633473	0
5.031	0	0	0	0.2	0	-0.3	0	0	0	61.119987	765.47937	111.486031	-0.136565	0	0.340011	-1.80E-05	-0.613046	-1.00E-06
5.032	0	0	0	0.2	0	-0.3	0	0	0	61.904266	759.808105	114.463554	-0.136133	0	0.340033	-1.20E-05	-0.584616	-4.00E-06
5.033	0	0	0	0.2	0	-0.3	0	0	0	61.904266	759.09259	114.855286	-0.135849	0	0.34054	-1.20E-05	-0.584616	-8.00E-06
5.034	0	0	0	0.2	0	-0.3	0	0	0	61.27713	758.407166	115.090279	-0.135849	0	0.34054	-2.40E-05	-0.584616	-8.00E-06
5.035	0	0	0	0.2	0	-0.3	0	0	0	60.732899	757.382263	115.090279	-0.135875	0	0.340302	-2.40E-05	-0.580932	-8.00E-06
5.036	0	0	0	0.2	0	-0.3	0	0	0	60.732899	757.382263	117.127434	-0.135914	0	0.340302	-2.80E-05	-0.555261	-1.00E-05
5.037	0	0	0	0.2	0	-0.3	0	0	0	61.280018	760.640869	119.164635	-0.135875	0	0.34048	-1.70E-05	-0.580932	-1.00E-05
5.038	0	0	0	0.2	0	-0.3	0	0	0	61.280018	760.640869	119.634857	-0.135771	0	0.340631	-1.70E-05	-0.525083	-4.00E-06
5.039	0	0	0	0.2	0	-0.3	0	0	0	61.19928	756.513611	119.634857	-0.135771	0	0.340845	-1.70E-05	-0.555769	-4.00E-06
5.04	0	0	0	0.2	0	-0.3	0	0	0	60.569977	755.299316	119.869972	-0.135778	0	0.340845	-1.70E-05	-0.555769	-2.00E-06
5.041	0	0	0	0.2	0	-0.3	0	0	0	59.945728	748.792603	120.261826	-0.135827	0	0.340734	-1.50E-05	-0.575964	2.00E-06
5.042	0	0	0	0.2	0	-0.3	0	0	0	60.569977	748.792603	120.888664	-0.136042	0	0.340734	-1.10E-05	-0.575964	2.00E-06
5.043	0	0	0	0.2	0	-0.3	0	0	0	59.790028	748.792603	121.515678	-0.136042	0	0.341626	-9.00E-06	-0.402132	-9.00E-06
5.044	0	0	0	0.2	0	-0.3	0	0	0	59.790028	748.761658	122.456001	-0.13576	0	0.341761	-9.00E-06	-0.356212	-9.00E-06
5.045	0	0	0	0.2	0	-0.3	0	0	0	59.242905	748.761658	122.456001	-0.13576	0	0.341761	-9.00E-06	-0.353415	-5.00E-06
5.046	0	0	0	0.2	0	-0.3	0	0	0	59.242184	748.094788	122.377708	-0.13576	0	0.341761	-1.70E-05	-0.353415	-5.00E-06
5.047	0	0	0	0.2	0	-0.3	0	0	0	58.297867	746.888611	122.377708	-0.135891	0	0.341685	-1.70E-05	-0.391142	-1.00E-06
5.048	0	0	0	0.2	0	-0.3	0	0	0	58.055656	745.366516	122.535133	-0.136091	0	0.342208	-1.70E-05	-0.391142	-7.00E-06
5.049	0	0	0	0.2	0	-0.3	0	0	0	58.055656	743.113586	123.005806	-0.136091	0	0.342209	-1.80E-05	-0.296498	-3.00E-06
5.05	0	0	0	0.2	0	-0.3	0	0	0	58.055656	742.073547	123.005806	-0.135835	0	0.342931	-1.80E-05	-0.296498	-4.00E-06
5.051	0	0	0	0.2	0	-0.3	0	0	0	56.327782	738.983582	124.103722	-0.135835	0	0.342931	-1.50E-05	-0.214326	-3.00E-06
5.052	0	0	0	0.2	0	-0.3	0	0	0	56.010605	733.170227	122.928886	-0.135647	0	0.34259	-1.20E-05	-0.267737	-4.00E-06
5.053	0	0	0	0.2	0	-0.3	0	0	0	56.010605	732.637268	123.869331	-0.135641	0	0.342489	-1.50E-05	-0.267737	-3.00E-06
5.054	0	0	0	0.2	0	-0.3	0	0	0	56.010605	732.307434	123.869331	-0.135625	0	0.342489	-1.80E-05	-0.302215	-6.00E-06
5.055	0	0	0	0.2	0	-0.3	0	0	0	55.769836	731.939758	123.869331	-0.135641	0	0.343376	-1.80E-05	-0.302215	-3.00E-06
5.056	0	0	0	0.2	0	-0.3	0	0	0	55.454105	730.734802	124.183495	-0.13559	0	0.343376	-8.00E-06	-0.310716	-6.00E-06
5.057	0	0	0	0.2	0	-0.3	0	0	0	54.904819	726.60144	124.183495	-0.135648	0	0.342934	-3.00E-06	-0.259043	-3.00E-06
5.058	0	0	0	0.2	0	-0.3	0	0	0	54.043407	724.203003	124.967407	-0.135492	0	0.342934	-8.00E-06	-0.180909	-5.00E-06
5.059	0	0	0	0.2	0	-0.3	0	0	0	53.334808	722.66864	125.046616	-0.135492	0	0.34279	-1.60E-05	-0.173969	-5.00E-06
5.06	0	0	0	0.2	0	-0.3	0	0	0	53.334808	718.882751	125.751396	-0.135488	0	0.342979	-2.00E-05	-0.156125	-5.00E-06
5.061	0	0	0	0.2	0	-0.3	0	0	0	52.774704	718.882751	126.535667	-0.135488	0	0.34297	-1.60E-05	-0.156125	-2.00E-06
5.062	0	0	0	0.2	0	-0.3	0	0	0	52.85688	714.741211	126.53611	-0.135103	0	0.343767	-1.20E-05	-0.156125	-2.00E-06
5.063	0	0	0	0.2	0	-0.3	0	0	0	52.774704	712.507507	126.53611	-0.135612	0	0.34376	-1.20E-05	-0.190912	-5.00E-06
5.064	0	0	0	0.2	0	-0.3	0	0	0	51.365444	706.170776	126.928322	-0.135612	0	0.343767	-1.20E-05	-0.046021	-5.00E-06
5.065	0	0	0	0.2	0	-0.3	0	0	0	51.361832	706.170776	127.554848	-0.135612	0	0.344374	-1.00E-05	-0.111113	-5.00E-06
5.066	0	0	0	0.2	0	-0.3	0	0	0	51.361832	705.651917	127.946983	-0.135507	0	0.344481	-1.00E-05	-0.111113	-4.00E-06
5.067	0	0	0	0.2	0	-0.3	0	0	0	50.342556	704.956421	128.103836	-0.135507	0	0.344893	-1.20E-05	-0.111113	-4.00E-06
5.068	0	0	0	0.2	0	-0.3	0	0	0	50.187572	701.533081	128.104004	-0.135137	0	0.345097	-1.40E-05	-0.091477	-4.00E-06
5.069	0	0	0	0.2	0	-0.3	0	0	0	50.106117	695.684021	128.339264	-0.13526	0	0.345345	-1.50E-05	-0.060273	-7.00E-06
5.07	0	0	0	0.2	0	-0.3	0	0	0	49.481144	695.537476	128.339264	-0.135137	0	0.345345	-2.10E-05	0.014951	-7.00E-06
5.071	0	0	0	0.2	0	-0.3	0	0	0	49.012592	689.325684	129.671448	-0.13526	0	0.345345	-2.10E-05	0.039545	-4.00E-06
5.072	0	0	0	0.2	0	-0.3	0	0	0	48.308331	689.325684	128.966431	-0.135525	0	0.346044	-1.00E-05	0.018923	-4.00E-06
5.073	0	0	0	0.2	0	-0.3	0	0	0	48.149017	686.755981	129.436584	-0.135525	0	0.346044	-9.00E-06	0.087297	-4.00E-06
5.074	0	0	0	0.2	0	-0.3	0	0	0	47.604782	685.563782	129.279755	-0.135409	0	0.346044	-5.00E-06	0.018923	-6.00E-06
5.075	0	0	0	0.2	0	-0.3	0	0	0	46.820503	680.561707	129.436584	-0.135285	0	0.346132	-5.00E-06	0.087297	-8.00E-06
5.076	0	0	0	0.2	0	-0.3	0	0	0	45.49559	673.868958	129.279755	-0.135258	0	0.346132	-9.00E-06	0.075788	-8.00E-06
5.077	0	0	0	0.2	0	-0.3	0	0	0	45.494152	673.868958	129.436859	-0.135235	0	0.346132	-1.40E-05	0.10171	-6.00E-06
5.078	0	0	0	0.2	0	-0.3	0	0	0	44.946304	672.498108	129.201874	-0.135235	0	0.346192	-9.00E-06	0.16058	2.00E-06
5.079	0	0	0	0.2	0	-0.3	0	0	0	44.478477	669.914917	129.35849	-0.134851	0	0.346587	-1.30E-05	0.16058	2.00E-06
5.08	0	0	0	0.2	0	-0.3	0	0	0	44.402073	667.171631	129.35849	-0.134661	0	0.346192	-1.10E-05	0.16058	2.00E-06
5.081	0	0	0	0.2	0	-0.3	0	0	0	42.914967	659.270142	129.907089	-0.134851	0	0.346587	-1.30E-05	0.247138	-1.00E-06
5.082	0	0	0	0.2	0	-0.3	0	0	0	42.135735	658.0578	130.220612	-0.134999	0	0.34671	-1.50E-05	0.294224	-1.00E-06
5.083	0	0	0	0.2	0	-0.3	0	0	0	41.585724	655.842468	130.612473	-0.135035	0	0.347292	-1.50E-05	0.294224	-6.00E-06
5.084	0	0	0	0.2	0	-0.3	0	0	0	41.346401	653.774719	130.612473	-0.135035	0	0.347526	-1.50E-05	0.294224	-6.00E-06
5.085	0	0	0	0.2	0	-0.3	0	0	0	40.020046	648.440857	130.221054	-0.134822	0	0.347526	-1.50E-05	0.302247	-3.00E-06
5.086	0	0	0	0.2	0	-0.3	0	0	0	38.842899	643.986938	130.221054	-0.134772	0	0.347618	-1.00E-06	0.302247	-3.00E-06
5.087	0	0	0	0.2	0	-0.3	0	0	0	37.981491	639.165771	130.221588	-0.13466	0	0.347821	-1.90E-05	0.302247	-4.00E-06
5.088	0	0	0	0.2	0	-0.3	0	0	0	36.729382	633.831604	130.457214	-0.13466	0	0.347855	-1.00E-06	0.329356	-4.00E-06
5.089	0	0	0	0.2	0	-0.3	0	0	0	36.650089	630.076965	130.848755	-0.135178	0	0.347985	-1.80E-05	0.465629	-5.00E-06
5.09	0	0	0	0.2	0	-0.3	0	0	0	36.647198	627.664917	130.457214	-0.135178	0	0.348555	-5.00E-06	0.465629	-2.00E-06
5.091	0	0	0	0.2	0	-0.3	0	0	0	34.535122	626.981445	129.439484	-0.134899	0	0.348558	-1.50E-05	0.438296	0
5.092	0	0	0	0.2	0	-0.3	0	0	0	34.138653	615.464111	129.283264	-0.134899	0	0.348658	-5.00E-06	0.438296	0
5.093	0	0	0	0.2	0	-0.3	0	0	0	32.887985	612.388306	129.439484	-0.134936	0	0.348663	-1.30E-05	0.571331	0
5.094	0	0	0	0.2	0	-0.3	0	0	0	32.572975	609.636597	129.283264	-0.135094	0	0.34877	-1.30E-05	0.572818	-7.00E-06
5.095	0	0	0	0.2	0	-0.3	0	0	0	31.866545	605.005249	129.51857	-0.134984	0	0.349016	-1.30E-05	0.571331	-7.00E-06
5.096	0	0	0	0.2	0	-0.3	0	0	0	31.315815	602.255798	129.362762	-0.134984	0	0.349067	-3.00E-06	0.599747	-4.00E-06
5.097	0	0	0	0.2	0	-0.3	0	0	0	30.532974	597.266785	129.362762	-0.134847	0	0.349127	-3.00E-06	0.629361	-4.00E-06
5.098	0	0	0	0.2	0	-0.3	0	0	0	29.82943	589.546936	128.736023	-0.134847	0	0.349625	-3.00E-06	0.629361	-4.00E-06
5.099	0	0	0	0.2	0	-0.3	0	0	0	28.495863	584.908997	128.344742	-0.134847	0	0.349625	-1.00E-05	0.590269	-4.00E-06
5.1	0	0	0	0.2	0	-0.3	0	0	0	28.495863	582.673706	128.344742	-0.134882	0	0.349625	-6.00E-06	0.564147	-4.00E-06
5.101	0	0	0	0.2	0	-0.3	0	0	0	28.339439	573.077637	128.344742	-0.13452	0	0.350104	-1.00E-05	0.590269	-4.00E-06
5.102	0	0	0	0.2	0	-0.3	0	0	0	27.868004	570.141479	128.032074	-0.134669	0	0.350188	-1.10E-05	0.670462	-6.00E-06
5.103	0	0	0	0.2	0	-0.3	0	0	0	27.159407	564.803772	127.797073	-0.134462	0	0.351413	-1.10E-05	0.670462	-3.00E-06
5.104	0	0	0	0.2	0	-0.3	0	0	0	27.07795	554.328735	126.935516	-0.134669	0	0.351413	-4.00E-06	0.670462	-7.00E-06
5.105	0	0	0	0.2	0	-0.3	0	0	0	25.592285	548.002869	126.701012	-0.134869	0	0.351007	-4.00E-06	0.784936	-5.00E-06
5.106	0	0	0	0.2	0	-0.3	0	0	0	25.437307	547.64032	126.387329	-0.134922	0	0.351007	-8.00E-06	0.869663	-5.00E-06
5.107	0	0	0	0.2	0	-0.3	0	0	0	24.885855	541.622986	125.917618	-0.134922	0	0.352259	-1.30E-05	0.869663	-5.00E-06
5.108	0	0	0	0.2	0	-0.3	0	0	0	24.730875	535.616516	125.682755	-0.134816	0	0.352259	-1.30E-05	0.837256	-5.00E-06
5.109	0	0	0	0.2	0	-0.3	0	0	0	24.103014	529.446411	125.134315	-0.134788	0	0.352259	-1.30E-05	0.837256	-5.00E-06
5.11	0	0	0	0.2	0	-0.3	0	0	0	23.006605	521.017151	124.429581	-0.134816	0	0.352257	-8.00E-06	0.918755	-5.00E-06
5.111	0	0	0	0.2	0	-0.3	0	0	0	22.770887	519.841919	122.941544	-0.134788	0	0.352972	-8.00E-06	0.926829	-5.00E-06
5.112	0	0	0	0.2	0	-0.3	0	0	0	22.139421	512.625	122.314781	-0.134954	0	0.352972	-8.00E-06	0.937769	-6.00E-06
5.113	0	0	0	0.2	0	-0.3	0	0	0	22.139421	508.156677	122.314781	-0.134766	0	0.353696	-5.00E-06	1.080461	-6.00E-06
5.114	0	0	0	0.2	0	-0.3	0	0	0	21.047342	500.596893	121.061455	-0.135016	0	0.353696	-5.00E-06	1.080228	-8.00E-06
5.115	0	0	0	0.2	0	-0.3	0	0	0	20.420927	492.539185	120.904831	-0.134766	0	0.353696	-3.00E-06	1.080461	-8.00E-06
5.116	0	0	0	0.2	0	-0.3	0	0	0	19.638809	487.894592	119.729752	-0.134965	0	0.354301	-3.00E-06	1.080228	0
5.117	0	0	0	0.2	0	-0.3	0	0	0	18.697382	479.139465	119.103149	-0.134938	0	0.354301	-3.00E-06	1.105523	0
5.118	0	0	0	0.2	0	-0.3	0	0	0	18.619532	477.610443	117.849899	-0.134938	0	0.354514	-5.00E-06	1.053256	1.00E-06
5.119	0	0	0	0.2	0	-0.3	0	0	0	18.381649	474.840515	117.06636	-0.134466	0	0.355358	-6.00E-06	1.039782	-4.00E-06
5.12	0	0	0	0.2	0	-0.3	0	0	0	18.145931	463.683105	116.67482	-0.134466	0	0.355358	-5.00E-06	1.032177	-4.00E-06
5.121	0	0	0	0.2	0	-0.3	0	0	0	17.518072	453.381195	115.578079	-0.134485	0	0.355358	-4.00E-06	1.039782	-4.00E-06
5.122	0	0	0	0.2	0	-0.3	0	0	0	16.65955	450.129517	114.01162	-0.134485	0	0.355918	-4.00E-06	1.193885	-2.00E-06
5.123	0	0	0	0.2	0	-0.3	0	0	0	15.721006	441.531708	113.776352	-0.134485	0	0.356553	0	1.254346	-2.00E-06
5.124	0	0	0	0.2	0	-0.3	0	0	0	15.407438	435.029144	113.149902	-0.134696	0	0.356955	0	1.290442	-2.00E-06
5.125	0	0	0	0.2	0	-0.3	0	0	0	14.935281	431.740845	112.209938	-0.134696	0	0.358216	0	1.290442	-3.00E-06
5.126	0	0	0	0.2	0	-0.3	0	0	0	14.305981	421.444336	110.721497	-0.134696	0	0.358216	-7.00E-06	1.290442	-3.00E-06
5.127	0	0	0	0.2	0	-0.3	0	0	0	13.055314	412.35437	109.311546	-0.13505	0	0.358216	-7.00E-06	1.340234	-2.00E-06
5.128	0	0	0	0.2	0	-0.3	0	0	0	12.585321	408.060455	109.076721	-0.13505	0	0.358828	-7.00E-06	1.42219	-1.00E-06
5.129	0	0	0	0.2	0	-0.3	0	0	0	12.506026	400.335205	108.371742	-0.135606	0	0.359476	-5.00E-06	1.473772	-2.00E-06
5.13	0	0	0	0.2	0	-0.3	0	0	0	12.191736	393.144836	107.275078	-0.136165	0	0.359669	-1.00E-06	1.42219	-2.00E-06
5.131	0	0	0	0.2	0	-0.3	0	0	0	10.702467	392.272736	105.472954	-0.136165	0	0.359742	-1.00E-06	1.352007	-2.00E-06
5.132	0	0	0	0.2	0	-0.3	0	0	0	10.620287	380.950592	104.533066	-0.136111	0	0.359797	-9.00E-06	1.352007	-2.00E-06
5.133	0	0	0	0.2	0	-0.3	0	0	0	9.292492	371.8479	103.514687	-0.135977	0	0.36006	-9.00E-06	1.380968	-2.00E-06
5.134	0	0	0	0.2	0	-0.3	0	0	0	8.978924	366.013824	101.321312	-0.13558	0	0.360387	-9.00E-06	1.466376	-2.00E-06
5.135	0	0	0	0.2	0	-0.3	0	0	0	8.588226	359.82254	100.537926	-0.13558	0	0.362072	-1.20E-05	1.471515	-4.00E-06
5.136	0	0	0	0.2	0	-0.3	0	0	0	8.037495	354.331726	99.049408	-0.13558	0	0.362777	-1.20E-05	1.531705	-5.00E-06
5.137	0	0	0	0.2	0	-0.3	0	0	0	7.882515	347.124084	97.012611	-0.135374	0	0.362927	2.00E-06	1.471515	-5.00E-06
5.138	0	0	0	0.2	0	-0.3	0	0	0	6.708256	340.241974	95.445557	-0.135374	0	0.364302	2.00E-06	1.452112	-4.00E-06
5.139	0	0	0	0.2	0	-0.3	0	0	0	5.455426	329.774963	93.173492	-0.135956	0	0.364302	1.00E-06	1.452112	-1.00E-06
5.14	0	0	0	0.2	0	-0.3	0	0	0	5.376132	326.69458	91.763382	-0.136164	0	0.364486	-2.00E-06	1.492327	0
5.141	0	0	0	0.2	0	-0.3	0	0	0	4.902532	319.665131	90.745117	-0.136422	0	0.364357	-4.00E-06	1.492327	-1.00E-06
5.142	0	0	0	0.2	0	-0.3	0	0	0	4.902532	315.205383	88.551376	-0.136422	0	0.364486	-7.00E-06	1.608908	-1.00E-06
5.143	0	0	0	0.2	0	-0.3	0	0	0	3.73116	304.705933	86.749825	-0.136141	0	0.36678	-7.00E-06	1.608908	-1.00E-06
5.144	0	0	0	0.2	0	-0.3	0	0	0	3.183316	301.114471	84.556206	-0.135835	0	0.367847	-3.00E-06	1.677445	-1.00E-06
5.145	0	0	0	0.2	0	-0.3	0	0	0	2.479772	289.597107	82.362587	-0.136141	0	0.368082	-2.00E-06	1.710396	0
5.146	0	0	0	0.2	0	-0.3	0	0	0	1.696212	285.66272	80.638954	-0.136919	0	0.368437	-3.00E-06	1.714107	0
5.147	0	0	0	0.2	0	-0.3	0	0	0	1.615474	281.894562	79.07222	-0.136919	0	0.368437	0	1.714107	-2.00E-06
5.148	0	0	0	0.2	0	-0.3	0	0	0	0.98978	275.360382	77.113441	-0.13686	0	0.37088	-1.00E-05	1.689383	-2.00E-06
5.149	0	0	0	0.2	0	-0.3	0	0	0	0.676212	265.389008	75.154892	-0.13686	0	0.371925	-2.00E-06	1.689383	0
5.15	0	0	0	0.2	0	-0.3	0	0	0	0.519789	259.39566	72.647873	-0.137262	0	0.371998	-5.00E-06	1.689383	0
5.151	0	0	0	0.2	0	-0.3	0	0	0	-1.593732	255.786774	70.140808	-0.13749	0	0.374501	-2.00E-06	1.747211	-1.00E-06
5.152	0	0	0	0.2	0	-0.3	0	0	0	-1.593732	243.940826	68.103935	-0.137752	0	0.374501	-2.00E-06	1.747211	-1.00E-06
5.153	0	0	0	0.2	0	-0.3	0	0	0	-1.593732	243.275406	66.536926	-0.138318	0	0.374501	-2.00E-06	1.747211	-1.00E-06
5.154	0	0	0	0.2	0	-0.3	0	0	0	-2.06589	239.151993	64.891663	-0.138318	0	0.376385	-7.00E-06	1.642945	-1.00E-06
5.155	0	0	0	0.2	0	-0.3	0	0	0	-2.456588	228.833923	61.992783	-0.138146	0	0.376735	-7.00E-06	1.642945	-1.00E-06
5.156	0	0	0	0.2	0	-0.3	0	0	0	-3.392962	222.834351	59.799248	-0.138146	0	0.376792	-5.00E-06	1.591239	-1.00E-06
5.157	0	0	0	0.2	0	-0.3	0	0	0	-3.552994	216.476059	57.840424	-0.138221	0	0.378797	-1.00E-06	1.581915	-1.00E-06
5.158	0	0	0	0.2	0	-0.3	0	0	0	-3.788712	209.271515	55.803467	-0.138497	0	0.378797	-5.00E-06	1.581915	-1.00E-06
5.159	0	0	0	0.2	0	-0.3	0	0	0	-4.650845	207.396103	53.531441	-0.138852	0	0.378797	-4.00E-06	1.560474	-1.00E-06
5.16	0	0	0	0.2	0	-0.3	0	0	0	-4.650845	203.092178	51.415993	-0.138852	0	0.381748	-5.00E-06	1.545041	-1.00E-06
5.161	0	0	0	0.2	0	-0.3	0	0	0	-4.650845	189.155197	50.710892	-0.138852	0	0.384472	-4.00E-06	1.504795	-1.00E-06
5.162	0	0	0	0.2	0	-0.3	0	0	0	-6.210749	187.294083	47.89019	-0.138557	0	0.387105	-3.00E-06	1.504795	-2.00E-06
5.163	0	0	0	0.2	0	-0.3	0	0	0	-6.445747	182.302414	46.323059	-0.139277	0	0.38683	-3.00E-06	1.390293	-2.00E-06
5.164	0	0	0	0.2	0	-0.3	0	0	0	-6.446466	177.330444	45.61792	-0.139635	0	0.387584	-2.00E-06	1.390293	-2.00E-06
5.165	0	0	0	0.2	0	-0.3	0	0	0	-6.446466	173.396011	44.991276	-0.139635	0	0.389542	-2.00E-06	1.390293	-2.00E-06
5.166	0	0	0	0.2	0	-0.3	0	0	0	-6.446466	173.395615	43.502716	-0.140406	0	0.389542	-2.00E-06	1.388888	-2.00E-06
5.167	0	0	0	0.2	0	-0.3	0	0	0	-6.604333	165.151947	40.055286	-0.140406	0	0.389474	-2.00E-06	1.388888	-2.00E-06
5.168	0	0	0	0.2	0	-0.3	0	0	0	-6.604333	155.370743	37.782936	-0.141823	0	0.389474	-2.00E-06	1.409044	-2.00E-06
5.169	0	0	0	0.2	0	-0.3	0	0	0	-6.212193	154.708115	36.216003	-0.141823	0	0.391692	-2.00E-06	1.455222	-1.00E-06
5.17	0	0	0	0.2	0	-0.3	0	0	0	-6.212193	152.446564	35.119133	-0.141823	0	0.394615	-2.00E-06	1.409044	-1.00E-06
5.171	0	0	0	0.2	0	-0.3	0	0	0	-7.302105	147.818634	33.473515	-0.142001	0	0.394833	-2.00E-06	1.433438	-1.00E-06
5.172	0	0	0	0.2	0	-0.3	0	0	0	-7.617117	142.678864	32.846794	-0.142001	0	0.395498	-2.00E-06	1.257176	-1.00E-06
5.173	0	0	0	0.2	0	-0.3	0	0	0	-7.697133	136.142014	30.652889	-0.142872	0	0.39759	-3.00E-06	1.377789	-1.00E-06
5.174	0	0	0	0.2	0	-0.3	0	0	0	-7.697133	126.535934	29.321152	-0.143982	0	0.399401	-2.00E-06	1.377789	0
5.175	0	0	0	0.2	0	-0.3	0	0	0	-7.378512	123.621429	29.321152	-0.143982	0	0.400949	-1.00E-06	1.377789	0
5.176	0	0	0	0.2	0	-0.3	0	0	0	-7.141352	122.763153	28.772476	-0.143921	0	0.403881	-1.00E-06	1.335382	-1.00E-06
5.177	0	0	0	0.2	0	-0.3	0	0	0	-7.139908	116.928314	27.048481	-0.143921	0	0.404538	-2.00E-06	1.335382	-1.00E-06
5.178	0	0	0	0.2	0	-0.3	0	0	0	-7.141352	112.466652	25.403336	-0.143344	0	0.405313	-3.00E-06	1.335382	-1.00E-06
5.179	0	0	0	0.2	0	-0.3	0	0	0	-7.607014	108.176254	24.306107	-0.144449	0	0.405984	-3.00E-06	1.337142	0
5.18	0	0	0	0.2	0	-0.3	0	0	0	-7.607014	101.652878	23.679344	-0.14443	0	0.410066	-2.00E-06	1.337142	-1.00E-06
5.181	0	0	0	0.2	0	-0.3	0	0	0	-7.289839	96.34687	23.365898	-0.14443	0	0.410202	-1.00E-06	1.346792	-1.00E-06
5.182	0	0	0	0.2	0	-0.3	0	0	0	-7.289839	94.775444	21.172001	-0.14434	0	0.414276	-1.00E-06	1.346792	-1.00E-06
5.183	0	0	0	0.2	0	-0.3	0	0	0	-6.976989	89.282318	21.015018	-0.144332	0	0.420128	-1.00E-06	1.346792	-1.00E-06
5.184	0	0	0	0.2	0	-0.3	0	0	0	-6.976989	85.165512	20.545033	-0.144332	0	0.420423	-3.00E-06	1.247237	-1.00E-06
5.185	0	0	0	0.2	0	-0.3	0	0	0	-6.741994	82.069687	19.682995	-0.144264	0	0.424845	-1.00E-06	1.247237	-1.00E-06
5.186	0	0	0	0.2	0	-0.3	0	0	0	-6.50772	77.944389	18.429306	-0.144264	0	0.426038	-1.00E-06	1.247237	0
5.187	0	0	0	0.2	0	-0.3	0	0	0	-6.111249	73.161392	17.645557	-0.146954	0	0.428453	-1.00E-06	1.464115	-1.00E-06
5.188	0	0	0	0.2	0	-0.3	0	0	0	-5.017728	73.149445	17.018749	-0.146954	0	0.429797	-1.00E-06	1.469631	0
5.189	0	0	0	0.2	0	-0.3	0	0	0	-5.017728	66.115005	16.391987	-0.145372	0	0.436568	-2.00E-06	1.469631	-1.00E-06
5.19	0	0	0	0.2	0	-0.3	0	0	0	-5.096301	59.919128	14.824856	-0.145372	0	0.440427	-2.00E-06	1.25654	-1.00E-06
5.191	0	0	0	0.2	0	-0.3	0	0	0	-5.403375	59.608608	13.805996	-0.148982	0	0.446694	-1.00E-06	1.25654	-1.00E-06
5.192	0	0	0	0.2	0	-0.3	0	0	0	-5.403375	53.739426	13.179428	-0.151034	0	0.457308	-1.00E-06	1.273913	0
5.193	0	0	0	0.2	0	-0.3	0	0	0	-4.935546	51.533474	11.925537	-0.152125	0	0.457308	-1.00E-06	1.346909	0
5.194	0	0	0	0.2	0	-0.3	0	0	0	-4.38626	51.014687	11.298531	-0.152125	0	0.457308	-1.00E-06	1.346909	0
5.195	0	0	0	0.2	0	-0.3	0	0	0	-4.306966	45.505379	10.123291	-0.149375	0	0.476431	-1.00E-06	1.225625	0
5.196	0	0	0	0.2	0	-0.3	0	0	0	-4.305523	40.354073	9.026062	-0.149375	0	0.478476	-1.00E-06	1.209374	0
5.197	0	0	0	0.2	0	-0.3	0	0	0	-4.22695	37.969147	8.86948	-0.150652	0	0.479857	-1.00E-06	1.209374	0
5.198	0	0	0	0.2	0	-0.3	0	0	0	-3.836974	36.934994	7.694042	-0.152743	0	0.492846	-1.00E-06	1.209374	0
5.199	0	0	0	0.2	0	-0.3	0	0	0	-3.679106	36.934994	6.753749	-0.152743	0	0.507551	-1.00E-06	1.011022	0
5.2	0	0	0	0.2	0	-0.3	0	0	0	-3.443388	33.670601	6.283485	-0.15326	0	0.510856	-1.00E-06	1.011022	0
5.201	0	0	0	0.2	0	-0.3	0	0	0	-1.882761	26.625381	6.283405	-0.13	0	0.507551	-1.00E-06	0.91938	0
5.202	0	0	0	0.2	0	-0.3	0	0	0	0	0	0	-0.13	0	0.305	0	0	0
5.203	0	0	0	0.2	0	-0.3	0	0	0	0	0	0	-0.13	0	0.305	0	0	0
5.204	0	0	0	0.2	0	-0.3	0	0	0	0	0	0	-0.13	0	0.305	0	0	0
5.205	0	0	0	0.2	0	-0.3	0	0	0	0	0	0	-0.13	0	0.305	0	0	0
5.206	0	0	0	0.2	0	-0.3	0	0	0	0	0	0	-0.13	0	0.305	0	0	0
5.207	0	0	0	0.2	0	-0.3	0	0	0	0	0	0	-0.13	0	0.305	0	0	0
5.208	0	0	0	0.2	0	-0.3	0	0	0	0	0	0	-0.13	0	0.305	0	0	0
5.209	0	0	0	0.2	0	-0.3	0	0	0	0	0	0	-0.13	0	0.305	0	0	0
5.21	0	0	0	0.2	0	-0.3	0	0	0	0	0	0	-0.13	0	0.305	0	0	0
5.211	0	0	0	0.2	0	-0.3	0	0	0	0	0	0	-0.13	0	0.305	0	0	0
5.212	0	0	0	0.2	0	-0.3	0	0	0	0	0	0	-0.13	0	0.305	0	0	0
5.213	0	0	0	0.2	0	-0.3	0	0	0	0	0	0	-0.13	0	0.305	0	0	0
5.214	0	0	0	0.2	0	-0.3	0	0	0	0	0	0	-0.13	0	0.305	0	0	0
5.215	0	0	0	0.2	0	-0.3	0	0	0	0	0	0	-0.13	0	0.305	0	0	0
5.216	0	0	0	0.2	0	-0.3	0	0	0	0	0	0	-0.13	0	0.305	0	0	0
5.217	0	0	0	0.2	0	-0.3	0	0	0	0	0	0	-0.13	0	0.305	0	0	0
5.218	0	0	0	0.2	0	-0.3	0	0	0	0	0	0	-0.13	0	0.305	0	0	0
5.219	0	0	0	0.2	0	-0.3	0	0	0	0	0	0	-0.13	0	0.305	0	0	0
5.22	0	0	0	0.2	0	-0.3	0	0	0	0	0	0	-0.13	0	0.305	0	0	0
5.221	0	0	0	0.2	0	-0.3	0	0	0	0	0	0	-0.13	0	0.305	0	0	0
5.222	0	0	0	0.2	0	-0.3	0	0	0	0	0	0	-0.13	0	0.305	0	0	0
5.223	0	0	0	0.2	0	-0.3	0	0	0	0	0	0	-0.13	0	0.305	0	0	0
5.224	0	0	0	0.2	0	-0.3	0	0	0	0	0	0	-0.13	0	0.305	0	0	0
5.225	0	0	0	0.2	0	-0.3	0	0	0	0	0	0	-0.13	0	0.305	0	0	0
5.226	0	0	0	0.2	0	-0.3	0	0	0	0	0	0	-0.13	0	0.305	0	0	0
5.227	0	0	0	0.2	0	-0.3	0	0	0	0	0	0	-0.13	0	0.305	0	0	0
5.228	0	0	0	0.2	0	-0.3	0	0	0	0	0	0	-0.13	0	0.305	0	0	0
5.229	0	0	0	0.2	0	-0.3	0	0	0	0	0	0	-0.13	0	0.305	0	0	0
5.23	0	0	0	0.2	0	-0.3	0	0	0	0	0	0	-0.13	0	0.305	0	0	0
5.231	0	0	0	0.2	0	-0.3	0	0	0	0	0	0	-0.13	0	0.305	0	0	0
5.232	0	0	0	0.2	0	-0.3	0	0	0	0	0	0	-0.13	0	0.305	0	0	0
5.233	0	0	0	0.2	0	-0.3	0	0	0	0	0	0	-0.13	0	0.305	0	0	0
5.234	0	0	0	0.2	0	-0.3	0	0	0	0	0	0	-0.13	0	0.305	0	0	0
5.235	0	0	0	0.2	0	-0.3	0	0	0	0	0	0	-0.13	0	0.305	0	0	0
5.236	0	0	0	0.2	0	-0.3	0	0	0	0	0	0	-0.13	0	0.305	0	0	0
5.237	0	0	0	0.2	0	-0.3	0	0	0	0	0	0	-0.13	0	0.305	0	0	0
5.238	0	0	0	0.2	0	-0.3	0	0	0	0	0	0	-0.13	0	0.305	0	0	0
5.239	0	0	0	0.2	0	-0.3	0	0	0	0	0	0	-0.13	0	0.305	0	0	0
5.24	0	0	0	0.2	0	-0.3	0	0	0	0	0	0	-0.13	0	0.305	0	0	0
5.241	0	0	0	0.2	0	-0.3	0	0	0	0	0	0	-0.13	0	0.305	0	0	0
5.242	0	0	0	0.2	0	-0.3	0	0	0	0	0	0	-0.13	0	0.305	0	0	0
5.243	0	0	0	0.2	0	-0.3	0	0	0	0	0	0	-0.13	0	0.305	0	0	0
5.244	0	0	0	0.2	0	-0.3	0	0	0	0	0	0	-0.13	0	0.305	0	0	0
5.245	0	0	0	0.2	0	-0.3	0	0	0	0	0	0	-0.13	0	0.305	0	0	0
5.246	0	0	0	0.2	0	-0.3	0	0	0	0	0	0	-0.13	0	0.305	0	0	0
5.247	0	0	0	0.2	0	-0.3	0	0	0	0	0	0	-0.13	0	0.305	0	0	0
5.248	0	0	0	0.2	0	-0.3	0	0	0	0	0	0	-0.13	0	0.305	0	0	0
5.249	0	0	0	0.2	0	-0.3	0	0	0	0	0	0	-0.13	0	0.305	0	0	0
5.25	0	0	0	0.2	0	-0.3	0	0	0	0	0	0	-0.13	0	0.305	0	0	0
5.251	0	0	0	0.2	0	-0.3	0	0	0	0	0	0	-0.13	0	0.305	0	0	0
5.252	0	0	0	0.2	0	-0.3	0	0	0	0	0	0	-0.13	0	0.305	0	0	0
5.253	0	0	0	0.2	0	-0.3	0	0	0	0	0	0	-0.13	0	0.305	0	0	0
5.254	0	0	0	0.2	0	-0.3	0	0	0	0	0	0	-0.13	0	0.305	0	0	0
5.255	0	0	0	0.2	0	-0.3	0	0	0	0	0	0	-0.13	0	0.305	0	0	0
5.256	0	0	0	0.2	0	-0.3	0	0	0	0	0	0	-0.13	0	0.305	0	0	0
5.257	0	0	0	0.2	0	-0.3	0	0	0	0	0	0	-0.13	0	0.305	0	0	0
5.258	0	0	0	0.2	0	-0.3	0	0	0	0	0	0	-0.13	0	0.305	0	0	0
5.259	0	0	0	0.2	0	-0.3	0	0	0	0	0	0	-0.13	0	0.305	0	0	0
5.26	0	0	0	0.2	0	-0.3	0	0	0	0	0	0	-0.13	0	0.305	0	0	0
5.261	0	0	0	0.2	0	-0.3	0	0	0	0	0	0	-0.13	0	0.305	0	0	0
5.262	0	0	0	0.2	0	-0.3	0	0	0	0	0	0	-0.13	0	0.305	0	0	0
5.263	0	0	0	0.2	0	-0.3	0	0	0	0	0	0	-0.13	0	0.305	0	0	0
5.264	0	0	0	0.2	0	-0.3	0	0	0	0	0	0	-0.13	0	0.305	0	0	0
5.265	0	0	0	0.2	0	-0.3	0	0	0	0	0	0	-0.13	0	0.305	0	0	0
5.266	0	0	0	0.2	0	-0.3	0	0	0	0	0	0	-0.13	0	0.305	0	0	0
5.267	0	0	0	0.2	0	-0.3	0	0	0	0	0	0	-0.13	0	0.305	0	0	0
5.268	0	0	0	0.2	0	-0.3	0	0	0	0	0	0	-0.13	0	0.305	0	0	0
5.269	0	0	0	0.2	0	-0.3	0	0	0	0	0	0	-0.13	0	0.305	0	0	0
5.27	0	0	0	0.2	0	-0.3	0	0	0	0	0	0	-0.13	0	0.305	0	0	0
5.271	0	0	0	0.2	0	-0.3	0	0	0	0	0	0	-0.13	0	0.305	0	0	0
5.272	0	0	0	0.2	0	-0.3	0	0	0	0	0	0	-0.13	0	0.305	0	0	0
5.273	0	0	0	0.2	0	-0.3	0	0	0	0	0	0	-0.13	0	0.305	0	0	0
5.274	0	0	0	0.2	0	-0.3	0	0	0	0	0	0	-0.13	0	0.305	0	0	0
5.275	0	0	0	0.2	0	-0.3	0	0	0	0	0	0	-0.13	0	0.305	0	0	0
5.276	0	0	0	0.2	0	-0.3	0	0	0	0	0	0	-0.13	0	0.305	0	0	0
5.277	0	0	0	0.2	0	-0.3	0	0	0	0	0	0	-0.13	0	0.305	0	0	0
5.278	0	0	0	0.2	0	-0.3	0	0	0	0	0	0	-0.13	0	0.305	0	0	0
5.279	0	0	0	0.2	0	-0.3	0	0	0	0	0	0	-0.13	0	0.305	0	0	0
5.28	0	0	0	0.2	0	-0.3	0	0	0	0	0	0	-0.13	0	0.305	0	0	0
5.281	0	0	0	0.2	0	-0.3	0	0	0	0	0	0	-0.13	0	0.305	0	0	0
5.282	0	0	0	0.2	0	-0.3	0	0	0	0	0	0	-0.13	0	0.305	0	0	0
5.283	0	0	0	0.2	0	-0.3	0	0	0	0	0	0	-0.13	0	0.305	0	0	0
5.284	0	0	0	0.2	0	-0.3	0	0	0	0	0	0	-0.13	0	0.305	0	0	0
5.285	0	0	0	0.2	0	-0.3	0	0	0	0	0	0	-0.13	0	0.305	0	0	0
5.286	0	0	0	0.2	0	-0.3	0	0	0	0	0	0	-0.13	0	0.305	0	0	0
5.287	0	0	0	0.2	0	-0.3	0	0	0	0	0	0	-0.13	0	0.305	0	0	0
5.288	0	0	0	0.2	0	-0.3	0	0	0	0	0	0	-0.13	0	0.305	0	0	0
5.289	0	0	0	0.2	0	-0.3	0	0	0	0	0	0	-0.13	0	0.305	0	0	0
5.29	0	0	0	0.2	0	-0.3	0	0	0	0	0	0	-0.13	0	0.305	0	0	0
5.291	0	0	0	0.2	0	-0.3	0	0	0	0	0	0	-0.13	0	0.305	0	0	0
5.292	0	0	0	0.2	0	-0.3	0	0	0	0	0	0	-0.13	0	0.305	0	0	0
5.293	0	0	0	0.2	0	-0.3	0	0	0	0	0	0	-0.13	0	0.305	0	0	0
5.294	0	0	0	0.2	0	-0.3	0	0	0	0	0	0	-0.13	0	0.305	0	0	0
5.295	0	0	0	0.2	0	-0.3	0	0	0	0	0	0	-0.13	0	0.305	0	0	0
5.296	0	0	0	0.2	0	-0.3	0	0	0	0	0	0	-0.13	0	0.305	0	0	0
5.297	0	0	0	0.2	0	-0.3	0	0	0	0	0	0	-0.13	0	0.305	0	0	0
5.298	0	0	0	0.2	0	-0.3	0	0	0	0	0	0	-0.13	0	0.305	0	0	0
5.299	0	0	0	0.2	0	-0.3	0	0	0	0	0	0	-0.13	0	0.305	0	0	0
5.3	0	0	0	0.2	0	-0.3	0	0	0	0	0	0	-0.13	0	0.305	0	0	0
5.301	0	0	0	0.2	0	-0.3	0	0	0	0	0	0	-0.13	0	0.305	0	0	0
5.302	0	0	0	0.2	0	-0.3	0	0	0	0	0	0	-0.13	0	0.305	0	0	0
5.303	0	0	0	0.2	0	-0.3	0	0	0	0	0	0	-0.13	0	0.305	0	0	0
5.304	0	0	0	0.2	0	-0.3	0	0	0	0	0	0	-0.13	0	0.305	0	0	0
5.305	0	0	0	0.2	0	-0.3	0	0	0	0	0	0	-0.13	0	0.305	0	0	0
5.306	0	0	0	0.2	0	-0.3	0	0	0	0	0	0	-0.13	0	0.305	0	0	0
5.307	0	0	0	0.2	0	-0.3	0	0	0	0	0	0	-0.13	0	0.305	0	0	0
5.308	0	0	0	0.2	0	-0.3	0	0	0	0	0	0	-0.13	0	0.305	0	0	0
5.309	0	0	0	0.2	0	-0.3	0	0	0	0	0	0	-0.13	0	0.305	0	0	0
5.31	0	0	0	0.2	0	-0.3	0	0	0	0	0	0	-0.13	0	0.305	0	0	0
5.311	0	0	0	0.2	0	-0.3	0	0	0	0	0	0	-0.13	0	0.305	0	0	0
5.312	0	0	0	0.2	0	-0.3	0	0	0	0	0	0	-0.13	0	0.305	0	0	0
5.313	0	0	0	0.2	0	-0.3	0	0	0	0	0	0	-0.13	0	0.305	0	0	0
5.314	0	0	0	0.2	0	-0.3	0	0	0	0	0	0	-0.13	0	0.305	0	0	0
5.315	0	0	0	0.2	0	-0.3	0	0	0	0	0	0	-0.13	0	0.305	0	0	0
5.316	0	0	0	0.2	0	-0.3	0	0	0	0	0	0	-0.13	0	0.305	0	0	0
5.317	0	0	0	0.2	0	-0.3	0	0	0	0	0	0	-0.13	0	0.305	0	0	0
5.318	0	0	0	0.2	0	-0.3	0	0	0	0	0	0	-0.13	0	0.305	0	0	0
5.319	0	0	0	0.2	0	-0.3	0	0	0	0	0	0	-0.13	0	0.305	0	0	0
5.32	0	0	0	0.2	0	-0.3	0	0	0	0	0	0	-0.13	0	0.305	0	0	0
5.321	0	0	0	0.2	0	-0.3	0	0	0	0	0	0	-0.13	0	0.305	0	0	0
5.322	0	0	0	0.2	0	-0.3	0	0	0	0	0	0	-0.13	0	0.305	0	0	0
5.323	0	0	0	0.2	0	-0.3	0	0	0	0	0	0	-0.13	0	0.305	0	0	0
5.324	0	0	0	0.2	0	-0.3	0	0	0	0	0	0	-0.13	0	0.305	0	0	0
5.325	0	0	0	0.2	0	-0.3	0	0	0	0	0	0	-0.13	0	0.305	0	0	0
5.326	0	0	0	0.2	0	-0.3	0	0	0	0	0	0	-0.13	0	0.305	0	0	0
5.327	0	0	0	0.2	0	-0.3	0	0	0	0	0	0	-0.13	0	0.305	0	0	0
5.328	0	0	0	0.2	0	-0.3	0	0	0	0	0	0	-0.13	0	0.305	0	0	0
5.329	0	0	0	0.2	0	-0.3	0	0	0	0	0	0	-0.13	0	0.305	0	0	0
5.33	0	0	0	0.2	0	-0.3	0	0	0	0	0	0	-0.13	0	0.305	0	0	0
5.331	0	0	0	0.2	0	-0.3	0	0	0	0	0	0	-0.13	0	0.305	0	0	0
5.332	0	0	0	0.2	0	-0.3	0	0	0	0	0	0	-0.13	0	0.305	0	0	0
5.333	0	0	0	0.2	0	-0.3	0	0	0	0	0	0	-0.13	0	0.305	0	0	0
5.334	0	0	0	0.2	0	-0.3	0	0	0	0	0	0	-0.13	0	0.305	0	0	0
5.335	0	0	0	0.2	0	-0.3	0	0	0	0	0	0	-0.13	0	0.305	0	0	0
5.336	0	0	0	0.2	0	-0.3	0	0	0	0	0	0	-0.13	0	0.305	0	0	0
5.337	0	0	0	0.2	0	-0.3	0	0	0	0	0	0	-0.13	0	0.305	0	0	0
5.338	0	0	0	0.2	0	-0.3	0	0	0	0	0	0	-0.13	0	0.305	0	0	0
5.339	0	0	0	0.2	0	-0.3	0	0	0	0	0	0	-0.13	0	0.305	0	0	0
5.34	0	0	0	0.2	0	-0.3	0	0	0	0	0	0	-0.13	0	0.305	0	0	0
5.341	0	0	0	0.2	0	-0.3	0	0	0	0	0	0	-0.13	0	0.305	0	0	0
5.342	0	0	0	0.2	0	-0.3	0	0	0	0	0	0	-0.13	0	0.305	0	0	0
5.343	0	0	0	0.2	0	-0.3	0	0	0	0	0	0	-0.13	0	0.305	0	0	0
5.344	0	0	0	0.2	0	-0.3	0	0	0	0	0	0	-0.13	0	0.305	0	0	0
5.345	0	0	0	0.2	0	-0.3	0	0	0	0	0	0	-0.13	0	0.305	0	0	0
5.346	0	0	0	0.2	0	-0.3	0	0	0	0	0	0	-0.13	0	0.305	0	0	0
5.347	0	0	0	0.2	0	-0.3	0	0	0	0	0	0	-0.13	0	0.305	0	0	0
5.348	0	0	0	0.2	0	-0.3	0	0	0	0	0	0	-0.13	0	0.305	0	0	0
5.349	0	0	0	0.2	0	-0.3	0	0	0	0	0	0	-0.13	0	0.305	0	0	0
5.35	0	0	0	0.2	0	-0.3	0	0	0	0	0	0	-0.13	0	0.305	0	0	0
5.351	0	0	0	0.2	0	-0.3	0	0	0	0	0	0	-0.13	0	0.305	0	0	0
5.352	0	0	0	0.2	0	-0.3	0	0	0	0	0	0	-0.13	0	0.305	0	0	0
5.353	0	0	0	0.2	0	-0.3	0	0	0	0	0	0	-0.13	0	0.305	0	0	0
5.354	0	0	0	0.2	0	-0.3	0	0	0	0	0	0	-0.13	0	0.305	0	0	0
5.355	0	0	0	0.2	0	-0.3	0	0	0	0	0	0	-0.13	0	0.305	0	0	0
5.356	0	0	0	0.2	0	-0.3	0	0	0	0	0	0	-0.13	0	0.305	0	0	0
5.357	0	0	0	0.2	0	-0.3	0	0	0	0	0	0	-0.13	0	0.305	0	0	0
5.358	0	0	0	0.2	0	-0.3	0	0	0	0	0	0	-0.13	0	0.305	0	0	0
5.359	0	0	0	0.2	0	-0.3	0	0	0	0	0	0	-0.13	0	0.305	0	0	0
5.36	0	0	0	0.2	0	-0.3	0	0	0	0	0	0	-0.13	0	0.305	0	0	0
5.361	0	0	0	0.2	0	-0.3	0	0	0	0	0	0	-0.13	0	0.305	0	0	0
5.362	0	0	0	0.2	0	-0.3	0	0	0	0	0	0	-0.13	0	0.305	0	0	0
5.363	0	0	0	0.2	0	-0.3	0	0	0	0	0	0	-0.13	0	0.305	0	0	0
5.364	0	0	0	0.2	0	-0.3	0	0	0	0	0	0	-0.13	0	0.305	0	0	0
5.365	0	0	0	0.2	0	-0.3	0	0	0	0	0	0	-0.13	0	0.305	0	0	0
5.366	0	0	0	0.2	0	-0.3	0	0	0	0	0	0	-0.13	0	0.305	0	0	0
5.367	0	0	0	0.2	0	-0.3	0	0	0	0	0	0	-0.13	0	0.305	0	0	0
5.368	0	0	0	0.2	0	-0.3	0	0	0	0	0	0	-0.13	0	0.305	0	0	0
5.369	0	0	0	0.2	0	-0.3	0	0	0	0	0	0	-0.13	0	0.305	0	0	0
5.37	0	0	0	0.2	0	-0.3	0	0	0	0	0	0	-0.13	0	0.305	0	0	0
5.371	0	0	0	0.2	0	-0.3	0	0	0	0	0	0	-0.13	0	0.305	0	0	0
5.372	0	0	0	0.2	0	-0.3	0	0	0	0	0	0	-0.13	0	0.305	0	0	0
5.373	0	0	0	0.2	0	-0.3	0	0	0	0	0	0	-0.13	0	0.305	0	0	0
5.374	0	0	0	0.2	0	-0.3	0	0	0	0	0	0	-0.13	0	0.305	0	0	0
5.375	0	0	0	0.2	0	-0.3	0	0	0	0	0	0	-0.13	0	0.305	0	0	0
5.376	0	0	0	0.2	0	-0.3	0	0	0	0	0	0	-0.13	0	0.305	0	0	0
5.377	0	0	0	0.2	0	-0.3	0	0	0	0	0	0	-0.13	0	0.305	0	0	0
5.378	0	0	0	0.2	0	-0.3	0	0	0	0	0	0	-0.13	0	0.305	0	0	0
5.379	0	0	0	0.2	0	-0.3	0	0	0	0	0	0	-0.13	0	0.305	0	0	0
5.38	0	0	0	0.2	0	-0.3	0	0	0	0	0	0	-0.13	0	0.305	0	0	0
5.381	0	0	0	0.2	0	-0.3	0	0	0	0	0	0	-0.13	0	0.305	0	0	0
5.382	0	0	0	0.2	0	-0.3	0	0	0	0	0	0	-0.13	0	0.305	0	0	0
5.383	0	0	0	0.2	0	-0.3	0	0	0	0	0	0	-0.13	0	0.305	0	0	0
5.384	0	0	0	0.2	0	-0.3	0	0	0	0	0	0	-0.13	0	0.305	0	0	0
5.385	0	0	0	0.2	0	-0.3	0	0	0	0	0	0	-0.13	0	0.305	0	0	0
5.386	0	0	0	0.2	0	-0.3	0	0	0	0	0	0	-0.13	0	0.305	0	0	0
5.387	0	0	0	0.2	0	-0.3	0	0	0	0	0	0	-0.13	0	0.305	0	0	0
5.388	0	0	0	0.2	0	-0.3	0	0	0	0	0	0	-0.13	0	0.305	0	0	0
5.389	0	0	0	0.2	0	-0.3	0	0	0	0	0	0	-0.13	0	0.305	0	0	0
5.39	0	0	0	0.2	0	-0.3	0	0	0	0	0	0	-0.13	0	0.305	0	0	0
5.391	0	0	0	0.2	0	-0.3	0	0	0	0	0	0	-0.13	0	0.305	0	0	0
5.392	0	0	0	0.2	0	-0.3	0	0	0	0	0	0	-0.13	0	0.305	0	0	0
5.393	0	0	0	0.2	0	-0.3	0	0	0	0	0	0	-0.13	0	0.305	0	0	0
5.394	0	0	0	0.2	0	-0.3	0	0	0	0	0	0	-0.13	0	0.305	0	0	0
5.395	0	0	0	0.2	0	-0.3	0	0	0	0	0	0	-0.13	0	0.305	0	0	0
5.396	0	0	0	0.2	0	-0.3	0	0	0	0	0	0	-0.13	0	0.305	0	0	0
5.397	0	0	0	0.2	0	-0.3	0	0	0	0	0	0	-0.13	0	0.305	0	0	0
5.398	0	0	0	0.2	0	-0.3	0	0	0	0	0	0	-0.13	0	0.305	0	0	0
5.399	0	0	0	0.2	0	-0.3	0	0	0	0	0	0	-0.13	0	0.305	0	0	0
5.4	0	0	0	0.2	0	-0.3	0	0	0	0	0	0	-0.13	0	0.305	0	0	0
5.401	0	0	0	0.2	0	-0.3	0	0	0	0	0	0	-0.13	0	0.305	0	0	0
5.402	0	0	0	0.2	0	-0.3	0	0	0	0	0	0	-0.13	0	0.305	0	0	0
5.403	0	0	0	0.2	0	-0.3	0	0	0	0	0	0	-0.13	0	0.305	0	0	0
5.404	0	0	0	0.2	0	-0.3	0	0	0	0	0	0	-0.13	0	0.305	0	0	0
5.405	0	0	0	0.2	0	-0.3	0	0	0	0	0	0	-0.13	0	0.305	0	0	0
5.406	0	0	0	0.2	0	-0.3	0	0	0	0	0	0	-0.13	0	0.305	0	0	0
5.407	0	0	0	0.2	0	-0.3	0	0	0	0	0	0	-0.13	0	0.305	0	0	0
5.408	0	0	0	0.2	0	-0.3	0	0	0	0	0	0	-0.13	0	0.305	0	0	0
5.409	0	0	0	0.2	0	-0.3	0	0	0	0	0	0	-0.13	0	0.305	0	0	0
5.41	0	0	0	0.2	0	-0.3	0	0	0	0	0	0	-0.13	0	0.305	0	0	0
5.411	0	0	0	0.2	0	-0.3	0	0	0	0	0	0	-0.13	0	0.305	0	0	0
5.412	0	0	0	0.2	0	-0.3	0	0	0	0	0	0	-0.13	0	0.305	0	0	0
5.413	0	0	0	0.2	0	-0.3	0	0	0	0	0	0	-0.13	0	0.305	0	0	0
5.414	0	0	0	0.2	0	-0.3	0	0	0	0	0	0	-0.13	0	0.305	0	0	0
5.415	0	0	0	0.2	0	-0.3	0	0	0	0	0	0	-0.13	0	0.305	0	0	0
5.416	0	0	0	0.2	0	-0.3	0	0	0	0	0	0	-0.13	0	0.305	0	0	0
5.417	0	0	0	0.2	0	-0.3	0	0	0	0	0	0	-0.13	0	0.305	0	0	0
5.418	0	0	0	0.2	0	-0.3	0	0	0	0	0	0	-0.13	0	0.305	0	0	0
5.419	0	0	0	0.2	0	-0.3	0	0	0	0	0	0	-0.13	0	0.305	0	0	0
5.42	0	0	0	0.2	0	-0.3	0	0	0	0	0	0	-0.13	0	0.305	0	0	0
5.421	0	0	0	0.2	0	-0.3	0	0	0	0	0	0	-0.13	0	0.305	0	0	0
5.422	0	0	0	0.2	0	-0.3	0	0	0	0	0	0	-0.13	0	0.305	0	0	0
5.423	0	0	0	0.2	0	-0.3	0	0	0	0	0	0	-0.13	0	0.305	0	0	0
5.424	0	0	0	0.2	0	-0.3	0	0	0	0	0	0	-0.13	0	0.305	0	0	0
5.425	0	0	0	0.2	0	-0.3	0	0	0	0	0	0	-0.13	0	0.305	0	0	0
5.426	0	0	0	0.2	0	-0.3	0	0	0	0	0	0	-0.13	0	0.305	0	0	0
5.427	0	0	0	0.2	0	-0.3	0	0	0	0	0	0	-0.13	0	0.305	0	0	0
5.428	0	0	0	0.2	0	-0.3	0	0	0	0	0	0	-0.13	0	0.305	0	0	0
5.429	0	0	0	0.2	0	-0.3	0	0	0	0	0	0	-0.13	0	0.305	0	0	0
5.43	0	0	0	0.2	0	-0.3	0	0	0	0	0	0	-0.13	0	0.305	0	0	0
5.431	0	0	0	0.2	0	-0.3	0	0	0	0	0	0	-0.13	0	0.305	0	0	0
5.432	0	0	0	0.2	0	-0.3	0	0	0	0	0	0	-0.13	0	0.305	0	0	0
5.433	0	0	0	0.2	0	-0.3	0	0	0	0	0	0	-0.13	0	0.305	0	0	0
5.434	0	0	0	0.2	0	-0.3	0	0	0	0	0	0	-0.13	0	0.305	0	0	0
5.435	0	0	0	0.2	0	-0.3	0	0	0	0	0	0	-0.13	0	0.305	0	0	0
5.436	0	0	0	0.2	0	-0.3	0	0	0	0	0	0	-0.13	0	0.305	0	0	0
5.437	0	0	0	0.2	0	-0.3	0	0	0	0	0	0	-0.13	0	0.305	0	0	0
5.438	0	0	0	0.2	0	-0.3	0	0	0	0	0	0	-0.13	0	0.305	0	0	0
5.439	0	0	0	0.2	0	-0.3	0	0	0	0	0	0	-0.13	0	0.305	0	0	0
5.44	0	0	0	0.2	0	-0.3	0	0	0	0	0	0	-0.13	0	0.305	0	0	0
5.441	0	0	0	0.2	0	-0.3	0	0	0	0	0	0	-0.13	0	0.305	0	0	0
5.442	0	0	0	0.2	0	-0.3	0	0	0	0	0	0	-0.13	0	0.305	0	0	0
5.443	0	0	0	0.2	0	-0.3	0	0	0	0	0	0	-0.13	0	0.305	0	0	0
5.444	0	0	0	0.2	0	-0.3	0	0	0	0	0	0	-0.13	0	0.305	0	0	0
5.445	0	0	0	0.2	0	-0.3	0	0	0	0	0	0	-0.13	0	0.305	0	0	0
5.446	0	0	0	0.2	0	-0.3	0	0	0	0	0	0	-0.13	0	0.305	0	0	0
5.447	0	0	0	0.2	0	-0.3	0	0	0	0	0	0	-0.13	0	0.305	0	0	0
5.448	0	0	0	0.2	0	-0.3	0	0	0	0	0	0	-0.13	0	0.305	0	0	0
5.449	0	0	0	0.2	0	-0.3	0	0	0	0	0	0	-0.13	0	0.305	0	0	0
5.45	0	0	0	0.2	0	-0.3	0	0	0	0	0	0	-0.13	0	0.305	0	0	0
5.451	0	0	0	0.2	0	-0.3	0	0	0	0	0	0	-0.13	0	0.305	0	0	0
5.452	0	0	0	0.2	0	-0.3	0	0	0	0	0	0	-0.13	0	0.305	0	0	0
5.453	0	0	0	0.2	0	-0.3	0	0	0	0	0	0	-0.13	0	0.305	0	0	0
5.454	0	0	0	0.2	0	-0.3	0	0	0	0	0	0	-0.13	0	0.305	0	0	0
5.455	0	0	0	0.2	0	-0.3	0	0	0	0	0	0	-0.13	0	0.305	0	0	0
5.456	0	0	0	0.2	0	-0.3	0	0	0	0	0	0	-0.13	0	0.305	0	0	0
5.457	0	0	0	0.2	0	-0.3	0	0	0	0	0	0	-0.13	0	0.305	0	0	0
5.458	0	0	0	0.2	0	-0.3	0	0	0	0	0	0	-0.13	0	0.305	0	0	0
5.459	0	0	0	0.2	0	-0.3	0	0	0	0	0	0	-0.13	0	0.305	0	0	0
5.46	0	0	0	0.2	0	-0.3	0	0	0	0	0	0	-0.13	0	0.305	0	0	0
5.461	0	0	0	0.2	0	-0.3	0	0	0	0	0	0	-0.13	0	0.305	0	0	0
5.462	0	0	0	0.2	0	-0.3	0	0	0	0	0	0	-0.13	0	0.305	0	0	0
5.463	0	0	0	0.2	0	-0.3	0	0	0	0	0	0	-0.13	0	0.305	0	0	0
5.464	0	0	0	0.2	0	-0.3	0	0	0	0	0	0	-0.13	0	0.305	0	0	0
5.465	0	0	0	0.2	0	-0.3	0	0	0	0	0	0	-0.13	0	0.305	0	0	0
5.466	0	0	0	0.2	0	-0.3	0	0	0	0	0	0	-0.13	0	0.305	0	0	0
5.467	0	0	0	0.2	0	-0.3	0	0	0	0	0	0	-0.13	0	0.305	0	0	0
5.468	0	0	0	0.2	0	-0.3	0	0	0	0	0	0	-0.13	0	0.305	0	0	0
5.469	0	0	0	0.2	0	-0.3	0	0	0	0	0	0	-0.13	0	0.305	0	0	0
5.47	0	0	0	0.2	0	-0.3	0	0	0	0	0	0	-0.13	0	0.305	0	0	0
5.471	0	0	0	0.2	0	-0.3	0	0	0	0	0	0	-0.13	0	0.305	0	0	0
5.472	0	0	0	0.2	0	-0.3	0	0	0	0	0	0	-0.13	0	0.305	0	0	0
5.473	0	0	0	0.2	0	-0.3	0	0	0	0	0	0	-0.13	0	0.305	0	0	0
5.474	0	0	0	0.2	0	-0.3	0	0	0	0	0	0	-0.13	0	0.305	0	0	0
5.475	0	0	0	0.2	0	-0.3	0	0	0	0	0	0	-0.13	0	0.305	0	0	0
5.476	0	0	0	0.2	0	-0.3	0	0	0	0	0	0	-0.13	0	0.305	0	0	0
5.477	0	0	0	0.2	0	-0.3	0	0	0	0	0	0	-0.13	0	0.305	0	0	0
5.478	0	0	0	0.2	0	-0.3	0	0	0	0	0	0	-0.13	0	0.305	0	0	0
5.479	0	0	0	0.2	0	-0.3	0	0	0	0	0	0	-0.13	0	0.305	0	0	0
5.48	0	0	0	0.2	0	-0.3	0	0	0	0	0	0	-0.13	0	0.305	0	0	0
5.481	0	0	0	0.2	0	-0.3	0	0	0	0	0	0	-0.13	0	0.305	0	0	0
5.482	0	0	0	0.2	0	-0.3	0	0	0	0	0	0	-0.13	0	0.305	0	0	0
5.483	0	0	0	0.2	0	-0.3	0	0	0	0	0	0	-0.13	0	0.305	0	0	0
5.484	0	0	0	0.2	0	-0.3	0	0	0	0	0	0	-0.13	0	0.305	0	0	0
5.485	0	0	0	0.2	0	-0.3	0	0	0	0	0	0	-0.13	0	0.305	0	0	0
5.486	0	0	0	0.2	0	-0.3	0	0	0	0	0	0	-0.13	0	0.305	0	0	0
5.487	0	0	0	0.2	0	-0.3	0	0	0	0	0	0	-0.13	0	0.305	0	0	0
5.488	0	0	0	0.2	0	-0.3	0	0	0	0	0	0	-0.13	0	0.305	0	0	0
5.489	0	0	0	0.2	0	-0.3	0	0	0	0	0	0	-0.13	0	0.305	0	0	0
5.49	0	0	0	0.2	0	-0.3	0	0	0	0	0	0	-0.13	0	0.305	0	0	0
5.491	0	0	0	0.2	0	-0.3	0	0	0	0	0	0	-0.13	0	0.305	0	0	0
5.492	0	0	0	0.2	0	-0.3	0	0	0	0	0	0	-0.13	0	0.305	0	0	0
5.493	0	0	0	0.2	0	-0.3	0	0	0	0	0	0	-0.13	0	0.305	0	0	0
5.494	0	0	0	0.2	0	-0.3	0	0	0	0	0	0	-0.13	0	0.305	0	0	0
5.495	0	0	0	0.2	0	-0.3	0	0	0	0	0	0	-0.13	0	0.305	0	0	0
5.496	0	0	0	0.2	0	-0.3	0	0	0	0	0	0	-0.13	0	0.305	0	0	0
5.497	0	0	0	0.2	0	-0.3	0	0	0	0	0	0	-0.13	0	0.305	0	0	0
5.498	0	0	0	0.2	0	-0.3	0	0	0	0	0	0	-0.13	0	0.305	0	0	0
5.499	0	0	0	0.2	0	-0.3	0	0	0	0	0	0	-0.13	0	0.305	0	0	0
5.5	0	0	0	0.2	0	-0.3	0	0	0	0	0	0	-0.13	0	0.305	0	0	0
5.501	0	0	0	0.2	0	-0.3	0	0	0	0	0	0	-0.13	0	0.305	0	0	0
5.502	0	0	0	0.2	0	-0.3	0	0	0	0	0	0	-0.13	0	0.305	0	0	0
5.503	0	0	0	0.2	0	-0.3	0	0	0	0	0	0	-0.13	0	0.305	0	0	0
5.504	0	0	0	0.2	0	-0.3	0	0	0	0	0	0	-0.13	0	0.305	0	0	0
5.505	0	0	0	0.2	0	-0.3	0	0	0	0	0	0	-0.13	0	0.305	0	0	0
5.506	0	0	0	0.2	0	-0.3	0	0	0	0	0	0	-0.13	0	0.305	0	0	0
5.507	0	0	0	0.2	0	-0.3	0	0	0	0	0	0	-0.13	0	0.305	0	0	0
5.508	0	0	0	0.2	0	-0.3	0	0	0	0	0	0	-0.13	0	0.305	0	0	0
5.509	0	0	0	0.2	0	-0.3	0	0	0	0	0	0	-0.13	0	0.305	0	0	0
5.51	0	0	0	0.2	0	-0.3	0	0	0	0	0	0	-0.13	0	0.305	0	0	0
5.511	0	0	0	0.2	0	-0.3	0	0	0	0	0	0	-0.13	0	0.305	0	0	0
5.512	0	0	0	0.2	0	-0.3	0	0	0	0	0	0	-0.13	0	0.305	0	0	0
5.513	0	0	0	0.2	0	-0.3	0	0	0	0	0	0	-0.13	0	0.305	0	0	0
5.514	0	0	0	0.2	0	-0.3	0	0	0	0	0	0	-0.13	0	0.305	0	0	0
5.515	0	0	0	0.2	0	-0.3	0	0	0	0	0	0	-0.13	0	0.305	0	0	0
5.516	0	0	0	0.2	0	-0.3	0	0	0	0	0	0	-0.13	0	0.305	0	0	0
5.517	0	0	0	0.2	0	-0.3	0	0	0	0	0	0	-0.13	0	0.305	0	0	0
5.518	0	0	0	0.2	0	-0.3	0	0	0	0	0	0	-0.13	0	0.305	0	0	0
5.519	0	0	0	0.2	0	-0.3	0	0	0	0	0	0	-0.13	0	0.305	0	0	0
5.52	0	0	0	0.2	0	-0.3	0	0	0	0	0	0	-0.13	0	0.305	0	0	0
5.521	0	0	0	0.2	0	-0.3	0	0	0	0	0	0	-0.13	0	0.305	0	0	0
5.522	0	0	0	0.2	0	-0.3	0	0	0	0	0	0	-0.13	0	0.305	0	0	0
5.523	0	0	0	0.2	0	-0.3	0	0	0	0	0	0	-0.13	0	0.305	0	0	0
5.524	0	0	0	0.2	0	-0.3	0	0	0	0	0	0	-0.13	0	0.305	0	0	0
5.525	0	0	0	0.2	0	-0.3	0	0	0	0	0	0	-0.13	0	0.305	0	0	0
5.526	0	0	0	0.2	0	-0.3	0	0	0	0	0	0	-0.13	0	0.305	0	0	0
5.527	0	0	0	0.2	0	-0.3	0	0	0	0	0	0	-0.13	0	0.305	0	0	0
5.528	0	0	0	0.2	0	-0.3	0	0	0	0	0	0	-0.13	0	0.305	0	0	0
5.529	0	0	0	0.2	0	-0.3	0	0	0	0	0	0	-0.13	0	0.305	0	0	0
5.53	0	0	0	0.2	0	-0.3	0	0	0	0	0	0	-0.13	0	0.305	0	0	0
5.531	0	0	0	0.2	0	-0.3	0	0	0	0	0	0	-0.13	0	0.305	0	0	0
5.532	0	0	0	0.2	0	-0.3	0	0	0	0	0	0	-0.13	0	0.305	0	0	0
5.533	0	0	0	0.2	0	-0.3	0	0	0	0	0	0	-0.13	0	0.305	0	0	0
5.534	0	0	0	0.2	0	-0.3	0	0	0	0	0	0	-0.13	0	0.305	0	0	0
5.535	0	0	0	0.2	0	-0.3	0	0	0	0	0	0	-0.13	0	0.305	0	0	0
5.536	0	0	0	0.2	0	-0.3	0	0	0	0	0	0	-0.13	0	0.305	0	0	0
5.537	0	0	0	0.2	0	-0.3	0	0	0	0	0	0	-0.13	0	0.305	0	0	0
5.538	0	0	0	0.2	0	-0.3	0	0	0	0	0	0	-0.13	0	0.305	0	0	0
5.539	0	0	0	0.2	0	-0.3	0	0	0	0	0	0	-0.13	0	0.305	0	0	0
5.54	0	0	0	0.2	0	-0.3	0	0	0	0	0	0	-0.13	0	0.305	0	0	0
5.541	0	0	0	0.2	0	-0.3	0	0	0	0	0	0	-0.13	0	0.305	0	0	0
5.542	0	0	0	0.2	0	-0.3	0	0	0	0	0	0	-0.13	0	0.305	0	0	0
5.543	0	0	0	0.2	0	-0.3	0	0	0	0	0	0	-0.13	0	0.305	0	0	0
5.544	0	0	0	0.2	0	-0.3	0	0	0	0	0	0	-0.13	0	0.305	0	0	0
5.545	0	0	0	0.2	0	-0.3	0	0	0	0	0	0	-0.13	0	0.305	0	0	0
5.546	0	0	0	0.2	0	-0.3	0	0	0	0	0	0	-0.13	0	0.305	0	0	0
5.547	0	0	0	0.2	0	-0.3	0	0	0	0	0	0	-0.13	0	0.305	0	0	0
5.548	0	0	0	0.2	0	-0.3	0	0	0	0	0	0	-0.13	0	0.305	0	0	0
5.549	0	0	0	0.2	0	-0.3	0	0	0	0	0	0	-0.13	0	0.305	0	0	0
5.55	0	0	0	0.2	0	-0.3	0	0	0	0	0	0	-0.13	0	0.305	0	0	0
5.551	0	0	0	0.2	0	-0.3	0	0	0	0	0	0	-0.13	0	0.305	0	0	0
5.552	0	0	0	0.2	0	-0.3	0	0	0	0	0	0	-0.13	0	0.305	0	0	0
5.553	0	0	0	0.2	0	-0.3	0	0	0	0	0	0	-0.13	0	0.305	0	0	0
5.554	0	0	0	0.2	0	-0.3	0	0	0	0	0	0	-0.13	0	0.305	0	0	0
5.555	0	0	0	0.2	0	-0.3	0	0	0	0	0	0	-0.13	0	0.305	0	0	0
5.556	0	0	0	0.2	0	-0.3	0	0	0	0	0	0	-0.13	0	0.305	0	0	0
5.557	0	0	0	0.2	0	-0.3	0	0	0	0	0	0	-0.13	0	0.305	0	0	0
5.558	0	0	0	0.2	0	-0.3	0	0	0	0	0	0	-0.13	0	0.305	0	0	0
5.559	0	0	0	0.2	0	-0.3	0	0	0	0	0	0	-0.13	0	0.305	0	0	0
5.56	0	0	0	0.2	0	-0.3	0	0	0	0	0	0	-0.13	0	0.305	0	0	0
5.561	0	0	0	0.2	0	-0.3	0	0	0	0	0	0	-0.13	0	0.305	0	0	0
5.562	0	0	0	0.2	0	-0.3	0	0	0	0	0	0	-0.13	0	0.305	0	0	0
5.563	0	0	0	0.2	0	-0.3	0	0	0	0	0	0	-0.13	0	0.305	0	0	0
5.564	0	0	0	0.2	0	-0.3	0	0	0	0	0	0	-0.13	0	0.305	0	0	0
5.565	0	0	0	0.2	0	-0.3	0	0	0	0	0	0	-0.13	0	0.305	0	0	0
5.566	0	0	0	0.2	0	-0.3	0	0	0	0	0	0	-0.13	0	0.305	0	0	0
5.567	0	0	0	0.2	0	-0.3	0	0	0	0	0	0	-0.13	0	0.305	0	0	0
5.568	0	0	0	0.2	0	-0.3	0	0	0	0	0	0	-0.13	0	0.305	0	0	0
5.569	0	0	0	0.2	0	-0.3	0	0	0	0	0	0	-0.13	0	0.305	0	0	0
5.57	0	0	0	0.2	0	-0.3	0	0	0	0	0	0	-0.13	0	0.305	0	0	0
5.571	0	0	0	0.2	0	-0.3	0	0	0	0	0	0	-0.13	0	0.305	0	0	0
5.572	0	0	0	0.2	0	-0.3	0	0	0	0	0	0	-0.13	0	0.305	0	0	0
5.573	0	0	0	0.2	0	-0.3	0	0	0	0	0	0	-0.13	0	0.305	0	0	0
5.574	0	0	0	0.2	0	-0.3	0	0	0	0	0	0	-0.13	0	0.305	0	0	0
5.575	0	0	0	0.2	0	-0.3	0	0	0	0	0	0	-0.13	0	0.305	0	0	0
5.576	0	0	0	0.2	0	-0.3	0	0	0	0	0	0	-0.13	0	0.305	0	0	0
5.577	0	0	0	0.2	0	-0.3	0	0	0	0	0	0	-0.13	0	0.305	0	0	0
5.578	0	0	0	0.2	0	-0.3	0	0	0	0	0	0	-0.13	0	0.305	0	0	0
5.579	0	0	0	0.2	0	-0.3	0	0	0	0	0	0	-0.13	0	0.305	0	0	0
5.58	0	0	0	0.2	0	-0.3	0	0	0	0	0	0	-0.13	0	0.305	0	0	0
5.581	0	0	0	0.2	0	-0.3	0	0	0	0	0	0	-0.13	0	0.305	0	0	0
5.582	0	0	0	0.2	0	-0.3	0	0	0	0	0	0	-0.13	0	0.305	0	0	0
5.583	0	0	0	0.2	0	-0.3	0	0	0	0	0	0	-0.13	0	0.305	0	0	0
5.584	0	0	0	0.2	0	-0.3	0	0	0	0	0	0	-0.13	0	0.305	0	0	0
5.585	0	0	0	0.2	0	-0.3	0	0	0	0	0	0	-0.13	0	0.305	0	0	0
5.586	0	0	0	0.2	0	-0.3	0	0	0	0	0	0	-0.13	0	0.305	0	0	0
5.587	0	0	0	0.2	0	-0.3	0	0	0	0	0	0	-0.13	0	0.305	0	0	0
5.588	0	0	0	0.2	0	-0.3	0	0	0	0	0	0	-0.13	0	0.305	0	0	0
5.589	0	0	0	0.2	0	-0.3	0	0	0	0	0	0	-0.13	0	0.305	0	0	0
5.59	0	0	0	0.2	0	-0.3	0	0	0	0	0	0	-0.13	0	0.305	0	0	0
5.591	0	0	0	0.2	0	-0.3	0	0	0	0	0	0	-0.13	0	0.305	0	0	0
5.592	0	0	0	0.2	0	-0.3	0	0	0	0	0	0	-0.13	0	0.305	0	0	0
5.593	0	0	0	0.2	0	-0.3	0	0	0	0	0	0	-0.13	0	0.305	0	0	0
5.594	0	0	0	0.2	0	-0.3	0	0	0	0	0	0	-0.13	0	0.305	0	0	0
5.595	0	0	0	0.2	0	-0.3	0	0	0	0	0	0	-0.13	0	0.305	0	0	0
5.596	0	0	0	0.2	0	-0.3	0	0	0	0	0	0	-0.13	0	0.305	0	0	0
5.597	0	0	0	0.2	0	-0.3	0	0	0	0	0	0	-0.13	0	0.305	0	0	0
5.598	0	0	0	0.2	0	-0.3	0	0	0	0	0	0	-0.13	0	0.305	0	0	0
5.599	0	0	0	0.2	0	-0.3	0	0	0	0	0	0	-0.13	0	0.305	0	0	0
5.6	0	0	0	0.2	0	-0.3	0	0	0	0	0	0	-0.13	0	0.305	0	0	0
5.601	0	0	0	0.2	0	-0.3	0	0	0	0	0	0	-0.13	0	0.305	0	0	0
5.602	0	0	0	0.2	0	-0.3	0	0	0	0	0	0	-0.13	0	0.305	0	0	0
5.603	0	0	0	0.2	0	-0.3	0	0	0	0	0	0	-0.13	0	0.305	0	0	0
5.604	0	0	0	0.2	0	-0.3	0	0	0	0	0	0	-0.13	0	0.305	0	0	0
5.605	0	0	0	0.2	0	-0.3	0	0	0	0	0	0	-0.13	0	0.305	0	0	0
5.606	0	0	0	0.2	0	-0.3	0	0	0	0	0	0	-0.13	0	0.305	0	0	0
5.607	0	0	0	0.2	0	-0.3	0	0	0	0	0	0	-0.13	0	0.305	0	0	0
5.608	0	0	0	0.2	0	-0.3	0	0	0	0	0	0	-0.13	0	0.305	0	0	0
5.609	0	0	0	0.2	0	-0.3	0	0	0	0	0	0	-0.13	0	0.305	0	0	0
5.61	0	0	0	0.2	0	-0.3	0	0	0	0	0	0	-0.13	0	0.305	0	0	0
5.611	0	0	0	0.2	0	-0.3	0	0	0	0	0	0	-0.13	0	0.305	0	0	0
5.612	0	0	0	0.2	0	-0.3	0	0	0	0	0	0	-0.13	0	0.305	0	0	0
5.613	0	0	0	0.2	0	-0.3	0	0	0	0	0	0	-0.13	0	0.305	0	0	0
5.614	0	0	0	0.2	0	-0.3	0	0	0	0	0	0	-0.13	0	0.305	0	0	0
5.615	0	0	0	0.2	0	-0.3	0	0	0	0	0	0	-0.13	0	0.305	0	0	0
5.616	0	0	0	0.2	0	-0.3	0	0	0	0	0	0	-0.13	0	0.305	0	0	0
5.617	0	0	0	0.2	0	-0.3	0	0	0	0	0	0	-0.13	0	0.305	0	0	0
5.618	0	0	0	0.2	0	-0.3	0	0	0	0	0	0	-0.13	0	0.305	0	0	0
5.619	0	0	0	0.2	0	-0.3	0	0	0	0	0	0	-0.13	0	0.305	0	0	0
5.62	0	0	0	0.2	0	-0.3	0	0	0	0	0	0	-0.13	0	0.305	0	0	0
5.621	0	0	0	0.2	0	-0.3	0	0	0	0	0	0	-0.13	0	0.305	0	0	0
5.622	0	0	0	0.2	0	-0.3	0	0	0	0	0	0	-0.13	0	0.305	0	0	0
5.623	0	0	0	0.2	0	-0.3	0	0	0	0	0	0	-0.13	0	0.305	0	0	0
5.624	0	0	0	0.2	0	-0.3	0	0	0	0	0	0	-0.13	0	0.305	0	0	0
5.625	0	0	0	0.2	0	-0.3	0	0	0	0	0	0	-0.13	0	0.305	0	0	0
5.626	0	0	0	0.2	0	-0.3	0	0	0	0	0	0	-0.13	0	0.305	0	0	0
5.627	0	0	0	0.2	0	-0.3	0	0	0	0	0	0	-0.13	0	0.305	0	0	0
5.628	0	0	0	0.2	0	-0.3	0	0	0	0	0	0	-0.13	0	0.305	0	0	0
5.629	0	0	0	0.2	0	-0.3	0	0	0	0	0	0	-0.13	0	0.305	0	0	0
5.63	0	0	0	0.2	0	-0.3	0	0	0	0	0	0	-0.13	0	0.305	0	0	0
5.631	0	0	0	0.2	0	-0.3	0	0	0	0	0	0	-0.13	0	0.305	0	0	0
5.632	0	0	0	0.2	0	-0.3	0	0	0	0	0	0	-0.13	0	0.305	0	0	0
5.633	0	0	0	0.2	0	-0.3	0	0	0	0	0	0	-0.13	0	0.305	0	0	0
5.634	0	0	0	0.2	0	-0.3	0	0	0	0	0	0	-0.13	0	0.305	0	0	0
5.635	0	0	0	0.2	0	-0.3	0	0	0	0	0	0	-0.13	0	0.305	0	0	0
5.636	0	0	0	0.2	0	-0.3	0	0	0	0	0	0	-0.13	0	0.305	0	0	0
5.637	0	0	0	0.2	0	-0.3	0	0	0	0	0	0	-0.13	0	0.305	0	0	0
5.638	0	0	0	0.2	0	-0.3	0	0	0	0	0	0	-0.13	0	0.305	0	0	0
5.639	0	0	0	0.2	0	-0.3	0	0	0	0	0	0	-0.13	0	0.305	0	0	0
5.64	0	0	0	0.2	0	-0.3	0	0	0	0	0	0	-0.13	0	0.305	0	0	0
5.641	0	0	0	0.2	0	-0.3	0	0	0	0	0	0	-0.13	0	0.305	0	0	0
5.642	0	0	0	0.2	0	-0.3	0	0	0	0	0	0	-0.13	0	0.305	0	0	0
5.643	0	0	0	0.2	0	-0.3	0	0	0	0	0	0	-0.13	0	0.305	0	0	0
5.644	0	0	0	0.2	0	-0.3	0	0	0	0	0	0	-0.13	0	0.305	0	0	0
5.645	0	0	0	0.2	0	-0.3	0	0	0	0	0	0	-0.13	0	0.305	0	0	0
5.646	0	0	0	0.2	0	-0.3	0	0	0	0	0	0	-0.13	0	0.305	0	0	0
5.647	0	0	0	0.2	0	-0.3	0	0	0	0	0	0	-0.13	0	0.305	0	0	0
5.648	0	0	0	0.2	0	-0.3	0	0	0	0	0	0	-0.13	0	0.305	0	0	0
5.649	0	0	0	0.2	0	-0.3	0	0	0	0	0	0	-0.13	0	0.305	0	0	0
5.65	0	0	0	0.2	0	-0.3	0	0	0	0	0	0	-0.13	0	0.305	0	0	0
5.651	0	0	0	0.2	0	-0.3	0	0	0	0	0	0	-0.13	0	0.305	0	0	0
5.652	0	0	0	0.2	0	-0.3	0	0	0	0	0	0	-0.13	0	0.305	0	0	0
5.653	0	0	0	0.2	0	-0.3	0	0	0	0	0	0	-0.13	0	0.305	0	0	0
5.654	0	0	0	0.2	0	-0.3	0	0	0	0	0	0	-0.13	0	0.305	0	0	0
5.655	0	0	0	0.2	0	-0.3	0	0	0	0	0	0	-0.13	0	0.305	0	0	0
5.656	0	0	0	0.2	0	-0.3	0	0	0	0	0	0	-0.13	0	0.305	0	0	0
5.657	0	0	0	0.2	0	-0.3	0	0	0	0	0	0	-0.13	0	0.305	0	0	0
5.658	0	0	0	0.2	0	-0.3	0	0	0	0	0	0	-0.13	0	0.305	0	0	0
5.659	0	0	0	0.2	0	-0.3	0	0	0	0	0	0	-0.13	0	0.305	0	0	0
5.66	0	0	0	0.2	0	-0.3	0	0	0	0	0	0	-0.13	0	0.305	0	0	0
5.661	0	0	0	0.2	0	-0.3	0	0	0	0	0	0	-0.13	0	0.305	0	0	0
5.662	0	0	0	0.2	0	-0.3	0	0	0	0	0	0	-0.13	0	0.305	0	0	0
5.663	0	0	0	0.2	0	-0.3	0	0	0	0	0	0	-0.13	0	0.305	0	0	0
5.664	0	0	0	0.2	0	-0.3	0	0	0	0	0	0	-0.13	0	0.305	0	0	0
5.665	0	0	0	0.2	0	-0.3	0	0	0	0	0	0	-0.13	0	0.305	0	0	0
5.666	0	0	0	0.2	0	-0.3	0	0	0	0	0	0	-0.13	0	0.305	0	0	0
5.667	0	0	0	0.2	0	-0.3	0	0	0	0	0	0	-0.13	0	0.305	0	0	0
5.668	0	0	0	0.2	0	-0.3	0	0	0	0	0	0	-0.13	0	0.305	0	0	0
5.669	0	0	0	0.2	0	-0.3	0	0	0	0	0	0	-0.13	0	0.305	0	0	0
5.67	0	0	0	0.2	0	-0.3	0	0	0	0	0	0	-0.13	0	0.305	0	0	0
5.671	0	0	0	0.2	0	-0.3	0	0	0	0	0	0	-0.13	0	0.305	0	0	0
5.672	0	0	0	0.2	0	-0.3	0	0	0	0	0	0	-0.13	0	0.305	0	0	0
5.673	0	0	0	0.2	0	-0.3	0	0	0	0	0	0	-0.13	0	0.305	0	0	0
5.674	0	0	0	0.2	0	-0.3	0	0	0	0	0	0	-0.13	0	0.305	0	0	0
5.675	0	0	0	0.2	0	-0.3	0	0	0	0	0	0	-0.13	0	0.305	0	0	0
5.676	0	0	0	0.2	0	-0.3	0	0	0	0	0	0	-0.13	0	0.305	0	0	0
5.677	0	0	0	0.2	0	-0.3	0	0	0	0	0	0	-0.13	0	0.305	0	0	0
5.678	0	0	0	0.2	0	-0.3	0	0	0	0	0	0	-0.13	0	0.305	0	0	0
5.679	0	0	0	0.2	0	-0.3	0	0	0	0	0	0	-0.13	0	0.305	0	0	0
5.68	0	0	0	0.2	0	-0.3	0	0	0	0	0	0	-0.13	0	0.305	0	0	0
5.681	0	0	0	0.2	0	-0.3	0	0	0	0	0	0	-0.13	0	0.305	0	0	0
5.682	0	0	0	0.2	0	-0.3	0	0	0	0	0	0	-0.13	0	0.305	0	0	0
5.683	0	0	0	0.2	0	-0.3	0	0	0	0	0	0	-0.13	0	0.305	0	0	0
5.684	0	0	0	0.2	0	-0.3	0	0	0	0	0	0	-0.13	0	0.305	0	0	0
5.685	0	0	0	0.2	0	-0.3	0	0	0	0	0	0	-0.13	0	0.305	0	0	0
5.686	0	0	0	0.2	0	-0.3	0	0	0	0	0	0	-0.13	0	0.305	0	0	0
5.687	0	0	0	0.2	0	-0.3	0	0	0	0	0	0	-0.13	0	0.305	0	0	0
5.688	0	0	0	0.2	0	-0.3	0	0	0	0	0	0	-0.13	0	0.305	0	0	0
5.689	0	0	0	0.2	0	-0.3	0	0	0	0	0	0	-0.13	0	0.305	0	0	0
5.69	0	0	0	0.2	0	-0.3	0	0	0	0	0	0	-0.13	0	0.305	0	0	0
5.691	0	0	0	0.2	0	-0.3	0	0	0	0	0	0	-0.13	0	0.305	0	0	0
5.692	0	0	0	0.2	0	-0.3	0	0	0	0	0	0	-0.13	0	0.305	0	0	0
5.693	0	0	0	0.2	0	-0.3	0	0	0	0	0	0	-0.13	0	0.305	0	0	0
5.694	0	0	0	0.2	0	-0.3	0	0	0	0	0	0	-0.13	0	0.305	0	0	0
5.695	0	0	0	0.2	0	-0.3	0	0	0	0	0	0	-0.13	0	0.305	0	0	0
5.696	0	0	0	0.2	0	-0.3	0	0	0	0	0	0	-0.13	0	0.305	0	0	0
5.697	0	0	0	0.2	0	-0.3	0	0	0	0	0	0	-0.13	0	0.305	0	0	0
5.698	0	0	0	0.2	0	-0.3	0	0	0	0	0	0	-0.13	0	0.305	0	0	0
5.699	0	0	0	0.2	0	-0.3	0	0	0	0	0	0	-0.13	0	0.305	0	0	0
5.7	0	0	0	0.2	0	-0.3	0	0	0	0	0	0	-0.13	0	0.305	0	0	0
5.701	0	0	0	0.2	0	-0.3	0	0	0	0	0	0	-0.13	0	0.305	0	0	0
5.702	0	0	0	0.2	0	-0.3	0	0	0	0	0	0	-0.13	0	0.305	0	0	0
5.703	0	0	0	0.2	0	-0.3	0	0	0	0	0	0	-0.13	0	0.305	0	0	0
5.704	0	0	0	0.2	0	-0.3	0	0	0	0	0	0	-0.13	0	0.305	0	0	0
5.705	0	0	0	0.2	0	-0.3	0	0	0	0	0	0	-0.13	0	0.305	0	0	0
5.706	0	0	0	0.2	0	-0.3	0	0	0	0	0	0	-0.13	0	0.305	0	0	0
5.707	0	0	0	0.2	0	-0.3	0	0	0	0	0	0	-0.13	0	0.305	0	0	0
5.708	0	0	0	0.2	0	-0.3	0	0	0	0	0	0	-0.13	0	0.305	0	0	0
5.709	0	0	0	0.2	0	-0.3	0	0	0	0	0	0	-0.13	0	0.305	0	0	0
