LG_Walk_Slower03																		
version=1																		
nRows=3450																		
nColumns=19																		
inDegrees=yes																		
endheader																		
time	ground_force2_vx	ground_force2_vy	ground_force2_vz	ground_force2_px	ground_force2_py	ground_force2_pz	ground_torque2_x	ground_torque2_y	ground_torque2_z	ground_force1_vx	ground_force1_vy	ground_force1_vz	ground_force1_px	ground_force1_py	ground_force1_pz	ground_torque1_x	ground_torque1_y	ground_torque1_z
4.53	0	0	0	0.2	0	-0.3	0	0	0	0	0	0	-0.13	0	0.305	0	0	0
4.531	0	0	0	0.2	0	-0.3	0	0	0	0	0	0	-0.13	0	0.305	0	0	0
4.532	0	0	0	0.2	0	-0.3	0	0	0	0	0	0	-0.13	0	0.305	0	0	0
4.533	0	0	0	0.2	0	-0.3	0	0	0	0	0	0	-0.13	0	0.305	0	0	0
4.534	0	0	0	0.2	0	-0.3	0	0	0	0	0	0	-0.13	0	0.305	0	0	0
4.535	0	0	0	0.2	0	-0.3	0	0	0	0	0	0	-0.13	0	0.305	0	0	0
4.536	0	0	0	0.2	0	-0.3	0	0	0	0	0	0	-0.13	0	0.305	0	0	0
4.537	0	0	0	0.2	0	-0.3	0	0	0	0	0	0	-0.13	0	0.305	0	0	0
4.538	0	0	0	0.2	0	-0.3	0	0	0	0	0	0	-0.13	0	0.305	0	0	0
4.539	0	0	0	0.2	0	-0.3	0	0	0	0	0	0	-0.13	0	0.305	0	0	0
4.54	0	0	0	0.2	0	-0.3	0	0	0	0	0	0	-0.13	0	0.305	0	0	0
4.541	0	0	0	0.2	0	-0.3	0	0	0	0	0	0	-0.13	0	0.305	0	0	0
4.542	0	0	0	0.2	0	-0.3	0	0	0	0	0	0	-0.13	0	0.305	0	0	0
4.543	0	0	0	0.2	0	-0.3	0	0	0	0	0	0	-0.13	0	0.305	0	0	0
4.544	0	0	0	0.2	0	-0.3	0	0	0	0	0	0	-0.13	0	0.305	0	0	0
4.545	0	0	0	0.2	0	-0.3	0	0	0	0	0	0	-0.13	0	0.305	0	0	0
4.546	0	0	0	0.2	0	-0.3	0	0	0	0	0	0	-0.13	0	0.305	0	0	0
4.547	0	0	0	0.2	0	-0.3	0	0	0	0	0	0	-0.13	0	0.305	0	0	0
4.548	0	0	0	0.2	0	-0.3	0	0	0	0	0	0	-0.13	0	0.305	0	0	0
4.549	0	0	0	0.2	0	-0.3	0	0	0	0	0	0	-0.13	0	0.305	0	0	0
4.55	0	0	0	0.2	0	-0.3	0	0	0	0	0	0	-0.13	0	0.305	0	0	0
4.551	0	0	0	0.2	0	-0.3	0	0	0	0	0	0	-0.13	0	0.305	0	0	0
4.552	0	0	0	0.2	0	-0.3	0	0	0	0	0	0	-0.13	0	0.305	0	0	0
4.553	0	0	0	0.2	0	-0.3	0	0	0	0	0	0	-0.13	0	0.305	0	0	0
4.554	0	0	0	0.2	0	-0.3	0	0	0	0	0	0	-0.13	0	0.305	0	0	0
4.555	0	0	0	0.2	0	-0.3	0	0	0	0	0	0	-0.13	0	0.305	0	0	0
4.556	0	0	0	0.2	0	-0.3	0	0	0	0	0	0	-0.13	0	0.305	0	0	0
4.557	0	0	0	0.2	0	-0.3	0	0	0	0	0	0	-0.13	0	0.305	0	0	0
4.558	0	0	0	0.2	0	-0.3	0	0	0	0	0	0	-0.13	0	0.305	0	0	0
4.559	0	0	0	0.2	0	-0.3	0	0	0	0	0	0	-0.13	0	0.305	0	0	0
4.56	0	0	0	0.2	0	-0.3	0	0	0	0	0	0	-0.13	0	0.305	0	0	0
4.561	0	0	0	0.2	0	-0.3	0	0	0	0	0	0	-0.13	0	0.305	0	0	0
4.562	0	0	0	0.2	0	-0.3	0	0	0	0	0	0	-0.13	0	0.305	0	0	0
4.563	0	0	0	0.2	0	-0.3	0	0	0	0	0	0	-0.13	0	0.305	0	0	0
4.564	0	0	0	0.2	0	-0.3	0	0	0	0	0	0	-0.13	0	0.305	0	0	0
4.565	0	0	0	0.2	0	-0.3	0	0	0	0	0	0	-0.13	0	0.305	0	0	0
4.566	0	0	0	0.2	0	-0.3	0	0	0	0	0	0	-0.13	0	0.305	0	0	0
4.567	0	0	0	0.2	0	-0.3	0	0	0	0	0	0	-0.13	0	0.305	0	0	0
4.568	0	0	0	0.2	0	-0.3	0	0	0	0	0	0	-0.13	0	0.305	0	0	0
4.569	0	0	0	0.2	0	-0.3	0	0	0	0	0	0	-0.13	0	0.305	0	0	0
4.57	0	0	0	0.2	0	-0.3	0	0	0	0	0	0	-0.13	0	0.305	0	0	0
4.571	0	0	0	0.2	0	-0.3	0	0	0	0	0	0	-0.13	0	0.305	0	0	0
4.572	0	0	0	0.2	0	-0.3	0	0	0	0	0	0	-0.13	0	0.305	0	0	0
4.573	0	0	0	0.2	0	-0.3	0	0	0	0	0	0	-0.13	0	0.305	0	0	0
4.574	0	0	0	0.2	0	-0.3	0	0	0	0	0	0	-0.13	0	0.305	0	0	0
4.575	0	0	0	0.2	0	-0.3	0	0	0	0	0	0	-0.13	0	0.305	0	0	0
4.576	0	0	0	0.2	0	-0.3	0	0	0	0	0	0	-0.13	0	0.305	0	0	0
4.577	0	0	0	0.2	0	-0.3	0	0	0	0	0	0	-0.13	0	0.305	0	0	0
4.578	0	0	0	0.2	0	-0.3	0	0	0	0	0	0	-0.13	0	0.305	0	0	0
4.579	0	0	0	0.2	0	-0.3	0	0	0	0	0	0	-0.13	0	0.305	0	0	0
4.58	0	0	0	0.2	0	-0.3	0	0	0	0	0	0	-0.13	0	0.305	0	0	0
4.581	0	0	0	0.2	0	-0.3	0	0	0	0	0	0	-0.13	0	0.305	0	0	0
4.582	0	0	0	0.2	0	-0.3	0	0	0	0	0	0	-0.13	0	0.305	0	0	0
4.583	0	0	0	0.2	0	-0.3	0	0	0	0	0	0	-0.13	0	0.305	0	0	0
4.584	0	0	0	0.2	0	-0.3	0	0	0	0	0	0	-0.13	0	0.305	0	0	0
4.585	0	0	0	0.2	0	-0.3	0	0	0	0	0	0	-0.13	0	0.305	0	0	0
4.586	0	0	0	0.2	0	-0.3	0	0	0	0	0	0	-0.13	0	0.305	0	0	0
4.587	0	0	0	0.2	0	-0.3	0	0	0	0	0	0	-0.13	0	0.305	0	0	0
4.588	0	0	0	0.2	0	-0.3	0	0	0	0	0	0	-0.13	0	0.305	0	0	0
4.589	0	0	0	0.2	0	-0.3	0	0	0	0	0	0	-0.13	0	0.305	0	0	0
4.59	0	0	0	0.2	0	-0.3	0	0	0	0	0	0	-0.13	0	0.305	0	0	0
4.591	0	0	0	0.2	0	-0.3	0	0	0	0	0	0	-0.13	0	0.305	0	0	0
4.592	0	0	0	0.2	0	-0.3	0	0	0	0	0	0	-0.13	0	0.305	0	0	0
4.593	0	0	0	0.2	0	-0.3	0	0	0	0	0	0	-0.13	0	0.305	0	0	0
4.594	0	0	0	0.2	0	-0.3	0	0	0	0	0	0	-0.13	0	0.305	0	0	0
4.595	0	0	0	0.2	0	-0.3	0	0	0	0	0	0	-0.13	0	0.305	0	0	0
4.596	0	0	0	0.2	0	-0.3	0	0	0	0	0	0	-0.13	0	0.305	0	0	0
4.597	0	0	0	0.2	0	-0.3	0	0	0	0	0	0	-0.13	0	0.305	0	0	0
4.598	0	0	0	0.2	0	-0.3	0	0	0	0	0	0	-0.13	0	0.305	0	0	0
4.599	0	0	0	0.2	0	-0.3	0	0	0	0	0	0	-0.13	0	0.305	0	0	0
4.6	0	0	0	0.2	0	-0.3	0	0	0	0	0	0	-0.13	0	0.305	0	0	0
4.601	0	0	0	0.2	0	-0.3	0	0	0	0	0	0	-0.13	0	0.305	0	0	0
4.602	0	0	0	0.2	0	-0.3	0	0	0	0	0	0	-0.13	0	0.305	0	0	0
4.603	0	0	0	0.2	0	-0.3	0	0	0	0	0	0	-0.13	0	0.305	0	0	0
4.604	0	0	0	0.2	0	-0.3	0	0	0	0	0	0	-0.13	0	0.305	0	0	0
4.605	0	0	0	0.2	0	-0.3	0	0	0	0	0	0	-0.13	0	0.305	0	0	0
4.606	0	0	0	0.2	0	-0.3	0	0	0	0	0	0	-0.13	0	0.305	0	0	0
4.607	0	0	0	0.2	0	-0.3	0	0	0	0	0	0	-0.13	0	0.305	0	0	0
4.608	0	0	0	0.2	0	-0.3	0	0	0	0	0	0	-0.13	0	0.305	0	0	0
4.609	0	0	0	0.2	0	-0.3	0	0	0	0	0	0	-0.13	0	0.305	0	0	0
4.61	0	0	0	0.2	0	-0.3	0	0	0	0	0	0	-0.13	0	0.305	0	0	0
4.611	0	0	0	0.2	0	-0.3	0	0	0	0	0	0	-0.13	0	0.305	0	0	0
4.612	0	0	0	0.2	0	-0.3	0	0	0	0	0	0	-0.13	0	0.305	0	0	0
4.613	0	0	0	0.2	0	-0.3	0	0	0	0	0	0	-0.13	0	0.305	0	0	0
4.614	0	0	0	0.2	0	-0.3	0	0	0	0	0	0	-0.13	0	0.305	0	0	0
4.615	0	0	0	0.2	0	-0.3	0	0	0	0	0	0	-0.13	0	0.305	0	0	0
4.616	0	0	0	0.2	0	-0.3	0	0	0	0	0	0	-0.13	0	0.305	0	0	0
4.617	0	0	0	0.2	0	-0.3	0	0	0	0	0	0	-0.13	0	0.305	0	0	0
4.618	0	0	0	0.2	0	-0.3	0	0	0	0	0	0	-0.13	0	0.305	0	0	0
4.619	0	0	0	0.2	0	-0.3	0	0	0	0	0	0	-0.13	0	0.305	0	0	0
4.62	0	0	0	0.2	0	-0.3	0	0	0	0	0	0	-0.13	0	0.305	0	0	0
4.621	0	0	0	0.2	0	-0.3	0	0	0	0	0	0	-0.13	0	0.305	0	0	0
4.622	0	0	0	0.2	0	-0.3	0	0	0	0	0	0	-0.13	0	0.305	0	0	0
4.623	0	0	0	0.2	0	-0.3	0	0	0	0	0	0	-0.13	0	0.305	0	0	0
4.624	0	0	0	0.2	0	-0.3	0	0	0	0	0	0	-0.13	0	0.305	0	0	0
4.625	0	0	0	0.2	0	-0.3	0	0	0	0	0	0	-0.13	0	0.305	0	0	0
4.626	0	0	0	0.2	0	-0.3	0	0	0	0	0	0	-0.13	0	0.305	0	0	0
4.627	0	0	0	0.2	0	-0.3	0	0	0	0	0	0	-0.13	0	0.305	0	0	0
4.628	0	0	0	0.2	0	-0.3	0	0	0	0	0	0	-0.13	0	0.305	0	0	0
4.629	0	0	0	0.2	0	-0.3	0	0	0	0	0	0	-0.13	0	0.305	0	0	0
4.63	0	0	0	0.2	0	-0.3	0	0	0	0	0	0	-0.13	0	0.305	0	0	0
4.631	0	0	0	0.2	0	-0.3	0	0	0	0	0	0	-0.13	0	0.305	0	0	0
4.632	0	0	0	0.2	0	-0.3	0	0	0	0	0	0	-0.13	0	0.305	0	0	0
4.633	0	0	0	0.2	0	-0.3	0	0	0	0	0	0	-0.13	0	0.305	0	0	0
4.634	0	0	0	0.2	0	-0.3	0	0	0	0	0	0	-0.13	0	0.305	0	0	0
4.635	0	0	0	0.2	0	-0.3	0	0	0	0	0	0	-0.13	0	0.305	0	0	0
4.636	0	0	0	0.2	0	-0.3	0	0	0	0	0	0	-0.13	0	0.305	0	0	0
4.637	0	0	0	0.2	0	-0.3	0	0	0	0	0	0	-0.13	0	0.305	0	0	0
4.638	0	0	0	0.2	0	-0.3	0	0	0	0	0	0	-0.13	0	0.305	0	0	0
4.639	0	0	0	0.2	0	-0.3	0	0	0	0	0	0	-0.13	0	0.305	0	0	0
4.64	0	0	0	0.2	0	-0.3	0	0	0	0	0	0	-0.13	0	0.305	0	0	0
4.641	0	0	0	0.2	0	-0.3	0	0	0	0	0	0	-0.13	0	0.305	0	0	0
4.642	0	0	0	0.2	0	-0.3	0	0	0	0	0	0	-0.13	0	0.305	0	0	0
4.643	0	0	0	0.2	0	-0.3	0	0	0	0	0	0	-0.13	0	0.305	0	0	0
4.644	0	0	0	0.2	0	-0.3	0	0	0	0	0	0	-0.13	0	0.305	0	0	0
4.645	0	0	0	0.2	0	-0.3	0	0	0	0	0	0	-0.13	0	0.305	0	0	0
4.646	0	0	0	0.2	0	-0.3	0	0	0	0	0	0	-0.13	0	0.305	0	0	0
4.647	0	0	0	0.2	0	-0.3	0	0	0	0	0	0	-0.13	0	0.305	0	0	0
4.648	0	0	0	0.2	0	-0.3	0	0	0	0	0	0	-0.13	0	0.305	0	0	0
4.649	0	0	0	0.2	0	-0.3	0	0	0	0	0	0	-0.13	0	0.305	0	0	0
4.65	0	0	0	0.2	0	-0.3	0	0	0	0	0	0	-0.13	0	0.305	0	0	0
4.651	0	0	0	0.2	0	-0.3	0	0	0	0	0	0	-0.13	0	0.305	0	0	0
4.652	0	0	0	0.2	0	-0.3	0	0	0	0	0	0	-0.13	0	0.305	0	0	0
4.653	0	0	0	0.2	0	-0.3	0	0	0	0	0	0	-0.13	0	0.305	0	0	0
4.654	0	0	0	0.2	0	-0.3	0	0	0	0	0	0	-0.13	0	0.305	0	0	0
4.655	0	0	0	0.2	0	-0.3	0	0	0	0	0	0	-0.13	0	0.305	0	0	0
4.656	0	0	0	0.2	0	-0.3	0	0	0	0	0	0	-0.13	0	0.305	0	0	0
4.657	0	0	0	0.2	0	-0.3	0	0	0	0	0	0	-0.13	0	0.305	0	0	0
4.658	0	0	0	0.2	0	-0.3	0	0	0	0	0	0	-0.13	0	0.305	0	0	0
4.659	0	0	0	0.2	0	-0.3	0	0	0	0	0	0	-0.13	0	0.305	0	0	0
4.66	0	0	0	0.2	0	-0.3	0	0	0	0	0	0	-0.13	0	0.305	0	0	0
4.661	0	0	0	0.2	0	-0.3	0	0	0	0	0	0	-0.13	0	0.305	0	0	0
4.662	0	0	0	0.2	0	-0.3	0	0	0	0	0	0	-0.13	0	0.305	0	0	0
4.663	0	0	0	0.2	0	-0.3	0	0	0	0	0	0	-0.13	0	0.305	0	0	0
4.664	0	0	0	0.2	0	-0.3	0	0	0	0	0	0	-0.13	0	0.305	0	0	0
4.665	0	0	0	0.2	0	-0.3	0	0	0	0	0	0	-0.13	0	0.305	0	0	0
4.666	0	0	0	0.2	0	-0.3	0	0	0	0	0	0	-0.13	0	0.305	0	0	0
4.667	0	0	0	0.2	0	-0.3	0	0	0	0	0	0	-0.13	0	0.305	0	0	0
4.668	0	0	0	0.2	0	-0.3	0	0	0	0	0	0	-0.13	0	0.305	0	0	0
4.669	0	0	0	0.2	0	-0.3	0	0	0	0	0	0	-0.13	0	0.305	0	0	0
4.67	0	0	0	0.2	0	-0.3	0	0	0	0	0	0	-0.13	0	0.305	0	0	0
4.671	0	0	0	0.2	0	-0.3	0	0	0	0	0	0	-0.13	0	0.305	0	0	0
4.672	0	0	0	0.2	0	-0.3	0	0	0	0	0	0	-0.13	0	0.305	0	0	0
4.673	0	0	0	0.2	0	-0.3	0	0	0	0	0	0	-0.13	0	0.305	0	0	0
4.674	0	0	0	0.2	0	-0.3	0	0	0	0	0	0	-0.13	0	0.305	0	0	0
4.675	0	0	0	0.2	0	-0.3	0	0	0	0	0	0	-0.13	0	0.305	0	0	0
4.676	0	0	0	0.2	0	-0.3	0	0	0	0	0	0	-0.13	0	0.305	0	0	0
4.677	0	0	0	0.2	0	-0.3	0	0	0	0	0	0	-0.13	0	0.305	0	0	0
4.678	0	0	0	0.2	0	-0.3	0	0	0	0	0	0	-0.13	0	0.305	0	0	0
4.679	0	0	0	0.2	0	-0.3	0	0	0	0	0	0	-0.13	0	0.305	0	0	0
4.68	0	0	0	0.2	0	-0.3	0	0	0	0	0	0	-0.13	0	0.305	0	0	0
4.681	0	0	0	0.2	0	-0.3	0	0	0	0	0	0	-0.13	0	0.305	0	0	0
4.682	0	0	0	0.2	0	-0.3	0	0	0	0	0	0	-0.13	0	0.305	0	0	0
4.683	0	0	0	0.2	0	-0.3	0	0	0	0	0	0	-0.13	0	0.305	0	0	0
4.684	0	0	0	0.2	0	-0.3	0	0	0	0	0	0	-0.13	0	0.305	0	0	0
4.685	0	0	0	0.2	0	-0.3	0	0	0	0	0	0	-0.13	0	0.305	0	0	0
4.686	0	0	0	0.2	0	-0.3	0	0	0	0	0	0	-0.13	0	0.305	0	0	0
4.687	0	0	0	0.2	0	-0.3	0	0	0	0	0	0	-0.13	0	0.305	0	0	0
4.688	0	0	0	0.2	0	-0.3	0	0	0	0	0	0	-0.13	0	0.305	0	0	0
4.689	0	0	0	0.2	0	-0.3	0	0	0	0	0	0	-0.13	0	0.305	0	0	0
4.69	0	0	0	0.2	0	-0.3	0	0	0	0	0	0	-0.13	0	0.305	0	0	0
4.691	0	0	0	0.2	0	-0.3	0	0	0	0	0	0	-0.13	0	0.305	0	0	0
4.692	0	0	0	0.2	0	-0.3	0	0	0	0	0	0	-0.13	0	0.305	0	0	0
4.693	0	0	0	0.2	0	-0.3	0	0	0	0	0	0	-0.13	0	0.305	0	0	0
4.694	0	0	0	0.2	0	-0.3	0	0	0	0	0	0	-0.13	0	0.305	0	0	0
4.695	0	0	0	0.2	0	-0.3	0	0	0	0	0	0	-0.13	0	0.305	0	0	0
4.696	0	0	0	0.2	0	-0.3	0	0	0	0	0	0	-0.13	0	0.305	0	0	0
4.697	0	0	0	0.2	0	-0.3	0	0	0	0	0	0	-0.13	0	0.305	0	0	0
4.698	0	0	0	0.2	0	-0.3	0	0	0	0	0	0	-0.13	0	0.305	0	0	0
4.699	0	0	0	0.2	0	-0.3	0	0	0	0	0	0	-0.13	0	0.305	0	0	0
4.7	0	0	0	0.2	0	-0.3	0	0	0	0	0	0	-0.13	0	0.305	0	0	0
4.701	0	0	0	0.2	0	-0.3	0	0	0	0	0	0	-0.13	0	0.305	0	0	0
4.702	0	0	0	0.2	0	-0.3	0	0	0	0	0	0	-0.13	0	0.305	0	0	0
4.703	0	0	0	0.2	0	-0.3	0	0	0	0	0	0	-0.13	0	0.305	0	0	0
4.704	0	0	0	0.2	0	-0.3	0	0	0	0	0	0	-0.13	0	0.305	0	0	0
4.705	0	0	0	0.2	0	-0.3	0	0	0	0	0	0	-0.13	0	0.305	0	0	0
4.706	0	0	0	0.2	0	-0.3	0	0	0	0	0	0	-0.13	0	0.305	0	0	0
4.707	0	0	0	0.2	0	-0.3	0	0	0	0	0	0	-0.13	0	0.305	0	0	0
4.708	0	0	0	0.2	0	-0.3	0	0	0	0	0	0	-0.13	0	0.305	0	0	0
4.709	0	0	0	0.2	0	-0.3	0	0	0	0	0	0	-0.13	0	0.305	0	0	0
4.71	0	0	0	0.2	0	-0.3	0	0	0	0	0	0	-0.13	0	0.305	0	0	0
4.711	0	0	0	0.2	0	-0.3	0	0	0	0	0	0	-0.13	0	0.305	0	0	0
4.712	0	0	0	0.2	0	-0.3	0	0	0	0	0	0	-0.13	0	0.305	0	0	0
4.713	0	0	0	0.2	0	-0.3	0	0	0	0	0	0	-0.13	0	0.305	0	0	0
4.714	0	0	0	0.2	0	-0.3	0	0	0	0	0	0	-0.13	0	0.305	0	0	0
4.715	0	0	0	0.2	0	-0.3	0	0	0	0	0	0	-0.13	0	0.305	0	0	0
4.716	0	0	0	0.2	0	-0.3	0	0	0	0	0	0	-0.13	0	0.305	0	0	0
4.717	0	0	0	0.2	0	-0.3	0	0	0	0	0	0	-0.13	0	0.305	0	0	0
4.718	0	0	0	0.2	0	-0.3	0	0	0	0	0	0	-0.13	0	0.305	0	0	0
4.719	0	0	0	0.2	0	-0.3	0	0	0	0	0	0	-0.13	0	0.305	0	0	0
4.72	0	0	0	0.2	0	-0.3	0	0	0	0	0	0	-0.13	0	0.305	0	0	0
4.721	0	0	0	0.2	0	-0.3	0	0	0	0	0	0	-0.13	0	0.305	0	0	0
4.722	0	0	0	0.2	0	-0.3	0	0	0	0	0	0	-0.13	0	0.305	0	0	0
4.723	0	0	0	0.2	0	-0.3	0	0	0	0	0	0	-0.13	0	0.305	0	0	0
4.724	0	0	0	0.2	0	-0.3	0	0	0	0	0	0	-0.13	0	0.305	0	0	0
4.725	0	0	0	0.2	0	-0.3	0	0	0	0	0	0	-0.13	0	0.305	0	0	0
4.726	0	0	0	0.2	0	-0.3	0	0	0	0	0	0	-0.13	0	0.305	0	0	0
4.727	0	0	0	0.2	0	-0.3	0	0	0	0	0	0	-0.13	0	0.305	0	0	0
4.728	0	0	0	0.2	0	-0.3	0	0	0	0	0	0	-0.13	0	0.305	0	0	0
4.729	0	0	0	0.2	0	-0.3	0	0	0	0	0	0	-0.13	0	0.305	0	0	0
4.73	0	0	0	0.2	0	-0.3	0	0	0	0	0	0	-0.13	0	0.305	0	0	0
4.731	0	0	0	0.2	0	-0.3	0	0	0	0	0	0	-0.13	0	0.305	0	0	0
4.732	0	0	0	0.2	0	-0.3	0	0	0	0	0	0	-0.13	0	0.305	0	0	0
4.733	0	0	0	0.2	0	-0.3	0	0	0	0	0	0	-0.13	0	0.305	0	0	0
4.734	0	0	0	0.2	0	-0.3	0	0	0	0	0	0	-0.13	0	0.305	0	0	0
4.735	0	0	0	0.2	0	-0.3	0	0	0	0	0	0	-0.13	0	0.305	0	0	0
4.736	0	0	0	0.2	0	-0.3	0	0	0	0	0	0	-0.13	0	0.305	0	0	0
4.737	0	0	0	0.2	0	-0.3	0	0	0	0	0	0	-0.13	0	0.305	0	0	0
4.738	0	0	0	0.2	0	-0.3	0	0	0	0	0	0	-0.13	0	0.305	0	0	0
4.739	0	0	0	0.2	0	-0.3	0	0	0	0	0	0	-0.13	0	0.305	0	0	0
4.74	0	0	0	0.2	0	-0.3	0	0	0	0	0	0	-0.13	0	0.305	0	0	0
4.741	0	0	0	0.2	0	-0.3	0	0	0	0	0	0	-0.13	0	0.305	0	0	0
4.742	0	0	0	0.2	0	-0.3	0	0	0	0	0	0	-0.13	0	0.305	0	0	0
4.743	0	0	0	0.2	0	-0.3	0	0	0	0	0	0	-0.13	0	0.305	0	0	0
4.744	0	0	0	0.2	0	-0.3	0	0	0	0	0	0	-0.13	0	0.305	0	0	0
4.745	0	0	0	0.2	0	-0.3	0	0	0	0	0	0	-0.13	0	0.305	0	0	0
4.746	0	0	0	0.2	0	-0.3	0	0	0	0	0	0	-0.13	0	0.305	0	0	0
4.747	0	0	0	0.2	0	-0.3	0	0	0	0	0	0	-0.13	0	0.305	0	0	0
4.748	0	0	0	0.2	0	-0.3	0	0	0	0	0	0	-0.13	0	0.305	0	0	0
4.749	0	0	0	0.2	0	-0.3	0	0	0	0	0	0	-0.13	0	0.305	0	0	0
4.75	0	0	0	0.2	0	-0.3	0	0	0	0	0	0	-0.13	0	0.305	0	0	0
4.751	0	0	0	0.2	0	-0.3	0	0	0	0	0	0	-0.13	0	0.305	0	0	0
4.752	0	0	0	0.2	0	-0.3	0	0	0	0	0	0	-0.13	0	0.305	0	0	0
4.753	0	0	0	0.2	0	-0.3	0	0	0	0	0	0	-0.13	0	0.305	0	0	0
4.754	0	0	0	0.2	0	-0.3	0	0	0	0	0	0	-0.13	0	0.305	0	0	0
4.755	0	0	0	0.2	0	-0.3	0	0	0	0	0	0	-0.13	0	0.305	0	0	0
4.756	0	0	0	0.2	0	-0.3	0	0	0	0	0	0	-0.13	0	0.305	0	0	0
4.757	0	0	0	0.2	0	-0.3	0	0	0	0	0	0	-0.13	0	0.305	0	0	0
4.758	0	0	0	0.2	0	-0.3	0	0	0	0	0	0	-0.13	0	0.305	0	0	0
4.759	0	0	0	0.2	0	-0.3	0	0	0	0	0	0	-0.13	0	0.305	0	0	0
4.76	0	0	0	0.2	0	-0.3	0	0	0	0	0	0	-0.13	0	0.305	0	0	0
4.761	0	0	0	0.2	0	-0.3	0	0	0	0	0	0	-0.13	0	0.305	0	0	0
4.762	0	0	0	0.2	0	-0.3	0	0	0	0	0	0	-0.13	0	0.305	0	0	0
4.763	0	0	0	0.2	0	-0.3	0	0	0	0	0	0	-0.13	0	0.305	0	0	0
4.764	0	0	0	0.2	0	-0.3	0	0	0	0	0	0	-0.13	0	0.305	0	0	0
4.765	0	0	0	0.2	0	-0.3	0	0	0	0	0	0	-0.13	0	0.305	0	0	0
4.766	0	0	0	0.2	0	-0.3	0	0	0	0	0	0	-0.13	0	0.305	0	0	0
4.767	0	0	0	0.2	0	-0.3	0	0	0	0	0	0	-0.13	0	0.305	0	0	0
4.768	0	0	0	0.2	0	-0.3	0	0	0	0	0	0	-0.13	0	0.305	0	0	0
4.769	0	0	0	0.2	0	-0.3	0	0	0	0	0	0	-0.13	0	0.305	0	0	0
4.77	0	0	0	0.2	0	-0.3	0	0	0	0	0	0	-0.13	0	0.305	0	0	0
4.771	0	0	0	0.2	0	-0.3	0	0	0	0	0	0	-0.13	0	0.305	0	0	0
4.772	0	0	0	0.2	0	-0.3	0	0	0	0	0	0	-0.13	0	0.305	0	0	0
4.773	0	0	0	0.2	0	-0.3	0	0	0	0	0	0	-0.13	0	0.305	0	0	0
4.774	0	0	0	0.2	0	-0.3	0	0	0	0	0	0	-0.13	0	0.305	0	0	0
4.775	0	0	0	0.2	0	-0.3	0	0	0	0	0	0	-0.13	0	0.305	0	0	0
4.776	0	0	0	0.2	0	-0.3	0	0	0	0	0	0	-0.13	0	0.305	0	0	0
4.777	0	0	0	0.2	0	-0.3	0	0	0	0	0	0	-0.13	0	0.305	0	0	0
4.778	0	0	0	0.2	0	-0.3	0	0	0	0	0	0	-0.13	0	0.305	0	0	0
4.779	0	0	0	0.2	0	-0.3	0	0	0	0	0	0	-0.13	0	0.305	0	0	0
4.78	0	0	0	0.2	0	-0.3	0	0	0	0	0	0	-0.13	0	0.305	0	0	0
4.781	0	0	0	0.2	0	-0.3	0	0	0	0	0	0	-0.13	0	0.305	0	0	0
4.782	0	0	0	0.2	0	-0.3	0	0	0	0	0	0	-0.13	0	0.305	0	0	0
4.783	0	0	0	0.2	0	-0.3	0	0	0	0	0	0	-0.13	0	0.305	0	0	0
4.784	0	0	0	0.2	0	-0.3	0	0	0	0	0	0	-0.13	0	0.305	0	0	0
4.785	0	0	0	0.2	0	-0.3	0	0	0	0	0	0	-0.13	0	0.305	0	0	0
4.786	0	0	0	0.2	0	-0.3	0	0	0	0	0	0	-0.13	0	0.305	0	0	0
4.787	0	0	0	0.2	0	-0.3	0	0	0	0	0	0	-0.13	0	0.305	0	0	0
4.788	0	0	0	0.2	0	-0.3	0	0	0	0	0	0	-0.13	0	0.305	0	0	0
4.789	0	0	0	0.2	0	-0.3	0	0	0	0	0	0	-0.13	0	0.305	0	0	0
4.79	0	0	0	0.2	0	-0.3	0	0	0	0	0	0	-0.13	0	0.305	0	0	0
4.791	0	0	0	0.2	0	-0.3	0	0	0	0	0	0	-0.13	0	0.305	0	0	0
4.792	0	0	0	0.2	0	-0.3	0	0	0	0	0	0	-0.13	0	0.305	0	0	0
4.793	0	0	0	0.2	0	-0.3	0	0	0	0	0	0	-0.13	0	0.305	0	0	0
4.794	0	0	0	0.2	0	-0.3	0	0	0	0	0	0	-0.13	0	0.305	0	0	0
4.795	0	0	0	0.2	0	-0.3	0	0	0	0	0	0	-0.13	0	0.305	0	0	0
4.796	0	0	0	0.2	0	-0.3	0	0	0	0	0	0	-0.13	0	0.305	0	0	0
4.797	0	0	0	0.2	0	-0.3	0	0	0	0	0	0	-0.13	0	0.305	0	0	0
4.798	0	0	0	0.2	0	-0.3	0	0	0	0	0	0	-0.13	0	0.305	0	0	0
4.799	0	0	0	0.2	0	-0.3	0	0	0	0	0	0	-0.13	0	0.305	0	0	0
4.8	0	0	0	0.2	0	-0.3	0	0	0	0	0	0	-0.13	0	0.305	0	0	0
4.801	0	0	0	0.2	0	-0.3	0	0	0	0	0	0	-0.13	0	0.305	0	0	0
4.802	0	0	0	0.2	0	-0.3	0	0	0	0	0	0	-0.13	0	0.305	0	0	0
4.803	0	0	0	0.2	0	-0.3	0	0	0	0	0	0	-0.13	0	0.305	0	0	0
4.804	0	0	0	0.2	0	-0.3	0	0	0	0	0	0	-0.13	0	0.305	0	0	0
4.805	0	0	0	0.2	0	-0.3	0	0	0	0	0	0	-0.13	0	0.305	0	0	0
4.806	0	0	0	0.2	0	-0.3	0	0	0	0	0	0	-0.13	0	0.305	0	0	0
4.807	0	0	0	0.2	0	-0.3	0	0	0	0	0	0	-0.13	0	0.305	0	0	0
4.808	0	0	0	0.2	0	-0.3	0	0	0	0	0	0	-0.13	0	0.305	0	0	0
4.809	0	0	0	0.2	0	-0.3	0	0	0	0	0	0	-0.13	0	0.305	0	0	0
4.81	0	0	0	0.2	0	-0.3	0	0	0	0	0	0	-0.13	0	0.305	0	0	0
4.811	0	0	0	0.2	0	-0.3	0	0	0	0	0	0	-0.13	0	0.305	0	0	0
4.812	0	0	0	0.2	0	-0.3	0	0	0	0	0	0	-0.13	0	0.305	0	0	0
4.813	0	0	0	0.2	0	-0.3	0	0	0	0	0	0	-0.13	0	0.305	0	0	0
4.814	0	0	0	0.2	0	-0.3	0	0	0	0	0	0	-0.13	0	0.305	0	0	0
4.815	0	0	0	0.2	0	-0.3	0	0	0	0	0	0	-0.13	0	0.305	0	0	0
4.816	0	0	0	0.2	0	-0.3	0	0	0	0	0	0	-0.13	0	0.305	0	0	0
4.817	0	0	0	0.2	0	-0.3	0	0	0	0	0	0	-0.13	0	0.305	0	0	0
4.818	0	0	0	0.2	0	-0.3	0	0	0	0	0	0	-0.13	0	0.305	0	0	0
4.819	0	0	0	0.2	0	-0.3	0	0	0	0	0	0	-0.13	0	0.305	0	0	0
4.82	0	0	0	0.2	0	-0.3	0	0	0	0	0	0	-0.13	0	0.305	0	0	0
4.821	0	0	0	0.2	0	-0.3	0	0	0	0	0	0	-0.13	0	0.305	0	0	0
4.822	0	0	0	0.2	0	-0.3	0	0	0	0	0	0	-0.13	0	0.305	0	0	0
4.823	0	0	0	0.2	0	-0.3	0	0	0	0	0	0	-0.13	0	0.305	0	0	0
4.824	0	0	0	0.2	0	-0.3	0	0	0	0	0	0	-0.13	0	0.305	0	0	0
4.825	0	0	0	0.2	0	-0.3	0	0	0	0	0	0	-0.13	0	0.305	0	0	0
4.826	0	0	0	0.2	0	-0.3	0	0	0	0	0	0	-0.13	0	0.305	0	0	0
4.827	0	0	0	0.2	0	-0.3	0	0	0	0	0	0	-0.13	0	0.305	0	0	0
4.828	0	0	0	0.2	0	-0.3	0	0	0	0	0	0	-0.13	0	0.305	0	0	0
4.829	0	0	0	0.2	0	-0.3	0	0	0	0	0	0	-0.13	0	0.305	0	0	0
4.83	0	0	0	0.2	0	-0.3	0	0	0	0	0	0	-0.13	0	0.305	0	0	0
4.831	0	0	0	0.2	0	-0.3	0	0	0	0	0	0	-0.13	0	0.305	0	0	0
4.832	0	0	0	0.2	0	-0.3	0	0	0	0	0	0	-0.13	0	0.305	0	0	0
4.833	0	0	0	0.2	0	-0.3	0	0	0	0	0	0	-0.13	0	0.305	0	0	0
4.834	0	0	0	0.2	0	-0.3	0	0	0	0	0	0	-0.13	0	0.305	0	0	0
4.835	0	0	0	0.2	0	-0.3	0	0	0	0	0	0	-0.13	0	0.305	0	0	0
4.836	0	0	0	0.2	0	-0.3	0	0	0	0	0	0	-0.13	0	0.305	0	0	0
4.837	0	0	0	0.2	0	-0.3	0	0	0	0	0	0	-0.13	0	0.305	0	0	0
4.838	0	0	0	0.2	0	-0.3	0	0	0	0	0	0	-0.13	0	0.305	0	0	0
4.839	0	0	0	0.2	0	-0.3	0	0	0	0	0	0	-0.13	0	0.305	0	0	0
4.84	0	0	0	0.2	0	-0.3	0	0	0	0	0	0	-0.13	0	0.305	0	0	0
4.841	0	0	0	0.2	0	-0.3	0	0	0	0	0	0	-0.13	0	0.305	0	0	0
4.842	0	0	0	0.2	0	-0.3	0	0	0	0	0	0	-0.13	0	0.305	0	0	0
4.843	0	0	0	0.2	0	-0.3	0	0	0	0	0	0	-0.13	0	0.305	0	0	0
4.844	0	0	0	0.2	0	-0.3	0	0	0	0	0	0	-0.13	0	0.305	0	0	0
4.845	0	0	0	0.2	0	-0.3	0	0	0	0	0	0	-0.13	0	0.305	0	0	0
4.846	0	0	0	0.2	0	-0.3	0	0	0	0	0	0	-0.13	0	0.305	0	0	0
4.847	0	0	0	0.2	0	-0.3	0	0	0	0	0	0	-0.13	0	0.305	0	0	0
4.848	0	0	0	0.2	0	-0.3	0	0	0	0	0	0	-0.13	0	0.305	0	0	0
4.849	0	0	0	0.2	0	-0.3	0	0	0	0	0	0	-0.13	0	0.305	0	0	0
4.85	0	0	0	0.2	0	-0.3	0	0	0	0	0	0	-0.13	0	0.305	0	0	0
4.851	0	0	0	0.2	0	-0.3	0	0	0	0	0	0	-0.13	0	0.305	0	0	0
4.852	0	0	0	0.2	0	-0.3	0	0	0	0	0	0	-0.13	0	0.305	0	0	0
4.853	0	0	0	0.2	0	-0.3	0	0	0	0	0	0	-0.13	0	0.305	0	0	0
4.854	0	0	0	0.2	0	-0.3	0	0	0	0	0	0	-0.13	0	0.305	0	0	0
4.855	0	0	0	0.2	0	-0.3	0	0	0	0	0	0	-0.13	0	0.305	0	0	0
4.856	0	0	0	0.2	0	-0.3	0	0	0	0	0	0	-0.13	0	0.305	0	0	0
4.857	0	0	0	0.2	0	-0.3	0	0	0	0	0	0	-0.13	0	0.305	0	0	0
4.858	0	0	0	0.2	0	-0.3	0	0	0	0	0	0	-0.13	0	0.305	0	0	0
4.859	0	0	0	0.2	0	-0.3	0	0	0	0	0	0	-0.13	0	0.305	0	0	0
4.86	0	0	0	0.2	0	-0.3	0	0	0	0	0	0	-0.13	0	0.305	0	0	0
4.861	0	0	0	0.2	0	-0.3	0	0	0	0	0	0	-0.13	0	0.305	0	0	0
4.862	0	0	0	0.2	0	-0.3	0	0	0	0	0	0	-0.13	0	0.305	0	0	0
4.863	0	0	0	0.2	0	-0.3	0	0	0	0	0	0	-0.13	0	0.305	0	0	0
4.864	0	0	0	0.2	0	-0.3	0	0	0	0	0	0	-0.13	0	0.305	0	0	0
4.865	0	0	0	0.2	0	-0.3	0	0	0	0	0	0	-0.13	0	0.305	0	0	0
4.866	0	0	0	0.2	0	-0.3	0	0	0	0	0	0	-0.13	0	0.305	0	0	0
4.867	0	0	0	0.2	0	-0.3	0	0	0	0	0	0	-0.13	0	0.305	0	0	0
4.868	0	0	0	0.2	0	-0.3	0	0	0	0	0	0	-0.13	0	0.305	0	0	0
4.869	0	0	0	0.2	0	-0.3	0	0	0	0	0	0	-0.13	0	0.305	0	0	0
4.87	0	0	0	0.2	0	-0.3	0	0	0	0	0	0	-0.13	0	0.305	0	0	0
4.871	0	0	0	0.2	0	-0.3	0	0	0	0	0	0	-0.13	0	0.305	0	0	0
4.872	0	0	0	0.2	0	-0.3	0	0	0	0	0	0	-0.13	0	0.305	0	0	0
4.873	0	0	0	0.2	0	-0.3	0	0	0	0	0	0	-0.13	0	0.305	0	0	0
4.874	0	0	0	0.2	0	-0.3	0	0	0	0	0	0	-0.13	0	0.305	0	0	0
4.875	0	0	0	0.2	0	-0.3	0	0	0	0	0	0	-0.13	0	0.305	0	0	0
4.876	0	0	0	0.2	0	-0.3	0	0	0	0	0	0	-0.13	0	0.305	0	0	0
4.877	0	0	0	0.2	0	-0.3	0	0	0	0	0	0	-0.13	0	0.305	0	0	0
4.878	0	0	0	0.2	0	-0.3	0	0	0	0	0	0	-0.13	0	0.305	0	0	0
4.879	0	0	0	0.2	0	-0.3	0	0	0	0	0	0	-0.13	0	0.305	0	0	0
4.88	0	0	0	0.2	0	-0.3	0	0	0	0	0	0	-0.13	0	0.305	0	0	0
4.881	0	0	0	0.2	0	-0.3	0	0	0	0	0	0	-0.13	0	0.305	0	0	0
4.882	0	0	0	0.2	0	-0.3	0	0	0	0	0	0	-0.13	0	0.305	0	0	0
4.883	0	0	0	0.2	0	-0.3	0	0	0	0	0	0	-0.13	0	0.305	0	0	0
4.884	0	0	0	0.2	0	-0.3	0	0	0	0	0	0	-0.13	0	0.305	0	0	0
4.885	0	0	0	0.2	0	-0.3	0	0	0	0	0	0	-0.13	0	0.305	0	0	0
4.886	0	0	0	0.2	0	-0.3	0	0	0	0	0	0	-0.13	0	0.305	0	0	0
4.887	0	0	0	0.2	0	-0.3	0	0	0	0	0	0	-0.13	0	0.305	0	0	0
4.888	0	0	0	0.2	0	-0.3	0	0	0	0	0	0	-0.13	0	0.305	0	0	0
4.889	0	0	0	0.2	0	-0.3	0	0	0	0	0	0	-0.13	0	0.305	0	0	0
4.89	0	0	0	0.2	0	-0.3	0	0	0	0	0	0	-0.13	0	0.305	0	0	0
4.891	0	0	0	0.2	0	-0.3	0	0	0	0	0	0	-0.13	0	0.305	0	0	0
4.892	0	0	0	0.2	0	-0.3	0	0	0	0	0	0	-0.13	0	0.305	0	0	0
4.893	0	0	0	0.2	0	-0.3	0	0	0	0	0	0	-0.13	0	0.305	0	0	0
4.894	0	0	0	0.2	0	-0.3	0	0	0	0	0	0	-0.13	0	0.305	0	0	0
4.895	0	0	0	0.2	0	-0.3	0	0	0	0	0	0	-0.13	0	0.305	0	0	0
4.896	0	0	0	0.2	0	-0.3	0	0	0	0	0	0	-0.13	0	0.305	0	0	0
4.897	0	0	0	0.2	0	-0.3	0	0	0	0	0	0	-0.13	0	0.305	0	0	0
4.898	0	0	0	0.2	0	-0.3	0	0	0	0	0	0	-0.13	0	0.305	0	0	0
4.899	0	0	0	0.2	0	-0.3	0	0	0	0	0	0	-0.13	0	0.305	0	0	0
4.9	0	0	0	0.2	0	-0.3	0	0	0	0	0	0	-0.13	0	0.305	0	0	0
4.901	0	0	0	0.2	0	-0.3	0	0	0	0	0	0	-0.13	0	0.305	0	0	0
4.902	0	0	0	0.2	0	-0.3	0	0	0	0	0	0	-0.13	0	0.305	0	0	0
4.903	0	0	0	0.2	0	-0.3	0	0	0	0	0	0	-0.13	0	0.305	0	0	0
4.904	0	0	0	0.2	0	-0.3	0	0	0	0	0	0	-0.13	0	0.305	0	0	0
4.905	0	0	0	0.2	0	-0.3	0	0	0	0	0	0	-0.13	0	0.305	0	0	0
4.906	0	0	0	0.2	0	-0.3	0	0	0	0	0	0	-0.13	0	0.305	0	0	0
4.907	0	0	0	0.2	0	-0.3	0	0	0	0	0	0	-0.13	0	0.305	0	0	0
4.908	0	0	0	0.2	0	-0.3	0	0	0	0	0	0	-0.13	0	0.305	0	0	0
4.909	0	0	0	0.2	0	-0.3	0	0	0	0	0	0	-0.13	0	0.305	0	0	0
4.91	0	0	0	0.2	0	-0.3	0	0	0	0	0	0	-0.13	0	0.305	0	0	0
4.911	0	0	0	0.2	0	-0.3	0	0	0	0	0	0	-0.13	0	0.305	0	0	0
4.912	0	0	0	0.2	0	-0.3	0	0	0	0	0	0	-0.13	0	0.305	0	0	0
4.913	0	0	0	0.2	0	-0.3	0	0	0	0	0	0	-0.13	0	0.305	0	0	0
4.914	0	0	0	0.2	0	-0.3	0	0	0	0	0	0	-0.13	0	0.305	0	0	0
4.915	0	0	0	0.2	0	-0.3	0	0	0	0	0	0	-0.13	0	0.305	0	0	0
4.916	0	0	0	0.2	0	-0.3	0	0	0	0	0	0	-0.13	0	0.305	0	0	0
4.917	0	0	0	0.2	0	-0.3	0	0	0	0	0	0	-0.13	0	0.305	0	0	0
4.918	0	0	0	0.2	0	-0.3	0	0	0	0	0	0	-0.13	0	0.305	0	0	0
4.919	0	0	0	0.2	0	-0.3	0	0	0	0	0	0	-0.13	0	0.305	0	0	0
4.92	0	0	0	0.2	0	-0.3	0	0	0	0	0	0	-0.13	0	0.305	0	0	0
4.921	0	0	0	0.2	0	-0.3	0	0	0	0	0	0	-0.13	0	0.305	0	0	0
4.922	0	0	0	0.2	0	-0.3	0	0	0	0	0	0	-0.13	0	0.305	0	0	0
4.923	0	0	0	0.2	0	-0.3	0	0	0	0	0	0	-0.13	0	0.305	0	0	0
4.924	0	0	0	0.2	0	-0.3	0	0	0	0	0	0	-0.13	0	0.305	0	0	0
4.925	0	0	0	0.2	0	-0.3	0	0	0	0	0	0	-0.13	0	0.305	0	0	0
4.926	0	0	0	0.2	0	-0.3	0	0	0	0	0	0	-0.13	0	0.305	0	0	0
4.927	0	0	0	0.2	0	-0.3	0	0	0	0	0	0	-0.13	0	0.305	0	0	0
4.928	0	0	0	0.2	0	-0.3	0	0	0	0	0	0	-0.13	0	0.305	0	0	0
4.929	0	0	0	0.2	0	-0.3	0	0	0	0	0	0	-0.13	0	0.305	0	0	0
4.93	0	0	0	0.2	0	-0.3	0	0	0	0	0	0	-0.13	0	0.305	0	0	0
4.931	0	0	0	0.2	0	-0.3	0	0	0	0	0	0	-0.13	0	0.305	0	0	0
4.932	0	0	0	0.2	0	-0.3	0	0	0	0	0	0	-0.13	0	0.305	0	0	0
4.933	0	0	0	0.2	0	-0.3	0	0	0	0	0	0	-0.13	0	0.305	0	0	0
4.934	0	0	0	0.2	0	-0.3	0	0	0	0	0	0	-0.13	0	0.305	0	0	0
4.935	0	0	0	0.2	0	-0.3	0	0	0	0	0	0	-0.13	0	0.305	0	0	0
4.936	0	0	0	0.2	0	-0.3	0	0	0	0	0	0	-0.13	0	0.305	0	0	0
4.937	0	0	0	0.2	0	-0.3	0	0	0	0	0	0	-0.13	0	0.305	0	0	0
4.938	0	0	0	0.2	0	-0.3	0	0	0	0	0	0	-0.13	0	0.305	0	0	0
4.939	0	0	0	0.2	0	-0.3	0	0	0	0	0	0	-0.13	0	0.305	0	0	0
4.94	0	0	0	0.2	0	-0.3	0	0	0	0	0	0	-0.13	0	0.305	0	0	0
4.941	0	0	0	0.2	0	-0.3	0	0	0	0	0	0	-0.13	0	0.305	0	0	0
4.942	0	0	0	0.2	0	-0.3	0	0	0	0	0	0	-0.13	0	0.305	0	0	0
4.943	0	0	0	0.2	0	-0.3	0	0	0	0	0	0	-0.13	0	0.305	0	0	0
4.944	0	0	0	0.2	0	-0.3	0	0	0	0	0	0	-0.13	0	0.305	0	0	0
4.945	0	0	0	0.2	0	-0.3	0	0	0	0	0	0	-0.13	0	0.305	0	0	0
4.946	0	0	0	0.2	0	-0.3	0	0	0	0	0	0	-0.13	0	0.305	0	0	0
4.947	0	0	0	0.2	0	-0.3	0	0	0	0	0	0	-0.13	0	0.305	0	0	0
4.948	0	0	0	0.2	0	-0.3	0	0	0	0	0	0	-0.13	0	0.305	0	0	0
4.949	0	0	0	0.2	0	-0.3	0	0	0	0	0	0	-0.13	0	0.305	0	0	0
4.95	0	0	0	0.2	0	-0.3	0	0	0	0	0	0	-0.13	0	0.305	0	0	0
4.951	0	0	0	0.2	0	-0.3	0	0	0	0	0	0	-0.13	0	0.305	0	0	0
4.952	0	0	0	0.2	0	-0.3	0	0	0	0	0	0	-0.13	0	0.305	0	0	0
4.953	0	0	0	0.2	0	-0.3	0	0	0	0	0	0	-0.13	0	0.305	0	0	0
4.954	0	0	0	0.2	0	-0.3	0	0	0	0	0	0	-0.13	0	0.305	0	0	0
4.955	0	0	0	0.2	0	-0.3	0	0	0	0	0	0	-0.13	0	0.305	0	0	0
4.956	0	0	0	0.2	0	-0.3	0	0	0	0	0	0	-0.13	0	0.305	0	0	0
4.957	0	0	0	0.2	0	-0.3	0	0	0	0	0	0	-0.13	0	0.305	0	0	0
4.958	0	0	0	0.2	0	-0.3	0	0	0	0	0	0	-0.13	0	0.305	0	0	0
4.959	0	0	0	0.2	0	-0.3	0	0	0	0	0	0	-0.13	0	0.305	0	0	0
4.96	0	0	0	0.2	0	-0.3	0	0	0	0	0	0	-0.13	0	0.305	0	0	0
4.961	0	0	0	0.2	0	-0.3	0	0	0	0	0	0	-0.13	0	0.305	0	0	0
4.962	0	0	0	0.2	0	-0.3	0	0	0	0	0	0	-0.13	0	0.305	0	0	0
4.963	0	0	0	0.2	0	-0.3	0	0	0	0	0	0	-0.13	0	0.305	0	0	0
4.964	0	0	0	0.2	0	-0.3	0	0	0	0	0	0	-0.13	0	0.305	0	0	0
4.965	0	0	0	0.2	0	-0.3	0	0	0	0	0	0	-0.13	0	0.305	0	0	0
4.966	0	0	0	0.2	0	-0.3	0	0	0	0	0	0	-0.13	0	0.305	0	0	0
4.967	0	0	0	0.2	0	-0.3	0	0	0	0	0	0	-0.13	0	0.305	0	0	0
4.968	0	0	0	0.2	0	-0.3	0	0	0	0	0	0	-0.13	0	0.305	0	0	0
4.969	0	0	0	0.2	0	-0.3	0	0	0	0	0	0	-0.13	0	0.305	0	0	0
4.97	0	0	0	0.2	0	-0.3	0	0	0	0	0	0	-0.13	0	0.305	0	0	0
4.971	0	0	0	0.2	0	-0.3	0	0	0	0	0	0	-0.13	0	0.305	0	0	0
4.972	0	0	0	0.2	0	-0.3	0	0	0	0	0	0	-0.13	0	0.305	0	0	0
4.973	0	0	0	0.2	0	-0.3	0	0	0	0	0	0	-0.13	0	0.305	0	0	0
4.974	0	0	0	0.2	0	-0.3	0	0	0	0	0	0	-0.13	0	0.305	0	0	0
4.975	0	0	0	0.2	0	-0.3	0	0	0	0	0	0	-0.13	0	0.305	0	0	0
4.976	0	0	0	0.2	0	-0.3	0	0	0	0	0	0	-0.13	0	0.305	0	0	0
4.977	0	0	0	0.2	0	-0.3	0	0	0	0	0	0	-0.13	0	0.305	0	0	0
4.978	0	0	0	0.2	0	-0.3	0	0	0	0	0	0	-0.13	0	0.305	0	0	0
4.979	0	0	0	0.2	0	-0.3	0	0	0	0	0	0	-0.13	0	0.305	0	0	0
4.98	0	0	0	0.2	0	-0.3	0	0	0	0	0	0	-0.13	0	0.305	0	0	0
4.981	0	0	0	0.2	0	-0.3	0	0	0	0	0	0	-0.13	0	0.305	0	0	0
4.982	0	0	0	0.2	0	-0.3	0	0	0	0	0	0	-0.13	0	0.305	0	0	0
4.983	0	0	0	0.2	0	-0.3	0	0	0	0	0	0	-0.13	0	0.305	0	0	0
4.984	0	0	0	0.2	0	-0.3	0	0	0	0	0	0	-0.13	0	0.305	0	0	0
4.985	0	0	0	0.2	0	-0.3	0	0	0	0	0	0	-0.13	0	0.305	0	0	0
4.986	0	0	0	0.2	0	-0.3	0	0	0	0	0	0	-0.13	0	0.305	0	0	0
4.987	0	0	0	0.2	0	-0.3	0	0	0	0	0	0	-0.13	0	0.305	0	0	0
4.988	0	0	0	0.2	0	-0.3	0	0	0	0	0	0	-0.13	0	0.305	0	0	0
4.989	0	0	0	0.2	0	-0.3	0	0	0	0	0	0	-0.13	0	0.305	0	0	0
4.99	0	0	0	0.2	0	-0.3	0	0	0	0	0	0	-0.13	0	0.305	0	0	0
4.991	0	0	0	0.2	0	-0.3	0	0	0	0	0	0	-0.13	0	0.305	0	0	0
4.992	0	0	0	0.2	0	-0.3	0	0	0	0	0	0	-0.13	0	0.305	0	0	0
4.993	0	0	0	0.2	0	-0.3	0	0	0	0	0	0	-0.13	0	0.305	0	0	0
4.994	0	0	0	0.2	0	-0.3	0	0	0	0	0	0	-0.13	0	0.305	0	0	0
4.995	0	0	0	0.2	0	-0.3	0	0	0	0	0	0	-0.13	0	0.305	0	0	0
4.996	0	0	0	0.2	0	-0.3	0	0	0	0	0	0	-0.13	0	0.305	0	0	0
4.997	0	0	0	0.2	0	-0.3	0	0	0	0	0	0	-0.13	0	0.305	0	0	0
4.998	0	0	0	0.2	0	-0.3	0	0	0	0	0	0	-0.13	0	0.305	0	0	0
4.999	0	0	0	0.2	0	-0.3	0	0	0	0	0	0	-0.13	0	0.305	0	0	0
5	0	0	0	0.2	0	-0.3	0	0	0	0	0	0	-0.13	0	0.305	0	0	0
5.001	0	0	0	0.2	0	-0.3	0	0	0	0	0	0	-0.13	0	0.305	0	0	0
5.002	0	0	0	0.2	0	-0.3	0	0	0	0	0	0	-0.13	0	0.305	0	0	0
5.003	0	0	0	0.2	0	-0.3	0	0	0	0	0	0	-0.13	0	0.305	0	0	0
5.004	0	0	0	0.2	0	-0.3	0	0	0	0	0	0	-0.13	0	0.305	0	0	0
5.005	0	0	0	0.2	0	-0.3	0	0	0	0	0	0	-0.13	0	0.305	0	0	0
5.006	0	0	0	0.2	0	-0.3	0	0	0	0	0	0	-0.13	0	0.305	0	0	0
5.007	0	0	0	0.2	0	-0.3	0	0	0	0	0	0	-0.13	0	0.305	0	0	0
5.008	0	0	0	0.2	0	-0.3	0	0	0	0	0	0	-0.13	0	0.305	0	0	0
5.009	0	0	0	0.2	0	-0.3	0	0	0	0	0	0	-0.13	0	0.305	0	0	0
5.01	0	0	0	0.2	0	-0.3	0	0	0	0	0	0	-0.13	0	0.305	0	0	0
5.011	0	0	0	0.2	0	-0.3	0	0	0	0	0	0	-0.13	0	0.305	0	0	0
5.012	0	0	0	0.2	0	-0.3	0	0	0	0	0	0	-0.13	0	0.305	0	0	0
5.013	0	0	0	0.2	0	-0.3	0	0	0	0	0	0	-0.13	0	0.305	0	0	0
5.014	0	0	0	0.2	0	-0.3	0	0	0	0	0	0	-0.13	0	0.305	0	0	0
5.015	0	0	0	0.2	0	-0.3	0	0	0	0	0	0	-0.13	0	0.305	0	0	0
5.016	0	0	0	0.2	0	-0.3	0	0	0	0	0	0	-0.13	0	0.305	0	0	0
5.017	0	0	0	0.2	0	-0.3	0	0	0	0	0	0	-0.13	0	0.305	0	0	0
5.018	0	0	0	0.2	0	-0.3	0	0	0	0	0	0	-0.13	0	0.305	0	0	0
5.019	0	0	0	0.2	0	-0.3	0	0	0	0	0	0	-0.13	0	0.305	0	0	0
5.02	0	0	0	0.2	0	-0.3	0	0	0	0	0	0	-0.13	0	0.305	0	0	0
5.021	0	0	0	0.2	0	-0.3	0	0	0	0	0	0	-0.13	0	0.305	0	0	0
5.022	0	0	0	0.2	0	-0.3	0	0	0	0	0	0	-0.13	0	0.305	0	0	0
5.023	0	0	0	0.2	0	-0.3	0	0	0	0	0	0	-0.13	0	0.305	0	0	0
5.024	0	0	0	0.2	0	-0.3	0	0	0	0	0	0	-0.13	0	0.305	0	0	0
5.025	0	0	0	0.2	0	-0.3	0	0	0	0	0	0	-0.13	0	0.305	0	0	0
5.026	0	0	0	0.2	0	-0.3	0	0	0	0	0	0	-0.13	0	0.305	0	0	0
5.027	0	0	0	0.2	0	-0.3	0	0	0	0	0	0	-0.13	0	0.305	0	0	0
5.028	0	0	0	0.2	0	-0.3	0	0	0	0	0	0	-0.13	0	0.305	0	0	0
5.029	0	0	0	0.2	0	-0.3	0	0	0	0	0	0	-0.13	0	0.305	0	0	0
5.03	0	0	0	0.2	0	-0.3	0	0	0	0	0	0	-0.13	0	0.305	0	0	0
5.031	0	0	0	0.2	0	-0.3	0	0	0	0	0	0	-0.13	0	0.305	0	0	0
5.032	0	0	0	0.2	0	-0.3	0	0	0	0	0	0	-0.13	0	0.305	0	0	0
5.033	0	0	0	0.2	0	-0.3	0	0	0	0	0	0	-0.13	0	0.305	0	0	0
5.034	0	0	0	0.2	0	-0.3	0	0	0	0	0	0	-0.13	0	0.305	0	0	0
5.035	0	0	0	0.2	0	-0.3	0	0	0	0	0	0	-0.13	0	0.305	0	0	0
5.036	0	0	0	0.2	0	-0.3	0	0	0	0	0	0	-0.13	0	0.305	0	0	0
5.037	0	0	0	0.2	0	-0.3	0	0	0	0	0	0	-0.13	0	0.305	0	0	0
5.038	0	0	0	0.2	0	-0.3	0	0	0	0	0	0	-0.13	0	0.305	0	0	0
5.039	0	0	0	0.2	0	-0.3	0	0	0	0	0	0	-0.13	0	0.305	0	0	0
5.04	0	0	0	0.2	0	-0.3	0	0	0	0	0	0	-0.13	0	0.305	0	0	0
5.041	0	0	0	0.2	0	-0.3	0	0	0	0	0	0	-0.13	0	0.305	0	0	0
5.042	0	0	0	0.2	0	-0.3	0	0	0	0	0	0	-0.13	0	0.305	0	0	0
5.043	0	0	0	0.2	0	-0.3	0	0	0	0	0	0	-0.13	0	0.305	0	0	0
5.044	0	0	0	0.2	0	-0.3	0	0	0	0	0	0	-0.13	0	0.305	0	0	0
5.045	0	0	0	0.2	0	-0.3	0	0	0	0	0	0	-0.13	0	0.305	0	0	0
5.046	0	0	0	0.2	0	-0.3	0	0	0	0	0	0	-0.13	0	0.305	0	0	0
5.047	0	0	0	0.2	0	-0.3	0	0	0	0	0	0	-0.13	0	0.305	0	0	0
5.048	0	0	0	0.2	0	-0.3	0	0	0	0	0	0	-0.13	0	0.305	0	0	0
5.049	0	0	0	0.2	0	-0.3	0	0	0	0	0	0	-0.13	0	0.305	0	0	0
5.05	0	0	0	0.2	0	-0.3	0	0	0	0	0	0	-0.13	0	0.305	0	0	0
5.051	0	0	0	0.2	0	-0.3	0	0	0	0	0	0	-0.13	0	0.305	0	0	0
5.052	0	0	0	0.2	0	-0.3	0	0	0	0	0	0	-0.13	0	0.305	0	0	0
5.053	0	0	0	0.2	0	-0.3	0	0	0	0	0	0	-0.13	0	0.305	0	0	0
5.054	0	0	0	0.2	0	-0.3	0	0	0	0	0	0	-0.13	0	0.305	0	0	0
5.055	0	0	0	0.2	0	-0.3	0	0	0	0	0	0	-0.13	0	0.305	0	0	0
5.056	0	0	0	0.2	0	-0.3	0	0	0	0	0	0	-0.13	0	0.305	0	0	0
5.057	0	0	0	0.2	0	-0.3	0	0	0	0	0	0	-0.13	0	0.305	0	0	0
5.058	0	0	0	0.2	0	-0.3	0	0	0	0	0	0	-0.13	0	0.305	0	0	0
5.059	0	0	0	0.2	0	-0.3	0	0	0	0	0	0	-0.13	0	0.305	0	0	0
5.06	0	0	0	0.2	0	-0.3	0	0	0	0	0	0	-0.13	0	0.305	0	0	0
5.061	0	0	0	0.2	0	-0.3	0	0	0	0	0	0	-0.13	0	0.305	0	0	0
5.062	0	0	0	0.2	0	-0.3	0	0	0	0	0	0	-0.13	0	0.305	0	0	0
5.063	0	0	0	0.2	0	-0.3	0	0	0	0	0	0	-0.13	0	0.305	0	0	0
5.064	0	0	0	0.2	0	-0.3	0	0	0	0	0	0	-0.13	0	0.305	0	0	0
5.065	0	0	0	0.2	0	-0.3	0	0	0	0	0	0	-0.13	0	0.305	0	0	0
5.066	0	0	0	0.2	0	-0.3	0	0	0	0	0	0	-0.13	0	0.305	0	0	0
5.067	0	0	0	0.2	0	-0.3	0	0	0	0	0	0	-0.13	0	0.305	0	0	0
5.068	0	0	0	0.2	0	-0.3	0	0	0	0	0	0	-0.13	0	0.305	0	0	0
5.069	0	0	0	0.2	0	-0.3	0	0	0	0	0	0	-0.13	0	0.305	0	0	0
5.07	0	0	0	0.2	0	-0.3	0	0	0	0	0	0	-0.13	0	0.305	0	0	0
5.071	0	0	0	0.2	0	-0.3	0	0	0	0	0	0	-0.13	0	0.305	0	0	0
5.072	0	0	0	0.2	0	-0.3	0	0	0	0	0	0	-0.13	0	0.305	0	0	0
5.073	0	0	0	0.2	0	-0.3	0	0	0	0	0	0	-0.13	0	0.305	0	0	0
5.074	0	0	0	0.2	0	-0.3	0	0	0	0	0	0	-0.13	0	0.305	0	0	0
5.075	0	0	0	0.2	0	-0.3	0	0	0	0	0	0	-0.13	0	0.305	0	0	0
5.076	0	0	0	0.2	0	-0.3	0	0	0	0	0	0	-0.13	0	0.305	0	0	0
5.077	0	0	0	0.2	0	-0.3	0	0	0	0	0	0	-0.13	0	0.305	0	0	0
5.078	0	0	0	0.2	0	-0.3	0	0	0	0	0	0	-0.13	0	0.305	0	0	0
5.079	0	0	0	0.2	0	-0.3	0	0	0	0	0	0	-0.13	0	0.305	0	0	0
5.08	0	0	0	0.2	0	-0.3	0	0	0	0	0	0	-0.13	0	0.305	0	0	0
5.081	0	0	0	0.2	0	-0.3	0	0	0	0	0	0	-0.13	0	0.305	0	0	0
5.082	0	0	0	0.2	0	-0.3	0	0	0	0	0	0	-0.13	0	0.305	0	0	0
5.083	0	0	0	0.2	0	-0.3	0	0	0	0	0	0	-0.13	0	0.305	0	0	0
5.084	0	0	0	0.2	0	-0.3	0	0	0	0	0	0	-0.13	0	0.305	0	0	0
5.085	0	0	0	0.2	0	-0.3	0	0	0	0	0	0	-0.13	0	0.305	0	0	0
5.086	0	0	0	0.2	0	-0.3	0	0	0	0	0	0	-0.13	0	0.305	0	0	0
5.087	0	0	0	0.2	0	-0.3	0	0	0	0	0	0	-0.13	0	0.305	0	0	0
5.088	0	0	0	0.2	0	-0.3	0	0	0	0	0	0	-0.13	0	0.305	0	0	0
5.089	0	0	0	0.2	0	-0.3	0	0	0	0	0	0	-0.13	0	0.305	0	0	0
5.09	0	0	0	0.2	0	-0.3	0	0	0	0	0	0	-0.13	0	0.305	0	0	0
5.091	0	0	0	0.2	0	-0.3	0	0	0	0	0	0	-0.13	0	0.305	0	0	0
5.092	0	0	0	0.2	0	-0.3	0	0	0	0	0	0	-0.13	0	0.305	0	0	0
5.093	0	0	0	0.2	0	-0.3	0	0	0	0	0	0	-0.13	0	0.305	0	0	0
5.094	0	0	0	0.2	0	-0.3	0	0	0	0	0	0	-0.13	0	0.305	0	0	0
5.095	0	0	0	0.2	0	-0.3	0	0	0	0	0	0	-0.13	0	0.305	0	0	0
5.096	0	0	0	0.2	0	-0.3	0	0	0	0	0	0	-0.13	0	0.305	0	0	0
5.097	0	0	0	0.2	0	-0.3	0	0	0	0	0	0	-0.13	0	0.305	0	0	0
5.098	0	0	0	0.2	0	-0.3	0	0	0	0	0	0	-0.13	0	0.305	0	0	0
5.099	0	0	0	0.2	0	-0.3	0	0	0	0	0	0	-0.13	0	0.305	0	0	0
5.1	0	0	0	0.2	0	-0.3	0	0	0	0	0	0	-0.13	0	0.305	0	0	0
5.101	0	0	0	0.2	0	-0.3	0	0	0	0	0	0	-0.13	0	0.305	0	0	0
5.102	0	0	0	0.2	0	-0.3	0	0	0	0	0	0	-0.13	0	0.305	0	0	0
5.103	0	0	0	0.2	0	-0.3	0	0	0	0	0	0	-0.13	0	0.305	0	0	0
5.104	0	0	0	0.2	0	-0.3	0	0	0	0	0	0	-0.13	0	0.305	0	0	0
5.105	0	0	0	0.2	0	-0.3	0	0	0	0	0	0	-0.13	0	0.305	0	0	0
5.106	0	0	0	0.2	0	-0.3	0	0	0	0	0	0	-0.13	0	0.305	0	0	0
5.107	0	0	0	0.2	0	-0.3	0	0	0	0	0	0	-0.13	0	0.305	0	0	0
5.108	0	0	0	0.2	0	-0.3	0	0	0	0	0	0	-0.13	0	0.305	0	0	0
5.109	0	0	0	0.2	0	-0.3	0	0	0	0	0	0	-0.13	0	0.305	0	0	0
5.11	0	0	0	0.2	0	-0.3	0	0	0	0	0	0	-0.13	0	0.305	0	0	0
5.111	0	0	0	0.2	0	-0.3	0	0	0	0	0	0	-0.13	0	0.305	0	0	0
5.112	0	0	0	0.2	0	-0.3	0	0	0	0	0	0	-0.13	0	0.305	0	0	0
5.113	0	0	0	0.2	0	-0.3	0	0	0	0	0	0	-0.13	0	0.305	0	0	0
5.114	0	0	0	0.2	0	-0.3	0	0	0	0	0	0	-0.13	0	0.305	0	0	0
5.115	0	0	0	0.2	0	-0.3	0	0	0	0	0	0	-0.13	0	0.305	0	0	0
5.116	0	0	0	0.2	0	-0.3	0	0	0	0	0	0	-0.13	0	0.305	0	0	0
5.117	0	0	0	0.2	0	-0.3	0	0	0	0	0	0	-0.13	0	0.305	0	0	0
5.118	0	0	0	0.2	0	-0.3	0	0	0	0	0	0	-0.13	0	0.305	0	0	0
5.119	0	0	0	0.2	0	-0.3	0	0	0	0	0	0	-0.13	0	0.305	0	0	0
5.12	0	0	0	0.2	0	-0.3	0	0	0	0	0	0	-0.13	0	0.305	0	0	0
5.121	0	0	0	0.2	0	-0.3	0	0	0	0	0	0	-0.13	0	0.305	0	0	0
5.122	0	0	0	0.2	0	-0.3	0	0	0	0	0	0	-0.13	0	0.305	0	0	0
5.123	0	0	0	0.2	0	-0.3	0	0	0	0	0	0	-0.13	0	0.305	0	0	0
5.124	0	0	0	0.2	0	-0.3	0	0	0	0	0	0	-0.13	0	0.305	0	0	0
5.125	0	0	0	0.2	0	-0.3	0	0	0	0	0	0	-0.13	0	0.305	0	0	0
5.126	0	0	0	0.2	0	-0.3	0	0	0	0	0	0	-0.13	0	0.305	0	0	0
5.127	0	0	0	0.2	0	-0.3	0	0	0	0	0	0	-0.13	0	0.305	0	0	0
5.128	0	0	0	0.2	0	-0.3	0	0	0	0	0	0	-0.13	0	0.305	0	0	0
5.129	0	0	0	0.2	0	-0.3	0	0	0	0	0	0	-0.13	0	0.305	0	0	0
5.13	0	0	0	0.2	0	-0.3	0	0	0	0	0	0	-0.13	0	0.305	0	0	0
5.131	0	0	0	0.2	0	-0.3	0	0	0	0	0	0	-0.13	0	0.305	0	0	0
5.132	0	0	0	0.2	0	-0.3	0	0	0	0	0	0	-0.13	0	0.305	0	0	0
5.133	0	0	0	0.2	0	-0.3	0	0	0	0	0	0	-0.13	0	0.305	0	0	0
5.134	0	0	0	0.2	0	-0.3	0	0	0	0	0	0	-0.13	0	0.305	0	0	0
5.135	0	0	0	0.2	0	-0.3	0	0	0	0	0	0	-0.13	0	0.305	0	0	0
5.136	0	0	0	0.2	0	-0.3	0	0	0	0	0	0	-0.13	0	0.305	0	0	0
5.137	0	0	0	0.2	0	-0.3	0	0	0	0	0	0	-0.13	0	0.305	0	0	0
5.138	0	0	0	0.2	0	-0.3	0	0	0	0	0	0	-0.13	0	0.305	0	0	0
5.139	0	0	0	0.2	0	-0.3	0	0	0	0	0	0	-0.13	0	0.305	0	0	0
5.14	0	0	0	0.2	0	-0.3	0	0	0	0	0	0	-0.13	0	0.305	0	0	0
5.141	0	0	0	0.2	0	-0.3	0	0	0	0	0	0	-0.13	0	0.305	0	0	0
5.142	0	0	0	0.2	0	-0.3	0	0	0	0	0	0	-0.13	0	0.305	0	0	0
5.143	0	0	0	0.2	0	-0.3	0	0	0	0	0	0	-0.13	0	0.305	0	0	0
5.144	0	0	0	0.2	0	-0.3	0	0	0	0	0	0	-0.13	0	0.305	0	0	0
5.145	0	0	0	0.2	0	-0.3	0	0	0	0	0	0	-0.13	0	0.305	0	0	0
5.146	0	0	0	0.2	0	-0.3	0	0	0	0	0	0	-0.13	0	0.305	0	0	0
5.147	0	0	0	0.2	0	-0.3	0	0	0	0	0	0	-0.13	0	0.305	0	0	0
5.148	0	0	0	0.2	0	-0.3	0	0	0	0	0	0	-0.13	0	0.305	0	0	0
5.149	0	0	0	0.2	0	-0.3	0	0	0	0	0	0	-0.13	0	0.305	0	0	0
5.15	0	0	0	0.2	0	-0.3	0	0	0	0	0	0	-0.13	0	0.305	0	0	0
5.151	0	0	0	0.2	0	-0.3	0	0	0	0	0	0	-0.13	0	0.305	0	0	0
5.152	0	0	0	0.2	0	-0.3	0	0	0	0	0	0	-0.13	0	0.305	0	0	0
5.153	0	0	0	0.2	0	-0.3	0	0	0	0	0	0	-0.13	0	0.305	0	0	0
5.154	0	0	0	0.2	0	-0.3	0	0	0	0	0	0	-0.13	0	0.305	0	0	0
5.155	0	0	0	0.2	0	-0.3	0	0	0	0	0	0	-0.13	0	0.305	0	0	0
5.156	0	0	0	0.2	0	-0.3	0	0	0	0	0	0	-0.13	0	0.305	0	0	0
5.157	0	0	0	0.2	0	-0.3	0	0	0	0	0	0	-0.13	0	0.305	0	0	0
5.158	0	0	0	0.2	0	-0.3	0	0	0	0	0	0	-0.13	0	0.305	0	0	0
5.159	0	0	0	0.2	0	-0.3	0	0	0	0	0	0	-0.13	0	0.305	0	0	0
5.16	0	0	0	0.2	0	-0.3	0	0	0	0	0	0	-0.13	0	0.305	0	0	0
5.161	0	0	0	0.2	0	-0.3	0	0	0	0	0	0	-0.13	0	0.305	0	0	0
5.162	0	0	0	0.2	0	-0.3	0	0	0	0	0	0	-0.13	0	0.305	0	0	0
5.163	0	0	0	0.2	0	-0.3	0	0	0	0	0	0	-0.13	0	0.305	0	0	0
5.164	0	0	0	0.2	0	-0.3	0	0	0	0	0	0	-0.13	0	0.305	0	0	0
5.165	0	0	0	0.2	0	-0.3	0	0	0	0	0	0	-0.13	0	0.305	0	0	0
5.166	0	0	0	0.2	0	-0.3	0	0	0	0	0	0	-0.13	0	0.305	0	0	0
5.167	0	0	0	0.2	0	-0.3	0	0	0	0	0	0	-0.13	0	0.305	0	0	0
5.168	0	0	0	0.2	0	-0.3	0	0	0	0	0	0	-0.13	0	0.305	0	0	0
5.169	0	0	0	0.2	0	-0.3	0	0	0	0	0	0	-0.13	0	0.305	0	0	0
5.17	0	0	0	0.2	0	-0.3	0	0	0	0	0	0	-0.13	0	0.305	0	0	0
5.171	0	0	0	0.2	0	-0.3	0	0	0	0	0	0	-0.13	0	0.305	0	0	0
5.172	0	0	0	0.2	0	-0.3	0	0	0	0	0	0	-0.13	0	0.305	0	0	0
5.173	0	0	0	0.2	0	-0.3	0	0	0	0	0	0	-0.13	0	0.305	0	0	0
5.174	0	0	0	0.2	0	-0.3	0	0	0	0	0	0	-0.13	0	0.305	0	0	0
5.175	0	0	0	0.2	0	-0.3	0	0	0	0	0	0	-0.13	0	0.305	0	0	0
5.176	0	0	0	0.2	0	-0.3	0	0	0	0	0	0	-0.13	0	0.305	0	0	0
5.177	0	0	0	0.2	0	-0.3	0	0	0	0	0	0	-0.13	0	0.305	0	0	0
5.178	0	0	0	0.2	0	-0.3	0	0	0	0	0	0	-0.13	0	0.305	0	0	0
5.179	0	0	0	0.2	0	-0.3	0	0	0	0	0	0	-0.13	0	0.305	0	0	0
5.18	0	0	0	0.2	0	-0.3	0	0	0	0	0	0	-0.13	0	0.305	0	0	0
5.181	0	0	0	0.2	0	-0.3	0	0	0	0	0	0	-0.13	0	0.305	0	0	0
5.182	0	0	0	0.2	0	-0.3	0	0	0	0	0	0	-0.13	0	0.305	0	0	0
5.183	0	0	0	0.2	0	-0.3	0	0	0	0	0	0	-0.13	0	0.305	0	0	0
5.184	0	0	0	0.2	0	-0.3	0	0	0	0	0	0	-0.13	0	0.305	0	0	0
5.185	0	0	0	0.2	0	-0.3	0	0	0	0	0	0	-0.13	0	0.305	0	0	0
5.186	0	0	0	0.2	0	-0.3	0	0	0	0	0	0	-0.13	0	0.305	0	0	0
5.187	0	0	0	0.2	0	-0.3	0	0	0	0	0	0	-0.13	0	0.305	0	0	0
5.188	0	0	0	0.2	0	-0.3	0	0	0	0	0	0	-0.13	0	0.305	0	0	0
5.189	0	0	0	0.2	0	-0.3	0	0	0	0	0	0	-0.13	0	0.305	0	0	0
5.19	0	0	0	0.2	0	-0.3	0	0	0	0	0	0	-0.13	0	0.305	0	0	0
5.191	0	0	0	0.2	0	-0.3	0	0	0	0	0	0	-0.13	0	0.305	0	0	0
5.192	0	0	0	0.2	0	-0.3	0	0	0	0	0	0	-0.13	0	0.305	0	0	0
5.193	0	0	0	0.2	0	-0.3	0	0	0	0	0	0	-0.13	0	0.305	0	0	0
5.194	0	0	0	0.2	0	-0.3	0	0	0	0	0	0	-0.13	0	0.305	0	0	0
5.195	0	0	0	0.2	0	-0.3	0	0	0	0	0	0	-0.13	0	0.305	0	0	0
5.196	0	0	0	0.2	0	-0.3	0	0	0	0	0	0	-0.13	0	0.305	0	0	0
5.197	0	0	0	0.2	0	-0.3	0	0	0	0	0	0	-0.13	0	0.305	0	0	0
5.198	0	0	0	0.2	0	-0.3	0	0	0	0	0	0	-0.13	0	0.305	0	0	0
5.199	0	0	0	0.2	0	-0.3	0	0	0	0	0	0	-0.13	0	0.305	0	0	0
5.2	0	0	0	0.2	0	-0.3	0	0	0	0	0	0	-0.13	0	0.305	0	0	0
5.201	0	0	0	0.2	0	-0.3	0	0	0	0	0	0	-0.13	0	0.305	0	0	0
5.202	0	0	0	0.2	0	-0.3	0	0	0	0	0	0	-0.13	0	0.305	0	0	0
5.203	0	0	0	0.2	0	-0.3	0	0	0	0	0	0	-0.13	0	0.305	0	0	0
5.204	0	0	0	0.2	0	-0.3	0	0	0	0	0	0	-0.13	0	0.305	0	0	0
5.205	0	0	0	0.2	0	-0.3	0	0	0	0	0	0	-0.13	0	0.305	0	0	0
5.206	0	0	0	0.2	0	-0.3	0	0	0	0	0	0	-0.13	0	0.305	0	0	0
5.207	0	0	0	0.2	0	-0.3	0	0	0	0	0	0	-0.13	0	0.305	0	0	0
5.208	0	0	0	0.2	0	-0.3	0	0	0	0	0	0	-0.13	0	0.305	0	0	0
5.209	0	0	0	0.2	0	-0.3	0	0	0	0	0	0	-0.13	0	0.305	0	0	0
5.21	0	0	0	0.2	0	-0.3	0	0	0	0	0	0	-0.13	0	0.305	0	0	0
5.211	0	0	0	0.2	0	-0.3	0	0	0	0	0	0	-0.13	0	0.305	0	0	0
5.212	0	0	0	0.2	0	-0.3	0	0	0	0	0	0	-0.13	0	0.305	0	0	0
5.213	0	0	0	0.2	0	-0.3	0	0	0	0	0	0	-0.13	0	0.305	0	0	0
5.214	0	0	0	0.2	0	-0.3	0	0	0	0	0	0	-0.13	0	0.305	0	0	0
5.215	0	0	0	0.2	0	-0.3	0	0	0	0	0	0	-0.13	0	0.305	0	0	0
5.216	0	0	0	0.2	0	-0.3	0	0	0	0	0	0	-0.13	0	0.305	0	0	0
5.217	0	0	0	0.2	0	-0.3	0	0	0	0	0	0	-0.13	0	0.305	0	0	0
5.218	0	0	0	0.2	0	-0.3	0	0	0	0	0	0	-0.13	0	0.305	0	0	0
5.219	0	0	0	0.2	0	-0.3	0	0	0	0	0	0	-0.13	0	0.305	0	0	0
5.22	0	0	0	0.2	0	-0.3	0	0	0	0	0	0	-0.13	0	0.305	0	0	0
5.221	0	0	0	0.2	0	-0.3	0	0	0	0	0	0	-0.13	0	0.305	0	0	0
5.222	0	0	0	0.2	0	-0.3	0	0	0	0	0	0	-0.13	0	0.305	0	0	0
5.223	0	0	0	0.2	0	-0.3	0	0	0	0	0	0	-0.13	0	0.305	0	0	0
5.224	0	0	0	0.2	0	-0.3	0	0	0	0	0	0	-0.13	0	0.305	0	0	0
5.225	0	0	0	0.2	0	-0.3	0	0	0	0	0	0	-0.13	0	0.305	0	0	0
5.226	0	0	0	0.2	0	-0.3	0	0	0	0	0	0	-0.13	0	0.305	0	0	0
5.227	0	0	0	0.2	0	-0.3	0	0	0	0	0	0	-0.13	0	0.305	0	0	0
5.228	0	0	0	0.2	0	-0.3	0	0	0	0	0	0	-0.13	0	0.305	0	0	0
5.229	0	0	0	0.2	0	-0.3	0	0	0	0	0	0	-0.13	0	0.305	0	0	0
5.23	0	0	0	0.2	0	-0.3	0	0	0	0	0	0	-0.13	0	0.305	0	0	0
5.231	0	0	0	0.2	0	-0.3	0	0	0	0	0	0	-0.13	0	0.305	0	0	0
5.232	0	0	0	0.2	0	-0.3	0	0	0	0	0	0	-0.13	0	0.305	0	0	0
5.233	0	0	0	0.2	0	-0.3	0	0	0	0	0	0	-0.13	0	0.305	0	0	0
5.234	0	0	0	0.2	0	-0.3	0	0	0	0	0	0	-0.13	0	0.305	0	0	0
5.235	0	0	0	0.2	0	-0.3	0	0	0	0	0	0	-0.13	0	0.305	0	0	0
5.236	0	0	0	0.2	0	-0.3	0	0	0	0	0	0	-0.13	0	0.305	0	0	0
5.237	0	0	0	0.2	0	-0.3	0	0	0	0	0	0	-0.13	0	0.305	0	0	0
5.238	0	0	0	0.2	0	-0.3	0	0	0	0	0	0	-0.13	0	0.305	0	0	0
5.239	0	0	0	0.2	0	-0.3	0	0	0	0	0	0	-0.13	0	0.305	0	0	0
5.24	0	0	0	0.2	0	-0.3	0	0	0	0	0	0	-0.13	0	0.305	0	0	0
5.241	0	0	0	0.2	0	-0.3	0	0	0	0	0	0	-0.13	0	0.305	0	0	0
5.242	0	0	0	0.2	0	-0.3	0	0	0	0	0	0	-0.13	0	0.305	0	0	0
5.243	0	0	0	0.2	0	-0.3	0	0	0	0	0	0	-0.13	0	0.305	0	0	0
5.244	0	0	0	0.2	0	-0.3	0	0	0	0	0	0	-0.13	0	0.305	0	0	0
5.245	0	0	0	0.2	0	-0.3	0	0	0	0	0	0	-0.13	0	0.305	0	0	0
5.246	0	0	0	0.2	0	-0.3	0	0	0	0	0	0	-0.13	0	0.305	0	0	0
5.247	0	0	0	0.2	0	-0.3	0	0	0	0	0	0	-0.13	0	0.305	0	0	0
5.248	0	0	0	0.2	0	-0.3	0	0	0	0	0	0	-0.13	0	0.305	0	0	0
5.249	0	0	0	0.2	0	-0.3	0	0	0	0	0	0	-0.13	0	0.305	0	0	0
5.25	0	0	0	0.2	0	-0.3	0	0	0	0	0	0	-0.13	0	0.305	0	0	0
5.251	0	0	0	0.2	0	-0.3	0	0	0	0	0	0	-0.13	0	0.305	0	0	0
5.252	0	0	0	0.2	0	-0.3	0	0	0	0	0	0	-0.13	0	0.305	0	0	0
5.253	0	0	0	0.2	0	-0.3	0	0	0	0	0	0	-0.13	0	0.305	0	0	0
5.254	0	0	0	0.2	0	-0.3	0	0	0	0	0	0	-0.13	0	0.305	0	0	0
5.255	0	0	0	0.2	0	-0.3	0	0	0	0	0	0	-0.13	0	0.305	0	0	0
5.256	0	0	0	0.2	0	-0.3	0	0	0	0	0	0	-0.13	0	0.305	0	0	0
5.257	0	0	0	0.2	0	-0.3	0	0	0	0	0	0	-0.13	0	0.305	0	0	0
5.258	0	0	0	0.2	0	-0.3	0	0	0	0	0	0	-0.13	0	0.305	0	0	0
5.259	0	0	0	0.2	0	-0.3	0	0	0	0	0	0	-0.13	0	0.305	0	0	0
5.26	0	0	0	0.2	0	-0.3	0	0	0	0	0	0	-0.13	0	0.305	0	0	0
5.261	0	0	0	0.2	0	-0.3	0	0	0	0	0	0	-0.13	0	0.305	0	0	0
5.262	0	0	0	0.2	0	-0.3	0	0	0	0	0	0	-0.13	0	0.305	0	0	0
5.263	0	0	0	0.2	0	-0.3	0	0	0	0	0	0	-0.13	0	0.305	0	0	0
5.264	0	0	0	0.2	0	-0.3	0	0	0	0	0	0	-0.13	0	0.305	0	0	0
5.265	0	0	0	0.2	0	-0.3	0	0	0	0	0	0	-0.13	0	0.305	0	0	0
5.266	0	0	0	0.2	0	-0.3	0	0	0	0	0	0	-0.13	0	0.305	0	0	0
5.267	0	0	0	0.2	0	-0.3	0	0	0	0	0	0	-0.13	0	0.305	0	0	0
5.268	0	0	0	0.2	0	-0.3	0	0	0	0	0	0	-0.13	0	0.305	0	0	0
5.269	0	0	0	0.2	0	-0.3	0	0	0	0	0	0	-0.13	0	0.305	0	0	0
5.27	0	0	0	0.2	0	-0.3	0	0	0	0	0	0	-0.13	0	0.305	0	0	0
5.271	0	0	0	0.2	0	-0.3	0	0	0	0	0	0	-0.13	0	0.305	0	0	0
5.272	0	0	0	0.2	0	-0.3	0	0	0	0	0	0	-0.13	0	0.305	0	0	0
5.273	0	0	0	0.2	0	-0.3	0	0	0	0	0	0	-0.13	0	0.305	0	0	0
5.274	0	0	0	0.2	0	-0.3	0	0	0	0	0	0	-0.13	0	0.305	0	0	0
5.275	0	0	0	0.2	0	-0.3	0	0	0	0	0	0	-0.13	0	0.305	0	0	0
5.276	0	0	0	0.2	0	-0.3	0	0	0	0	0	0	-0.13	0	0.305	0	0	0
5.277	0	0	0	0.2	0	-0.3	0	0	0	0	0	0	-0.13	0	0.305	0	0	0
5.278	0	0	0	0.2	0	-0.3	0	0	0	0	0	0	-0.13	0	0.305	0	0	0
5.279	0	0	0	0.2	0	-0.3	0	0	0	0	0	0	-0.13	0	0.305	0	0	0
5.28	0	0	0	0.2	0	-0.3	0	0	0	0	0	0	-0.13	0	0.305	0	0	0
5.281	0	0	0	0.2	0	-0.3	0	0	0	0	0	0	-0.13	0	0.305	0	0	0
5.282	0	0	0	0.2	0	-0.3	0	0	0	0	0	0	-0.13	0	0.305	0	0	0
5.283	0	0	0	0.2	0	-0.3	0	0	0	0	0	0	-0.13	0	0.305	0	0	0
5.284	0	0	0	0.2	0	-0.3	0	0	0	0	0	0	-0.13	0	0.305	0	0	0
5.285	0	0	0	0.2	0	-0.3	0	0	0	0	0	0	-0.13	0	0.305	0	0	0
5.286	0	0	0	0.2	0	-0.3	0	0	0	0	0	0	-0.13	0	0.305	0	0	0
5.287	0	0	0	0.2	0	-0.3	0	0	0	0	0	0	-0.13	0	0.305	0	0	0
5.288	0	0	0	0.2	0	-0.3	0	0	0	0	0	0	-0.13	0	0.305	0	0	0
5.289	0	0	0	0.2	0	-0.3	0	0	0	0	0	0	-0.13	0	0.305	0	0	0
5.29	0	0	0	0.2	0	-0.3	0	0	0	0	0	0	-0.13	0	0.305	0	0	0
5.291	0	0	0	0.2	0	-0.3	0	0	0	0	0	0	-0.13	0	0.305	0	0	0
5.292	0	0	0	0.2	0	-0.3	0	0	0	0	0	0	-0.13	0	0.305	0	0	0
5.293	0	0	0	0.2	0	-0.3	0	0	0	0	0	0	-0.13	0	0.305	0	0	0
5.294	0	0	0	0.2	0	-0.3	0	0	0	0	0	0	-0.13	0	0.305	0	0	0
5.295	0	0	0	0.2	0	-0.3	0	0	0	0	0	0	-0.13	0	0.305	0	0	0
5.296	0	0	0	0.2	0	-0.3	0	0	0	0	0	0	-0.13	0	0.305	0	0	0
5.297	0	0	0	0.2	0	-0.3	0	0	0	0	0	0	-0.13	0	0.305	0	0	0
5.298	0	0	0	0.2	0	-0.3	0	0	0	0	0	0	-0.13	0	0.305	0	0	0
5.299	0	0	0	0.2	0	-0.3	0	0	0	0	0	0	-0.13	0	0.305	0	0	0
5.3	0	0	0	0.2	0	-0.3	0	0	0	0	0	0	-0.13	0	0.305	0	0	0
5.301	0	0	0	0.2	0	-0.3	0	0	0	0	0	0	-0.13	0	0.305	0	0	0
5.302	0	0	0	0.2	0	-0.3	0	0	0	0	0	0	-0.13	0	0.305	0	0	0
5.303	0	0	0	0.2	0	-0.3	0	0	0	0	0	0	-0.13	0	0.305	0	0	0
5.304	0	0	0	0.2	0	-0.3	0	0	0	0	0	0	-0.13	0	0.305	0	0	0
5.305	0	0	0	0.2	0	-0.3	0	0	0	0	0	0	-0.13	0	0.305	0	0	0
5.306	0	0	0	0.2	0	-0.3	0	0	0	0	0	0	-0.13	0	0.305	0	0	0
5.307	0	0	0	0.2	0	-0.3	0	0	0	0	0	0	-0.13	0	0.305	0	0	0
5.308	0	0	0	0.2	0	-0.3	0	0	0	0	0	0	-0.13	0	0.305	0	0	0
5.309	0	0	0	0.2	0	-0.3	0	0	0	0	0	0	-0.13	0	0.305	0	0	0
5.31	0	0	0	0.2	0	-0.3	0	0	0	0	0	0	-0.13	0	0.305	0	0	0
5.311	0	0	0	0.2	0	-0.3	0	0	0	0	0	0	-0.13	0	0.305	0	0	0
5.312	0	0	0	0.2	0	-0.3	0	0	0	0	0	0	-0.13	0	0.305	0	0	0
5.313	0	0	0	0.2	0	-0.3	0	0	0	0	0	0	-0.13	0	0.305	0	0	0
5.314	0	0	0	0.2	0	-0.3	0	0	0	0	0	0	-0.13	0	0.305	0	0	0
5.315	0	0	0	0.2	0	-0.3	0	0	0	0	0	0	-0.13	0	0.305	0	0	0
5.316	0	0	0	0.2	0	-0.3	0	0	0	0	0	0	-0.13	0	0.305	0	0	0
5.317	0	0	0	0.2	0	-0.3	0	0	0	0	0	0	-0.13	0	0.305	0	0	0
5.318	0	0	0	0.2	0	-0.3	0	0	0	0	0	0	-0.13	0	0.305	0	0	0
5.319	0	0	0	0.2	0	-0.3	0	0	0	0	0	0	-0.13	0	0.305	0	0	0
5.32	0	0	0	0.2	0	-0.3	0	0	0	0	0	0	-0.13	0	0.305	0	0	0
5.321	0	0	0	0.2	0	-0.3	0	0	0	0	0	0	-0.13	0	0.305	0	0	0
5.322	0	0	0	0.2	0	-0.3	0	0	0	0	0	0	-0.13	0	0.305	0	0	0
5.323	0	0	0	0.2	0	-0.3	0	0	0	0	0	0	-0.13	0	0.305	0	0	0
5.324	0	0	0	0.2	0	-0.3	0	0	0	0	0	0	-0.13	0	0.305	0	0	0
5.325	0	0	0	0.2	0	-0.3	0	0	0	0	0	0	-0.13	0	0.305	0	0	0
5.326	0	0	0	0.2	0	-0.3	0	0	0	0	0	0	-0.13	0	0.305	0	0	0
5.327	0	0	0	0.2	0	-0.3	0	0	0	0	0	0	-0.13	0	0.305	0	0	0
5.328	0	0	0	0.2	0	-0.3	0	0	0	0	0	0	-0.13	0	0.305	0	0	0
5.329	0	0	0	0.2	0	-0.3	0	0	0	0	0	0	-0.13	0	0.305	0	0	0
5.33	0	0	0	0.2	0	-0.3	0	0	0	0	0	0	-0.13	0	0.305	0	0	0
5.331	0	0	0	0.2	0	-0.3	0	0	0	0	0	0	-0.13	0	0.305	0	0	0
5.332	0	0	0	0.2	0	-0.3	0	0	0	0	0	0	-0.13	0	0.305	0	0	0
5.333	0	0	0	0.2	0	-0.3	0	0	0	0	0	0	-0.13	0	0.305	0	0	0
5.334	0	0	0	0.2	0	-0.3	0	0	0	0	0	0	-0.13	0	0.305	0	0	0
5.335	0	0	0	0.2	0	-0.3	0	0	0	0	0	0	-0.13	0	0.305	0	0	0
5.336	0	0	0	0.2	0	-0.3	0	0	0	0	0	0	-0.13	0	0.305	0	0	0
5.337	0	0	0	0.2	0	-0.3	0	0	0	0	0	0	-0.13	0	0.305	0	0	0
5.338	0	0	0	0.2	0	-0.3	0	0	0	0	0	0	-0.13	0	0.305	0	0	0
5.339	0	0	0	0.2	0	-0.3	0	0	0	0	0	0	-0.13	0	0.305	0	0	0
5.34	0	0	0	0.2	0	-0.3	0	0	0	0	0	0	-0.13	0	0.305	0	0	0
5.341	0	0	0	0.2	0	-0.3	0	0	0	0	0	0	-0.13	0	0.305	0	0	0
5.342	0	0	0	0.2	0	-0.3	0	0	0	0	0	0	-0.13	0	0.305	0	0	0
5.343	0	0	0	0.2	0	-0.3	0	0	0	0	0	0	-0.13	0	0.305	0	0	0
5.344	0	0	0	0.2	0	-0.3	0	0	0	0	0	0	-0.13	0	0.305	0	0	0
5.345	0	0	0	0.2	0	-0.3	0	0	0	0	0	0	-0.13	0	0.305	0	0	0
5.346	0	0	0	0.2	0	-0.3	0	0	0	0	0	0	-0.13	0	0.305	0	0	0
5.347	0	0	0	0.2	0	-0.3	0	0	0	0	0	0	-0.13	0	0.305	0	0	0
5.348	0	0	0	0.2	0	-0.3	0	0	0	0	0	0	-0.13	0	0.305	0	0	0
5.349	0	0	0	0.2	0	-0.3	0	0	0	0	0	0	-0.13	0	0.305	0	0	0
5.35	0	0	0	0.2	0	-0.3	0	0	0	0	0	0	-0.13	0	0.305	0	0	0
5.351	0	0	0	0.2	0	-0.3	0	0	0	0	0	0	-0.13	0	0.305	0	0	0
5.352	0	0	0	0.2	0	-0.3	0	0	0	0	0	0	-0.13	0	0.305	0	0	0
5.353	0	0	0	0.2	0	-0.3	0	0	0	0	0	0	-0.13	0	0.305	0	0	0
5.354	0	0	0	0.2	0	-0.3	0	0	0	0	0	0	-0.13	0	0.305	0	0	0
5.355	0	0	0	0.2	0	-0.3	0	0	0	0	0	0	-0.13	0	0.305	0	0	0
5.356	0	0	0	0.2	0	-0.3	0	0	0	0	0	0	-0.13	0	0.305	0	0	0
5.357	0	0	0	0.2	0	-0.3	0	0	0	0	0	0	-0.13	0	0.305	0	0	0
5.358	0	0	0	0.2	0	-0.3	0	0	0	0	0	0	-0.13	0	0.305	0	0	0
5.359	0	0	0	0.2	0	-0.3	0	0	0	0	0	0	-0.13	0	0.305	0	0	0
5.36	0	0	0	0.2	0	-0.3	0	0	0	0	0	0	-0.13	0	0.305	0	0	0
5.361	0	0	0	0.2	0	-0.3	0	0	0	0	0	0	-0.13	0	0.305	0	0	0
5.362	0	0	0	0.2	0	-0.3	0	0	0	0	0	0	-0.13	0	0.305	0	0	0
5.363	0	0	0	0.2	0	-0.3	0	0	0	0	0	0	-0.13	0	0.305	0	0	0
5.364	0	0	0	0.2	0	-0.3	0	0	0	0	0	0	-0.13	0	0.305	0	0	0
5.365	0	0	0	0.2	0	-0.3	0	0	0	0	0	0	-0.13	0	0.305	0	0	0
5.366	0	0	0	0.2	0	-0.3	0	0	0	0	0	0	-0.13	0	0.305	0	0	0
5.367	0	0	0	0.2	0	-0.3	0	0	0	0	0	0	-0.13	0	0.305	0	0	0
5.368	0	0	0	0.2	0	-0.3	0	0	0	0	0	0	-0.13	0	0.305	0	0	0
5.369	0	0	0	0.2	0	-0.3	0	0	0	0	0	0	-0.13	0	0.305	0	0	0
5.37	0	0	0	0.2	0	-0.3	0	0	0	0	0	0	-0.13	0	0.305	0	0	0
5.371	0	0	0	0.2	0	-0.3	0	0	0	0	0	0	-0.13	0	0.305	0	0	0
5.372	0	0	0	0.2	0	-0.3	0	0	0	0	0	0	-0.13	0	0.305	0	0	0
5.373	0	0	0	0.2	0	-0.3	0	0	0	0	0	0	-0.13	0	0.305	0	0	0
5.374	0	0	0	0.2	0	-0.3	0	0	0	0	0	0	-0.13	0	0.305	0	0	0
5.375	0	0	0	0.2	0	-0.3	0	0	0	0	0	0	-0.13	0	0.305	0	0	0
5.376	0	0	0	0.2	0	-0.3	0	0	0	0	0	0	-0.13	0	0.305	0	0	0
5.377	0	0	0	0.2	0	-0.3	0	0	0	0	0	0	-0.13	0	0.305	0	0	0
5.378	0	0	0	0.2	0	-0.3	0	0	0	0	0	0	-0.13	0	0.305	0	0	0
5.379	0	0	0	0.2	0	-0.3	0	0	0	0	0	0	-0.13	0	0.305	0	0	0
5.38	0	0	0	0.2	0	-0.3	0	0	0	0	0	0	-0.13	0	0.305	0	0	0
5.381	-1.474888	26.947857	10.586973	0.151231	0	-0.349258	0	0.817564	0	0	0	0	-0.13	0	0.305	0	0	0
5.382	-1.474888	31.766672	11.448729	0.149655	0	-0.349782	0	0.817564	0	0	0	0	-0.13	0	0.305	0	0	0
5.383	-1.474888	32.591732	11.840181	0.149623	0	-0.354999	1.00E-06	0.817564	0	0	0	0	-0.13	0	0.305	0	0	0
5.384	0.409409	33.780521	11.840343	0.142388	0	-0.358454	1.00E-06	0.808878	0	0	0	0	-0.13	0	0.305	0	0	0
5.385	0.409409	34.850914	12.389177	0.13481	0	-0.370587	1.00E-06	0.808878	0	0	0	0	-0.13	0	0.305	0	0	0
5.386	0.409409	34.850914	14.739859	0.133561	0	-0.370587	1.00E-06	0.808878	0	0	0	0	-0.13	0	0.305	0	0	0
5.387	0	33.780521	14.739859	0.133561	0	-0.370587	1.00E-06	0.808878	0	0	0	0	-0.13	0	0.305	0	0	0
5.388	0	33.780521	14.739859	0.133561	0	-0.370587	1.00E-06	0.808878	0	0	0	0	-0.13	0	0.305	0	0	0
5.389	0.883009	57.960709	19.440739	0.129498	0	-0.370134	1.00E-06	1.030949	0	0	0	0	-0.13	0	0.305	0	0	0
5.39	4.634287	67.240463	21.477816	0.129498	0	-0.372526	2.00E-06	1.030949	0	0	0	0	-0.13	0	0.305	0	0	0
5.391	4.791432	68.103691	21.477816	0.13286	0	-0.372526	2.00E-06	0.807214	1.00E-06	0	0	0	-0.13	0	0.305	0	0	0
5.392	4.791432	68.103691	21.399605	0.13286	0	-0.372526	3.00E-06	0.807214	1.00E-06	0	0	0	-0.13	0	0.305	0	0	0
5.393	3.153677	68.103691	20.850809	0.130319	0	-0.372328	3.00E-06	0.878096	0	0	0	0	-0.13	0	0.305	0	0	0
5.394	3.153677	70.326248	20.850809	0.127176	0	-0.369307	1.00E-06	1.02351	0	0	0	0	-0.13	0	0.305	0	0	0
5.395	3.467245	79.421997	21.242218	0.127176	0	-0.369307	1.00E-06	1.02351	0	0	0	0	-0.13	0	0.305	0	0	0
5.396	5.580767	93.35701	21.242218	0.13432	0	-0.36796	3.00E-06	0.753557	1.00E-06	0	0	0	-0.13	0	0.305	0	0	0
5.397	5.580767	97.639305	20.301851	0.136088	0	-0.366562	3.00E-06	0.753557	1.00E-06	0	0	0	-0.13	0	0.305	0	0	0
5.398	5.420735	99.869965	18.186401	0.13432	0	-0.367872	2.00E-06	0.802285	1.00E-06	0	0	0	-0.13	0	0.305	0	0	0
5.399	4.399292	100.723572	16.540777	0.130355	0	-0.367418	0.00E+00	1.013974	1.00E-06	0	0	0	-0.13	0	0.305	0	0	0
5.4	3.856501	100.723572	15.522039	0.128676	0	-0.367872	2.00E-06	1.157771	1.00E-06	0	0	0	-0.13	0	0.305	0	0	0
5.401	4.239982	104.156509	14.189978	0.128131	0	-0.369084	3.00E-06	1.178269	1.00E-06	0	0	0	-0.13	0	0.305	0	0	0
5.402	4.239982	106.70575	12.466305	0.128676	0	-0.369084	3.00E-06	1.157771	1.00E-06	0	0	0	-0.13	0	0.305	0	0	0
5.403	4.547778	113.719368	9.567108	0.125747	0	-0.373635	3.00E-06	1.178269	0	0	0	0	-0.13	0	0.305	0	0	0
5.404	4.547778	113.719368	7.216307	0.124476	0	-0.37377	3.00E-06	0.974177	0	0	0	0	-0.13	0	0.305	0	0	0
5.405	4.317112	113.719368	5.727663	0.124476	0	-0.37377	3.00E-06	1.125009	1.00E-06	0	0	0	-0.13	0	0.305	0	0	0
5.406	4.23493	117.700836	3.455154	0.124666	0	-0.37377	3.00E-06	1.007163	1.00E-06	0	0	0	-0.13	0	0.305	0	0	0
5.407	4.000656	118.549408	2.044842	0.125405	0	-0.37284	3.00E-06	1.119314	1.00E-06	0	0	0	-0.13	0	0.305	0	0	0
5.408	4.232044	122.506157	-0.070847	0.125405	0	-0.374736	2.00E-06	1.030867	1.00E-06	0	0	0	-0.13	0	0.305	0	0	0
5.409	4.232044	124.386154	-2.186577	0.125562	0	-0.37284	3.00E-06	1.119314	1.00E-06	0	0	0	-0.13	0	0.305	0	0	0
5.41	4.232044	126.985191	-3.989023	0.125562	0	-0.377245	5.00E-06	1.051782	1.00E-06	0	0	0	-0.13	0	0.305	0	0	0
5.411	4.072735	130.425858	-6.339745	0.126226	0	-0.370641	5.00E-06	1.095803	0	0	0	0	-0.13	0	0.305	0	0	0
5.412	3.44632	133.343094	-7.593395	0.126226	0	-0.37008	3.00E-06	1.093469	0	0	0	0	-0.13	0	0.305	0	0	0
5.413	3.44632	133.343094	-9.709003	0.126226	0	-0.37008	3.00E-06	1.093469	0	0	0	0	-0.13	0	0.305	0	0	0
5.414	3.60202	135.571014	-11.119396	0.126163	0	-0.369019	1.00E-06	1.088826	0	0	0	0	-0.13	0	0.305	0	0	0
5.415	4.297626	136.425049	-12.999971	0.126163	0	-0.369409	1.00E-06	1.088826	0	0	0	0	-0.13	0	0.305	0	0	0
5.416	4.297626	138.664154	-15.037169	0.125758	0	-0.369409	4.00E-06	1.169115	1.00E-06	0	0	0	-0.13	0	0.305	0	0	0
5.417	3.907652	140.883987	-15.350652	0.126269	0	-0.372064	4.00E-06	1.169115	1.00E-06	0	0	0	-0.13	0	0.305	0	0	0
5.418	3.751949	143.633026	-17.074448	0.125758	0	-0.372683	5.00E-06	1.061836	1.00E-06	0	0	0	-0.13	0	0.305	0	0	0
5.419	3.907652	146.03299	-18.014774	0.124888	0	-0.373191	3.00E-06	1.002339	1.00E-06	0	0	0	-0.13	0	0.305	0	0	0
5.42	4.533344	147.916489	-19.425209	0.124888	0	-0.373191	3.00E-06	1.002339	0.00E+00	0	0	0	-0.13	0	0.305	0	0	0
5.421	4.533344	152.050293	-20.052296	0.123447	0	-0.372033	0	0.923098	1.00E-06	0	0	0	-0.13	0	0.305	0	0	0
5.422	4.456217	152.557938	-20.992584	0.124269	0	-0.3714	0.00E+00	0.925169	1.00E-06	0	0	0	-0.13	0	0.305	0	0	0
5.423	4.379808	154.449509	-21.69784	0.123903	0	-0.3714	1.00E-06	0.923098	2.00E-06	0	0	0	-0.13	0	0.305	0	0	0
5.424	4.456217	157.532959	-22.324604	0.123903	0	-0.3714	4.00E-06	0.771976	2.00E-06	0	0	0	-0.13	0	0.305	0	0	0
5.425	4.999729	159.928711	-22.324644	0.12221	0	-0.37124	4.00E-06	0.771976	1.00E-06	0	0	0	-0.13	0	0.305	0	0	0
5.426	4.999729	165.419891	-23.264851	0.12221	0	-0.370818	4.00E-06	0.819422	1.00E-06	0	0	0	-0.13	0	0.305	0	0	0
5.427	4.999729	169.55603	-23.264851	0.122006	0	-0.370453	5.00E-06	0.819422	1.00E-06	0	0	0	-0.13	0	0.305	0	0	0
5.428	5.549738	170.910675	-23.264851	0.122365	0	-0.370453	5.00E-06	0.682952	1.00E-06	0	0	0	-0.13	0	0.305	0	0	0
5.429	6.176153	176.235931	-24.283512	0.122006	0	-0.371968	2.00E-06	0.645315	1.00E-06	0	0	0	-0.13	0	0.305	0	0	0
5.43	6.409706	178.4608	-24.283512	0.122292	0	-0.371968	2.00E-06	0.645315	0.00E+00	0	0	0	-0.13	0	0.305	0	0	0
5.431	6.409706	183.622955	-24.361923	0.122292	0	-0.369671	2.00E-06	0.645315	1.00E-06	0	0	0	-0.13	0	0.305	0	0	0
5.432	5.556232	190.136276	-24.518744	0.122292	0	-0.369492	6.00E-06	0.535853	1.00E-06	0	0	0	-0.13	0	0.305	0	0	0
5.433	5.554789	195.97226	-25.067101	0.122767	0	-0.369492	6.00E-06	0.436655	1.00E-06	0	0	0	-0.13	0	0.305	0	0	0
5.434	5.556232	206.799545	-25.380381	0.123184	0	-0.366705	6.00E-06	0.436655	1.00E-06	0	0	0	-0.13	0	0.305	0	0	0
5.435	6.021894	214.699554	-25.537281	0.123544	0	-0.365527	6.00E-06	0.586018	1.00E-06	0	0	0	-0.13	0	0.305	0	0	0
5.436	6.021894	222.26709	-25.615894	0.123434	0	-0.363592	4.00E-06	0.588605	1.00E-06	0	0	0	-0.13	0	0.305	0	0	0
5.437	5.867636	229.483582	-26.007629	0.124187	0	-0.363592	6.00E-06	0.586018	1.00E-06	0	0	0	-0.13	0	0.305	0	0	0
5.438	5.867636	239.105438	-26.477934	0.12496	0	-0.363831	5.00E-06	0.600428	1.00E-06	0	0	0	-0.13	0	0.305	0	0	0
5.439	5.947651	247.349106	-27.96682	0.12496	0	-0.364187	5.00E-06	0.529345	2.00E-06	0	0	0	-0.13	0	0.305	0	0	0
5.44	5.949096	252.664749	-28.358753	0.125163	0	-0.364187	5.00E-06	0.580248	3.00E-06	0	0	0	-0.13	0	0.305	0	0	0
5.441	6.026224	258.866058	-29.220629	0.124709	0	-0.362718	7.00E-06	0.573007	3.00E-06	0	0	0	-0.13	0	0.305	0	0	0
5.442	6.026224	263.836884	-29.690773	0.12517	0	-0.361722	7.00E-06	0.573007	4.00E-06	0	0	0	-0.13	0	0.305	0	0	0
5.443	6.335463	268.820068	-30.709152	0.124709	0	-0.361722	5.00E-06	0.573007	3.00E-06	0	0	0	-0.13	0	0.305	0	0	0
5.444	6.338349	273.108124	-31.57131	0.124305	0	-0.362191	2.00E-06	0.582297	2.00E-06	0	0	0	-0.13	0	0.305	0	0	0
5.445	6.414036	275.326019	-32.041534	0.123767	0	-0.362191	5.00E-06	0.609196	2.00E-06	0	0	0	-0.13	0	0.305	0	0	0
5.446	6.414036	280.335083	-32.433426	0.123221	0	-0.361137	1.00E-06	0.582297	3.00E-06	0	0	0	-0.13	0	0.305	0	0	0
5.447	6.10191	282.55838	-34.235634	0.123767	0	-0.360578	9.00E-06	0.532788	3.00E-06	0	0	0	-0.13	0	0.305	0	0	0
5.448	5.867636	286.004822	-35.332581	0.124254	0	-0.360578	1.10E-05	0.532788	2.00E-06	0	0	0	-0.13	0	0.305	0	0	0
5.449	5.863306	293.048523	-36.194824	0.124254	0	-0.359589	1.10E-05	0.575209	2.00E-06	0	0	0	-0.13	0	0.305	0	0	0
5.45	5.241941	293.04892	-37.448475	0.123935	0	-0.359558	1.10E-05	0.724537	3.00E-06	0	0	0	-0.13	0	0.305	0	0	0
5.451	5.161205	295.291138	-38.545624	0.123935	0	-0.359558	9.00E-06	0.638584	3.00E-06	0	0	0	-0.13	0	0.305	0	0	0
5.452	3.990553	298.04364	-39.094017	0.12398	0	-0.357994	5.00E-06	0.724537	3.00E-06	0	0	0	-0.13	0	0.305	0	0	0
5.453	3.440546	299.25293	-40.19109	0.124663	0	-0.357828	5.00E-06	0.752717	1.00E-06	0	0	0	-0.13	0	0.305	0	0	0
5.454	2.658428	304.242615	-40.974552	0.12398	0	-0.357828	6.00E-06	0.759555	1.00E-06	0	0	0	-0.13	0	0.305	0	0	0
5.455	1.171322	306.467865	-41.993374	0.12458	0	-0.35733	6.00E-06	0.886351	0	0	0	0	-0.13	0	0.305	0	0	0
5.456	1.092751	309.412872	-42.620461	0.12458	0	-0.355725	6.00E-06	1.008262	0	0	0	0	-0.13	0	0.305	0	0	0
5.457	-0.390028	311.483826	-42.855572	0.125119	0	-0.355725	5.00E-06	1.008262	0	0	0	0	-0.13	0	0.305	0	0	0
5.458	-0.936426	312.855469	-43.090565	0.125119	0	-0.355711	7.00E-06	0.957718	0.00E+00	0	0	0	-0.13	0	0.305	0	0	0
5.459	-1.872803	314.235199	-43.79586	0.125024	0	-0.35628	9.00E-06	0.957718	0.00E+00	0	0	0	-0.13	0	0.305	0	0	0
5.46	-2.579956	316.620911	-43.874233	0.125024	0	-0.355711	1.00E-05	0.952166	0	0	0	0	-0.13	0	0.305	0	0	0
5.461	-4.06201	319.743378	-43.952763	0.125346	0	-0.354683	9.00E-06	1.054571	2.00E-06	0	0	0	-0.13	0	0.305	0	0	0
5.462	-5.003439	321.453247	-43.952763	0.125346	0	-0.354683	7.00E-06	1.063993	2.00E-06	0	0	0	-0.13	0	0.305	0	0	0
5.463	-5.702652	321.977051	-43.717529	0.125143	0	-0.35497	6.00E-06	1.187219	2.00E-06	0	0	0	-0.13	0	0.305	0	0	0
5.464	-6.409083	324.898132	-43.325794	0.124727	0	-0.355035	6.00E-06	1.124897	2.00E-06	0	0	0	-0.13	0	0.305	0	0	0
5.465	-6.951155	325.074799	-43.247627	0.125127	0	-0.35497	6.00E-06	1.124897	1.00E-06	0	0	0	-0.13	0	0.305	0	0	0
5.466	-6.951877	326.453003	-43.090847	0.125127	0	-0.354008	3.00E-06	1.124897	0	0	0	0	-0.13	0	0.305	0	0	0
5.467	-7.968989	327.143433	-42.699112	0.125127	0	-0.353721	3.00E-06	1.096036	0	0	0	0	-0.13	0	0.305	0	0	0
5.468	-8.823908	330.233459	-41.915607	0.125341	0	-0.353721	3.00E-06	1.101153	0.00E+00	0	0	0	-0.13	0	0.305	0	0	0
5.469	-9.293179	329.887451	-41.523834	0.124898	0	-0.353987	4.00E-06	1.101153	1.00E-06	0	0	0	-0.13	0	0.305	0	0	0
5.47	-9.451765	330.233459	-41.523792	0.124898	0	-0.353987	4.00E-06	1.117723	1.00E-06	0	0	0	-0.13	0	0.305	0	0	0
5.471	-9.605302	331.439636	-40.975239	0.124898	0	-0.35277	3.00E-06	1.180947	1.00E-06	0	0	0	-0.13	0	0.305	0	0	0
5.472	-10.700988	331.439636	-40.740166	0.124927	0	-0.352609	3.00E-06	1.180947	1.00E-06	0	0	0	-0.13	0	0.305	0	0	0
5.473	-10.933099	330.937805	-40.348351	0.125406	0	-0.352609	4.00E-06	1.145578	1.00E-06	0	0	0	-0.13	0	0.305	0	0	0
5.474	-11.013114	330.258148	-40.269939	0.125259	0	-0.352989	4.00E-06	1.102277	1.00E-06	0	0	0	-0.13	0	0.305	0	0	0
5.475	-11.399484	329.914856	-40.269939	0.125259	0	-0.352989	3.00E-06	1.102277	1.00E-06	0	0	0	-0.13	0	0.305	0	0	0
5.476	-11.86731	329.914856	-39.486515	0.125259	0	-0.352566	3.00E-06	1.005381	2.00E-06	0	0	0	-0.13	0	0.305	0	0	0
5.477	-12.183765	329.070526	-38.859509	0.125286	0	-0.351489	3.00E-06	1.005381	2.00E-06	0	0	0	-0.13	0	0.305	0	0	0
5.478	-12.882259	329.253723	-38.859509	0.125896	0	-0.351134	3.00E-06	1.005381	2.00E-06	0	0	0	-0.13	0	0.305	0	0	0
5.479	-13.35225	329.253723	-38.937801	0.125915	0	-0.351134	3.00E-06	1.041355	2.00E-06	0	0	0	-0.13	0	0.305	0	0	0
5.48	-13.822244	329.253723	-38.937801	0.125915	0	-0.351077	5.00E-06	1.041355	1.00E-06	0	0	0	-0.13	0	0.305	0	0	0
5.481	-14.13437	330.794312	-38.07592	0.125915	0	-0.351077	5.00E-06	1.041355	1.00E-06	0	0	0	-0.13	0	0.305	0	0	0
5.482	-14.684377	329.441223	-37.684029	0.126196	0	-0.349875	5.00E-06	1.0579	1.00E-06	0	0	0	-0.13	0	0.305	0	0	0
5.483	-15.459278	329.441223	-37.292255	0.126662	0	-0.349875	6.00E-06	1.0579	1.00E-06	0	0	0	-0.13	0	0.305	0	0	0
5.484	-15.775012	328.590271	-37.292255	0.126476	0	-0.350365	8.00E-06	0.941389	2.00E-06	0	0	0	-0.13	0	0.305	0	0	0
5.485	-16.394932	328.24353	-37.213886	0.126476	0	-0.350365	8.00E-06	0.93305	2.00E-06	0	0	0	-0.13	0	0.305	0	0	0
5.486	-16.63065	327.063232	-37.135754	0.126476	0	-0.349308	8.00E-06	0.93305	1.00E-06	0	0	0	-0.13	0	0.305	0	0	0
5.487	-17.099922	326.015594	-36.978931	0.12735	0	-0.348968	0.00E+00	1.058132	1.00E-06	0	0	0	-0.13	0	0.305	0	0	0
5.488	-17.257065	324.139435	-36.352169	0.12735	0	-0.348968	0	1.058132	2.00E-06	0	0	0	-0.13	0	0.305	0	0	0
5.489	-17.800579	322.936737	-36.352169	0.126697	0	-0.349004	0.00E+00	0.892104	2.00E-06	0	0	0	-0.13	0	0.305	0	0	0
5.49	-18.429882	321.388062	-35.960194	0.126617	0	-0.349191	7.00E-06	0.892104	4.00E-06	0	0	0	-0.13	0	0.305	0	0	0
5.491	-18.975559	318.468872	-35.411598	0.126389	0	-0.349191	7.00E-06	1.017845	1.00E-06	0	0	0	-0.13	0	0.305	0	0	0
5.492	-18.97628	317.62146	-34.941616	0.126087	0	-0.348479	7.00E-06	1.078609	1.00E-06	0	0	0	-0.13	0	0.305	0	0	0
5.493	-20.071247	314.865479	-34.863163	0.126194	0	-0.348065	1.00E-05	1.148125	1.00E-06	0	0	0	-0.13	0	0.305	0	0	0
5.494	-20.151262	313.339172	-34.62809	0.126194	0	-0.347412	2.00E-06	1.148125	1.00E-06	0	0	0	-0.13	0	0.305	0	0	0
5.495	-20.53763	312.484406	-34.393139	0.126647	0	-0.347412	1.20E-05	1.170148	1.00E-06	0	0	0	-0.13	0	0.305	0	0	0
5.496	-20.774071	309.407501	-34.393139	0.126859	0	-0.347288	8.00E-06	1.171802	2.00E-06	0	0	0	-0.13	0	0.305	0	0	0
5.497	-21.242619	309.050293	-34.236519	0.126859	0	-0.347194	8.00E-06	1.175146	3.00E-06	0	0	0	-0.13	0	0.305	0	0	0
5.498	-21.869034	305.275238	-33.923115	0.127136	0	-0.346608	8.00E-06	1.171802	3.00E-06	0	0	0	-0.13	0	0.305	0	0	0
5.499	-22.18116	303.567627	-33.922794	0.127163	0	-0.34679	5.00E-06	1.148446	3.00E-06	0	0	0	-0.13	0	0.305	0	0	0
5.5	-23.353973	302.879517	-33.766094	0.127163	0	-0.346608	4.00E-06	1.142681	3.00E-06	0	0	0	-0.13	0	0.305	0	0	0
5.501	-23.589691	302.049103	-33.766094	0.127163	0	-0.346285	4.00E-06	1.148446	3.00E-06	0	0	0	-0.13	0	0.305	0	0	0
5.502	-23.819637	300.820923	-33.687801	0.127776	0	-0.344823	7.00E-06	1.194155	3.00E-06	0	0	0	-0.13	0	0.305	0	0	0
5.503	-24.216106	299.987366	-33.060837	0.127776	0	-0.34382	8.00E-06	1.263677	0	0	0	0	-0.13	0	0.305	0	0	0
5.504	-25.463888	297.424194	-32.982384	0.128003	0	-0.34461	8.00E-06	1.263677	0	0	0	0	-0.13	0	0.305	0	0	0
5.505	-25.463888	296.395081	-32.825806	0.128383	0	-0.344304	8.00E-06	1.187094	0.00E+00	0	0	0	-0.13	0	0.305	0	0	0
5.506	-25.463888	296.395081	-32.825764	0.128383	0	-0.34461	6.00E-06	1.187094	2.00E-06	0	0	0	-0.13	0	0.305	0	0	0
5.507	-25.619591	294.155945	-32.747517	0.128302	0	-0.344714	8.00E-06	1.218414	2.00E-06	0	0	0	-0.13	0	0.305	0	0	0
5.508	-27.10453	293.641052	-32.277489	0.128302	0	-0.344714	6.00E-06	1.289654	2.00E-06	0	0	0	-0.13	0	0.305	0	0	0
5.509	-27.339527	293.310852	-32.668903	0.128726	0	-0.344428	-1.00E-06	1.218414	0	0	0	0	-0.13	0	0.305	0	0	0
5.51	-27.965942	291.417725	-32.277088	0.128726	0	-0.344163	-1.00E-06	1.218127	0.00E+00	0	0	0	-0.13	0	0.305	0	0	0
5.511	-28.513065	290.90744	-32.668903	0.128682	0	-0.344163	-1.00E-06	1.147956	4.00E-06	0	0	0	-0.13	0	0.305	0	0	0
5.512	-28.666601	290.90744	-32.277088	0.128224	0	-0.344163	8.00E-06	1.147956	4.00E-06	0	0	0	-0.13	0	0.305	0	0	0
5.513	-29.216608	289.530365	-31.807186	0.127854	0	-0.343255	8.00E-06	1.209865	3.00E-06	0	0	0	-0.13	0	0.305	0	0	0
5.514	-29.529457	287.304749	-31.807186	0.127685	0	-0.343031	4.00E-06	1.316636	3.00E-06	0	0	0	-0.13	0	0.305	0	0	0
5.515	-30.312296	286.447693	-31.650324	0.127412	0	-0.343031	4.00E-06	1.209865	2.00E-06	0	0	0	-0.13	0	0.305	0	0	0
5.516	-30.312296	285.943115	-31.963848	0.127685	0	-0.343031	4.00E-06	1.196021	3.00E-06	0	0	0	-0.13	0	0.305	0	0	0
5.517	-30.543684	286.447693	-31.963848	0.128336	0	-0.343004	6.00E-06	1.176367	3.00E-06	0	0	0	-0.13	0	0.305	0	0	0
5.518	-30.543684	286.476257	-31.963926	0.128485	0	-0.342236	7.00E-06	1.176367	5.00E-06	0	0	0	-0.13	0	0.305	0	0	0
5.519	-31.404373	287.323669	-32.120628	0.128629	0	-0.34094	7.00E-06	1.195847	5.00E-06	0	0	0	-0.13	0	0.305	0	0	0
5.52	-31.559355	287.855591	-32.120628	0.128629	0	-0.34074	5.00E-06	1.195847	2.00E-06	0	0	0	-0.13	0	0.305	0	0	0
5.521	-32.261456	288.192749	-32.277252	0.128485	0	-0.340528	5.00E-06	1.195847	2.00E-06	0	0	0	-0.13	0	0.305	0	0	0
5.522	-32.420765	290.431458	-32.669186	0.128176	0	-0.340252	6.00E-06	1.222181	2.00E-06	0	0	0	-0.13	0	0.305	0	0	0
5.523	-33.04718	292.676758	-33.13937	0.128176	0	-0.340129	6.00E-06	1.222181	2.00E-06	0	0	0	-0.13	0	0.305	0	0	0
5.524	-34.996342	293.557373	-33.139652	0.12842	0	-0.33767	6.00E-06	1.252582	1.00E-06	0	0	0	-0.13	0	0.305	0	0	0
5.525	-34.998505	295.629517	-34.001648	0.12864	0	-0.337491	6.00E-06	1.226314	1.00E-06	0	0	0	-0.13	0	0.305	0	0	0
5.526	-35.149879	301.657593	-34.863686	0.129723	0	-0.337338	8.00E-06	1.226314	1.00E-06	0	0	0	-0.13	0	0.305	0	0	0
5.527	-35.933437	303.197815	-35.882347	0.129723	0	-0.337338	6.00E-06	1.149383	1.00E-06	0	0	0	-0.13	0	0.305	0	0	0
5.528	-36.011288	306.130432	-36.979412	0.129652	0	-0.337036	1.00E-06	1.084866	3.00E-06	0	0	0	-0.13	0	0.305	0	0	0
5.529	-36.397659	307.175781	-37.528053	0.129652	0	-0.335636	1.00E-06	1.149383	4.00E-06	0	0	0	-0.13	0	0.305	0	0	0
5.53	-37.26268	308.555115	-38.4683	0.130037	0	-0.335636	4.00E-06	1.167434	4.00E-06	0	0	0	-0.13	0	0.305	0	0	0
5.531	-38.199776	311.981873	-39.173714	0.130037	0	-0.335636	6.00E-06	1.167434	3.00E-06	0	0	0	-0.13	0	0.305	0	0	0
5.532	-38.359085	315.096649	-40.505615	0.129713	0	-0.334313	6.00E-06	1.149059	3.00E-06	0	0	0	-0.13	0	0.305	0	0	0
5.533	-38.199776	316.817352	-42.151245	0.129713	0	-0.334313	1.00E-06	1.149059	3.00E-06	0	0	0	-0.13	0	0.305	0	0	0
5.534	-37.733395	316.817352	-43.170021	0.129713	0	-0.334153	1.00E-06	1.149059	4.00E-06	0	0	0	-0.13	0	0.305	0	0	0
5.535	-37.733395	318.188599	-43.718616	0.12928	0	-0.333786	1.00E-06	1.124213	4.00E-06	0	0	0	-0.13	0	0.305	0	0	0
5.536	-37.889816	318.371826	-44.345501	0.12908	0	-0.333755	8.00E-06	1.118418	4.00E-06	0	0	0	-0.13	0	0.305	0	0	0
5.537	-37.889816	319.581848	-44.423794	0.12908	0	-0.333755	-3.00E-06	1.107017	4.00E-06	0	0	0	-0.13	0	0.305	0	0	0
5.538	-37.966221	323.525513	-44.658985	0.128912	0	-0.333085	8.00E-06	1.098188	2.00E-06	0	0	0	-0.13	0	0.305	0	0	0
5.539	-37.655544	323.525513	-44.815849	0.128912	0	-0.332413	4.00E-06	1.098188	0.00E+00	0	0	0	-0.13	0	0.305	0	0	0
5.54	-37.029125	323.525513	-44.815849	0.129487	0	-0.331097	6.00E-06	1.088172	0	0	0	0	-0.13	0	0.305	0	0	0
5.541	-36.950554	330.424561	-44.659107	0.129487	0	-0.330225	6.00E-06	1.04445	0.00E+00	0	0	0	-0.13	0	0.305	0	0	0
5.542	-36.870537	331.118103	-43.405537	0.129149	0	-0.330225	6.00E-06	1.085502	0.00E+00	0	0	0	-0.13	0	0.305	0	0	0
5.543	-35.622032	334.907501	-43.405537	0.12903	0	-0.330225	3.00E-06	1.085502	0	0	0	0	-0.13	0	0.305	0	0	0
5.544	-35.46489	337.987488	-43.562519	0.128722	0	-0.329028	3.00E-06	1.085502	0.00E+00	0	0	0	-0.13	0	0.305	0	0	0
5.545	-35.38343	339.040955	-43.719101	0.128722	0	-0.327714	1.10E-05	0.994658	0.00E+00	0	0	0	-0.13	0	0.305	0	0	0
5.546	-35.38343	344.551758	-44.111198	0.129081	0	-0.327676	1.10E-05	0.994658	0	0	0	0	-0.13	0	0.305	0	0	0
5.547	-35.146992	346.262451	-44.894741	0.129584	0	-0.327676	3.00E-06	0.994658	0	0	0	0	-0.13	0	0.305	0	0	0
5.548	-34.91272	349.362152	-46.148392	0.129081	0	-0.327676	3.00E-06	1.020472	0.00E+00	0	0	0	-0.13	0	0.305	0	0	0
5.549	-34.759178	352.100769	-46.305214	0.129184	0	-0.327399	1.00E-06	1.03874	1.00E-06	0	0	0	-0.13	0	0.305	0	0	0
5.55	-34.759178	354.17868	-46.932098	0.129184	0	-0.32673	6.00E-06	1.054859	1.00E-06	0	0	0	-0.13	0	0.305	0	0	0
5.551	-34.913441	358.317505	-47.167336	0.129184	0	-0.32673	6.00E-06	1.054859	1.00E-06	0	0	0	-0.13	0	0.305	0	0	0
5.552	-34.918491	358.813904	-48.029289	0.128559	0	-0.326448	7.00E-06	1.069079	2.00E-06	0	0	0	-0.13	0	0.305	0	0	0
5.553	-34.913441	362.608704	-48.577885	0.128559	0	-0.326566	7.00E-06	1.069079	2.00E-06	0	0	0	-0.13	0	0.305	0	0	0
5.554	-34.679886	366.388794	-48.734947	0.128581	0	-0.326193	3.00E-06	1.116966	2.00E-06	0	0	0	-0.13	0	0.305	0	0	0
5.555	-34.602036	366.905273	-49.126602	0.129047	0	-0.326193	3.00E-06	1.116966	3.00E-06	0	0	0	-0.13	0	0.305	0	0	0
5.556	-34.676277	371.903137	-49.048637	0.129047	0	-0.325935	3.00E-06	1.086468	3.00E-06	0	0	0	-0.13	0	0.305	0	0	0
5.557	-34.602036	372.230957	-49.518616	0.128474	0	-0.325501	7.00E-06	1.086468	3.00E-06	0	0	0	-0.13	0	0.305	0	0	0
5.558	-33.97562	377.910004	-49.518616	0.127938	0	-0.325935	3.00E-06	1.054486	3.00E-06	0	0	0	-0.13	0	0.305	0	0	0
5.559	-33.896324	380.482361	-49.518616	0.127938	0	-0.325501	7.00E-06	1.094255	5.00E-06	0	0	0	-0.13	0	0.305	0	0	0
5.56	-33.585644	380.81839	-49.675438	0.127882	0	-0.324768	4.00E-06	1.158586	5.00E-06	0	0	0	-0.13	0	0.305	0	0	0
5.561	-33.35281	388.397858	-49.675438	0.127417	0	-0.324719	4.00E-06	1.158586	4.00E-06	0	0	0	-0.13	0	0.305	0	0	0
5.562	-33.348484	389.589722	-49.675522	0.127417	0	-0.32436	4.00E-06	1.019314	3.00E-06	0	0	0	-0.13	0	0.305	0	0	0
5.563	-31.939949	392.352295	-50.459106	0.127417	0	-0.324288	4.00E-06	0.999852	1.00E-06	0	0	0	-0.13	0	0.305	0	0	0
5.564	-31.939949	397.009918	-50.694458	0.127148	0	-0.323611	3.00E-06	0.944305	0.00E+00	0	0	0	-0.13	0	0.305	0	0	0
5.565	-31.784969	398.891113	-50.694458	0.127517	0	-0.322691	3.00E-06	0.999852	0	0	0	0	-0.13	0	0.305	0	0	0
5.566	-31.002131	403.021088	-50.694458	0.127151	0	-0.322691	8.00E-06	1.010824	3.00E-06	0	0	0	-0.13	0	0.305	0	0	0
5.567	-30.690727	406.453613	-51.007942	0.127151	0	-0.322677	8.00E-06	1.05619	3.00E-06	0	0	0	-0.13	0	0.305	0	0	0
5.568	-30.690727	407.654785	-51.321426	0.127151	0	-0.322677	8.00E-06	1.010824	3.00E-06	0	0	0	-0.13	0	0.305	0	0	0
5.569	-30.064312	417.975983	-51.713078	0.127089	0	-0.322491	8.00E-06	0.99001	1.00E-06	0	0	0	-0.13	0	0.305	0	0	0
5.57	-29.905722	418.656799	-52.261711	0.127617	0	-0.32247	9.00E-06	0.99001	1.00E-06	0	0	0	-0.13	0	0.305	0	0	0
5.571	-29.905722	423.82782	-52.653564	0.127617	0	-0.321778	9.00E-06	1.065371	2.00E-06	0	0	0	-0.13	0	0.305	0	0	0
5.572	-29.675056	428.469238	-52.731979	0.127617	0	-0.321553	9.00E-06	1.083253	3.00E-06	0	0	0	-0.13	0	0.305	0	0	0
5.573	-28.97151	431.04895	-52.810471	0.127564	0	-0.321778	6.00E-06	1.15717	3.00E-06	0	0	0	-0.13	0	0.305	0	0	0
5.574	-28.97151	436.375793	-53.515808	0.127376	0	-0.321701	6.00E-06	1.083253	4.00E-06	0	0	0	-0.13	0	0.305	0	0	0
5.575	-28.894382	438.949371	-53.750679	0.126789	0	-0.321701	9.00E-06	1.027981	4.00E-06	0	0	0	-0.13	0	0.305	0	0	0
5.576	-28.185064	442.554718	-53.829254	0.126789	0	-0.321626	9.00E-06	1.027981	4.00E-06	0	0	0	-0.13	0	0.305	0	0	0
5.577	-28.110821	449.277893	-53.829254	0.127132	0	-0.321409	-3.00E-06	0.993859	2.00E-06	0	0	0	-0.13	0	0.305	0	0	0
5.578	-27.871494	451.326477	-54.064285	0.12775	0	-0.320935	-3.00E-06	0.993859	0	0	0	0	-0.13	0	0.305	0	0	0
5.579	-27.63722	453.92395	-53.986031	0.127132	0	-0.321295	5.00E-06	0.961132	0	0	0	0	-0.13	0	0.305	0	0	0
5.58	-26.855103	458.713501	-54.377884	0.126823	0	-0.321019	1.00E-05	0.833144	3.00E-06	0	0	0	-0.13	0	0.305	0	0	0
5.581	-26.775087	461.291687	-54.612999	0.126643	0	-0.321019	1.30E-05	0.833144	6.00E-06	0	0	0	-0.13	0	0.305	0	0	0
5.582	-26.389442	466.792511	-54.612999	0.126407	0	-0.320603	1.00E-05	0.882507	3.00E-06	0	0	0	-0.13	0	0.305	0	0	0
5.583	-26.152279	468.68219	-54.612999	0.126258	0	-0.320278	1.30E-05	1.019613	0	0	0	0	-0.13	0	0.305	0	0	0
5.584	-26.076593	474.883057	-54.769741	0.126258	0	-0.320278	7.00E-06	0.893751	0.00E+00	0	0	0	-0.13	0	0.305	0	0	0
5.585	-25.290869	477.288025	-55.00489	0.126271	0	-0.31989	1.10E-05	0.893751	1.00E-06	0	0	0	-0.13	0	0.305	0	0	0
5.586	-24.118774	481.250977	-55.318298	0.126271	0	-0.319456	7.00E-06	0.866165	4.00E-06	0	0	0	-0.13	0	0.305	0	0	0
5.587	-24.118774	485.724243	-55.318455	0.126186	0	-0.319038	1.10E-05	0.866165	4.00E-06	0	0	0	-0.13	0	0.305	0	0	0
5.588	-24.118774	487.955688	-55.55349	0.126182	0	-0.31865	7.00E-06	0.860847	4.00E-06	0	0	0	-0.13	0	0.305	0	0	0
5.589	-24.115168	492.772614	-55.55349	0.126182	0	-0.31865	1.40E-05	0.860847	4.00E-06	0	0	0	-0.13	0	0.305	0	0	0
5.59	-23.414509	496.035461	-55.710308	0.126227	0	-0.31865	5.00E-06	0.84557	1.00E-06	0	0	0	-0.13	0	0.305	0	0	0
5.591	-23.10166	501.02478	-56.023632	0.12636	0	-0.318509	1.30E-05	0.84557	4.00E-06	0	0	0	-0.13	0	0.305	0	0	0
5.592	-23.10166	505.154358	-56.180252	0.12636	0	-0.318236	5.00E-06	0.849594	4.00E-06	0	0	0	-0.13	0	0.305	0	0	0
5.593	-23.181675	509.455597	-56.258743	0.126585	0	-0.317893	2.00E-06	0.905808	4.00E-06	0	0	0	-0.13	0	0.305	0	0	0
5.594	-23.181675	513.587463	-56.650436	0.12675	0	-0.3176	2.00E-06	0.880352	4.00E-06	0	0	0	-0.13	0	0.305	0	0	0
5.595	-23.180956	518.069946	-56.650475	0.12675	0	-0.317893	9.00E-06	0.880352	4.00E-06	0	0	0	-0.13	0	0.305	0	0	0
5.596	-22.552376	520.462524	-57.277321	0.126442	0	-0.318497	9.00E-06	0.734683	4.00E-06	0	0	0	-0.13	0	0.305	0	0	0
5.597	-22.552376	522.868347	-57.277603	0.126202	0	-0.318497	6.00E-06	0.734683	4.00E-06	0	0	0	-0.13	0	0.305	0	0	0
5.598	-22.630226	530.095337	-57.825878	0.126202	0	-0.317753	6.00E-06	0.6758	4.00E-06	0	0	0	-0.13	0	0.305	0	0	0
5.599	-22.630226	533.192627	-57.825878	0.126859	0	-0.317753	6.00E-06	0.793292	4.00E-06	0	0	0	-0.13	0	0.305	0	0	0
5.6	-22.630226	538.695007	-57.825878	0.126859	0	-0.317694	1.10E-05	0.659423	3.00E-06	0	0	0	-0.13	0	0.305	0	0	0
5.601	-22.392344	538.699951	-57.904408	0.127151	0	-0.317496	1.10E-05	0.605185	1.00E-06	0	0	0	-0.13	0	0.305	0	0	0
5.602	-22.237362	547.133911	-58.609547	0.126484	0	-0.317056	1.10E-05	0.581717	1.00E-06	0	0	0	-0.13	0	0.305	0	0	0
5.603	-22.158068	548.323486	-59.079647	0.126179	0	-0.316844	1.00E-05	0.581717	1.00E-06	0	0	0	-0.13	0	0.305	0	0	0
5.604	-22.004532	550.391357	-59.236309	0.126179	0	-0.316844	1.00E-05	0.60776	4.00E-06	0	0	0	-0.13	0	0.305	0	0	0
5.605	-21.686632	555.904541	-59.079647	0.126556	0	-0.316311	7.00E-06	0.60776	1.00E-06	0	0	0	-0.13	0	0.305	0	0	0
5.606	-21.686632	558.146301	-59.236309	0.126556	0	-0.316293	5.00E-06	0.528746	1.00E-06	0	0	0	-0.13	0	0.305	0	0	0
5.607	-21.686632	561.419556	-59.863441	0.126291	0	-0.315869	5.00E-06	0.468603	1.00E-06	0	0	0	-0.13	0	0.305	0	0	0
5.608	-21.8445	565.544556	-59.86364	0.126291	0	-0.31583	7.00E-06	0.528746	4.00E-06	0	0	0	-0.13	0	0.305	0	0	0
5.609	-22.157347	568.994873	-60.3335	0.126456	0	-0.315124	7.00E-06	0.468603	5.00E-06	0	0	0	-0.13	0	0.305	0	0	0
5.61	-22.3909	570.033203	-60.960388	0.126456	0	-0.314966	7.00E-06	0.447893	5.00E-06	0	0	0	-0.13	0	0.305	0	0	0
5.611	-22.3909	573.636658	-61.195217	0.126724	0	-0.314904	3.00E-06	0.314847	5.00E-06	0	0	0	-0.13	0	0.305	0	0	0
5.612	-22.626617	578.462463	-61.587311	0.126347	0	-0.314747	1.10E-05	0.447893	6.00E-06	0	0	0	-0.13	0	0.305	0	0	0
5.613	-22.547323	582.587769	-61.978924	0.126457	0	-0.314596	1.40E-05	0.302497	4.00E-06	0	0	0	-0.13	0	0.305	0	0	0
5.614	-22.940908	585.179077	-61.978924	0.126457	0	-0.313914	1.40E-05	0.413175	3.00E-06	0	0	0	-0.13	0	0.305	0	0	0
5.615	-23.643732	589.832458	-62.13583	0.126774	0	-0.313914	6.00E-06	0.384734	3.00E-06	0	0	0	-0.13	0	0.305	0	0	0
5.616	-23.643732	592.755493	-62.370781	0.126868	0	-0.313656	6.00E-06	0.384734	2.00E-06	0	0	0	-0.13	0	0.305	0	0	0
5.617	-23.485142	595.860168	-62.527924	0.126981	0	-0.313811	1.80E-05	0.384734	1.00E-06	0	0	0	-0.13	0	0.305	0	0	0
5.618	-23.485142	600.680542	-63.076115	0.126868	0	-0.313625	1.80E-05	0.355268	1.00E-06	0	0	0	-0.13	0	0.305	0	0	0
5.619	-24.107229	601.711243	-63.389557	0.12725	0	-0.31305	1.00E-05	0.188442	1.00E-06	0	0	0	-0.13	0	0.305	0	0	0
5.62	-24.263653	607.054688	-64.173065	0.127356	0	-0.312936	1.00E-05	0.16458	3.00E-06	0	0	0	-0.13	0	0.305	0	0	0
5.621	-25.044327	608.257324	-64.329529	0.127356	0	-0.312936	1.20E-05	-0.014384	3.00E-06	0	0	0	-0.13	0	0.305	0	0	0
5.622	-25.1229	609.802551	-64.87796	0.127356	0	-0.312918	1.30E-05	-0.014384	3.00E-06	0	0	0	-0.13	0	0.305	0	0	0
5.623	-25.202915	616.178223	-64.87796	0.126753	0	-0.312918	1.20E-05	0.088719	7.00E-06	0	0	0	-0.13	0	0.305	0	0	0
5.624	-25.594336	616.340576	-65.11319	0.126958	0	-0.312153	7.00E-06	0.088719	7.00E-06	0	0	0	-0.13	0	0.305	0	0	0
5.625	-25.82933	618.771057	-65.11319	0.126759	0	-0.312153	4.00E-06	0.088137	7.00E-06	0	0	0	-0.13	0	0.305	0	0	0
5.626	-25.82933	620.996704	-65.11319	0.126774	0	-0.311667	7.00E-06	0.082256	4.00E-06	0	0	0	-0.13	0	0.305	0	0	0
5.627	-26.061441	621.522827	-65.348068	0.126774	0	-0.312171	8.00E-06	-0.0915	4.00E-06	0	0	0	-0.13	0	0.305	0	0	0
5.628	-25.825001	625.993286	-65.348068	0.126774	0	-0.311681	1.30E-05	-0.109887	4.00E-06	0	0	0	-0.13	0	0.305	0	0	0
5.629	-26.061441	626.507141	-65.348068	0.126993	0	-0.311681	1.30E-05	-0.109887	2.00E-06	0	0	0	-0.13	0	0.305	0	0	0
5.63	-26.296436	630.826111	-65.191483	0.126966	0	-0.311481	1.30E-05	-0.085308	2.00E-06	0	0	0	-0.13	0	0.305	0	0	0
5.631	-26.685692	632.195801	-65.113068	0.12701	0	-0.310585	1.40E-05	-0.085308	3.00E-06	0	0	0	-0.13	0	0.305	0	0	0
5.632	-27.234255	632.893188	-65.113068	0.126966	0	-0.310933	1.40E-05	-0.211849	3.00E-06	0	0	0	-0.13	0	0.305	0	0	0
5.633	-27.08144	635.808838	-65.269409	0.127108	0	-0.310882	9.00E-06	-0.211849	3.00E-06	0	0	0	-0.13	0	0.305	0	0	0
5.634	-27.392845	638.927124	-65.269409	0.126601	0	-0.310882	8.00E-06	-0.145179	7.00E-06	0	0	0	-0.13	0	0.305	0	0	0
5.635	-28.01926	639.251465	-65.269333	0.126871	0	-0.310027	8.00E-06	-0.145179	7.00E-06	0	0	0	-0.13	0	0.305	0	0	0
5.636	-28.097834	641.509888	-65.269333	0.126871	0	-0.309879	8.00E-06	-0.215643	4.00E-06	0	0	0	-0.13	0	0.305	0	0	0
5.637	-28.01926	643.931885	-65.269333	0.127163	0	-0.309633	8.00E-06	-0.331584	3.00E-06	0	0	0	-0.13	0	0.305	0	0	0
5.638	-28.641346	648.227295	-65.190918	0.127163	0	-0.309633	8.00E-06	-0.374494	3.00E-06	0	0	0	-0.13	0	0.305	0	0	0
5.639	-28.719196	648.392761	-65.19088	0.127198	0	-0.309633	1.50E-05	-0.388809	3.00E-06	0	0	0	-0.13	0	0.305	0	0	0
5.64	-28.953472	648.407471	-65.19088	0.127198	0	-0.309164	4.00E-06	-0.427846	3.00E-06	0	0	0	-0.13	0	0.305	0	0	0
5.641	-28.954193	654.264648	-65.19088	0.127851	0	-0.309164	6.00E-06	-0.427846	4.00E-06	0	0	0	-0.13	0	0.305	0	0	0
5.642	-29.269928	658.219482	-64.876915	0.128107	0	-0.309042	6.00E-06	-0.427846	4.00E-06	0	0	0	-0.13	0	0.305	0	0	0
5.643	-29.347055	659.2547	-64.876915	0.128107	0	-0.309143	7.00E-06	-0.435843	6.00E-06	0	0	0	-0.13	0	0.305	0	0	0
5.644	-29.503479	660.10376	-64.563629	0.12769	0	-0.308941	1.80E-05	-0.46643	3.00E-06	0	0	0	-0.13	0	0.305	0	0	0
5.645	-30.207024	662.870178	-64.485382	0.12769	0	-0.308382	1.80E-05	-0.445964	3.00E-06	0	0	0	-0.13	0	0.305	0	0	0
5.646	-30.754868	665.455688	-64.171783	0.12769	0	-0.308359	1.50E-05	-0.475574	3.00E-06	0	0	0	-0.13	0	0.305	0	0	0
5.647	-30.754868	666.496704	-64.171783	0.127817	0	-0.308255	1.50E-05	-0.56008	6.00E-06	0	0	0	-0.13	0	0.305	0	0	0
5.648	-30.754868	666.84082	-64.014915	0.127538	0	-0.308255	1.50E-05	-0.561048	8.00E-06	0	0	0	-0.13	0	0.305	0	0	0
5.649	-30.832718	668.722412	-64.171455	0.12745	0	-0.308169	1.50E-05	-0.563833	7.00E-06	0	0	0	-0.13	0	0.305	0	0	0
5.65	-30.834883	669.233093	-64.171455	0.127378	0	-0.308087	1.20E-05	-0.596761	7.00E-06	0	0	0	-0.13	0	0.305	0	0	0
5.651	-30.989862	670.956482	-64.171455	0.127266	0	-0.308066	8.00E-06	-0.644297	7.00E-06	0	0	0	-0.13	0	0.305	0	0	0
5.652	-31.304153	671.99292	-63.465996	0.127378	0	-0.307807	8.00E-06	-0.689158	4.00E-06	0	0	0	-0.13	0	0.305	0	0	0
5.653	-31.53915	674.752808	-63.465996	0.127458	0	-0.307807	1.40E-05	-0.689158	2.00E-06	0	0	0	-0.13	0	0.305	0	0	0
5.654	-31.618443	676.640137	-63.465996	0.127458	0	-0.307706	1.40E-05	-0.670316	2.00E-06	0	0	0	-0.13	0	0.305	0	0	0
5.655	-31.697016	677.506836	-63.465759	0.12767	0	-0.307706	5.00E-06	-0.670316	2.00E-06	0	0	0	-0.13	0	0.305	0	0	0
5.656	-31.773422	680.787476	-62.839111	0.127363	0	-0.306901	5.00E-06	-0.706184	3.00E-06	0	0	0	-0.13	0	0.305	0	0	0
5.657	-32.557709	681.144653	-62.760582	0.127896	0	-0.306849	5.00E-06	-0.755273	3.00E-06	0	0	0	-0.13	0	0.305	0	0	0
5.658	-32.711964	683.210205	-62.760582	0.127933	0	-0.306901	8.00E-06	-0.766832	1.00E-06	0	0	0	-0.13	0	0.305	0	0	0
5.659	-32.557709	686.294067	-62.995411	0.127933	0	-0.306776	4.00E-06	-0.804946	1.00E-06	0	0	0	-0.13	0	0.305	0	0	0
5.66	-32.790539	687.16156	-62.995411	0.128118	0	-0.306754	1.30E-05	-0.804946	1.00E-06	0	0	0	-0.13	0	0.305	0	0	0
5.661	-32.872719	690.609985	-62.838509	0.127939	0	-0.30605	1.20E-05	-0.838796	-5.00E-06	0	0	0	-0.13	0	0.305	0	0	0
5.662	-33.499134	691.298462	-62.838348	0.128118	0	-0.30605	1.20E-05	-0.761517	-5.00E-06	0	0	0	-0.13	0	0.305	0	0	0
5.663	-33.889111	695.776367	-62.211342	0.128609	0	-0.306495	-1.00E-06	-0.810655	0	0	0	0	-0.13	0	0.305	0	0	0
5.664	-34.202679	696.640381	-61.976349	0.128609	0	-0.306495	-1.00E-06	-0.810655	0.00E+00	0	0	0	-0.13	0	0.305	0	0	0
5.665	-34.202679	696.643433	-61.819565	0.128367	0	-0.306144	9.00E-06	-0.810655	1.00E-06	0	0	0	-0.13	0	0.305	0	0	0
5.666	-34.514805	700.422363	-61.584538	0.128242	0	-0.306144	1.20E-05	-0.906147	2.00E-06	0	0	0	-0.13	0	0.305	0	0	0
5.667	-34.825485	702.314331	-60.800949	0.128284	0	-0.306144	1.40E-05	-0.915265	3.00E-06	0	0	0	-0.13	0	0.305	0	0	0
5.668	-34.901894	702.494873	-61.192562	0.128284	0	-0.306064	1.40E-05	-0.992518	4.00E-06	0	0	0	-0.13	0	0.305	0	0	0
5.669	-34.98119	706.615601	-60.800949	0.128284	0	-0.305989	1.40E-05	-1.018208	4.00E-06	0	0	0	-0.13	0	0.305	0	0	0
5.67	-34.98119	708.176636	-60.643967	0.128114	0	-0.305989	9.00E-06	-1.018208	9.00E-06	0	0	0	-0.13	0	0.305	0	0	0
5.671	-34.98119	708.335938	-60.487183	0.128114	0	-0.305989	9.00E-06	-0.958882	-3.00E-06	0	0	0	-0.13	0	0.305	0	0	0
5.672	-35.454788	709.714111	-60.251953	0.128094	0	-0.305474	1.70E-05	-0.951625	3.00E-06	0	0	0	-0.13	0	0.305	0	0	0
5.673	-35.454788	710.587769	-60.016838	0.12828	0	-0.306128	1.70E-05	-0.958882	3.00E-06	0	0	0	-0.13	0	0.305	0	0	0
5.674	-35.61121	712.309265	-59.625145	0.128094	0	-0.305352	1.60E-05	-1.029095	8.00E-06	0	0	0	-0.13	0	0.305	0	0	0
5.675	-35.529755	712.471619	-59.781887	0.128051	0	-0.305009	1.60E-05	-1.093459	8.00E-06	0	0	0	-0.13	0	0.305	0	0	0
5.676	-35.921894	714.733154	-59.076553	0.128051	0	-0.305009	1.90E-05	-1.093459	6.00E-06	0	0	0	-0.13	0	0.305	0	0	0
5.677	-35.921894	717.993286	-58.919769	0.128455	0	-0.304653	1.90E-05	-1.08145	1.00E-06	0	0	0	-0.13	0	0.305	0	0	0
5.678	-36.23402	718.351257	-58.919769	0.128499	0	-0.30471	9.00E-06	-1.062999	1.00E-06	0	0	0	-0.13	0	0.305	0	0	0
5.679	-36.468292	719.381531	-58.998138	0.128455	0	-0.30471	9.00E-06	-1.062999	1.00E-05	0	0	0	-0.13	0	0.305	0	0	0
5.68	-36.469013	720.914001	-58.998138	0.128277	0	-0.30471	5.00E-06	-1.140813	1.00E-05	0	0	0	-0.13	0	0.305	0	0	0
5.681	-36.469013	723.333618	-58.997898	0.128277	0	-0.304323	1.20E-05	-1.140813	1.00E-05	0	0	0	-0.13	0	0.305	0	0	0
5.682	-37.645439	725.746765	-58.684578	0.128438	0	-0.304233	8.00E-06	-1.13551	5.00E-06	0	0	0	-0.13	0	0.305	0	0	0
5.683	-37.645439	727.304688	-58.214314	0.128552	0	-0.30403	8.00E-06	-1.091129	5.00E-06	0	0	0	-0.13	0	0.305	0	0	0
5.684	-37.720406	729.546936	-58.214314	0.128804	0	-0.30403	8.00E-06	-1.13551	5.00E-06	0	0	0	-0.13	0	0.305	0	0	0
5.685	-37.563259	729.549194	-57.900791	0.128893	0	-0.304025	8.00E-06	-1.160561	6.00E-06	0	0	0	-0.13	0	0.305	0	0	0
5.686	-37.720406	730.927429	-57.744129	0.128893	0	-0.304025	1.20E-05	-1.160561	0.00E+00	0	0	0	-0.13	0	0.305	0	0	0
5.687	-37.797531	733.863159	-57.666	0.129099	0	-0.303717	1.30E-05	-1.179229	6.00E-06	0	0	0	-0.13	0	0.305	0	0	0
5.688	-38.031082	734.378906	-56.804001	0.129257	0	-0.303617	1.60E-05	-1.179229	6.00E-06	0	0	0	-0.13	0	0.305	0	0	0
5.689	-38.500355	735.245239	-56.803879	0.12926	0	-0.303617	1.60E-05	-1.198453	6.00E-06	0	0	0	-0.13	0	0.305	0	0	0
5.69	-38.031082	736.259277	-56.56889	0.129364	0	-0.304143	9.00E-06	-1.198453	6.00E-06	0	0	0	-0.13	0	0.305	0	0	0
5.691	-38.577484	741.950256	-56.333694	0.129305	0	-0.304143	8.00E-06	-1.253768	4.00E-06	0	0	0	-0.13	0	0.305	0	0	0
5.692	-38.735352	741.950256	-56.020214	0.129305	0	-0.30381	8.00E-06	-1.191609	8.00E-06	0	0	0	-0.13	0	0.305	0	0	0
5.693	-38.735352	741.968811	-55.628479	0.129305	0	-0.303002	8.00E-06	-1.257739	1.00E-06	0	0	0	-0.13	0	0.305	0	0	0
5.694	-38.734631	741.968811	-55.39341	0.129337	0	-0.303136	3.00E-06	-1.242736	6.00E-06	0	0	0	-0.13	0	0.305	0	0	0
5.695	-38.421783	741.968811	-55.628479	0.129337	0	-0.302944	3.00E-06	-1.257739	0.00E+00	0	0	0	-0.13	0	0.305	0	0	0
5.696	-38.734631	743.687927	-55.39341	0.129425	0	-0.302944	-2.00E-06	-1.332466	6.00E-06	0	0	0	-0.13	0	0.305	0	0	0
5.697	-38.96674	745.252869	-55.39341	0.129307	0	-0.302215	-1.00E-06	-1.332466	9.00E-06	0	0	0	-0.13	0	0.305	0	0	0
5.698	-39.04459	745.769348	-55.079681	0.12948	0	-0.30212	-3.00E-06	-1.332466	9.00E-06	0	0	0	-0.13	0	0.305	0	0	0
5.699	-39.04459	746.810059	-55.079681	0.129617	0	-0.302215	-1.00E-06	-1.50494	9.00E-06	0	0	0	-0.13	0	0.305	0	0	0
5.7	-39.670284	747.672485	-55.236507	0.129617	0	-0.301966	-4.00E-06	-1.50494	9.00E-06	0	0	0	-0.13	0	0.305	0	0	0
5.701	-39.673893	748.183594	-55.628197	0.129617	0	-0.301966	3.00E-06	-1.476001	4.00E-06	0	0	0	-0.13	0	0.305	0	0	0
5.702	-39.673893	751.6521	-55.236507	0.129601	0	-0.301647	1.50E-05	-1.323595	7.00E-06	0	0	0	-0.13	0	0.305	0	0	0
5.703	-39.673893	751.6521	-54.766361	0.129534	0	-0.301114	2.00E-05	-1.323595	-1.00E-06	0	0	0	-0.13	0	0.305	0	0	0
5.704	-39.752464	751.808716	-54.766361	0.129534	0	-0.301161	2.00E-05	-1.414306	7.00E-06	0	0	0	-0.13	0	0.305	0	0	0
5.705	-39.90456	754.415405	-54.688232	0.129965	0	-0.300677	1.30E-05	-1.414306	0.00E+00	0	0	0	-0.13	0	0.305	0	0	0
5.706	-39.90456	756.147278	-55.079803	0.130369	0	-0.300677	1.30E-05	-1.492	7.00E-06	0	0	0	-0.13	0	0.305	0	0	0
5.707	-40.373833	756.334717	-54.688232	0.130597	0	-0.300416	2.00E-05	-1.48773	6.00E-06	0	0	0	-0.13	0	0.305	0	0	0
5.708	-40.450958	759.595337	-54.217926	0.13068	0	-0.300278	2.00E-05	-1.514925	6.00E-06	0	0	0	-0.13	0	0.305	0	0	0
5.709	-40.920227	759.946289	-54.217686	0.130876	0	-0.300275	9.00E-06	-1.514925	4.00E-06	0	0	0	-0.13	0	0.305	0	0	0
5.71	-41.231632	761.846375	-54.217686	0.130876	0	-0.299966	1.00E-06	-1.514925	3.00E-06	0	0	0	-0.13	0	0.305	0	0	0
5.711	-41.232357	762.021118	-54.217686	0.13095	0	-0.299916	5.00E-06	-1.5661	3.00E-06	0	0	0	-0.13	0	0.305	0	0	0
5.712	-42.016636	764.100952	-54.061104	0.130851	0	-0.299769	5.00E-06	-1.522739	3.00E-06	0	0	0	-0.13	0	0.305	0	0	0
5.713	-42.404449	764.117126	-53.982895	0.13095	0	-0.299246	1.20E-05	-1.563111	2.00E-06	0	0	0	-0.13	0	0.305	0	0	0
5.714	-42.483742	764.117126	-53.982895	0.131071	0	-0.299246	1.30E-05	-1.522739	0.00E+00	0	0	0	-0.13	0	0.305	0	0	0
5.715	-43.574379	765.487183	-54.061306	0.131071	0	-0.299368	2.00E-05	-1.563111	-1.00E-06	0	0	0	-0.13	0	0.305	0	0	0
5.716	-43.574379	765.487183	-54.061306	0.130798	0	-0.299368	2.00E-05	-1.683897	-3.00E-06	0	0	0	-0.13	0	0.305	0	0	0
5.717	-43.574379	765.487183	-54.061306	0.130798	0	-0.298414	1.00E-05	-1.750368	-3.00E-06	0	0	0	-0.13	0	0.305	0	0	0
5.718	-43.728638	765.68396	-53.904644	0.130718	0	-0.298386	1.00E-05	-1.762172	4.00E-06	0	0	0	-0.13	0	0.305	0	0	0
5.719	-44.120056	765.854126	-53.512833	0.13098	0	-0.298177	1.00E-05	-1.762771	5.00E-06	0	0	0	-0.13	0	0.305	0	0	0
5.72	-44.588604	766.901367	-53.042686	0.131127	0	-0.297871	7.00E-06	-1.77693	5.00E-06	0	0	0	-0.13	0	0.305	0	0	0
5.721	-44.6679	766.901367	-53.512833	0.131127	0	-0.297499	1.20E-05	-1.8001	4.00E-06	0	0	0	-0.13	0	0.305	0	0	0
5.722	-44.824322	766.901367	-53.434502	0.131127	0	-0.297871	1.90E-05	-1.8001	4.00E-06	0	0	0	-0.13	0	0.305	0	0	0
5.723	-44.824322	768.317749	-53.434502	0.131229	0	-0.296878	2.30E-05	-1.683194	2.00E-06	0	0	0	-0.13	0	0.305	0	0	0
5.724	-45.06004	769.53125	-53.278	0.131341	0	-0.296819	1.90E-05	-1.683194	0.00E+00	0	0	0	-0.13	0	0.305	0	0	0
5.725	-45.837109	769.53125	-53.277962	0.131581	0	-0.296511	1.30E-05	-1.732032	2.00E-06	0	0	0	-0.13	0	0.305	0	0	0
5.726	-45.837109	769.53125	-53.27784	0.131581	0	-0.296325	1.30E-05	-1.897396	5.00E-06	0	0	0	-0.13	0	0.305	0	0	0
5.727	-45.837109	770.222412	-53.121136	0.131581	0	-0.296325	1.90E-05	-1.897396	7.00E-06	0	0	0	-0.13	0	0.305	0	0	0
5.728	-45.919289	771.7854	-52.964439	0.131858	0	-0.296014	1.90E-05	-1.897396	7.00E-06	0	0	0	-0.13	0	0.305	0	0	0
5.729	-46.622833	772.117126	-52.415642	0.131986	0	-0.29571	1.10E-05	-1.915984	1.00E-06	0	0	0	-0.13	0	0.305	0	0	0
5.73	-47.093548	773.52002	-52.258457	0.131915	0	-0.29571	8.00E-06	-1.91752	1.00E-06	0	0	0	-0.13	0	0.305	0	0	0
5.731	-47.252136	773.52002	-51.318127	0.131915	0	-0.29571	-3.00E-06	-2.015944	9.00E-06	0	0	0	-0.13	0	0.305	0	0	0
5.732	-47.252136	774.223999	-50.612831	0.131915	0	-0.295159	-3.00E-06	-1.944887	9.00E-06	0	0	0	-0.13	0	0.305	0	0	0
5.733	-47.173565	773.716797	-50.612831	0.132301	0	-0.295022	5.00E-06	-2.015944	3.00E-06	0	0	0	-0.13	0	0.305	0	0	0
5.734	-47.173565	773.716797	-50.612953	0.132322	0	-0.294532	1.00E-05	-2.046653	3.00E-06	0	0	0	-0.13	0	0.305	0	0	0
5.735	-47.56282	773.192627	-51.161308	0.132322	0	-0.294532	5.00E-06	-2.171606	9.00E-06	0	0	0	-0.13	0	0.305	0	0	0
5.736	-47.56282	773.192627	-50.612953	0.132087	0	-0.294405	1.00E-05	-2.187592	9.00E-06	0	0	0	-0.13	0	0.305	0	0	0
5.737	-47.487133	773.376953	-50.142807	0.132026	0	-0.294273	1.40E-05	-2.187592	3.00E-06	0	0	0	-0.13	0	0.305	0	0	0
5.738	-47.487133	773.376953	-49.829483	0.132026	0	-0.29411	1.40E-05	-2.006133	3.00E-06	0	0	0	-0.13	0	0.305	0	0	0
5.739	-47.718521	774.062744	-49.437592	0.132026	0	-0.293655	2.30E-05	-2.006133	1.00E-06	0	0	0	-0.13	0	0.305	0	0	0
5.74	-47.718521	773.211914	-49.437592	0.132117	0	-0.293655	2.20E-05	-2.102674	3.00E-06	0	0	0	-0.13	0	0.305	0	0	0
5.741	-47.481358	772.709229	-49.437592	0.132117	0	-0.293276	2.20E-05	-2.128611	2.00E-06	0	0	0	-0.13	0	0.305	0	0	0
5.742	-47.167789	772.709229	-49.124592	0.132117	0	-0.293267	1.90E-05	-2.128611	4.00E-06	0	0	0	-0.13	0	0.305	0	0	0
5.743	-47.091385	772.213623	-49.045979	0.132154	0	-0.292902	1.00E-05	-2.177638	7.00E-06	0	0	0	-0.13	0	0.305	0	0	0
5.744	-46.932072	772.227539	-48.654324	0.132239	0	-0.292525	4.00E-06	-2.164805	7.00E-06	0	0	0	-0.13	0	0.305	0	0	0
5.745	-46.930626	772.227539	-48.340843	0.132306	0	-0.292258	4.00E-06	-2.177638	5.00E-06	0	0	0	-0.13	0	0.305	0	0	0
5.746	-46.6978	773.773926	-48.027359	0.132306	0	-0.292011	1.10E-05	-2.18733	5.00E-06	0	0	0	-0.13	0	0.305	0	0	0
5.747	-46.699963	773.958252	-47.792328	0.132701	0	-0.291837	1.20E-05	-2.18733	5.00E-06	0	0	0	-0.13	0	0.305	0	0	0
5.748	-46.544983	774.310059	-47.635708	0.132172	0	-0.291554	1.20E-05	-2.050808	0	0	0	0	-0.13	0	0.305	0	0	0
5.749	-46.544983	774.310059	-47.322144	0.132535	0	-0.291251	1.20E-05	-2.048196	0.00E+00	0	0	0	-0.13	0	0.305	0	0	0
5.75	-46.544262	775.154053	-46.93045	0.132535	0	-0.291455	2.00E-05	-2.048196	2.00E-06	0	0	0	-0.13	0	0.305	0	0	0
5.751	-46.541374	774.148071	-46.303646	0.132569	0	-0.291295	2.00E-05	-2.039536	2.00E-06	0	0	0	-0.13	0	0.305	0	0	0
5.752	-45.994976	775.712219	-46.068771	0.133022	0	-0.291295	-2.00E-06	-2.039536	1.00E-06	0	0	0	-0.13	0	0.305	0	0	0
5.753	-45.994976	775.704895	-45.990444	0.132999	0	-0.290982	-2.00E-06	-1.947964	1.00E-06	0	0	0	-0.13	0	0.305	0	0	0
5.754	-45.994976	775.704895	-45.755493	0.132999	0	-0.290642	1.00E-06	-1.947964	0.00E+00	0	0	0	-0.13	0	0.305	0	0	0
5.755	-45.44569	774	-45.598549	0.132999	0	-0.290065	2.10E-05	-2.081216	9.00E-06	0	0	0	-0.13	0	0.305	0	0	0
5.756	-45.287823	773.307678	-45.363396	0.132857	0	-0.290065	2.30E-05	-2.121935	8.00E-06	0	0	0	-0.13	0	0.305	0	0	0
5.757	-45.210693	773.313416	-45.128284	0.132855	0	-0.290065	2.30E-05	-2.081216	8.00E-06	0	0	0	-0.13	0	0.305	0	0	0
5.758	-44.978584	772.614502	-44.501598	0.132831	0	-0.290256	1.50E-05	-1.93383	5.00E-06	0	0	0	-0.13	0	0.305	0	0	0
5.759	-44.823601	772.445129	-43.953083	0.132559	0	-0.289989	1.50E-05	-1.878504	3.00E-06	0	0	0	-0.13	0	0.305	0	0	0
5.76	-44.668621	772.445129	-43.718056	0.132559	0	-0.28977	1.90E-05	-1.93383	-4.00E-06	0	0	0	-0.13	0	0.305	0	0	0
5.761	-44.429298	770.385376	-43.32616	0.132556	0	-0.289211	1.90E-05	-2.037611	-4.00E-06	0	0	0	-0.13	0	0.305	0	0	0
5.762	-44.194298	770.056396	-43.16954	0.13259	0	-0.289108	2.00E-05	-2.037611	-4.00E-06	0	0	0	-0.13	0	0.305	0	0	0
5.763	-43.961472	769.555725	-43.091286	0.132556	0	-0.288717	9.00E-06	-2.009291	6.00E-06	0	0	0	-0.13	0	0.305	0	0	0
5.764	-43.334332	767.994324	-42.856136	0.132465	0	-0.288681	1.10E-05	-2.009291	8.00E-06	0	0	0	-0.13	0	0.305	0	0	0
5.765	-43.176468	767.994324	-42.22937	0.132465	0	-0.288284	9.00E-06	-1.936193	6.00E-06	0	0	0	-0.13	0	0.305	0	0	0
5.766	-43.100056	766.805115	-42.072506	0.13302	0	-0.288281	1.10E-05	-2.033324	7.00E-06	0	0	0	-0.13	0	0.305	0	0	0
5.767	-42.867226	766.645813	-42.072506	0.13302	0	-0.288281	9.00E-06	-1.996634	5.00E-06	0	0	0	-0.13	0	0.305	0	0	0
5.768	-42.867226	766.645813	-42.072388	0.13302	0	-0.287607	1.20E-05	-1.996634	7.00E-06	0	0	0	-0.13	0	0.305	0	0	0
5.769	-42.555099	765.787659	-41.759068	0.133132	0	-0.287274	8.00E-06	-1.912793	6.00E-06	0	0	0	-0.13	0	0.305	0	0	0
5.77	-42.166569	765.115723	-41.21051	0.133176	0	-0.287262	1.50E-05	-1.873965	8.00E-06	0	0	0	-0.13	0	0.305	0	0	0
5.771	-42.165123	764.776978	-41.21051	0.133132	0	-0.287262	1.00E-05	-1.839636	8.00E-06	0	0	0	-0.13	0	0.305	0	0	0
5.772	-41.695133	764.274048	-40.740448	0.133553	0	-0.286756	2.70E-05	-1.824541	8.00E-06	0	0	0	-0.13	0	0.305	0	0	0
5.773	-41.537266	763.941528	-40.740448	0.133553	0	-0.286925	1.10E-05	-1.839636	8.00E-06	0	0	0	-0.13	0	0.305	0	0	0
5.774	-41.537266	763.593262	-40.505459	0.133553	0	-0.286751	1.10E-05	-1.844926	5.00E-06	0	0	0	-0.13	0	0.305	0	0	0
5.775	-41.617283	762.557129	-40.348671	0.133537	0	-0.286751	1.10E-05	-1.863729	1.00E-05	0	0	0	-0.13	0	0.305	0	0	0
5.776	-42.320824	759.820923	-40.113644	0.133537	0	-0.28623	1.10E-05	-1.93879	3.00E-06	0	0	0	-0.13	0	0.305	0	0	0
5.777	-41.617283	759.47522	-39.799957	0.133537	0	-0.28584	1.60E-05	-1.908924	2.00E-06	0	0	0	-0.13	0	0.305	0	0	0
5.778	-41.617283	757.067627	-39.799957	0.13344	0	-0.28584	1.70E-05	-1.93879	2.00E-06	0	0	0	-0.13	0	0.305	0	0	0
5.779	-41.617283	756.549927	-39.486595	0.133195	0	-0.285468	1.60E-05	-1.908924	2.00E-06	0	0	0	-0.13	0	0.305	0	0	0
5.78	-41.539429	755.358826	-38.546387	0.133195	0	-0.285336	1.40E-05	-1.776682	-3.00E-06	0	0	0	-0.13	0	0.305	0	0	0
5.781	-41.618721	755.029846	-38.546268	0.133608	0	-0.284708	5.00E-06	-1.776682	-3.00E-06	0	0	0	-0.13	0	0.305	0	0	0
5.782	-41.228748	752.627136	-38.546268	0.133608	0	-0.284572	3.00E-06	-1.88651	-1.00E-06	0	0	0	-0.13	0	0.305	0	0	0
5.783	-40.835163	751.244324	-37.919624	0.133608	0	-0.284503	3.00E-06	-1.88651	1.00E-06	0	0	0	-0.13	0	0.305	0	0	0
5.784	-40.835163	751.095459	-37.919502	0.133377	0	-0.283908	3.00E-06	-1.901256	6.00E-06	0	0	0	-0.13	0	0.305	0	0	0
5.785	-40.835163	749.89624	-37.292736	0.133768	0	-0.283896	1.70E-05	-1.841952	6.00E-06	0	0	0	-0.13	0	0.305	0	0	0
5.786	-40.523041	748.167419	-36.822472	0.133935	0	-0.283896	1.80E-05	-1.848631	9.00E-06	0	0	0	-0.13	0	0.305	0	0	0
5.787	-40.523041	748.167419	-36.822433	0.133935	0	-0.283274	1.80E-05	-1.848631	9.00E-06	0	0	0	-0.13	0	0.305	0	0	0
5.788	-40.523041	747.321167	-36.744022	0.133998	0	-0.283297	1.30E-05	-1.848631	9.00E-06	0	0	0	-0.13	0	0.305	0	0	0
5.789	-40.605221	746.460205	-36.665607	0.133951	0	-0.283274	1.10E-05	-1.787498	1.20E-05	0	0	0	-0.13	0	0.305	0	0	0
5.79	-40.210911	746.460205	-36.665607	0.13403	0	-0.283227	3.00E-06	-1.787498	4.00E-06	0	0	0	-0.13	0	0.305	0	0	0
5.791	-40.369503	745.112549	-36.195545	0.134137	0	-0.282619	1.10E-05	-1.761115	8.00E-06	0	0	0	-0.13	0	0.305	0	0	0
5.792	-40.369503	744.246155	-35.960514	0.134411	0	-0.282408	1.00E-06	-1.839216	4.00E-06	0	0	0	-0.13	0	0.305	0	0	0
5.793	-40.369503	743.74585	-35.960514	0.134675	0	-0.28239	7.00E-06	-1.810702	2.00E-06	0	0	0	-0.13	0	0.305	0	0	0
5.794	-40.288761	742.368042	-35.568699	0.134411	0	-0.28239	7.00E-06	-1.810702	2.00E-06	0	0	0	-0.13	0	0.305	0	0	0
5.795	-40.288761	740.461426	-35.412121	0.134297	0	-0.282054	7.00E-06	-1.810702	1.00E-06	0	0	0	-0.13	0	0.305	0	0	0
5.796	-40.368778	740.461426	-35.255257	0.134297	0	-0.281862	8.00E-06	-1.790005	3.00E-06	0	0	0	-0.13	0	0.305	0	0	0
5.797	-40.445187	738.243164	-34.628372	0.134503	0	-0.281414	9.00E-06	-1.862006	1.00E-06	0	0	0	-0.13	0	0.305	0	0	0
5.798	-40.368778	738.077698	-34.079697	0.134503	0	-0.281414	9.00E-06	-1.862006	3.00E-06	0	0	0	-0.13	0	0.305	0	0	0
5.799	-40.212357	737.746338	-34.079697	0.134503	0	-0.281391	9.00E-06	-1.87308	2.00E-06	0	0	0	-0.13	0	0.305	0	0	0
5.8	-39.979523	736.015991	-34.079697	0.134569	0	-0.281357	1.00E-06	-1.87308	4.00E-06	0	0	0	-0.13	0	0.305	0	0	0
5.801	-40.212357	735.519226	-33.061359	0.134569	0	-0.28041	3.00E-06	-1.759471	5.00E-06	0	0	0	-0.13	0	0.305	0	0	0
5.802	-40.681625	732.779053	-32.826286	0.134557	0	-0.28041	3.00E-06	-1.757243	5.00E-06	0	0	0	-0.13	0	0.305	0	0	0
5.803	-40.681625	732.24823	-33.061359	0.134484	0	-0.280264	3.00E-06	-1.759471	0	0	0	0	-0.13	0	0.305	0	0	0
5.804	-39.823101	731.396606	-32.591175	0.134484	0	-0.280193	1.00E-05	-1.769073	0	0	0	0	-0.13	0	0.305	0	0	0
5.805	-39.823101	730.881287	-32.590973	0.134483	0	-0.280101	1.40E-05	-1.786885	5.00E-06	0	0	0	-0.13	0	0.305	0	0	0
5.806	-39.823101	728.497925	-31.415735	0.134661	0	-0.279229	1.40E-05	-1.769073	5.00E-06	0	0	0	-0.13	0	0.305	0	0	0
5.807	-39.90023	728.135315	-31.415735	0.134569	0	-0.279229	1.30E-05	-1.786885	5.00E-06	0	0	0	-0.13	0	0.305	0	0	0
5.808	-39.748135	725.729492	-31.415535	0.134569	0	-0.279231	1.10E-05	-1.673507	2.00E-06	0	0	0	-0.13	0	0.305	0	0	0
5.809	-39.278145	724.710815	-31.180542	0.134516	0	-0.279231	8.00E-06	-1.663961	1.00E-05	0	0	0	-0.13	0	0.305	0	0	0
5.81	-39.278145	724.710815	-30.86718	0.134516	0	-0.278933	8.00E-06	-1.655292	1.00E-05	0	0	0	-0.13	0	0.305	0	0	0
5.811	-39.278145	724.896729	-31.180542	0.134933	0	-0.278774	1.30E-05	-1.63213	1.00E-05	0	0	0	-0.13	0	0.305	0	0	0
5.812	-39.668118	724.896729	-30.788929	0.135209	0	-0.278487	1.90E-05	-1.63213	7.00E-06	0	0	0	-0.13	0	0.305	0	0	0
5.813	-39.121723	723.541748	-30.083834	0.135299	0	-0.278299	1.90E-05	-1.674789	3.00E-06	0	0	0	-0.13	0	0.305	0	0	0
5.814	-39.197407	723.188354	-29.8486	0.135209	0	-0.277723	1.20E-05	-1.674789	0.00E+00	0	0	0	-0.13	0	0.305	0	0	0
5.815	-39.197407	721.814087	-29.691818	0.13527	0	-0.277538	1.20E-05	-1.669639	3.00E-06	0	0	0	-0.13	0	0.305	0	0	0
5.816	-39.671009	721.814087	-29.535116	0.13527	0	-0.277493	1.00E-05	-1.556329	3.00E-06	0	0	0	-0.13	0	0.305	0	0	0
5.817	-39.985298	721.665527	-29.535116	0.135659	0	-0.277264	1.00E-05	-1.542595	3.00E-06	0	0	0	-0.13	0	0.305	0	0	0
5.818	-39.903114	721.665527	-29.535116	0.135659	0	-0.277264	5.00E-06	-1.556329	3.00E-06	0	0	0	-0.13	0	0.305	0	0	0
5.819	-39.903114	721.154053	-28.908312	0.135659	0	-0.277264	5.00E-06	-1.622917	3.00E-06	0	0	0	-0.13	0	0.305	0	0	0
5.82	-39.903114	719.425293	-29.300125	0.13545	0	-0.277117	2.00E-06	-1.635256	3.00E-06	0	0	0	-0.13	0	0.305	0	0	0
5.821	-40.216686	718.256226	-29.221876	0.135673	0	-0.276463	2.00E-06	-1.622917	3.00E-06	0	0	0	-0.13	0	0.305	0	0	0
5.822	-40.216686	717.725464	-29.221876	0.136012	0	-0.276463	2.00E-06	-1.54074	3.00E-06	0	0	0	-0.13	0	0.305	0	0	0
5.823	-40.058819	717.391357	-28.359959	0.136012	0	-0.276142	1.40E-05	-1.54074	3.00E-06	0	0	0	-0.13	0	0.305	0	0	0
5.824	-39.903114	716.875305	-28.359959	0.135711	0	-0.276088	1.40E-05	-1.626026	3.00E-06	0	0	0	-0.13	0	0.305	0	0	0
5.825	-39.825264	714.114685	-28.359959	0.135536	0	-0.276088	9.00E-06	-1.626026	2.00E-06	0	0	0	-0.13	0	0.305	0	0	0
5.826	-39.591713	714.29834	-27.968065	0.135554	0	-0.276049	7.00E-06	-1.572463	2.00E-06	0	0	0	-0.13	0	0.305	0	0	0
5.827	-39.591713	714.114685	-27.732952	0.135554	0	-0.275506	7.00E-06	-1.508677	5.00E-06	0	0	0	-0.13	0	0.305	0	0	0
5.828	-39.671009	713.800659	-27.57629	0.135824	0	-0.275384	5.00E-06	-1.476277	9.00E-06	0	0	0	-0.13	0	0.305	0	0	0
5.829	-39.671009	712.948242	-27.57629	0.136019	0	-0.275384	1.60E-05	-1.508677	9.00E-06	0	0	0	-0.13	0	0.305	0	0	0
5.83	-39.669563	712.590698	-27.184637	0.135904	0	-0.275237	1.60E-05	-1.516685	7.00E-06	0	0	0	-0.13	0	0.305	0	0	0
5.831	-38.731022	712.103149	-27.184637	0.136058	0	-0.274679	1.60E-05	-1.516685	1.00E-06	0	0	0	-0.13	0	0.305	0	0	0
5.832	-39.123161	711.58667	-26.792826	0.136058	0	-0.274171	1.80E-05	-1.484329	5.00E-06	0	0	0	-0.13	0	0.305	0	0	0
5.833	-39.123161	711.58667	-26.401291	0.136263	0	-0.274171	1.80E-05	-1.484329	1.00E-06	0	0	0	-0.13	0	0.305	0	0	0
5.834	-39.123161	710.904724	-26.635963	0.136406	0	-0.274171	1.80E-05	-1.509712	2.00E-06	0	0	0	-0.13	0	0.305	0	0	0
5.835	-38.887444	710.904724	-26.635963	0.136651	0	-0.273961	1.40E-05	-1.509712	0.00E+00	0	0	0	-0.13	0	0.305	0	0	0
5.836	-38.65678	710.908569	-26.635963	0.136651	0	-0.273944	8.00E-06	-1.503765	2.00E-06	0	0	0	-0.13	0	0.305	0	0	0
5.837	-38.887444	711.087524	-26.322681	0.136651	0	-0.27329	8.00E-06	-1.396343	7.00E-06	0	0	0	-0.13	0	0.305	0	0	0
5.838	-38.893219	711.269226	-26.165899	0.136696	0	-0.27329	2.00E-05	-1.377802	8.00E-06	0	0	0	-0.13	0	0.305	0	0	0
5.839	-38.893219	711.269226	-26.009237	0.136902	0	-0.27329	2.00E-05	-1.377802	7.00E-06	0	0	0	-0.13	0	0.305	0	0	0
5.84	-38.810318	710.756226	-25.539295	0.136784	0	-0.273382	2.00E-05	-1.377802	8.00E-06	0	0	0	-0.13	0	0.305	0	0	0
5.841	-38.810318	709.902222	-25.774246	0.136784	0	-0.27329	1.80E-05	-1.384264	0.00E+00	0	0	0	-0.13	0	0.305	0	0	0
5.842	-38.890335	710.756226	-25.539295	0.136784	0	-0.273058	3.00E-06	-1.370682	4.00E-06	0	0	0	-0.13	0	0.305	0	0	0
5.843	-39.202457	709.90918	-25.304262	0.137393	0	-0.272948	3.00E-06	-1.282024	4.00E-06	0	0	0	-0.13	0	0.305	0	0	0
5.844	-38.890335	709.90918	-25.304182	0.137393	0	-0.27292	4.00E-06	-1.27903	4.00E-06	0	0	0	-0.13	0	0.305	0	0	0
5.845	-38.573875	709.908386	-25.225691	0.137218	0	-0.272948	9.00E-06	-1.27903	5.00E-06	0	0	0	-0.13	0	0.305	0	0	0
5.846	-37.875381	709.40155	-24.677216	0.13707	0	-0.272276	1.50E-05	-1.27903	8.00E-06	0	0	0	-0.13	0	0.305	0	0	0
5.847	-37.875381	709.40155	-24.207273	0.13715	0	-0.272224	1.50E-05	-1.228425	7.00E-06	0	0	0	-0.13	0	0.305	0	0	0
5.848	-37.797531	709.234924	-24.128822	0.136839	0	-0.272175	2.00E-06	-1.228425	8.00E-06	0	0	0	-0.13	0	0.305	0	0	0
5.849	-37.561813	708.540649	-24.050451	0.137105	0	-0.272137	2.00E-06	-1.259648	7.00E-06	0	0	0	-0.13	0	0.305	0	0	0
5.85	-37.325375	708.540649	-23.893831	0.137105	0	-0.272051	3.00E-06	-1.259648	8.00E-06	0	0	0	-0.13	0	0.305	0	0	0
5.851	-37.247524	709.939209	-23.737289	0.137591	0	-0.272051	2.00E-05	-1.224963	3.00E-06	0	0	0	-0.13	0	0.305	0	0	0
5.852	-36.936119	709.939209	-23.423847	0.137659	0	-0.272051	1.90E-05	-1.209528	9.00E-06	0	0	0	-0.13	0	0.305	0	0	0
5.853	-36.936119	709.437073	-23.423847	0.137744	0	-0.271183	1.90E-05	-1.209528	8.00E-06	0	0	0	-0.13	0	0.305	0	0	0
5.854	-36.936119	707.54895	-23.345596	0.137744	0	-0.271113	6.00E-06	-1.231402	8.00E-06	0	0	0	-0.13	0	0.305	0	0	0
5.855	-37.088936	706.858459	-23.345596	0.137744	0	-0.271113	5.00E-06	-1.282424	8.00E-06	0	0	0	-0.13	0	0.305	0	0	0
5.856	-36.933235	706.858459	-23.267025	0.137628	0	-0.271113	5.00E-06	-1.286755	3.00E-06	0	0	0	-0.13	0	0.305	0	0	0
5.857	-36.933235	708.567993	-23.267025	0.137628	0	-0.271105	8.00E-06	-1.286755	3.00E-06	0	0	0	-0.13	0	0.305	0	0	0
5.858	-36.46685	708.924438	-22.875332	0.137674	0	-0.27105	1.30E-05	-1.129449	3.00E-06	0	0	0	-0.13	0	0.305	0	0	0
5.859	-36.46685	709.797302	-22.326899	0.138054	0	-0.27105	1.50E-05	-1.04857	4.00E-06	0	0	0	-0.13	0	0.305	0	0	0
5.86	-36.620388	709.797302	-22.170277	0.138054	0	-0.27105	1.50E-05	-1.04857	4.00E-06	0	0	0	-0.13	0	0.305	0	0	0
5.861	-36.699684	709.797302	-22.170277	0.138054	0	-0.270983	1.10E-05	-1.04857	-1.00E-06	0	0	0	-0.13	0	0.305	0	0	0
5.862	-36.620388	711.533081	-22.170277	0.138536	0	-0.270983	1.10E-05	-1.125243	-1.00E-06	0	0	0	-0.13	0	0.305	0	0	0
5.863	-36.38467	709.116943	-22.092066	0.138536	0	-0.271138	1.10E-05	-1.029531	1.10E-05	0	0	0	-0.13	0	0.305	0	0	0
5.864	-36.38467	709.810059	-21.308561	0.138536	0	-0.271138	1.00E-06	-1.125243	1.10E-05	0	0	0	-0.13	0	0.305	0	0	0
5.865	-36.461079	709.810059	-20.916786	0.1389	0	-0.270843	1.10E-05	-1.135191	7.00E-06	0	0	0	-0.13	0	0.305	0	0	0
5.866	-36.461079	711.02002	-20.681635	0.138552	0	-0.270744	1.00E-05	-1.135865	6.00E-06	0	0	0	-0.13	0	0.305	0	0	0
5.867	-36.461079	712.563721	-20.681635	0.138658	0	-0.270843	1.10E-05	-1.135865	6.00E-06	0	0	0	-0.13	0	0.305	0	0	0
5.868	-35.838268	712.563721	-20.446484	0.138658	0	-0.270744	1.00E-05	-1.021231	6.00E-06	0	0	0	-0.13	0	0.305	0	0	0
5.869	-35.603996	712.563721	-19.97654	0.138658	0	-0.270659	1.00E-06	-0.975204	5.00E-06	0	0	0	-0.13	0	0.305	0	0	0
5.87	-35.525421	711.738647	-19.663097	0.138758	0	-0.270415	1.00E-06	-0.944731	-1.00E-06	0	0	0	-0.13	0	0.305	0	0	0
5.871	-35.525421	711.738647	-19.349693	0.138539	0	-0.270415	1.70E-05	-0.975204	-2.00E-06	0	0	0	-0.13	0	0.305	0	0	0
5.872	-35.525421	712.080811	-18.331156	0.139022	0	-0.270166	1.80E-05	-0.989197	-2.00E-06	0	0	0	-0.13	0	0.305	0	0	0
5.873	-35.28754	712.596924	-18.331156	0.139125	0	-0.270676	1.80E-05	-1.077289	-1.00E-06	0	0	0	-0.13	0	0.305	0	0	0
5.874	-35.286098	712.080811	-18.331156	0.139378	0	-0.270166	2.20E-05	-1.018882	-1.00E-06	0	0	0	-0.13	0	0.305	0	0	0
5.875	-35.286098	711.569702	-18.017792	0.139401	0	-0.269883	2.20E-05	-1.077289	-1.00E-06	0	0	0	-0.13	0	0.305	0	0	0
5.876	-35.441799	711.569702	-18.017792	0.139434	0	-0.269883	2.20E-05	-1.153441	-1.00E-06	0	0	0	-0.13	0	0.305	0	0	0
5.877	-35.441799	711.572021	-17.860891	0.139434	0	-0.269749	3.00E-06	-1.153441	1.00E-06	0	0	0	-0.13	0	0.305	0	0	0
5.878	-35.366112	711.741333	-18.017633	0.139434	0	-0.269968	3.00E-06	-0.977174	1.00E-06	0	0	0	-0.13	0	0.305	0	0	0
5.879	-35.366112	712.272156	-17.469278	0.139396	0	-0.269749	8.00E-06	-0.942808	2.00E-06	0	0	0	-0.13	0	0.305	0	0	0
5.88	-35.210411	713.635254	-17.234245	0.139524	0	-0.269345	8.00E-06	-0.905496	7.00E-06	0	0	0	-0.13	0	0.305	0	0	0
5.881	-35.366833	712.272156	-17.234245	0.139472	0	-0.269345	1.00E-06	-0.844288	7.00E-06	0	0	0	-0.13	0	0.305	0	0	0
5.882	-35.521095	714.004028	-17.077503	0.139922	0	-0.269829	1.00E-06	-0.844288	0	0	0	0	-0.13	0	0.305	0	0	0
5.883	-35.521095	714.171753	-16.685852	0.139922	0	-0.269829	1.30E-05	-0.877527	0	0	0	0	-0.13	0	0.305	0	0	0
5.884	-35.521095	714.858032	-16.52919	0.13997	0	-0.27004	1.30E-05	-0.896181	6.00E-06	0	0	0	-0.13	0	0.305	0	0	0
5.885	-35.52037	716.420959	-16.215908	0.14037	0	-0.269808	7.00E-06	-0.896181	8.00E-06	0	0	0	-0.13	0	0.305	0	0	0
5.886	-35.206081	715.379089	-15.824097	0.140537	0	-0.270143	7.00E-06	-0.884136	6.00E-06	0	0	0	-0.13	0	0.305	0	0	0
5.887	-35.206081	715.379089	-15.353911	0.140537	0	-0.269703	9.00E-06	-0.852425	2.00E-06	0	0	0	-0.13	0	0.305	0	0	0
5.888	-35.206081	714.860657	-15.27534	0.140475	0	-0.270253	1.20E-05	-0.884136	-3.00E-06	0	0	0	-0.13	0	0.305	0	0	0
5.889	-35.20969	714.860657	-15.196969	0.140422	0	-0.270098	1.20E-05	-0.943917	2.00E-06	0	0	0	-0.13	0	0.305	0	0	0
5.89	-35.050381	715.028503	-14.726906	0.140191	0	-0.270098	9.00E-06	-0.943917	-4.00E-06	0	0	0	-0.13	0	0.305	0	0	0
5.891	-34.741142	715.733215	-14.335213	0.140191	0	-0.269969	4.00E-06	-0.708118	2.00E-06	0	0	0	-0.13	0	0.305	0	0	0
5.892	-34.741142	715.733215	-13.786778	0.140299	0	-0.269392	4.00E-06	-0.680973	2.00E-06	0	0	0	-0.13	0	0.305	0	0	0
5.893	-34.662567	716.600342	-13.786778	0.140773	0	-0.269864	4.00E-06	-0.708118	2.00E-06	0	0	0	-0.13	0	0.305	0	0	0
5.894	-35.04966	715.215149	-13.551746	0.140329	0	-0.269844	4.00E-06	-0.742891	6.00E-06	0	0	0	-0.13	0	0.305	0	0	0
5.895	-34.501095	715.215149	-13.786778	0.140625	0	-0.269844	0.00E+00	-0.801532	6.00E-06	0	0	0	-0.13	0	0.305	0	0	0
5.896	-35.04966	715.215149	-13.081762	0.140625	0	-0.269456	1.00E-05	-0.78384	1.10E-05	0	0	0	-0.13	0	0.305	0	0	0
5.897	-35.048939	715.060059	-13.081762	0.140806	0	-0.269284	0.00E+00	-0.801532	1.10E-05	0	0	0	-0.13	0	0.305	0	0	0
5.898	-35.048939	716.610352	-12.533208	0.1409	0	-0.269242	1.40E-05	-0.811429	1.00E-05	0	0	0	-0.13	0	0.305	0	0	0
5.899	-34.893955	716.264282	-12.376225	0.140845	0	-0.269284	1.20E-05	-0.837648	8.00E-06	0	0	0	-0.13	0	0.305	0	0	0
5.9	-34.658237	716.264282	-12.219644	0.140845	0	-0.269243	1.20E-05	-0.84547	7.00E-06	0	0	0	-0.13	0	0.305	0	0	0
5.901	-34.658237	716.264282	-11.9062	0.140845	0	-0.269243	8.00E-06	-0.837648	6.00E-06	0	0	0	-0.13	0	0.305	0	0	0
5.902	-34.974693	716.786255	-11.671209	0.140953	0	-0.269227	4.00E-06	-0.67989	5.00E-06	0	0	0	-0.13	0	0.305	0	0	0
5.903	-35.052544	717.144531	-11.044444	0.141134	0	-0.268892	8.00E-06	-0.588598	3.00E-06	0	0	0	-0.13	0	0.305	0	0	0
5.904	-35.048939	717.144531	-10.57438	0.14118	0	-0.269227	9.00E-06	-0.588598	3.00E-06	0	0	0	-0.13	0	0.305	0	0	0
5.905	-35.048939	719.892456	-10.104317	0.141375	0	-0.269519	9.00E-06	-0.628846	4.00E-06	0	0	0	-0.13	0	0.305	0	0	0
5.906	-34.657516	720.586304	-9.947576	0.141417	0	-0.269591	1.20E-05	-0.657094	4.00E-06	0	0	0	-0.13	0	0.305	0	0	0
5.907	-34.657516	720.586304	-9.869246	0.141417	0	-0.269591	1.20E-05	-0.628846	3.00E-06	0	0	0	-0.13	0	0.305	0	0	0
5.908	-34.657516	720.586304	-9.555964	0.141571	0	-0.269523	1.20E-05	-0.607219	3.00E-06	0	0	0	-0.13	0	0.305	0	0	0
5.909	-34.735367	720.577881	-9.0859	0.141761	0	-0.269523	1.20E-05	-0.607219	6.00E-06	0	0	0	-0.13	0	0.305	0	0	0
5.91	-34.50037	720.577881	-8.850587	0.141761	0	-0.269509	1.00E-06	-0.632196	6.00E-06	0	0	0	-0.13	0	0.305	0	0	0
5.911	-34.50037	720.577881	-8.537263	0.141761	0	-0.269751	1.00E-06	-0.632196	1.00E-06	0	0	0	-0.13	0	0.305	0	0	0
5.912	-34.34539	722.987854	-7.988667	0.141388	0	-0.269484	4.00E-06	-0.593706	1.00E-06	0	0	0	-0.13	0	0.305	0	0	0
5.913	-34.344669	722.987854	-7.675306	0.141664	0	-0.269484	5.00E-06	-0.551309	0	0	0	0	-0.13	0	0.305	0	0	0
5.914	-33.879009	722.13855	-7.361862	0.141388	0	-0.269484	2.00E-05	-0.532874	0.00E+00	0	0	0	-0.13	0	0.305	0	0	0
5.915	-33.879009	721.612366	-7.126832	0.141558	0	-0.269053	2.00E-05	-0.532874	3.00E-06	0	0	0	-0.13	0	0.305	0	0	0
5.916	-33.879009	721.612366	-6.735099	0.141558	0	-0.26927	1.00E-05	-0.473753	3.00E-06	0	0	0	-0.13	0	0.305	0	0	0
5.917	-33.326836	723.178406	-6.421817	0.141558	0	-0.26927	-6.00E-06	-0.473753	1.00E-06	0	0	0	-0.13	0	0.305	0	0	0
5.918	-33.326115	723.178406	-5.951672	0.141431	0	-0.26927	-6.00E-06	-0.473753	1.00E-06	0	0	0	-0.13	0	0.305	0	0	0
5.919	-33.326115	723.333069	-5.873302	0.141431	0	-0.269182	0	-0.50098	0.00E+00	0	0	0	-0.13	0	0.305	0	0	0
5.92	-33.404686	723.345459	-5.794972	0.141878	0	-0.269145	2.00E-05	-0.502403	1.00E-06	0	0	0	-0.13	0	0.305	0	0	0
5.921	-33.404686	723.345459	-5.79493	0.141888	0	-0.269135	2.10E-05	-0.50098	1.00E-06	0	0	0	-0.13	0	0.305	0	0	0
5.922	-33.328999	723.345459	-5.246416	0.141878	0	-0.269145	2.00E-05	-0.426331	1.00E-06	0	0	0	-0.13	0	0.305	0	0	0
5.923	-33.014709	725.924377	-5.246416	0.141855	0	-0.268943	6.00E-06	-0.400049	2.00E-06	0	0	0	-0.13	0	0.305	0	0	0
5.924	-33.013988	725.934814	-4.462789	0.141855	0	-0.2688	-2.00E-06	-0.400049	1.00E-06	0	0	0	-0.13	0	0.305	0	0	0
5.925	-32.626175	727.145996	-4.149548	0.142175	0	-0.2688	-2.00E-06	-0.315906	2.00E-06	0	0	0	-0.13	0	0.305	0	0	0
5.926	-32.626175	727.493896	-3.44433	0.142265	0	-0.268862	-2.00E-06	-0.315906	1.00E-06	0	0	0	-0.13	0	0.305	0	0	0
5.927	-32.776829	729.553223	-3.44433	0.142522	0	-0.268907	0	-0.257412	2.00E-06	0	0	0	-0.13	0	0.305	0	0	0
5.928	-32.776829	729.553223	-3.44433	0.142522	0	-0.269495	1.00E-05	-0.27833	6.00E-06	0	0	0	-0.13	0	0.305	0	0	0
5.929	-32.466145	729.553223	-3.052679	0.142522	0	-0.269495	1.00E-05	-0.257786	6.00E-06	0	0	0	-0.13	0	0.305	0	0	0
5.93	-32.153297	729.381958	-2.974388	0.142242	0	-0.269372	7.00E-06	-0.257786	6.00E-06	0	0	0	-0.13	0	0.305	0	0	0
5.931	-32.074005	731.970215	-2.504406	0.142596	0	-0.269106	5.00E-06	-0.248346	6.00E-06	0	0	0	-0.13	0	0.305	0	0	0
5.932	-32.074005	730.411133	-2.0341	0.142443	0	-0.269106	5.00E-06	-0.248346	6.00E-06	0	0	0	-0.13	0	0.305	0	0	0
5.933	-31.919022	730.921021	-2.0341	0.142443	0	-0.269658	1.00E-06	-0.263921	8.00E-06	0	0	0	-0.13	0	0.305	0	0	0
5.934	-31.919022	730.921021	-2.0341	0.142443	0	-0.269658	5.00E-06	-0.263921	7.00E-06	0	0	0	-0.13	0	0.305	0	0	0
5.935	-31.84045	730.921021	-1.955689	0.142353	0	-0.268912	5.00E-06	-0.216881	7.00E-06	0	0	0	-0.13	0	0.305	0	0	0
5.936	-31.607618	730.772583	-1.172182	0.142448	0	-0.268486	1.40E-05	-0.190482	4.00E-06	0	0	0	-0.13	0	0.305	0	0	0
5.937	-30.979761	730.772583	-1.172103	0.142448	0	-0.268912	1.40E-05	-0.172503	4.00E-06	0	0	0	-0.13	0	0.305	0	0	0
5.938	-30.670523	730.942993	-0.78045	0.142448	0	-0.268961	7.00E-06	-0.091053	-1.00E-06	0	0	0	-0.13	0	0.305	0	0	0
5.939	-30.508326	731.812866	-0.623948	0.142426	0	-0.268961	7.00E-06	-0.154873	5.00E-06	0	0	0	-0.13	0	0.305	0	0	0
5.94	-30.431196	731.812866	-0.388918	0.142426	0	-0.268779	1.10E-05	-0.077217	-1.00E-06	0	0	0	-0.13	0	0.305	0	0	0
5.941	-30.508326	731.812866	-0.388878	0.142426	0	-0.268407	1.10E-05	-0.028418	0.00E+00	0	0	0	-0.13	0	0.305	0	0	0
5.942	-30.275496	732.326294	-0.075233	0.142511	0	-0.268407	1.90E-05	-0.028418	0	0	0	0	-0.13	0	0.305	0	0	0
5.943	-30.197643	731.296753	-0.075233	0.142434	0	-0.268298	1.90E-05	-0.106872	2.00E-06	0	0	0	-0.13	0	0.305	0	0	0
5.944	-30.197643	733.882202	0.31646	0.142817	0	-0.26827	1.40E-05	-0.137293	5.00E-06	0	0	0	-0.13	0	0.305	0	0	0
5.945	-30.119793	736.130249	0.31654	0.142817	0	-0.26827	2.00E-06	-0.106872	6.00E-06	0	0	0	-0.13	0	0.305	0	0	0
5.946	-29.730537	736.130249	1.099807	0.142878	0	-0.268312	2.00E-06	0.019991	6.00E-06	0	0	0	-0.13	0	0.305	0	0	0
5.947	-29.730537	736.997314	1.099807	0.143006	0	-0.268334	5.00E-06	0.124531	5.00E-06	0	0	0	-0.13	0	0.305	0	0	0
5.948	-29.495541	736.982666	1.100007	0.143209	0	-0.268334	5.00E-06	0.019991	3.00E-06	0	0	0	-0.13	0	0.305	0	0	0
5.949	-29.572672	736.997314	1.413208	0.143351	0	-0.268446	7.00E-06	0.137124	5.00E-06	0	0	0	-0.13	0	0.305	0	0	0
5.95	-29.572672	737.171265	1.413208	0.14348	0	-0.269049	7.00E-06	0.048005	2.00E-06	0	0	0	-0.13	0	0.305	0	0	0
5.951	-29.572672	738.37439	1.491459	0.14348	0	-0.268446	1.10E-05	0.137124	2.00E-06	0	0	0	-0.13	0	0.305	0	0	0
5.952	-29.883352	738.37439	1.726611	0.14348	0	-0.268367	1.30E-05	0.139463	2.00E-06	0	0	0	-0.13	0	0.305	0	0	0
5.953	-29.338396	737.862183	2.040093	0.143584	0	-0.268367	1.30E-05	0.139463	1.00E-06	0	0	0	-0.13	0	0.305	0	0	0
5.954	-29.653408	736.480469	2.040093	0.143584	0	-0.268367	1.10E-05	0.173273	2.00E-06	0	0	0	-0.13	0	0.305	0	0	0
5.955	-29.653408	736.308044	2.118423	0.143076	0	-0.268421	1.00E-05	0.173273	1.10E-05	0	0	0	-0.13	0	0.305	0	0	0
5.956	-29.653408	735.787354	2.118464	0.143076	0	-0.268001	1.10E-05	0.193543	1.10E-05	0	0	0	-0.13	0	0.305	0	0	0
5.957	-29.652687	735.787354	2.666819	0.143228	0	-0.268102	1.20E-05	0.214318	3.00E-06	0	0	0	-0.13	0	0.305	0	0	0
5.958	-29.577002	735.628784	2.901851	0.143335	0	-0.267953	1.20E-05	0.344525	3.00E-06	0	0	0	-0.13	0	0.305	0	0	0
5.959	-29.49987	736.320801	2.901851	0.143516	0	-0.26768	7.00E-06	0.344525	2.00E-06	0	0	0	-0.13	0	0.305	0	0	0
5.96	-28.948421	735.98175	3.136962	0.143355	0	-0.26768	7.00E-06	0.283716	3.00E-06	0	0	0	-0.13	0	0.305	0	0	0
5.961	-28.948421	735.98175	3.136962	0.143355	0	-0.26762	1.50E-05	0.258066	2.00E-06	0	0	0	-0.13	0	0.305	0	0	0
5.962	-29.025549	735.98175	3.215213	0.143355	0	-0.267373	1.60E-05	0.283716	1.20E-05	0	0	0	-0.13	0	0.305	0	0	0
5.963	-29.025549	735.816284	3.450245	0.143669	0	-0.267373	1.60E-05	0.24184	4.00E-06	0	0	0	-0.13	0	0.305	0	0	0
5.964	-29.025549	735.816284	3.450245	0.143703	0	-0.267281	7.00E-06	0.365048	4.00E-06	0	0	0	-0.13	0	0.305	0	0	0
5.965	-28.796326	735.816284	3.763808	0.143964	0	-0.267193	7.00E-06	0.229887	4.00E-06	0	0	0	-0.13	0	0.305	0	0	0
5.966	-28.796326	737.199097	3.84234	0.143964	0	-0.267146	9.00E-06	0.365048	4.00E-06	0	0	0	-0.13	0	0.305	0	0	0
5.967	-28.951305	737.199097	3.998879	0.143939	0	-0.267146	9.00E-06	0.388447	7.00E-06	0	0	0	-0.13	0	0.305	0	0	0
5.968	-28.951305	737.046387	4.312242	0.143939	0	-0.266736	-3.00E-06	0.459975	7.00E-06	0	0	0	-0.13	0	0.305	0	0	0
5.969	-28.876343	736.527588	4.468944	0.144045	0	-0.266556	-3.00E-06	0.465501	9.00E-06	0	0	0	-0.13	0	0.305	0	0	0
5.97	-28.876343	736.527588	4.468944	0.144216	0	-0.266736	1.00E-05	0.465501	1.00E-05	0	0	0	-0.13	0	0.305	0	0	0
5.971	-29.107008	737.216064	4.547355	0.14423	0	-0.267126	1.00E-05	0.448811	1.00E-05	0	0	0	-0.13	0	0.305	0	0	0
5.972	-29.107008	737.216064	4.625565	0.144264	0	-0.267126	8.00E-06	0.448811	1.00E-05	0	0	0	-0.13	0	0.305	0	0	0
5.973	-29.107008	736.877808	5.330701	0.144272	0	-0.267063	8.00E-06	0.462773	1.10E-05	0	0	0	-0.13	0	0.305	0	0	0
5.974	-29.110615	736.702637	5.25245	0.144306	0	-0.267063	2.00E-05	0.494053	1.10E-05	0	0	0	-0.13	0	0.305	0	0	0
5.975	-29.187746	735.679321	5.25245	0.144532	0	-0.266885	2.00E-05	0.494053	4.00E-06	0	0	0	-0.13	0	0.305	0	0	0
5.976	-29.187746	734.635498	5.25245	0.144532	0	-0.266875	1.90E-05	0.476234	4.00E-06	0	0	0	-0.13	0	0.305	0	0	0
5.977	-29.187746	735.32373	5.879375	0.144211	0	-0.266875	7.00E-06	0.476234	5.00E-06	0	0	0	-0.13	0	0.305	0	0	0
5.978	-29.033487	734.477417	6.036036	0.144156	0	-0.266875	1.90E-05	0.537696	5.00E-06	0	0	0	-0.13	0	0.305	0	0	0
5.979	-29.033487	734.477417	6.270989	0.144168	0	-0.266532	7.00E-06	0.633395	5.00E-06	0	0	0	-0.13	0	0.305	0	0	0
5.98	-29.189911	734.477417	6.42773	0.144168	0	-0.266218	1.70E-05	0.633395	3.00E-06	0	0	0	-0.13	0	0.305	0	0	0
5.981	-29.189911	732.932617	6.427771	0.144168	0	-0.266176	1.70E-05	0.631652	5.00E-06	0	0	0	-0.13	0	0.305	0	0	0
5.982	-29.0306	733.45874	6.506101	0.144651	0	-0.266098	1.70E-05	0.582257	8.00E-06	0	0	0	-0.13	0	0.305	0	0	0
5.983	-28.952749	733.454834	6.506101	0.144477	0	-0.266098	1.60E-05	0.582257	8.00E-06	0	0	0	-0.13	0	0.305	0	0	0
5.984	-28.952749	733.454834	7.446268	0.144477	0	-0.266098	1.50E-05	0.582257	4.00E-06	0	0	0	-0.13	0	0.305	0	0	0
5.985	-28.952749	733.454834	7.524558	0.144477	0	-0.265919	1.60E-05	0.636386	4.00E-06	0	0	0	-0.13	0	0.305	0	0	0
5.986	-29.26704	733.631531	7.60321	0.144704	0	-0.265919	1.50E-05	0.533831	8.00E-06	0	0	0	-0.13	0	0.305	0	0	0
5.987	-29.26704	733.804321	7.681421	0.144704	0	-0.265933	3.00E-06	0.677919	8.00E-06	0	0	0	-0.13	0	0.305	0	0	0
5.988	-29.26704	733.804321	7.838202	0.144893	0	-0.265987	3.00E-06	0.677919	5.00E-06	0	0	0	-0.13	0	0.305	0	0	0
5.989	-29.27137	733.804321	8.073235	0.144523	0	-0.265933	0.00E+00	0.808094	5.00E-06	0	0	0	-0.13	0	0.305	0	0	0
5.99	-29.19352	733.310242	8.229936	0.14493	0	-0.265758	2.10E-05	0.823656	3.00E-06	0	0	0	-0.13	0	0.305	0	0	0
5.991	-29.27137	733.310242	8.62167	0.144993	0	-0.265758	8.00E-06	0.823656	3.00E-06	0	0	0	-0.13	0	0.305	0	0	0
5.992	-29.037817	733.65271	8.700041	0.144993	0	-0.265451	8.00E-06	0.814291	3.00E-06	0	0	0	-0.13	0	0.305	0	0	0
5.993	-29.501316	734.507874	8.77825	0.145306	0	-0.266175	8.00E-06	0.669948	1.00E-06	0	0	0	-0.13	0	0.305	0	0	0
5.994	-29.501316	733.65271	9.326724	0.144921	0	-0.265776	1.00E-06	0.669948	1.00E-06	0	0	0	-0.13	0	0.305	0	0	0
5.995	-29.970585	734.850037	9.326724	0.14519	0	-0.265808	1.00E-06	0.680679	1.00E-06	0	0	0	-0.13	0	0.305	0	0	0
5.996	-29.972748	732.439209	9.326724	0.145101	0	-0.265808	-2.00E-06	0.709603	1.00E-06	0	0	0	-0.13	0	0.305	0	0	0
5.997	-29.972748	732.792969	9.71878	0.14519	0	-0.265808	-1.00E-06	0.709603	4.00E-06	0	0	0	-0.13	0	0.305	0	0	0
5.998	-29.974194	732.792969	9.796909	0.145101	0	-0.266123	-1.00E-06	0.788912	4.00E-06	0	0	0	-0.13	0	0.305	0	0	0
5.999	-29.818491	732.792969	10.032062	0.145004	0	-0.26599	-1.00E-06	0.7978	4.00E-06	0	0	0	-0.13	0	0.305	0	0	0
6	-29.818491	732.795654	10.502207	0.145004	0	-0.26599	-6.00E-06	0.837059	-1.00E-06	0	0	0	-0.13	0	0.305	0	0	0
6.001	-29.818491	731.576416	10.815648	0.144982	0	-0.265467	-6.00E-06	0.891586	-1.00E-06	0	0	0	-0.13	0	0.305	0	0	0
6.002	-30.055653	729.698669	10.972269	0.145077	0	-0.265421	1.50E-05	0.914053	5.00E-06	0	0	0	-0.13	0	0.305	0	0	0
6.003	-30.055653	729.698669	11.442414	0.145077	0	-0.265421	1.50E-05	0.914053	5.00E-06	0	0	0	-0.13	0	0.305	0	0	0
6.004	-29.973471	729.698669	11.442452	0.145077	0	-0.265421	1.80E-05	0.842339	7.00E-06	0	0	0	-0.13	0	0.305	0	0	0
6.005	-29.973471	730.2229	11.520704	0.14521	0	-0.265254	6.00E-06	0.842339	1.10E-05	0	0	0	-0.13	0	0.305	0	0	0
6.006	-30.13278	730.2229	11.990929	0.14521	0	-0.265254	1.10E-05	0.908577	1.10E-05	0	0	0	-0.13	0	0.305	0	0	0
6.007	-30.207747	730.2229	12.22588	0.145495	0	-0.265178	6.00E-06	0.908577	1.10E-05	0	0	0	-0.13	0	0.305	0	0	0
6.008	-30.207747	729.364624	12.461234	0.145789	0	-0.265041	1.00E-05	0.869667	6.00E-06	0	0	0	-0.13	0	0.305	0	0	0
6.009	-30.211353	729.364624	12.696185	0.145495	0	-0.265041	4.00E-06	0.869667	9.00E-06	0	0	0	-0.13	0	0.305	0	0	0
6.01	-30.211353	730.229492	12.774635	0.145387	0	-0.265041	0	0.88229	6.00E-06	0	0	0	-0.13	0	0.305	0	0	0
6.011	-30.211353	730.56073	12.931336	0.145387	0	-0.264936	0.00E+00	0.981248	5.00E-06	0	0	0	-0.13	0	0.305	0	0	0
6.012	-30.213518	730.229492	13.322989	0.145699	0	-0.264572	1.60E-05	0.987183	5.00E-06	0	0	0	-0.13	0	0.305	0	0	0
6.013	-30.213518	729.737244	13.401361	0.145751	0	-0.264572	1.60E-05	1.01841	7.00E-06	0	0	0	-0.13	0	0.305	0	0	0
6.014	-30.213518	729.737244	13.714683	0.145751	0	-0.264572	2.30E-05	1.01841	7.00E-06	0	0	0	-0.13	0	0.305	0	0	0
6.015	-30.213518	729.737244	13.714804	0.145989	0	-0.26497	1.20E-05	0.956801	7.00E-06	0	0	0	-0.13	0	0.305	0	0	0
6.016	-30.368498	729.543945	14.028167	0.145803	0	-0.26506	2.00E-05	0.935861	3.00E-06	0	0	0	-0.13	0	0.305	0	0	0
6.017	-30.443464	729.361572	14.263197	0.145803	0	-0.26506	1.20E-05	0.956801	3.00E-06	0	0	0	-0.13	0	0.305	0	0	0
6.018	-30.837769	729.543945	14.733502	0.145803	0	-0.26506	-1.00E-06	0.967053	3.00E-06	0	0	0	-0.13	0	0.305	0	0	0
6.019	-31.149895	729.361572	15.046865	0.145944	0	-0.265127	-1.00E-06	0.967053	4.00E-06	0	0	0	-0.13	0	0.305	0	0	0
6.02	-31.149895	728.67804	15.125074	0.145944	0	-0.264816	2.00E-06	0.920979	4.00E-06	0	0	0	-0.13	0	0.305	0	0	0
6.021	-31.149895	728.338989	15.125236	0.145891	0	-0.265114	1.10E-05	0.920979	3.00E-06	0	0	0	-0.13	0	0.305	0	0	0
6.022	-30.760639	726.795288	15.203686	0.145637	0	-0.264816	1.10E-05	0.97323	3.00E-06	0	0	0	-0.13	0	0.305	0	0	0
6.023	-30.684231	726.795288	16.065525	0.145745	0	-0.264433	1.10E-05	1.089263	3.00E-06	0	0	0	-0.13	0	0.305	0	0	0
6.024	-30.684231	725.598755	16.535507	0.145662	0	-0.264433	1.00E-05	1.089263	5.00E-06	0	0	0	-0.13	0	0.305	0	0	0
6.025	-30.684231	725.598755	16.535667	0.145662	0	-0.264606	1.00E-05	1.070018	2.00E-06	0	0	0	-0.13	0	0.305	0	0	0
6.026	-30.212795	725.927429	16.848991	0.145662	0	-0.264606	1.00E-05	1.070018	2.00E-06	0	0	0	-0.13	0	0.305	0	0	0
6.027	-30.212795	725.927429	16.848991	0.145782	0	-0.26441	1.10E-05	1.084925	2.00E-06	0	0	0	-0.13	0	0.305	0	0	0
6.028	-30.370663	724.570068	16.92728	0.146006	0	-0.264321	2.30E-05	1.098529	2.00E-06	0	0	0	-0.13	0	0.305	0	0	0
6.029	-30.763525	724.387634	17.240965	0.146006	0	-0.26441	2.30E-05	1.116682	3.00E-06	0	0	0	-0.13	0	0.305	0	0	0
6.03	-30.839933	724.387634	17.554165	0.146006	0	-0.264072	8.00E-06	1.116682	3.00E-06	0	0	0	-0.13	0	0.305	0	0	0
6.031	-30.839933	723.699097	17.554329	0.145835	0	-0.264408	5.00E-06	1.116682	5.00E-06	0	0	0	-0.13	0	0.305	0	0	0
6.032	-30.839933	723.699097	17.554489	0.145773	0	-0.264408	5.00E-06	1.182832	3.00E-06	0	0	0	-0.13	0	0.305	0	0	0
6.033	-30.843542	723.699097	18.259624	0.145824	0	-0.264408	5.00E-06	1.187706	3.00E-06	0	0	0	-0.13	0	0.305	0	0	0
6.034	-30.844263	723.544434	18.337793	0.145824	0	-0.26421	5.00E-06	1.243675	-1.00E-06	0	0	0	-0.13	0	0.305	0	0	0
6.035	-30.844263	723.365845	18.337793	0.14623	0	-0.264114	6.00E-06	1.187706	-1.00E-06	0	0	0	-0.13	0	0.305	0	0	0
6.036	-30.844263	723.544434	18.337793	0.14627	0	-0.264114	0.00E+00	1.148902	5.00E-06	0	0	0	-0.13	0	0.305	0	0	0
6.037	-31.075651	724.221436	18.964638	0.14623	0	-0.264114	6.00E-06	1.148902	5.00E-06	0	0	0	-0.13	0	0.305	0	0	0
6.038	-30.919949	724.221436	19.043091	0.146131	0	-0.264006	7.00E-06	1.151705	6.00E-06	0	0	0	-0.13	0	0.305	0	0	0
6.039	-31.075651	723.369324	19.043091	0.146131	0	-0.263819	7.00E-06	1.172495	6.00E-06	0	0	0	-0.13	0	0.305	0	0	0
6.04	-31.080704	723.346191	19.043131	0.146131	0	-0.263819	1.20E-05	1.288113	7.00E-06	0	0	0	-0.13	0	0.305	0	0	0
6.041	-31.390663	723.346191	19.278324	0.146209	0	-0.264057	9.00E-06	1.288113	8.00E-06	0	0	0	-0.13	0	0.305	0	0	0
6.042	-31.390663	723.346191	19.983419	0.146152	0	-0.264518	9.00E-06	1.287572	8.00E-06	0	0	0	-0.13	0	0.305	0	0	0
6.043	-31.07926	722.679688	19.983419	0.146152	0	-0.264057	9.00E-06	1.287572	2.00E-06	0	0	0	-0.13	0	0.305	0	0	0
6.044	-31.07926	722.68811	20.453602	0.146152	0	-0.263809	8.00E-06	1.33643	2.00E-06	0	0	0	-0.13	0	0.305	0	0	0
6.045	-30.999966	722.160461	20.610104	0.146069	0	-0.26378	1.60E-05	1.33643	0.00E+00	0	0	0	-0.13	0	0.305	0	0	0
6.046	-30.999966	721.822144	21.080288	0.146069	0	-0.26346	8.00E-06	1.251069	1.00E-06	0	0	0	-0.13	0	0.305	0	0	0
6.047	-30.997078	721.468872	21.158779	0.145929	0	-0.26346	8.00E-06	1.228581	1.00E-06	0	0	0	-0.13	0	0.305	0	0	0
6.048	-30.764248	720.794678	21.315319	0.145891	0	-0.263403	8.00E-06	1.251069	2.00E-06	0	0	0	-0.13	0	0.305	0	0	0
6.049	-30.451401	721.468872	21.315319	0.145929	0	-0.26347	1.40E-05	1.28844	9.00E-06	0	0	0	-0.13	0	0.305	0	0	0
6.05	-30.451401	720.790771	21.315319	0.146012	0	-0.263403	2.20E-05	1.317508	2.00E-06	0	0	0	-0.13	0	0.305	0	0	0
6.051	-30.455009	721.822144	21.863995	0.146126	0	-0.263245	1.40E-05	1.348828	1.00E-06	0	0	0	-0.13	0	0.305	0	0	0
6.052	-30.687119	721.651306	22.177277	0.14622	0	-0.263245	1.30E-05	1.317508	1.00E-06	0	0	0	-0.13	0	0.305	0	0	0
6.053	-30.53286	721.993469	22.177357	0.14622	0	-0.263257	1.30E-05	1.348828	5.00E-06	0	0	0	-0.13	0	0.305	0	0	0
6.054	-30.53286	721.993469	22.177559	0.146142	0	-0.263257	1.40E-05	1.376747	5.00E-06	0	0	0	-0.13	0	0.305	0	0	0
6.055	-30.53286	721.993469	22.334059	0.146135	0	-0.263086	1.40E-05	1.415599	5.00E-06	0	0	0	-0.13	0	0.305	0	0	0
6.056	-30.61071	721.662476	22.725712	0.146088	0	-0.263011	9.00E-06	1.468242	-4.00E-06	0	0	0	-0.13	0	0.305	0	0	0
6.057	-30.925001	721.662476	22.804163	0.146088	0	-0.262864	3.00E-06	1.466071	-4.00E-06	0	0	0	-0.13	0	0.305	0	0	0
6.058	-30.925722	722.348755	23.509298	0.146125	0	-0.263011	9.00E-06	1.468242	7.00E-06	0	0	0	-0.13	0	0.305	0	0	0
6.059	-30.925001	722.526123	23.509298	0.146338	0	-0.262864	3.00E-06	1.466071	7.00E-06	0	0	0	-0.13	0	0.305	0	0	0
6.06	-30.455009	722.526123	23.744249	0.146207	0	-0.262972	3.00E-06	1.501733	4.00E-06	0	0	0	-0.13	0	0.305	0	0	0
6.061	-30.455009	722.526123	23.82266	0.146231	0	-0.262864	3.00E-06	1.446821	3.00E-06	0	0	0	-0.13	0	0.305	0	0	0
6.062	-30.767136	723.210449	24.763029	0.146231	0	-0.262972	6.00E-06	1.487798	-1.00E-06	0	0	0	-0.13	0	0.305	0	0	0
6.063	-30.767136	722.004272	24.841358	0.146261	0	-0.26278	6.00E-06	1.423444	-1.00E-06	0	0	0	-0.13	0	0.305	0	0	0
6.064	-30.530695	722.174316	25.076431	0.146261	0	-0.262932	6.00E-06	1.385396	2.00E-06	0	0	0	-0.13	0	0.305	0	0	0
6.065	-30.452845	722.174316	25.076513	0.146201	0	-0.262932	8.00E-06	1.385396	2.00E-06	0	0	0	-0.13	0	0.305	0	0	0
6.066	-30.37788	722.174316	25.468246	0.146041	0	-0.262932	8.00E-06	1.556962	3.00E-06	0	0	0	-0.13	0	0.305	0	0	0
6.067	-30.222178	722.862915	26.0166	0.146083	0	-0.262904	2.00E-06	1.620385	4.00E-06	0	0	0	-0.13	0	0.305	0	0	0
6.068	-30.222178	721.670227	26.173422	0.146041	0	-0.262314	2.00E-06	1.620385	4.00E-06	0	0	0	-0.13	0	0.305	0	0	0
6.069	-30.222178	722.862915	26.173422	0.146083	0	-0.262465	9.00E-06	1.507001	3.00E-06	0	0	0	-0.13	0	0.305	0	0	0
6.07	-29.672169	722.010803	26.330084	0.146123	0	-0.262465	9.00E-06	1.507001	2.00E-06	0	0	0	-0.13	0	0.305	0	0	0
6.071	-29.436451	722.354126	26.878517	0.146123	0	-0.262488	9.00E-06	1.537216	2.00E-06	0	0	0	-0.13	0	0.305	0	0	0
6.072	-29.672169	722.354126	26.956728	0.146254	0	-0.262488	2.00E-06	1.644487	2.00E-06	0	0	0	-0.13	0	0.305	0	0	0
6.073	-29.750742	723.048096	27.583652	0.146212	0	-0.262065	2.00E-06	1.56143	5.00E-06	0	0	0	-0.13	0	0.305	0	0	0
6.074	-29.750742	723.054565	27.583652	0.146378	0	-0.261907	2.00E-06	1.577414	4.00E-06	0	0	0	-0.13	0	0.305	0	0	0
6.075	-29.750742	723.048096	27.348944	0.146212	0	-0.262065	5.00E-06	1.577414	4.00E-06	0	0	0	-0.13	0	0.305	0	0	0
6.076	-29.519354	722.87561	27.348944	0.146098	0	-0.262008	6.00E-06	1.606644	1.00E-06	0	0	0	-0.13	0	0.305	0	0	0
6.077	-29.597925	722.87561	28.053957	0.146098	0	-0.26222	6.00E-06	1.697466	-1.00E-06	0	0	0	-0.13	0	0.305	0	0	0
6.078	-29.597925	723.567627	28.367241	0.146101	0	-0.262093	2.00E-05	1.762993	1.00E-06	0	0	0	-0.13	0	0.305	0	0	0
6.079	-29.597925	723.567627	28.759094	0.14625	0	-0.262093	2.00E-05	1.781473	8.00E-06	0	0	0	-0.13	0	0.305	0	0	0
6.08	-29.518633	723.567627	28.759094	0.146481	0	-0.262093	2.00E-05	1.762993	1.00E-05	0	0	0	-0.13	0	0.305	0	0	0
6.081	-29.363653	724.27002	28.837343	0.146481	0	-0.262056	6.00E-06	1.721234	1.10E-05	0	0	0	-0.13	0	0.305	0	0	0
6.082	-29.518633	725.980286	28.994003	0.146519	0	-0.262326	2.30E-05	1.680983	1.10E-05	0	0	0	-0.13	0	0.305	0	0	0
6.083	-29.360765	725.467285	29.777634	0.146422	0	-0.26197	3.00E-06	1.680983	6.00E-06	0	0	0	-0.13	0	0.305	0	0	0
6.084	-29.360765	725.467285	30.169205	0.146491	0	-0.261861	9.00E-06	1.732531	5.00E-06	0	0	0	-0.13	0	0.305	0	0	0
6.085	-29.360765	725.467285	30.482967	0.146491	0	-0.261861	9.00E-06	1.732531	5.00E-06	0	0	0	-0.13	0	0.305	0	0	0
6.086	-29.672169	723.584229	30.796251	0.146491	0	-0.261764	1.30E-05	1.673065	5.00E-06	0	0	0	-0.13	0	0.305	0	0	0
6.087	-29.672169	725.459961	30.639671	0.146407	0	-0.262208	1.30E-05	1.669661	7.00E-06	0	0	0	-0.13	0	0.305	0	0	0
6.088	-29.520075	725.129395	30.87462	0.146226	0	-0.261764	1.30E-05	1.669661	7.00E-06	0	0	0	-0.13	0	0.305	0	0	0
6.089	-29.520075	725.129395	31.423016	0.146208	0	-0.261381	9.00E-06	1.788256	7.00E-06	0	0	0	-0.13	0	0.305	0	0	0
6.09	-29.520075	722.898071	31.501589	0.146178	0	-0.2612	7.00E-06	1.81743	7.00E-06	0	0	0	-0.13	0	0.305	0	0	0
6.091	-29.520075	722.037842	31.73658	0.146117	0	-0.261165	5.00E-06	1.788256	7.00E-06	0	0	0	-0.13	0	0.305	0	0	0
6.092	-29.050083	722.037842	31.971611	0.146178	0	-0.261165	2.00E-06	1.81743	5.00E-06	0	0	0	-0.13	0	0.305	0	0	0
6.093	-28.812923	723.252869	32.128189	0.146399	0	-0.261165	2.00E-06	1.813631	-1.00E-06	0	0	0	-0.13	0	0.305	0	0	0
6.094	-28.812923	723.252869	32.20652	0.146399	0	-0.261001	1.30E-05	1.813631	5.00E-06	0	0	0	-0.13	0	0.305	0	0	0
6.095	-28.88933	723.432251	32.598255	0.146399	0	-0.260743	1.30E-05	1.813631	8.00E-06	0	0	0	-0.13	0	0.305	0	0	0
6.096	-29.28075	722.910767	32.598255	0.146599	0	-0.260676	1.30E-05	1.718932	8.00E-06	0	0	0	-0.13	0	0.305	0	0	0
6.097	-29.281471	723.432251	32.598255	0.146634	0	-0.260676	1.30E-05	1.899523	8.00E-06	0	0	0	-0.13	0	0.305	0	0	0
6.098	-29.281471	723.781738	32.598656	0.146599	0	-0.260676	8.00E-06	1.623984	7.00E-06	0	0	0	-0.13	0	0.305	0	0	0
6.099	-29.282192	724.127319	33.695366	0.146591	0	-0.260041	8.00E-06	1.934476	7.00E-06	0	0	0	-0.13	0	0.305	0	0	0
6.1	-29.282192	725.489319	33.381962	0.146591	0	-0.260362	8.00E-06	1.918781	1.00E-06	0	0	0	-0.13	0	0.305	0	0	0
6.101	-29.210115	726.187134	33.695366	0.146532	0	-0.26014	1.00E-05	1.934476	1.00E-06	0	0	0	-0.13	0	0.305	0	0	0
6.102	-29.202898	726.190186	33.85215	0.146656	0	-0.260362	1.00E-05	1.918781	6.00E-06	0	0	0	-0.13	0	0.305	0	0	0
6.103	-29.210115	726.370728	33.930397	0.147085	0	-0.260766	1.00E-05	1.729814	6.00E-06	0	0	0	-0.13	0	0.305	0	0	0
6.104	-29.202898	726.370728	33.930397	0.147085	0	-0.260766	-3.00E-06	1.729814	5.00E-06	0	0	0	-0.13	0	0.305	0	0	0
6.105	-29.047918	727.923279	34.008728	0.146792	0	-0.26032	1.40E-05	1.781762	4.00E-06	0	0	0	-0.13	0	0.305	0	0	0
6.106	-29.047918	727.234375	34.870605	0.146792	0	-0.260112	1.80E-05	1.813986	5.00E-06	0	0	0	-0.13	0	0.305	0	0	0
6.107	-29.125048	727.234375	34.870605	0.146819	0	-0.260075	1.80E-05	1.781762	4.00E-06	0	0	0	-0.13	0	0.305	0	0	0
6.108	-29.44006	724.647278	34.635574	0.146819	0	-0.260112	1.10E-05	1.798991	6.00E-06	0	0	0	-0.13	0	0.305	0	0	0
6.109	-29.517189	724.647278	34.635574	0.146636	0	-0.260156	1.10E-05	1.772339	5.00E-06	0	0	0	-0.13	0	0.305	0	0	0
6.11	-29.517189	724.820862	35.419243	0.146565	0	-0.260156	-1.00E-06	1.798991	5.00E-06	0	0	0	-0.13	0	0.305	0	0	0
6.111	-29.517189	724.825562	35.575859	0.146565	0	-0.25948	1.00E-05	1.832177	2.00E-06	0	0	0	-0.13	0	0.305	0	0	0
6.112	-29.286522	724.825562	35.810852	0.146215	0	-0.259446	1.00E-05	1.946805	2.00E-06	0	0	0	-0.13	0	0.305	0	0	0
6.113	-29.286522	724.825562	35.889263	0.146215	0	-0.259448	1.70E-05	1.971323	1.10E-05	0	0	0	-0.13	0	0.305	0	0	0
6.114	-28.970789	725.535278	36.280998	0.146721	0	-0.259118	1.70E-05	1.971323	1.10E-05	0	0	0	-0.13	0	0.305	0	0	0
6.115	-28.969345	725.535278	36.280998	0.146721	0	-0.259001	1.10E-05	1.834457	9.00E-06	0	0	0	-0.13	0	0.305	0	0	0
6.116	-28.969345	725.368652	36.280918	0.146508	0	-0.259001	4.00E-06	1.834457	3.00E-06	0	0	0	-0.13	0	0.305	0	0	0
6.117	-28.970789	725.368652	36.280918	0.146508	0	-0.258956	4.00E-06	1.95881	9.00E-06	0	0	0	-0.13	0	0.305	0	0	0
6.118	-29.049362	726.231873	36.594402	0.146766	0	-0.258927	4.00E-06	1.95881	7.00E-06	0	0	0	-0.13	0	0.305	0	0	0
6.119	-29.360765	726.231873	37.064384	0.146856	0	-0.258895	3.00E-06	1.89385	7.00E-06	0	0	0	-0.13	0	0.305	0	0	0
6.12	-29.360765	725.546021	36.829514	0.147001	0	-0.258683	9.00E-06	1.834862	7.00E-06	0	0	0	-0.13	0	0.305	0	0	0
6.121	-29.047918	725.546021	36.829514	0.147001	0	-0.258683	9.00E-06	1.828411	4.00E-06	0	0	0	-0.13	0	0.305	0	0	0
6.122	-28.73868	726.587524	36.829514	0.147001	0	-0.258683	9.00E-06	1.828411	5.00E-06	0	0	0	-0.13	0	0.305	0	0	0
6.123	-28.73868	727.786377	37.76952	0.146794	0	-0.258699	9.00E-06	2.077616	4.00E-06	0	0	0	-0.13	0	0.305	0	0	0
6.124	-29.596483	727.786377	37.7696	0.146794	0	-0.258699	1.10E-05	2.077616	5.00E-06	0	0	0	-0.13	0	0.305	0	0	0
6.125	-29.596483	729.347351	37.7696	0.147296	0	-0.258699	1.10E-05	1.952767	3.00E-06	0	0	0	-0.13	0	0.305	0	0	0
6.126	-29.359324	730.377197	37.7696	0.14733	0	-0.258836	6.00E-06	1.87252	3.00E-06	0	0	0	-0.13	0	0.305	0	0	0
6.127	-29.359324	730.377197	38.083042	0.14733	0	-0.258328	6.00E-06	1.87252	3.00E-06	0	0	0	-0.13	0	0.305	0	0	0
6.128	-29.359324	729.358643	38.474617	0.14733	0	-0.25792	1.00E-05	1.94641	3.00E-06	0	0	0	-0.13	0	0.305	0	0	0
6.129	-29.516468	728.494995	38.788017	0.147435	0	-0.257559	1.00E-05	1.94641	4.00E-06	0	0	0	-0.13	0	0.305	0	0	0
6.13	-29.202898	728.838257	39.179955	0.147435	0	-0.25792	-4.00E-06	1.87983	4.00E-06	0	0	0	-0.13	0	0.305	0	0	0
6.131	-29.516468	728.838257	39.179955	0.14719	0	-0.257996	-4.00E-06	1.854575	4.00E-06	0	0	0	-0.13	0	0.305	0	0	0
6.132	-29.204342	729.193481	39.336651	0.146982	0	-0.257996	0.00E+00	1.854575	6.00E-06	0	0	0	-0.13	0	0.305	0	0	0
6.133	-29.36293	730.230347	39.493393	0.14719	0	-0.257679	2.00E-06	1.957113	8.00E-06	0	0	0	-0.13	0	0.305	0	0	0
6.134	-29.36293	729.193481	39.649975	0.147062	0	-0.25744	9.00E-06	2.062517	8.00E-06	0	0	0	-0.13	0	0.305	0	0	0
6.135	-29.36293	729.717712	39.885086	0.147082	0	-0.257304	9.00E-06	2.062517	5.00E-06	0	0	0	-0.13	0	0.305	0	0	0
6.136	-28.88933	729.029968	39.885166	0.147062	0	-0.257302	8.00E-06	2.052462	5.00E-06	0	0	0	-0.13	0	0.305	0	0	0
6.137	-28.731462	729.029968	40.276821	0.14699	0	-0.257304	-5.00E-06	1.985639	5.00E-06	0	0	0	-0.13	0	0.305	0	0	0
6.138	-28.731462	729.029968	40.590103	0.14699	0	-0.257049	8.00E-06	2.030624	8.00E-06	0	0	0	-0.13	0	0.305	0	0	0
6.139	-28.73435	730.070312	40.590141	0.147245	0	-0.25698	8.00E-06	2.014218	7.00E-06	0	0	0	-0.13	0	0.305	0	0	0
6.14	-29.048639	730.070312	40.668674	0.14749	0	-0.256871	8.00E-06	2.014218	7.00E-06	0	0	0	-0.13	0	0.305	0	0	0
6.141	-29.048639	730.070312	41.060368	0.14749	0	-0.256672	2.00E-06	2.014218	6.00E-06	0	0	0	-0.13	0	0.305	0	0	0
6.142	-28.970068	730.936646	41.060448	0.14749	0	-0.256591	2.00E-06	2.015801	6.00E-06	0	0	0	-0.13	0	0.305	0	0	0
6.143	-28.737236	731.993896	41.138737	0.14768	0	-0.256591	4.00E-06	2.08802	8.00E-06	0	0	0	-0.13	0	0.305	0	0	0
6.144	-28.737236	730.936646	41.687172	0.147458	0	-0.256426	5.00E-06	2.08802	8.00E-06	0	0	0	-0.13	0	0.305	0	0	0
6.145	-29.207228	730.798584	41.922203	0.14768	0	-0.256052	1.40E-05	2.175456	4.00E-06	0	0	0	-0.13	0	0.305	0	0	0
6.146	-29.207228	730.798584	41.922203	0.147812	0	-0.256426	1.40E-05	2.033731	0.00E+00	0	0	0	-0.13	0	0.305	0	0	0
6.147	-29.207228	732.511902	42.235565	0.147874	0	-0.256456	1.20E-05	1.974912	3.00E-06	0	0	0	-0.13	0	0.305	0	0	0
6.148	-29.28075	733.375549	42.078823	0.14801	0	-0.256456	1.20E-05	1.955763	0.00E+00	0	0	0	-0.13	0	0.305	0	0	0
6.149	-29.35788	733.375549	42.47068	0.147874	0	-0.256392	1.20E-05	1.974912	1.00E-06	0	0	0	-0.13	0	0.305	0	0	0
6.15	-29.437895	733.375549	42.94062	0.147986	0	-0.256055	0.00E+00	2.03531	1.00E-06	0	0	0	-0.13	0	0.305	0	0	0
6.151	-29.594318	733.03186	42.94062	0.147986	0	-0.255897	-4.00E-06	2.03531	3.00E-06	0	0	0	-0.13	0	0.305	0	0	0
6.152	-29.594318	731.834595	43.254345	0.147986	0	-0.255897	0.00E+00	1.980554	3.00E-06	0	0	0	-0.13	0	0.305	0	0	0
6.153	-29.594318	731.834595	43.254345	0.147921	0	-0.255564	1.00E-05	1.980554	3.00E-06	0	0	0	-0.13	0	0.305	0	0	0
6.154	-29.750742	733.390625	43.489334	0.147706	0	-0.255476	1.10E-05	2.090313	4.00E-06	0	0	0	-0.13	0	0.305	0	0	0
6.155	-29.750742	733.390625	44.586288	0.147725	0	-0.255369	1.00E-05	2.090313	4.00E-06	0	0	0	-0.13	0	0.305	0	0	0
6.156	-29.750742	733.235962	44.586288	0.147725	0	-0.254782	1.00E-05	2.121419	4.00E-06	0	0	0	-0.13	0	0.305	0	0	0
6.157	-29.598648	732.199463	44.586288	0.148013	0	-0.254782	8.00E-06	2.084142	5.00E-06	0	0	0	-0.13	0	0.305	0	0	0
6.158	-29.200733	732.894165	44.742668	0.148022	0	-0.254831	3.00E-06	2.143688	8.00E-06	0	0	0	-0.13	0	0.305	0	0	0
6.159	-29.200733	732.894165	44.82132	0.148022	0	-0.254876	3.00E-06	2.117167	8.00E-06	0	0	0	-0.13	0	0.305	0	0	0
6.16	-29.359324	732.894165	45.056229	0.147929	0	-0.254831	3.00E-06	2.117167	2.00E-06	0	0	0	-0.13	0	0.305	0	0	0
6.161	-29.516468	733.579224	45.604668	0.147929	0	-0.254502	0.00E+00	2.117167	2.00E-06	0	0	0	-0.13	0	0.305	0	0	0
6.162	-29.751463	733.764771	45.91835	0.148391	0	-0.254502	5.00E-06	2.110505	3.00E-06	0	0	0	-0.13	0	0.305	0	0	0
6.163	-29.987904	733.764771	46.153217	0.148391	0	-0.254494	2.00E-06	2.145251	7.00E-06	0	0	0	-0.13	0	0.305	0	0	0
6.164	-30.535025	734.966309	45.91835	0.148391	0	-0.254693	3.00E-06	2.090084	8.00E-06	0	0	0	-0.13	0	0.305	0	0	0
6.165	-30.535025	736.203369	46.153217	0.148517	0	-0.254494	2.00E-06	2.145251	7.00E-06	0	0	0	-0.13	0	0.305	0	0	0
6.166	-30.535025	736.203369	47.093266	0.148542	0	-0.253447	3.00E-06	2.223476	8.00E-06	0	0	0	-0.13	0	0.305	0	0	0
6.167	-30.61504	736.196045	47.250046	0.148542	0	-0.253447	4.00E-06	2.279667	3.00E-06	0	0	0	-0.13	0	0.305	0	0	0
6.168	-30.61504	736.196045	47.328377	0.148565	0	-0.254166	1.70E-05	2.279667	3.00E-06	0	0	0	-0.13	0	0.305	0	0	0
6.169	-30.927887	736.540039	47.485039	0.148663	0	-0.254276	1.70E-05	2.215356	3.00E-06	0	0	0	-0.13	0	0.305	0	0	0
6.17	-30.925001	737.400208	47.56337	0.148701	0	-0.254276	1.10E-05	2.215356	3.00E-06	0	0	0	-0.13	0	0.305	0	0	0
6.171	-31.312813	736.557861	47.798401	0.148663	0	-0.254179	4.00E-06	2.120443	4.00E-06	0	0	0	-0.13	0	0.305	0	0	0
6.172	-31.314978	737.414551	48.190136	0.148769	0	-0.253543	1.10E-05	2.142836	4.00E-06	0	0	0	-0.13	0	0.305	0	0	0
6.173	-31.393551	737.414551	48.66032	0.148823	0	-0.253411	1.30E-05	2.120443	4.00E-06	0	0	0	-0.13	0	0.305	0	0	0
6.174	-31.627102	737.414551	48.738533	0.148823	0	-0.253012	1.30E-05	2.108923	4.00E-06	0	0	0	-0.13	0	0.305	0	0	0
6.175	-31.627102	736.047913	48.89555	0.148577	0	-0.253012	1.70E-05	1.997445	4.00E-06	0	0	0	-0.13	0	0.305	0	0	0
6.176	-31.864264	736.047913	48.973923	0.148577	0	-0.252788	1.00E-06	1.997445	8.00E-06	0	0	0	-0.13	0	0.305	0	0	0
6.177	-32.097816	736.05835	50.148884	0.148626	0	-0.252906	4.00E-06	2.187228	0.00E+00	0	0	0	-0.13	0	0.305	0	0	0
6.178	-31.864264	736.394287	50.384075	0.148626	0	-0.252527	4.00E-06	2.284253	5.00E-06	0	0	0	-0.13	0	0.305	0	0	0
6.179	-32.096375	737.96228	50.619026	0.148626	0	-0.252761	4.00E-06	2.187228	0.00E+00	0	0	0	-0.13	0	0.305	0	0	0
6.18	-31.784969	737.96228	50.854137	0.148669	0	-0.252704	3.00E-06	2.288671	5.00E-06	0	0	0	-0.13	0	0.305	0	0	0
6.181	-31.784969	737.96228	51.010719	0.149041	0	-0.252704	3.00E-06	2.30045	5.00E-06	0	0	0	-0.13	0	0.305	0	0	0
6.182	-31.784969	737.282593	51.48074	0.149069	0	-0.252367	-1.00E-06	2.311745	7.00E-06	0	0	0	-0.13	0	0.305	0	0	0
6.183	-31.784969	737.282593	51.715813	0.149069	0	-0.252204	6.00E-06	2.311745	7.00E-06	0	0	0	-0.13	0	0.305	0	0	0
6.184	-32.017078	736.769592	51.951206	0.149069	0	-0.252086	6.00E-06	2.232828	7.00E-06	0	0	0	-0.13	0	0.305	0	0	0
6.185	-32.489235	736.769592	51.951206	0.149043	0	-0.252086	6.00E-06	2.208173	6.00E-06	0	0	0	-0.13	0	0.305	0	0	0
6.186	-32.566364	738.501465	51.951206	0.149128	0	-0.252086	6.00E-06	2.156131	6.00E-06	0	0	0	-0.13	0	0.305	0	0	0
6.187	-32.802082	738.660767	52.186157	0.14926	0	-0.251716	6.00E-06	2.208173	6.00E-06	0	0	0	-0.13	0	0.305	0	0	0
6.188	-33.349926	739.719238	53.047916	0.14926	0	-0.25148	7.00E-06	2.253869	-1.00E-06	0	0	0	-0.13	0	0.305	0	0	0
6.189	-33.351368	740.746826	53.047916	0.14926	0	-0.251404	9.00E-06	2.338666	-1.00E-06	0	0	0	-0.13	0	0.305	0	0	0
6.19	-33.665661	741.442993	53.439529	0.149276	0	-0.251404	9.00E-06	2.338666	1.00E-05	0	0	0	-0.13	0	0.305	0	0	0
6.191	-33.814865	741.442993	53.753014	0.149276	0	-0.251404	9.00E-06	2.147273	1.00E-05	0	0	0	-0.13	0	0.305	0	0	0
6.192	-33.814865	741.442993	53.90963	0.149276	0	-0.251461	6.00E-06	2.147273	8.00E-06	0	0	0	-0.13	0	0.305	0	0	0
6.193	-33.814865	741.962585	53.90963	0.149494	0	-0.251306	6.00E-06	2.148796	7.00E-06	0	0	0	-0.13	0	0.305	0	0	0
6.194	-34.361988	742.315552	54.614727	0.149572	0	-0.252017	7.00E-06	2.224778	7.00E-06	0	0	0	-0.13	0	0.305	0	0	0
6.195	-34.521297	742.315552	54.85004	0.149835	0	-0.25131	1.20E-05	2.148796	1.00E-05	0	0	0	-0.13	0	0.305	0	0	0
6.196	-34.521297	741.97876	55.241653	0.149835	0	-0.25131	1.40E-05	2.148048	1.00E-05	0	0	0	-0.13	0	0.305	0	0	0
6.197	-34.755573	741.97876	55.398396	0.149591	0	-0.25131	1.40E-05	2.148048	9.00E-06	0	0	0	-0.13	0	0.305	0	0	0
6.198	-34.441284	740.604858	55.398518	0.149427	0	-0.250718	1.70E-05	2.173055	4.00E-06	0	0	0	-0.13	0	0.305	0	0	0
6.199	-34.911995	742.843994	56.80875	0.149521	0	-0.250729	9.00E-06	2.235355	6.00E-06	0	0	0	-0.13	0	0.305	0	0	0
6.2	-34.911995	740.785767	57.043816	0.149241	0	-0.250328	1.20E-05	2.325833	6.00E-06	0	0	0	-0.13	0	0.305	0	0	0
6.201	-34.911995	742.843994	57.043816	0.149521	0	-0.250207	1.20E-05	2.242601	6.00E-06	0	0	0	-0.13	0	0.305	0	0	0
6.202	-35.146271	743.721191	57.748795	0.149581	0	-0.250207	1.20E-05	2.324254	6.00E-06	0	0	0	-0.13	0	0.305	0	0	0
6.203	-35.146271	743.721191	57.748795	0.149636	0	-0.250197	1.00E-06	2.242601	3.00E-06	0	0	0	-0.13	0	0.305	0	0	0
6.204	-35.536247	741.500916	57.748795	0.149581	0	-0.250197	1.00E-06	2.324254	-1.00E-06	0	0	0	-0.13	0	0.305	0	0	0
6.205	-35.928387	741.500916	57.905453	0.14979	0	-0.249731	3.00E-06	2.299179	3.00E-06	0	0	0	-0.13	0	0.305	0	0	0
6.206	-36.006958	742.020874	58.532261	0.149803	0	-0.249367	8.00E-06	2.299179	5.00E-06	0	0	0	-0.13	0	0.305	0	0	0
6.207	-36.006958	742.362244	58.532261	0.149803	0	-0.249348	9.00E-06	2.191981	7.00E-06	0	0	0	-0.13	0	0.305	0	0	0
6.208	-36.944061	742.362244	58.375679	0.149653	0	-0.249348	9.00E-06	2.175481	7.00E-06	0	0	0	-0.13	0	0.305	0	0	0
6.209	-36.944061	743.564941	58.375679	0.149653	0	-0.249348	2.00E-06	2.175481	7.00E-06	0	0	0	-0.13	0	0.305	0	0	0
6.21	-36.944061	745.484314	59.472588	0.150133	0	-0.248658	2.00E-06	2.273093	3.00E-06	0	0	0	-0.13	0	0.305	0	0	0
6.211	-37.261959	745.484314	59.472588	0.150133	0	-0.248658	2.00E-06	2.273093	-3.00E-06	0	0	0	-0.13	0	0.305	0	0	0
6.212	-37.57336	747.218872	59.629333	0.150383	0	-0.248984	1.00E-06	2.273093	-3.00E-06	0	0	0	-0.13	0	0.305	0	0	0
6.213	-38.121925	746.52002	59.785992	0.149904	0	-0.249037	1.00E-06	2.273195	5.00E-06	0	0	0	-0.13	0	0.305	0	0	0
6.214	-37.726173	746.52002	60.020985	0.150036	0	-0.249037	3.00E-06	2.273195	1.10E-05	0	0	0	-0.13	0	0.305	0	0	0
6.215	-38.275459	746.357666	60.020985	0.149904	0	-0.248812	1.30E-05	2.263129	1.10E-05	0	0	0	-0.13	0	0.305	0	0	0
6.216	-39.057579	745.495117	60.020985	0.150033	0	-0.248552	1.20E-05	2.22445	-1.00E-06	0	0	0	-0.13	0	0.305	0	0	0
6.217	-39.134712	745.847656	60.883064	0.150033	0	-0.248448	1.20E-05	2.22445	-1.00E-06	0	0	0	-0.13	0	0.305	0	0	0
6.218	-39.290413	745.847656	61.039398	0.150089	0	-0.248412	1.10E-05	2.156873	-1.00E-06	0	0	0	-0.13	0	0.305	0	0	0
6.219	-39.290413	745.847656	61.117973	0.150089	0	-0.248362	1.00E-05	2.087333	-1.00E-06	0	0	0	-0.13	0	0.305	0	0	0
6.22	-39.056137	746.018555	61.196384	0.149816	0	-0.248066	1.00E-05	2.156873	1.10E-05	0	0	0	-0.13	0	0.305	0	0	0
6.221	-38.824749	746.024353	61.431416	0.149701	0	-0.24788	1.00E-05	2.26483	1.10E-05	0	0	0	-0.13	0	0.305	0	0	0
6.222	-38.824749	746.54126	62.21484	0.149701	0	-0.247594	1.40E-05	2.289472	9.00E-06	0	0	0	-0.13	0	0.305	0	0	0
6.223	-39.530457	746.901855	62.684944	0.149844	0	-0.247264	1.40E-05	2.289472	9.00E-06	0	0	0	-0.13	0	0.305	0	0	0
6.224	-39.530457	746.901855	62.371422	0.149855	0	-0.247201	1.50E-05	2.281968	9.00E-06	0	0	0	-0.13	0	0.305	0	0	0
6.225	-39.527573	746.903442	62.371422	0.149864	0	-0.247264	1.40E-05	2.264678	1.10E-05	0	0	0	-0.13	0	0.305	0	0	0
6.226	-39.527573	747.087402	62.371422	0.149855	0	-0.246971	8.00E-06	2.27206	8.00E-06	0	0	0	-0.13	0	0.305	0	0	0
6.227	-39.839695	748.308716	62.763115	0.150025	0	-0.246858	8.00E-06	2.27206	1.10E-05	0	0	0	-0.13	0	0.305	0	0	0
6.228	-39.99612	747.781372	62.841366	0.150025	0	-0.246473	7.00E-06	2.27206	3.00E-06	0	0	0	-0.13	0	0.305	0	0	0
6.229	-40.230396	747.781372	63.468452	0.150025	0	-0.246246	-2.00E-06	2.206141	4.00E-06	0	0	0	-0.13	0	0.305	0	0	0
6.23	-40.386097	747.781372	63.468452	0.150105	0	-0.246246	-2.00E-06	2.151648	4.00E-06	0	0	0	-0.13	0	0.305	0	0	0
6.231	-40.778961	747.447754	63.468452	0.149796	0	-0.246053	4.00E-06	2.134588	4.00E-06	0	0	0	-0.13	0	0.305	0	0	0
6.232	-41.011791	747.800659	63.546703	0.15029	0	-0.246005	4.00E-06	2.151648	4.00E-06	0	0	0	-0.13	0	0.305	0	0	0
6.233	-41.407539	750.903442	63.938477	0.150068	0	-0.246005	4.00E-06	2.283811	4.00E-06	0	0	0	-0.13	0	0.305	0	0	0
6.234	-41.407539	750.903442	64.016884	0.150068	0	-0.24586	9.00E-06	2.283811	2.00E-06	0	0	0	-0.13	0	0.305	0	0	0
6.235	-41.798958	750.733704	64.878723	0.15005	0	-0.24596	9.00E-06	2.254387	1.00E-06	0	0	0	-0.13	0	0.305	0	0	0
6.236	-41.093971	750.559326	64.878723	0.15005	0	-0.24596	1.00E-05	2.226163	1.00E-06	0	0	0	-0.13	0	0.305	0	0	0
6.237	-41.403934	750.559326	64.878723	0.150152	0	-0.24596	1.00E-05	2.151486	5.00E-06	0	0	0	-0.13	0	0.305	0	0	0
6.238	-41.403934	751.090088	65.348907	0.150186	0	-0.245695	1.30E-05	2.219889	6.00E-06	0	0	0	-0.13	0	0.305	0	0	0
6.239	-42.028183	751.090088	65.583618	0.150186	0	-0.245649	1.30E-05	2.18881	6.00E-06	0	0	0	-0.13	0	0.305	0	0	0
6.24	-42.028183	752.301697	65.662148	0.150186	0	-0.245396	1.20E-05	2.18881	6.00E-06	0	0	0	-0.13	0	0.305	0	0	0
6.241	-41.949612	752.301697	65.818932	0.150158	0	-0.245396	8.00E-06	2.18881	2.00E-06	0	0	0	-0.13	0	0.305	0	0	0
6.242	-41.793907	752.636841	66.915962	0.150158	0	-0.245396	5.00E-06	2.196006	2.00E-06	0	0	0	-0.13	0	0.305	0	0	0
6.243	-41.793907	752.989136	66.915962	0.15005	0	-0.244844	5.00E-06	2.196006	0.00E+00	0	0	0	-0.13	0	0.305	0	0	0
6.244	-41.719666	752.989136	66.915962	0.150033	0	-0.244722	1.20E-05	2.21202	0	0	0	0	-0.13	0	0.305	0	0	0
6.245	-41.719666	753.333862	67.542809	0.150033	0	-0.244224	1.20E-05	2.288191	6.00E-06	0	0	0	-0.13	0	0.305	0	0	0
6.246	-41.719666	752.311401	68.247864	0.14981	0	-0.244224	1.60E-05	2.288191	1.10E-05	0	0	0	-0.13	0	0.305	0	0	0
6.247	-41.563965	752.311401	68.247864	0.149684	0	-0.244078	9.00E-06	2.261284	6.00E-06	0	0	0	-0.13	0	0.305	0	0	0
6.248	-41.561077	752.311401	68.561424	0.149684	0	-0.244092	9.00E-06	2.184773	6.00E-06	0	0	0	-0.13	0	0.305	0	0	0
6.249	-41.561077	752.496094	68.404526	0.149684	0	-0.244092	8.00E-06	2.261284	5.00E-06	0	0	0	-0.13	0	0.305	0	0	0
6.25	-41.638206	753.873901	68.561424	0.149893	0	-0.244092	8.00E-06	2.202016	5.00E-06	0	0	0	-0.13	0	0.305	0	0	0
6.251	-42.108921	752.496094	68.717964	0.149785	0	-0.24362	7.00E-06	2.202016	3.00E-06	0	0	0	-0.13	0	0.305	0	0	0
6.252	-41.870316	752.509277	68.874672	0.149945	0	-0.243287	7.00E-06	2.08322	3.00E-06	0	0	0	-0.13	0	0.305	0	0	0
6.253	-41.870316	752.509277	69.579926	0.149945	0	-0.243287	6.00E-06	2.08322	6.00E-06	0	0	0	-0.13	0	0.305	0	0	0
6.254	-41.870316	756.464111	70.206772	0.149945	0	-0.243458	6.00E-06	2.178912	6.00E-06	0	0	0	-0.13	0	0.305	0	0	0
6.255	-41.950333	756.989136	70.206772	0.150053	0	-0.243458	8.00E-06	2.232249	6.00E-06	0	0	0	-0.13	0	0.305	0	0	0
6.256	-42.108921	756.989136	70.755287	0.150031	0	-0.243458	8.00E-06	2.244248	7.00E-06	0	0	0	-0.13	0	0.305	0	0	0
6.257	-42.108921	756.989136	70.912025	0.150047	0	-0.243467	1.10E-05	2.252595	7.00E-06	0	0	0	-0.13	0	0.305	0	0	0
6.258	-41.639652	757.329346	70.990395	0.150047	0	-0.243626	1.10E-05	2.244248	4.00E-06	0	0	0	-0.13	0	0.305	0	0	0
6.259	-41.560356	756.994873	71.538872	0.150047	0	-0.243626	1.10E-05	2.234105	4.00E-06	0	0	0	-0.13	0	0.305	0	0	0
6.26	-41.559635	756.994873	71.852196	0.149878	0	-0.243107	1.10E-05	2.234105	4.00E-06	0	0	0	-0.13	0	0.305	0	0	0
6.261	-41.55891	756.994873	71.930603	0.149878	0	-0.243107	6.00E-06	2.263661	8.00E-06	0	0	0	-0.13	0	0.305	0	0	0
6.262	-41.090366	756.827515	73.027557	0.149884	0	-0.242781	6.00E-06	2.276775	8.00E-06	0	0	0	-0.13	0	0.305	0	0	0
6.263	-41.323193	757.868896	73.184174	0.150247	0	-0.242752	8.00E-06	2.263661	3.00E-06	0	0	0	-0.13	0	0.305	0	0	0
6.264	-41.090366	756.66626	73.576027	0.149963	0	-0.24265	8.00E-06	2.177293	3.00E-06	0	0	0	-0.13	0	0.305	0	0	0
6.265	-40.696781	757.693481	73.576111	0.149993	0	-0.242251	8.00E-06	2.177293	3.00E-06	0	0	0	-0.13	0	0.305	0	0	0
6.266	-40.544685	756.823242	74.438026	0.149963	0	-0.24223	4.00E-06	2.179816	4.00E-06	0	0	0	-0.13	0	0.305	0	0	0
6.267	-40.465393	756.823242	74.673218	0.149526	0	-0.241999	9.00E-06	2.27502	1.20E-05	0	0	0	-0.13	0	0.305	0	0	0
6.268	-40.465393	756.823242	74.751266	0.149526	0	-0.241737	1.00E-05	2.364512	1.20E-05	0	0	0	-0.13	0	0.305	0	0	0
6.269	-40.465393	757.012634	76.161942	0.149688	0	-0.241731	1.20E-05	2.364512	1.20E-05	0	0	0	-0.13	0	0.305	0	0	0
6.27	-41.951775	757.012634	77.88549	0.149688	0	-0.241731	1.90E-05	2.364512	9.00E-06	0	0	0	-0.13	0	0.305	0	0	0
6.271	-42.656765	756.319092	79.21772	0.149652	0	-0.241731	1.90E-05	2.372315	8.00E-06	0	0	0	-0.13	0	0.305	0	0	0
6.272	-42.656765	755.819214	79.531197	0.149652	0	-0.241114	8.00E-06	2.372315	9.00E-06	0	0	0	-0.161502	0	0.323873	0	0	0
6.273	-41.951775	755.819214	81.176384	0.149798	0	-0.240726	8.00E-06	2.372315	5.00E-06	0	0	0	-0.161502	0	0.323873	0	0	0
6.274	-41.951775	757.028076	81.724976	0.149846	0	-0.241021	1.00E-05	2.309072	6.00E-06	0	0	0	-0.161502	0	0.323873	0	0	0
6.275	-42.80669	757.028076	81.95993	0.149846	0	-0.240726	1.00E-05	2.290309	5.00E-06	0	0	0	-0.161502	0	0.314932	0	0	0
6.276	-42.80669	757.028076	82.273407	0.149846	0	-0.241021	9.00E-06	2.286644	3.00E-06	0	0	0	-0.158925	0	0.253362	0	0	0
6.277	-42.80669	756.674377	82.821808	0.149711	0	-0.24103	6.00E-06	2.286644	3.00E-06	0	0	0	-0.13	0	0.253362	0	0	0
6.278	-43.120262	757.388306	84.231956	0.149743	0	-0.24103	9.00E-06	2.390489	6.00E-06	0	0	0	-0.13	0	0.253362	0	0	0
6.279	-43.356701	757.388306	84.937134	0.149743	0	-0.240836	3.00E-06	2.390489	9.00E-06	7.0442	22.019958	31.195976	-0.080309	0	0.200986	0	-1.769564	0
6.28	-43.120262	757.732056	85.798767	0.14984	0	-0.240836	1.00E-05	2.390489	6.00E-06	7.0442	24.126459	31.195976	-0.080309	0	0.169141	0	-1.769564	0
6.281	-43.113045	757.742798	86.112015	0.149972	0	-0.240836	1.00E-05	2.303137	5.00E-06	5.791369	38.262932	31.195976	-0.080309	0	0.169141	0.00E+00	-2.055975	0
6.282	-43.113045	758.267029	86.112015	0.149972	0	-0.240873	1.00E-05	2.361191	5.00E-06	5.647214	39.803139	32.762703	-0.072212	0	0.171458	-1.00E-06	-1.777872	0
6.283	-43.188732	759.141113	86.660248	0.149903	0	-0.240782	9.00E-06	2.361191	9.00E-06	3.763636	44.461205	33.546257	-0.072212	0	0.178367	0.00E+00	-1.777872	0.00E+00
6.284	-43.190178	758.267029	87.992142	0.149722	0	-0.240218	8.00E-06	2.361191	9.00E-06	2.660735	49.96666	35.112785	-0.076073	0	0.180702	0	-1.777872	0
6.285	-43.581596	758.11853	88.540779	0.149754	0	-0.240086	8.00E-06	2.401066	5.00E-06	2.433676	50.825302	35.112785	-0.079079	0	0.180702	0	-1.216191	0
6.286	-43.581596	757.947632	88.540779	0.149754	0	-0.239687	7.00E-06	2.309799	5.00E-06	1.342318	55.486435	34.250866	-0.083623	0	0.180702	0.00E+00	-1.213528	0
6.287	-43.194504	757.947632	87.914658	0.149754	0	-0.239687	1.10E-05	2.309799	8.00E-06	1.342318	60.291012	31.27318	-0.089752	0	0.188433	-1.00E-06	-0.949967	0
6.288	-43.038803	755.511841	87.836044	0.149481	0	-0.239687	1.00E-05	2.309799	9.00E-06	1.345206	64.189903	28.13863	-0.091484	0	0.206672	-1.00E-06	-0.819641	0
6.289	-42.731007	754.82373	87.914658	0.149401	0	-0.239518	1.10E-05	2.333166	8.00E-06	1.742398	64.887268	25.630926	-0.094022	0	0.211734	-1.00E-06	-0.793632	0
6.29	-42.731007	754.301025	87.993469	0.149284	0	-0.239372	1.00E-05	2.385323	3.00E-06	1.901708	66.916946	24.063551	-0.102499	0	0.219772	-1.00E-06	-0.74075	0
6.291	-42.731007	749.999146	88.072052	0.14916	0	-0.239296	9.00E-06	2.427116	3.00E-06	1.901708	69.645584	23.514675	-0.102876	0	0.223621	-1.00E-06	-0.558932	0
6.292	-42.267509	749.990967	88.228951	0.149142	0	-0.239222	9.00E-06	2.427116	3.00E-06	0.505443	83.228851	18.264959	-0.108893	0	0.235787	-1.00E-06	-0.154191	-1.00E-06
6.293	-42.188213	749.990967	88.934128	0.149142	0	-0.239222	1.00E-05	2.40985	3.00E-06	0.505443	85.297531	16.14883	-0.113581	0	0.235787	-1.00E-06	-0.154191	-1.00E-06
6.294	-42.029625	750.512085	88.934128	0.149142	0	-0.238971	1.00E-05	2.40985	3.00E-06	2.063905	85.297531	13.954769	-0.113581	0	0.231158	-1.00E-06	-0.477998	-1.00E-06
6.295	-41.407539	750.512085	88.855667	0.149349	0	-0.238935	1.00E-05	2.417884	6.00E-06	2.063905	85.297531	11.525959	-0.110096	0	0.228545	0	-0.477998	-1.00E-06
6.296	-41.407539	751.224121	88.855667	0.149786	0	-0.238453	9.00E-06	2.417884	6.00E-06	2.06607	85.984901	9.096987	-0.109725	0	0.231085	0	-0.440161	-1.00E-06
6.297	-41.561077	750.010681	89.404144	0.149771	0	-0.238453	9.00E-06	2.393819	5.00E-06	2.456768	85.984901	6.825001	-0.107614	0	0.224828	0.00E+00	-0.440161	-1.00E-06
6.298	-41.561077	749.842529	89.71759	0.149771	0	-0.238453	9.00E-06	2.357093	5.00E-06	2.456768	79.283707	5.022953	-0.100899	0	0.216117	-1.00E-06	-0.541487	-1.00E-06
6.299	-41.326084	749.842529	89.71759	0.149643	0	-0.238504	9.00E-06	2.357093	5.00E-06	2.451717	79.132111	3.064329	-0.09921	0	0.210882	0.00E+00	-0.541487	0.00E+00
6.3	-41.322472	748.63208	89.325775	0.149385	0	-0.23844	9.00E-06	2.304079	5.00E-06	2.213835	79.132111	-1.714153	-0.097326	0	0.206766	0	-0.314213	0
6.301	-41.326084	748.46936	89.325775	0.149385	0	-0.238373	9.00E-06	2.2662	8.00E-06	2.213835	78.113792	-1.714153	-0.09586	0	0.202059	0	-0.314213	0
6.302	-41.322472	746.388672	89.482513	0.149393	0	-0.238373	1.10E-05	2.2662	1.10E-05	2.525961	81.033737	-1.715078	-0.089902	0	0.202059	0	-0.607771	0.00E+00
6.303	-41.246067	746.388672	89.482513	0.149796	0	-0.238057	1.10E-05	2.2662	8.00E-06	2.525961	81.033737	-2.577078	-0.089702	0	0.207618	-1.00E-06	-0.607771	-1.00E-06
6.304	-40.073975	743.478821	89.326096	0.149448	0	-0.238585	1.10E-05	2.276598	4.00E-06	1.275294	84.621773	-4.927557	-0.089902	0	0.207618	-1.00E-06	-0.333077	0.00E+00
6.305	-40.073975	742.428467	89.326096	0.149448	0	-0.238155	1.10E-05	2.295559	4.00E-06	0.179608	85.513603	-5.868288	-0.092508	0	0.207943	-1.00E-06	-0.333077	0
6.306	-40.15543	741.743835	89.874367	0.149404	0	-0.238155	6.00E-06	2.419553	5.00E-06	0.023905	89.798225	-5.946459	-0.096121	0	0.207943	0.00E+00	-0.509145	0
6.307	-40.15543	739.859924	90.031273	0.149263	0	-0.237665	6.00E-06	2.419553	6.00E-06	0.023905	93.916595	-7.905645	-0.09722	0	0.213304	-1.00E-06	-0.509145	0
6.308	-40.073975	737.613464	90.501785	0.14927	0	-0.237665	6.00E-06	2.299879	1.10E-05	-0.520328	97.683578	-10.021374	-0.097352	0	0.216115	-1.00E-06	-0.412713	-1.00E-06
6.309	-39.216167	735.546387	90.501785	0.149269	0	-0.237575	9.00E-06	2.267916	1.10E-05	-0.520328	100.446159	-10.647375	-0.099075	0	0.217497	-1.00E-06	-0.366633	-1.00E-06
6.31	-38.98045	735.369751	90.266792	0.149269	0	-0.237353	9.00E-06	2.299879	1.20E-05	-0.516721	100.446159	-10.021374	-0.099075	0	0.216115	-2.00E-06	-0.412713	0
6.311	-38.82547	732.779297	90.266792	0.148974	0	-0.237055	1.10E-05	2.193325	2.00E-06	-0.516721	101.807396	-10.961903	-0.099075	0	0.217497	-2.00E-06	-0.366633	0
6.312	-38.12265	730.371948	90.266792	0.148974	0	-0.237001	3.00E-06	2.309426	1.30E-05	-1.685207	117.636002	-12.999542	-0.101659	0	0.224796	-2.00E-06	-0.298104	0
6.313	-37.419827	729.847351	90.658646	0.148974	0	-0.236901	6.00E-06	2.320841	-1.00E-06	-1.685207	117.636002	-12.999542	-0.101659	0	0.224796	-1.00E-06	-0.289513	0
6.314	-37.419827	729.337036	91.285805	0.149136	0	-0.236901	4.00E-06	2.358383	1.10E-05	-1.525177	117.636002	-12.999542	-0.09969	0	0.220253	-1.00E-06	-0.21768	0.00E+00
6.315	-37.264122	728.46991	91.285805	0.148826	0	-0.23654	6.00E-06	2.358383	1.00E-06	-1.447324	119.020401	-13.62631	-0.099195	0	0.219242	-1.00E-06	-0.148195	0
6.316	-37.186993	724.510864	91.207474	0.148781	0	-0.236333	5.00E-06	2.382057	2.00E-06	-1.211607	124.021759	-13.939833	-0.098887	0	0.218889	-1.00E-06	-0.136483	0
6.317	-37.032013	724.510864	91.129272	0.148781	0	-0.236333	1.20E-05	2.45865	2.00E-06	-1.211607	126.262802	-14.096615	-0.098831	0	0.218889	-1.00E-06	-0.13152	0
6.318	-36.719887	724.510864	91.207474	0.148834	0	-0.236322	9.00E-06	2.458871	5.00E-06	-0.980218	129.702316	-14.253113	-0.096911	0	0.218889	-1.00E-06	-0.136483	-1.00E-06
6.319	-36.642757	720.732666	91.129272	0.149117	0	-0.236315	1.20E-05	2.45865	7.00E-06	-0.980218	131.080185	-14.331608	-0.096102	0	0.214552	-1.00E-06	-0.073236	-1.00E-06
6.32	-36.172764	720.549438	91.442795	0.149117	0	-0.236304	9.00E-06	2.238551	5.00E-06	-1.525176	133.336685	-14.409979	-0.096102	0	0.214552	-2.00E-06	-0.062943	-1.00E-06
6.321	-36.090584	718.998779	91.442795	0.149117	0	-0.236304	6.00E-06	2.238551	6.00E-06	-1.525176	138.653946	-14.409979	-0.096102	0	0.21246	-2.00E-06	-0.062943	-1.00E-06
6.322	-35.703495	717.613342	91.521484	0.148888	0	-0.236304	6.00E-06	2.33772	6.00E-06	-0.580862	144.153595	-13.392162	-0.095947	0	0.216751	-2.00E-06	-0.282377	-1.00E-06
6.323	-35.077076	715.359131	91.756554	0.148857	0	-0.235865	6.00E-06	2.33772	8.00E-06	-0.580862	144.153595	-13.392162	-0.095947	0	0.216751	-2.00E-06	-0.282377	-1.00E-06
6.324	-34.999226	712.61438	91.756554	0.148888	0	-0.236036	6.00E-06	2.33772	8.00E-06	-0.965787	158.084473	-13.548944	-0.09767	0	0.220347	-2.00E-06	-0.044114	0.00E+00
6.325	-34.298569	712.608948	91.756554	0.14905	0	-0.235739	6.00E-06	2.300012	7.00E-06	-0.965787	158.794571	-13.78438	-0.099483	0	0.220347	-1.00E-06	-0.035986	0
6.326	-34.217831	711.226929	91.991745	0.149136	0	-0.235885	8.00E-06	2.314019	4.00E-06	-0.569316	163.939804	-14.332933	-0.099483	0	0.220347	-3.00E-06	-0.044114	0
6.327	-34.217831	709.473755	92.070358	0.14905	0	-0.235885	8.00E-06	2.314019	4.00E-06	0.292817	171.847534	-14.332933	-0.099483	0	0.224729	-1.00E-06	-0.111223	0
6.328	-33.828575	708.812622	92.226982	0.148573	0	-0.235885	4.00E-06	2.465793	2.00E-06	0.292817	175.439011	-14.881771	-0.099831	0	0.224729	-3.00E-06	-0.214417	0.00E+00
6.329	-33.205769	703.467651	93.010529	0.148497	0	-0.235288	3.00E-06	2.492874	2.00E-06	0.292817	178.206268	-14.881771	-0.099807	0	0.225925	-3.00E-06	-0.222327	-1.00E-06
6.33	-33.205048	701.414062	93.010529	0.148497	0	-0.235054	4.00E-06	2.492874	3.00E-06	0.764973	182.673386	-14.568528	-0.099807	0	0.222542	-4.00E-06	-0.226038	-1.00E-06
6.331	-33.126472	698.820068	92.619034	0.148497	0	-0.234985	5.00E-06	2.399616	3.00E-06	0.764973	185.256149	-14.568528	-0.099807	0	0.225925	-3.00E-06	-0.222327	-1.00E-06
6.332	-32.580795	695.027222	92.383965	0.148509	0	-0.234985	1.40E-05	2.397693	5.00E-06	1.549977	196.955582	-15.50902	-0.100992	0	0.226158	-4.00E-06	-0.279808	-1.00E-06
6.333	-32.499336	694.513855	92.619034	0.148455	0	-0.234985	1.40E-05	2.397693	3.00E-06	1.549977	196.955582	-15.587591	-0.100992	0	0.226158	-3.00E-06	-0.279808	-1.00E-06
6.334	-32.107197	692.774231	92.227425	0.148226	0	-0.234816	1.30E-05	2.397693	5.00E-06	1.549977	196.099335	-15.587591	-0.099496	0	0.223482	-2.00E-06	-0.279808	-1.00E-06
6.335	-32.107197	689.494873	92.227509	0.148226	0	-0.23479	1.30E-05	2.407814	6.00E-06	1.243624	196.099335	-15.587631	-0.099496	0	0.223482	-2.00E-06	-0.139743	-1.00E-06
6.336	-31.877974	688.992249	92.227425	0.148256	0	-0.23381	1.30E-05	2.35796	6.00E-06	1.243624	205.216705	-16.292927	-0.099522	0	0.227067	-2.00E-06	-0.139743	-1.00E-06
6.337	-31.877974	685.369934	92.070999	0.148306	0	-0.234152	5.00E-06	2.354714	3.00E-06	1.949334	208.122757	-17.311749	-0.099522	0	0.227252	-2.00E-06	-0.219654	-1.00E-06
6.338	-31.877974	685.195923	91.992836	0.148256	0	-0.234152	4.00E-06	2.354714	1.00E-06	2.417162	209.841949	-17.781973	-0.099522	0	0.227372	-2.00E-06	-0.266699	0
6.339	-31.565849	682.942932	91.679398	0.148586	0	-0.234152	5.00E-06	2.456804	3.00E-06	2.345084	212.086487	-18.722301	-0.10037	0	0.227372	-2.00E-06	-0.24217	0
6.34	-31.568733	681.745605	91.601067	0.148423	0	-0.233853	1.10E-05	2.456804	1.00E-06	2.345084	217.227829	-18.957695	-0.10176	0	0.229436	-3.00E-06	-0.266699	-1.00E-06
6.341	-31.100183	679.680054	91.52285	0.148559	0	-0.233649	1.10E-05	2.411382	7.00E-06	2.345084	220.835114	-18.957695	-0.101167	0	0.229663	-2.00E-06	-0.325201	-1.00E-06
6.342	-31.100183	675.040588	91.052994	0.148559	0	-0.233461	1.10E-05	2.411382	7.00E-06	5.708549	221.338898	-19.349751	-0.101167	0	0.229785	-3.00E-06	-0.583062	-2.00E-06
6.343	-30.318069	674.69458	91.052902	0.148559	0	-0.233461	1.20E-05	2.288551	7.00E-06	5.708549	221.338898	-19.349751	-0.100402	0	0.229785	-2.00E-06	-0.583062	0.00E+00
6.344	-30.244547	671.056824	90.818039	0.148439	0	-0.233475	1.30E-05	2.288551	6.00E-06	5.869303	226.339081	-21.151917	-0.100402	0	0.229785	-2.00E-06	-0.552062	-1.00E-06
6.345	-29.692373	668.134155	90.348015	0.148236	0	-0.233688	1.90E-05	2.264729	6.00E-06	5.869303	227.360809	-21.152157	-0.101615	0	0.232704	-2.00E-06	-0.479752	-1.00E-06
6.346	-29.692373	667.083496	90.348015	0.148381	0	-0.233688	1.90E-05	2.264729	6.00E-06	6.73288	231.13707	-21.152157	-0.101615	0	0.232704	-3.00E-06	-0.436209	-1.00E-06
6.347	-29.692373	665.017151	90.348015	0.148367	0	-0.233504	9.00E-06	2.264729	4.00E-06	7.124299	232.514511	-22.405766	-0.102274	0	0.232704	-3.00E-06	-0.479752	-1.00E-06
6.348	-29.61813	662.94696	90.034897	0.148367	0	-0.233504	8.00E-06	2.246493	4.00E-06	7.909303	237.154007	-23.111303	-0.10129	0	0.232854	-3.00E-06	-0.487838	-1.00E-06
6.349	-29.460985	658.626465	89.956963	0.148301	0	-0.233504	9.00E-06	2.160718	5.00E-06	8.227201	237.493088	-24.364956	-0.101949	0	0.232854	-3.00E-06	-0.487838	-1.00E-06
6.35	-29.072453	653.981201	89.565315	0.14793	0	-0.2333	3.00E-06	2.160718	5.00E-06	8.771436	238.181213	-24.364956	-0.101439	0	0.23223	-2.00E-06	-0.484619	-1.00E-06
6.351	-28.606068	653.801819	89.565315	0.147687	0	-0.233056	1.30E-05	2.160718	7.00E-06	9.320722	238.368698	-24.991882	-0.101949	0	0.23223	-2.00E-06	-0.423804	-1.00E-06
6.352	-28.291779	646.749634	89.643806	0.14793	0	-0.23199	4.00E-06	2.177915	1.10E-05	9.94786	249.185944	-25.853678	-0.101462	0	0.234262	-2.00E-06	-0.437053	-1.00E-06
6.353	-28.21537	645.72168	89.643806	0.147911	0	-0.23199	4.00E-06	2.177915	1.10E-05	9.94786	249.185944	-25.853678	-0.101462	0	0.234262	-3.00E-06	-0.437053	-1.00E-06
6.354	-28.213928	644.509338	89.487221	0.147911	0	-0.23199	4.00E-06	2.198104	5.00E-06	11.357114	247.62262	-25.697258	-0.101371	0	0.234039	-3.00E-06	-0.503638	-2.00E-06
6.355	-27.353237	640.367432	89.408737	0.147605	0	-0.232282	6.00E-06	2.256921	5.00E-06	11.749977	247.62262	-25.697258	-0.101371	0	0.233086	-3.00E-06	-0.503638	-1.00E-06
6.356	-27.278271	638.293823	88.938705	0.147445	0	-0.231812	6.00E-06	2.198104	7.00E-06	12.382165	251.432816	-25.775709	-0.102238	0	0.234039	-2.00E-06	-0.482397	-2.00E-06
6.357	-27.277552	634.848511	88.704002	0.147605	0	-0.231638	5.00E-06	2.1887	7.00E-06	12.692125	255.547699	-25.775709	-0.102238	0	0.235936	-3.00E-06	-0.474925	-1.00E-06
6.358	-26.654022	632.611694	88.312149	0.147808	0	-0.231638	3.00E-06	2.172653	7.00E-06	12.77142	255.547699	-25.775709	-0.101971	0	0.235936	-3.00E-06	-0.482397	-2.00E-06
6.359	-26.574728	629.503113	88.312828	0.147808	0	-0.231534	3.00E-06	2.118828	8.00E-06	12.849271	256.210388	-26.167725	-0.101971	0	0.2355	-3.00E-06	-0.474925	-2.00E-06
6.36	-26.499762	625.875793	87.999023	0.147438	0	-0.231536	3.00E-06	2.118828	8.00E-06	12.77142	259.322052	-26.246016	-0.102628	0	0.2355	-3.00E-06	-0.433686	-2.00E-06
6.361	-26.499762	624.15271	87.450714	0.14714	0	-0.231435	8.00E-06	2.103751	-2.00E-06	12.852158	259.322052	-26.246016	-0.102628	0	0.23584	-3.00E-06	-0.433686	-1.00E-06
6.362	-26.499762	621.049622	87.450714	0.14714	0	-0.231244	8.00E-06	2.103751	-2.00E-06	14.728518	257.591705	-25.070976	-0.101805	0	0.23584	-4.00E-06	-0.671183	-1.00E-06
6.363	-26.269819	618.654663	86.824066	0.147252	0	-0.231049	6.00E-06	2.103751	-3.00E-06	14.728518	257.591705	-25.070976	-0.101805	0	0.235519	-4.00E-06	-0.740941	-1.00E-06
6.364	-25.720531	614.672852	87.451279	0.147578	0	-0.230813	1.00E-06	2.096603	3.00E-06	14.417836	259.993622	-25.306049	-0.101805	0	0.235519	-4.00E-06	-0.740941	-1.00E-06
6.365	-25.720531	612.09729	86.902878	0.147578	0	-0.230805	1.00E-06	2.036557	-3.00E-06	14.417836	262.405151	-25.306049	-0.103044	0	0.235572	-2.00E-06	-0.586539	-1.00E-06
6.366	-25.014101	611.062805	86.902878	0.147578	0	-0.230805	1.00E-06	1.925537	3.00E-06	14.889272	262.405151	-24.208817	-0.102544	0	0.237196	-2.00E-06	-0.428715	-1.00E-06
6.367	-24.938416	607.424622	86.589554	0.14754	0	-0.230936	8.00E-06	1.925537	5.00E-06	14.968565	264.282074	-24.208817	-0.102673	0	0.239345	-4.00E-06	-0.410921	-1.00E-06
6.368	-25.014101	604.326172	86.354401	0.14754	0	-0.230936	9.00E-06	1.903661	5.00E-06	14.889272	264.282074	-23.973866	-0.102673	0	0.239345	-4.00E-06	-0.428715	-1.00E-06
6.369	-24.938416	602.770508	85.962875	0.147276	0	-0.230846	8.00E-06	1.936976	5.00E-06	15.12499	264.276672	-24.209019	-0.102673	0	0.239092	-4.00E-06	-0.410921	-2.00E-06
6.37	-24.860565	596.904419	85.884544	0.147687	0	-0.230846	1.10E-05	1.903661	2.00E-06	15.518573	258.78476	-23.817205	-0.102291	0	0.236245	-3.00E-06	-0.427994	-2.00E-06
6.371	-24.551325	596.040344	85.571541	0.147079	0	-0.230954	2.00E-06	1.936976	2.00E-06	15.518573	264.276672	-24.209019	-0.102291	0	0.239092	-3.00E-06	-0.357504	-1.00E-06
6.372	-24.238476	592.409546	85.414886	0.146869	0	-0.230954	5.00E-06	1.912867	4.00E-06	16.613537	270.288574	-23.895334	-0.102189	0	0.242249	-3.00E-06	-0.357504	-1.00E-06
6.373	-24.005646	587.413696	85.258423	0.146869	0	-0.230339	2.00E-06	1.95983	6.00E-06	16.613537	270.288574	-23.895374	-0.102189	0	0.242249	-3.00E-06	-0.357504	-1.00E-06
6.374	-23.541426	586.386475	85.258423	0.146611	0	-0.230023	5.00E-06	1.980905	4.00E-06	16.927828	262.564453	-23.895334	-0.102189	0	0.238612	-2.00E-06	-0.357587	-1.00E-06
6.375	-23.461412	580.008545	84.788116	0.146235	0	-0.229492	7.00E-06	1.980905	4.00E-06	17.317081	262.564453	-23.11199	-0.102477	0	0.238612	-2.00E-06	-0.367315	-1.00E-06
6.376	-23.459248	575.532593	84.631775	0.146235	0	-0.229492	1.10E-05	1.9808	4.00E-06	17.317081	264.086487	-23.033497	-0.102477	0	0.241291	-5.00E-06	-0.399924	-1.00E-06
6.377	-23.459248	574.832825	84.553452	0.146602	0	-0.229311	8.00E-06	1.865751	5.00E-06	18.256344	264.086487	-22.406893	-0.103279	0	0.241751	-5.00E-06	-0.399924	-1.00E-06
6.378	-22.442856	571.73822	84.318535	0.146831	0	-0.229446	8.00E-06	1.84066	5.00E-06	18.336359	261.848145	-22.406893	-0.103279	0	0.241751	-4.00E-06	-0.417172	-3.00E-06
6.379	-22.442856	568.804382	83.53511	0.146831	0	-0.229311	8.00E-06	1.84066	5.00E-06	18.336359	261.515656	-22.250153	-0.103279	0	0.241326	-4.00E-06	-0.458685	-2.00E-06
6.38	-22.290039	565.184326	83.53511	0.146647	0	-0.228685	1.10E-05	1.839477	4.00E-06	18.338524	261.515656	-22.563595	-0.103699	0	0.241326	-4.00E-06	-0.458685	-3.00E-06
6.381	-22.524313	562.253662	83.53511	0.146647	0	-0.228685	1.20E-05	1.791424	4.00E-06	18.56847	260.12973	-22.250153	-0.10304	0	0.243181	-5.00E-06	-0.430296	-3.00E-06
6.382	-22.290039	557.074097	83.222305	0.146647	0	-0.228377	1.20E-05	1.621542	4.00E-06	20.839857	257.884003	-21.466484	-0.102783	0	0.243181	-5.00E-06	-0.430296	-3.00E-06
6.383	-21.741474	555.354553	82.595421	0.146594	0	-0.228787	1.20E-05	1.621542	1.00E-06	20.839857	257.217102	-21.466484	-0.102783	0	0.241989	-5.00E-06	-0.430296	-2.00E-06
6.384	-21.432236	552.755127	82.752373	0.146554	0	-0.228266	1.20E-05	1.656103	1.00E-06	20.605583	257.217102	-22.09317	-0.102907	0	0.241989	-5.00E-06	-0.381341	-2.00E-06
6.385	-21.356548	550.177002	82.595787	0.146254	0	-0.228011	1.20E-05	1.841031	-1.00E-06	20.605583	257.217102	-22.09317	-0.103495	0	0.241735	-3.00E-06	-0.357066	-2.00E-06
6.386	-20.888721	546.898743	82.595787	0.146254	0	-0.228011	4.00E-06	1.841031	1.00E-06	21.074854	258.230774	-22.09317	-0.103665	0	0.243318	-1.00E-06	-0.357066	-2.00E-06
6.387	-20.496582	543.281738	82.595787	0.14637	0	-0.228552	4.00E-06	1.730727	-1.00E-06	21.389866	259.440002	-22.093288	-0.103778	0	0.243318	-1.00E-06	-0.345642	-1.00E-06
6.388	-20.416565	539.130981	82.20417	0.1468	0	-0.228695	9.00E-06	1.685931	-1.00E-06	22.014839	259.440002	-22.563395	-0.103778	0	0.243318	-1.00E-06	-0.433009	-1.00E-06
6.389	-19.714462	537.41217	81.969307	0.146437	0	-0.228695	9.00E-06	1.684312	-1.00E-06	22.014839	256.159424	-22.719975	-0.103778	0	0.243117	-4.00E-06	-0.330728	-1.00E-06
6.39	-19.400173	533.09552	81.499283	0.146437	0	-0.228615	1.10E-05	1.685931	5.00E-06	22.014839	255.818451	-22.563395	-0.104005	0	0.243117	-4.00E-06	-0.347663	-2.00E-06
6.391	-19.090212	528.957153	81.499283	0.146437	0	-0.228615	6.00E-06	1.61991	5.00E-06	22.722712	255.818451	-22.719975	-0.104114	0	0.244281	-3.00E-06	-0.330728	-2.00E-06
6.392	-18.46452	527.053528	81.342697	0.146281	0	-0.227944	7.00E-06	1.61991	2.00E-06	23.040611	262.516571	-23.26861	-0.104114	0	0.244854	-3.00E-06	-0.258648	-2.00E-06
6.393	-18.385223	518.602356	81.264854	0.146423	0	-0.22863	7.00E-06	1.597159	2.00E-06	23.040611	262.516571	-23.26861	-0.103586	0	0.245376	-3.00E-06	-0.1685	-1.00E-06
6.394	-18.075985	518.078125	80.716377	0.145906	0	-0.228693	7.00E-06	1.597159	2.00E-06	23.976988	258.559021	-23.111908	-0.103586	0	0.244854	-3.00E-06	-0.1685	-1.00E-06
6.395	-17.918839	514.61969	80.716377	0.145889	0	-0.228693	4.00E-06	1.644677	5.00E-06	24.057003	258.559021	-22.798586	-0.103723	0	0.245376	-5.00E-06	-0.281816	-1.00E-06
6.396	-17.688894	508.770996	80.638374	0.145889	0	-0.227472	4.00E-06	1.674317	5.00E-06	24.057003	261.659058	-22.563675	-0.104519	0	0.246244	-4.00E-06	-0.292886	-2.00E-06
6.397	-16.748909	506.358673	80.638374	0.145837	0	-0.227218	4.00E-06	1.750286	3.00E-06	25.306948	261.659058	-22.563675	-0.104683	0	0.246941	-5.00E-06	-0.344162	-2.00E-06
6.398	-16.281803	501.875793	80.403458	0.145946	0	-0.227324	6.00E-06	1.726598	-1.00E-06	25.311998	261.634766	-22.955446	-0.104519	0	0.246941	-5.00E-06	-0.344162	-2.00E-06
6.399	-15.96535	498.945435	80.32505	0.145837	0	-0.227324	6.00E-06	1.726598	3.00E-06	25.699087	261.634766	-23.347179	-0.104683	0	0.246941	-5.00E-06	-0.250108	-2.00E-06
6.4	-15.420394	495.664062	80.403458	0.145774	0	-0.227324	1.00E-05	1.726598	-1.00E-06	25.467701	263.357422	-23.503923	-0.105466	0	0.246982	-4.00E-06	-0.250108	-1.00E-06
6.401	-15.499687	493.246338	80.168465	0.145768	0	-0.22708	0.00E+00	1.686365	1.00E-06	25.779825	263.357422	-23.347179	-0.105466	0	0.247247	-4.00E-06	-0.260087	-1.00E-06
6.402	-15.028975	489.111359	80.011879	0.145685	0	-0.226968	8.00E-06	1.686365	1.00E-06	26.484814	262.124237	-23.425751	-0.104124	0	0.247637	-4.00E-06	-0.260087	-1.00E-06
6.403	-14.951123	484.793579	79.777092	0.145685	0	-0.22687	3.00E-06	1.568568	1.00E-06	27.348392	262.124237	-23.425751	-0.104124	0	0.247619	-2.00E-06	-0.138307	-1.00E-06
6.404	-14.951123	480.829071	78.523689	0.145652	0	-0.226788	4.00E-06	1.499958	5.00E-06	27.348392	265.746216	-24.522942	-0.104326	0	0.247619	-1.00E-06	-0.138307	-1.00E-06
6.405	-15.034024	477.552368	77.975212	0.145652	0	-0.226788	3.00E-06	1.499958	5.00E-06	27.040594	268.860596	-24.522942	-0.106492	0	0.246993	-2.00E-06	-0.217868	0
6.406	-15.034024	473.91925	77.818626	0.145652	0	-0.226788	2.00E-06	1.529496	6.00E-06	27.040594	270.240662	-24.522942	-0.106492	0	0.246993	-4.00E-06	-0.217868	0
6.407	-14.176944	472.029907	77.426971	0.145254	0	-0.22646	2.00E-06	1.672417	1.00E-06	27.040594	272.445465	-24.601395	-0.106141	0	0.247981	-4.00E-06	-0.164695	-1.00E-06
6.408	-14.099092	467.371582	77.348488	0.145654	0	-0.226217	2.00E-06	1.672417	2.00E-06	27.041319	272.799957	-25.228361	-0.106141	0	0.247981	-4.00E-06	-0.164695	-1.00E-06
6.409	-13.553413	465.829803	76.643715	0.14606	0	-0.226217	4.00E-06	1.626179	0.00E+00	27.041319	274.186676	-25.541801	-0.105983	0	0.247981	-3.00E-06	-0.136438	-1.00E-06
6.41	-13.237679	463.924683	76.643593	0.14606	0	-0.226751	4.00E-06	1.508174	2.00E-06	27.437067	274.186676	-25.541801	-0.105983	0	0.247891	-2.00E-06	-0.139435	-1.00E-06
6.411	-12.924833	457.370453	75.781792	0.145859	0	-0.227262	4.00E-06	1.508174	4.00E-06	27.437067	276.231354	-25.776995	-0.105983	0	0.249577	-2.00E-06	-0.027907	-1.00E-06
6.412	-12.924833	454.610229	75.389862	0.145718	0	-0.226751	6.00E-06	1.508174	5.00E-06	27.431295	286.708801	-27.34433	-0.106523	0	0.252288	-1.00E-06	-0.139435	-2.00E-06
6.413	-12.769852	449.777863	74.684967	0.145487	0	-0.226251	1.00E-06	1.477052	4.00E-06	26.737852	286.708801	-27.34433	-0.107164	0	0.252288	-1.00E-06	-0.034293	-1.00E-06
6.414	-13.081256	444.618408	74.684929	0.145487	0	-0.226251	2.00E-06	1.460564	5.00E-06	27.28425	286.708801	-26.796057	-0.106576	0	0.250767	-1.00E-06	-0.113791	-1.00E-06
6.415	-12.69128	441.497498	73.823288	0.145487	0	-0.225888	2.00E-06	1.460564	2.00E-06	27.28425	287.06604	-26.796057	-0.107349	0	0.250767	-3.00E-06	-0.084795	-1.00E-06
6.416	-12.381319	435.809265	73.353348	0.145326	0	-0.226838	3.00E-06	1.4208	2.00E-06	27.679277	291.858246	-27.736547	-0.106627	0	0.250189	-6.00E-06	-0.084795	-1.00E-06
6.417	-11.988457	433.556213	73.275139	0.14504	0	-0.226321	3.00E-06	1.4208	2.00E-06	27.989962	292.535583	-27.736708	-0.107155	0	0.251913	-6.00E-06	-0.033234	-1.00E-06
6.418	-11.757069	430.451111	73.275253	0.144957	0	-0.226321	3.00E-06	1.478678	-1.00E-06	28.307138	292.726562	-27.736708	-0.107002	0	0.250537	-2.00E-06	-0.01426	-1.00E-06
6.419	-10.825743	424.247925	73.275139	0.144568	0	-0.225698	6.00E-06	1.607555	0.00E+00	28.307138	295.131531	-28.128481	-0.107002	0	0.250537	-2.00E-06	0.023066	-1.00E-06
6.42	-10.822857	422.688049	72.02169	0.144568	0	-0.224775	6.00E-06	1.607555	-1.00E-06	27.76218	296.167633	-28.285101	-0.107002	0	0.250537	-2.00E-06	0.063412	-1.00E-06
6.421	-10.822857	417.014832	71.943275	0.144494	0	-0.224775	6.00E-06	1.614259	0.00E+00	27.76218	300.596497	-28.128841	-0.106752	0	0.251334	-3.00E-06	0.063412	0.00E+00
6.422	-10.35503	412.357971	71.238297	0.144676	0	-0.224775	6.00E-06	1.593713	1.00E-06	29.250731	301.811554	-28.128841	-0.107144	0	0.251663	-3.00E-06	0.059752	0
6.423	-9.650042	409.418335	70.92482	0.144317	0	-0.224337	6.00E-06	1.565793	3.00E-06	29.255781	301.811554	-28.128841	-0.107144	0	0.253118	-5.00E-06	0.059752	-2.00E-06
6.424	-9.650042	404.769196	70.298096	0.144698	0	-0.224791	7.00E-06	1.565793	3.00E-06	29.412203	309.380219	-29.069494	-0.107236	0	0.25185	-5.00E-06	0.006787	-2.00E-06
6.425	-9.650042	403.039612	69.514427	0.144762	0	-0.224791	7.00E-06	1.565793	3.00E-06	29.412203	312.648132	-29.539797	-0.107236	0	0.25185	-5.00E-06	0.006787	-3.00E-06
6.426	-9.573635	398.033691	69.358047	0.145104	0	-0.224791	0	1.472211	2.00E-06	30.277224	313.505646	-29.539797	-0.107236	0	0.25185	-5.00E-06	0.006787	-2.00E-06
6.427	-8.869366	393.728973	68.809616	0.145281	0	-0.22458	0.00E+00	1.444735	2.00E-06	30.508612	319.519043	-29.931692	-0.107079	0	0.25327	-4.00E-06	0.052651	-2.00E-06
6.428	-8.790794	389.93576	68.104439	0.145281	0	-0.22458	5.00E-06	1.444735	2.00E-06	31.061506	321.731537	-30.558619	-0.10728	0	0.25327	-4.00E-06	0.052651	-2.00E-06
6.429	-8.324409	386.645142	67.634613	0.144899	0	-0.224618	5.00E-06	1.441688	2.00E-06	31.061506	321.920929	-30.950432	-0.10728	0	0.253064	-1.00E-06	0.175126	-2.00E-06
6.43	-8.324409	384.914398	67.399536	0.144715	0	-0.224666	3.00E-06	1.457305	2.00E-06	31.061506	326.90686	-31.264116	-0.107724	0	0.253064	-1.00E-06	0.082027	-3.00E-06
6.431	-8.324409	380.25177	66.772896	0.144756	0	-0.224666	3.00E-06	1.55105	3.00E-06	31.537271	327.749237	-31.420816	-0.107724	0	0.254944	-4.00E-06	0.175126	-3.00E-06
6.432	-8.09663	376.638306	66.145935	0.144756	0	-0.224411	4.00E-06	1.55105	3.00E-06	31.76866	338.405273	-33.223106	-0.107724	0	0.254944	-4.00E-06	0.121675	-1.00E-06
6.433	-7.703768	371.133606	65.206047	0.144756	0	-0.224411	4.00E-06	1.457238	-1.00E-06	32.007984	341.153259	-33.223106	-0.107498	0	0.254614	-4.00E-06	0.121675	-1.00E-06
6.434	-6.923092	366.294678	64.579163	0.144976	0	-0.224438	4.00E-06	1.457238	-1.00E-06	33.419403	341.51001	-32.831772	-0.108245	0	0.254109	-7.00E-06	0.079087	-1.00E-06
6.435	-6.923092	363.189972	63.717239	0.144219	0	-0.224438	1.00E-06	1.484848	2.00E-06	33.496532	345.111938	-32.831772	-0.108468	0	0.254109	-7.00E-06	0.038884	0.00E+00
6.436	-6.923092	357.84967	63.325508	0.143994	0	-0.223727	5.00E-06	1.527321	2.00E-06	34.517975	351.993683	-33.850636	-0.108578	0	0.254752	-7.00E-06	0.038884	-1.00E-06
6.437	-7.080238	353.52951	62.777157	0.143994	0	-0.223727	1.00E-06	1.484848	2.00E-06	34.990852	356.779388	-34.242729	-0.108578	0	0.254777	-4.00E-06	0.014046	-4.00E-06
6.438	-6.608803	350.940491	62.698788	0.143994	0	-0.223727	1.00E-06	1.468987	1.00E-06	35.388767	358.67749	-35.574871	-0.108578	0	0.255906	-5.00E-06	0.081543	-4.00E-06
6.439	-6.608803	344.562561	61.993729	0.144318	0	-0.223578	1.00E-06	1.460276	1.00E-06	35.617268	359.875183	-36.045097	-0.108592	0	0.255906	-5.00E-06	0.16824	-4.00E-06
6.44	-6.454544	344.383606	61.601997	0.144318	0	-0.223578	1.00E-06	1.367976	4.00E-06	36.720894	364.334564	-36.045296	-0.108659	0	0.256299	-5.00E-06	0.197005	-2.00E-06
6.441	-6.063847	344.027466	60.270332	0.144318	0	-0.223578	5.00E-06	1.460276	4.00E-06	37.111591	369.471222	-36.907295	-0.109435	0	0.257473	-4.00E-06	0.197005	-2.00E-06
6.442	-5.756773	331.279022	59.48671	0.143571	0	-0.222823	5.00E-06	1.569393	1.00E-06	37.34803	371.874725	-37.064159	-0.109435	0	0.257492	-4.00E-06	0.197005	-1.00E-06
6.443	-5.756773	330.070129	59.251595	0.143571	0	-0.221714	5.00E-06	1.569393	1.00E-06	37.34803	371.874725	-37.064159	-0.109435	0	0.258335	-8.00E-06	0.232701	-1.00E-06
6.444	-5.364632	324.910309	58.703445	0.143841	0	-0.222737	2.00E-06	1.383686	1.00E-06	36.571686	378.06131	-38.082855	-0.108907	0	0.257492	-8.00E-06	0.337539	-1.00E-06
6.445	-4.975376	320.943481	57.528046	0.144048	0	-0.222737	2.00E-06	1.383686	2.00E-06	36.571686	379.794067	-38.553001	-0.109971	0	0.259219	-4.00E-06	0.35232	-2.00E-06
6.446	-4.895361	318.85553	56.979687	0.144048	0	-0.222737	5.00E-06	1.405828	1.00E-06	36.571686	387.689789	-38.866566	-0.109632	0	0.258819	-4.00E-06	0.35232	-2.00E-06
6.447	-4.662529	314.038239	56.431019	0.144048	0	-0.221772	5.00E-06	1.405828	1.00E-06	35.869583	390.264557	-39.023346	-0.109632	0	0.258819	-3.00E-06	0.371598	-2.00E-06
6.448	-4.662529	311.971924	55.177605	0.144484	0	-0.221772	5.00E-06	1.291681	1.00E-06	35.400314	391.295654	-39.728561	-0.109581	0	0.258477	-3.00E-06	0.409264	-2.00E-06
6.449	-5.053949	307.659485	55.177605	0.144484	0	-0.221772	4.00E-06	1.290509	2.00E-06	35.246056	395.765045	-39.806976	-0.109581	0	0.25753	-3.00E-06	0.476168	-2.00E-06
6.45	-5.132521	303.52301	54.785789	0.144484	0	-0.222366	4.00E-06	1.250033	3.00E-06	35.170364	398.001892	-40.433983	-0.109657	0	0.25753	1.00E-06	0.480864	-1.00E-06
6.451	-5.132521	301.610535	54.315811	0.144349	0	-0.223122	3.00E-06	1.219676	2.00E-06	34.858242	398.177002	-40.982292	-0.110108	0	0.25753	-3.00E-06	0.567231	-1.00E-06
6.452	-5.132521	295.909912	54.002487	0.144349	0	-0.223122	3.00E-06	1.219676	5.00E-06	34.781113	398.786896	-41.374187	-0.110171	0	0.257225	-3.00E-06	0.567231	-1.00E-06
6.453	-5.293274	292.292236	52.98399	0.143872	0	-0.221647	3.00E-06	1.219676	1.00E-06	34.388252	411.924622	-41.452801	-0.110108	0	0.257721	-4.00E-06	0.531313	-3.00E-06
6.454	-5.293274	285.923553	52.748959	0.143872	0	-0.221427	1.00E-06	1.215175	1.00E-06	34.316895	411.924622	-41.766201	-0.110045	0	0.257721	-5.00E-06	0.531313	-3.00E-06
6.455	-5.059721	283.503113	52.0439	0.144431	0	-0.221427	1.00E-06	1.196182	1.00E-06	34.236877	417.582001	-41.766201	-0.109875	0	0.260042	-4.00E-06	0.710529	-3.00E-06
6.456	-4.744711	278.844299	51.338848	0.144431	0	-0.221444	1.00E-06	1.166519	1.00E-06	34.236877	422.03595	-42.471497	-0.11002	0	0.260653	-5.00E-06	0.710529	-2.00E-06
6.457	-4.668303	272.977051	50.868576	0.143854	0	-0.222187	1.00E-06	1.088565	1.00E-06	34.236877	425.303467	-42.628281	-0.109874	0	0.260679	-9.00E-06	0.710529	-2.00E-06
6.458	-4.591894	268.319397	50.398758	0.143517	0	-0.221444	0.00E+00	1.166519	2.00E-06	34.554054	428.568237	-42.863312	-0.11002	0	0.260653	-9.00E-06	0.831654	-2.00E-06
6.459	-4.591894	263.668335	50.163403	0.143238	0	-0.220999	0	1.305129	2.00E-06	34.554054	429.763611	-43.176758	-0.11008	0	0.26059	-5.00E-06	0.83224	-4.00E-06
6.46	-4.355455	260.213806	48.831505	0.143238	0	-0.22067	2.00E-06	1.305129	1.00E-06	34.009098	432.862152	-43.33358	-0.110094	0	0.26059	-5.00E-06	0.891499	-4.00E-06
6.461	-4.355455	255.911804	48.59639	0.143095	0	-0.220463	3.00E-06	1.138342	1.00E-06	34.009098	439.351959	-43.725349	-0.110094	0	0.262438	-3.00E-06	0.978835	-4.00E-06
6.462	-4.355455	250.043381	47.421272	0.143582	0	-0.220612	3.00E-06	1.006311	3.00E-06	34.950527	441.943695	-43.804123	-0.109379	0	0.262438	0.00E+00	0.978835	-2.00E-06
6.463	-3.728317	249.35025	46.716057	0.143073	0	-0.220145	3.00E-06	1.006311	3.00E-06	35.499813	441.943695	-44.352398	-0.109379	0	0.262457	0	0.978835	-4.00E-06
6.464	-3.654074	241.935089	45.93251	0.14409	0	-0.218942	3.00E-06	1.124627	3.00E-06	35.505585	451.894531	-45.057571	-0.109815	0	0.262012	-1.00E-06	0.953136	-2.00E-06
6.465	-3.654074	240.388702	44.678986	0.143271	0	-0.218775	1.00E-06	1.124627	3.00E-06	36.051262	454.662994	-45.292885	-0.109848	0	0.262933	-1.10E-05	1.01783	-4.00E-06
6.466	-3.421965	234.69696	44.287369	0.143271	0	-0.218942	1.00E-06	1.124627	4.00E-06	36.12767	460.152618	-45.528038	-0.109983	0	0.262933	-1.10E-05	0.953136	-2.00E-06
6.467	-3.424852	229.856842	44.287369	0.143271	0	-0.21962	3.00E-06	1.024532	3.00E-06	36.519089	465.316254	-46.155006	-0.109989	0	0.262933	2.00E-06	0.879343	-3.00E-06
6.468	-3.424852	227.102783	42.877174	0.14293	0	-0.21962	3.00E-06	1.054093	2.00E-06	36.519089	466.503967	-46.546738	-0.110517	0	0.263035	2.00E-06	0.879343	-3.00E-06
6.469	-3.424852	221.061554	42.015259	0.143669	0	-0.219024	3.00E-06	1.054093	1.00E-06	36.596939	470.292175	-46.70356	-0.110657	0	0.263035	1.00E-06	0.972637	-3.00E-06
6.47	-2.957747	219.866608	41.46666	0.143669	0	-0.219024	4.00E-06	1.06024	1.00E-06	37.071983	475.789154	-47.173744	-0.110657	0	0.263313	-5.00E-06	0.993436	-3.00E-06
6.471	-2.880615	217.793304	40.839939	0.145139	0	-0.217602	4.00E-06	1.130523	2.00E-06	38.010525	479.55072	-48.270695	-0.110711	0	0.264667	-2.00E-06	1.022301	-3.00E-06
6.472	-2.957747	213.833847	40.604786	0.145397	0	-0.218259	4.00E-06	1.06024	2.00E-06	38.010525	488.831635	-49.681007	-0.110711	0	0.264667	-2.00E-06	1.107184	-3.00E-06
6.473	-2.957747	206.937469	38.959442	0.145397	0	-0.218259	3.00E-06	0.958229	2.00E-06	37.621994	493.634308	-50.229923	-0.110956	0	0.265132	-2.00E-06	1.120806	-2.00E-06
6.474	-2.957747	204.340759	38.411053	0.145323	0	-0.218259	1.00E-06	0.958229	1.00E-06	37.621994	493.993805	-50.778038	-0.110956	0	0.264314	-3.00E-06	1.120806	-2.00E-06
6.475	-3.189856	198.645935	37.705879	0.145323	0	-0.218867	1.00E-06	0.874849	1.00E-06	38.333477	496.897949	-51.483536	-0.111104	0	0.265312	-1.30E-05	1.194532	-2.00E-06
6.476	-3.119221	196.220459	35.590427	0.144412	0	-0.217678	1.00E-06	0.97965	1.00E-06	38.644882	507.55011	-52.893967	-0.110883	0	0.265503	-1.50E-05	1.219043	-2.00E-06
6.477	-3.119221	191.222275	35.433769	0.145272	0	-0.217953	2.00E-06	0.96416	2.00E-06	38.726341	508.906708	-53.599022	-0.110774	0	0.265503	-1.50E-05	1.219043	-2.00E-06
6.478	-3.119221	187.950531	35.277107	0.144412	0	-0.217953	2.00E-06	0.96416	3.00E-06	38.726341	509.595612	-53.990875	-0.110774	0	0.265511	-9.00E-06	1.317674	-3.00E-06
6.479	-2.887833	185.001678	33.631763	0.144467	0	-0.218298	2.00E-06	0.96416	2.00E-06	38.726341	515.961243	-54.460979	-0.111181	0	0.265511	-4.00E-06	1.317674	-3.00E-06
6.48	-2.887833	179.669403	32.848213	0.144351	0	-0.218367	2.00E-06	0.98622	2.00E-06	38.801304	519.391907	-54.69585	-0.111335	0	0.265873	-4.00E-06	1.317262	-4.00E-06
6.481	-2.419283	175.189209	32.221127	0.144351	0	-0.218298	1.00E-06	1.156059	2.00E-06	38.801304	526.787415	-55.479397	-0.111181	0	0.266272	-4.00E-06	1.317262	-4.00E-06
6.482	-2.342875	169.326202	31.280998	0.144351	0	-0.215822	1.00E-06	1.156059	2.00E-06	39.114151	527.62793	-55.479397	-0.110866	0	0.266272	-4.00E-06	1.305563	-5.00E-06
6.483	-2.342875	169.167297	31.045967	0.142753	0	-0.215079	0.00E+00	1.098095	3.00E-06	38.72562	527.968933	-55.635979	-0.110866	0	0.265685	-2.00E-06	1.364843	-4.00E-06
6.484	-2.658609	162.083832	29.87085	0.143826	0	-0.215079	2.00E-06	1.098095	2.00E-06	38.8806	535.036987	-55.165752	-0.1109	0	0.265685	-1.10E-05	1.364843	-4.00E-06
6.485	-2.658609	158.291367	29.792316	0.143826	0	-0.216089	2.00E-06	1.101778	2.00E-06	38.8806	539.325073	-55.244324	-0.1109	0	0.265698	-1.60E-05	1.468709	-3.00E-06
6.486	-1.63933	157.246826	27.363308	0.143826	0	-0.216089	2.00E-06	1.10402	2.00E-06	39.272739	544.792297	-55.244324	-0.110764	0	0.266833	-1.60E-05	1.507624	-2.00E-06
6.487	-1.56148	150.355103	26.658089	0.144324	0	-0.215002	1.00E-06	1.10402	2.00E-06	39.354198	548.070618	-55.557526	-0.110764	0	0.267139	-4.00E-06	1.549981	-3.00E-06
6.488	-1.175112	147.945862	25.639469	0.14445	0	-0.214977	1.00E-06	1.210748	1.00E-06	39.272739	552.019287	-55.792877	-0.110883	0	0.267139	-4.00E-06	1.55478	-3.00E-06
6.489	-0.703676	145.351471	24.38586	0.14445	0	-0.214429	1.00E-06	1.210748	1.00E-06	39.354198	555.455261	-56.106201	-0.11105	0	0.267139	-3.00E-06	1.627035	-4.00E-06
6.49	-0.627268	140.689972	24.072659	0.144877	0	-0.214977	2.00E-06	1.101603	1.00E-06	39.51495	558.72052	-56.654678	-0.11105	0	0.267588	-4.00E-06	1.671955	-5.00E-06
6.491	-0.625103	138.278839	23.524101	0.146161	0	-0.215489	1.00E-06	1.092384	1.00E-06	39.983501	564.398315	-56.654877	-0.111315	0	0.268119	-3.00E-06	1.680097	-5.00E-06
6.492	-0.627268	138.10022	23.054161	0.146161	0	-0.215489	1.00E-06	1.092384	1.00E-06	39.983501	571.766052	-57.281685	-0.111315	0	0.268119	-4.00E-06	1.734338	-5.00E-06
6.493	-1.020851	133.099304	22.270374	0.145879	0	-0.213911	1.00E-06	1.191247	0.00E+00	39.984943	572.637085	-57.281685	-0.111315	0	0.267419	-9.00E-06	1.680097	-4.00E-06
6.494	-1.020851	130.351013	22.035259	0.144376	0	-0.212208	1.00E-06	1.191247	1.00E-06	39.984943	572.647461	-57.203514	-0.11137	0	0.267419	-9.00E-06	1.734338	-4.00E-06
6.495	-1.490845	125.692627	20.625069	0.145719	0	-0.211979	1.00E-06	1.117537	0.00E+00	40.533508	580.191895	-57.203514	-0.111381	0	0.268313	-9.00E-06	1.747625	-4.00E-06
6.496	-1.254404	122.419746	19.528042	0.144365	0	-0.211979	1.00E-06	1.097645	1.00E-06	40.689934	584.145508	-58.065308	-0.11137	0	0.268465	-9.00E-06	1.822789	-4.00E-06
6.497	-1.254404	120.331413	19.292969	0.14377	0	-0.214875	1.00E-06	1.077054	1.00E-06	41.157761	586.538574	-58.065308	-0.111065	0	0.268578	-1.00E-05	1.747625	-6.00E-06
6.498	-1.254404	116.712921	18.744411	0.14377	0	-0.215188	2.00E-06	1.043461	1.00E-06	41.242828	589.273376	-58.065308	-0.110857	0	0.268578	-1.00E-05	1.852346	-6.00E-06
6.499	-1.485073	115.327377	18.117569	0.14471	0	-0.214875	1.00E-06	1.008245	1.00E-06	41.240662	590.48114	-58.222172	-0.110857	0	0.26863	-1.00E-06	1.772959	-6.00E-06
6.5	-1.723675	111.364075	18.117325	0.145485	0	-0.214754	1.00E-06	1.008245	2.00E-06	41.55423	595.471619	-58.222172	-0.111499	0	0.26863	-1.00E-06	1.852103	-5.00E-06
6.501	-1.800083	109.817307	16.941963	0.14471	0	-0.213864	1.00E-06	1.008245	1.00E-06	41.635689	601.653625	-58.222172	-0.111499	0	0.268952	-1.20E-05	1.800013	-5.00E-06
6.502	-1.725119	103.092606	16.002079	0.147131	0	-0.212364	1.00E-06	0.971026	1.00E-06	42.65136	601.653625	-59.005722	-0.110776	0	0.268952	-1.20E-05	1.822896	-3.00E-06
6.503	-2.115095	102.740433	15.375034	0.144281	0	-0.212364	0.00E+00	0.845061	1.00E-06	41.635689	602.849426	-59.005962	-0.110776	0	0.268763	-1.20E-05	1.800013	-3.00E-06
6.504	-1.725119	99.460991	14.90517	0.143144	0	-0.210957	0	0.971026	1.00E-06	42.574955	608.007324	-59.005962	-0.111348	0	0.268534	-8.00E-06	1.822896	-4.00E-06
6.505	-1.568695	97.050247	14.591568	0.143144	0	-0.212224	1.00E-06	1.012896	1.00E-06	42.574955	610.598206	-59.005962	-0.111348	0	0.268659	-8.00E-06	1.868077	-4.00E-06
6.506	-1.568695	95.664307	14.199753	0.142684	0	-0.207593	1.00E-06	1.059837	1.00E-06	43.123516	614.715088	-59.00584	-0.111211	0	0.268659	-8.00E-06	1.914016	-4.00E-06
6.507	-1.493731	91.191849	13.102802	0.143356	0	-0.208954	1.00E-06	1.059837	1.00E-06	43.123516	618.817261	-59.00584	-0.11112	0	0.268843	-1.30E-05	1.956822	-5.00E-06
6.508	-0.944443	88.94381	12.867775	0.143356	0	-0.208954	1.00E-06	1.009725	1.00E-06	42.577118	618.824158	-59.554398	-0.11112	0	0.269017	-1.30E-05	1.975976	-5.00E-06
6.509	-0.708727	88.432343	12.084225	0.144898	0	-0.208954	1.00E-06	1.009725	0.00E+00	42.577118	620.54303	-60.024498	-0.111378	0	0.269017	-1.30E-05	1.975976	-5.00E-06
6.51	-0.317308	84.289291	11.535591	0.144898	0	-0.208848	1.00E-06	1.039537	1.00E-06	43.674969	627.075256	-60.102871	-0.111554	0	0.269375	-7.00E-06	2.003753	-3.00E-06
6.511	-0.240177	84.289291	11.222225	0.144898	0	-0.208848	0	1.063573	0.00E+00	44.299942	630.681702	-60.102871	-0.111554	0	0.269987	-1.80E-05	2.016551	-4.00E-06
6.512	-0.238735	84.289291	10.908504	0.145412	0	-0.206246	0	1.063573	0	44.299942	632.045288	-60.102871	-0.111394	0	0.269987	-7.00E-06	2.023935	-3.00E-06
6.513	-0.238735	78.772247	9.733383	0.146123	0	-0.207926	0	0.983622	0	44.539986	633.410828	-59.241116	-0.111326	0	0.269978	-3.00E-06	2.035271	-1.00E-06
6.514	-0.472288	77.574219	9.263161	0.14646	0	-0.204458	0	0.929721	1.00E-06	44.148567	637.882141	-59.633087	-0.11124	0	0.269506	-3.00E-06	2.059585	-1.00E-06
6.515	-0.472288	77.044212	9.263039	0.148127	0	-0.206349	1.00E-06	0.903255	1.00E-06	44.539986	638.228882	-59.633087	-0.111326	0	0.269506	-1.00E-05	2.103833	-3.00E-06
6.516	-0.470844	74.807388	8.47961	0.148268	0	-0.206349	1.00E-06	0.850254	1.00E-06	45.165684	644.064087	-59.633087	-0.11124	0	0.270158	-1.00E-05	2.082616	-4.00E-06
6.517	-0.39588	73.761673	8.401241	0.148268	0	-0.206349	1.00E-06	0.903255	0	45.322105	644.064087	-59.633125	-0.111207	0	0.270158	-1.00E-05	2.082616	-5.00E-06
6.518	-0.470844	71.175781	8.087719	0.148268	0	-0.208128	1.00E-06	0.973447	0	45.322105	644.064087	-59.554756	-0.111207	0	0.270158	-1.40E-05	2.082616	-4.00E-06
6.519	-0.708727	71.003754	7.774319	0.147005	0	-0.20597	1.00E-06	0.973447	0	45.794983	648.191833	-59.554794	-0.111352	0	0.269831	-1.40E-05	2.181105	-4.00E-06
6.52	-1.175833	68.415924	7.774319	0.149427	0	-0.208128	0.00E+00	0.940301	0	46.108555	649.046997	-59.476463	-0.111466	0	0.269831	-6.00E-06	2.182515	-3.00E-06
6.521	-1.175833	67.205872	7.852486	0.147005	0	-0.21215	0	0.901081	0	46.108555	649.738159	-59.554794	-0.111516	0	0.269831	1.00E-06	2.182515	-3.00E-06
6.522	-1.095818	65.641373	8.47953	0.146161	0	-0.213255	0	0.940301	0	46.187122	649.738159	-59.398018	-0.111466	0	0.270856	1.00E-06	2.127284	-3.00E-06
6.523	-0.944443	64.950897	8.47953	0.146161	0	-0.215178	0	0.962737	1.00E-06	47.047813	654.023682	-59.633171	-0.111145	0	0.270856	-4.00E-06	2.127284	-4.00E-06
6.524	-0.940115	63.913704	7.068897	0.143526	0	-0.215178	0	0.986673	1.00E-06	47.206402	654.023682	-58.223019	-0.111145	0	0.269712	-4.00E-06	2.12846	-4.00E-06
6.525	-0.944443	60.301407	6.833744	0.145579	0	-0.208659	1.00E-06	0.986673	1.00E-06	47.206402	659.022644	-58.692959	-0.111732	0	0.269712	-9.00E-06	2.211783	-2.00E-06
6.526	-1.407942	58.41946	6.520386	0.145579	0	-0.208659	1.00E-06	0.843224	0	47.36499	662.787659	-58.692959	-0.111732	0	0.270245	-3.00E-06	2.267477	-1.00E-06
6.527	-1.407942	57.877483	6.441933	0.145579	0	-0.203964	1.00E-06	0.820286	0	47.520691	663.300232	-58.928276	-0.111717	0	0.27071	-9.00E-06	2.267477	-1.00E-06
6.528	-1.017967	54.939049	6.050159	0.143953	0	-0.212498	1.00E-06	0.843224	0	48.068531	665.706055	-58.928276	-0.111717	0	0.270615	1.00E-06	2.222562	-3.00E-06
6.529	-0.938671	54.61158	6.050117	0.14254	0	-0.208734	0	0.965872	0.00E+00	48.227844	666.400024	-58.379837	-0.111932	0	0.270615	-1.10E-05	2.222562	-3.00E-06
6.53	-0.938671	51.847099	5.893417	0.14254	0	-0.208734	0	0.973042	1.00E-06	48.305695	668.675049	-58.30159	-0.112093	0	0.269959	-1.20E-05	2.222562	-1.00E-06
6.531	-0.861542	51.847099	5.658264	0.149625	0	-0.208734	0	0.965872	1.00E-06	49.088535	669.159424	-58.066517	-0.112093	0	0.269959	-1.20E-05	2.248217	-1.00E-06
6.532	-0.860821	51.847099	5.501686	0.149625	0	-0.207475	0	0.973042	1.00E-06	49.088535	672.224365	-58.066517	-0.112195	0	0.270391	-1.20E-05	2.202663	0.00E+00
6.533	-0.705841	48.393684	4.87476	0.151483	0	-0.207676	0.00E+00	0.905138	0	49.48645	675.318359	-57.988068	-0.111809	0	0.271098	-1.20E-05	2.343379	-1.00E-06
6.534	-0.705841	47.704773	4.796551	0.146335	0	-0.207475	1.00E-06	0.921612	0	49.404987	676.197388	-57.988068	-0.112053	0	0.270708	-1.30E-05	2.298184	-1.00E-06
6.535	-1.173668	47.528507	4.796551	0.145173	0	-0.207146	1.00E-06	0.921612	0	49.404987	677.397339	-57.909981	-0.112053	0	0.270802	-1.50E-05	2.298184	-3.00E-06
6.536	-1.254404	44.605095	4.639488	0.145173	0	-0.203028	1.00E-06	0.921612	0	49.404987	679.111938	-57.753235	-0.112053	0	0.270802	-1.90E-05	2.286863	-3.00E-06
6.537	-1.642939	43.736065	4.639526	0.150875	0	-0.203028	1.00E-06	0.905438	0	49.794968	681.337158	-57.518204	-0.112044	0	0.270982	-1.90E-05	2.286863	-3.00E-06
6.538	-1.642939	42.70269	4.639488	0.152661	0	-0.205985	1.00E-06	0.784742	0.00E+00	49.794968	681.337158	-57.518204	-0.111695	0	0.270982	-1.30E-05	2.289958	0.00E+00
6.539	-1.640053	42.537201	4.482746	0.150875	0	-0.208268	0	0.784742	1.00E-06	50.033569	682.197754	-57.283253	-0.111695	0	0.270572	-1.30E-05	2.331946	-2.00E-06
6.54	-1.560759	40.269527	4.247631	0.15619	0	-0.210734	0	0.809313	0.00E+00	50.033569	685.130432	-57.283253	-0.111884	0	0.270572	-2.00E-05	2.331946	-1.00E-06
6.541	-1.560759	38.733562	4.247589	0.149055	0	-0.214434	0	0.819439	0	50.035736	688.550293	-57.283253	-0.11231	0	0.271701	-2.00E-05	2.331946	-2.00E-06
6.542	-1.63933	38.542244	4.247589	0.149055	0	-0.214062	0	0.809313	0	50.580692	688.550293	-56.343124	-0.112098	0	0.271701	-1.20E-05	2.360929	-2.00E-06
6.543	-1.797918	37.336067	4.404331	0.149055	0	-0.215984	0	0.833194	0	50.424992	689.411133	-57.283291	-0.112098	0	0.270979	-7.00E-06	2.360929	-5.00E-06
6.544	-1.873604	35.957886	4.639488	0.149626	0	-0.217053	0.00E+00	0.845252	0.00E+00	50.424992	689.418945	-55.794853	-0.112098	0	0.270979	-7.00E-06	2.338887	-2.00E-06
6.545	-1.797918	35.09	4.639488	0.149626	0	-0.221418	0	0.874566	0	50.424992	690.615051	-55.794853	-0.112322	0	0.271035	-7.00E-06	2.284422	-4.00E-06
6.546	-1.719345	34.568485	4.639488	0.148489	0	-0.225218	0	0.965428	0	50.740723	693.710083	-55.794853	-0.112322	0	0.271802	-7.00E-06	2.338887	-3.00E-06
6.547	-1.719345	34.219017	4.874317	0.146771	0	-0.225218	0.00E+00	0.965428	0	50.740723	694.049133	-55.481567	-0.112129	0	0.271802	-6.00E-06	2.284422	-4.00E-06
6.548	-1.795031	30.097574	4.325802	0.148489	0	-0.205319	0	0.820701	0	50.739277	695.433533	-55.324791	-0.112129	0	0.271109	-1.40E-05	2.332946	-4.00E-06
6.549	-1.871439	30.097574	4.404213	0.15168	0	-0.205319	0	0.743486	0	50.739277	695.433533	-55.167885	-0.112329	0	0.271109	-3.00E-06	2.332946	-4.00E-06
6.55	-1.795031	30.097574	4.404213	0.15168	0	-0.213578	0.00E+00	0.820701	0	50.585743	698.342651	-55.167885	-0.112329	0	0.271383	-9.00E-06	2.422593	-4.00E-06
6.551	-1.322876	28.873249	4.404213	0.155498	0	-0.224847	0	0.842279	0	50.97644	699.205566	-54.854557	-0.112308	0	0.271653	-9.00E-06	2.459103	-4.00E-06
6.552	-0.77792	28.363342	4.012199	0.155498	0	-0.228994	0	0.842279	0	50.585743	699.709351	-55.167927	-0.112308	0	0.271653	-1.40E-05	2.4921	-4.00E-06
6.553	-1.322876	26.294693	3.698833	0.161339	0	-0.228994	0	0.842279	0	50.432205	700.559448	-53.757694	-0.112308	0	0.271814	-1.40E-05	2.530959	-7.00E-06
6.554	-1.325041	26.287352	3.463802	0.161339	0	-0.227002	0	0.835252	0	50.432205	704.352295	-54.384697	-0.112317	0	0.271814	-5.00E-06	2.530959	-4.00E-06
6.555	-1.325041	26.287352	3.463802	0.161339	0	-0.227002	0	0.835252	0	50.512943	704.361206	-54.384697	-0.112488	0	0.272029	-5.00E-06	2.521522	-4.00E-06
6.556	0	0	0	0.2	0	-0.3	0	0	0	50.668644	706.417847	-54.384697	-0.1126	0	0.271972	-6.00E-06	2.505929	-4.00E-06
6.557	0	0	0	0.2	0	-0.3	0	0	0	50.823624	707.617432	-54.227997	-0.1126	0	0.271972	-8.00E-06	2.491789	-4.00E-06
6.558	0	0	0	0.2	0	-0.3	0	0	0	50.823624	707.617432	-53.52282	-0.112649	0	0.271972	-6.00E-06	2.472355	-4.00E-06
6.559	0	0	0	0.2	0	-0.3	0	0	0	50.823624	707.617432	-53.28775	-0.112486	0	0.271829	-2.10E-05	2.472355	-1.00E-06
6.56	0	0	0	0.2	0	-0.3	0	0	0	50.745773	710.188293	-53.131084	-0.112648	0	0.271701	-4.00E-06	2.472355	-4.00E-06
6.561	0	0	0	0.2	0	-0.3	0	0	0	50.592236	711.230103	-53.28775	-0.112486	0	0.271701	-4.00E-06	2.606798	-1.00E-06
6.562	0	0	0	0.2	0	-0.3	0	0	0	50.745773	711.230103	-52.817646	-0.112294	0	0.271883	0.00E+00	2.520804	-1.00E-06
6.563	0	0	0	0.2	0	-0.3	0	0	0	50.592236	712.783569	-52.034138	-0.112294	0	0.271883	2.00E-06	2.520804	-1.00E-06
6.564	0	0	0	0.2	0	-0.3	0	0	0	50.592236	712.783569	-51.877762	-0.112498	0	0.271883	4.00E-06	2.520804	-5.00E-06
6.565	0	0	0	0.2	0	-0.3	0	0	0	50.592236	715.173828	-51.799065	-0.112727	0	0.272287	4.00E-06	2.504302	-5.00E-06
6.566	0	0	0	0.2	0	-0.3	0	0	0	50.592236	715.34436	-51.720737	-0.112498	0	0.272287	-9.00E-06	2.598372	-3.00E-06
6.567	0	0	0	0.2	0	-0.3	0	0	0	50.516552	717.57605	-51.329048	-0.112727	0	0.272135	-9.00E-06	2.552947	-3.00E-06
6.568	0	0	0	0.2	0	-0.3	0	0	0	50.514385	717.57605	-51.250675	-0.112392	0	0.272009	-9.00E-06	2.608284	-3.00E-06
6.569	0	0	0	0.2	0	-0.3	0	0	0	50.359402	716.906189	-50.780609	-0.112779	0	0.271584	-9.00E-06	2.576282	-3.00E-06
6.57	0	0	0	0.2	0	-0.3	0	0	0	50.356514	716.906189	-49.840324	-0.112606	0	0.271584	-1.70E-05	2.576282	-7.00E-06
6.571	0	0	0	0.2	0	-0.3	0	0	0	50.356514	719.464966	-49.527081	-0.112606	0	0.272412	-1.10E-05	2.5684	-7.00E-06
6.572	0	0	0	0.2	0	-0.3	0	0	0	50.356514	723.084595	-49.527081	-0.112606	0	0.272412	-1.70E-05	2.5684	-5.00E-06
6.573	0	0	0	0.2	0	-0.3	0	0	0	50.436531	721.52948	-49.761951	-0.112254	0	0.272382	-1.10E-05	2.60879	-2.00E-06
6.574	0	0	0	0.2	0	-0.3	0	0	0	50.436531	722.568909	-49.761951	-0.112555	0	0.27187	-1.00E-05	2.703022	-2.00E-06
6.575	0	0	0	0.2	0	-0.3	0	0	0	50.436531	722.568909	-49.213554	-0.112555	0	0.27187	-1.00E-05	2.60879	-1.00E-06
6.576	0	0	0	0.2	0	-0.3	0	0	0	50.047276	724.448181	-48.195061	-0.112761	0	0.272958	-1.30E-05	2.664307	-3.00E-06
6.577	0	0	0	0.2	0	-0.3	0	0	0	49.967979	724.448181	-47.568253	-0.112761	0	0.272958	-1.50E-05	2.602715	-2.00E-06
6.578	0	0	0	0.2	0	-0.3	0	0	0	49.967979	725.147827	-47.568214	-0.112761	0	0.272236	-1.50E-05	2.664307	-2.00E-06
6.579	0	0	0	0.2	0	-0.3	0	0	0	49.65802	725.147827	-47.568214	-0.113027	0	0.272236	-1.50E-05	2.68847	-2.00E-06
6.58	0	0	0	0.2	0	-0.3	0	0	0	49.65802	727.715637	-46.627968	-0.113027	0	0.272326	-1.20E-05	2.68847	-2.00E-06
6.581	0	0	0	0.2	0	-0.3	0	0	0	49.65802	727.906189	-46.627968	-0.112953	0	0.272484	-8.00E-06	2.68847	-2.00E-06
6.582	0	0	0	0.2	0	-0.3	0	0	0	49.340843	727.715637	-46.471264	-0.11284	0	0.27294	-3.00E-06	2.599788	-1.00E-06
6.583	0	0	0	0.2	0	-0.3	0	0	0	48.873737	725.831055	-46.236195	-0.112715	0	0.272484	0.00E+00	2.616612	-3.00E-06
6.584	0	0	0	0.2	0	-0.3	0	0	0	49.029442	725.831055	-45.374275	-0.11284	0	0.271782	0	2.599788	-2.00E-06
6.585	0	0	0	0.2	0	-0.3	0	0	0	49.029442	726.355286	-45.374275	-0.113023	0	0.271782	-7.00E-06	2.616612	-3.00E-06
6.586	0	0	0	0.2	0	-0.3	0	0	0	49.029442	729.596436	-44.669182	-0.113146	0	0.273662	-1.00E-05	2.597091	-3.00E-06
6.587	0	0	0	0.2	0	-0.3	0	0	0	49.028717	729.596436	-44.66906	-0.113146	0	0.273662	-2.00E-05	2.694482	-3.00E-06
6.588	0	0	0	0.2	0	-0.3	0	0	0	49.028717	729.596436	-44.512318	-0.113123	0	0.272859	-1.00E-05	2.684269	-3.00E-06
6.589	0	0	0	0.2	0	-0.3	0	0	0	49.031605	728.230225	-43.728931	-0.113123	0	0.272531	-1.30E-05	2.684269	-4.00E-06
6.59	0	0	0	0.2	0	-0.3	0	0	0	49.031605	728.393372	-43.65044	-0.113205	0	0.272859	-8.00E-06	2.684269	-4.00E-06
6.591	0	0	0	0.2	0	-0.3	0	0	0	49.106571	728.230225	-42.945385	-0.113205	0	0.273009	-8.00E-06	2.685358	-2.00E-06
6.592	0	0	0	0.2	0	-0.3	0	0	0	48.796612	728.393372	-42.945385	-0.113205	0	0.273119	-8.00E-06	2.710554	-2.00E-06
6.593	0	0	0	0.2	0	-0.3	0	0	0	47.700203	726.860107	-42.475121	-0.113299	0	0.273119	-8.00E-06	2.714217	-3.00E-06
6.594	0	0	0	0.2	0	-0.3	0	0	0	47.700203	729.613037	-42.475121	-0.113505	0	0.272741	-6.00E-06	2.734817	-3.00E-06
6.595	0	0	0	0.2	0	-0.3	0	0	0	48.403748	729.613037	-42.004814	-0.113505	0	0.272741	-6.00E-06	2.744985	-3.00E-06
6.596	0	0	0	0.2	0	-0.3	0	0	0	48.48304	729.613037	-41.456543	-0.113459	0	0.273414	-6.00E-06	2.744985	-3.00E-06
6.597	0	0	0	0.2	0	-0.3	0	0	0	48.559448	728.056641	-41.456421	-0.113459	0	0.273418	-7.00E-06	2.654406	-6.00E-06
6.598	0	0	0	0.2	0	-0.3	0	0	0	48.559448	727.88501	-41.456543	-0.113532	0	0.273418	-5.00E-06	2.531572	-6.00E-06
6.599	0	0	0	0.2	0	-0.3	0	0	0	48.560894	727.88501	-40.751328	-0.113532	0	0.272969	-1.10E-05	2.531572	-6.00E-06
6.6	0	0	0	0.2	0	-0.3	0	0	0	48.560894	727.88501	-39.889286	-0.113582	0	0.272969	-1.00E-05	2.774986	-3.00E-06
6.601	0	0	0	0.2	0	-0.3	0	0	0	48.560894	730.457703	-39.183952	-0.113562	0	0.273725	-1.40E-05	2.83138	-3.00E-06
6.602	0	0	0	0.2	0	-0.3	0	0	0	48.715149	730.457703	-39.027328	-0.113562	0	0.273725	-1.00E-05	2.83138	-3.00E-06
6.603	0	0	0	0.2	0	-0.3	0	0	0	48.559448	726.359131	-37.930382	-0.113447	0	0.273438	-1.00E-05	2.716627	-4.00E-06
6.604	0	0	0	0.2	0	-0.3	0	0	0	48.715149	726.359131	-37.616737	-0.113447	0	0.273438	-8.00E-06	2.716627	-6.00E-06
6.605	0	0	0	0.2	0	-0.3	0	0	0	48.796612	726.359131	-37.616737	-0.11359	0	0.273631	-8.00E-06	2.883241	-6.00E-06
6.606	0	0	0	0.2	0	-0.3	0	0	0	48.796612	726.510681	-37.460155	-0.113754	0	0.273631	-8.00E-06	2.883241	-6.00E-06
6.607	0	0	0	0.2	0	-0.3	0	0	0	48.556564	725.477295	-36.833351	-0.113807	0	0.273626	-9.00E-06	2.728112	-5.00E-06
6.608	0	0	0	0.2	0	-0.3	0	0	0	48.400864	725.477295	-36.128136	-0.113807	0	0.273626	-1.90E-05	2.728112	-1.00E-06
6.609	0	0	0	0.2	0	-0.3	0	0	0	48.556564	725.477295	-35.892902	-0.113807	0	0.273598	-2.00E-05	2.80408	-1.00E-06
6.61	0	0	0	0.2	0	-0.3	0	0	0	48.558006	725.641968	-35.422836	-0.113757	0	0.273899	-2.00E-05	2.80408	-3.00E-06
6.611	0	0	0	0.2	0	-0.3	0	0	0	48.947983	725.641968	-34.952812	-0.113834	0	0.27377	-1.50E-05	2.771232	-4.00E-06
6.612	0	0	0	0.2	0	-0.3	0	0	0	48.947983	725.639343	-34.952736	-0.113834	0	0.273895	-1.10E-05	2.771232	-4.00E-06
6.613	0	0	0	0.2	0	-0.3	0	0	0	49.102959	722.196655	-34.404221	-0.113834	0	0.273895	-1.10E-05	2.800677	-3.00E-06
6.614	0	0	0	0.2	0	-0.3	0	0	0	49.102959	722.90802	-33.698883	-0.113965	0	0.273895	-1.00E-05	2.814219	-3.00E-06
6.615	0	0	0	0.2	0	-0.3	0	0	0	49.102959	722.90802	-33.463768	-0.114149	0	0.274313	3.00E-06	2.814219	-4.00E-06
6.616	0	0	0	0.2	0	-0.3	0	0	0	48.083683	723.219238	-33.30727	-0.114149	0	0.274308	6.00E-06	2.79422	-4.00E-06
6.617	0	0	0	0.2	0	-0.3	0	0	0	48.005833	723.219238	-32.915337	-0.113938	0	0.274308	6.00E-06	2.747544	-1.00E-06
6.618	0	0	0	0.2	0	-0.3	0	0	0	48.005833	721.860291	-32.915215	-0.113938	0	0.274097	6.00E-06	2.79422	-1.00E-06
6.619	0	0	0	0.2	0	-0.3	0	0	0	48.005833	721.860291	-32.445072	-0.114316	0	0.274097	6.00E-06	2.722362	-1.00E-06
6.62	0	0	0	0.2	0	-0.3	0	0	0	47.851574	723.053406	-31.426531	-0.114316	0	0.27455	-8.00E-06	2.755745	-4.00E-06
6.621	0	0	0	0.2	0	-0.3	0	0	0	47.84869	723.067261	-31.269869	-0.114376	0	0.274652	-6.00E-06	2.755745	-2.00E-06
6.622	0	0	0	0.2	0	-0.3	0	0	0	47.84869	723.053406	-31.269789	-0.114143	0	0.274652	-6.00E-06	2.770183	-4.00E-06
6.623	0	0	0	0.2	0	-0.3	0	0	0	47.84869	718.747192	-30.172798	-0.114143	0	0.274691	-6.00E-06	2.819226	-4.00E-06
6.624	0	0	0	0.2	0	-0.3	0	0	0	48.39653	718.747192	-29.467543	-0.114143	0	0.274374	-7.00E-06	2.823067	-4.00E-06
6.625	0	0	0	0.2	0	-0.3	0	0	0	48.319401	719.109314	-29.467543	-0.114197	0	0.274691	-7.00E-06	2.823067	-4.00E-06
6.626	0	0	0	0.2	0	-0.3	0	0	0	48.319401	719.109314	-29.310923	-0.114474	0	0.274707	-7.00E-06	2.823067	-3.00E-06
6.627	0	0	0	0.2	0	-0.3	0	0	0	47.453659	717.383606	-29.15414	-0.11422	0	0.274707	-1.90E-05	2.867232	-3.00E-06
6.628	0	0	0	0.2	0	-0.3	0	0	0	47.218662	716.867126	-28.997316	-0.114474	0	0.274707	-1.90E-05	2.74735	0.00E+00
6.629	0	0	0	0.2	0	-0.3	0	0	0	47.218662	716.867126	-28.448803	-0.114507	0	0.274249	-6.00E-06	2.790441	-4.00E-06
6.63	0	0	0	0.2	0	-0.3	0	0	0	47.296513	717.040283	-28.056829	-0.114648	0	0.274878	-5.00E-06	2.74735	-3.00E-06
6.631	0	0	0	0.2	0	-0.3	0	0	0	47.763618	717.040283	-27.351774	-0.114648	0	0.275296	-3.00E-06	2.714259	-4.00E-06
6.632	0	0	0	0.2	0	-0.3	0	0	0	47.763618	714.271912	-27.351774	-0.114222	0	0.275296	-5.00E-06	2.714259	-6.00E-06
6.633	0	0	0	0.2	0	-0.3	0	0	0	47.064407	714.104187	-26.332914	-0.11422	0	0.27512	-3.00E-06	2.825125	-7.00E-06
6.634	0	0	0	0.2	0	-0.3	0	0	0	47.06152	714.104187	-26.332914	-0.11422	0	0.27512	-3.00E-06	2.825125	-7.00E-06
6.635	0	0	0	0.2	0	-0.3	0	0	0	47.064407	713.075012	-25.784639	-0.114603	0	0.275345	-3.00E-06	2.80946	-8.00E-06
6.636	0	0	0	0.2	0	-0.3	0	0	0	47.06152	713.075012	-25.549528	-0.114603	0	0.275345	-1.00E-06	2.773588	-5.00E-06
6.637	0	0	0	0.2	0	-0.3	0	0	0	46.355087	711.190735	-25.157633	-0.114603	0	0.275497	-1.70E-05	2.773588	-8.00E-06
6.638	0	0	0	0.2	0	-0.3	0	0	0	46.27507	710.8479	-24.84403	-0.114576	0	0.275198	-3.00E-06	2.773588	-5.00E-06
6.639	0	0	0	0.2	0	-0.3	0	0	0	46.27507	709.993042	-24.609118	-0.114948	0	0.275499	-3.00E-06	2.833219	-7.00E-06
6.64	0	0	0	0.2	0	-0.3	0	0	0	46.510788	709.993042	-23.74712	-0.114905	0	0.275499	3.00E-06	2.754972	-4.00E-06
6.641	0	0	0	0.2	0	-0.3	0	0	0	46.510788	709.993042	-23.511766	-0.114905	0	0.275811	3.00E-06	2.8132	-4.00E-06
6.642	0	0	0	0.2	0	-0.3	0	0	0	46.587921	709.80719	-23.355307	-0.114744	0	0.275811	0.00E+00	2.8132	-4.00E-06
6.643	0	0	0	0.2	0	-0.3	0	0	0	46.272907	708.780334	-21.709723	-0.114744	0	0.275941	-1.50E-05	2.837941	-3.00E-06
6.644	0	0	0	0.2	0	-0.3	0	0	0	46.585033	706.36615	-21.70956	-0.115047	0	0.276067	-1.10E-05	2.837941	-3.00E-06
6.645	0	0	0	0.2	0	-0.3	0	0	0	46.272907	706.36615	-21.082836	-0.115047	0	0.276067	-1.10E-05	2.821959	-3.00E-06
6.646	0	0	0	0.2	0	-0.3	0	0	0	46.585033	705.164551	-20.926376	-0.115047	0	0.276035	-1.10E-05	2.679488	-4.00E-06
6.647	0	0	0	0.2	0	-0.3	0	0	0	46.270741	704.99292	-20.769472	-0.114895	0	0.275798	-1.30E-05	2.679488	-4.00E-06
6.648	0	0	0	0.2	0	-0.3	0	0	0	46.112877	701.552307	-20.769354	-0.115048	0	0.275935	-1.30E-05	2.697769	-1.00E-06
6.649	0	0	0	0.2	0	-0.3	0	0	0	46.112877	701.552307	-20.220877	-0.115048	0	0.275935	-1.00E-05	2.739465	-1.00E-06
6.65	0	0	0	0.2	0	-0.3	0	0	0	46.191452	701.552307	-19.672243	-0.115048	0	0.276627	-7.00E-06	2.778549	-5.00E-06
6.651	0	0	0	0.2	0	-0.3	0	0	0	46.425003	701.029602	-19.123848	-0.114851	0	0.276627	-6.00E-06	2.783586	-5.00E-06
6.652	0	0	0	0.2	0	-0.3	0	0	0	46.425003	701.029602	-19.123848	-0.114851	0	0.27659	-7.00E-06	2.783586	-6.00E-06
6.653	0	0	0	0.2	0	-0.3	0	0	0	45.249302	698.107239	-18.888655	-0.115253	0	0.27655	-1.50E-05	2.783586	-5.00E-06
6.654	0	0	0	0.2	0	-0.3	0	0	0	45.249302	698.107239	-19.202019	-0.115253	0	0.27659	-1.50E-05	2.793111	-5.00E-06
6.655	0	0	0	0.2	0	-0.3	0	0	0	46.032143	698.107239	-18.26169	-0.115224	0	0.276799	-1.20E-05	2.764771	-5.00E-06
6.656	0	0	0	0.2	0	-0.3	0	0	0	46.032143	697.939087	-18.26169	-0.115206	0	0.277059	-1.20E-05	2.777551	-8.00E-06
6.657	0	0	0	0.2	0	-0.3	0	0	0	46.031418	696.380737	-18.10507	-0.115206	0	0.277059	-2.10E-05	2.777551	-8.00E-06
6.658	0	0	0	0.2	0	-0.3	0	0	0	46.029255	696.380737	-18.026577	-0.115305	0	0.277059	-2.10E-05	2.789846	-5.00E-06
6.659	0	0	0	0.2	0	-0.3	0	0	0	46.029255	697.078918	-17.791426	-0.115413	0	0.277111	-2.10E-05	2.789846	-5.00E-06
6.66	0	0	0	0.2	0	-0.3	0	0	0	46.029255	697.078918	-17.16474	-0.115413	0	0.277629	-1.40E-05	2.789846	-5.00E-06
6.661	0	0	0	0.2	0	-0.3	0	0	0	45.793537	696.035522	-17.16474	-0.115433	0	0.277629	-2.10E-05	2.75139	-7.00E-06
6.662	0	0	0	0.2	0	-0.3	0	0	0	45.793537	695.877075	-16.851217	-0.115203	0	0.277629	-1.30E-05	2.806518	-3.00E-06
6.663	0	0	0	0.2	0	-0.3	0	0	0	45.793537	689.328613	-15.440704	-0.115433	0	0.277933	-1.30E-05	2.91166	-5.00E-06
6.664	0	0	0	0.2	0	-0.3	0	0	0	45.875717	689.328613	-15.440704	-0.1158	0	0.277933	-6.00E-06	2.91166	-5.00E-06
6.665	0	0	0	0.2	0	-0.3	0	0	0	46.102055	690.184082	-15.440704	-0.1158	0	0.278021	-5.00E-06	2.678917	-5.00E-06
6.666	0	0	0	0.2	0	-0.3	0	0	0	46.102055	690.184082	-15.518873	-0.1155	0	0.277805	-5.00E-06	2.678917	-3.00E-06
6.667	0	0	0	0.2	0	-0.3	0	0	0	45.397789	685.887573	-15.04881	-0.115188	0	0.277859	-5.00E-06	2.650105	-3.00E-06
6.668	0	0	0	0.2	0	-0.3	0	0	0	45.397789	685.887573	-15.04881	-0.115188	0	0.277482	-8.00E-06	2.726324	-4.00E-06
6.669	0	0	0	0.2	0	-0.3	0	0	0	45.162071	687.104065	-14.891907	-0.115523	0	0.277859	-8.00E-06	2.689677	-4.00E-06
6.67	0	0	0	0.2	0	-0.3	0	0	0	45.475639	687.104065	-14.186974	-0.115558	0	0.278461	-1.00E-06	2.727746	-4.00E-06
6.671	0	0	0	0.2	0	-0.3	0	0	0	45.475639	685.370178	-13.481556	-0.115558	0	0.278461	-1.00E-06	2.689677	-4.00E-06
6.672	0	0	0	0.2	0	-0.3	0	0	0	45.475639	684.682922	-13.481556	-0.115558	0	0.278457	-8.00E-06	2.669538	-7.00E-06
6.673	0	0	0	0.2	0	-0.3	0	0	0	44.766319	683.838562	-13.246725	-0.115845	0	0.278116	-1.70E-05	2.618907	-3.00E-06
6.674	0	0	0	0.2	0	-0.3	0	0	0	44.766319	684.682922	-12.69805	-0.115845	0	0.278116	-1.00E-05	2.668868	-3.00E-06
6.675	0	0	0	0.2	0	-0.3	0	0	0	44.766319	683.838562	-12.69805	-0.115588	0	0.278899	-1.00E-05	2.618968	-3.00E-06
6.676	0	0	0	0.2	0	-0.3	0	0	0	44.688469	681.060486	-12.69805	-0.115588	0	0.278899	2.00E-06	2.6375	-3.00E-06
6.677	0	0	0	0.2	0	-0.3	0	0	0	44.608452	679.507141	-12.384566	-0.115765	0	0.278899	2.00E-06	2.618968	-4.00E-06
6.678	0	0	0	0.2	0	-0.3	0	0	0	44.688469	678.830627	-11.835891	-0.115765	0	0.278787	-1.20E-05	2.6375	-6.00E-06
6.679	0	0	0	0.2	0	-0.3	0	0	0	44.764877	679.507141	-11.130754	-0.115765	0	0.278946	-1.50E-05	2.588865	-6.00E-06
6.68	0	0	0	0.2	0	-0.3	0	0	0	44.764877	679.84314	-10.974052	-0.11571	0	0.278946	-1.50E-05	2.630301	-4.00E-06
6.681	0	0	0	0.2	0	-0.3	0	0	0	44.450588	679.84314	-10.817352	-0.115831	0	0.279116	-1.20E-05	2.586437	-4.00E-06
6.682	0	0	0	0.2	0	-0.3	0	0	0	43.902023	678.478516	-10.58232	-0.115831	0	0.279461	-8.00E-06	2.5802	-4.00E-06
6.683	0	0	0	0.2	0	-0.3	0	0	0	43.822731	677.277649	-9.171928	-0.115913	0	0.279461	-8.00E-06	2.503212	-4.00E-06
6.684	0	0	0	0.2	0	-0.3	0	0	0	43.897694	674.689453	-9.171928	-0.115913	0	0.27974	-8.00E-06	2.474832	-4.00E-06
6.685	0	0	0	0.2	0	-0.3	0	0	0	43.742714	675.546936	-9.093637	-0.11605	0	0.279861	-1.00E-05	2.474832	-4.00E-06
6.686	0	0	0	0.2	0	-0.3	0	0	0	43.819843	675.546936	-8.936735	-0.115744	0	0.279861	-2.30E-05	2.492236	-4.00E-06
6.687	0	0	0	0.2	0	-0.3	0	0	0	43.742714	675.546936	-8.936654	-0.115983	0	0.279841	-2.30E-05	2.492236	-3.00E-06
6.688	0	0	0	0.2	0	-0.3	0	0	0	43.273445	672.805176	-8.858324	-0.115961	0	0.279623	-1.00E-05	2.492236	-5.00E-06
6.689	0	0	0	0.2	0	-0.3	0	0	0	43.273445	672.805176	-8.466511	-0.115983	0	0.279623	-1.00E-05	2.464861	-5.00E-06
6.69	0	0	0	0.2	0	-0.3	0	0	0	43.273445	672.805176	-8.074656	-0.115961	0	0.280414	-1.00E-05	2.475431	-5.00E-06
6.691	0	0	0	0.2	0	-0.3	0	0	0	43.113411	669.518433	-7.918036	-0.11601	0	0.280414	-8.00E-06	2.394327	-4.00E-06
6.692	0	0	0	0.2	0	-0.3	0	0	0	42.719105	669.518433	-7.918036	-0.115997	0	0.280171	-8.00E-06	2.462824	-3.00E-06
6.693	0	0	0	0.2	0	-0.3	0	0	0	42.719105	666.953003	-7.369401	-0.115997	0	0.279707	-1.70E-05	2.387711	-2.00E-06
6.694	0	0	0	0.2	0	-0.3	0	0	0	42.640533	670.211487	-7.36928	-0.115997	0	0.280171	-1.70E-05	2.387172	-2.00E-06
6.695	0	0	0	0.2	0	-0.3	0	0	0	42.640533	669.860046	-6.429072	-0.116223	0	0.280867	-1.60E-05	2.387172	-2.00E-06
6.696	0	0	0	0.2	0	-0.3	0	0	0	42.638367	669.860046	-6.272532	-0.116223	0	0.280867	-1.60E-05	2.387172	-7.00E-06
6.697	0	0	0	0.2	0	-0.3	0	0	0	42.322636	665.229919	-6.037179	-0.116115	0	0.280393	-1.60E-05	2.393987	-7.00E-06
6.698	0	0	0	0.2	0	-0.3	0	0	0	42.322636	665.229919	-5.410493	-0.116115	0	0.280393	-1.40E-05	2.393987	-7.00E-06
6.699	0	0	0	0.2	0	-0.3	0	0	0	42.321911	665.908325	-4.940309	-0.116193	0	0.281154	-1.40E-05	2.393987	-4.00E-06
6.7	0	0	0	0.2	0	-0.3	0	0	0	42.399765	666.936401	-4.783608	-0.116193	0	0.281187	-1.00E-05	2.260558	-4.00E-06
6.701	0	0	0	0.2	0	-0.3	0	0	0	42.321911	666.247803	-4.548536	-0.116132	0	0.281238	-1.00E-05	2.260558	0.00E+00
6.702	0	0	0	0.2	0	-0.3	0	0	0	42.240456	666.247803	-4.078311	-0.116086	0	0.281238	-1.00E-05	2.251944	0
6.703	0	0	0	0.2	0	-0.3	0	0	0	41.538353	664.876221	-3.99986	-0.116026	0	0.28082	-6.00E-06	2.296355	0
6.704	0	0	0	0.2	0	-0.3	0	0	0	42.240456	664.876221	-3.608006	-0.116026	0	0.28082	-1.60E-05	2.18861	-5.00E-06
6.705	0	0	0	0.2	0	-0.3	0	0	0	42.630432	664.876221	-3.216394	-0.115999	0	0.281374	-8.00E-06	2.178601	-5.00E-06
6.706	0	0	0	0.2	0	-0.3	0	0	0	42.630432	661.100647	-2.74637	-0.116241	0	0.281374	-1.20E-05	2.169948	-5.00E-06
6.707	0	0	0	0.2	0	-0.3	0	0	0	41.770462	661.084106	-2.589508	-0.11619	0	0.281374	-8.00E-06	2.169948	-3.00E-06
6.708	0	0	0	0.2	0	-0.3	0	0	0	41.770462	659.893005	-2.119445	-0.116327	0	0.281464	-1.20E-05	2.169948	-5.00E-06
6.709	0	0	0	0.2	0	-0.3	0	0	0	41.770462	659.893005	-1.72755	-0.116422	0	0.281525	-7.00E-06	2.163298	-3.00E-06
6.71	0	0	0	0.2	0	-0.3	0	0	0	42.081146	659.893005	-1.335737	-0.116422	0	0.281862	-6.00E-06	2.16161	-4.00E-06
6.711	0	0	0	0.2	0	-0.3	0	0	0	41.767578	659.532288	-1.335737	-0.116115	0	0.281862	-3.00E-06	2.106638	-3.00E-06
6.712	0	0	0	0.2	0	-0.3	0	0	0	41.375435	659.532288	-1.414148	-0.116115	0	0.281401	-2.00E-06	2.106638	-3.00E-06
6.713	0	0	0	0.2	0	-0.3	0	0	0	41.375435	660.566467	-1.414148	-0.116248	0	0.281401	-2.00E-06	2.287976	-3.00E-06
6.714	0	0	0	0.2	0	-0.3	0	0	0	41.926163	661.082153	-0.630481	-0.116248	0	0.282126	-1.20E-05	2.287976	-4.00E-06
6.715	0	0	0	0.2	0	-0.3	0	0	0	41.926163	661.082153	0.309405	-0.116256	0	0.282126	-1.50E-05	2.138843	-4.00E-06
6.716	0	0	0	0.2	0	-0.3	0	0	0	41.686836	658.851929	0.858041	-0.116256	0	0.282045	-2.30E-05	2.079999	-4.00E-06
6.717	0	0	0	0.2	0	-0.3	0	0	0	41.53186	658.848022	1.014863	-0.116256	0	0.282032	-2.30E-05	2.068922	-7.00E-06
6.718	0	0	0	0.2	0	-0.3	0	0	0	41.686836	656.269104	1.014863	-0.116369	0	0.282045	-1.30E-05	2.068922	-5.00E-06
6.719	0	0	0	0.2	0	-0.3	0	0	0	41.687561	656.269104	1.485007	-0.116851	0	0.28236	-1.10E-05	2.061125	-7.00E-06
6.72	0	0	0	0.2	0	-0.3	0	0	0	41.841095	658.307556	1.641668	-0.116851	0	0.283244	-1.10E-05	2.023473	-5.00E-06
6.721	0	0	0	0.2	0	-0.3	0	0	0	41.841095	658.307556	1.641668	-0.11657	0	0.283244	-8.00E-06	2.023473	-5.00E-06
6.722	0	0	0	0.2	0	-0.3	0	0	0	41.841095	655.742615	1.641668	-0.11657	0	0.283059	-2.00E-06	2.023473	-4.00E-06
6.723	0	0	0	0.2	0	-0.3	0	0	0	41.839653	655.742615	2.894876	-0.116883	0	0.282082	-8.00E-06	2.008826	-5.00E-06
6.724	0	0	0	0.2	0	-0.3	0	0	0	41.841095	657.461731	2.895319	-0.116883	0	0.283059	-4.00E-06	1.991032	-1.00E-06
6.725	0	0	0	0.2	0	-0.3	0	0	0	42.075371	657.461731	3.13015	-0.116905	0	0.283095	-4.00E-06	1.958699	-5.00E-06
6.726	0	0	0	0.2	0	-0.3	0	0	0	42.156109	656.929443	3.13015	-0.116875	0	0.283095	-4.00E-06	1.991032	-5.00E-06
6.727	0	0	0	0.2	0	-0.3	0	0	0	42.075371	654.348511	3.208681	-0.116892	0	0.283257	-3.00E-06	2.049294	-5.00E-06
6.728	0	0	0	0.2	0	-0.3	0	0	0	42.469677	654.348511	3.208681	-0.116892	0	0.283257	-7.00E-06	2.049294	-3.00E-06
6.729	0	0	0	0.2	0	-0.3	0	0	0	42.625381	657.090637	3.913737	-0.116892	0	0.28422	-7.00E-06	2.017519	-3.00E-06
6.73	0	0	0	0.2	0	-0.3	0	0	0	42.625381	657.090637	3.913737	-0.116785	0	0.28422	-7.00E-06	1.93533	-2.00E-06
6.731	0	0	0	0.2	0	-0.3	0	0	0	42.466789	654.520935	3.600375	-0.116785	0	0.284244	-1.10E-05	1.93533	-4.00E-06
6.732	0	0	0	0.2	0	-0.3	0	0	0	42.388939	654.520935	3.600375	-0.116785	0	0.284244	-7.00E-06	1.990699	-3.00E-06
6.733	0	0	0	0.2	0	-0.3	0	0	0	42.155388	654.520935	3.678826	-0.117142	0	0.284581	1.00E-06	2.095013	-3.00E-06
6.734	0	0	0	0.2	0	-0.3	0	0	0	42.155388	655.190918	4.383921	-0.117307	0	0.284955	1.00E-06	2.095013	-3.00E-06
6.735	0	0	0	0.2	0	-0.3	0	0	0	42.231071	653.992065	4.853904	-0.117307	0	0.285226	1.00E-06	2.000078	-5.00E-06
6.736	0	0	0	0.2	0	-0.3	0	0	0	42.386776	653.624451	4.462131	-0.116714	0	0.284955	-2.00E-06	1.987943	-5.00E-06
6.737	0	0	0	0.2	0	-0.3	0	0	0	42.386776	652.953735	4.853904	-0.116714	0	0.284347	-8.00E-06	1.883108	-6.00E-06
6.738	0	0	0	0.2	0	-0.3	0	0	0	42.30748	652.953735	5.010565	-0.11687	0	0.284347	-8.00E-06	1.883108	-4.00E-06
6.739	0	0	0	0.2	0	-0.3	0	0	0	42.30748	653.804199	5.324048	-0.117018	0	0.285479	-1.00E-05	1.889355	-6.00E-06
6.74	0	0	0	0.2	0	-0.3	0	0	0	42.776749	655.870972	5.324048	-0.117018	0	0.285479	-1.00E-05	1.889355	-5.00E-06
6.741	0	0	0	0.2	0	-0.3	0	0	0	42.776749	655.870972	5.48079	-0.117095	0	0.285479	-1.00E-05	1.863581	-5.00E-06
6.742	0	0	0	0.2	0	-0.3	0	0	0	42.776749	653.801147	5.637249	-0.116899	0	0.285428	-1.00E-05	1.708363	-5.00E-06
6.743	0	0	0	0.2	0	-0.3	0	0	0	42.851715	653.801147	6.264337	-0.117271	0	0.285525	-1.00E-05	1.708363	-4.00E-06
6.744	0	0	0	0.2	0	-0.3	0	0	0	43.16745	653.808472	6.499207	-0.11686	0	0.285679	-1.00E-05	1.862644	-6.00E-06
6.745	0	0	0	0.2	0	-0.3	0	0	0	43.16745	653.808472	6.812771	-0.116986	0	0.285851	-9.00E-06	1.862644	-4.00E-06
6.746	0	0	0	0.2	0	-0.3	0	0	0	42.851715	651.909546	7.126214	-0.116986	0	0.285851	-9.00E-06	1.862644	-4.00E-06
6.747	0	0	0	0.2	0	-0.3	0	0	0	42.851715	651.550781	6.969512	-0.116986	0	0.285851	-9.00E-06	1.849169	-4.00E-06
6.748	0	0	0	0.2	0	-0.3	0	0	0	42.698181	651.909546	7.126214	-0.117244	0	0.28609	-1.60E-05	1.849169	-2.00E-06
6.749	0	0	0	0.2	0	-0.3	0	0	0	42.850273	652.251648	7.439576	-0.117136	0	0.286244	-1.30E-05	1.75998	-2.00E-06
6.75	0	0	0	0.2	0	-0.3	0	0	0	42.850273	652.742676	7.988051	-0.117136	0	0.287115	-1.30E-05	1.740085	-2.00E-06
6.751	0	0	0	0.2	0	-0.3	0	0	0	42.852436	652.742676	8.301454	-0.116967	0	0.287115	-1.30E-05	1.739559	-3.00E-06
6.752	0	0	0	0.2	0	-0.3	0	0	0	42.852436	652.742676	8.301454	-0.116967	0	0.286768	-8.00E-06	1.739559	-3.00E-06
6.753	0	0	0	0.2	0	-0.3	0	0	0	42.852436	654.632751	9.555024	-0.117337	0	0.286768	-8.00E-06	1.773755	-2.00E-06
6.754	0	0	0	0.2	0	-0.3	0	0	0	42.928123	654.632751	9.24142	-0.117337	0	0.287174	-6.00E-06	1.773755	-2.00E-06
6.755	0	0	0	0.2	0	-0.3	0	0	0	43.008862	654.465332	9.24142	-0.117042	0	0.287419	-6.00E-06	1.748784	-4.00E-06
6.756	0	0	0	0.2	0	-0.3	0	0	0	42.928123	652.394775	9.24142	-0.117042	0	0.287419	0.00E+00	1.713941	-4.00E-06
6.757	0	0	0	0.2	0	-0.3	0	0	0	42.770981	651.69574	9.790176	-0.117042	0	0.287438	-4.00E-06	1.748784	-4.00E-06
6.758	0	0	0	0.2	0	-0.3	0	0	0	42.770981	651.69574	10.103337	-0.117139	0	0.287552	-4.00E-06	1.713941	-4.00E-06
6.759	0	0	0	0.2	0	-0.3	0	0	0	43.238808	654.460266	9.790176	-0.11714	0	0.287552	-8.00E-06	1.621086	-3.00E-06
6.76	0	0	0	0.2	0	-0.3	0	0	0	43.238808	654.460266	10.025087	-0.11714	0	0.288313	-8.00E-06	1.596216	-3.00E-06
6.761	0	0	0	0.2	0	-0.3	0	0	0	42.92524	654.108521	10.025087	-0.117015	0	0.288313	-7.00E-06	1.596216	-2.00E-06
6.762	0	0	0	0.2	0	-0.3	0	0	0	42.92524	652.70874	10.338531	-0.116942	0	0.288176	-4.00E-06	1.596216	-3.00E-06
6.763	0	0	0	0.2	0	-0.3	0	0	0	42.534538	654.108521	11.827052	-0.117015	0	0.28777	-4.00E-06	1.415196	-1.00E-06
6.764	0	0	0	0.2	0	-0.3	0	0	0	43.08094	654.282104	11.827052	-0.116942	0	0.288176	-1.90E-05	1.415196	-3.00E-06
6.765	0	0	0	0.2	0	-0.3	0	0	0	43.550209	654.282104	11.51361	-0.116707	0	0.288091	-1.90E-05	1.438772	-1.00E-06
6.766	0	0	0	0.2	0	-0.3	0	0	0	43.550209	653.22522	11.435319	-0.116707	0	0.288091	-1.20E-05	1.496321	-2.00E-06
6.767	0	0	0	0.2	0	-0.3	0	0	0	42.299545	652.886963	11.51361	-0.116599	0	0.287963	-8.00E-06	1.495378	-1.00E-06
6.768	0	0	0	0.2	0	-0.3	0	0	0	42.299545	652.886963	11.592141	-0.116746	0	0.287963	-9.00E-06	1.511315	0
6.769	0	0	0	0.2	0	-0.3	0	0	0	42.842335	656.484497	11.670432	-0.116599	0	0.289288	-7.00E-06	1.495378	0
6.77	0	0	0	0.2	0	-0.3	0	0	0	42.844498	656.484497	11.670432	-0.116478	0	0.289288	-7.00E-06	1.49756	-2.00E-06
6.771	0	0	0	0.2	0	-0.3	0	0	0	42.920906	653.391418	12.219108	-0.116478	0	0.289258	-7.00E-06	1.459728	-3.00E-06
6.772	0	0	0	0.2	0	-0.3	0	0	0	42.920906	653.391418	12.219108	-0.116476	0	0.288833	-1.50E-05	1.459728	-3.00E-06
6.773	0	0	0	0.2	0	-0.3	0	0	0	42.295212	654.759583	12.375728	-0.116717	0	0.289225	-1.50E-05	1.396903	-3.00E-06
6.774	0	0	0	0.2	0	-0.3	0	0	0	42.295212	656.136658	12.845671	-0.116504	0	0.289225	-1.20E-05	1.387212	-3.00E-06
6.775	0	0	0	0.2	0	-0.3	0	0	0	42.368736	654.759583	12.845671	-0.116504	0	0.289263	0.00E+00	1.297389	-4.00E-06
6.776	0	0	0	0.2	0	-0.3	0	0	0	42.368736	653.376404	13.080662	-0.116234	0	0.289478	0	1.297389	-4.00E-06
6.777	0	0	0	0.2	0	-0.3	0	0	0	42.368736	653.376404	13.315855	-0.116234	0	0.289478	0.00E+00	1.230081	-4.00E-06
6.778	0	0	0	0.2	0	-0.3	0	0	0	42.137348	654.403503	13.472516	-0.116271	0	0.289576	-2.20E-05	1.230081	-3.00E-06
6.779	0	0	0	0.2	0	-0.3	0	0	0	42.13446	656.127319	13.550847	-0.116271	0	0.289727	-2.20E-05	1.201344	-2.00E-06
6.78	0	0	0	0.2	0	-0.3	0	0	0	41.898743	656.972107	13.550847	-0.11609	0	0.290209	-1.10E-05	1.175254	-2.00E-06
6.781	0	0	0	0.2	0	-0.3	0	0	0	41.898743	656.972107	13.785838	-0.116055	0	0.290209	-1.00E-05	1.201344	-3.00E-06
6.782	0	0	0	0.2	0	-0.3	0	0	0	41.429474	655.096313	13.786201	-0.116089	0	0.289795	-1.00E-05	1.1677	-3.00E-06
6.783	0	0	0	0.2	0	-0.3	0	0	0	41.350899	655.096313	14.804578	-0.116089	0	0.289795	-1.00E-05	1.132845	-3.00E-06
6.784	0	0	0	0.2	0	-0.3	0	0	0	41.429474	656.7854	14.882748	-0.116089	0	0.290306	-1.10E-05	1.072317	-2.00E-06
6.785	0	0	0	0.2	0	-0.3	0	0	0	40.803055	656.7854	14.961199	-0.115676	0	0.290306	-1.10E-05	1.072317	-2.00E-06
6.786	0	0	0	0.2	0	-0.3	0	0	0	40.803055	656.7854	15.11794	-0.115676	0	0.290782	-1.10E-05	1.160451	-2.00E-06
6.787	0	0	0	0.2	0	-0.3	0	0	0	40.723042	657.139954	15.588084	-0.115676	0	0.29017	-1.10E-05	1.160451	-2.00E-06
6.788	0	0	0	0.2	0	-0.3	0	0	0	40.723042	657.139954	15.588125	-0.115915	0	0.290666	-1.10E-05	1.079258	-4.00E-06
6.789	0	0	0	0.2	0	-0.3	0	0	0	40.800171	657.139954	16.293221	-0.115799	0	0.290666	-1.20E-05	1.079258	-4.00E-06
6.79	0	0	0	0.2	0	-0.3	0	0	0	41.508045	658.159363	16.4498	-0.115799	0	0.290748	-1.40E-05	1.089935	-3.00E-06
6.791	0	0	0	0.2	0	-0.3	0	0	0	41.508045	658.159363	16.998196	-0.115389	0	0.290748	-1.40E-05	1.089935	-3.00E-06
6.792	0	0	0	0.2	0	-0.3	0	0	0	40.097347	658.159363	16.998436	-0.115389	0	0.290748	-1.40E-05	1.089935	-5.00E-06
6.793	0	0	0	0.2	0	-0.3	0	0	0	40.097347	658.492615	17.233469	-0.115409	0	0.291946	-1.00E-05	1.22182	-5.00E-06
6.794	0	0	0	0.2	0	-0.3	0	0	0	39.858742	660.895264	17.233469	-0.115409	0	0.291946	-1.30E-05	1.22182	-5.00E-06
6.795	0	0	0	0.2	0	-0.3	0	0	0	40.562286	661.075745	17.390009	-0.115391	0	0.291946	-1.30E-05	0.996568	-4.00E-06
6.796	0	0	0	0.2	0	-0.3	0	0	0	39.858742	661.075745	16.998436	-0.115213	0	0.291467	-2.40E-05	0.996568	-4.00E-06
6.797	0	0	0	0.2	0	-0.3	0	0	0	39.468048	660.217896	17.390009	-0.115213	0	0.291159	-2.40E-05	0.945879	-4.00E-06
6.798	0	0	0	0.2	0	-0.3	0	0	0	39.468048	660.217896	17.781862	-0.115312	0	0.291159	-1.20E-05	0.963193	-3.00E-06
6.799	0	0	0	0.2	0	-0.3	0	0	0	39.389473	662.948425	18.095387	-0.115312	0	0.291854	-5.00E-06	0.945879	-3.00E-06
6.8	0	0	0	0.2	0	-0.3	0	0	0	39.307293	662.948425	18.095387	-0.115258	0	0.291854	-2.00E-06	0.945965	-1.00E-06
6.801	0	0	0	0.2	0	-0.3	0	0	0	38.762337	662.948425	18.095387	-0.115149	0	0.291848	-2.00E-06	0.912275	-3.00E-06
6.802	0	0	0	0.2	0	-0.3	0	0	0	38.762337	661.923645	18.408546	-0.115055	0	0.291843	-1.10E-05	0.945965	-1.00E-06
6.803	0	0	0	0.2	0	-0.3	0	0	0	39.310898	662.25415	18.878933	-0.114743	0	0.291848	-1.10E-05	0.964558	-4.00E-06
6.804	0	0	0	0.2	0	-0.3	0	0	0	39.310898	662.25415	19.113884	-0.114743	0	0.292417	-1.10E-05	0.964558	-1.00E-06
6.805	0	0	0	0.2	0	-0.3	0	0	0	39.073017	662.25415	18.878933	-0.114743	0	0.292417	-1.00E-05	0.886262	-3.00E-06
6.806	0	0	0	0.2	0	-0.3	0	0	0	38.133755	661.905518	19.427084	-0.114895	0	0.292486	-1.20E-05	0.799636	-1.00E-06
6.807	0	0	0	0.2	0	-0.3	0	0	0	37.273788	661.905518	19.427084	-0.114895	0	0.292305	-6.00E-06	0.796994	0
6.808	0	0	0	0.2	0	-0.3	0	0	0	37.273788	664.326294	19.662479	-0.114895	0	0.292486	-1.40E-05	0.7526	0
6.809	0	0	0	0.2	0	-0.3	0	0	0	37.273788	665.518616	19.975679	-0.114772	0	0.29302	-1.40E-05	0.796994	-2.00E-06
6.81	0	0	0	0.2	0	-0.3	0	0	0	37.273788	665.518616	20.445866	-0.114772	0	0.293063	-2.20E-05	0.759871	-2.00E-06
6.811	0	0	0	0.2	0	-0.3	0	0	0	37.273788	665.167603	20.680977	-0.114767	0	0.293063	-2.20E-05	0.859556	-2.00E-06
6.812	0	0	0	0.2	0	-0.3	0	0	0	37.270901	665.160583	20.837637	-0.114805	0	0.29316	-2.10E-05	0.777992	-2.00E-06
6.813	0	0	0	0.2	0	-0.3	0	0	0	35.942383	665.160583	20.837679	-0.114913	0	0.293384	-1.80E-05	0.828764	-2.00E-06
6.814	0	0	0	0.2	0	-0.3	0	0	0	35.942383	668.590088	21.699516	-0.114913	0	0.293911	-1.70E-05	0.777992	-3.00E-06
6.815	0	0	0	0.2	0	-0.3	0	0	0	35.942383	668.590088	21.699516	-0.114309	0	0.293911	-1.00E-05	0.704516	-7.00E-06
6.816	0	0	0	0.2	0	-0.3	0	0	0	36.021675	667.407471	21.229492	-0.114309	0	0.292975	-2.00E-06	0.704516	-7.00E-06
6.817	0	0	0	0.2	0	-0.3	0	0	0	35.862366	667.407471	21.229492	-0.114384	0	0.292975	-2.00E-06	0.79135	-5.00E-06
6.818	0	0	0	0.2	0	-0.3	0	0	0	35.629536	669.796631	22.483023	-0.114506	0	0.293418	-3.00E-06	0.79135	-4.00E-06
6.819	0	0	0	0.2	0	-0.3	0	0	0	35.625927	669.8078	22.483063	-0.114405	0	0.293525	-3.00E-06	0.747281	-4.00E-06
6.82	0	0	0	0.2	0	-0.3	0	0	0	35.55024	669.8078	22.561514	-0.114405	0	0.293618	-3.00E-06	0.680999	-5.00E-06
6.821	0	0	0	0.2	0	-0.3	0	0	0	34.921661	669.101501	22.561514	-0.114204	0	0.293618	-1.60E-05	0.680999	-6.00E-06
6.822	0	0	0	0.2	0	-0.3	0	0	0	34.921661	667.736084	22.561514	-0.114204	0	0.293076	-1.60E-05	0.65243	-5.00E-06
6.823	0	0	0	0.2	0	-0.3	0	0	0	34.290916	667.736084	23.579731	-0.114248	0	0.293076	-1.10E-05	0.496406	-2.00E-06
6.824	0	0	0	0.2	0	-0.3	0	0	0	34.608093	667.886108	23.815004	-0.114248	0	0.293952	-1.10E-05	0.496406	-2.00E-06
6.825	0	0	0	0.2	0	-0.3	0	0	0	34.290916	671.161316	24.441809	-0.114093	0	0.294047	-2.00E-06	0.587123	-3.00E-06
6.826	0	0	0	0.2	0	-0.3	0	0	0	34.138824	671.161316	24.520258	-0.113765	0	0.294285	0	0.587123	-3.00E-06
6.827	0	0	0	0.2	0	-0.3	0	0	0	34.060249	671.161316	24.833662	-0.113765	0	0.294285	1.00E-06	0.565331	-3.00E-06
6.828	0	0	0	0.2	0	-0.3	0	0	0	34.060249	671.322571	24.990242	-0.113765	0	0.293859	1.00E-06	0.564045	-5.00E-06
6.829	0	0	0	0.2	0	-0.3	0	0	0	33.980957	673.891785	25.303564	-0.113621	0	0.293859	-4.00E-06	0.565331	-5.00E-06
6.83	0	0	0	0.2	0	-0.3	0	0	0	34.057365	673.891785	25.538799	-0.113621	0	0.294404	-1.30E-05	0.497476	-1.00E-06
6.831	0	0	0	0.2	0	-0.3	0	0	0	33.980957	670.818054	25.538799	-0.113573	0	0.294404	-4.00E-06	0.577469	-1.00E-06
6.832	0	0	0	0.2	0	-0.3	0	0	0	33.512405	670.818054	25.695459	-0.113448	0	0.294404	-1.30E-05	0.583133	-1.00E-06
6.833	0	0	0	0.2	0	-0.3	0	0	0	32.65316	672.68335	26.008902	-0.113448	0	0.29512	-9.00E-06	0.59931	-5.00E-06
6.834	0	0	0	0.2	0	-0.3	0	0	0	32.65316	675.615234	26.322424	-0.113418	0	0.29512	-9.00E-06	0.59931	-5.00E-06
6.835	0	0	0	0.2	0	-0.3	0	0	0	33.118103	673.870239	26.400795	-0.113224	0	0.29512	-8.00E-06	0.584067	-5.00E-06
6.836	0	0	0	0.2	0	-0.3	0	0	0	33.118103	673.870239	26.400795	-0.113393	0	0.294797	-4.00E-06	0.506519	-1.00E-06
6.837	0	0	0	0.2	0	-0.3	0	0	0	33.11882	673.870239	26.714199	-0.113393	0	0.29472	-3.00E-06	0.480778	-1.00E-06
6.838	0	0	0	0.2	0	-0.3	0	0	0	32.803089	674.761658	27.262552	-0.113407	0	0.29472	-3.00E-06	0.473152	-2.00E-06
6.839	0	0	0	0.2	0	-0.3	0	0	0	32.803089	674.761658	27.262634	-0.113407	0	0.295207	-1.00E-05	0.460918	-3.00E-06
6.84	0	0	0	0.2	0	-0.3	0	0	0	32.803089	674.74353	27.967768	-0.113166	0	0.295207	-1.60E-05	0.42537	-2.00E-06
6.841	0	0	0	0.2	0	-0.3	0	0	0	32.4888	674.74353	27.497705	-0.113022	0	0.294994	-1.00E-05	0.42537	-4.00E-06
6.842	0	0	0	0.2	0	-0.3	0	0	0	32.414558	674.74353	27.967768	-0.112972	0	0.294994	-1.20E-05	0.438111	0.00E+00
6.843	0	0	0	0.2	0	-0.3	0	0	0	32.414558	676.637085	28.438074	-0.112751	0	0.295544	-1.20E-05	0.536657	-4.00E-06
6.844	0	0	0	0.2	0	-0.3	0	0	0	32.568813	677.131104	29.064838	-0.112683	0	0.296234	-1.20E-05	0.536657	-4.00E-06
6.845	0	0	0	0.2	0	-0.3	0	0	0	32.568813	677.131104	28.986387	-0.112683	0	0.296234	-9.00E-06	0.480848	-4.00E-06
6.846	0	0	0	0.2	0	-0.3	0	0	0	32.253803	675.083679	29.064838	-0.112763	0	0.295026	-9.00E-06	0.31905	-5.00E-06
6.847	0	0	0	0.2	0	-0.3	0	0	0	31.861658	675.083679	29.378323	-0.11287	0	0.295026	-9.00E-06	0.31905	-2.00E-06
6.848	0	0	0	0.2	0	-0.3	0	0	0	31.859495	676.112854	29.613274	-0.112967	0	0.295799	-6.00E-06	0.31905	-4.00E-06
6.849	0	0	0	0.2	0	-0.3	0	0	0	31.859495	676.112854	30.005087	-0.113002	0	0.295906	-6.00E-06	0.271324	-2.00E-06
6.85	0	0	0	0.2	0	-0.3	0	0	0	31.858774	676.106323	30.788673	-0.113002	0	0.296085	-7.00E-06	0.226895	-1.00E-06
6.851	0	0	0	0.2	0	-0.3	0	0	0	31.545204	675.40155	30.788673	-0.112868	0	0.296085	-7.00E-06	0.218682	-1.00E-06
6.852	0	0	0	0.2	0	-0.3	0	0	0	31.389503	675.40155	30.788633	-0.112868	0	0.295418	-2.00E-06	0.218682	0.00E+00
6.853	0	0	0	0.2	0	-0.3	0	0	0	31.389503	675.955139	30.788633	-0.112954	0	0.295418	-2.00E-06	0.210526	-1.00E-06
6.854	0	0	0	0.2	0	-0.3	0	0	0	31.543762	677.124939	31.180246	-0.112954	0	0.296546	-6.00E-06	0.14043	-1.00E-06
6.855	0	0	0	0.2	0	-0.3	0	0	0	31.543762	677.124939	31.4154	-0.112592	0	0.296546	-1.10E-05	0.14043	-1.00E-06
6.856	0	0	0	0.2	0	-0.3	0	0	0	31.389503	676.787842	31.650473	-0.112592	0	0.29647	-7.00E-06	0.187152	-5.00E-06
6.857	0	0	0	0.2	0	-0.3	0	0	0	31.389503	675.920776	31.807493	-0.112383	0	0.29647	-2.20E-05	0.193942	-5.00E-06
6.858	0	0	0	0.2	0	-0.3	0	0	0	30.996641	676.787842	32.199024	-0.112593	0	0.29647	-2.20E-05	0.193942	-5.00E-06
6.859	0	0	0	0.2	0	-0.3	0	0	0	31.228029	676.789795	32.669209	-0.112593	0	0.296472	-2.20E-05	0.15716	-3.00E-06
6.86	0	0	0	0.2	0	-0.3	0	0	0	31.228029	676.789795	32.747662	-0.112593	0	0.29665	-1.00E-05	0.136487	-3.00E-06
6.861	0	0	0	0.2	0	-0.3	0	0	0	31.228029	676.10083	32.747662	-0.112563	0	0.29665	-1.00E-05	0.06396	-4.00E-06
6.862	0	0	0	0.2	0	-0.3	0	0	0	31.30588	675.738281	33.139233	-0.112056	0	0.29665	-1.60E-05	0.06396	-5.00E-06
6.863	0	0	0	0.2	0	-0.3	0	0	0	30.99159	676.10083	32.747742	-0.112324	0	0.296382	-2.00E-05	0.06396	-5.00E-06
6.864	0	0	0	0.2	0	-0.3	0	0	0	31.696577	675.389221	33.296375	-0.112307	0	0.296655	-1.60E-05	0.168071	-5.00E-06
6.865	0	0	0	0.2	0	-0.3	0	0	0	30.99159	675.742126	34.001228	-0.112307	0	0.296712	-1.10E-05	0.055139	-4.00E-06
6.866	0	0	0	0.2	0	-0.3	0	0	0	30.835886	674.694092	34.158051	-0.112151	0	0.296813	-1.10E-05	0.011253	-4.00E-06
6.867	0	0	0	0.2	0	-0.3	0	0	0	30.133062	673.672302	34.314754	-0.112151	0	0.296813	-4.00E-06	0.011253	-4.00E-06
6.868	0	0	0	0.2	0	-0.3	0	0	0	30.133062	673.672302	34.549904	-0.112187	0	0.297028	-1.10E-05	0.112137	-4.00E-06
6.869	0	0	0	0.2	0	-0.3	0	0	0	30.754427	676.077271	35.17675	-0.112369	0	0.297888	-1.40E-05	0.112137	-2.00E-06
6.87	0	0	0	0.2	0	-0.3	0	0	0	30.754427	676.077271	35.17675	-0.112369	0	0.297888	-2.10E-05	0.100202	-4.00E-06
6.871	0	0	0	0.2	0	-0.3	0	0	0	30.36445	671.266602	35.33329	-0.112409	0	0.297645	-2.10E-05	0.021976	-4.00E-06
6.872	0	0	0	0.2	0	-0.3	0	0	0	30.20875	671.266602	35.646774	-0.112321	0	0.297645	-1.80E-05	0.026767	-4.00E-06
6.873	0	0	0	0.2	0	-0.3	0	0	0	30.36445	676.245117	35.646896	-0.112321	0	0.297733	-6.00E-06	0.021976	-4.00E-06
6.874	0	0	0	0.2	0	-0.3	0	0	0	30.437971	676.410217	36.038788	-0.112285	0	0.298159	-1.40E-05	0.011536	-4.00E-06
6.875	0	0	0	0.2	0	-0.3	0	0	0	30.437971	676.245117	36.117161	-0.112054	0	0.298088	-9.00E-06	-0.06529	-3.00E-06
6.876	0	0	0	0.2	0	-0.3	0	0	0	30.282991	673.307434	36.508812	-0.112054	0	0.298088	-9.00E-06	-0.039492	-3.00E-06
6.877	0	0	0	0.2	0	-0.3	0	0	0	29.893015	673.150818	37.214069	-0.112302	0	0.298015	-7.00E-06	-0.039492	-3.00E-06
6.878	0	0	0	0.2	0	-0.3	0	0	0	29.893015	673.150818	37.605804	-0.112302	0	0.298015	-7.00E-06	-0.039492	-7.00E-06
6.879	0	0	0	0.2	0	-0.3	0	0	0	29.893015	673.150818	37.762424	-0.11218	0	0.298853	-8.00E-06	-0.049853	-7.00E-06
6.88	0	0	0	0.2	0	-0.3	0	0	0	30.047997	673.304688	37.762424	-0.112145	0	0.298853	-1.10E-05	-0.103294	-7.00E-06
6.881	0	0	0	0.2	0	-0.3	0	0	0	29.655855	672.959106	37.684013	-0.112145	0	0.298956	-1.00E-05	-0.103294	-5.00E-06
6.882	0	0	0	0.2	0	-0.3	0	0	0	29.890129	672.959106	37.684013	-0.112179	0	0.298624	-1.20E-05	-0.105902	-5.00E-06
6.883	0	0	0	0.2	0	-0.3	0	0	0	29.890129	672.959106	38.937622	-0.112179	0	0.298956	-1.70E-05	0.068478	-5.00E-06
6.884	0	0	0	0.2	0	-0.3	0	0	0	30.206587	672.943237	39.564629	-0.112058	0	0.300248	-1.70E-05	-0.071677	-4.00E-06
6.885	0	0	0	0.2	0	-0.3	0	0	0	30.206587	672.943237	39.564629	-0.112039	0	0.300248	-1.10E-05	-0.071677	-2.00E-06
6.886	0	0	0	0.2	0	-0.3	0	0	0	29.73082	670.720337	39.407967	-0.112058	0	0.299706	-1.10E-05	-0.16221	-2.00E-06
6.887	0	0	0	0.2	0	-0.3	0	0	0	29.73082	670.720337	39.407967	-0.112135	0	0.299706	-2.50E-05	-0.16221	-2.00E-06
6.888	0	0	0	0.2	0	-0.3	0	0	0	29.417974	670.183777	39.64328	-0.112135	0	0.300092	-2.50E-05	-0.123727	-5.00E-06
6.889	0	0	0	0.2	0	-0.3	0	0	0	29.732264	670.183777	40.191395	-0.112068	0	0.300178	-9.00E-06	-0.123727	-6.00E-06
6.89	0	0	0	0.2	0	-0.3	0	0	0	29.341566	669.488342	40.269764	-0.112052	0	0.300476	-8.00E-06	-0.139384	-6.00E-06
6.891	0	0	0	0.2	0	-0.3	0	0	0	29.182257	668.620056	40.191395	-0.111998	0	0.300476	-8.00E-06	-0.139384	-3.00E-06
6.892	0	0	0	0.2	0	-0.3	0	0	0	28.872295	668.620056	40.42675	-0.111998	0	0.3003	-8.00E-06	-0.031957	-2.00E-06
6.893	0	0	0	0.2	0	-0.3	0	0	0	28.872295	671.372925	40.113346	-0.112146	0	0.3003	-8.00E-06	-0.031957	-1.00E-06
6.894	0	0	0	0.2	0	-0.3	0	0	0	29.260107	671.372925	40.42675	-0.112146	0	0.301147	-8.00E-06	-0.070454	-2.00E-06
6.895	0	0	0	0.2	0	-0.3	0	0	0	29.650805	668.61499	40.661739	-0.112146	0	0.301147	-8.00E-06	-0.156442	-2.00E-06
6.896	0	0	0	0.2	0	-0.3	0	0	0	29.573675	666.563293	40.97514	-0.112091	0	0.301086	1.00E-06	-0.156442	-3.00E-06
6.897	0	0	0	0.2	0	-0.3	0	0	0	29.573675	666.563293	40.975182	-0.112091	0	0.300524	-1.50E-05	-0.223742	-4.00E-06
6.898	0	0	0	0.2	0	-0.3	0	0	0	29.573675	669.304993	40.975182	-0.112091	0	0.301086	-1.50E-05	-0.114852	-4.00E-06
6.899	0	0	0	0.2	0	-0.3	0	0	0	29.416529	669.304993	41.445244	-0.112078	0	0.301852	-1.50E-05	-0.105775	-4.00E-06
6.9	0	0	0	0.2	0	-0.3	0	0	0	29.416529	665.509094	41.445244	-0.112078	0	0.301852	-1.60E-05	-0.105775	-2.00E-06
6.901	0	0	0	0.2	0	-0.3	0	0	0	29.022224	665.509094	41.758648	-0.112078	0	0.301974	-9.00E-06	-0.230964	-4.00E-06
6.902	0	0	0	0.2	0	-0.3	0	0	0	29.022224	664.829834	41.758648	-0.112082	0	0.302107	-1.60E-05	-0.230964	-3.00E-06
6.903	0	0	0	0.2	0	-0.3	0	0	0	29.418695	666.027527	42.307041	-0.112163	0	0.302328	-8.00E-06	-0.171111	-3.00E-06
6.904	0	0	0	0.2	0	-0.3	0	0	0	29.730101	666.692078	42.777145	-0.112185	0	0.303122	-5.00E-06	-0.111234	-3.00E-06
6.905	0	0	0	0.2	0	-0.3	0	0	0	29.730101	667.380615	42.777145	-0.112163	0	0.303663	-2.00E-06	-0.111234	-2.00E-06
6.906	0	0	0	0.2	0	-0.3	0	0	0	29.730101	666.692078	42.620445	-0.111713	0	0.303122	-2.00E-06	-0.188104	-4.00E-06
6.907	0	0	0	0.2	0	-0.3	0	0	0	29.103683	662.925171	42.620445	-0.111713	0	0.302882	-4.00E-06	-0.188104	-5.00E-06
6.908	0	0	0	0.2	0	-0.3	0	0	0	29.103683	662.925171	42.542274	-0.112248	0	0.302882	-1.30E-05	-0.153956	-5.00E-06
6.909	0	0	0	0.2	0	-0.3	0	0	0	29.103683	662.925171	42.620483	-0.112248	0	0.303571	-4.00E-06	-0.145256	-5.00E-06
6.91	0	0	0	0.2	0	-0.3	0	0	0	29.178648	662.89502	42.777267	-0.112102	0	0.303635	-5.00E-06	-0.153956	-4.00E-06
6.911	0	0	0	0.2	0	-0.3	0	0	0	29.178648	662.716797	43.01226	-0.112102	0	0.304068	-5.00E-06	-0.122772	-5.00E-06
6.912	0	0	0	0.2	0	-0.3	0	0	0	29.178648	662.716797	43.090752	-0.112126	0	0.304542	-1.00E-05	-0.122772	-4.00E-06
6.913	0	0	0	0.2	0	-0.3	0	0	0	29.335072	663.58197	43.090752	-0.112126	0	0.304542	-1.00E-05	-0.122772	-4.00E-06
6.914	0	0	0	0.2	0	-0.3	0	0	0	29.335072	664.097656	43.090752	-0.112211	0	0.304542	-1.00E-05	-0.15613	-4.00E-06
6.915	0	0	0	0.2	0	-0.3	0	0	0	29.335072	663.58197	43.404114	-0.112211	0	0.304094	-4.00E-06	-0.220654	-3.00E-06
6.916	0	0	0	0.2	0	-0.3	0	0	0	29.018618	662.543945	43.482323	-0.112211	0	0.304358	-4.00E-06	-0.15613	-5.00E-06
6.917	0	0	0	0.2	0	-0.3	0	0	0	29.018618	662.543945	43.482323	-0.11225	0	0.304358	-1.40E-05	-0.191015	-6.00E-06
6.918	0	0	0	0.2	0	-0.3	0	0	0	29.335793	662.714111	43.795765	-0.112199	0	0.3048	-1.50E-05	-0.185423	-6.00E-06
6.919	0	0	0	0.2	0	-0.3	0	0	0	29.335793	662.714111	44.030716	-0.112201	0	0.305696	-1.50E-05	-0.191015	-6.00E-06
6.92	0	0	0	0.2	0	-0.3	0	0	0	29.335793	662.003906	44.030758	-0.112053	0	0.305696	-1.50E-05	-0.306504	-3.00E-06
6.921	0	0	0	0.2	0	-0.3	0	0	0	28.864357	661.310059	44.030758	-0.11214	0	0.305438	-1.50E-05	-0.314667	-2.00E-06
6.922	0	0	0	0.2	0	-0.3	0	0	0	29.41148	658.907349	44.422409	-0.111929	0	0.305263	-2.30E-05	-0.314667	-1.00E-06
6.923	0	0	0	0.2	0	-0.3	0	0	0	28.938601	658.907349	44.970882	-0.11214	0	0.305263	-2.30E-05	-0.314667	-1.00E-06
6.924	0	0	0	0.2	0	-0.3	0	0	0	29.415808	659.397949	45.049454	-0.112064	0	0.30597	-1.60E-05	-0.328231	-4.00E-06
6.925	0	0	0	0.2	0	-0.3	0	0	0	28.942209	659.397949	45.206116	-0.112515	0	0.306537	-1.60E-05	-0.328231	-4.00E-06
6.926	0	0	0	0.2	0	-0.3	0	0	0	28.942209	659.397949	45.206116	-0.112515	0	0.306608	-1.80E-05	-0.319363	-4.00E-06
6.927	0	0	0	0.2	0	-0.3	0	0	0	28.942209	660.602966	45.362698	-0.112515	0	0.306608	-1.80E-05	-0.302298	-4.00E-06
6.928	0	0	0	0.2	0	-0.3	0	0	0	29.255054	661.118225	45.362698	-0.112448	0	0.306785	-1.80E-05	-0.319363	-1.00E-06
6.929	0	0	0	0.2	0	-0.3	0	0	0	29.330019	660.938843	45.67614	-0.112448	0	0.306963	-6.00E-06	-0.299132	-4.00E-06
6.93	0	0	0	0.2	0	-0.3	0	0	0	29.877142	660.938843	45.67614	-0.112448	0	0.307486	-6.00E-06	-0.419385	-4.00E-06
6.931	0	0	0	0.2	0	-0.3	0	0	0	29.877142	658.690125	46.459526	-0.112479	0	0.307486	-6.00E-06	-0.312762	-6.00E-06
6.932	0	0	0	0.2	0	-0.3	0	0	0	29.255777	658.690125	46.381115	-0.112479	0	0.307486	-1.30E-05	-0.323772	-6.00E-06
6.933	0	0	0	0.2	0	-0.3	0	0	0	29.255777	661.942139	46.381115	-0.112479	0	0.308298	-1.30E-05	-0.312762	-6.00E-06
6.934	0	0	0	0.2	0	-0.3	0	0	0	29.567181	661.942139	46.381115	-0.112273	0	0.308325	-9.00E-06	-0.323772	-3.00E-06
6.935	0	0	0	0.2	0	-0.3	0	0	0	29.567181	661.605042	46.537857	-0.112273	0	0.308325	-8.00E-06	-0.357963	-3.00E-06
6.936	0	0	0	0.2	0	-0.3	0	0	0	29.563574	660.917664	47.007919	-0.112273	0	0.308325	-8.00E-06	-0.505092	-3.00E-06
6.937	0	0	0	0.2	0	-0.3	0	0	0	29.330744	660.749878	47.007919	-0.112418	0	0.308145	-8.00E-06	-0.505092	-3.00E-06
6.938	0	0	0	0.2	0	-0.3	0	0	0	29.330744	660.749878	47.007919	-0.112756	0	0.308695	-8.00E-06	-0.419013	-3.00E-06
6.939	0	0	0	0.2	0	-0.3	0	0	0	29.721441	662.438599	47.007919	-0.112756	0	0.309003	-1.60E-05	-0.419013	-2.00E-06
6.94	0	0	0	0.2	0	-0.3	0	0	0	29.721441	662.438599	47.164619	-0.112507	0	0.309003	-8.00E-06	-0.458997	-4.00E-06
6.941	0	0	0	0.2	0	-0.3	0	0	0	29.645033	661.921265	47.712936	-0.112507	0	0.309343	-1.60E-05	-0.458997	-3.00E-06
6.942	0	0	0	0.2	0	-0.3	0	0	0	29.645033	661.747314	47.791306	-0.112767	0	0.309722	-7.00E-06	-0.481251	-3.00E-06
6.943	0	0	0	0.2	0	-0.3	0	0	0	30.505001	661.921265	47.712936	-0.112767	0	0.309722	-8.00E-06	-0.491786	-3.00E-06
6.944	0	0	0	0.2	0	-0.3	0	0	0	30.739996	662.424622	48.574654	-0.112524	0	0.309722	-5.00E-06	-0.491786	-3.00E-06
6.945	0	0	0	0.2	0	-0.3	0	0	0	30.739996	662.424622	48.574612	-0.112524	0	0.310024	-8.00E-06	-0.525191	-4.00E-06
6.946	0	0	0	0.2	0	-0.3	0	0	0	30.661425	661.567566	48.574654	-0.112533	0	0.310024	0.00E+00	-0.489577	-4.00E-06
6.947	0	0	0	0.2	0	-0.3	0	0	0	30.112139	661.567566	48.888214	-0.112858	0	0.310024	0	-0.525191	-3.00E-06
6.948	0	0	0	0.2	0	-0.3	0	0	0	30.112139	663.116272	48.966385	-0.112893	0	0.310344	0	-0.521606	-3.00E-06
6.949	0	0	0	0.2	0	-0.3	0	0	0	30.346411	663.116272	49.593109	-0.112908	0	0.310919	-1.00E-06	-0.594196	-3.00E-06
6.95	0	0	0	0.2	0	-0.3	0	0	0	30.737833	662.924133	49.2015	-0.112893	0	0.310919	-7.00E-06	-0.590511	-2.00E-06
6.951	0	0	0	0.2	0	-0.3	0	0	0	30.737833	662.924133	49.67152	-0.112895	0	0.310919	-7.00E-06	-0.594196	-3.00E-06
6.952	0	0	0	0.2	0	-0.3	0	0	0	30.741438	663.083496	49.436325	-0.112895	0	0.310274	-1.00E-05	-0.590511	-3.00E-06
6.953	0	0	0	0.2	0	-0.3	0	0	0	30.741438	663.269775	50.298206	-0.11314	0	0.311428	-1.00E-05	-0.489639	-3.00E-06
6.954	0	0	0	0.2	0	-0.3	0	0	0	30.741438	667.022095	50.219795	-0.11314	0	0.312048	-1.00E-05	-0.489639	-5.00E-06
6.955	0	0	0	0.2	0	-0.3	0	0	0	31.208544	667.022095	50.219994	-0.11283	0	0.312251	-8.00E-06	-0.488165	-2.00E-06
6.956	0	0	0	0.2	0	-0.3	0	0	0	31.208544	663.933167	50.219994	-0.11283	0	0.312048	-8.00E-06	-0.534007	-2.00E-06
6.957	0	0	0	0.2	0	-0.3	0	0	0	31.208544	663.933167	50.768108	-0.113269	0	0.312299	-8.00E-06	-0.515802	-2.00E-06
6.958	0	0	0	0.2	0	-0.3	0	0	0	31.599966	667.366577	51.003342	-0.113313	0	0.312307	-7.00E-06	-0.553378	-5.00E-06
6.959	0	0	0	0.2	0	-0.3	0	0	0	31.833517	667.526611	51.081512	-0.113313	0	0.312566	-7.00E-06	-0.558257	-5.00E-06
6.96	0	0	0	0.2	0	-0.3	0	0	0	32.145641	667.526611	51.238293	-0.113295	0	0.313006	-1.00E-05	-0.615826	-3.00E-06
6.961	0	0	0	0.2	0	-0.3	0	0	0	32.145641	666.832275	51.394993	-0.113256	0	0.313006	-1.40E-05	-0.591035	-1.00E-06
6.962	0	0	0	0.2	0	-0.3	0	0	0	32.145641	666.502075	51.394993	-0.113289	0	0.312992	-1.00E-05	-0.615826	-3.00E-06
6.963	0	0	0	0.2	0	-0.3	0	0	0	32.61491	666.502075	52.25679	-0.113289	0	0.312992	-9.00E-06	-0.594252	-5.00E-06
6.964	0	0	0	0.2	0	-0.3	0	0	0	33.004166	665.454041	52.25679	-0.113289	0	0.313682	-9.00E-06	-0.633811	-5.00E-06
6.965	0	0	0	0.2	0	-0.3	0	0	0	33.004166	665.604492	52.25679	-0.113249	0	0.313762	-4.00E-06	-0.594252	-4.00E-06
6.966	0	0	0	0.2	0	-0.3	0	0	0	32.850628	665.604492	52.25671	-0.113206	0	0.313762	-4.00E-06	-0.658737	-4.00E-06
6.967	0	0	0	0.2	0	-0.3	0	0	0	32.850628	667.997498	52.335159	-0.113249	0	0.31382	-4.00E-06	-0.658737	-3.00E-06
6.968	0	0	0	0.2	0	-0.3	0	0	0	33.162754	668.521362	53.040176	-0.113334	0	0.314338	-8.00E-06	-0.658737	-3.00E-06
6.969	0	0	0	0.2	0	-0.3	0	0	0	33.476322	670.056091	53.040176	-0.113505	0	0.314688	-1.40E-05	-0.639291	-3.00E-06
6.97	0	0	0	0.2	0	-0.3	0	0	0	33.476322	670.056091	52.883514	-0.113505	0	0.315149	-1.90E-05	-0.495253	-3.00E-06
6.971	0	0	0	0.2	0	-0.3	0	0	0	33.634911	667.804626	52.883514	-0.113491	0	0.315151	-1.90E-05	-0.495253	-3.00E-06
6.972	0	0	0	0.2	0	-0.3	0	0	0	33.634911	667.804626	52.883472	-0.1133	0	0.315153	-1.90E-05	-0.498443	-3.00E-06
6.973	0	0	0	0.2	0	-0.3	0	0	0	33.791336	671.392944	53.431747	-0.113491	0	0.315228	-1.80E-05	-0.498443	-2.00E-06
6.974	0	0	0	0.2	0	-0.3	0	0	0	33.947758	671.910217	53.588493	-0.113609	0	0.316264	-9.00E-06	-0.498443	-3.00E-06
6.975	0	0	0	0.2	0	-0.3	0	0	0	34.099854	671.392944	53.588493	-0.11362	0	0.316639	-9.00E-06	-0.52235	-3.00E-06
6.976	0	0	0	0.2	0	-0.3	0	0	0	34.099854	671.041565	53.274925	-0.113609	0	0.316617	-9.00E-06	-0.608279	-3.00E-06
6.977	0	0	0	0.2	0	-0.3	0	0	0	34.025608	671.041565	53.274925	-0.11362	0	0.316701	-1.50E-05	-0.613454	-3.00E-06
6.978	0	0	0	0.2	0	-0.3	0	0	0	34.025608	671.892822	53.58857	-0.11385	0	0.317205	-1.50E-05	-0.608279	-3.00E-06
6.979	0	0	0	0.2	0	-0.3	0	0	0	34.805561	673.421936	54.05851	-0.11385	0	0.317321	-1.70E-05	-0.613454	-6.00E-06
6.98	0	0	0	0.2	0	-0.3	0	0	0	34.805561	673.421936	54.058311	-0.11385	0	0.317205	-1.70E-05	-0.588462	-3.00E-06
6.981	0	0	0	0.2	0	-0.3	0	0	0	35.042721	673.421936	54.058311	-0.113873	0	0.31765	-2.30E-05	-0.595082	-1.00E-06
6.982	0	0	0	0.2	0	-0.3	0	0	0	35.042721	672.05719	54.058311	-0.113873	0	0.317367	-1.30E-05	-0.595082	-1.00E-06
6.983	0	0	0	0.2	0	-0.3	0	0	0	35.121296	675.296509	54.606625	-0.113879	0	0.317653	-1.30E-05	-0.605047	-1.00E-06
6.984	0	0	0	0.2	0	-0.3	0	0	0	35.43198	675.296509	54.606743	-0.113864	0	0.318409	0.00E+00	-0.618564	0.00E+00
6.985	0	0	0	0.2	0	-0.3	0	0	0	35.277721	675.296509	54.606625	-0.113864	0	0.318409	-8.00E-06	-0.605079	-2.00E-06
6.986	0	0	0	0.2	0	-0.3	0	0	0	35.277721	675.632446	54.685074	-0.11357	0	0.318819	-8.00E-06	-0.605079	-2.00E-06
6.987	0	0	0	0.2	0	-0.3	0	0	0	35.277721	676.999817	54.528374	-0.11357	0	0.319275	-1.00E-05	-0.599662	-3.00E-06
6.988	0	0	0	0.2	0	-0.3	0	0	0	35.819069	677.657471	54.685074	-0.114138	0	0.320305	-1.00E-05	-0.599662	-4.00E-06
6.989	0	0	0	0.2	0	-0.3	0	0	0	35.819069	676.999817	54.919945	-0.114138	0	0.319896	-9.00E-06	-0.661727	-5.00E-06
6.99	0	0	0	0.2	0	-0.3	0	0	0	35.819069	677.657471	54.998276	-0.114138	0	0.319896	-2.00E-06	-0.729529	-4.00E-06
6.991	0	0	0	0.2	0	-0.3	0	0	0	36.136246	675.768188	55.468422	-0.114167	0	0.319896	-9.00E-06	-0.661727	-4.00E-06
6.992	0	0	0	0.2	0	-0.3	0	0	0	36.136246	678.177063	55.468422	-0.114215	0	0.320449	-1.60E-05	-0.628211	-4.00E-06
6.993	0	0	0	0.2	0	-0.3	0	0	0	36.136246	679.542114	55.468384	-0.11437	0	0.320619	-1.80E-05	-0.498209	-3.00E-06
6.994	0	0	0	0.2	0	-0.3	0	0	0	36.765545	679.542114	55.389893	-0.11437	0	0.321165	-1.60E-05	-0.498209	-3.00E-06
6.995	0	0	0	0.2	0	-0.3	0	0	0	36.765545	679.5047	55.389893	-0.1144	0	0.321165	-2.20E-05	-0.524267	-3.00E-06
6.996	0	0	0	0.2	0	-0.3	0	0	0	36.059116	679.5047	55.859955	-0.113936	0	0.321654	-6.00E-06	-0.652303	-3.00E-06
6.997	0	0	0	0.2	0	-0.3	0	0	0	36.059116	680.867371	55.938324	-0.114413	0	0.321856	-6.00E-06	-0.652303	-3.00E-06
6.998	0	0	0	0.2	0	-0.3	0	0	0	36.138409	682.080933	56.25177	-0.114116	0	0.322002	-6.00E-06	-0.652303	-6.00E-06
6.999	0	0	0	0.2	0	-0.3	0	0	0	36.528385	684.648743	56.486759	-0.114413	0	0.322003	-9.00E-06	-0.676079	-3.00E-06
7	0	0	0	0.2	0	-0.3	0	0	0	36.603352	684.648743	56.565048	-0.114419	0	0.322491	-9.00E-06	-0.726136	-5.00E-06
7.001	0	0	0	0.2	0	-0.3	0	0	0	36.603352	683.429016	56.486759	-0.114419	0	0.32258	-1.80E-05	-0.736504	-5.00E-06
7.002	0	0	0	0.2	0	-0.3	0	0	0	36.603352	683.429016	56.643303	-0.114419	0	0.32258	-1.70E-05	-0.761153	-5.00E-06
7.003	0	0	0	0.2	0	-0.3	0	0	0	36.606236	686.694519	57.818501	-0.115041	0	0.323139	-1.70E-05	-0.736504	-5.00E-06
7.004	0	0	0	0.2	0	-0.3	0	0	0	36.841953	687.697815	57.818501	-0.115041	0	0.323997	-9.00E-06	-0.667984	-4.00E-06
7.005	0	0	0	0.2	0	-0.3	0	0	0	36.60696	688.034546	57.661842	-0.114959	0	0.32418	-9.00E-06	-0.662783	-4.00E-06
7.006	0	0	0	0.2	0	-0.3	0	0	0	36.839069	688.034546	57.661842	-0.114743	0	0.32418	-9.00E-06	-0.662783	-4.00E-06
7.007	0	0	0	0.2	0	-0.3	0	0	0	36.60696	688.034546	57.896709	-0.114384	0	0.32418	-3.00E-06	-0.745471	-5.00E-06
7.008	0	0	0	0.2	0	-0.3	0	0	0	36.839069	688.710693	57.975163	-0.114384	0	0.32438	-3.00E-06	-0.745471	-3.00E-06
7.009	0	0	0	0.2	0	-0.3	0	0	0	37.073345	690.566711	57.975201	-0.114387	0	0.325063	-3.00E-06	-0.689113	-4.00E-06
7.01	0	0	0	0.2	0	-0.3	0	0	0	37.073345	690.566711	57.975201	-0.11487	0	0.325122	-1.50E-05	-0.689113	-2.00E-06
7.011	0	0	0	0.2	0	-0.3	0	0	0	36.919086	690.566711	58.210312	-0.11487	0	0.325784	-3.00E-06	-0.689113	-2.00E-06
7.012	0	0	0	0.2	0	-0.3	0	0	0	36.759777	691.259521	58.445305	-0.115013	0	0.325784	-1.50E-05	-0.769999	-2.00E-06
7.013	0	0	0	0.2	0	-0.3	0	0	0	36.759777	695.37439	58.445347	-0.115203	0	0.32638	-1.70E-05	-0.769999	-2.00E-06
7.014	0	0	0	0.2	0	-0.3	0	0	0	36.524059	696.566711	58.915249	-0.115247	0	0.326455	-1.70E-05	-0.783325	-6.00E-06
7.015	0	0	0	0.2	0	-0.3	0	0	0	36.524059	696.566711	58.445347	-0.115203	0	0.32648	-1.70E-05	-0.790077	-4.00E-06
7.016	0	0	0	0.2	0	-0.3	0	0	0	36.67976	695.525269	58.758751	-0.115247	0	0.326619	-4.00E-06	-0.783325	-4.00E-06
7.017	0	0	0	0.2	0	-0.3	0	0	0	36.991161	695.525269	58.758751	-0.115307	0	0.326849	-1.50E-05	-0.735811	-4.00E-06
7.018	0	0	0	0.2	0	-0.3	0	0	0	37.14975	696.543945	58.915413	-0.115307	0	0.327374	-4.00E-06	-0.735811	-4.00E-06
7.019	0	0	0	0.2	0	-0.3	0	0	0	37.14975	696.543945	59.150482	-0.115357	0	0.32798	0	-0.796688	-3.00E-06
7.02	0	0	0	0.2	0	-0.3	0	0	0	36.834015	697.380127	59.46376	-0.115357	0	0.328196	0	-0.810749	-5.00E-06
7.021	0	0	0	0.2	0	-0.3	0	0	0	36.678314	698.067078	59.228733	-0.115357	0	0.328196	-2.00E-06	-0.796688	-5.00E-06
7.022	0	0	0	0.2	0	-0.3	0	0	0	36.678314	698.067078	59.46376	-0.115341	0	0.328364	-5.00E-06	-0.765854	-5.00E-06
7.023	0	0	0	0.2	0	-0.3	0	0	0	37.070457	699.408936	59.620586	-0.115341	0	0.329147	-1.40E-05	-0.743875	-4.00E-06
7.024	0	0	0	0.2	0	-0.3	0	0	0	37.301121	699.408936	59.933784	-0.115664	0	0.330242	-1.40E-05	-0.743875	-4.00E-06
7.025	0	0	0	0.2	0	-0.3	0	0	0	37.070457	699.408936	60.012398	-0.115665	0	0.330242	-2.30E-05	-0.760965	-2.00E-06
7.026	0	0	0	0.2	0	-0.3	0	0	0	37.069733	700.605164	60.247307	-0.115664	0	0.329383	-1.10E-05	-0.760965	-2.00E-06
7.027	0	0	0	0.2	0	-0.3	0	0	0	37.069733	700.605164	60.403969	-0.115665	0	0.329383	-1.10E-05	-0.733795	-3.00E-06
7.028	0	0	0	0.2	0	-0.3	0	0	0	37.615414	702.143005	60.639282	-0.115804	0	0.330385	-7.00E-06	-0.732879	-5.00E-06
7.029	0	0	0	0.2	0	-0.3	0	0	0	37.615414	703.488403	60.717415	-0.115804	0	0.330898	-7.00E-06	-0.732879	-3.00E-06
7.03	0	0	0	0.2	0	-0.3	0	0	0	37.534676	703.488403	61.265968	-0.115621	0	0.331521	-8.00E-06	-0.792163	-2.00E-06
7.031	0	0	0	0.2	0	-0.3	0	0	0	37.299679	703.312073	61.501038	-0.115604	0	0.331548	-8.00E-06	-0.810243	-2.00E-06
7.032	0	0	0	0.2	0	-0.3	0	0	0	36.911144	703.312073	61.579369	-0.115604	0	0.331852	-8.00E-06	-0.810243	-3.00E-06
7.033	0	0	0	0.2	0	-0.3	0	0	0	36.911144	706.235168	61.579369	-0.115737	0	0.33186	-7.00E-06	-0.680311	-3.00E-06
7.034	0	0	0	0.2	0	-0.3	0	0	0	36.911144	706.235168	61.579369	-0.11591	0	0.332302	-7.00E-06	-0.680311	-4.00E-06
7.035	0	0	0	0.2	0	-0.3	0	0	0	36.904652	703.818542	61.736233	-0.11591	0	0.332302	-7.00E-06	-0.777231	-6.00E-06
7.036	0	0	0	0.2	0	-0.3	0	0	0	36.904652	703.818542	61.892937	-0.11591	0	0.332357	-7.00E-06	-0.814892	-6.00E-06
7.037	0	0	0	0.2	0	-0.3	0	0	0	36.828968	704.663208	62.363121	-0.116091	0	0.333241	-2.70E-05	-0.814892	-2.00E-06
7.038	0	0	0	0.2	0	-0.3	0	0	0	36.74823	705.158508	63.146626	-0.116008	0	0.333461	-2.70E-05	-0.852389	-2.00E-06
7.039	0	0	0	0.2	0	-0.3	0	0	0	36.74823	707.920349	63.381615	-0.116008	0	0.333461	-2.50E-05	-0.852389	-3.00E-06
7.04	0	0	0	0.2	0	-0.3	0	0	0	36.74823	707.920349	63.773392	-0.115963	0	0.333461	-2.40E-05	-0.852389	-5.00E-06
7.041	0	0	0	0.2	0	-0.3	0	0	0	36.356087	707.214417	63.851723	-0.115922	0	0.334006	-1.50E-05	-0.894436	-3.00E-06
7.042	0	0	0	0.2	0	-0.3	0	0	0	36.356087	707.214417	63.851723	-0.115922	0	0.334006	-1.50E-05	-0.894436	-6.00E-06
7.043	0	0	0	0.2	0	-0.3	0	0	0	36.121815	709.262939	64.948792	-0.115922	0	0.334866	-2.00E-05	-0.838311	-2.00E-06
7.044	0	0	0	0.2	0	-0.3	0	0	0	36.120369	709.262939	66.124115	-0.11544	0	0.334866	-2.00E-05	-0.838311	-5.00E-06
7.045	0	0	0	0.2	0	-0.3	0	0	0	36.120369	709.780151	66.358902	-0.11584	0	0.335107	-1.70E-05	-0.917102	-4.00E-06
7.046	0	0	0	0.2	0	-0.3	0	0	0	36.120369	709.260193	66.437469	-0.115652	0	0.335107	-1.50E-05	-0.917102	-5.00E-06
7.047	0	0	0	0.2	0	-0.3	0	0	0	35.963223	710.990967	66.672546	-0.11584	0	0.335449	-5.00E-06	-0.883969	-4.00E-06
7.048	0	0	0	0.2	0	-0.3	0	0	0	35.728951	710.990967	67.456055	-0.115675	0	0.335664	-1.50E-05	-0.87724	-2.00E-06
7.049	0	0	0	0.2	0	-0.3	0	0	0	35.728951	712.000732	67.847786	-0.11571	0	0.336632	-1.90E-05	-0.883969	-2.00E-06
7.05	0	0	0	0.2	0	-0.3	0	0	0	35.570362	712.000732	68.317886	-0.115675	0	0.336632	-1.90E-05	-0.87724	-3.00E-06
7.051	0	0	0	0.2	0	-0.3	0	0	0	35.416824	712.000732	68.474632	-0.11571	0	0.336632	-1.30E-05	-0.847758	-4.00E-06
7.052	0	0	0	0.2	0	-0.3	0	0	0	35.258957	714.919067	69.80661	-0.116041	0	0.337699	-1.30E-05	-0.847758	-4.00E-06
7.053	0	0	0	0.2	0	-0.3	0	0	0	35.258957	716.999207	70.276634	-0.116726	0	0.33783	-1.30E-05	-0.794156	-2.00E-06
7.054	0	0	0	0.2	0	-0.3	0	0	0	35.258957	719.417297	70.276634	-0.116903	0	0.338776	-1.00E-05	-0.685322	-1.00E-06
7.055	0	0	0	0.2	0	-0.3	0	0	0	36.89888	719.417297	70.198586	-0.117177	0	0.339667	-1.00E-05	-0.675248	-2.00E-06
7.056	0	0	0	0.2	0	-0.3	0	0	0	38.148823	718.734131	70.198586	-0.117366	0	0.340339	-7.00E-06	-0.672469	-7.00E-06
7.057	0	0	0	0.2	0	-0.3	0	0	0	38.771633	718.584412	70.434097	-0.117575	0	0.340903	-3.00E-06	-0.497924	-7.00E-06
7.058	0	0	0	0.2	0	-0.3	0	0	0	40.172947	717.578735	71.139961	-0.117892	0	0.341688	-3.00E-06	-0.497924	-5.00E-06
7.059	0	0	0	0.2	0	-0.3	0	0	0	40.172947	713.284851	71.139961	-0.117892	0	0.342347	-6.00E-06	-0.423003	-4.00E-06
7.06	0	0	0	0.2	0	-0.3	0	0	0	40.636448	711.383972	70.670181	-0.117789	0	0.34285	-1.10E-05	-0.442641	-5.00E-06
7.061	0	0	0	0.2	0	-0.3	0	0	0	40.636448	711.016052	70.434784	-0.117602	0	0.34285	-1.50E-05	-0.442641	-8.00E-06
7.062	0	0	0	0.2	0	-0.3	0	0	0	40.638611	711.383972	70.434784	-0.117275	0	0.34285	-1.10E-05	-0.442641	-8.00E-06
7.063	0	0	0	0.2	0	-0.3	0	0	0	41.42939	713.600464	71.609665	-0.117275	0	0.342604	-1.10E-05	-0.391233	-4.00E-06
7.064	0	0	0	0.2	0	-0.3	0	0	0	41.665829	720.966919	71.609665	-0.117275	0	0.342063	-9.00E-06	-0.391233	-4.00E-06
7.065	0	0	0	0.2	0	-0.3	0	0	0	41.665829	722.659912	71.138512	-0.11671	0	0.342061	-9.00E-06	-0.517912	-4.00E-06
7.066	0	0	0	0.2	0	-0.3	0	0	0	41.980839	724.037048	71.060303	-0.11671	0	0.341123	-1.40E-05	-0.540446	-5.00E-06
7.067	0	0	0	0.2	0	-0.3	0	0	0	41.983727	724.037048	71.138512	-0.11671	0	0.341123	-1.40E-05	-0.540446	-8.00E-06
7.068	0	0	0	0.2	0	-0.3	0	0	0	41.983727	722.486023	71.060181	-0.116564	0	0.341238	-1.40E-05	-0.540446	-8.00E-06
7.069	0	0	0	0.2	0	-0.3	0	0	0	42.214394	722.314392	70.90461	-0.116407	0	0.341905	-1.30E-05	-0.498339	-1.00E-06
7.07	0	0	0	0.2	0	-0.3	0	0	0	41.892162	717.33728	70.90461	-0.116188	0	0.341998	-1.30E-05	-0.498339	-1.00E-06
7.071	0	0	0	0.2	0	-0.3	0	0	0	42.437122	715.099792	71.374748	-0.116188	0	0.342486	-1.00E-06	-0.498339	-1.00E-06
7.072	0	0	0	0.2	0	-0.3	0	0	0	42.437122	715.099792	72.55027	-0.116613	0	0.342768	-1.00E-06	-0.509782	-3.00E-06
7.073	0	0	0	0.2	0	-0.3	0	0	0	42.591381	721.48999	72.706932	-0.116794	0	0.343047	-7.00E-06	-0.509782	-1.00E-06
7.074	0	0	0	0.2	0	-0.3	0	0	0	42.591381	722.498291	73.02034	-0.11705	0	0.343791	-7.00E-06	-0.570652	-3.00E-06
7.075	0	0	0	0.2	0	-0.3	0	0	0	42.591381	722.843811	73.176994	-0.116794	0	0.343791	-7.00E-06	-0.581413	-3.00E-06
7.076	0	0	0	0.2	0	-0.3	0	0	0	42.902782	722.843811	73.255447	-0.11705	0	0.344145	-9.00E-06	-0.570652	-3.00E-06
7.077	0	0	0	0.2	0	-0.3	0	0	0	42.902782	722.501953	73.803963	-0.117114	0	0.344697	-9.00E-06	-0.601842	-4.00E-06
7.078	0	0	0	0.2	0	-0.3	0	0	0	42.902782	722.501953	74.0392	-0.1173	0	0.345269	-9.00E-06	-0.503107	-6.00E-06
7.079	0	0	0	0.2	0	-0.3	0	0	0	43.208416	722.515076	74.03968	-0.11734	0	0.345986	-9.00E-06	-0.503107	-6.00E-06
7.08	0	0	0	0.2	0	-0.3	0	0	0	43.593342	722.515076	74.03968	-0.11734	0	0.346818	-3.00E-06	-0.503107	-3.00E-06
7.081	0	0	0	0.2	0	-0.3	0	0	0	43.594784	718.581787	73.726555	-0.117446	0	0.34699	0	-0.473207	-2.00E-06
7.082	0	0	0	0.2	0	-0.3	0	0	0	43.594784	717.88623	73.726555	-0.117752	0	0.347075	0.00E+00	-0.391008	-3.00E-06
7.083	0	0	0	0.2	0	-0.3	0	0	0	44.454029	718.581787	74.666809	-0.117879	0	0.347862	-9.00E-06	-0.364305	-4.00E-06
7.084	0	0	0	0.2	0	-0.3	0	0	0	45.001156	719.083923	74.666809	-0.117796	0	0.348535	-1.70E-05	-0.279635	-4.00E-06
7.085	0	0	0	0.2	0	-0.3	0	0	0	45.001156	719.083923	74.823708	-0.117856	0	0.349011	-9.00E-06	-0.279635	-4.00E-06
7.086	0	0	0	0.2	0	-0.3	0	0	0	44.919693	717.365845	74.510269	-0.117796	0	0.349011	-8.00E-06	-0.348881	-4.00E-06
7.087	0	0	0	0.2	0	-0.3	0	0	0	44.919693	717.365845	74.432098	-0.117827	0	0.348667	-8.00E-06	-0.348881	-6.00E-06
7.088	0	0	0	0.2	0	-0.3	0	0	0	45.780384	719.441895	74.275276	-0.117698	0	0.348667	-9.00E-06	-0.2313	-6.00E-06
7.089	0	0	0	0.2	0	-0.3	0	0	0	45.780384	719.441895	74.432098	-0.117676	0	0.349316	-1.20E-05	-0.2313	-5.00E-06
7.09	0	0	0	0.2	0	-0.3	0	0	0	45.308949	717.017517	74.745575	-0.117593	0	0.349334	-1.20E-05	-0.324058	-5.00E-06
7.091	0	0	0	0.2	0	-0.3	0	0	0	44.99538	717.017517	75.293976	-0.117419	0	0.349334	-1.20E-05	-0.328501	-5.00E-06
7.092	0	0	0	0.2	0	-0.3	0	0	0	44.99538	718.73938	75.293976	-0.117593	0	0.349785	-1.70E-05	-0.328501	-5.00E-06
7.093	0	0	0	0.2	0	-0.3	0	0	0	45.543224	719.242004	75.293976	-0.117669	0	0.350219	-2.00E-05	-0.299598	-5.00E-06
7.094	0	0	0	0.2	0	-0.3	0	0	0	46.166756	720.278809	76.15593	-0.117749	0	0.350403	-1.70E-05	-0.238939	-4.00E-06
7.095	0	0	0	0.2	0	-0.3	0	0	0	46.166756	720.278809	76.782776	-0.117698	0	0.350403	-1.50E-05	-0.238939	-4.00E-06
7.096	0	0	0	0.2	0	-0.3	0	0	0	44.911755	716.331665	77.331413	-0.117749	0	0.350825	-1.30E-05	-0.398227	-7.00E-06
7.097	0	0	0	0.2	0	-0.3	0	0	0	44.911755	716.331665	76.782776	-0.117835	0	0.35127	-5.00E-06	-0.398227	-7.00E-06
7.098	0	0	0	0.2	0	-0.3	0	0	0	46.630253	716.331665	77.331413	-0.117848	0	0.351588	-1.30E-05	-0.288898	-5.00E-06
7.099	0	0	0	0.2	0	-0.3	0	0	0	46.630253	715.818115	78.742004	-0.117848	0	0.35217	-9.00E-06	-0.144577	-3.00E-06
7.1	0	0	0	0.2	0	-0.3	0	0	0	46.476715	715.132019	78.820457	-0.117736	0	0.352708	-1.50E-05	-0.144577	-3.00E-06
7.101	0	0	0	0.2	0	-0.3	0	0	0	46.002392	712.559143	78.742004	-0.117736	0	0.352857	-1.00E-05	-0.21183	-3.00E-06
7.102	0	0	0	0.2	0	-0.3	0	0	0	46.002392	712.559143	78.976837	-0.118033	0	0.352857	-1.50E-05	-0.21183	-3.00E-06
7.103	0	0	0	0.2	0	-0.3	0	0	0	47.023117	715.849854	79.525597	-0.118033	0	0.353068	-1.70E-05	-0.188318	-3.00E-06
7.104	0	0	0	0.2	0	-0.3	0	0	0	47.023117	715.849854	79.603882	-0.118166	0	0.354231	-1.70E-05	-0.165808	-3.00E-06
7.105	0	0	0	0.2	0	-0.3	0	0	0	46.23811	715.820007	79.839035	-0.118166	0	0.354238	-1.10E-05	-0.176948	-3.00E-06
7.106	0	0	0	0.2	0	-0.3	0	0	0	46.234501	714.615051	79.839035	-0.118166	0	0.354238	-1.10E-05	-0.176948	-3.00E-06
7.107	0	0	0	0.2	0	-0.3	0	0	0	46.153767	713.586304	79.839035	-0.118188	0	0.354439	-1.10E-05	-0.24784	-5.00E-06
7.108	0	0	0	0.2	0	-0.3	0	0	0	46.153767	713.593201	80.152679	-0.118248	0	0.355423	3.00E-06	-0.24784	-5.00E-06
7.109	0	0	0	0.2	0	-0.3	0	0	0	46.153767	713.41803	80.152679	-0.118248	0	0.355432	3.00E-06	-0.204327	-1.00E-06
7.11	0	0	0	0.2	0	-0.3	0	0	0	46.1516	713.41803	79.917847	-0.118201	0	0.355734	-4.00E-06	-0.204327	-1.00E-06
7.111	0	0	0	0.2	0	-0.3	0	0	0	46.388039	711.015015	79.917847	-0.118201	0	0.356048	-4.00E-06	-0.204327	-4.00E-06
7.112	0	0	0	0.2	0	-0.3	0	0	0	46.388039	711.015015	80.231293	-0.118221	0	0.356219	-5.00E-06	-0.106902	-4.00E-06
7.113	0	0	0	0.2	0	-0.3	0	0	0	46.388039	711.857727	80.622864	-0.118384	0	0.357234	-8.00E-06	-0.106902	-4.00E-06
7.114	0	0	0	0.2	0	-0.3	0	0	0	45.995174	711.857727	80.622864	-0.118384	0	0.357234	-1.00E-05	-0.19904	-3.00E-06
7.115	0	0	0	0.2	0	-0.3	0	0	0	45.995174	711.005737	79.917809	-0.118176	0	0.357156	-1.20E-05	-0.19904	-3.00E-06
7.116	0	0	0	0.2	0	-0.3	0	0	0	46.385155	709.463928	79.761307	-0.118036	0	0.357156	-1.20E-05	-0.117654	-3.00E-06
7.117	0	0	0	0.2	0	-0.3	0	0	0	46.385155	706.028992	79.448067	-0.118176	0	0.357373	-1.00E-05	-0.117654	-5.00E-06
7.118	0	0	0	0.2	0	-0.3	0	0	0	45.99229	706.028992	79.448067	-0.118352	0	0.357809	-2.00E-06	-0.129857	-5.00E-06
7.119	0	0	0	0.2	0	-0.3	0	0	0	45.438671	706.183594	79.134628	-0.118352	0	0.358945	-1.00E-05	-0.255574	-3.00E-06
7.12	0	0	0	0.2	0	-0.3	0	0	0	44.888664	706.183594	79.448715	-0.118073	0	0.358945	-1.80E-05	-0.255574	-3.00E-06
7.121	0	0	0	0.2	0	-0.3	0	0	0	44.888664	704.827026	78.900238	-0.118073	0	0.358945	-1.80E-05	-0.221248	-7.00E-06
7.122	0	0	0	0.2	0	-0.3	0	0	0	45.825043	703.959229	79.292534	-0.118286	0	0.359263	-1.60E-05	-0.221056	-7.00E-06
7.123	0	0	0	0.2	0	-0.3	0	0	0	45.825043	702.086792	78.901001	-0.11829	0	0.35941	0	-0.22045	-4.00E-06
7.124	0	0	0	0.2	0	-0.3	0	0	0	45.503536	701.57959	78.901001	-0.11829	0	0.359672	0.00E+00	-0.174521	-4.00E-06
7.125	0	0	0	0.2	0	-0.3	0	0	0	45.109955	699.498169	77.804367	-0.118215	0	0.361065	5.00E-06	-0.181146	-5.00E-06
7.126	0	0	0	0.2	0	-0.3	0	0	0	45.105625	696.402771	77.413124	-0.118215	0	0.361065	-4.00E-06	-0.174521	-5.00E-06
7.127	0	0	0	0.2	0	-0.3	0	0	0	44.710594	696.402771	77.334633	-0.118342	0	0.361065	-5.00E-06	-0.162327	-6.00E-06
7.128	0	0	0	0.2	0	-0.3	0	0	0	44.710594	698.487122	77.021545	-0.118454	0	0.361473	-1.50E-05	-0.075693	-6.00E-06
7.129	0	0	0	0.2	0	-0.3	0	0	0	44.710594	698.487122	76.159912	-0.118503	0	0.36181	-1.50E-05	-0.162327	-6.00E-06
7.13	0	0	0	0.2	0	-0.3	0	0	0	44.550564	695.548645	76.159912	-0.118503	0	0.362164	-2.00E-05	-0.179066	-5.00E-06
7.131	0	0	0	0.2	0	-0.3	0	0	0	44.550564	695.380127	76.159996	-0.118503	0	0.362617	-2.00E-05	-0.179066	-3.00E-06
7.132	0	0	0	0.2	0	-0.3	0	0	0	44.470547	691.783936	76.159996	-0.118595	0	0.362164	-2.50E-05	-0.171462	-3.00E-06
7.133	0	0	0	0.2	0	-0.3	0	0	0	44.154095	691.783936	75.690216	-0.118545	0	0.362617	-2.00E-05	-0.133067	-5.00E-06
7.134	0	0	0	0.2	0	-0.3	0	0	0	43.921986	693.144409	75.61232	-0.11859	0	0.362833	-2.00E-05	-0.171115	-5.00E-06
7.135	0	0	0	0.2	0	-0.3	0	0	0	43.524792	693.144409	75.377296	-0.118548	0	0.363525	-1.30E-05	-0.171115	-5.00E-06
7.136	0	0	0	0.2	0	-0.3	0	0	0	42.428383	688.180176	75.377296	-0.118557	0	0.363525	-1.30E-05	-0.234743	-7.00E-06
7.137	0	0	0	0.2	0	-0.3	0	0	0	42.428383	688.167786	74.829384	-0.118548	0	0.363305	-1.00E-06	-0.261227	-7.00E-06
7.138	0	0	0	0.2	0	-0.3	0	0	0	42.970455	687.14209	74.672356	-0.118365	0	0.363305	-1.40E-05	-0.234743	-4.00E-06
7.139	0	0	0	0.2	0	-0.3	0	0	0	42.970455	687.14209	74.51638	-0.118354	0	0.364235	-1.40E-05	-0.077372	-4.00E-06
7.14	0	0	0	0.2	0	-0.3	0	0	0	42.969734	687.14209	74.438095	-0.118354	0	0.36445	-1.40E-05	-0.077372	-7.00E-06
7.141	0	0	0	0.2	0	-0.3	0	0	0	42.023975	684.046265	74.438095	-0.118381	0	0.364235	-2.00E-05	-0.326193	-7.00E-06
7.142	0	0	0	0.2	0	-0.3	0	0	0	41.868275	683.024902	74.046799	-0.118381	0	0.36483	-1.40E-05	-0.326193	-1.00E-06
7.143	0	0	0	0.2	0	-0.3	0	0	0	41.868275	679.920593	73.655228	-0.118378	0	0.365273	-2.00E-05	-0.207871	0
7.144	0	0	0	0.2	0	-0.3	0	0	0	41.868275	679.905823	73.890259	-0.117986	0	0.366056	-2.10E-05	-0.207871	0
7.145	0	0	0	0.2	0	-0.3	0	0	0	41.316101	678.027039	73.655228	-0.117986	0	0.366056	-2.10E-05	-0.269551	0
7.146	0	0	0	0.2	0	-0.3	0	0	0	40.531818	677.870361	73.576981	-0.118203	0	0.365939	-1.90E-05	-0.269551	-2.00E-06
7.147	0	0	0	0.2	0	-0.3	0	0	0	39.984699	676.489868	73.263779	-0.118203	0	0.365901	-6.00E-06	-0.311833	-2.00E-06
7.148	0	0	0	0.2	0	-0.3	0	0	0	39.043991	676.489868	72.8722	-0.118203	0	0.365901	-6.00E-06	-0.293938	-2.00E-06
7.149	0	0	0	0.2	0	-0.3	0	0	0	39.043991	675.798584	73.263779	-0.118204	0	0.366746	-6.00E-06	-0.293938	-4.00E-06
7.15	0	0	0	0.2	0	-0.3	0	0	0	39.043991	675.798584	73.420639	-0.11834	0	0.366746	-1.30E-05	-0.261625	-4.00E-06
7.151	0	0	0	0.2	0	-0.3	0	0	0	38.574722	672.373047	73.420921	-0.11834	0	0.366692	-1.30E-05	-0.261625	-2.00E-06
7.152	0	0	0	0.2	0	-0.3	0	0	0	38.261154	671.169922	74.126053	-0.118203	0	0.366393	-1.60E-05	-0.279657	-1.00E-06
7.153	0	0	0	0.2	0	-0.3	0	0	0	37.869011	671.335022	74.126053	-0.118203	0	0.366692	-1.80E-05	-0.344548	-1.00E-06
7.154	0	0	0	0.2	0	-0.3	0	0	0	37.400463	671.335022	74.125938	-0.118229	0	0.366878	-1.80E-05	-0.355913	-4.00E-06
7.155	0	0	0	0.2	0	-0.3	0	0	0	36.539772	671.335022	74.125938	-0.118229	0	0.366878	-1.30E-05	-0.43873	-4.00E-06
7.156	0	0	0	0.2	0	-0.3	0	0	0	35.759819	666.172119	74.125977	-0.118229	0	0.366868	-1.00E-05	-0.43873	-1.00E-06
7.157	0	0	0	0.2	0	-0.3	0	0	0	35.058437	666.172119	74.282677	-0.118094	0	0.3666	-1.30E-05	-0.430542	-1.00E-06
7.158	0	0	0	0.2	0	-0.3	0	0	0	35.058437	666.702942	74.361008	-0.118101	0	0.3666	-1.20E-05	-0.430542	0.00E+00
7.159	0	0	0	0.2	0	-0.3	0	0	0	35.058437	666.702942	74.361008	-0.118094	0	0.367544	-1.20E-05	-0.438973	-3.00E-06
7.16	0	0	0	0.2	0	-0.3	0	0	0	33.88274	665.13147	74.361008	-0.117876	0	0.367544	-1.20E-05	-0.474018	-3.00E-06
7.161	0	0	0	0.2	0	-0.3	0	0	0	33.174862	661.53302	74.361412	-0.117686	0	0.367786	-1.30E-05	-0.541676	-3.00E-06
7.162	0	0	0	0.2	0	-0.3	0	0	0	32.627018	661.199768	74.36161	-0.117851	0	0.367786	-1.40E-05	-0.541676	-3.00E-06
7.163	0	0	0	0.2	0	-0.3	0	0	0	32.315617	656.735718	74.518394	-0.117591	0	0.367953	-1.40E-05	-0.43065	-3.00E-06
7.164	0	0	0	0.2	0	-0.3	0	0	0	32.23632	656.047241	75.537369	-0.117751	0	0.368094	-2.10E-05	-0.43065	-2.00E-06
7.165	0	0	0	0.2	0	-0.3	0	0	0	31.060621	654.829102	75.537369	-0.117751	0	0.368263	-1.40E-05	-0.440759	-2.00E-06
7.166	0	0	0	0.2	0	-0.3	0	0	0	30.591352	650.381714	75.537453	-0.117761	0	0.368263	-1.30E-05	-0.465276	-2.00E-06
7.167	0	0	0	0.2	0	-0.3	0	0	0	29.261389	650.381714	75.537453	-0.117821	0	0.368177	-1.30E-05	-0.482474	-3.00E-06
7.168	0	0	0	0.2	0	-0.3	0	0	0	28.872137	650.553711	75.615982	-0.117942	0	0.368177	-1.50E-05	-0.482474	-3.00E-06
7.169	0	0	0	0.2	0	-0.3	0	0	0	28.557125	650.553711	76.007835	-0.117942	0	0.368886	-1.50E-05	-0.482474	-5.00E-06
7.17	0	0	0	0.2	0	-0.3	0	0	0	28.087133	647.276611	76.007835	-0.117756	0	0.368898	-1.60E-05	-0.476267	-5.00E-06
7.171	0	0	0	0.2	0	-0.3	0	0	0	27.463602	645.561279	75.929581	-0.117446	0	0.36904	-9.00E-06	-0.481525	-6.00E-06
7.172	0	0	0	0.2	0	-0.3	0	0	0	26.914316	641.114014	75.929581	-0.117446	0	0.368898	-1.40E-05	-0.473896	-5.00E-06
7.173	0	0	0	0.2	0	-0.3	0	0	0	26.446486	641.114014	76.243591	-0.117402	0	0.36904	-1.20E-05	-0.361814	-6.00E-06
7.174	0	0	0	0.2	0	-0.3	0	0	0	26.131477	641.114014	76.713577	-0.117504	0	0.369259	-1.30E-05	-0.361814	-5.00E-06
7.175	0	0	0	0.2	0	-0.3	0	0	0	25.269342	637.326111	76.635246	-0.117402	0	0.369259	-1.30E-05	-0.574465	-5.00E-06
7.176	0	0	0	0.2	0	-0.3	0	0	0	24.877924	632.006653	76.635246	-0.117504	0	0.369259	-1.30E-05	-0.574465	-2.00E-06
7.177	0	0	0	0.2	0	-0.3	0	0	0	24.330078	631.492371	76.635246	-0.117258	0	0.369331	-1.30E-05	-0.482438	-5.00E-06
7.178	0	0	0	0.2	0	-0.3	0	0	0	24.250065	629.431091	76.792671	-0.117428	0	0.369685	-1.00E-05	-0.414619	-1.00E-06
7.179	0	0	0	0.2	0	-0.3	0	0	0	24.172934	628.578674	76.949165	-0.117158	0	0.369685	-1.60E-05	-0.443971	-4.00E-06
7.18	0	0	0	0.2	0	-0.3	0	0	0	24.093639	625.809937	77.106155	-0.116934	0	0.369987	-1.00E-05	-0.443971	-4.00E-06
7.181	0	0	0	0.2	0	-0.3	0	0	0	23.311523	619.122314	77.18441	-0.116934	0	0.370179	-5.00E-06	-0.443971	-6.00E-06
7.182	0	0	0	0.2	0	-0.3	0	0	0	22.840807	616.899658	77.184608	-0.117141	0	0.370179	-5.00E-06	-0.457943	-6.00E-06
7.183	0	0	0	0.2	0	-0.3	0	0	0	22.840807	615.526123	78.046684	-0.117141	0	0.370513	-1.20E-05	-0.422057	-2.00E-06
7.184	0	0	0	0.2	0	-0.3	0	0	0	22.840807	611.210632	78.124855	-0.117179	0	0.371234	-1.50E-05	-0.401403	-2.00E-06
7.185	0	0	0	0.2	0	-0.3	0	0	0	22.295132	610.031067	78.046684	-0.116946	0	0.371593	-1.60E-05	-0.352914	-5.00E-06
7.186	0	0	0	0.2	0	-0.3	0	0	0	21.903709	608.821838	77.811768	-0.117084	0	0.371619	-1.60E-05	-0.359282	-5.00E-06
7.187	0	0	0	0.2	0	-0.3	0	0	0	21.668713	603.007446	77.811768	-0.117084	0	0.371619	-2.00E-06	-0.359282	-3.00E-06
7.188	0	0	0	0.2	0	-0.3	0	0	0	21.668713	603.007446	78.281914	-0.117089	0	0.371421	-2.00E-06	-0.389572	-3.00E-06
7.189	0	0	0	0.2	0	-0.3	0	0	0	21.509405	603.007446	78.987053	-0.117089	0	0.371421	-5.00E-06	-0.446893	-4.00E-06
7.19	0	0	0	0.2	0	-0.3	0	0	0	21.509405	597.836426	78.987175	-0.116654	0	0.371958	-5.00E-06	-0.446905	-5.00E-06
7.191	0	0	0	0.2	0	-0.3	0	0	0	21.120871	593.211975	79.300613	-0.116654	0	0.372221	-5.00E-06	-0.446905	-4.00E-06
7.192	0	0	0	0.2	0	-0.3	0	0	0	20.570141	589.093201	79.535889	-0.116721	0	0.372082	-1.00E-05	-0.369797	-5.00E-06
7.193	0	0	0	0.2	0	-0.3	0	0	0	20.336586	586.691711	80.006195	-0.116728	0	0.372221	-2.10E-05	-0.369797	-4.00E-06
7.194	0	0	0	0.2	0	-0.3	0	0	0	19.786579	585.828064	80.08448	-0.116728	0	0.372792	-2.10E-05	-0.378969	-5.00E-06
7.195	0	0	0	0.2	0	-0.3	0	0	0	19.630878	584.120422	80.006195	-0.11639	0	0.372792	-7.00E-06	-0.418233	-4.00E-06
7.196	0	0	0	0.2	0	-0.3	0	0	0	19.085922	577.751831	80.08448	-0.116385	0	0.372776	-5.00E-06	-0.418233	-2.00E-06
7.197	0	0	0	0.2	0	-0.3	0	0	0	19.085922	575.541626	80.163101	-0.116385	0	0.372764	-5.00E-06	-0.331497	-2.00E-06
7.198	0	0	0	0.2	0	-0.3	0	0	0	19.47662	574.180725	80.476418	-0.116385	0	0.372776	-1.60E-05	-0.259738	-3.00E-06
7.199	0	0	0	0.2	0	-0.3	0	0	0	19.47662	569.185608	80.241707	-0.116458	0	0.373572	-1.60E-05	-0.259738	-4.00E-06
7.2	0	0	0	0.2	0	-0.3	0	0	0	18.690893	564.387207	80.555191	-0.116203	0	0.373572	-1.60E-05	-0.277971	-3.00E-06
7.201	0	0	0	0.2	0	-0.3	0	0	0	18.613766	561.807129	80.241707	-0.116142	0	0.373572	-1.10E-05	-0.277971	-2.00E-06
7.202	0	0	0	0.2	0	-0.3	0	0	0	17.598095	558.203247	80.398727	-0.116142	0	0.373487	-1.60E-05	-0.22948	-2.00E-06
7.203	0	0	0	0.2	0	-0.3	0	0	0	17.598095	555.316589	80.398727	-0.11629	0	0.373953	-1.90E-05	-0.175191	-2.00E-06
7.204	0	0	0	0.2	0	-0.3	0	0	0	18.143051	552.897949	80.398895	-0.116405	0	0.374243	-1.90E-05	-0.145071	-4.00E-06
7.205	0	0	0	0.2	0	-0.3	0	0	0	18.143051	550.493408	80.398895	-0.11629	0	0.37437	-1.80E-05	-0.175191	-5.00E-06
7.206	0	0	0	0.2	0	-0.3	0	0	0	17.0452	542.936279	80.320564	-0.11613	0	0.37437	-1.30E-05	-0.293751	-5.00E-06
7.207	0	0	0	0.2	0	-0.3	0	0	0	17.0452	540.709167	80.242432	-0.115923	0	0.374366	-1.20E-05	-0.293751	-4.00E-06
7.208	0	0	0	0.2	0	-0.3	0	0	0	17.0452	536.071167	80.242432	-0.11613	0	0.374366	-1.20E-05	-0.281809	-4.00E-06
7.209	0	0	0	0.2	0	-0.3	0	0	0	17.047365	533.677368	80.477745	-0.11579	0	0.374838	-1.20E-05	-0.199491	-4.00E-06
7.21	0	0	0	0.2	0	-0.3	0	0	0	17.047365	530.748962	80.477745	-0.115777	0	0.375819	-1.00E-05	-0.199491	-2.00E-06
7.211	0	0	0	0.2	0	-0.3	0	0	0	17.047365	525.770752	80.242958	-0.115665	0	0.375819	-1.00E-05	-0.219733	-2.00E-06
7.212	0	0	0	0.2	0	-0.3	0	0	0	16.18018	519.107056	79.851341	-0.115665	0	0.375736	-2.00E-05	-0.219733	-3.00E-06
7.213	0	0	0	0.2	0	-0.3	0	0	0	15.792371	519.107056	79.851425	-0.115687	0	0.375736	-2.00E-05	-0.211057	-3.00E-06
7.214	0	0	0	0.2	0	-0.3	0	0	0	16.0252	519.107056	79.851425	-0.115687	0	0.375827	-9.00E-06	-0.143335	-3.00E-06
7.215	0	0	0	0.2	0	-0.3	0	0	0	16.0252	511.720062	79.85154	-0.11527	0	0.375827	-4.00E-06	-0.119068	0
7.216	0	0	0	0.2	0	-0.3	0	0	0	16.100166	507.260284	79.85154	-0.11527	0	0.375827	-9.00E-06	-0.128863	0
7.217	0	0	0	0.2	0	-0.3	0	0	0	16.100166	503.146118	79.85154	-0.115217	0	0.376748	-4.00E-06	-0.128863	-3.00E-06
7.218	0	0	0	0.2	0	-0.3	0	0	0	16.100166	498.329651	80.008446	-0.115928	0	0.376748	-7.00E-06	-0.175471	-3.00E-06
7.219	0	0	0	0.2	0	-0.3	0	0	0	16.2537	494.740448	80.008446	-0.115217	0	0.377072	-7.00E-06	-0.175471	-1.00E-06
7.22	0	0	0	0.2	0	-0.3	0	0	0	16.2537	493.523865	79.851906	-0.115158	0	0.37737	-7.00E-06	-0.186912	-1.00E-06
7.221	0	0	0	0.2	0	-0.3	0	0	0	15.707304	485.280975	78.911659	-0.115158	0	0.37737	-1.70E-05	-0.111612	-2.00E-06
7.222	0	0	0	0.2	0	-0.3	0	0	0	15.707304	482.911896	78.441681	-0.114901	0	0.376335	-1.80E-05	-0.186912	-2.00E-06
7.223	0	0	0	0.2	0	-0.3	0	0	0	16.095835	481.016449	78.441681	-0.115253	0	0.376335	-1.80E-05	-0.111612	-2.00E-06
7.224	0	0	0	0.2	0	-0.3	0	0	0	16.250814	474.846741	78.755203	-0.114901	0	0.377341	-1.40E-05	-0.109014	-3.00E-06
7.225	0	0	0	0.2	0	-0.3	0	0	0	16.329388	472.776184	78.755203	-0.114784	0	0.37741	-1.30E-05	-0.109014	-3.00E-06
7.226	0	0	0	0.2	0	-0.3	0	0	0	16.329388	468.483826	78.442238	-0.11469	0	0.378057	-1.40E-05	-0.075781	-3.00E-06
7.227	0	0	0	0.2	0	-0.3	0	0	0	15.862283	460.758148	78.442238	-0.11469	0	0.378057	-1.30E-05	-0.03652	-3.00E-06
7.228	0	0	0	0.2	0	-0.3	0	0	0	15.862283	458.385559	78.442238	-0.11498	0	0.378521	-1.30E-05	0.018086	-2.00E-06
7.229	0	0	0	0.2	0	-0.3	0	0	0	16.248652	456.830383	77.893883	-0.11498	0	0.378356	-1.30E-05	0.018086	-3.00E-06
7.23	0	0	0	0.2	0	-0.3	0	0	0	16.248652	450.644104	77.345612	-0.114334	0	0.378521	-8.00E-06	0.018086	-2.00E-06
7.231	0	0	0	0.2	0	-0.3	0	0	0	16.090786	444.817383	77.345566	-0.114334	0	0.378955	-1.40E-05	-0.020158	-3.00E-06
7.232	0	0	0	0.2	0	-0.3	0	0	0	15.775773	441.715729	77.345566	-0.114396	0	0.378955	-8.00E-06	-0.024858	-1.00E-06
7.233	0	0	0	0.2	0	-0.3	0	0	0	15.698643	438.993713	76.640594	-0.114425	0	0.37878	-8.00E-06	-0.020158	0.00E+00
7.234	0	0	0	0.2	0	-0.3	0	0	0	15.698643	437.284546	75.621933	-0.114425	0	0.37878	-6.00E-06	-0.001342	0
7.235	0	0	0	0.2	0	-0.3	0	0	0	15.777216	434.014374	75.543648	-0.114329	0	0.379759	-5.00E-06	0.016994	-2.00E-06
7.236	0	0	0	0.2	0	-0.3	0	0	0	15.777216	424.90863	75.308823	-0.114294	0	0.380163	-6.00E-06	0.057389	-2.00E-06
7.237	0	0	0	0.2	0	-0.3	0	0	0	14.994376	420.473541	75.308823	-0.114294	0	0.3802	-6.00E-06	0.072661	-2.00E-06
7.238	0	0	0	0.2	0	-0.3	0	0	0	14.994376	419.601013	75.152275	-0.1143	0	0.3802	-6.00E-06	0.072816	-2.00E-06
7.239	0	0	0	0.2	0	-0.3	0	0	0	14.915082	413.944763	75.152275	-0.11449	0	0.380548	-6.00E-06	0.093762	-4.00E-06
7.24	0	0	0	0.2	0	-0.3	0	0	0	15.223603	411.205353	74.133858	-0.11449	0	0.380655	-9.00E-06	0.093762	-4.00E-06
7.241	0	0	0	0.2	0	-0.3	0	0	0	14.915082	406.916504	73.898872	-0.114461	0	0.380737	-9.00E-06	0.033528	-3.00E-06
7.242	0	0	0	0.2	0	-0.3	0	0	0	14.207929	400.737946	73.664032	-0.114461	0	0.381347	-6.00E-06	0.033528	-3.00E-06
7.243	0	0	0	0.2	0	-0.3	0	0	0	14.207929	395.598969	73.664032	-0.114491	0	0.381506	-5.00E-06	0.108437	-3.00E-06
7.244	0	0	0	0.2	0	-0.3	0	0	0	15.302175	394.061462	73.664032	-0.114491	0	0.382268	-6.00E-06	0.157574	-3.00E-06
7.245	0	0	0	0.2	0	-0.3	0	0	0	15.302175	387.851654	73.272507	-0.113376	0	0.383569	-1.40E-05	0.157574	-3.00E-06
7.246	0	0	0	0.2	0	-0.3	0	0	0	14.67648	383.223358	72.880692	-0.113376	0	0.383569	-1.40E-05	0.135195	-3.00E-06
7.247	0	0	0	0.2	0	-0.3	0	0	0	14.282895	379.46994	72.489159	-0.113524	0	0.383569	-9.00E-06	0.135195	-3.00E-06
7.248	0	0	0	0.2	0	-0.3	0	0	0	14.127192	373.794739	71.548996	-0.113746	0	0.383849	-3.00E-06	0.18292	-2.00E-06
7.249	0	0	0	0.2	0	-0.3	0	0	0	14.282895	372.784119	71.548996	-0.113746	0	0.384006	-3.00E-06	0.206201	-2.00E-06
7.25	0	0	0	0.2	0	-0.3	0	0	0	14.360024	368.657654	71.000793	-0.113483	0	0.384598	-1.30E-05	0.206201	-1.00E-06
7.251	0	0	0	0.2	0	-0.3	0	0	0	14.360024	361.780975	70.844055	-0.113483	0	0.384598	-1.30E-05	0.098489	-1.00E-06
7.252	0	0	0	0.2	0	-0.3	0	0	0	13.498612	356.650085	70.843933	-0.113256	0	0.384326	-1.10E-05	0.098489	-1.00E-06
7.253	0	0	0	0.2	0	-0.3	0	0	0	13.498612	355.458984	70.217377	-0.113256	0	0.383662	-1.10E-05	0.170725	-1.00E-06
7.254	0	0	0	0.2	0	-0.3	0	0	0	13.498612	352.719177	69.277321	-0.112925	0	0.383662	-3.00E-06	0.208654	-2.00E-06
7.255	0	0	0	0.2	0	-0.3	0	0	0	13.414992	348.411804	68.650642	-0.112807	0	0.385621	-4.00E-06	0.208654	-2.00E-06
7.256	0	0	0	0.2	0	-0.3	0	0	0	12.79651	342.929871	68.650604	-0.112704	0	0.386226	-4.00E-06	0.112893	-2.00E-06
7.257	0	0	0	0.2	0	-0.3	0	0	0	12.712167	337.433685	67.71051	-0.112807	0	0.386226	-4.00E-06	0.112893	-2.00E-06
7.258	0	0	0	0.2	0	-0.3	0	0	0	12.712167	332.131958	67.397354	-0.11294	0	0.38527	-1.00E-05	0.260299	-2.00E-06
7.259	0	0	0	0.2	0	-0.3	0	0	0	12.712167	331.978027	67.162155	-0.112946	0	0.38527	-9.00E-06	0.332676	-2.00E-06
7.26	0	0	0	0.2	0	-0.3	0	0	0	12.712167	328.697418	67.005699	-0.112946	0	0.387491	-9.00E-06	0.332676	-2.00E-06
7.261	0	0	0	0.2	0	-0.3	0	0	0	12.160714	319.942627	66.14386	-0.112946	0	0.387491	-9.00E-06	0.104334	-3.00E-06
7.262	0	0	0	0.2	0	-0.3	0	0	0	11.615035	318.770844	65.203697	-0.112484	0	0.387491	-8.00E-06	0.104334	-1.00E-06
7.263	0	0	0	0.2	0	-0.3	0	0	0	11.615035	314.114349	64.655342	-0.112851	0	0.385989	-1.00E-06	0.23409	-2.00E-06
7.264	0	0	0	0.2	0	-0.3	0	0	0	11.771461	309.332581	64.185318	-0.112851	0	0.387699	-1.00E-06	0.255415	-2.00E-06
7.265	0	0	0	0.2	0	-0.3	0	0	0	11.924997	306.578857	63.714973	-0.112851	0	0.387699	-7.00E-06	0.255415	-2.00E-06
7.266	0	0	0	0.2	0	-0.3	0	0	0	11.771461	301.410553	63.245029	-0.112554	0	0.388479	-7.00E-06	0.225504	-2.00E-06
7.267	0	0	0	0.2	0	-0.3	0	0	0	10.988621	295.600769	62.696632	-0.112554	0	0.388479	-3.00E-06	0.225504	-1.00E-06
7.268	0	0	0	0.2	0	-0.3	0	0	0	10.988621	293.714569	62.383392	-0.112554	0	0.388479	-3.00E-06	0.302563	-1.00E-06
7.269	0	0	0	0.2	0	-0.3	0	0	0	10.912212	291.829529	61.364975	-0.112017	0	0.389808	-2.00E-06	0.302563	-1.00E-06
7.27	0	0	0	0.2	0	-0.3	0	0	0	11.067194	286.3349	61.208073	-0.112017	0	0.389812	-2.00E-06	0.302563	-1.00E-06
7.271	0	0	0	0.2	0	-0.3	0	0	0	10.126488	281.202087	60.816422	-0.112333	0	0.390279	-2.00E-06	0.302125	-3.00E-06
7.272	0	0	0	0.2	0	-0.3	0	0	0	9.892214	276.899292	60.738251	-0.112333	0	0.390678	-3.00E-06	0.302125	-2.00E-06
7.273	0	0	0	0.2	0	-0.3	0	0	0	9.501516	271.773071	59.562893	-0.112196	0	0.390678	-4.00E-06	0.302125	-2.00E-06
7.274	0	0	0	0.2	0	-0.3	0	0	0	9.419334	270.557648	57.917908	-0.111934	0	0.390678	-5.00E-06	0.219605	-2.00E-06
7.275	0	0	0	0.2	0	-0.3	0	0	0	9.496464	269.868347	57.917908	-0.111088	0	0.391824	-4.00E-06	0.231321	-1.00E-06
7.276	0	0	0	0.2	0	-0.3	0	0	0	9.419334	261.12207	56.742706	-0.111088	0	0.391824	-1.10E-05	0.231321	-1.00E-06
7.277	0	0	0	0.2	0	-0.3	0	0	0	8.637939	255.987289	56.664413	-0.112023	0	0.391824	-3.00E-06	0.277295	-1.00E-06
7.278	0	0	0	0.2	0	-0.3	0	0	0	8.637939	253.757812	56.664413	-0.112023	0	0.392912	-3.00E-06	0.315467	-1.00E-06
7.279	0	0	0	0.2	0	-0.3	0	0	0	8.012968	248.425171	55.489304	-0.111896	0	0.395288	-3.00E-06	0.315467	-1.00E-06
7.28	0	0	0	0.2	0	-0.3	0	0	0	7.85438	244.999557	54.784042	-0.111843	0	0.395308	-3.00E-06	0.263146	-1.00E-06
7.281	0	0	0	0.2	0	-0.3	0	0	0	7.775085	241.57045	54.392467	-0.111263	0	0.395308	-4.00E-06	0.248667	-2.00E-06
7.282	0	0	0	0.2	0	-0.3	0	0	0	6.836544	234.197754	52.825378	-0.111263	0	0.395244	-4.00E-06	0.263146	-2.00E-06
7.283	0	0	0	0.2	0	-0.3	0	0	0	6.836544	233.356079	52.512016	-0.111641	0	0.395244	-5.00E-06	0.321113	-3.00E-06
7.284	0	0	0	0.2	0	-0.3	0	0	0	7.618662	230.603531	52.277187	-0.111641	0	0.398179	-7.00E-06	0.338338	-2.00E-06
7.285	0	0	0	0.2	0	-0.3	0	0	0	7.618662	225.786621	52.120483	-0.111252	0	0.398179	-8.00E-06	0.338338	-2.00E-06
7.286	0	0	0	0.2	0	-0.3	0	0	0	6.523697	220.15889	51.963703	-0.111252	0	0.39926	-8.00E-06	0.338338	0
7.287	0	0	0	0.2	0	-0.3	0	0	0	6.131556	219.625854	50.475262	-0.111252	0	0.398335	-5.00E-06	0.310016	0
7.288	0	0	0	0.2	0	-0.3	0	0	0	5.66445	212.592178	50.083488	-0.112274	0	0.39926	-3.00E-06	0.373139	-1.00E-06
7.289	0	0	0	0.2	0	-0.3	0	0	0	5.663008	210.535858	49.848495	-0.111087	0	0.401072	-3.00E-06	0.310016	-2.00E-06
7.29	0	0	0	0.2	0	-0.3	0	0	0	5.659397	206.931274	49.378349	-0.111087	0	0.402043	-3.00E-06	0.220582	-2.00E-06
7.291	0	0	0	0.2	0	-0.3	0	0	0	5.504417	200.745056	48.751625	-0.110918	0	0.402339	-3.00E-06	0.12096	-1.00E-06
7.292	0	0	0	0.2	0	-0.3	0	0	0	5.116606	193.904236	48.516472	-0.110918	0	0.402339	-3.00E-06	0.12096	-1.00E-06
7.293	0	0	0	0.2	0	-0.3	0	0	0	4.255915	193.201431	48.124947	-0.110918	0	0.405187	-3.00E-06	0.376706	-1.00E-06
7.294	0	0	0	0.2	0	-0.3	0	0	0	4.255915	192.520218	47.654961	-0.111074	0	0.404677	-3.00E-06	0.376706	-1.00E-06
7.295	0	0	0	0.2	0	-0.3	0	0	0	4.095163	187.382401	47.341393	-0.110642	0	0.405637	-2.00E-06	0.157873	-1.00E-06
7.296	0	0	0	0.2	0	-0.3	0	0	0	3.627335	182.573593	46.792999	-0.110642	0	0.406055	0	0.157873	-2.00E-06
7.297	0	0	0	0.2	0	-0.3	0	0	0	3.627335	174.854477	45.852798	-0.110642	0	0.407645	0	0.158067	-2.00E-06
7.298	0	0	0	0.2	0	-0.3	0	0	0	3.549484	171.263	45.539436	-0.110883	0	0.408149	-2.00E-06	0.190432	-1.00E-06
7.299	0	0	0	0.2	0	-0.3	0	0	0	3.004528	171.10405	45.069489	-0.110883	0	0.409443	-4.00E-06	0.190801	-1.00E-06
7.3	0	0	0	0.2	0	-0.3	0	0	0	3.004528	166.788574	44.599182	-0.109897	0	0.412222	-2.00E-06	0.314286	-1.00E-06
7.301	0	0	0	0.2	0	-0.3	0	0	0	2.768811	161.515762	43.189072	-0.109897	0	0.412222	-4.00E-06	0.314286	-1.00E-06
7.302	0	0	0	0.2	0	-0.3	0	0	0	2.532372	159.253082	42.640594	-0.111119	0	0.411539	-6.00E-06	0.344243	-1.00E-06
7.303	0	0	0	0.2	0	-0.3	0	0	0	2.532372	154.981964	42.170658	-0.111119	0	0.411539	-7.00E-06	0.344243	-1.00E-06
7.304	0	0	0	0.2	0	-0.3	0	0	0	2.532372	148.794571	41.465275	-0.111119	0	0.416251	-7.00E-06	0.344243	-1.00E-06
7.305	0	0	0	0.2	0	-0.3	0	0	0	2.457407	147.940155	41.386944	-0.111019	0	0.418049	-5.00E-06	0.3814	0
7.306	0	0	0	0.2	0	-0.3	0	0	0	2.067431	143.308792	39.741562	-0.110288	0	0.418483	-3.00E-06	0.3814	0
7.307	0	0	0	0.2	0	-0.3	0	0	0	0.894616	136.795853	38.331337	-0.110288	0	0.418483	-3.00E-06	0.3814	0
7.308	0	0	0	0.2	0	-0.3	0	0	0	0.894616	136.466431	37.861305	-0.110288	0	0.418281	-3.00E-06	0.352506	-1.00E-06
7.309	0	0	0	0.2	0	-0.3	0	0	0	1.519587	135.939163	36.529121	-0.110085	0	0.418281	-4.00E-06	0.383599	-1.00E-06
7.31	0	0	0	0.2	0	-0.3	0	0	0	1.519587	130.967529	36.372463	-0.110085	0	0.420861	-4.00E-06	0.32521	-1.00E-06
7.311	0	0	0	0.2	0	-0.3	0	0	0	0.816764	128.75116	34.727158	-0.110085	0	0.422888	-1.00E-06	0.359854	0.00E+00
7.312	0	0	0	0.2	0	-0.3	0	0	0	0.814599	122.725006	34.335388	-0.11044	0	0.424206	-1.00E-06	0.359854	-1.00E-06
7.313	0	0	0	0.2	0	-0.3	0	0	0	0.034648	122.725006	33.081902	-0.11044	0	0.424475	0.00E+00	0.40651	-1.00E-06
7.314	0	0	0	0.2	0	-0.3	0	0	0	0.034648	120.691422	32.298355	-0.110571	0	0.424475	-1.00E-06	0.40651	-1.00E-06
7.315	0	0	0	0.2	0	-0.3	0	0	0	-0.197463	120.691422	31.671349	-0.110571	0	0.428917	-1.00E-06	0.256886	-1.00E-06
7.316	0	0	0	0.2	0	-0.3	0	0	0	-0.277478	111.596481	30.339287	-0.110571	0	0.430196	-3.00E-06	0.256886	-1.00E-06
7.317	0	0	0	0.2	0	-0.3	0	0	0	-0.278922	110.750565	29.320992	-0.110028	0	0.431056	-3.00E-06	0.217137	-1.00E-06
7.318	0	0	0	0.2	0	-0.3	0	0	0	-0.277478	109.359268	29.085678	-0.110014	0	0.433804	-3.00E-06	0.250451	-1.00E-06
7.319	0	0	0	0.2	0	-0.3	0	0	0	-0.279643	105.768936	28.302372	-0.110014	0	0.434953	-3.00E-06	0.250451	-1.00E-06
7.32	0	0	0	0.2	0	-0.3	0	0	0	-0.279643	104.739059	27.205425	-0.110014	0	0.434953	-3.00E-06	0.272732	0.00E+00
7.321	0	0	0	0.2	0	-0.3	0	0	0	-0.668899	101.477783	26.970272	-0.109832	0	0.435741	-2.00E-06	0.272732	-1.00E-06
7.322	0	0	0	0.2	0	-0.3	0	0	0	-1.447408	97.538361	26.030106	-0.109832	0	0.435138	-2.00E-06	0.272732	0.00E+00
7.323	0	0	0	0.2	0	-0.3	0	0	0	-1.447408	95.662621	26.030022	-0.111241	0	0.439971	-2.00E-06	0.338034	-1.00E-06
7.324	0	0	0	0.2	0	-0.3	0	0	0	-1.139611	92.72525	24.698162	-0.111241	0	0.447599	-3.00E-06	0.338034	0.00E+00
7.325	0	0	0	0.2	0	-0.3	0	0	0	-1.136723	89.126884	24.227898	-0.109916	0	0.449757	-1.00E-06	0.338034	0
7.326	0	0	0	0.2	0	-0.3	0	0	0	-1.139611	87.237999	23.209442	-0.109916	0	0.449757	-3.00E-06	0.309301	0
7.327	0	0	0	0.2	0	-0.3	0	0	0	-1.527421	86.047646	22.347443	-0.110603	0	0.450119	-3.00E-06	0.363097	0.00E+00
7.328	0	0	0	0.2	0	-0.3	0	0	0	-2.152394	83.83667	21.564255	-0.111512	0	0.450119	-3.00E-06	0.333775	-1.00E-06
7.329	0	0	0	0.2	0	-0.3	0	0	0	-2.152394	81.768433	21.015423	-0.110603	0	0.450169	-3.00E-06	0.333775	0.00E+00
7.33	0	0	0	0.2	0	-0.3	0	0	0	-2.152394	81.418556	20.858761	-0.108993	0	0.456401	-3.00E-06	0.325983	0
7.331	0	0	0	0.2	0	-0.3	0	0	0	-1.523814	74.543037	21.015423	-0.108993	0	0.465244	-2.00E-06	0.325983	0
7.332	0	0	0	0.2	0	-0.3	0	0	0	-1.918841	74.543037	20.545277	-0.110995	0	0.465244	-1.00E-06	0.2522	0
7.333	0	0	0	0.2	0	-0.3	0	0	0	-1.526702	74.751717	19.996799	-0.114092	0	0.463898	-1.00E-06	0.325291	0
7.334	0	0	0	0.2	0	-0.3	0	0	0	-1.918841	74.751717	18.586288	-0.114092	0	0.463898	-2.00E-06	0.2522	0
7.335	0	0	0	0.2	0	-0.3	0	0	0	-1.918841	72.33165	18.116222	-0.112042	0	0.467189	-2.00E-06	0.142581	0.00E+00
7.336	0	0	0	0.2	0	-0.3	0	0	0	-1.995972	69.937485	18.116184	-0.111003	0	0.469708	-2.00E-06	0.141008	0
7.337	0	0	0	0.2	0	-0.3	0	0	0	-1.993085	62.721382	18.037773	-0.108517	0	0.474679	-2.00E-06	0.141008	0
7.338	0	0	0	0.2	0	-0.3	0	0	0	-1.993085	62.721382	17.959564	-0.108517	0	0.478207	-1.00E-06	0.263128	0
7.339	0	0	0	0.2	0	-0.3	0	0	0	-1.602387	62.385429	17.646202	-0.10912	0	0.482563	-1.00E-06	0.38607	0
7.34	0	0	0	0.2	0	-0.3	0	0	0	-1.602387	59.300377	17.489658	-0.10912	0	0.482563	-2.00E-06	0.38607	0.00E+00
7.341	0	0	0	0.2	0	-0.3	0	0	0	-2.072379	58.62188	15.843918	-0.108525	0	0.485815	-2.00E-06	0.19154	-1.00E-06
7.342	0	0	0	0.2	0	-0.3	0	0	0	-2.385226	57.923759	15.21719	-0.108525	0	0.485815	-1.00E-06	0.104428	0.00E+00
7.343	0	0	0	0.2	0	-0.3	0	0	0	-2.072379	55.359055	15.21719	-0.108619	0	0.491972	-1.00E-06	0.19154	0
7.344	0	0	0	0.2	0	-0.3	0	0	0	-1.757367	50.913208	15.452263	-0.108619	0	0.496709	-1.00E-06	0.358067	0
7.345	0	0	0	0.2	0	-0.3	0	0	0	-1.60311	50.04723	15.452263	-0.106872	0	0.510903	-1.00E-06	0.358067	0.00E+00
7.346	0	0	0	0.2	0	-0.3	0	0	0	-1.60311	47.114597	14.433643	-0.106493	0	0.515542	-1.00E-06	0.162352	0
7.347	0	0	0	0.2	0	-0.3	0	0	0	-1.757367	46.117126	14.433643	-0.106493	0	0.515542	-1.00E-06	0.162352	0
7.348	0	0	0	0.2	0	-0.3	0	0	0	-1.757367	44.54953	14.825497	-0.110014	0	0.523822	-1.00E-06	0.307451	0
7.349	0	0	0	0.2	0	-0.3	0	0	0	-1.757367	43.359959	14.825497	-0.110014	0	0.524859	0.00E+00	0.307451	0
7.35	0	0	0	0.2	0	-0.3	0	0	0	-1.446684	41.465286	14.668552	-0.107312	0	0.533699	1.00E-06	0.267537	0
7.351	0	0	0	0.2	0	-0.3	0	0	0	-2.069493	38.902164	12.944962	-0.106085	0	0.53392	1.00E-06	0.12701	0
7.352	0	0	0	0.2	0	-0.3	0	0	0	-2.065163	35.135963	12.317955	-0.104884	0	0.545327	-1.00E-06	0.22813	0
7.353	0	0	0	0.2	0	-0.3	0	0	0	-2.065163	35.135963	12.004433	-0.104884	0	0.545327	-2.00E-06	0.22813	0
7.354	0	0	0	0.2	0	-0.3	0	0	0	-1.675907	35.811337	11.534328	-0.104783	0	0.545327	-2.00E-06	0.282997	0
7.355	0	0	0	0.2	0	-0.3	0	0	0	-1.675907	35.811337	11.455837	-0.11215	0	0.557447	-2.00E-06	0.282997	0
7.356	0	0	0	0.2	0	-0.3	0	0	0	-2.37801	34.113007	11.455875	-0.114128	0	0.557447	-1.00E-06	0.201383	0
7.357	0	0	0	0.2	0	-0.3	0	0	0	-2.533711	32.045914	11.455837	-0.114128	0	0.569376	-1.00E-06	0.011065	0
7.358	0	0	0	0.2	0	-0.3	0	0	0	-2.37801	32.045914	11.064064	-0.109773	0	0.569376	-1.00E-06	0.01233	0
7.359	0	0	0	0.2	0	-0.3	0	0	0	-2.222308	30.341389	10.437138	-0.109773	0	0.580866	-1.00E-06	0.01233	0
7.36	0	0	0	0.2	0	-0.3	0	0	0	-2.065886	29.297625	10.437138	-0.109773	0	0.593263	0	0.09816	0
7.361	0	0	0	0.2	0	-0.3	0	0	0	-2.065886	27.063541	10.672367	-0.106169	0	0.603798	0	0.09816	0
7.362	0	0	0	0.2	0	-0.3	0	0	0	-2.847281	25.537228	10.672367	-0.106169	0	0.606498	0	-0.08551	0
7.363	0	0	0	0.2	0	-0.3	0	0	0	-2.847281	24.685173	10.202267	-0.112854	0	0.606498	0	-0.08551	0
7.364	0	0	0	0.2	0	-0.3	0	0	0	0	0	0	-0.13	0	0.305	0	0	0
7.365	0	0	0	0.2	0	-0.3	0	0	0	0	0	0	-0.13	0	0.305	0	0	0
7.366	0	0	0	0.2	0	-0.3	0	0	0	0	0	0	-0.13	0	0.305	0	0	0
7.367	0	0	0	0.2	0	-0.3	0	0	0	0	0	0	-0.13	0	0.305	0	0	0
7.368	0	0	0	0.2	0	-0.3	0	0	0	0	0	0	-0.13	0	0.305	0	0	0
7.369	0	0	0	0.2	0	-0.3	0	0	0	0	0	0	-0.13	0	0.305	0	0	0
7.37	0	0	0	0.2	0	-0.3	0	0	0	0	0	0	-0.13	0	0.305	0	0	0
7.371	0	0	0	0.2	0	-0.3	0	0	0	0	0	0	-0.13	0	0.305	0	0	0
7.372	0	0	0	0.2	0	-0.3	0	0	0	0	0	0	-0.13	0	0.305	0	0	0
7.373	0	0	0	0.2	0	-0.3	0	0	0	0	0	0	-0.13	0	0.305	0	0	0
7.374	0	0	0	0.2	0	-0.3	0	0	0	0	0	0	-0.13	0	0.305	0	0	0
7.375	0	0	0	0.2	0	-0.3	0	0	0	0	0	0	-0.13	0	0.305	0	0	0
7.376	0	0	0	0.2	0	-0.3	0	0	0	0	0	0	-0.13	0	0.305	0	0	0
7.377	0	0	0	0.2	0	-0.3	0	0	0	0	0	0	-0.13	0	0.305	0	0	0
7.378	0	0	0	0.2	0	-0.3	0	0	0	0	0	0	-0.13	0	0.305	0	0	0
7.379	0	0	0	0.2	0	-0.3	0	0	0	0	0	0	-0.13	0	0.305	0	0	0
7.38	0	0	0	0.2	0	-0.3	0	0	0	0	0	0	-0.13	0	0.305	0	0	0
7.381	0	0	0	0.2	0	-0.3	0	0	0	0	0	0	-0.13	0	0.305	0	0	0
7.382	0	0	0	0.2	0	-0.3	0	0	0	0	0	0	-0.13	0	0.305	0	0	0
7.383	0	0	0	0.2	0	-0.3	0	0	0	0	0	0	-0.13	0	0.305	0	0	0
7.384	0	0	0	0.2	0	-0.3	0	0	0	0	0	0	-0.13	0	0.305	0	0	0
7.385	0	0	0	0.2	0	-0.3	0	0	0	0	0	0	-0.13	0	0.305	0	0	0
7.386	0	0	0	0.2	0	-0.3	0	0	0	0	0	0	-0.13	0	0.305	0	0	0
7.387	0	0	0	0.2	0	-0.3	0	0	0	0	0	0	-0.13	0	0.305	0	0	0
7.388	0	0	0	0.2	0	-0.3	0	0	0	0	0	0	-0.13	0	0.305	0	0	0
7.389	0	0	0	0.2	0	-0.3	0	0	0	0	0	0	-0.13	0	0.305	0	0	0
7.39	0	0	0	0.2	0	-0.3	0	0	0	0	0	0	-0.13	0	0.305	0	0	0
7.391	0	0	0	0.2	0	-0.3	0	0	0	0	0	0	-0.13	0	0.305	0	0	0
7.392	0	0	0	0.2	0	-0.3	0	0	0	0	0	0	-0.13	0	0.305	0	0	0
7.393	0	0	0	0.2	0	-0.3	0	0	0	0	0	0	-0.13	0	0.305	0	0	0
7.394	0	0	0	0.2	0	-0.3	0	0	0	0	0	0	-0.13	0	0.305	0	0	0
7.395	0	0	0	0.2	0	-0.3	0	0	0	0	0	0	-0.13	0	0.305	0	0	0
7.396	0	0	0	0.2	0	-0.3	0	0	0	0	0	0	-0.13	0	0.305	0	0	0
7.397	0	0	0	0.2	0	-0.3	0	0	0	0	0	0	-0.13	0	0.305	0	0	0
7.398	0	0	0	0.2	0	-0.3	0	0	0	0	0	0	-0.13	0	0.305	0	0	0
7.399	0	0	0	0.2	0	-0.3	0	0	0	0	0	0	-0.13	0	0.305	0	0	0
7.4	0	0	0	0.2	0	-0.3	0	0	0	0	0	0	-0.13	0	0.305	0	0	0
7.401	0	0	0	0.2	0	-0.3	0	0	0	0	0	0	-0.13	0	0.305	0	0	0
7.402	0	0	0	0.2	0	-0.3	0	0	0	0	0	0	-0.13	0	0.305	0	0	0
7.403	0	0	0	0.2	0	-0.3	0	0	0	0	0	0	-0.13	0	0.305	0	0	0
7.404	0	0	0	0.2	0	-0.3	0	0	0	0	0	0	-0.13	0	0.305	0	0	0
7.405	0	0	0	0.2	0	-0.3	0	0	0	0	0	0	-0.13	0	0.305	0	0	0
7.406	0	0	0	0.2	0	-0.3	0	0	0	0	0	0	-0.13	0	0.305	0	0	0
7.407	0	0	0	0.2	0	-0.3	0	0	0	0	0	0	-0.13	0	0.305	0	0	0
7.408	0	0	0	0.2	0	-0.3	0	0	0	0	0	0	-0.13	0	0.305	0	0	0
7.409	0	0	0	0.2	0	-0.3	0	0	0	0	0	0	-0.13	0	0.305	0	0	0
7.41	0	0	0	0.2	0	-0.3	0	0	0	0	0	0	-0.13	0	0.305	0	0	0
7.411	0	0	0	0.2	0	-0.3	0	0	0	0	0	0	-0.13	0	0.305	0	0	0
7.412	0	0	0	0.2	0	-0.3	0	0	0	0	0	0	-0.13	0	0.305	0	0	0
7.413	0	0	0	0.2	0	-0.3	0	0	0	0	0	0	-0.13	0	0.305	0	0	0
7.414	0	0	0	0.2	0	-0.3	0	0	0	0	0	0	-0.13	0	0.305	0	0	0
7.415	0	0	0	0.2	0	-0.3	0	0	0	0	0	0	-0.13	0	0.305	0	0	0
7.416	0	0	0	0.2	0	-0.3	0	0	0	0	0	0	-0.13	0	0.305	0	0	0
7.417	0	0	0	0.2	0	-0.3	0	0	0	0	0	0	-0.13	0	0.305	0	0	0
7.418	0	0	0	0.2	0	-0.3	0	0	0	0	0	0	-0.13	0	0.305	0	0	0
7.419	0	0	0	0.2	0	-0.3	0	0	0	0	0	0	-0.13	0	0.305	0	0	0
7.42	0	0	0	0.2	0	-0.3	0	0	0	0	0	0	-0.13	0	0.305	0	0	0
7.421	0	0	0	0.2	0	-0.3	0	0	0	0	0	0	-0.13	0	0.305	0	0	0
7.422	0	0	0	0.2	0	-0.3	0	0	0	0	0	0	-0.13	0	0.305	0	0	0
7.423	0	0	0	0.2	0	-0.3	0	0	0	0	0	0	-0.13	0	0.305	0	0	0
7.424	0	0	0	0.2	0	-0.3	0	0	0	0	0	0	-0.13	0	0.305	0	0	0
7.425	0	0	0	0.2	0	-0.3	0	0	0	0	0	0	-0.13	0	0.305	0	0	0
7.426	0	0	0	0.2	0	-0.3	0	0	0	0	0	0	-0.13	0	0.305	0	0	0
7.427	0	0	0	0.2	0	-0.3	0	0	0	0	0	0	-0.13	0	0.305	0	0	0
7.428	0	0	0	0.2	0	-0.3	0	0	0	0	0	0	-0.13	0	0.305	0	0	0
7.429	0	0	0	0.2	0	-0.3	0	0	0	0	0	0	-0.13	0	0.305	0	0	0
7.43	0	0	0	0.2	0	-0.3	0	0	0	0	0	0	-0.13	0	0.305	0	0	0
7.431	0	0	0	0.2	0	-0.3	0	0	0	0	0	0	-0.13	0	0.305	0	0	0
7.432	0	0	0	0.2	0	-0.3	0	0	0	0	0	0	-0.13	0	0.305	0	0	0
7.433	0	0	0	0.2	0	-0.3	0	0	0	0	0	0	-0.13	0	0.305	0	0	0
7.434	0	0	0	0.2	0	-0.3	0	0	0	0	0	0	-0.13	0	0.305	0	0	0
7.435	0	0	0	0.2	0	-0.3	0	0	0	0	0	0	-0.13	0	0.305	0	0	0
7.436	0	0	0	0.2	0	-0.3	0	0	0	0	0	0	-0.13	0	0.305	0	0	0
7.437	0	0	0	0.2	0	-0.3	0	0	0	0	0	0	-0.13	0	0.305	0	0	0
7.438	0	0	0	0.2	0	-0.3	0	0	0	0	0	0	-0.13	0	0.305	0	0	0
7.439	0	0	0	0.2	0	-0.3	0	0	0	0	0	0	-0.13	0	0.305	0	0	0
7.44	0	0	0	0.2	0	-0.3	0	0	0	0	0	0	-0.13	0	0.305	0	0	0
7.441	0	0	0	0.2	0	-0.3	0	0	0	0	0	0	-0.13	0	0.305	0	0	0
7.442	0	0	0	0.2	0	-0.3	0	0	0	0	0	0	-0.13	0	0.305	0	0	0
7.443	0	0	0	0.2	0	-0.3	0	0	0	0	0	0	-0.13	0	0.305	0	0	0
7.444	0	0	0	0.2	0	-0.3	0	0	0	0	0	0	-0.13	0	0.305	0	0	0
7.445	0	0	0	0.2	0	-0.3	0	0	0	0	0	0	-0.13	0	0.305	0	0	0
7.446	0	0	0	0.2	0	-0.3	0	0	0	0	0	0	-0.13	0	0.305	0	0	0
7.447	0	0	0	0.2	0	-0.3	0	0	0	0	0	0	-0.13	0	0.305	0	0	0
7.448	0	0	0	0.2	0	-0.3	0	0	0	0	0	0	-0.13	0	0.305	0	0	0
7.449	0	0	0	0.2	0	-0.3	0	0	0	0	0	0	-0.13	0	0.305	0	0	0
7.45	0	0	0	0.2	0	-0.3	0	0	0	0	0	0	-0.13	0	0.305	0	0	0
7.451	0	0	0	0.2	0	-0.3	0	0	0	0	0	0	-0.13	0	0.305	0	0	0
7.452	0	0	0	0.2	0	-0.3	0	0	0	0	0	0	-0.13	0	0.305	0	0	0
7.453	0	0	0	0.2	0	-0.3	0	0	0	0	0	0	-0.13	0	0.305	0	0	0
7.454	0	0	0	0.2	0	-0.3	0	0	0	0	0	0	-0.13	0	0.305	0	0	0
7.455	0	0	0	0.2	0	-0.3	0	0	0	0	0	0	-0.13	0	0.305	0	0	0
7.456	0	0	0	0.2	0	-0.3	0	0	0	0	0	0	-0.13	0	0.305	0	0	0
7.457	0	0	0	0.2	0	-0.3	0	0	0	0	0	0	-0.13	0	0.305	0	0	0
7.458	0	0	0	0.2	0	-0.3	0	0	0	0	0	0	-0.13	0	0.305	0	0	0
7.459	0	0	0	0.2	0	-0.3	0	0	0	0	0	0	-0.13	0	0.305	0	0	0
7.46	0	0	0	0.2	0	-0.3	0	0	0	0	0	0	-0.13	0	0.305	0	0	0
7.461	0	0	0	0.2	0	-0.3	0	0	0	0	0	0	-0.13	0	0.305	0	0	0
7.462	0	0	0	0.2	0	-0.3	0	0	0	0	0	0	-0.13	0	0.305	0	0	0
7.463	0	0	0	0.2	0	-0.3	0	0	0	0	0	0	-0.13	0	0.305	0	0	0
7.464	0	0	0	0.2	0	-0.3	0	0	0	0	0	0	-0.13	0	0.305	0	0	0
7.465	0	0	0	0.2	0	-0.3	0	0	0	0	0	0	-0.13	0	0.305	0	0	0
7.466	0	0	0	0.2	0	-0.3	0	0	0	0	0	0	-0.13	0	0.305	0	0	0
7.467	0	0	0	0.2	0	-0.3	0	0	0	0	0	0	-0.13	0	0.305	0	0	0
7.468	0	0	0	0.2	0	-0.3	0	0	0	0	0	0	-0.13	0	0.305	0	0	0
7.469	0	0	0	0.2	0	-0.3	0	0	0	0	0	0	-0.13	0	0.305	0	0	0
7.47	0	0	0	0.2	0	-0.3	0	0	0	0	0	0	-0.13	0	0.305	0	0	0
7.471	0	0	0	0.2	0	-0.3	0	0	0	0	0	0	-0.13	0	0.305	0	0	0
7.472	0	0	0	0.2	0	-0.3	0	0	0	0	0	0	-0.13	0	0.305	0	0	0
7.473	0	0	0	0.2	0	-0.3	0	0	0	0	0	0	-0.13	0	0.305	0	0	0
7.474	0	0	0	0.2	0	-0.3	0	0	0	0	0	0	-0.13	0	0.305	0	0	0
7.475	0	0	0	0.2	0	-0.3	0	0	0	0	0	0	-0.13	0	0.305	0	0	0
7.476	0	0	0	0.2	0	-0.3	0	0	0	0	0	0	-0.13	0	0.305	0	0	0
7.477	0	0	0	0.2	0	-0.3	0	0	0	0	0	0	-0.13	0	0.305	0	0	0
7.478	0	0	0	0.2	0	-0.3	0	0	0	0	0	0	-0.13	0	0.305	0	0	0
7.479	0	0	0	0.2	0	-0.3	0	0	0	0	0	0	-0.13	0	0.305	0	0	0
7.48	0	0	0	0.2	0	-0.3	0	0	0	0	0	0	-0.13	0	0.305	0	0	0
7.481	0	0	0	0.2	0	-0.3	0	0	0	0	0	0	-0.13	0	0.305	0	0	0
7.482	0	0	0	0.2	0	-0.3	0	0	0	0	0	0	-0.13	0	0.305	0	0	0
7.483	0	0	0	0.2	0	-0.3	0	0	0	0	0	0	-0.13	0	0.305	0	0	0
7.484	0	0	0	0.2	0	-0.3	0	0	0	0	0	0	-0.13	0	0.305	0	0	0
7.485	0	0	0	0.2	0	-0.3	0	0	0	0	0	0	-0.13	0	0.305	0	0	0
7.486	0	0	0	0.2	0	-0.3	0	0	0	0	0	0	-0.13	0	0.305	0	0	0
7.487	0	0	0	0.2	0	-0.3	0	0	0	0	0	0	-0.13	0	0.305	0	0	0
7.488	0	0	0	0.2	0	-0.3	0	0	0	0	0	0	-0.13	0	0.305	0	0	0
7.489	0	0	0	0.2	0	-0.3	0	0	0	0	0	0	-0.13	0	0.305	0	0	0
7.49	0	0	0	0.2	0	-0.3	0	0	0	0	0	0	-0.13	0	0.305	0	0	0
7.491	0	0	0	0.2	0	-0.3	0	0	0	0	0	0	-0.13	0	0.305	0	0	0
7.492	0	0	0	0.2	0	-0.3	0	0	0	0	0	0	-0.13	0	0.305	0	0	0
7.493	0	0	0	0.2	0	-0.3	0	0	0	0	0	0	-0.13	0	0.305	0	0	0
7.494	0	0	0	0.2	0	-0.3	0	0	0	0	0	0	-0.13	0	0.305	0	0	0
7.495	0	0	0	0.2	0	-0.3	0	0	0	0	0	0	-0.13	0	0.305	0	0	0
7.496	0	0	0	0.2	0	-0.3	0	0	0	0	0	0	-0.13	0	0.305	0	0	0
7.497	0	0	0	0.2	0	-0.3	0	0	0	0	0	0	-0.13	0	0.305	0	0	0
7.498	0	0	0	0.2	0	-0.3	0	0	0	0	0	0	-0.13	0	0.305	0	0	0
7.499	0	0	0	0.2	0	-0.3	0	0	0	0	0	0	-0.13	0	0.305	0	0	0
7.5	0	0	0	0.2	0	-0.3	0	0	0	0	0	0	-0.13	0	0.305	0	0	0
7.501	0	0	0	0.2	0	-0.3	0	0	0	0	0	0	-0.13	0	0.305	0	0	0
7.502	0	0	0	0.2	0	-0.3	0	0	0	0	0	0	-0.13	0	0.305	0	0	0
7.503	0	0	0	0.2	0	-0.3	0	0	0	0	0	0	-0.13	0	0.305	0	0	0
7.504	0	0	0	0.2	0	-0.3	0	0	0	0	0	0	-0.13	0	0.305	0	0	0
7.505	0	0	0	0.2	0	-0.3	0	0	0	0	0	0	-0.13	0	0.305	0	0	0
7.506	0	0	0	0.2	0	-0.3	0	0	0	0	0	0	-0.13	0	0.305	0	0	0
7.507	0	0	0	0.2	0	-0.3	0	0	0	0	0	0	-0.13	0	0.305	0	0	0
7.508	0	0	0	0.2	0	-0.3	0	0	0	0	0	0	-0.13	0	0.305	0	0	0
7.509	0	0	0	0.2	0	-0.3	0	0	0	0	0	0	-0.13	0	0.305	0	0	0
7.51	0	0	0	0.2	0	-0.3	0	0	0	0	0	0	-0.13	0	0.305	0	0	0
7.511	0	0	0	0.2	0	-0.3	0	0	0	0	0	0	-0.13	0	0.305	0	0	0
7.512	0	0	0	0.2	0	-0.3	0	0	0	0	0	0	-0.13	0	0.305	0	0	0
7.513	0	0	0	0.2	0	-0.3	0	0	0	0	0	0	-0.13	0	0.305	0	0	0
7.514	0	0	0	0.2	0	-0.3	0	0	0	0	0	0	-0.13	0	0.305	0	0	0
7.515	0	0	0	0.2	0	-0.3	0	0	0	0	0	0	-0.13	0	0.305	0	0	0
7.516	0	0	0	0.2	0	-0.3	0	0	0	0	0	0	-0.13	0	0.305	0	0	0
7.517	0	0	0	0.2	0	-0.3	0	0	0	0	0	0	-0.13	0	0.305	0	0	0
7.518	0	0	0	0.2	0	-0.3	0	0	0	0	0	0	-0.13	0	0.305	0	0	0
7.519	0	0	0	0.2	0	-0.3	0	0	0	0	0	0	-0.13	0	0.305	0	0	0
7.52	0	0	0	0.2	0	-0.3	0	0	0	0	0	0	-0.13	0	0.305	0	0	0
7.521	0	0	0	0.2	0	-0.3	0	0	0	0	0	0	-0.13	0	0.305	0	0	0
7.522	0	0	0	0.2	0	-0.3	0	0	0	0	0	0	-0.13	0	0.305	0	0	0
7.523	0	0	0	0.2	0	-0.3	0	0	0	0	0	0	-0.13	0	0.305	0	0	0
7.524	0	0	0	0.2	0	-0.3	0	0	0	0	0	0	-0.13	0	0.305	0	0	0
7.525	0	0	0	0.2	0	-0.3	0	0	0	0	0	0	-0.13	0	0.305	0	0	0
7.526	0	0	0	0.2	0	-0.3	0	0	0	0	0	0	-0.13	0	0.305	0	0	0
7.527	0	0	0	0.2	0	-0.3	0	0	0	0	0	0	-0.13	0	0.305	0	0	0
7.528	0	0	0	0.2	0	-0.3	0	0	0	0	0	0	-0.13	0	0.305	0	0	0
7.529	0	0	0	0.2	0	-0.3	0	0	0	0	0	0	-0.13	0	0.305	0	0	0
7.53	0	0	0	0.2	0	-0.3	0	0	0	0	0	0	-0.13	0	0.305	0	0	0
7.531	0	0	0	0.2	0	-0.3	0	0	0	0	0	0	-0.13	0	0.305	0	0	0
7.532	0	0	0	0.2	0	-0.3	0	0	0	0	0	0	-0.13	0	0.305	0	0	0
7.533	0	0	0	0.2	0	-0.3	0	0	0	0	0	0	-0.13	0	0.305	0	0	0
7.534	0	0	0	0.2	0	-0.3	0	0	0	0	0	0	-0.13	0	0.305	0	0	0
7.535	0	0	0	0.2	0	-0.3	0	0	0	0	0	0	-0.13	0	0.305	0	0	0
7.536	0	0	0	0.2	0	-0.3	0	0	0	0	0	0	-0.13	0	0.305	0	0	0
7.537	0	0	0	0.2	0	-0.3	0	0	0	0	0	0	-0.13	0	0.305	0	0	0
7.538	0	0	0	0.2	0	-0.3	0	0	0	0	0	0	-0.13	0	0.305	0	0	0
7.539	0	0	0	0.2	0	-0.3	0	0	0	0	0	0	-0.13	0	0.305	0	0	0
7.54	0	0	0	0.2	0	-0.3	0	0	0	0	0	0	-0.13	0	0.305	0	0	0
7.541	0	0	0	0.2	0	-0.3	0	0	0	0	0	0	-0.13	0	0.305	0	0	0
7.542	0	0	0	0.2	0	-0.3	0	0	0	0	0	0	-0.13	0	0.305	0	0	0
7.543	0	0	0	0.2	0	-0.3	0	0	0	0	0	0	-0.13	0	0.305	0	0	0
7.544	0	0	0	0.2	0	-0.3	0	0	0	0	0	0	-0.13	0	0.305	0	0	0
7.545	0	0	0	0.2	0	-0.3	0	0	0	0	0	0	-0.13	0	0.305	0	0	0
7.546	0	0	0	0.2	0	-0.3	0	0	0	0	0	0	-0.13	0	0.305	0	0	0
7.547	0	0	0	0.2	0	-0.3	0	0	0	0	0	0	-0.13	0	0.305	0	0	0
7.548	0	0	0	0.2	0	-0.3	0	0	0	0	0	0	-0.13	0	0.305	0	0	0
7.549	0	0	0	0.2	0	-0.3	0	0	0	0	0	0	-0.13	0	0.305	0	0	0
7.55	0	0	0	0.2	0	-0.3	0	0	0	0	0	0	-0.13	0	0.305	0	0	0
7.551	0	0	0	0.2	0	-0.3	0	0	0	0	0	0	-0.13	0	0.305	0	0	0
7.552	0	0	0	0.2	0	-0.3	0	0	0	0	0	0	-0.13	0	0.305	0	0	0
7.553	0	0	0	0.2	0	-0.3	0	0	0	0	0	0	-0.13	0	0.305	0	0	0
7.554	0	0	0	0.2	0	-0.3	0	0	0	0	0	0	-0.13	0	0.305	0	0	0
7.555	0	0	0	0.2	0	-0.3	0	0	0	0	0	0	-0.13	0	0.305	0	0	0
7.556	0	0	0	0.2	0	-0.3	0	0	0	0	0	0	-0.13	0	0.305	0	0	0
7.557	0	0	0	0.2	0	-0.3	0	0	0	0	0	0	-0.13	0	0.305	0	0	0
7.558	0	0	0	0.2	0	-0.3	0	0	0	0	0	0	-0.13	0	0.305	0	0	0
7.559	0	0	0	0.2	0	-0.3	0	0	0	0	0	0	-0.13	0	0.305	0	0	0
7.56	0	0	0	0.2	0	-0.3	0	0	0	0	0	0	-0.13	0	0.305	0	0	0
7.561	0	0	0	0.2	0	-0.3	0	0	0	0	0	0	-0.13	0	0.305	0	0	0
7.562	0	0	0	0.2	0	-0.3	0	0	0	0	0	0	-0.13	0	0.305	0	0	0
7.563	0	0	0	0.2	0	-0.3	0	0	0	0	0	0	-0.13	0	0.305	0	0	0
7.564	0	0	0	0.2	0	-0.3	0	0	0	0	0	0	-0.13	0	0.305	0	0	0
7.565	0	0	0	0.2	0	-0.3	0	0	0	0	0	0	-0.13	0	0.305	0	0	0
7.566	0	0	0	0.2	0	-0.3	0	0	0	0	0	0	-0.13	0	0.305	0	0	0
7.567	0	0	0	0.2	0	-0.3	0	0	0	0	0	0	-0.13	0	0.305	0	0	0
7.568	0	0	0	0.2	0	-0.3	0	0	0	0	0	0	-0.13	0	0.305	0	0	0
7.569	0	0	0	0.2	0	-0.3	0	0	0	0	0	0	-0.13	0	0.305	0	0	0
7.57	0	0	0	0.2	0	-0.3	0	0	0	0	0	0	-0.13	0	0.305	0	0	0
7.571	0	0	0	0.2	0	-0.3	0	0	0	0	0	0	-0.13	0	0.305	0	0	0
7.572	0	0	0	0.2	0	-0.3	0	0	0	0	0	0	-0.13	0	0.305	0	0	0
7.573	0	0	0	0.2	0	-0.3	0	0	0	0	0	0	-0.13	0	0.305	0	0	0
7.574	0	0	0	0.2	0	-0.3	0	0	0	0	0	0	-0.13	0	0.305	0	0	0
7.575	0	0	0	0.2	0	-0.3	0	0	0	0	0	0	-0.13	0	0.305	0	0	0
7.576	0	0	0	0.2	0	-0.3	0	0	0	0	0	0	-0.13	0	0.305	0	0	0
7.577	0	0	0	0.2	0	-0.3	0	0	0	0	0	0	-0.13	0	0.305	0	0	0
7.578	0	0	0	0.2	0	-0.3	0	0	0	0	0	0	-0.13	0	0.305	0	0	0
7.579	0	0	0	0.2	0	-0.3	0	0	0	0	0	0	-0.13	0	0.305	0	0	0
7.58	0	0	0	0.2	0	-0.3	0	0	0	0	0	0	-0.13	0	0.305	0	0	0
7.581	0	0	0	0.2	0	-0.3	0	0	0	0	0	0	-0.13	0	0.305	0	0	0
7.582	0	0	0	0.2	0	-0.3	0	0	0	0	0	0	-0.13	0	0.305	0	0	0
7.583	0	0	0	0.2	0	-0.3	0	0	0	0	0	0	-0.13	0	0.305	0	0	0
7.584	0	0	0	0.2	0	-0.3	0	0	0	0	0	0	-0.13	0	0.305	0	0	0
7.585	0	0	0	0.2	0	-0.3	0	0	0	0	0	0	-0.13	0	0.305	0	0	0
7.586	0	0	0	0.2	0	-0.3	0	0	0	0	0	0	-0.13	0	0.305	0	0	0
7.587	0	0	0	0.2	0	-0.3	0	0	0	0	0	0	-0.13	0	0.305	0	0	0
7.588	0	0	0	0.2	0	-0.3	0	0	0	0	0	0	-0.13	0	0.305	0	0	0
7.589	0	0	0	0.2	0	-0.3	0	0	0	0	0	0	-0.13	0	0.305	0	0	0
7.59	0	0	0	0.2	0	-0.3	0	0	0	0	0	0	-0.13	0	0.305	0	0	0
7.591	0	0	0	0.2	0	-0.3	0	0	0	0	0	0	-0.13	0	0.305	0	0	0
7.592	0	0	0	0.2	0	-0.3	0	0	0	0	0	0	-0.13	0	0.305	0	0	0
7.593	0	0	0	0.2	0	-0.3	0	0	0	0	0	0	-0.13	0	0.305	0	0	0
7.594	0	0	0	0.2	0	-0.3	0	0	0	0	0	0	-0.13	0	0.305	0	0	0
7.595	0	0	0	0.2	0	-0.3	0	0	0	0	0	0	-0.13	0	0.305	0	0	0
7.596	0	0	0	0.2	0	-0.3	0	0	0	0	0	0	-0.13	0	0.305	0	0	0
7.597	0	0	0	0.2	0	-0.3	0	0	0	0	0	0	-0.13	0	0.305	0	0	0
7.598	0	0	0	0.2	0	-0.3	0	0	0	0	0	0	-0.13	0	0.305	0	0	0
7.599	0	0	0	0.2	0	-0.3	0	0	0	0	0	0	-0.13	0	0.305	0	0	0
7.6	0	0	0	0.2	0	-0.3	0	0	0	0	0	0	-0.13	0	0.305	0	0	0
7.601	0	0	0	0.2	0	-0.3	0	0	0	0	0	0	-0.13	0	0.305	0	0	0
7.602	0	0	0	0.2	0	-0.3	0	0	0	0	0	0	-0.13	0	0.305	0	0	0
7.603	0	0	0	0.2	0	-0.3	0	0	0	0	0	0	-0.13	0	0.305	0	0	0
7.604	0	0	0	0.2	0	-0.3	0	0	0	0	0	0	-0.13	0	0.305	0	0	0
7.605	0	0	0	0.2	0	-0.3	0	0	0	0	0	0	-0.13	0	0.305	0	0	0
7.606	0	0	0	0.2	0	-0.3	0	0	0	0	0	0	-0.13	0	0.305	0	0	0
7.607	0	0	0	0.2	0	-0.3	0	0	0	0	0	0	-0.13	0	0.305	0	0	0
7.608	0	0	0	0.2	0	-0.3	0	0	0	0	0	0	-0.13	0	0.305	0	0	0
7.609	0	0	0	0.2	0	-0.3	0	0	0	0	0	0	-0.13	0	0.305	0	0	0
7.61	0	0	0	0.2	0	-0.3	0	0	0	0	0	0	-0.13	0	0.305	0	0	0
7.611	0	0	0	0.2	0	-0.3	0	0	0	0	0	0	-0.13	0	0.305	0	0	0
7.612	0	0	0	0.2	0	-0.3	0	0	0	0	0	0	-0.13	0	0.305	0	0	0
7.613	0	0	0	0.2	0	-0.3	0	0	0	0	0	0	-0.13	0	0.305	0	0	0
7.614	0	0	0	0.2	0	-0.3	0	0	0	0	0	0	-0.13	0	0.305	0	0	0
7.615	0	0	0	0.2	0	-0.3	0	0	0	0	0	0	-0.13	0	0.305	0	0	0
7.616	0	0	0	0.2	0	-0.3	0	0	0	0	0	0	-0.13	0	0.305	0	0	0
7.617	0	0	0	0.2	0	-0.3	0	0	0	0	0	0	-0.13	0	0.305	0	0	0
7.618	0	0	0	0.2	0	-0.3	0	0	0	0	0	0	-0.13	0	0.305	0	0	0
7.619	0	0	0	0.2	0	-0.3	0	0	0	0	0	0	-0.13	0	0.305	0	0	0
7.62	0	0	0	0.2	0	-0.3	0	0	0	0	0	0	-0.13	0	0.305	0	0	0
7.621	0	0	0	0.2	0	-0.3	0	0	0	0	0	0	-0.13	0	0.305	0	0	0
7.622	0	0	0	0.2	0	-0.3	0	0	0	0	0	0	-0.13	0	0.305	0	0	0
7.623	0	0	0	0.2	0	-0.3	0	0	0	0	0	0	-0.13	0	0.305	0	0	0
7.624	0	0	0	0.2	0	-0.3	0	0	0	0	0	0	-0.13	0	0.305	0	0	0
7.625	0	0	0	0.2	0	-0.3	0	0	0	0	0	0	-0.13	0	0.305	0	0	0
7.626	0	0	0	0.2	0	-0.3	0	0	0	0	0	0	-0.13	0	0.305	0	0	0
7.627	0	0	0	0.2	0	-0.3	0	0	0	0	0	0	-0.13	0	0.305	0	0	0
7.628	0	0	0	0.2	0	-0.3	0	0	0	0	0	0	-0.13	0	0.305	0	0	0
7.629	0	0	0	0.2	0	-0.3	0	0	0	0	0	0	-0.13	0	0.305	0	0	0
7.63	0	0	0	0.2	0	-0.3	0	0	0	0	0	0	-0.13	0	0.305	0	0	0
7.631	0	0	0	0.2	0	-0.3	0	0	0	0	0	0	-0.13	0	0.305	0	0	0
7.632	0	0	0	0.2	0	-0.3	0	0	0	0	0	0	-0.13	0	0.305	0	0	0
7.633	0	0	0	0.2	0	-0.3	0	0	0	0	0	0	-0.13	0	0.305	0	0	0
7.634	0	0	0	0.2	0	-0.3	0	0	0	0	0	0	-0.13	0	0.305	0	0	0
7.635	0	0	0	0.2	0	-0.3	0	0	0	0	0	0	-0.13	0	0.305	0	0	0
7.636	0	0	0	0.2	0	-0.3	0	0	0	0	0	0	-0.13	0	0.305	0	0	0
7.637	0	0	0	0.2	0	-0.3	0	0	0	0	0	0	-0.13	0	0.305	0	0	0
7.638	0	0	0	0.2	0	-0.3	0	0	0	0	0	0	-0.13	0	0.305	0	0	0
7.639	0	0	0	0.2	0	-0.3	0	0	0	0	0	0	-0.13	0	0.305	0	0	0
7.64	0	0	0	0.2	0	-0.3	0	0	0	0	0	0	-0.13	0	0.305	0	0	0
7.641	0	0	0	0.2	0	-0.3	0	0	0	0	0	0	-0.13	0	0.305	0	0	0
7.642	0	0	0	0.2	0	-0.3	0	0	0	0	0	0	-0.13	0	0.305	0	0	0
7.643	0	0	0	0.2	0	-0.3	0	0	0	0	0	0	-0.13	0	0.305	0	0	0
7.644	0	0	0	0.2	0	-0.3	0	0	0	0	0	0	-0.13	0	0.305	0	0	0
7.645	0	0	0	0.2	0	-0.3	0	0	0	0	0	0	-0.13	0	0.305	0	0	0
7.646	0	0	0	0.2	0	-0.3	0	0	0	0	0	0	-0.13	0	0.305	0	0	0
7.647	0	0	0	0.2	0	-0.3	0	0	0	0	0	0	-0.13	0	0.305	0	0	0
7.648	0	0	0	0.2	0	-0.3	0	0	0	0	0	0	-0.13	0	0.305	0	0	0
7.649	0	0	0	0.2	0	-0.3	0	0	0	0	0	0	-0.13	0	0.305	0	0	0
7.65	0	0	0	0.2	0	-0.3	0	0	0	0	0	0	-0.13	0	0.305	0	0	0
7.651	0	0	0	0.2	0	-0.3	0	0	0	0	0	0	-0.13	0	0.305	0	0	0
7.652	0	0	0	0.2	0	-0.3	0	0	0	0	0	0	-0.13	0	0.305	0	0	0
7.653	0	0	0	0.2	0	-0.3	0	0	0	0	0	0	-0.13	0	0.305	0	0	0
7.654	0	0	0	0.2	0	-0.3	0	0	0	0	0	0	-0.13	0	0.305	0	0	0
7.655	0	0	0	0.2	0	-0.3	0	0	0	0	0	0	-0.13	0	0.305	0	0	0
7.656	0	0	0	0.2	0	-0.3	0	0	0	0	0	0	-0.13	0	0.305	0	0	0
7.657	0	0	0	0.2	0	-0.3	0	0	0	0	0	0	-0.13	0	0.305	0	0	0
7.658	0	0	0	0.2	0	-0.3	0	0	0	0	0	0	-0.13	0	0.305	0	0	0
7.659	0	0	0	0.2	0	-0.3	0	0	0	0	0	0	-0.13	0	0.305	0	0	0
7.66	0	0	0	0.2	0	-0.3	0	0	0	0	0	0	-0.13	0	0.305	0	0	0
7.661	0	0	0	0.2	0	-0.3	0	0	0	0	0	0	-0.13	0	0.305	0	0	0
7.662	0	0	0	0.2	0	-0.3	0	0	0	0	0	0	-0.13	0	0.305	0	0	0
7.663	0	0	0	0.2	0	-0.3	0	0	0	0	0	0	-0.13	0	0.305	0	0	0
7.664	0	0	0	0.2	0	-0.3	0	0	0	0	0	0	-0.13	0	0.305	0	0	0
7.665	0	0	0	0.2	0	-0.3	0	0	0	0	0	0	-0.13	0	0.305	0	0	0
7.666	0	0	0	0.2	0	-0.3	0	0	0	0	0	0	-0.13	0	0.305	0	0	0
7.667	0	0	0	0.2	0	-0.3	0	0	0	0	0	0	-0.13	0	0.305	0	0	0
7.668	0	0	0	0.2	0	-0.3	0	0	0	0	0	0	-0.13	0	0.305	0	0	0
7.669	0	0	0	0.2	0	-0.3	0	0	0	0	0	0	-0.13	0	0.305	0	0	0
7.67	0	0	0	0.2	0	-0.3	0	0	0	0	0	0	-0.13	0	0.305	0	0	0
7.671	0	0	0	0.2	0	-0.3	0	0	0	0	0	0	-0.13	0	0.305	0	0	0
7.672	0	0	0	0.2	0	-0.3	0	0	0	0	0	0	-0.13	0	0.305	0	0	0
7.673	0	0	0	0.2	0	-0.3	0	0	0	0	0	0	-0.13	0	0.305	0	0	0
7.674	0	0	0	0.2	0	-0.3	0	0	0	0	0	0	-0.13	0	0.305	0	0	0
7.675	0	0	0	0.2	0	-0.3	0	0	0	0	0	0	-0.13	0	0.305	0	0	0
7.676	0	0	0	0.2	0	-0.3	0	0	0	0	0	0	-0.13	0	0.305	0	0	0
7.677	0	0	0	0.2	0	-0.3	0	0	0	0	0	0	-0.13	0	0.305	0	0	0
7.678	0	0	0	0.2	0	-0.3	0	0	0	0	0	0	-0.13	0	0.305	0	0	0
7.679	0	0	0	0.2	0	-0.3	0	0	0	0	0	0	-0.13	0	0.305	0	0	0
7.68	0	0	0	0.2	0	-0.3	0	0	0	0	0	0	-0.13	0	0.305	0	0	0
7.681	0	0	0	0.2	0	-0.3	0	0	0	0	0	0	-0.13	0	0.305	0	0	0
7.682	0	0	0	0.2	0	-0.3	0	0	0	0	0	0	-0.13	0	0.305	0	0	0
7.683	0	0	0	0.2	0	-0.3	0	0	0	0	0	0	-0.13	0	0.305	0	0	0
7.684	0	0	0	0.2	0	-0.3	0	0	0	0	0	0	-0.13	0	0.305	0	0	0
7.685	0	0	0	0.2	0	-0.3	0	0	0	0	0	0	-0.13	0	0.305	0	0	0
7.686	0	0	0	0.2	0	-0.3	0	0	0	0	0	0	-0.13	0	0.305	0	0	0
7.687	0	0	0	0.2	0	-0.3	0	0	0	0	0	0	-0.13	0	0.305	0	0	0
7.688	0	0	0	0.2	0	-0.3	0	0	0	0	0	0	-0.13	0	0.305	0	0	0
7.689	0	0	0	0.2	0	-0.3	0	0	0	0	0	0	-0.13	0	0.305	0	0	0
7.69	0	0	0	0.2	0	-0.3	0	0	0	0	0	0	-0.13	0	0.305	0	0	0
7.691	0	0	0	0.2	0	-0.3	0	0	0	0	0	0	-0.13	0	0.305	0	0	0
7.692	0	0	0	0.2	0	-0.3	0	0	0	0	0	0	-0.13	0	0.305	0	0	0
7.693	0	0	0	0.2	0	-0.3	0	0	0	0	0	0	-0.13	0	0.305	0	0	0
7.694	0	0	0	0.2	0	-0.3	0	0	0	0	0	0	-0.13	0	0.305	0	0	0
7.695	0	0	0	0.2	0	-0.3	0	0	0	0	0	0	-0.13	0	0.305	0	0	0
7.696	0	0	0	0.2	0	-0.3	0	0	0	0	0	0	-0.13	0	0.305	0	0	0
7.697	0	0	0	0.2	0	-0.3	0	0	0	0	0	0	-0.13	0	0.305	0	0	0
7.698	0	0	0	0.2	0	-0.3	0	0	0	0	0	0	-0.13	0	0.305	0	0	0
7.699	0	0	0	0.2	0	-0.3	0	0	0	0	0	0	-0.13	0	0.305	0	0	0
7.7	0	0	0	0.2	0	-0.3	0	0	0	0	0	0	-0.13	0	0.305	0	0	0
7.701	0	0	0	0.2	0	-0.3	0	0	0	0	0	0	-0.13	0	0.305	0	0	0
7.702	0	0	0	0.2	0	-0.3	0	0	0	0	0	0	-0.13	0	0.305	0	0	0
7.703	0	0	0	0.2	0	-0.3	0	0	0	0	0	0	-0.13	0	0.305	0	0	0
7.704	0	0	0	0.2	0	-0.3	0	0	0	0	0	0	-0.13	0	0.305	0	0	0
7.705	0	0	0	0.2	0	-0.3	0	0	0	0	0	0	-0.13	0	0.305	0	0	0
7.706	0	0	0	0.2	0	-0.3	0	0	0	0	0	0	-0.13	0	0.305	0	0	0
7.707	0	0	0	0.2	0	-0.3	0	0	0	0	0	0	-0.13	0	0.305	0	0	0
7.708	0	0	0	0.2	0	-0.3	0	0	0	0	0	0	-0.13	0	0.305	0	0	0
7.709	0	0	0	0.2	0	-0.3	0	0	0	0	0	0	-0.13	0	0.305	0	0	0
7.71	0	0	0	0.2	0	-0.3	0	0	0	0	0	0	-0.13	0	0.305	0	0	0
7.711	0	0	0	0.2	0	-0.3	0	0	0	0	0	0	-0.13	0	0.305	0	0	0
7.712	0	0	0	0.2	0	-0.3	0	0	0	0	0	0	-0.13	0	0.305	0	0	0
7.713	0	0	0	0.2	0	-0.3	0	0	0	0	0	0	-0.13	0	0.305	0	0	0
7.714	0	0	0	0.2	0	-0.3	0	0	0	0	0	0	-0.13	0	0.305	0	0	0
7.715	0	0	0	0.2	0	-0.3	0	0	0	0	0	0	-0.13	0	0.305	0	0	0
7.716	0	0	0	0.2	0	-0.3	0	0	0	0	0	0	-0.13	0	0.305	0	0	0
7.717	0	0	0	0.2	0	-0.3	0	0	0	0	0	0	-0.13	0	0.305	0	0	0
7.718	0	0	0	0.2	0	-0.3	0	0	0	0	0	0	-0.13	0	0.305	0	0	0
7.719	0	0	0	0.2	0	-0.3	0	0	0	0	0	0	-0.13	0	0.305	0	0	0
7.72	0	0	0	0.2	0	-0.3	0	0	0	0	0	0	-0.13	0	0.305	0	0	0
7.721	0	0	0	0.2	0	-0.3	0	0	0	0	0	0	-0.13	0	0.305	0	0	0
7.722	0	0	0	0.2	0	-0.3	0	0	0	0	0	0	-0.13	0	0.305	0	0	0
7.723	0	0	0	0.2	0	-0.3	0	0	0	0	0	0	-0.13	0	0.305	0	0	0
7.724	0	0	0	0.2	0	-0.3	0	0	0	0	0	0	-0.13	0	0.305	0	0	0
7.725	0	0	0	0.2	0	-0.3	0	0	0	0	0	0	-0.13	0	0.305	0	0	0
7.726	0	0	0	0.2	0	-0.3	0	0	0	0	0	0	-0.13	0	0.305	0	0	0
7.727	0	0	0	0.2	0	-0.3	0	0	0	0	0	0	-0.13	0	0.305	0	0	0
7.728	0	0	0	0.2	0	-0.3	0	0	0	0	0	0	-0.13	0	0.305	0	0	0
7.729	0	0	0	0.2	0	-0.3	0	0	0	0	0	0	-0.13	0	0.305	0	0	0
7.73	0	0	0	0.2	0	-0.3	0	0	0	0	0	0	-0.13	0	0.305	0	0	0
7.731	0	0	0	0.2	0	-0.3	0	0	0	0	0	0	-0.13	0	0.305	0	0	0
7.732	0	0	0	0.2	0	-0.3	0	0	0	0	0	0	-0.13	0	0.305	0	0	0
7.733	0	0	0	0.2	0	-0.3	0	0	0	0	0	0	-0.13	0	0.305	0	0	0
7.734	0	0	0	0.2	0	-0.3	0	0	0	0	0	0	-0.13	0	0.305	0	0	0
7.735	0	0	0	0.2	0	-0.3	0	0	0	0	0	0	-0.13	0	0.305	0	0	0
7.736	0	0	0	0.2	0	-0.3	0	0	0	0	0	0	-0.13	0	0.305	0	0	0
7.737	0	0	0	0.2	0	-0.3	0	0	0	0	0	0	-0.13	0	0.305	0	0	0
7.738	0	0	0	0.2	0	-0.3	0	0	0	0	0	0	-0.13	0	0.305	0	0	0
7.739	0	0	0	0.2	0	-0.3	0	0	0	0	0	0	-0.13	0	0.305	0	0	0
7.74	0	0	0	0.2	0	-0.3	0	0	0	0	0	0	-0.13	0	0.305	0	0	0
7.741	0	0	0	0.2	0	-0.3	0	0	0	0	0	0	-0.13	0	0.305	0	0	0
7.742	0	0	0	0.2	0	-0.3	0	0	0	0	0	0	-0.13	0	0.305	0	0	0
7.743	0	0	0	0.2	0	-0.3	0	0	0	0	0	0	-0.13	0	0.305	0	0	0
7.744	0	0	0	0.2	0	-0.3	0	0	0	0	0	0	-0.13	0	0.305	0	0	0
7.745	0	0	0	0.2	0	-0.3	0	0	0	0	0	0	-0.13	0	0.305	0	0	0
7.746	0	0	0	0.2	0	-0.3	0	0	0	0	0	0	-0.13	0	0.305	0	0	0
7.747	0	0	0	0.2	0	-0.3	0	0	0	0	0	0	-0.13	0	0.305	0	0	0
7.748	0	0	0	0.2	0	-0.3	0	0	0	0	0	0	-0.13	0	0.305	0	0	0
7.749	0	0	0	0.2	0	-0.3	0	0	0	0	0	0	-0.13	0	0.305	0	0	0
7.75	0	0	0	0.2	0	-0.3	0	0	0	0	0	0	-0.13	0	0.305	0	0	0
7.751	0	0	0	0.2	0	-0.3	0	0	0	0	0	0	-0.13	0	0.305	0	0	0
7.752	0	0	0	0.2	0	-0.3	0	0	0	0	0	0	-0.13	0	0.305	0	0	0
7.753	0	0	0	0.2	0	-0.3	0	0	0	0	0	0	-0.13	0	0.305	0	0	0
7.754	0	0	0	0.2	0	-0.3	0	0	0	0	0	0	-0.13	0	0.305	0	0	0
7.755	0	0	0	0.2	0	-0.3	0	0	0	0	0	0	-0.13	0	0.305	0	0	0
7.756	0	0	0	0.2	0	-0.3	0	0	0	0	0	0	-0.13	0	0.305	0	0	0
7.757	0	0	0	0.2	0	-0.3	0	0	0	0	0	0	-0.13	0	0.305	0	0	0
7.758	0	0	0	0.2	0	-0.3	0	0	0	0	0	0	-0.13	0	0.305	0	0	0
7.759	0	0	0	0.2	0	-0.3	0	0	0	0	0	0	-0.13	0	0.305	0	0	0
7.76	0	0	0	0.2	0	-0.3	0	0	0	0	0	0	-0.13	0	0.305	0	0	0
7.761	0	0	0	0.2	0	-0.3	0	0	0	0	0	0	-0.13	0	0.305	0	0	0
7.762	0	0	0	0.2	0	-0.3	0	0	0	0	0	0	-0.13	0	0.305	0	0	0
7.763	0	0	0	0.2	0	-0.3	0	0	0	0	0	0	-0.13	0	0.305	0	0	0
7.764	0	0	0	0.2	0	-0.3	0	0	0	0	0	0	-0.13	0	0.305	0	0	0
7.765	0	0	0	0.2	0	-0.3	0	0	0	0	0	0	-0.13	0	0.305	0	0	0
7.766	0	0	0	0.2	0	-0.3	0	0	0	0	0	0	-0.13	0	0.305	0	0	0
7.767	0	0	0	0.2	0	-0.3	0	0	0	0	0	0	-0.13	0	0.305	0	0	0
7.768	0	0	0	0.2	0	-0.3	0	0	0	0	0	0	-0.13	0	0.305	0	0	0
7.769	0	0	0	0.2	0	-0.3	0	0	0	0	0	0	-0.13	0	0.305	0	0	0
7.77	0	0	0	0.2	0	-0.3	0	0	0	0	0	0	-0.13	0	0.305	0	0	0
7.771	0	0	0	0.2	0	-0.3	0	0	0	0	0	0	-0.13	0	0.305	0	0	0
7.772	0	0	0	0.2	0	-0.3	0	0	0	0	0	0	-0.13	0	0.305	0	0	0
7.773	0	0	0	0.2	0	-0.3	0	0	0	0	0	0	-0.13	0	0.305	0	0	0
7.774	0	0	0	0.2	0	-0.3	0	0	0	0	0	0	-0.13	0	0.305	0	0	0
7.775	0	0	0	0.2	0	-0.3	0	0	0	0	0	0	-0.13	0	0.305	0	0	0
7.776	0	0	0	0.2	0	-0.3	0	0	0	0	0	0	-0.13	0	0.305	0	0	0
7.777	0	0	0	0.2	0	-0.3	0	0	0	0	0	0	-0.13	0	0.305	0	0	0
7.778	0	0	0	0.2	0	-0.3	0	0	0	0	0	0	-0.13	0	0.305	0	0	0
7.779	0	0	0	0.2	0	-0.3	0	0	0	0	0	0	-0.13	0	0.305	0	0	0
7.78	0	0	0	0.2	0	-0.3	0	0	0	0	0	0	-0.13	0	0.305	0	0	0
7.781	0	0	0	0.2	0	-0.3	0	0	0	0	0	0	-0.13	0	0.305	0	0	0
7.782	0	0	0	0.2	0	-0.3	0	0	0	0	0	0	-0.13	0	0.305	0	0	0
7.783	0	0	0	0.2	0	-0.3	0	0	0	0	0	0	-0.13	0	0.305	0	0	0
7.784	0	0	0	0.2	0	-0.3	0	0	0	0	0	0	-0.13	0	0.305	0	0	0
7.785	0	0	0	0.2	0	-0.3	0	0	0	0	0	0	-0.13	0	0.305	0	0	0
7.786	0	0	0	0.2	0	-0.3	0	0	0	0	0	0	-0.13	0	0.305	0	0	0
7.787	0	0	0	0.2	0	-0.3	0	0	0	0	0	0	-0.13	0	0.305	0	0	0
7.788	0	0	0	0.2	0	-0.3	0	0	0	0	0	0	-0.13	0	0.305	0	0	0
7.789	0	0	0	0.2	0	-0.3	0	0	0	0	0	0	-0.13	0	0.305	0	0	0
7.79	0	0	0	0.2	0	-0.3	0	0	0	0	0	0	-0.13	0	0.305	0	0	0
7.791	0	0	0	0.2	0	-0.3	0	0	0	0	0	0	-0.13	0	0.305	0	0	0
7.792	0	0	0	0.2	0	-0.3	0	0	0	0	0	0	-0.13	0	0.305	0	0	0
7.793	0	0	0	0.2	0	-0.3	0	0	0	0	0	0	-0.13	0	0.305	0	0	0
7.794	0	0	0	0.2	0	-0.3	0	0	0	0	0	0	-0.13	0	0.305	0	0	0
7.795	0	0	0	0.2	0	-0.3	0	0	0	0	0	0	-0.13	0	0.305	0	0	0
7.796	0	0	0	0.2	0	-0.3	0	0	0	0	0	0	-0.13	0	0.305	0	0	0
7.797	0	0	0	0.2	0	-0.3	0	0	0	0	0	0	-0.13	0	0.305	0	0	0
7.798	0	0	0	0.2	0	-0.3	0	0	0	0	0	0	-0.13	0	0.305	0	0	0
7.799	0	0	0	0.2	0	-0.3	0	0	0	0	0	0	-0.13	0	0.305	0	0	0
7.8	0	0	0	0.2	0	-0.3	0	0	0	0	0	0	-0.13	0	0.305	0	0	0
7.801	0	0	0	0.2	0	-0.3	0	0	0	0	0	0	-0.13	0	0.305	0	0	0
7.802	0	0	0	0.2	0	-0.3	0	0	0	0	0	0	-0.13	0	0.305	0	0	0
7.803	0	0	0	0.2	0	-0.3	0	0	0	0	0	0	-0.13	0	0.305	0	0	0
7.804	0	0	0	0.2	0	-0.3	0	0	0	0	0	0	-0.13	0	0.305	0	0	0
7.805	0	0	0	0.2	0	-0.3	0	0	0	0	0	0	-0.13	0	0.305	0	0	0
7.806	0	0	0	0.2	0	-0.3	0	0	0	0	0	0	-0.13	0	0.305	0	0	0
7.807	0	0	0	0.2	0	-0.3	0	0	0	0	0	0	-0.13	0	0.305	0	0	0
7.808	0	0	0	0.2	0	-0.3	0	0	0	0	0	0	-0.13	0	0.305	0	0	0
7.809	0	0	0	0.2	0	-0.3	0	0	0	0	0	0	-0.13	0	0.305	0	0	0
7.81	0	0	0	0.2	0	-0.3	0	0	0	0	0	0	-0.13	0	0.305	0	0	0
7.811	0	0	0	0.2	0	-0.3	0	0	0	0	0	0	-0.13	0	0.305	0	0	0
7.812	0	0	0	0.2	0	-0.3	0	0	0	0	0	0	-0.13	0	0.305	0	0	0
7.813	0	0	0	0.2	0	-0.3	0	0	0	0	0	0	-0.13	0	0.305	0	0	0
7.814	0	0	0	0.2	0	-0.3	0	0	0	0	0	0	-0.13	0	0.305	0	0	0
7.815	0	0	0	0.2	0	-0.3	0	0	0	0	0	0	-0.13	0	0.305	0	0	0
7.816	0	0	0	0.2	0	-0.3	0	0	0	0	0	0	-0.13	0	0.305	0	0	0
7.817	0	0	0	0.2	0	-0.3	0	0	0	0	0	0	-0.13	0	0.305	0	0	0
7.818	0	0	0	0.2	0	-0.3	0	0	0	0	0	0	-0.13	0	0.305	0	0	0
7.819	0	0	0	0.2	0	-0.3	0	0	0	0	0	0	-0.13	0	0.305	0	0	0
7.82	0	0	0	0.2	0	-0.3	0	0	0	0	0	0	-0.13	0	0.305	0	0	0
7.821	0	0	0	0.2	0	-0.3	0	0	0	0	0	0	-0.13	0	0.305	0	0	0
7.822	0	0	0	0.2	0	-0.3	0	0	0	0	0	0	-0.13	0	0.305	0	0	0
7.823	0	0	0	0.2	0	-0.3	0	0	0	0	0	0	-0.13	0	0.305	0	0	0
7.824	0	0	0	0.2	0	-0.3	0	0	0	0	0	0	-0.13	0	0.305	0	0	0
7.825	0	0	0	0.2	0	-0.3	0	0	0	0	0	0	-0.13	0	0.305	0	0	0
7.826	0	0	0	0.2	0	-0.3	0	0	0	0	0	0	-0.13	0	0.305	0	0	0
7.827	0	0	0	0.2	0	-0.3	0	0	0	0	0	0	-0.13	0	0.305	0	0	0
7.828	0	0	0	0.2	0	-0.3	0	0	0	0	0	0	-0.13	0	0.305	0	0	0
7.829	0	0	0	0.2	0	-0.3	0	0	0	0	0	0	-0.13	0	0.305	0	0	0
7.83	0	0	0	0.2	0	-0.3	0	0	0	0	0	0	-0.13	0	0.305	0	0	0
7.831	0	0	0	0.2	0	-0.3	0	0	0	0	0	0	-0.13	0	0.305	0	0	0
7.832	0	0	0	0.2	0	-0.3	0	0	0	0	0	0	-0.13	0	0.305	0	0	0
7.833	0	0	0	0.2	0	-0.3	0	0	0	0	0	0	-0.13	0	0.305	0	0	0
7.834	0	0	0	0.2	0	-0.3	0	0	0	0	0	0	-0.13	0	0.305	0	0	0
7.835	0	0	0	0.2	0	-0.3	0	0	0	0	0	0	-0.13	0	0.305	0	0	0
7.836	0	0	0	0.2	0	-0.3	0	0	0	0	0	0	-0.13	0	0.305	0	0	0
7.837	0	0	0	0.2	0	-0.3	0	0	0	0	0	0	-0.13	0	0.305	0	0	0
7.838	0	0	0	0.2	0	-0.3	0	0	0	0	0	0	-0.13	0	0.305	0	0	0
7.839	0	0	0	0.2	0	-0.3	0	0	0	0	0	0	-0.13	0	0.305	0	0	0
7.84	0	0	0	0.2	0	-0.3	0	0	0	0	0	0	-0.13	0	0.305	0	0	0
7.841	0	0	0	0.2	0	-0.3	0	0	0	0	0	0	-0.13	0	0.305	0	0	0
7.842	0	0	0	0.2	0	-0.3	0	0	0	0	0	0	-0.13	0	0.305	0	0	0
7.843	0	0	0	0.2	0	-0.3	0	0	0	0	0	0	-0.13	0	0.305	0	0	0
7.844	0	0	0	0.2	0	-0.3	0	0	0	0	0	0	-0.13	0	0.305	0	0	0
7.845	0	0	0	0.2	0	-0.3	0	0	0	0	0	0	-0.13	0	0.305	0	0	0
7.846	0	0	0	0.2	0	-0.3	0	0	0	0	0	0	-0.13	0	0.305	0	0	0
7.847	0	0	0	0.2	0	-0.3	0	0	0	0	0	0	-0.13	0	0.305	0	0	0
7.848	0	0	0	0.2	0	-0.3	0	0	0	0	0	0	-0.13	0	0.305	0	0	0
7.849	0	0	0	0.2	0	-0.3	0	0	0	0	0	0	-0.13	0	0.305	0	0	0
7.85	0	0	0	0.2	0	-0.3	0	0	0	0	0	0	-0.13	0	0.305	0	0	0
7.851	0	0	0	0.2	0	-0.3	0	0	0	0	0	0	-0.13	0	0.305	0	0	0
7.852	0	0	0	0.2	0	-0.3	0	0	0	0	0	0	-0.13	0	0.305	0	0	0
7.853	0	0	0	0.2	0	-0.3	0	0	0	0	0	0	-0.13	0	0.305	0	0	0
7.854	0	0	0	0.2	0	-0.3	0	0	0	0	0	0	-0.13	0	0.305	0	0	0
7.855	0	0	0	0.2	0	-0.3	0	0	0	0	0	0	-0.13	0	0.305	0	0	0
7.856	0	0	0	0.2	0	-0.3	0	0	0	0	0	0	-0.13	0	0.305	0	0	0
7.857	0	0	0	0.2	0	-0.3	0	0	0	0	0	0	-0.13	0	0.305	0	0	0
7.858	0	0	0	0.2	0	-0.3	0	0	0	0	0	0	-0.13	0	0.305	0	0	0
7.859	0	0	0	0.2	0	-0.3	0	0	0	0	0	0	-0.13	0	0.305	0	0	0
7.86	0	0	0	0.2	0	-0.3	0	0	0	0	0	0	-0.13	0	0.305	0	0	0
7.861	0	0	0	0.2	0	-0.3	0	0	0	0	0	0	-0.13	0	0.305	0	0	0
7.862	0	0	0	0.2	0	-0.3	0	0	0	0	0	0	-0.13	0	0.305	0	0	0
7.863	0	0	0	0.2	0	-0.3	0	0	0	0	0	0	-0.13	0	0.305	0	0	0
7.864	0	0	0	0.2	0	-0.3	0	0	0	0	0	0	-0.13	0	0.305	0	0	0
7.865	0	0	0	0.2	0	-0.3	0	0	0	0	0	0	-0.13	0	0.305	0	0	0
7.866	0	0	0	0.2	0	-0.3	0	0	0	0	0	0	-0.13	0	0.305	0	0	0
7.867	0	0	0	0.2	0	-0.3	0	0	0	0	0	0	-0.13	0	0.305	0	0	0
7.868	0	0	0	0.2	0	-0.3	0	0	0	0	0	0	-0.13	0	0.305	0	0	0
7.869	0	0	0	0.2	0	-0.3	0	0	0	0	0	0	-0.13	0	0.305	0	0	0
7.87	0	0	0	0.2	0	-0.3	0	0	0	0	0	0	-0.13	0	0.305	0	0	0
7.871	0	0	0	0.2	0	-0.3	0	0	0	0	0	0	-0.13	0	0.305	0	0	0
7.872	0	0	0	0.2	0	-0.3	0	0	0	0	0	0	-0.13	0	0.305	0	0	0
7.873	0	0	0	0.2	0	-0.3	0	0	0	0	0	0	-0.13	0	0.305	0	0	0
7.874	0	0	0	0.2	0	-0.3	0	0	0	0	0	0	-0.13	0	0.305	0	0	0
7.875	0	0	0	0.2	0	-0.3	0	0	0	0	0	0	-0.13	0	0.305	0	0	0
7.876	0	0	0	0.2	0	-0.3	0	0	0	0	0	0	-0.13	0	0.305	0	0	0
7.877	0	0	0	0.2	0	-0.3	0	0	0	0	0	0	-0.13	0	0.305	0	0	0
7.878	0	0	0	0.2	0	-0.3	0	0	0	0	0	0	-0.13	0	0.305	0	0	0
7.879	0	0	0	0.2	0	-0.3	0	0	0	0	0	0	-0.13	0	0.305	0	0	0
7.88	0	0	0	0.2	0	-0.3	0	0	0	0	0	0	-0.13	0	0.305	0	0	0
7.881	0	0	0	0.2	0	-0.3	0	0	0	0	0	0	-0.13	0	0.305	0	0	0
7.882	0	0	0	0.2	0	-0.3	0	0	0	0	0	0	-0.13	0	0.305	0	0	0
7.883	0	0	0	0.2	0	-0.3	0	0	0	0	0	0	-0.13	0	0.305	0	0	0
7.884	0	0	0	0.2	0	-0.3	0	0	0	0	0	0	-0.13	0	0.305	0	0	0
7.885	0	0	0	0.2	0	-0.3	0	0	0	0	0	0	-0.13	0	0.305	0	0	0
7.886	0	0	0	0.2	0	-0.3	0	0	0	0	0	0	-0.13	0	0.305	0	0	0
7.887	0	0	0	0.2	0	-0.3	0	0	0	0	0	0	-0.13	0	0.305	0	0	0
7.888	0	0	0	0.2	0	-0.3	0	0	0	0	0	0	-0.13	0	0.305	0	0	0
7.889	0	0	0	0.2	0	-0.3	0	0	0	0	0	0	-0.13	0	0.305	0	0	0
7.89	0	0	0	0.2	0	-0.3	0	0	0	0	0	0	-0.13	0	0.305	0	0	0
7.891	0	0	0	0.2	0	-0.3	0	0	0	0	0	0	-0.13	0	0.305	0	0	0
7.892	0	0	0	0.2	0	-0.3	0	0	0	0	0	0	-0.13	0	0.305	0	0	0
7.893	0	0	0	0.2	0	-0.3	0	0	0	0	0	0	-0.13	0	0.305	0	0	0
7.894	0	0	0	0.2	0	-0.3	0	0	0	0	0	0	-0.13	0	0.305	0	0	0
7.895	0	0	0	0.2	0	-0.3	0	0	0	0	0	0	-0.13	0	0.305	0	0	0
7.896	0	0	0	0.2	0	-0.3	0	0	0	0	0	0	-0.13	0	0.305	0	0	0
7.897	0	0	0	0.2	0	-0.3	0	0	0	0	0	0	-0.13	0	0.305	0	0	0
7.898	0	0	0	0.2	0	-0.3	0	0	0	0	0	0	-0.13	0	0.305	0	0	0
7.899	0	0	0	0.2	0	-0.3	0	0	0	0	0	0	-0.13	0	0.305	0	0	0
7.9	0	0	0	0.2	0	-0.3	0	0	0	0	0	0	-0.13	0	0.305	0	0	0
7.901	0	0	0	0.2	0	-0.3	0	0	0	0	0	0	-0.13	0	0.305	0	0	0
7.902	0	0	0	0.2	0	-0.3	0	0	0	0	0	0	-0.13	0	0.305	0	0	0
7.903	0	0	0	0.2	0	-0.3	0	0	0	0	0	0	-0.13	0	0.305	0	0	0
7.904	0	0	0	0.2	0	-0.3	0	0	0	0	0	0	-0.13	0	0.305	0	0	0
7.905	0	0	0	0.2	0	-0.3	0	0	0	0	0	0	-0.13	0	0.305	0	0	0
7.906	0	0	0	0.2	0	-0.3	0	0	0	0	0	0	-0.13	0	0.305	0	0	0
7.907	0	0	0	0.2	0	-0.3	0	0	0	0	0	0	-0.13	0	0.305	0	0	0
7.908	0	0	0	0.2	0	-0.3	0	0	0	0	0	0	-0.13	0	0.305	0	0	0
7.909	0	0	0	0.2	0	-0.3	0	0	0	0	0	0	-0.13	0	0.305	0	0	0
7.91	0	0	0	0.2	0	-0.3	0	0	0	0	0	0	-0.13	0	0.305	0	0	0
7.911	0	0	0	0.2	0	-0.3	0	0	0	0	0	0	-0.13	0	0.305	0	0	0
7.912	0	0	0	0.2	0	-0.3	0	0	0	0	0	0	-0.13	0	0.305	0	0	0
7.913	0	0	0	0.2	0	-0.3	0	0	0	0	0	0	-0.13	0	0.305	0	0	0
7.914	0	0	0	0.2	0	-0.3	0	0	0	0	0	0	-0.13	0	0.305	0	0	0
7.915	0	0	0	0.2	0	-0.3	0	0	0	0	0	0	-0.13	0	0.305	0	0	0
7.916	0	0	0	0.2	0	-0.3	0	0	0	0	0	0	-0.13	0	0.305	0	0	0
7.917	0	0	0	0.2	0	-0.3	0	0	0	0	0	0	-0.13	0	0.305	0	0	0
7.918	0	0	0	0.2	0	-0.3	0	0	0	0	0	0	-0.13	0	0.305	0	0	0
7.919	0	0	0	0.2	0	-0.3	0	0	0	0	0	0	-0.13	0	0.305	0	0	0
7.92	0	0	0	0.2	0	-0.3	0	0	0	0	0	0	-0.13	0	0.305	0	0	0
7.921	0	0	0	0.2	0	-0.3	0	0	0	0	0	0	-0.13	0	0.305	0	0	0
7.922	0	0	0	0.2	0	-0.3	0	0	0	0	0	0	-0.13	0	0.305	0	0	0
7.923	0	0	0	0.2	0	-0.3	0	0	0	0	0	0	-0.13	0	0.305	0	0	0
7.924	0	0	0	0.2	0	-0.3	0	0	0	0	0	0	-0.13	0	0.305	0	0	0
7.925	0	0	0	0.2	0	-0.3	0	0	0	0	0	0	-0.13	0	0.305	0	0	0
7.926	0	0	0	0.2	0	-0.3	0	0	0	0	0	0	-0.13	0	0.305	0	0	0
7.927	0	0	0	0.2	0	-0.3	0	0	0	0	0	0	-0.13	0	0.305	0	0	0
7.928	0	0	0	0.2	0	-0.3	0	0	0	0	0	0	-0.13	0	0.305	0	0	0
7.929	0	0	0	0.2	0	-0.3	0	0	0	0	0	0	-0.13	0	0.305	0	0	0
7.93	0	0	0	0.2	0	-0.3	0	0	0	0	0	0	-0.13	0	0.305	0	0	0
7.931	0	0	0	0.2	0	-0.3	0	0	0	0	0	0	-0.13	0	0.305	0	0	0
7.932	0	0	0	0.2	0	-0.3	0	0	0	0	0	0	-0.13	0	0.305	0	0	0
7.933	0	0	0	0.2	0	-0.3	0	0	0	0	0	0	-0.13	0	0.305	0	0	0
7.934	0	0	0	0.2	0	-0.3	0	0	0	0	0	0	-0.13	0	0.305	0	0	0
7.935	0	0	0	0.2	0	-0.3	0	0	0	0	0	0	-0.13	0	0.305	0	0	0
7.936	0	0	0	0.2	0	-0.3	0	0	0	0	0	0	-0.13	0	0.305	0	0	0
7.937	0	0	0	0.2	0	-0.3	0	0	0	0	0	0	-0.13	0	0.305	0	0	0
7.938	0	0	0	0.2	0	-0.3	0	0	0	0	0	0	-0.13	0	0.305	0	0	0
7.939	0	0	0	0.2	0	-0.3	0	0	0	0	0	0	-0.13	0	0.305	0	0	0
7.94	0	0	0	0.2	0	-0.3	0	0	0	0	0	0	-0.13	0	0.305	0	0	0
7.941	0	0	0	0.2	0	-0.3	0	0	0	0	0	0	-0.13	0	0.305	0	0	0
7.942	0	0	0	0.2	0	-0.3	0	0	0	0	0	0	-0.13	0	0.305	0	0	0
7.943	0	0	0	0.2	0	-0.3	0	0	0	0	0	0	-0.13	0	0.305	0	0	0
7.944	0	0	0	0.2	0	-0.3	0	0	0	0	0	0	-0.13	0	0.305	0	0	0
7.945	0	0	0	0.2	0	-0.3	0	0	0	0	0	0	-0.13	0	0.305	0	0	0
7.946	0	0	0	0.2	0	-0.3	0	0	0	0	0	0	-0.13	0	0.305	0	0	0
7.947	0	0	0	0.2	0	-0.3	0	0	0	0	0	0	-0.13	0	0.305	0	0	0
7.948	0	0	0	0.2	0	-0.3	0	0	0	0	0	0	-0.13	0	0.305	0	0	0
7.949	0	0	0	0.2	0	-0.3	0	0	0	0	0	0	-0.13	0	0.305	0	0	0
7.95	0	0	0	0.2	0	-0.3	0	0	0	0	0	0	-0.13	0	0.305	0	0	0
7.951	0	0	0	0.2	0	-0.3	0	0	0	0	0	0	-0.13	0	0.305	0	0	0
7.952	0	0	0	0.2	0	-0.3	0	0	0	0	0	0	-0.13	0	0.305	0	0	0
7.953	0	0	0	0.2	0	-0.3	0	0	0	0	0	0	-0.13	0	0.305	0	0	0
7.954	0	0	0	0.2	0	-0.3	0	0	0	0	0	0	-0.13	0	0.305	0	0	0
7.955	0	0	0	0.2	0	-0.3	0	0	0	0	0	0	-0.13	0	0.305	0	0	0
7.956	0	0	0	0.2	0	-0.3	0	0	0	0	0	0	-0.13	0	0.305	0	0	0
7.957	0	0	0	0.2	0	-0.3	0	0	0	0	0	0	-0.13	0	0.305	0	0	0
7.958	0	0	0	0.2	0	-0.3	0	0	0	0	0	0	-0.13	0	0.305	0	0	0
7.959	0	0	0	0.2	0	-0.3	0	0	0	0	0	0	-0.13	0	0.305	0	0	0
7.96	0	0	0	0.2	0	-0.3	0	0	0	0	0	0	-0.13	0	0.305	0	0	0
7.961	0	0	0	0.2	0	-0.3	0	0	0	0	0	0	-0.13	0	0.305	0	0	0
7.962	0	0	0	0.2	0	-0.3	0	0	0	0	0	0	-0.13	0	0.305	0	0	0
7.963	0	0	0	0.2	0	-0.3	0	0	0	0	0	0	-0.13	0	0.305	0	0	0
7.964	0	0	0	0.2	0	-0.3	0	0	0	0	0	0	-0.13	0	0.305	0	0	0
7.965	0	0	0	0.2	0	-0.3	0	0	0	0	0	0	-0.13	0	0.305	0	0	0
7.966	0	0	0	0.2	0	-0.3	0	0	0	0	0	0	-0.13	0	0.305	0	0	0
7.967	0	0	0	0.2	0	-0.3	0	0	0	0	0	0	-0.13	0	0.305	0	0	0
7.968	0	0	0	0.2	0	-0.3	0	0	0	0	0	0	-0.13	0	0.305	0	0	0
7.969	0	0	0	0.2	0	-0.3	0	0	0	0	0	0	-0.13	0	0.305	0	0	0
7.97	0	0	0	0.2	0	-0.3	0	0	0	0	0	0	-0.13	0	0.305	0	0	0
7.971	0	0	0	0.2	0	-0.3	0	0	0	0	0	0	-0.13	0	0.305	0	0	0
7.972	0	0	0	0.2	0	-0.3	0	0	0	0	0	0	-0.13	0	0.305	0	0	0
7.973	0	0	0	0.2	0	-0.3	0	0	0	0	0	0	-0.13	0	0.305	0	0	0
7.974	0	0	0	0.2	0	-0.3	0	0	0	0	0	0	-0.13	0	0.305	0	0	0
7.975	0	0	0	0.2	0	-0.3	0	0	0	0	0	0	-0.13	0	0.305	0	0	0
7.976	0	0	0	0.2	0	-0.3	0	0	0	0	0	0	-0.13	0	0.305	0	0	0
7.977	0	0	0	0.2	0	-0.3	0	0	0	0	0	0	-0.13	0	0.305	0	0	0
7.978	0	0	0	0.2	0	-0.3	0	0	0	0	0	0	-0.13	0	0.305	0	0	0
7.979	0	0	0	0.2	0	-0.3	0	0	0	0	0	0	-0.13	0	0.305	0	0	0
