LG_Walk_Normal10																		
version=1																		
nRows=2620																		
nColumns=19																		
inDegrees=yes																		
endheader																		
time	ground_force2_vx	ground_force2_vy	ground_force2_vz	ground_force2_px	ground_force2_py	ground_force2_pz	ground_torque2_x	ground_torque2_y	ground_torque2_z	ground_force1_vx	ground_force1_vy	ground_force1_vz	ground_force1_px	ground_force1_py	ground_force1_pz	ground_torque1_x	ground_torque1_y	ground_torque1_z
3.97	0	0	0	0.2	0	-0.3	0	0	0	0	0	0	-0.13	0	0.305	0	0	0
3.971	0	0	0	0.2	0	-0.3	0	0	0	0	0	0	-0.13	0	0.305	0	0	0
3.972	0	0	0	0.2	0	-0.3	0	0	0	0	0	0	-0.13	0	0.305	0	0	0
3.973	0	0	0	0.2	0	-0.3	0	0	0	0	0	0	-0.13	0	0.305	0	0	0
3.974	0	0	0	0.2	0	-0.3	0	0	0	0	0	0	-0.13	0	0.305	0	0	0
3.975	0	0	0	0.2	0	-0.3	0	0	0	0	0	0	-0.13	0	0.305	0	0	0
3.976	0	0	0	0.2	0	-0.3	0	0	0	0	0	0	-0.13	0	0.305	0	0	0
3.977	0	0	0	0.2	0	-0.3	0	0	0	0	0	0	-0.13	0	0.305	0	0	0
3.978	0	0	0	0.2	0	-0.3	0	0	0	0	0	0	-0.13	0	0.305	0	0	0
3.979	0	0	0	0.2	0	-0.3	0	0	0	0	0	0	-0.13	0	0.305	0	0	0
3.98	0	0	0	0.2	0	-0.3	0	0	0	0	0	0	-0.13	0	0.305	0	0	0
3.981	0	0	0	0.2	0	-0.3	0	0	0	0	0	0	-0.13	0	0.305	0	0	0
3.982	0	0	0	0.2	0	-0.3	0	0	0	0	0	0	-0.13	0	0.305	0	0	0
3.983	0	0	0	0.2	0	-0.3	0	0	0	0	0	0	-0.13	0	0.305	0	0	0
3.984	0	0	0	0.2	0	-0.3	0	0	0	0	0	0	-0.13	0	0.305	0	0	0
3.985	0	0	0	0.2	0	-0.3	0	0	0	0	0	0	-0.13	0	0.305	0	0	0
3.986	0	0	0	0.2	0	-0.3	0	0	0	0	0	0	-0.13	0	0.305	0	0	0
3.987	0	0	0	0.2	0	-0.3	0	0	0	0	0	0	-0.13	0	0.305	0	0	0
3.988	0	0	0	0.2	0	-0.3	0	0	0	0	0	0	-0.13	0	0.305	0	0	0
3.989	0	0	0	0.2	0	-0.3	0	0	0	0	0	0	-0.13	0	0.305	0	0	0
3.99	0	0	0	0.2	0	-0.3	0	0	0	0	0	0	-0.13	0	0.305	0	0	0
3.991	0	0	0	0.2	0	-0.3	0	0	0	0	0	0	-0.13	0	0.305	0	0	0
3.992	0	0	0	0.2	0	-0.3	0	0	0	0	0	0	-0.13	0	0.305	0	0	0
3.993	0	0	0	0.2	0	-0.3	0	0	0	0	0	0	-0.13	0	0.305	0	0	0
3.994	0	0	0	0.2	0	-0.3	0	0	0	0	0	0	-0.13	0	0.305	0	0	0
3.995	0	0	0	0.2	0	-0.3	0	0	0	0	0	0	-0.13	0	0.305	0	0	0
3.996	0	0	0	0.2	0	-0.3	0	0	0	0	0	0	-0.13	0	0.305	0	0	0
3.997	0	0	0	0.2	0	-0.3	0	0	0	0	0	0	-0.13	0	0.305	0	0	0
3.998	0	0	0	0.2	0	-0.3	0	0	0	0	0	0	-0.13	0	0.305	0	0	0
3.999	0	0	0	0.2	0	-0.3	0	0	0	0	0	0	-0.13	0	0.305	0	0	0
4	0	0	0	0.2	0	-0.3	0	0	0	0	0	0	-0.13	0	0.305	0	0	0
4.001	0	0	0	0.2	0	-0.3	0	0	0	0	0	0	-0.13	0	0.305	0	0	0
4.002	0	0	0	0.2	0	-0.3	0	0	0	0	0	0	-0.13	0	0.305	0	0	0
4.003	0	0	0	0.2	0	-0.3	0	0	0	0	0	0	-0.13	0	0.305	0	0	0
4.004	0	0	0	0.2	0	-0.3	0	0	0	0	0	0	-0.13	0	0.305	0	0	0
4.005	0	0	0	0.2	0	-0.3	0	0	0	0	0	0	-0.13	0	0.305	0	0	0
4.006	0	0	0	0.2	0	-0.3	0	0	0	0	0	0	-0.13	0	0.305	0	0	0
4.007	0	0	0	0.2	0	-0.3	0	0	0	0	0	0	-0.13	0	0.305	0	0	0
4.008	0	0	0	0.2	0	-0.3	0	0	0	0	0	0	-0.13	0	0.305	0	0	0
4.009	0	0	0	0.2	0	-0.3	0	0	0	0	0	0	-0.13	0	0.305	0	0	0
4.01	0	0	0	0.2	0	-0.3	0	0	0	0	0	0	-0.13	0	0.305	0	0	0
4.011	0	0	0	0.2	0	-0.3	0	0	0	0	0	0	-0.13	0	0.305	0	0	0
4.012	0	0	0	0.2	0	-0.3	0	0	0	0	0	0	-0.13	0	0.305	0	0	0
4.013	0	0	0	0.2	0	-0.3	0	0	0	0	0	0	-0.13	0	0.305	0	0	0
4.014	0	0	0	0.2	0	-0.3	0	0	0	0	0	0	-0.13	0	0.305	0	0	0
4.015	0	0	0	0.2	0	-0.3	0	0	0	0	0	0	-0.13	0	0.305	0	0	0
4.016	0	0	0	0.2	0	-0.3	0	0	0	0	0	0	-0.13	0	0.305	0	0	0
4.017	0	0	0	0.2	0	-0.3	0	0	0	0	0	0	-0.13	0	0.305	0	0	0
4.018	0	0	0	0.2	0	-0.3	0	0	0	0	0	0	-0.13	0	0.305	0	0	0
4.019	0	0	0	0.2	0	-0.3	0	0	0	0	0	0	-0.13	0	0.305	0	0	0
4.02	0	0	0	0.2	0	-0.3	0	0	0	0	0	0	-0.13	0	0.305	0	0	0
4.021	0	0	0	0.2	0	-0.3	0	0	0	0	0	0	-0.13	0	0.305	0	0	0
4.022	0	0	0	0.2	0	-0.3	0	0	0	0	0	0	-0.13	0	0.305	0	0	0
4.023	0	0	0	0.2	0	-0.3	0	0	0	0	0	0	-0.13	0	0.305	0	0	0
4.024	0	0	0	0.2	0	-0.3	0	0	0	0	0	0	-0.13	0	0.305	0	0	0
4.025	0	0	0	0.2	0	-0.3	0	0	0	0	0	0	-0.13	0	0.305	0	0	0
4.026	0	0	0	0.2	0	-0.3	0	0	0	0	0	0	-0.13	0	0.305	0	0	0
4.027	0	0	0	0.2	0	-0.3	0	0	0	0	0	0	-0.13	0	0.305	0	0	0
4.028	0	0	0	0.2	0	-0.3	0	0	0	0	0	0	-0.13	0	0.305	0	0	0
4.029	0	0	0	0.2	0	-0.3	0	0	0	0	0	0	-0.13	0	0.305	0	0	0
4.03	0	0	0	0.2	0	-0.3	0	0	0	0	0	0	-0.13	0	0.305	0	0	0
4.031	0	0	0	0.2	0	-0.3	0	0	0	0	0	0	-0.13	0	0.305	0	0	0
4.032	0	0	0	0.2	0	-0.3	0	0	0	0	0	0	-0.13	0	0.305	0	0	0
4.033	0	0	0	0.2	0	-0.3	0	0	0	0	0	0	-0.13	0	0.305	0	0	0
4.034	0	0	0	0.2	0	-0.3	0	0	0	0	0	0	-0.13	0	0.305	0	0	0
4.035	0	0	0	0.2	0	-0.3	0	0	0	0	0	0	-0.13	0	0.305	0	0	0
4.036	0	0	0	0.2	0	-0.3	0	0	0	0	0	0	-0.13	0	0.305	0	0	0
4.037	0	0	0	0.2	0	-0.3	0	0	0	0	0	0	-0.13	0	0.305	0	0	0
4.038	0	0	0	0.2	0	-0.3	0	0	0	0	0	0	-0.13	0	0.305	0	0	0
4.039	0	0	0	0.2	0	-0.3	0	0	0	0	0	0	-0.13	0	0.305	0	0	0
4.04	0	0	0	0.2	0	-0.3	0	0	0	0	0	0	-0.13	0	0.305	0	0	0
4.041	0	0	0	0.2	0	-0.3	0	0	0	0	0	0	-0.13	0	0.305	0	0	0
4.042	0	0	0	0.2	0	-0.3	0	0	0	0	0	0	-0.13	0	0.305	0	0	0
4.043	0	0	0	0.2	0	-0.3	0	0	0	0	0	0	-0.13	0	0.305	0	0	0
4.044	0	0	0	0.2	0	-0.3	0	0	0	0	0	0	-0.13	0	0.305	0	0	0
4.045	0	0	0	0.2	0	-0.3	0	0	0	0	0	0	-0.13	0	0.305	0	0	0
4.046	0	0	0	0.2	0	-0.3	0	0	0	0	0	0	-0.13	0	0.305	0	0	0
4.047	0	0	0	0.2	0	-0.3	0	0	0	0	0	0	-0.13	0	0.305	0	0	0
4.048	0	0	0	0.2	0	-0.3	0	0	0	0	0	0	-0.13	0	0.305	0	0	0
4.049	0	0	0	0.2	0	-0.3	0	0	0	0	0	0	-0.13	0	0.305	0	0	0
4.05	0	0	0	0.2	0	-0.3	0	0	0	0	0	0	-0.13	0	0.305	0	0	0
4.051	0	0	0	0.2	0	-0.3	0	0	0	0	0	0	-0.13	0	0.305	0	0	0
4.052	0	0	0	0.2	0	-0.3	0	0	0	0	0	0	-0.13	0	0.305	0	0	0
4.053	0	0	0	0.2	0	-0.3	0	0	0	0	0	0	-0.13	0	0.305	0	0	0
4.054	0	0	0	0.2	0	-0.3	0	0	0	0	0	0	-0.13	0	0.305	0	0	0
4.055	0	0	0	0.2	0	-0.3	0	0	0	0	0	0	-0.13	0	0.305	0	0	0
4.056	0	0	0	0.2	0	-0.3	0	0	0	0	0	0	-0.13	0	0.305	0	0	0
4.057	0	0	0	0.2	0	-0.3	0	0	0	0	0	0	-0.13	0	0.305	0	0	0
4.058	0	0	0	0.2	0	-0.3	0	0	0	0	0	0	-0.13	0	0.305	0	0	0
4.059	0	0	0	0.2	0	-0.3	0	0	0	0	0	0	-0.13	0	0.305	0	0	0
4.06	0	0	0	0.2	0	-0.3	0	0	0	0	0	0	-0.13	0	0.305	0	0	0
4.061	0	0	0	0.2	0	-0.3	0	0	0	0	0	0	-0.13	0	0.305	0	0	0
4.062	0	0	0	0.2	0	-0.3	0	0	0	0	0	0	-0.13	0	0.305	0	0	0
4.063	0	0	0	0.2	0	-0.3	0	0	0	0	0	0	-0.13	0	0.305	0	0	0
4.064	0	0	0	0.2	0	-0.3	0	0	0	0	0	0	-0.13	0	0.305	0	0	0
4.065	0	0	0	0.2	0	-0.3	0	0	0	0	0	0	-0.13	0	0.305	0	0	0
4.066	0	0	0	0.2	0	-0.3	0	0	0	0	0	0	-0.13	0	0.305	0	0	0
4.067	0	0	0	0.2	0	-0.3	0	0	0	0	0	0	-0.13	0	0.305	0	0	0
4.068	0	0	0	0.2	0	-0.3	0	0	0	0	0	0	-0.13	0	0.305	0	0	0
4.069	0	0	0	0.2	0	-0.3	0	0	0	0	0	0	-0.13	0	0.305	0	0	0
4.07	0	0	0	0.2	0	-0.3	0	0	0	0	0	0	-0.13	0	0.305	0	0	0
4.071	0	0	0	0.2	0	-0.3	0	0	0	0	0	0	-0.13	0	0.305	0	0	0
4.072	0	0	0	0.2	0	-0.3	0	0	0	0	0	0	-0.13	0	0.305	0	0	0
4.073	0	0	0	0.2	0	-0.3	0	0	0	0	0	0	-0.13	0	0.305	0	0	0
4.074	0	0	0	0.2	0	-0.3	0	0	0	0	0	0	-0.13	0	0.305	0	0	0
4.075	0	0	0	0.2	0	-0.3	0	0	0	0	0	0	-0.13	0	0.305	0	0	0
4.076	0	0	0	0.2	0	-0.3	0	0	0	0	0	0	-0.13	0	0.305	0	0	0
4.077	0	0	0	0.2	0	-0.3	0	0	0	0	0	0	-0.13	0	0.305	0	0	0
4.078	0	0	0	0.2	0	-0.3	0	0	0	0	0	0	-0.13	0	0.305	0	0	0
4.079	0	0	0	0.2	0	-0.3	0	0	0	0	0	0	-0.13	0	0.305	0	0	0
4.08	0	0	0	0.2	0	-0.3	0	0	0	0	0	0	-0.13	0	0.305	0	0	0
4.081	0	0	0	0.2	0	-0.3	0	0	0	0	0	0	-0.13	0	0.305	0	0	0
4.082	0	0	0	0.2	0	-0.3	0	0	0	0	0	0	-0.13	0	0.305	0	0	0
4.083	0	0	0	0.2	0	-0.3	0	0	0	0	0	0	-0.13	0	0.305	0	0	0
4.084	0	0	0	0.2	0	-0.3	0	0	0	0	0	0	-0.13	0	0.305	0	0	0
4.085	0	0	0	0.2	0	-0.3	0	0	0	0	0	0	-0.13	0	0.305	0	0	0
4.086	0	0	0	0.2	0	-0.3	0	0	0	0	0	0	-0.13	0	0.305	0	0	0
4.087	0	0	0	0.2	0	-0.3	0	0	0	0	0	0	-0.13	0	0.305	0	0	0
4.088	0	0	0	0.2	0	-0.3	0	0	0	0	0	0	-0.13	0	0.305	0	0	0
4.089	0	0	0	0.2	0	-0.3	0	0	0	0	0	0	-0.13	0	0.305	0	0	0
4.09	0	0	0	0.2	0	-0.3	0	0	0	0	0	0	-0.13	0	0.305	0	0	0
4.091	0	0	0	0.2	0	-0.3	0	0	0	0	0	0	-0.13	0	0.305	0	0	0
4.092	0	0	0	0.2	0	-0.3	0	0	0	0	0	0	-0.13	0	0.305	0	0	0
4.093	0	0	0	0.2	0	-0.3	0	0	0	0	0	0	-0.13	0	0.305	0	0	0
4.094	0	0	0	0.2	0	-0.3	0	0	0	0	0	0	-0.13	0	0.305	0	0	0
4.095	0	0	0	0.2	0	-0.3	0	0	0	0	0	0	-0.13	0	0.305	0	0	0
4.096	0	0	0	0.2	0	-0.3	0	0	0	0	0	0	-0.13	0	0.305	0	0	0
4.097	0	0	0	0.2	0	-0.3	0	0	0	0	0	0	-0.13	0	0.305	0	0	0
4.098	0	0	0	0.2	0	-0.3	0	0	0	0	0	0	-0.13	0	0.305	0	0	0
4.099	0	0	0	0.2	0	-0.3	0	0	0	0	0	0	-0.13	0	0.305	0	0	0
4.1	0	0	0	0.2	0	-0.3	0	0	0	0	0	0	-0.13	0	0.305	0	0	0
4.101	0	0	0	0.2	0	-0.3	0	0	0	0	0	0	-0.13	0	0.305	0	0	0
4.102	0	0	0	0.2	0	-0.3	0	0	0	0	0	0	-0.13	0	0.305	0	0	0
4.103	0	0	0	0.2	0	-0.3	0	0	0	0	0	0	-0.13	0	0.305	0	0	0
4.104	0	0	0	0.2	0	-0.3	0	0	0	0	0	0	-0.13	0	0.305	0	0	0
4.105	0	0	0	0.2	0	-0.3	0	0	0	0	0	0	-0.13	0	0.305	0	0	0
4.106	0	0	0	0.2	0	-0.3	0	0	0	0	0	0	-0.13	0	0.305	0	0	0
4.107	0	0	0	0.2	0	-0.3	0	0	0	0	0	0	-0.13	0	0.305	0	0	0
4.108	0	0	0	0.2	0	-0.3	0	0	0	0	0	0	-0.13	0	0.305	0	0	0
4.109	0	0	0	0.2	0	-0.3	0	0	0	0	0	0	-0.13	0	0.305	0	0	0
4.11	0	0	0	0.2	0	-0.3	0	0	0	0	0	0	-0.13	0	0.305	0	0	0
4.111	0	0	0	0.2	0	-0.3	0	0	0	0	0	0	-0.13	0	0.305	0	0	0
4.112	0	0	0	0.2	0	-0.3	0	0	0	0	0	0	-0.13	0	0.305	0	0	0
4.113	0	0	0	0.2	0	-0.3	0	0	0	0	0	0	-0.13	0	0.305	0	0	0
4.114	0	0	0	0.2	0	-0.3	0	0	0	0	0	0	-0.13	0	0.305	0	0	0
4.115	0	0	0	0.2	0	-0.3	0	0	0	0	0	0	-0.13	0	0.305	0	0	0
4.116	0	0	0	0.2	0	-0.3	0	0	0	0	0	0	-0.13	0	0.305	0	0	0
4.117	0	0	0	0.2	0	-0.3	0	0	0	0	0	0	-0.13	0	0.305	0	0	0
4.118	0	0	0	0.2	0	-0.3	0	0	0	0	0	0	-0.13	0	0.305	0	0	0
4.119	0	0	0	0.2	0	-0.3	0	0	0	0	0	0	-0.13	0	0.305	0	0	0
4.12	0	0	0	0.2	0	-0.3	0	0	0	0	0	0	-0.13	0	0.305	0	0	0
4.121	0	0	0	0.2	0	-0.3	0	0	0	0	0	0	-0.13	0	0.305	0	0	0
4.122	0	0	0	0.2	0	-0.3	0	0	0	0	0	0	-0.13	0	0.305	0	0	0
4.123	0	0	0	0.2	0	-0.3	0	0	0	0	0	0	-0.13	0	0.305	0	0	0
4.124	0	0	0	0.2	0	-0.3	0	0	0	0	0	0	-0.13	0	0.305	0	0	0
4.125	0	0	0	0.2	0	-0.3	0	0	0	0	0	0	-0.13	0	0.305	0	0	0
4.126	0	0	0	0.2	0	-0.3	0	0	0	0	0	0	-0.13	0	0.305	0	0	0
4.127	0	0	0	0.2	0	-0.3	0	0	0	0	0	0	-0.13	0	0.305	0	0	0
4.128	0	0	0	0.2	0	-0.3	0	0	0	0	0	0	-0.13	0	0.305	0	0	0
4.129	0	0	0	0.2	0	-0.3	0	0	0	0	0	0	-0.13	0	0.305	0	0	0
4.13	0	0	0	0.2	0	-0.3	0	0	0	0	0	0	-0.13	0	0.305	0	0	0
4.131	0	0	0	0.2	0	-0.3	0	0	0	0	0	0	-0.13	0	0.305	0	0	0
4.132	0	0	0	0.2	0	-0.3	0	0	0	0	0	0	-0.13	0	0.305	0	0	0
4.133	0	0	0	0.2	0	-0.3	0	0	0	0	0	0	-0.13	0	0.305	0	0	0
4.134	0	0	0	0.2	0	-0.3	0	0	0	0	0	0	-0.13	0	0.305	0	0	0
4.135	0	0	0	0.2	0	-0.3	0	0	0	0	0	0	-0.13	0	0.305	0	0	0
4.136	0	0	0	0.2	0	-0.3	0	0	0	0	0	0	-0.13	0	0.305	0	0	0
4.137	0	0	0	0.2	0	-0.3	0	0	0	0	0	0	-0.13	0	0.305	0	0	0
4.138	0	0	0	0.2	0	-0.3	0	0	0	0	0	0	-0.13	0	0.305	0	0	0
4.139	0	0	0	0.2	0	-0.3	0	0	0	0	0	0	-0.13	0	0.305	0	0	0
4.14	0	0	0	0.2	0	-0.3	0	0	0	0	0	0	-0.13	0	0.305	0	0	0
4.141	0	0	0	0.2	0	-0.3	0	0	0	0	0	0	-0.13	0	0.305	0	0	0
4.142	0	0	0	0.2	0	-0.3	0	0	0	0	0	0	-0.13	0	0.305	0	0	0
4.143	0	0	0	0.2	0	-0.3	0	0	0	0	0	0	-0.13	0	0.305	0	0	0
4.144	0	0	0	0.2	0	-0.3	0	0	0	0	0	0	-0.13	0	0.305	0	0	0
4.145	0	0	0	0.2	0	-0.3	0	0	0	0	0	0	-0.13	0	0.305	0	0	0
4.146	0	0	0	0.2	0	-0.3	0	0	0	0	0	0	-0.13	0	0.305	0	0	0
4.147	0	0	0	0.2	0	-0.3	0	0	0	0	0	0	-0.13	0	0.305	0	0	0
4.148	0	0	0	0.2	0	-0.3	0	0	0	0	0	0	-0.13	0	0.305	0	0	0
4.149	0	0	0	0.2	0	-0.3	0	0	0	0	0	0	-0.13	0	0.305	0	0	0
4.15	0	0	0	0.2	0	-0.3	0	0	0	0	0	0	-0.13	0	0.305	0	0	0
4.151	0	0	0	0.2	0	-0.3	0	0	0	0	0	0	-0.13	0	0.305	0	0	0
4.152	0	0	0	0.2	0	-0.3	0	0	0	0	0	0	-0.13	0	0.305	0	0	0
4.153	0	0	0	0.2	0	-0.3	0	0	0	0	0	0	-0.13	0	0.305	0	0	0
4.154	0	0	0	0.2	0	-0.3	0	0	0	0	0	0	-0.13	0	0.305	0	0	0
4.155	0	0	0	0.2	0	-0.3	0	0	0	0	0	0	-0.13	0	0.305	0	0	0
4.156	0	0	0	0.2	0	-0.3	0	0	0	0	0	0	-0.13	0	0.305	0	0	0
4.157	0	0	0	0.2	0	-0.3	0	0	0	0	0	0	-0.13	0	0.305	0	0	0
4.158	0	0	0	0.2	0	-0.3	0	0	0	0	0	0	-0.13	0	0.305	0	0	0
4.159	0	0	0	0.2	0	-0.3	0	0	0	0	0	0	-0.13	0	0.305	0	0	0
4.16	0	0	0	0.2	0	-0.3	0	0	0	0	0	0	-0.13	0	0.305	0	0	0
4.161	0	0	0	0.2	0	-0.3	0	0	0	0	0	0	-0.13	0	0.305	0	0	0
4.162	0	0	0	0.2	0	-0.3	0	0	0	0	0	0	-0.13	0	0.305	0	0	0
4.163	0	0	0	0.2	0	-0.3	0	0	0	0	0	0	-0.13	0	0.305	0	0	0
4.164	0	0	0	0.2	0	-0.3	0	0	0	0	0	0	-0.13	0	0.305	0	0	0
4.165	0	0	0	0.2	0	-0.3	0	0	0	0	0	0	-0.13	0	0.305	0	0	0
4.166	0	0	0	0.2	0	-0.3	0	0	0	0	0	0	-0.13	0	0.305	0	0	0
4.167	0	0	0	0.2	0	-0.3	0	0	0	0	0	0	-0.13	0	0.305	0	0	0
4.168	0	0	0	0.2	0	-0.3	0	0	0	0	0	0	-0.13	0	0.305	0	0	0
4.169	0	0	0	0.2	0	-0.3	0	0	0	0	0	0	-0.13	0	0.305	0	0	0
4.17	0	0	0	0.2	0	-0.3	0	0	0	0	0	0	-0.13	0	0.305	0	0	0
4.171	0	0	0	0.2	0	-0.3	0	0	0	0	0	0	-0.13	0	0.305	0	0	0
4.172	0	0	0	0.2	0	-0.3	0	0	0	0	0	0	-0.13	0	0.305	0	0	0
4.173	0	0	0	0.2	0	-0.3	0	0	0	0	0	0	-0.13	0	0.305	0	0	0
4.174	0	0	0	0.2	0	-0.3	0	0	0	0	0	0	-0.13	0	0.305	0	0	0
4.175	0	0	0	0.2	0	-0.3	0	0	0	0	0	0	-0.13	0	0.305	0	0	0
4.176	0	0	0	0.2	0	-0.3	0	0	0	0	0	0	-0.13	0	0.305	0	0	0
4.177	0	0	0	0.2	0	-0.3	0	0	0	0	0	0	-0.13	0	0.305	0	0	0
4.178	0	0	0	0.2	0	-0.3	0	0	0	0	0	0	-0.13	0	0.305	0	0	0
4.179	0	0	0	0.2	0	-0.3	0	0	0	0	0	0	-0.13	0	0.305	0	0	0
4.18	0	0	0	0.2	0	-0.3	0	0	0	0	0	0	-0.13	0	0.305	0	0	0
4.181	0	0	0	0.2	0	-0.3	0	0	0	0	0	0	-0.13	0	0.305	0	0	0
4.182	0	0	0	0.2	0	-0.3	0	0	0	0	0	0	-0.13	0	0.305	0	0	0
4.183	0	0	0	0.2	0	-0.3	0	0	0	0	0	0	-0.13	0	0.305	0	0	0
4.184	0	0	0	0.2	0	-0.3	0	0	0	0	0	0	-0.13	0	0.305	0	0	0
4.185	0	0	0	0.2	0	-0.3	0	0	0	0	0	0	-0.13	0	0.305	0	0	0
4.186	0	0	0	0.2	0	-0.3	0	0	0	0	0	0	-0.13	0	0.305	0	0	0
4.187	0	0	0	0.2	0	-0.3	0	0	0	0	0	0	-0.13	0	0.305	0	0	0
4.188	0	0	0	0.2	0	-0.3	0	0	0	0	0	0	-0.13	0	0.305	0	0	0
4.189	0	0	0	0.2	0	-0.3	0	0	0	0	0	0	-0.13	0	0.305	0	0	0
4.19	0	0	0	0.2	0	-0.3	0	0	0	0	0	0	-0.13	0	0.305	0	0	0
4.191	0	0	0	0.2	0	-0.3	0	0	0	0	0	0	-0.13	0	0.305	0	0	0
4.192	0	0	0	0.2	0	-0.3	0	0	0	0	0	0	-0.13	0	0.305	0	0	0
4.193	0	0	0	0.2	0	-0.3	0	0	0	0	0	0	-0.13	0	0.305	0	0	0
4.194	0	0	0	0.2	0	-0.3	0	0	0	0	0	0	-0.13	0	0.305	0	0	0
4.195	0	0	0	0.2	0	-0.3	0	0	0	0	0	0	-0.13	0	0.305	0	0	0
4.196	0	0	0	0.2	0	-0.3	0	0	0	0	0	0	-0.13	0	0.305	0	0	0
4.197	0	0	0	0.2	0	-0.3	0	0	0	0	0	0	-0.13	0	0.305	0	0	0
4.198	0	0	0	0.2	0	-0.3	0	0	0	0	0	0	-0.13	0	0.305	0	0	0
4.199	0	0	0	0.2	0	-0.3	0	0	0	0	0	0	-0.13	0	0.305	0	0	0
4.2	0	0	0	0.2	0	-0.3	0	0	0	0	0	0	-0.13	0	0.305	0	0	0
4.201	0	0	0	0.2	0	-0.3	0	0	0	0	0	0	-0.13	0	0.305	0	0	0
4.202	0	0	0	0.2	0	-0.3	0	0	0	0	0	0	-0.13	0	0.305	0	0	0
4.203	0	0	0	0.2	0	-0.3	0	0	0	0	0	0	-0.13	0	0.305	0	0	0
4.204	0	0	0	0.2	0	-0.3	0	0	0	0	0	0	-0.13	0	0.305	0	0	0
4.205	0	0	0	0.2	0	-0.3	0	0	0	0	0	0	-0.13	0	0.305	0	0	0
4.206	0	0	0	0.2	0	-0.3	0	0	0	0	0	0	-0.13	0	0.305	0	0	0
4.207	0	0	0	0.2	0	-0.3	0	0	0	0	0	0	-0.13	0	0.305	0	0	0
4.208	0	0	0	0.2	0	-0.3	0	0	0	0	0	0	-0.13	0	0.305	0	0	0
4.209	0	0	0	0.2	0	-0.3	0	0	0	0	0	0	-0.13	0	0.305	0	0	0
4.21	0	0	0	0.2	0	-0.3	0	0	0	0	0	0	-0.13	0	0.305	0	0	0
4.211	0	0	0	0.2	0	-0.3	0	0	0	0	0	0	-0.13	0	0.305	0	0	0
4.212	0	0	0	0.2	0	-0.3	0	0	0	0	0	0	-0.13	0	0.305	0	0	0
4.213	0	0	0	0.2	0	-0.3	0	0	0	0	0	0	-0.13	0	0.305	0	0	0
4.214	0	0	0	0.2	0	-0.3	0	0	0	0	0	0	-0.13	0	0.305	0	0	0
4.215	0	0	0	0.2	0	-0.3	0	0	0	0	0	0	-0.13	0	0.305	0	0	0
4.216	0	0	0	0.2	0	-0.3	0	0	0	0	0	0	-0.13	0	0.305	0	0	0
4.217	0	0	0	0.2	0	-0.3	0	0	0	0	0	0	-0.13	0	0.305	0	0	0
4.218	0	0	0	0.2	0	-0.3	0	0	0	0	0	0	-0.13	0	0.305	0	0	0
4.219	0	0	0	0.2	0	-0.3	0	0	0	0	0	0	-0.13	0	0.305	0	0	0
4.22	0	0	0	0.2	0	-0.3	0	0	0	0	0	0	-0.13	0	0.305	0	0	0
4.221	0	0	0	0.2	0	-0.3	0	0	0	0	0	0	-0.13	0	0.305	0	0	0
4.222	0	0	0	0.2	0	-0.3	0	0	0	0	0	0	-0.13	0	0.305	0	0	0
4.223	0	0	0	0.2	0	-0.3	0	0	0	0	0	0	-0.13	0	0.305	0	0	0
4.224	0	0	0	0.2	0	-0.3	0	0	0	0	0	0	-0.13	0	0.305	0	0	0
4.225	0	0	0	0.2	0	-0.3	0	0	0	0	0	0	-0.13	0	0.305	0	0	0
4.226	0	0	0	0.2	0	-0.3	0	0	0	0	0	0	-0.13	0	0.305	0	0	0
4.227	0	0	0	0.2	0	-0.3	0	0	0	0	0	0	-0.13	0	0.305	0	0	0
4.228	0	0	0	0.2	0	-0.3	0	0	0	0	0	0	-0.13	0	0.305	0	0	0
4.229	0	0	0	0.2	0	-0.3	0	0	0	0	0	0	-0.13	0	0.305	0	0	0
4.23	0	0	0	0.2	0	-0.3	0	0	0	0	0	0	-0.13	0	0.305	0	0	0
4.231	0	0	0	0.2	0	-0.3	0	0	0	0	0	0	-0.13	0	0.305	0	0	0
4.232	0	0	0	0.2	0	-0.3	0	0	0	0	0	0	-0.13	0	0.305	0	0	0
4.233	0	0	0	0.2	0	-0.3	0	0	0	0	0	0	-0.13	0	0.305	0	0	0
4.234	0	0	0	0.2	0	-0.3	0	0	0	0	0	0	-0.13	0	0.305	0	0	0
4.235	0	0	0	0.2	0	-0.3	0	0	0	0	0	0	-0.13	0	0.305	0	0	0
4.236	0	0	0	0.2	0	-0.3	0	0	0	0	0	0	-0.13	0	0.305	0	0	0
4.237	0	0	0	0.2	0	-0.3	0	0	0	0	0	0	-0.13	0	0.305	0	0	0
4.238	0	0	0	0.2	0	-0.3	0	0	0	0	0	0	-0.13	0	0.305	0	0	0
4.239	0	0	0	0.2	0	-0.3	0	0	0	0	0	0	-0.13	0	0.305	0	0	0
4.24	0	0	0	0.2	0	-0.3	0	0	0	0	0	0	-0.13	0	0.305	0	0	0
4.241	0	0	0	0.2	0	-0.3	0	0	0	0	0	0	-0.13	0	0.305	0	0	0
4.242	0	0	0	0.2	0	-0.3	0	0	0	0	0	0	-0.13	0	0.305	0	0	0
4.243	0	0	0	0.2	0	-0.3	0	0	0	0	0	0	-0.13	0	0.305	0	0	0
4.244	0	0	0	0.2	0	-0.3	0	0	0	0	0	0	-0.13	0	0.305	0	0	0
4.245	0	0	0	0.2	0	-0.3	0	0	0	0	0	0	-0.13	0	0.305	0	0	0
4.246	0	0	0	0.2	0	-0.3	0	0	0	0	0	0	-0.13	0	0.305	0	0	0
4.247	0	0	0	0.2	0	-0.3	0	0	0	0	0	0	-0.13	0	0.305	0	0	0
4.248	0	0	0	0.2	0	-0.3	0	0	0	0	0	0	-0.13	0	0.305	0	0	0
4.249	0	0	0	0.2	0	-0.3	0	0	0	0	0	0	-0.13	0	0.305	0	0	0
4.25	0	0	0	0.2	0	-0.3	0	0	0	0	0	0	-0.13	0	0.305	0	0	0
4.251	0	0	0	0.2	0	-0.3	0	0	0	0	0	0	-0.13	0	0.305	0	0	0
4.252	0	0	0	0.2	0	-0.3	0	0	0	0	0	0	-0.13	0	0.305	0	0	0
4.253	0	0	0	0.2	0	-0.3	0	0	0	0	0	0	-0.13	0	0.305	0	0	0
4.254	0	0	0	0.2	0	-0.3	0	0	0	0	0	0	-0.13	0	0.305	0	0	0
4.255	0	0	0	0.2	0	-0.3	0	0	0	0	0	0	-0.13	0	0.305	0	0	0
4.256	0	0	0	0.2	0	-0.3	0	0	0	0	0	0	-0.13	0	0.305	0	0	0
4.257	0	0	0	0.2	0	-0.3	0	0	0	0	0	0	-0.13	0	0.305	0	0	0
4.258	0	0	0	0.2	0	-0.3	0	0	0	0	0	0	-0.13	0	0.305	0	0	0
4.259	0	0	0	0.2	0	-0.3	0	0	0	0	0	0	-0.13	0	0.305	0	0	0
4.26	0	0	0	0.2	0	-0.3	0	0	0	0	0	0	-0.13	0	0.305	0	0	0
4.261	0	0	0	0.2	0	-0.3	0	0	0	0	0	0	-0.13	0	0.305	0	0	0
4.262	0	0	0	0.2	0	-0.3	0	0	0	0	0	0	-0.13	0	0.305	0	0	0
4.263	0	0	0	0.2	0	-0.3	0	0	0	0	0	0	-0.13	0	0.305	0	0	0
4.264	0	0	0	0.2	0	-0.3	0	0	0	0	0	0	-0.13	0	0.305	0	0	0
4.265	0	0	0	0.2	0	-0.3	0	0	0	0	0	0	-0.13	0	0.305	0	0	0
4.266	0	0	0	0.2	0	-0.3	0	0	0	0	0	0	-0.13	0	0.305	0	0	0
4.267	0	0	0	0.2	0	-0.3	0	0	0	0	0	0	-0.13	0	0.305	0	0	0
4.268	0	0	0	0.2	0	-0.3	0	0	0	0	0	0	-0.13	0	0.305	0	0	0
4.269	0	0	0	0.2	0	-0.3	0	0	0	0	0	0	-0.13	0	0.305	0	0	0
4.27	0	0	0	0.2	0	-0.3	0	0	0	0	0	0	-0.13	0	0.305	0	0	0
4.271	0	0	0	0.2	0	-0.3	0	0	0	0	0	0	-0.13	0	0.305	0	0	0
4.272	0	0	0	0.2	0	-0.3	0	0	0	0	0	0	-0.13	0	0.305	0	0	0
4.273	0	0	0	0.2	0	-0.3	0	0	0	0	0	0	-0.13	0	0.305	0	0	0
4.274	0	0	0	0.2	0	-0.3	0	0	0	0	0	0	-0.13	0	0.305	0	0	0
4.275	0	0	0	0.2	0	-0.3	0	0	0	0	0	0	-0.13	0	0.305	0	0	0
4.276	0	0	0	0.2	0	-0.3	0	0	0	0	0	0	-0.13	0	0.305	0	0	0
4.277	0	0	0	0.2	0	-0.3	0	0	0	0	0	0	-0.13	0	0.305	0	0	0
4.278	0	0	0	0.2	0	-0.3	0	0	0	0	0	0	-0.13	0	0.305	0	0	0
4.279	0	0	0	0.2	0	-0.3	0	0	0	0	0	0	-0.13	0	0.305	0	0	0
4.28	0	0	0	0.2	0	-0.3	0	0	0	0	0	0	-0.13	0	0.305	0	0	0
4.281	0	0	0	0.2	0	-0.3	0	0	0	0	0	0	-0.13	0	0.305	0	0	0
4.282	0	0	0	0.2	0	-0.3	0	0	0	0	0	0	-0.13	0	0.305	0	0	0
4.283	0	0	0	0.2	0	-0.3	0	0	0	0	0	0	-0.13	0	0.305	0	0	0
4.284	0	0	0	0.2	0	-0.3	0	0	0	0	0	0	-0.13	0	0.305	0	0	0
4.285	0	0	0	0.2	0	-0.3	0	0	0	0	0	0	-0.13	0	0.305	0	0	0
4.286	0	0	0	0.2	0	-0.3	0	0	0	0	0	0	-0.13	0	0.305	0	0	0
4.287	0	0	0	0.2	0	-0.3	0	0	0	0	0	0	-0.13	0	0.305	0	0	0
4.288	0	0	0	0.2	0	-0.3	0	0	0	0	0	0	-0.13	0	0.305	0	0	0
4.289	0	0	0	0.2	0	-0.3	0	0	0	0	0	0	-0.13	0	0.305	0	0	0
4.29	0	0	0	0.2	0	-0.3	0	0	0	0	0	0	-0.13	0	0.305	0	0	0
4.291	0	0	0	0.2	0	-0.3	0	0	0	0	0	0	-0.13	0	0.305	0	0	0
4.292	0	0	0	0.2	0	-0.3	0	0	0	0	0	0	-0.13	0	0.305	0	0	0
4.293	0	0	0	0.2	0	-0.3	0	0	0	0	0	0	-0.13	0	0.305	0	0	0
4.294	0	0	0	0.2	0	-0.3	0	0	0	0	0	0	-0.13	0	0.305	0	0	0
4.295	0	0	0	0.2	0	-0.3	0	0	0	0	0	0	-0.13	0	0.305	0	0	0
4.296	0	0	0	0.2	0	-0.3	0	0	0	0	0	0	-0.13	0	0.305	0	0	0
4.297	0	0	0	0.2	0	-0.3	0	0	0	0	0	0	-0.13	0	0.305	0	0	0
4.298	0	0	0	0.2	0	-0.3	0	0	0	0	0	0	-0.13	0	0.305	0	0	0
4.299	0	0	0	0.2	0	-0.3	0	0	0	0	0	0	-0.13	0	0.305	0	0	0
4.3	0	0	0	0.2	0	-0.3	0	0	0	0	0	0	-0.13	0	0.305	0	0	0
4.301	0	0	0	0.2	0	-0.3	0	0	0	0	0	0	-0.13	0	0.305	0	0	0
4.302	0	0	0	0.2	0	-0.3	0	0	0	0	0	0	-0.13	0	0.305	0	0	0
4.303	0	0	0	0.2	0	-0.3	0	0	0	0	0	0	-0.13	0	0.305	0	0	0
4.304	0	0	0	0.2	0	-0.3	0	0	0	0	0	0	-0.13	0	0.305	0	0	0
4.305	0	0	0	0.2	0	-0.3	0	0	0	0	0	0	-0.13	0	0.305	0	0	0
4.306	0	0	0	0.2	0	-0.3	0	0	0	0	0	0	-0.13	0	0.305	0	0	0
4.307	0	0	0	0.2	0	-0.3	0	0	0	0	0	0	-0.13	0	0.305	0	0	0
4.308	0	0	0	0.2	0	-0.3	0	0	0	0	0	0	-0.13	0	0.305	0	0	0
4.309	0	0	0	0.2	0	-0.3	0	0	0	0	0	0	-0.13	0	0.305	0	0	0
4.31	0	0	0	0.2	0	-0.3	0	0	0	0	0	0	-0.13	0	0.305	0	0	0
4.311	0	0	0	0.2	0	-0.3	0	0	0	0	0	0	-0.13	0	0.305	0	0	0
4.312	0	0	0	0.2	0	-0.3	0	0	0	0	0	0	-0.13	0	0.305	0	0	0
4.313	0	0	0	0.2	0	-0.3	0	0	0	0	0	0	-0.13	0	0.305	0	0	0
4.314	0	0	0	0.2	0	-0.3	0	0	0	0	0	0	-0.13	0	0.305	0	0	0
4.315	0	0	0	0.2	0	-0.3	0	0	0	0	0	0	-0.13	0	0.305	0	0	0
4.316	0	0	0	0.2	0	-0.3	0	0	0	0	0	0	-0.13	0	0.305	0	0	0
4.317	0	0	0	0.2	0	-0.3	0	0	0	0	0	0	-0.13	0	0.305	0	0	0
4.318	0	0	0	0.2	0	-0.3	0	0	0	0	0	0	-0.13	0	0.305	0	0	0
4.319	0	0	0	0.2	0	-0.3	0	0	0	0	0	0	-0.13	0	0.305	0	0	0
4.32	0	0	0	0.2	0	-0.3	0	0	0	0	0	0	-0.13	0	0.305	0	0	0
4.321	0	0	0	0.2	0	-0.3	0	0	0	0	0	0	-0.13	0	0.305	0	0	0
4.322	0	0	0	0.2	0	-0.3	0	0	0	0	0	0	-0.13	0	0.305	0	0	0
4.323	0	0	0	0.2	0	-0.3	0	0	0	0	0	0	-0.13	0	0.305	0	0	0
4.324	0	0	0	0.2	0	-0.3	0	0	0	0	0	0	-0.13	0	0.305	0	0	0
4.325	0	0	0	0.2	0	-0.3	0	0	0	0	0	0	-0.13	0	0.305	0	0	0
4.326	0	0	0	0.2	0	-0.3	0	0	0	0	0	0	-0.13	0	0.305	0	0	0
4.327	0	0	0	0.2	0	-0.3	0	0	0	0	0	0	-0.13	0	0.305	0	0	0
4.328	0	0	0	0.2	0	-0.3	0	0	0	0	0	0	-0.13	0	0.305	0	0	0
4.329	0	0	0	0.2	0	-0.3	0	0	0	0	0	0	-0.13	0	0.305	0	0	0
4.33	0	0	0	0.2	0	-0.3	0	0	0	0	0	0	-0.13	0	0.305	0	0	0
4.331	0	0	0	0.2	0	-0.3	0	0	0	0	0	0	-0.13	0	0.305	0	0	0
4.332	0	0	0	0.2	0	-0.3	0	0	0	0	0	0	-0.13	0	0.305	0	0	0
4.333	0	0	0	0.2	0	-0.3	0	0	0	0	0	0	-0.13	0	0.305	0	0	0
4.334	0	0	0	0.2	0	-0.3	0	0	0	0	0	0	-0.13	0	0.305	0	0	0
4.335	0	0	0	0.2	0	-0.3	0	0	0	0	0	0	-0.13	0	0.305	0	0	0
4.336	0	0	0	0.2	0	-0.3	0	0	0	0	0	0	-0.13	0	0.305	0	0	0
4.337	0	0	0	0.2	0	-0.3	0	0	0	0	0	0	-0.13	0	0.305	0	0	0
4.338	0	0	0	0.2	0	-0.3	0	0	0	0	0	0	-0.13	0	0.305	0	0	0
4.339	0	0	0	0.2	0	-0.3	0	0	0	0	0	0	-0.13	0	0.305	0	0	0
4.34	0	0	0	0.2	0	-0.3	0	0	0	0	0	0	-0.13	0	0.305	0	0	0
4.341	0	0	0	0.2	0	-0.3	0	0	0	0	0	0	-0.13	0	0.305	0	0	0
4.342	0	0	0	0.2	0	-0.3	0	0	0	0	0	0	-0.13	0	0.305	0	0	0
4.343	0	0	0	0.2	0	-0.3	0	0	0	0	0	0	-0.13	0	0.305	0	0	0
4.344	0	0	0	0.2	0	-0.3	0	0	0	0	0	0	-0.13	0	0.305	0	0	0
4.345	0	0	0	0.2	0	-0.3	0	0	0	0	0	0	-0.13	0	0.305	0	0	0
4.346	0	0	0	0.2	0	-0.3	0	0	0	0	0	0	-0.13	0	0.305	0	0	0
4.347	0	0	0	0.2	0	-0.3	0	0	0	0	0	0	-0.13	0	0.305	0	0	0
4.348	0	0	0	0.2	0	-0.3	0	0	0	0	0	0	-0.13	0	0.305	0	0	0
4.349	0	0	0	0.2	0	-0.3	0	0	0	0	0	0	-0.13	0	0.305	0	0	0
4.35	0	0	0	0.2	0	-0.3	0	0	0	0	0	0	-0.13	0	0.305	0	0	0
4.351	0	0	0	0.2	0	-0.3	0	0	0	0	0	0	-0.13	0	0.305	0	0	0
4.352	0	0	0	0.2	0	-0.3	0	0	0	0	0	0	-0.13	0	0.305	0	0	0
4.353	0	0	0	0.2	0	-0.3	0	0	0	0	0	0	-0.13	0	0.305	0	0	0
4.354	0	0	0	0.2	0	-0.3	0	0	0	0	0	0	-0.13	0	0.305	0	0	0
4.355	0	0	0	0.2	0	-0.3	0	0	0	0	0	0	-0.13	0	0.305	0	0	0
4.356	0	0	0	0.2	0	-0.3	0	0	0	0	0	0	-0.13	0	0.305	0	0	0
4.357	0	0	0	0.2	0	-0.3	0	0	0	0	0	0	-0.13	0	0.305	0	0	0
4.358	0	0	0	0.2	0	-0.3	0	0	0	0	0	0	-0.13	0	0.305	0	0	0
4.359	0	0	0	0.2	0	-0.3	0	0	0	0	0	0	-0.13	0	0.305	0	0	0
4.36	0	0	0	0.2	0	-0.3	0	0	0	0	0	0	-0.13	0	0.305	0	0	0
4.361	0	0	0	0.2	0	-0.3	0	0	0	0	0	0	-0.13	0	0.305	0	0	0
4.362	0	0	0	0.2	0	-0.3	0	0	0	0	0	0	-0.13	0	0.305	0	0	0
4.363	0	0	0	0.2	0	-0.3	0	0	0	0	0	0	-0.13	0	0.305	0	0	0
4.364	0	0	0	0.2	0	-0.3	0	0	0	0	0	0	-0.13	0	0.305	0	0	0
4.365	0	0	0	0.2	0	-0.3	0	0	0	0	0	0	-0.13	0	0.305	0	0	0
4.366	0	0	0	0.2	0	-0.3	0	0	0	0	0	0	-0.13	0	0.305	0	0	0
4.367	0	0	0	0.2	0	-0.3	0	0	0	0	0	0	-0.13	0	0.305	0	0	0
4.368	0	0	0	0.2	0	-0.3	0	0	0	0	0	0	-0.13	0	0.305	0	0	0
4.369	0	0	0	0.2	0	-0.3	0	0	0	0	0	0	-0.13	0	0.305	0	0	0
4.37	0	0	0	0.2	0	-0.3	0	0	0	0	0	0	-0.13	0	0.305	0	0	0
4.371	0	0	0	0.2	0	-0.3	0	0	0	0	0	0	-0.13	0	0.305	0	0	0
4.372	0	0	0	0.2	0	-0.3	0	0	0	0	0	0	-0.13	0	0.305	0	0	0
4.373	0	0	0	0.2	0	-0.3	0	0	0	0	0	0	-0.13	0	0.305	0	0	0
4.374	0	0	0	0.2	0	-0.3	0	0	0	0	0	0	-0.13	0	0.305	0	0	0
4.375	0	0	0	0.2	0	-0.3	0	0	0	0	0	0	-0.13	0	0.305	0	0	0
4.376	0	0	0	0.2	0	-0.3	0	0	0	0	0	0	-0.13	0	0.305	0	0	0
4.377	0	0	0	0.2	0	-0.3	0	0	0	0	0	0	-0.13	0	0.305	0	0	0
4.378	0	0	0	0.2	0	-0.3	0	0	0	0	0	0	-0.13	0	0.305	0	0	0
4.379	0	0	0	0.2	0	-0.3	0	0	0	0	0	0	-0.13	0	0.305	0	0	0
4.38	0	0	0	0.2	0	-0.3	0	0	0	0	0	0	-0.13	0	0.305	0	0	0
4.381	0	0	0	0.2	0	-0.3	0	0	0	0	0	0	-0.13	0	0.305	0	0	0
4.382	0	0	0	0.2	0	-0.3	0	0	0	0	0	0	-0.13	0	0.305	0	0	0
4.383	0	0	0	0.2	0	-0.3	0	0	0	0	0	0	-0.13	0	0.305	0	0	0
4.384	0	0	0	0.2	0	-0.3	0	0	0	0	0	0	-0.13	0	0.305	0	0	0
4.385	0	0	0	0.2	0	-0.3	0	0	0	0	0	0	-0.13	0	0.305	0	0	0
4.386	0	0	0	0.2	0	-0.3	0	0	0	0	0	0	-0.13	0	0.305	0	0	0
4.387	0	0	0	0.2	0	-0.3	0	0	0	0	0	0	-0.13	0	0.305	0	0	0
4.388	0	0	0	0.2	0	-0.3	0	0	0	0	0	0	-0.13	0	0.305	0	0	0
4.389	0	0	0	0.2	0	-0.3	0	0	0	0	0	0	-0.13	0	0.305	0	0	0
4.39	0	0	0	0.2	0	-0.3	0	0	0	0	0	0	-0.13	0	0.305	0	0	0
4.391	0	0	0	0.2	0	-0.3	0	0	0	0	0	0	-0.13	0	0.305	0	0	0
4.392	0	0	0	0.2	0	-0.3	0	0	0	0	0	0	-0.13	0	0.305	0	0	0
4.393	0	0	0	0.2	0	-0.3	0	0	0	0	0	0	-0.13	0	0.305	0	0	0
4.394	0	0	0	0.2	0	-0.3	0	0	0	0	0	0	-0.13	0	0.305	0	0	0
4.395	0	0	0	0.2	0	-0.3	0	0	0	0	0	0	-0.13	0	0.305	0	0	0
4.396	0	0	0	0.2	0	-0.3	0	0	0	0	0	0	-0.13	0	0.305	0	0	0
4.397	0	0	0	0.2	0	-0.3	0	0	0	0	0	0	-0.13	0	0.305	0	0	0
4.398	0	0	0	0.2	0	-0.3	0	0	0	0	0	0	-0.13	0	0.305	0	0	0
4.399	0	0	0	0.2	0	-0.3	0	0	0	0	0	0	-0.13	0	0.305	0	0	0
4.4	0	0	0	0.2	0	-0.3	0	0	0	0	0	0	-0.13	0	0.305	0	0	0
4.401	0	0	0	0.2	0	-0.3	0	0	0	0	0	0	-0.13	0	0.305	0	0	0
4.402	0	0	0	0.2	0	-0.3	0	0	0	0	0	0	-0.13	0	0.305	0	0	0
4.403	0	0	0	0.2	0	-0.3	0	0	0	0	0	0	-0.13	0	0.305	0	0	0
4.404	0	0	0	0.2	0	-0.3	0	0	0	0	0	0	-0.13	0	0.305	0	0	0
4.405	0	0	0	0.2	0	-0.3	0	0	0	0	0	0	-0.13	0	0.305	0	0	0
4.406	0	0	0	0.2	0	-0.3	0	0	0	0	0	0	-0.13	0	0.305	0	0	0
4.407	0	0	0	0.2	0	-0.3	0	0	0	0	0	0	-0.13	0	0.305	0	0	0
4.408	0	0	0	0.2	0	-0.3	0	0	0	0	0	0	-0.13	0	0.305	0	0	0
4.409	0	0	0	0.2	0	-0.3	0	0	0	0	0	0	-0.13	0	0.305	0	0	0
4.41	0	0	0	0.2	0	-0.3	0	0	0	0	0	0	-0.13	0	0.305	0	0	0
4.411	0	0	0	0.2	0	-0.3	0	0	0	0	0	0	-0.13	0	0.305	0	0	0
4.412	0	0	0	0.2	0	-0.3	0	0	0	0	0	0	-0.13	0	0.305	0	0	0
4.413	0	0	0	0.2	0	-0.3	0	0	0	0	0	0	-0.13	0	0.305	0	0	0
4.414	0	0	0	0.2	0	-0.3	0	0	0	0	0	0	-0.13	0	0.305	0	0	0
4.415	0	0	0	0.2	0	-0.3	0	0	0	0	0	0	-0.13	0	0.305	0	0	0
4.416	0	0	0	0.2	0	-0.3	0	0	0	0	0	0	-0.13	0	0.305	0	0	0
4.417	0	0	0	0.2	0	-0.3	0	0	0	0	0	0	-0.13	0	0.305	0	0	0
4.418	0	0	0	0.2	0	-0.3	0	0	0	0	0	0	-0.13	0	0.305	0	0	0
4.419	0	0	0	0.2	0	-0.3	0	0	0	0	0	0	-0.13	0	0.305	0	0	0
4.42	0	0	0	0.2	0	-0.3	0	0	0	0	0	0	-0.13	0	0.305	0	0	0
4.421	0	0	0	0.2	0	-0.3	0	0	0	0	0	0	-0.13	0	0.305	0	0	0
4.422	0	0	0	0.2	0	-0.3	0	0	0	0	0	0	-0.13	0	0.305	0	0	0
4.423	0	0	0	0.2	0	-0.3	0	0	0	0	0	0	-0.13	0	0.305	0	0	0
4.424	0	0	0	0.2	0	-0.3	0	0	0	0	0	0	-0.13	0	0.305	0	0	0
4.425	0	0	0	0.2	0	-0.3	0	0	0	0	0	0	-0.13	0	0.305	0	0	0
4.426	0	0	0	0.2	0	-0.3	0	0	0	0	0	0	-0.13	0	0.305	0	0	0
4.427	0	0	0	0.2	0	-0.3	0	0	0	0	0	0	-0.13	0	0.305	0	0	0
4.428	0	0	0	0.2	0	-0.3	0	0	0	0	0	0	-0.13	0	0.305	0	0	0
4.429	0	0	0	0.2	0	-0.3	0	0	0	0	0	0	-0.13	0	0.305	0	0	0
4.43	0	0	0	0.2	0	-0.3	0	0	0	0	0	0	-0.13	0	0.305	0	0	0
4.431	0	0	0	0.2	0	-0.3	0	0	0	0	0	0	-0.13	0	0.305	0	0	0
4.432	0	0	0	0.2	0	-0.3	0	0	0	0	0	0	-0.13	0	0.305	0	0	0
4.433	0	0	0	0.2	0	-0.3	0	0	0	0	0	0	-0.13	0	0.305	0	0	0
4.434	0	0	0	0.2	0	-0.3	0	0	0	0	0	0	-0.13	0	0.305	0	0	0
4.435	0	0	0	0.2	0	-0.3	0	0	0	0	0	0	-0.13	0	0.305	0	0	0
4.436	0	0	0	0.2	0	-0.3	0	0	0	0	0	0	-0.13	0	0.305	0	0	0
4.437	0	0	0	0.2	0	-0.3	0	0	0	0	0	0	-0.13	0	0.305	0	0	0
4.438	0	0	0	0.2	0	-0.3	0	0	0	0	0	0	-0.13	0	0.305	0	0	0
4.439	0	0	0	0.2	0	-0.3	0	0	0	0	0	0	-0.13	0	0.305	0	0	0
4.44	0	0	0	0.2	0	-0.3	0	0	0	0	0	0	-0.13	0	0.305	0	0	0
4.441	0	0	0	0.2	0	-0.3	0	0	0	0	0	0	-0.13	0	0.305	0	0	0
4.442	0	0	0	0.2	0	-0.3	0	0	0	0	0	0	-0.13	0	0.305	0	0	0
4.443	0	0	0	0.2	0	-0.3	0	0	0	0	0	0	-0.13	0	0.305	0	0	0
4.444	0	0	0	0.2	0	-0.3	0	0	0	0	0	0	-0.13	0	0.305	0	0	0
4.445	0	0	0	0.2	0	-0.3	0	0	0	0	0	0	-0.13	0	0.305	0	0	0
4.446	0	0	0	0.2	0	-0.3	0	0	0	0	0	0	-0.13	0	0.305	0	0	0
4.447	0	0	0	0.2	0	-0.3	0	0	0	0	0	0	-0.13	0	0.305	0	0	0
4.448	0	0	0	0.2	0	-0.3	0	0	0	0	0	0	-0.13	0	0.305	0	0	0
4.449	0	0	0	0.2	0	-0.3	0	0	0	0	0	0	-0.13	0	0.305	0	0	0
4.45	0	0	0	0.2	0	-0.3	0	0	0	0	0	0	-0.13	0	0.305	0	0	0
4.451	0	0	0	0.2	0	-0.3	0	0	0	0	0	0	-0.13	0	0.305	0	0	0
4.452	0	0	0	0.2	0	-0.3	0	0	0	0	0	0	-0.13	0	0.305	0	0	0
4.453	0	0	0	0.2	0	-0.3	0	0	0	0	0	0	-0.13	0	0.305	0	0	0
4.454	0	0	0	0.2	0	-0.3	0	0	0	0	0	0	-0.13	0	0.305	0	0	0
4.455	0	0	0	0.2	0	-0.3	0	0	0	0	0	0	-0.13	0	0.305	0	0	0
4.456	0	0	0	0.2	0	-0.3	0	0	0	0	0	0	-0.13	0	0.305	0	0	0
4.457	0	0	0	0.2	0	-0.3	0	0	0	0	0	0	-0.13	0	0.305	0	0	0
4.458	0	0	0	0.2	0	-0.3	0	0	0	0	0	0	-0.13	0	0.305	0	0	0
4.459	0	0	0	0.2	0	-0.3	0	0	0	0	0	0	-0.13	0	0.305	0	0	0
4.46	0	0	0	0.2	0	-0.3	0	0	0	0	0	0	-0.13	0	0.305	0	0	0
4.461	0	0	0	0.2	0	-0.3	0	0	0	0	0	0	-0.13	0	0.305	0	0	0
4.462	0	0	0	0.2	0	-0.3	0	0	0	0	0	0	-0.13	0	0.305	0	0	0
4.463	0	0	0	0.2	0	-0.3	0	0	0	0	0	0	-0.13	0	0.305	0	0	0
4.464	0	0	0	0.2	0	-0.3	0	0	0	0	0	0	-0.13	0	0.305	0	0	0
4.465	0	0	0	0.2	0	-0.3	0	0	0	0	0	0	-0.13	0	0.305	0	0	0
4.466	0	0	0	0.2	0	-0.3	0	0	0	0	0	0	-0.13	0	0.305	0	0	0
4.467	0	0	0	0.2	0	-0.3	0	0	0	0	0	0	-0.13	0	0.305	0	0	0
4.468	0	0	0	0.2	0	-0.3	0	0	0	0	0	0	-0.13	0	0.305	0	0	0
4.469	0	0	0	0.2	0	-0.3	0	0	0	0	0	0	-0.13	0	0.305	0	0	0
4.47	0	0	0	0.2	0	-0.3	0	0	0	0	0	0	-0.13	0	0.305	0	0	0
4.471	0	0	0	0.2	0	-0.3	0	0	0	0	0	0	-0.13	0	0.305	0	0	0
4.472	0	0	0	0.2	0	-0.3	0	0	0	0	0	0	-0.13	0	0.305	0	0	0
4.473	0	0	0	0.2	0	-0.3	0	0	0	0	0	0	-0.13	0	0.305	0	0	0
4.474	0	0	0	0.2	0	-0.3	0	0	0	0	0	0	-0.13	0	0.305	0	0	0
4.475	0	0	0	0.2	0	-0.3	0	0	0	0	0	0	-0.13	0	0.305	0	0	0
4.476	0	0	0	0.2	0	-0.3	0	0	0	0	0	0	-0.13	0	0.305	0	0	0
4.477	0	0	0	0.2	0	-0.3	0	0	0	0	0	0	-0.13	0	0.305	0	0	0
4.478	0	0	0	0.2	0	-0.3	0	0	0	0	0	0	-0.13	0	0.305	0	0	0
4.479	0	0	0	0.2	0	-0.3	0	0	0	0	0	0	-0.13	0	0.305	0	0	0
4.48	0	0	0	0.2	0	-0.3	0	0	0	0	0	0	-0.13	0	0.305	0	0	0
4.481	0	0	0	0.2	0	-0.3	0	0	0	0	0	0	-0.13	0	0.305	0	0	0
4.482	0	0	0	0.2	0	-0.3	0	0	0	0	0	0	-0.13	0	0.305	0	0	0
4.483	0	0	0	0.2	0	-0.3	0	0	0	0	0	0	-0.13	0	0.305	0	0	0
4.484	0	0	0	0.2	0	-0.3	0	0	0	0	0	0	-0.13	0	0.305	0	0	0
4.485	0	0	0	0.2	0	-0.3	0	0	0	0	0	0	-0.13	0	0.305	0	0	0
4.486	0	0	0	0.2	0	-0.3	0	0	0	0	0	0	-0.13	0	0.305	0	0	0
4.487	0	0	0	0.2	0	-0.3	0	0	0	0	0	0	-0.13	0	0.305	0	0	0
4.488	0	0	0	0.2	0	-0.3	0	0	0	0	0	0	-0.13	0	0.305	0	0	0
4.489	0	0	0	0.2	0	-0.3	0	0	0	0	0	0	-0.13	0	0.305	0	0	0
4.49	0	0	0	0.2	0	-0.3	0	0	0	0	0	0	-0.13	0	0.305	0	0	0
4.491	0	0	0	0.2	0	-0.3	0	0	0	0	0	0	-0.13	0	0.305	0	0	0
4.492	0	0	0	0.2	0	-0.3	0	0	0	0	0	0	-0.13	0	0.305	0	0	0
4.493	0	0	0	0.2	0	-0.3	0	0	0	0	0	0	-0.13	0	0.305	0	0	0
4.494	0	0	0	0.2	0	-0.3	0	0	0	0	0	0	-0.13	0	0.305	0	0	0
4.495	0	0	0	0.2	0	-0.3	0	0	0	0	0	0	-0.13	0	0.305	0	0	0
4.496	0	0	0	0.2	0	-0.3	0	0	0	0	0	0	-0.13	0	0.305	0	0	0
4.497	0	0	0	0.2	0	-0.3	0	0	0	0	0	0	-0.13	0	0.305	0	0	0
4.498	0	0	0	0.2	0	-0.3	0	0	0	0	0	0	-0.13	0	0.305	0	0	0
4.499	0	0	0	0.2	0	-0.3	0	0	0	0	0	0	-0.13	0	0.305	0	0	0
4.5	0	0	0	0.2	0	-0.3	0	0	0	0	0	0	-0.13	0	0.305	0	0	0
4.501	0	0	0	0.2	0	-0.3	0	0	0	0	0	0	-0.13	0	0.305	0	0	0
4.502	0	0	0	0.2	0	-0.3	0	0	0	0	0	0	-0.13	0	0.305	0	0	0
4.503	0	0	0	0.2	0	-0.3	0	0	0	0	0	0	-0.13	0	0.305	0	0	0
4.504	0	0	0	0.2	0	-0.3	0	0	0	0	0	0	-0.13	0	0.305	0	0	0
4.505	0	0	0	0.2	0	-0.3	0	0	0	0	0	0	-0.13	0	0.305	0	0	0
4.506	0	0	0	0.2	0	-0.3	0	0	0	0	0	0	-0.13	0	0.305	0	0	0
4.507	0	0	0	0.2	0	-0.3	0	0	0	0	0	0	-0.13	0	0.305	0	0	0
4.508	0	0	0	0.2	0	-0.3	0	0	0	0	0	0	-0.13	0	0.305	0	0	0
4.509	0	0	0	0.2	0	-0.3	0	0	0	0	29.33173	0.013706	-0.037362	0	0.511805	0	0	0
4.51	0	0	0	0.2	0	-0.3	0	0	0	-0.794291	42.375732	0.013706	-0.037362	0	0.511805	0	0.116097	0
4.511	0	0	0	0.2	0	-0.3	0	0	0	-1.729946	50.210533	-2.415829	-0.03895	0	0.508421	-1.00E-06	0.178264	0
4.512	0	0	0	0.2	0	-0.3	0	0	0	-3.366258	56.371735	-4.688301	-0.04087	0	0.486493	-1.00E-06	0.116097	0
4.513	0	0	0	0.2	0	-0.3	0	0	0	-4.923278	66.647797	-5.942394	-0.050918	0	0.471849	-1.00E-06	-0.029698	0
4.514	0	0	0	0.2	0	-0.3	0	0	0	-4.928331	77.595032	-6.569641	-0.054685	0	0.460103	-1.00E-06	-0.029698	0
4.515	0	0	0	0.2	0	-0.3	0	0	0	-5.543199	87.689819	-8.999136	-0.05637	0	0.449753	-1.00E-06	-0.029698	0
4.516	0	0	0	0.2	0	-0.3	0	0	0	-7.808094	102.272865	-11.114864	-0.066586	0	0.43839	-1.00E-06	-0.123321	0
4.517	0	0	0	0.2	0	-0.3	0	0	0	-8.191575	110.13121	-12.682442	-0.066586	0	0.435555	-1.00E-06	-0.123321	-1.00E-06
4.518	0	0	0	0.2	0	-0.3	0	0	0	-8.345833	113.888206	-14.171566	-0.065915	0	0.430476	-1.00E-06	0.001257	-1.00E-06
4.519	0	0	0	0.2	0	-0.3	0	0	0	-8.342225	122.62291	-14.171566	-0.065915	0	0.430476	-2.00E-06	0.017629	-1.00E-06
4.52	0	0	0	0.2	0	-0.3	0	0	0	-8.345833	132.029129	-13.38822	-0.066991	0	0.430663	-5.00E-06	0.017629	-1.00E-06
4.521	0	0	0	0.2	0	-0.3	0	0	0	-8.726431	136.983749	-12.2131	-0.068518	0	0.430663	-5.00E-06	-0.025116	-1.00E-06
4.522	0	0	0	0.2	0	-0.3	0	0	0	-8.726431	145.391022	-11.038143	-0.068135	0	0.428156	-5.00E-06	-0.025116	-1.00E-06
4.523	0	0	0	0.2	0	-0.3	0	0	0	-8.726431	149.134827	-10.019526	-0.068135	0	0.426666	-5.00E-06	-0.007715	-1.00E-06
4.524	0	0	0	0.2	0	-0.3	0	0	0	-8.646415	152.89682	-7.825829	-0.068135	0	0.426666	-5.00E-06	-0.007715	-1.00E-06
4.525	0	0	0	0.2	0	-0.3	0	0	0	-8.562792	160.431946	-5.63213	-0.068207	0	0.42431	-5.00E-06	-0.007715	-1.00E-06
4.526	0	0	0	0.2	0	-0.3	0	0	0	-7.229223	160.810699	-3.516402	-0.068207	0	0.42431	-5.00E-06	0.072861	-1.00E-06
4.527	0	0	0	0.2	0	-0.3	0	0	0	-7.229223	162.136841	-1.087271	-0.068207	0	0.4251	-4.00E-06	0.072861	-1.00E-06
4.528	0	0	0	0.2	0	-0.3	0	0	0	-7.229943	163.867203	2.046718	-0.070654	0	0.4251	-5.00E-06	0.017938	0
4.529	0	0	0	0.2	0	-0.3	0	0	0	-7.229943	166.441132	4.319307	-0.070833	0	0.423669	-4.00E-06	0.017938	0
4.53	0	0	0	0.2	0	-0.3	0	0	0	-6.991341	166.448883	6.591617	-0.070833	0	0.422252	-6.00E-06	0.112536	0
4.531	0	0	0	0.2	0	-0.3	0	0	0	-6.679937	166.604309	10.117739	-0.070833	0	0.422252	-6.00E-06	0.113089	-1.00E-06
4.532	0	0	0	0.2	0	-0.3	0	0	0	-5.11498	167.820129	12.625002	-0.069216	0	0.424127	-6.00E-06	0.112536	-1.00E-06
4.533	0	0	0	0.2	0	-0.3	0	0	0	-4.803577	167.820129	16.542856	-0.069216	0	0.424127	-5.00E-06	0.113089	-1.00E-06
4.534	0	0	0	0.2	0	-0.3	0	0	0	-2.064361	173.31131	19.049997	-0.070868	0	0.422597	-4.00E-06	0.28229	-1.00E-06
4.535	0	0	0	0.2	0	-0.3	0	0	0	-1.510025	175.533478	21.870659	-0.070887	0	0.422443	-4.00E-06	0.515685	-1.00E-06
4.536	0	0	0	0.2	0	-0.3	0	0	0	-1.3536	182.928223	22.184183	-0.070868	0	0.415662	-4.00E-06	0.515685	-1.00E-06
4.537	0	0	0	0.2	0	-0.3	0	0	0	-0.259357	182.928223	24.378	-0.071979	0	0.415662	-4.00E-06	0.399805	-1.00E-06
4.538	0	0	0	0.2	0	-0.3	0	0	0	-0.184394	182.921265	26.493408	-0.070596	0	0.416788	-7.00E-06	0.399805	-1.00E-06
4.539	0	0	0	0.2	0	-0.3	0	0	0	1.385614	182.921265	28.531008	-0.071979	0	0.416788	-7.00E-06	0.747613	1.00E-06
4.54	0	0	0	0.2	0	-0.3	0	0	0	1.775591	188.937393	30.646374	-0.070421	0	0.416467	-6.00E-06	0.747613	1.00E-06
4.541	0	0	0	0.2	0	-0.3	0	0	0	1.775591	190.811646	30.881445	-0.070421	0	0.416261	-4.00E-06	0.576651	1.00E-06
4.542	0	0	0	0.2	0	-0.3	0	0	0	1.775591	193.055054	32.056522	-0.069746	0	0.410628	-4.00E-06	0.576651	1.00E-06
4.543	0	0	0	0.2	0	-0.3	0	0	0	1.627105	198.905365	32.683167	-0.069417	0	0.406952	-8.00E-06	0.577279	-1.00E-06
4.544	0	0	0	0.2	0	-0.3	0	0	0	2.170619	201.144485	32.683372	-0.069746	0	0.40495	-8.00E-06	0.577279	-1.00E-06
4.545	0	0	0	0.2	0	-0.3	0	0	0	2.563481	204.603699	33.231445	-0.07002	0	0.404487	-6.00E-06	0.585386	-1.00E-06
4.546	0	0	0	0.2	0	-0.3	0	0	0	2.880658	210.232529	33.231445	-0.07002	0	0.403102	-4.00E-06	0.578263	0
4.547	0	0	0	0.2	0	-0.3	0	0	0	3.038524	212.457397	32.604355	-0.069216	0	0.403102	-4.00E-06	0.628263	0
4.548	0	0	0	0.2	0	-0.3	0	0	0	3.038524	215.392822	32.134171	-0.069091	0	0.400202	-3.00E-06	0.634916	0
4.549	0	0	0	0.2	0	-0.3	0	0	0	3.194948	218.113297	31.899097	-0.069216	0	0.399589	-2.00E-06	0.650054	0
4.55	0	0	0	0.2	0	-0.3	0	0	0	3.509239	222.925186	31.507006	-0.071016	0	0.399589	-3.00E-06	0.673937	0
4.551	0	0	0	0.2	0	-0.3	0	0	0	3.823529	230.12709	30.879517	-0.071073	0	0.398327	-2.00E-06	0.673937	-1.00E-06
4.552	0	0	0	0.2	0	-0.3	0	0	0	4.139984	233.530289	30.722612	-0.07194	0	0.396085	-2.00E-06	0.60246	-1.00E-06
4.553	0	0	0	0.2	0	-0.3	0	0	0	4.450665	233.868637	30.879517	-0.07194	0	0.396496	-2.00E-06	0.60246	-1.00E-06
4.554	0	0	0	0.2	0	-0.3	0	0	0	4.614305	240.038651	31.741152	-0.073188	0	0.396184	-5.00E-06	0.835221	-1.00E-06
4.555	0	0	0	0.2	0	-0.3	0	0	0	5.006447	244.99791	31.741152	-0.07428	0	0.396184	-7.00E-06	0.858142	-1.00E-06
4.556	0	0	0	0.2	0	-0.3	0	0	0	5.477159	252.723572	31.897488	-0.075356	0	0.394269	-7.00E-06	0.872164	-1.00E-06
4.557	0	0	0	0.2	0	-0.3	0	0	0	7.196374	252.723572	32.053909	-0.075654	0	0.394269	-2.00E-06	0.872164	-1.00E-06
4.558	0	0	0	0.2	0	-0.3	0	0	0	7.196374	253.925125	32.602627	-0.075654	0	0.394536	-2.00E-06	0.906465	-1.00E-06
4.559	0	0	0	0.2	0	-0.3	0	0	0	7.354242	256.474762	33.072571	-0.075654	0	0.394536	-2.00E-06	1.005467	-1.00E-06
4.56	0	0	0	0.2	0	-0.3	0	0	0	8.762776	260.616241	34.091309	-0.075745	0	0.394536	-3.00E-06	0.930952	-1.00E-06
4.561	0	0	0	0.2	0	-0.3	0	0	0	9.464155	261.954712	35.187977	-0.075745	0	0.395224	-5.00E-06	1.040574	-1.00E-06
4.562	0	0	0	0.2	0	-0.3	0	0	0	10.248438	262.473511	35.73653	-0.075745	0	0.395224	-6.00E-06	1.040574	-1.00E-06
4.563	0	0	0	0.2	0	-0.3	0	0	0	11.03272	266.09201	35.814823	-0.074561	0	0.393568	-8.00E-06	1.171775	0
4.564	0	0	0	0.2	0	-0.3	0	0	0	11.266273	266.600769	36.049976	-0.075816	0	0.393045	-8.00E-06	1.214651	0
4.565	0	0	0	0.2	0	-0.3	0	0	0	11.42414	269.707367	36.363297	-0.075869	0	0.392591	-9.00E-06	1.171775	-1.00E-06
4.566	0	0	0	0.2	0	-0.3	0	0	0	13.136861	271.25647	36.990101	-0.075869	0	0.391268	-7.00E-06	1.178249	-1.00E-06
4.567	0	0	0	0.2	0	-0.3	0	0	0	13.454038	270.404083	37.303665	-0.075083	0	0.391268	-7.00E-06	1.178249	-1.00E-06
4.568	0	0	0	0.2	0	-0.3	0	0	0	13.533332	271.764069	37.303665	-0.074694	0	0.388776	-7.00E-06	1.208835	-1.00E-06
4.569	0	0	0	0.2	0	-0.3	0	0	0	14.236876	271.434357	37.303665	-0.074019	0	0.388769	-2.00E-06	1.208835	-1.00E-06
4.57	0	0	0	0.2	0	-0.3	0	0	0	14.466822	272.128998	36.59861	-0.07425	0	0.388769	-8.00E-06	1.230901	-1.00E-06
4.571	0	0	0	0.2	0	-0.3	0	0	0	15.09468	272.128998	36.520279	-0.074195	0	0.388248	-2.00E-06	1.25298	-1.00E-06
4.572	0	0	0	0.2	0	-0.3	0	0	0	15.484655	272.128998	36.519878	-0.074195	0	0.388201	-4.00E-06	1.25298	-1.00E-06
4.573	0	0	0	0.2	0	-0.3	0	0	0	15.875354	271.430115	36.520279	-0.07354	0	0.388117	-1.00E-06	1.163642	-1.00E-06
4.574	0	0	0	0.2	0	-0.3	0	0	0	15.875354	271.430115	37.068314	-0.07354	0	0.387735	-4.00E-06	1.163642	-1.00E-06
4.575	0	0	0	0.2	0	-0.3	0	0	0	16.738209	275.221802	37.068314	-0.074899	0	0.386683	-6.00E-06	1.279658	-1.00E-06
4.576	0	0	0	0.2	0	-0.3	0	0	0	17.053942	278.305298	35.892872	-0.074899	0	0.384508	-6.00E-06	1.279658	-1.00E-06
4.577	0	0	0	0.2	0	-0.3	0	0	0	17.990316	278.305298	35.892872	-0.075727	0	0.384508	-2.00E-06	1.393216	-1.00E-06
4.578	0	0	0	0.2	0	-0.3	0	0	0	17.990316	276.238922	36.04929	-0.075535	0	0.385877	-2.00E-06	1.321843	-1.00E-06
4.579	0	0	0	0.2	0	-0.3	0	0	0	18.381737	275.052856	36.049412	-0.075727	0	0.385877	-6.00E-06	1.332958	0
4.58	0	0	0	0.2	0	-0.3	0	0	0	19.161692	275.052856	36.206032	-0.07693	0	0.385877	-6.00E-06	1.332958	0
4.581	0	0	0	0.2	0	-0.3	0	0	0	20.095901	275.052856	36.441105	-0.07693	0	0.386661	-6.00E-06	1.332958	0
4.582	0	0	0	0.2	0	-0.3	0	0	0	20.255934	274.189575	36.441105	-0.076825	0	0.386661	-4.00E-06	1.421915	-3.00E-06
4.583	0	0	0	0.2	0	-0.3	0	0	0	20.72304	274.189575	35.736168	-0.076825	0	0.384831	-8.00E-06	1.3895	-3.00E-06
4.584	0	0	0	0.2	0	-0.3	0	0	0	20.95587	272.663269	35.736168	-0.076607	0	0.384775	-1.00E-05	1.3895	0
4.585	0	0	0	0.2	0	-0.3	0	0	0	21.265831	272.001404	35.736168	-0.076607	0	0.384662	-1.00E-05	1.285033	0
4.586	0	0	0	0.2	0	-0.3	0	0	0	22.592184	272.001404	35.971081	-0.076607	0	0.383034	-6.00E-06	1.214176	0
4.587	0	0	0	0.2	0	-0.3	0	0	0	22.747885	272.001404	35.971283	-0.076312	0	0.382992	-2.00E-06	1.214176	-1.00E-06
4.588	0	0	0	0.2	0	-0.3	0	0	0	23.137861	266.533783	35.971081	-0.076329	0	0.382992	-2.00E-06	1.237937	-1.00E-06
4.589	0	0	0	0.2	0	-0.3	0	0	0	23.450708	266.163849	35.971722	-0.075708	0	0.382571	-5.00E-06	1.369671	-2.00E-06
4.59	0	0	0	0.2	0	-0.3	0	0	0	23.98917	265.84256	35.266792	-0.076202	0	0.382571	-5.00E-06	1.369671	-2.00E-06
4.591	0	0	0	0.2	0	-0.3	0	0	0	24.074959	265.165222	35.266792	-0.075708	0	0.382913	-6.00E-06	1.362183	-1.00E-06
4.592	0	0	0	0.2	0	-0.3	0	0	0	25.711273	262.240631	34.718193	-0.075774	0	0.382913	-6.00E-06	1.312363	-1.00E-06
4.593	0	0	0	0.2	0	-0.3	0	0	0	25.711273	260.542328	34.405075	-0.075678	0	0.382179	-6.00E-06	1.356927	-1.00E-06
4.594	0	0	0	0.2	0	-0.3	0	0	0	25.785517	257.471191	34.169998	-0.075774	0	0.382108	-5.00E-06	1.356927	-1.00E-06
4.595	0	0	0	0.2	0	-0.3	0	0	0	27.036182	257.471191	33.934807	-0.076211	0	0.382108	-3.00E-06	1.494451	-2.00E-06
4.596	0	0	0	0.2	0	-0.3	0	0	0	27.194771	257.471191	33.464863	-0.076211	0	0.383287	-4.00E-06	1.501267	-1.00E-06
4.597	0	0	0	0.2	0	-0.3	0	0	0	27.508341	253.846146	32.994804	-0.076211	0	0.383287	-3.00E-06	1.501267	-1.00E-06
4.598	0	0	0	0.2	0	-0.3	0	0	0	27.971836	252.489182	32.916431	-0.075893	0	0.383287	-4.00E-06	1.468094	-1.00E-06
4.599	0	0	0	0.2	0	-0.3	0	0	0	28.047523	248.358826	32.759933	-0.076609	0	0.381827	-5.00E-06	1.445939	-1.00E-06
4.6	0	0	0	0.2	0	-0.3	0	0	0	28.281797	247.706573	32.36808	-0.076609	0	0.38162	-5.00E-06	1.4038	-1.00E-06
4.601	0	0	0	0.2	0	-0.3	0	0	0	29.372433	246.147873	32.133286	-0.076609	0	0.38162	-5.00E-06	1.4038	-1.00E-06
4.602	0	0	0	0.2	0	-0.3	0	0	0	29.686003	242.884995	31.976347	-0.077448	0	0.382582	-4.00E-06	1.45012	0
4.603	0	0	0	0.2	0	-0.3	0	0	0	29.838097	241.887161	30.801346	-0.077448	0	0.382582	-6.00E-06	1.45012	1.00E-06
4.604	0	0	0	0.2	0	-0.3	0	0	0	30.305923	241.355621	30.801346	-0.077448	0	0.380851	-4.00E-06	1.418096	1.00E-06
4.605	0	0	0	0.2	0	-0.3	0	0	0	30.463068	237.938522	30.801388	-0.077371	0	0.380533	-4.00E-06	1.416152	0
4.606	0	0	0	0.2	0	-0.3	0	0	0	32.261581	237.938522	31.349703	-0.077371	0	0.380291	-4.00E-06	1.416152	0
4.607	0	0	0	0.2	0	-0.3	0	0	0	32.412231	237.441711	31.349703	-0.077371	0	0.37951	-4.00E-06	1.407273	0
4.608	0	0	0	0.2	0	-0.3	0	0	0	33.040813	235.380051	30.644646	-0.077116	0	0.378433	-3.00E-06	1.407273	0
4.609	0	0	0	0.2	0	-0.3	0	0	0	33.510803	235.380051	30.644646	-0.077116	0	0.378283	-3.00E-06	1.432785	-1.00E-06
4.61	0	0	0	0.2	0	-0.3	0	0	0	34.840042	234.879745	31.428272	-0.077116	0	0.378283	-1.00E-06	1.432785	-1.00E-06
4.611	0	0	0	0.2	0	-0.3	0	0	0	35.07143	234.879745	31.741674	-0.077763	0	0.378541	-3.00E-06	1.540834	-1.00E-06
4.612	0	0	0	0.2	0	-0.3	0	0	0	35.619995	234.879745	31.741674	-0.077062	0	0.378541	-7.00E-06	1.540834	-1.00E-06
4.613	0	0	0	0.2	0	-0.3	0	0	0	36.012859	234.201645	32.211857	-0.077062	0	0.375984	-7.00E-06	1.540834	-1.00E-06
4.614	0	0	0	0.2	0	-0.3	0	0	0	36.715683	233.368149	32.211937	-0.077062	0	0.37506	-8.00E-06	1.534158	-1.00E-06
4.615	0	0	0	0.2	0	-0.3	0	0	0	37.339935	233.368149	32.368519	-0.077796	0	0.37506	-7.00E-06	1.534158	-1.00E-06
4.616	0	0	0	0.2	0	-0.3	0	0	0	37.653503	236.634033	32.838661	-0.078737	0	0.374726	2.00E-06	1.578372	-2.00E-06
4.617	0	0	0	0.2	0	-0.3	0	0	0	38.749912	236.634033	32.916832	-0.078737	0	0.374726	2.00E-06	1.598369	-2.00E-06
4.618	0	0	0	0.2	0	-0.3	0	0	0	38.828484	236.634033	33.935371	-0.078697	0	0.374064	2.00E-06	1.598369	-1.00E-06
4.619	0	0	0	0.2	0	-0.3	0	0	0	38.828484	236.119492	33.935574	-0.078344	0	0.373857	-5.00E-06	1.548625	-1.00E-06
4.62	0	0	0	0.2	0	-0.3	0	0	0	38.984905	237.835983	34.248978	-0.078344	0	0.373556	-6.00E-06	1.548625	-2.00E-06
4.621	0	0	0	0.2	0	-0.3	0	0	0	39.45562	239.542023	34.875618	-0.079211	0	0.373857	-7.00E-06	1.556664	-2.00E-06
4.622	0	0	0	0.2	0	-0.3	0	0	0	39.612762	239.542023	35.502384	-0.079211	0	0.37267	-7.00E-06	1.556664	-1.00E-06
4.623	0	0	0	0.2	0	-0.3	0	0	0	40.000576	239.542023	35.815868	-0.079211	0	0.372136	-4.00E-06	1.495641	-1.00E-06
4.624	0	0	0	0.2	0	-0.3	0	0	0	40.002743	240.603165	36.521042	-0.078563	0	0.372101	0	1.489159	-1.00E-06
4.625	0	0	0	0.2	0	-0.3	0	0	0	40.158443	240.603165	36.599174	-0.078563	0	0.370811	0	1.495641	0
4.626	0	0	0	0.2	0	-0.3	0	0	0	41.177719	241.805099	36.834122	-0.078563	0	0.37079	-2.00E-06	1.464593	0
4.627	0	0	0	0.2	0	-0.3	0	0	0	41.177719	243.846756	36.991108	-0.078304	0	0.37079	-6.00E-06	1.464593	-1.00E-06
4.628	0	0	0	0.2	0	-0.3	0	0	0	41.099869	244.045822	37.617508	-0.079405	0	0.369644	-6.00E-06	1.321467	-1.00E-06
4.629	0	0	0	0.2	0	-0.3	0	0	0	41.021297	244.045822	37.77425	-0.079074	0	0.3686	-4.00E-06	1.274518	-2.00E-06
4.63	0	0	0	0.2	0	-0.3	0	0	0	41.021297	245.92276	38.244354	-0.079927	0	0.368592	-4.00E-06	1.274518	-2.00E-06
4.631	0	0	0	0.2	0	-0.3	0	0	0	41.338474	250.731552	38.792747	-0.079175	0	0.368334	-5.00E-06	1.290776	-2.00E-06
4.632	0	0	0	0.2	0	-0.3	0	0	0	41.492733	250.919022	39.027821	-0.07987	0	0.367859	-5.00E-06	1.290776	-2.00E-06
4.633	0	0	0	0.2	0	-0.3	0	0	0	41.651321	252.107864	39.027821	-0.079175	0	0.367859	-3.00E-06	1.269313	-1.00E-06
4.634	0	0	0	0.2	0	-0.3	0	0	0	41.651321	253.308975	39.262695	-0.078849	0	0.365685	-2.00E-06	1.268021	-1.00E-06
4.635	0	0	0	0.2	0	-0.3	0	0	0	41.651321	254.171509	39.49736	-0.078849	0	0.365496	-1.00E-06	1.254197	-1.00E-06
4.636	0	0	0	0.2	0	-0.3	0	0	0	41.657097	263.260651	40.124489	-0.080549	0	0.365496	-1.00E-06	1.268021	-1.00E-06
4.637	0	0	0	0.2	0	-0.3	0	0	0	42.202774	264.299805	40.045715	-0.080549	0	0.364289	-1.00E-06	1.256006	-1.00E-06
4.638	0	0	0	0.2	0	-0.3	0	0	0	42.055008	264.299805	40.437691	-0.079818	0	0.364289	-1.00E-06	1.370689	-2.00E-06
4.639	0	0	0	0.2	0	-0.3	0	0	0	42.440655	266.184906	40.515739	-0.079549	0	0.364072	-4.00E-06	1.256006	-3.00E-06
4.64	0	0	0	0.2	0	-0.3	0	0	0	42.67926	267.55423	40.750572	-0.079549	0	0.363122	-2.00E-06	1.386214	-3.00E-06
4.641	0	0	0	0.2	0	-0.3	0	0	0	42.91642	273.579193	41.377254	-0.081304	0	0.362623	-4.00E-06	1.320759	-2.00E-06
4.642	0	0	0	0.2	0	-0.3	0	0	0	43.464264	277.515198	41.455547	-0.081304	0	0.362325	-2.00E-06	1.320759	-2.00E-06
4.643	0	0	0	0.2	0	-0.3	0	0	0	43.464264	277.522491	41.768948	-0.079904	0	0.361023	-4.00E-06	1.169223	-2.00E-06
4.644	0	0	0	0.2	0	-0.3	0	0	0	43.077892	277.685669	42.160397	-0.079904	0	0.361023	-4.00E-06	1.169223	-1.00E-06
4.645	0	0	0	0.2	0	-0.3	0	0	0	43.077892	284.028961	42.395672	-0.080292	0	0.361023	-5.00E-06	1.132111	-1.00E-06
4.646	0	0	0	0.2	0	-0.3	0	0	0	43.783604	285.885742	43.17902	-0.080292	0	0.361111	-7.00E-06	1.243655	-1.00E-06
4.647	0	0	0	0.2	0	-0.3	0	0	0	44.33289	285.885742	43.570591	-0.079917	0	0.362074	-7.00E-06	1.452268	0
4.648	0	0	0	0.2	0	-0.3	0	0	0	44.33289	291.906158	43.570591	-0.079917	0	0.362074	-5.00E-06	1.452268	0
4.649	0	0	0	0.2	0	-0.3	0	0	0	44.337944	292.954224	43.961842	-0.080556	0	0.35911	-5.00E-06	1.192027	0
4.65	0	0	0	0.2	0	-0.3	0	0	0	44.337944	301.198334	43.962124	-0.081565	0	0.358644	-6.00E-06	1.192027	0
4.651	0	0	0	0.2	0	-0.3	0	0	0	44.342991	305.143127	44.275322	-0.081565	0	0.358054	-6.00E-06	1.260643	-2.00E-06
4.652	0	0	0	0.2	0	-0.3	0	0	0	44.416515	307.368347	44.588444	-0.081199	0	0.357978	-6.00E-06	1.260643	-3.00E-06
4.653	0	0	0	0.2	0	-0.3	0	0	0	44.888668	312.861115	44.745186	-0.080802	0	0.357	-6.00E-06	1.174534	-2.00E-06
4.654	0	0	0	0.2	0	-0.3	0	0	0	44.888668	316.287506	44.901566	-0.080714	0	0.356903	-6.00E-06	1.116982	-2.00E-06
4.655	0	0	0	0.2	0	-0.3	0	0	0	44.814426	319.894806	45.057823	-0.080714	0	0.355426	-6.00E-06	1.116982	0
4.656	0	0	0	0.2	0	-0.3	0	0	0	44.814426	329.526733	45.528412	-0.081942	0	0.355426	-4.00E-06	1.140597	0
4.657	0	0	0	0.2	0	-0.3	0	0	0	44.976624	335.50119	46.154572	-0.081942	0	0.354695	-4.00E-06	1.140597	-1.00E-06
4.658	0	0	0	0.2	0	-0.3	0	0	0	45.056641	336.019257	46.154652	-0.081647	0	0.354677	-1.00E-05	1.170035	-1.00E-06
4.659	0	0	0	0.2	0	-0.3	0	0	0	45.140263	340.992401	46.467773	-0.080958	0	0.354489	-1.00E-05	1.068549	-1.00E-06
4.66	0	0	0	0.2	0	-0.3	0	0	0	45.140263	345.95282	46.859306	-0.081647	0	0.354489	-7.00E-06	1.042329	-2.00E-06
4.661	0	0	0	0.2	0	-0.3	0	0	0	45.140263	350.083923	47.407623	-0.081972	0	0.353971	0	1.042329	-2.00E-06
4.662	0	0	0	0.2	0	-0.3	0	0	0	45.45816	360.390503	47.720581	-0.081972	0	0.353788	0	1.053315	-2.00E-06
4.663	0	0	0	0.2	0	-0.3	0	0	0	45.463936	361.90448	47.877605	-0.081091	0	0.353557	-3.00E-06	1.053315	-1.00E-06
4.664	0	0	0	0.2	0	-0.3	0	0	0	45.463936	364.668274	48.738998	-0.081091	0	0.352997	-4.00E-06	1.033907	-1.00E-06
4.665	0	0	0	0.2	0	-0.3	0	0	0	45.463936	372.38266	48.895618	-0.081538	0	0.352997	-4.00E-06	1.033907	-2.00E-06
4.666	0	0	0	0.2	0	-0.3	0	0	0	46.331841	376.495667	49.286991	-0.081538	0	0.352997	-3.00E-06	1.155682	-2.00E-06
4.667	0	0	0	0.2	0	-0.3	0	0	0	46.331841	383.002441	49.835342	-0.081538	0	0.352208	-3.00E-06	1.173532	-3.00E-06
4.668	0	0	0	0.2	0	-0.3	0	0	0	46.567558	388.335114	49.835342	-0.080974	0	0.352059	-2.00E-06	1.155682	-2.00E-06
4.669	0	0	0	0.2	0	-0.3	0	0	0	46.567558	391.755768	49.835342	-0.0812	0	0.35029	-2.00E-06	1.071224	-4.00E-06
4.67	0	0	0	0.2	0	-0.3	0	0	0	46.962585	397.768402	49.834698	-0.0812	0	0.350276	-3.00E-06	1.071224	-2.00E-06
4.671	0	0	0	0.2	0	-0.3	0	0	0	47.591885	405.144623	49.834698	-0.081386	0	0.35029	-3.00E-06	1.097507	-2.00E-06
4.672	0	0	0	0.2	0	-0.3	0	0	0	47.594772	413.040009	49.991039	-0.081736	0	0.350216	-3.00E-06	1.114899	-1.00E-06
4.673	0	0	0	0.2	0	-0.3	0	0	0	47.675507	415.609741	50.147457	-0.081736	0	0.349353	-3.00E-06	1.101995	-1.00E-06
4.674	0	0	0	0.2	0	-0.3	0	0	0	47.675507	421.603577	50.147457	-0.081736	0	0.349247	-4.00E-06	1.114899	-1.00E-06
4.675	0	0	0	0.2	0	-0.3	0	0	0	47.764183	421.611237	50.147457	-0.081752	0	0.348406	-8.00E-06	1.160748	-1.00E-06
4.676	0	0	0	0.2	0	-0.3	0	0	0	47.764183	433.114716	50.225388	-0.081795	0	0.348406	-4.00E-06	1.192411	-1.00E-06
4.677	0	0	0	0.2	0	-0.3	0	0	0	47.997734	442.704529	50.225388	-0.081795	0	0.348817	-5.00E-06	1.234755	-2.00E-06
4.678	0	0	0	0.2	0	-0.3	0	0	0	48.316357	443.907257	50.146812	-0.081475	0	0.348817	-5.00E-06	1.192411	-2.00E-06
4.679	0	0	0	0.2	0	-0.3	0	0	0	48.316357	447.163574	50.068043	-0.081475	0	0.348397	-5.00E-06	1.281682	-1.00E-06
4.68	0	0	0	0.2	0	-0.3	0	0	0	47.929985	453.335938	49.989349	-0.081604	0	0.347748	-6.00E-06	1.142749	-1.00E-06
4.681	0	0	0	0.2	0	-0.3	0	0	0	47.929985	458.487732	50.068043	-0.081784	0	0.347928	-1.30E-05	1.218943	0
4.682	0	0	0	0.2	0	-0.3	0	0	0	48.242111	466.89682	49.989349	-0.081604	0	0.347562	-1.40E-05	1.218943	0
4.683	0	0	0	0.2	0	-0.3	0	0	0	48.63858	471.175323	49.91082	-0.081517	0	0.347562	-1.30E-05	1.242255	-1.00E-06
4.684	0	0	0	0.2	0	-0.3	0	0	0	48.63858	473.064209	49.832123	-0.081517	0	0.346706	-9.00E-06	1.259386	-4.00E-06
4.685	0	0	0	0.2	0	-0.3	0	0	0	48.63858	479.077698	49.832123	-0.081517	0	0.346706	-3.00E-06	1.259386	-4.00E-06
4.686	0	0	0	0.2	0	-0.3	0	0	0	48.407917	483.174408	50.379997	-0.081649	0	0.346544	-3.00E-06	1.259386	-1.00E-06
4.687	0	0	0	0.2	0	-0.3	0	0	0	49.114346	489.715607	50.379997	-0.081649	0	0.345795	-3.00E-06	1.18253	-1.00E-06
4.688	0	0	0	0.2	0	-0.3	0	0	0	49.119396	497.085999	50.379997	-0.081649	0	0.345662	-9.00E-06	1.129625	-1.00E-06
4.689	0	0	0	0.2	0	-0.3	0	0	0	49.119396	500.844543	50.692833	-0.081215	0	0.345662	-4.00E-06	1.129625	-2.00E-06
4.69	0	0	0	0.2	0	-0.3	0	0	0	49.119396	501.015808	50.849857	-0.081215	0	0.345425	-4.00E-06	1.129625	-3.00E-06
4.691	0	0	0	0.2	0	-0.3	0	0	0	49.905842	510.296326	50.927826	-0.081773	0	0.345425	-4.00E-06	1.168457	-3.00E-06
4.692	0	0	0	0.2	0	-0.3	0	0	0	50.535866	517.325012	51.006199	-0.081773	0	0.345352	-8.00E-06	1.200121	-3.00E-06
4.693	0	0	0	0.2	0	-0.3	0	0	0	50.766533	518.851685	51.084045	-0.081194	0	0.345352	-8.00E-06	1.217716	-3.00E-06
4.694	0	0	0	0.2	0	-0.3	0	0	0	50.773026	525.039856	51.084248	-0.080761	0	0.34488	-7.00E-06	1.217716	-3.00E-06
4.695	0	0	0	0.2	0	-0.3	0	0	0	51.167332	526.225586	51.084045	-0.080861	0	0.344469	-7.00E-06	1.217716	-4.00E-06
4.696	0	0	0	0.2	0	-0.3	0	0	0	51.715176	534.486328	51.632282	-0.080861	0	0.344555	-1.20E-05	1.243012	-3.00E-06
4.697	0	0	0	0.2	0	-0.3	0	0	0	51.952335	543.230225	51.710491	-0.081169	0	0.343849	-1.20E-05	1.177255	-3.00E-06
4.698	0	0	0	0.2	0	-0.3	0	0	0	52.3452	546.307983	51.866711	-0.081169	0	0.343849	-8.00E-06	1.175268	-3.00E-06
4.699	0	0	0	0.2	0	-0.3	0	0	0	52.658768	555.921814	52.101826	-0.081145	0	0.343339	-5.00E-06	1.175268	-3.00E-06
4.7	0	0	0	0.2	0	-0.3	0	0	0	52.97739	557.869812	52.258244	-0.080251	0	0.342848	-5.00E-06	1.17806	-4.00E-06
4.701	0	0	0	0.2	0	-0.3	0	0	0	53.052353	559.514404	52.571163	-0.081145	0	0.342848	-2.00E-06	1.17806	-4.00E-06
4.702	0	0	0	0.2	0	-0.3	0	0	0	54.308788	566.052124	52.492912	-0.08123	0	0.342848	-6.00E-06	1.241722	-4.00E-06
4.703	0	0	0	0.2	0	-0.3	0	0	0	54.464493	574.631348	52.571163	-0.08123	0	0.342619	-6.00E-06	1.165598	-4.00E-06
4.704	0	0	0	0.2	0	-0.3	0	0	0	54.544506	575.290222	52.884403	-0.080683	0	0.342619	-6.00E-06	1.112367	-4.00E-06
4.705	0	0	0	0.2	0	-0.3	0	0	0	54.624523	579.610718	53.824451	-0.080363	0	0.342617	-6.00E-06	1.083899	-2.00E-06
4.706	0	0	0	0.2	0	-0.3	0	0	0	55.565952	584.728149	54.450932	-0.080683	0	0.341431	-1.00E-06	1.083899	-3.00E-06
4.707	0	0	0	0.2	0	-0.3	0	0	0	55.71949	592.482422	54.450932	-0.080719	0	0.341431	-1.10E-05	1.083899	-3.00E-06
4.708	0	0	0	0.2	0	-0.3	0	0	0	56.430248	597.444702	54.372444	-0.080719	0	0.341395	-1.10E-05	1.0181	-3.00E-06
4.709	0	0	0	0.2	0	-0.3	0	0	0	56.430248	601.214417	54.372444	-0.080075	0	0.34078	-1.20E-05	1.0181	-3.00E-06
4.71	0	0	0	0.2	0	-0.3	0	0	0	56.278156	604.98645	54.607113	-0.080075	0	0.340711	-1.40E-05	0.93205	-5.00E-06
4.711	0	0	0	0.2	0	-0.3	0	0	0	56.278156	613.586548	54.685242	-0.080398	0	0.340091	-1.70E-05	0.890865	-5.00E-06
4.712	0	0	0	0.2	0	-0.3	0	0	0	57.062439	622.165833	55.938732	-0.080441	0	0.34003	-1.40E-05	0.912703	-5.00E-06
4.713	0	0	0	0.2	0	-0.3	0	0	0	57.063881	626.451599	56.095234	-0.080441	0	0.339933	-1.60E-05	0.867749	-4.00E-06
4.714	0	0	0	0.2	0	-0.3	0	0	0	57.063881	631.249634	56.095234	-0.080497	0	0.339811	-1.60E-05	0.867749	-4.00E-06
4.715	0	0	0	0.2	0	-0.3	0	0	0	57.063881	636.572632	56.095234	-0.080648	0	0.339776	-1.60E-05	0.842691	-4.00E-06
4.716	0	0	0	0.2	0	-0.3	0	0	0	57.302486	642.081238	56.643547	-0.0807	0	0.339233	-1.10E-05	0.842691	-1.00E-06
4.717	0	0	0	0.2	0	-0.3	0	0	0	57.302486	649.45813	56.486523	-0.08082	0	0.339233	-1.10E-05	0.791148	-4.00E-06
4.718	0	0	0	0.2	0	-0.3	0	0	0	57.694626	656.308655	56.643547	-0.08082	0	0.339233	-1.30E-05	0.821147	-2.00E-06
4.719	0	0	0	0.2	0	-0.3	0	0	0	57.694626	658.016235	56.721596	-0.08082	0	0.338863	-1.30E-05	0.791148	-4.00E-06
4.72	0	0	0	0.2	0	-0.3	0	0	0	57.694626	662.848328	57.034595	-0.080539	0	0.33783	-3.00E-06	0.75556	-2.00E-06
4.721	0	0	0	0.2	0	-0.3	0	0	0	58.090374	667.462708	57.113045	-0.080794	0	0.337611	-3.00E-06	0.636479	-4.00E-06
4.722	0	0	0	0.2	0	-0.3	0	0	0	58.559647	672.111084	57.112804	-0.080794	0	0.337271	-8.00E-06	0.640001	-3.00E-06
4.723	0	0	0	0.2	0	-0.3	0	0	0	58.870331	680.015015	57.190933	-0.080932	0	0.337271	-8.00E-06	0.636479	-3.00E-06
4.724	0	0	0	0.2	0	-0.3	0	0	0	59.028919	683.775024	57.112804	-0.080951	0	0.337262	-8.00E-06	0.616231	-3.00E-06
4.725	0	0	0	0.2	0	-0.3	0	0	0	59.261028	685.504211	57.190933	-0.080932	0	0.337097	-1.20E-05	0.51766	-4.00E-06
4.726	0	0	0	0.2	0	-0.3	0	0	0	59.654613	686.688416	56.79884	-0.080951	0	0.336332	-1.40E-05	0.483045	-5.00E-06
4.727	0	0	0	0.2	0	-0.3	0	0	0	60.046753	693.937744	56.877171	-0.081381	0	0.336414	-1.20E-05	0.483045	-5.00E-06
4.728	0	0	0	0.2	0	-0.3	0	0	0	60.199566	700.443359	56.79884	-0.081381	0	0.336414	-7.00E-06	0.523165	-4.00E-06
4.729	0	0	0	0.2	0	-0.3	0	0	0	60.907444	700.942871	56.485115	-0.080856	0	0.336414	-3.00E-06	0.523165	-1.00E-06
4.73	0	0	0	0.2	0	-0.3	0	0	0	60.907444	704.039124	56.328251	-0.080774	0	0.335285	-7.00E-06	0.383082	-4.00E-06
4.731	0	0	0	0.2	0	-0.3	0	0	0	61.29958	705.75946	56.485035	-0.080774	0	0.335198	-1.40E-05	0.383082	-5.00E-06
4.732	0	0	0	0.2	0	-0.3	0	0	0	61.536022	714.361572	56.328251	-0.081035	0	0.335121	-1.40E-05	0.356138	-5.00E-06
4.733	0	0	0	0.2	0	-0.3	0	0	0	61.847424	714.361572	56.171513	-0.081035	0	0.334807	-1.30E-05	0.356138	-5.00E-06
4.734	0	0	0	0.2	0	-0.3	0	0	0	62.162437	716.062561	56.171513	-0.081035	0	0.334807	-1.30E-05	0.334434	-5.00E-06
4.735	0	0	0	0.2	0	-0.3	0	0	0	62.162437	720.197937	56.171349	-0.081397	0	0.334411	-1.20E-05	0.334434	-4.00E-06
4.736	0	0	0	0.2	0	-0.3	0	0	0	61.927441	722.599426	55.387924	-0.08142	0	0.334119	-1.20E-05	0.260971	-5.00E-06
4.737	0	0	0	0.2	0	-0.3	0	0	0	61.927441	726.235718	55.387924	-0.081605	0	0.333781	-1.00E-05	0.378705	-2.00E-06
4.738	0	0	0	0.2	0	-0.3	0	0	0	63.180271	730.332886	55.466053	-0.081605	0	0.333693	-9.00E-06	0.260971	-1.00E-06
4.739	0	0	0	0.2	0	-0.3	0	0	0	63.255238	732.050476	55.466053	-0.081485	0	0.333693	-1.00E-05	0.205144	-1.00E-06
4.74	0	0	0	0.2	0	-0.3	0	0	0	63.881653	732.401123	55.309269	-0.081469	0	0.333202	-5.00E-06	0.205144	-1.00E-06
4.741	0	0	0	0.2	0	-0.3	0	0	0	64.11882	733.24939	55.152569	-0.081402	0	0.332883	-1.00E-05	0.326504	-1.00E-06
4.742	0	0	0	0.2	0	-0.3	0	0	0	64.665215	736.523376	55.309231	-0.081402	0	0.332548	-1.00E-05	0.326504	-2.00E-06
4.743	0	0	0	0.2	0	-0.3	0	0	0	64.823082	738.588928	55.152569	-0.081558	0	0.332511	-1.00E-05	0.255296	-2.00E-06
4.744	0	0	0	0.2	0	-0.3	0	0	0	65.210892	740.31427	54.99567	-0.081558	0	0.332479	-1.40E-05	0.222409	-2.00E-06
4.745	0	0	0	0.2	0	-0.3	0	0	0	65.525909	740.31427	54.99567	-0.081472	0	0.331621	-1.00E-06	0.178603	-1.00E-06
4.746	0	0	0	0.2	0	-0.3	0	0	0	65.838753	740.31427	55.309109	-0.081472	0	0.331621	-1.30E-05	0.178603	-2.00E-06
4.747	0	0	0	0.2	0	-0.3	0	0	0	67.245125	743.733337	55.309109	-0.081628	0	0.331546	-1.10E-05	0.182539	-4.00E-06
4.748	0	0	0	0.2	0	-0.3	0	0	0	67.715118	744.441223	54.995625	-0.081678	0	0.331546	-1.20E-05	0.182539	-5.00E-06
4.749	0	0	0	0.2	0	-0.3	0	0	0	67.715118	747.371216	54.525524	-0.081678	0	0.330834	-1.10E-05	0.182539	-4.00E-06
4.75	0	0	0	0.2	0	-0.3	0	0	0	68.107254	747.371216	54.603893	-0.081678	0	0.330694	-1.20E-05	0.118154	-2.00E-06
4.751	0	0	0	0.2	0	-0.3	0	0	0	68.261513	747.707947	54.603893	-0.081754	0	0.330389	-1.20E-05	0.091896	-1.00E-06
4.752	0	0	0	0.2	0	-0.3	0	0	0	68.337921	749.105042	54.682262	-0.082302	0	0.330389	-1.20E-05	0.043496	-1.00E-06
4.753	0	0	0	0.2	0	-0.3	0	0	0	69.665001	752.193115	54.682262	-0.082302	0	0.329889	-1.20E-05	0.043496	-4.00E-06
4.754	0	0	0	0.2	0	-0.3	0	0	0	69.742126	752.193115	54.447392	-0.082234	0	0.329889	-9.00E-06	0.043496	-6.00E-06
4.755	0	0	0	0.2	0	-0.3	0	0	0	69.900719	751.355774	54.447353	-0.082234	0	0.329654	-9.00E-06	0.058781	-6.00E-06
4.756	0	0	0	0.2	0	-0.3	0	0	0	70.369987	750.497192	54.134071	-0.081929	0	0.328895	-4.00E-06	0.117178	-5.00E-06
4.757	0	0	0	0.2	0	-0.3	0	0	0	70.761406	751.355774	53.350445	-0.082318	0	0.328686	-2.00E-06	0.119724	-2.00E-06
4.758	0	0	0	0.2	0	-0.3	0	0	0	70.996399	754.981201	53.115292	-0.082471	0	0.328686	-2.00E-06	0.119724	-5.00E-06
4.759	0	0	0	0.2	0	-0.3	0	0	0	72.007744	754.981201	53.115292	-0.082471	0	0.328709	-2.00E-06	-0.036994	-3.00E-06
4.76	0	0	0	0.2	0	-0.3	0	0	0	72.322037	752.407288	52.645229	-0.082471	0	0.328709	-2.00E-06	-0.085135	-3.00E-06
4.761	0	0	0	0.2	0	-0.3	0	0	0	73.258408	752.407288	52.410198	-0.082329	0	0.328204	-2.00E-06	-0.085135	-3.00E-06
4.762	0	0	0	0.2	0	-0.3	0	0	0	73.808411	754.1203	52.331463	-0.082884	0	0.328041	-2.30E-05	-0.085135	-1.00E-06
4.763	0	0	0	0.2	0	-0.3	0	0	0	73.885544	755.678223	52.175045	-0.082857	0	0.327879	-2.30E-05	-0.123591	-1.00E-06
4.764	0	0	0	0.2	0	-0.3	0	0	0	73.885544	755.678223	52.018383	-0.082857	0	0.327867	-1.00E-05	-0.160449	-1.00E-06
4.765	0	0	0	0.2	0	-0.3	0	0	0	74.114769	755.504272	51.93985	-0.082586	0	0.327257	0	-0.229436	-1.00E-06
4.766	0	0	0	0.2	0	-0.3	0	0	0	74.896889	751.577271	51.861721	-0.082586	0	0.326984	-1.00E-05	-0.271898	-1.00E-06
4.767	0	0	0	0.2	0	-0.3	0	0	0	75.210457	751.577271	51.391735	-0.082594	0	0.326935	-2.10E-05	-0.229436	-4.00E-06
4.768	0	0	0	0.2	0	-0.3	0	0	0	75.759743	754.494873	51.078213	-0.082841	0	0.326779	-2.10E-05	-0.155038	-5.00E-06
4.769	0	0	0	0.2	0	-0.3	0	0	0	76.383987	754.683472	50.686604	-0.082955	0	0.326474	-2.10E-05	-0.131051	-5.00E-06
4.77	0	0	0	0.2	0	-0.3	0	0	0	76.46257	754.683472	50.764812	-0.082955	0	0.326328	-2.70E-05	-0.155038	-5.00E-06
4.771	0	0	0	0.2	0	-0.3	0	0	0	76.853989	754.683472	50.529861	-0.082955	0	0.326159	-2.70E-05	-0.173798	-5.00E-06
4.772	0	0	0	0.2	0	-0.3	0	0	0	76.932556	754.688904	49.981064	-0.083096	0	0.325826	-2.70E-05	-0.186361	-5.00E-06
4.773	0	0	0	0.2	0	-0.3	0	0	0	78.339645	758.983521	49.746075	-0.083096	0	0.325617	-2.00E-05	-0.299647	-4.00E-06
4.774	0	0	0	0.2	0	-0.3	0	0	0	78.570312	758.983521	49.197758	-0.082955	0	0.325617	-8.00E-06	-0.216121	-4.00E-06
4.775	0	0	0	0.2	0	-0.3	0	0	0	78.570312	756.928345	49.197758	-0.082955	0	0.325617	-8.00E-06	-0.315285	-5.00E-06
4.776	0	0	0	0.2	0	-0.3	0	0	0	78.334595	755.228516	48.805824	-0.083443	0	0.325264	-8.00E-06	-0.404534	-5.00E-06
4.777	0	0	0	0.2	0	-0.3	0	0	0	78.334595	756.289307	48.257473	-0.083624	0	0.324757	-7.00E-06	-0.407944	-2.00E-06
4.778	0	0	0	0.2	0	-0.3	0	0	0	79.038139	756.289307	48.100891	-0.083538	0	0.323966	-7.00E-06	-0.404534	-2.00E-06
4.779	0	0	0	0.2	0	-0.3	0	0	0	80.289528	756.289307	47.474003	-0.083538	0	0.323885	-1.00E-05	-0.403506	-1.00E-06
4.78	0	0	0	0.2	0	-0.3	0	0	0	80.289528	753.54071	47.239174	-0.083538	0	0.323885	-1.00E-05	-0.39019	-1.00E-06
4.781	0	0	0	0.2	0	-0.3	0	0	0	79.977402	753.54071	46.768948	-0.083567	0	0.323498	-8.00E-06	-0.39019	-2.00E-06
4.782	0	0	0	0.2	0	-0.3	0	0	0	79.977402	754.572083	46.534	-0.083653	0	0.323413	-8.00E-06	-0.314742	-3.00E-06
4.783	0	0	0	0.2	0	-0.3	0	0	0	80.601654	754.582886	46.534	-0.084131	0	0.323211	-1.00E-05	-0.314742	-4.00E-06
4.784	0	0	0	0.2	0	-0.3	0	0	0	80.678787	756.644226	46.142185	-0.084131	0	0.323175	-1.00E-05	-0.362424	-5.00E-06
4.785	0	0	0	0.2	0	-0.3	0	0	0	80.834488	756.644226	45.358639	-0.083894	0	0.323077	-1.00E-05	-0.378766	-5.00E-06
4.786	0	0	0	0.2	0	-0.3	0	0	0	81.147339	750.327332	44.496841	-0.083684	0	0.321835	-1.80E-05	-0.455718	-5.00E-06
4.787	0	0	0	0.2	0	-0.3	0	0	0	82.085876	750.327332	44.496841	-0.083684	0	0.321835	-1.80E-05	-0.455718	-4.00E-06
4.788	0	0	0	0.2	0	-0.3	0	0	0	82.085876	752.901184	44.966908	-0.084336	0	0.322246	-1.10E-05	-0.349923	-4.00E-06
4.789	0	0	0	0.2	0	-0.3	0	0	0	82.39872	752.901184	44.967228	-0.084363	0	0.322246	-8.00E-06	-0.316277	-1.00E-06
4.79	0	0	0	0.2	0	-0.3	0	0	0	81.695892	750.510071	44.966908	-0.084363	0	0.321295	-8.00E-06	-0.349923	-1.00E-06
4.791	0	0	0	0.2	0	-0.3	0	0	0	81.536591	749.829651	44.026859	-0.084363	0	0.32116	-5.00E-06	-0.446628	-1.00E-06
4.792	0	0	0	0.2	0	-0.3	0	0	0	81.536591	748.478516	43.87048	-0.084375	0	0.320644	-5.00E-06	-0.446628	-3.00E-06
4.793	0	0	0	0.2	0	-0.3	0	0	0	81.922958	748.478516	43.87048	-0.084747	0	0.320541	-5.00E-06	-0.45844	-2.00E-06
4.794	0	0	0	0.2	0	-0.3	0	0	0	81.928009	748.478516	44.340584	-0.084747	0	0.320464	-8.00E-06	-0.416819	-4.00E-06
4.795	0	0	0	0.2	0	-0.3	0	0	0	81.922958	743.675415	44.340584	-0.084494	0	0.320403	-8.00E-06	-0.51013	-2.00E-06
4.796	0	0	0	0.2	0	-0.3	0	0	0	81.610107	743.522705	43.949051	-0.084494	0	0.319731	-8.00E-06	-0.416819	-4.00E-06
4.797	0	0	0	0.2	0	-0.3	0	0	0	81.455124	743.167053	43.165707	-0.084792	0	0.319507	-6.00E-06	-0.370138	-5.00E-06
4.798	0	0	0	0.2	0	-0.3	0	0	0	81.455124	743.522705	43.165707	-0.085116	0	0.319099	-6.00E-06	-0.370138	-5.00E-06
4.799	0	0	0	0.2	0	-0.3	0	0	0	81.685791	740.277283	43.087414	-0.085116	0	0.318772	-6.00E-06	-0.457654	-4.00E-06
4.8	0	0	0	0.2	0	-0.3	0	0	0	81.685791	740.103638	43.009167	-0.084838	0	0.318772	-8.00E-06	-0.48139	-4.00E-06
4.801	0	0	0	0.2	0	-0.3	0	0	0	81.450073	736.192078	42.930996	-0.084838	0	0.318079	-1.20E-05	-0.513583	-3.00E-06
4.802	0	0	0	0.2	0	-0.3	0	0	0	80.824387	736.000671	42.930996	-0.084965	0	0.317308	-1.50E-05	-0.53774	-3.00E-06
4.803	0	0	0	0.2	0	-0.3	0	0	0	81.135788	734.997498	42.930996	-0.085308	0	0.317264	-1.20E-05	-0.53774	0
4.804	0	0	0	0.2	0	-0.3	0	0	0	81.135788	734.997498	42.61771	-0.085427	0	0.317203	-6.00E-06	-0.536492	-2.00E-06
4.805	0	0	0	0.2	0	-0.3	0	0	0	81.135788	734.997498	42.382843	-0.085427	0	0.316778	-6.00E-06	-0.536492	-2.00E-06
4.806	0	0	0	0.2	0	-0.3	0	0	0	81.054329	730.724487	42.226299	-0.085237	0	0.315962	-6.00E-06	-0.685764	-5.00E-06
4.807	0	0	0	0.2	0	-0.3	0	0	0	80.976479	729.383301	42.382843	-0.085237	0	0.315755	-9.00E-06	-0.70182	-7.00E-06
4.808	0	0	0	0.2	0	-0.3	0	0	0	80.660744	728.359192	42.383244	-0.085372	0	0.315253	-9.00E-06	-0.685764	-5.00E-06
4.809	0	0	0	0.2	0	-0.3	0	0	0	80.429352	728.359192	42.383244	-0.085839	0	0.315253	-9.00E-06	-0.675477	-6.00E-06
4.81	0	0	0	0.2	0	-0.3	0	0	0	80.582169	727.851929	42.383244	-0.08574	0	0.31501	-2.50E-05	-0.5999	-6.00E-06
4.811	0	0	0	0.2	0	-0.3	0	0	0	80.429352	725.970032	42.148335	-0.085835	0	0.314729	-1.40E-05	-0.5999	-6.00E-06
4.812	0	0	0	0.2	0	-0.3	0	0	0	79.490097	723.572388	42.305073	-0.085835	0	0.313887	-2.80E-05	-0.610692	-5.00E-06
4.813	0	0	0	0.2	0	-0.3	0	0	0	79.490097	723.572388	42.305073	-0.085925	0	0.313887	-2.00E-05	-0.610692	-5.00E-06
4.814	0	0	0	0.2	0	-0.3	0	0	0	79.798615	720.67334	42.305477	-0.085925	0	0.313709	-2.80E-05	-0.607918	-5.00E-06
4.815	0	0	0	0.2	0	-0.3	0	0	0	79.798615	716.719238	42.383686	-0.085832	0	0.313709	-2.00E-05	-0.607918	-5.00E-06
4.816	0	0	0	0.2	0	-0.3	0	0	0	78.782219	716.719238	42.305477	-0.085832	0	0.312974	6.00E-06	-0.600191	-4.00E-06
4.817	0	0	0	0.2	0	-0.3	0	0	0	78.703644	716.388672	41.835575	-0.086086	0	0.312961	6.00E-06	-0.630367	-4.00E-06
4.818	0	0	0	0.2	0	-0.3	0	0	0	78.310791	717.134338	41.835575	-0.086263	0	0.311749	-4.00E-06	-0.630367	-4.00E-06
4.819	0	0	0	0.2	0	-0.3	0	0	0	78.545776	715.739929	41.835655	-0.086321	0	0.311749	-7.00E-06	-0.630367	-4.00E-06
4.82	0	0	0	0.2	0	-0.3	0	0	0	78.155083	715.739929	41.835655	-0.086321	0	0.311207	-1.20E-05	-0.694546	-4.00E-06
4.821	0	0	0	0.2	0	-0.3	0	0	0	78.071457	709.740784	41.679153	-0.086321	0	0.311025	-1.20E-05	-0.767911	-4.00E-06
4.822	0	0	0	0.2	0	-0.3	0	0	0	77.686539	709.413696	41.522575	-0.086476	0	0.310786	-1.20E-05	-0.767911	2.00E-06
4.823	0	0	0	0.2	0	-0.3	0	0	0	77.682205	709.413696	41.522575	-0.08665	0	0.310615	-4.00E-06	-0.671389	1.00E-06
4.824	0	0	0	0.2	0	-0.3	0	0	0	77.682205	709.413696	41.052551	-0.08665	0	0.310295	-2.00E-06	-0.631112	1.00E-06
4.825	0	0	0	0.2	0	-0.3	0	0	0	77.055786	708.749878	40.660816	-0.08665	0	0.310179	-2.00E-06	-0.651537	-2.00E-06
4.826	0	0	0	0.2	0	-0.3	0	0	0	76.822235	705.317322	40.112503	-0.086616	0	0.309586	-1.70E-05	-0.651537	-3.00E-06
4.827	0	0	0	0.2	0	-0.3	0	0	0	76.427208	701.741272	40.112503	-0.086616	0	0.308591	-1.70E-05	-0.651537	-2.00E-06
4.828	0	0	0	0.2	0	-0.3	0	0	0	76.426483	701.741272	40.89629	-0.087075	0	0.308591	-1.60E-05	-0.694205	-3.00E-06
4.829	0	0	0	0.2	0	-0.3	0	0	0	76.426483	701.741272	40.89629	-0.087148	0	0.308567	-1.60E-05	-0.62089	-3.00E-06
4.83	0	0	0	0.2	0	-0.3	0	0	0	76.426483	699.349792	39.956081	-0.087334	0	0.308237	-1.70E-05	-0.694205	-3.00E-06
4.831	0	0	0	0.2	0	-0.3	0	0	0	76.034348	699.172302	39.72105	-0.087216	0	0.308006	-1.70E-05	-0.594799	-3.00E-06
4.832	0	0	0	0.2	0	-0.3	0	0	0	75.097244	697.820435	39.721214	-0.087216	0	0.30774	-8.00E-06	-0.701419	-2.00E-06
4.833	0	0	0	0.2	0	-0.3	0	0	0	75.097244	697.489807	39.486221	-0.087216	0	0.307525	-8.00E-06	-0.624966	-3.00E-06
4.834	0	0	0	0.2	0	-0.3	0	0	0	75.567238	695.755554	39.564594	-0.087332	0	0.307525	-2.00E-05	-0.701419	-4.00E-06
4.835	0	0	0	0.2	0	-0.3	0	0	0	75.567238	695.755554	39.016037	-0.087332	0	0.307416	-2.00E-05	-0.624966	-4.00E-06
4.836	0	0	0	0.2	0	-0.3	0	0	0	74.940102	693.727478	38.938026	-0.087332	0	0.306593	-1.60E-05	-0.690228	-4.00E-06
4.837	0	0	0	0.2	0	-0.3	0	0	0	74.628693	691.82782	38.389355	-0.087284	0	0.306375	-1.60E-05	-0.612996	-2.00E-06
4.838	0	0	0	0.2	0	-0.3	0	0	0	74.474442	690.30957	37.841038	-0.087794	0	0.306302	-1.60E-05	-0.556219	-2.00E-06
4.839	0	0	0	0.2	0	-0.3	0	0	0	74.550842	690.30957	37.841038	-0.087502	0	0.306069	-1.80E-05	-0.517779	-2.00E-06
4.84	0	0	0	0.2	0	-0.3	0	0	0	74.474442	690.30957	37.68446	-0.087502	0	0.305583	-1.80E-05	-0.517779	-1.00E-06
4.841	0	0	0	0.2	0	-0.3	0	0	0	74.470825	688.062744	37.292847	-0.087502	0	0.305583	-1.80E-05	-0.61089	-1.00E-06
4.842	0	0	0	0.2	0	-0.3	0	0	0	73.455887	687.23999	37.136143	-0.087971	0	0.30464	-1.10E-05	-0.61089	-1.00E-06
4.843	0	0	0	0.2	0	-0.3	0	0	0	73.300186	686.723938	37.136143	-0.087974	0	0.30464	-1.10E-05	-0.492903	-1.00E-06
4.844	0	0	0	0.2	0	-0.3	0	0	0	73.300186	686.723938	36.50946	-0.087971	0	0.30464	-7.00E-06	-0.492903	-1.00E-06
4.845	0	0	0	0.2	0	-0.3	0	0	0	73.300186	685.354248	36.509258	-0.08798	0	0.304247	-7.00E-06	-0.525014	-1.00E-06
4.846	0	0	0	0.2	0	-0.3	0	0	0	72.360199	684.686096	36.509258	-0.088191	0	0.303878	-3.00E-06	-0.569373	-1.00E-06
4.847	0	0	0	0.2	0	-0.3	0	0	0	72.987335	681.255554	35.569374	-0.088191	0	0.303453	-3.00E-06	-0.525014	-2.00E-06
4.848	0	0	0	0.2	0	-0.3	0	0	0	72.750175	681.255554	35.569374	-0.088407	0	0.303425	-1.70E-05	-0.415847	-2.00E-06
4.849	0	0	0	0.2	0	-0.3	0	0	0	72.750175	681.255554	35.491165	-0.088082	0	0.30277	-1.70E-05	-0.415847	-3.00E-06
4.85	0	0	0	0.2	0	-0.3	0	0	0	72.437325	678.350281	35.177559	-0.088442	0	0.302658	-8.00E-06	-0.474299	-3.00E-06
4.851	0	0	0	0.2	0	-0.3	0	0	0	72.4366	676.643799	34.707539	-0.088451	0	0.302478	-8.00E-06	-0.474299	-3.00E-06
4.852	0	0	0	0.2	0	-0.3	0	0	0	71.810188	676.643799	34.080853	-0.088451	0	0.302478	-1.70E-05	-0.465836	-2.00E-06
4.853	0	0	0	0.2	0	-0.3	0	0	0	71.810188	675.472046	33.610706	-0.088451	0	0.301686	-2.10E-05	-0.452057	-1.00E-06
4.854	0	0	0	0.2	0	-0.3	0	0	0	72.280899	675.472046	33.845779	-0.089114	0	0.301686	-2.10E-05	-0.439036	0
4.855	0	0	0	0.2	0	-0.3	0	0	0	72.357315	675.472046	33.532578	-0.089114	0	0.301485	-1.90E-05	-0.439036	1.00E-06
4.856	0	0	0	0.2	0	-0.3	0	0	0	72.357315	672.724487	33.532578	-0.089114	0	0.301385	-1.90E-05	-0.407543	1.00E-06
4.857	0	0	0	0.2	0	-0.3	0	0	0	71.810188	672.378845	32.749233	-0.088887	0	0.301338	-1.90E-05	-0.319057	-3.00E-06
4.858	0	0	0	0.2	0	-0.3	0	0	0	71.810188	672.378845	32.357258	-0.089241	0	0.301209	-1.50E-05	-0.304711	-3.00E-06
4.859	0	0	0	0.2	0	-0.3	0	0	0	71.810188	672.236206	31.730612	-0.089241	0	0.300744	-8.00E-06	-0.266693	-1.00E-06
4.86	0	0	0	0.2	0	-0.3	0	0	0	71.888039	670.326843	31.73049	-0.089241	0	0.300687	6.00E-06	-0.266693	-1.00E-06
4.861	0	0	0	0.2	0	-0.3	0	0	0	71.73378	667.917969	31.103765	-0.08952	0	0.300502	-8.00E-06	-0.294705	-3.00E-06
4.862	0	0	0	0.2	0	-0.3	0	0	0	71.264511	667.428528	30.868814	-0.08952	0	0.299779	-1.20E-05	-0.294705	-4.00E-06
4.863	0	0	0	0.2	0	-0.3	0	0	0	71.107361	665.887207	30.633661	-0.089587	0	0.299632	-1.20E-05	-0.28762	-8.00E-06
4.864	0	0	0	0.2	0	-0.3	0	0	0	71.031677	667.271973	30.320421	-0.089636	0	0.299482	-1.30E-05	-0.173516	-4.00E-06
4.865	0	0	0	0.2	0	-0.3	0	0	0	71.031677	666.081177	29.850237	-0.089677	0	0.299482	-1.60E-05	-0.173516	-1.00E-06
4.866	0	0	0	0.2	0	-0.3	0	0	0	71.347412	666.081177	29.850237	-0.089677	0	0.299498	-1.60E-05	-0.173516	-1.00E-06
4.867	0	0	0	0.2	0	-0.3	0	0	0	71.347412	658.839966	29.615286	-0.089508	0	0.299498	-8.00E-06	-0.288134	-2.00E-06
4.868	0	0	0	0.2	0	-0.3	0	0	0	71.114578	658.839966	28.596746	-0.089508	0	0.298503	-8.00E-06	0.042536	-3.00E-06
4.869	0	0	0	0.2	0	-0.3	0	0	0	71.114578	660.768188	28.518377	-0.089864	0	0.298503	-8.00E-06	-0.095611	-3.00E-06
4.87	0	0	0	0.2	0	-0.3	0	0	0	71.114578	660.768188	28.126684	-0.089864	0	0.298503	-9.00E-06	-0.093635	-3.00E-06
4.871	0	0	0	0.2	0	-0.3	0	0	0	70.797409	657.861816	27.499798	-0.089864	0	0.298229	-1.00E-05	-0.093635	-3.00E-06
4.872	0	0	0	0.2	0	-0.3	0	0	0	70.327415	656.467041	27.030016	-0.089863	0	0.297582	-1.00E-05	-0.080905	-2.00E-06
4.873	0	0	0	0.2	0	-0.3	0	0	0	70.325974	655.100403	26.951523	-0.090168	0	0.29744	-1.00E-05	-0.052663	-2.00E-06
4.874	0	0	0	0.2	0	-0.3	0	0	0	70.327415	655.100403	26.873192	-0.090336	0	0.29744	-8.00E-06	-0.050386	-1.00E-06
4.875	0	0	0	0.2	0	-0.3	0	0	0	70.795242	654.09021	26.403049	-0.090336	0	0.297326	-1.80E-05	-0.050386	-1.00E-06
4.876	0	0	0	0.2	0	-0.3	0	0	0	70.795242	653.081116	26.011477	-0.090577	0	0.296631	-8.00E-06	-0.087869	-2.00E-06
4.877	0	0	0	0.2	0	-0.3	0	0	0	69.545296	652.731689	25.38451	-0.090674	0	0.296354	-3.00E-06	-0.087869	-3.00E-06
4.878	0	0	0	0.2	0	-0.3	0	0	0	69.545296	652.731689	25.306421	-0.090674	0	0.29626	-2.00E-06	-0.105851	-3.00E-06
4.879	0	0	0	0.2	0	-0.3	0	0	0	69.779572	651.711426	24.836279	-0.090393	0	0.295781	-2.00E-06	0.002647	-3.00E-06
4.88	0	0	0	0.2	0	-0.3	0	0	0	70.090973	651.371216	24.757908	-0.090393	0	0.295781	-1.00E-05	0.002647	-3.00E-06
4.881	0	0	0	0.2	0	-0.3	0	0	0	69.779572	651.371216	24.601286	-0.090393	0	0.295781	-1.00E-05	0.002647	-1.00E-06
4.882	0	0	0	0.2	0	-0.3	0	0	0	69.464554	645.898621	24.287924	-0.090655	0	0.295067	-1.30E-05	0.153102	-3.00E-06
4.883	0	0	0	0.2	0	-0.3	0	0	0	69.464554	645.898621	23.817942	-0.090655	0	0.294572	-7.00E-06	0.136578	-2.00E-06
4.884	0	0	0	0.2	0	-0.3	0	0	0	69.077469	648.645752	23.582909	-0.090702	0	0.294572	-8.00E-06	0.153102	-2.00E-06
4.885	0	0	0	0.2	0	-0.3	0	0	0	68.998901	648.645752	23.269464	-0.090823	0	0.294582	-8.00E-06	0.136578	-2.00E-06
4.886	0	0	0	0.2	0	-0.3	0	0	0	68.998901	645.725769	23.191416	-0.090702	0	0.294872	-1.20E-05	0.172023	-5.00E-06
4.887	0	0	0	0.2	0	-0.3	0	0	0	68.841034	643.48822	23.191416	-0.090724	0	0.294582	-1.20E-05	0.101823	-5.00E-06
4.888	0	0	0	0.2	0	-0.3	0	0	0	68.921768	642.648926	22.485958	-0.090724	0	0.293168	-1.20E-05	0.243146	-3.00E-06
4.889	0	0	0	0.2	0	-0.3	0	0	0	68.451775	642.648926	22.407829	-0.090859	0	0.293168	-7.00E-06	0.237693	-3.00E-06
4.89	0	0	0	0.2	0	-0.3	0	0	0	68.451057	641.284973	22.407829	-0.090925	0	0.293429	-2.00E-06	0.237693	-2.00E-06
4.891	0	0	0	0.2	0	-0.3	0	0	0	68.293915	641.459778	21.702614	-0.090925	0	0.293429	-2.00E-06	0.237693	-2.00E-06
4.892	0	0	0	0.2	0	-0.3	0	0	0	68.293915	640.602966	21.23267	-0.090884	0	0.293024	-6.00E-06	0.227486	1.00E-06
4.893	0	0	0	0.2	0	-0.3	0	0	0	68.220383	639.918335	21.154181	-0.090884	0	0.292843	-6.00E-06	0.33845	1.00E-06
4.894	0	0	0	0.2	0	-0.3	0	0	0	68.293915	639.918335	20.997599	-0.091072	0	0.292726	-6.00E-06	0.33845	-5.00E-06
4.895	0	0	0	0.2	0	-0.3	0	0	0	68.688934	640.44104	20.840858	-0.091072	0	0.292514	-3.00E-06	0.390528	-5.00E-06
4.896	0	0	0	0.2	0	-0.3	0	0	0	68.688934	640.44104	20.292503	-0.091294	0	0.292514	-9.00E-06	0.455193	-3.00E-06
4.897	0	0	0	0.2	0	-0.3	0	0	0	66.736168	638.75	19.587528	-0.091294	0	0.292416	-1.50E-05	0.519207	-2.00E-06
4.898	0	0	0	0.2	0	-0.3	0	0	0	66.736168	637.71582	19.587528	-0.091603	0	0.291884	-1.60E-05	0.550185	-3.00E-06
4.899	0	0	0	0.2	0	-0.3	0	0	0	67.047569	637.71582	19.117304	-0.091603	0	0.291755	-1.60E-05	0.550185	-2.00E-06
4.9	0	0	0	0.2	0	-0.3	0	0	0	67.436104	637.71582	18.960722	-0.091441	0	0.291638	-1.30E-05	0.515868	-3.00E-06
4.901	0	0	0	0.2	0	-0.3	0	0	0	67.436104	636.343933	18.882391	-0.091326	0	0.29148	-1.30E-05	0.515868	-3.00E-06
4.902	0	0	0	0.2	0	-0.3	0	0	0	66.971161	635.830933	18.255466	-0.091441	0	0.291146	-1.60E-05	0.595155	-3.00E-06
4.903	0	0	0	0.2	0	-0.3	0	0	0	66.736168	635.830933	17.863775	-0.09153	0	0.290854	-1.60E-05	0.602819	-4.00E-06
4.904	0	0	0	0.2	0	-0.3	0	0	0	66.423325	636.700684	17.707073	-0.091605	0	0.290854	-1.30E-05	0.628966	-4.00E-06
4.905	0	0	0	0.2	0	-0.3	0	0	0	66.503342	636.700684	17.393669	-0.091605	0	0.290867	-1.30E-05	0.672318	-4.00E-06
4.906	0	0	0	0.2	0	-0.3	0	0	0	66.503342	635.841248	17.237009	-0.091016	0	0.290867	-1.30E-05	0.672318	-5.00E-06
4.907	0	0	0	0.2	0	-0.3	0	0	0	66.503342	631.901917	17.3155	-0.091016	0	0.289774	-1.40E-05	0.71289	-4.00E-06
4.908	0	0	0	0.2	0	-0.3	0	0	0	65.799072	631.39856	16.688654	-0.091533	0	0.289691	-1.40E-05	0.659414	-5.00E-06
4.909	0	0	0	0.2	0	-0.3	0	0	0	65.799072	631.39856	16.688654	-0.091533	0	0.289484	-1.40E-05	0.731254	-7.00E-06
4.91	0	0	0	0.2	0	-0.3	0	0	0	66.189774	632.92981	16.21859	-0.091427	0	0.289484	-1.50E-05	0.723977	-7.00E-06
4.911	0	0	0	0.2	0	-0.3	0	0	0	66.189774	632.92981	16.061769	-0.09118	0	0.289484	-1.50E-05	0.731254	-3.00E-06
4.912	0	0	0	0.2	0	-0.3	0	0	0	65.724106	632.92981	15.200053	-0.09118	0	0.288848	-1.50E-05	0.742049	-3.00E-06
4.913	0	0	0	0.2	0	-0.3	0	0	0	65.251953	630.709595	15.199974	-0.091378	0	0.288803	-1.60E-05	0.906273	-4.00E-06
4.914	0	0	0	0.2	0	-0.3	0	0	0	65.724106	631.771179	15.200053	-0.091579	0	0.288546	-1.00E-05	0.906273	-5.00E-06
4.915	0	0	0	0.2	0	-0.3	0	0	0	65.566238	631.771179	15.043392	-0.091579	0	0.288546	-1.00E-06	0.869078	-5.00E-06
4.916	0	0	0	0.2	0	-0.3	0	0	0	65.566238	631.771179	14.416306	-0.091903	0	0.288135	-1.00E-06	0.869078	-4.00E-06
4.917	0	0	0	0.2	0	-0.3	0	0	0	65.254112	629.884949	13.319597	-0.091903	0	0.28795	-1.00E-06	0.937968	-2.00E-06
4.918	0	0	0	0.2	0	-0.3	0	0	0	65.022003	629.884949	13.319597	-0.091903	0	0.28795	-1.20E-05	0.940976	-4.00E-06
4.919	0	0	0	0.2	0	-0.3	0	0	0	64.787727	631.443298	13.319638	-0.091955	0	0.287971	-1.20E-05	1.030169	-5.00E-06
4.92	0	0	0	0.2	0	-0.3	0	0	0	65.022003	631.443298	13.319638	-0.09206	0	0.287971	-1.50E-05	1.03676	-5.00E-06
4.921	0	0	0	0.2	0	-0.3	0	0	0	64.787727	631.099609	12.927945	-0.09206	0	0.287822	-1.50E-05	1.061866	-4.00E-06
4.922	0	0	0	0.2	0	-0.3	0	0	0	64.711319	631.096558	12.849614	-0.09206	0	0.287489	-1.50E-05	1.061866	-2.00E-06
4.923	0	0	0	0.2	0	-0.3	0	0	0	64.397034	628.528442	12.614582	-0.092054	0	0.286914	-1.10E-05	1.054779	-3.00E-06
4.924	0	0	0	0.2	0	-0.3	0	0	0	64.397034	628.234497	12.144439	-0.09235	0	0.286691	-1.10E-05	1.054779	-1.00E-06
4.925	0	0	0	0.2	0	-0.3	0	0	0	64.397034	628.528442	11.595965	-0.092054	0	0.286466	-1.10E-05	1.071961	-1.00E-06
4.926	0	0	0	0.2	0	-0.3	0	0	0	64.087791	628.359009	11.595965	-0.092165	0	0.286466	-1.10E-05	1.158828	-1.00E-06
4.927	0	0	0	0.2	0	-0.3	0	0	0	63.697098	628.359009	11.361053	-0.092146	0	0.286798	-1.00E-05	1.208547	-1.00E-06
4.928	0	0	0	0.2	0	-0.3	0	0	0	63.542835	626.81073	10.734207	-0.092146	0	0.286798	-1.00E-05	1.208547	-2.00E-06
4.929	0	0	0	0.2	0	-0.3	0	0	0	63.542835	626.81073	10.420684	-0.092146	0	0.286398	-5.00E-06	1.23562	-2.00E-06
4.93	0	0	0	0.2	0	-0.3	0	0	0	63.931366	628.877075	10.342273	-0.091912	0	0.286398	-1.00E-05	1.23562	-2.00E-06
4.931	0	0	0	0.2	0	-0.3	0	0	0	63.931366	628.877075	10.263942	-0.092201	0	0.286429	-1.60E-05	1.23562	-3.00E-06
4.932	0	0	0	0.2	0	-0.3	0	0	0	63.074287	628.203247	9.637257	-0.091999	0	0.286429	-1.60E-05	1.308306	-3.00E-06
4.933	0	0	0	0.2	0	-0.3	0	0	0	63.070679	627.162903	9.245363	-0.09204	0	0.285624	-1.40E-05	1.308306	-4.00E-06
4.934	0	0	0	0.2	0	-0.3	0	0	0	62.761436	627.017212	9.245363	-0.09204	0	0.285559	-1.40E-05	1.3193	-5.00E-06
4.935	0	0	0	0.2	0	-0.3	0	0	0	62.761436	627.017212	9.245363	-0.092245	0	0.285559	-8.00E-06	1.3193	-5.00E-06
4.936	0	0	0	0.2	0	-0.3	0	0	0	62.761436	627.675171	8.775339	-0.092245	0	0.285885	-8.00E-06	1.343337	-1.00E-06
4.937	0	0	0	0.2	0	-0.3	0	0	0	62.447868	627.675171	7.913624	-0.092478	0	0.285885	-8.00E-06	1.416858	-1.00E-06
4.938	0	0	0	0.2	0	-0.3	0	0	0	62.058613	627.675171	7.521609	-0.092532	0	0.284659	-1.10E-05	1.424868	-1.00E-06
4.939	0	0	0	0.2	0	-0.3	0	0	0	62.058613	628.052063	7.286658	-0.092532	0	0.284659	-2.00E-05	1.570553	-1.00E-06
4.94	0	0	0	0.2	0	-0.3	0	0	0	62.058613	628.222168	7.130157	-0.092487	0	0.284907	-2.00E-05	1.573646	-3.00E-06
4.941	0	0	0	0.2	0	-0.3	0	0	0	62.370739	628.222168	6.894884	-0.092444	0	0.284907	-2.00E-05	1.570553	-4.00E-06
4.942	0	0	0	0.2	0	-0.3	0	0	0	61.980762	628.222168	6.816594	-0.092444	0	0.28468	-2.30E-05	1.480456	-3.00E-06
4.943	0	0	0	0.2	0	-0.3	0	0	0	61.980762	627.211243	6.111378	-0.092212	0	0.283971	-2.30E-05	1.480456	-2.00E-06
4.944	0	0	0	0.2	0	-0.3	0	0	0	61.980762	627.211243	5.641314	-0.092212	0	0.283971	-2.00E-05	1.533819	-2.00E-06
4.945	0	0	0	0.2	0	-0.3	0	0	0	61.981483	628.759521	5.562903	-0.092617	0	0.283898	-1.20E-05	1.533819	-1.00E-06
4.946	0	0	0	0.2	0	-0.3	0	0	0	62.212875	628.759521	5.327751	-0.092617	0	0.283796	-1.20E-05	1.533819	-3.00E-06
4.947	0	0	0	0.2	0	-0.3	0	0	0	62.530048	628.759521	5.327751	-0.092517	0	0.283697	-1.20E-05	1.524083	-3.00E-06
4.948	0	0	0	0.2	0	-0.3	0	0	0	62.530048	625.32428	5.092961	-0.092085	0	0.283226	-1.60E-05	1.524083	-3.00E-06
4.949	0	0	0	0.2	0	-0.3	0	0	0	61.670803	627.924805	5.01459	-0.092275	0	0.282869	-9.00E-06	1.524083	-3.00E-06
4.95	0	0	0	0.2	0	-0.3	0	0	0	61.670803	627.924805	4.309373	-0.092275	0	0.282869	-9.00E-06	1.581123	0
4.951	0	0	0	0.2	0	-0.3	0	0	0	62.13863	627.924805	4.309373	-0.092275	0	0.283499	-9.00E-06	1.606091	-1.00E-06
4.952	0	0	0	0.2	0	-0.3	0	0	0	62.13863	626.523865	4.309373	-0.09235	0	0.283499	-1.20E-05	1.634099	-1.00E-06
4.953	0	0	0	0.2	0	-0.3	0	0	0	61.905075	626.523865	3.604278	-0.092222	0	0.283008	-1.90E-05	1.634099	-4.00E-06
4.954	0	0	0	0.2	0	-0.3	0	0	0	61.905075	626.2099	3.604278	-0.092222	0	0.282212	-1.20E-05	1.634099	-4.00E-06
4.955	0	0	0	0.2	0	-0.3	0	0	0	62.45364	627.227417	3.525987	-0.092222	0	0.282133	-1.90E-05	1.762643	-3.00E-06
4.956	0	0	0	0.2	0	-0.3	0	0	0	62.45364	628.621094	3.682648	-0.092321	0	0.282133	-7.00E-06	1.675828	-3.00E-06
4.957	0	0	0	0.2	0	-0.3	0	0	0	61.982925	628.621094	2.899343	-0.092464	0	0.282133	-1.00E-05	1.675828	-3.00E-06
4.958	0	0	0	0.2	0	-0.3	0	0	0	61.906521	627.952271	2.742642	-0.092518	0	0.281287	-5.00E-06	1.675828	-3.00E-06
4.959	0	0	0	0.2	0	-0.3	0	0	0	61.906521	627.952271	2.585861	-0.092518	0	0.281176	-7.00E-06	1.642485	-4.00E-06
4.96	0	0	0	0.2	0	-0.3	0	0	0	62.296494	627.952271	2.585861	-0.092514	0	0.281176	-7.00E-06	1.751279	-4.00E-06
4.961	0	0	0	0.2	0	-0.3	0	0	0	62.60862	628.819336	2.350869	-0.092505	0	0.281392	-1.50E-05	1.75902	-3.00E-06
4.962	0	0	0	0.2	0	-0.3	0	0	0	62.450756	628.134705	2.194248	-0.092505	0	0.281392	-1.50E-05	1.75902	-3.00E-06
4.963	0	0	0	0.2	0	-0.3	0	0	0	62.450756	628.134705	1.724144	-0.092254	0	0.28022	-8.00E-06	1.75902	-3.00E-06
4.964	0	0	0	0.2	0	-0.3	0	0	0	62.14296	628.134705	1.724063	-0.092254	0	0.280041	-8.00E-06	1.798674	-3.00E-06
4.965	0	0	0	0.2	0	-0.3	0	0	0	62.14296	629.69812	1.645975	-0.092438	0	0.280041	-7.00E-06	1.811222	-3.00E-06
4.966	0	0	0	0.2	0	-0.3	0	0	0	62.767212	629.69812	1.645975	-0.092438	0	0.280602	-1.30E-05	1.896094	-5.00E-06
4.967	0	0	0	0.2	0	-0.3	0	0	0	62.767212	626.250916	1.645975	-0.091944	0	0.280602	-1.30E-05	1.896094	-5.00E-06
4.968	0	0	0	0.2	0	-0.3	0	0	0	62.687916	625.567749	0.940597	-0.091845	0	0.279225	-1.30E-05	1.717685	-4.00E-06
4.969	0	0	0	0.2	0	-0.3	0	0	0	62.610786	626.250916	0.862427	-0.091845	0	0.279225	-1.70E-05	1.717685	-3.00E-06
4.97	0	0	0	0.2	0	-0.3	0	0	0	62.687916	627.295776	0.783936	-0.092033	0	0.279302	-1.00E-06	1.779527	-3.00E-06
4.971	0	0	0	0.2	0	-0.3	0	0	0	62.767212	628.328003	0.470573	-0.092033	0	0.279302	-2.20E-05	1.850172	-3.00E-06
4.972	0	0	0	0.2	0	-0.3	0	0	0	62.767212	628.328003	0.470573	-0.091808	0	0.279197	-5.00E-06	1.779527	-5.00E-06
4.973	0	0	0	0.2	0	-0.3	0	0	0	62.688637	628.328003	0.392404	-0.091808	0	0.278872	-1.30E-05	1.848696	-5.00E-06
4.974	0	0	0	0.2	0	-0.3	0	0	0	62.688637	625.58429	-0.07778	-0.091722	0	0.278569	-1.30E-05	1.848696	-4.00E-06
4.975	0	0	0	0.2	0	-0.3	0	0	0	62.768654	628.865356	-0.391062	-0.092067	0	0.278569	-1.30E-05	1.863362	-4.00E-06
4.976	0	0	0	0.2	0	-0.3	0	0	0	62.768654	628.865356	-0.391062	-0.091736	0	0.278569	-1.00E-05	1.899369	-4.00E-06
4.977	0	0	0	0.2	0	-0.3	0	0	0	62.768654	629.723206	-0.861247	-0.091736	0	0.278561	-3.00E-06	1.899369	-4.00E-06
4.978	0	0	0	0.2	0	-0.3	0	0	0	62.763603	629.723206	-1.409762	-0.091445	0	0.277804	-6.00E-06	1.89295	-5.00E-06
4.979	0	0	0	0.2	0	-0.3	0	0	0	62.763603	629.723206	-1.566423	-0.091445	0	0.277412	-6.00E-06	1.799513	-1.00E-06
4.98	0	0	0	0.2	0	-0.3	0	0	0	62.612953	630.254272	-1.566423	-0.091857	0	0.277337	-6.00E-06	1.802326	-3.00E-06
4.981	0	0	0	0.2	0	-0.3	0	0	0	62.845062	630.258179	-1.409842	-0.091857	0	0.277337	-9.00E-06	1.799513	0
4.982	0	0	0	0.2	0	-0.3	0	0	0	62.845062	630.258179	-1.409842	-0.091815	0	0.277344	-6.00E-06	1.802326	-3.00E-06
4.983	0	0	0	0.2	0	-0.3	0	0	0	62.845062	630.258179	-2.349928	-0.091406	0	0.277344	-1.10E-05	1.902383	0
4.984	0	0	0	0.2	0	-0.3	0	0	0	62.301548	631.801514	-2.66325	-0.091406	0	0.276866	-9.00E-06	1.952004	-4.00E-06
4.985	0	0	0	0.2	0	-0.3	0	0	0	61.984371	632.329163	-2.66325	-0.091695	0	0.276866	-1.20E-05	1.952004	1.00E-06
4.986	0	0	0	0.2	0	-0.3	0	0	0	61.984371	632.329163	-2.428219	-0.092003	0	0.277566	-9.00E-06	1.921439	-4.00E-06
4.987	0	0	0	0.2	0	-0.3	0	0	0	62.300102	631.645996	-2.428219	-0.092003	0	0.277566	-1.20E-05	1.921439	-4.00E-06
4.988	0	0	0	0.2	0	-0.3	0	0	0	62.300102	629.922241	-3.055025	-0.091288	0	0.276153	-5.00E-06	1.940466	-4.00E-06
4.989	0	0	0	0.2	0	-0.3	0	0	0	62.22514	629.922241	-3.916862	-0.091288	0	0.276148	-1.50E-05	2.066191	-4.00E-06
4.99	0	0	0	0.2	0	-0.3	0	0	0	61.754425	631.150818	-4.073522	-0.091424	0	0.275788	-5.00E-06	2.066191	-3.00E-06
4.991	0	0	0	0.2	0	-0.3	0	0	0	61.754425	633.90564	-4.622038	-0.091691	0	0.275788	-1.20E-05	2.026288	-3.00E-06
4.992	0	0	0	0.2	0	-0.3	0	0	0	61.755867	633.90564	-4.622199	-0.091691	0	0.275788	-1.20E-05	2.026288	-3.00E-06
4.993	0	0	0	0.2	0	-0.3	0	0	0	61.755867	633.914917	-4.85723	-0.091691	0	0.275705	-1.20E-05	2.04273	-3.00E-06
4.994	0	0	0	0.2	0	-0.3	0	0	0	61.520874	632.518982	-4.85723	-0.091382	0	0.27529	-5.00E-06	2.04273	-3.00E-06
4.995	0	0	0	0.2	0	-0.3	0	0	0	61.128731	633.564697	-5.327214	-0.091589	0	0.275253	-5.00E-06	2.086764	-2.00E-06
4.996	0	0	0	0.2	0	-0.3	0	0	0	61.052322	633.564697	-5.327214	-0.091519	0	0.275143	-1.10E-05	2.110659	-2.00E-06
4.997	0	0	0	0.2	0	-0.3	0	0	0	61.052322	634.756531	-6.423961	-0.091519	0	0.275143	-1.20E-05	2.262159	-2.00E-06
4.998	0	0	0	0.2	0	-0.3	0	0	0	60.975197	634.756531	-6.659113	-0.090989	0	0.275143	-1.20E-05	2.262159	-4.00E-06
4.999	0	0	0	0.2	0	-0.3	0	0	0	60.896622	634.756531	-6.815897	-0.090989	0	0.274409	-1.40E-05	2.251598	-4.00E-06
5	0	0	0	0.2	0	-0.3	0	0	0	60.738754	635.983582	-6.894066	-0.091171	0	0.274391	-4.00E-06	2.242986	-5.00E-06
5.001	0	0	0	0.2	0	-0.3	0	0	0	60.896622	635.987793	-7.050848	-0.091171	0	0.274362	-4.00E-06	2.236743	-5.00E-06
5.002	0	0	0	0.2	0	-0.3	0	0	0	60.898064	636.833313	-7.286	-0.091171	0	0.274362	-3.00E-06	2.14807	-5.00E-06
5.003	0	0	0	0.2	0	-0.3	0	0	0	60.898064	636.833313	-7.442621	-0.091052	0	0.274362	-3.00E-06	2.189601	-2.00E-06
5.004	0	0	0	0.2	0	-0.3	0	0	0	60.348057	638.045288	-8.461161	-0.091248	0	0.273603	-3.00E-06	2.189601	-1.00E-06
5.005	0	0	0	0.2	0	-0.3	0	0	0	60.348057	638.5896	-9.009795	-0.091248	0	0.273603	-1.60E-05	2.292948	-1.00E-06
5.006	0	0	0	0.2	0	-0.3	0	0	0	60.351665	638.5896	-9.009795	-0.091315	0	0.273846	-5.00E-06	2.292948	-1.00E-06
5.007	0	0	0	0.2	0	-0.3	0	0	0	60.508087	636.856079	-9.009795	-0.091315	0	0.273859	-9.00E-06	2.292948	-2.00E-06
5.008	0	0	0	0.2	0	-0.3	0	0	0	60.508087	636.856079	-8.774522	-0.090962	0	0.273859	-9.00E-06	2.333946	-4.00E-06
5.009	0	0	0	0.2	0	-0.3	0	0	0	60.038097	636.68335	-9.166376	-0.090927	0	0.273236	-9.00E-06	2.334237	-4.00E-06
5.01	0	0	0	0.2	0	-0.3	0	0	0	59.959526	637.030884	-9.79306	-0.090962	0	0.272683	-1.10E-05	2.334237	-5.00E-06
5.011	0	0	0	0.2	0	-0.3	0	0	0	59.959526	637.0448	-10.106503	-0.091013	0	0.272683	-1.10E-05	2.340314	-4.00E-06
5.012	0	0	0	0.2	0	-0.3	0	0	0	59.804543	638.402466	-10.654978	-0.091013	0	0.273028	-1.20E-05	2.371739	-4.00E-06
5.013	0	0	0	0.2	0	-0.3	0	0	0	59.804543	642.711426	-10.89005	-0.091013	0	0.273028	-1.20E-05	2.371739	-2.00E-06
5.014	0	0	0	0.2	0	-0.3	0	0	0	59.80238	638.402466	-10.89005	-0.090804	0	0.273028	-1.20E-05	2.346844	-2.00E-06
5.015	0	0	0	0.2	0	-0.3	0	0	0	59.730301	639.283508	-10.89005	-0.090829	0	0.272315	-1.00E-05	2.346844	-2.00E-06
5.016	0	0	0	0.2	0	-0.3	0	0	0	59.731022	639.283508	-11.752007	-0.090829	0	0.273072	-1.00E-05	2.549923	-2.00E-06
5.017	0	0	0	0.2	0	-0.3	0	0	0	59.730301	642.88385	-12.378532	-0.090829	0	0.273285	-1.20E-05	2.571366	-2.00E-06
5.018	0	0	0	0.2	0	-0.3	0	0	0	59.72525	642.88385	-12.770547	-0.090774	0	0.273285	-1.20E-05	2.571366	-2.00E-06
5.019	0	0	0	0.2	0	-0.3	0	0	0	59.571712	639.636475	-13.397392	-0.090714	0	0.271498	3.00E-06	2.485977	-2.00E-06
5.02	0	0	0	0.2	0	-0.3	0	0	0	59.72525	639.636475	-13.475842	-0.090714	0	0.271316	3.00E-06	2.485977	-5.00E-06
5.021	0	0	0	0.2	0	-0.3	0	0	0	59.179573	641.699707	-13.789045	-0.090837	0	0.271316	-9.00E-06	2.490005	-5.00E-06
5.022	0	0	0	0.2	0	-0.3	0	0	0	59.72958	643.934998	-14.024116	-0.090837	0	0.271415	-1.30E-05	2.508534	-2.00E-06
5.023	0	0	0	0.2	0	-0.3	0	0	0	59.413845	644.112061	-14.337599	-0.090696	0	0.2715	-1.00E-05	2.490005	-1.00E-06
5.024	0	0	0	0.2	0	-0.3	0	0	0	59.413845	644.112061	-14.41597	-0.090696	0	0.2715	-1.00E-05	2.511364	-1.00E-06
5.025	0	0	0	0.2	0	-0.3	0	0	0	59.413845	645.152039	-15.82612	-0.090692	0	0.270384	-1.00E-05	2.511364	-1.00E-06
5.026	0	0	0	0.2	0	-0.3	0	0	0	59.420341	646.003235	-15.82612	-0.090766	0	0.270384	-8.00E-06	2.511364	-1.00E-06
5.027	0	0	0	0.2	0	-0.3	0	0	0	59.886726	646.003235	-15.82612	-0.090692	0	0.270908	-7.00E-06	2.659978	-1.00E-06
5.028	0	0	0	0.2	0	-0.3	0	0	0	59.966019	646.003235	-16.139603	-0.090611	0	0.270908	-7.00E-06	2.53956	-3.00E-06
5.029	0	0	0	0.2	0	-0.3	0	0	0	59.886726	647.899109	-16.296627	-0.090447	0	0.270654	-3.00E-06	2.659978	-3.00E-06
5.03	0	0	0	0.2	0	-0.3	0	0	0	59.576042	647.899109	-17.001602	-0.090474	0	0.270646	-4.00E-06	2.663183	-3.00E-06
5.031	0	0	0	0.2	0	-0.3	0	0	0	59.576042	647.899109	-17.393335	-0.090474	0	0.270646	-3.00E-06	2.676604	-3.00E-06
5.032	0	0	0	0.2	0	-0.3	0	0	0	60.201736	651.87323	-17.784988	-0.090474	0	0.270672	-4.00E-06	2.663183	-4.00E-06
5.033	0	0	0	0.2	0	-0.3	0	0	0	60.201736	651.87323	-17.942011	-0.090191	0	0.270672	-1.10E-05	2.642573	-4.00E-06
5.034	0	0	0	0.2	0	-0.3	0	0	0	60.201736	650.307617	-18.255373	-0.090191	0	0.269859	-1.10E-05	2.642548	-3.00E-06
5.035	0	0	0	0.2	0	-0.3	0	0	0	61.531693	650.307617	-18.725437	-0.090239	0	0.269755	-9.00E-06	2.642548	-2.00E-06
5.036	0	0	0	0.2	0	-0.3	0	0	0	61.531693	653.760254	-18.882057	-0.090722	0	0.269755	-7.00E-06	2.669033	-2.00E-06
5.037	0	0	0	0.2	0	-0.3	0	0	0	60.750298	657.556519	-19.822346	-0.090737	0	0.269755	-7.00E-06	2.682033	-2.00E-06
5.038	0	0	0	0.2	0	-0.3	0	0	0	60.750298	657.556519	-19.822506	-0.090737	0	0.269678	-7.00E-06	2.682033	-4.00E-06
5.039	0	0	0	0.2	0	-0.3	0	0	0	60.750298	654.79126	-20.29261	-0.090203	0	0.269388	-1.00E-06	2.701101	-4.00E-06
5.04	0	0	0	0.2	0	-0.3	0	0	0	60.985298	654.79126	-20.841005	-0.090203	0	0.269388	4.00E-06	2.695957	-4.00E-06
5.041	0	0	0	0.2	0	-0.3	0	0	0	61.68956	656.851807	-21.31115	-0.090269	0	0.269505	-1.00E-06	2.695957	-3.00E-06
5.042	0	0	0	0.2	0	-0.3	0	0	0	61.925278	658.584839	-21.46785	-0.090337	0	0.269505	-1.00E-06	2.695957	-2.00E-06
5.043	0	0	0	0.2	0	-0.3	0	0	0	61.925278	658.920837	-21.859663	-0.090307	0	0.269387	-4.00E-06	2.682791	-2.00E-06
5.044	0	0	0	0.2	0	-0.3	0	0	0	61.76741	660.296753	-22.72154	-0.090337	0	0.269187	-9.00E-06	2.726782	-2.00E-06
5.045	0	0	0	0.2	0	-0.3	0	0	0	61.300308	660.310608	-23.504967	-0.090339	0	0.268507	-9.00E-06	2.716437	-5.00E-06
5.046	0	0	0	0.2	0	-0.3	0	0	0	61.300308	660.325317	-23.504967	-0.090486	0	0.268507	-9.00E-06	2.819173	-2.00E-06
5.047	0	0	0	0.2	0	-0.3	0	0	0	63.023849	661.855103	-23.896942	-0.090486	0	0.268404	-1.00E-05	2.716437	-2.00E-06
5.048	0	0	0	0.2	0	-0.3	0	0	0	63.25452	662.196045	-23.896942	-0.090124	0	0.268404	-1.00E-05	2.726262	1.00E-06
5.049	0	0	0	0.2	0	-0.3	0	0	0	63.25452	662.196045	-24.993649	-0.090124	0	0.267924	-1.00E-05	2.698795	1.00E-06
5.05	0	0	0	0.2	0	-0.3	0	0	0	63.25452	662.196045	-25.150431	-0.089907	0	0.267869	-6.00E-06	2.712687	0
5.051	0	0	0	0.2	0	-0.3	0	0	0	63.488792	663.239868	-25.542084	-0.090349	0	0.267869	-6.00E-06	2.698795	-2.00E-06
5.052	0	0	0	0.2	0	-0.3	0	0	0	63.645939	667.71814	-25.542206	-0.090311	0	0.268086	-6.00E-06	2.712687	-5.00E-06
5.053	0	0	0	0.2	0	-0.3	0	0	0	64.270912	667.71814	-26.247299	-0.090311	0	0.268086	-2.00E-05	2.697321	-5.00E-06
5.054	0	0	0	0.2	0	-0.3	0	0	0	64.425888	665.64917	-26.32559	-0.090311	0	0.267299	-6.00E-06	2.691498	-5.00E-06
5.055	0	0	0	0.2	0	-0.3	0	0	0	64.425888	665.64917	-26.403879	-0.090167	0	0.267299	-2.00E-05	2.615729	-5.00E-06
5.056	0	0	0	0.2	0	-0.3	0	0	0	64.663055	667.394958	-26.874105	-0.090246	0	0.266413	-9.00E-06	2.615729	-4.00E-06
5.057	0	0	0	0.2	0	-0.3	0	0	0	64.740906	667.709656	-28.754562	-0.090246	0	0.267374	-9.00E-06	2.615729	-3.00E-06
5.058	0	0	0	0.2	0	-0.3	0	0	0	65.438675	669.432251	-28.754562	-0.090246	0	0.267374	-9.00E-06	2.720177	-1.00E-06
5.059	0	0	0	0.2	0	-0.3	0	0	0	65.75441	669.459717	-28.754562	-0.090097	0	0.267374	-1.40E-05	2.720177	-1.00E-06
5.06	0	0	0	0.2	0	-0.3	0	0	0	65.75441	669.459717	-28.91102	-0.090097	0	0.266384	-1.60E-05	2.708352	-3.00E-06
5.061	0	0	0	0.2	0	-0.3	0	0	0	65.75441	670.837097	-29.067642	-0.090372	0	0.266384	-1.60E-05	2.68355	-4.00E-06
5.062	0	0	0	0.2	0	-0.3	0	0	0	66.456512	672.901917	-29.224504	-0.090372	0	0.266597	1.00E-06	2.695473	-4.00E-06
5.063	0	0	0	0.2	0	-0.3	0	0	0	66.69223	672.901917	-30.242762	-0.090316	0	0.266597	1.00E-06	2.695473	-4.00E-06
5.064	0	0	0	0.2	0	-0.3	0	0	0	66.456512	672.901917	-30.791317	-0.090026	0	0.26635	-1.00E-05	2.695473	-4.00E-06
5.065	0	0	0	0.2	0	-0.3	0	0	0	66.220795	673.760498	-31.261421	-0.089993	0	0.266218	-1.00E-05	2.678598	-4.00E-06
5.066	0	0	0	0.2	0	-0.3	0	0	0	66.220795	674.96521	-31.261421	-0.090026	0	0.266218	1.00E-06	2.678598	-4.00E-06
5.067	0	0	0	0.2	0	-0.3	0	0	0	67.5522	675.292969	-30.948017	-0.08999	0	0.266486	1.00E-06	2.684919	-4.00E-06
5.068	0	0	0	0.2	0	-0.3	0	0	0	67.5522	675.292969	-30.948017	-0.089601	0	0.266486	-2.00E-06	2.684919	-4.00E-06
5.069	0	0	0	0.2	0	-0.3	0	0	0	67.468575	675.292969	-31.65283	-0.089601	0	0.265673	-2.00E-06	2.637846	-3.00E-06
5.07	0	0	0	0.2	0	-0.3	0	0	0	67.313599	674.797363	-32.201263	-0.089796	0	0.265466	-7.00E-06	2.637846	-4.00E-06
5.071	0	0	0	0.2	0	-0.3	0	0	0	67.468575	675.320068	-32.201302	-0.089796	0	0.265386	-1.30E-05	2.739449	-5.00E-06
5.072	0	0	0	0.2	0	-0.3	0	0	0	67.863602	677.214355	-32.201263	-0.089796	0	0.265386	-1.30E-05	2.739449	-5.00E-06
5.073	0	0	0	0.2	0	-0.3	0	0	0	68.40712	679.800232	-32.671368	-0.089547	0	0.264881	-4.00E-06	2.739449	-4.00E-06
5.074	0	0	0	0.2	0	-0.3	0	0	0	68.40712	679.800232	-32.827827	-0.089554	0	0.264857	-4.00E-06	2.637854	-3.00E-06
5.075	0	0	0	0.2	0	-0.3	0	0	0	68.409279	679.800232	-32.984531	-0.089554	0	0.264683	5.00E-06	2.762901	-3.00E-06
5.076	0	0	0	0.2	0	-0.3	0	0	0	67.937843	679.977295	-33.454514	-0.089643	0	0.264354	-5.00E-06	2.637854	-3.00E-06
5.077	0	0	0	0.2	0	-0.3	0	0	0	68.488571	680.851379	-33.846165	-0.089942	0	0.264354	-9.00E-06	2.691992	0
5.078	0	0	0	0.2	0	-0.3	0	0	0	68.56282	683.093628	-33.924454	-0.089942	0	0.263914	-1.00E-05	2.635348	0
5.079	0	0	0	0.2	0	-0.3	0	0	0	68.56282	683.093628	-34.081234	-0.089404	0	0.263139	-1.00E-05	2.651666	0
5.08	0	0	0	0.2	0	-0.3	0	0	0	68.404228	681.719299	-34.55122	-0.089404	0	0.26309	-6.00E-06	2.651666	-5.00E-06
5.081	0	0	0	0.2	0	-0.3	0	0	0	68.404228	681.719299	-34.70792	-0.089584	0	0.263139	-6.00E-06	2.661013	-6.00E-06
5.082	0	0	0	0.2	0	-0.3	0	0	0	68.562096	683.958069	-34.786209	-0.089599	0	0.263432	3.00E-06	2.746388	-5.00E-06
5.083	0	0	0	0.2	0	-0.3	0	0	0	68.796371	684.81012	-35.177784	-0.089644	0	0.263432	-7.00E-06	2.755116	-7.00E-06
5.084	0	0	0	0.2	0	-0.3	0	0	0	68.796371	686.545471	-35.726337	-0.089599	0	0.263131	2.00E-06	2.778259	-5.00E-06
5.085	0	0	0	0.2	0	-0.3	0	0	0	68.403511	687.93103	-36.666504	-0.089435	0	0.263098	-1.50E-05	2.782814	-4.00E-06
5.086	0	0	0	0.2	0	-0.3	0	0	0	68.403511	687.93103	-36.666504	-0.089435	0	0.262403	-6.00E-06	2.782814	-4.00E-06
5.087	0	0	0	0.2	0	-0.3	0	0	0	68.715637	687.93103	-35.961128	-0.089435	0	0.262403	-6.00E-06	2.84068	-4.00E-06
5.088	0	0	0	0.2	0	-0.3	0	0	0	69.107056	690.317078	-35.961128	-0.089255	0	0.263364	5.00E-06	2.917013	-4.00E-06
5.089	0	0	0	0.2	0	-0.3	0	0	0	69.107056	690.317078	-37.13633	-0.08917	0	0.263364	5.00E-06	2.917013	-4.00E-06
5.09	0	0	0	0.2	0	-0.3	0	0	0	69.104889	690.317078	-37.214619	-0.08917	0	0.262525	-9.00E-06	2.812153	-4.00E-06
5.091	0	0	0	0.2	0	-0.3	0	0	0	68.714188	691.20166	-37.998249	-0.089189	0	0.262316	-9.00E-06	2.812153	-6.00E-06
5.092	0	0	0	0.2	0	-0.3	0	0	0	68.71347	691.360168	-38.154587	-0.08934	0	0.262352	-3.00E-06	2.890794	-6.00E-06
5.093	0	0	0	0.2	0	-0.3	0	0	0	68.71347	694.980591	-38.624813	-0.08934	0	0.262352	-3.00E-06	2.890794	-3.00E-06
5.094	0	0	0	0.2	0	-0.3	0	0	0	68.867722	694.980591	-39.016544	-0.088972	0	0.262352	-3.00E-06	2.884199	-3.00E-06
5.095	0	0	0	0.2	0	-0.3	0	0	0	69.33844	695.165283	-39.251537	-0.088918	0	0.26164	-4.00E-06	2.884199	-5.00E-06
5.096	0	0	0	0.2	0	-0.3	0	0	0	69.33844	695.165283	-39.721439	-0.088918	0	0.26164	-4.00E-06	3.077248	-5.00E-06
5.097	0	0	0	0.2	0	-0.3	0	0	0	68.942688	698.422058	-39.799644	-0.088975	0	0.26164	-4.00E-06	3.077248	-5.00E-06
5.098	0	0	0	0.2	0	-0.3	0	0	0	68.942688	700.154724	-41.131672	-0.089023	0	0.261604	-8.00E-06	2.885978	-6.00E-06
5.099	0	0	0	0.2	0	-0.3	0	0	0	69.646957	700.157837	-41.366699	-0.089023	0	0.261604	-9.00E-06	2.885978	-6.00E-06
5.1	0	0	0	0.2	0	-0.3	0	0	0	69.646957	700.157837	-41.44511	-0.088494	0	0.261288	-9.00E-06	2.908548	-5.00E-06
5.101	0	0	0	0.2	0	-0.3	0	0	0	69.646957	700.315552	-41.836643	-0.088494	0	0.261165	3.00E-06	2.908548	-3.00E-06
5.102	0	0	0	0.2	0	-0.3	0	0	0	69.723366	701.017578	-42.30695	-0.089061	0	0.260889	3.00E-06	2.876697	-3.00E-06
5.103	0	0	0	0.2	0	-0.3	0	0	0	70.111176	702.745361	-43.090134	-0.089061	0	0.260889	3.00E-06	2.864718	-5.00E-06
5.104	0	0	0	0.2	0	-0.3	0	0	0	70.111176	703.095886	-43.482067	-0.08881	0	0.260515	9.00E-06	2.876697	-5.00E-06
5.105	0	0	0	0.2	0	-0.3	0	0	0	69.565498	705.326172	-44.108669	-0.088723	0	0.260302	9.00E-06	2.865201	-5.00E-06
5.106	0	0	0	0.2	0	-0.3	0	0	0	69.565498	705.326172	-44.578613	-0.088723	0	0.259986	9.00E-06	2.865201	-5.00E-06
5.107	0	0	0	0.2	0	-0.3	0	0	0	71.047554	705.326172	-44.735275	-0.088723	0	0.259986	-7.00E-06	2.814353	-7.00E-06
5.108	0	0	0	0.2	0	-0.3	0	0	0	71.047554	708.419678	-44.735275	-0.088433	0	0.260183	1.00E-06	2.814353	-7.00E-06
5.109	0	0	0	0.2	0	-0.3	0	0	0	70.891846	708.419678	-44.97023	-0.088156	0	0.260183	-2.10E-05	2.814353	-6.00E-06
5.11	0	0	0	0.2	0	-0.3	0	0	0	70.891846	708.419678	-45.596992	-0.088156	0	0.26002	-1.70E-05	2.768393	-3.00E-06
5.111	0	0	0	0.2	0	-0.3	0	0	0	70.731819	709.291016	-46.067059	-0.088284	0	0.259454	-1.70E-05	2.731416	-4.00E-06
5.112	0	0	0	0.2	0	-0.3	0	0	0	70.968262	709.471191	-46.458912	-0.088402	0	0.25974	-1.70E-05	2.731416	-4.00E-06
5.113	0	0	0	0.2	0	-0.3	0	0	0	70.968262	710.842041	-46.615246	-0.088467	0	0.25974	-5.00E-06	2.74991	-4.00E-06
5.114	0	0	0	0.2	0	-0.3	0	0	0	71.119629	710.842041	-47.007145	-0.088467	0	0.25974	-5.00E-06	2.74991	-4.00E-06
5.115	0	0	0	0.2	0	-0.3	0	0	0	71.513939	710.68396	-47.398796	-0.0881	0	0.259305	-5.00E-06	2.74991	-3.00E-06
5.116	0	0	0	0.2	0	-0.3	0	0	0	71.513939	710.68396	-47.712238	-0.0881	0	0.259133	-1.00E-05	2.813999	-5.00E-06
5.117	0	0	0	0.2	0	-0.3	0	0	0	71.35463	716.189758	-48.652245	-0.088356	0	0.258829	-1.10E-05	2.813999	-4.00E-06
5.118	0	0	0	0.2	0	-0.3	0	0	0	71.35463	716.355225	-48.652245	-0.088416	0	0.259013	-1.10E-05	2.819801	-4.00E-06
5.119	0	0	0	0.2	0	-0.3	0	0	0	71.586014	717.382446	-48.652245	-0.088356	0	0.258876	3.00E-06	2.794677	-4.00E-06
5.12	0	0	0	0.2	0	-0.3	0	0	0	71.586014	717.382446	-49.749073	-0.088216	0	0.258876	3.00E-06	2.804866	-6.00E-06
5.121	0	0	0	0.2	0	-0.3	0	0	0	71.663147	717.382446	-50.375599	-0.088216	0	0.257968	-8.00E-06	2.804866	-6.00E-06
5.122	0	0	0	0.2	0	-0.3	0	0	0	71.664589	718.094116	-50.453968	-0.088264	0	0.257968	-9.00E-06	2.804866	-5.00E-06
5.123	0	0	0	0.2	0	-0.3	0	0	0	71.973106	720.659546	-50.532261	-0.08831	0	0.258638	-1.10E-05	2.819848	-1.00E-06
5.124	0	0	0	0.2	0	-0.3	0	0	0	71.973106	721.178345	-51.394135	-0.088343	0	0.258638	-1.10E-05	2.723361	-4.00E-06
5.125	0	0	0	0.2	0	-0.3	0	0	0	71.577354	723.248901	-52.177479	-0.08831	0	0.258638	-1.30E-05	2.766569	-4.00E-06
5.126	0	0	0	0.2	0	-0.3	0	0	0	71.185211	723.248901	-52.177479	-0.088206	0	0.257927	-9.00E-06	2.691382	-4.00E-06
5.127	0	0	0	0.2	0	-0.3	0	0	0	71.185211	720.857483	-52.569092	-0.088196	0	0.257513	2.00E-06	2.700137	-5.00E-06
5.128	0	0	0	0.2	0	-0.3	0	0	0	72.277298	720.857483	-52.569092	-0.087981	0	0.257513	2.00E-06	2.700137	-5.00E-06
5.129	0	0	0	0.2	0	-0.3	0	0	0	72.277298	723.253662	-53.509098	-0.08796	0	0.25747	-5.00E-06	2.733573	-5.00E-06
5.13	0	0	0	0.2	0	-0.3	0	0	0	72.123032	724.47522	-53.822464	-0.08795	0	0.25747	-5.00E-06	2.733573	-3.00E-06
5.131	0	0	0	0.2	0	-0.3	0	0	0	72.042297	724.293579	-54.214317	-0.087596	0	0.257077	-5.00E-06	2.691565	-3.00E-06
5.132	0	0	0	0.2	0	-0.3	0	0	0	72.042297	724.47522	-54.840923	-0.087844	0	0.256878	-1.60E-05	2.691565	-1.00E-06
5.133	0	0	0	0.2	0	-0.3	0	0	0	71.805138	725.856445	-55.154282	-0.087596	0	0.256878	-1.60E-05	2.718108	-1.00E-06
5.134	0	0	0	0.2	0	-0.3	0	0	0	72.275848	725.856445	-55.702595	-0.087543	0	0.256991	-1.30E-05	2.718108	-4.00E-06
5.135	0	0	0	0.2	0	-0.3	0	0	0	71.805138	724.992126	-55.859337	-0.087303	0	0.256991	-1.00E-06	2.706436	-5.00E-06
5.136	0	0	0	0.2	0	-0.3	0	0	0	71.882263	724.992126	-56.25095	-0.087303	0	0.256991	6.00E-06	2.706436	-4.00E-06
5.137	0	0	0	0.2	0	-0.3	0	0	0	71.641495	730.820312	-56.955967	-0.087397	0	0.256261	6.00E-06	2.706436	-5.00E-06
5.138	0	0	0	0.2	0	-0.3	0	0	0	71.641495	730.820312	-56.955967	-0.087432	0	0.256733	-1.20E-05	2.72978	-4.00E-06
5.139	0	0	0	0.2	0	-0.3	0	0	0	71.641495	731.188782	-57.739471	-0.087432	0	0.256729	-1.70E-05	2.72978	-3.00E-06
5.14	0	0	0	0.2	0	-0.3	0	0	0	71.092209	730.666504	-58.522778	-0.087271	0	0.256729	-1.70E-05	2.72978	-3.00E-06
5.141	0	0	0	0.2	0	-0.3	0	0	0	71.092209	729.306885	-59.149422	-0.087271	0	0.255807	-1.70E-05	2.733742	-2.00E-06
5.142	0	0	0	0.2	0	-0.3	0	0	0	70.775757	729.306885	-59.228115	-0.087414	0	0.255807	-6.00E-06	2.740098	-2.00E-06
5.143	0	0	0	0.2	0	-0.3	0	0	0	70.775757	734.11377	-59.932846	-0.087414	0	0.256067	-6.00E-06	2.740098	-2.00E-06
5.144	0	0	0	0.2	0	-0.3	0	0	0	70.775757	735.506592	-60.403072	-0.087674	0	0.256067	-1.00E-06	2.676591	-5.00E-06
5.145	0	0	0	0.2	0	-0.3	0	0	0	69.912903	735.838379	-60.873138	-0.087309	0	0.256057	-7.00E-06	2.676591	-5.00E-06
5.146	0	0	0	0.2	0	-0.3	0	0	0	69.912903	735.838379	-61.578152	-0.087309	0	0.255724	-7.00E-06	2.676591	-5.00E-06
5.147	0	0	0	0.2	0	-0.3	0	0	0	70.06572	733.794006	-61.578152	-0.087309	0	0.254956	-1.20E-05	2.643301	-7.00E-06
5.148	0	0	0	0.2	0	-0.3	0	0	0	70.769264	733.794006	-61.578152	-0.087364	0	0.254956	-7.00E-06	2.643301	-7.00E-06
5.149	0	0	0	0.2	0	-0.3	0	0	0	70.21637	734.124573	-62.126465	-0.087364	0	0.255118	-1.00E-06	2.643301	-5.00E-06
5.15	0	0	0	0.2	0	-0.3	0	0	0	70.21637	734.655762	-63.458282	-0.086876	0	0.255118	-1.00E-06	2.669137	-5.00E-06
5.151	0	0	0	0.2	0	-0.3	0	0	0	69.514267	734.655762	-63.771568	-0.086876	0	0.255118	-1.10E-05	2.635824	-3.00E-06
5.152	0	0	0	0.2	0	-0.3	0	0	0	69.5121	735.868469	-64.08493	-0.086924	0	0.254243	-1.10E-05	2.635824	-2.00E-06
5.153	0	0	0	0.2	0	-0.3	0	0	0	69.354958	737.58374	-64.241676	-0.08719	0	0.254517	-6.00E-06	2.635824	-2.00E-06
5.154	0	0	0	0.2	0	-0.3	0	0	0	69.354958	737.220825	-64.554916	-0.086924	0	0.254517	-5.00E-06	2.626021	-2.00E-06
5.155	0	0	0	0.2	0	-0.3	0	0	0	69.742767	737.220825	-64.790031	-0.086701	0	0.254517	-5.00E-06	2.616613	-1.00E-06
5.156	0	0	0	0.2	0	-0.3	0	0	0	69.742767	737.220825	-65.573494	-0.086701	0	0.253691	-2.00E-06	2.507722	-1.00E-06
5.157	0	0	0	0.2	0	-0.3	0	0	0	69.42704	738.642639	-67.062057	-0.086918	0	0.253691	-2.00E-06	2.507722	-1.00E-06
5.158	0	0	0	0.2	0	-0.3	0	0	0	69.42704	739.992188	-67.062057	-0.086918	0	0.254096	-2.00E-06	2.579665	-1.00E-06
5.159	0	0	0	0.2	0	-0.3	0	0	0	69.42704	740.505615	-67.297005	-0.086694	0	0.254634	-6.00E-06	2.580582	-3.00E-06
5.16	0	0	0	0.2	0	-0.3	0	0	0	69.267006	739.992188	-68.158722	-0.086666	0	0.254634	0	2.579665	-3.00E-06
5.161	0	0	0	0.2	0	-0.3	0	0	0	68.874863	739.829895	-68.393677	-0.086483	0	0.253723	0	2.570549	0
5.162	0	0	0	0.2	0	-0.3	0	0	0	68.874863	739.829895	-68.393715	-0.086483	0	0.253682	0	2.531656	1.00E-06
5.163	0	0	0	0.2	0	-0.3	0	0	0	69.106255	741.211914	-69.255432	-0.086483	0	0.253682	0	2.51305	0
5.164	0	0	0	0.2	0	-0.3	0	0	0	69.106255	742.238708	-69.412132	-0.086487	0	0.253918	0	2.508638	-3.00E-06
5.165	0	0	0	0.2	0	-0.3	0	0	0	68.400543	743.256714	-70.979065	-0.086487	0	0.253918	0	2.508638	-3.00E-06
5.166	0	0	0	0.2	0	-0.3	0	0	0	68.400543	742.238708	-70.979065	-0.086487	0	0.253918	-4.00E-06	2.508638	0
5.167	0	0	0	0.2	0	-0.3	0	0	0	69.33548	739.476135	-70.900658	-0.086184	0	0.253516	-1.60E-05	2.395101	1.00E-06
5.168	0	0	0	0.2	0	-0.3	0	0	0	69.41188	739.476135	-70.900658	-0.086184	0	0.253889	-9.00E-06	2.399326	1.00E-06
5.169	0	0	0	0.2	0	-0.3	0	0	0	69.41188	741.027954	-71.684044	-0.086184	0	0.253406	-1.60E-05	2.399326	-1.00E-06
5.17	0	0	0	0.2	0	-0.3	0	0	0	69.41188	743.809814	-72.545914	-0.08618	0	0.253406	-9.00E-06	2.399326	-1.00E-06
5.171	0	0	0	0.2	0	-0.3	0	0	0	69.095428	742.423889	-73.094109	-0.08618	0	0.253048	-8.00E-06	2.449221	-1.00E-06
5.172	0	0	0	0.2	0	-0.3	0	0	0	69.016136	742.423889	-73.642586	-0.08618	0	0.252453	-8.00E-06	2.376677	1.00E-06
5.173	0	0	0	0.2	0	-0.3	0	0	0	69.093262	742.423889	-73.877579	-0.086032	0	0.252838	-8.00E-06	2.392126	-1.00E-06
5.174	0	0	0	0.2	0	-0.3	0	0	0	69.093262	742.078979	-73.955711	-0.086032	0	0.252838	-1.00E-05	2.371895	4.00E-06
5.175	0	0	0	0.2	0	-0.3	0	0	0	70.264633	742.078979	-74.26931	-0.086032	0	0.252838	0	2.392126	-1.00E-06
5.176	0	0	0	0.2	0	-0.3	0	0	0	70.264633	739.347046	-75.287804	-0.085836	0	0.252085	-1.00E-05	2.371895	-1.00E-06
5.177	0	0	0	0.2	0	-0.3	0	0	0	68.696793	739.347046	-76.071152	-0.085836	0	0.251957	-8.00E-06	2.309559	-2.00E-06
5.178	0	0	0	0.2	0	-0.3	0	0	0	68.696793	741.057678	-76.38456	-0.085836	0	0.251957	-8.00E-06	2.236252	-2.00E-06
5.179	0	0	0	0.2	0	-0.3	0	0	0	68.928902	741.057678	-76.619629	-0.085813	0	0.251957	-8.00E-06	2.289855	0
5.18	0	0	0	0.2	0	-0.3	0	0	0	68.928902	741.057678	-76.776169	-0.085582	0	0.252033	-4.00E-06	2.253948	0
5.181	0	0	0	0.2	0	-0.3	0	0	0	68.768867	740.727478	-77.559631	-0.085546	0	0.251957	-4.00E-06	2.253948	0
5.182	0	0	0	0.2	0	-0.3	0	0	0	68.693909	739.696899	-77.716415	-0.085582	0	0.251957	-4.00E-06	2.253948	0
5.183	0	0	0	0.2	0	-0.3	0	0	0	68.693909	739.696899	-78.34314	-0.085667	0	0.251939	-1.30E-05	2.21272	0
5.184	0	0	0	0.2	0	-0.3	0	0	0	68.693909	742.455872	-79.518341	-0.085667	0	0.251825	-1.30E-05	2.256128	-2.00E-06
5.185	0	0	0	0.2	0	-0.3	0	0	0	68.532433	742.455872	-79.675323	-0.085592	0	0.251825	-1.50E-05	2.095419	-2.00E-06
5.186	0	0	0	0.2	0	-0.3	0	0	0	68.532433	741.421814	-80.145386	-0.085592	0	0.251463	-1.40E-05	2.095419	-2.00E-06
5.187	0	0	0	0.2	0	-0.3	0	0	0	69.155243	738.165894	-80.223557	-0.085592	0	0.25062	-1.40E-05	2.095419	0
5.188	0	0	0	0.2	0	-0.3	0	0	0	69.468086	737.307678	-80.38002	-0.085335	0	0.25062	-1.40E-05	2.1038	0
5.189	0	0	0	0.2	0	-0.3	0	0	0	69.468086	737.307678	-80.850166	-0.085295	0	0.250752	-1.10E-05	2.1038	0
5.19	0	0	0	0.2	0	-0.3	0	0	0	69.780212	737.307678	-81.398674	-0.085295	0	0.250752	-1.20E-05	2.010749	2.00E-06
5.191	0	0	0	0.2	0	-0.3	0	0	0	69.46376	736.800415	-82.965691	-0.085238	0	0.250289	-7.00E-06	2.010749	2.00E-06
5.192	0	0	0	0.2	0	-0.3	0	0	0	69.855179	734.381165	-83.827126	-0.085022	0	0.250289	-1.20E-05	2.08772	-1.00E-06
5.193	1.900846	27.112047	-6.965181	0.187963	0	-0.258869	0	0.666501	0	70.716591	734.568237	-85.551437	-0.085238	0	0.25033	-7.00E-06	2.08772	-3.00E-06
5.194	1.900846	32.315472	-9.786327	0.182448	0	-0.257333	0	0.666501	1.00E-06	70.947975	734.381165	-87.196747	-0.085065	0	0.25033	-1.50E-05	2.003502	-3.00E-06
5.195	2.14017	42.311913	-11.588575	0.181509	0	-0.252718	0	0.679166	1.00E-06	70.947975	733.530273	-87.901962	-0.085065	0	0.250301	-1.10E-05	1.967692	-1.00E-06
5.196	2.14017	46.980309	-12.215782	0.181509	0	-0.252718	1.00E-06	0.679166	1.00E-06	70.708649	732.48877	-88.607178	-0.085065	0	0.250301	-1.10E-05	2.003502	0
5.197	1.900846	46.980309	-12.215782	0.182448	0	-0.252718	1.00E-06	0.666501	1.00E-06	69.850128	732.48877	-89.547424	-0.084973	0	0.249689	-8.00E-06	1.993404	1.00E-06
5.198	1.900846	46.980309	-12.215782	0.182448	0	-0.252718	1.00E-06	0.666501	0	69.850128	732.48877	-91.192764	-0.084973	0	0.249833	-8.00E-06	1.993404	1.00E-06
5.199	5.664392	58.737274	-16.760162	0.181365	0	-0.239932	1.00E-06	0.606312	0	70.470764	732.155579	-92.054611	-0.084973	0	0.249833	-9.00E-06	1.908131	1.00E-06
5.2	6.373709	65.291878	-19.816175	0.177409	0	-0.239932	0	0.485071	0	70.548615	731.132141	-92.916481	-0.084712	0	0.249833	-9.00E-06	1.908131	1.00E-06
5.201	6.686555	71.661728	-20.991415	0.173579	0	-0.240587	1.00E-06	0.485071	0	70.470764	729.240601	-94.248383	-0.084525	0	0.249427	-9.00E-06	1.857846	0
5.202	7.470838	81.672462	-21.462204	0.172203	0	-0.2433	1.00E-06	0.390536	0	70.548615	726.142456	-94.79702	-0.084337	0	0.249348	-1.00E-05	1.857846	-3.00E-06
5.203	8.02301	90.291473	-23.186039	0.170572	0	-0.240587	1.00E-06	0.520342	0	70.626472	726.142456	-95.893929	-0.084337	0	0.249348	-1.10E-05	1.854048	0
5.204	9.982994	98.080826	-25.066936	0.170572	0	-0.239109	1.00E-06	0.478387	0	70.780006	729.241333	-96.990875	-0.084514	0	0.249531	-1.10E-05	1.854048	-3.00E-06
5.205	13.585786	108.43483	-25.694145	0.173211	0	-0.237122	1.00E-06	0.520342	0	70.780006	729.241333	-98.322777	-0.084514	0	0.249531	-7.00E-06	1.852922	-3.00E-06
5.206	15.547213	116.035942	-25.694145	0.174298	0	-0.235776	0	0.646912	0	70.780006	724.777405	-99.498177	-0.084248	0	0.24839	-7.00E-06	1.852922	-3.00E-06
5.207	15.547213	123.460358	-23.7356	0.173211	0	-0.235776	0	0.755731	1.00E-06	71.406425	721.347168	-99.498177	-0.084241	0	0.248364	-1.10E-05	1.765253	-2.00E-06
5.208	15.788704	128.804169	-21.542065	0.171594	0	-0.235776	0	0.755731	1.00E-06	71.406425	721.347168	-99.341476	-0.084248	0	0.248157	-1.10E-05	1.741601	1.00E-06
5.209	15.402335	134.317352	-20.444912	0.171594	0	-0.235014	0	0.589546	1.00E-06	70.698547	721.528809	-99.341476	-0.084438	0	0.248157	-4.00E-06	1.630053	2.00E-06
5.21	15.788704	139.679291	-18.64319	0.168319	0	-0.234858	0	0.589546	0	70.698547	721.528809	-99.655037	-0.084438	0	0.248574	-4.00E-06	1.630053	2.00E-06
5.211	15.795198	144.154114	-14.882439	0.168319	0	-0.232877	2.00E-06	0.589546	1.00E-06	70.698547	718.930908	-99.733414	-0.084171	0	0.248574	-6.00E-06	1.630053	1.00E-06
5.212	16.031635	147.433945	-11.983446	0.168319	0	-0.232877	3.00E-06	0.665608	1.00E-06	70.309296	715.341431	-100.203438	-0.084116	0	0.247637	-6.00E-06	1.71929	0
5.213	16.031635	154.326431	-7.674018	0.168472	0	-0.232914	2.00E-06	0.578628	1.00E-06	70.308571	715.000061	-100.673424	-0.084171	0	0.247579	-8.00E-06	1.71929	0
5.214	15.493174	157.433823	-4.461905	0.169191	0	-0.232914	0	0.708457	1.00E-06	70.304962	715.000061	-100.203438	-0.08396	0	0.247579	-8.00E-06	1.71314	0
5.215	15.256736	162.095673	-0.700991	0.169191	0	-0.232914	0	0.620054	1.00E-06	70.304962	710.17926	-100.438545	-0.083681	0	0.247579	-1.20E-05	1.675609	1.00E-06
5.216	15.256736	164.31012	2.197882	0.169509	0	-0.233582	2.00E-06	0.702345	1.00E-06	70.304962	708.794495	-100.438545	-0.083623	0	0.24755	-1.40E-05	1.675609	1.00E-06
5.217	15.573191	167.088867	5.175367	0.168002	0	-0.233693	2.00E-06	0.702345	3.00E-06	69.290024	707.777344	-100.751953	-0.083623	0	0.24725	-1.20E-05	1.698039	1.00E-06
5.218	15.574634	167.596481	7.604096	0.168002	0	-0.233582	1.00E-06	0.743741	2.00E-06	69.129982	707.435913	-100.908417	-0.08367	0	0.24725	-1.50E-05	1.702083	1.00E-06
5.219	16.045347	167.605743	10.738485	0.166973	0	-0.233049	0	0.743741	2.00E-06	68.977165	707.435913	-100.751953	-0.08367	0	0.247589	-8.00E-06	1.698039	-2.00E-06
5.22	16.439653	168.447754	12.697109	0.166648	0	-0.233049	0	0.72564	1.00E-06	69.129982	704.509827	-100.908417	-0.083621	0	0.247589	0	1.702083	-2.00E-06
5.221	17.537504	168.625977	16.066448	0.166973	0	-0.233394	1.00E-06	0.72564	1.00E-06	68.975723	702.804565	-100.438545	-0.083556	0	0.24702	0	1.680771	-2.00E-06
5.222	17.927481	171.02594	18.573751	0.165407	0	-0.233394	2.00E-06	0.779927	1.00E-06	67.880035	700.562378	-101.065277	-0.083621	0	0.246928	-4.00E-06	1.658947	-2.00E-06
5.223	18.005331	171.198746	20.767851	0.165785	0	-0.232913	1.00E-06	0.779927	1.00E-06	67.565025	697.306763	-101.457047	-0.083747	0	0.246821	-5.00E-06	1.610391	-2.00E-06
5.224	18.791779	172.75824	22.883299	0.164229	0	-0.231327	2.00E-06	0.779927	1.00E-06	67.485016	697.306763	-101.692032	-0.083747	0	0.246821	-4.00E-06	1.610391	-2.00E-06
5.225	19.183199	174.130646	25.077238	0.165089	0	-0.231327	2.00E-06	0.757885	2.00E-06	66.85788	696.629456	-101.692032	-0.083617	0	0.246672	-5.00E-06	1.64311	-1.00E-06
5.226	19.651024	175.848663	27.192966	0.164741	0	-0.231327	2.00E-06	0.926821	2.00E-06	66.312202	692.146545	-101.692032	-0.083617	0	0.246672	-6.00E-06	1.64311	-2.00E-06
5.227	19.341785	180.16687	29.464874	0.164741	0	-0.231802	1.00E-06	0.871465	0	66.312202	688.389587	-101.692162	-0.08318	0	0.24598	-6.00E-06	1.67179	-1.00E-06
5.228	19.657518	182.907822	30.718647	0.163795	0	-0.231215	1.00E-06	0.873453	0	66.073601	683.552612	-101.613907	-0.083074	0	0.245941	-5.00E-06	1.395616	-1.00E-06
5.229	19.341785	187.231018	32.59898	0.163795	0	-0.232158	0	0.871465	2.00E-06	66.073601	683.552612	-101.613907	-0.083074	0	0.24598	-5.00E-06	1.395616	-1.00E-06
5.23	19.427574	192.907715	34.087822	0.164024	0	-0.231215	0	0.856401	2.00E-06	65.995026	682.531982	-101.613907	-0.083074	0	0.246306	-6.00E-06	1.393742	0
5.231	19.427574	194.998718	36.359612	0.164647	0	-0.231889	0	0.856401	2.00E-06	64.975746	678.567078	-101.848984	-0.083028	0	0.246306	-6.00E-06	1.393742	-2.00E-06
5.232	19.509754	201.893173	36.986534	0.164647	0	-0.231889	0	0.856401	3.00E-06	64.662178	673.943787	-102.318878	-0.083027	0	0.245272	-6.00E-06	1.404369	-2.00E-06
5.233	19.509754	206.034683	38.004833	0.164149	0	-0.231889	0	0.997485	3.00E-06	64.270042	672.226562	-102.318878	-0.082998	0	0.245211	-5.00E-06	1.406037	-2.00E-06
5.234	19.117615	211.905823	39.493393	0.164081	0	-0.232344	2.00E-06	0.807932	3.00E-06	64.033592	669.30542	-101.927147	-0.082664	0	0.245127	-5.00E-06	1.406037	-4.00E-06
5.235	18.419842	220.346207	40.903427	0.163327	0	-0.232742	2.00E-06	0.924242	2.00E-06	63.410069	666.032593	-101.222015	-0.08259	0	0.245127	-8.00E-06	1.429186	-5.00E-06
5.236	18.108438	228.624664	42.548527	0.163327	0	-0.232742	2.00E-06	0.924242	2.00E-06	63.252201	665.51178	-101.222015	-0.08259	0	0.245127	-8.00E-06	1.279239	-5.00E-06
5.237	17.797756	245.709198	42.783237	0.163327	0	-0.232742	2.00E-06	0.924242	2.00E-06	62.077221	662.259766	-101.692322	-0.08259	0	0.244853	-7.00E-06	1.429186	-4.00E-06
5.238	17.183607	250.878235	43.879704	0.163962	0	-0.23553	2.00E-06	0.882234	2.00E-06	60.510818	658.480469	-101.692322	-0.082657	0	0.244658	-7.00E-06	1.311234	-4.00E-06
5.239	16.640095	261.573975	45.13295	0.164038	0	-0.235544	3.00E-06	0.829581	3.00E-06	60.427917	657.972839	-101.927109	-0.082476	0	0.244658	-8.00E-06	1.311234	-3.00E-06
5.24	16.640095	273.129883	45.680462	0.164213	0	-0.236417	4.00E-06	0.810979	3.00E-06	60.427917	654.693726	-101.770493	-0.082476	0	0.244658	-9.00E-06	1.311234	1.00E-06
5.241	16.640095	281.946014	45.915974	0.164334	0	-0.236607	4.00E-06	0.806606	3.00E-06	59.962257	650.399475	-101.927109	-0.082289	0	0.244512	-9.00E-06	1.257761	-3.00E-06
5.242	16.567293	292.99469	46.150326	0.164334	0	-0.236607	4.00E-06	0.797678	0	59.567951	648.167664	-101.770493	-0.082119	0	0.244422	-4.00E-06	1.257761	-2.00E-06
5.243	16.961599	302.652466	46.776886	0.164047	0	-0.236691	4.00E-06	0.62911	0	57.766556	642.83075	-101.535461	-0.082119	0	0.244422	-4.00E-06	1.257761	-4.00E-06
5.244	17.763201	314.210724	47.481781	0.164047	0	-0.237249	4.00E-06	0.617597	-1.00E-06	57.690144	642.83075	-101.535461	-0.082262	0	0.244422	-6.00E-06	1.245104	-2.00E-06
5.245	17.912407	324.923431	48.343338	0.16413	0	-0.237488	4.00E-06	0.62911	-1.00E-06	57.062286	641.813232	-102.162468	-0.082262	0	0.244614	-6.00E-06	1.226045	-3.00E-06
5.246	19.094604	339.212189	48.813156	0.165783	0	-0.239717	2.00E-06	0.589052	0	56.275837	635.779297	-102.162468	-0.081997	0	0.244614	-6.00E-06	1.218452	-2.00E-06
5.247	19.17029	349.05011	49.048031	0.16556	0	-0.239892	4.00E-06	0.589052	3.00E-06	55.257282	630.299316	-101.848862	-0.081815	0	0.243958	-6.00E-06	1.213427	-2.00E-06
5.248	19.094604	356.817017	49.59626	0.16556	0	-0.240443	3.00E-06	0.470982	3.00E-06	55.18232	626.33136	-101.848862	-0.081653	0	0.243958	-7.00E-06	1.218452	-2.00E-06
5.249	18.868267	364.398438	49.674553	0.16556	0	-0.240712	5.00E-06	0.426533	4.00E-06	54.397316	621.872375	-101.927353	-0.081653	0	0.243958	-3.00E-06	1.130814	-2.00E-06
5.25	18.401161	373.55011	50.771057	0.165476	0	-0.241372	5.00E-06	0.382132	4.00E-06	53.458054	619.981079	-101.927353	-0.081722	0	0.243942	-7.00E-06	1.153415	-1.00E-06
5.251	18.010464	379.229553	51.55481	0.165988	0	-0.24146	6.00E-06	0.345477	1.00E-06	52.595917	619.981079	-101.927353	-0.081722	0	0.243501	-1.00E-05	1.126326	-1.00E-06
5.252	17.306919	384.765076	52.886669	0.165476	0	-0.241865	6.00E-06	0.345477	1.00E-06	52.046631	612.249695	-102.240715	-0.081624	0	0.242461	-1.00E-05	1.130127	-1.00E-06
5.253	17.069757	390.612671	53.905167	0.165988	0	-0.242197	3.00E-06	0.345477	1.00E-06	50.716671	608.300232	-102.240753	-0.081619	0	0.242461	-1.00E-05	1.070193	-2.00E-06
5.254	15.588425	395.448822	54.375267	0.16571	0	-0.243196	3.00E-06	0.312334	3.00E-06	50.716671	607.617493	-102.240715	-0.081619	0	0.242528	-1.40E-05	1.010786	-2.00E-06
5.255	14.48913	399.40094	55.080528	0.166122	0	-0.243838	3.00E-06	0.182649	4.00E-06	50.635933	601.251099	-101.770813	-0.081411	0	0.242745	-1.40E-05	0.95342	-2.00E-06
5.256	14.022746	402.518341	56.569206	0.16571	0	-0.243921	3.00E-06	0.312334	4.00E-06	49.69595	597.971252	-101.770813	-0.081411	0	0.242745	-7.00E-06	0.868877	-2.00E-06
5.257	11.74775	405.266663	57.822899	0.16537	0	-0.244062	3.00E-06	0.180981	2.00E-06	47.579544	595.582031	-102.397697	-0.081473	0	0.242598	-7.00E-06	0.898325	-2.00E-06
5.258	10.734966	407.855621	58.136345	0.16537	0	-0.244464	6.00E-06	0.161171	2.00E-06	47.032421	589.909973	-102.397697	-0.081473	0	0.24182	-9.00E-06	0.898325	-1.00E-06
5.259	8.620002	412.00061	59.703556	0.165778	0	-0.244671	6.00E-06	0.161171	2.00E-06	46.409615	586.644409	-101.927475	-0.081473	0	0.24182	-9.00E-06	0.898325	-1.00E-06
5.26	7.995029	412.334991	60.643562	0.165779	0	-0.245191	6.00E-06	0.168176	7.00E-06	46.245975	585.085266	-101.927475	-0.081427	0	0.242376	-9.00E-06	0.959562	0
5.261	6.737868	415.96814	61.505684	0.165779	0	-0.245942	5.00E-06	0.249054	3.00E-06	44.36673	577.694397	-101.457405	-0.081123	0	0.242376	-6.00E-06	0.806421	0
5.262	5.406465	418.375793	61.897499	0.165779	0	-0.246042	5.00E-06	0.249054	3.00E-06	44.131012	574.251831	-101.848946	-0.080992	0	0.242084	-9.00E-06	0.951522	-1.00E-06
5.263	4.467202	419.065491	62.681084	0.165924	0	-0.246042	5.00E-06	0.226865	3.00E-06	42.801048	567.898499	-101.37896	-0.08089	0	0.241781	-1.00E-05	0.824417	-4.00E-06
5.264	2.979375	421.660645	63.229637	0.165675	0	-0.246123	7.00E-06	0.226865	6.00E-06	41.860344	564.823853	-101.222015	-0.08089	0	0.241781	-1.00E-05	0.824417	-4.00E-06
5.265	2.350794	422.69165	63.46471	0.166255	0	-0.246123	7.00E-06	0.290883	6.00E-06	40.99749	562.578247	-100.908737	-0.081489	0	0.242237	-1.00E-05	0.798519	-4.00E-06
5.266	1.644363	424.761475	63.856564	0.166255	0	-0.246177	7.00E-06	0.290883	6.00E-06	40.449646	558.79187	-100.830521	-0.081489	0	0.242237	-6.00E-06	0.72152	-5.00E-06
5.267	0.392253	425.457275	64.091721	0.166255	0	-0.24651	7.00E-06	0.258455	6.00E-06	40.289616	548.299438	-100.281845	-0.081164	0	0.240451	-4.00E-06	0.719923	-4.00E-06
5.268	-0.862021	425.800201	64.953674	0.16636	0	-0.246948	6.00E-06	0.258455	6.00E-06	38.723934	542.127075	-99.184937	-0.08068	0	0.240451	-4.00E-06	0.590016	-4.00E-06
5.269	-1.412029	430.117615	64.953674	0.166987	0	-0.246948	7.00E-06	0.258455	4.00E-06	37.940376	538.154419	-99.028358	-0.081164	0	0.240685	-4.00E-06	0.580161	-2.00E-06
5.27	-2.35057	431.825165	65.032043	0.166987	0	-0.24731	6.00E-06	0.367691	4.00E-06	37.469662	534.041382	-97.931129	-0.08094	0	0.240959	-8.00E-06	0.515952	-2.00E-06
5.271	-2.979872	432.361328	64.875427	0.166987	0	-0.248455	6.00E-06	0.255397	4.00E-06	36.683937	530.599976	-97.931129	-0.08094	0	0.240685	-8.00E-06	0.515952	-2.00E-06
5.272	-4.153409	435.790771	65.032043	0.167137	0	-0.247471	5.00E-06	0.27979	4.00E-06	35.743229	522.855042	-97.931129	-0.080538	0	0.240191	-6.00E-06	0.583538	-2.00E-06
5.273	-4.778381	437.713257	65.658928	0.167538	0	-0.248946	5.00E-06	0.27979	4.00E-06	33.944	516.681519	-97.696014	-0.080538	0	0.240191	-2.00E-06	0.583538	-2.00E-06
5.274	-5.879118	440.804047	65.815475	0.167692	0	-0.248946	5.00E-06	0.354555	2.00E-06	33.942554	513.588623	-96.834015	-0.080538	0	0.239486	-2.00E-06	0.53905	-2.00E-06
5.275	-6.579777	441.145752	66.050423	0.167692	0	-0.249447	4.00E-06	0.388151	4.00E-06	33.703953	504.465942	-96.2855	-0.079968	0	0.239329	-6.00E-06	0.506442	-2.00E-06
5.276	-6.74053	441.836609	66.050423	0.167692	0	-0.249567	2.00E-06	0.354555	4.00E-06	32.296864	500.685425	-95.815514	-0.079968	0	0.239329	-6.00E-06	0.427202	-3.00E-06
5.277	-8.459023	444.250427	66.364151	0.167797	0	-0.250817	4.00E-06	0.485812	4.00E-06	31.35327	498.089813	-95.423386	-0.080219	0	0.239655	-6.00E-06	0.435276	-3.00E-06
5.278	-9.404781	444.766113	65.658768	0.167938	0	-0.250907	9.00E-06	0.485812	1.00E-06	29.707575	490.026978	-95.345253	-0.080219	0	0.239655	-5.00E-06	0.403546	-4.00E-06
5.279	-10.030475	446.494934	66.364105	0.167797	0	-0.250907	1.00E-05	0.528021	-1.00E-06	29.630447	483.493225	-94.483253	-0.080219	0	0.239655	-5.00E-06	0.408092	-3.00E-06
5.28	-11.3626	446.665405	66.364105	0.167843	0	-0.250907	1.00E-05	0.528021	1.00E-06	29.315435	480.919617	-93.934494	-0.079976	0	0.239122	-5.00E-06	0.398513	-2.00E-06
5.281	-11.520467	447.192322	66.364105	0.167843	0	-0.250926	1.00E-05	0.5124	7.00E-06	28.13829	473.859314	-93.386063	-0.079886	0	0.239122	1.00E-06	0.326119	-2.00E-06
5.282	-12.694726	447.192322	66.364105	0.167843	0	-0.250744	6.00E-06	0.5124	7.00E-06	26.960423	465.262634	-93.072495	-0.079886	0	0.238996	-8.00E-06	0.289846	-2.00E-06
5.283	-12.851149	447.873474	65.894203	0.168028	0	-0.251881	6.00E-06	0.532787	1.00E-06	25.787607	461.827759	-92.210709	-0.079891	0	0.238604	-4.00E-06	0.289846	-3.00E-06
5.284	-13.793298	448.395386	65.894203	0.168419	0	-0.251881	6.00E-06	0.557851	1.00E-06	25.161194	452.726562	-91.818771	-0.079975	0	0.238298	-7.00E-06	0.257646	-3.00E-06
5.285	-14.420435	448.572021	65.894203	0.16848	0	-0.251887	4.00E-06	0.532787	2.00E-06	23.984047	450.676422	-90.799995	-0.080282	0	0.238298	-4.00E-06	0.275767	-3.00E-06
5.286	-16.221109	448.746368	65.345932	0.168495	0	-0.252044	4.00E-06	0.474672	4.00E-06	23.904755	445.148926	-90.173065	-0.080282	0	0.238298	-3.00E-06	0.200037	-3.00E-06
5.287	-16.613251	450.291931	65.267563	0.168692	0	-0.25299	2.00E-06	0.474672	4.00E-06	23.036846	432.945007	-89.154488	-0.079309	0	0.236817	-3.00E-06	0.050592	-3.00E-06
5.288	-17.555399	451.318359	65.267479	0.168867	0	-0.253049	2.00E-06	0.523419	4.00E-06	22.25473	423.840729	-87.665604	-0.079309	0	0.236817	-4.00E-06	0.050592	-3.00E-06
5.289	-19.200373	451.509277	65.267479	0.16943	0	-0.253049	2.00E-06	0.523419	1.00E-06	21.080471	421.427582	-86.960266	-0.079641	0	0.237622	-4.00E-06	0.078696	-3.00E-06
5.29	-19.59107	451.509277	65.110977	0.169539	0	-0.253127	6.00E-06	0.52245	4.00E-06	20.921883	413.520233	-86.019852	-0.079788	0	0.237939	-4.00E-06	0.078696	-3.00E-06
5.291	-20.296782	451.509277	65.03273	0.169539	0	-0.253735	6.00E-06	0.501024	4.00E-06	19.741129	407.845764	-85.079575	-0.079788	0	0.237986	1.00E-06	0.011298	-3.00E-06
5.292	-21.47176	451.848267	65.03273	0.169539	0	-0.254417	4.00E-06	0.48924	4.00E-06	19.432611	401.649475	-84.531013	-0.07941	0	0.237986	-3.00E-06	-0.092549	-3.00E-06
5.293	-22.098177	452.518707	65.033012	0.169895	0	-0.254747	4.00E-06	0.439164	3.00E-06	18.409006	390.825684	-83.042053	-0.079264	0	0.23608	-3.00E-06	-0.092549	-3.00E-06
5.294	-23.898129	452.518707	65.18959	0.169538	0	-0.254777	7.00E-06	0.439164	0	18.171122	382.739716	-82.258461	-0.079264	0	0.23608	-3.00E-06	-0.092549	-2.00E-06
5.295	-24.216028	452.885132	65.18959	0.170339	0	-0.254802	7.00E-06	0.392758	0	17.463247	377.076782	-80.377884	-0.079264	0	0.235734	-1.00E-06	-0.233794	-2.00E-06
5.296	-24.840279	452.178864	65.11158	0.169538	0	-0.254802	8.00E-06	0.552415	2.00E-06	17.463247	366.239899	-80.377602	-0.079888	0	0.237366	-1.00E-06	-0.233794	-1.00E-06
5.297	-26.018145	453.04245	64.876549	0.170331	0	-0.25587	7.00E-06	0.392758	2.00E-06	15.038321	361.76886	-79.045456	-0.079012	0	0.235778	-1.00E-06	-0.233794	-1.00E-06
5.298	-26.328106	453.04245	65.11158	0.169808	0	-0.255151	3.00E-06	0.552415	3.00E-06	15.033992	353.161438	-78.732018	-0.079323	0	0.235778	-3.00E-06	-0.177391	0
5.299	-26.959574	453.04245	65.346779	0.169808	0	-0.255391	3.00E-06	0.477422	3.00E-06	14.87757	343.731232	-77.164642	-0.079323	0	0.235778	0	-0.242985	1.00E-06
5.3	-28.130222	453.043274	65.73851	0.169808	0	-0.255391	4.00E-06	0.544893	3.00E-06	14.251153	338.216461	-75.51918	-0.079323	0	0.235783	-2.00E-06	-0.177391	1.00E-06
5.301	-28.211681	454.76355	65.738586	0.170063	0	-0.25571	7.00E-06	0.477422	4.00E-06	14.093286	329.598175	-74.108627	-0.07865	0	0.235783	-2.00E-06	-0.263315	1.00E-06
5.302	-28.758083	454.770142	65.973618	0.17037	0	-0.256383	5.00E-06	0.517745	4.00E-06	13.303952	318.779358	-72.933182	-0.07865	0	0.235037	-2.00E-06	-0.325746	1.00E-06
5.303	-29.30809	455.974731	65.73867	0.170427	0	-0.256795	5.00E-06	0.483464	2.00E-06	12.991107	313.284668	-71.600883	-0.078748	0	0.234486	-2.00E-06	-0.412559	0
5.304	-29.388828	456.488464	66.679039	0.170427	0	-0.256845	0	0.517745	2.00E-06	12.831794	304.164978	-69.877052	-0.079236	0	0.234486	-2.00E-06	-0.443877	-2.00E-06
5.305	-30.170944	457.698486	66.522377	0.17091	0	-0.256845	0	0.483464	2.00E-06	11.812518	296.796844	-69.014801	-0.079314	0	0.234022	-2.00E-06	-0.443877	-2.00E-06
5.306	-31.032356	458.913147	66.679039	0.170885	0	-0.257222	1.00E-05	0.519769	2.00E-06	11.812518	289.216919	-66.193985	-0.079314	0	0.233764	-3.00E-06	-0.499218	-1.00E-06
5.307	-31.190222	461.835022	67.227676	0.17112	0	-0.257071	1.00E-05	0.475864	2.00E-06	12.042461	278.373779	-64.078499	-0.078618	0	0.233764	-2.00E-06	-0.605758	-1.00E-06
5.308	-31.578033	461.835022	67.306168	0.171334	0	-0.257071	1.00E-05	0.329697	2.00E-06	12.042461	265.302338	-62.197754	-0.078359	0	0.231423	-3.00E-06	-0.711632	-1.00E-06
5.309	-32.365204	463.903259	67.619446	0.171836	0	-0.257071	1.00E-05	0.279152	4.00E-06	11.492453	259.13382	-60.708752	-0.078359	0	0.231389	-2.00E-06	-0.672267	1.00E-06
5.31	-33.376545	470.790283	68.481445	0.172049	0	-0.259069	1.00E-05	0.279152	6.00E-06	11.178164	253.62294	-57.731106	-0.078477	0	0.231389	-2.00E-06	-0.711632	1.00E-06
5.311	-33.770851	475.792358	68.873016	0.171836	0	-0.259383	1.40E-05	0.322092	6.00E-06	11.487402	243.649994	-55.693794	-0.078478	0	0.231656	-2.00E-06	-0.885571	-2.00E-06
5.312	-35.101532	479.232635	69.499779	0.172049	0	-0.25975	1.50E-05	0.446264	4.00E-06	11.015966	237.629532	-55.693794	-0.078478	0	0.231656	-2.00E-06	-0.885571	-2.00E-06
5.313	-35.253624	482.172974	69.969765	0.172243	0	-0.259878	1.40E-05	0.322092	4.00E-06	10.86171	225.414429	-53.264656	-0.078064	0	0.23006	-2.00E-06	-0.869676	-2.00E-06
5.314	-36.894989	485.279602	70.439873	0.172243	0	-0.259878	1.10E-05	0.354236	4.00E-06	10.86171	218.208649	-49.111572	-0.078035	0	0.228748	-2.00E-06	-0.869676	-1.00E-06
5.315	-37.050694	485.806519	71.771652	0.172383	0	-0.260229	7.00E-06	0.354236	1.00E-06	11.247355	209.276031	-45.428787	-0.078035	0	0.228748	-2.00E-06	-1.130257	-1.00E-06
5.316	-37.521408	491.827606	72.085014	0.172146	0	-0.260925	2.00E-06	0.451539	4.00E-06	11.247355	201.180054	-42.842995	-0.076596	0	0.228555	0	-1.130257	-1.00E-06
5.317	-37.830647	494.07251	72.63353	0.172146	0	-0.261069	7.00E-06	0.451539	5.00E-06	10.386663	197.074402	-41.824173	-0.076596	0	0.228555	-2.00E-06	-1.044812	-1.00E-06
5.318	-38.227116	497.515137	73.8871	0.172146	0	-0.261069	2.00E-06	0.498459	5.00E-06	9.922447	189.492493	-38.141594	-0.077289	0	0.225149	-1.00E-06	-0.974906	-1.00E-06
5.319	-38.77063	501.47998	74.122131	0.172129	0	-0.261393	9.00E-06	0.479665	2.00E-06	9.141049	179.87912	-35.007206	-0.077314	0	0.225265	-1.00E-06	-0.974906	-1.00E-06
5.32	-38.77063	502.67804	74.592155	0.172173	0	-0.261833	7.00E-06	0.479665	2.00E-06	9.141049	174.552994	-32.500065	-0.078303	0	0.225265	-1.00E-06	-0.974906	-1.00E-06
5.321	-38.77063	508.036102	75.53244	0.172369	0	-0.261876	7.00E-06	0.435042	2.00E-06	9.142489	171.442856	-29.914152	-0.078303	0	0.227481	-2.00E-06	-1.073263	-1.00E-06
5.322	-39.159885	511.481384	75.767517	0.172483	0	-0.261916	7.00E-06	0.420878	4.00E-06	9.142489	164.220154	-26.623547	-0.076265	0	0.227481	-2.00E-06	-1.041535	0
5.323	-39.396324	515.807251	76.86438	0.173129	0	-0.262431	1.10E-05	0.420878	3.00E-06	7.816138	153.053436	-24.272825	-0.076265	0	0.22478	-1.00E-06	-1.104898	0
5.324	-39.551304	521.826477	77.491028	0.173129	0	-0.262465	1.10E-05	0.420878	3.00E-06	7.57898	150.305481	-22.314159	-0.0765	0	0.222367	-1.00E-06	-1.041535	0
5.325	-40.094818	525.620056	78.117752	0.173153	0	-0.263333	1.10E-05	0.379529	3.00E-06	6.724782	145.154114	-21.13892	-0.077871	0	0.223531	-2.00E-06	-1.069205	0
5.326	-41.111931	530.279175	78.431274	0.172924	0	-0.263333	9.00E-06	0.379529	3.00E-06	6.724782	139.825302	-19.493576	-0.077871	0	0.223531	-2.00E-06	-1.00705	0
5.327	-41.191948	534.769775	78.901138	0.173392	0	-0.263428	1.30E-05	0.333239	6.00E-06	6.806242	133.772781	-17.456337	-0.07577	0	0.223531	-2.00E-06	-1.069205	0
5.328	-41.739067	539.935059	79.841347	0.173576	0	-0.263433	1.30E-05	0.367504	2.00E-06	6.806242	121.776489	-16.438042	-0.074554	0	0.217754	0	-0.994868	0
5.329	-41.895493	544.600708	79.919914	0.173667	0	-0.263558	1.30E-05	0.330493	6.00E-06	6.419871	118.674431	-14.870949	-0.074554	0	0.217754	0	-1.031724	0
5.33	-41.895493	550.269287	80.468506	0.17385	0	-0.264559	4.00E-06	0.300754	4.00E-06	6.340577	116.612701	-13.068863	-0.074554	0	0.219111	0	-1.031724	0
5.331	-41.65905	555.092407	80.860245	0.17385	0	-0.264952	4.00E-06	0.300754	7.00E-06	5.957095	110.926727	-10.013367	-0.074591	0	0.219938	-1.00E-06	-1.13925	0
5.332	-41.114819	558.528809	81.330345	0.173644	0	-0.264952	3.00E-06	0.354956	6.00E-06	5.957095	106.633965	-7.898003	-0.07325	0	0.219774	-1.00E-06	-1.143884	0
5.333	-40.567696	561.643127	81.722	0.173344	0	-0.265244	7.00E-06	0.491509	6.00E-06	5.957095	100.779045	-5.782432	-0.071622	0	0.219774	-1.00E-06	-1.13925	0
5.334	-40.567696	566.790588	82.192024	0.173518	0	-0.265474	4.00E-06	0.46191	0	6.280043	95.979469	-4.528866	-0.071622	0	0.21478	-1.00E-06	-1.166644	-1.00E-06
5.335	-40.567696	568.190063	82.662048	0.173518	0	-0.265474	7.00E-06	0.59549	0	6.280043	89.098518	-1.081558	-0.071622	0	0.21478	-1.00E-06	-1.166644	-1.00E-06
5.336	-39.776199	577.503296	83.053825	0.173526	0	-0.265474	1.10E-05	0.46191	5.00E-06	6.280043	86.686546	0.641796	-0.072743	0	0.21666	-1.00E-06	-1.166644	0
5.337	-39.699791	580.253113	83.445595	0.173526	0	-0.265393	1.30E-05	0.481878	5.00E-06	5.424404	82.559662	0.798702	-0.07096	0	0.21666	-1.00E-06	-1.157694	0
5.338	-39.699791	584.574463	83.523682	0.173526	0	-0.265746	1.30E-05	0.329702	7.00E-06	5.192293	78.955818	1.503758	-0.070284	0	0.215618	-1.00E-06	-1.157694	0
5.339	-39.38694	590.271973	83.680504	0.173388	0	-0.265223	1.20E-05	0.481878	7.00E-06	5.192293	72.912659	2.287018	-0.068048	0	0.213654	-1.00E-06	-1.154712	0
5.34	-39.147617	593.723022	83.758354	0.173503	0	-0.265746	5.00E-06	0.550331	7.00E-06	4.960186	66.736023	3.697369	-0.068048	0	0.215618	-1.00E-06	-1.170286	0
5.341	-38.75692	601.118103	83.915375	0.173503	0	-0.266159	1.20E-05	0.550331	1.00E-06	4.884499	66.564728	4.245728	-0.066404	0	0.212321	-1.00E-06	-1.170286	0
5.342	-38.211964	606.63855	84.776733	0.173564	0	-0.266318	1.80E-05	0.554019	1.00E-06	4.884499	61.052338	4.245728	-0.062577	0	0.212321	-1.00E-06	-1.205288	0
5.343	-38.363335	610.610779	85.5606	0.173564	0	-0.266663	1.80E-05	0.554019	2.00E-06	4.410898	55.202831	3.618759	-0.062577	0	0.212321	0	-1.205288	0
5.344	-38.128342	616.980225	85.324921	0.173751	0	-0.266318	-2.00E-06	0.632665	2.00E-06	4.021645	52.619957	3.383728	-0.061582	0	0.205572	0	-1.081758	0
5.345	-38.359005	620.102661	85.403252	0.173717	0	-0.267077	-4.00E-06	0.632665	7.00E-06	4.021645	50.899261	3.383728	-0.0639	0	0.211149	0	-1.081758	0
5.346	-37.809719	628.369873	85.403252	0.173977	0	-0.267228	-2.00E-06	0.565841	2.00E-06	4.10166	47.63599	4.794239	-0.061582	0	0.211149	0	-1.082234	0
5.347	-37.809719	634.402954	86.343338	0.173797	0	-0.267375	1.00E-06	0.565841	1.00E-06	4.64878	43.156151	7.928387	-0.061561	0	0.21546	0	-1.285476	0
5.348	-37.809719	639.229858	87.126648	0.173977	0	-0.267463	1.00E-05	0.571225	1.00E-06	4.64878	35.055916	8.633362	-0.051883	0	0.21546	0	-1.380307	0
5.349	-37.653297	646.814819	87.204979	0.173879	0	-0.267521	1.10E-05	0.660088	4.00E-06	4.495965	31.627987	8.711651	-0.051883	0	0.199496	0	-1.380307	0
5.35	-37.805389	651.821045	87.596466	0.174088	0	-0.267523	1.10E-05	0.586342	8.00E-06	4.495965	31.283154	8.711815	-0.053076	0	0.199496	0	-1.370582	0
5.351	-37.411083	656.977783	87.753326	0.173914	0	-0.267898	6.00E-06	0.639007	4.00E-06	4.495965	29.384968	9.103626	-0.053076	0	0.209748	0	-1.370582	0
5.352	-37.411083	661.471924	88.849915	0.17415	0	-0.268104	6.00E-06	0.616681	0	4.338821	26.114773	10.357281	-0.048148	0	0.211581	0	-1.449659	0
5.353	-37.254662	669.575562	89.163322	0.173914	0	-0.268104	9.00E-06	0.616681	0	4.105989	23.868317	10.357281	-0.048148	0	0.214783	0	-1.449659	0
5.354	-36.937485	673.357544	89.398232	0.173827	0	-0.268774	9.00E-06	0.616681	5.00E-06	0	0	0	-0.13	0	0.305	0	0	0
5.355	-36.93676	676.80249	89.868134	0.173827	0	-0.268774	8.00E-06	0.658785	5.00E-06	0	0	0	-0.13	0	0.305	0	0	0
5.356	-36.778175	685.272949	90.416367	0.173655	0	-0.268464	8.00E-06	0.677586	5.00E-06	0	0	0	-0.13	0	0.305	0	0	0
5.357	-36.62175	688.192139	90.494698	0.174139	0	-0.268464	1.00E-05	0.658785	5.00E-06	0	0	0	-0.13	0	0.305	0	0	0
5.358	-36.148148	694.061279	90.494415	0.173901	0	-0.269116	1.00E-05	0.701254	5.00E-06	0	0	0	-0.13	0	0.305	0	0	0
5.359	-36.068855	701.11499	90.494415	0.173976	0	-0.269116	1.50E-05	0.619397	8.00E-06	0	0	0	-0.13	0	0.305	0	0	0
5.36	-36.068855	703.558594	90.494415	0.173901	0	-0.269204	1.20E-05	0.736959	5.00E-06	0	0	0	-0.13	0	0.305	0	0	0
5.361	-36.068855	710.262085	90.885712	0.173976	0	-0.269204	1.20E-05	0.670368	5.00E-06	0	0	0	-0.13	0	0.305	0	0	0
5.362	-35.987396	716.818237	90.885712	0.174059	0	-0.269204	1.00E-05	0.703099	2.00E-06	0	0	0	-0.13	0	0.305	0	0	0
5.363	-35.595253	720.789612	90.885712	0.174059	0	-0.269289	4.00E-06	0.703099	2.00E-06	0	0	0	-0.13	0	0.305	0	0	0
5.364	-35.828808	724.747192	90.963837	0.17396	0	-0.269143	1.00E-05	0.704613	3.00E-06	0	0	0	-0.13	0	0.305	0	0	0
5.365	-35.512352	729.413269	90.963837	0.17396	0	-0.269519	7.00E-06	0.74072	9.00E-06	0	0	0	-0.13	0	0.305	0	0	0
5.366	-35.67094	733.88916	90.885185	0.173896	0	-0.270077	1.60E-05	0.74072	9.00E-06	0	0	0	-0.13	0	0.305	0	0	0
5.367	-35.667336	738.531738	90.885185	0.174019	0	-0.270252	7.00E-06	0.769434	9.00E-06	0	0	0	-0.13	0	0.305	0	0	0
5.368	-35.67094	746.126221	91.511787	0.173961	0	-0.270363	3.00E-06	0.772023	7.00E-06	0	0	0	-0.13	0	0.305	0	0	0
5.369	-35.667336	747.840027	91.590042	0.174038	0	-0.270252	1.00E-06	0.772023	6.00E-06	0	0	0	-0.13	0	0.305	0	0	0
5.37	-35.196621	753.711121	91.590042	0.174024	0	-0.270496	3.00E-06	0.772023	3.00E-06	0	0	0	-0.13	0	0.305	0	0	0
5.371	-34.963066	759.221191	91.511749	0.174038	0	-0.270885	5.00E-06	0.748672	3.00E-06	0	0	0	-0.13	0	0.305	0	0	0
5.372	-34.959461	761.800537	91.27652	0.174024	0	-0.270885	1.00E-05	0.748672	4.00E-06	0	0	0	-0.13	0	0.305	0	0	0
5.373	-34.02092	766.633667	91.511749	0.173999	0	-0.270805	1.00E-05	0.791957	6.00E-06	0	0	0	-0.13	0	0.305	0	0	0
5.374	-33.790253	766.976562	91.746658	0.173888	0	-0.270775	6.00E-06	0.896191	4.00E-06	0	0	0	-0.13	0	0.305	0	0	0
5.375	-33.313766	773.007324	92.216766	0.173888	0	-0.270805	6.00E-06	0.791957	8.00E-06	0	0	0	-0.13	0	0.305	0	0	0
5.376	-33.005249	775.409607	92.216766	0.173848	0	-0.271251	9.00E-06	0.896191	7.00E-06	0	0	0	-0.13	0	0.305	0	0	0
5.377	-32.769531	778.525879	92.138229	0.173924	0	-0.271251	1.20E-05	0.921125	7.00E-06	0	0	0	-0.13	0	0.305	0	0	0
5.378	-32.533813	785.072021	92.138153	0.173924	0	-0.271151	9.00E-06	0.940495	4.00E-06	0	0	0	-0.13	0	0.305	0	0	0
5.379	-31.594551	785.940247	91.668015	0.173924	0	-0.271151	1.50E-05	0.936045	4.00E-06	0	0	0	-0.13	0	0.305	0	0	0
5.38	-31.594551	790.22876	91.511353	0.17397	0	-0.271703	1.50E-05	1.077946	4.00E-06	0	0	0	-0.13	0	0.305	0	0	0
5.381	-31.594551	791.281738	91.511307	0.173787	0	-0.271703	2.30E-05	1.042909	7.00E-06	0	0	0	-0.13	0	0.305	0	0	0
5.382	-31.674564	795.236572	91.511307	0.173943	0	-0.271744	2.30E-05	1.077946	4.00E-06	0	0	0	-0.13	0	0.305	0	0	0
5.383	-31.596714	799.887695	91.511185	0.173943	0	-0.271772	1.30E-05	1.060467	4.00E-06	0	0	0	-0.13	0	0.305	0	0	0
5.384	-31.596714	802.130981	90.962585	0.173943	0	-0.271774	5.00E-06	1.104088	4.00E-06	0	0	0	-0.13	0	0.305	0	0	0
5.385	-31.596714	804.897095	90.806046	0.173995	0	-0.271774	0	1.089832	8.00E-06	0	0	0	-0.13	0	0.305	0	0	0
5.386	-31.985249	808.856934	90.257339	0.174051	0	-0.272111	5.00E-06	1.089832	8.00E-06	0	0	0	-0.13	0	0.305	0	0	0
5.387	-32.144558	809.367554	89.709183	0.174177	0	-0.27282	0	1.076812	8.00E-06	0	0	0	-0.13	0	0.305	0	0	0
5.388	-32.144558	813.33667	89.709183	0.174051	0	-0.27282	7.00E-06	1.051768	8.00E-06	0	0	0	-0.13	0	0.305	0	0	0
5.389	-32.455238	813.504822	89.630646	0.174062	0	-0.272539	2.10E-05	1.011285	8.00E-06	0	0	0	-0.13	0	0.305	0	0	0
5.39	-32.533813	816.086548	89.39566	0.173713	0	-0.272539	2.10E-05	1.051768	8.00E-06	0	0	0	-0.13	0	0.305	0	0	0
5.391	-33.315929	817.295349	89.238632	0.174062	0	-0.272884	1.90E-05	1.002505	8.00E-06	0	0	0	-0.13	0	0.305	0	0	0
5.392	-33.315929	820.214844	89.238632	0.174143	0	-0.273145	1.80E-05	1.068256	1.70E-05	0	0	0	-0.13	0	0.305	0	0	0
5.393	-33.239521	820.214844	89.003883	0.174143	0	-0.273636	1.90E-05	1.068256	9.00E-06	0	0	0	-0.13	0	0.305	0	0	0
5.394	-33.080212	822.983948	88.846985	0.174013	0	-0.273145	2.00E-06	1.068256	9.00E-06	0	0	0	-0.13	0	0.305	0	0	0
5.395	-32.693844	822.983948	88.376999	0.173933	0	-0.273636	3.00E-06	1.134488	2.00E-06	0	0	0	-0.13	0	0.305	0	0	0
5.396	-32.693844	822.983948	88.768654	0.174013	0	-0.273666	3.00E-06	1.11582	2.00E-06	0	0	0	-0.13	0	0.305	0	0	0
5.397	-32.768806	825.390503	88.220291	0.173985	0	-0.273668	9.00E-06	1.221857	5.00E-06	0	0	0	-0.13	0	0.305	0	0	0
5.398	-33.317375	823.66864	88.141922	0.173985	0	-0.273666	9.00E-06	1.11582	5.00E-06	0	0	0	-0.13	0	0.305	0	0	0
5.399	-33.480293	824.181274	87.671982	0.173949	0	-0.273558	8.00E-06	1.284634	5.00E-06	0	0	0	-0.13	0	0.305	0	0	0
5.4	-33.480293	824.181274	87.12355	0.173949	0	-0.273558	8.00E-06	1.03618	6.00E-06	0	0	0	-0.13	0	0.305	0	0	0
5.401	-33.480293	825.383911	86.34008	0.173893	0	-0.273652	2.10E-05	1.284634	6.00E-06	0	0	0	-0.13	0	0.305	0	0	0
5.402	-33.481735	825.557922	86.261627	0.174072	0	-0.274232	2.20E-05	1.279135	4.00E-06	0	0	0	-0.13	0	0.305	0	0	0
5.403	-33.481735	826.245239	85.791687	0.174072	0	-0.274232	2.20E-05	1.307457	4.00E-06	0	0	0	-0.13	0	0.305	0	0	0
5.404	-33.481735	826.245239	85.399872	0.17417	0	-0.274374	2.20E-05	1.279135	2.00E-06	0	0	0	-0.13	0	0.305	0	0	0
5.405	-33.953171	825.897705	84.773109	0.17417	0	-0.27451	2.40E-05	1.29242	3.00E-06	0	0	0	-0.13	0	0.305	0	0	0
5.406	-33.718174	825.72876	84.695061	0.174251	0	-0.274543	1.10E-05	1.274576	2.00E-06	0	0	0	-0.13	0	0.305	0	0	0
5.407	-33.877483	825.897705	83.911354	0.174193	0	-0.274702	3.00E-06	1.29242	3.00E-06	0	0	0	-0.13	0	0.305	0	0	0
5.408	-33.877483	825.208374	83.676407	0.174193	0	-0.274787	3.00E-06	1.351898	7.00E-06	0	0	0	-0.13	0	0.305	0	0	0
5.409	-34.583191	828.132202	83.441254	0.174193	0	-0.275039	3.00E-06	1.351898	7.00E-06	0	0	0	-0.13	0	0.305	0	0	0
5.41	-34.895317	825.533936	82.971466	0.174145	0	-0.275051	-1.00E-06	1.351898	-1.00E-06	0	0	0	-0.13	0	0.305	0	0	0
5.411	-34.895317	825.533936	82.736191	0.174145	0	-0.275492	-1.00E-06	1.282795	-1.00E-06	0	0	0	-0.13	0	0.305	0	0	0
5.412	-34.896042	823.289001	82.187958	0.174145	0	-0.275697	8.00E-06	1.282795	1.00E-05	0	0	0	-0.13	0	0.305	0	0	0
5.413	-34.973892	823.289001	82.187958	0.174198	0	-0.275877	8.00E-06	1.282795	1.00E-05	0	0	0	-0.13	0	0.305	0	0	0
5.414	-35.131035	823.289001	82.109833	0.174348	0	-0.275877	1.70E-05	1.160481	7.00E-06	0	0	0	-0.13	0	0.305	0	0	0
5.415	-35.131035	822.429932	81.326279	0.174198	0	-0.275878	2.10E-05	1.32608	-1.00E-06	0	0	0	-0.13	0	0.305	0	0	0
5.416	-35.131035	821.73645	81.091293	0.174238	0	-0.276102	1.70E-05	1.194298	4.00E-06	0	0	0	-0.13	0	0.305	0	0	0
5.417	-35.603191	820.878967	80.229538	0.17411	0	-0.276166	1.00E-06	1.361436	4.00E-06	0	0	0	-0.13	0	0.305	0	0	0
5.418	-35.603191	818.973877	80.22937	0.17411	0	-0.276171	0	1.210835	4.00E-06	0	0	0	-0.13	0	0.305	0	0	0
5.419	-35.531116	818.973877	79.211037	0.17411	0	-0.276301	1.00E-06	1.365057	6.00E-06	0	0	0	-0.13	0	0.305	0	0	0
5.42	-35.531116	818.973877	78.740936	0.174728	0	-0.276301	-2.00E-06	1.217689	6.00E-06	0	0	0	-0.13	0	0.305	0	0	0
5.421	-36.003273	818.822632	78.505859	0.174728	0	-0.276301	3.00E-06	1.365057	9.00E-06	0	0	0	-0.13	0	0.305	0	0	0
5.422	-36.316116	816.926514	78.349243	0.174667	0	-0.276521	1.00E-05	1.328826	9.00E-06	0	0	0	-0.13	0	0.305	0	0	0
5.423	-36.003273	816.217163	77.017502	0.174471	0	-0.276521	1.00E-05	1.328826	1.00E-06	0	0	0	-0.13	0	0.305	0	0	0
5.424	-36.316116	814.325928	76.78231	0.174471	0	-0.276576	1.00E-05	1.320886	1.00E-06	0	0	0	-0.13	0	0.305	0	0	0
5.425	-36.472542	813.119751	75.920509	0.174494	0	-0.276874	1.90E-05	1.320886	3.00E-06	0	0	0	-0.13	0	0.305	0	0	0
5.426	-36.630409	813.290222	75.37204	0.174586	0	-0.276598	1.90E-05	1.320886	9.00E-06	0	0	0	-0.13	0	0.305	0	0	0
5.427	-36.630409	812.93335	75.058754	0.174645	0	-0.277229	1.90E-05	1.336882	9.00E-06	0	0	0	-0.13	0	0.305	0	0	0
5.428	-36.473984	812.93335	74.58889	0.174645	0	-0.277509	2.00E-05	1.307258	7.00E-06	0	0	0	-0.13	0	0.305	0	0	0
5.429	-36.472542	809.31189	74.196762	0.17438	0	-0.277557	1.50E-05	1.340229	7.00E-06	0	0	0	-0.13	0	0.305	0	0	0
5.43	-36.473984	808.444702	73.492142	0.174279	0	-0.277557	1.50E-05	1.292806	7.00E-06	0	0	0	-0.13	0	0.305	0	0	0
5.431	-36.166191	805.512817	73.491867	0.17438	0	-0.277557	1.50E-05	1.398065	6.00E-06	0	0	0	-0.13	0	0.305	0	0	0
5.432	-36.166191	804.14502	72.238373	0.174462	0	-0.277795	1.50E-05	1.292806	2.00E-06	0	0	0	-0.13	0	0.305	0	0	0
5.433	-36.01049	803.616577	72.003708	0.174534	0	-0.277873	1.50E-05	1.266072	6.00E-06	0	0	0	-0.13	0	0.305	0	0	0
5.434	-35.929749	802.762939	71.141663	0.174592	0	-0.277873	1.50E-05	1.266072	2.00E-06	0	0	0	-0.13	0	0.305	0	0	0
5.435	-35.856949	801.554138	70.750053	0.174731	0	-0.277873	2.50E-05	1.258205	7.00E-06	0	0	0	-0.13	0	0.305	0	0	0
5.436	-35.698364	800.700562	70.3582	0.174727	0	-0.277824	1.50E-05	1.403169	5.00E-06	0	0	0	-0.13	0	0.305	0	0	0
5.437	-35.698364	800.006226	69.418152	0.174876	0	-0.277836	6.00E-06	1.258205	5.00E-06	0	0	0	-0.13	0	0.305	0	0	0
5.438	-35.625561	794.327637	68.634926	0.174727	0	-0.277567	6.00E-06	1.288601	5.00E-06	0	0	0	-0.13	0	0.305	0	0	0
5.439	-35.625561	793.465942	68.556313	0.174566	0	-0.277836	4.00E-06	1.253149	1.30E-05	0	0	0	-0.13	0	0.305	0	0	0
5.44	-35.625561	792.586426	67.537933	0.174566	0	-0.278194	4.00E-06	1.288601	1.30E-05	0	0	0	-0.13	0	0.305	0	0	0
5.441	-35.545547	790.871155	67.146324	0.174782	0	-0.278194	3.00E-06	1.253149	9.00E-06	0	0	0	-0.13	0	0.305	0	0	0
5.442	-35.784149	789.830444	66.362938	0.174804	0	-0.278582	-3.00E-06	1.337145	9.00E-06	0	0	0	-0.13	0	0.305	0	0	0
5.443	-35.163509	788.10083	65.736053	0.174958	0	-0.278328	-3.00E-06	1.353357	9.00E-06	0	0	0	-0.13	0	0.305	0	0	0
5.444	-35.787037	787.76062	64.639389	0.174842	0	-0.278971	5.00E-06	1.353357	-2.00E-06	0	0	0	-0.13	0	0.305	0	0	0
5.445	-35.787037	786.714539	63.934292	0.174842	0	-0.278903	2.10E-05	1.287194	-4.00E-06	0	0	0	-0.13	0	0.305	0	0	0
5.446	-35.787037	783.449768	63.385857	0.174842	0	-0.279081	5.00E-06	1.287194	-2.00E-06	0	0	0	-0.13	0	0.305	0	0	0
5.447	-36.025642	781.720215	62.680679	0.174817	0	-0.278903	5.00E-06	1.305762	1.10E-05	0	0	0	-0.13	0	0.305	0	0	0
5.448	-35.554928	779.819763	62.445648	0.174817	0	-0.279081	5.00E-06	1.325656	1.10E-05	0	0	0	-0.13	0	0.305	0	0	0
5.449	-35.7164	776.709229	61.192116	0.174789	0	-0.279613	1.70E-05	1.349792	9.00E-06	0	0	0	-0.13	0	0.305	0	0	0
5.45	-35.399948	776.546448	61.03566	0.174721	0	-0.279613	2.30E-05	1.352672	9.00E-06	0	0	0	-0.13	0	0.305	0	0	0
5.451	-35.32354	772.410767	60.095253	0.174789	0	-0.279669	1.70E-05	1.352672	6.00E-06	0	0	0	-0.13	0	0.305	0	0	0
5.452	-35.32354	772.05542	59.938953	0.174643	0	-0.279596	8.00E-06	1.334955	1.10E-05	0	0	0	-0.13	0	0.305	0	0	0
5.453	-35.247856	769.127808	59.076954	0.174816	0	-0.279596	8.00E-06	1.309878	6.00E-06	0	0	0	-0.13	0	0.305	0	0	0
5.454	-34.625767	766.715515	58.685623	0.174816	0	-0.279596	8.00E-06	1.309878	4.00E-06	0	0	0	-0.13	0	0.305	0	0	0
5.455	-34.313644	765.337646	57.666924	0.174957	0	-0.279602	8.00E-06	1.309878	3.00E-06	0	0	0	-0.13	0	0.305	0	0	0
5.456	-34.08009	764.137329	56.961868	0.175008	0	-0.279721	4.00E-06	1.324949	3.00E-06	0	0	0	-0.13	0	0.305	0	0	0
5.457	-34.003681	758.967102	56.648464	0.174957	0	-0.279896	-4.00E-06	1.343349	4.00E-06	0	0	0	-0.13	0	0.305	0	0	0
5.458	-34.003681	758.264282	55.630047	0.175144	0	-0.279896	-4.00E-06	1.324949	7.00E-06	0	0	0	-0.13	0	0.305	0	0	0
5.459	-34.003681	755.519043	55.003361	0.175076	0	-0.280121	5.00E-06	1.343349	1.40E-05	0	0	0	-0.13	0	0.305	0	0	0
5.46	-34.160107	753.96814	54.376598	0.175144	0	-0.280139	5.00E-06	1.165813	1.40E-05	0	0	0	-0.13	0	0.305	0	0	0
5.461	-34.168762	752.400879	53.27977	0.175144	0	-0.28067	9.00E-06	1.377863	5.00E-06	0	0	0	-0.13	0	0.305	0	0	0
5.462	-34.168762	752.058716	52.966408	0.175144	0	-0.28067	1.70E-05	1.18042	5.00E-06	0	0	0	-0.13	0	0.305	0	0	0
5.463	-34.168762	749.464722	51.947948	0.175205	0	-0.280729	1.70E-05	1.362653	3.00E-06	0	0	0	-0.13	0	0.305	0	0	0
5.464	-34.090191	744.993408	51.634666	0.175205	0	-0.280729	9.00E-06	1.357416	8.00E-06	0	0	0	-0.13	0	0.305	0	0	0
5.465	-34.090191	744.459229	50.851158	0.175205	0	-0.281432	9.00E-06	1.357416	3.00E-06	0	0	0	-0.13	0	0.305	0	0	0
5.466	-34.091633	740.149109	50.772953	0.175243	0	-0.281458	-1.00E-06	1.357416	1.00E-05	0	0	0	-0.13	0	0.305	0	0	0
5.467	-34.093079	739.293945	50.067978	0.175231	0	-0.281549	1.60E-05	1.345072	5.00E-06	0	0	0	-0.13	0	0.305	0	0	0
5.468	-34.091633	737.392273	49.989403	0.175269	0	-0.281549	6.00E-06	1.362187	8.00E-06	0	0	0	-0.13	0	0.305	0	0	0
5.469	-33.781673	734.981567	49.44117	0.175284	0	-0.282133	1.20E-05	1.3489	5.00E-06	0	0	0	-0.13	0	0.305	0	0	0
5.47	-33.313126	733.415527	49.206139	0.175301	0	-0.282175	1.20E-05	1.3489	1.00E-06	0	0	0	-0.13	0	0.305	0	0	0
5.471	-33.154537	730.661804	49.12809	0.175367	0	-0.282175	1.90E-05	1.328956	1.00E-06	0	0	0	-0.13	0	0.305	0	0	0
5.472	-32.922428	727.746094	48.109592	0.175377	0	-0.282175	1.90E-05	1.323251	1.00E-06	0	0	0	-0.13	0	0.305	0	0	0
5.473	-32.690315	725.492798	47.874317	0.175377	0	-0.281916	1.60E-05	1.328956	5.00E-06	0	0	0	-0.13	0	0.305	0	0	0
5.474	-32.690315	723.411011	46.699524	0.175471	0	-0.282214	1.60E-05	1.323251	5.00E-06	0	0	0	-0.13	0	0.305	0	0	0
5.475	-32.690315	722.92041	46.699524	0.175553	0	-0.282058	1.60E-05	1.283871	5.00E-06	0	0	0	-0.13	0	0.305	0	0	0
5.476	-32.536781	721.876221	46.699524	0.175793	0	-0.282604	1.50E-05	1.233524	5.00E-06	0	0	0	-0.13	0	0.305	0	0	0
5.477	-32.298176	721.69989	45.445751	0.175874	0	-0.282604	1.50E-05	1.233524	7.00E-06	0	0	0	-0.13	0	0.305	0	0	0
5.478	-32.146805	715.843445	45.21096	0.175874	0	-0.282741	1.70E-05	1.286837	9.00E-06	0	0	0	-0.13	0	0.305	0	0	0
5.479	-32.146805	714.967896	44.740734	0.175865	0	-0.283016	1.70E-05	1.286837	9.00E-06	0	0	0	-0.13	0	0.305	0	0	0
5.48	-32.146805	713.945312	44.584198	0.175729	0	-0.283063	1.50E-05	1.286837	1.00E-05	0	0	0	-0.13	0	0.305	0	0	0
5.481	-32.537502	712.558594	44.506023	0.175865	0	-0.283082	4.00E-06	1.277319	1.00E-05	0	0	0	-0.13	0	0.305	0	0	0
5.482	-32.537502	711.691895	43.722435	0.175729	0	-0.283863	4.00E-06	1.302236	5.00E-06	0	0	0	-0.13	0	0.305	0	0	0
5.483	-32.537502	708.236145	43.409115	0.176216	0	-0.284017	1.50E-05	1.203821	5.00E-06	0	0	0	-0.13	0	0.305	0	0	0
5.484	-32.464703	707.383667	43.017426	0.175907	0	-0.284118	1.50E-05	1.302236	4.00E-06	0	0	0	-0.13	0	0.305	0	0	0
5.485	-32.382523	705.822266	42.390697	0.175907	0	-0.284173	1.40E-05	1.274096	4.00E-06	0	0	0	-0.13	0	0.305	0	0	0
5.486	-32.152576	703.746704	41.998844	0.175907	0	-0.284312	6.00E-06	1.274096	3.00E-06	0	0	0	-0.13	0	0.305	0	0	0
5.487	-31.75827	702.026001	41.920834	0.176093	0	-0.284747	6.00E-06	1.245094	3.00E-06	0	0	0	-0.13	0	0.305	0	0	0
5.488	-32.152576	699.2677	41.137329	0.176093	0	-0.284747	-2.00E-06	1.236178	5.00E-06	0	0	0	-0.13	0	0.305	0	0	0
5.489	-31.368294	697.532654	40.980427	0.175881	0	-0.284915	8.00E-06	1.223295	9.00E-06	0	0	0	-0.13	0	0.305	0	0	0
5.49	-31.290443	697.202515	40.197083	0.175858	0	-0.285227	3.00E-06	1.223295	9.00E-06	0	0	0	-0.13	0	0.305	0	0	0
5.491	-31.290443	694.606567	39.648647	0.175881	0	-0.28556	8.00E-06	1.290998	1.00E-05	0	0	0	-0.13	0	0.305	0	0	0
5.492	-31.059055	693.917236	39.570354	0.176338	0	-0.28571	1.10E-05	1.290998	5.00E-06	0	0	0	-0.13	0	0.305	0	0	0
5.493	-30.901911	692.542542	38.943672	0.176442	0	-0.28556	1.10E-05	1.286885	5.00E-06	0	0	0	-0.13	0	0.305	0	0	0
5.494	-30.901911	692.373535	38.395115	0.176442	0	-0.28571	1.50E-05	1.286885	0	0	0	0	-0.13	0	0.305	0	0	0
5.495	-30.826223	691.163208	38.160404	0.176605	0	-0.285289	-2.00E-06	1.286885	-1.00E-06	0	0	0	-0.13	0	0.305	0	0	0
5.496	-30.984091	690.464233	37.768471	0.176743	0	-0.285877	1.50E-05	1.187921	0	0	0	0	-0.13	0	0.305	0	0	0
5.497	-31.059055	689.960449	37.298206	0.176743	0	-0.285877	1.40E-05	1.141231	9.00E-06	0	0	0	-0.13	0	0.305	0	0	0
5.498	-31.139071	689.094116	36.985126	0.176949	0	-0.286302	1.60E-05	1.141231	1.20E-05	0	0	0	-0.13	0	0.305	0	0	0
5.499	-31.139071	687.01355	35.966511	0.176713	0	-0.28659	1.40E-05	1.121257	1.20E-05	0	0	0	-0.13	0	0.305	0	0	0
5.5	-31.604733	686.666382	35.653027	0.176858	0	-0.2865	1.00E-06	1.063541	1.00E-05	0	0	0	-0.13	0	0.305	0	0	0
5.501	-31.604733	686.315796	35.261414	0.176811	0	-0.286703	1.00E-06	1.063541	5.00E-06	0	0	0	-0.13	0	0.305	0	0	0
5.502	-31.529047	685.128906	34.86964	0.176858	0	-0.287125	3.00E-06	1.063541	5.00E-06	0	0	0	-0.13	0	0.305	0	0	0
5.503	-31.454082	683.910034	34.71294	0.176958	0	-0.287193	3.00E-06	1.14292	5.00E-06	0	0	0	-0.13	0	0.305	0	0	0
5.504	-31.529047	682.872803	34.477985	0.177047	0	-0.287297	1.30E-05	1.138623	5.00E-06	0	0	0	-0.13	0	0.305	0	0	0
5.505	-31.532656	680.45697	34.086132	0.176958	0	-0.287327	1.30E-05	1.138754	3.00E-06	0	0	0	-0.13	0	0.305	0	0	0
5.506	-31.532656	679.415527	33.61615	0.176996	0	-0.287989	1.30E-05	1.138623	3.00E-06	0	0	0	-0.13	0	0.305	0	0	0
5.507	-31.532656	678.899048	33.145966	0.176996	0	-0.288035	7.00E-06	1.016737	6.00E-06	0	0	0	-0.13	0	0.305	0	0	0
5.508	-31.526882	678.899048	33.067799	0.177087	0	-0.288035	2.40E-05	1.014488	8.00E-06	0	0	0	-0.13	0	0.305	0	0	0
5.509	-31.526882	678.726562	32.284412	0.177167	0	-0.288185	1.50E-05	0.955583	8.00E-06	0	0	0	-0.13	0	0.305	0	0	0
5.51	-31.374788	677.527405	32.127468	0.17726	0	-0.288696	1.50E-05	0.914453	6.00E-06	0	0	0	-0.13	0	0.305	0	0	0
5.511	-31.374065	675.448303	30.952387	0.17726	0	-0.288736	1.50E-05	0.955583	6.00E-06	0	0	0	-0.13	0	0.305	0	0	0
5.512	-31.374065	674.593994	30.717157	0.17726	0	-0.288736	6.00E-06	0.947406	6.00E-06	0	0	0	-0.13	0	0.305	0	0	0
5.513	-31.374065	674.593994	30.952387	0.177399	0	-0.288744	1.40E-05	0.947406	1.00E-06	0	0	0	-0.13	0	0.305	0	0	0
5.514	-31.607618	673.390503	30.482122	0.177529	0	-0.288744	8.00E-06	0.934857	7.00E-06	0	0	0	-0.13	0	0.305	0	0	0
5.515	-31.373346	673.390503	29.698616	0.17759	0	-0.289041	1.10E-05	0.865227	1.00E-06	0	0	0	-0.13	0	0.305	0	0	0
5.516	-31.920467	674.243286	28.993723	0.17773	0	-0.289595	8.00E-06	0.865227	9.00E-06	0	0	0	-0.13	0	0.305	0	0	0
5.517	-31.529768	674.243286	28.60199	0.178245	0	-0.289595	-3.00E-06	0.835781	4.00E-06	0	0	0	-0.13	0	0.305	0	0	0
5.518	-32.623291	673.043335	28.366838	0.178289	0	-0.289706	-3.00E-06	0.827295	9.00E-06	0	0	0	-0.13	0	0.305	0	0	0
5.519	-32.626175	673.043335	27.583372	0.178245	0	-0.290295	3.00E-06	0.835781	1.10E-05	0	0	0	-0.13	0	0.305	0	0	0
5.52	-32.936138	672.858154	27.42667	0.178289	0	-0.290373	1.00E-05	0.827295	1.30E-05	0	0	0	-0.13	0	0.305	0	0	0
5.521	-32.936138	671.12738	26.721373	0.178227	0	-0.290621	7.00E-06	0.8289	1.30E-05	0	0	0	-0.13	0	0.305	0	0	0
5.522	-32.936138	670.96344	26.643364	0.178302	0	-0.290873	7.00E-06	0.672201	6.00E-06	0	0	0	-0.13	0	0.305	0	0	0
5.523	-33.327557	669.404663	26.408213	0.178369	0	-0.291233	7.00E-06	0.8289	3.00E-06	0	0	0	-0.13	0	0.305	0	0	0
5.524	-33.408295	669.398926	26.408213	0.178369	0	-0.291784	5.00E-06	0.776514	6.00E-06	0	0	0	-0.13	0	0.305	0	0	0
5.525	-33.796104	669.388916	25.938026	0.178705	0	-0.291827	1.10E-05	0.776514	6.00E-06	0	0	0	-0.13	0	0.305	0	0	0
5.526	-33.875397	668.713501	25.389635	0.178241	0	-0.292022	5.00E-06	0.686339	6.00E-06	0	0	0	-0.13	0	0.305	0	0	0
5.527	-33.796104	665.772339	25.076391	0.178271	0	-0.292268	0	0.581838	9.00E-06	0	0	0	-0.13	0	0.305	0	0	0
5.528	-33.486866	665.772339	24.527998	0.178271	0	-0.292431	0	0.581838	4.00E-06	0	0	0	-0.13	0	0.305	0	0	0
5.529	-33.091118	665.772339	25.076391	0.178951	0	-0.292431	0	0.631401	4.00E-06	0	0	0	-0.13	0	0.305	0	0	0
5.53	-33.486866	665.430176	25.076473	0.179148	0	-0.292473	0	0.681274	4.00E-06	0	0	0	-0.13	0	0.305	0	0	0
5.531	-33.24754	665.080322	25.076473	0.178951	0	-0.29267	0	0.638849	4.00E-06	0	0	0	-0.13	0	0.305	0	0	0
5.532	-33.327557	664.380981	24.293007	0.178936	0	-0.293653	4.00E-06	0.638849	7.00E-06	0	0	0	-0.13	0	0.305	0	0	0
5.533	-33.327557	664.380981	23.822701	0.178936	0	-0.293653	2.10E-05	0.615038	3.00E-06	0	0	0	-0.13	0	0.305	0	0	0
5.534	-33.795383	665.243408	23.587992	0.179259	0	-0.293653	2.00E-05	0.571567	7.00E-06	0	0	0	-0.13	0	0.305	0	0	0
5.535	-33.795383	666.12439	23.587992	0.179295	0	-0.29349	2.00E-05	0.571567	1.00E-06	0	0	0	-0.13	0	0.305	0	0	0
5.536	-33.795383	665.243408	23.587992	0.179415	0	-0.293769	1.00E-05	0.540824	-1.00E-06	0	0	0	-0.13	0	0.305	0	0	0
5.537	-33.793941	664.545166	22.882776	0.179881	0	-0.294785	6.00E-06	0.540824	-1.00E-06	0	0	0	-0.13	0	0.305	0	0	0
5.538	-34.18536	664.545166	22.882776	0.179812	0	-0.294851	6.00E-06	0.431753	4.00E-06	0	0	0	-0.13	0	0.305	0	0	0
5.539	-34.18536	661.97168	22.09919	0.179812	0	-0.294911	8.00E-06	0.40934	5.00E-06	0	0	0	-0.13	0	0.305	0	0	0
5.54	-34.18969	665.231018	21.864317	0.179812	0	-0.295455	2.20E-05	0.40934	4.00E-06	0	0	0	-0.13	0	0.305	0	0	0
5.541	-34.808891	662.639709	22.09919	0.180014	0	-0.295656	1.40E-05	0.408173	9.00E-06	0	0	0	-0.13	0	0.305	0	0	0
5.542	-34.266098	662.639709	21.864317	0.180014	0	-0.295656	1.40E-05	0.573285	0	0	0	0	-0.13	0	0.305	0	0	0
5.543	-34.808167	662.639709	21.394215	0.180037	0	-0.29619	1.20E-05	0.313038	0	0	0	0	-0.13	0	0.305	0	0	0
5.544	-34.266098	662.471558	21.394093	0.179787	0	-0.296504	1.20E-05	0.474454	0	0	0	0	-0.13	0	0.305	0	0	0
5.545	-34.026051	661.081421	21.315842	0.18001	0	-0.296504	1.10E-05	0.306549	3.00E-06	0	0	0	-0.13	0	0.305	0	0	0
5.546	-34.026051	660.912842	21.002522	0.179893	0	-0.296498	1.10E-05	0.456978	3.00E-06	0	0	0	-0.13	0	0.305	0	0	0
5.547	-34.026051	659.535767	21.002522	0.179893	0	-0.296498	6.00E-06	0.270396	0	0	0	0	-0.13	0	0.305	0	0	0
5.548	-34.499649	660.56488	21.002522	0.179893	0	-0.296654	3.00E-06	0.255902	0	0	0	0	-0.13	0	0.305	0	0	0
5.549	-33.556778	660.56488	20.454004	0.180128	0	-0.297245	3.00E-06	0.255902	4.00E-06	0	0	0	-0.13	0	0.305	0	0	0
5.55	-33.634632	661.934937	20.454004	0.180466	0	-0.297566	1.70E-05	0.315394	1.30E-05	0	0	0	-0.13	0	0.305	0	0	0
5.551	-33.634632	661.934937	20.375713	0.180466	0	-0.297566	1.70E-05	0.315394	1.30E-05	0	0	0	-0.13	0	0.305	0	0	0
5.552	-33.634632	661.758606	19.827322	0.180436	0	-0.297702	1.60E-05	0.21189	1.30E-05	0	0	0	-0.13	0	0.305	0	0	0
5.553	-33.711761	661.758606	19.827322	0.180436	0	-0.298102	1.60E-05	0.21189	9.00E-06	0	0	0	-0.13	0	0.305	0	0	0
5.554	-33.241768	661.758606	19.82736	0.180436	0	-0.298102	1.80E-05	0.138303	7.00E-06	0	0	0	-0.13	0	0.305	0	0	0
5.555	-33.241768	662.096558	19.82736	0.180834	0	-0.298467	1.80E-05	0.230253	1.00E-06	0	0	0	-0.13	0	0.305	0	0	0
5.556	-33.241768	663.304565	19.67066	0.180706	0	-0.298713	3.00E-06	0.19494	7.00E-06	0	0	0	-0.13	0	0.305	0	0	0
5.557	-32.931084	663.304565	18.965405	0.181282	0	-0.299128	3.00E-06	0.19494	7.00E-06	0	0	0	-0.13	0	0.305	0	0	0
5.558	-33.0839	663.304565	18.730532	0.181245	0	-0.299351	0	0.19494	7.00E-06	0	0	0	-0.13	0	0.305	0	0	0
5.559	-33.0839	662.596375	18.260107	0.181245	0	-0.299385	1.50E-05	0.086409	7.00E-06	0	0	0	-0.13	0	0.305	0	0	0
5.56	-33.0839	663.996948	18.103687	0.181245	0	-0.299385	4.00E-06	0.054115	7.00E-06	0	0	0	-0.13	0	0.305	0	0	0
5.561	-32.691761	663.996948	18.103565	0.180883	0	-0.29981	4.00E-06	0.051427	9.00E-06	0	0	0	-0.13	0	0.305	0	0	0
5.562	-32.456764	663.996948	18.103565	0.181259	0	-0.299308	4.00E-06	0.022527	7.00E-06	0	0	0	-0.13	0	0.305	0	0	0
5.563	-32.224655	663.819519	17.868694	0.180922	0	-0.300291	4.00E-06	0.022527	4.00E-06	0	0	0	-0.13	0	0.305	0	0	0
5.564	-32.221767	663.451111	17.555172	0.181303	0	-0.300524	5.00E-06	0.025055	4.00E-06	0	0	0	-0.13	0	0.305	0	0	0
5.565	-31.985329	663.451111	17.163279	0.181096	0	-0.30063	5.00E-06	0.025055	4.00E-06	0	0	0	-0.13	0	0.305	0	0	0
5.566	-31.669596	664.322388	16.771664	0.18139	0	-0.300769	1.30E-05	-0.00052	2.00E-06	0	0	0	-0.13	0	0.305	0	0	0
5.567	-31.595354	664.655334	16.536514	0.181096	0	-0.30063	1.50E-05	-0.00052	1.00E-06	0	0	0	-0.13	0	0.305	0	0	0
5.568	-31.050396	664.656494	16.06657	0.18139	0	-0.300964	1.60E-05	2.60E-05	2.00E-06	0	0	0	-0.13	0	0.305	0	0	0
5.569	-30.811792	665.863037	15.988199	0.1815	0	-0.300686	1.60E-05	2.60E-05	2.00E-06	0	0	0	-0.13	0	0.305	0	0	0
5.57	-30.811792	666.385315	15.909668	0.1815	0	-0.301366	0	-0.056851	2.00E-06	0	0	0	-0.13	0	0.305	0	0	0
5.571	-30.186819	666.385315	15.204734	0.1815	0	-0.30116	0	-0.091333	2.00E-06	0	0	0	-0.13	0	0.305	0	0	0
5.572	-30.186819	667.068787	15.204572	0.1815	0	-0.301412	2.00E-06	-0.154417	2.00E-06	0	0	0	-0.13	0	0.305	0	0	0
5.573	-29.948936	667.068787	14.264485	0.181875	0	-0.301636	8.00E-06	-0.154417	5.00E-06	0	0	0	-0.13	0	0.305	0	0	0
5.574	-29.948936	668.445068	14.264204	0.181875	0	-0.301877	8.00E-06	-0.154417	6.00E-06	0	0	0	-0.13	0	0.305	0	0	0
5.575	-29.948936	669.991394	14.029372	0.182077	0	-0.302191	1.30E-05	-0.125481	5.00E-06	0	0	0	-0.13	0	0.305	0	0	0
5.576	-29.947495	670.501282	13.715688	0.182061	0	-0.302754	1.20E-05	-0.124375	6.00E-06	0	0	0	-0.13	0	0.305	0	0	0
5.577	-29.558962	671.535034	13.089084	0.182235	0	-0.302833	1.20E-05	-0.124375	6.00E-06	0	0	0	-0.13	0	0.305	0	0	0
5.578	-29.557518	671.535034	13.088842	0.182302	0	-0.302838	1.10E-05	-0.164553	7.00E-06	0	0	0	-0.13	0	0.305	0	0	0
5.579	-29.243229	671.697815	12.77548	0.182361	0	-0.303061	6.00E-06	-0.197801	9.00E-06	0	0	0	-0.13	0	0.305	0	0	0
5.58	-29.243229	672.234314	12.227166	0.18276	0	-0.30315	1.10E-05	-0.337768	9.00E-06	0	0	0	-0.13	0	0.305	0	0	0
5.581	-29.243229	672.373535	12.148716	0.182361	0	-0.303457	7.00E-06	-0.197801	9.00E-06	0	0	0	-0.13	0	0.305	0	0	0
5.582	-29.161047	672.373535	12.070386	0.18276	0	-0.303633	8.00E-06	-0.281581	1.10E-05	0	0	0	-0.13	0	0.305	0	0	0
5.583	-28.929659	672.373535	11.992015	0.182499	0	-0.304283	7.00E-06	-0.251643	1.10E-05	0	0	0	-0.13	0	0.305	0	0	0
5.584	-28.927494	672.549011	11.913563	0.182499	0	-0.303666	8.00E-06	-0.281581	6.00E-06	0	0	0	-0.13	0	0.305	0	0	0
5.585	-28.37532	672.905518	11.36517	0.182499	0	-0.304041	1.30E-05	-0.320573	5.00E-06	0	0	0	-0.13	0	0.305	0	0	0
5.586	-28.302521	672.905518	11.130298	0.182648	0	-0.304041	1.30E-05	-0.465989	6.00E-06	0	0	0	-0.13	0	0.305	0	0	0
5.587	-27.990395	673.076721	10.346632	0.182648	0	-0.304146	9.00E-06	-0.320573	9.00E-06	0	0	0	-0.13	0	0.305	0	0	0
5.588	-27.990395	672.895386	9.954898	0.182687	0	-0.304216	7.00E-06	-0.465989	9.00E-06	0	0	0	-0.13	0	0.305	0	0	0
5.589	-27.990395	673.2453	10.11164	0.182687	0	-0.304698	9.00E-06	-0.374519	4.00E-06	0	0	0	-0.13	0	0.305	0	0	0
5.59	-28.061752	676.683228	9.954898	0.183098	0	-0.304893	7.00E-06	-0.485199	1.00E-06	0	0	0	-0.13	0	0.305	0	0	0
5.591	-28.061752	676.683228	9.954938	0.183098	0	-0.304919	9.00E-06	-0.382517	2.00E-06	0	0	0	-0.13	0	0.305	0	0	0
5.592	-28.061752	676.683228	9.719785	0.183158	0	-0.305229	1.60E-05	-0.469688	2.00E-06	0	0	0	-0.13	0	0.305	0	0	0
5.593	-27.905331	677.034973	9.092939	0.183427	0	-0.305229	1.60E-05	-0.468045	3.00E-06	0	0	0	-0.13	0	0.305	0	0	0
5.594	-27.827478	678.577026	8.936238	0.18343	0	-0.305837	1.30E-05	-0.469688	3.00E-06	0	0	0	-0.13	0	0.305	0	0	0
5.595	-27.905331	679.780518	8.701246	0.183747	0	-0.305925	7.00E-06	-0.475404	3.00E-06	0	0	0	-0.13	0	0.305	0	0	0
5.596	-27.981739	679.263672	8.544504	0.183747	0	-0.306212	1.30E-05	-0.55577	3.00E-06	0	0	0	-0.13	0	0.305	0	0	0
5.597	-27.982458	680.810059	8.544504	0.183686	0	-0.306334	1.50E-05	-0.55577	4.00E-06	0	0	0	-0.13	0	0.305	0	0	0
5.598	-27.982458	680.452026	7.839491	0.183686	0	-0.3066	1.50E-05	-0.588579	1.00E-05	0	0	0	-0.13	0	0.305	0	0	0
5.599	-27.982458	680.452026	7.760999	0.183942	0	-0.306666	1.50E-05	-0.640403	4.00E-06	0	0	0	-0.13	0	0.305	0	0	0
5.6	-28.447399	680.108704	7.447677	0.183942	0	-0.307418	1.50E-05	-0.657328	5.00E-06	0	0	0	-0.13	0	0.305	0	0	0
5.601	-27.904608	678.735962	7.447677	0.183889	0	-0.307355	1.50E-05	-0.657328	5.00E-06	0	0	0	-0.13	0	0.305	0	0	0
5.602	-28.133831	680.108704	7.526007	0.183889	0	-0.307445	3.00E-06	-0.730776	5.00E-06	0	0	0	-0.13	0	0.305	0	0	0
5.603	-28.133831	678.91217	7.526007	0.183832	0	-0.307466	3.00E-06	-0.669605	5.00E-06	0	0	0	-0.13	0	0.305	0	0	0
5.604	-28.133831	680.286865	6.664049	0.184067	0	-0.307466	3.00E-06	-0.836509	8.00E-06	0	0	0	-0.13	0	0.305	0	0	0
5.605	-28.290977	679.08728	6.429138	0.184097	0	-0.307466	3.00E-06	-0.793781	3.00E-06	0	0	0	-0.13	0	0.305	0	0	0
5.606	-28.290255	680.455811	6.350929	0.184212	0	-0.307871	3.00E-06	-0.836509	7.00E-06	0	0	0	-0.13	0	0.305	0	0	0
5.607	-28.290977	680.455811	5.959114	0.184361	0	-0.308027	1.20E-05	-0.793781	7.00E-06	0	0	0	-0.13	0	0.305	0	0	0
5.608	-28.525972	680.954956	5.33227	0.184224	0	-0.308796	1.40E-05	-0.742495	7.00E-06	0	0	0	-0.13	0	0.305	0	0	0
5.609	-28.525972	681.492676	5.33227	0.184705	0	-0.308796	1.90E-05	-0.742495	4.00E-06	0	0	0	-0.13	0	0.305	0	0	0
5.61	-28.291697	683.041382	5.253817	0.18471	0	-0.308688	1.90E-05	-0.807365	4.00E-06	0	0	0	-0.13	0	0.305	0	0	0
5.611	-28.290977	683.041382	4.783957	0.184865	0	-0.308688	1.30E-05	-0.807365	3.00E-06	0	0	0	-0.13	0	0.305	0	0	0
5.612	-28.291697	684.408691	4.783714	0.184915	0	-0.309082	1.00E-05	-0.730781	3.00E-06	0	0	0	-0.13	0	0.305	0	0	0
5.613	-29.149502	682.338135	4.235601	0.184865	0	-0.309366	7.00E-06	-0.730781	3.00E-06	0	0	0	-0.13	0	0.305	0	0	0
5.614	-29.149502	682.338135	4.078859	0.185021	0	-0.309959	7.00E-06	-0.774968	6.00E-06	0	0	0	-0.13	0	0.305	0	0	0
5.615	-29.149502	682.338135	3.686846	0.185021	0	-0.310138	3.00E-06	-0.8134	6.00E-06	0	0	0	-0.13	0	0.305	0	0	0
5.616	-29.461626	681.98938	3.765577	0.185135	0	-0.310277	7.00E-06	-0.844755	6.00E-06	0	0	0	-0.13	0	0.305	0	0	0
5.617	-29.61805	684.064209	3.765095	0.185147	0	-0.310363	0	-0.8134	5.00E-06	0	0	0	-0.13	0	0.305	0	0	0
5.618	-29.775917	682.315308	3.765095	0.185147	0	-0.310433	7.00E-06	-0.897992	2.00E-06	0	0	0	-0.13	0	0.305	0	0	0
5.619	-29.853046	682.315308	3.217024	0.185272	0	-0.310953	0	-0.897992	0	0	0	0	-0.13	0	0.305	0	0	0
5.62	-30.165173	680.755737	2.903542	0.185031	0	-0.311404	1.40E-05	-0.906806	0	0	0	0	-0.13	0	0.305	0	0	0
5.621	-30.165173	680.608459	2.903542	0.185272	0	-0.311646	9.00E-06	-0.913347	3.00E-06	0	0	0	-0.13	0	0.305	0	0	0
5.622	-29.464514	680.755737	2.511766	0.185389	0	-0.311825	1.70E-05	-0.913347	3.00E-06	0	0	0	-0.13	0	0.305	0	0	0
5.623	-29.464514	679.74292	2.9035	0.185471	0	-0.311646	1.70E-05	-0.899868	3.00E-06	0	0	0	-0.13	0	0.305	0	0	0
5.624	-30.010914	680.946777	2.041824	0.185589	0	-0.311819	2.30E-05	-0.827542	3.00E-06	0	0	0	-0.13	0	0.305	0	0	0
5.625	-30.010914	680.946777	2.041702	0.185595	0	-0.311819	2.30E-05	-0.899868	5.00E-06	0	0	0	-0.13	0	0.305	0	0	0
5.626	-30.010914	680.946777	1.415138	0.185602	0	-0.312385	1.20E-05	-0.870694	5.00E-06	0	0	0	-0.13	0	0.305	0	0	0
5.627	-30.163727	678.70105	1.258478	0.18569	0	-0.312399	9.00E-06	-1.050095	5.00E-06	0	0	0	-0.13	0	0.305	0	0	0
5.628	-30.325203	678.012451	0.866625	0.18569	0	-0.312399	2.00E-06	-0.870694	7.00E-06	0	0	0	-0.13	0	0.305	0	0	0
5.629	-30.168056	678.70105	0.47485	0.185711	0	-0.312555	2.00E-06	-0.853904	1.10E-05	0	0	0	-0.13	0	0.305	0	0	0
5.63	-30.796638	679.902954	0.47485	0.185868	0	-0.312817	2.00E-05	-0.785423	1.20E-05	0	0	0	-0.13	0	0.305	0	0	0
5.631	-30.791588	679.902954	0.474892	0.186066	0	-0.313321	2.00E-05	-0.853904	1.10E-05	0	0	0	-0.13	0	0.305	0	0	0
5.632	-31.02947	680.582886	0.474892	0.186277	0	-0.313753	1.30E-05	-0.822112	6.00E-06	0	0	0	-0.13	0	0.305	0	0	0
5.633	-30.869438	680.058716	-0.387068	0.186342	0	-0.313878	1.30E-05	-0.893716	4.00E-06	0	0	0	-0.13	0	0.305	0	0	0
5.634	-31.573704	680.584839	-0.543728	0.186453	0	-0.31398	1.00E-05	-0.877156	6.00E-06	0	0	0	-0.13	0	0.305	0	0	0
5.635	-31.573704	680.058716	-0.543728	0.186453	0	-0.314338	1.80E-05	-0.893716	9.00E-06	0	0	0	-0.13	0	0.305	0	0	0
5.636	-31.573704	678.854858	-1.092121	0.186453	0	-0.314413	1.90E-05	-0.936474	9.00E-06	0	0	0	-0.13	0	0.305	0	0	0
5.637	-31.496576	677.809143	-1.797176	0.18652	0	-0.314621	1.90E-05	-0.946813	8.00E-06	0	0	0	-0.13	0	0.305	0	0	0
5.638	-31.496576	676.451416	-1.797176	0.186401	0	-0.314817	1.80E-05	-0.936474	8.00E-06	0	0	0	-0.13	0	0.305	0	0	0
5.639	-31.498018	675.753235	-1.875427	0.186895	0	-0.3151	1.40E-05	-0.946813	8.00E-06	0	0	0	-0.13	0	0.305	0	0	0
5.64	-31.576591	675.753235	-2.188951	0.186813	0	-0.31519	1.80E-05	-0.871571	8.00E-06	0	0	0	-0.13	0	0.305	0	0	0
5.641	-31.498018	675.753235	-2.4237	0.186839	0	-0.315221	2.00E-05	-0.971935	6.00E-06	0	0	0	-0.13	0	0.305	0	0	0
5.642	-31.654442	675.054993	-2.659014	0.186813	0	-0.315637	2.00E-05	-0.830295	6.00E-06	0	0	0	-0.13	0	0.305	0	0	0
5.643	-31.497295	671.958496	-3.128956	0.186688	0	-0.315637	5.00E-06	-1.077959	6.00E-06	0	0	0	-0.13	0	0.305	0	0	0
5.644	-31.810865	674.374634	-3.207287	0.186688	0	-0.315688	5.00E-06	-0.887024	3.00E-06	0	0	0	-0.13	0	0.305	0	0	0
5.645	-31.497295	674.374634	-3.207287	0.186819	0	-0.315688	1.30E-05	-0.887024	6.00E-06	0	0	0	-0.13	0	0.305	0	0	0
5.646	-31.810865	674.374634	-3.207367	0.186986	0	-0.315997	2.40E-05	-0.883692	6.00E-06	0	0	0	-0.13	0	0.305	0	0	0
5.647	-32.046581	674.865601	-4.069124	0.187182	0	-0.316583	1.30E-05	-0.853	6.00E-06	0	0	0	-0.13	0	0.305	0	0	0
5.648	-32.046581	672.651611	-4.069124	0.187345	0	-0.316583	1.60E-05	-0.853	5.00E-06	0	0	0	-0.13	0	0.305	0	0	0
5.649	-32.046581	675.389832	-4.695971	0.187422	0	-0.316799	1.00E-06	-0.850157	3.00E-06	0	0	0	-0.13	0	0.305	0	0	0
5.65	-32.749405	673.836426	-5.244204	0.187434	0	-0.317282	1.60E-05	-0.850157	3.00E-06	0	0	0	-0.13	0	0.305	0	0	0
5.651	-32.439445	673.836426	-5.244284	0.187581	0	-0.317405	1.40E-05	-0.850157	5.00E-06	0	0	0	-0.13	0	0.305	0	0	0
5.652	-32.515133	673.836426	-5.792757	0.187622	0	-0.317635	1.40E-05	-0.885249	7.00E-06	0	0	0	-0.13	0	0.305	0	0	0
5.653	-32.515133	673.829529	-5.792757	0.187826	0	-0.317969	-4.00E-06	-0.736972	7.00E-06	0	0	0	-0.13	0	0.305	0	0	0
5.654	-32.515133	673.829529	-5.792757	0.187844	0	-0.318387	-4.00E-06	-0.85388	2.00E-06	0	0	0	-0.13	0	0.305	0	0	0
5.655	-33.066582	672.434692	-6.419443	0.187844	0	-0.318813	1.80E-05	-0.85388	1.00E-06	0	0	0	-0.13	0	0.305	0	0	0
5.656	-32.747242	671.759277	-6.419443	0.187501	0	-0.319122	1.80E-05	-0.864173	1.00E-06	0	0	0	-0.13	0	0.305	0	0	0
5.657	-32.907272	672.428101	-6.419363	0.187501	0	-0.319189	1.20E-05	-0.900423	1.00E-06	0	0	0	-0.13	0	0.305	0	0	0
5.658	-32.828701	670.718628	-6.419363	0.187648	0	-0.319393	8.00E-06	-0.900423	2.00E-06	0	0	0	-0.13	0	0.305	0	0	0
5.659	-32.907272	670.540405	-6.419645	0.187771	0	-0.319606	8.00E-06	-0.900423	7.00E-06	0	0	0	-0.13	0	0.305	0	0	0
5.66	-32.985847	669.846436	-7.20303	0.188051	0	-0.320094	8.00E-06	-0.89948	7.00E-06	0	0	0	-0.13	0	0.305	0	0	0
5.661	-32.985847	669.496948	-7.20303	0.188113	0	-0.320213	6.00E-06	-0.89948	1.30E-05	0	0	0	-0.13	0	0.305	0	0	0
5.662	-32.673721	669.159058	-7.124458	0.188129	0	-0.320312	6.00E-06	-0.89948	1.30E-05	0	0	0	-0.13	0	0.305	0	0	0
5.663	-32.673721	669.155273	-7.124458	0.188129	0	-0.320316	1.40E-05	-0.89188	5.00E-06	0	0	0	-0.13	0	0.305	0	0	0
5.664	-32.985847	669.159058	-7.281319	0.188376	0	-0.320312	1.80E-05	-0.89188	2.00E-06	0	0	0	-0.13	0	0.305	0	0	0
5.665	-32.985847	670.881714	-7.281319	0.188107	0	-0.320911	1.40E-05	-0.835153	5.00E-06	0	0	0	-0.13	0	0.305	0	0	0
5.666	-32.906551	670.881714	-7.281319	0.188378	0	-0.320911	1.80E-05	-0.835153	6.00E-06	0	0	0	-0.13	0	0.305	0	0	0
5.667	-32.906551	670.878601	-7.907925	0.188302	0	-0.32104	1.50E-05	-0.835153	6.00E-06	0	0	0	-0.13	0	0.305	0	0	0
5.668	-33.295807	669.993408	-8.221367	0.188698	0	-0.321858	1.80E-05	-0.916511	6.00E-06	0	0	0	-0.13	0	0.305	0	0	0
5.669	-33.295807	669.993408	-8.299738	0.188713	0	-0.322069	1.50E-05	-0.756193	6.00E-06	0	0	0	-0.13	0	0.305	0	0	0
5.67	-33.295807	670.15918	-8.378149	0.188713	0	-0.322135	1.20E-05	-0.916511	1.20E-05	0	0	0	-0.13	0	0.305	0	0	0
5.671	-33.14299	670.15918	-8.456198	0.188713	0	-0.322272	5.00E-06	-0.853327	1.20E-05	0	0	0	-0.13	0	0.305	0	0	0
5.672	-33.14299	670.15918	-8.6131	0.188828	0	-0.32264	1.20E-05	-0.895176	8.00E-06	0	0	0	-0.13	0	0.305	0	0	0
5.673	-33.14299	669.815918	-8.6131	0.188937	0	-0.323124	4.00E-06	-0.895176	5.00E-06	0	0	0	-0.13	0	0.305	0	0	0
5.674	-33.140106	670.326172	-8.299698	0.188937	0	-0.323412	1.10E-05	-0.939638	7.00E-06	0	0	0	-0.13	0	0.305	0	0	0
5.675	-33.139381	669.815918	-8.299698	0.189057	0	-0.323602	1.10E-05	-0.962578	3.00E-06	0	0	0	-0.13	0	0.305	0	0	0
5.676	-33.139381	668.941406	-8.377909	0.189107	0	-0.323602	1.40E-05	-0.939638	3.00E-06	0	0	0	-0.13	0	0.305	0	0	0
5.677	-33.139381	668.941406	-8.534649	0.189057	0	-0.324172	1.40E-05	-0.93852	3.00E-06	0	0	0	-0.13	0	0.305	0	0	0
5.678	-32.980793	668.604736	-8.534649	0.189209	0	-0.323635	1.40E-05	-0.93852	4.00E-06	0	0	0	-0.13	0	0.305	0	0	0
5.679	-32.980793	668.082458	-8.691149	0.189209	0	-0.324307	1.50E-05	-0.93852	7.00E-06	0	0	0	-0.13	0	0.305	0	0	0
5.68	-33.142269	667.914612	-8.691149	0.189224	0	-0.324442	1.50E-05	-1.020413	7.00E-06	0	0	0	-0.13	0	0.305	0	0	0
5.681	-33.142269	667.914612	-8.691149	0.189238	0	-0.324847	1.10E-05	-0.944302	7.00E-06	0	0	0	-0.13	0	0.305	0	0	0
5.682	-33.374378	668.242432	-9.082762	0.189482	0	-0.324913	1.00E-05	-0.959115	7.00E-06	0	0	0	-0.13	0	0.305	0	0	0
5.683	-32.90583	668.404419	-8.847971	0.189469	0	-0.325205	1.00E-05	-0.944302	9.00E-06	0	0	0	-0.13	0	0.305	0	0	0
5.684	-33.374378	668.416016	-9.396206	0.189639	0	-0.325391	1.20E-05	-0.959115	9.00E-06	0	0	0	-0.13	0	0.305	0	0	0
5.685	-32.90583	668.582275	-8.847971	0.189639	0	-0.325391	1.20E-05	-0.925637	7.00E-06	0	0	0	-0.13	0	0.305	0	0	0
5.686	-32.98296	669.447388	-9.004513	0.189753	0	-0.325762	1.20E-05	-0.995919	7.00E-06	0	0	0	-0.13	0	0.305	0	0	0
5.687	-32.98296	669.447388	-9.004513	0.189961	0	-0.326148	1.30E-05	-0.925637	7.00E-06	0	0	0	-0.13	0	0.305	0	0	0
5.688	-32.98296	669.943848	-9.004513	0.189961	0	-0.326842	1.30E-05	-0.973279	1.00E-05	0	0	0	-0.13	0	0.305	0	0	0
5.689	-33.530804	669.943848	-9.474737	0.190146	0	-0.326842	1.30E-05	-0.857716	1.00E-05	0	0	0	-0.13	0	0.305	0	0	0
5.69	-33.530804	670.297546	-9.317875	0.190146	0	-0.326842	1.30E-05	-0.857716	1.00E-05	0	0	0	-0.13	0	0.305	0	0	0
5.691	-33.530804	670.297546	-9.631437	0.190228	0	-0.327373	1.60E-05	-0.857716	1.00E-05	0	0	0	-0.13	0	0.305	0	0	0
5.692	-33.843651	671.473999	-9.631437	0.190141	0	-0.327515	1.30E-05	-0.888643	1.00E-05	0	0	0	-0.13	0	0.305	0	0	0
5.693	-33.762192	669.937622	-9.709888	0.190141	0	-0.327827	1.20E-05	-0.928478	7.00E-06	0	0	0	-0.13	0	0.305	0	0	0
5.694	-33.843651	671.649414	-9.709888	0.190141	0	-0.328161	1.20E-05	-0.928478	7.00E-06	0	0	0	-0.13	0	0.305	0	0	0
5.695	-34.155052	668.897339	-9.709888	0.19007	0	-0.328286	1.20E-05	-0.928478	7.00E-06	0	0	0	-0.13	0	0.305	0	0	0
5.696	-34.155052	668.710938	-10.17963	0.190163	0	-0.328892	1.20E-05	-0.943199	9.00E-06	0	0	0	-0.13	0	0.305	0	0	0
5.697	-34.387886	668.710938	-10.493193	0.190163	0	-0.329084	6.00E-06	-1.02714	9.00E-06	0	0	0	-0.13	0	0.305	0	0	0
5.698	-34.152889	669.391724	-10.493193	0.19022	0	-0.329404	1.00E-06	-1.112263	4.00E-06	0	0	0	-0.13	0	0.305	0	0	0
5.699	-34.542866	670.269287	-10.571283	0.19027	0	-0.329404	1.00E-06	-1.02714	4.00E-06	0	0	0	-0.13	0	0.305	0	0	0
5.7	-34.857876	669.903564	-10.884846	0.190507	0	-0.329404	3.00E-06	-0.99364	6.00E-06	0	0	0	-0.13	0	0.305	0	0	0
5.701	-34.857876	670.269287	-11.590264	0.190551	0	-0.329307	7.00E-06	-0.99364	6.00E-06	0	0	0	-0.13	0	0.305	0	0	0
5.702	-34.700012	671.471191	-11.903586	0.190551	0	-0.32997	7.00E-06	-1.01887	4.00E-06	0	0	0	-0.13	0	0.305	0	0	0
5.703	-34.700012	671.798584	-11.903586	0.190569	0	-0.330397	6.00E-06	-1.01887	4.00E-06	0	0	0	-0.13	0	0.305	0	0	0
5.704	-34.777142	672.826538	-11.981715	0.190529	0	-0.330665	6.00E-06	-0.991683	4.00E-06	0	0	0	-0.13	0	0.305	0	0	0
5.705	-35.714237	675.591431	-11.746964	0.190569	0	-0.330439	5.00E-06	-0.964279	6.00E-06	0	0	0	-0.13	0	0.305	0	0	0
5.706	-35.714237	676.610901	-12.060246	0.190924	0	-0.330665	5.00E-06	-0.957786	7.00E-06	0	0	0	-0.13	0	0.305	0	0	0
5.707	-35.714237	676.788635	-12.060246	0.190971	0	-0.330789	5.00E-06	-0.964279	1.10E-05	0	0	0	-0.13	0	0.305	0	0	0
5.708	-36.184231	676.788635	-12.608763	0.190971	0	-0.331459	5.00E-06	-0.957786	1.10E-05	0	0	0	-0.13	0	0.305	0	0	0
5.709	-36.259918	676.788635	-12.843793	0.19121	0	-0.331838	1.40E-05	-1.017345	8.00E-06	0	0	0	-0.13	0	0.305	0	0	0
5.71	-36.414173	678.486633	-13.235486	0.190743	0	-0.332083	1.40E-05	-0.919636	8.00E-06	0	0	0	-0.13	0	0.305	0	0	0
5.711	-36.49419	678.486633	-13.392349	0.190727	0	-0.332132	5.00E-06	-0.999043	8.00E-06	0	0	0	-0.13	0	0.305	0	0	0
5.712	-36.810646	678.317688	-13.235486	0.190727	0	-0.332165	5.00E-06	-0.890161	8.00E-06	0	0	0	-0.13	0	0.305	0	0	0
5.713	-36.882725	678.134766	-13.549011	0.190895	0	-0.333241	9.00E-06	-0.984818	8.00E-06	0	0	0	-0.13	0	0.305	0	0	0
5.714	-37.745579	678.134766	-13.235486	0.190932	0	-0.333292	9.00E-06	-0.965914	7.00E-06	0	0	0	-0.13	0	0.305	0	0	0
5.715	-37.745579	677.283936	-13.627501	0.190932	0	-0.333292	4.00E-06	-0.984818	8.00E-06	0	0	0	-0.13	0	0.305	0	0	0
5.716	-37.745579	680.031006	-14.254066	0.190932	0	-0.333451	4.00E-06	-1.031386	4.00E-06	0	0	0	-0.13	0	0.305	0	0	0
5.717	-37.89695	680.031006	-14.254066	0.191051	0	-0.333632	4.00E-06	-1.043639	5.00E-06	0	0	0	-0.13	0	0.305	0	0	0
5.718	-37.665565	680.375488	-14.254066	0.191073	0	-0.333632	5.00E-06	-1.031386	5.00E-06	0	0	0	-0.13	0	0.305	0	0	0
5.719	-38.052654	680.541748	-14.72429	0.191195	0	-0.333812	5.00E-06	-1.055004	5.00E-06	0	0	0	-0.13	0	0.305	0	0	0
5.72	-38.210518	680.541748	-14.72429	0.191073	0	-0.333887	5.00E-06	-1.055004	5.00E-06	0	0	0	-0.13	0	0.305	0	0	0
5.721	-38.366222	682.094604	-15.350974	0.19145	0	-0.3346	7.00E-06	-1.084723	4.00E-06	0	0	0	-0.13	0	0.305	0	0	0
5.722	-38.991913	682.604126	-15.899448	0.191362	0	-0.334768	7.00E-06	-1.084723	6.00E-06	0	0	0	-0.13	0	0.305	0	0	0
5.723	-38.995522	682.944336	-16.134602	0.191482	0	-0.334827	7.00E-06	-1.069599	4.00E-06	0	0	0	-0.13	0	0.305	0	0	0
5.724	-39.074818	686.380737	-16.213093	0.191482	0	-0.334901	1.10E-05	-0.830786	1.00E-06	0	0	0	-0.13	0	0.305	0	0	0
5.725	-39.225468	686.204834	-16.134602	0.191638	0	-0.335263	1.10E-05	-1.065134	1.00E-06	0	0	0	-0.13	0	0.305	0	0	0
5.726	-39.615444	687.244019	-16.369633	0.191674	0	-0.335553	1.10E-05	-0.992441	4.00E-06	0	0	0	-0.13	0	0.305	0	0	0
5.727	-40.008308	687.566406	-16.369633	0.191674	0	-0.335664	1.10E-05	-1.064155	4.00E-06	0	0	0	-0.13	0	0.305	0	0	0
5.728	-40.401169	687.566406	-16.996359	0.191598	0	-0.336188	2.00E-06	-0.992441	4.00E-06	0	0	0	-0.13	0	0.305	0	0	0
5.729	-40.401169	687.566406	-17.23151	0.191598	0	-0.336632	-4.00E-06	-1.064155	-2.00E-06	0	0	0	-0.13	0	0.305	0	0	0
5.73	-40.401169	687.915405	-17.309963	0.191709	0	-0.336675	-4.00E-06	-0.900411	5.00E-06	0	0	0	-0.13	0	0.305	0	0	0
5.731	-40.474689	689.802795	-17.388292	0.191709	0	-0.337063	-1.00E-06	-1.024793	2.00E-06	0	0	0	-0.13	0	0.305	0	0	0
5.732	-40.790424	689.802795	-17.858356	0.191606	0	-0.337181	1.00E-05	-0.973424	5.00E-06	0	0	0	-0.13	0	0.305	0	0	0
5.733	-40.474689	689.802795	-17.858356	0.191597	0	-0.337393	1.00E-05	-1.024793	2.00E-06	0	0	0	-0.13	0	0.305	0	0	0
5.734	-40.786816	690.824585	-18.56337	0.191597	0	-0.337606	5.00E-06	-1.067145	7.00E-06	0	0	0	-0.13	0	0.305	0	0	0
5.735	-40.786816	688.419189	-18.641863	0.191594	0	-0.337959	5.00E-06	-1.113364	2.00E-06	0	0	0	-0.13	0	0.305	0	0	0
5.736	-41.018204	690.824585	-19.346998	0.191806	0	-0.338154	8.00E-06	-1.135657	7.00E-06	0	0	0	-0.13	0	0.305	0	0	0
5.737	-41.487476	691.671936	-19.895393	0.191806	0	-0.33849	8.00E-06	-1.135657	-1.00E-06	0	0	0	-0.13	0	0.305	0	0	0
5.738	-41.018204	692.031494	-20.052174	0.191806	0	-0.338679	8.00E-06	-1.126027	1.00E-05	0	0	0	-0.13	0	0.305	0	0	0
5.739	-41.487476	692.203491	-20.914009	0.192013	0	-0.338998	7.00E-06	-1.126027	9.00E-06	0	0	0	-0.13	0	0.305	0	0	0
5.74	-41.798882	692.884644	-20.365456	0.191718	0	-0.338998	7.00E-06	-1.126027	1.00E-05	0	0	0	-0.13	0	0.305	0	0	0
5.741	-41.801765	693.745972	-20.600487	0.192013	0	-0.338998	7.00E-06	-1.12041	9.00E-06	0	0	0	-0.13	0	0.305	0	0	0
5.742	-41.878895	694.950928	-20.365456	0.192241	0	-0.339059	1.20E-05	-1.086809	8.00E-06	0	0	0	-0.13	0	0.305	0	0	0
5.743	-42.189575	696.663574	-20.600487	0.192415	0	-0.33946	1.40E-05	-1.086809	7.00E-06	0	0	0	-0.13	0	0.305	0	0	0
5.744	-42.423851	697.699585	-21.540737	0.192241	0	-0.339715	1.20E-05	-1.086809	5.00E-06	0	0	0	-0.13	0	0.305	0	0	0
5.745	-42.737419	699.060791	-21.540737	0.192378	0	-0.340003	1.80E-05	-1.163738	5.00E-06	0	0	0	-0.13	0	0.305	0	0	0
5.746	-43.045216	699.068909	-21.854301	0.192337	0	-0.340003	1.80E-05	-1.131202	5.00E-06	0	0	0	-0.13	0	0.305	0	0	0
5.747	-43.126675	701.117859	-21.854301	0.192337	0	-0.340524	1.80E-05	-1.214966	1.10E-05	0	0	0	-0.13	0	0.305	0	0	0
5.748	-43.20525	701.117859	-22.402693	0.192337	0	-0.340694	1.70E-05	-1.131202	1.10E-05	0	0	0	-0.13	0	0.305	0	0	0
5.749	-43.20525	701.117859	-23.186079	0.192187	0	-0.341208	1.70E-05	-1.213477	1.10E-05	0	0	0	-0.13	0	0.305	0	0	0
5.75	-43.20525	699.233154	-23.186079	0.192187	0	-0.341235	1.70E-05	-1.170789	6.00E-06	0	0	0	-0.13	0	0.305	0	0	0
5.751	-43.515209	701.457275	-23.186241	0.192187	0	-0.341235	1.30E-05	-1.170789	8.00E-06	0	0	0	-0.13	0	0.305	0	0	0
5.752	-43.67091	701.457275	-23.421314	0.192157	0	-0.341339	1.20E-05	-1.170789	6.00E-06	0	0	0	-0.13	0	0.305	0	0	0
5.753	-43.668022	702.485107	-23.734594	0.192035	0	-0.341491	1.30E-05	-1.275612	7.00E-06	0	0	0	-0.13	0	0.305	0	0	0
5.754	-44.060886	703.517761	-24.361561	0.192035	0	-0.342178	1.20E-05	-1.275612	5.00E-06	0	0	0	-0.13	0	0.305	0	0	0
5.755	-44.060886	703.517761	-24.674881	0.192035	0	-0.342287	9.00E-06	-1.325912	6.00E-06	0	0	0	-0.13	0	0.305	0	0	0
5.756	-44.060886	703.687012	-25.693462	0.192235	0	-0.342437	9.00E-06	-1.243418	3.00E-06	0	0	0	-0.13	0	0.305	0	0	0
5.757	-44.682972	703.687012	-25.693462	0.192032	0	-0.342775	2.20E-05	-1.243418	6.00E-06	0	0	0	-0.13	0	0.305	0	0	0
5.758	-44.137295	706.266357	-25.693462	0.191928	0	-0.342775	2.20E-05	-1.223708	3.00E-06	0	0	0	-0.13	0	0.305	0	0	0
5.759	-44.998707	706.944885	-25.771873	0.191928	0	-0.342775	1.20E-05	-1.223708	8.00E-06	0	0	0	-0.13	0	0.305	0	0	0
5.76	-44.446533	707.465576	-26.398636	0.192097	0	-0.343079	1.10E-05	-1.274695	4.00E-06	0	0	0	-0.13	0	0.305	0	0	0
5.761	-44.760822	708.325684	-26.555378	0.192367	0	-0.343088	1.00E-05	-1.291042	5.00E-06	0	0	0	-0.13	0	0.305	0	0	0
5.762	-44.760822	710.911255	-26.790371	0.192462	0	-0.34328	1.00E-05	-1.291042	5.00E-06	0	0	0	-0.13	0	0.305	0	0	0
5.763	-44.917248	710.911255	-26.868944	0.192462	0	-0.343917	8.00E-06	-1.291042	7.00E-06	0	0	0	-0.13	0	0.305	0	0	0
5.764	-45.617184	712.451416	-27.965769	0.192418	0	-0.344309	8.00E-06	-1.150904	7.00E-06	0	0	0	-0.13	0	0.305	0	0	0
5.765	-45.699364	715.359741	-27.965769	0.192379	0	-0.344316	1.40E-05	-1.350681	8.00E-06	0	0	0	-0.13	0	0.305	0	0	0
5.766	-45.699364	715.71344	-27.965769	0.192418	0	-0.344316	1.40E-05	-1.29649	7.00E-06	0	0	0	-0.13	0	0.305	0	0	0
5.767	-45.927147	717.92865	-28.279253	0.192284	0	-0.344529	8.00E-06	-1.29649	8.00E-06	0	0	0	-0.13	0	0.305	0	0	0
5.768	-46.005718	717.92865	-29.141172	0.192177	0	-0.344923	8.00E-06	-1.29649	7.00E-06	0	0	0	-0.13	0	0.305	0	0	0
5.769	-46.395691	717.92865	-29.376205	0.192177	0	-0.345164	8.00E-06	-1.345772	6.00E-06	0	0	0	-0.13	0	0.305	0	0	0
5.77	-46.395691	718.803101	-29.376205	0.192312	0	-0.345176	1.20E-05	-1.349961	5.00E-06	0	0	0	-0.13	0	0.305	0	0	0
5.771	-46.395691	720.512939	-29.454412	0.192312	0	-0.345194	2.30E-05	-1.421633	6.00E-06	0	0	0	-0.13	0	0.305	0	0	0
5.772	-46.866409	720.852844	-29.846346	0.192092	0	-0.345194	2.30E-05	-1.381432	5.00E-06	0	0	0	-0.13	0	0.305	0	0	0
5.773	-46.704933	720.852844	-30.237921	0.191974	0	-0.345805	1.80E-05	-1.425324	1.30E-05	0	0	0	-0.13	0	0.305	0	0	0
5.774	-47.097076	721.362305	-31.021545	0.191974	0	-0.346053	1.80E-05	-1.407674	8.00E-06	0	0	0	-0.13	0	0.305	0	0	0
5.775	-47.097076	721.706421	-31.33499	0.192047	0	-0.346053	1.30E-05	-1.407674	8.00E-06	0	0	0	-0.13	0	0.305	0	0	0
5.776	-47.097076	724.983521	-32.118656	0.192086	0	-0.346183	1.30E-05	-1.407674	8.00E-06	0	0	0	-0.13	0	0.305	0	0	0
5.777	-47.562016	725.499146	-32.118656	0.19216	0	-0.346595	9.00E-06	-1.480455	2.00E-06	0	0	0	-0.13	0	0.305	0	0	0
5.778	-47.324852	726.520569	-32.118656	0.19216	0	-0.346711	1.30E-05	-1.598575	2.00E-06	0	0	0	-0.13	0	0.305	0	0	0
5.779	-47.562016	727.381531	-32.745464	0.19216	0	-0.346711	1.00E-05	-1.598575	3.00E-06	0	0	0	-0.13	0	0.305	0	0	0
5.78	-48.264114	730.300293	-32.980373	0.192175	0	-0.346749	1.70E-05	-1.480745	7.00E-06	0	0	0	-0.13	0	0.305	0	0	0
5.781	-48.421265	732.024048	-33.29406	0.19225	0	-0.347096	2.00E-05	-1.480745	6.00E-06	0	0	0	-0.13	0	0.305	0	0	0
5.782	-48.421265	733.39679	-33.528767	0.192346	0	-0.347297	2.40E-05	-1.520581	7.00E-06	0	0	0	-0.13	0	0.305	0	0	0
5.783	-49.044792	735.787903	-33.999073	0.192346	0	-0.347586	2.00E-05	-1.520581	6.00E-06	0	0	0	-0.13	0	0.305	0	0	0
5.784	-49.046234	736.841675	-34.861069	0.192244	0	-0.348079	2.00E-05	-1.475022	7.00E-06	0	0	0	-0.13	0	0.305	0	0	0
5.785	-49.046234	738.381836	-34.861069	0.19216	0	-0.34814	2.00E-05	-1.475022	7.00E-06	0	0	0	-0.13	0	0.305	0	0	0
5.786	-49.590469	739.908936	-34.861069	0.19216	0	-0.34846	2.40E-05	-1.547905	7.00E-06	0	0	0	-0.13	0	0.305	0	0	0
5.787	-49.666878	740.782959	-35.096104	0.192154	0	-0.34846	2.40E-05	-1.621156	9.00E-06	0	0	0	-0.13	0	0.305	0	0	0
5.788	-50.21328	741.464844	-35.331055	0.192122	0	-0.34846	1.60E-05	-1.645136	9.00E-06	0	0	0	-0.13	0	0.305	0	0	0
5.789	-50.21328	743.534058	-35.957897	0.191894	0	-0.349122	1.60E-05	-1.645136	2.00E-06	0	0	0	-0.13	0	0.305	0	0	0
5.79	-50.289688	742.835754	-36.349594	0.192122	0	-0.349538	1.60E-05	-1.62072	2.00E-06	0	0	0	-0.13	0	0.305	0	0	0
5.791	-50.368256	744.208557	-36.349712	0.191977	0	-0.349538	2.00E-05	-1.571314	3.00E-06	0	0	0	-0.13	0	0.305	0	0	0
5.792	-50.368256	744.208557	-37.36821	0.191977	0	-0.349612	2.00E-05	-1.555299	6.00E-06	0	0	0	-0.13	0	0.305	0	0	0
5.793	-50.288963	744.541016	-37.681854	0.191871	0	-0.349759	2.00E-05	-1.555299	6.00E-06	0	0	0	-0.13	0	0.305	0	0	0
5.794	-50.288963	745.747986	-38.151798	0.191783	0	-0.349949	1.80E-05	-1.621886	1.30E-05	0	0	0	-0.13	0	0.305	0	0	0
5.795	-50.756069	746.432983	-38.386909	0.191871	0	-0.350127	1.40E-05	-1.621886	9.00E-06	0	0	0	-0.13	0	0.305	0	0	0
5.796	-50.913216	748.319946	-38.857094	0.191875	0	-0.350475	1.40E-05	-1.506764	9.00E-06	0	0	0	-0.13	0	0.305	0	0	0
5.797	-51.149654	749.702332	-39.875553	0.191875	0	-0.350599	1.40E-05	-1.506764	9.00E-06	0	0	0	-0.13	0	0.305	0	0	0
5.798	-52.084587	752.610718	-40.345898	0.191756	0	-0.351055	1.10E-05	-1.529839	2.00E-06	0	0	0	-0.13	0	0.305	0	0	0
5.799	-52.084587	752.614502	-40.815964	0.191756	0	-0.351069	2.00E-06	-1.53026	9.00E-06	0	0	0	-0.13	0	0.305	0	0	0
5.8	-52.084587	755.544922	-41.834423	0.191665	0	-0.351069	1.10E-05	-1.53026	7.00E-06	0	0	0	-0.13	0	0.305	0	0	0
5.801	-52.239567	756.227295	-41.834621	0.192014	0	-0.351069	1.10E-05	-1.546469	1.20E-05	0	0	0	-0.13	0	0.305	0	0	0
5.802	-52.788132	757.762695	-42.069412	0.191761	0	-0.351566	1.20E-05	-1.557562	8.00E-06	0	0	0	-0.13	0	0.305	0	0	0
5.803	-53.25668	759.149048	-42.539474	0.191761	0	-0.351749	1.10E-05	-1.570066	9.00E-06	0	0	0	-0.13	0	0.305	0	0	0
5.804	-53.335251	759.654724	-43.323303	0.191761	0	-0.352054	1.20E-05	-1.570066	8.00E-06	0	0	0	-0.13	0	0.305	0	0	0
5.805	-53.411659	761.881836	-43.401352	0.191744	0	-0.352631	9.00E-06	-1.544442	9.00E-06	0	0	0	-0.13	0	0.305	0	0	0
5.806	-53.880932	761.88269	-43.401432	0.191771	0	-0.352631	5.00E-06	-1.448413	7.00E-06	0	0	0	-0.13	0	0.305	0	0	0
5.807	-53.725227	762.236694	-43.793324	0.191744	0	-0.352817	-3.00E-06	-1.454716	1.00E-05	0	0	0	-0.13	0	0.305	0	0	0
5.808	-53.879486	762.236694	-44.341763	0.191247	0	-0.352977	5.00E-06	-1.454716	8.00E-06	0	0	0	-0.13	0	0.305	0	0	0
5.809	-53.879486	762.547974	-45.36026	0.191247	0	-0.353096	7.00E-06	-1.539821	8.00E-06	0	0	0	-0.13	0	0.305	0	0	0
5.81	-54.035912	764.618164	-45.595333	0.191511	0	-0.353213	1.50E-05	-1.547061	8.00E-06	0	0	0	-0.13	0	0.305	0	0	0
5.811	-54.035912	765.115723	-45.595333	0.191511	0	-0.353753	1.50E-05	-1.547061	8.00E-06	0	0	0	-0.13	0	0.305	0	0	0
5.812	-53.571693	765.115723	-45.830406	0.191257	0	-0.353953	1.50E-05	-1.56805	1.10E-05	0	0	0	-0.13	0	0.305	0	0	0
5.813	-53.571693	766.669434	-46.53566	0.191257	0	-0.354021	1.40E-05	-1.547156	1.10E-05	0	0	0	-0.13	0	0.305	0	0	0
5.814	-53.802361	767.529602	-46.770451	0.191383	0	-0.354293	1.50E-05	-1.547156	3.00E-06	0	0	0	-0.13	0	0.305	0	0	0
5.815	-54.269463	767.865112	-47.319088	0.191406	0	-0.3543	1.40E-05	-1.519199	3.00E-06	0	0	0	-0.13	0	0.305	0	0	0
5.816	-54.269463	767.865112	-47.475624	0.191406	0	-0.3543	1.50E-05	-1.519199	5.00E-06	0	0	0	-0.13	0	0.305	0	0	0
5.817	-54.270187	767.865112	-48.180721	0.191462	0	-0.354489	1.40E-05	-1.537164	1.60E-05	0	0	0	-0.13	0	0.305	0	0	0
5.818	-54.2673	771.639038	-48.259254	0.191353	0	-0.354779	1.50E-05	-1.616615	7.00E-06	0	0	0	-0.13	0	0.305	0	0	0
5.819	-54.270187	771.993896	-48.259254	0.191596	0	-0.355244	1.70E-05	-1.537164	1.30E-05	0	0	0	-0.13	0	0.305	0	0	0
5.82	-54.501575	773.522522	-48.337341	0.191353	0	-0.355522	1.80E-05	-1.473396	9.00E-06	0	0	0	-0.13	0	0.305	0	0	0
5.821	-54.741623	774.554688	-48.416195	0.191459	0	-0.355799	1.70E-05	-1.473396	9.00E-06	0	0	0	-0.13	0	0.305	0	0	0
5.822	-54.735847	777.299927	-50.217716	0.191432	0	-0.35598	9.00E-06	-1.517748	9.00E-06	0	0	0	-0.13	0	0.305	0	0	0
5.823	-54.735847	777.800171	-50.218121	0.191432	0	-0.356056	9.00E-06	-1.518488	1.00E-06	0	0	0	-0.13	0	0.305	0	0	0
5.824	-54.735847	778.674194	-50.844727	0.191281	0	-0.356467	1.30E-05	-1.517748	1.00E-05	0	0	0	-0.13	0	0.305	0	0	0
5.825	-54.739456	778.305786	-51.158329	0.191039	0	-0.356923	1.50E-05	-1.497214	2.00E-06	0	0	0	-0.13	0	0.305	0	0	0
5.826	-54.813698	778.305786	-51.314991	0.191203	0	-0.356923	1.50E-05	-1.497214	2.00E-06	0	0	0	-0.13	0	0.305	0	0	0
5.827	-54.739456	778.305786	-51.7066	0.190989	0	-0.357057	1.50E-05	-1.428508	2.00E-06	0	0	0	-0.13	0	0.305	0	0	0
5.828	-54.348759	778.649048	-52.020046	0.191202	0	-0.357176	3.00E-05	-1.527016	8.00E-06	0	0	0	-0.13	0	0.305	0	0	0
5.829	-54.187286	779.334961	-53.038624	0.190989	0	-0.357591	3.00E-05	-1.411128	8.00E-06	0	0	0	-0.13	0	0.305	0	0	0
5.83	-54.035912	779.661194	-53.587097	0.190975	0	-0.35794	1.40E-05	-1.600843	8.00E-06	0	0	0	-0.13	0	0.305	0	0	0
5.831	-54.035912	781.722534	-53.821968	0.190934	0	-0.35794	1.40E-05	-1.390682	9.00E-06	0	0	0	-0.13	0	0.305	0	0	0
5.832	-54.111595	782.576904	-54.213863	0.190896	0	-0.358216	1.20E-05	-1.429575	9.00E-06	0	0	0	-0.13	0	0.305	0	0	0
5.833	-54.111595	783.098755	-54.99757	0.190849	0	-0.358153	1.20E-05	-1.429575	9.00E-06	0	0	0	-0.13	0	0.305	0	0	0
5.834	-53.955894	783.098755	-55.31073	0.190801	0	-0.358216	1.00E-06	-1.447425	9.00E-06	0	0	0	-0.13	0	0.305	0	0	0
5.835	-53.955894	783.098755	-56.172729	0.190801	0	-0.358483	1.00E-06	-1.447425	5.00E-06	0	0	0	-0.13	0	0.305	0	0	0
5.836	-53.955173	783.430847	-56.407681	0.190801	0	-0.358972	2.40E-05	-1.432447	9.00E-06	0	0	0	-0.13	0	0.305	0	0	0
5.837	-54.036636	786.698303	-56.877747	0.190793	0	-0.359375	2.40E-05	-1.432447	8.00E-06	0	0	0	-0.13	0	0.305	0	0	0
5.838	-54.500854	786.698303	-57.426498	0.190714	0	-0.359375	2.00E-05	-1.435273	8.00E-06	0	0	0	-0.13	0	0.305	0	0	0
5.839	-54.579426	787.891724	-57.426498	0.190596	0	-0.35955	1.60E-05	-1.453594	8.00E-06	0	0	0	-0.13	0	0.305	0	0	0
5.84	-54.500854	788.732178	-57.896324	0.190596	0	-0.359917	8.00E-06	-1.453594	6.00E-06	0	0	0	-0.13	0	0.305	0	0	0
5.841	-54.265137	789.084717	-57.974854	0.190692	0	-0.360287	8.00E-06	-1.470448	9.00E-06	0	0	0	-0.13	0	0.305	0	0	0
5.842	-54.265137	789.084717	-58.914944	0.190692	0	-0.360377	9.00E-06	-1.470448	5.00E-06	0	0	0	-0.13	0	0.305	0	0	0
5.843	-53.955894	790.091858	-59.071564	0.190469	0	-0.360696	1.60E-05	-1.440155	6.00E-06	0	0	0	-0.13	0	0.305	0	0	0
5.844	-53.955894	790.091858	-59.228344	0.190338	0	-0.360902	9.00E-06	-1.440155	6.00E-06	0	0	0	-0.13	0	0.305	0	0	0
5.845	-53.955894	790.4151	-59.698448	0.190234	0	-0.361164	1.40E-05	-1.452563	8.00E-06	0	0	0	-0.13	0	0.305	0	0	0
5.846	-53.955894	790.599854	-60.090099	0.190234	0	-0.361212	1.00E-06	-1.47431	8.00E-06	0	0	0	-0.13	0	0.305	0	0	0
5.847	-53.955894	790.751465	-60.403542	0.189926	0	-0.36133	2.00E-06	-1.474305	1.00E-05	0	0	0	-0.13	0	0.305	0	0	0
5.848	-53.643051	791.616943	-60.638535	0.190045	0	-0.361433	2.00E-06	-1.526897	6.00E-06	0	0	0	-0.13	0	0.305	0	0	0
5.849	-53.560867	791.616943	-61.187092	0.190045	0	-0.361597	1.30E-05	-1.474305	1.00E-05	0	0	0	-0.13	0	0.305	0	0	0
5.85	-53.405167	793.333435	-61.970558	0.190257	0	-0.36216	1.30E-05	-1.548036	9.00E-06	0	0	0	-0.13	0	0.305	0	0	0
5.851	-53.405167	794.016174	-62.362331	0.190257	0	-0.36216	1.60E-05	-1.322248	9.00E-06	0	0	0	-0.13	0	0.305	0	0	0
5.852	-53.643768	794.16626	-62.910763	0.189949	0	-0.362239	1.20E-05	-1.36032	7.00E-06	0	0	0	-0.13	0	0.305	0	0	0
5.853	-53.643768	795.211182	-63.61602	0.189907	0	-0.362133	1.20E-05	-1.36032	1.00E-06	0	0	0	-0.13	0	0.305	0	0	0
5.854	-53.643768	795.211182	-63.850853	0.189907	0	-0.362546	1.20E-05	-1.36032	1.00E-06	0	0	0	-0.13	0	0.305	0	0	0
5.855	-53.877323	796.930298	-64.869514	0.189958	0	-0.362318	1.30E-05	-1.358565	4.00E-06	0	0	0	-0.13	0	0.305	0	0	0
5.856	-54.036636	797.264343	-64.869629	0.189958	0	-0.363069	2.20E-05	-1.358565	1.20E-05	0	0	0	-0.13	0	0.305	0	0	0
5.857	-54.036636	797.948608	-66.593269	0.189902	0	-0.363204	2.20E-05	-1.380762	5.00E-06	0	0	0	-0.13	0	0.305	0	0	0
5.858	-53.878044	798.451538	-66.671516	0.189832	0	-0.363204	1.30E-05	-1.380762	5.00E-06	0	0	0	-0.13	0	0.305	0	0	0
5.859	-53.798752	799.649536	-67.220314	0.189809	0	-0.363901	1.10E-05	-1.369743	5.00E-06	0	0	0	-0.13	0	0.305	0	0	0
5.86	-53.798752	799.649536	-67.220314	0.189805	0	-0.364026	1.30E-05	-1.356854	7.00E-06	0	0	0	-0.13	0	0.305	0	0	0
5.861	-54.492916	798.441895	-68.239052	0.189656	0	-0.364098	1.30E-05	-1.322012	8.00E-06	0	0	0	-0.13	0	0.305	0	0	0
5.862	-54.492916	798.257874	-68.631592	0.189641	0	-0.364442	3.10E-05	-1.322012	7.00E-06	0	0	0	-0.13	0	0.305	0	0	0
5.863	-54.483536	798.441895	-69.023849	0.18954	0	-0.364442	3.10E-05	-1.216444	4.00E-06	0	0	0	-0.13	0	0.305	0	0	0
5.864	-54.483536	798.766663	-70.356186	0.189447	0	-0.364442	2.60E-05	-1.360817	4.00E-06	0	0	0	-0.13	0	0.305	0	0	0
5.865	-54.638515	798.766663	-71.766541	0.189199	0	-0.364653	5.00E-06	-1.22498	4.00E-06	0	0	0	-0.13	0	0.305	0	0	0
5.866	-54.638515	798.766663	-73.020355	0.189447	0	-0.364866	5.00E-06	-1.360817	2.00E-06	0	0	0	-0.13	0	0.305	0	0	0
5.867	-54.479927	798.593506	-74.195389	0.189069	0	-0.365301	1.00E-05	-1.22498	2.00E-06	0	0	0	-0.13	0	0.305	0	0	0
5.868	-54.328552	798.052307	-74.587402	0.189051	0	-0.365342	1.70E-05	-1.169922	2.00E-06	0	0	0	-0.13	0	0.305	0	0	0
5.869	-54.254311	798.052307	-75.919189	0.188974	0	-0.365466	2.20E-05	-1.075653	2.00E-06	0	0	0	-0.13	0	0.305	0	0	0
5.87	-54.172131	798.561462	-77.172836	0.188926	0	-0.36606	2.30E-05	-1.169922	4.00E-06	0	0	0	-0.13	0	0.305	0	0	0
5.871	-54.254311	798.561462	-77.799515	0.188974	0	-0.36606	3.30E-05	-0.959553	5.00E-06	0	0	0	-0.13	0	0.305	0	0	0
5.872	-54.330719	798.401733	-78.504814	0.188842	0	-0.36606	2.30E-05	-1.063254	5.00E-06	0	0	0	-0.13	0	0.305	0	0	0
5.873	-54.330719	797.868652	-79.131699	0.188814	0	-0.366137	1.60E-05	-1.063254	3.00E-06	0	0	0	-0.13	0	0.305	0	0	0
5.874	-54.330719	797.868652	-79.601891	0.188735	0	-0.366312	1.60E-05	-1.063254	3.00E-06	0	0	0	-0.13	0	0.305	0	0	0
5.875	-53.857841	798.03302	-80.307098	0.188777	0	-0.36668	2.10E-05	-1.116154	2.00E-06	0	0	0	-0.13	0	0.305	0	0	0
5.876	-54.095001	798.72229	-80.463806	0.188777	0	-0.36668	2.10E-05	-1.010141	9.00E-06	0	0	0	-0.13	0	0.305	0	0	0
5.877	-54.095001	798.370483	-81.795944	0.188777	0	-0.366902	4.00E-06	-1.129573	0	0	0	0	-0.13	0	0.305	0	0	0
5.878	-54.561386	798.370483	-81.874283	0.188477	0	-0.366961	4.00E-06	-1.168843	0	0	0	0	-0.13	0	0.305	0	0	0
5.879	-54.636353	798.182251	-82.579216	0.188456	0	-0.367063	4.00E-06	-1.168843	0	0	0	0	-0.13	0	0.305	0	0	0
5.88	-54.561386	798.173401	-83.362999	0.188381	0	-0.367614	1.40E-05	-1.168843	7.00E-06	0	0	0	-0.13	0	0.305	0	0	0
5.881	-53.62429	796.797119	-83.519341	0.188327	0	-0.367784	2.50E-05	-1.084535	7.00E-06	0	0	0	-0.13	0	0.305	0	0	0
5.882	-52.921463	795.417419	-83.989685	0.188327	0	-0.367784	2.50E-05	-1.146306	7.00E-06	0	0	0	-0.13	0	0.305	0	0	0
5.883	-52.766487	794.876221	-83.989685	0.188357	0	-0.367878	1.50E-05	-1.146306	3.00E-06	0	0	0	-0.13	0	0.305	0	0	0
5.884	-51.984367	793.840576	-84.224396	0.188357	0	-0.36861	1.50E-05	-1.191808	1.20E-05	0	0	0	-0.13	0	0.305	0	0	0
5.885	-51.983643	793.175171	-85.086151	0.188161	0	-0.368411	2.20E-05	-1.235669	1.00E-05	0	0	0	-0.13	0	0.305	0	0	0
5.886	-51.282265	792.974243	-85.086227	0.188161	0	-0.368738	2.20E-05	-1.301104	1.00E-05	0	0	0	-0.13	0	0.305	0	0	0
5.887	-51.282265	791.261597	-85.712952	0.187981	0	-0.368411	2.30E-05	-1.315331	3.00E-06	0	0	0	-0.13	0	0.305	0	0	0
5.888	-50.343723	790.917175	-85.791245	0.188105	0	-0.368304	1.20E-05	-1.319884	2.00E-06	0	0	0	-0.13	0	0.305	0	0	0
5.889	-50.034485	790.567383	-86.417931	0.188105	0	-0.368304	2.30E-05	-1.315331	3.00E-06	0	0	0	-0.13	0	0.305	0	0	0
5.89	-49.955914	788.318115	-86.574753	0.188105	0	-0.369048	1.00E-05	-1.298069	6.00E-06	0	0	0	-0.13	0	0.305	0	0	0
5.891	-49.333824	787.978699	-86.809502	0.188145	0	-0.369132	1.00E-05	-1.221802	1.00E-05	0	0	0	-0.13	0	0.305	0	0	0
5.892	-49.255257	787.61853	-87.122948	0.18774	0	-0.369048	7.00E-06	-1.221802	1.00E-05	0	0	0	-0.13	0	0.305	0	0	0
5.893	-49.105324	787.093506	-87.201355	0.187912	0	-0.369132	7.00E-06	-1.221802	7.00E-06	0	0	0	-0.13	0	0.305	0	0	0
5.894	-48.480354	785.204956	-87.592972	0.187912	0	-0.36951	1.00E-05	-1.131661	7.00E-06	0	0	0	-0.13	0	0.305	0	0	0
5.895	-48.241028	784.687012	-87.592972	0.187912	0	-0.369576	1.00E-05	-1.261069	7.00E-06	0	0	0	-0.13	0	0.305	0	0	0
5.896	-48.480354	783.808716	-87.592529	0.187707	0	-0.369606	1.70E-05	-1.264988	5.00E-06	0	0	0	-0.13	0	0.305	0	0	0
5.897	-47.852493	782.606018	-87.592529	0.187687	0	-0.370167	8.00E-06	-1.36512	5.00E-06	0	0	0	-0.13	0	0.305	0	0	0
5.898	-47.852493	779.499756	-88.375793	0.18758	0	-0.370297	1.30E-05	-1.348243	6.00E-06	0	0	0	-0.13	0	0.305	0	0	0
5.899	-47.623268	778.635376	-88.611145	0.187538	0	-0.370367	1.10E-05	-1.348243	6.00E-06	0	0	0	-0.13	0	0.305	0	0	0
5.9	-47.38755	776.051392	-88.375793	0.187443	0	-0.370686	1.30E-05	-1.292546	1.00E-05	0	0	0	-0.13	0	0.305	0	0	0
5.901	-46.298363	771.221008	-88.140602	0.187238	0	-0.370918	1.10E-05	-1.171631	5.00E-06	0	0	0	-0.13	0	0.305	0	0	0
5.902	-46.219067	770.357788	-88.140602	0.187191	0	-0.371038	2.00E-05	-1.292546	6.00E-06	0	0	0	-0.13	0	0.305	0	0	0
5.903	-45.594814	769.133484	-88.610542	0.187191	0	-0.371331	3.00E-06	-1.29425	5.00E-06	0	0	0	-0.13	0	0.305	0	0	0
5.904	-45.283409	765.870239	-88.845573	0.186936	0	-0.371399	2.80E-05	-1.29425	5.00E-06	0	0	0	-0.13	0	0.305	0	0	0
5.905	-44.81847	763.962463	-89.315598	0.186936	0	-0.371895	2.50E-05	-1.230372	5.00E-06	0	0	0	-0.13	0	0.305	0	0	0
5.906	-44.349197	760.689209	-89.393967	0.186916	0	-0.371895	2.50E-05	-1.213052	5.00E-06	0	0	0	-0.13	0	0.305	0	0	0
5.907	-43.804962	758.288086	-89.393967	0.186892	0	-0.371668	4.00E-06	-1.230372	5.00E-06	0	0	0	-0.13	0	0.305	0	0	0
5.908	-42.947159	754.67395	-89.472061	0.186726	0	-0.371516	4.00E-06	-1.265183	8.00E-06	0	0	0	-0.13	0	0.305	0	0	0
5.909	-42.634315	754.48877	-89.55011	0.186717	0	-0.371516	1.20E-05	-1.31916	5.00E-06	0	0	0	-0.13	0	0.305	0	0	0
5.91	-42.324356	752.265869	-89.706894	0.186667	0	-0.371854	1.40E-05	-1.31916	6.00E-06	0	0	0	-0.13	0	0.305	0	0	0
5.911	-41.700104	750.006653	-89.863632	0.186717	0	-0.372116	1.50E-05	-1.242027	5.00E-06	0	0	0	-0.13	0	0.305	0	0	0
5.912	-41.233719	747.591675	-89.863632	0.186584	0	-0.372262	1.50E-05	-1.086958	5.00E-06	0	0	0	-0.13	0	0.305	0	0	0
5.913	-41.081623	744.483887	-90.020096	0.186779	0	-0.372512	1.60E-05	-1.086958	2.00E-06	0	0	0	-0.13	0	0.305	0	0	0
5.914	-39.829514	742.596191	-90.020096	0.186584	0	-0.372624	8.00E-06	-1.193728	2.00E-06	0	0	0	-0.13	0	0.305	0	0	0
5.915	-39.670204	740.167603	-89.941643	0.186503	0	-0.373277	7.00E-06	-1.286046	6.00E-06	0	0	0	-0.13	0	0.305	0	0	0
5.916	-39.133186	736.722351	-89.863152	0.186429	0	-0.373336	7.00E-06	-1.193728	6.00E-06	0	0	0	-0.13	0	0.305	0	0	0
5.917	-38.57885	733.614258	-89.863152	0.186408	0	-0.373454	1.30E-05	-1.117814	9.00E-06	0	0	0	-0.13	0	0.305	0	0	0
5.918	-38.114628	729.294495	-90.176353	0.185933	0	-0.374275	2.10E-05	-1.117814	8.00E-06	0	0	0	-0.13	0	0.305	0	0	0
5.919	-38.039665	726.709412	-90.176392	0.185933	0	-0.374546	2.00E-05	-1.117814	8.00E-06	0	0	0	-0.13	0	0.305	0	0	0
5.92	-37.72826	724.985962	-90.176353	0.185746	0	-0.374532	2.00E-05	-1.128845	5.00E-06	0	0	0	-0.13	0	0.305	0	0	0
5.921	-36.245483	718.953674	-89.862823	0.185774	0	-0.374581	1.30E-05	-1.088956	0	0	0	0	-0.13	0	0.305	0	0	0
5.922	-36.167633	717.582764	-89.862671	0.18574	0	-0.374581	4.00E-06	-1.178763	0	0	0	0	-0.13	0	0.305	0	0	0
5.923	-35.231258	711.894226	-89.235619	0.185774	0	-0.374581	6.00E-06	-1.210409	6.00E-06	0	0	0	-0.13	0	0.305	0	0	0
5.924	-34.691349	708.462036	-89.235619	0.1856	0	-0.374697	6.00E-06	-1.210409	6.00E-06	0	0	0	-0.13	0	0.305	0	0	0
5.925	-34.21703	706.89563	-89.235619	0.185686	0	-0.374902	6.00E-06	-1.130875	1.10E-05	0	0	0	-0.13	0	0.305	0	0	0
5.926	-33.596386	701.022949	-89.157051	0.1856	0	-0.375151	7.00E-06	-1.095468	1.00E-05	0	0	0	-0.13	0	0.305	0	0	0
5.927	-33.524307	698.98291	-88.843323	0.185459	0	-0.375493	7.00E-06	-1.024469	1.00E-05	0	0	0	-0.13	0	0.305	0	0	0
5.928	-32.665783	693.455811	-88.608376	0.185435	0	-0.375493	7.00E-06	-0.964506	1.00E-05	0	0	0	-0.13	0	0.305	0	0	0
5.929	-32.12299	691.224121	-88.216316	0.185435	0	-0.376111	1.50E-05	-0.953981	2.00E-06	0	0	0	-0.13	0	0.305	0	0	0
5.93	-31.887274	687.596741	-88.216316	0.185432	0	-0.375881	7.00E-06	-0.914091	2.00E-06	0	0	0	-0.13	0	0.305	0	0	0
5.931	-31.424498	684.492493	-88.294525	0.185432	0	-0.375881	1.00E-05	-0.914091	4.00E-06	0	0	0	-0.13	0	0.305	0	0	0
5.932	-30.960999	683.297119	-88.294525	0.185113	0	-0.375881	1.00E-05	-0.839587	4.00E-06	0	0	0	-0.13	0	0.305	0	0	0
5.933	-30.328812	675.004456	-88.215958	0.185055	0	-0.376811	1.00E-05	-0.887779	4.00E-06	0	0	0	-0.13	0	0.305	0	0	0
5.934	-29.395321	673.977661	-87.588913	0.185055	0	-0.376858	1.00E-05	-0.816642	6.00E-06	0	0	0	-0.13	0	0.305	0	0	0
5.935	-29.086803	668.304871	-87.745613	0.185055	0	-0.376858	1.00E-05	-0.843378	6.00E-06	0	0	0	-0.13	0	0.305	0	0	0
5.936	-28.23333	663.988953	-87.588913	0.185164	0	-0.377099	5.00E-06	-0.816642	-1.00E-06	0	0	0	-0.13	0	0.305	0	0	0
5.937	-27.993282	661.243408	-87.745613	0.184929	0	-0.377526	4.00E-06	-0.70832	-1.00E-06	0	0	0	-0.13	0	0.305	0	0	0
5.938	-26.904812	653.317627	-87.745132	0.184934	0	-0.377876	3.00E-06	-0.67889	1.00E-06	0	0	0	-0.13	0	0.305	0	0	0
5.939	-26.363462	650.901794	-87.980164	0.184822	0	-0.377931	-2.00E-06	-0.70832	2.00E-06	0	0	0	-0.13	0	0.305	0	0	0
5.94	-25.581347	644.182556	-87.745132	0.184673	0	-0.377931	-2.00E-06	-0.735012	1.00E-06	0	0	0	-0.13	0	0.305	0	0	0
5.941	-24.255714	637.474854	-87.431526	0.184562	0	-0.377926	5.00E-06	-0.805388	7.00E-06	0	0	0	-0.13	0	0.305	0	0	0
5.942	-23.393581	635.579407	-87.431198	0.18438	0	-0.377926	5.00E-06	-0.805388	7.00E-06	0	0	0	-0.13	0	0.305	0	0	0
5.943	-23.088673	627.811768	-87.431198	0.184562	0	-0.378475	5.00E-06	-0.888994	7.00E-06	0	0	0	-0.13	0	0.305	0	0	0
5.944	-21.686632	623.352051	-87.431198	0.184164	0	-0.378759	8.00E-06	-0.732514	6.00E-06	0	0	0	-0.13	0	0.305	0	0	0
5.945	-21.680138	621.620117	-87.666153	0.184307	0	-0.378759	1.60E-05	-0.888994	3.00E-06	0	0	0	-0.13	0	0.305	0	0	0
5.946	-19.89534	612.169189	-87.666153	0.184307	0	-0.378759	1.40E-05	-0.574109	3.00E-06	0	0	0	-0.13	0	0.305	0	0	0
5.947	-19.656734	611.476013	-87.27446	0.184373	0	-0.379027	1.60E-05	-0.686567	6.00E-06	0	0	0	-0.13	0	0.305	0	0	0
5.948	-19.656734	603.55481	-87.27446	0.184373	0	-0.378202	1.60E-05	-0.431593	6.00E-06	0	0	0	-0.13	0	0.305	0	0	0
5.949	-19.5861	600.297058	-86.569084	0.184325	0	-0.378668	1.60E-05	-0.603432	4.00E-06	0	0	0	-0.13	0	0.305	0	0	0
5.95	-18.966179	596.67395	-86.490593	0.184265	0	-0.378668	7.00E-06	-0.370565	4.00E-06	0	0	0	-0.13	0	0.305	0	0	0
5.951	-18.723967	587.886414	-86.020485	0.184217	0	-0.379167	7.00E-06	-0.49932	4.00E-06	0	0	0	-0.13	0	0.305	0	0	0
5.952	-18.186947	584.957275	-85.393524	0.183832	0	-0.379692	5.00E-06	-0.293815	3.00E-06	0	0	0	-0.13	0	0.305	0	0	0
5.953	-18.024754	577.213867	-84.845001	0.183814	0	-0.379692	1.00E-05	-0.293815	3.00E-06	0	0	0	-0.13	0	0.305	0	0	0
5.954	-17.094149	573.418762	-84.844925	0.183737	0	-0.379829	6.00E-06	-0.293815	6.00E-06	0	0	0	-0.13	0	0.305	0	0	0
5.955	-16.861317	569.113647	-84.217957	0.183706	0	-0.380193	1.00E-05	-0.380031	7.00E-06	0	0	0	-0.13	0	0.305	0	0	0
5.956	-16.161381	561.711304	-83.277634	0.183646	0	-0.380616	1.30E-05	-0.380031	7.00E-06	0	0	0	-0.13	0	0.305	0	0	0
5.957	-15.688501	555.172913	-83.199219	0.183409	0	-0.38063	1.30E-05	-0.354654	7.00E-06	0	0	0	-0.13	0	0.305	0	0	0
5.958	-15.379985	548.279297	-83.042686	0.183117	0	-0.380655	9.00E-06	-0.354654	9.00E-06	0	0	0	-0.13	0	0.305	0	0	0
5.959	-14.677161	540.371216	-82.180649	0.183024	0	-0.381377	9.00E-06	-0.354654	2.00E-06	0	0	0	-0.13	0	0.305	0	0	0
5.96	-14.605803	534.671387	-82.180397	0.183002	0	-0.381377	1.40E-05	-0.310097	3.00E-06	0	0	0	-0.13	0	0.305	0	0	0
5.961	-13.430823	527.294067	-81.710381	0.183024	0	-0.381583	1.40E-05	-0.273915	3.00E-06	0	0	0	-0.13	0	0.305	0	0	0
5.962	-12.497334	522.463684	-81.318398	0.183002	0	-0.381583	1.40E-05	-0.310097	5.00E-06	0	0	0	-0.13	0	0.305	0	0	0
5.963	-12.418761	514.03833	-81.161621	0.183249	0	-0.38163	7.00E-06	-0.273915	6.00E-06	0	0	0	-0.13	0	0.305	0	0	0
5.964	-11.643139	510.075806	-80.534615	0.182815	0	-0.381674	7.00E-06	-0.142481	6.00E-06	0	0	0	-0.13	0	0.305	0	0	0
5.965	-11.565288	502.160034	-79.516235	0.182815	0	-0.381731	7.00E-06	-0.107009	6.00E-06	0	0	0	-0.13	0	0.305	0	0	0
5.966	-10.943201	492.342621	-79.515961	0.182815	0	-0.382532	7.00E-06	-0.083967	8.00E-06	0	0	0	-0.13	0	0.305	0	0	0
5.967	-10.554668	490.274017	-78.105766	0.182823	0	-0.382562	7.00E-06	-0.107009	8.00E-06	0	0	0	-0.13	0	0.305	0	0	0
5.968	-10.554668	482.874329	-77.792	0.182875	0	-0.382532	3.00E-06	0.060516	9.00E-06	0	0	0	-0.13	0	0.305	0	0	0
5.969	-10.554668	475.664032	-76.381813	0.182823	0	-0.382562	4.00E-06	0.188944	9.00E-06	0	0	0	-0.13	0	0.305	0	0	0
5.97	-10.875452	471.505524	-75.206413	0.182956	0	-0.382925	4.00E-06	0.237475	6.00E-06	0	0	0	-0.13	0	0.305	0	0	0
5.971	-10.875452	462.407104	-75.206253	0.182692	0	-0.382995	5.00E-06	0.298221	1.00E-06	0	0	0	-0.13	0	0.305	0	0	0
5.972	-9.94124	456.375977	-74.736069	0.182756	0	-0.382995	1.20E-05	0.237475	1.00E-06	0	0	0	-0.13	0	0.305	0	0	0
5.973	-9.860504	447.259399	-73.874146	0.182692	0	-0.383642	1.20E-05	0.298221	6.00E-06	0	0	0	-0.13	0	0.305	0	0	0
5.974	-8.854935	441.049683	-73.403923	0.18225	0	-0.384227	7.00E-06	0.199981	9.00E-06	0	0	0	-0.13	0	0.305	0	0	0
5.975	-8.304205	432.443481	-73.090439	0.181952	0	-0.383642	7.00E-06	0.213527	6.00E-06	0	0	0	-0.13	0	0.305	0	0	0
5.976	-8.302763	426.769897	-71.053154	0.181952	0	-0.384808	6.00E-06	0.213527	3.00E-06	0	0	0	-0.13	0	0.305	0	0	0
5.977	-7.917116	418.15976	-70.269699	0.181951	0	-0.384831	8.00E-06	0.328193	3.00E-06	0	0	0	-0.13	0	0.305	0	0	0
5.978	-7.841429	409.716736	-68.780693	0.181669	0	-0.385381	8.00E-06	0.338934	0	0	0	0	-0.13	0	0.305	0	0	0
5.979	-6.670057	402.670715	-68.702362	0.181669	0	-0.385381	8.00E-06	0.338934	3.00E-06	0	0	0	-0.13	0	0.305	0	0	0
5.98	-6.440834	395.606995	-66.821777	0.181669	0	-0.385661	9.00E-06	0.426605	3.00E-06	0	0	0	-0.13	0	0.305	0	0	0
5.981	-6.127266	385.462891	-65.959908	0.181839	0	-0.385661	9.00E-06	0.527714	3.00E-06	0	0	0	-0.13	0	0.305	0	0	0
5.982	-5.898043	382.019196	-64.000801	0.181122	0	-0.385661	9.00E-06	0.567604	5.00E-06	0	0	0	-0.13	0	0.305	0	0	0
5.983	-5.433102	371.51593	-62.433899	0.181957	0	-0.386279	6.00E-06	0.5994	5.00E-06	0	0	0	-0.13	0	0.305	0	0	0
5.984	-5.279564	365.671875	-61.649914	0.181537	0	-0.386307	6.00E-06	0.608467	2.00E-06	0	0	0	-0.13	0	0.305	0	0	0
5.985	-5.279564	358.617004	-59.847908	0.181537	0	-0.386307	6.00E-06	0.608467	2.00E-06	0	0	0	-0.13	0	0.305	0	0	0
5.986	-4.733164	349.488525	-58.672264	0.181537	0	-0.386734	6.00E-06	0.743256	2.00E-06	0	0	0	-0.13	0	0.305	0	0	0
5.987	-4.347519	347.261353	-56.71344	0.181304	0	-0.387131	6.00E-06	0.722213	6.00E-06	0	0	0	-0.13	0	0.305	0	0	0
5.988	-3.721102	337.608276	-55.381298	0.182333	0	-0.386734	6.00E-06	0.755239	6.00E-06	0	0	0	-0.13	0	0.305	0	0	0
5.989	-3.414026	331.794708	-53.970741	0.181247	0	-0.386819	7.00E-06	0.840574	5.00E-06	0	0	0	-0.13	0	0.305	0	0	0
5.99	-3.340506	325.220825	-51.698433	0.181754	0	-0.386819	1.10E-05	0.893215	3.00E-06	0	0	0	-0.13	0	0.305	0	0	0
5.991	-3.105511	314.551727	-50.13126	0.181274	0	-0.387065	1.10E-05	0.93485	2.00E-06	0	0	0	-0.13	0	0.305	0	0	0
5.992	-3.105511	310.769745	-48.485718	0.181477	0	-0.388455	0	0.893215	1.00E-06	0	0	0	-0.13	0	0.305	0	0	0
5.993	-3.030544	301.134399	-46.761597	0.181274	0	-0.388456	0	0.945141	2.00E-06	0	0	0	-0.13	0	0.305	0	0	0
5.994	-2.724194	294.580994	-45.037842	0.181108	0	-0.388979	0	0.997389	3.00E-06	0	0	0	-0.13	0	0.305	0	0	0
5.995	-2.489918	288.206909	-42.452053	0.181108	0	-0.388979	2.00E-06	1.00813	5.00E-06	0	0	0	-0.13	0	0.305	0	0	0
5.996	-2.414953	281.331055	-40.728096	0.181173	0	-0.38993	0	1.00813	5.00E-06	0	0	0	-0.13	0	0.305	0	0	0
5.997	-2.028584	272.379547	-39.395996	0.181173	0	-0.38842	6.00E-06	1.018929	3.00E-06	0	0	0	-0.13	0	0.305	0	0	0
5.998	-2.028584	264.98111	-37.123566	0.180862	0	-0.391313	5.00E-06	1.074256	2.00E-06	0	0	0	-0.13	0	0.305	0	0	0
5.999	-1.875048	256.898224	-35.243149	0.180862	0	-0.391313	5.00E-06	1.116236	3.00E-06	0	0	0	-0.13	0	0.305	0	0	0
6	-1.63933	249.308731	-33.362328	0.180893	0	-0.391313	5.00E-06	1.166326	2.00E-06	0	0	0	-0.13	0	0.305	0	0	0
6.001	-1.875048	243.134918	-31.560246	0.18131	0	-0.392131	5.00E-06	1.166326	1.00E-06	0	0	0	-0.13	0	0.305	0	0	0
6.002	-1.097982	237.611755	-29.67963	0.180893	0	-0.39097	5.00E-06	1.166326	1.00E-06	0	0	0	-0.13	0	0.305	0	0	0
6.003	-1.334421	230.735107	-28.034002	0.18131	0	-0.392131	5.00E-06	1.18636	1.00E-06	0	0	0	-0.13	0	0.305	0	0	0
6.004	-1.259457	224.025848	-26.153347	0.18052	0	-0.392113	5.00E-06	1.18636	2.00E-06	0	0	0	-0.13	0	0.305	0	0	0
6.005	-1.334421	216.794739	-23.097731	0.181647	0	-0.392239	5.00E-06	1.292561	2.00E-06	0	0	0	-0.13	0	0.305	0	0	0
6.006	-1.888037	208.361664	-21.216955	0.181647	0	-0.393651	6.00E-06	1.347887	2.00E-06	0	0	0	-0.13	0	0.305	0	0	0
6.007	-1.888037	206.467773	-19.806763	0.181647	0	-0.393948	7.00E-06	1.292561	2.00E-06	0	0	0	-0.13	0	0.305	0	0	0
6.008	-1.650154	197.685638	-19.179718	0.181796	0	-0.393729	6.00E-06	1.330574	2.00E-06	0	0	0	-0.13	0	0.305	0	0	0
6.009	-1.650154	192.719482	-17.456081	0.182405	0	-0.393729	6.00E-06	1.257535	2.00E-06	0	0	0	-0.13	0	0.305	0	0	0
6.01	-2.120148	183.272369	-15.732288	0.182675	0	-0.393729	4.00E-06	1.330574	2.00E-06	0	0	0	-0.13	0	0.305	0	0	0
6.011	-2.120148	180.501709	-14.243645	0.182659	0	-0.394489	3.00E-06	1.257535	2.00E-06	0	0	0	-0.13	0	0.305	0	0	0
6.012	-1.88443	178.246033	-12.911541	0.182853	0	-0.395509	3.00E-06	1.413194	2.00E-06	0	0	0	-0.13	0	0.305	0	0	0
6.013	-1.88443	170.357986	-11.971455	0.182659	0	-0.395681	3.00E-06	1.413194	2.00E-06	0	0	0	-0.13	0	0.305	0	0	0
6.014	-1.88443	166.209579	-11.65789	0.181594	0	-0.395898	2.00E-06	1.413194	2.00E-06	0	0	0	-0.13	0	0.305	0	0	0
6.015	-1.335863	159.666168	-10.24754	0.181512	0	-0.397963	2.00E-06	1.200356	2.00E-06	0	0	0	-0.13	0	0.305	0	0	0
6.016	-1.335863	152.956161	-9.542324	0.181594	0	-0.399	2.00E-06	1.200356	1.00E-06	0	0	0	-0.13	0	0.305	0	0	0
6.017	-1.571581	148.312042	-8.758858	0.181633	0	-0.400294	2.00E-06	1.3207	1.00E-06	0	0	0	-0.13	0	0.305	0	0	0
6.018	-1.571581	141.60434	-7.426876	0.181633	0	-0.401972	3.00E-06	1.3207	1.00E-06	0	0	0	-0.13	0	0.305	0	0	0
6.019	-1.883707	138.159058	-6.173344	0.18147	0	-0.403245	2.00E-06	1.336404	1.00E-06	0	0	0	-0.13	0	0.305	0	0	0
6.02	-1.490845	134.541748	-4.449432	0.18147	0	-0.403245	3.00E-06	1.294684	1.00E-06	0	0	0	-0.13	0	0.305	0	0	0
6.021	-1.883707	130.077789	-3.274193	0.181654	0	-0.402679	2.00E-06	1.296032	1.00E-06	0	0	0	-0.13	0	0.305	0	0	0
6.022	-1.409386	128.873596	-1.001842	0.181906	0	-0.400746	4.00E-06	1.294684	1.00E-06	0	0	0	-0.13	0	0.305	0	0	0
6.023	-2.11726	122.004639	1.113445	0.182318	0	-0.399851	2.00E-06	1.22974	0	0	0	0	-0.13	0	0.305	0	0	0
6.024	-2.348648	119.247131	2.132183	0.183029	0	-0.3992	1.00E-06	1.222047	0	0	0	0	-0.13	0	0.305	0	0	0
6.025	-2.501463	116.15712	2.915569	0.183547	0	-0.3992	1.00E-06	1.222047	1.00E-06	0	0	0	-0.13	0	0.305	0	0	0
6.026	-2.501463	111.676537	3.934151	0.183029	0	-0.403352	0	1.222047	1.00E-06	0	0	0	-0.13	0	0.305	0	0	0
6.027	-2.269354	110.807121	4.404289	0.184199	0	-0.404648	1.00E-06	1.173046	1.00E-06	0	0	0	-0.13	0	0.305	0	0	0
6.028	-2.269354	106.509415	4.952728	0.183986	0	-0.404648	1.00E-06	1.269524	0	0	0	0	-0.13	0	0.305	0	0	0
6.029	-2.189339	105.1436	5.031017	0.183986	0	-0.401997	1.00E-06	1.162937	0	0	0	0	-0.13	0	0.305	0	0	0
6.03	-2.501463	102.206329	5.031017	0.183986	0	-0.401997	1.00E-06	1.268972	0	0	0	0	-0.13	0	0.305	0	0	0
6.031	-2.501463	97.574173	5.031017	0.182265	0	-0.404622	1.00E-06	1.092564	0	0	0	0	-0.13	0	0.305	0	0	0
6.032	-2.574986	95.492035	5.814445	0.182327	0	-0.406161	1.00E-06	1.164776	1.00E-06	0	0	0	-0.13	0	0.305	0	0	0
6.033	-2.574986	90.52124	6.441246	0.181567	0	-0.406161	1.00E-06	1.164776	1.00E-06	0	0	0	-0.13	0	0.305	0	0	0
6.034	-2.420727	90.164856	6.754612	0.181567	0	-0.406161	2.00E-06	1.164776	1.00E-06	0	0	0	-0.13	0	0.305	0	0	0
6.035	-2.418562	88.959839	6.754612	0.181567	0	-0.405624	2.00E-06	1.1212	1.00E-06	0	0	0	-0.13	0	0.305	0	0	0
6.036	-2.418562	86.050774	6.206219	0.181546	0	-0.407892	2.00E-06	1.00249	1.00E-06	0	0	0	-0.13	0	0.305	0	0	0
6.037	-2.105715	81.743759	5.971024	0.181483	0	-0.404827	1.00E-06	1.00249	1.00E-06	0	0	0	-0.13	0	0.305	0	0	0
6.038	-2.105715	76.934998	6.206219	0.181483	0	-0.408062	1.00E-06	1.007901	1.00E-06	0	0	0	-0.13	0	0.305	0	0	0
6.039	-1.946404	75.388206	6.441048	0.182467	0	-0.410544	1.00E-06	1.007901	1.00E-06	0	0	0	-0.13	0	0.305	0	0	0
6.04	-1.632837	71.423012	6.676201	0.183909	0	-0.410544	1.00E-06	0.902699	1.00E-06	0	0	0	-0.13	0	0.305	0	0	0
6.041	-1.946404	70.574417	7.224796	0.182725	0	-0.409842	1.00E-06	0.902699	0	0	0	0	-0.13	0	0.305	0	0	0
6.042	-1.632837	69.70887	6.911312	0.182725	0	-0.409842	1.00E-06	0.881899	0	0	0	0	-0.13	0	0.305	0	0	0
6.043	-2.024977	66.784706	7.224674	0.182725	0	-0.409243	2.00E-06	0.945665	0	0	0	0	-0.13	0	0.305	0	0	0
6.044	-1.71213	65.067863	7.224674	0.187341	0	-0.409243	2.00E-06	0.945665	0	0	0	0	-0.13	0	0.305	0	0	0
6.045	-1.944962	64.401733	8.243011	0.188801	0	-0.405579	2.00E-06	0.955755	0	0	0	0	-0.13	0	0.305	0	0	0
6.046	-1.71213	62.328087	8.478004	0.188801	0	-0.402809	2.00E-06	0.972431	1.00E-06	0	0	0	-0.13	0	0.305	0	0	0
6.047	-1.944962	60.784054	8.243011	0.188801	0	-0.405579	2.00E-06	0.955755	1.00E-06	0	0	0	-0.13	0	0.305	0	0	0
6.048	-1.867109	56.477074	8.086311	0.18791	0	-0.406435	1.00E-06	0.972431	1.00E-06	0	0	0	-0.13	0	0.305	0	0	0
6.049	-1.867109	55.968307	7.929569	0.18579	0	-0.406476	1.00E-06	0.858523	1.00E-06	0	0	0	-0.13	0	0.305	0	0	0
6.05	-1.159956	53.896225	7.850998	0.18579	0	-0.406476	1.00E-06	1.085889	0	0	0	0	-0.13	0	0.305	0	0	0
6.051	-1.087158	50.971272	7.929569	0.186239	0	-0.411805	0	0.822851	0	0	0	0	-0.13	0	0.305	0	0	0
6.052	-0.847832	50.967815	8.086151	0.186239	0	-0.411805	0	1.048619	0	0	0	0	-0.13	0	0.305	0	0	0
6.053	-0.696461	47.704231	8.086189	0.183603	0	-0.410118	1.00E-06	0.913591	0	0	0	0	-0.13	0	0.305	0	0	0
6.054	-0.613558	47.69923	8.399429	0.183603	0	-0.410118	1.00E-06	0.913591	0	0	0	0	-0.13	0	0.305	0	0	0
6.055	-0.375675	45.979652	8.399429	0.184114	0	-0.406895	1.00E-06	0.83128	0	0	0	0	-0.13	0	0.305	0	0	0
6.056	-0.375675	44.613842	8.634422	0.184694	0	-0.412651	1.00E-06	0.83128	0	0	0	0	-0.13	0	0.305	0	0	0
6.057	-0.221416	41.518402	8.320942	0.184694	0	-0.40747	0	0.83128	0	0	0	0	-0.13	0	0.305	0	0	0
6.058	-0.925684	40.484692	8.712833	0.184592	0	-0.412651	1.00E-06	0.822745	0	0	0	0	-0.13	0	0.305	0	0	0
6.059	-0.457132	37.891449	8.4776	0.183613	0	-0.414382	0	0.822745	1.00E-06	0	0	0	-0.13	0	0.305	0	0	0
6.06	-0.457132	37.891449	8.4776	0.183613	0	-0.414382	1.00E-06	0.820426	1.00E-06	0	0	0	-0.13	0	0.305	0	0	0
6.061	-0.457132	37.381935	8.399471	0.187082	0	-0.412477	1.00E-06	0.875726	1.00E-06	0	0	0	-0.13	0	0.305	0	0	0
6.062	0.012136	36.525639	8.399471	0.187082	0	-0.41026	1.00E-06	0.810545	0	0	0	0	-0.13	0	0.305	0	0	0
6.063	-0.378561	35.503487	8.477722	0.187082	0	-0.41026	1.00E-06	0.875726	0	0	0	0	-0.13	0	0.305	0	0	0
6.064	-0.298546	34.478622	8.477722	0.191369	0	-0.405428	0	0.882583	0	0	0	0	-0.13	0	0.305	0	0	0
6.065	-0.298546	34.478622	8.869335	0.193884	0	-0.405428	0	0.882583	0	0	0	0	-0.13	0	0.305	0	0	0
6.066	-0.144287	33.7743	9.104404	0.191369	0	-0.406392	0	0.90622	1.00E-06	0	0	0	-0.13	0	0.305	0	0	0
6.067	-0.144287	32.583946	9.182735	0.196813	0	-0.4071	1.00E-06	0.78584	0	0	0	0	-0.13	0	0.305	0	0	0
6.068	-0.217087	29.486217	9.731091	0.189429	0	-0.407786	1.00E-06	0.954471	0	0	0	0	-0.13	0	0.305	0	0	0
6.069	-0.217087	29.135218	9.731091	0.192309	0	-0.409435	0	0.829315	0	0	0	0	-0.13	0	0.305	0	0	0
6.07	-0.062828	29.135218	9.966164	0.192309	0	-0.407786	0	0.958651	0	0	0	0	-0.13	0	0.305	0	0	0
6.071	0.40933	28.965118	9.966164	0.192309	0	-0.409435	0	0.829315	0	0	0	0	-0.13	0	0.305	0	0	0
6.072	0.40933	25.516752	10.122826	0.186401	0	-0.406127	1.00E-06	0.965235	0	0	0	0	-0.13	0	0.305	0	0	0
6.073	0.326427	24.321815	10.279488	0.185759	0	-0.420235	1.00E-06	0.99042	0	0	0	0	-0.13	0	0.305	0	0	0
6.074	0.011415	23.101372	10.279488	0.185759	0	-0.398955	1.00E-06	0.99042	0	0	0	0	-0.13	0	0.305	0	0	0
6.075	0	0	0	0.2	0	-0.3	0	0	0	0	0	0	-0.13	0	0.305	0	0	0
6.076	0	0	0	0.2	0	-0.3	0	0	0	0	0	0	-0.13	0	0.305	0	0	0
6.077	0	0	0	0.2	0	-0.3	0	0	0	0	0	0	-0.13	0	0.305	0	0	0
6.078	0	0	0	0.2	0	-0.3	0	0	0	0	0	0	-0.13	0	0.305	0	0	0
6.079	0	0	0	0.2	0	-0.3	0	0	0	0	0	0	-0.13	0	0.305	0	0	0
6.08	0	0	0	0.2	0	-0.3	0	0	0	0	0	0	-0.13	0	0.305	0	0	0
6.081	0	0	0	0.2	0	-0.3	0	0	0	0	0	0	-0.13	0	0.305	0	0	0
6.082	0	0	0	0.2	0	-0.3	0	0	0	0	0	0	-0.13	0	0.305	0	0	0
6.083	0	0	0	0.2	0	-0.3	0	0	0	0	0	0	-0.13	0	0.305	0	0	0
6.084	0	0	0	0.2	0	-0.3	0	0	0	0	0	0	-0.13	0	0.305	0	0	0
6.085	0	0	0	0.2	0	-0.3	0	0	0	0	0	0	-0.13	0	0.305	0	0	0
6.086	0	0	0	0.2	0	-0.3	0	0	0	0	0	0	-0.13	0	0.305	0	0	0
6.087	0	0	0	0.2	0	-0.3	0	0	0	0	0	0	-0.13	0	0.305	0	0	0
6.088	0	0	0	0.2	0	-0.3	0	0	0	0	0	0	-0.13	0	0.305	0	0	0
6.089	0	0	0	0.2	0	-0.3	0	0	0	0	0	0	-0.13	0	0.305	0	0	0
6.09	0	0	0	0.2	0	-0.3	0	0	0	0	0	0	-0.13	0	0.305	0	0	0
6.091	0	0	0	0.2	0	-0.3	0	0	0	0	0	0	-0.13	0	0.305	0	0	0
6.092	0	0	0	0.2	0	-0.3	0	0	0	0	0	0	-0.13	0	0.305	0	0	0
6.093	0	0	0	0.2	0	-0.3	0	0	0	0	0	0	-0.13	0	0.305	0	0	0
6.094	0	0	0	0.2	0	-0.3	0	0	0	0	0	0	-0.13	0	0.305	0	0	0
6.095	0	0	0	0.2	0	-0.3	0	0	0	0	0	0	-0.13	0	0.305	0	0	0
6.096	0	0	0	0.2	0	-0.3	0	0	0	0	0	0	-0.13	0	0.305	0	0	0
6.097	0	0	0	0.2	0	-0.3	0	0	0	0	0	0	-0.13	0	0.305	0	0	0
6.098	0	0	0	0.2	0	-0.3	0	0	0	0	0	0	-0.13	0	0.305	0	0	0
6.099	0	0	0	0.2	0	-0.3	0	0	0	0	0	0	-0.13	0	0.305	0	0	0
6.1	0	0	0	0.2	0	-0.3	0	0	0	0	0	0	-0.13	0	0.305	0	0	0
6.101	0	0	0	0.2	0	-0.3	0	0	0	0	0	0	-0.13	0	0.305	0	0	0
6.102	0	0	0	0.2	0	-0.3	0	0	0	0	0	0	-0.13	0	0.305	0	0	0
6.103	0	0	0	0.2	0	-0.3	0	0	0	0	0	0	-0.13	0	0.305	0	0	0
6.104	0	0	0	0.2	0	-0.3	0	0	0	0	0	0	-0.13	0	0.305	0	0	0
6.105	0	0	0	0.2	0	-0.3	0	0	0	0	0	0	-0.13	0	0.305	0	0	0
6.106	0	0	0	0.2	0	-0.3	0	0	0	0	0	0	-0.13	0	0.305	0	0	0
6.107	0	0	0	0.2	0	-0.3	0	0	0	0	0	0	-0.13	0	0.305	0	0	0
6.108	0	0	0	0.2	0	-0.3	0	0	0	0	0	0	-0.13	0	0.305	0	0	0
6.109	0	0	0	0.2	0	-0.3	0	0	0	0	0	0	-0.13	0	0.305	0	0	0
6.11	0	0	0	0.2	0	-0.3	0	0	0	0	0	0	-0.13	0	0.305	0	0	0
6.111	0	0	0	0.2	0	-0.3	0	0	0	0	0	0	-0.13	0	0.305	0	0	0
6.112	0	0	0	0.2	0	-0.3	0	0	0	0	0	0	-0.13	0	0.305	0	0	0
6.113	0	0	0	0.2	0	-0.3	0	0	0	0	0	0	-0.13	0	0.305	0	0	0
6.114	0	0	0	0.2	0	-0.3	0	0	0	0	0	0	-0.13	0	0.305	0	0	0
6.115	0	0	0	0.2	0	-0.3	0	0	0	0	0	0	-0.13	0	0.305	0	0	0
6.116	0	0	0	0.2	0	-0.3	0	0	0	0	0	0	-0.13	0	0.305	0	0	0
6.117	0	0	0	0.2	0	-0.3	0	0	0	0	0	0	-0.13	0	0.305	0	0	0
6.118	0	0	0	0.2	0	-0.3	0	0	0	0	0	0	-0.13	0	0.305	0	0	0
6.119	0	0	0	0.2	0	-0.3	0	0	0	0	0	0	-0.13	0	0.305	0	0	0
6.12	0	0	0	0.2	0	-0.3	0	0	0	0	0	0	-0.13	0	0.305	0	0	0
6.121	0	0	0	0.2	0	-0.3	0	0	0	0	0	0	-0.13	0	0.305	0	0	0
6.122	0	0	0	0.2	0	-0.3	0	0	0	0	0	0	-0.13	0	0.305	0	0	0
6.123	0	0	0	0.2	0	-0.3	0	0	0	0	0	0	-0.13	0	0.305	0	0	0
6.124	0	0	0	0.2	0	-0.3	0	0	0	0	0	0	-0.13	0	0.305	0	0	0
6.125	0	0	0	0.2	0	-0.3	0	0	0	0	0	0	-0.13	0	0.305	0	0	0
6.126	0	0	0	0.2	0	-0.3	0	0	0	0	0	0	-0.13	0	0.305	0	0	0
6.127	0	0	0	0.2	0	-0.3	0	0	0	0	0	0	-0.13	0	0.305	0	0	0
6.128	0	0	0	0.2	0	-0.3	0	0	0	0	0	0	-0.13	0	0.305	0	0	0
6.129	0	0	0	0.2	0	-0.3	0	0	0	0	0	0	-0.13	0	0.305	0	0	0
6.13	0	0	0	0.2	0	-0.3	0	0	0	0	0	0	-0.13	0	0.305	0	0	0
6.131	0	0	0	0.2	0	-0.3	0	0	0	0	0	0	-0.13	0	0.305	0	0	0
6.132	0	0	0	0.2	0	-0.3	0	0	0	0	0	0	-0.13	0	0.305	0	0	0
6.133	0	0	0	0.2	0	-0.3	0	0	0	0	0	0	-0.13	0	0.305	0	0	0
6.134	0	0	0	0.2	0	-0.3	0	0	0	0	0	0	-0.13	0	0.305	0	0	0
6.135	0	0	0	0.2	0	-0.3	0	0	0	0	0	0	-0.13	0	0.305	0	0	0
6.136	0	0	0	0.2	0	-0.3	0	0	0	0	0	0	-0.13	0	0.305	0	0	0
6.137	0	0	0	0.2	0	-0.3	0	0	0	0	0	0	-0.13	0	0.305	0	0	0
6.138	0	0	0	0.2	0	-0.3	0	0	0	0	0	0	-0.13	0	0.305	0	0	0
6.139	0	0	0	0.2	0	-0.3	0	0	0	0	0	0	-0.13	0	0.305	0	0	0
6.14	0	0	0	0.2	0	-0.3	0	0	0	0	0	0	-0.13	0	0.305	0	0	0
6.141	0	0	0	0.2	0	-0.3	0	0	0	0	0	0	-0.13	0	0.305	0	0	0
6.142	0	0	0	0.2	0	-0.3	0	0	0	0	0	0	-0.13	0	0.305	0	0	0
6.143	0	0	0	0.2	0	-0.3	0	0	0	0	0	0	-0.13	0	0.305	0	0	0
6.144	0	0	0	0.2	0	-0.3	0	0	0	0	0	0	-0.13	0	0.305	0	0	0
6.145	0	0	0	0.2	0	-0.3	0	0	0	0	0	0	-0.13	0	0.305	0	0	0
6.146	0	0	0	0.2	0	-0.3	0	0	0	0	0	0	-0.13	0	0.305	0	0	0
6.147	0	0	0	0.2	0	-0.3	0	0	0	0	0	0	-0.13	0	0.305	0	0	0
6.148	0	0	0	0.2	0	-0.3	0	0	0	0	0	0	-0.13	0	0.305	0	0	0
6.149	0	0	0	0.2	0	-0.3	0	0	0	0	0	0	-0.13	0	0.305	0	0	0
6.15	0	0	0	0.2	0	-0.3	0	0	0	0	0	0	-0.13	0	0.305	0	0	0
6.151	0	0	0	0.2	0	-0.3	0	0	0	0	0	0	-0.13	0	0.305	0	0	0
6.152	0	0	0	0.2	0	-0.3	0	0	0	0	0	0	-0.13	0	0.305	0	0	0
6.153	0	0	0	0.2	0	-0.3	0	0	0	0	0	0	-0.13	0	0.305	0	0	0
6.154	0	0	0	0.2	0	-0.3	0	0	0	0	0	0	-0.13	0	0.305	0	0	0
6.155	0	0	0	0.2	0	-0.3	0	0	0	0	0	0	-0.13	0	0.305	0	0	0
6.156	0	0	0	0.2	0	-0.3	0	0	0	0	0	0	-0.13	0	0.305	0	0	0
6.157	0	0	0	0.2	0	-0.3	0	0	0	0	0	0	-0.13	0	0.305	0	0	0
6.158	0	0	0	0.2	0	-0.3	0	0	0	0	0	0	-0.13	0	0.305	0	0	0
6.159	0	0	0	0.2	0	-0.3	0	0	0	0	0	0	-0.13	0	0.305	0	0	0
6.16	0	0	0	0.2	0	-0.3	0	0	0	0	0	0	-0.13	0	0.305	0	0	0
6.161	0	0	0	0.2	0	-0.3	0	0	0	0	0	0	-0.13	0	0.305	0	0	0
6.162	0	0	0	0.2	0	-0.3	0	0	0	0	0	0	-0.13	0	0.305	0	0	0
6.163	0	0	0	0.2	0	-0.3	0	0	0	0	0	0	-0.13	0	0.305	0	0	0
6.164	0	0	0	0.2	0	-0.3	0	0	0	0	0	0	-0.13	0	0.305	0	0	0
6.165	0	0	0	0.2	0	-0.3	0	0	0	0	0	0	-0.13	0	0.305	0	0	0
6.166	0	0	0	0.2	0	-0.3	0	0	0	0	0	0	-0.13	0	0.305	0	0	0
6.167	0	0	0	0.2	0	-0.3	0	0	0	0	0	0	-0.13	0	0.305	0	0	0
6.168	0	0	0	0.2	0	-0.3	0	0	0	0	0	0	-0.13	0	0.305	0	0	0
6.169	0	0	0	0.2	0	-0.3	0	0	0	0	0	0	-0.13	0	0.305	0	0	0
6.17	0	0	0	0.2	0	-0.3	0	0	0	0	0	0	-0.13	0	0.305	0	0	0
6.171	0	0	0	0.2	0	-0.3	0	0	0	0	0	0	-0.13	0	0.305	0	0	0
6.172	0	0	0	0.2	0	-0.3	0	0	0	0	0	0	-0.13	0	0.305	0	0	0
6.173	0	0	0	0.2	0	-0.3	0	0	0	0	0	0	-0.13	0	0.305	0	0	0
6.174	0	0	0	0.2	0	-0.3	0	0	0	0	0	0	-0.13	0	0.305	0	0	0
6.175	0	0	0	0.2	0	-0.3	0	0	0	0	0	0	-0.13	0	0.305	0	0	0
6.176	0	0	0	0.2	0	-0.3	0	0	0	0	0	0	-0.13	0	0.305	0	0	0
6.177	0	0	0	0.2	0	-0.3	0	0	0	0	0	0	-0.13	0	0.305	0	0	0
6.178	0	0	0	0.2	0	-0.3	0	0	0	0	0	0	-0.13	0	0.305	0	0	0
6.179	0	0	0	0.2	0	-0.3	0	0	0	0	0	0	-0.13	0	0.305	0	0	0
6.18	0	0	0	0.2	0	-0.3	0	0	0	0	0	0	-0.13	0	0.305	0	0	0
6.181	0	0	0	0.2	0	-0.3	0	0	0	0	0	0	-0.13	0	0.305	0	0	0
6.182	0	0	0	0.2	0	-0.3	0	0	0	0	0	0	-0.13	0	0.305	0	0	0
6.183	0	0	0	0.2	0	-0.3	0	0	0	0	0	0	-0.13	0	0.305	0	0	0
6.184	0	0	0	0.2	0	-0.3	0	0	0	0	0	0	-0.13	0	0.305	0	0	0
6.185	0	0	0	0.2	0	-0.3	0	0	0	0	0	0	-0.13	0	0.305	0	0	0
6.186	0	0	0	0.2	0	-0.3	0	0	0	0	0	0	-0.13	0	0.305	0	0	0
6.187	0	0	0	0.2	0	-0.3	0	0	0	0	0	0	-0.13	0	0.305	0	0	0
6.188	0	0	0	0.2	0	-0.3	0	0	0	0	0	0	-0.13	0	0.305	0	0	0
6.189	0	0	0	0.2	0	-0.3	0	0	0	0	0	0	-0.13	0	0.305	0	0	0
6.19	0	0	0	0.2	0	-0.3	0	0	0	0	0	0	-0.13	0	0.305	0	0	0
6.191	0	0	0	0.2	0	-0.3	0	0	0	0	0	0	-0.13	0	0.305	0	0	0
6.192	0	0	0	0.2	0	-0.3	0	0	0	0	0	0	-0.13	0	0.305	0	0	0
6.193	0	0	0	0.2	0	-0.3	0	0	0	0	0	0	-0.13	0	0.305	0	0	0
6.194	0	0	0	0.2	0	-0.3	0	0	0	0	0	0	-0.13	0	0.305	0	0	0
6.195	0	0	0	0.2	0	-0.3	0	0	0	0	0	0	-0.13	0	0.305	0	0	0
6.196	0	0	0	0.2	0	-0.3	0	0	0	0	0	0	-0.13	0	0.305	0	0	0
6.197	0	0	0	0.2	0	-0.3	0	0	0	0	0	0	-0.13	0	0.305	0	0	0
6.198	0	0	0	0.2	0	-0.3	0	0	0	0	0	0	-0.13	0	0.305	0	0	0
6.199	0	0	0	0.2	0	-0.3	0	0	0	0	0	0	-0.13	0	0.305	0	0	0
6.2	0	0	0	0.2	0	-0.3	0	0	0	0	0	0	-0.13	0	0.305	0	0	0
6.201	0	0	0	0.2	0	-0.3	0	0	0	0	0	0	-0.13	0	0.305	0	0	0
6.202	0	0	0	0.2	0	-0.3	0	0	0	0	0	0	-0.13	0	0.305	0	0	0
6.203	0	0	0	0.2	0	-0.3	0	0	0	0	0	0	-0.13	0	0.305	0	0	0
6.204	0	0	0	0.2	0	-0.3	0	0	0	0	0	0	-0.13	0	0.305	0	0	0
6.205	0	0	0	0.2	0	-0.3	0	0	0	0	0	0	-0.13	0	0.305	0	0	0
6.206	0	0	0	0.2	0	-0.3	0	0	0	0	0	0	-0.13	0	0.305	0	0	0
6.207	0	0	0	0.2	0	-0.3	0	0	0	0	0	0	-0.13	0	0.305	0	0	0
6.208	0	0	0	0.2	0	-0.3	0	0	0	0	0	0	-0.13	0	0.305	0	0	0
6.209	0	0	0	0.2	0	-0.3	0	0	0	0	0	0	-0.13	0	0.305	0	0	0
6.21	0	0	0	0.2	0	-0.3	0	0	0	0	0	0	-0.13	0	0.305	0	0	0
6.211	0	0	0	0.2	0	-0.3	0	0	0	0	0	0	-0.13	0	0.305	0	0	0
6.212	0	0	0	0.2	0	-0.3	0	0	0	0	0	0	-0.13	0	0.305	0	0	0
6.213	0	0	0	0.2	0	-0.3	0	0	0	0	0	0	-0.13	0	0.305	0	0	0
6.214	0	0	0	0.2	0	-0.3	0	0	0	0	0	0	-0.13	0	0.305	0	0	0
6.215	0	0	0	0.2	0	-0.3	0	0	0	0	0	0	-0.13	0	0.305	0	0	0
6.216	0	0	0	0.2	0	-0.3	0	0	0	0	0	0	-0.13	0	0.305	0	0	0
6.217	0	0	0	0.2	0	-0.3	0	0	0	0	0	0	-0.13	0	0.305	0	0	0
6.218	0	0	0	0.2	0	-0.3	0	0	0	0	0	0	-0.13	0	0.305	0	0	0
6.219	0	0	0	0.2	0	-0.3	0	0	0	0	0	0	-0.13	0	0.305	0	0	0
6.22	0	0	0	0.2	0	-0.3	0	0	0	0	0	0	-0.13	0	0.305	0	0	0
6.221	0	0	0	0.2	0	-0.3	0	0	0	0	0	0	-0.13	0	0.305	0	0	0
6.222	0	0	0	0.2	0	-0.3	0	0	0	0	0	0	-0.13	0	0.305	0	0	0
6.223	0	0	0	0.2	0	-0.3	0	0	0	0	0	0	-0.13	0	0.305	0	0	0
6.224	0	0	0	0.2	0	-0.3	0	0	0	0	0	0	-0.13	0	0.305	0	0	0
6.225	0	0	0	0.2	0	-0.3	0	0	0	0	0	0	-0.13	0	0.305	0	0	0
6.226	0	0	0	0.2	0	-0.3	0	0	0	0	0	0	-0.13	0	0.305	0	0	0
6.227	0	0	0	0.2	0	-0.3	0	0	0	0	0	0	-0.13	0	0.305	0	0	0
6.228	0	0	0	0.2	0	-0.3	0	0	0	0	0	0	-0.13	0	0.305	0	0	0
6.229	0	0	0	0.2	0	-0.3	0	0	0	0	0	0	-0.13	0	0.305	0	0	0
6.23	0	0	0	0.2	0	-0.3	0	0	0	0	0	0	-0.13	0	0.305	0	0	0
6.231	0	0	0	0.2	0	-0.3	0	0	0	0	0	0	-0.13	0	0.305	0	0	0
6.232	0	0	0	0.2	0	-0.3	0	0	0	0	0	0	-0.13	0	0.305	0	0	0
6.233	0	0	0	0.2	0	-0.3	0	0	0	0	0	0	-0.13	0	0.305	0	0	0
6.234	0	0	0	0.2	0	-0.3	0	0	0	0	0	0	-0.13	0	0.305	0	0	0
6.235	0	0	0	0.2	0	-0.3	0	0	0	0	0	0	-0.13	0	0.305	0	0	0
6.236	0	0	0	0.2	0	-0.3	0	0	0	0	0	0	-0.13	0	0.305	0	0	0
6.237	0	0	0	0.2	0	-0.3	0	0	0	0	0	0	-0.13	0	0.305	0	0	0
6.238	0	0	0	0.2	0	-0.3	0	0	0	0	0	0	-0.13	0	0.305	0	0	0
6.239	0	0	0	0.2	0	-0.3	0	0	0	0	0	0	-0.13	0	0.305	0	0	0
6.24	0	0	0	0.2	0	-0.3	0	0	0	0	0	0	-0.13	0	0.305	0	0	0
6.241	0	0	0	0.2	0	-0.3	0	0	0	0	0	0	-0.13	0	0.305	0	0	0
6.242	0	0	0	0.2	0	-0.3	0	0	0	0	0	0	-0.13	0	0.305	0	0	0
6.243	0	0	0	0.2	0	-0.3	0	0	0	0	0	0	-0.13	0	0.305	0	0	0
6.244	0	0	0	0.2	0	-0.3	0	0	0	0	0	0	-0.13	0	0.305	0	0	0
6.245	0	0	0	0.2	0	-0.3	0	0	0	0	0	0	-0.13	0	0.305	0	0	0
6.246	0	0	0	0.2	0	-0.3	0	0	0	0	0	0	-0.13	0	0.305	0	0	0
6.247	0	0	0	0.2	0	-0.3	0	0	0	0	0	0	-0.13	0	0.305	0	0	0
6.248	0	0	0	0.2	0	-0.3	0	0	0	0	0	0	-0.13	0	0.305	0	0	0
6.249	0	0	0	0.2	0	-0.3	0	0	0	0	0	0	-0.13	0	0.305	0	0	0
6.25	0	0	0	0.2	0	-0.3	0	0	0	0	0	0	-0.13	0	0.305	0	0	0
6.251	0	0	0	0.2	0	-0.3	0	0	0	0	0	0	-0.13	0	0.305	0	0	0
6.252	0	0	0	0.2	0	-0.3	0	0	0	0	0	0	-0.13	0	0.305	0	0	0
6.253	0	0	0	0.2	0	-0.3	0	0	0	0	0	0	-0.13	0	0.305	0	0	0
6.254	0	0	0	0.2	0	-0.3	0	0	0	0	0	0	-0.13	0	0.305	0	0	0
6.255	0	0	0	0.2	0	-0.3	0	0	0	0	0	0	-0.13	0	0.305	0	0	0
6.256	0	0	0	0.2	0	-0.3	0	0	0	0	0	0	-0.13	0	0.305	0	0	0
6.257	0	0	0	0.2	0	-0.3	0	0	0	0	0	0	-0.13	0	0.305	0	0	0
6.258	0	0	0	0.2	0	-0.3	0	0	0	0	0	0	-0.13	0	0.305	0	0	0
6.259	0	0	0	0.2	0	-0.3	0	0	0	0	0	0	-0.13	0	0.305	0	0	0
6.26	0	0	0	0.2	0	-0.3	0	0	0	0	0	0	-0.13	0	0.305	0	0	0
6.261	0	0	0	0.2	0	-0.3	0	0	0	0	0	0	-0.13	0	0.305	0	0	0
6.262	0	0	0	0.2	0	-0.3	0	0	0	0	0	0	-0.13	0	0.305	0	0	0
6.263	0	0	0	0.2	0	-0.3	0	0	0	0	0	0	-0.13	0	0.305	0	0	0
6.264	0	0	0	0.2	0	-0.3	0	0	0	0	0	0	-0.13	0	0.305	0	0	0
6.265	0	0	0	0.2	0	-0.3	0	0	0	0	0	0	-0.13	0	0.305	0	0	0
6.266	0	0	0	0.2	0	-0.3	0	0	0	0	0	0	-0.13	0	0.305	0	0	0
6.267	0	0	0	0.2	0	-0.3	0	0	0	0	0	0	-0.13	0	0.305	0	0	0
6.268	0	0	0	0.2	0	-0.3	0	0	0	0	0	0	-0.13	0	0.305	0	0	0
6.269	0	0	0	0.2	0	-0.3	0	0	0	0	0	0	-0.13	0	0.305	0	0	0
6.27	0	0	0	0.2	0	-0.3	0	0	0	0	0	0	-0.13	0	0.305	0	0	0
6.271	0	0	0	0.2	0	-0.3	0	0	0	0	0	0	-0.13	0	0.305	0	0	0
6.272	0	0	0	0.2	0	-0.3	0	0	0	0	0	0	-0.13	0	0.305	0	0	0
6.273	0	0	0	0.2	0	-0.3	0	0	0	0	0	0	-0.13	0	0.305	0	0	0
6.274	0	0	0	0.2	0	-0.3	0	0	0	0	0	0	-0.13	0	0.305	0	0	0
6.275	0	0	0	0.2	0	-0.3	0	0	0	0	0	0	-0.13	0	0.305	0	0	0
6.276	0	0	0	0.2	0	-0.3	0	0	0	0	0	0	-0.13	0	0.305	0	0	0
6.277	0	0	0	0.2	0	-0.3	0	0	0	0	0	0	-0.13	0	0.305	0	0	0
6.278	0	0	0	0.2	0	-0.3	0	0	0	0	0	0	-0.13	0	0.305	0	0	0
6.279	0	0	0	0.2	0	-0.3	0	0	0	0	0	0	-0.13	0	0.305	0	0	0
6.28	0	0	0	0.2	0	-0.3	0	0	0	0	0	0	-0.13	0	0.305	0	0	0
6.281	0	0	0	0.2	0	-0.3	0	0	0	0	0	0	-0.13	0	0.305	0	0	0
6.282	0	0	0	0.2	0	-0.3	0	0	0	0	0	0	-0.13	0	0.305	0	0	0
6.283	0	0	0	0.2	0	-0.3	0	0	0	0	0	0	-0.13	0	0.305	0	0	0
6.284	0	0	0	0.2	0	-0.3	0	0	0	0	0	0	-0.13	0	0.305	0	0	0
6.285	0	0	0	0.2	0	-0.3	0	0	0	0	0	0	-0.13	0	0.305	0	0	0
6.286	0	0	0	0.2	0	-0.3	0	0	0	0	0	0	-0.13	0	0.305	0	0	0
6.287	0	0	0	0.2	0	-0.3	0	0	0	0	0	0	-0.13	0	0.305	0	0	0
6.288	0	0	0	0.2	0	-0.3	0	0	0	0	0	0	-0.13	0	0.305	0	0	0
6.289	0	0	0	0.2	0	-0.3	0	0	0	0	0	0	-0.13	0	0.305	0	0	0
6.29	0	0	0	0.2	0	-0.3	0	0	0	0	0	0	-0.13	0	0.305	0	0	0
6.291	0	0	0	0.2	0	-0.3	0	0	0	0	0	0	-0.13	0	0.305	0	0	0
6.292	0	0	0	0.2	0	-0.3	0	0	0	0	0	0	-0.13	0	0.305	0	0	0
6.293	0	0	0	0.2	0	-0.3	0	0	0	0	0	0	-0.13	0	0.305	0	0	0
6.294	0	0	0	0.2	0	-0.3	0	0	0	0	0	0	-0.13	0	0.305	0	0	0
6.295	0	0	0	0.2	0	-0.3	0	0	0	0	0	0	-0.13	0	0.305	0	0	0
6.296	0	0	0	0.2	0	-0.3	0	0	0	0	0	0	-0.13	0	0.305	0	0	0
6.297	0	0	0	0.2	0	-0.3	0	0	0	0	0	0	-0.13	0	0.305	0	0	0
6.298	0	0	0	0.2	0	-0.3	0	0	0	0	0	0	-0.13	0	0.305	0	0	0
6.299	0	0	0	0.2	0	-0.3	0	0	0	0	0	0	-0.13	0	0.305	0	0	0
6.3	0	0	0	0.2	0	-0.3	0	0	0	0	0	0	-0.13	0	0.305	0	0	0
6.301	0	0	0	0.2	0	-0.3	0	0	0	0	0	0	-0.13	0	0.305	0	0	0
6.302	0	0	0	0.2	0	-0.3	0	0	0	0	0	0	-0.13	0	0.305	0	0	0
6.303	0	0	0	0.2	0	-0.3	0	0	0	0	0	0	-0.13	0	0.305	0	0	0
6.304	0	0	0	0.2	0	-0.3	0	0	0	0	0	0	-0.13	0	0.305	0	0	0
6.305	0	0	0	0.2	0	-0.3	0	0	0	0	0	0	-0.13	0	0.305	0	0	0
6.306	0	0	0	0.2	0	-0.3	0	0	0	0	0	0	-0.13	0	0.305	0	0	0
6.307	0	0	0	0.2	0	-0.3	0	0	0	0	0	0	-0.13	0	0.305	0	0	0
6.308	0	0	0	0.2	0	-0.3	0	0	0	0	0	0	-0.13	0	0.305	0	0	0
6.309	0	0	0	0.2	0	-0.3	0	0	0	0	0	0	-0.13	0	0.305	0	0	0
6.31	0	0	0	0.2	0	-0.3	0	0	0	0	0	0	-0.13	0	0.305	0	0	0
6.311	0	0	0	0.2	0	-0.3	0	0	0	0	0	0	-0.13	0	0.305	0	0	0
6.312	0	0	0	0.2	0	-0.3	0	0	0	0	0	0	-0.13	0	0.305	0	0	0
6.313	0	0	0	0.2	0	-0.3	0	0	0	0	0	0	-0.13	0	0.305	0	0	0
6.314	0	0	0	0.2	0	-0.3	0	0	0	0	0	0	-0.13	0	0.305	0	0	0
6.315	0	0	0	0.2	0	-0.3	0	0	0	0	0	0	-0.13	0	0.305	0	0	0
6.316	0	0	0	0.2	0	-0.3	0	0	0	0	0	0	-0.13	0	0.305	0	0	0
6.317	0	0	0	0.2	0	-0.3	0	0	0	0	0	0	-0.13	0	0.305	0	0	0
6.318	0	0	0	0.2	0	-0.3	0	0	0	0	0	0	-0.13	0	0.305	0	0	0
6.319	0	0	0	0.2	0	-0.3	0	0	0	0	0	0	-0.13	0	0.305	0	0	0
6.32	0	0	0	0.2	0	-0.3	0	0	0	0	0	0	-0.13	0	0.305	0	0	0
6.321	0	0	0	0.2	0	-0.3	0	0	0	0	0	0	-0.13	0	0.305	0	0	0
6.322	0	0	0	0.2	0	-0.3	0	0	0	0	0	0	-0.13	0	0.305	0	0	0
6.323	0	0	0	0.2	0	-0.3	0	0	0	0	0	0	-0.13	0	0.305	0	0	0
6.324	0	0	0	0.2	0	-0.3	0	0	0	0	0	0	-0.13	0	0.305	0	0	0
6.325	0	0	0	0.2	0	-0.3	0	0	0	0	0	0	-0.13	0	0.305	0	0	0
6.326	0	0	0	0.2	0	-0.3	0	0	0	0	0	0	-0.13	0	0.305	0	0	0
6.327	0	0	0	0.2	0	-0.3	0	0	0	0	0	0	-0.13	0	0.305	0	0	0
6.328	0	0	0	0.2	0	-0.3	0	0	0	0	0	0	-0.13	0	0.305	0	0	0
6.329	0	0	0	0.2	0	-0.3	0	0	0	0	0	0	-0.13	0	0.305	0	0	0
6.33	0	0	0	0.2	0	-0.3	0	0	0	0	0	0	-0.13	0	0.305	0	0	0
6.331	0	0	0	0.2	0	-0.3	0	0	0	0	0	0	-0.13	0	0.305	0	0	0
6.332	0	0	0	0.2	0	-0.3	0	0	0	0	0	0	-0.13	0	0.305	0	0	0
6.333	0	0	0	0.2	0	-0.3	0	0	0	0	0	0	-0.13	0	0.305	0	0	0
6.334	0	0	0	0.2	0	-0.3	0	0	0	0	0	0	-0.13	0	0.305	0	0	0
6.335	0	0	0	0.2	0	-0.3	0	0	0	0	0	0	-0.13	0	0.305	0	0	0
6.336	0	0	0	0.2	0	-0.3	0	0	0	0	0	0	-0.13	0	0.305	0	0	0
6.337	0	0	0	0.2	0	-0.3	0	0	0	0	0	0	-0.13	0	0.305	0	0	0
6.338	0	0	0	0.2	0	-0.3	0	0	0	0	0	0	-0.13	0	0.305	0	0	0
6.339	0	0	0	0.2	0	-0.3	0	0	0	0	0	0	-0.13	0	0.305	0	0	0
6.34	0	0	0	0.2	0	-0.3	0	0	0	0	0	0	-0.13	0	0.305	0	0	0
6.341	0	0	0	0.2	0	-0.3	0	0	0	0	0	0	-0.13	0	0.305	0	0	0
6.342	0	0	0	0.2	0	-0.3	0	0	0	0	0	0	-0.13	0	0.305	0	0	0
6.343	0	0	0	0.2	0	-0.3	0	0	0	0	0	0	-0.13	0	0.305	0	0	0
6.344	0	0	0	0.2	0	-0.3	0	0	0	0	0	0	-0.13	0	0.305	0	0	0
6.345	0	0	0	0.2	0	-0.3	0	0	0	0	0	0	-0.13	0	0.305	0	0	0
6.346	0	0	0	0.2	0	-0.3	0	0	0	0	0	0	-0.13	0	0.305	0	0	0
6.347	0	0	0	0.2	0	-0.3	0	0	0	0	0	0	-0.13	0	0.305	0	0	0
6.348	0	0	0	0.2	0	-0.3	0	0	0	0	0	0	-0.13	0	0.305	0	0	0
6.349	0	0	0	0.2	0	-0.3	0	0	0	0	0	0	-0.13	0	0.305	0	0	0
6.35	0	0	0	0.2	0	-0.3	0	0	0	0	0	0	-0.13	0	0.305	0	0	0
6.351	0	0	0	0.2	0	-0.3	0	0	0	0	0	0	-0.13	0	0.305	0	0	0
6.352	0	0	0	0.2	0	-0.3	0	0	0	0	0	0	-0.13	0	0.305	0	0	0
6.353	0	0	0	0.2	0	-0.3	0	0	0	0	0	0	-0.13	0	0.305	0	0	0
6.354	0	0	0	0.2	0	-0.3	0	0	0	0	0	0	-0.13	0	0.305	0	0	0
6.355	0	0	0	0.2	0	-0.3	0	0	0	0	0	0	-0.13	0	0.305	0	0	0
6.356	0	0	0	0.2	0	-0.3	0	0	0	0	0	0	-0.13	0	0.305	0	0	0
6.357	0	0	0	0.2	0	-0.3	0	0	0	0	0	0	-0.13	0	0.305	0	0	0
6.358	0	0	0	0.2	0	-0.3	0	0	0	0	0	0	-0.13	0	0.305	0	0	0
6.359	0	0	0	0.2	0	-0.3	0	0	0	0	0	0	-0.13	0	0.305	0	0	0
6.36	0	0	0	0.2	0	-0.3	0	0	0	0	0	0	-0.13	0	0.305	0	0	0
6.361	0	0	0	0.2	0	-0.3	0	0	0	0	0	0	-0.13	0	0.305	0	0	0
6.362	0	0	0	0.2	0	-0.3	0	0	0	0	0	0	-0.13	0	0.305	0	0	0
6.363	0	0	0	0.2	0	-0.3	0	0	0	0	0	0	-0.13	0	0.305	0	0	0
6.364	0	0	0	0.2	0	-0.3	0	0	0	0	0	0	-0.13	0	0.305	0	0	0
6.365	0	0	0	0.2	0	-0.3	0	0	0	0	0	0	-0.13	0	0.305	0	0	0
6.366	0	0	0	0.2	0	-0.3	0	0	0	0	0	0	-0.13	0	0.305	0	0	0
6.367	0	0	0	0.2	0	-0.3	0	0	0	0	0	0	-0.13	0	0.305	0	0	0
6.368	0	0	0	0.2	0	-0.3	0	0	0	0	0	0	-0.13	0	0.305	0	0	0
6.369	0	0	0	0.2	0	-0.3	0	0	0	0	0	0	-0.13	0	0.305	0	0	0
6.37	0	0	0	0.2	0	-0.3	0	0	0	0	0	0	-0.13	0	0.305	0	0	0
6.371	0	0	0	0.2	0	-0.3	0	0	0	0	0	0	-0.13	0	0.305	0	0	0
6.372	0	0	0	0.2	0	-0.3	0	0	0	0	0	0	-0.13	0	0.305	0	0	0
6.373	0	0	0	0.2	0	-0.3	0	0	0	0	0	0	-0.13	0	0.305	0	0	0
6.374	0	0	0	0.2	0	-0.3	0	0	0	0	0	0	-0.13	0	0.305	0	0	0
6.375	0	0	0	0.2	0	-0.3	0	0	0	0	0	0	-0.13	0	0.305	0	0	0
6.376	0	0	0	0.2	0	-0.3	0	0	0	0	0	0	-0.13	0	0.305	0	0	0
6.377	0	0	0	0.2	0	-0.3	0	0	0	0	0	0	-0.13	0	0.305	0	0	0
6.378	0	0	0	0.2	0	-0.3	0	0	0	0	0	0	-0.13	0	0.305	0	0	0
6.379	0	0	0	0.2	0	-0.3	0	0	0	0	0	0	-0.13	0	0.305	0	0	0
6.38	0	0	0	0.2	0	-0.3	0	0	0	0	0	0	-0.13	0	0.305	0	0	0
6.381	0	0	0	0.2	0	-0.3	0	0	0	0	0	0	-0.13	0	0.305	0	0	0
6.382	0	0	0	0.2	0	-0.3	0	0	0	0	0	0	-0.13	0	0.305	0	0	0
6.383	0	0	0	0.2	0	-0.3	0	0	0	0	0	0	-0.13	0	0.305	0	0	0
6.384	0	0	0	0.2	0	-0.3	0	0	0	0	0	0	-0.13	0	0.305	0	0	0
6.385	0	0	0	0.2	0	-0.3	0	0	0	0	0	0	-0.13	0	0.305	0	0	0
6.386	0	0	0	0.2	0	-0.3	0	0	0	0	0	0	-0.13	0	0.305	0	0	0
6.387	0	0	0	0.2	0	-0.3	0	0	0	0	0	0	-0.13	0	0.305	0	0	0
6.388	0	0	0	0.2	0	-0.3	0	0	0	0	0	0	-0.13	0	0.305	0	0	0
6.389	0	0	0	0.2	0	-0.3	0	0	0	0	0	0	-0.13	0	0.305	0	0	0
6.39	0	0	0	0.2	0	-0.3	0	0	0	0	0	0	-0.13	0	0.305	0	0	0
6.391	0	0	0	0.2	0	-0.3	0	0	0	0	0	0	-0.13	0	0.305	0	0	0
6.392	0	0	0	0.2	0	-0.3	0	0	0	0	0	0	-0.13	0	0.305	0	0	0
6.393	0	0	0	0.2	0	-0.3	0	0	0	0	0	0	-0.13	0	0.305	0	0	0
6.394	0	0	0	0.2	0	-0.3	0	0	0	0	0	0	-0.13	0	0.305	0	0	0
6.395	0	0	0	0.2	0	-0.3	0	0	0	0	0	0	-0.13	0	0.305	0	0	0
6.396	0	0	0	0.2	0	-0.3	0	0	0	0	0	0	-0.13	0	0.305	0	0	0
6.397	0	0	0	0.2	0	-0.3	0	0	0	0	0	0	-0.13	0	0.305	0	0	0
6.398	0	0	0	0.2	0	-0.3	0	0	0	0	0	0	-0.13	0	0.305	0	0	0
6.399	0	0	0	0.2	0	-0.3	0	0	0	0	0	0	-0.13	0	0.305	0	0	0
6.4	0	0	0	0.2	0	-0.3	0	0	0	0	0	0	-0.13	0	0.305	0	0	0
6.401	0	0	0	0.2	0	-0.3	0	0	0	0	0	0	-0.13	0	0.305	0	0	0
6.402	0	0	0	0.2	0	-0.3	0	0	0	0	0	0	-0.13	0	0.305	0	0	0
6.403	0	0	0	0.2	0	-0.3	0	0	0	0	0	0	-0.13	0	0.305	0	0	0
6.404	0	0	0	0.2	0	-0.3	0	0	0	0	0	0	-0.13	0	0.305	0	0	0
6.405	0	0	0	0.2	0	-0.3	0	0	0	0	0	0	-0.13	0	0.305	0	0	0
6.406	0	0	0	0.2	0	-0.3	0	0	0	0	0	0	-0.13	0	0.305	0	0	0
6.407	0	0	0	0.2	0	-0.3	0	0	0	0	0	0	-0.13	0	0.305	0	0	0
6.408	0	0	0	0.2	0	-0.3	0	0	0	0	0	0	-0.13	0	0.305	0	0	0
6.409	0	0	0	0.2	0	-0.3	0	0	0	0	0	0	-0.13	0	0.305	0	0	0
6.41	0	0	0	0.2	0	-0.3	0	0	0	0	0	0	-0.13	0	0.305	0	0	0
6.411	0	0	0	0.2	0	-0.3	0	0	0	0	0	0	-0.13	0	0.305	0	0	0
6.412	0	0	0	0.2	0	-0.3	0	0	0	0	0	0	-0.13	0	0.305	0	0	0
6.413	0	0	0	0.2	0	-0.3	0	0	0	0	0	0	-0.13	0	0.305	0	0	0
6.414	0	0	0	0.2	0	-0.3	0	0	0	0	0	0	-0.13	0	0.305	0	0	0
6.415	0	0	0	0.2	0	-0.3	0	0	0	0	0	0	-0.13	0	0.305	0	0	0
6.416	0	0	0	0.2	0	-0.3	0	0	0	0	0	0	-0.13	0	0.305	0	0	0
6.417	0	0	0	0.2	0	-0.3	0	0	0	0	0	0	-0.13	0	0.305	0	0	0
6.418	0	0	0	0.2	0	-0.3	0	0	0	0	0	0	-0.13	0	0.305	0	0	0
6.419	0	0	0	0.2	0	-0.3	0	0	0	0	0	0	-0.13	0	0.305	0	0	0
6.42	0	0	0	0.2	0	-0.3	0	0	0	0	0	0	-0.13	0	0.305	0	0	0
6.421	0	0	0	0.2	0	-0.3	0	0	0	0	0	0	-0.13	0	0.305	0	0	0
6.422	0	0	0	0.2	0	-0.3	0	0	0	0	0	0	-0.13	0	0.305	0	0	0
6.423	0	0	0	0.2	0	-0.3	0	0	0	0	0	0	-0.13	0	0.305	0	0	0
6.424	0	0	0	0.2	0	-0.3	0	0	0	0	0	0	-0.13	0	0.305	0	0	0
6.425	0	0	0	0.2	0	-0.3	0	0	0	0	0	0	-0.13	0	0.305	0	0	0
6.426	0	0	0	0.2	0	-0.3	0	0	0	0	0	0	-0.13	0	0.305	0	0	0
6.427	0	0	0	0.2	0	-0.3	0	0	0	0	0	0	-0.13	0	0.305	0	0	0
6.428	0	0	0	0.2	0	-0.3	0	0	0	0	0	0	-0.13	0	0.305	0	0	0
6.429	0	0	0	0.2	0	-0.3	0	0	0	0	0	0	-0.13	0	0.305	0	0	0
6.43	0	0	0	0.2	0	-0.3	0	0	0	0	0	0	-0.13	0	0.305	0	0	0
6.431	0	0	0	0.2	0	-0.3	0	0	0	0	0	0	-0.13	0	0.305	0	0	0
6.432	0	0	0	0.2	0	-0.3	0	0	0	0	0	0	-0.13	0	0.305	0	0	0
6.433	0	0	0	0.2	0	-0.3	0	0	0	0	0	0	-0.13	0	0.305	0	0	0
6.434	0	0	0	0.2	0	-0.3	0	0	0	0	0	0	-0.13	0	0.305	0	0	0
6.435	0	0	0	0.2	0	-0.3	0	0	0	0	0	0	-0.13	0	0.305	0	0	0
6.436	0	0	0	0.2	0	-0.3	0	0	0	0	0	0	-0.13	0	0.305	0	0	0
6.437	0	0	0	0.2	0	-0.3	0	0	0	0	0	0	-0.13	0	0.305	0	0	0
6.438	0	0	0	0.2	0	-0.3	0	0	0	0	0	0	-0.13	0	0.305	0	0	0
6.439	0	0	0	0.2	0	-0.3	0	0	0	0	0	0	-0.13	0	0.305	0	0	0
6.44	0	0	0	0.2	0	-0.3	0	0	0	0	0	0	-0.13	0	0.305	0	0	0
6.441	0	0	0	0.2	0	-0.3	0	0	0	0	0	0	-0.13	0	0.305	0	0	0
6.442	0	0	0	0.2	0	-0.3	0	0	0	0	0	0	-0.13	0	0.305	0	0	0
6.443	0	0	0	0.2	0	-0.3	0	0	0	0	0	0	-0.13	0	0.305	0	0	0
6.444	0	0	0	0.2	0	-0.3	0	0	0	0	0	0	-0.13	0	0.305	0	0	0
6.445	0	0	0	0.2	0	-0.3	0	0	0	0	0	0	-0.13	0	0.305	0	0	0
6.446	0	0	0	0.2	0	-0.3	0	0	0	0	0	0	-0.13	0	0.305	0	0	0
6.447	0	0	0	0.2	0	-0.3	0	0	0	0	0	0	-0.13	0	0.305	0	0	0
6.448	0	0	0	0.2	0	-0.3	0	0	0	0	0	0	-0.13	0	0.305	0	0	0
6.449	0	0	0	0.2	0	-0.3	0	0	0	0	0	0	-0.13	0	0.305	0	0	0
6.45	0	0	0	0.2	0	-0.3	0	0	0	0	0	0	-0.13	0	0.305	0	0	0
6.451	0	0	0	0.2	0	-0.3	0	0	0	0	0	0	-0.13	0	0.305	0	0	0
6.452	0	0	0	0.2	0	-0.3	0	0	0	0	0	0	-0.13	0	0.305	0	0	0
6.453	0	0	0	0.2	0	-0.3	0	0	0	0	0	0	-0.13	0	0.305	0	0	0
6.454	0	0	0	0.2	0	-0.3	0	0	0	0	0	0	-0.13	0	0.305	0	0	0
6.455	0	0	0	0.2	0	-0.3	0	0	0	0	0	0	-0.13	0	0.305	0	0	0
6.456	0	0	0	0.2	0	-0.3	0	0	0	0	0	0	-0.13	0	0.305	0	0	0
6.457	0	0	0	0.2	0	-0.3	0	0	0	0	0	0	-0.13	0	0.305	0	0	0
6.458	0	0	0	0.2	0	-0.3	0	0	0	0	0	0	-0.13	0	0.305	0	0	0
6.459	0	0	0	0.2	0	-0.3	0	0	0	0	0	0	-0.13	0	0.305	0	0	0
6.46	0	0	0	0.2	0	-0.3	0	0	0	0	0	0	-0.13	0	0.305	0	0	0
6.461	0	0	0	0.2	0	-0.3	0	0	0	0	0	0	-0.13	0	0.305	0	0	0
6.462	0	0	0	0.2	0	-0.3	0	0	0	0	0	0	-0.13	0	0.305	0	0	0
6.463	0	0	0	0.2	0	-0.3	0	0	0	0	0	0	-0.13	0	0.305	0	0	0
6.464	0	0	0	0.2	0	-0.3	0	0	0	0	0	0	-0.13	0	0.305	0	0	0
6.465	0	0	0	0.2	0	-0.3	0	0	0	0	0	0	-0.13	0	0.305	0	0	0
6.466	0	0	0	0.2	0	-0.3	0	0	0	0	0	0	-0.13	0	0.305	0	0	0
6.467	0	0	0	0.2	0	-0.3	0	0	0	0	0	0	-0.13	0	0.305	0	0	0
6.468	0	0	0	0.2	0	-0.3	0	0	0	0	0	0	-0.13	0	0.305	0	0	0
6.469	0	0	0	0.2	0	-0.3	0	0	0	0	0	0	-0.13	0	0.305	0	0	0
6.47	0	0	0	0.2	0	-0.3	0	0	0	0	0	0	-0.13	0	0.305	0	0	0
6.471	0	0	0	0.2	0	-0.3	0	0	0	0	0	0	-0.13	0	0.305	0	0	0
6.472	0	0	0	0.2	0	-0.3	0	0	0	0	0	0	-0.13	0	0.305	0	0	0
6.473	0	0	0	0.2	0	-0.3	0	0	0	0	0	0	-0.13	0	0.305	0	0	0
6.474	0	0	0	0.2	0	-0.3	0	0	0	0	0	0	-0.13	0	0.305	0	0	0
6.475	0	0	0	0.2	0	-0.3	0	0	0	0	0	0	-0.13	0	0.305	0	0	0
6.476	0	0	0	0.2	0	-0.3	0	0	0	0	0	0	-0.13	0	0.305	0	0	0
6.477	0	0	0	0.2	0	-0.3	0	0	0	0	0	0	-0.13	0	0.305	0	0	0
6.478	0	0	0	0.2	0	-0.3	0	0	0	0	0	0	-0.13	0	0.305	0	0	0
6.479	0	0	0	0.2	0	-0.3	0	0	0	0	0	0	-0.13	0	0.305	0	0	0
6.48	0	0	0	0.2	0	-0.3	0	0	0	0	0	0	-0.13	0	0.305	0	0	0
6.481	0	0	0	0.2	0	-0.3	0	0	0	0	0	0	-0.13	0	0.305	0	0	0
6.482	0	0	0	0.2	0	-0.3	0	0	0	0	0	0	-0.13	0	0.305	0	0	0
6.483	0	0	0	0.2	0	-0.3	0	0	0	0	0	0	-0.13	0	0.305	0	0	0
6.484	0	0	0	0.2	0	-0.3	0	0	0	0	0	0	-0.13	0	0.305	0	0	0
6.485	0	0	0	0.2	0	-0.3	0	0	0	0	0	0	-0.13	0	0.305	0	0	0
6.486	0	0	0	0.2	0	-0.3	0	0	0	0	0	0	-0.13	0	0.305	0	0	0
6.487	0	0	0	0.2	0	-0.3	0	0	0	0	0	0	-0.13	0	0.305	0	0	0
6.488	0	0	0	0.2	0	-0.3	0	0	0	0	0	0	-0.13	0	0.305	0	0	0
6.489	0	0	0	0.2	0	-0.3	0	0	0	0	0	0	-0.13	0	0.305	0	0	0
6.49	0	0	0	0.2	0	-0.3	0	0	0	0	0	0	-0.13	0	0.305	0	0	0
6.491	0	0	0	0.2	0	-0.3	0	0	0	0	0	0	-0.13	0	0.305	0	0	0
6.492	0	0	0	0.2	0	-0.3	0	0	0	0	0	0	-0.13	0	0.305	0	0	0
6.493	0	0	0	0.2	0	-0.3	0	0	0	0	0	0	-0.13	0	0.305	0	0	0
6.494	0	0	0	0.2	0	-0.3	0	0	0	0	0	0	-0.13	0	0.305	0	0	0
6.495	0	0	0	0.2	0	-0.3	0	0	0	0	0	0	-0.13	0	0.305	0	0	0
6.496	0	0	0	0.2	0	-0.3	0	0	0	0	0	0	-0.13	0	0.305	0	0	0
6.497	0	0	0	0.2	0	-0.3	0	0	0	0	0	0	-0.13	0	0.305	0	0	0
6.498	0	0	0	0.2	0	-0.3	0	0	0	0	0	0	-0.13	0	0.305	0	0	0
6.499	0	0	0	0.2	0	-0.3	0	0	0	0	0	0	-0.13	0	0.305	0	0	0
6.5	0	0	0	0.2	0	-0.3	0	0	0	0	0	0	-0.13	0	0.305	0	0	0
6.501	0	0	0	0.2	0	-0.3	0	0	0	0	0	0	-0.13	0	0.305	0	0	0
6.502	0	0	0	0.2	0	-0.3	0	0	0	0	0	0	-0.13	0	0.305	0	0	0
6.503	0	0	0	0.2	0	-0.3	0	0	0	0	0	0	-0.13	0	0.305	0	0	0
6.504	0	0	0	0.2	0	-0.3	0	0	0	0	0	0	-0.13	0	0.305	0	0	0
6.505	0	0	0	0.2	0	-0.3	0	0	0	0	0	0	-0.13	0	0.305	0	0	0
6.506	0	0	0	0.2	0	-0.3	0	0	0	0	0	0	-0.13	0	0.305	0	0	0
6.507	0	0	0	0.2	0	-0.3	0	0	0	0	0	0	-0.13	0	0.305	0	0	0
6.508	0	0	0	0.2	0	-0.3	0	0	0	0	0	0	-0.13	0	0.305	0	0	0
6.509	0	0	0	0.2	0	-0.3	0	0	0	0	0	0	-0.13	0	0.305	0	0	0
6.51	0	0	0	0.2	0	-0.3	0	0	0	0	0	0	-0.13	0	0.305	0	0	0
6.511	0	0	0	0.2	0	-0.3	0	0	0	0	0	0	-0.13	0	0.305	0	0	0
6.512	0	0	0	0.2	0	-0.3	0	0	0	0	0	0	-0.13	0	0.305	0	0	0
6.513	0	0	0	0.2	0	-0.3	0	0	0	0	0	0	-0.13	0	0.305	0	0	0
6.514	0	0	0	0.2	0	-0.3	0	0	0	0	0	0	-0.13	0	0.305	0	0	0
6.515	0	0	0	0.2	0	-0.3	0	0	0	0	0	0	-0.13	0	0.305	0	0	0
6.516	0	0	0	0.2	0	-0.3	0	0	0	0	0	0	-0.13	0	0.305	0	0	0
6.517	0	0	0	0.2	0	-0.3	0	0	0	0	0	0	-0.13	0	0.305	0	0	0
6.518	0	0	0	0.2	0	-0.3	0	0	0	0	0	0	-0.13	0	0.305	0	0	0
6.519	0	0	0	0.2	0	-0.3	0	0	0	0	0	0	-0.13	0	0.305	0	0	0
6.52	0	0	0	0.2	0	-0.3	0	0	0	0	0	0	-0.13	0	0.305	0	0	0
6.521	0	0	0	0.2	0	-0.3	0	0	0	0	0	0	-0.13	0	0.305	0	0	0
6.522	0	0	0	0.2	0	-0.3	0	0	0	0	0	0	-0.13	0	0.305	0	0	0
6.523	0	0	0	0.2	0	-0.3	0	0	0	0	0	0	-0.13	0	0.305	0	0	0
6.524	0	0	0	0.2	0	-0.3	0	0	0	0	0	0	-0.13	0	0.305	0	0	0
6.525	0	0	0	0.2	0	-0.3	0	0	0	0	0	0	-0.13	0	0.305	0	0	0
6.526	0	0	0	0.2	0	-0.3	0	0	0	0	0	0	-0.13	0	0.305	0	0	0
6.527	0	0	0	0.2	0	-0.3	0	0	0	0	0	0	-0.13	0	0.305	0	0	0
6.528	0	0	0	0.2	0	-0.3	0	0	0	0	0	0	-0.13	0	0.305	0	0	0
6.529	0	0	0	0.2	0	-0.3	0	0	0	0	0	0	-0.13	0	0.305	0	0	0
6.53	0	0	0	0.2	0	-0.3	0	0	0	0	0	0	-0.13	0	0.305	0	0	0
6.531	0	0	0	0.2	0	-0.3	0	0	0	0	0	0	-0.13	0	0.305	0	0	0
6.532	0	0	0	0.2	0	-0.3	0	0	0	0	0	0	-0.13	0	0.305	0	0	0
6.533	0	0	0	0.2	0	-0.3	0	0	0	0	0	0	-0.13	0	0.305	0	0	0
6.534	0	0	0	0.2	0	-0.3	0	0	0	0	0	0	-0.13	0	0.305	0	0	0
6.535	0	0	0	0.2	0	-0.3	0	0	0	0	0	0	-0.13	0	0.305	0	0	0
6.536	0	0	0	0.2	0	-0.3	0	0	0	0	0	0	-0.13	0	0.305	0	0	0
6.537	0	0	0	0.2	0	-0.3	0	0	0	0	0	0	-0.13	0	0.305	0	0	0
6.538	0	0	0	0.2	0	-0.3	0	0	0	0	0	0	-0.13	0	0.305	0	0	0
6.539	0	0	0	0.2	0	-0.3	0	0	0	0	0	0	-0.13	0	0.305	0	0	0
6.54	0	0	0	0.2	0	-0.3	0	0	0	0	0	0	-0.13	0	0.305	0	0	0
6.541	0	0	0	0.2	0	-0.3	0	0	0	0	0	0	-0.13	0	0.305	0	0	0
6.542	0	0	0	0.2	0	-0.3	0	0	0	0	0	0	-0.13	0	0.305	0	0	0
6.543	0	0	0	0.2	0	-0.3	0	0	0	0	0	0	-0.13	0	0.305	0	0	0
6.544	0	0	0	0.2	0	-0.3	0	0	0	0	0	0	-0.13	0	0.305	0	0	0
6.545	0	0	0	0.2	0	-0.3	0	0	0	0	0	0	-0.13	0	0.305	0	0	0
6.546	0	0	0	0.2	0	-0.3	0	0	0	0	0	0	-0.13	0	0.305	0	0	0
6.547	0	0	0	0.2	0	-0.3	0	0	0	0	0	0	-0.13	0	0.305	0	0	0
6.548	0	0	0	0.2	0	-0.3	0	0	0	0	0	0	-0.13	0	0.305	0	0	0
6.549	0	0	0	0.2	0	-0.3	0	0	0	0	0	0	-0.13	0	0.305	0	0	0
6.55	0	0	0	0.2	0	-0.3	0	0	0	0	0	0	-0.13	0	0.305	0	0	0
6.551	0	0	0	0.2	0	-0.3	0	0	0	0	0	0	-0.13	0	0.305	0	0	0
6.552	0	0	0	0.2	0	-0.3	0	0	0	0	0	0	-0.13	0	0.305	0	0	0
6.553	0	0	0	0.2	0	-0.3	0	0	0	0	0	0	-0.13	0	0.305	0	0	0
6.554	0	0	0	0.2	0	-0.3	0	0	0	0	0	0	-0.13	0	0.305	0	0	0
6.555	0	0	0	0.2	0	-0.3	0	0	0	0	0	0	-0.13	0	0.305	0	0	0
6.556	0	0	0	0.2	0	-0.3	0	0	0	0	0	0	-0.13	0	0.305	0	0	0
6.557	0	0	0	0.2	0	-0.3	0	0	0	0	0	0	-0.13	0	0.305	0	0	0
6.558	0	0	0	0.2	0	-0.3	0	0	0	0	0	0	-0.13	0	0.305	0	0	0
6.559	0	0	0	0.2	0	-0.3	0	0	0	0	0	0	-0.13	0	0.305	0	0	0
6.56	0	0	0	0.2	0	-0.3	0	0	0	0	0	0	-0.13	0	0.305	0	0	0
6.561	0	0	0	0.2	0	-0.3	0	0	0	0	0	0	-0.13	0	0.305	0	0	0
6.562	0	0	0	0.2	0	-0.3	0	0	0	0	0	0	-0.13	0	0.305	0	0	0
6.563	0	0	0	0.2	0	-0.3	0	0	0	0	0	0	-0.13	0	0.305	0	0	0
6.564	0	0	0	0.2	0	-0.3	0	0	0	0	0	0	-0.13	0	0.305	0	0	0
6.565	0	0	0	0.2	0	-0.3	0	0	0	0	0	0	-0.13	0	0.305	0	0	0
6.566	0	0	0	0.2	0	-0.3	0	0	0	0	0	0	-0.13	0	0.305	0	0	0
6.567	0	0	0	0.2	0	-0.3	0	0	0	0	0	0	-0.13	0	0.305	0	0	0
6.568	0	0	0	0.2	0	-0.3	0	0	0	0	0	0	-0.13	0	0.305	0	0	0
6.569	0	0	0	0.2	0	-0.3	0	0	0	0	0	0	-0.13	0	0.305	0	0	0
6.57	0	0	0	0.2	0	-0.3	0	0	0	0	0	0	-0.13	0	0.305	0	0	0
6.571	0	0	0	0.2	0	-0.3	0	0	0	0	0	0	-0.13	0	0.305	0	0	0
6.572	0	0	0	0.2	0	-0.3	0	0	0	0	0	0	-0.13	0	0.305	0	0	0
6.573	0	0	0	0.2	0	-0.3	0	0	0	0	0	0	-0.13	0	0.305	0	0	0
6.574	0	0	0	0.2	0	-0.3	0	0	0	0	0	0	-0.13	0	0.305	0	0	0
6.575	0	0	0	0.2	0	-0.3	0	0	0	0	0	0	-0.13	0	0.305	0	0	0
6.576	0	0	0	0.2	0	-0.3	0	0	0	0	0	0	-0.13	0	0.305	0	0	0
6.577	0	0	0	0.2	0	-0.3	0	0	0	0	0	0	-0.13	0	0.305	0	0	0
6.578	0	0	0	0.2	0	-0.3	0	0	0	0	0	0	-0.13	0	0.305	0	0	0
6.579	0	0	0	0.2	0	-0.3	0	0	0	0	0	0	-0.13	0	0.305	0	0	0
6.58	0	0	0	0.2	0	-0.3	0	0	0	0	0	0	-0.13	0	0.305	0	0	0
6.581	0	0	0	0.2	0	-0.3	0	0	0	0	0	0	-0.13	0	0.305	0	0	0
6.582	0	0	0	0.2	0	-0.3	0	0	0	0	0	0	-0.13	0	0.305	0	0	0
6.583	0	0	0	0.2	0	-0.3	0	0	0	0	0	0	-0.13	0	0.305	0	0	0
6.584	0	0	0	0.2	0	-0.3	0	0	0	0	0	0	-0.13	0	0.305	0	0	0
6.585	0	0	0	0.2	0	-0.3	0	0	0	0	0	0	-0.13	0	0.305	0	0	0
6.586	0	0	0	0.2	0	-0.3	0	0	0	0	0	0	-0.13	0	0.305	0	0	0
6.587	0	0	0	0.2	0	-0.3	0	0	0	0	0	0	-0.13	0	0.305	0	0	0
6.588	0	0	0	0.2	0	-0.3	0	0	0	0	0	0	-0.13	0	0.305	0	0	0
6.589	0	0	0	0.2	0	-0.3	0	0	0	0	0	0	-0.13	0	0.305	0	0	0
