LG_Walk_Normal12																		
version=1																		
nRows=2700																		
nColumns=19																		
inDegrees=yes																		
endheader																		
time	ground_force2_vx	ground_force2_vy	ground_force2_vz	ground_force2_px	ground_force2_py	ground_force2_pz	ground_torque2_x	ground_torque2_y	ground_torque2_z	ground_force1_vx	ground_force1_vy	ground_force1_vz	ground_force1_px	ground_force1_py	ground_force1_pz	ground_torque1_x	ground_torque1_y	ground_torque1_z
4.69	0	0	0	0.2	0	-0.3	0	0	0	0	0	0	-0.13	0	0.305	0	0	0
4.691	0	0	0	0.2	0	-0.3	0	0	0	0	0	0	-0.13	0	0.305	0	0	0
4.692	0	0	0	0.2	0	-0.3	0	0	0	0	0	0	-0.13	0	0.305	0	0	0
4.693	0	0	0	0.2	0	-0.3	0	0	0	0	0	0	-0.13	0	0.305	0	0	0
4.694	0	0	0	0.2	0	-0.3	0	0	0	0	0	0	-0.13	0	0.305	0	0	0
4.695	0	0	0	0.2	0	-0.3	0	0	0	0	0	0	-0.13	0	0.305	0	0	0
4.696	0	0	0	0.2	0	-0.3	0	0	0	0	0	0	-0.13	0	0.305	0	0	0
4.697	0	0	0	0.2	0	-0.3	0	0	0	0	0	0	-0.13	0	0.305	0	0	0
4.698	0	0	0	0.2	0	-0.3	0	0	0	0	0	0	-0.13	0	0.305	0	0	0
4.699	0	0	0	0.2	0	-0.3	0	0	0	0	0	0	-0.13	0	0.305	0	0	0
4.7	0	0	0	0.2	0	-0.3	0	0	0	0	0	0	-0.13	0	0.305	0	0	0
4.701	0	0	0	0.2	0	-0.3	0	0	0	0	0	0	-0.13	0	0.305	0	0	0
4.702	0	0	0	0.2	0	-0.3	0	0	0	0	0	0	-0.13	0	0.305	0	0	0
4.703	0	0	0	0.2	0	-0.3	0	0	0	0	0	0	-0.13	0	0.305	0	0	0
4.704	0	0	0	0.2	0	-0.3	0	0	0	0	0	0	-0.13	0	0.305	0	0	0
4.705	0	0	0	0.2	0	-0.3	0	0	0	0	0	0	-0.13	0	0.305	0	0	0
4.706	0	0	0	0.2	0	-0.3	0	0	0	0	0	0	-0.13	0	0.305	0	0	0
4.707	0	0	0	0.2	0	-0.3	0	0	0	0	0	0	-0.13	0	0.305	0	0	0
4.708	0	0	0	0.2	0	-0.3	0	0	0	0	0	0	-0.13	0	0.305	0	0	0
4.709	0	0	0	0.2	0	-0.3	0	0	0	0	0	0	-0.13	0	0.305	0	0	0
4.71	0	0	0	0.2	0	-0.3	0	0	0	0	0	0	-0.13	0	0.305	0	0	0
4.711	0	0	0	0.2	0	-0.3	0	0	0	0	0	0	-0.13	0	0.305	0	0	0
4.712	0	0	0	0.2	0	-0.3	0	0	0	0	0	0	-0.13	0	0.305	0	0	0
4.713	0	0	0	0.2	0	-0.3	0	0	0	0	0	0	-0.13	0	0.305	0	0	0
4.714	0	0	0	0.2	0	-0.3	0	0	0	0	0	0	-0.13	0	0.305	0	0	0
4.715	0	0	0	0.2	0	-0.3	0	0	0	0	0	0	-0.13	0	0.305	0	0	0
4.716	0	0	0	0.2	0	-0.3	0	0	0	0	0	0	-0.13	0	0.305	0	0	0
4.717	0	0	0	0.2	0	-0.3	0	0	0	0	0	0	-0.13	0	0.305	0	0	0
4.718	0	0	0	0.2	0	-0.3	0	0	0	0	0	0	-0.13	0	0.305	0	0	0
4.719	0	0	0	0.2	0	-0.3	0	0	0	0	0	0	-0.13	0	0.305	0	0	0
4.72	0	0	0	0.2	0	-0.3	0	0	0	0	0	0	-0.13	0	0.305	0	0	0
4.721	0	0	0	0.2	0	-0.3	0	0	0	0	0	0	-0.13	0	0.305	0	0	0
4.722	0	0	0	0.2	0	-0.3	0	0	0	0	0	0	-0.13	0	0.305	0	0	0
4.723	0	0	0	0.2	0	-0.3	0	0	0	0	0	0	-0.13	0	0.305	0	0	0
4.724	0	0	0	0.2	0	-0.3	0	0	0	0	0	0	-0.13	0	0.305	0	0	0
4.725	0	0	0	0.2	0	-0.3	0	0	0	0	0	0	-0.13	0	0.305	0	0	0
4.726	0	0	0	0.2	0	-0.3	0	0	0	0	0	0	-0.13	0	0.305	0	0	0
4.727	0	0	0	0.2	0	-0.3	0	0	0	0	0	0	-0.13	0	0.305	0	0	0
4.728	0	0	0	0.2	0	-0.3	0	0	0	0	0	0	-0.13	0	0.305	0	0	0
4.729	0	0	0	0.2	0	-0.3	0	0	0	0	0	0	-0.13	0	0.305	0	0	0
4.73	0	0	0	0.2	0	-0.3	0	0	0	0	0	0	-0.13	0	0.305	0	0	0
4.731	0	0	0	0.2	0	-0.3	0	0	0	0	0	0	-0.13	0	0.305	0	0	0
4.732	0	0	0	0.2	0	-0.3	0	0	0	0	0	0	-0.13	0	0.305	0	0	0
4.733	0	0	0	0.2	0	-0.3	0	0	0	0	0	0	-0.13	0	0.305	0	0	0
4.734	0	0	0	0.2	0	-0.3	0	0	0	0	0	0	-0.13	0	0.305	0	0	0
4.735	0	0	0	0.2	0	-0.3	0	0	0	0	0	0	-0.13	0	0.305	0	0	0
4.736	0	0	0	0.2	0	-0.3	0	0	0	0	0	0	-0.13	0	0.305	0	0	0
4.737	0	0	0	0.2	0	-0.3	0	0	0	0	0	0	-0.13	0	0.305	0	0	0
4.738	0	0	0	0.2	0	-0.3	0	0	0	0	0	0	-0.13	0	0.305	0	0	0
4.739	0	0	0	0.2	0	-0.3	0	0	0	0	0	0	-0.13	0	0.305	0	0	0
4.74	0	0	0	0.2	0	-0.3	0	0	0	0	0	0	-0.13	0	0.305	0	0	0
4.741	0	0	0	0.2	0	-0.3	0	0	0	0	0	0	-0.13	0	0.305	0	0	0
4.742	0	0	0	0.2	0	-0.3	0	0	0	0	0	0	-0.13	0	0.305	0	0	0
4.743	0	0	0	0.2	0	-0.3	0	0	0	0	0	0	-0.13	0	0.305	0	0	0
4.744	0	0	0	0.2	0	-0.3	0	0	0	0	0	0	-0.13	0	0.305	0	0	0
4.745	0	0	0	0.2	0	-0.3	0	0	0	0	0	0	-0.13	0	0.305	0	0	0
4.746	0	0	0	0.2	0	-0.3	0	0	0	0	0	0	-0.13	0	0.305	0	0	0
4.747	0	0	0	0.2	0	-0.3	0	0	0	0	0	0	-0.13	0	0.305	0	0	0
4.748	0	0	0	0.2	0	-0.3	0	0	0	0	0	0	-0.13	0	0.305	0	0	0
4.749	0	0	0	0.2	0	-0.3	0	0	0	0	0	0	-0.13	0	0.305	0	0	0
4.75	0	0	0	0.2	0	-0.3	0	0	0	0	0	0	-0.13	0	0.305	0	0	0
4.751	0	0	0	0.2	0	-0.3	0	0	0	0	0	0	-0.13	0	0.305	0	0	0
4.752	0	0	0	0.2	0	-0.3	0	0	0	0	0	0	-0.13	0	0.305	0	0	0
4.753	0	0	0	0.2	0	-0.3	0	0	0	0	0	0	-0.13	0	0.305	0	0	0
4.754	0	0	0	0.2	0	-0.3	0	0	0	0	0	0	-0.13	0	0.305	0	0	0
4.755	0	0	0	0.2	0	-0.3	0	0	0	0	0	0	-0.13	0	0.305	0	0	0
4.756	0	0	0	0.2	0	-0.3	0	0	0	0	0	0	-0.13	0	0.305	0	0	0
4.757	0	0	0	0.2	0	-0.3	0	0	0	0	0	0	-0.13	0	0.305	0	0	0
4.758	0	0	0	0.2	0	-0.3	0	0	0	0	0	0	-0.13	0	0.305	0	0	0
4.759	0	0	0	0.2	0	-0.3	0	0	0	0	0	0	-0.13	0	0.305	0	0	0
4.76	0	0	0	0.2	0	-0.3	0	0	0	0	0	0	-0.13	0	0.305	0	0	0
4.761	0	0	0	0.2	0	-0.3	0	0	0	0	0	0	-0.13	0	0.305	0	0	0
4.762	0	0	0	0.2	0	-0.3	0	0	0	0	0	0	-0.13	0	0.305	0	0	0
4.763	0	0	0	0.2	0	-0.3	0	0	0	0	0	0	-0.13	0	0.305	0	0	0
4.764	0	0	0	0.2	0	-0.3	0	0	0	0	0	0	-0.13	0	0.305	0	0	0
4.765	0	0	0	0.2	0	-0.3	0	0	0	0	0	0	-0.13	0	0.305	0	0	0
4.766	0	0	0	0.2	0	-0.3	0	0	0	0	0	0	-0.13	0	0.305	0	0	0
4.767	0	0	0	0.2	0	-0.3	0	0	0	0	0	0	-0.13	0	0.305	0	0	0
4.768	0	0	0	0.2	0	-0.3	0	0	0	0	0	0	-0.13	0	0.305	0	0	0
4.769	0	0	0	0.2	0	-0.3	0	0	0	0	0	0	-0.13	0	0.305	0	0	0
4.77	0	0	0	0.2	0	-0.3	0	0	0	0	0	0	-0.13	0	0.305	0	0	0
4.771	0	0	0	0.2	0	-0.3	0	0	0	0	0	0	-0.13	0	0.305	0	0	0
4.772	0	0	0	0.2	0	-0.3	0	0	0	0	0	0	-0.13	0	0.305	0	0	0
4.773	0	0	0	0.2	0	-0.3	0	0	0	0	0	0	-0.13	0	0.305	0	0	0
4.774	0	0	0	0.2	0	-0.3	0	0	0	0	0	0	-0.13	0	0.305	0	0	0
4.775	0	0	0	0.2	0	-0.3	0	0	0	0	0	0	-0.13	0	0.305	0	0	0
4.776	0	0	0	0.2	0	-0.3	0	0	0	0	0	0	-0.13	0	0.305	0	0	0
4.777	0	0	0	0.2	0	-0.3	0	0	0	0	0	0	-0.13	0	0.305	0	0	0
4.778	0	0	0	0.2	0	-0.3	0	0	0	0	0	0	-0.13	0	0.305	0	0	0
4.779	0	0	0	0.2	0	-0.3	0	0	0	0	0	0	-0.13	0	0.305	0	0	0
4.78	0	0	0	0.2	0	-0.3	0	0	0	0	0	0	-0.13	0	0.305	0	0	0
4.781	0	0	0	0.2	0	-0.3	0	0	0	0	0	0	-0.13	0	0.305	0	0	0
4.782	0	0	0	0.2	0	-0.3	0	0	0	0	0	0	-0.13	0	0.305	0	0	0
4.783	0	0	0	0.2	0	-0.3	0	0	0	0	0	0	-0.13	0	0.305	0	0	0
4.784	0	0	0	0.2	0	-0.3	0	0	0	0	0	0	-0.13	0	0.305	0	0	0
4.785	0	0	0	0.2	0	-0.3	0	0	0	0	0	0	-0.13	0	0.305	0	0	0
4.786	0	0	0	0.2	0	-0.3	0	0	0	0	0	0	-0.13	0	0.305	0	0	0
4.787	0	0	0	0.2	0	-0.3	0	0	0	0	0	0	-0.13	0	0.305	0	0	0
4.788	0	0	0	0.2	0	-0.3	0	0	0	0	0	0	-0.13	0	0.305	0	0	0
4.789	0	0	0	0.2	0	-0.3	0	0	0	0	0	0	-0.13	0	0.305	0	0	0
4.79	0	0	0	0.2	0	-0.3	0	0	0	0	0	0	-0.13	0	0.305	0	0	0
4.791	0	0	0	0.2	0	-0.3	0	0	0	0	0	0	-0.13	0	0.305	0	0	0
4.792	0	0	0	0.2	0	-0.3	0	0	0	0	0	0	-0.13	0	0.305	0	0	0
4.793	0	0	0	0.2	0	-0.3	0	0	0	0	0	0	-0.13	0	0.305	0	0	0
4.794	0	0	0	0.2	0	-0.3	0	0	0	0	0	0	-0.13	0	0.305	0	0	0
4.795	0	0	0	0.2	0	-0.3	0	0	0	0	0	0	-0.13	0	0.305	0	0	0
4.796	0	0	0	0.2	0	-0.3	0	0	0	0	0	0	-0.13	0	0.305	0	0	0
4.797	0	0	0	0.2	0	-0.3	0	0	0	0	0	0	-0.13	0	0.305	0	0	0
4.798	0	0	0	0.2	0	-0.3	0	0	0	0	0	0	-0.13	0	0.305	0	0	0
4.799	0	0	0	0.2	0	-0.3	0	0	0	0	0	0	-0.13	0	0.305	0	0	0
4.8	0	0	0	0.2	0	-0.3	0	0	0	0	0	0	-0.13	0	0.305	0	0	0
4.801	0	0	0	0.2	0	-0.3	0	0	0	0	0	0	-0.13	0	0.305	0	0	0
4.802	0	0	0	0.2	0	-0.3	0	0	0	0	0	0	-0.13	0	0.305	0	0	0
4.803	0	0	0	0.2	0	-0.3	0	0	0	0	0	0	-0.13	0	0.305	0	0	0
4.804	0	0	0	0.2	0	-0.3	0	0	0	0	0	0	-0.13	0	0.305	0	0	0
4.805	0	0	0	0.2	0	-0.3	0	0	0	0	0	0	-0.13	0	0.305	0	0	0
4.806	0	0	0	0.2	0	-0.3	0	0	0	0	0	0	-0.13	0	0.305	0	0	0
4.807	0	0	0	0.2	0	-0.3	0	0	0	0	0	0	-0.13	0	0.305	0	0	0
4.808	0	0	0	0.2	0	-0.3	0	0	0	0	0	0	-0.13	0	0.305	0	0	0
4.809	0	0	0	0.2	0	-0.3	0	0	0	0	0	0	-0.13	0	0.305	0	0	0
4.81	0	0	0	0.2	0	-0.3	0	0	0	0	0	0	-0.13	0	0.305	0	0	0
4.811	0	0	0	0.2	0	-0.3	0	0	0	0	0	0	-0.13	0	0.305	0	0	0
4.812	0	0	0	0.2	0	-0.3	0	0	0	0	0	0	-0.13	0	0.305	0	0	0
4.813	0	0	0	0.2	0	-0.3	0	0	0	0	0	0	-0.13	0	0.305	0	0	0
4.814	0	0	0	0.2	0	-0.3	0	0	0	0	0	0	-0.13	0	0.305	0	0	0
4.815	0	0	0	0.2	0	-0.3	0	0	0	0	0	0	-0.13	0	0.305	0	0	0
4.816	0	0	0	0.2	0	-0.3	0	0	0	0	0	0	-0.13	0	0.305	0	0	0
4.817	0	0	0	0.2	0	-0.3	0	0	0	0	0	0	-0.13	0	0.305	0	0	0
4.818	0	0	0	0.2	0	-0.3	0	0	0	0	0	0	-0.13	0	0.305	0	0	0
4.819	0	0	0	0.2	0	-0.3	0	0	0	0	0	0	-0.13	0	0.305	0	0	0
4.82	0	0	0	0.2	0	-0.3	0	0	0	0	0	0	-0.13	0	0.305	0	0	0
4.821	0	0	0	0.2	0	-0.3	0	0	0	0	0	0	-0.13	0	0.305	0	0	0
4.822	0	0	0	0.2	0	-0.3	0	0	0	0	0	0	-0.13	0	0.305	0	0	0
4.823	0	0	0	0.2	0	-0.3	0	0	0	0	0	0	-0.13	0	0.305	0	0	0
4.824	0	0	0	0.2	0	-0.3	0	0	0	0	0	0	-0.13	0	0.305	0	0	0
4.825	0	0	0	0.2	0	-0.3	0	0	0	0	0	0	-0.13	0	0.305	0	0	0
4.826	0	0	0	0.2	0	-0.3	0	0	0	0	0	0	-0.13	0	0.305	0	0	0
4.827	0	0	0	0.2	0	-0.3	0	0	0	0	0	0	-0.13	0	0.305	0	0	0
4.828	0	0	0	0.2	0	-0.3	0	0	0	0	0	0	-0.13	0	0.305	0	0	0
4.829	0	0	0	0.2	0	-0.3	0	0	0	0	0	0	-0.13	0	0.305	0	0	0
4.83	0	0	0	0.2	0	-0.3	0	0	0	0	0	0	-0.13	0	0.305	0	0	0
4.831	0	0	0	0.2	0	-0.3	0	0	0	0	0	0	-0.13	0	0.305	0	0	0
4.832	0	0	0	0.2	0	-0.3	0	0	0	0	0	0	-0.13	0	0.305	0	0	0
4.833	0	0	0	0.2	0	-0.3	0	0	0	0	0	0	-0.13	0	0.305	0	0	0
4.834	0	0	0	0.2	0	-0.3	0	0	0	0	0	0	-0.13	0	0.305	0	0	0
4.835	0	0	0	0.2	0	-0.3	0	0	0	0	0	0	-0.13	0	0.305	0	0	0
4.836	0	0	0	0.2	0	-0.3	0	0	0	0	0	0	-0.13	0	0.305	0	0	0
4.837	0	0	0	0.2	0	-0.3	0	0	0	0	0	0	-0.13	0	0.305	0	0	0
4.838	0	0	0	0.2	0	-0.3	0	0	0	0	0	0	-0.13	0	0.305	0	0	0
4.839	0	0	0	0.2	0	-0.3	0	0	0	0	0	0	-0.13	0	0.305	0	0	0
4.84	0	0	0	0.2	0	-0.3	0	0	0	0	0	0	-0.13	0	0.305	0	0	0
4.841	0	0	0	0.2	0	-0.3	0	0	0	0	0	0	-0.13	0	0.305	0	0	0
4.842	0	0	0	0.2	0	-0.3	0	0	0	0	0	0	-0.13	0	0.305	0	0	0
4.843	0	0	0	0.2	0	-0.3	0	0	0	0	0	0	-0.13	0	0.305	0	0	0
4.844	0	0	0	0.2	0	-0.3	0	0	0	0	0	0	-0.13	0	0.305	0	0	0
4.845	0	0	0	0.2	0	-0.3	0	0	0	0	0	0	-0.13	0	0.305	0	0	0
4.846	0	0	0	0.2	0	-0.3	0	0	0	0	0	0	-0.13	0	0.305	0	0	0
4.847	0	0	0	0.2	0	-0.3	0	0	0	0	0	0	-0.13	0	0.305	0	0	0
4.848	0	0	0	0.2	0	-0.3	0	0	0	0	0	0	-0.13	0	0.305	0	0	0
4.849	0	0	0	0.2	0	-0.3	0	0	0	0	0	0	-0.13	0	0.305	0	0	0
4.85	0	0	0	0.2	0	-0.3	0	0	0	0	0	0	-0.13	0	0.305	0	0	0
4.851	0	0	0	0.2	0	-0.3	0	0	0	0	0	0	-0.13	0	0.305	0	0	0
4.852	0	0	0	0.2	0	-0.3	0	0	0	0	0	0	-0.13	0	0.305	0	0	0
4.853	0	0	0	0.2	0	-0.3	0	0	0	0	0	0	-0.13	0	0.305	0	0	0
4.854	0	0	0	0.2	0	-0.3	0	0	0	0	0	0	-0.13	0	0.305	0	0	0
4.855	0	0	0	0.2	0	-0.3	0	0	0	0	0	0	-0.13	0	0.305	0	0	0
4.856	0	0	0	0.2	0	-0.3	0	0	0	0	0	0	-0.13	0	0.305	0	0	0
4.857	0	0	0	0.2	0	-0.3	0	0	0	0	0	0	-0.13	0	0.305	0	0	0
4.858	0	0	0	0.2	0	-0.3	0	0	0	0	0	0	-0.13	0	0.305	0	0	0
4.859	0	0	0	0.2	0	-0.3	0	0	0	0	0	0	-0.13	0	0.305	0	0	0
4.86	0	0	0	0.2	0	-0.3	0	0	0	0	0	0	-0.13	0	0.305	0	0	0
4.861	0	0	0	0.2	0	-0.3	0	0	0	0	0	0	-0.13	0	0.305	0	0	0
4.862	0	0	0	0.2	0	-0.3	0	0	0	0	0	0	-0.13	0	0.305	0	0	0
4.863	0	0	0	0.2	0	-0.3	0	0	0	0	0	0	-0.13	0	0.305	0	0	0
4.864	0	0	0	0.2	0	-0.3	0	0	0	0	0	0	-0.13	0	0.305	0	0	0
4.865	0	0	0	0.2	0	-0.3	0	0	0	0	0	0	-0.13	0	0.305	0	0	0
4.866	0	0	0	0.2	0	-0.3	0	0	0	0	0	0	-0.13	0	0.305	0	0	0
4.867	0	0	0	0.2	0	-0.3	0	0	0	0	0	0	-0.13	0	0.305	0	0	0
4.868	0	0	0	0.2	0	-0.3	0	0	0	0	0	0	-0.13	0	0.305	0	0	0
4.869	0	0	0	0.2	0	-0.3	0	0	0	0	0	0	-0.13	0	0.305	0	0	0
4.87	0	0	0	0.2	0	-0.3	0	0	0	0	0	0	-0.13	0	0.305	0	0	0
4.871	0	0	0	0.2	0	-0.3	0	0	0	0	0	0	-0.13	0	0.305	0	0	0
4.872	0	0	0	0.2	0	-0.3	0	0	0	0	0	0	-0.13	0	0.305	0	0	0
4.873	0	0	0	0.2	0	-0.3	0	0	0	0	0	0	-0.13	0	0.305	0	0	0
4.874	0	0	0	0.2	0	-0.3	0	0	0	0	0	0	-0.13	0	0.305	0	0	0
4.875	0	0	0	0.2	0	-0.3	0	0	0	0	0	0	-0.13	0	0.305	0	0	0
4.876	0	0	0	0.2	0	-0.3	0	0	0	0	0	0	-0.13	0	0.305	0	0	0
4.877	0	0	0	0.2	0	-0.3	0	0	0	0	0	0	-0.13	0	0.305	0	0	0
4.878	0	0	0	0.2	0	-0.3	0	0	0	0	0	0	-0.13	0	0.305	0	0	0
4.879	0	0	0	0.2	0	-0.3	0	0	0	0	0	0	-0.13	0	0.305	0	0	0
4.88	0	0	0	0.2	0	-0.3	0	0	0	0	0	0	-0.13	0	0.305	0	0	0
4.881	0	0	0	0.2	0	-0.3	0	0	0	0	0	0	-0.13	0	0.305	0	0	0
4.882	0	0	0	0.2	0	-0.3	0	0	0	0	0	0	-0.13	0	0.305	0	0	0
4.883	0	0	0	0.2	0	-0.3	0	0	0	0	0	0	-0.13	0	0.305	0	0	0
4.884	0	0	0	0.2	0	-0.3	0	0	0	0	0	0	-0.13	0	0.305	0	0	0
4.885	0	0	0	0.2	0	-0.3	0	0	0	0	0	0	-0.13	0	0.305	0	0	0
4.886	0	0	0	0.2	0	-0.3	0	0	0	0	0	0	-0.13	0	0.305	0	0	0
4.887	0	0	0	0.2	0	-0.3	0	0	0	0	0	0	-0.13	0	0.305	0	0	0
4.888	0	0	0	0.2	0	-0.3	0	0	0	0	0	0	-0.13	0	0.305	0	0	0
4.889	0	0	0	0.2	0	-0.3	0	0	0	0	0	0	-0.13	0	0.305	0	0	0
4.89	0	0	0	0.2	0	-0.3	0	0	0	0	0	0	-0.13	0	0.305	0	0	0
4.891	0	0	0	0.2	0	-0.3	0	0	0	0	0	0	-0.13	0	0.305	0	0	0
4.892	0	0	0	0.2	0	-0.3	0	0	0	0	0	0	-0.13	0	0.305	0	0	0
4.893	0	0	0	0.2	0	-0.3	0	0	0	0	0	0	-0.13	0	0.305	0	0	0
4.894	0	0	0	0.2	0	-0.3	0	0	0	0	0	0	-0.13	0	0.305	0	0	0
4.895	0	0	0	0.2	0	-0.3	0	0	0	0	0	0	-0.13	0	0.305	0	0	0
4.896	0	0	0	0.2	0	-0.3	0	0	0	0	0	0	-0.13	0	0.305	0	0	0
4.897	0	0	0	0.2	0	-0.3	0	0	0	0	0	0	-0.13	0	0.305	0	0	0
4.898	0	0	0	0.2	0	-0.3	0	0	0	0	0	0	-0.13	0	0.305	0	0	0
4.899	0	0	0	0.2	0	-0.3	0	0	0	0	0	0	-0.13	0	0.305	0	0	0
4.9	0	0	0	0.2	0	-0.3	0	0	0	0	0	0	-0.13	0	0.305	0	0	0
4.901	0	0	0	0.2	0	-0.3	0	0	0	0	0	0	-0.13	0	0.305	0	0	0
4.902	0	0	0	0.2	0	-0.3	0	0	0	0	0	0	-0.13	0	0.305	0	0	0
4.903	0	0	0	0.2	0	-0.3	0	0	0	0	0	0	-0.13	0	0.305	0	0	0
4.904	0	0	0	0.2	0	-0.3	0	0	0	0	0	0	-0.13	0	0.305	0	0	0
4.905	0	0	0	0.2	0	-0.3	0	0	0	0	0	0	-0.13	0	0.305	0	0	0
4.906	0	0	0	0.2	0	-0.3	0	0	0	0	0	0	-0.13	0	0.305	0	0	0
4.907	0	0	0	0.2	0	-0.3	0	0	0	0	0	0	-0.13	0	0.305	0	0	0
4.908	0	0	0	0.2	0	-0.3	0	0	0	0	0	0	-0.13	0	0.305	0	0	0
4.909	0	0	0	0.2	0	-0.3	0	0	0	0	0	0	-0.13	0	0.305	0	0	0
4.91	0	0	0	0.2	0	-0.3	0	0	0	0	0	0	-0.13	0	0.305	0	0	0
4.911	0	0	0	0.2	0	-0.3	0	0	0	0	0	0	-0.13	0	0.305	0	0	0
4.912	0	0	0	0.2	0	-0.3	0	0	0	0	0	0	-0.13	0	0.305	0	0	0
4.913	0	0	0	0.2	0	-0.3	0	0	0	0	0	0	-0.13	0	0.305	0	0	0
4.914	0	0	0	0.2	0	-0.3	0	0	0	0	0	0	-0.13	0	0.305	0	0	0
4.915	0	0	0	0.2	0	-0.3	0	0	0	0	0	0	-0.13	0	0.305	0	0	0
4.916	0	0	0	0.2	0	-0.3	0	0	0	0	0	0	-0.13	0	0.305	0	0	0
4.917	0	0	0	0.2	0	-0.3	0	0	0	0	0	0	-0.13	0	0.305	0	0	0
4.918	0	0	0	0.2	0	-0.3	0	0	0	0	0	0	-0.13	0	0.305	0	0	0
4.919	0	0	0	0.2	0	-0.3	0	0	0	0	0	0	-0.13	0	0.305	0	0	0
4.92	0	0	0	0.2	0	-0.3	0	0	0	0	0	0	-0.13	0	0.305	0	0	0
4.921	0	0	0	0.2	0	-0.3	0	0	0	0	0	0	-0.13	0	0.305	0	0	0
4.922	0	0	0	0.2	0	-0.3	0	0	0	0	0	0	-0.13	0	0.305	0	0	0
4.923	0	0	0	0.2	0	-0.3	0	0	0	0	0	0	-0.13	0	0.305	0	0	0
4.924	0	0	0	0.2	0	-0.3	0	0	0	0	0	0	-0.13	0	0.305	0	0	0
4.925	0	0	0	0.2	0	-0.3	0	0	0	0	0	0	-0.13	0	0.305	0	0	0
4.926	0	0	0	0.2	0	-0.3	0	0	0	0	0	0	-0.13	0	0.305	0	0	0
4.927	0	0	0	0.2	0	-0.3	0	0	0	0	0	0	-0.13	0	0.305	0	0	0
4.928	0	0	0	0.2	0	-0.3	0	0	0	0	0	0	-0.13	0	0.305	0	0	0
4.929	0	0	0	0.2	0	-0.3	0	0	0	0	0	0	-0.13	0	0.305	0	0	0
4.93	0	0	0	0.2	0	-0.3	0	0	0	0	0	0	-0.13	0	0.305	0	0	0
4.931	0	0	0	0.2	0	-0.3	0	0	0	0	0	0	-0.13	0	0.305	0	0	0
4.932	0	0	0	0.2	0	-0.3	0	0	0	0	0	0	-0.13	0	0.305	0	0	0
4.933	0	0	0	0.2	0	-0.3	0	0	0	0	0	0	-0.13	0	0.305	0	0	0
4.934	0	0	0	0.2	0	-0.3	0	0	0	0	0	0	-0.13	0	0.305	0	0	0
4.935	0	0	0	0.2	0	-0.3	0	0	0	0	0	0	-0.13	0	0.305	0	0	0
4.936	0	0	0	0.2	0	-0.3	0	0	0	0	0	0	-0.13	0	0.305	0	0	0
4.937	0	0	0	0.2	0	-0.3	0	0	0	0	0	0	-0.13	0	0.305	0	0	0
4.938	0	0	0	0.2	0	-0.3	0	0	0	0	0	0	-0.13	0	0.305	0	0	0
4.939	0	0	0	0.2	0	-0.3	0	0	0	0	0	0	-0.13	0	0.305	0	0	0
4.94	0	0	0	0.2	0	-0.3	0	0	0	0	0	0	-0.13	0	0.305	0	0	0
4.941	0	0	0	0.2	0	-0.3	0	0	0	0	0	0	-0.13	0	0.305	0	0	0
4.942	0	0	0	0.2	0	-0.3	0	0	0	0	0	0	-0.13	0	0.305	0	0	0
4.943	0	0	0	0.2	0	-0.3	0	0	0	0	0	0	-0.13	0	0.305	0	0	0
4.944	0	0	0	0.2	0	-0.3	0	0	0	0	0	0	-0.13	0	0.305	0	0	0
4.945	0	0	0	0.2	0	-0.3	0	0	0	0	0	0	-0.13	0	0.305	0	0	0
4.946	0	0	0	0.2	0	-0.3	0	0	0	0	0	0	-0.13	0	0.305	0	0	0
4.947	0	0	0	0.2	0	-0.3	0	0	0	0	0	0	-0.13	0	0.305	0	0	0
4.948	0	0	0	0.2	0	-0.3	0	0	0	0	0	0	-0.13	0	0.305	0	0	0
4.949	0	0	0	0.2	0	-0.3	0	0	0	0	0	0	-0.13	0	0.305	0	0	0
4.95	0	0	0	0.2	0	-0.3	0	0	0	0	0	0	-0.13	0	0.305	0	0	0
4.951	0	0	0	0.2	0	-0.3	0	0	0	0	0	0	-0.13	0	0.305	0	0	0
4.952	0	0	0	0.2	0	-0.3	0	0	0	0	0	0	-0.13	0	0.305	0	0	0
4.953	0	0	0	0.2	0	-0.3	0	0	0	0	0	0	-0.13	0	0.305	0	0	0
4.954	0	0	0	0.2	0	-0.3	0	0	0	0	0	0	-0.13	0	0.305	0	0	0
4.955	0	0	0	0.2	0	-0.3	0	0	0	0	0	0	-0.13	0	0.305	0	0	0
4.956	0	0	0	0.2	0	-0.3	0	0	0	0	0	0	-0.13	0	0.305	0	0	0
4.957	0	0	0	0.2	0	-0.3	0	0	0	0	0	0	-0.13	0	0.305	0	0	0
4.958	0	0	0	0.2	0	-0.3	0	0	0	0	0	0	-0.13	0	0.305	0	0	0
4.959	0	0	0	0.2	0	-0.3	0	0	0	0	0	0	-0.13	0	0.305	0	0	0
4.96	0	0	0	0.2	0	-0.3	0	0	0	0	0	0	-0.13	0	0.305	0	0	0
4.961	0	0	0	0.2	0	-0.3	0	0	0	0	0	0	-0.13	0	0.305	0	0	0
4.962	0	0	0	0.2	0	-0.3	0	0	0	0	0	0	-0.13	0	0.305	0	0	0
4.963	0	0	0	0.2	0	-0.3	0	0	0	0	0	0	-0.13	0	0.305	0	0	0
4.964	0	0	0	0.2	0	-0.3	0	0	0	0	0	0	-0.13	0	0.305	0	0	0
4.965	0	0	0	0.2	0	-0.3	0	0	0	0	0	0	-0.13	0	0.305	0	0	0
4.966	0	0	0	0.2	0	-0.3	0	0	0	0	0	0	-0.13	0	0.305	0	0	0
4.967	0	0	0	0.2	0	-0.3	0	0	0	0	0	0	-0.13	0	0.305	0	0	0
4.968	0	0	0	0.2	0	-0.3	0	0	0	0	0	0	-0.13	0	0.305	0	0	0
4.969	0	0	0	0.2	0	-0.3	0	0	0	0	0	0	-0.13	0	0.305	0	0	0
4.97	0	0	0	0.2	0	-0.3	0	0	0	0	0	0	-0.13	0	0.305	0	0	0
4.971	0	0	0	0.2	0	-0.3	0	0	0	0	0	0	-0.13	0	0.305	0	0	0
4.972	0	0	0	0.2	0	-0.3	0	0	0	0	0	0	-0.13	0	0.305	0	0	0
4.973	0	0	0	0.2	0	-0.3	0	0	0	0	0	0	-0.13	0	0.305	0	0	0
4.974	0	0	0	0.2	0	-0.3	0	0	0	0	0	0	-0.13	0	0.305	0	0	0
4.975	0	0	0	0.2	0	-0.3	0	0	0	0	0	0	-0.13	0	0.305	0	0	0
4.976	0	0	0	0.2	0	-0.3	0	0	0	0	0	0	-0.13	0	0.305	0	0	0
4.977	0	0	0	0.2	0	-0.3	0	0	0	0	0	0	-0.13	0	0.305	0	0	0
4.978	0	0	0	0.2	0	-0.3	0	0	0	0	0	0	-0.13	0	0.305	0	0	0
4.979	0	0	0	0.2	0	-0.3	0	0	0	0	0	0	-0.13	0	0.305	0	0	0
4.98	0	0	0	0.2	0	-0.3	0	0	0	0	0	0	-0.13	0	0.305	0	0	0
4.981	0	0	0	0.2	0	-0.3	0	0	0	0	0	0	-0.13	0	0.305	0	0	0
4.982	0	0	0	0.2	0	-0.3	0	0	0	0	0	0	-0.13	0	0.305	0	0	0
4.983	0	0	0	0.2	0	-0.3	0	0	0	0	0	0	-0.13	0	0.305	0	0	0
4.984	0	0	0	0.2	0	-0.3	0	0	0	0	0	0	-0.13	0	0.305	0	0	0
4.985	0	0	0	0.2	0	-0.3	0	0	0	0	0	0	-0.13	0	0.305	0	0	0
4.986	0	0	0	0.2	0	-0.3	0	0	0	0	0	0	-0.13	0	0.305	0	0	0
4.987	0	0	0	0.2	0	-0.3	0	0	0	0	0	0	-0.13	0	0.305	0	0	0
4.988	0	0	0	0.2	0	-0.3	0	0	0	0	0	0	-0.13	0	0.305	0	0	0
4.989	0	0	0	0.2	0	-0.3	0	0	0	0	0	0	-0.13	0	0.305	0	0	0
4.99	0	0	0	0.2	0	-0.3	0	0	0	0	0	0	-0.13	0	0.305	0	0	0
4.991	0	0	0	0.2	0	-0.3	0	0	0	0	0	0	-0.13	0	0.305	0	0	0
4.992	0	0	0	0.2	0	-0.3	0	0	0	0	0	0	-0.13	0	0.305	0	0	0
4.993	0	0	0	0.2	0	-0.3	0	0	0	0	0	0	-0.13	0	0.305	0	0	0
4.994	0	0	0	0.2	0	-0.3	0	0	0	0	0	0	-0.13	0	0.305	0	0	0
4.995	0	0	0	0.2	0	-0.3	0	0	0	0	0	0	-0.13	0	0.305	0	0	0
4.996	0	0	0	0.2	0	-0.3	0	0	0	0	0	0	-0.13	0	0.305	0	0	0
4.997	0	0	0	0.2	0	-0.3	0	0	0	0	0	0	-0.13	0	0.305	0	0	0
4.998	0	0	0	0.2	0	-0.3	0	0	0	0	0	0	-0.13	0	0.305	0	0	0
4.999	0	0	0	0.2	0	-0.3	0	0	0	0	0	0	-0.13	0	0.305	0	0	0
5	0	0	0	0.2	0	-0.3	0	0	0	0	0	0	-0.13	0	0.305	0	0	0
5.001	0	0	0	0.2	0	-0.3	0	0	0	0	0	0	-0.13	0	0.305	0	0	0
5.002	0	0	0	0.2	0	-0.3	0	0	0	0	0	0	-0.13	0	0.305	0	0	0
5.003	0	0	0	0.2	0	-0.3	0	0	0	0	0	0	-0.13	0	0.305	0	0	0
5.004	0	0	0	0.2	0	-0.3	0	0	0	0	0	0	-0.13	0	0.305	0	0	0
5.005	0	0	0	0.2	0	-0.3	0	0	0	0	0	0	-0.13	0	0.305	0	0	0
5.006	0	0	0	0.2	0	-0.3	0	0	0	0	0	0	-0.13	0	0.305	0	0	0
5.007	0	0	0	0.2	0	-0.3	0	0	0	0	0	0	-0.13	0	0.305	0	0	0
5.008	0	0	0	0.2	0	-0.3	0	0	0	0	0	0	-0.13	0	0.305	0	0	0
5.009	0	0	0	0.2	0	-0.3	0	0	0	0	0	0	-0.13	0	0.305	0	0	0
5.01	0	0	0	0.2	0	-0.3	0	0	0	0	0	0	-0.13	0	0.305	0	0	0
5.011	0	0	0	0.2	0	-0.3	0	0	0	0	0	0	-0.13	0	0.305	0	0	0
5.012	0	0	0	0.2	0	-0.3	0	0	0	0	0	0	-0.13	0	0.305	0	0	0
5.013	0	0	0	0.2	0	-0.3	0	0	0	0	0	0	-0.13	0	0.305	0	0	0
5.014	0	0	0	0.2	0	-0.3	0	0	0	0	0	0	-0.13	0	0.305	0	0	0
5.015	0	0	0	0.2	0	-0.3	0	0	0	0	0	0	-0.13	0	0.305	0	0	0
5.016	0	0	0	0.2	0	-0.3	0	0	0	0	0	0	-0.13	0	0.305	0	0	0
5.017	0	0	0	0.2	0	-0.3	0	0	0	0	0	0	-0.13	0	0.305	0	0	0
5.018	0	0	0	0.2	0	-0.3	0	0	0	0	0	0	-0.13	0	0.305	0	0	0
5.019	0	0	0	0.2	0	-0.3	0	0	0	0	0	0	-0.13	0	0.305	0	0	0
5.02	0	0	0	0.2	0	-0.3	0	0	0	0	0	0	-0.13	0	0.305	0	0	0
5.021	0	0	0	0.2	0	-0.3	0	0	0	0	0	0	-0.13	0	0.305	0	0	0
5.022	0	0	0	0.2	0	-0.3	0	0	0	0	0	0	-0.13	0	0.305	0	0	0
5.023	0	0	0	0.2	0	-0.3	0	0	0	0	0	0	-0.13	0	0.305	0	0	0
5.024	0	0	0	0.2	0	-0.3	0	0	0	0	0	0	-0.13	0	0.305	0	0	0
5.025	0	0	0	0.2	0	-0.3	0	0	0	0	0	0	-0.13	0	0.305	0	0	0
5.026	0	0	0	0.2	0	-0.3	0	0	0	0	0	0	-0.13	0	0.305	0	0	0
5.027	0	0	0	0.2	0	-0.3	0	0	0	0	0	0	-0.13	0	0.305	0	0	0
5.028	0	0	0	0.2	0	-0.3	0	0	0	0	0	0	-0.13	0	0.305	0	0	0
5.029	0	0	0	0.2	0	-0.3	0	0	0	0	0	0	-0.13	0	0.305	0	0	0
5.03	0	0	0	0.2	0	-0.3	0	0	0	0	0	0	-0.13	0	0.305	0	0	0
5.031	0	0	0	0.2	0	-0.3	0	0	0	0	0	0	-0.13	0	0.305	0	0	0
5.032	0	0	0	0.2	0	-0.3	0	0	0	0	0	0	-0.13	0	0.305	0	0	0
5.033	0	0	0	0.2	0	-0.3	0	0	0	0	0	0	-0.13	0	0.305	0	0	0
5.034	0	0	0	0.2	0	-0.3	0	0	0	0	0	0	-0.13	0	0.305	0	0	0
5.035	0	0	0	0.2	0	-0.3	0	0	0	0	0	0	-0.13	0	0.305	0	0	0
5.036	0	0	0	0.2	0	-0.3	0	0	0	0	0	0	-0.13	0	0.305	0	0	0
5.037	0	0	0	0.2	0	-0.3	0	0	0	0	0	0	-0.13	0	0.305	0	0	0
5.038	0	0	0	0.2	0	-0.3	0	0	0	0	0	0	-0.13	0	0.305	0	0	0
5.039	0	0	0	0.2	0	-0.3	0	0	0	0	0	0	-0.13	0	0.305	0	0	0
5.04	0	0	0	0.2	0	-0.3	0	0	0	0	0	0	-0.13	0	0.305	0	0	0
5.041	0	0	0	0.2	0	-0.3	0	0	0	0	0	0	-0.13	0	0.305	0	0	0
5.042	0	0	0	0.2	0	-0.3	0	0	0	0	0	0	-0.13	0	0.305	0	0	0
5.043	0	0	0	0.2	0	-0.3	0	0	0	0	0	0	-0.13	0	0.305	0	0	0
5.044	0	0	0	0.2	0	-0.3	0	0	0	0	0	0	-0.13	0	0.305	0	0	0
5.045	0	0	0	0.2	0	-0.3	0	0	0	0	0	0	-0.13	0	0.305	0	0	0
5.046	0	0	0	0.2	0	-0.3	0	0	0	0	0	0	-0.13	0	0.305	0	0	0
5.047	0	0	0	0.2	0	-0.3	0	0	0	0	0	0	-0.13	0	0.305	0	0	0
5.048	0	0	0	0.2	0	-0.3	0	0	0	0	0	0	-0.13	0	0.305	0	0	0
5.049	0	0	0	0.2	0	-0.3	0	0	0	0	0	0	-0.13	0	0.305	0	0	0
5.05	0	0	0	0.2	0	-0.3	0	0	0	0	0	0	-0.13	0	0.305	0	0	0
5.051	0	0	0	0.2	0	-0.3	0	0	0	0	0	0	-0.13	0	0.305	0	0	0
5.052	0	0	0	0.2	0	-0.3	0	0	0	0	0	0	-0.13	0	0.305	0	0	0
5.053	0	0	0	0.2	0	-0.3	0	0	0	0	0	0	-0.13	0	0.305	0	0	0
5.054	0	0	0	0.2	0	-0.3	0	0	0	0	0	0	-0.13	0	0.305	0	0	0
5.055	0	0	0	0.2	0	-0.3	0	0	0	0	0	0	-0.13	0	0.305	0	0	0
5.056	0	0	0	0.2	0	-0.3	0	0	0	0	0	0	-0.13	0	0.305	0	0	0
5.057	0	0	0	0.2	0	-0.3	0	0	0	0	0	0	-0.13	0	0.305	0	0	0
5.058	0	0	0	0.2	0	-0.3	0	0	0	0	0	0	-0.13	0	0.305	0	0	0
5.059	0	0	0	0.2	0	-0.3	0	0	0	0	0	0	-0.13	0	0.305	0	0	0
5.06	0	0	0	0.2	0	-0.3	0	0	0	0	0	0	-0.13	0	0.305	0	0	0
5.061	0	0	0	0.2	0	-0.3	0	0	0	0	0	0	-0.13	0	0.305	0	0	0
5.062	0	0	0	0.2	0	-0.3	0	0	0	0	0	0	-0.13	0	0.305	0	0	0
5.063	0	0	0	0.2	0	-0.3	0	0	0	0	0	0	-0.13	0	0.305	0	0	0
5.064	0	0	0	0.2	0	-0.3	0	0	0	0	0	0	-0.13	0	0.305	0	0	0
5.065	0	0	0	0.2	0	-0.3	0	0	0	0	0	0	-0.13	0	0.305	0	0	0
5.066	0	0	0	0.2	0	-0.3	0	0	0	0	0	0	-0.13	0	0.305	0	0	0
5.067	0	0	0	0.2	0	-0.3	0	0	0	0	0	0	-0.13	0	0.305	0	0	0
5.068	0	0	0	0.2	0	-0.3	0	0	0	0	0	0	-0.13	0	0.305	0	0	0
5.069	0	0	0	0.2	0	-0.3	0	0	0	0	0	0	-0.13	0	0.305	0	0	0
5.07	0	0	0	0.2	0	-0.3	0	0	0	0	0	0	-0.13	0	0.305	0	0	0
5.071	0	0	0	0.2	0	-0.3	0	0	0	0	0	0	-0.13	0	0.305	0	0	0
5.072	0	0	0	0.2	0	-0.3	0	0	0	0	0	0	-0.13	0	0.305	0	0	0
5.073	0	0	0	0.2	0	-0.3	0	0	0	0	0	0	-0.13	0	0.305	0	0	0
5.074	0	0	0	0.2	0	-0.3	0	0	0	0	0	0	-0.13	0	0.305	0	0	0
5.075	0	0	0	0.2	0	-0.3	0	0	0	0	0	0	-0.13	0	0.305	0	0	0
5.076	0	0	0	0.2	0	-0.3	0	0	0	0	0	0	-0.13	0	0.305	0	0	0
5.077	0	0	0	0.2	0	-0.3	0	0	0	0	0	0	-0.13	0	0.305	0	0	0
5.078	0	0	0	0.2	0	-0.3	0	0	0	0	0	0	-0.13	0	0.305	0	0	0
5.079	0	0	0	0.2	0	-0.3	0	0	0	0	0	0	-0.13	0	0.305	0	0	0
5.08	0	0	0	0.2	0	-0.3	0	0	0	0	0	0	-0.13	0	0.305	0	0	0
5.081	0	0	0	0.2	0	-0.3	0	0	0	0	0	0	-0.13	0	0.305	0	0	0
5.082	0	0	0	0.2	0	-0.3	0	0	0	0	0	0	-0.13	0	0.305	0	0	0
5.083	0	0	0	0.2	0	-0.3	0	0	0	0	0	0	-0.13	0	0.305	0	0	0
5.084	0	0	0	0.2	0	-0.3	0	0	0	0	0	0	-0.13	0	0.305	0	0	0
5.085	0	0	0	0.2	0	-0.3	0	0	0	0	0	0	-0.13	0	0.305	0	0	0
5.086	0	0	0	0.2	0	-0.3	0	0	0	0	0	0	-0.13	0	0.305	0	0	0
5.087	0	0	0	0.2	0	-0.3	0	0	0	0	0	0	-0.13	0	0.305	0	0	0
5.088	0	0	0	0.2	0	-0.3	0	0	0	0	0	0	-0.13	0	0.305	0	0	0
5.089	0	0	0	0.2	0	-0.3	0	0	0	0	0	0	-0.13	0	0.305	0	0	0
5.09	0	0	0	0.2	0	-0.3	0	0	0	0	0	0	-0.13	0	0.305	0	0	0
5.091	0	0	0	0.2	0	-0.3	0	0	0	0	0	0	-0.13	0	0.305	0	0	0
5.092	0	0	0	0.2	0	-0.3	0	0	0	0	0	0	-0.13	0	0.305	0	0	0
5.093	0	0	0	0.2	0	-0.3	0	0	0	0	0	0	-0.13	0	0.305	0	0	0
5.094	0	0	0	0.2	0	-0.3	0	0	0	0	0	0	-0.13	0	0.305	0	0	0
5.095	0	0	0	0.2	0	-0.3	0	0	0	0	0	0	-0.13	0	0.305	0	0	0
5.096	0	0	0	0.2	0	-0.3	0	0	0	0	0	0	-0.13	0	0.305	0	0	0
5.097	0	0	0	0.2	0	-0.3	0	0	0	0	0	0	-0.13	0	0.305	0	0	0
5.098	0	0	0	0.2	0	-0.3	0	0	0	0	0	0	-0.13	0	0.305	0	0	0
5.099	0	0	0	0.2	0	-0.3	0	0	0	0	0	0	-0.13	0	0.305	0	0	0
5.1	0	0	0	0.2	0	-0.3	0	0	0	0	0	0	-0.13	0	0.305	0	0	0
5.101	0	0	0	0.2	0	-0.3	0	0	0	0	0	0	-0.13	0	0.305	0	0	0
5.102	0	0	0	0.2	0	-0.3	0	0	0	0	0	0	-0.13	0	0.305	0	0	0
5.103	0	0	0	0.2	0	-0.3	0	0	0	0	0	0	-0.13	0	0.305	0	0	0
5.104	0	0	0	0.2	0	-0.3	0	0	0	0	0	0	-0.13	0	0.305	0	0	0
5.105	0	0	0	0.2	0	-0.3	0	0	0	0	0	0	-0.13	0	0.305	0	0	0
5.106	0	0	0	0.2	0	-0.3	0	0	0	0	0	0	-0.13	0	0.305	0	0	0
5.107	0	0	0	0.2	0	-0.3	0	0	0	0	0	0	-0.13	0	0.305	0	0	0
5.108	0	0	0	0.2	0	-0.3	0	0	0	0	0	0	-0.13	0	0.305	0	0	0
5.109	0	0	0	0.2	0	-0.3	0	0	0	0	0	0	-0.13	0	0.305	0	0	0
5.11	0	0	0	0.2	0	-0.3	0	0	0	0	0	0	-0.13	0	0.305	0	0	0
5.111	0	0	0	0.2	0	-0.3	0	0	0	0	0	0	-0.13	0	0.305	0	0	0
5.112	0	0	0	0.2	0	-0.3	0	0	0	0	0	0	-0.13	0	0.305	0	0	0
5.113	0	0	0	0.2	0	-0.3	0	0	0	0	0	0	-0.13	0	0.305	0	0	0
5.114	0	0	0	0.2	0	-0.3	0	0	0	0	0	0	-0.13	0	0.305	0	0	0
5.115	0	0	0	0.2	0	-0.3	0	0	0	0	0	0	-0.13	0	0.305	0	0	0
5.116	0	0	0	0.2	0	-0.3	0	0	0	0	0	0	-0.13	0	0.305	0	0	0
5.117	0	0	0	0.2	0	-0.3	0	0	0	0	0	0	-0.13	0	0.305	0	0	0
5.118	0	0	0	0.2	0	-0.3	0	0	0	0	0	0	-0.13	0	0.305	0	0	0
5.119	0	0	0	0.2	0	-0.3	0	0	0	0	0	0	-0.13	0	0.305	0	0	0
5.12	0	0	0	0.2	0	-0.3	0	0	0	0	0	0	-0.13	0	0.305	0	0	0
5.121	0	0	0	0.2	0	-0.3	0	0	0	0	0	0	-0.13	0	0.305	0	0	0
5.122	0	0	0	0.2	0	-0.3	0	0	0	0	0	0	-0.13	0	0.305	0	0	0
5.123	0	0	0	0.2	0	-0.3	0	0	0	0	0	0	-0.13	0	0.305	0	0	0
5.124	0	0	0	0.2	0	-0.3	0	0	0	0	0	0	-0.13	0	0.305	0	0	0
5.125	0	0	0	0.2	0	-0.3	0	0	0	0	0	0	-0.13	0	0.305	0	0	0
5.126	0	0	0	0.2	0	-0.3	0	0	0	0	0	0	-0.13	0	0.305	0	0	0
5.127	0	0	0	0.2	0	-0.3	0	0	0	0	0	0	-0.13	0	0.305	0	0	0
5.128	0	0	0	0.2	0	-0.3	0	0	0	0	0	0	-0.13	0	0.305	0	0	0
5.129	0	0	0	0.2	0	-0.3	0	0	0	0	0	0	-0.13	0	0.305	0	0	0
5.13	0	0	0	0.2	0	-0.3	0	0	0	0	0	0	-0.13	0	0.305	0	0	0
5.131	0	0	0	0.2	0	-0.3	0	0	0	0	0	0	-0.13	0	0.305	0	0	0
5.132	0	0	0	0.2	0	-0.3	0	0	0	0	0	0	-0.13	0	0.305	0	0	0
5.133	0	0	0	0.2	0	-0.3	0	0	0	0	0	0	-0.13	0	0.305	0	0	0
5.134	0	0	0	0.2	0	-0.3	0	0	0	0	0	0	-0.13	0	0.305	0	0	0
5.135	0	0	0	0.2	0	-0.3	0	0	0	0	0	0	-0.13	0	0.305	0	0	0
5.136	0	0	0	0.2	0	-0.3	0	0	0	0	0	0	-0.13	0	0.305	0	0	0
5.137	0	0	0	0.2	0	-0.3	0	0	0	0	0	0	-0.13	0	0.305	0	0	0
5.138	0	0	0	0.2	0	-0.3	0	0	0	0	0	0	-0.13	0	0.305	0	0	0
5.139	0	0	0	0.2	0	-0.3	0	0	0	0	0	0	-0.13	0	0.305	0	0	0
5.14	0	0	0	0.2	0	-0.3	0	0	0	0	0	0	-0.13	0	0.305	0	0	0
5.141	0	0	0	0.2	0	-0.3	0	0	0	0	0	0	-0.13	0	0.305	0	0	0
5.142	0	0	0	0.2	0	-0.3	0	0	0	0	0	0	-0.13	0	0.305	0	0	0
5.143	0	0	0	0.2	0	-0.3	0	0	0	0	0	0	-0.13	0	0.305	0	0	0
5.144	0	0	0	0.2	0	-0.3	0	0	0	0	0	0	-0.13	0	0.305	0	0	0
5.145	0	0	0	0.2	0	-0.3	0	0	0	0	0	0	-0.13	0	0.305	0	0	0
5.146	0	0	0	0.2	0	-0.3	0	0	0	0	0	0	-0.13	0	0.305	0	0	0
5.147	0	0	0	0.2	0	-0.3	0	0	0	0	0	0	-0.13	0	0.305	0	0	0
5.148	0	0	0	0.2	0	-0.3	0	0	0	0	0	0	-0.13	0	0.305	0	0	0
5.149	0	0	0	0.2	0	-0.3	0	0	0	0	0	0	-0.13	0	0.305	0	0	0
5.15	0	0	0	0.2	0	-0.3	0	0	0	0	0	0	-0.13	0	0.305	0	0	0
5.151	0	0	0	0.2	0	-0.3	0	0	0	0	0	0	-0.13	0	0.305	0	0	0
5.152	0	0	0	0.2	0	-0.3	0	0	0	0	0	0	-0.13	0	0.305	0	0	0
5.153	0	0	0	0.2	0	-0.3	0	0	0	0	0	0	-0.13	0	0.305	0	0	0
5.154	0	0	0	0.2	0	-0.3	0	0	0	0	0	0	-0.13	0	0.305	0	0	0
5.155	0	0	0	0.2	0	-0.3	0	0	0	0	0	0	-0.13	0	0.305	0	0	0
5.156	0	0	0	0.2	0	-0.3	0	0	0	0	0	0	-0.13	0	0.305	0	0	0
5.157	0	0	0	0.2	0	-0.3	0	0	0	0	0	0	-0.13	0	0.305	0	0	0
5.158	0	0	0	0.2	0	-0.3	0	0	0	0	0	0	-0.13	0	0.305	0	0	0
5.159	0	0	0	0.2	0	-0.3	0	0	0	0	0	0	-0.13	0	0.305	0	0	0
5.16	0	0	0	0.2	0	-0.3	0	0	0	0	0	0	-0.13	0	0.305	0	0	0
5.161	0	0	0	0.2	0	-0.3	0	0	0	0	0	0	-0.13	0	0.305	0	0	0
5.162	0	0	0	0.2	0	-0.3	0	0	0	0	0	0	-0.13	0	0.305	0	0	0
5.163	0	0	0	0.2	0	-0.3	0	0	0	0	0	0	-0.13	0	0.305	0	0	0
5.164	0	0	0	0.2	0	-0.3	0	0	0	0	0	0	-0.13	0	0.305	0	0	0
5.165	0	0	0	0.2	0	-0.3	0	0	0	0	0	0	-0.13	0	0.305	0	0	0
5.166	0	0	0	0.2	0	-0.3	0	0	0	0	0	0	-0.13	0	0.305	0	0	0
5.167	0	0	0	0.2	0	-0.3	0	0	0	0	0	0	-0.13	0	0.305	0	0	0
5.168	0	0	0	0.2	0	-0.3	0	0	0	0	0	0	-0.13	0	0.305	0	0	0
5.169	0	0	0	0.2	0	-0.3	0	0	0	0	0	0	-0.13	0	0.305	0	0	0
5.17	0	0	0	0.2	0	-0.3	0	0	0	0	0	0	-0.13	0	0.305	0	0	0
5.171	0	0	0	0.2	0	-0.3	0	0	0	0	0	0	-0.13	0	0.305	0	0	0
5.172	0	0	0	0.2	0	-0.3	0	0	0	0	0	0	-0.13	0	0.305	0	0	0
5.173	0	0	0	0.2	0	-0.3	0	0	0	0	0	0	-0.13	0	0.305	0	0	0
5.174	0	0	0	0.2	0	-0.3	0	0	0	0	0	0	-0.13	0	0.305	0	0	0
5.175	0	0	0	0.2	0	-0.3	0	0	0	0	0	0	-0.13	0	0.305	0	0	0
5.176	0	0	0	0.2	0	-0.3	0	0	0	0	0	0	-0.13	0	0.305	0	0	0
5.177	0	0	0	0.2	0	-0.3	0	0	0	0	0	0	-0.13	0	0.305	0	0	0
5.178	0	0	0	0.2	0	-0.3	0	0	0	0	0	0	-0.13	0	0.305	0	0	0
5.179	0	0	0	0.2	0	-0.3	0	0	0	0	0	0	-0.13	0	0.305	0	0	0
5.18	0	0	0	0.2	0	-0.3	0	0	0	0	0	0	-0.13	0	0.305	0	0	0
5.181	0	0	0	0.2	0	-0.3	0	0	0	0	0	0	-0.13	0	0.305	0	0	0
5.182	0	0	0	0.2	0	-0.3	0	0	0	0	0	0	-0.13	0	0.305	0	0	0
5.183	0	0	0	0.2	0	-0.3	0	0	0	0	0	0	-0.13	0	0.305	0	0	0
5.184	0	0	0	0.2	0	-0.3	0	0	0	0	0	0	-0.13	0	0.305	0	0	0
5.185	0	0	0	0.2	0	-0.3	0	0	0	0	0	0	-0.13	0	0.305	0	0	0
5.186	0	0	0	0.2	0	-0.3	0	0	0	0	0	0	-0.13	0	0.305	0	0	0
5.187	0	0	0	0.2	0	-0.3	0	0	0	0	0	0	-0.13	0	0.305	0	0	0
5.188	0	0	0	0.2	0	-0.3	0	0	0	0	0	0	-0.13	0	0.305	0	0	0
5.189	0	0	0	0.2	0	-0.3	0	0	0	0	0	0	-0.13	0	0.305	0	0	0
5.19	0	0	0	0.2	0	-0.3	0	0	0	0	0	0	-0.13	0	0.305	0	0	0
5.191	0	0	0	0.2	0	-0.3	0	0	0	0	0	0	-0.13	0	0.305	0	0	0
5.192	0	0	0	0.2	0	-0.3	0	0	0	0	0	0	-0.13	0	0.305	0	0	0
5.193	0	0	0	0.2	0	-0.3	0	0	0	0	0	0	-0.13	0	0.305	0	0	0
5.194	0	0	0	0.2	0	-0.3	0	0	0	0	0	0	-0.13	0	0.305	0	0	0
5.195	0	0	0	0.2	0	-0.3	0	0	0	0	0	0	-0.13	0	0.305	0	0	0
5.196	0	0	0	0.2	0	-0.3	0	0	0	0	0	0	-0.13	0	0.305	0	0	0
5.197	0	0	0	0.2	0	-0.3	0	0	0	0	0	0	-0.13	0	0.305	0	0	0
5.198	0	0	0	0.2	0	-0.3	0	0	0	0	0	0	-0.13	0	0.305	0	0	0
5.199	0	0	0	0.2	0	-0.3	0	0	0	0	0	0	-0.13	0	0.305	0	0	0
5.2	0	0	0	0.2	0	-0.3	0	0	0	0	0	0	-0.13	0	0.305	0	0	0
5.201	0	0	0	0.2	0	-0.3	0	0	0	0	0	0	-0.13	0	0.305	0	0	0
5.202	0	0	0	0.2	0	-0.3	0	0	0	0	0	0	-0.13	0	0.305	0	0	0
5.203	0	0	0	0.2	0	-0.3	0	0	0	0	0	0	-0.13	0	0.305	0	0	0
5.204	0	0	0	0.2	0	-0.3	0	0	0	0	0	0	-0.13	0	0.305	0	0	0
5.205	0	0	0	0.2	0	-0.3	0	0	0	0	0	0	-0.13	0	0.305	0	0	0
5.206	0	0	0	0.2	0	-0.3	0	0	0	0	0	0	-0.13	0	0.305	0	0	0
5.207	0	0	0	0.2	0	-0.3	0	0	0	0	0	0	-0.13	0	0.305	0	0	0
5.208	0	0	0	0.2	0	-0.3	0	0	0	0	0	0	-0.13	0	0.305	0	0	0
5.209	0	0	0	0.2	0	-0.3	0	0	0	0	0	0	-0.13	0	0.305	0	0	0
5.21	0	0	0	0.2	0	-0.3	0	0	0	0	0	0	-0.13	0	0.305	0	0	0
5.211	0	0	0	0.2	0	-0.3	0	0	0	0	0	0	-0.13	0	0.305	0	0	0
5.212	0	0	0	0.2	0	-0.3	0	0	0	0	0	0	-0.13	0	0.305	0	0	0
5.213	0	0	0	0.2	0	-0.3	0	0	0	0	0	0	-0.13	0	0.305	0	0	0
5.214	0	0	0	0.2	0	-0.3	0	0	0	0	0	0	-0.13	0	0.305	0	0	0
5.215	0	0	0	0.2	0	-0.3	0	0	0	0	0	0	-0.13	0	0.305	0	0	0
5.216	0	0	0	0.2	0	-0.3	0	0	0	0	0	0	-0.13	0	0.305	0	0	0
5.217	0	0	0	0.2	0	-0.3	0	0	0	0	0	0	-0.13	0	0.305	0	0	0
5.218	0	0	0	0.2	0	-0.3	0	0	0	0	0	0	-0.13	0	0.305	0	0	0
5.219	0	0	0	0.2	0	-0.3	0	0	0	0	0	0	-0.13	0	0.305	0	0	0
5.22	0	0	0	0.2	0	-0.3	0	0	0	0	0	0	-0.13	0	0.305	0	0	0
5.221	0	0	0	0.2	0	-0.3	0	0	0	0	0	0	-0.13	0	0.305	0	0	0
5.222	0	0	0	0.2	0	-0.3	0	0	0	0	0	0	-0.13	0	0.305	0	0	0
5.223	0	0	0	0.2	0	-0.3	0	0	0	0	0	0	-0.13	0	0.305	0	0	0
5.224	0	0	0	0.2	0	-0.3	0	0	0	0	0	0	-0.13	0	0.305	0	0	0
5.225	0	0	0	0.2	0	-0.3	0	0	0	0	0	0	-0.13	0	0.305	0	0	0
5.226	0	0	0	0.2	0	-0.3	0	0	0	0	0	0	-0.13	0	0.305	0	0	0
5.227	0	0	0	0.2	0	-0.3	0	0	0	0	0	0	-0.13	0	0.305	0	0	0
5.228	0	0	0	0.2	0	-0.3	0	0	0	0	0	0	-0.13	0	0.305	0	0	0
5.229	0	0	0	0.2	0	-0.3	0	0	0	0	0	0	-0.13	0	0.305	0	0	0
5.23	0	0	0	0.2	0	-0.3	0	0	0	0	0	0	-0.13	0	0.305	0	0	0
5.231	0	0	0	0.2	0	-0.3	0	0	0	0	0	0	-0.13	0	0.305	0	0	0
5.232	0	0	0	0.2	0	-0.3	0	0	0	0	0	0	-0.13	0	0.305	0	0	0
5.233	0	0	0	0.2	0	-0.3	0	0	0	0	0	0	-0.13	0	0.305	0	0	0
5.234	0	0	0	0.2	0	-0.3	0	0	0	0	0	0	-0.13	0	0.305	0	0	0
5.235	0	0	0	0.2	0	-0.3	0	0	0	0	0	0	-0.13	0	0.305	0	0	0
5.236	0	0	0	0.2	0	-0.3	0	0	0	0	0	0	-0.13	0	0.305	0	0	0
5.237	0	0	0	0.2	0	-0.3	0	0	0	0	0	0	-0.13	0	0.305	0	0	0
5.238	0	0	0	0.2	0	-0.3	0	0	0	0	0	0	-0.13	0	0.305	0	0	0
5.239	0	0	0	0.2	0	-0.3	0	0	0	0	0	0	-0.13	0	0.305	0	0	0
5.24	0	0	0	0.2	0	-0.3	0	0	0	0	0	0	-0.13	0	0.305	0	0	0
5.241	0	0	0	0.2	0	-0.3	0	0	0	0	0	0	-0.13	0	0.305	0	0	0
5.242	0	0	0	0.2	0	-0.3	0	0	0	0	0	0	-0.13	0	0.305	0	0	0
5.243	0	0	0	0.2	0	-0.3	0	0	0	0	0	0	-0.13	0	0.305	0	0	0
5.244	0	0	0	0.2	0	-0.3	0	0	0	0	0	0	-0.13	0	0.305	0	0	0
5.245	0	0	0	0.2	0	-0.3	0	0	0	0	0	0	-0.13	0	0.305	0	0	0
5.246	0	0	0	0.2	0	-0.3	0	0	0	0	0	0	-0.13	0	0.305	0	0	0
5.247	0	0	0	0.2	0	-0.3	0	0	0	0	0	0	-0.13	0	0.305	0	0	0
5.248	0	0	0	0.2	0	-0.3	0	0	0	0	0	0	-0.13	0	0.305	0	0	0
5.249	0	0	0	0.2	0	-0.3	0	0	0	0	0	0	-0.13	0	0.305	0	0	0
5.25	0	0	0	0.2	0	-0.3	0	0	0	0	0	0	-0.13	0	0.305	0	0	0
5.251	0	0	0	0.2	0	-0.3	0	0	0	0	0	0	-0.13	0	0.305	0	0	0
5.252	0	0	0	0.2	0	-0.3	0	0	0	0	0	0	-0.13	0	0.305	0	0	0
5.253	0	0	0	0.2	0	-0.3	0	0	0	0	0	0	-0.13	0	0.305	0	0	0
5.254	0	0	0	0.2	0	-0.3	0	0	0	0	0	0	-0.13	0	0.305	0	0	0
5.255	0	0	0	0.2	0	-0.3	0	0	0	0	0	0	-0.13	0	0.305	0	0	0
5.256	0	0	0	0.2	0	-0.3	0	0	0	0	0	0	-0.13	0	0.305	0	0	0
5.257	0	0	0	0.2	0	-0.3	0	0	0	0	0	0	-0.13	0	0.305	0	0	0
5.258	0	0	0	0.2	0	-0.3	0	0	0	0	0	0	-0.13	0	0.305	0	0	0
5.259	0	0	0	0.2	0	-0.3	0	0	0	0	0	0	-0.13	0	0.305	0	0	0
5.26	0	0	0	0.2	0	-0.3	0	0	0	0	0	0	-0.13	0	0.305	0	0	0
5.261	0	0	0	0.2	0	-0.3	0	0	0	0	0	0	-0.13	0	0.305	0	0	0
5.262	0	0	0	0.2	0	-0.3	0	0	0	0	0	0	-0.13	0	0.305	0	0	0
5.263	0	0	0	0.2	0	-0.3	0	0	0	0	0	0	-0.13	0	0.305	0	0	0
5.264	0	0	0	0.2	0	-0.3	0	0	0	0	0	0	-0.13	0	0.305	0	0	0
5.265	0	0	0	0.2	0	-0.3	0	0	0	0	0	0	-0.13	0	0.305	0	0	0
5.266	0	0	0	0.2	0	-0.3	0	0	0	0	0	0	-0.13	0	0.305	0	0	0
5.267	0	0	0	0.2	0	-0.3	0	0	0	0	0	0	-0.13	0	0.305	0	0	0
5.268	0	0	0	0.2	0	-0.3	0	0	0	0	0	0	-0.13	0	0.305	0	0	0
5.269	0	0	0	0.2	0	-0.3	0	0	0	0	0	0	-0.13	0	0.305	0	0	0
5.27	0	0	0	0.2	0	-0.3	0	0	0	0	0	0	-0.13	0	0.305	0	0	0
5.271	0	0	0	0.2	0	-0.3	0	0	0	0	0	0	-0.13	0	0.305	0	0	0
5.272	0	0	0	0.2	0	-0.3	0	0	0	0	0	0	-0.13	0	0.305	0	0	0
5.273	0	0	0	0.2	0	-0.3	0	0	0	0	0	0	-0.13	0	0.305	0	0	0
5.274	0	0	0	0.2	0	-0.3	0	0	0	0	0	0	-0.13	0	0.305	0	0	0
5.275	0	0	0	0.2	0	-0.3	0	0	0	0	0	0	-0.13	0	0.305	0	0	0
5.276	0	0	0	0.2	0	-0.3	0	0	0	0	0	0	-0.13	0	0.305	0	0	0
5.277	0	0	0	0.2	0	-0.3	0	0	0	0	0	0	-0.13	0	0.305	0	0	0
5.278	0	0	0	0.2	0	-0.3	0	0	0	0	0	0	-0.13	0	0.305	0	0	0
5.279	0	0	0	0.2	0	-0.3	0	0	0	0	0	0	-0.13	0	0.305	0	0	0
5.28	0	0	0	0.2	0	-0.3	0	0	0	0	0	0	-0.13	0	0.305	0	0	0
5.281	0	0	0	0.2	0	-0.3	0	0	0	0	0	0	-0.13	0	0.305	0	0	0
5.282	0	0	0	0.2	0	-0.3	0	0	0	0	0	0	-0.13	0	0.305	0	0	0
5.283	0	0	0	0.2	0	-0.3	0	0	0	0	0	0	-0.13	0	0.305	0	0	0
5.284	0	0	0	0.2	0	-0.3	0	0	0	0	0	0	-0.13	0	0.305	0	0	0
5.285	0	0	0	0.2	0	-0.3	0	0	0	0	0	0	-0.13	0	0.305	0	0	0
5.286	0	0	0	0.2	0	-0.3	0	0	0	0	0	0	-0.13	0	0.305	0	0	0
5.287	0	0	0	0.2	0	-0.3	0	0	0	0	0	0	-0.13	0	0.305	0	0	0
5.288	0	0	0	0.2	0	-0.3	0	0	0	0	0	0	-0.13	0	0.305	0	0	0
5.289	0	0	0	0.2	0	-0.3	0	0	0	0	0	0	-0.13	0	0.305	0	0	0
5.29	0	0	0	0.2	0	-0.3	0	0	0	0	0	0	-0.13	0	0.305	0	0	0
5.291	0	0	0	0.2	0	-0.3	0	0	0	0	0	0	-0.13	0	0.305	0	0	0
5.292	0	0	0	0.2	0	-0.3	0	0	0	0	0	0	-0.13	0	0.305	0	0	0
5.293	0	0	0	0.2	0	-0.3	0	0	0	0	0	0	-0.13	0	0.305	0	0	0
5.294	0	0	0	0.2	0	-0.3	0	0	0	0	0	0	-0.13	0	0.305	0	0	0
5.295	0	0	0	0.2	0	-0.3	0	0	0	0	0	0	-0.13	0	0.305	0	0	0
5.296	0	0	0	0.2	0	-0.3	0	0	0	0	0	0	-0.13	0	0.305	0	0	0
5.297	0	0	0	0.2	0	-0.3	0	0	0	0	0	0	-0.13	0	0.305	0	0	0
5.298	0	0	0	0.2	0	-0.3	0	0	0	0	0	0	-0.13	0	0.305	0	0	0
5.299	0	0	0	0.2	0	-0.3	0	0	0	0	0	0	-0.13	0	0.305	0	0	0
5.3	0	0	0	0.2	0	-0.3	0	0	0	0	0	0	-0.13	0	0.305	0	0	0
5.301	0	0	0	0.2	0	-0.3	0	0	0	0	0	0	-0.13	0	0.305	0	0	0
5.302	0	0	0	0.2	0	-0.3	0	0	0	0	0	0	-0.13	0	0.305	0	0	0
5.303	0	0	0	0.2	0	-0.3	0	0	0	0	0	0	-0.13	0	0.305	0	0	0
5.304	0	0	0	0.2	0	-0.3	0	0	0	0	0	0	-0.13	0	0.305	0	0	0
5.305	0	0	0	0.2	0	-0.3	0	0	0	0	0	0	-0.13	0	0.305	0	0	0
5.306	0	0	0	0.2	0	-0.3	0	0	0	0	0	0	-0.13	0	0.305	0	0	0
5.307	0	0	0	0.2	0	-0.3	0	0	0	0	0	0	-0.13	0	0.305	0	0	0
5.308	0	0	0	0.2	0	-0.3	0	0	0	0	0	0	-0.13	0	0.305	0	0	0
5.309	0	0	0	0.2	0	-0.3	0	0	0	0	0	0	-0.13	0	0.305	0	0	0
5.31	0	0	0	0.2	0	-0.3	0	0	0	0	0	0	-0.13	0	0.305	0	0	0
5.311	0	0	0	0.2	0	-0.3	0	0	0	0	0	0	-0.13	0	0.305	0	0	0
5.312	0	0	0	0.2	0	-0.3	0	0	0	0	0	0	-0.13	0	0.305	0	0	0
5.313	0	0	0	0.2	0	-0.3	0	0	0	0	0	0	-0.13	0	0.305	0	0	0
5.314	0	0	0	0.2	0	-0.3	0	0	0	0	0	0	-0.13	0	0.305	0	0	0
5.315	0	0	0	0.2	0	-0.3	0	0	0	0	0	0	-0.13	0	0.305	0	0	0
5.316	0	0	0	0.2	0	-0.3	0	0	0	0	0	0	-0.13	0	0.305	0	0	0
5.317	0	0	0	0.2	0	-0.3	0	0	0	0	0	0	-0.13	0	0.305	0	0	0
5.318	0	0	0	0.2	0	-0.3	0	0	0	0	0	0	-0.13	0	0.305	0	0	0
5.319	0	0	0	0.2	0	-0.3	0	0	0	0	0	0	-0.13	0	0.305	0	0	0
5.32	0	0	0	0.2	0	-0.3	0	0	0	0	0	0	-0.13	0	0.305	0	0	0
5.321	0	0	0	0.2	0	-0.3	0	0	0	0	0	0	-0.13	0	0.305	0	0	0
5.322	0	0	0	0.2	0	-0.3	0	0	0	0	0	0	-0.13	0	0.305	0	0	0
5.323	0	0	0	0.2	0	-0.3	0	0	0	0	0	0	-0.13	0	0.305	0	0	0
5.324	0	0	0	0.2	0	-0.3	0	0	0	0	0	0	-0.13	0	0.305	0	0	0
5.325	0	0	0	0.2	0	-0.3	0	0	0	0	0	0	-0.13	0	0.305	0	0	0
5.326	0	0	0	0.2	0	-0.3	0	0	0	0	0	0	-0.13	0	0.305	0	0	0
5.327	0	0	0	0.2	0	-0.3	0	0	0	0	0	0	-0.13	0	0.305	0	0	0
5.328	0	0	0	0.2	0	-0.3	0	0	0	0	0	0	-0.13	0	0.305	0	0	0
5.329	0	0	0	0.2	0	-0.3	0	0	0	8.552875	29.525181	-6.643626	-0.045304	0	0.369296	0	1.061768	0
5.33	0	0	0	0.2	0	-0.3	0	0	0	8.552875	37.763073	-9.072917	-0.045304	0	0.369296	-1.00E-06	1.061768	0
5.331	0	0	0	0.2	0	-0.3	0	0	0	8.012248	49.094139	-10.01361	-0.047491	0	0.351827	-1.00E-06	0.898964	0
5.332	0	0	0	0.2	0	-0.3	0	0	0	7.937284	52.858444	-11.816176	-0.053507	0	0.348021	-1.00E-06	0.828478	0
5.333	0	0	0	0.2	0	-0.3	0	0	0	8.012248	58.530922	-12.599883	-0.055965	0	0.338973	-2.00E-06	0.828478	0
5.334	0	0	0	0.2	0	-0.3	0	0	0	7.937284	66.774643	-14.167182	-0.05873	0	0.331429	-2.00E-06	0.800193	0
5.335	0	0	0	0.2	0	-0.3	0	0	0	7.549472	72.607185	-16.675007	-0.059212	0	0.331338	-2.00E-06	0.739856	0
5.336	0	0	0	0.2	0	-0.3	0	0	0	5.280971	83.611565	-17.772198	-0.059161	0	0.320827	0.00E+00	0.739856	0
5.337	0	0	0	0.2	0	-0.3	0	0	0	4.346759	86.521492	-18.633909	-0.059161	0	0.319669	-2.00E-06	0.83135	0.00E+00
5.338	0	0	0	0.2	0	-0.3	0	0	0	3.718902	87.739571	-18.791018	-0.055194	0	0.316957	-2.00E-06	0.83135	0
5.339	0	0	0	0.2	0	-0.3	0	0	0	3.718902	89.964493	-18.791018	-0.055194	0	0.316359	-2.00E-06	0.713553	0
5.34	0	0	0	0.2	0	-0.3	0	0	0	3.651153	99.079514	-18.086002	-0.057067	0	0.312672	0	0.713553	0
5.341	0	0	0	0.2	0	-0.3	0	0	0	3.651153	105.590591	-17.224285	-0.057067	0	0.316359	0	0.721783	0.00E+00
5.342	0	0	0	0.2	0	-0.3	0	0	0	2.486274	106.092804	-16.049126	-0.057067	0	0.313179	-1.00E-06	0.779549	-1.00E-06
5.343	0	0	0	0.2	0	-0.3	0	0	0	2.088359	112.633163	-14.012007	-0.057628	0	0.313179	-3.00E-06	0.721783	0.00E+00
5.344	0	0	0	0.2	0	-0.3	0	0	0	2.486274	114.168015	-12.523565	-0.060511	0	0.312754	-1.00E-06	0.753989	0
5.345	0	0	0	0.2	0	-0.3	0	0	0	3.196313	120.19223	-10.721401	-0.062358	0	0.312754	-1.00E-06	0.753989	0
5.346	0	0	0	0.2	0	-0.3	0	0	0	3.196313	121.88324	-8.527504	-0.062358	0	0.315406	-1.00E-06	0.753989	0
5.347	0	0	0	0.2	0	-0.3	0	0	0	2.888516	122.411682	-5.706879	-0.062358	0	0.317963	-2.00E-06	0.718688	0
5.348	0	0	0	0.2	0	-0.3	0	0	0	2.737865	124.47374	-3.356079	-0.064301	0	0.319431	-3.00E-06	0.718688	0
5.349	0	0	0	0.2	0	-0.3	0	0	0	2.737865	125.334312	-1.0056	-0.064301	0	0.319431	-3.00E-06	0.747876	0
5.35	0	0	0	0.2	0	-0.3	0	0	0	3.442131	125.500557	1.266953	-0.063959	0	0.320922	-2.00E-06	0.787966	0
5.351	0	0	0	0.2	0	-0.3	0	0	0	3.835716	125.500557	3.774254	-0.063077	0	0.319656	-1.00E-06	0.797027	0
5.352	0	0	0	0.2	0	-0.3	0	0	0	3.839324	127.571945	6.046483	-0.062287	0	0.319656	-1.00E-06	0.787966	0
5.353	0	0	0	0.2	0	-0.3	0	0	0	3.839324	129.276062	8.005428	-0.062287	0	0.316834	-2.00E-06	0.746462	-1.00E-06
5.354	0	0	0	0.2	0	-0.3	0	0	0	3.839324	130.158249	10.669434	-0.062542	0	0.315378	-2.00E-06	0.746462	-1.00E-06
5.355	0	0	0	0.2	0	-0.3	0	0	0	4.704343	138.4189	11.688091	-0.062613	0	0.313589	-2.00E-06	0.76487	0
5.356	0	0	0	0.2	0	-0.3	0	0	0	5.329314	141.006393	13.41209	-0.062835	0	0.310921	-2.00E-06	0.826925	0
5.357	0	0	0	0.2	0	-0.3	0	0	0	5.885096	143.058838	16.075809	-0.062835	0	0.310921	-2.00E-06	0.806829	0
5.358	0	0	0	0.2	0	-0.3	0	0	0	5.885096	147.521667	19.210033	-0.064057	0	0.310921	-3.00E-06	0.806829	0.00E+00
5.359	0	0	0	0.2	0	-0.3	0	0	0	5.813017	148.054398	20.777008	-0.0643	0	0.309775	-2.00E-06	0.804597	0
5.36	0	0	0	0.2	0	-0.3	0	0	0	5.813017	155.960571	22.10887	-0.064057	0	0.309775	-4.00E-06	0.804597	0
5.361	0	0	0	0.2	0	-0.3	0	0	0	6.987276	159.216095	23.597713	-0.063909	0	0.309775	-2.00E-06	0.804597	0.00E+00
5.362	0	0	0	0.2	0	-0.3	0	0	0	6.987276	160.424637	25.321146	-0.063909	0	0.304966	-1.00E-06	0.815526	-1.00E-06
5.363	0	0	0	0.2	0	-0.3	0	0	0	6.763102	168.169601	27.12319	-0.064805	0	0.304966	-1.00E-06	0.753507	0.00E+00
5.364	0	0	0	0.2	0	-0.3	0	0	0	6.53388	178.633514	29.395138	-0.065466	0	0.308523	-1.00E-06	0.753507	-1.00E-06
5.365	0	0	0	0.2	0	-0.3	0	0	0	6.53388	182.061462	30.726837	-0.067247	0	0.309038	-2.00E-06	0.753507	-1.00E-06
5.366	0	0	0	0.2	0	-0.3	0	0	0	7.478915	189.964203	31.666403	-0.066456	0	0.308523	-2.00E-06	0.705941	-1.00E-06
5.367	0	0	0	0.2	0	-0.3	0	0	0	7.478915	196.835922	31.666403	-0.06772	0	0.30559	-4.00E-06	0.878079	-1.00E-06
5.368	0	0	0	0.2	0	-0.3	0	0	0	6.941173	201.661377	31.666403	-0.068282	0	0.302042	-4.00E-06	0.896916	-1.00E-06
5.369	0	0	0	0.2	0	-0.3	0	0	0	6.941173	209.064224	31.822901	-0.068887	0	0.302042	-5.00E-06	0.896916	-1.00E-06
5.37	0	0	0	0.2	0	-0.3	0	0	0	7.411166	218.844635	32.99794	-0.068887	0	0.301421	-4.00E-06	0.829271	0
5.371	0	0	0	0.2	0	-0.3	0	0	0	7.725457	221.938568	32.99794	-0.067832	0	0.301421	-4.00E-06	0.698961	0
5.372	0	0	0	0.2	0	-0.3	0	0	0	7.411166	228.133743	32.527031	-0.067489	0	0.29857	-3.00E-06	0.698961	0.00E+00
5.373	0	0	0	0.2	0	-0.3	0	0	0	7.725457	234.141785	32.526951	-0.067832	0	0.297948	-3.00E-06	0.700333	0
5.374	0	0	0	0.2	0	-0.3	0	0	0	8.045518	239.139648	32.526951	-0.068747	0	0.29642	-5.00E-06	0.700333	0
5.375	0	0	0	0.2	0	-0.3	0	0	0	8.045518	250.654312	32.369766	-0.068747	0	0.295985	-5.00E-06	0.691281	-2.00E-06
5.376	0	0	0	0.2	0	-0.3	0	0	0	7.422712	255.45929	32.291031	-0.069403	0	0.295985	-4.00E-06	0.636944	-2.00E-06
5.377	0	0	0	0.2	0	-0.3	0	0	0	7.422712	258.204163	32.213028	-0.069403	0	0.294473	-2.00E-06	0.691281	-2.00E-06
5.378	0	0	0	0.2	0	-0.3	0	0	0	7.741332	264.924652	31.82081	-0.069815	0	0.293561	-2.00E-06	0.732205	-2.00E-06
5.379	0	0	0	0.2	0	-0.3	0	0	0	8.289895	270.760254	31.585417	-0.069815	0	0.293561	-2.00E-06	0.732205	-2.00E-06
5.38	0	0	0	0.2	0	-0.3	0	0	0	8.446321	275.052246	31.585213	-0.070085	0	0.293862	-9.00E-06	0.656652	-2.00E-06
5.381	0	0	0	0.2	0	-0.3	0	0	0	9.229881	280.205902	31.585213	-0.069627	0	0.293862	-9.00E-06	0.612133	-1.00E-06
5.382	0	0	0	0.2	0	-0.3	0	0	0	9.229881	281.569458	30.879917	-0.069413	0	0.293782	-3.00E-06	0.612133	-1.00E-06
5.383	0	0	0	0.2	0	-0.3	0	0	0	9.229881	282.601685	30.879917	-0.069413	0	0.292268	0	0.747163	-1.00E-06
5.384	0	0	0	0.2	0	-0.3	0	0	0	9.705646	291.2099	31.114666	-0.071212	0	0.292268	0.00E+00	0.747163	-1.00E-06
5.385	0	0	0	0.2	0	-0.3	0	0	0	9.859903	293.941589	31.506401	-0.071212	0	0.293133	-1.00E-06	0.656032	0
5.386	0	0	0	0.2	0	-0.3	0	0	0	10.409189	294.281769	31.506401	-0.070337	0	0.293133	-9.00E-06	0.656032	0
5.387	0	0	0	0.2	0	-0.3	0	0	0	10.412798	296.52948	31.506401	-0.070108	0	0.29136	-1.00E-05	0.63299	0.00E+00
5.388	0	0	0	0.2	0	-0.3	0	0	0	10.882068	296.696899	31.58453	-0.070108	0	0.291338	-9.00E-06	0.767574	1.00E-06
5.389	0	0	0	0.2	0	-0.3	0	0	0	11.194195	299.113831	32.054836	-0.070516	0	0.291338	-7.00E-06	0.705302	-2.00E-06
5.39	0	0	0	0.2	0	-0.3	0	0	0	11.977033	301.859802	32.211575	-0.070516	0	0.291766	-7.00E-06	0.767574	-2.00E-06
5.391	0	0	0	0.2	0	-0.3	0	0	0	11.977754	301.859802	32.603432	-0.070203	0	0.291766	-7.00E-06	0.705302	-2.00E-06
5.392	0	0	0	0.2	0	-0.3	0	0	0	11.977754	301.859802	33.38694	-0.070203	0	0.290304	-8.00E-06	0.781683	-1.00E-06
5.393	0	0	0	0.2	0	-0.3	0	0	0	12.68274	303.766876	33.70034	-0.070237	0	0.289571	-8.00E-06	0.70425	-1.00E-06
5.394	0	0	0	0.2	0	-0.3	0	0	0	13.696969	305.997894	34.719078	-0.070634	0	0.289894	-8.00E-06	0.658586	-2.00E-06
5.395	0	0	0	0.2	0	-0.3	0	0	0	13.776984	306.689484	35.032482	-0.070527	0	0.289894	-4.00E-06	0.658586	-2.00E-06
5.396	0	0	0	0.2	0	-0.3	0	0	0	14.401236	307.718231	35.188862	-0.070527	0	0.289894	-4.00E-06	0.583752	-2.00E-06
5.397	0	0	0	0.2	0	-0.3	0	0	0	14.404842	307.718231	35.580833	-0.070209	0	0.289552	1.00E-06	0.636617	-1.00E-06
5.398	0	0	0	0.2	0	-0.3	0	0	0	14.953408	307.718231	36.756035	-0.070209	0	0.289037	1.00E-06	0.568368	-2.00E-06
5.399	0	0	0	0.2	0	-0.3	0	0	0	14.953408	311.68811	37.461212	-0.070978	0	0.289037	-2.00E-06	0.568368	-1.00E-06
5.4	0	0	0	0.2	0	-0.3	0	0	0	15.889785	312.715698	37.696083	-0.071312	0	0.289037	-8.00E-06	0.568368	0
5.401	0	0	0	0.2	0	-0.3	0	0	0	17.067652	313.739807	38.009525	-0.071312	0	0.288284	-8.00E-06	0.560288	0.00E+00
5.402	0	0	0	0.2	0	-0.3	0	0	0	17.378332	312.884277	38.479706	-0.071312	0	0.287428	-8.00E-06	0.560288	-1.00E-06
5.403	0	0	0	0.2	0	-0.3	0	0	0	18.084044	315.138062	38.871361	-0.072239	0	0.287389	-6.00E-06	0.560288	-1.00E-06
5.404	0	0	0	0.2	0	-0.3	0	0	0	18.399054	318.592255	39.419876	-0.072322	0	0.287428	-6.00E-06	0.611684	0
5.405	0	0	0	0.2	0	-0.3	0	0	0	19.728292	319.417725	39.420158	-0.072322	0	0.287294	-6.00E-06	0.611684	0
5.406	0	0	0	0.2	0	-0.3	0	0	0	20.432558	320.142914	40.04644	-0.072365	0	0.287294	0.00E+00	0.50174	-1.00E-06
5.407	0	0	0	0.2	0	-0.3	0	0	0	20.668276	320.142914	40.203384	-0.072365	0	0.285673	-7.00E-06	0.447246	-1.00E-06
5.408	0	0	0	0.2	0	-0.3	0	0	0	22.234676	325.113739	40.595039	-0.072365	0	0.28493	-2.00E-06	0.50174	-1.00E-06
5.409	0	0	0	0.2	0	-0.3	0	0	0	22.311806	325.289642	40.595039	-0.072458	0	0.285162	-9.00E-06	0.44579	-1.00E-06
5.41	0	0	0	0.2	0	-0.3	0	0	0	22.858929	329.754395	40.438133	-0.072458	0	0.285162	-4.00E-06	0.487562	-2.00E-06
5.411	0	0	0	0.2	0	-0.3	0	0	0	23.956779	330.112366	40.438133	-0.072458	0	0.285162	-4.00E-06	0.487562	-2.00E-06
5.412	0	0	0	0.2	0	-0.3	0	0	0	24.505342	330.452972	40.516544	-0.072402	0	0.284021	-3.00E-06	0.487562	-2.00E-06
5.413	0	0	0	0.2	0	-0.3	0	0	0	24.896763	330.452972	40.908115	-0.072402	0	0.283527	-3.00E-06	0.526424	-2.00E-06
5.414	0	0	0	0.2	0	-0.3	0	0	0	26.5439	334.419769	40.986332	-0.073413	0	0.284021	-3.00E-06	0.525656	-2.00E-06
5.415	0	0	0	0.2	0	-0.3	0	0	0	27.55957	339.054993	40.986332	-0.073413	0	0.282978	-4.00E-06	0.553994	-2.00E-06
5.416	0	0	0	0.2	0	-0.3	0	0	0	27.955318	339.921387	40.28067	-0.073325	0	0.28252	-4.00E-06	0.525656	-2.00E-06
5.417	0	0	0	0.2	0	-0.3	0	0	0	28.498833	339.921387	40.202583	-0.073237	0	0.282203	-4.00E-06	0.433174	-1.00E-06
5.418	0	0	0	0.2	0	-0.3	0	0	0	29.126692	340.610687	40.28067	-0.073325	0	0.281177	-3.00E-06	0.433174	-1.00E-06
5.419	0	0	0	0.2	0	-0.3	0	0	0	30.462425	343.031494	40.202583	-0.073811	0	0.281177	-2.00E-06	0.590394	-1.00E-06
5.42	0	0	0	0.2	0	-0.3	0	0	0	31.710205	345.944092	40.12389	-0.073811	0	0.281619	-1.00E-06	0.590394	-1.00E-06
5.421	0	0	0	0.2	0	-0.3	0	0	0	32.887352	348.02478	40.12389	-0.07422	0	0.281619	-1.00E-06	0.532999	-2.00E-06
5.422	0	0	0	0.2	0	-0.3	0	0	0	32.968807	348.02478	40.12389	-0.07422	0	0.281441	-1.00E-06	0.532999	-2.00E-06
5.423	0	0	0	0.2	0	-0.3	0	0	0	34.298771	349.72113	40.045319	-0.074674	0	0.280063	-7.00E-06	0.532999	-2.00E-06
5.424	0	0	0	0.2	0	-0.3	0	0	0	34.376621	350.941956	39.966946	-0.074674	0	0.280063	-7.00E-06	0.575313	-2.00E-06
5.425	0	0	0	0.2	0	-0.3	0	0	0	36.961578	354.715149	39.418392	-0.074424	0	0.279837	-7.00E-06	0.59592	-1.00E-06
5.426	0	0	0	0.2	0	-0.3	0	0	0	37.510864	354.715149	39.340061	-0.074424	0	0.279743	-1.00E-05	0.59592	-1.00E-06
5.427	0	0	0	0.2	0	-0.3	0	0	0	38.918674	354.715149	39.418392	-0.074455	0	0.278351	-1.00E-05	0.574144	0
5.428	0	0	0	0.2	0	-0.3	0	0	0	38.922283	358.69046	39.57481	-0.075214	0	0.278234	-5.00E-06	0.574144	0.00E+00
5.429	0	0	0	0.2	0	-0.3	0	0	0	40.961559	364.029297	39.731472	-0.076265	0	0.277779	-4.00E-06	0.796864	0
5.43	0	0	0	0.2	0	-0.3	0	0	0	42.91938	369.366516	39.809685	-0.076612	0	0.277779	-1.00E-06	0.813246	0
5.431	0	0	0	0.2	0	-0.3	0	0	0	44.800793	372.448151	39.887894	-0.076612	0	0.277256	-1.00E-06	0.796864	0.00E+00
5.432	0	0	0	0.2	0	-0.3	0	0	0	45.894314	374.186646	40.749813	-0.076612	0	0.276208	0.00E+00	0.683142	0.00E+00
5.433	0	0	0	0.2	0	-0.3	0	0	0	46.522175	375.571411	41.924969	-0.077054	0	0.274625	-5.00E-06	0.680613	0
5.434	0	0	0	0.2	0	-0.3	0	0	0	48.482159	381.611481	42.865093	-0.077953	0	0.274625	-4.00E-06	0.680613	1.00E-06
5.435	0	0	0	0.2	0	-0.3	0	0	0	49.418533	385.89267	43.648846	-0.077953	0	0.274253	-5.00E-06	0.706068	1.00E-06
5.436	0	0	0	0.2	0	-0.3	0	0	0	49.970707	386.232819	44.118828	-0.077792	0	0.274253	-4.00E-06	0.706068	-1.00E-06
5.437	0	0	0	0.2	0	-0.3	0	0	0	51.455647	388.164978	44.667385	-0.077792	0	0.27211	-4.00E-06	0.649758	-2.00E-06
5.438	0	0	0	0.2	0	-0.3	0	0	0	52.242092	392.636353	45.842701	-0.077932	0	0.271385	-2.00E-06	0.643071	-2.00E-06
5.439	0	0	0	0.2	0	-0.3	0	0	0	52.791378	394.36322	47.017982	-0.078193	0	0.271385	-2.00E-06	0.643071	-2.00E-06
5.44	0	0	0	0.2	0	-0.3	0	0	0	53.181355	394.445465	48.271511	-0.078949	0	0.271324	-2.00E-06	0.547647	-2.00E-06
5.441	0	0	0	0.2	0	-0.3	0	0	0	53.181355	400.898193	49.760235	-0.078949	0	0.269739	-3.00E-06	0.494746	-3.00E-06
5.442	0	0	0	0.2	0	-0.3	0	0	0	52.714973	403.310577	50.62199	-0.078843	0	0.269434	-3.00E-06	0.432055	-2.00E-06
5.443	0	0	0	0.2	0	-0.3	0	0	0	52.714973	406.070068	51.797394	-0.078843	0	0.26967	-1.10E-05	0.494746	-2.00E-06
5.444	0	0	0	0.2	0	-0.3	0	0	0	53.733528	412.614655	51.954014	-0.079339	0	0.26967	-3.00E-06	0.464082	-1.00E-06
5.445	0	0	0	0.2	0	-0.3	0	0	0	53.733528	414.003662	52.110714	-0.079393	0	0.26967	-8.00E-06	0.464082	-1.00E-06
5.446	0	0	0	0.2	0	-0.3	0	0	0	53.733528	414.003662	52.8941	-0.079393	0	0.268972	-5.00E-06	0.219849	-1.00E-06
5.447	0	0	0	0.2	0	-0.3	0	0	0	54.047096	414.003662	52.8941	-0.078957	0	0.268268	-5.00E-06	0.219849	-1.00E-06
5.448	0	0	0	0.2	0	-0.3	0	0	0	54.126392	415.904175	52.424076	-0.078957	0	0.267088	-1.00E-06	0.25973	-2.00E-06
5.449	0	0	0	0.2	0	-0.3	0	0	0	54.126392	422.969879	52.110394	-0.079453	0	0.267088	0.00E+00	0.25973	-2.00E-06
5.45	0	0	0	0.2	0	-0.3	0	0	0	54.441402	426.219238	51.875401	-0.079453	0	0.267088	-1.00E-06	0.220614	-2.00E-06
5.451	0	0	0	0.2	0	-0.3	0	0	0	54.441402	427.254578	51.405014	-0.079453	0	0.2665	-3.00E-06	0.210091	-2.00E-06
5.452	0	0	0	0.2	0	-0.3	0	0	0	54.12711	429.505676	51.405014	-0.079413	0	0.265915	-8.00E-06	0.154283	-2.00E-06
5.453	0	0	0	0.2	0	-0.3	0	0	0	54.12711	433.099091	51.561436	-0.080143	0	0.265345	-3.00E-06	0.154283	-2.00E-06
5.454	0	0	0	0.2	0	-0.3	0	0	0	54.679287	434.846405	51.639725	-0.080364	0	0.265294	-1.10E-05	0.154283	-1.00E-06
5.455	0	0	0	0.2	0	-0.3	0	0	0	54.99213	440.866089	51.639725	-0.080364	0	0.264533	-8.00E-06	-0.009436	-1.00E-06
5.456	0	0	0	0.2	0	-0.3	0	0	0	54.99213	442.764618	51.404575	-0.080383	0	0.264009	-9.00E-06	-0.009436	-2.00E-06
5.457	0	0	0	0.2	0	-0.3	0	0	0	54.99213	443.614014	51.404575	-0.080343	0	0.263935	-8.00E-06	0.036042	-3.00E-06
5.458	0	0	0	0.2	0	-0.3	0	0	0	55.231457	446.721039	51.482662	-0.080383	0	0.263848	-5.00E-06	0.153433	-2.00E-06
5.459	0	0	0	0.2	0	-0.3	0	0	0	55.547916	451.18811	51.639282	-0.080465	0	0.263838	-5.00E-06	0.153433	-3.00E-06
5.46	0	0	0	0.2	0	-0.3	0	0	0	55.702171	454.2901	51.639282	-0.080821	0	0.263838	-2.00E-06	0.153433	-4.00E-06
5.461	0	0	0	0.2	0	-0.3	0	0	0	55.865089	458.592102	52.030735	-0.080821	0	0.263444	0.00E+00	0.114408	-4.00E-06
5.462	0	0	0	0.2	0	-0.3	0	0	0	55.865089	459.465027	52.187599	-0.080913	0	0.26261	0	0.114408	-1.00E-06
5.463	0	0	0	0.2	0	-0.3	0	0	0	55.865089	462.384949	52.187115	-0.080918	0	0.261931	0.00E+00	0.131428	-1.00E-06
5.464	0	0	0	0.2	0	-0.3	0	0	0	56.337971	472.20636	52.422508	-0.081367	0	0.26261	-3.00E-06	0.131428	-1.00E-06
5.465	0	0	0	0.2	0	-0.3	0	0	0	56.655144	473.050659	52.657097	-0.081367	0	0.261972	-7.00E-06	0.0922	-2.00E-06
5.466	0	0	0	0.2	0	-0.3	0	0	0	57.039349	473.392456	52.657097	-0.081367	0	0.261972	-9.00E-06	0.007165	-2.00E-06
5.467	0	0	0	0.2	0	-0.3	0	0	0	56.655144	476.337891	52.421661	-0.081435	0	0.260842	-9.00E-06	0.028795	-2.00E-06
5.468	0	0	0	0.2	0	-0.3	0	0	0	57.045841	479.950256	52.421661	-0.081484	0	0.260038	-9.00E-06	0.028795	-2.00E-06
5.469	0	0	0	0.2	0	-0.3	0	0	0	57.052334	485.122406	52.734867	-0.081727	0	0.260038	-5.00E-06	0.028795	-2.00E-06
5.47	0	0	0	0.2	0	-0.3	0	0	0	57.29166	492.505188	52.734867	-0.081727	0	0.260038	-4.00E-06	0.096413	-3.00E-06
5.471	0	0	0	0.2	0	-0.3	0	0	0	57.29166	492.845337	52.264038	-0.082069	0	0.259579	-4.00E-06	0.007197	-3.00E-06
5.472	0	0	0	0.2	0	-0.3	0	0	0	57.29166	495.961731	52.185463	-0.082069	0	0.258785	-4.00E-06	-0.061236	-3.00E-06
5.473	0	0	0	0.2	0	-0.3	0	0	0	57.60667	501.289734	52.185463	-0.082175	0	0.258619	-7.00E-06	-0.061236	-1.00E-06
5.474	0	0	0	0.2	0	-0.3	0	0	0	57.60667	504.910187	52.028641	-0.082175	0	0.258619	-9.00E-06	-0.048534	-1.00E-06
5.475	0	0	0	0.2	0	-0.3	0	0	0	57.687412	509.208313	51.636749	-0.082351	0	0.258619	-9.00E-06	-0.048534	0.00E+00
5.476	0	0	0	0.2	0	-0.3	0	0	0	57.535316	514.716919	50.93121	-0.082138	0	0.258218	-6.00E-06	-0.139709	1.00E-06
5.477	0	0	0	0.2	0	-0.3	0	0	0	57.071098	515.397278	50.85268	-0.082138	0	0.25716	-6.00E-06	-0.139709	1.00E-06
5.478	0	0	0	0.2	0	-0.3	0	0	0	57.071098	519.362976	50.85268	-0.082138	0	0.25716	-7.00E-06	-0.10995	-2.00E-06
5.479	0	0	0	0.2	0	-0.3	0	0	0	57.384666	525.223694	50.460785	-0.082246	0	0.256727	-7.00E-06	-0.10995	-3.00E-06
5.48	0	0	0	0.2	0	-0.3	0	0	0	57.859711	528.139038	50.225269	-0.08241	0	0.256727	-1.00E-05	-0.119075	-3.00E-06
5.481	0	0	0	0.2	0	-0.3	0	0	0	57.859711	531.577026	50.068287	-0.08241	0	0.255978	-1.20E-05	-0.119075	-1.00E-06
5.482	0	0	0	0.2	0	-0.3	0	0	0	57.859711	536.06604	49.989594	-0.082501	0	0.255972	-1.20E-05	-0.133968	1.00E-06
5.483	0	0	0	0.2	0	-0.3	0	0	0	58.020462	537.09906	49.989594	-0.082829	0	0.25536	-4.00E-06	-0.021886	1.00E-06
5.484	0	0	0	0.2	0	-0.3	0	0	0	58.33836	547.091309	50.381088	-0.083479	0	0.25536	-4.00E-06	-0.021586	1.00E-06
5.485	0	0	0	0.2	0	-0.3	0	0	0	58.808353	549.821838	50.772659	-0.083479	0	0.255775	-5.00E-06	-0.020938	1.00E-06
5.486	0	0	0	0.2	0	-0.3	0	0	0	59.909809	550.853638	50.772659	-0.082982	0	0.255775	-7.00E-06	-0.021586	-3.00E-06
5.487	0	0	0	0.2	0	-0.3	0	0	0	59.909809	553.802551	50.458813	-0.082982	0	0.254479	-7.00E-06	-0.009141	-3.00E-06
5.488	0	0	0	0.2	0	-0.3	0	0	0	60.064793	561.706482	50.2239	-0.08323	0	0.254271	-1.00E-05	-0.096488	0.00E+00
5.489	0	0	0	0.2	0	-0.3	0	0	0	60.851963	564.638367	50.066719	-0.083435	0	0.254271	-1.00E-05	-0.027135	0
5.49	0	0	0	0.2	0	-0.3	0	0	0	60.934139	570.140747	49.988544	-0.083435	0	0.254271	-7.00E-06	-0.096488	-1.00E-06
5.491	0	0	0	0.2	0	-0.3	0	0	0	62.033436	573.398987	50.066437	-0.083269	0	0.254151	-5.00E-06	-0.12232	-2.00E-06
5.492	0	0	0	0.2	0	-0.3	0	0	0	62.26482	575.652832	50.066437	-0.083269	0	0.252831	-7.00E-06	-0.140113	-2.00E-06
5.493	0	0	0	0.2	0	-0.3	0	0	0	62.739143	581.002441	50.536419	-0.083627	0	0.252831	-5.00E-06	-0.15051	-5.00E-06
5.494	0	0	0	0.2	0	-0.3	0	0	0	63.911961	586.323486	50.77129	-0.084135	0	0.253216	-4.00E-06	-0.246551	-5.00E-06
5.495	0	0	0	0.2	0	-0.3	0	0	0	64.149124	591.150818	50.77129	-0.084135	0	0.253351	-4.00E-06	-0.246551	-3.00E-06
5.496	0	0	0	0.2	0	-0.3	0	0	0	64.382668	596.134033	50.614227	-0.084078	0	0.253216	-1.30E-05	-0.252597	-3.00E-06
5.497	0	0	0	0.2	0	-0.3	0	0	0	64.464134	599.226074	50.535896	-0.083915	0	0.252413	-1.30E-05	-0.31368	-3.00E-06
5.498	0	0	0	0.2	0	-0.3	0	0	0	64.933403	601.999817	50.535896	-0.083915	0	0.252112	-1.30E-05	-0.31368	-6.00E-06
5.499	0	0	0	0.2	0	-0.3	0	0	0	66.1884	608.36853	50.535778	-0.084404	0	0.252048	-1.10E-05	-0.382613	-6.00E-06
5.5	0	0	0	0.2	0	-0.3	0	0	0	66.736244	614.559448	50.457325	-0.084404	0	0.252048	-1.70E-05	-0.383183	-4.00E-06
5.501	0	0	0	0.2	0	-0.3	0	0	0	66.736244	615.588989	50.457325	-0.084138	0	0.251142	-1.20E-05	-0.383183	-1.00E-06
5.502	0	0	0	0.2	0	-0.3	0	0	0	66.736244	619.209045	50.770405	-0.084138	0	0.25104	-1.60E-05	-0.416037	-1.00E-06
5.503	0	0	0	0.2	0	-0.3	0	0	0	67.601265	624.537048	50.770405	-0.08423	0	0.250641	-1.20E-05	-0.305087	-4.00E-06
5.504	0	0	0	0.2	0	-0.3	0	0	0	67.994125	627.828491	49.987019	-0.084265	0	0.25011	-1.00E-06	-0.419992	-4.00E-06
5.505	0	0	0	0.2	0	-0.3	0	0	0	68.702728	634.700562	49.987019	-0.084265	0	0.249681	-1.00E-06	-0.680303	-4.00E-06
5.506	0	0	0	0.2	0	-0.3	0	0	0	69.874092	635.392578	50.221928	-0.084265	0	0.249564	-6.00E-06	-0.680303	-5.00E-06
5.507	0	0	0	0.2	0	-0.3	0	0	0	70.033401	639.181152	50.378189	-0.084551	0	0.249259	-6.00E-06	-0.643044	-5.00E-06
5.508	0	0	0	0.2	0	-0.3	0	0	0	70.033401	643.655212	50.613262	-0.084566	0	0.249259	-9.00E-06	-0.592865	-4.00E-06
5.509	0	0	0	0.2	0	-0.3	0	0	0	71.674049	650.713623	50.691673	-0.085132	0	0.249528	-1.10E-05	-0.580844	-3.00E-06
5.51	0	0	0	0.2	0	-0.3	0	0	0	71.753342	654.675781	50.613262	-0.085132	0	0.249528	-1.10E-05	-0.592865	-2.00E-06
5.511	0	0	0	0.2	0	-0.3	0	0	0	72.144043	657.424072	50.534851	-0.084928	0	0.249149	-1.20E-05	-0.606655	-2.00E-06
5.512	0	0	0	0.2	0	-0.3	0	0	0	72.22406	659.488525	50.299858	-0.084928	0	0.248656	-6.00E-06	-0.652448	-2.00E-06
5.513	0	0	0	0.2	0	-0.3	0	0	0	72.850471	663.9776	50.534851	-0.085188	0	0.248534	-6.00E-06	-0.652448	-2.00E-06
5.514	0	0	0	0.2	0	-0.3	0	0	0	74.259727	671.034424	50.299858	-0.085358	0	0.248534	-4.00E-06	-0.652448	-2.00E-06
5.515	0	0	0	0.2	0	-0.3	0	0	0	74.259727	674.631348	50.064587	-0.085561	0	0.248534	-4.00E-06	-0.627088	-2.00E-06
5.516	0	0	0	0.2	0	-0.3	0	0	0	74.495445	676.707336	49.516232	-0.085561	0	0.248467	-4.00E-06	-0.628157	-1.00E-06
5.517	0	0	0	0.2	0	-0.3	0	0	0	75.046898	681.198364	49.437778	-0.085561	0	0.247541	2.00E-06	-0.628157	-1.00E-06
5.518	0	0	0	0.2	0	-0.3	0	0	0	75.279724	683.431335	49.437778	-0.085568	0	0.247086	-6.00E-06	-0.696948	-1.00E-06
5.519	0	0	0	0.2	0	-0.3	0	0	0	75.513283	687.396973	49.829636	-0.085832	0	0.247481	-9.00E-06	-0.700828	-3.00E-06
5.52	0	0	0	0.2	0	-0.3	0	0	0	76.529671	692.04187	49.829636	-0.085832	0	0.247086	-1.20E-05	-0.720133	-1.00E-06
5.521	0	0	0	0.2	0	-0.3	0	0	0	76.529671	695.136169	49.281204	-0.085662	0	0.246998	-1.20E-05	-0.781456	-7.00E-06
5.522	0	0	0	0.2	0	-0.3	0	0	0	76.529671	696.698425	49.281204	-0.085662	0	0.246043	-7.00E-06	-0.787918	-7.00E-06
5.523	0	0	0	0.2	0	-0.3	0	0	0	76.531113	698.934875	49.124416	-0.085863	0	0.246043	-5.00E-06	-0.781456	-7.00E-06
5.524	0	0	0	0.2	0	-0.3	0	0	0	76.531113	706.685181	48.889187	-0.085896	0	0.246575	-5.00E-06	-0.787918	-6.00E-06
5.525	0	0	0	0.2	0	-0.3	0	0	0	76.845406	708.232056	48.889187	-0.085896	0	0.246575	-5.00E-06	-0.772203	-6.00E-06
5.526	0	0	0	0.2	0	-0.3	0	0	0	77.472542	708.55481	49.046089	-0.085778	0	0.245995	-7.00E-06	-0.793266	-8.00E-06
5.527	0	0	0	0.2	0	-0.3	0	0	0	77.472542	711.163574	49.046089	-0.085778	0	0.245021	-5.00E-06	-0.772203	-8.00E-06
5.528	0	0	0	0.2	0	-0.3	0	0	0	77.472542	713.423584	48.49778	-0.086246	0	0.245021	-5.00E-06	-0.817604	-8.00E-06
5.529	0	0	0	0.2	0	-0.3	0	0	0	77.782501	718.916626	48.341034	-0.086246	0	0.245216	-5.00E-06	-0.802149	-6.00E-06
5.53	0	0	0	0.2	0	-0.3	0	0	0	77.782501	720.975647	47.792603	-0.086215	0	0.245216	-7.00E-06	-0.820711	-6.00E-06
5.531	0	0	0	0.2	0	-0.3	0	0	0	77.549667	721.167786	47.71439	-0.086215	0	0.243855	-1.20E-05	-0.802149	-4.00E-06
5.532	0	0	0	0.2	0	-0.3	0	0	0	77.549667	723.584717	47.71439	-0.086403	0	0.243747	-8.00E-06	-0.870601	-4.00E-06
5.533	0	0	0	0.2	0	-0.3	0	0	0	77.625359	724.78894	47.636101	-0.086477	0	0.243516	-8.00E-06	-0.814853	-4.00E-06
5.534	0	0	0	0.2	0	-0.3	0	0	0	77.863235	727.04126	47.636101	-0.08656	0	0.243516	-5.00E-06	-0.814853	-4.00E-06
5.535	0	0	0	0.2	0	-0.3	0	0	0	78.483162	733.218567	47.636101	-0.08656	0	0.243531	-5.00E-06	-0.814853	-4.00E-06
5.536	0	0	0	0.2	0	-0.3	0	0	0	77.863235	733.218567	47.24453	-0.086921	0	0.243531	-7.00E-06	-0.720996	-4.00E-06
5.537	0	0	0	0.2	0	-0.3	0	0	0	78.018219	733.727051	47.24453	-0.086959	0	0.242616	-1.60E-05	-0.720996	-4.00E-06
5.538	0	0	0	0.2	0	-0.3	0	0	0	77.702484	737.376404	47.244652	-0.086972	0	0.242174	-1.10E-05	-0.720996	-4.00E-06
5.539	0	0	0	0.2	0	-0.3	0	0	0	77.702484	738.241638	47.244808	-0.087014	0	0.242174	-1.10E-05	-0.682306	-3.00E-06
5.54	0	0	0	0.2	0	-0.3	0	0	0	77.469658	740.824829	47.244808	-0.087014	0	0.241976	-4.00E-06	-0.66246	-3.00E-06
5.541	0	0	0	0.2	0	-0.3	0	0	0	77.23394	741.0177	47.088348	-0.087014	0	0.241867	-4.00E-06	-0.66246	-1.00E-06
5.542	0	0	0	0.2	0	-0.3	0	0	0	77.156807	741.348999	47.088348	-0.087058	0	0.240812	-1.10E-05	-0.685578	-2.00E-06
5.543	0	0	0	0.2	0	-0.3	0	0	0	77.156807	742.066528	47.009979	-0.087058	0	0.240812	-1.10E-05	-0.686134	-1.00E-06
5.544	0	0	0	0.2	0	-0.3	0	0	0	77.38459	746.714844	46.853317	-0.087492	0	0.240596	-1.20E-05	-0.841363	-2.00E-06
5.545	0	0	0	0.2	0	-0.3	0	0	0	77.38459	746.714844	46.540359	-0.087632	0	0.240596	-9.00E-06	-0.841363	-3.00E-06
5.546	0	0	0	0.2	0	-0.3	0	0	0	77.620308	746.714844	46.540359	-0.087492	0	0.24006	-3.00E-06	-0.879156	-6.00E-06
5.547	0	0	0	0.2	0	-0.3	0	0	0	78.555237	748.964111	45.678162	-0.087632	0	0.239469	-3.00E-06	-0.980003	-3.00E-06
5.548	0	0	0	0.2	0	-0.3	0	0	0	78.789513	750.711792	44.34642	-0.087833	0	0.23915	-3.00E-06	-1.006527	-3.00E-06
5.549	0	0	0	0.2	0	-0.3	0	0	0	78.789513	752.249756	44.34642	-0.087834	0	0.23915	-9.00E-06	-0.980003	-3.00E-06
5.55	0	0	0	0.2	0	-0.3	0	0	0	78.714554	753.995544	44.50296	-0.087834	0	0.23915	-3.00E-06	-1.006527	-4.00E-06
5.551	0	0	0	0.2	0	-0.3	0	0	0	77.927383	753.995544	44.816605	-0.087881	0	0.237885	-1.00E-05	-0.939825	-6.00E-06
5.552	0	0	0	0.2	0	-0.3	0	0	0	77.927383	752.128235	45.286747	-0.087881	0	0.237675	-9.00E-06	-1.078052	-6.00E-06
5.553	0	0	0	0.2	0	-0.3	0	0	0	78.394485	752.128235	45.286747	-0.088024	0	0.23762	-9.00E-06	-0.963594	-6.00E-06
5.554	0	0	0	0.2	0	-0.3	0	0	0	78.394485	752.307617	44.11203	-0.088024	0	0.236992	1.00E-06	-0.963594	-7.00E-06
5.555	0	0	0	0.2	0	-0.3	0	0	0	77.455223	752.995728	43.563557	-0.088024	0	0.236874	1.00E-06	-0.963594	-2.00E-06
5.556	0	0	0	0.2	0	-0.3	0	0	0	77.065247	752.995728	43.563557	-0.087957	0	0.236616	-2.00E-06	-0.9119	-6.00E-06
5.557	0	0	0	0.2	0	-0.3	0	0	0	76.670219	752.514465	43.563755	-0.088004	0	0.235622	-7.00E-06	-1.02517	-5.00E-06
5.558	0	0	0	0.2	0	-0.3	0	0	0	77.065247	752.514465	43.563755	-0.088004	0	0.235622	-2.00E-06	-0.944341	-5.00E-06
5.559	0	0	0	0.2	0	-0.3	0	0	0	77.295914	755.437866	43.328766	-0.088155	0	0.235217	-2.00E-06	-1.008515	-2.00E-06
5.56	0	0	0	0.2	0	-0.3	0	0	0	77.29808	755.437866	42.466846	-0.088461	0	0.235217	-2.00E-06	-0.977881	-1.00E-06
5.561	0	0	0	0.2	0	-0.3	0	0	0	77.295914	755.437866	42.310146	-0.088519	0	0.235002	-2.00E-06	-0.977881	-2.00E-06
5.562	0	0	0	0.2	0	-0.3	0	0	0	77.29808	757.169373	42.15345	-0.088663	0	0.234286	-7.00E-06	-0.977881	-2.00E-06
5.563	0	0	0	0.2	0	-0.3	0	0	0	77.610207	757.196777	42.153404	-0.088776	0	0.234425	-7.00E-06	-0.971072	-6.00E-06
5.564	0	0	0	0.2	0	-0.3	0	0	0	77.610207	758.917847	41.918697	-0.088776	0	0.234324	-6.00E-06	-0.971072	-6.00E-06
5.565	0	0	0	0.2	0	-0.3	0	0	0	77.609482	758.917847	41.683666	-0.088726	0	0.234324	-6.00E-06	-0.971072	-6.00E-06
5.566	0	0	0	0.2	0	-0.3	0	0	0	77.603714	754.124084	41.135353	-0.088726	0	0.232874	-6.00E-06	-1.135691	-7.00E-06
5.567	0	0	0	0.2	0	-0.3	0	0	0	77.603714	754.124084	40.665607	-0.088747	0	0.232122	2.00E-06	-1.135691	-3.00E-06
5.568	0	0	0	0.2	0	-0.3	0	0	0	77.603714	755.18335	40.508625	-0.088761	0	0.232122	2.00E-06	-1.135691	-7.00E-06
5.569	0	0	0	0.2	0	-0.3	0	0	0	77.683731	755.18335	40.117134	-0.088802	0	0.231909	-1.00E-06	-1.083883	-3.00E-06
5.57	0	0	0	0.2	0	-0.3	0	0	0	78.463684	755.864929	39.412037	-0.088891	0	0.231917	-3.00E-06	-1.083883	-6.00E-06
5.571	0	0	0	0.2	0	-0.3	0	0	0	78.463684	754.846252	38.785313	-0.088891	0	0.23125	-7.00E-06	-1.083883	-2.00E-06
5.572	0	0	0	0.2	0	-0.3	0	0	0	78.149391	754.008484	38.628613	-0.089124	0	0.230586	-4.00E-06	-1.017123	-3.00E-06
5.573	0	0	0	0.2	0	-0.3	0	0	0	78.149391	754.008484	38.550243	-0.089349	0	0.230586	-6.00E-06	-1.066259	-3.00E-06
5.574	0	0	0	0.2	0	-0.3	0	0	0	79.086487	754.008484	38.393784	-0.089358	0	0.230705	-5.00E-06	-1.066259	-3.00E-06
5.575	0	0	0	0.2	0	-0.3	0	0	0	79.086487	751.439941	38.393784	-0.089374	0	0.230705	-6.00E-06	-1.066259	-6.00E-06
5.576	0	0	0	0.2	0	-0.3	0	0	0	78.54081	751.439941	37.531986	-0.089374	0	0.229981	-5.00E-06	-0.967967	-6.00E-06
5.577	0	0	0	0.2	0	-0.3	0	0	0	78.380051	751.439941	37.140453	-0.089415	0	0.229708	-7.00E-06	-0.967967	-2.00E-06
5.578	0	0	0	0.2	0	-0.3	0	0	0	78.380051	749.071228	36.435116	-0.089475	0	0.228846	-2.00E-06	-1.145607	-2.00E-06
5.579	0	0	0	0.2	0	-0.3	0	0	0	79.004303	747.68219	36.592182	-0.089415	0	0.228815	5.00E-06	-1.187311	-3.00E-06
5.58	0	0	0	0.2	0	-0.3	0	0	0	79.004303	747.68219	36.278576	-0.08931	0	0.228815	5.00E-06	-1.200969	-3.00E-06
5.581	0	0	0	0.2	0	-0.3	0	0	0	79.002861	742.385864	35.887245	-0.08931	0	0.227136	-7.00E-06	-1.285606	0
5.582	0	0	0	0.2	0	-0.3	0	0	0	79.002861	742.385864	35.338768	-0.089503	0	0.227136	-7.00E-06	-1.230022	0
5.583	0	0	0	0.2	0	-0.3	0	0	0	79.074219	744.632324	35.02541	-0.089786	0	0.227151	-4.00E-06	-1.285606	0
5.584	0	0	0	0.2	0	-0.3	0	0	0	79.470688	744.632324	34.477055	-0.089786	0	0.227151	-4.00E-06	-1.230022	0.00E+00
5.585	0	0	0	0.2	0	-0.3	0	0	0	79.705688	742.754639	34.085323	-0.090003	0	0.226542	1.00E-06	-1.353158	2.00E-06
5.586	0	0	0	0.2	0	-0.3	0	0	0	79.705688	737.774902	34.085281	-0.090003	0	0.225787	-4.00E-06	-1.347153	-4.00E-06
5.587	0	0	0	0.2	0	-0.3	0	0	0	79.545654	736.070007	33.615421	-0.090023	0	0.225094	-8.00E-06	-1.347153	-1.00E-06
5.588	0	0	0	0.2	0	-0.3	0	0	0	79.544212	736.070007	33.380547	-0.09029	0	0.225094	-1.10E-05	-1.212303	-4.00E-06
5.589	0	0	0	0.2	0	-0.3	0	0	0	79.544212	736.070007	33.302216	-0.09029	0	0.225094	-8.00E-06	-1.212303	-4.00E-06
5.59	0	0	0	0.2	0	-0.3	0	0	0	79.384186	731.445557	32.753986	-0.089899	0	0.224374	0.00E+00	-1.285271	-4.00E-06
5.591	0	0	0	0.2	0	-0.3	0	0	0	79.302719	731.08606	32.284039	-0.089899	0	0.223699	4.00E-06	-1.3864	-3.00E-06
5.592	0	0	0	0.2	0	-0.3	0	0	0	79.384186	728.352905	32.12738	-0.089834	0	0.223669	0.00E+00	-1.446758	-2.00E-06
5.593	0	0	0	0.2	0	-0.3	0	0	0	79.459869	725.45874	32.284039	-0.089904	0	0.222933	-1.00E-06	-1.446758	-2.00E-06
5.594	0	0	0	0.2	0	-0.3	0	0	0	80.160522	724.759033	32.12738	-0.089957	0	0.222933	-9.00E-06	-1.450364	0.00E+00
5.595	0	0	0	0.2	0	-0.3	0	0	0	80.160522	724.759033	31.422564	-0.090268	0	0.222933	-9.00E-06	-1.413111	-2.00E-06
5.596	0	0	0	0.2	0	-0.3	0	0	0	78.673416	721.857666	31.030912	-0.090268	0	0.221795	-7.00E-06	-1.436931	-4.00E-06
5.597	0	0	0	0.2	0	-0.3	0	0	0	78.673416	721.363159	31.030912	-0.090268	0	0.221243	-3.00E-06	-1.436931	-4.00E-06
5.598	0	0	0	0.2	0	-0.3	0	0	0	78.983383	719.121338	31.030912	-0.090759	0	0.221152	-5.00E-06	-1.517728	-3.00E-06
5.599	0	0	0	0.2	0	-0.3	0	0	0	79.216934	717.748535	30.874371	-0.090723	0	0.220967	-5.00E-06	-1.517728	-2.00E-06
5.6	0	0	0	0.2	0	-0.3	0	0	0	79.216934	716.381531	30.639498	-0.090723	0	0.220884	-5.00E-06	-1.517728	-2.00E-06
5.601	0	0	0	0.2	0	-0.3	0	0	0	79.216934	713.447693	30.561129	-0.090438	0	0.220389	-1.00E-06	-1.635246	-2.00E-06
5.602	0	0	0	0.2	0	-0.3	0	0	0	78.27623	711.090576	30.404589	-0.090438	0	0.218712	-1.00E-06	-1.635246	-2.00E-06
5.603	0	0	0	0.2	0	-0.3	0	0	0	78.27623	711.090576	29.778067	-0.090579	0	0.218712	-5.00E-06	-1.493935	-3.00E-06
5.604	0	0	0	0.2	0	-0.3	0	0	0	78.275513	711.090576	29.778067	-0.090863	0	0.218982	-5.00E-06	-1.493935	-1.00E-06
5.605	0	0	0	0.2	0	-0.3	0	0	0	78.743332	707.305786	29.464945	-0.090579	0	0.218982	-5.00E-06	-1.723996	-3.00E-06
5.606	0	0	0	0.2	0	-0.3	0	0	0	77.879761	702.99884	29.464945	-0.090127	0	0.217755	-4.00E-06	-1.723996	-3.00E-06
5.607	0	0	0	0.2	0	-0.3	0	0	0	78.42543	700.457336	29.464945	-0.090127	0	0.216912	-6.00E-06	-1.758842	-3.00E-06
5.608	0	0	0	0.2	0	-0.3	0	0	0	78.109703	700.457336	29.386736	-0.090601	0	0.216912	-4.00E-06	-1.639184	-3.00E-06
5.609	0	0	0	0.2	0	-0.3	0	0	0	78.42543	700.457336	28.916914	-0.090811	0	0.21663	-6.00E-06	-1.758842	-1.00E-06
5.61	0	0	0	0.2	0	-0.3	0	0	0	78.109703	700.126343	28.916914	-0.090811	0	0.216342	1.00E-06	-1.736955	-1.00E-06
5.611	0	0	0	0.2	0	-0.3	0	0	0	77.556808	696.178101	28.916914	-0.090811	0	0.215358	-6.00E-06	-1.822742	-1.00E-06
5.612	0	0	0	0.2	0	-0.3	0	0	0	77.321808	695.851379	28.995483	-0.090714	0	0.215206	-6.00E-06	-1.843392	-1.00E-06
5.613	0	0	0	0.2	0	-0.3	0	0	0	77.321808	694.478577	28.838823	-0.090955	0	0.214608	-6.00E-06	-1.843392	-1.00E-06
5.614	0	0	0	0.2	0	-0.3	0	0	0	77.316757	693.116211	28.917635	-0.090754	0	0.214608	-4.00E-06	-1.884555	-2.00E-06
5.615	0	0	0	0.2	0	-0.3	0	0	0	77.084656	692.07782	28.760935	-0.091008	0	0.214608	-2.00E-06	-1.901546	-4.00E-06
5.616	0	0	0	0.2	0	-0.3	0	0	0	76.45607	689.182617	28.369482	-0.090754	0	0.213108	-2.00E-06	-1.901546	-4.00E-06
5.617	0	0	0	0.2	0	-0.3	0	0	0	76.221069	687.465332	28.369482	-0.091033	0	0.212777	0	-1.725645	-4.00E-06
5.618	0	0	0	0.2	0	-0.3	0	0	0	76.216743	687.13092	28.683088	-0.090949	0	0.212596	0.00E+00	-1.725645	-4.00E-06
5.619	0	0	0	0.2	0	-0.3	0	0	0	76.216743	686.448547	28.683088	-0.090949	0	0.212593	-4.00E-06	-1.981679	-4.00E-06
5.62	0	0	0	0.2	0	-0.3	0	0	0	76.215302	686.116455	28.683249	-0.090747	0	0.211635	-6.00E-06	-2.041611	-4.00E-06
5.621	0	0	0	0.2	0	-0.3	0	0	0	76.215302	683.02417	28.604795	-0.090688	0	0.210919	-9.00E-06	-2.041611	-3.00E-06
5.622	0	0	0	0.2	0	-0.3	0	0	0	74.805328	678.922363	28.370249	-0.090688	0	0.210235	-9.00E-06	-1.914652	-3.00E-06
5.623	0	0	0	0.2	0	-0.3	0	0	0	74.805328	678.922363	28.370249	-0.090853	0	0.210235	-5.00E-06	-1.908477	-5.00E-06
5.624	0	0	0	0.2	0	-0.3	0	0	0	74.797394	679.268311	28.370249	-0.090853	0	0.210068	-5.00E-06	-1.908477	-5.00E-06
5.625	0	0	0	0.2	0	-0.3	0	0	0	74.797394	679.268311	28.448622	-0.090684	0	0.210068	-5.00E-06	-1.948192	-1.00E-06
5.626	0	0	0	0.2	0	-0.3	0	0	0	74.568161	673.634094	28.370771	-0.090684	0	0.208674	-9.00E-06	-2.054147	-1.00E-06
5.627	0	0	0	0.2	0	-0.3	0	0	0	73.937424	673.599731	28.370974	-0.090744	0	0.207721	-9.00E-06	-1.961388	-1.00E-06
5.628	0	0	0	0.2	0	-0.3	0	0	0	73.623848	673.634094	28.370771	-0.090768	0	0.207721	-9.00E-06	-1.961388	-2.00E-06
5.629	0	0	0	0.2	0	-0.3	0	0	0	73.623848	673.635986	28.136145	-0.090837	0	0.208218	-1.00E-05	-1.961388	-6.00E-06
5.63	0	0	0	0.2	0	-0.3	0	0	0	73.467422	673.635986	28.136145	-0.090837	0	0.208218	-1.00E-05	-1.967758	-6.00E-06
5.631	0	0	0	0.2	0	-0.3	0	0	0	72.836685	668.482788	28.136145	-0.090965	0	0.206464	-1.00E-05	-1.967758	-6.00E-06
5.632	0	0	0	0.2	0	-0.3	0	0	0	72.207382	668.344666	28.371256	-0.090965	0	0.205494	-1.00E-05	-2.079544	-6.00E-06
5.633	0	0	0	0.2	0	-0.3	0	0	0	72.207382	666.970337	28.684938	-0.090965	0	0.205494	-6.00E-06	-2.100466	-6.00E-06
5.634	0	0	0	0.2	0	-0.3	0	0	0	72.440216	666.970337	28.684938	-0.090827	0	0.205494	-5.00E-06	-2.102312	-7.00E-06
5.635	0	0	0	0.2	0	-0.3	0	0	0	72.440216	666.645569	28.528517	-0.090827	0	0.204871	-6.00E-06	-2.100466	-5.00E-06
5.636	0	0	0	0.2	0	-0.3	0	0	0	70.95311	666.289917	28.293726	-0.090811	0	0.204686	-8.00E-06	-2.013883	-4.00E-06
5.637	0	0	0	0.2	0	-0.3	0	0	0	70.877426	662.896729	28.293726	-0.091159	0	0.203049	-1.10E-05	-2.013883	-2.00E-06
5.638	0	0	0	0.2	0	-0.3	0	0	0	70.95311	662.896729	28.76379	-0.091159	0	0.203049	-1.10E-05	-2.013883	0.00E+00
5.639	0	0	0	0.2	0	-0.3	0	0	0	70.871643	662.896729	28.76379	-0.091159	0	0.20304	-1.10E-05	-1.996833	-2.00E-06
5.64	0	0	0	0.2	0	-0.3	0	0	0	70.871643	661.334595	28.607737	-0.090704	0	0.20304	-4.00E-06	-1.996833	-4.00E-06
5.641	0	0	0	0.2	0	-0.3	0	0	0	70.555916	661.334595	28.529406	-0.090524	0	0.201881	-6.00E-06	-2.050422	-5.00E-06
5.642	0	0	0	0.2	0	-0.3	0	0	0	70.398773	658.604858	28.607737	-0.090704	0	0.201794	-4.00E-06	-2.107905	-6.00E-06
5.643	0	0	0	0.2	0	-0.3	0	0	0	70.398773	660.871704	28.764475	-0.090932	0	0.201223	-4.00E-06	-2.118883	-6.00E-06
5.644	0	0	0	0.2	0	-0.3	0	0	0	69.848038	660.871704	28.764717	-0.090944	0	0.201223	-4.00E-06	-2.118883	-3.00E-06
5.645	0	0	0	0.2	0	-0.3	0	0	0	69.848038	660.871704	28.764717	-0.090944	0	0.201223	-5.00E-06	-2.134169	-1.00E-06
5.646	0	0	0	0.2	0	-0.3	0	0	0	69.848038	655.205444	28.764717	-0.090622	0	0.199483	-8.00E-06	-2.048014	-1.00E-06
5.647	0	0	0	0.2	0	-0.3	0	0	0	69.296593	655.205444	29.156813	-0.090622	0	0.199105	-7.00E-06	-2.137983	-3.00E-06
5.648	0	0	0	0.2	0	-0.3	0	0	0	69.296593	657.473511	29.156813	-0.090914	0	0.198819	-7.00E-06	-2.13826	-3.00E-06
5.649	0	0	0	0.2	0	-0.3	0	0	0	69.296593	657.473511	29.078722	-0.091175	0	0.198838	-7.00E-06	-2.13826	-5.00E-06
5.65	0	0	0	0.2	0	-0.3	0	0	0	68.985184	657.138672	29.000515	-0.090914	0	0.198737	-1.00E-05	-1.97741	-4.00E-06
5.651	0	0	0	0.2	0	-0.3	0	0	0	68.515198	656.627258	29.078722	-0.090831	0	0.198067	-1.00E-05	-1.97741	-4.00E-06
5.652	0	0	0	0.2	0	-0.3	0	0	0	68.434456	656.330688	29.314037	-0.090831	0	0.196743	-1.00E-05	-2.027945	-2.00E-06
5.653	0	0	0	0.2	0	-0.3	0	0	0	68.434456	656.330688	29.392569	-0.091123	0	0.196743	-8.00E-06	-2.115365	-2.00E-06
5.654	0	0	0	0.2	0	-0.3	0	0	0	68.434456	656.330688	29.392727	-0.091123	0	0.19676	-3.00E-06	-2.027945	-2.00E-06
5.655	0	0	0	0.2	0	-0.3	0	0	0	67.963745	655.487915	29.627642	-0.091123	0	0.19676	-3.00E-06	-2.0675	-2.00E-06
5.656	0	0	0	0.2	0	-0.3	0	0	0	67.648727	655.302368	29.784542	-0.091058	0	0.195834	-3.00E-06	-2.0675	-2.00E-06
5.657	0	0	0	0.2	0	-0.3	0	0	0	67.648727	655.302368	29.784542	-0.091078	0	0.195482	-4.00E-06	-2.089106	0
5.658	0	0	0	0.2	0	-0.3	0	0	0	67.648727	654.298706	29.784742	-0.091078	0	0.194286	-4.00E-06	-2.095135	0.00E+00
5.659	0	0	0	0.2	0	-0.3	0	0	0	67.803711	654.298706	29.784742	-0.091078	0	0.194286	-5.00E-06	-2.142807	-3.00E-06
5.66	0	0	0	0.2	0	-0.3	0	0	0	67.803711	654.298706	29.784742	-0.091106	0	0.194286	-7.00E-06	-2.156032	-4.00E-06
5.661	0	0	0	0.2	0	-0.3	0	0	0	67.802994	654.326965	29.941647	-0.091106	0	0.193272	-5.00E-06	-2.156032	-3.00E-06
5.662	0	0	0	0.2	0	-0.3	0	0	0	67.410851	654.167969	29.706656	-0.091106	0	0.192937	-7.00E-06	-2.154137	-4.00E-06
5.663	0	0	0	0.2	0	-0.3	0	0	0	67.410851	654.326965	29.706656	-0.091162	0	0.192937	-3.00E-06	-2.154137	-3.00E-06
5.664	0	0	0	0.2	0	-0.3	0	0	0	67.722252	655.715515	29.706656	-0.091507	0	0.192844	-8.00E-06	-2.193536	-3.00E-06
5.665	0	0	0	0.2	0	-0.3	0	0	0	68.036545	655.715515	29.785067	-0.091507	0	0.192695	-8.00E-06	-2.193536	-2.00E-06
5.666	0	0	0	0.2	0	-0.3	0	0	0	68.036545	652.453796	29.863598	-0.091129	0	0.192506	-8.00E-06	-2.174541	-1.00E-06
5.667	0	0	0	0.2	0	-0.3	0	0	0	67.801544	652.453796	30.177322	-0.091129	0	0.191082	-9.00E-06	-2.069195	-1.00E-06
5.668	0	0	0	0.2	0	-0.3	0	0	0	67.801544	654.385986	30.177322	-0.091245	0	0.191082	-9.00E-06	-2.066541	-2.00E-06
5.669	0	0	0	0.2	0	-0.3	0	0	0	67.801544	654.385986	30.177322	-0.091245	0	0.191082	-9.00E-06	-2.066541	-5.00E-06
5.67	0	0	0	0.2	0	-0.3	0	0	0	67.332275	653.885376	30.098991	-0.091245	0	0.190186	-8.00E-06	-2.054743	-4.00E-06
5.671	0	0	0	0.2	0	-0.3	0	0	0	67.332275	653.883423	30.098991	-0.091262	0	0.189973	-8.00E-06	-2.08698	-4.00E-06
5.672	0	0	0	0.2	0	-0.3	0	0	0	67.722252	653.883423	29.86408	-0.091262	0	0.18946	-7.00E-06	-2.081738	-1.00E-06
5.673	0	0	0	0.2	0	-0.3	0	0	0	67.725143	653.883423	30.099072	-0.091293	0	0.189309	-8.00E-06	-2.104805	-1.00E-06
5.674	0	0	0	0.2	0	-0.3	0	0	0	68.270096	656.143066	30.255854	-0.091205	0	0.188768	-7.00E-06	-2.104805	-4.00E-06
5.675	0	0	0	0.2	0	-0.3	0	0	0	68.270096	656.342041	30.255854	-0.091217	0	0.188768	-1.00E-05	-2.104805	-4.00E-06
5.676	0	0	0	0.2	0	-0.3	0	0	0	67.799385	656.342041	29.707539	-0.091217	0	0.188451	-3.00E-06	-2.101773	-4.00E-06
5.677	0	0	0	0.2	0	-0.3	0	0	0	67.799385	656.52301	29.629332	-0.091521	0	0.187875	-1.00E-06	-2.101773	-3.00E-06
5.678	0	0	0	0.2	0	-0.3	0	0	0	67.880119	657.547058	29.629208	-0.091521	0	0.187943	-1.00E-06	-2.113447	-3.00E-06
5.679	0	0	0	0.2	0	-0.3	0	0	0	68.188637	658.067017	29.629208	-0.091371	0	0.187943	-1.00E-06	-2.113447	-5.00E-06
5.68	0	0	0	0.2	0	-0.3	0	0	0	68.188637	658.067017	29.31601	-0.091371	0	0.187943	-6.00E-06	-2.187353	-5.00E-06
5.681	0	0	0	0.2	0	-0.3	0	0	0	68.112953	657.223511	29.31601	-0.091418	0	0.186695	-7.00E-06	-2.11125	-3.00E-06
5.682	0	0	0	0.2	0	-0.3	0	0	0	68.112953	656.735229	29.31601	-0.091483	0	0.185689	-7.00E-06	-2.152651	-3.00E-06
5.683	0	0	0	0.2	0	-0.3	0	0	0	68.268654	656.735229	29.394541	-0.091508	0	0.185689	-6.00E-06	-2.11125	-5.00E-06
5.684	0	0	0	0.2	0	-0.3	0	0	0	68.268654	659.670532	29.394541	-0.091756	0	0.185652	-5.00E-06	-2.152651	-5.00E-06
5.685	0	0	0	0.2	0	-0.3	0	0	0	68.268654	659.670532	29.081419	-0.091756	0	0.185652	-5.00E-06	-2.24875	-5.00E-06
5.686	0	0	0	0.2	0	-0.3	0	0	0	68.505814	655.371704	29.081419	-0.091303	0	0.184664	-5.00E-06	-2.24875	0.00E+00
5.687	0	0	0	0.2	0	-0.3	0	0	0	68.661514	655.371704	29.551603	-0.091288	0	0.184403	-5.00E-06	-2.206014	-1.00E-06
5.688	0	0	0	0.2	0	-0.3	0	0	0	68.661514	656.430908	29.551603	-0.091303	0	0.184664	-5.00E-06	-2.141638	-1.00E-06
5.689	0	0	0	0.2	0	-0.3	0	0	0	68.894348	660.723633	29.551603	-0.091432	0	0.184858	-4.00E-06	-2.191381	-4.00E-06
5.69	0	0	0	0.2	0	-0.3	0	0	0	68.894348	660.723633	29.394823	-0.091442	0	0.184858	-4.00E-06	-2.191381	-7.00E-06
5.691	0	0	0	0.2	0	-0.3	0	0	0	68.50293	660.070618	29.394823	-0.091442	0	0.183287	-9.00E-06	-2.191381	-7.00E-06
5.692	0	0	0	0.2	0	-0.3	0	0	0	68.112228	659.724609	29.081659	-0.09155	0	0.183042	-9.00E-06	-2.238177	-3.00E-06
5.693	0	0	0	0.2	0	-0.3	0	0	0	68.112228	660.070618	29.081659	-0.091615	0	0.182919	-5.00E-06	-2.194143	-1.00E-06
5.694	0	0	0	0.2	0	-0.3	0	0	0	68.895065	660.765686	29.160032	-0.091615	0	0.182845	-5.00E-06	-2.238177	-3.00E-06
5.695	0	0	0	0.2	0	-0.3	0	0	0	68.895065	660.948242	29.160032	-0.091615	0	0.182834	1.00E-06	-2.295011	-4.00E-06
5.696	0	0	0	0.2	0	-0.3	0	0	0	68.421471	660.948242	28.376564	-0.091913	0	0.18147	-4.00E-06	-2.295011	-5.00E-06
5.697	0	0	0	0.2	0	-0.3	0	0	0	68.421471	660.948242	28.376564	-0.091913	0	0.18147	-4.00E-06	-2.134645	-5.00E-06
5.698	0	0	0	0.2	0	-0.3	0	0	0	68.580055	661.644836	28.455057	-0.091913	0	0.181603	-5.00E-06	-2.134645	-5.00E-06
5.699	0	0	0	0.2	0	-0.3	0	0	0	68.656464	661.644836	28.455215	-0.091418	0	0.181603	-8.00E-06	-2.231396	-4.00E-06
5.7	0	0	0	0.2	0	-0.3	0	0	0	68.892181	661.490173	28.455057	-0.091418	0	0.181097	-8.00E-06	-2.232175	-4.00E-06
5.701	0	0	0	0.2	0	-0.3	0	0	0	68.816498	660.473022	28.533627	-0.091418	0	0.180018	-6.00E-06	-2.231396	-4.00E-06
5.702	0	0	0	0.2	0	-0.3	0	0	0	68.892181	660.471436	28.533627	-0.091652	0	0.179935	-6.00E-06	-2.232175	-3.00E-06
5.703	0	0	0	0.2	0	-0.3	0	0	0	69.204308	660.471436	28.533627	-0.091775	0	0.179935	-7.00E-06	-2.200844	-2.00E-06
5.704	0	0	0	0.2	0	-0.3	0	0	0	69.204308	663.231689	28.298716	-0.091775	0	0.180333	-7.00E-06	-2.222297	-3.00E-06
5.705	0	0	0	0.2	0	-0.3	0	0	0	69.439301	663.231689	27.828613	-0.091482	0	0.180333	-1.10E-05	-2.222297	-1.00E-06
5.706	0	0	0	0.2	0	-0.3	0	0	0	69.362892	662.735352	28.298716	-0.091482	0	0.179168	-6.00E-06	-2.227306	-3.00E-06
5.707	0	0	0	0.2	0	-0.3	0	0	0	69.752869	662.414062	28.533909	-0.091476	0	0.177874	-1.60E-05	-2.326711	-3.00E-06
5.708	0	0	0	0.2	0	-0.3	0	0	0	69.362892	662.735352	28.533909	-0.091527	0	0.179055	-6.00E-06	-2.265141	-3.00E-06
5.709	0	0	0	0.2	0	-0.3	0	0	0	69.752869	664.649292	28.377447	-0.091836	0	0.178548	-1.60E-05	-2.272564	-3.00E-06
5.71	0	0	0	0.2	0	-0.3	0	0	0	69.593567	664.649292	28.14238	-0.091836	0	0.178548	-6.00E-06	-2.272564	-3.00E-06
5.711	0	0	0	0.2	0	-0.3	0	0	0	69.593567	662.948364	28.14238	-0.091502	0	0.176644	-4.00E-06	-2.272564	-3.00E-06
5.712	0	0	0	0.2	0	-0.3	0	0	0	69.440025	662.948364	27.672316	-0.091502	0	0.176644	-4.00E-06	-2.228271	-2.00E-06
5.713	0	0	0	0.2	0	-0.3	0	0	0	69.440025	665.537231	27.907545	-0.09188	0	0.177626	-7.00E-06	-2.228271	0
5.714	0	0	0	0.2	0	-0.3	0	0	0	69.519318	666.917419	27.750965	-0.09188	0	0.177691	-7.00E-06	-2.225878	0.00E+00
5.715	0	0	0	0.2	0	-0.3	0	0	0	69.519318	667.945801	27.750965	-0.091799	0	0.177721	-1.50E-05	-2.124426	0
5.716	0	0	0	0.2	0	-0.3	0	0	0	69.437859	667.945801	27.515854	-0.09163	0	0.177721	-6.00E-06	-2.124426	-1.00E-06
5.717	0	0	0	0.2	0	-0.3	0	0	0	69.360733	667.127319	27.437687	-0.091736	0	0.175462	-1.40E-05	-2.212466	-2.00E-06
5.718	0	0	0	0.2	0	-0.3	0	0	0	69.437859	667.127319	27.437687	-0.091736	0	0.175462	-6.00E-06	-2.268242	-2.00E-06
5.719	0	0	0	0.2	0	-0.3	0	0	0	70.062111	669.362549	27.437687	-0.091736	0	0.176097	-1.40E-05	-2.268242	-2.00E-06
5.72	0	0	0	0.2	0	-0.3	0	0	0	70.062111	669.362549	27.202772	-0.091593	0	0.176097	-4.00E-06	-2.277589	-2.00E-06
5.721	0	0	0	0.2	0	-0.3	0	0	0	69.669968	669.362549	27.124365	-0.091379	0	0.175057	-7.00E-06	-2.34551	-2.00E-06
5.722	0	0	0	0.2	0	-0.3	0	0	0	69.669968	668.871582	26.967661	-0.091361	0	0.174821	-2.00E-06	-2.293736	-5.00E-06
5.723	0	0	0	0.2	0	-0.3	0	0	0	69.749268	669.370361	26.654301	-0.091379	0	0.175057	-3.00E-06	-2.293736	-5.00E-06
5.724	0	0	0	0.2	0	-0.3	0	0	0	69.908569	674.031006	26.654301	-0.091397	0	0.175407	-3.00E-06	-2.293736	-1.00E-06
5.725	0	0	0	0.2	0	-0.3	0	0	0	69.983536	674.031006	27.046234	-0.091397	0	0.175407	-9.00E-06	-2.304821	-1.00E-06
5.726	0	0	0	0.2	0	-0.3	0	0	0	69.983536	669.066772	27.124886	-0.091397	0	0.173308	-1.50E-05	-2.304821	-2.00E-06
5.727	0	0	0	0.2	0	-0.3	0	0	0	69.983536	669.066772	27.046234	-0.091415	0	0.173308	-1.50E-05	-2.187909	-2.00E-06
5.728	0	0	0	0.2	0	-0.3	0	0	0	70.062836	674.572266	26.654701	-0.091529	0	0.17437	-4.00E-06	-2.187909	-2.00E-06
5.729	0	0	0	0.2	0	-0.3	0	0	0	70.215652	674.572266	26.41971	-0.091529	0	0.17437	-4.00E-06	-2.212366	-4.00E-06
5.73	0	0	0	0.2	0	-0.3	0	0	0	70.215652	674.923645	26.106426	-0.09139	0	0.173762	-2.00E-06	-2.212829	-4.00E-06
5.731	0	0	0	0.2	0	-0.3	0	0	0	69.747818	674.41333	25.949808	-0.091269	0	0.173425	-4.00E-06	-2.212366	-4.00E-06
5.732	0	0	0	0.2	0	-0.3	0	0	0	69.747818	675.788818	25.949808	-0.091268	0	0.172722	-4.00E-06	-2.212829	-2.00E-06
5.733	0	0	0	0.2	0	-0.3	0	0	0	70.37352	675.984436	25.949808	-0.091268	0	0.172722	-4.00E-06	-2.310665	-2.00E-06
5.734	0	0	0	0.2	0	-0.3	0	0	0	70.37352	675.984436	25.949808	-0.091268	0	0.172487	-7.00E-06	-2.392871	-1.00E-06
5.735	0	0	0	0.2	0	-0.3	0	0	0	70.214203	676.500916	25.636486	-0.091027	0	0.172062	-7.00E-06	-2.392871	-4.00E-06
5.736	0	0	0	0.2	0	-0.3	0	0	0	69.117798	677.040222	25.401693	-0.091007	0	0.172043	-7.00E-06	-2.303485	-3.00E-06
5.737	0	0	0	0.2	0	-0.3	0	0	0	68.80928	677.568359	25.244951	-0.091007	0	0.171435	-7.00E-06	-2.253999	-4.00E-06
5.738	0	0	0	0.2	0	-0.3	0	0	0	68.80928	677.568359	25.244951	-0.091079	0	0.171435	-5.00E-06	-2.002774	-4.00E-06
5.739	0	0	0	0.2	0	-0.3	0	0	0	69.822784	681.330627	25.088453	-0.091079	0	0.17268	-5.00E-06	-2.154735	-4.00E-06
5.74	0	0	0	0.2	0	-0.3	0	0	0	69.822784	681.330627	25.01008	-0.09073	0	0.17268	-9.00E-06	-2.154735	-4.00E-06
5.741	0	0	0	0.2	0	-0.3	0	0	0	68.960655	680.684937	24.774931	-0.09073	0	0.170926	-9.00E-06	-2.154735	-4.00E-06
5.742	0	0	0	0.2	0	-0.3	0	0	0	68.95993	680.684937	24.931955	-0.090787	0	0.170831	-9.00E-06	-2.132626	-4.00E-06
5.743	0	0	0	0.2	0	-0.3	0	0	0	68.95993	680.848511	24.540178	-0.091127	0	0.170926	-1.90E-05	-1.990727	-4.00E-06
5.744	0	0	0	0.2	0	-0.3	0	0	0	69.03923	683.436279	24.54038	-0.090787	0	0.171478	-5.00E-06	-1.990727	-3.00E-06
5.745	0	0	0	0.2	0	-0.3	0	0	0	69.040665	683.436279	24.54038	-0.090787	0	0.171478	-7.00E-06	-1.929909	-5.00E-06
5.746	0	0	0	0.2	0	-0.3	0	0	0	69.040665	680.331665	24.54038	-0.09066	0	0.171017	-5.00E-06	-1.929909	-1.00E-06
5.747	0	0	0	0.2	0	-0.3	0	0	0	68.492828	680.331665	24.07052	-0.09066	0	0.170375	-7.00E-06	-1.929909	-6.00E-06
5.748	0	0	0	0.2	0	-0.3	0	0	0	68.492828	682.936462	24.07052	-0.090668	0	0.170375	-5.00E-06	-1.957707	-4.00E-06
5.749	0	0	0	0.2	0	-0.3	0	0	0	68.647079	683.623047	24.07052	-0.090668	0	0.170375	-5.00E-06	-1.93798	-4.00E-06
5.75	0	0	0	0.2	0	-0.3	0	0	0	68.647079	685.186035	23.835447	-0.090668	0	0.169932	-5.00E-06	-1.93798	-3.00E-06
5.751	0	0	0	0.2	0	-0.3	0	0	0	68.334236	685.186035	22.973848	-0.090358	0	0.169843	-4.00E-06	-1.895303	-1.00E-06
5.752	0	0	0	0.2	0	-0.3	0	0	0	67.863525	684.519165	22.973848	-0.090381	0	0.169078	-4.00E-06	-1.795248	-1.00E-06
5.753	0	0	0	0.2	0	-0.3	0	0	0	67.863525	684.519165	23.208841	-0.090381	0	0.169078	-2.00E-06	-1.77923	-2.00E-06
5.754	0	0	0	0.2	0	-0.3	0	0	0	68.647804	686.917175	23.208841	-0.090381	0	0.169784	-2.00E-06	-1.77923	-2.00E-06
5.755	0	0	0	0.2	0	-0.3	0	0	0	68.647804	687.277527	22.425379	-0.090144	0	0.169784	-1.00E-06	-1.845372	-3.00E-06
5.756	0	0	0	0.2	0	-0.3	0	0	0	67.469215	687.277527	22.033846	-0.090088	0	0.16886	-3.00E-06	-1.845372	1.00E-06
5.757	0	0	0	0.2	0	-0.3	0	0	0	67.469215	687.459534	22.033846	-0.090088	0	0.168513	-3.00E-06	-1.670593	-3.00E-06
5.758	0	0	0	0.2	0	-0.3	0	0	0	67.23494	687.962891	22.033846	-0.090211	0	0.168513	-7.00E-06	-1.668353	1.00E-06
5.759	0	0	0	0.2	0	-0.3	0	0	0	67.623474	688.320068	22.034006	-0.090211	0	0.168513	-7.00E-06	-1.670593	-3.00E-06
5.76	0	0	0	0.2	0	-0.3	0	0	0	67.23494	688.320068	21.955751	-0.090024	0	0.168293	-6.00E-06	-1.8042	-3.00E-06
5.761	0	0	0	0.2	0	-0.3	0	0	0	67.154205	687.647461	21.955751	-0.089786	0	0.167398	-6.00E-06	-1.8042	-3.00E-06
5.762	0	0	0	0.2	0	-0.3	0	0	0	66.99778	687.647461	21.407282	-0.089786	0	0.167398	-6.00E-06	-1.627332	-3.00E-06
5.763	0	0	0	0.2	0	-0.3	0	0	0	66.688545	691.943604	21.250738	-0.089911	0	0.168148	-4.00E-06	-1.588881	-3.00E-06
5.764	0	0	0	0.2	0	-0.3	0	0	0	66.450661	691.943604	21.250738	-0.089911	0	0.168148	-4.00E-06	-1.557992	-5.00E-06
5.765	0	0	0	0.2	0	-0.3	0	0	0	66.450661	691.445679	21.09424	-0.089903	0	0.1676	-4.00E-06	-1.557992	-5.00E-06
5.766	0	0	0	0.2	0	-0.3	0	0	0	66.450661	690.239136	21.09424	-0.0896	0	0.1674	-2.00E-06	-1.602065	-5.00E-06
5.767	0	0	0	0.2	0	-0.3	0	0	0	66.215668	690.239136	20.937616	-0.0896	0	0.166518	-2.00E-06	-1.602065	-5.00E-06
5.768	0	0	0	0.2	0	-0.3	0	0	0	66.215668	691.117798	20.937536	-0.08975	0	0.166518	-5.00E-06	-1.602065	-2.00E-06
5.769	0	0	0	0.2	0	-0.3	0	0	0	66.762787	694.363342	20.937536	-0.08975	0	0.167438	-5.00E-06	-1.53872	-1.00E-06
5.77	0	0	0	0.2	0	-0.3	0	0	0	66.762787	694.363342	19.997332	-0.089094	0	0.167438	-5.00E-06	-1.53872	-1.00E-06
5.771	0	0	0	0.2	0	-0.3	0	0	0	66.214218	693.534424	19.762461	-0.089094	0	0.166382	-2.00E-06	-1.466022	-2.00E-06
5.772	0	0	0	0.2	0	-0.3	0	0	0	65.744949	693.534424	19.449255	-0.089094	0	0.166094	-5.00E-06	-1.435376	-4.00E-06
5.773	0	0	0	0.2	0	-0.3	0	0	0	65.740616	694.388428	19.449255	-0.089076	0	0.166382	-8.00E-06	-1.466022	-2.00E-06
5.774	0	0	0	0.2	0	-0.3	0	0	0	65.665657	694.918823	19.449255	-0.089021	0	0.16693	-8.00E-06	-1.386609	-4.00E-06
5.775	0	0	0	0.2	0	-0.3	0	0	0	65.587807	696.628662	18.587542	-0.089076	0	0.16693	-8.00E-06	-1.160268	-2.00E-06
5.776	0	0	0	0.2	0	-0.3	0	0	0	64.725677	697.309448	18.509089	-0.088962	0	0.166741	-8.00E-06	-1.154758	-4.00E-06
5.777	0	0	0	0.2	0	-0.3	0	0	0	64.725677	697.682983	18.430841	-0.089189	0	0.166715	-9.00E-06	-1.154758	-4.00E-06
5.778	0	0	0	0.2	0	-0.3	0	0	0	65.115646	699.053406	17.882162	-0.088962	0	0.166075	-1.00E-05	-1.269757	-4.00E-06
5.779	0	0	0	0.2	0	-0.3	0	0	0	65.115646	699.922363	17.56896	-0.088888	0	0.166075	-1.00E-05	-1.269757	-1.00E-06
5.78	0	0	0	0.2	0	-0.3	0	0	0	64.64566	700.087891	17.41226	-0.088706	0	0.166071	-1.00E-05	-1.269757	1.00E-06
5.781	0	0	0	0.2	0	-0.3	0	0	0	64.644211	700.087891	17.41226	-0.088685	0	0.165899	-9.00E-06	-1.282728	1.00E-06
5.782	0	0	0	0.2	0	-0.3	0	0	0	64.176392	698.904541	16.472258	-0.088673	0	0.164839	-9.00E-06	-1.282728	-1.00E-06
5.783	0	0	0	0.2	0	-0.3	0	0	0	64.172058	698.904541	16.159056	-0.088673	0	0.164839	-9.00E-06	-1.115176	-2.00E-06
5.784	0	0	0	0.2	0	-0.3	0	0	0	64.176392	702.866699	16.159056	-0.088932	0	0.165595	-4.00E-06	-1.115176	-2.00E-06
5.785	0	0	0	0.2	0	-0.3	0	0	0	64.172058	702.866699	15.297055	-0.088932	0	0.165595	-2.00E-06	-1.275789	-2.00E-06
5.786	0	0	0	0.2	0	-0.3	0	0	0	64.171333	701.663269	15.297055	-0.088562	0	0.165133	-4.00E-06	-1.275789	-3.00E-06
5.787	0	0	0	0.2	0	-0.3	0	0	0	63.857048	701.663269	15.218762	-0.088333	0	0.163817	-2.00E-06	-1.177455	-3.00E-06
5.788	0	0	0	0.2	0	-0.3	0	0	0	63.857048	701.848877	15.218762	-0.088562	0	0.165133	-5.00E-06	-1.088198	-3.00E-06
5.789	0	0	0	0.2	0	-0.3	0	0	0	63.469955	706.155762	14.74878	-0.088333	0	0.165257	-2.00E-06	-1.088198	-5.00E-06
5.79	0	0	0	0.2	0	-0.3	0	0	0	63.229187	706.155762	14.435536	-0.088286	0	0.165257	-5.00E-06	-1.09729	-2.00E-06
5.791	0	0	0	0.2	0	-0.3	0	0	0	63.150616	704.779541	13.808694	-0.088274	0	0.164257	-1.00E-05	-1.09729	-2.00E-06
5.792	0	0	0	0.2	0	-0.3	0	0	0	62.995632	704.779541	13.573583	-0.088274	0	0.164257	-1.00E-05	-1.042214	0.00E+00
5.793	0	0	0	0.2	0	-0.3	0	0	0	62.995632	704.953857	13.651952	-0.088444	0	0.164331	-6.00E-06	-1.042214	0
5.794	0	0	0	0.2	0	-0.3	0	0	0	62.917782	706.15271	13.49537	-0.088444	0	0.164459	-6.00E-06	-1.069953	0.00E+00
5.795	0	0	0	0.2	0	-0.3	0	0	0	62.837044	706.15271	12.790116	-0.088221	0	0.164459	-8.00E-06	-1.069953	-5.00E-06
5.796	0	0	0	0.2	0	-0.3	0	0	0	62.288483	708.917603	11.849988	-0.088132	0	0.164459	-8.00E-06	-0.904498	-5.00E-06
5.797	0	0	0	0.2	0	-0.3	0	0	0	62.05637	708.917603	11.458497	-0.088221	0	0.164132	-8.00E-06	-0.85185	-4.00E-06
5.798	0	0	0	0.2	0	-0.3	0	0	0	62.05637	708.917603	11.458497	-0.088282	0	0.164132	-4.00E-06	-0.85185	-4.00E-06
5.799	0	0	0	0.2	0	-0.3	0	0	0	62.05637	708.922607	11.458497	-0.088282	0	0.164318	-2.00E-06	-0.8688	-4.00E-06
5.8	0	0	0	0.2	0	-0.3	0	0	0	62.129173	708.922607	11.22334	-0.088013	0	0.164318	-2.00E-06	-0.985626	-3.00E-06
5.801	0	0	0	0.2	0	-0.3	0	0	0	61.817764	708.922607	10.126393	-0.087826	0	0.163815	-2.00E-06	-0.8688	-3.00E-06
5.802	0	0	0	0.2	0	-0.3	0	0	0	61.584934	709.269836	10.126393	-0.087826	0	0.163815	-7.00E-06	-0.715724	-3.00E-06
5.803	0	0	0	0.2	0	-0.3	0	0	0	61.584934	710.484863	9.969853	-0.088018	0	0.163831	-7.00E-06	-0.715724	1.00E-06
5.804	0	0	0	0.2	0	-0.3	0	0	0	62.284874	711.154419	9.343171	-0.088018	0	0.164753	-7.00E-06	-0.803398	1.00E-06
5.805	0	0	0	0.2	0	-0.3	0	0	0	62.284874	711.154419	9.343171	-0.087614	0	0.164753	-5.00E-06	-0.907849	-1.00E-06
5.806	0	0	0	0.2	0	-0.3	0	0	0	61.738472	708.780396	9.029687	-0.087614	0	0.163186	-5.00E-06	-0.907849	-2.00E-06
5.807	0	0	0	0.2	0	-0.3	0	0	0	61.738472	708.780396	8.637952	-0.087449	0	0.163186	-7.00E-06	-0.865846	-1.00E-06
5.808	0	0	0	0.2	0	-0.3	0	0	0	61.738472	711.171082	8.559663	-0.087625	0	0.163466	-8.00E-06	-0.838305	-4.00E-06
5.809	0	0	0	0.2	0	-0.3	0	0	0	61.657013	711.863037	7.854608	-0.087756	0	0.163638	-8.00E-06	-0.851509	-2.00E-06
5.81	0	0	0	0.2	0	-0.3	0	0	0	61.656292	711.863037	7.619374	-0.087756	0	0.163638	-8.00E-06	-0.851509	-5.00E-06
5.811	0	0	0	0.2	0	-0.3	0	0	0	61.656292	710.648071	7.227639	-0.087427	0	0.163125	-9.00E-06	-0.851509	-2.00E-06
5.812	0	0	0	0.2	0	-0.3	0	0	0	61.656292	710.648071	6.600919	-0.087427	0	0.163125	-9.00E-06	-0.690857	-4.00E-06
5.813	0	0	0	0.2	0	-0.3	0	0	0	61.657738	711.685669	6.444215	-0.087329	0	0.163162	-9.00E-06	-0.690857	-4.00E-06
5.814	0	0	0	0.2	0	-0.3	0	0	0	62.046272	711.871521	6.287633	-0.087441	0	0.163289	-4.00E-06	-0.814468	-4.00E-06
5.815	0	0	0	0.2	0	-0.3	0	0	0	62.046272	711.871521	5.269055	-0.087329	0	0.163289	-1.00E-06	-0.837632	-2.00E-06
5.816	0	0	0	0.2	0	-0.3	0	0	0	61.889126	713.242432	4.563844	-0.087285	0	0.163289	-4.00E-06	-0.814468	-2.00E-06
5.817	0	0	0	0.2	0	-0.3	0	0	0	61.657738	713.242432	4.563844	-0.087285	0	0.162819	-2.00E-06	-0.702553	-2.00E-06
5.818	0	0	0	0.2	0	-0.3	0	0	0	61.657738	713.242432	4.407182	-0.087291	0	0.163581	-3.00E-06	-0.64205	-5.00E-06
5.819	0	0	0	0.2	0	-0.3	0	0	0	61.889843	712.201294	4.407182	-0.087291	0	0.16373	-2.00E-06	-0.700121	-5.00E-06
5.82	0	0	0	0.2	0	-0.3	0	0	0	61.889843	712.201294	3.702042	-0.087154	0	0.16373	-3.00E-06	-0.700121	-5.00E-06
5.821	0	0	0	0.2	0	-0.3	0	0	0	61.654125	711.871155	3.310273	-0.08706	0	0.162768	-5.00E-06	-0.718619	1.00E-06
5.822	0	0	0	0.2	0	-0.3	0	0	0	61.654125	711.180725	3.231858	-0.087108	0	0.162768	-7.00E-06	-0.765642	1.00E-06
5.823	0	0	0	0.2	0	-0.3	0	0	0	61.654125	711.871155	2.840127	-0.0871	0	0.163085	-5.00E-06	-0.765642	-5.00E-06
5.824	0	0	0	0.2	0	-0.3	0	0	0	61.419128	712.723633	2.526841	-0.087108	0	0.163114	-3.00E-06	-0.667583	-5.00E-06
5.825	0	0	0	0.2	0	-0.3	0	0	0	61.419128	712.723633	2.526841	-0.087242	0	0.163114	-3.00E-06	-0.667583	-4.00E-06
5.826	0	0	0	0.2	0	-0.3	0	0	0	61.652687	708.087219	2.526841	-0.087242	0	0.162295	-9.00E-06	-0.640159	-4.00E-06
5.827	0	0	0	0.2	0	-0.3	0	0	0	61.970581	708.087219	2.213403	-0.087236	0	0.162295	-9.00E-06	-0.640159	-5.00E-06
5.828	0	0	0	0.2	0	-0.3	0	0	0	61.970581	709.967224	1.429894	-0.086959	0	0.163065	-7.00E-06	-0.640159	-7.00E-06
5.829	0	0	0	0.2	0	-0.3	0	0	0	62.04266	709.967224	1.116372	-0.086959	0	0.163065	-6.00E-06	-0.739597	-7.00E-06
5.83	0	0	0	0.2	0	-0.3	0	0	0	61.888405	709.967224	0.489728	-0.086959	0	0.162654	-3.00E-06	-0.739597	-6.00E-06
5.831	0	0	0	0.2	0	-0.3	0	0	0	61.809109	708.596313	0.097951	-0.086629	0	0.162542	-3.00E-06	-0.698041	-4.00E-06
5.832	0	0	0	0.2	0	-0.3	0	0	0	61.654125	709.645874	-0.058829	-0.086971	0	0.162215	-3.00E-06	-0.6662	-3.00E-06
5.833	0	0	0	0.2	0	-0.3	0	0	0	61.654125	709.645874	-0.215491	-0.086878	0	0.162215	-3.00E-06	-0.6662	1.00E-06
5.834	0	0	0	0.2	0	-0.3	0	0	0	62.279823	710.149658	-0.528812	-0.086878	0	0.162215	-2.00E-06	-0.730243	1.00E-06
5.835	0	0	0	0.2	0	-0.3	0	0	0	62.279823	710.149658	-1.704253	-0.086581	0	0.161892	-2.00E-06	-0.730243	0.00E+00
5.836	0	0	0	0.2	0	-0.3	0	0	0	61.261986	709.451477	-2.252769	-0.086581	0	0.161892	-8.00E-06	-0.4605	0
5.837	0	0	0	0.2	0	-0.3	0	0	0	61.261986	708.44165	-2.252769	-0.086664	0	0.161787	-8.00E-06	-0.4605	1.00E-06
5.838	0	0	0	0.2	0	-0.3	0	0	0	61.734863	709.451477	-2.252769	-0.086664	0	0.162659	-8.00E-06	-0.490732	1.00E-06
5.839	0	0	0	0.2	0	-0.3	0	0	0	62.279099	707.911316	-2.487597	-0.086501	0	0.162355	-6.00E-06	-0.604265	-1.00E-06
5.84	0	0	0	0.2	0	-0.3	0	0	0	62.279099	707.911316	-3.349513	-0.086426	0	0.162355	-6.00E-06	-0.685153	-1.00E-06
5.841	0	0	0	0.2	0	-0.3	0	0	0	62.043381	704.135071	-3.349639	-0.086408	0	0.161107	-8.00E-06	-0.685153	-1.00E-06
5.842	0	0	0	0.2	0	-0.3	0	0	0	62.043381	704.135071	-3.349639	-0.086408	0	0.161107	-9.00E-06	-0.619294	3.00E-06
5.843	0	0	0	0.2	0	-0.3	0	0	0	62.276936	707.221191	-3.741492	-0.086644	0	0.162522	-8.00E-06	-0.619294	-4.00E-06
5.844	0	0	0	0.2	0	-0.3	0	0	0	62.43985	707.221191	-4.603206	-0.086644	0	0.162522	-6.00E-06	-0.543057	0.00E+00
5.845	0	0	0	0.2	0	-0.3	0	0	0	62.43985	705.316528	-4.838157	-0.085965	0	0.161658	-6.00E-06	-0.680842	-3.00E-06
5.846	0	0	0	0.2	0	-0.3	0	0	0	62.513374	701.885498	-5.151759	-0.085965	0	0.161478	-2.00E-06	-0.681176	-3.00E-06
5.847	0	0	0	0.2	0	-0.3	0	0	0	62.594109	701.885498	-5.230052	-0.086026	0	0.160929	-2.00E-06	-0.681176	-3.00E-06
5.848	0	0	0	0.2	0	-0.3	0	0	0	62.594109	702.585571	-6.013515	-0.08618	0	0.160929	-2.00E-06	-0.629866	-1.00E-06
5.849	0	0	0	0.2	0	-0.3	0	0	0	62.90696	702.585571	-6.640483	-0.08618	0	0.160929	-6.00E-06	-0.629866	-1.00E-06
5.85	0	0	0	0.2	0	-0.3	0	0	0	62.90696	701.721191	-6.640483	-0.08618	0	0.161133	-6.00E-06	-0.629866	-5.00E-06
5.851	0	0	0	0.2	0	-0.3	0	0	0	62.746204	701.721191	-7.267249	-0.086272	0	0.161133	-1.10E-05	-0.661975	-5.00E-06
5.852	0	0	0	0.2	0	-0.3	0	0	0	62.436966	701.721191	-7.50212	-0.086286	0	0.161133	-6.00E-06	-0.638167	-5.00E-06
5.853	0	0	0	0.2	0	-0.3	0	0	0	62.746204	701.206299	-7.580771	-0.086286	0	0.161019	-7.00E-06	-0.638167	-2.00E-06
5.854	0	0	0	0.2	0	-0.3	0	0	0	62.592667	700.337585	-7.658862	-0.086042	0	0.161019	-6.00E-06	-0.591858	-5.00E-06
5.855	0	0	0	0.2	0	-0.3	0	0	0	62.592667	700.337585	-7.972507	-0.086042	0	0.161019	-7.00E-06	-0.57295	-2.00E-06
5.856	0	0	0	0.2	0	-0.3	0	0	0	62.516258	700.151611	-9.539477	-0.086016	0	0.160737	-7.00E-06	-0.57295	-4.00E-06
5.857	0	0	0	0.2	0	-0.3	0	0	0	62.516258	699.823792	-9.539641	-0.086051	0	0.160737	-7.00E-06	-0.57295	-2.00E-06
5.858	0	0	0	0.2	0	-0.3	0	0	0	62.516258	699.818726	-9.539641	-0.086108	0	0.161396	-7.00E-06	-0.580193	-1.00E-06
5.859	0	0	0	0.2	0	-0.3	0	0	0	62.359116	698.615295	-9.931533	-0.086108	0	0.161396	-1.00E-06	-0.580193	-1.00E-06
5.86	0	0	0	0.2	0	-0.3	0	0	0	62.359116	697.401794	-9.931533	-0.085996	0	0.161105	-4.00E-06	-0.560154	-4.00E-06
5.861	0	0	0	0.2	0	-0.3	0	0	0	62.122677	697.401794	-10.244735	-0.085799	0	0.160983	-4.00E-06	-0.547533	-4.00E-06
5.862	0	0	0	0.2	0	-0.3	0	0	0	62.280544	697.401794	-10.244735	-0.085799	0	0.160323	-6.00E-06	-0.544844	-3.00E-06
5.863	0	0	0	0.2	0	-0.3	0	0	0	62.280544	697.598511	-11.10657	-0.085763	0	0.160323	-6.00E-06	-0.500895	-3.00E-06
5.864	0	0	0	0.2	0	-0.3	0	0	0	62.280544	697.598511	-11.498343	-0.085755	0	0.160323	-1.00E-06	-0.500895	-3.00E-06
5.865	0	0	0	0.2	0	-0.3	0	0	0	62.281265	695.006836	-11.498343	-0.085755	0	0.16009	-1.00E-06	-0.628718	0.00E+00
5.866	0	0	0	0.2	0	-0.3	0	0	0	62.04266	693.119507	-11.263434	-0.085681	0	0.16009	-2.00E-06	-0.628718	0
5.867	0	0	0	0.2	0	-0.3	0	0	0	61.891289	693.119507	-11.263434	-0.085874	0	0.160364	-6.00E-06	-0.450542	0.00E+00
5.868	0	0	0	0.2	0	-0.3	0	0	0	61.891289	693.97229	-11.733619	-0.085874	0	0.160371	-6.00E-06	-0.450542	-1.00E-06
5.869	0	0	0	0.2	0	-0.3	0	0	0	62.280544	693.97229	-12.360343	-0.085874	0	0.160371	-1.00E-06	-0.488991	-3.00E-06
5.87	0	0	0	0.2	0	-0.3	0	0	0	62.280544	693.448853	-12.438636	-0.085669	0	0.160162	-1.00E-06	-0.488991	-1.00E-06
5.871	0	0	0	0.2	0	-0.3	0	0	0	61.42202	691.912903	-12.987067	-0.085669	0	0.160064	-3.00E-06	-0.335756	-3.00E-06
5.872	0	0	0	0.2	0	-0.3	0	0	0	61.42202	691.912903	-12.987185	-0.085669	0	0.160064	-5.00E-06	-0.335756	-3.00E-06
5.873	0	0	0	0.2	0	-0.3	0	0	0	61.968414	691.912903	-13.143847	-0.08564	0	0.159758	-3.00E-06	-0.438578	-5.00E-06
5.874	0	0	0	0.2	0	-0.3	0	0	0	61.968414	691.564209	-13.457252	-0.08564	0	0.160491	-4.00E-06	-0.552788	-5.00E-06
5.875	0	0	0	0.2	0	-0.3	0	0	0	61.494095	691.380615	-14.319369	-0.085842	0	0.160267	-3.00E-06	-0.438578	-5.00E-06
5.876	0	0	0	0.2	0	-0.3	0	0	0	60.327774	691.564209	-14.39762	-0.085917	0	0.160267	-3.00E-06	-0.226598	-3.00E-06
5.877	0	0	0	0.2	0	-0.3	0	0	0	60.327774	691.741699	-14.789313	-0.085917	0	0.160267	-3.00E-06	-0.192524	-2.00E-06
5.878	0	0	0	0.2	0	-0.3	0	0	0	61.574837	691.741699	-14.554442	-0.085917	0	0.160324	-5.00E-06	-0.192524	-2.00E-06
5.879	0	0	0	0.2	0	-0.3	0	0	0	61.574837	690.860291	-14.867442	-0.085567	0	0.160324	-9.00E-06	-0.258465	-3.00E-06
5.88	0	0	0	0.2	0	-0.3	0	0	0	61.02771	688.108521	-15.57286	-0.085426	0	0.159578	-5.00E-06	-0.35889	-4.00E-06
5.881	0	0	0	0.2	0	-0.3	0	0	0	61.02771	688.108521	-15.72948	-0.085369	0	0.159578	-1.00E-06	-0.35889	-5.00E-06
5.882	0	0	0	0.2	0	-0.3	0	0	0	61.02771	688.280151	-15.729602	-0.085426	0	0.159854	-1.00E-06	-0.35889	-4.00E-06
5.883	0	0	0	0.2	0	-0.3	0	0	0	61.026989	689.490967	-16.121296	-0.085604	0	0.159931	-8.00E-06	-0.289757	-2.00E-06
5.884	0	0	0	0.2	0	-0.3	0	0	0	61.026989	689.490967	-16.434738	-0.085604	0	0.159931	-8.00E-06	-0.289757	-2.00E-06
5.885	0	0	0	0.2	0	-0.3	0	0	0	61.576275	686.209229	-16.434738	-0.08463	0	0.159266	-8.00E-06	-0.368323	-3.00E-06
5.886	0	0	0	0.2	0	-0.3	0	0	0	61.576275	686.209229	-16.669849	-0.08463	0	0.159243	-4.00E-06	-0.384862	-5.00E-06
5.887	0	0	0	0.2	0	-0.3	0	0	0	61.340557	686.395508	-16.669891	-0.085312	0	0.159116	-4.00E-06	-0.413107	-5.00E-06
5.888	0	0	0	0.2	0	-0.3	0	0	0	61.340557	686.395508	-18.001911	-0.085312	0	0.159243	-8.00E-06	-0.413107	-5.00E-06
5.889	0	0	0	0.2	0	-0.3	0	0	0	61.340557	686.384277	-18.080406	-0.085312	0	0.159547	-8.00E-06	-0.36163	-5.00E-06
5.89	0	0	0	0.2	0	-0.3	0	0	0	60.791992	686.043274	-18.471935	-0.085064	0	0.159547	-5.00E-06	-0.36163	-4.00E-06
5.891	0	0	0	0.2	0	-0.3	0	0	0	60.791992	686.043274	-18.471935	-0.085322	0	0.15906	-1.00E-06	-0.36163	-4.00E-06
5.892	0	0	0	0.2	0	-0.3	0	0	0	60.791992	686.050293	-18.550426	-0.08534	0	0.15906	-5.00E-06	-0.300415	-4.00E-06
5.893	0	0	0	0.2	0	-0.3	0	0	0	61.183411	686.050293	-18.70705	-0.08534	0	0.15906	-8.00E-06	-0.300415	-1.00E-06
5.894	0	0	0	0.2	0	-0.3	0	0	0	61.419128	683.646057	-19.569004	-0.085141	0	0.159022	-8.00E-06	-0.381027	-1.00E-06
5.895	0	0	0	0.2	0	-0.3	0	0	0	61.183411	683.646057	-20.039272	-0.085141	0	0.159022	-3.00E-06	-0.381027	-3.00E-06
5.896	0	0	0	0.2	0	-0.3	0	0	0	61.184135	685.705078	-20.665955	-0.085141	0	0.158811	-3.00E-06	-0.455235	-3.00E-06
5.897	0	0	0	0.2	0	-0.3	0	0	0	61.108448	685.705078	-20.665955	-0.085157	0	0.159046	-3.00E-06	-0.258026	0.00E+00
5.898	0	0	0	0.2	0	-0.3	0	0	0	61.184135	685.539185	-20.744564	-0.085157	0	0.159046	-2.00E-06	-0.267915	0
5.899	0	0	0	0.2	0	-0.3	0	0	0	61.108448	684.6604	-21.21447	-0.085157	0	0.159046	-7.00E-06	-0.267915	-1.00E-06
5.9	0	0	0	0.2	0	-0.3	0	0	0	61.029156	682.774292	-21.606445	-0.08501	0	0.158682	-7.00E-06	-0.267915	-1.00E-06
5.901	0	0	0	0.2	0	-0.3	0	0	0	61.029156	682.774292	-22.076389	-0.08501	0	0.158682	-7.00E-06	-0.344194	0
5.902	0	0	0	0.2	0	-0.3	0	0	0	61.185577	683.803406	-22.154919	-0.08501	0	0.158865	-4.00E-06	-0.297385	0
5.903	0	0	0	0.2	0	-0.3	0	0	0	61.185577	683.809937	-22.546654	-0.085221	0	0.159036	-4.00E-06	-0.297385	-2.00E-06
5.904	0	0	0	0.2	0	-0.3	0	0	0	61.109169	683.803406	-23.721893	-0.084865	0	0.159036	-4.00E-06	-0.237006	-2.00E-06
5.905	0	0	0	0.2	0	-0.3	0	0	0	61.109169	681.568115	-23.800262	-0.084865	0	0.158687	-9.00E-06	-0.237006	-2.00E-06
5.906	0	0	0	0.2	0	-0.3	0	0	0	61.656292	680.716064	-23.878712	-0.084865	0	0.158185	-1.00E-05	-0.301087	-1.00E-06
5.907	0	0	0	0.2	0	-0.3	0	0	0	61.891289	680.716064	-23.878712	-0.084959	0	0.158185	-1.00E-05	-0.301087	-3.00E-06
5.908	0	0	0	0.2	0	-0.3	0	0	0	61.891289	681.396484	-24.975746	-0.084959	0	0.158827	-1.00E-05	-0.301087	-1.00E-06
5.909	0	0	0	0.2	0	-0.3	0	0	0	61.655575	681.396484	-25.44585	-0.084754	0	0.158827	-7.00E-06	-0.309301	-3.00E-06
5.91	0	0	0	0.2	0	-0.3	0	0	0	61.579166	681.396484	-25.837582	-0.084754	0	0.158608	-7.00E-06	-0.309301	-2.00E-06
5.911	0	0	0	0.2	0	-0.3	0	0	0	61.579166	681.078247	-26.386135	-0.084967	0	0.157151	-1.00E-06	-0.309301	-3.00E-06
5.912	0	0	0	0.2	0	-0.3	0	0	0	61.969143	682.093872	-26.777668	-0.084981	0	0.158556	-8.00E-06	-0.319435	-3.00E-06
5.913	0	0	0	0.2	0	-0.3	0	0	0	61.969864	681.914062	-26.777832	-0.084981	0	0.158556	-7.00E-06	-0.322091	-3.00E-06
5.914	0	0	0	0.2	0	-0.3	0	0	0	62.669804	681.914062	-27.012981	-0.085289	0	0.158556	-8.00E-06	-0.402161	-4.00E-06
5.915	0	0	0	0.2	0	-0.3	0	0	0	62.669804	681.914062	-27.796608	-0.085011	0	0.158303	-7.00E-06	-0.402161	-2.00E-06
5.916	0	0	0	0.2	0	-0.3	0	0	0	61.812717	682.60498	-28.658485	-0.085289	0	0.15804	-8.00E-06	-0.248644	-3.00E-06
5.917	0	0	0	0.2	0	-0.3	0	0	0	61.812717	682.60498	-28.893318	-0.085011	0	0.15808	-5.00E-06	-0.248644	-3.00E-06
5.918	0	0	0	0.2	0	-0.3	0	0	0	62.360561	682.263977	-29.363659	-0.085087	0	0.15804	-5.00E-06	-0.248644	-3.00E-06
5.919	0	0	0	0.2	0	-0.3	0	0	0	62.360561	681.412292	-29.833645	-0.084883	0	0.15808	-4.00E-06	-0.348506	-3.00E-06
5.92	0	0	0	0.2	0	-0.3	0	0	0	62.359119	681.396851	-30.068798	-0.084795	0	0.157917	-2.00E-06	-0.316251	-3.00E-06
5.921	0	0	0	0.2	0	-0.3	0	0	0	62.359119	681.396851	-30.695641	-0.084795	0	0.157333	-2.00E-06	-0.316251	-3.00E-06
5.922	0	0	0	0.2	0	-0.3	0	0	0	62.441299	681.588989	-30.773933	-0.084816	0	0.157333	-2.00E-06	-0.296052	-1.00E-06
5.923	0	0	0	0.2	0	-0.3	0	0	0	62.441299	681.588989	-31.009125	-0.084816	0	0.157929	-2.00E-06	-0.248396	-1.00E-06
5.924	0	0	0	0.2	0	-0.3	0	0	0	61.97131	681.227173	-32.576138	-0.084816	0	0.157929	-7.00E-06	-0.274099	-4.00E-06
5.925	0	0	0	0.2	0	-0.3	0	0	0	61.97131	678.660156	-32.576138	-0.084599	0	0.157551	-8.00E-06	-0.213653	-4.00E-06
5.926	0	0	0	0.2	0	-0.3	0	0	0	62.90913	678.660156	-32.576138	-0.08477	0	0.157131	-7.00E-06	-0.274099	-3.00E-06
5.927	0	0	0	0.2	0	-0.3	0	0	0	63.147007	680.725342	-33.203106	-0.08477	0	0.157126	-9.00E-06	-0.420113	-3.00E-06
5.928	0	0	0	0.2	0	-0.3	0	0	0	63.065548	680.725342	-33.986576	-0.08477	0	0.157126	-7.00E-06	-0.420113	-3.00E-06
5.929	0	0	0	0.2	0	-0.3	0	0	0	63.065548	679.50293	-34.456631	-0.084638	0	0.156909	-6.00E-06	-0.34493	-4.00E-06
5.93	0	0	0	0.2	0	-0.3	0	0	0	62.597	679.50293	-34.770161	-0.084638	0	0.157153	-3.00E-06	-0.295161	-3.00E-06
5.931	0	0	0	0.2	0	-0.3	0	0	0	62.597	681.590454	-35.005146	-0.084886	0	0.157153	-3.00E-06	-0.245211	-4.00E-06
5.932	0	0	0	0.2	0	-0.3	0	0	0	62.597	681.590454	-35.396843	-0.084886	0	0.157153	-5.00E-06	-0.295161	-1.00E-06
5.933	0	0	0	0.2	0	-0.3	0	0	0	62.83128	680.203857	-35.632114	-0.08459	0	0.157019	-5.00E-06	-0.378663	-1.00E-06
5.934	0	0	0	0.2	0	-0.3	0	0	0	63.455528	680.203857	-35.867146	-0.084551	0	0.157019	-5.00E-06	-0.413173	-1.00E-06
5.935	0	0	0	0.2	0	-0.3	0	0	0	63.455528	679.854736	-36.650696	-0.084528	0	0.157019	-2.00E-06	-0.413173	-3.00E-06
5.936	0	0	0	0.2	0	-0.3	0	0	0	63.220531	680.367004	-37.355915	-0.084528	0	0.157208	-2.00E-06	-0.293686	-3.00E-06
5.937	0	0	0	0.2	0	-0.3	0	0	0	63.220531	682.770386	-37.90443	-0.084419	0	0.157852	-1.00E-06	-0.293686	-2.00E-06
5.938	0	0	0	0.2	0	-0.3	0	0	0	63.220531	682.770386	-37.982513	-0.084419	0	0.157852	-1.00E-06	-0.341344	1.00E-06
5.939	0	0	0	0.2	0	-0.3	0	0	0	63.848392	678.31958	-38.922924	-0.084419	0	0.156405	-6.00E-06	-0.341344	1.00E-06
5.94	0	0	0	0.2	0	-0.3	0	0	0	63.222698	678.31958	-38.923	-0.084641	0	0.156405	-6.00E-06	-0.341344	-3.00E-06
5.941	0	0	0	0.2	0	-0.3	0	0	0	63.222698	680.555237	-38.923	-0.084709	0	0.156535	-6.00E-06	-0.354703	-3.00E-06
5.942	0	0	0	0.2	0	-0.3	0	0	0	63.222698	681.072876	-39.941624	-0.084767	0	0.157134	-6.00E-06	-0.354703	-1.00E-06
5.943	0	0	0	0.2	0	-0.3	0	0	0	63.298382	681.072876	-41.116947	-0.084709	0	0.157261	-7.00E-06	-0.359039	-1.00E-06
5.944	0	0	0	0.2	0	-0.3	0	0	0	63.299824	680.71106	-41.273769	-0.084348	0	0.157261	-7.00E-06	-0.36581	-3.00E-06
5.945	0	0	0	0.2	0	-0.3	0	0	0	63.299824	679.881409	-41.273769	-0.084348	0	0.155816	-7.00E-06	-0.41238	-3.00E-06
5.946	0	0	0	0.2	0	-0.3	0	0	0	63.533379	679.881409	-42.05711	-0.08458	0	0.155816	-1.00E-06	-0.36581	-2.00E-06
5.947	0	0	0	0.2	0	-0.3	0	0	0	63.533379	680.210449	-42.292179	-0.084622	0	0.156098	-7.00E-06	-0.363139	-2.00E-06
5.948	0	0	0	0.2	0	-0.3	0	0	0	63.533379	680.384277	-42.605824	-0.08458	0	0.156819	-3.00E-06	-0.298311	-3.00E-06
5.949	0	0	0	0.2	0	-0.3	0	0	0	63.224865	680.210449	-42.919308	-0.084434	0	0.156476	-6.00E-06	-0.277249	-3.00E-06
5.95	0	0	0	0.2	0	-0.3	0	0	0	62.912735	679.346741	-43.937687	-0.084345	0	0.156476	-3.00E-06	-0.277249	-3.00E-06
5.951	0	0	0	0.2	0	-0.3	0	0	0	62.912735	679.346741	-44.094509	-0.084434	0	0.156476	-2.00E-06	-0.277249	-3.00E-06
5.952	0	0	0	0.2	0	-0.3	0	0	0	63.767651	679.674561	-44.408031	-0.084345	0	0.156574	-2.00E-06	-0.432172	-4.00E-06
5.953	0	0	0	0.2	0	-0.3	0	0	0	63.769817	679.674561	-45.426655	-0.084336	0	0.156574	-2.00E-06	-0.435434	-5.00E-06
5.954	0	0	0	0.2	0	-0.3	0	0	0	63.769817	677.971985	-45.740097	-0.084336	0	0.156441	-2.00E-06	-0.435434	-5.00E-06
5.955	0	0	0	0.2	0	-0.3	0	0	0	63.769817	677.971985	-45.975208	-0.084818	0	0.156441	-3.00E-06	-0.435434	-4.00E-06
5.956	0	0	0	0.2	0	-0.3	0	0	0	63.379116	680.558716	-46.366898	-0.084827	0	0.15651	-3.00E-06	-0.40033	-3.00E-06
5.957	0	0	0	0.2	0	-0.3	0	0	0	63.379116	681.412292	-47.620708	-0.084827	0	0.156753	-3.00E-06	-0.40033	-1.00E-06
5.958	0	0	0	0.2	0	-0.3	0	0	0	63.849831	680.558716	-47.777493	-0.084704	0	0.15651	-4.00E-06	-0.40894	-1.00E-06
5.959	0	0	0	0.2	0	-0.3	0	0	0	63.849831	676.768188	-47.777493	-0.084189	0	0.155624	-4.00E-06	-0.455045	-1.00E-06
5.96	0	0	0	0.2	0	-0.3	0	0	0	63.849831	676.768188	-48.63945	-0.084189	0	0.155597	-6.00E-06	-0.42271	-3.00E-06
5.961	0	0	0	0.2	0	-0.3	0	0	0	63.851276	677.797668	-49.42284	-0.084189	0	0.155597	-8.00E-06	-0.42271	-3.00E-06
5.962	0	0	0	0.2	0	-0.3	0	0	0	63.851276	677.797668	-49.658031	-0.08427	0	0.155833	-8.00E-06	-0.370503	-3.00E-06
5.963	0	0	0	0.2	0	-0.3	0	0	0	63.77198	678.135132	-49.893147	-0.084133	0	0.156162	-7.00E-06	-0.370503	-3.00E-06
5.964	0	0	0	0.2	0	-0.3	0	0	0	63.533379	676.934814	-50.99017	-0.08427	0	0.155833	-4.00E-06	-0.418112	-2.00E-06
5.965	0	0	0	0.2	0	-0.3	0	0	0	63.533379	674.011719	-50.99017	-0.08403	0	0.155141	-2.00E-06	-0.424227	-2.00E-06
5.966	0	0	0	0.2	0	-0.3	0	0	0	64.087708	674.011719	-51.303532	-0.084324	0	0.155141	-4.00E-06	-0.418112	-2.00E-06
5.967	0	0	0	0.2	0	-0.3	0	0	0	64.315498	676.405945	-51.851929	-0.084045	0	0.155871	-1.00E-06	-0.445035	-2.00E-06
5.968	0	0	0	0.2	0	-0.3	0	0	0	64.315498	676.405945	-52.714169	-0.08409	0	0.155871	-6.00E-06	-0.443157	-3.00E-06
5.969	0	0	0	0.2	0	-0.3	0	0	0	64.23909	675.735596	-53.027607	-0.084045	0	0.155312	-3.00E-06	-0.479008	-3.00E-06
5.97	0	0	0	0.2	0	-0.3	0	0	0	64.164124	675.04895	-53.732548	-0.08409	0	0.154991	-4.00E-06	-0.479008	-3.00E-06
5.971	0	0	0	0.2	0	-0.3	0	0	0	64.164124	675.04895	-54.594746	-0.084143	0	0.155312	-3.00E-06	-0.479008	-2.00E-06
5.972	0	0	0	0.2	0	-0.3	0	0	0	64.164124	675.723999	-54.673077	-0.084353	0	0.155523	-4.00E-06	-0.494063	-2.00E-06
5.973	0	0	0	0.2	0	-0.3	0	0	0	64.473366	675.723999	-54.986481	-0.084353	0	0.155523	-2.00E-06	-0.607335	-2.00E-06
5.974	0	0	0	0.2	0	-0.3	0	0	0	64.473366	673.159668	-55.378376	-0.083948	0	0.154312	-5.00E-06	-0.607335	-3.00E-06
5.975	0	0	0	0.2	0	-0.3	0	0	0	63.772701	673.159668	-56.475239	-0.083948	0	0.154312	-5.00E-06	-0.454784	-5.00E-06
5.976	0	0	0	0.2	0	-0.3	0	0	0	63.772701	674.34613	-56.632061	-0.084219	0	0.155553	-7.00E-06	-0.454784	-7.00E-06
5.977	0	0	0	0.2	0	-0.3	0	0	0	64.163406	675.220581	-57.807423	-0.084219	0	0.155553	-7.00E-06	-0.488011	-7.00E-06
5.978	0	0	0	0.2	0	-0.3	0	0	0	64.395515	674.34613	-58.042534	-0.084156	0	0.155305	-7.00E-06	-0.556561	-6.00E-06
5.979	0	0	0	0.2	0	-0.3	0	0	0	64.395515	673.825073	-58.042774	-0.084135	0	0.155282	-9.00E-06	-0.556561	-2.00E-06
5.98	0	0	0	0.2	0	-0.3	0	0	0	63.851997	671.611816	-58.66946	-0.084015	0	0.153754	-6.00E-06	-0.513646	-3.00E-06
5.981	0	0	0	0.2	0	-0.3	0	0	0	63.537708	671.611816	-58.982746	-0.084135	0	0.153754	-6.00E-06	-0.513646	-2.00E-06
5.982	0	0	0	0.2	0	-0.3	0	0	0	63.851997	672.118225	-59.68816	-0.08399	0	0.154752	-6.00E-06	-0.526619	-2.00E-06
5.983	0	0	0	0.2	0	-0.3	0	0	0	63.378399	674.874634	-60.236553	-0.084094	0	0.154752	-7.00E-06	-0.581958	-1.00E-06
5.984	0	0	0	0.2	0	-0.3	0	0	0	63.925518	672.118225	-61.568737	-0.083983	0	0.15475	-7.00E-06	-0.581958	-1.00E-06
5.985	0.6509	25.53896	-9.158638	0.198865	0	-0.310321	0	0.469716	0	63.925518	670.735352	-63.13583	-0.083894	0	0.154654	-7.00E-06	-0.581958	-5.00E-06
5.986	0.6509	37.443947	-9.629585	0.194439	0	-0.310997	0	0.568342	0	64.714134	670.735352	-63.919334	-0.083894	0	0.15475	-8.00E-06	-0.522098	-5.00E-06
5.987	0.6509	37.443947	-9.629585	0.194439	0	-0.310997	0	0.568342	0	64.714134	671.077087	-66.427032	-0.083667	0	0.154939	-8.00E-06	-0.522098	-4.00E-06
5.988	0.102335	37.443947	-9.629585	0.194439	0	-0.310321	0	0.568342	0	64.629791	671.077087	-67.288795	-0.083619	0	0.154939	-6.00E-06	-0.522098	-4.00E-06
5.989	0.102335	46.424377	-9.629585	0.190161	0	-0.299499	1.00E-06	0.568342	1.00E-06	63.772701	671.093384	-67.367165	-0.083619	0	0.153769	-4.00E-06	-0.510332	-4.00E-06
5.99	0.34166	49.354713	-12.607031	0.188443	0	-0.299499	1.00E-06	0.488034	1.00E-06	63.772701	670.227417	-67.915596	-0.084018	0	0.153673	-6.00E-06	-0.510332	-5.00E-06
5.991	2.605834	51.93676	-16.759596	0.186196	0	-0.30108	1.00E-06	0.418342	1.00E-06	63.849113	670.227417	-68.699265	-0.084018	0	0.153673	-7.00E-06	-0.599877	-4.00E-06
5.992	3.703685	59.338814	-19.658913	0.180115	0	-0.301992	1.00E-06	0.363424	1.00E-06	64.084831	670.216553	-70.266479	-0.084018	0	0.153865	-7.00E-06	-0.599877	-5.00E-06
5.993	5.582932	70.01255	-20.051327	0.180115	0	-0.304676	1.00E-06	0.363424	0.00E+00	64.400566	669.870178	-72.068687	-0.083878	0	0.153865	-7.00E-06	-0.599877	-3.00E-06
5.994	6.055089	82.251541	-20.051327	0.182282	0	-0.304676	1.00E-06	0.32113	0	64.400566	667.635376	-72.460464	-0.083862	0	0.153698	-7.00E-06	-0.508372	-6.00E-06
5.995	6.055089	91.391266	-20.051327	0.182282	0	-0.302899	1.00E-06	0.459149	0	63.307041	667.635376	-73.087585	-0.083862	0	0.153698	-5.00E-06	-0.462733	1.00E-06
5.996	6.454446	97.260452	-21.775646	0.18304	0	-0.299375	1.00E-06	0.413177	1.00E-06	63.307041	668.676392	-73.165596	-0.08394	0	0.153882	-5.00E-06	-0.462733	-6.00E-06
5.997	6.848029	102.099724	-23.10791	0.18304	0	-0.299355	1.00E-06	0.418614	1.00E-06	63.617725	668.676392	-73.244171	-0.08394	0	0.154321	-4.00E-06	-0.494875	-4.00E-06
5.998	7.551575	105.204819	-24.831665	0.18304	0	-0.299355	2.00E-06	0.414944	1.00E-06	63.617725	667.793457	-73.55777	-0.083695	0	0.154321	-7.00E-06	-0.494875	-4.00E-06
5.999	7.70872	113.643272	-24.831665	0.181975	0	-0.300525	4.00E-06	0.414944	1.00E-06	63.145565	665.741333	-74.889473	-0.083558	0	0.153511	-4.00E-06	-0.443526	-4.00E-06
6	8.18232	120.352539	-24.283714	0.181229	0	-0.30202	2.00E-06	0.38994	1.00E-06	62.442745	665.724792	-75.203316	-0.083499	0	0.153248	-4.00E-06	-0.443526	-3.00E-06
6.001	8.18232	128.274521	-21.619711	0.1807	0	-0.30202	2.00E-06	0.337146	2.00E-06	62.442745	665.724792	-75.203316	-0.083499	0	0.153511	-4.00E-06	-0.488091	-3.00E-06
6.002	6.935261	135.67926	-19.739576	0.181229	0	-0.301461	2.00E-06	0.337146	1.00E-06	62.598446	664.866943	-75.203316	-0.083638	0	0.153965	-4.00E-06	-0.557032	-2.00E-06
6.003	6.782445	139.308914	-16.997364	0.181347	0	-0.30101	1.00E-06	0.317256	2.00E-06	62.598446	664.866943	-75.830406	-0.083638	0	0.153965	-4.00E-06	-0.501594	0
6.004	6.628186	147.576492	-13.785048	0.181347	0	-0.299239	2.00E-06	0.309668	2.00E-06	61.190636	662.814087	-76.143845	-0.08359	0	0.153239	-6.00E-06	-0.501594	0.00E+00
6.005	6.08323	147.579987	-11.277906	0.180767	0	-0.298326	1.00E-06	0.285361	3.00E-06	61.190636	661.769531	-76.535576	-0.08359	0	0.153024	-6.00E-06	-0.501594	-4.00E-06
6.006	5.695418	154.815765	-8.300543	0.180482	0	-0.298326	3.00E-06	0.285361	2.00E-06	61.190636	661.079102	-76.378914	-0.083867	0	0.153024	-6.00E-06	-0.4917	-4.00E-06
6.007	5.619733	158.771729	-4.931847	0.179304	0	-0.297899	2.00E-06	0.182728	2.00E-06	61.033493	659.526917	-76.378914	-0.083951	0	0.153024	-6.00E-06	-0.595014	-3.00E-06
6.008	5.619733	159.644241	-1.562668	0.179304	0	-0.298812	2.00E-06	0.245912	1.00E-06	60.874901	659.199463	-76.378914	-0.083951	0	0.15294	-6.00E-06	-0.637105	-2.00E-06
6.009	5.469803	165.489838	1.101213	0.179304	0	-0.298812	2.00E-06	0.088779	1.00E-06	60.795609	657.462891	-77.476189	-0.083407	0	0.15294	-3.00E-06	-0.637105	-2.00E-06
6.01	5.62334	165.663818	2.981791	0.179452	0	-0.298812	3.00E-06	0.080378	1.00E-06	60.249931	657.461304	-78.259811	-0.083407	0	0.15294	-3.00E-06	-0.542968	-2.00E-06
6.011	5.626948	169.787598	5.802412	0.179181	0	-0.298717	4.00E-06	0.080378	2.00E-06	60.090622	655.053345	-78.416595	-0.083362	0	0.153045	-3.00E-06	-0.542968	-4.00E-06
6.012	5.941238	171.514099	8.93648	0.177934	0	-0.298227	3.00E-06	0.100055	2.00E-06	59.932755	655.037842	-78.416595	-0.083371	0	0.153045	-7.00E-06	-0.63305	-5.00E-06
6.013	5.864109	172.372345	11.757104	0.177934	0	-0.296093	2.00E-06	0.114322	3.00E-06	59.700645	652.286011	-78.416595	-0.083362	0	0.152803	-7.00E-06	-0.666874	-6.00E-06
6.014	6.569098	177.363983	14.107784	0.178018	0	-0.296093	0.00E+00	0.100055	1.00E-06	59.152802	650.731567	-78.808571	-0.083205	0	0.152226	-7.00E-06	-0.665375	-6.00E-06
6.015	7.194791	178.574738	16.379974	0.178018	0	-0.296093	2.00E-06	0.114322	3.00E-06	58.994217	649.021667	-79.04361	-0.083205	0	0.152039	-2.00E-06	-0.665375	-2.00E-06
6.016	7.194791	179.266754	18.41713	0.177793	0	-0.296865	0.00E+00	0.056686	2.00E-06	58.679203	649.021667	-79.592361	-0.083849	0	0.152039	-2.00E-06	-0.647866	-1.00E-06
6.017	7.194791	182.352112	21.394615	0.177432	0	-0.296374	0	0.151275	2.00E-06	57.503498	649.021667	-79.983849	-0.083849	0	0.152557	-2.00E-06	-0.647866	-2.00E-06
6.018	7.040533	186.145325	22.961548	0.177432	0	-0.298236	0.00E+00	0.067641	1.00E-06	57.503498	643.827087	-80.5326	-0.083402	0	0.152557	-1.00E-06	-0.647866	-2.00E-06
6.019	7.432674	188.888962	25.077196	0.177432	0	-0.296639	0.00E+00	0.150684	1.00E-06	56.409981	642.296875	-80.532814	-0.083402	0	0.152236	-1.00E-06	-0.619522	-2.00E-06
6.02	7.432674	192.164169	27.270975	0.177971	0	-0.296639	2.00E-06	0.067641	1.00E-06	56.329964	642.294556	-80.767677	-0.083424	0	0.151851	-3.00E-06	-0.570745	-2.00E-06
6.021	7.432674	194.759705	29.15143	0.176041	0	-0.296639	0.00E+00	0.145954	1.00E-06	56.096413	640.050049	-80.924416	-0.083473	0	0.152236	-4.00E-06	-0.520361	-1.00E-06
6.022	7.357709	200.085754	30.483292	0.177787	0	-0.295837	2.00E-06	0.145954	1.00E-06	55.779232	639.003174	-81.394928	-0.083473	0	0.152536	-3.00E-06	-0.520361	-1.00E-06
6.023	6.965569	204.750702	33.617233	0.176272	0	-0.297011	1.00E-06	0.145954	3.00E-06	55.314293	638.309937	-82.021645	-0.083473	0	0.152536	-2.00E-06	-0.520361	-3.00E-06
6.024	6.34276	208.170502	34.557564	0.176681	0	-0.296007	1.00E-06	0.162378	3.00E-06	54.373585	633.832153	-82.41375	-0.083443	0	0.151861	-2.00E-06	-0.684548	-3.00E-06
6.025	6.34276	212.15274	36.986214	0.176681	0	-0.298231	1.00E-06	0.048494	2.00E-06	54.373585	631.256958	-82.570328	-0.083293	0	0.151637	-4.00E-06	-0.684548	-2.00E-06
6.026	6.34276	222.306885	38.161457	0.176681	0	-0.297009	6.00E-06	0.189568	1.00E-06	53.821415	629.355347	-82.962227	-0.082911	0	0.151637	-8.00E-06	-0.684548	-1.00E-06
6.027	6.036407	224.026459	39.571724	0.17711	0	-0.298124	6.00E-06	0.137282	1.00E-06	53.821415	627.447876	-83.040718	-0.082911	0	0.151636	-8.00E-06	-0.726975	-1.00E-06
6.028	6.036407	231.095963	41.060207	0.176671	0	-0.298124	6.00E-06	0.137282	1.00E-06	53.037853	626.254517	-83.040718	-0.083685	0	0.152314	-6.00E-06	-0.726975	-4.00E-06
6.029	6.036407	237.282562	41.216866	0.176671	0	-0.298998	3.00E-06	0.137282	1.00E-06	52.564976	624.871216	-83.902718	-0.083685	0	0.151636	-6.00E-06	-0.726975	-4.00E-06
6.03	5.491451	244.354431	43.410522	0.176378	0	-0.29986	3.00E-06	0.135983	3.00E-06	52.177166	619.526245	-83.902756	-0.08358	0	0.151079	-6.00E-06	-0.615755	-3.00E-06
6.031	4.872973	255.025818	44.350288	0.176063	0	-0.299028	5.00E-06	0.205897	3.00E-06	51.78286	618.654053	-83.902756	-0.083414	0	0.151079	-4.00E-06	-0.615755	-2.00E-06
6.032	4.872973	264.332611	44.82019	0.176063	0	-0.300563	5.00E-06	0.195301	3.00E-06	51.002907	618.33551	-84.216278	-0.083414	0	0.151907	-3.00E-06	-0.713705	-3.00E-06
6.033	5.350181	273.121674	45.524883	0.176063	0	-0.300563	5.00E-06	0.195301	3.00E-06	50.605713	613.647339	-84.294853	-0.083116	0	0.151907	-3.00E-06	-0.768366	-3.00E-06
6.034	5.42731	284.485046	45.681389	0.176103	0	-0.300994	7.00E-06	0.182205	3.00E-06	49.902168	609.003967	-84.294853	-0.083116	0	0.151495	-3.00E-06	-0.768366	-3.00E-06
6.035	6.371624	293.971924	45.994507	0.176664	0	-0.300994	8.00E-06	0.182205	3.00E-06	49.822872	607.27478	-84.294853	-0.083228	0	0.151219	-5.00E-06	-0.636936	-3.00E-06
6.036	7.079498	305.522034	47.16906	0.176782	0	-0.300994	8.00E-06	0.176102	3.00E-06	48.727188	607.27478	-85.391884	-0.083325	0	0.151477	-6.00E-06	-0.587471	-2.00E-06
6.037	7.784487	316.352356	47.95269	0.177107	0	-0.303124	8.00E-06	0.301177	3.00E-06	48.33144	606.073975	-85.86219	-0.083325	0	0.151253	-6.00E-06	-0.636936	-1.00E-06
6.038	8.568048	327.217407	48.265488	0.177193	0	-0.303414	9.00E-06	0.176102	4.00E-06	47.944347	598.993591	-86.253845	-0.083362	0	0.151253	-3.00E-06	-0.802396	-1.00E-06
6.039	9.121663	333.761536	48.265488	0.177193	0	-0.303559	9.00E-06	0.2587	3.00E-06	47.237915	596.075989	-86.254242	-0.083341	0	0.15007	-3.00E-06	-0.802396	-1.00E-06
6.04	9.668063	342.881622	47.873314	0.177193	0	-0.303559	7.00E-06	0.151008	3.00E-06	46.062935	593.154907	-86.724106	-0.083341	0	0.15007	-2.00E-06	-0.65689	-5.00E-06
6.041	9.828816	351.167328	47.873314	0.176618	0	-0.303559	5.00E-06	0.21475	3.00E-06	45.906513	592.615601	-86.802757	-0.083341	0	0.150497	-2.00E-06	-0.65689	-5.00E-06
6.042	9.985239	357.170746	47.951603	0.176829	0	-0.304786	3.00E-06	0.21475	3.00E-06	45.590782	588.136963	-87.116165	-0.083325	0	0.150497	-2.00E-06	-0.710047	-3.00E-06
6.043	10.452345	363.889648	48.343254	0.176829	0	-0.305289	3.00E-06	0.21475	3.00E-06	45.041492	585.384766	-87.351234	-0.083251	0	0.150497	-3.00E-06	-0.710047	-3.00E-06
6.044	10.455954	370.613525	48.421547	0.176829	0	-0.305594	7.00E-06	0.261995	3.00E-06	44.102234	582.274231	-87.586716	-0.08315	0	0.150346	-8.00E-06	-0.710047	-3.00E-06
6.045	10.772408	374.216248	49.048309	0.177792	0	-0.30622	1.10E-05	-0.030281	2.00E-06	44.102234	575.733887	-87.586716	-0.083092	0	0.149642	-8.00E-06	-0.631586	-4.00E-06
6.046	10.455954	381.621643	49.91011	0.17716	0	-0.307809	1.10E-05	0.224467	2.00E-06	43.080788	573.80365	-87.351395	-0.083092	0	0.149642	-8.00E-06	-0.768706	-3.00E-06
6.047	9.755295	384.026245	50.615082	0.17716	0	-0.307809	6.00E-06	0.199185	2.00E-06	43.080788	573.138306	-87.351395	-0.083204	0	0.149743	-5.00E-06	-0.826638	-3.00E-06
6.048	9.518855	385.75354	52.41753	0.17716	0	-0.307845	6.00E-06	0.199185	4.00E-06	42.061508	566.759155	-87.900192	-0.083204	0	0.149743	-3.00E-06	-0.826638	-3.00E-06
6.049	9.286745	390.570404	52.495579	0.177023	0	-0.308273	0.00E+00	0.190827	5.00E-06	41.357243	561.929871	-88.213837	-0.083123	0	0.149743	-3.00E-06	-0.818002	-3.00E-06
6.05	8.81531	391.778137	53.671303	0.177168	0	-0.308845	8.00E-06	0.190827	5.00E-06	40.807232	561.397095	-88.213837	-0.083123	0	0.149491	-3.00E-06	-0.818002	-3.00E-06
6.051	7.95462	395.395386	54.767967	0.177164	0	-0.308845	1.00E-06	0.244664	5.00E-06	40.257225	556.064087	-87.978928	-0.083201	0	0.150509	-6.00E-06	-0.818002	-3.00E-06
6.052	7.486793	397.794617	56.256611	0.177182	0	-0.309165	4.00E-06	0.244664	7.00E-06	39.790119	553.981873	-87.978928	-0.083201	0	0.149491	-7.00E-06	-0.854858	-1.00E-06
6.053	7.171059	400.898132	56.727119	0.177375	0	-0.309165	3.00E-06	0.244664	3.00E-06	39.080803	546.403564	-87.978928	-0.082701	0	0.149264	-6.00E-06	-0.853312	-1.00E-06
6.054	6.781083	400.898132	58.764072	0.177375	0	-0.309165	4.00E-06	0.166563	3.00E-06	38.378704	539.514832	-87.430618	-0.082701	0	0.149141	-6.00E-06	-0.853312	-1.00E-06
6.055	5.523923	402.111237	58.842728	0.177239	0	-0.309701	5.00E-06	0.268954	2.00E-06	37.750843	538.477295	-87.430618	-0.08339	0	0.149141	-3.00E-06	-0.853312	-3.00E-06
6.056	5.451844	403.826111	59.469612	0.177239	0	-0.309873	6.00E-06	0.273458	1.00E-06	37.351486	536.746826	-88.135826	-0.08339	0	0.149141	-4.00E-06	-0.85009	-1.00E-06
6.057	4.353271	404.173279	60.488152	0.177239	0	-0.309873	6.00E-06	0.33213	1.00E-06	36.491516	530.712524	-88.135826	-0.083277	0	0.148776	-1.00E-06	-1.022274	-2.00E-06
6.058	4.03826	408.298218	61.428436	0.177697	0	-0.310581	6.00E-06	0.33213	1.00E-06	36.183002	523.996277	-87.744179	-0.083159	0	0.148458	-1.00E-06	-0.759569	-2.00E-06
6.059	3.176127	410.194763	61.428558	0.177279	0	-0.31052	6.00E-06	0.33213	4.00E-06	34.852318	521.227112	-87.430931	-0.082741	0	0.148333	-1.00E-06	-0.837678	-2.00E-06
6.06	2.869052	410.36145	62.60392	0.177279	0	-0.31052	7.00E-06	0.438283	3.00E-06	34.614433	514.842957	-87.430733	-0.082741	0	0.148458	-3.00E-06	-0.837678	0
6.061	1.454025	413.113953	62.917442	0.177279	0	-0.31052	6.00E-06	0.225303	3.00E-06	34.455128	510.891541	-86.804047	-0.082893	0	0.148745	-3.00E-06	-0.993933	0
6.062	1.067656	414.152283	62.995895	0.177678	0	-0.310339	7.00E-06	0.383108	3.00E-06	34.060822	508.443359	-86.255608	-0.082893	0	0.148745	-3.00E-06	-1.012394	0.00E+00
6.063	0.514762	415.535889	63.230804	0.177889	0	-0.311514	7.00E-06	0.366931	2.00E-06	32.962971	498.80365	-86.255608	-0.082893	0	0.148183	0.00E+00	-1.012394	-1.00E-06
6.064	-0.4973	417.770355	63.152634	0.177889	0	-0.31167	1.40E-05	0.366931	5.00E-06	31.47875	497.258423	-85.785675	-0.083363	0	0.147791	-3.00E-06	-0.970727	-1.00E-06
6.065	-0.502351	418.45575	63.857971	0.17794	0	-0.312066	1.40E-05	0.297571	6.00E-06	31.240866	491.566223	-85.628967	-0.083363	0	0.14788	-3.00E-06	-0.911191	-3.00E-06
6.066	-1.440171	422.234314	63.857971	0.177879	0	-0.312306	1.40E-05	0.297571	7.00E-06	30.770151	482.605774	-84.296783	-0.083393	0	0.14788	-4.00E-06	-0.970727	-3.00E-06
6.067	-2.301582	423.620605	63.857971	0.178045	0	-0.313506	1.30E-05	0.346084	6.00E-06	30.767267	480.182251	-84.140488	-0.08334	0	0.14788	-4.00E-06	-1.138012	-3.00E-06
6.068	-2.848704	424.476074	64.249985	0.177989	0	-0.313585	5.00E-06	0.380904	4.00E-06	30.062277	474.315338	-83.670227	-0.082946	0	0.147774	-3.00E-06	-1.138012	-2.00E-06
6.069	-3.39799	427.047699	64.249985	0.178442	0	-0.313585	5.00E-06	0.395049	4.00E-06	29.042278	465.027466	-83.43515	-0.082946	0	0.146641	-1.00E-06	-1.128228	-2.00E-06
6.07	-3.555857	428.104614	64.249985	0.178147	0	-0.313832	8.00E-06	0.395049	4.00E-06	28.808723	462.595825	-82.730133	-0.082952	0	0.146641	-1.00E-06	-1.116631	-1.00E-06
6.071	-4.493676	429.122131	64.720055	0.178147	0	-0.313272	1.30E-05	0.395049	7.00E-06	27.868019	458.106323	-82.573433	-0.082952	0	0.146641	-3.00E-06	-1.0759	-2.00E-06
6.072	-4.80508	431.019897	64.563393	0.178147	0	-0.313832	1.30E-05	0.327432	4.00E-06	27.396584	450.017639	-82.416649	-0.083222	0	0.147181	-3.00E-06	-1.0759	-1.00E-06
6.073	-5.741456	432.055542	64.563393	0.177557	0	-0.313641	4.00E-06	0.430504	4.00E-06	26.845133	446.215088	-80.692902	-0.082837	0	0.146335	-4.00E-06	-1.205879	-1.00E-06
6.074	-5.82508	433.255188	64.485138	0.17842	0	-0.313986	2.00E-06	0.421403	4.00E-06	26.062292	434.669189	-79.909508	-0.083237	0	0.14476	-4.00E-06	-1.215108	-1.00E-06
6.075	-6.760735	434.472107	64.406815	0.17842	0	-0.313986	2.00E-06	0.421403	3.00E-06	25.356583	433.480042	-79.909348	-0.082908	0	0.14476	-4.00E-06	-1.205879	-2.00E-06
6.076	-6.920044	438.595856	64.485138	0.17855	0	-0.314017	-1.00E-06	0.421403	3.00E-06	24.577349	429.817841	-79.517738	-0.082908	0	0.14708	-4.00E-06	-1.08899	-2.00E-06
6.077	-7.93788	439.124298	64.563507	0.17868	0	-0.314483	-3.00E-06	0.386122	6.00E-06	23.86659	422.578125	-78.185677	-0.082471	0	0.14708	-3.00E-06	-1.033981	-2.00E-06
6.078	-8.249284	443.079498	64.876999	0.17868	0	-0.314355	-3.00E-06	0.461534	6.00E-06	22.693052	417.778229	-77.950768	-0.082268	0	0.144679	-4.00E-06	-1.033981	-2.00E-06
6.079	-10.049236	443.256165	64.798622	0.178793	0	-0.315187	5.00E-06	0.410655	6.00E-06	22.068079	407.753113	-77.323799	-0.082268	0	0.143657	-3.00E-06	-1.033981	-2.00E-06
6.08	-10.126366	446.353088	64.876999	0.17873	0	-0.315187	1.20E-05	0.410655	3.00E-06	20.965178	398.973572	-76.070145	-0.082639	0	0.143657	-4.00E-06	-1.118809	-1.00E-06
6.081	-11.141315	448.240845	65.268768	0.178793	0	-0.315607	1.20E-05	0.387598	3.00E-06	20.809477	394.320923	-75.130058	-0.082639	0	0.143657	-3.00E-06	-1.13568	-1.00E-06
6.082	-12.629142	449.621704	65.50396	0.178912	0	-0.315833	7.00E-06	0.387598	4.00E-06	20.025194	389.8172	-74.50325	-0.082546	0	0.144361	-1.00E-06	-1.13568	-1.00E-06
6.083	-13.569847	456.003113	65.582253	0.179427	0	-0.316302	7.00E-06	0.421742	4.00E-06	19.162338	380.334839	-74.189812	-0.082546	0	0.144361	-1.00E-06	-1.072111	-2.00E-06
6.084	-14.58624	456.162354	65.817444	0.179427	0	-0.316992	7.00E-06	0.421742	4.00E-06	17.520975	373.615112	-74.033234	-0.082684	0	0.143116	-1.00E-06	-1.016494	-2.00E-06
6.085	-15.131918	458.575439	65.817604	0.179829	0	-0.317236	1.00E-05	0.312918	4.00E-06	17.359501	367.931396	-72.622643	-0.082684	0	0.143116	-1.00E-06	-1.016494	-3.00E-06
6.086	-16.226883	462.359009	66.757935	0.17967	0	-0.317483	9.00E-06	0.312918	4.00E-06	17.203075	360.671997	-71.369186	-0.082438	0	0.143116	0	-1.126795	-3.00E-06
6.087	-16.306177	462.706543	66.836258	0.179977	0	-0.317636	1.40E-05	0.323666	2.00E-06	16.653067	350.341888	-70.89917	-0.082242	0	0.143857	0.00E+00	-1.163585	-1.00E-06
6.088	-18.028278	466.669434	67.541321	0.179961	0	-0.317767	1.50E-05	0.323666	2.00E-06	15.864457	347.721191	-70.115257	-0.082067	0	0.141362	-3.00E-06	-1.163585	0.00E+00
6.089	-18.49394	467.35022	68.403397	0.179961	0	-0.317854	1.50E-05	0.430182	3.00E-06	15.083781	337.053192	-69.096916	-0.082118	0	0.141022	-3.00E-06	-1.163585	-1.00E-06
6.09	-18.652529	469.940369	69.030075	0.17984	0	-0.318388	1.00E-05	0.318058	5.00E-06	13.751657	328.449951	-67.059479	-0.082118	0	0.141022	-1.00E-06	-1.142551	-1.00E-06
6.091	-20.213879	473.713806	69.343605	0.179657	0	-0.319063	9.00E-06	0.318058	8.00E-06	13.515216	324.643921	-66.51165	-0.082118	0	0.14056	0.00E+00	-1.118453	-1.00E-06
6.092	-20.29245	474.920807	70.127312	0.17984	0	-0.319063	9.00E-06	0.318058	8.00E-06	13.123797	315.487549	-65.570961	-0.081798	0	0.14056	0	-1.118453	-1.00E-06
6.093	-21.000326	478.553528	70.205597	0.179798	0	-0.319063	1.30E-05	0.331843	4.00E-06	12.180205	306.704163	-64.082275	-0.081798	0	0.139145	-1.00E-06	-1.13428	-1.00E-06
6.094	-21.779556	481.802063	71.067482	0.180223	0	-0.31915	1.30E-05	0.331843	2.00E-06	11.712379	298.774048	-63.298653	-0.081798	0	0.138121	-1.00E-06	-1.13428	-1.00E-06
6.095	-21.935259	485.440613	71.537582	0.180317	0	-0.319409	8.00E-06	0.331843	2.00E-06	10.925929	289.980225	-61.574493	-0.081975	0	0.138121	-1.00E-06	-1.13428	-2.00E-06
6.096	-22.71954	488.005646	71.615913	0.180557	0	-0.320367	1.00E-06	0.340875	2.00E-06	10.13804	287.226837	-61.026138	-0.082365	0	0.139655	-2.00E-06	-1.211477	-2.00E-06
6.097	-23.578789	489.728668	72.399582	0.180557	0	-0.320801	8.00E-06	0.340875	2.00E-06	10.056582	284.105011	-59.458847	-0.082365	0	0.139875	-2.00E-06	-1.211477	-1.00E-06
6.098	-23.968765	493.521057	72.55632	0.180583	0	-0.321128	8.00E-06	0.309905	6.00E-06	10.056582	279.28009	-57.813259	-0.081889	0	0.139655	-3.00E-06	-1.125201	-1.00E-06
6.099	-24.515886	497.652161	72.71302	0.180755	0	-0.321128	1.00E-05	0.30761	4.00E-06	8.410887	258.949219	-56.167877	-0.081633	0	0.135234	-3.00E-06	-1.125201	-1.00E-06
6.1	-24.750881	502.474426	73.104675	0.180755	0	-0.320799	9.00E-06	0.30761	4.00E-06	8.410887	253.771591	-54.287098	-0.081633	0	0.135234	-3.00E-06	-1.170619	-2.00E-06
6.101	-25.455872	507.300629	73.653435	0.181047	0	-0.320799	1.20E-05	0.177863	4.00E-06	8.410887	246.522614	-52.014828	-0.081633	0	0.135738	-2.00E-06	-1.170619	-1.00E-06
6.102	-26.235823	509.875702	73.418358	0.181448	0	-0.321517	9.00E-06	0.249191	5.00E-06	7.935123	239.789734	-50.369324	-0.081326	0	0.135738	-2.00E-06	-1.356907	-2.00E-06
6.103	-26.39369	515.735962	73.653549	0.181448	0	-0.321557	2.00E-06	0.203193	5.00E-06	7.627327	231.343475	-47.626873	-0.081642	0	0.135128	-2.00E-06	-1.183695	-1.00E-06
6.104	-26.860796	516.940979	73.731964	0.181444	0	-0.321893	2.00E-06	0.203193	4.00E-06	6.215185	221.868134	-46.216358	-0.081757	0	0.130541	-2.00E-06	-1.183695	-2.00E-06
6.105	-27.877188	520.54248	74.280197	0.181444	0	-0.322095	4.00E-06	0.198574	2.00E-06	6.215185	215.543213	-43.943966	-0.081757	0	0.130541	-2.00E-06	-1.183695	-1.00E-06
6.106	-28.347179	525.383606	74.593719	0.181497	0	-0.322512	5.00E-06	0.137894	3.00E-06	7.541537	213.092056	-41.123184	-0.079908	0	0.128992	-2.00E-06	-1.319361	-1.00E-06
6.107	-28.421421	528.983276	74.828796	0.181497	0	-0.322617	5.00E-06	0.198574	2.00E-06	7.541537	198.241547	-38.224068	-0.079908	0	0.128992	-2.00E-06	-1.487359	-1.00E-06
6.108	-28.737877	532.596252	74.828796	0.181497	0	-0.323185	1.30E-05	0.06501	3.00E-06	6.603716	191.524506	-36.030128	-0.080978	0	0.128992	-2.00E-06	-1.560009	-1.00E-06
6.109	-29.200653	536.043457	74.828796	0.181573	0	-0.32376	1.30E-05	0.138786	1.00E-06	6.29087	185.999695	-34.462914	-0.08184	0	0.127543	-2.00E-06	-1.560009	-1.00E-06
6.11	-29.206427	540.851929	74.436981	0.181807	0	-0.324064	1.00E-05	0.101817	4.00E-06	6.52731	177.732056	-32.112396	-0.082334	0	0.128501	-2.00E-06	-1.611796	0
6.111	-29.826347	544.814392	74.436981	0.181755	0	-0.324693	1.00E-05	0.101817	2.00E-06	6.292311	172.202621	-28.978088	-0.08184	0	0.128501	-2.00E-06	-1.659399	0
6.112	-30.219212	548.943176	74.593719	0.181807	0	-0.324736	1.00E-06	-0.000947	2.00E-06	6.292311	167.701172	-26.392738	-0.081414	0	0.128501	-2.00E-06	-1.611796	0
6.113	-31.619806	554.289307	74.907402	0.18178	0	-0.324736	5.00E-06	-0.000947	2.00E-06	5.904501	157.709702	-25.060719	-0.080179	0	0.125774	-2.00E-06	-1.619331	0
6.114	-31.62558	558.934875	75.376869	0.182261	0	-0.324772	5.00E-06	-0.101704	2.00E-06	5.904501	149.274658	-21.770069	-0.080179	0	0.122755	-2.00E-06	-1.619331	0.00E+00
6.115	-32.636917	564.628601	76.082161	0.182221	0	-0.325534	5.00E-06	-0.046838	3.00E-06	6.143104	145.139236	-18.400892	-0.081679	0	0.12157	-1.00E-06	-1.892923	-1.00E-06
6.116	-33.261169	566.685181	76.238945	0.182501	0	-0.325499	8.00E-06	-0.046838	5.00E-06	6.143104	142.550629	-17.147442	-0.081679	0	0.12157	0	-1.892923	0.00E+00
6.117	-33.96183	573.930298	76.865707	0.182603	0	-0.325532	7.00E-06	-0.046838	6.00E-06	5.054635	135.132721	-14.091827	-0.081617	0	0.120997	0	-1.795798	-1.00E-06
6.118	-34.898926	578.751038	77.022011	0.182796	0	-0.325532	8.00E-06	-0.103348	7.00E-06	4.974618	130.993088	-11.349535	-0.080068	0	0.11951	0.00E+00	-1.795798	-1.00E-06
6.119	-35.135368	583.061035	77.492149	0.182907	0	-0.325703	8.00E-06	-0.196257	7.00E-06	4.587529	121.871475	-9.077545	-0.081617	0	0.114696	-1.00E-06	-1.795798	-1.00E-06
6.12	-36.148148	586.840759	77.962418	0.182907	0	-0.326198	1.00E-05	-0.103348	9.00E-06	4.203324	120.833054	-6.413703	-0.082427	0	0.114696	-1.00E-06	-1.672994	-1.00E-06
6.121	-36.150314	593.190918	78.197372	0.182895	0	-0.326198	1.80E-05	-0.219597	8.00E-06	4.202601	118.054588	-4.533248	-0.082427	0	0.114696	-1.00E-06	-1.671164	0
6.122	-36.927383	595.457031	78.824257	0.182895	0	-0.326991	1.80E-05	-0.178641	8.00E-06	3.893362	108.750153	-3.906765	-0.079368	0	0.110573	-1.00E-06	-1.671164	0
6.123	-37.241673	604.562744	79.137497	0.182895	0	-0.327337	7.00E-06	-0.178641	6.00E-06	3.816956	103.763489	-2.496494	-0.078631	0	0.110573	-1.00E-06	-1.616198	0
6.124	-38.490173	608.52063	79.842628	0.182943	0	-0.327812	7.00E-06	-0.178641	6.00E-06	3.429865	102.884354	-2.496452	-0.079368	0	0.108327	0.00E+00	-1.553261	-1.00E-06
6.125	-38.721561	616.098145	80.312775	0.182943	0	-0.327986	6.00E-06	-0.152058	0	3.429865	97.201454	-1.399505	-0.079673	0	0.108327	0	-1.553261	-1.00E-06
6.126	-39.585136	622.111206	81.252701	0.183379	0	-0.328576	7.00E-06	-0.168083	0.00E+00	4.368404	90.476692	1.812653	-0.079673	0	0.104232	0	-1.955367	0
6.127	-39.971504	623.678772	81.252861	0.183379	0	-0.328576	1.40E-05	-0.133185	4.00E-06	4.368404	84.78299	4.006629	-0.075285	0	0.098942	0	-1.95571	0
6.128	-40.832916	629.873413	82.349693	0.183379	0	-0.328896	1.90E-05	-0.168083	4.00E-06	3.907793	79.959885	5.965136	-0.075285	0	0.092846	0	-1.95571	0
6.129	-41.1436	633.830566	82.349693	0.183415	0	-0.32921	1.40E-05	-0.14507	1.00E-06	3.907793	77.035278	7.923962	-0.075967	0	0.092846	-1.00E-06	-1.901039	0.00E+00
6.13	-41.220009	639.678162	82.819756	0.183417	0	-0.329527	4.00E-06	-0.162548	1.00E-06	3.907793	74.782593	9.882627	-0.075967	0	0.092846	-1.00E-06	-1.887945	-1.00E-06
6.131	-41.220009	644.665894	82.819756	0.183417	0	-0.329527	4.00E-06	-0.162548	3.00E-06	3.91068	69.957169	11.136398	-0.078301	0	0.090896	0	-1.901039	0.00E+00
6.132	-41.689999	648.459473	83.36795	0.183417	0	-0.329764	7.00E-06	-0.23416	3.00E-06	3.600718	65.821381	12.233187	-0.074552	0	0.09088	0	-1.951752	0
6.133	-41.215679	654.660706	83.44632	0.183461	0	-0.329764	1.20E-05	-0.260551	4.00E-06	3.837159	60.807346	12.703051	-0.073421	0	0.080975	0	-1.99487	0
6.134	-41.37138	656.206299	83.759521	0.183718	0	-0.330043	1.20E-05	-0.260551	8.00E-06	3.837159	51.671421	13.799999	-0.070003	0	0.063429	0	-2.169083	0
6.135	-41.37138	662.759338	83.759521	0.183792	0	-0.330242	6.00E-06	-0.249716	4.00E-06	3.837159	51.4711	15.288679	-0.070003	0	0.063429	0	-2.169083	0
6.136	-41.37138	667.053162	83.759521	0.183926	0	-0.330043	6.00E-06	-0.249716	3.00E-06	2.900059	50.126556	15.523752	-0.070003	0	0.075897	0	-2.097532	0
6.137	-41.683506	672.063721	83.602821	0.183926	0	-0.330941	4.00E-06	-0.257824	3.00E-06	2.505755	46.823921	16.072065	-0.071553	0	0.075897	0	-1.888505	0
6.138	-41.914894	677.727295	84.151093	0.183926	0	-0.330999	6.00E-06	-0.257824	9.00E-06	2.505755	42.175911	16.54217	-0.069478	0	0.065793	0	-2.097532	0
6.139	-42.150612	679.796692	83.759033	0.183979	0	-0.331156	6.00E-06	-0.123417	9.00E-06	2.508641	38.536175	16.54217	-0.071553	0	0.063559	-1.00E-06	-1.908751	0
6.14	-42.539867	686.160278	84.150772	0.18364	0	-0.331553	1.00E-05	-0.114278	4.00E-06	2.511527	35.279514	16.150517	-0.068275	0	0.065793	-1.00E-06	-2.014979	0
6.141	-42.774864	690.971863	83.759033	0.183979	0	-0.331621	1.10E-05	-0.114278	4.00E-06	2.511527	34.043579	16.150517	-0.065984	0	0.039752	0	-2.014979	0
6.142	-42.851273	694.26825	83.445312	0.184054	0	-0.331621	1.10E-05	-0.113096	1.00E-06	2.426459	29.039566	16.385752	-0.063196	0	0.039752	0	-2.204351	0
6.143	-42.851273	702.686646	83.445312	0.184201	0	-0.33195	8.00E-06	-0.119644	0	1.880782	24.572063	17.1693	-0.063161	0	0.013874	0	-2.204351	0
6.144	-42.922626	705.619263	83.836761	0.184231	0	-0.332188	8.00E-06	-0.174559	0.00E+00	1.880782	22.854858	17.639641	-0.063161	0	0.013776	0	-2.128686	0
6.145	-42.922626	710.794861	83.915176	0.184281	0	-0.332204	1.60E-05	-0.185701	4.00E-06	1.335826	21.973022	17.639641	-0.067579	0	0.013874	0	-1.715656	0
6.146	-42.922626	716.29187	83.836761	0.184281	0	-0.332312	1.60E-05	-0.185701	4.00E-06	0	0	0	-0.13	0	0.305	0	0	0
6.147	-43.309715	721.282715	83.758072	0.184281	0	-0.332934	1.30E-05	-0.149856	4.00E-06	0	0	0	-0.13	0	0.305	0	0	0
6.148	-43.309715	727.822998	83.758072	0.184167	0	-0.332985	1.10E-05	-0.1175	7.00E-06	0	0	0	-0.13	0	0.305	0	0	0
6.149	-43.700417	732.459778	84.071556	0.184167	0	-0.333113	8.00E-06	-0.1175	8.00E-06	0	0	0	-0.13	0	0.305	0	0	0
6.15	-43.701138	738.153809	84.463165	0.184167	0	-0.333361	8.00E-06	-0.1175	8.00E-06	0	0	0	-0.13	0	0.305	0	0	0
6.151	-43.700417	738.827209	84.619751	0.184148	0	-0.333507	1.30E-05	-0.027176	8.00E-06	0	0	0	-0.13	0	0.305	0	0	0
6.152	-43.853233	747.093262	85.089729	0.18414	0	-0.33393	1.60E-05	-0.071239	9.00E-06	0	0	0	-0.13	0	0.305	0	0	0
6.153	-43.538216	748.469482	85.71666	0.183929	0	-0.334045	1.60E-05	-0.071239	1.40E-05	0	0	0	-0.13	0	0.305	0	0	0
6.154	-43.538216	752.064819	85.794907	0.18414	0	-0.334045	2.30E-05	-0.100081	1.40E-05	0	0	0	-0.13	0	0.305	0	0	0
6.155	-43.380352	757.948669	86.5	0.184237	0	-0.334378	1.60E-05	-0.150491	9.00E-06	0	0	0	-0.13	0	0.305	0	0	0
6.156	-43.380352	761.890381	86.578255	0.184237	0	-0.334378	1.60E-05	-0.100081	9.00E-06	0	0	0	-0.13	0	0.305	0	0	0
6.157	-43.542549	764.467773	86.578255	0.184237	0	-0.334746	7.00E-06	0.122511	1.20E-05	0	0	0	-0.13	0	0.305	0	0	0
6.158	-43.617516	771.345581	86.578255	0.184037	0	-0.334795	-3.00E-06	0.122511	1.20E-05	0	0	0	-0.13	0	0.305	0	0	0
6.159	-43.697529	771.535645	86.578209	0.184167	0	-0.335214	7.00E-06	0.1103	1.30E-05	0	0	0	-0.13	0	0.305	0	0	0
6.16	-43.697529	781.328003	86.578209	0.184104	0	-0.335225	1.00E-05	0.018535	1.00E-05	0	0	0	-0.13	0	0.305	0	0	0
6.161	-44.082455	782.010315	86.578209	0.184167	0	-0.335225	2.40E-05	0.1103	1.00E-05	0	0	0	-0.13	0	0.305	0	0	0
6.162	-44.241043	785.980957	86.421227	0.184313	0	-0.335737	2.40E-05	0.125752	8.00E-06	0	0	0	-0.13	0	0.305	0	0	0
6.163	-44.474594	791.477905	86.499603	0.184341	0	-0.335955	1.00E-05	0.125752	8.00E-06	0	0	0	-0.13	0	0.305	0	0	0
6.164	-44.241043	793.207458	86.421227	0.184353	0	-0.33628	1.00E-05	0.125752	1.10E-05	0	0	0	-0.13	0	0.305	0	0	0
6.165	-44.008934	797.669922	86.342735	0.184353	0	-0.336238	1.10E-05	0.141016	1.20E-05	0	0	0	-0.13	0	0.305	0	0	0
6.166	-43.930359	801.284485	86.264648	0.184353	0	-0.33628	1.60E-05	0.141016	1.10E-05	0	0	0	-0.13	0	0.305	0	0	0
6.167	-43.928917	802.654175	85.951324	0.184376	0	-0.33654	1.80E-05	0.274234	9.00E-06	0	0	0	-0.13	0	0.305	0	0	0
6.168	-43.619678	806.953857	85.951324	0.184546	0	-0.3368	2.20E-05	0.240886	6.00E-06	0	0	0	-0.13	0	0.305	0	0	0
6.169	-42.913246	807.651978	85.637726	0.184546	0	-0.337231	2.20E-05	0.274234	6.00E-06	0	0	0	-0.13	0	0.305	0	0	0
6.17	-42.913246	811.237305	86.029099	0.184355	0	-0.337455	2.10E-05	0.387795	9.00E-06	0	0	0	-0.13	0	0.305	0	0	0
6.171	-42.840446	813.148193	84.932549	0.184202	0	-0.337505	1.50E-05	0.387795	1.00E-05	0	0	0	-0.13	0	0.305	0	0	0
6.172	-41.980476	815.199829	84.932465	0.184355	0	-0.337505	1.50E-05	0.387795	1.40E-05	0	0	0	-0.13	0	0.305	0	0	0
6.173	-41.821167	816.918945	84.932465	0.184332	0	-0.337772	1.80E-05	0.377749	1.40E-05	0	0	0	-0.13	0	0.305	0	0	0
6.174	-41.821167	817.442017	84.932465	0.184332	0	-0.338101	2.40E-05	0.459095	8.00E-06	0	0	0	-0.13	0	0.305	0	0	0
6.175	-41.514816	820.525085	85.08905	0.18426	0	-0.338232	2.40E-05	0.517526	8.00E-06	0	0	0	-0.13	0	0.305	0	0	0
6.176	-41.199081	821.732788	84.932426	0.184216	0	-0.338232	2.10E-05	0.517526	8.00E-06	0	0	0	-0.13	0	0.305	0	0	0
6.177	-41.199081	822.249634	85.245827	0.184172	0	-0.338274	1.90E-05	0.517526	6.00E-06	0	0	0	-0.13	0	0.305	0	0	0
6.178	-41.5905	823.958374	84.932426	0.184206	0	-0.338785	2.00E-06	0.545031	4.00E-06	0	0	0	-0.13	0	0.305	0	0	0
6.179	-41.5905	825.679443	84.932785	0.184206	0	-0.338785	2.00E-06	0.545031	4.00E-06	0	0	0	-0.13	0	0.305	0	0	0
6.18	-41.515537	828.095276	84.932549	0.184409	0	-0.33899	9.00E-06	0.578508	5.00E-06	0	0	0	-0.13	0	0.305	0	0	0
6.181	-41.515537	829.804688	84.932549	0.184607	0	-0.339147	9.00E-06	0.604419	8.00E-06	0	0	0	-0.13	0	0.305	0	0	0
6.182	-41.671959	830.501343	84.149406	0.184811	0	-0.339199	1.00E-05	0.604419	1.40E-05	0	0	0	-0.13	0	0.305	0	0	0
6.183	-41.829105	831.701355	83.914131	0.184811	0	-0.339624	1.10E-05	0.559452	1.40E-05	0	0	0	-0.13	0	0.305	0	0	0
6.184	-41.98481	831.867554	83.914131	0.184805	0	-0.339726	2.20E-05	0.559452	1.20E-05	0	0	0	-0.13	0	0.305	0	0	0
6.185	-41.987694	833.573242	83.130707	0.184773	0	-0.339731	1.40E-05	0.624204	1.10E-05	0	0	0	-0.13	0	0.305	0	0	0
6.186	-41.987694	834.105591	82.895592	0.184805	0	-0.339947	2.40E-05	0.624204	1.10E-05	0	0	0	-0.13	0	0.305	0	0	0
6.187	-41.987694	833.573242	82.190582	0.18438	0	-0.340066	1.40E-05	0.68895	4.00E-06	0	0	0	-0.13	0	0.305	0	0	0
6.188	-42.300537	833.057129	82.190582	0.184694	0	-0.340482	1.20E-05	0.66424	1.00E-06	0	0	0	-0.13	0	0.305	0	0	0
6.189	-42.300537	833.057129	82.190582	0.184578	0	-0.340925	5.00E-06	0.69421	0.00E+00	0	0	0	-0.13	0	0.305	0	0	0
6.19	-42.300537	831.847839	81.328857	0.184578	0	-0.340925	3.00E-06	0.69421	0	0	0	0	-0.13	0	0.305	0	0	0
6.191	-42.224854	831.847839	80.780548	0.184487	0	-0.340925	3.00E-06	0.701256	0.00E+00	0	0	0	-0.13	0	0.305	0	0	0
6.192	-41.838486	831.847839	80.702217	0.184487	0	-0.341149	1.30E-05	0.71786	0.00E+00	0	0	0	-0.13	0	0.305	0	0	0
6.193	-41.838486	831.663818	80.388931	0.184505	0	-0.341211	2.00E-05	0.737286	0	0	0	0	-0.13	0	0.305	0	0	0
6.194	-41.914894	830.631348	79.762009	0.184612	0	-0.341149	1.30E-05	0.740809	6.00E-06	0	0	0	-0.13	0	0.305	0	0	0
6.195	-41.91922	830.289917	79.213936	0.184505	0	-0.341506	1.20E-05	0.794256	6.00E-06	0	0	0	-0.13	0	0.305	0	0	0
6.196	-41.91922	828.568848	78.978783	0.184612	0	-0.341389	1.20E-05	0.794256	1.00E-06	0	0	0	-0.13	0	0.305	0	0	0
6.197	-41.997795	827.346436	78.978783	0.184641	0	-0.342111	1.50E-05	0.776274	1.00E-06	0	0	0	-0.13	0	0.305	0	0	0
6.198	-42.079254	827.873413	77.803825	0.184641	0	-0.341746	1.80E-05	0.776274	7.00E-06	0	0	0	-0.13	0	0.305	0	0	0
6.199	-42.079254	827.181274	77.725212	0.18472	0	-0.342111	1.80E-05	0.811016	7.00E-06	0	0	0	-0.13	0	0.305	0	0	0
6.2	-41.770737	825.973267	76.707077	0.18471	0	-0.342195	1.90E-05	0.920774	6.00E-06	0	0	0	-0.13	0	0.305	0	0	0
6.201	-41.691444	825.963989	76.393509	0.184959	0	-0.342447	1.90E-05	0.877295	6.00E-06	0	0	0	-0.13	0	0.305	0	0	0
6.202	-41.770737	824.567627	76.236931	0.184869	0	-0.342546	1.80E-05	0.877295	7.00E-06	0	0	0	-0.13	0	0.305	0	0	0
6.203	-42.085026	824.079712	75.453705	0.184869	0	-0.342695	1.80E-05	0.877295	7.00E-06	0	0	0	-0.13	0	0.305	0	0	0
6.204	-42.161434	824.567627	75.453506	0.184869	0	-0.343442	1.80E-05	0.868305	7.00E-06	0	0	0	-0.13	0	0.305	0	0	0
6.205	-42.161434	823.384644	74.670242	0.184809	0	-0.343442	2.50E-05	0.927635	5.00E-06	0	0	0	-0.13	0	0.305	0	0	0
6.206	-42.010063	821.122681	74.513542	0.185028	0	-0.343558	2.80E-05	0.745881	1.10E-05	0	0	0	-0.13	0	0.305	0	0	0
6.207	-42.010063	820.280701	73.57341	0.184809	0	-0.343823	2.80E-05	0.934717	1.10E-05	0	0	0	-0.13	0	0.305	0	0	0
6.208	-42.167206	819.561279	73.57341	0.184709	0	-0.34402	1.80E-05	0.932261	1.10E-05	0	0	0	-0.13	0	0.305	0	0	0
6.209	-42.167206	816.293457	73.416832	0.184709	0	-0.344568	1.80E-05	0.934717	8.00E-06	0	0	0	-0.13	0	0.305	0	0	0
6.21	-42.167206	815.082275	72.94709	0.184709	0	-0.344681	2.00E-05	0.948801	8.00E-06	0	0	0	-0.13	0	0.305	0	0	0
6.211	-42.091522	812.844299	72.555077	0.184801	0	-0.34491	2.00E-05	0.973777	8.00E-06	0	0	0	-0.13	0	0.305	0	0	0
6.212	-42.169373	812.669189	72.006638	0.184644	0	-0.345026	1.50E-05	0.948801	8.00E-06	0	0	0	-0.13	0	0.305	0	0	0
6.213	-41.860855	811.451172	71.928589	0.184569	0	-0.345112	1.50E-05	0.973777	7.00E-06	0	0	0	-0.13	0	0.305	0	0	0
6.214	-42.014393	809.065063	71.693642	0.184569	0	-0.345112	7.00E-06	0.906568	2.00E-06	0	0	0	-0.13	0	0.305	0	0	0
6.215	-41.860855	807.845337	70.674866	0.184906	0	-0.345112	1.80E-05	0.906568	1.00E-06	0	0	0	-0.13	0	0.305	0	0	0
6.216	-41.466549	805.613586	70.518562	0.184906	0	-0.345182	4.00E-06	0.827423	2.00E-06	0	0	0	-0.13	0	0.305	0	0	0
6.217	-41.466549	804.921143	69.42157	0.184906	0	-0.345286	1.80E-05	0.827423	6.00E-06	0	0	0	-0.13	0	0.305	0	0	0
6.218	-41.078018	803.873169	68.951591	0.184814	0	-0.345359	2.40E-05	0.904972	1.10E-05	0	0	0	-0.13	0	0.305	0	0	0
6.219	-41.705875	800.610718	68.716599	0.184965	0	-0.345903	2.40E-05	0.918602	6.00E-06	0	0	0	-0.13	0	0.305	0	0	0
6.22	-41.009544	799.751343	68.403152	0.184868	0	-0.345892	2.60E-05	0.98414	1.20E-05	0	0	0	-0.13	0	0.305	0	0	0
6.221	-41.164528	799.40271	67.46315	0.18503	0	-0.345903	1.20E-05	0.987573	1.20E-05	0	0	0	-0.13	0	0.305	0	0	0
6.222	-41.009544	798.202271	66.601311	0.185136	0	-0.346405	2.60E-05	0.987573	1.40E-05	0	0	0	-0.13	0	0.305	0	0	0
6.223	-40.931694	796.295654	66.288071	0.185136	0	-0.346577	1.20E-05	0.9756	1.40E-05	0	0	0	-0.13	0	0.305	0	0	0
6.224	-40.930252	795.605164	66.209778	0.185121	0	-0.346622	2.80E-05	0.895078	7.00E-06	0	0	0	-0.13	0	0.305	0	0	0
6.225	-40.930252	793.182068	65.191399	0.185061	0	-0.347042	1.00E-05	0.908639	1.00E-06	0	0	0	-0.13	0	0.305	0	0	0
6.226	-40.775272	790.266785	64.877876	0.1851	0	-0.347042	5.00E-06	0.895078	1.00E-06	0	0	0	-0.13	0	0.305	0	0	0
6.227	-40.384575	788.883179	64.564674	0.184706	0	-0.347042	5.00E-06	0.907173	4.00E-06	0	0	0	-0.13	0	0.305	0	0	0
6.228	-40.076057	785.593323	63.781132	0.184926	0	-0.347895	9.00E-06	0.907173	1.10E-05	0	0	0	-0.13	0	0.305	0	0	0
6.229	-40.384575	784.395264	63.703003	0.184926	0	-0.348284	9.00E-06	0.969318	1.10E-05	0	0	0	-0.13	0	0.305	0	0	0
6.23	-40.31105	784.393311	62.762955	0.184926	0	-0.348284	1.30E-05	0.969318	8.00E-06	0	0	0	-0.13	0	0.305	0	0	0
6.231	-40.31105	779.225464	62.527641	0.184676	0	-0.348319	1.30E-05	0.977318	8.00E-06	0	0	0	-0.13	0	0.305	0	0	0
6.232	-39.688244	778.53418	61.901154	0.184676	0	-0.348319	1.30E-05	0.914771	8.00E-06	0	0	0	-0.13	0	0.305	0	0	0
6.233	-39.529655	775.957214	61.666164	0.184676	0	-0.348364	1.80E-05	0.885583	9.00E-06	0	0	0	-0.13	0	0.305	0	0	0
6.234	-39.063995	772.505737	60.961231	0.184859	0	-0.348892	1.70E-05	0.885583	7.00E-06	0	0	0	-0.13	0	0.305	0	0	0
6.235	-39.063995	772.497986	60.412636	0.184859	0	-0.348892	1.90E-05	0.885583	7.00E-06	0	0	0	-0.13	0	0.305	0	0	0
6.236	-38.677628	768.890381	60.177765	0.184924	0	-0.348839	1.70E-05	1.02298	7.00E-06	0	0	0	-0.13	0	0.305	0	0	0
6.237	-39.535431	767.686096	59.629288	0.18502	0	-0.348839	1.90E-05	0.944628	1.00E-05	0	0	0	-0.13	0	0.305	0	0	0
6.238	-38.677628	766.473389	59.159229	0.184924	0	-0.349531	2.10E-05	0.978541	1.10E-05	0	0	0	-0.13	0	0.305	0	0	0
6.239	-39.07193	763.538025	58.454212	0.185145	0	-0.349531	2.10E-05	0.978541	1.00E-05	0	0	0	-0.13	0	0.305	0	0	0
6.24	-38.67979	762.689453	57.827484	0.184799	0	-0.34954	1.10E-05	1.031363	1.10E-05	0	0	0	-0.13	0	0.305	0	0	0
6.241	-38.682678	759.224121	57.200642	0.185153	0	-0.349498	1.10E-05	1.031363	1.00E-05	0	0	0	-0.13	0	0.305	0	0	0
6.242	-38.67979	759.075256	56.652328	0.185089	0	-0.350039	1.30E-05	1.029496	1.00E-05	0	0	0	-0.13	0	0.305	0	0	0
6.243	-38.603382	757.851685	56.574039	0.185089	0	-0.35022	1.40E-05	1.000667	1.00E-05	0	0	0	-0.13	0	0.305	0	0	0
6.244	-38.525532	753.71521	55.868942	0.184987	0	-0.350445	1.40E-05	0.957462	1.10E-05	0	0	0	-0.13	0	0.305	0	0	0
6.245	-38.44696	753.192871	55.163887	0.184974	0	-0.350538	1.00E-05	0.954759	1.10E-05	0	0	0	-0.13	0	0.305	0	0	0
6.246	-38.44696	749.931274	54.928734	0.184974	0	-0.350718	-2.00E-06	0.954759	4.00E-06	0	0	0	-0.13	0	0.305	0	0	0
6.247	-38.29631	749.758057	54.458908	0.184884	0	-0.350718	1.00E-05	0.954759	4.00E-06	0	0	0	-0.13	0	0.305	0	0	0
6.248	-37.826317	746.470947	54.223999	0.185277	0	-0.351273	1.60E-05	0.885338	6.00E-06	0	0	0	-0.13	0	0.305	0	0	0
6.249	-37.827759	743.542847	54.145794	0.185102	0	-0.351508	1.60E-05	0.967358	6.00E-06	0	0	0	-0.13	0	0.305	0	0	0
6.25	-37.826317	742.694336	53.127171	0.185102	0	-0.351508	2.00E-05	0.967358	6.00E-06	0	0	0	-0.13	0	0.305	0	0	0
6.251	-37.749908	738.206787	53.127171	0.185102	0	-0.351869	2.00E-05	0.967358	6.00E-06	0	0	0	-0.13	0	0.305	0	0	0
6.252	-37.749908	737.686096	52.500568	0.184912	0	-0.351919	1.40E-05	1.008559	1.00E-06	0	0	0	-0.13	0	0.305	0	0	0
6.253	-37.358486	735.107117	52.422115	0.185168	0	-0.351919	1.40E-05	0.845784	1.00E-06	0	0	0	-0.13	0	0.305	0	0	0
6.254	-36.889217	733.542236	51.246998	0.184912	0	-0.352393	1.30E-05	1.012876	1.00E-06	0	0	0	-0.13	0	0.305	0	0	0
6.255	-36.889217	732.869934	50.933716	0.185168	0	-0.352549	1.30E-05	1.03786	3.00E-06	0	0	0	-0.13	0	0.305	0	0	0
6.256	-36.739288	729.408081	50.698605	0.185022	0	-0.352717	1.30E-05	1.03786	3.00E-06	0	0	0	-0.13	0	0.305	0	0	0
6.257	-37.053577	728.559082	50.071999	0.185022	0	-0.352881	1.20E-05	1.025808	0	0	0	0	-0.13	0	0.305	0	0	0
6.258	-36.582142	727.348267	49.915337	0.185016	0	-0.352881	1.60E-05	1.017099	0.00E+00	0	0	0	-0.13	0	0.305	0	0	0
6.259	-36.978615	723.895264	49.053341	0.185016	0	-0.353392	1.40E-05	1.025808	5.00E-06	0	0	0	-0.13	0	0.305	0	0	0
6.26	-36.582142	723.032837	48.896801	0.185016	0	-0.353688	1.40E-05	0.991053	5.00E-06	0	0	0	-0.13	0	0.305	0	0	0
6.261	-36.978615	722.346558	48.583397	0.18559	0	-0.353688	1.40E-05	1.120512	5.00E-06	0	0	0	-0.13	0	0.305	0	0	0
6.262	-36.823631	719.749512	47.72168	0.185249	0	-0.353826	1.30E-05	1.03442	3.00E-06	0	0	0	-0.13	0	0.305	0	0	0
6.263	-36.823631	719.749512	47.643589	0.185286	0	-0.354458	1.80E-05	1.08597	8.00E-06	0	0	0	-0.13	0	0.305	0	0	0
6.264	-36.665047	718.206665	47.251499	0.185286	0	-0.354552	1.30E-05	1.03442	3.00E-06	0	0	0	-0.13	0	0.305	0	0	0
6.265	-36.277233	715.440979	47.173531	0.185286	0	-0.355178	1.80E-05	1.072752	3.00E-06	0	0	0	-0.13	0	0.305	0	0	0
6.266	-36.277233	713.019775	47.173531	0.185569	0	-0.355366	1.10E-05	0.927948	3.00E-06	0	0	0	-0.13	0	0.305	0	0	0
6.267	-36.277233	710.792603	47.173531	0.185001	0	-0.355538	1.10E-05	0.997159	4.00E-06	0	0	0	-0.13	0	0.305	0	0	0
6.268	-36.196495	710.416138	46.546886	0.184979	0	-0.355643	1.10E-05	0.982877	5.00E-06	0	0	0	-0.13	0	0.305	0	0	0
6.269	-36.042236	708.544617	46.546844	0.184979	0	-0.356331	1.10E-05	0.982877	6.00E-06	0	0	0	-0.13	0	0.305	0	0	0
6.27	-35.807964	708.359802	46.233643	0.185018	0	-0.356331	1.10E-05	0.982877	6.00E-06	0	0	0	-0.13	0	0.305	0	0	0
6.271	-35.734444	705.434509	45.920116	0.185315	0	-0.356747	1.00E-05	0.947472	6.00E-06	0	0	0	-0.13	0	0.305	0	0	0
6.272	-35.345909	702.50415	45.450134	0.185102	0	-0.356859	1.00E-05	1.128238	6.00E-06	0	0	0	-0.13	0	0.305	0	0	0
6.273	-35.339417	700.947754	44.82341	0.185325	0	-0.356859	1.20E-05	1.014839	1.20E-05	0	0	0	-0.13	0	0.305	0	0	0
6.274	-34.953766	699.747803	44.823372	0.185325	0	-0.357305	1.20E-05	1.057068	1.20E-05	0	0	0	-0.13	0	0.305	0	0	0
6.275	-34.953766	698.195618	44.823372	0.185325	0	-0.357636	3.00E-06	1.032559	2.00E-06	0	0	0	-0.13	0	0.305	0	0	0
6.276	-35.031616	698.026245	44.039948	0.185602	0	-0.357638	1.00E-06	1.041901	2.00E-06	0	0	0	-0.13	0	0.305	0	0	0
6.277	-35.423759	695.609009	43.726543	0.185438	0	-0.357821	1.00E-06	1.041901	4.00E-06	0	0	0	-0.13	0	0.305	0	0	0
6.278	-35.112358	693.35791	43.256721	0.185438	0	-0.358287	1.60E-05	1.041901	8.00E-06	0	0	0	-0.13	0	0.305	0	0	0
6.279	-35.345188	693.35791	43.10006	0.185438	0	-0.358292	1.60E-05	1.062429	5.00E-06	0	0	0	-0.13	0	0.305	0	0	0
6.28	-35.345188	691.816528	42.708046	0.185784	0	-0.358635	1.40E-05	1.031808	1.10E-05	0	0	0	-0.13	0	0.305	0	0	0
6.281	-35.345188	690.949829	41.925022	0.185875	0	-0.358882	1.40E-05	1.071953	9.00E-06	0	0	0	-0.13	0	0.305	0	0	0
6.282	-35.348793	688.8927	41.768116	0.185811	0	-0.358891	1.30E-05	1.056646	9.00E-06	0	0	0	-0.13	0	0.305	0	0	0
6.283	-34.880245	688.529419	41.6115	0.185811	0	-0.35956	2.10E-05	1.072531	6.00E-06	0	0	0	-0.13	0	0.305	0	0	0
6.284	-35.973045	687.670715	41.454758	0.185762	0	-0.35956	1.10E-05	1.072531	6.00E-06	0	0	0	-0.13	0	0.305	0	0	0
6.285	-35.1138	687.494507	40.906483	0.185691	0	-0.35956	1.10E-05	1.072531	8.00E-06	0	0	0	-0.13	0	0.305	0	0	0
6.286	-35.274551	684.210754	40.749783	0.185691	0	-0.360412	3.00E-06	1.116691	8.00E-06	0	0	0	-0.13	0	0.305	0	0	0
6.287	-35.274551	683.178162	40.044643	0.185719	0	-0.360773	3.00E-06	1.013567	5.00E-06	0	0	0	-0.13	0	0.305	0	0	0
6.288	-35.274551	680.940979	39.80957	0.185719	0	-0.360773	5.00E-06	1.117442	5.00E-06	0	0	0	-0.13	0	0.305	0	0	0
6.289	-34.960983	680.416443	39.574581	0.185769	0	-0.361213	5.00E-06	0.974217	6.00E-06	0	0	0	-0.13	0	0.305	0	0	0
6.29	-34.879524	678.864624	39.104561	0.185727	0	-0.361627	5.00E-06	0.98397	6.00E-06	0	0	0	-0.13	0	0.305	0	0	0
6.291	-34.879524	676.461182	39.104561	0.185769	0	-0.361627	2.00E-06	0.982074	6.00E-06	0	0	0	-0.13	0	0.305	0	0	0
6.292	-34.879524	675.078796	38.869446	0.185727	0	-0.361627	2.00E-06	0.98397	8.00E-06	0	0	0	-0.13	0	0.305	0	0	0
6.293	-34.803116	675.070679	38.321453	0.185912	0	-0.362279	1.00E-06	0.982074	8.00E-06	0	0	0	-0.13	0	0.305	0	0	0
6.294	-34.803116	674.728455	38.242722	0.185894	0	-0.36243	2.00E-06	0.99226	8.00E-06	0	0	0	-0.13	0	0.305	0	0	0
6.295	-35.193813	673.870239	37.616035	0.185979	0	-0.362347	5.00E-06	0.970078	1.00E-05	0	0	0	-0.13	0	0.305	0	0	0
6.296	-35.193813	672.319275	37.067604	0.185982	0	-0.36243	1.30E-05	0.970078	1.00E-05	0	0	0	-0.13	0	0.305	0	0	0
6.297	-35.193813	672.144897	36.989273	0.186048	0	-0.362444	1.30E-05	0.968926	6.00E-06	0	0	0	-0.13	0	0.305	0	0	0
6.298	-35.35096	670.767578	36.75436	0.186346	0	-0.362624	1.10E-05	0.959009	6.00E-06	0	0	0	-0.13	0	0.305	0	0	0
6.299	-35.354568	670.767578	36.44112	0.186361	0	-0.363278	7.00E-06	0.959009	4.00E-06	0	0	0	-0.13	0	0.305	0	0	0
6.3	-35.354568	669.554016	36.44112	0.186392	0	-0.363648	7.00E-06	0.918889	7.00E-06	0	0	0	-0.13	0	0.305	0	0	0
6.301	-35.354568	670.063171	36.049267	0.186392	0	-0.363648	7.00E-06	0.918889	4.00E-06	0	0	0	-0.13	0	0.305	0	0	0
6.302	-36.053062	669.554016	35.422543	0.186409	0	-0.363933	1.40E-05	0.918889	8.00E-06	0	0	0	-0.13	0	0.305	0	0	0
6.303	-35.660919	668.169678	35.187508	0.186409	0	-0.363933	7.00E-06	0.752667	6.00E-06	0	0	0	-0.13	0	0.305	0	0	0
6.304	-36.059555	668.169678	34.952316	0.186269	0	-0.364453	1.40E-05	1.077467	8.00E-06	0	0	0	-0.13	0	0.305	0	0	0
6.305	-35.660919	668.169678	34.874027	0.186269	0	-0.364453	1.50E-05	0.881376	6.00E-06	0	0	0	-0.13	0	0.305	0	0	0
6.306	-36.059555	664.534973	34.795815	0.186354	0	-0.365061	1.50E-05	1.032023	1.00E-05	0	0	0	-0.13	0	0.305	0	0	0
6.307	-35.976654	664.200134	34.325871	0.186363	0	-0.365273	1.50E-05	0.881376	-3.00E-06	0	0	0	-0.13	0	0.305	0	0	0
6.308	-35.976654	662.652222	34.325832	0.186363	0	-0.365307	8.00E-06	0.961242	4.00E-06	0	0	0	-0.13	0	0.305	0	0	0
6.309	-35.976654	662.292297	33.698906	0.18638	0	-0.36587	2.10E-05	0.853248	4.00E-06	0	0	0	-0.13	0	0.305	0	0	0
6.31	-35.897362	661.603394	33.464153	0.186211	0	-0.36587	8.00E-06	0.87921	4.00E-06	0	0	0	-0.13	0	0.305	0	0	0
6.311	-35.897362	661.434448	33.463837	0.18641	0	-0.36598	1.20E-05	0.831276	3.00E-06	0	0	0	-0.13	0	0.305	0	0	0
6.312	-35.742378	660.234863	33.150673	0.186512	0	-0.36598	1.10E-05	0.799197	3.00E-06	0	0	0	-0.13	0	0.305	0	0	0
6.313	-35.508827	659.70874	32.523987	0.186844	0	-0.366207	1.20E-05	0.799076	8.00E-06	0	0	0	-0.13	0	0.305	0	0	0
6.314	-35.508827	659.356567	32.445538	0.186512	0	-0.366618	1.80E-05	0.709425	8.00E-06	0	0	0	-0.13	0	0.305	0	0	0
6.315	-35.115963	659.202332	32.367287	0.18663	0	-0.366526	1.80E-05	0.709425	4.00E-06	0	0	0	-0.13	0	0.305	0	0	0
6.316	-35.585957	659.356567	31.427078	0.18641	0	-0.366526	1.30E-05	0.709425	4.00E-06	0	0	0	-0.13	0	0.305	0	0	0
6.317	-35.585957	659.19342	31.505371	0.186468	0	-0.366526	1.30E-05	0.726995	6.00E-06	0	0	0	-0.13	0	0.305	0	0	0
6.318	-35.820229	658.501404	31.113598	0.186468	0	-0.366553	7.00E-06	0.738753	7.00E-06	0	0	0	-0.13	0	0.305	0	0	0
6.319	-35.975933	658.501404	30.565205	0.187004	0	-0.367218	6.00E-06	0.738753	1.00E-05	0	0	0	-0.13	0	0.305	0	0	0
6.32	-35.820229	658.836182	30.251801	0.187004	0	-0.367307	6.00E-06	0.738753	1.00E-05	0	0	0	-0.13	0	0.305	0	0	0
6.321	-35.585957	659.18335	30.095139	0.187004	0	-0.367353	1.50E-05	0.767391	2.00E-06	0	0	0	-0.13	0	0.305	0	0	0
6.322	-35.585957	658.836182	29.46825	0.186916	0	-0.367777	1.50E-05	0.767391	2.00E-06	0	0	0	-0.13	0	0.305	0	0	0
6.323	-35.663807	659.000488	29.311634	0.186916	0	-0.367829	1.20E-05	0.767391	6.00E-06	0	0	0	-0.13	0	0.305	0	0	0
6.324	-35.663807	659.000488	28.841488	0.186916	0	-0.368107	1.20E-05	0.725808	8.00E-06	0	0	0	-0.13	0	0.305	0	0	0
6.325	-35.505219	659.163208	28.449753	0.186978	0	-0.36883	1.20E-05	0.692882	6.00E-06	0	0	0	-0.13	0	0.305	0	0	0
6.326	-35.271667	660.026489	27.901201	0.187042	0	-0.369125	1.50E-05	0.692882	6.00E-06	0	0	0	-0.13	0	0.305	0	0	0
6.327	-35.271667	659.844482	27.744459	0.187107	0	-0.369125	-1.00E-06	0.668325	6.00E-06	0	0	0	-0.13	0	0.305	0	0	0
6.328	-35.271667	659.844482	27.509624	0.187042	0	-0.369106	1.50E-05	0.557683	6.00E-06	0	0	0	-0.13	0	0.305	0	0	0
6.329	-35.193092	659.505371	27.196184	0.187065	0	-0.369106	1.10E-05	0.557683	6.00E-06	0	0	0	-0.13	0	0.305	0	0	0
6.33	-35.115242	659.150146	26.804573	0.186807	0	-0.369725	1.50E-05	0.651759	1.20E-05	0	0	0	-0.13	0	0.305	0	0	0
6.331	-35.115242	659.150146	26.726	0.187065	0	-0.369783	1.60E-05	0.651759	1.10E-05	0	0	0	-0.13	0	0.305	0	0	0
6.332	-35.115242	658.113647	26.412716	0.187108	0	-0.369823	1.60E-05	0.624918	1.10E-05	0	0	0	-0.13	0	0.305	0	0	0
6.333	-34.176701	660.18811	26.334347	0.187181	0	-0.369783	2.00E-05	0.554345	1.10E-05	0	0	0	-0.13	0	0.305	0	0	0
6.334	-34.797344	660.18811	26.334347	0.187181	0	-0.370108	7.00E-06	0.518218	6.00E-06	0	0	0	-0.13	0	0.305	0	0	0
6.335	-33.863132	660.512451	25.237438	0.187191	0	-0.370445	3.00E-06	0.474481	6.00E-06	0	0	0	-0.13	0	0.305	0	0	0
6.336	-34.797344	662.593018	25.158945	0.187474	0	-0.370449	3.00E-06	0.474481	8.00E-06	0	0	0	-0.13	0	0.305	0	0	0
6.337	-34.40881	662.065002	25.002327	0.187526	0	-0.370554	2.40E-05	0.483413	8.00E-06	0	0	0	-0.13	0	0.305	0	0	0
6.338	-34.644527	662.760498	24.297234	0.187613	0	-0.370449	2.40E-05	0.540654	8.00E-06	0	0	0	-0.13	0	0.305	0	0	0
6.339	-34.40881	662.760498	23.827087	0.187736	0	-0.370717	1.40E-05	0.522048	7.00E-06	0	0	0	-0.13	0	0.305	0	0	0
6.34	-34.330238	664.458008	23.592094	0.18775	0	-0.37165	1.20E-05	0.522048	7.00E-06	0	0	0	-0.13	0	0.305	0	0	0
6.341	-34.250225	664.641541	23.513645	0.18775	0	-0.371795	1.40E-05	0.456622	7.00E-06	0	0	0	-0.13	0	0.305	0	0	0
6.342	-34.250225	666.86908	22.886959	0.18775	0	-0.372203	1.70E-05	0.39489	3.00E-06	0	0	0	-0.13	0	0.305	0	0	0
6.343	-34.250225	667.54834	22.730137	0.187817	0	-0.372372	1.70E-05	0.391866	2.00E-06	0	0	0	-0.13	0	0.305	0	0	0
6.344	-34.015949	667.54834	22.260195	0.187572	0	-0.37258	1.30E-05	0.39489	2.00E-06	0	0	0	-0.13	0	0.305	0	0	0
6.345	-34.012341	667.537964	22.260195	0.187832	0	-0.372976	1.10E-05	0.296468	1.00E-05	0	0	0	-0.13	0	0.305	0	0	0
6.346	-34.015949	667.537964	22.025122	0.187909	0	-0.373083	1.10E-05	0.405326	1.00E-05	0	0	0	-0.13	0	0.305	0	0	0
6.347	-34.012341	667.53595	22.495186	0.187917	0	-0.373292	1.10E-05	0.300453	2.00E-06	0	0	0	-0.13	0	0.305	0	0	0
6.348	-34.01667	668.389587	21.711679	0.187909	0	-0.373907	1.10E-05	0.300453	2.00E-06	0	0	0	-0.13	0	0.305	0	0	0
6.349	-33.93449	668.389587	21.711679	0.187917	0	-0.373977	6.00E-06	0.300453	2.00E-06	0	0	0	-0.13	0	0.305	0	0	0
6.35	-33.780231	668.389587	21.711599	0.188046	0	-0.374023	1.80E-05	0.168744	4.00E-06	0	0	0	-0.13	0	0.305	0	0	0
6.351	-33.383762	671.318359	21.711599	0.188046	0	-0.374064	2.10E-05	0.290012	4.00E-06	0	0	0	-0.13	0	0.305	0	0	0
6.352	-33.383762	670.455811	20.928333	0.188046	0	-0.374541	2.10E-05	0.290012	9.00E-06	0	0	0	-0.13	0	0.305	0	0	0
6.353	-33.311684	671.475708	20.84992	0.188102	0	-0.374541	1.80E-05	0.290012	9.00E-06	0	0	0	-0.13	0	0.305	0	0	0
6.354	-33.620197	671.475708	20.37978	0.18826	0	-0.374582	1.40E-05	0.180325	9.00E-06	0	0	0	-0.13	0	0.305	0	0	0
6.355	-33.070911	672.68457	20.066376	0.188283	0	-0.374785	1.40E-05	0.145743	8.00E-06	0	0	0	-0.13	0	0.305	0	0	0
6.356	-33.230225	673.88916	20.066334	0.188373	0	-0.374837	1.40E-05	0.166359	2.00E-06	0	0	0	-0.13	0	0.305	0	0	0
6.357	-33.230225	673.88916	19.596312	0.188373	0	-0.375133	2.50E-05	0.085382	2.00E-06	0	0	0	-0.13	0	0.305	0	0	0
6.358	-33.537296	675.427795	18.891056	0.188546	0	-0.375303	2.70E-05	0.000866	2.00E-06	0	0	0	-0.13	0	0.305	0	0	0
6.359	-33.930161	676.96875	18.812969	0.188548	0	-0.37571	2.50E-05	0.000866	3.00E-06	0	0	0	-0.13	0	0.305	0	0	0
6.36	-33.618034	677.676941	18.421234	0.188548	0	-0.375826	2.60E-05	0.043266	7.00E-06	0	0	0	-0.13	0	0.305	0	0	0
6.361	-34.010178	676.96875	18.107712	0.188548	0	-0.376022	2.10E-05	0.043266	7.00E-06	0	0	0	-0.13	0	0.305	0	0	0
6.362	-34.31797	678.006714	17.872721	0.188531	0	-0.376749	2.10E-05	-0.010137	5.00E-06	0	0	0	-0.13	0	0.305	0	0	0
6.363	-34.31797	678.503479	17.715935	0.188873	0	-0.376749	2.10E-05	-0.070908	5.00E-06	0	0	0	-0.13	0	0.305	0	0	0
6.364	-34.31797	679.890564	17.715935	0.188483	0	-0.376749	1.80E-05	-0.10151	8.00E-06	0	0	0	-0.13	0	0.305	0	0	0
6.365	-34.396545	679.890564	17.324326	0.18874	0	-0.377188	1.40E-05	-0.10151	8.00E-06	0	0	0	-0.13	0	0.305	0	0	0
6.366	-35.254349	680.217651	17.245995	0.18874	0	-0.377205	1.30E-05	-0.07878	7.00E-06	0	0	0	-0.13	0	0.305	0	0	0
6.367	-35.254349	681.590759	17.167746	0.188795	0	-0.377653	1.30E-05	-0.07878	3.00E-06	0	0	0	-0.13	0	0.305	0	0	0
6.368	-35.254349	681.590759	16.540819	0.188938	0	-0.377998	1.50E-05	-0.117345	3.00E-06	0	0	0	-0.13	0	0.305	0	0	0
6.369	-35.25507	680.715942	16.540819	0.188795	0	-0.377998	1.50E-05	-0.129444	3.00E-06	0	0	0	-0.13	0	0.305	0	0	0
6.37	-35.411491	680.715942	16.384359	0.18876	0	-0.37807	2.10E-05	-0.146625	3.00E-06	0	0	0	-0.13	0	0.305	0	0	0
6.371	-35.411491	680.732178	16.305666	0.18876	0	-0.378303	2.00E-05	-0.166972	6.00E-06	0	0	0	-0.13	0	0.305	0	0	0
6.372	-35.411491	680.732178	16.305666	0.18876	0	-0.378423	2.00E-05	-0.166972	6.00E-06	0	0	0	-0.13	0	0.305	0	0	0
6.373	-35.17289	681.930969	15.3657	0.18884	0	-0.378898	2.00E-05	-0.172888	7.00E-06	0	0	0	-0.13	0	0.305	0	0	0
6.374	-35.488621	682.265686	15.3657	0.18884	0	-0.379136	1.50E-05	-0.159467	7.00E-06	0	0	0	-0.13	0	0.305	0	0	0
6.375	-35.956451	682.265686	15.3659	0.189145	0	-0.379397	1.50E-05	-0.23449	2.00E-06	0	0	0	-0.13	0	0.305	0	0	0
6.376	-35.956451	683.638916	15.3659	0.189145	0	-0.379397	2.30E-05	-0.208566	2.00E-06	0	0	0	-0.13	0	0.305	0	0	0
6.377	-35.956451	682.088257	14.817266	0.189173	0	-0.379397	2.30E-05	-0.250461	6.00E-06	0	0	0	-0.13	0	0.305	0	0	0
6.378	-36.42572	683.81134	14.660725	0.189065	0	-0.379713	1.70E-05	-0.208566	1.00E-05	0	0	0	-0.13	0	0.305	0	0	0
6.379	-36.42572	684.147644	14.268751	0.189301	0	-0.379771	1.70E-05	-0.292895	1.00E-05	0	0	0	-0.13	0	0.305	0	0	0
6.38	-36.42572	684.147644	13.877098	0.189317	0	-0.380342	1.60E-05	-0.292895	3.00E-06	0	0	0	-0.13	0	0.305	0	0	0
6.381	-36.810646	684.147644	13.563978	0.189317	0	-0.380544	1.00E-05	-0.292895	3.00E-06	0	0	0	-0.13	0	0.305	0	0	0
6.382	-37.049973	686.192749	13.485323	0.189337	0	-0.380972	7.00E-06	-0.407876	6.00E-06	0	0	0	-0.13	0	0.305	0	0	0
6.383	-37.049973	686.350098	13.328743	0.189263	0	-0.380972	7.00E-06	-0.166929	6.00E-06	0	0	0	-0.13	0	0.305	0	0	0
6.384	-37.201344	686.192749	13.250454	0.189282	0	-0.381396	6.00E-06	-0.227041	4.00E-06	0	0	0	-0.13	0	0.305	0	0	0
6.385	-37.284245	686.016846	13.172043	0.189153	0	-0.381559	7.00E-06	-0.195198	4.00E-06	0	0	0	-0.13	0	0.305	0	0	0
6.386	-37.284245	686.016846	12.78039	0.189282	0	-0.381854	7.00E-06	-0.227041	4.00E-06	0	0	0	-0.13	0	0.305	0	0	0
6.387	-37.284245	685.316345	12.702219	0.189141	0	-0.382619	7.00E-06	-0.228907	0.00E+00	0	0	0	-0.13	0	0.305	0	0	0
6.388	-37.282803	683.934631	12.153666	0.189464	0	-0.382991	6.00E-06	-0.241118	0	0	0	0	-0.13	0	0.305	0	0	0
6.389	-37.282803	683.07019	11.996962	0.189185	0	-0.38345	6.00E-06	-0.31805	9.00E-06	0	0	0	-0.13	0	0.305	0	0	0
6.39	-37.282803	683.07019	12.153666	0.189231	0	-0.38345	7.00E-06	-0.241118	1.00E-05	0	0	0	-0.13	0	0.305	0	0	0
6.391	-36.967072	684.788208	12.075373	0.189231	0	-0.383021	1.00E-05	-0.29941	1.00E-05	0	0	0	-0.13	0	0.305	0	0	0
6.392	-36.892105	684.788208	12.075373	0.189334	0	-0.383021	1.10E-05	-0.29941	4.00E-06	0	0	0	-0.13	0	0.305	0	0	0
6.393	-36.81353	685.132263	11.370239	0.18943	0	-0.383155	1.50E-05	-0.324651	3.00E-06	0	0	0	-0.13	0	0.305	0	0	0
6.394	-36.734959	685.132263	11.135368	0.189334	0	-0.383367	1.50E-05	-0.324651	4.00E-06	0	0	0	-0.13	0	0.305	0	0	0
6.395	-36.734959	685.132263	10.743433	0.18932	0	-0.383254	7.00E-06	-0.446108	3.00E-06	0	0	0	-0.13	0	0.305	0	0	0
6.396	-36.733517	684.955688	10.665184	0.189215	0	-0.384123	5.00E-06	-0.456742	4.00E-06	0	0	0	-0.13	0	0.305	0	0	0
6.397	-36.809921	684.955688	10.19492	0.189313	0	-0.383812	5.00E-06	-0.456742	5.00E-06	0	0	0	-0.13	0	0.305	0	0	0
6.398	-36.887775	685.643799	10.116871	0.189313	0	-0.383851	9.00E-06	-0.456742	5.00E-06	0	0	0	-0.13	0	0.305	0	0	0
6.399	-37.047085	687.529968	9.881678	0.189313	0	-0.383851	9.00E-06	-0.319473	-1.00E-06	0	0	0	-0.13	0	0.305	0	0	0
6.4	-36.892826	687.682678	9.803425	0.189748	0	-0.384225	-2.00E-06	-0.321276	-1.00E-06	0	0	0	-0.13	0	0.305	0	0	0
6.401	-37.127823	687.682678	9.489944	0.189435	0	-0.384486	-2.00E-06	-0.250686	0.00E+00	0	0	0	-0.13	0	0.305	0	0	0
6.402	-37.127823	688.191406	9.098291	0.189435	0	-0.385323	9.00E-06	-0.321276	1.10E-05	0	0	0	-0.13	0	0.305	0	0	0
6.403	-37.127823	687.496643	8.628109	0.189435	0	-0.385542	9.00E-06	-0.371994	6.00E-06	0	0	0	-0.13	0	0.305	0	0	0
6.404	-36.734238	687.316162	8.392912	0.189577	0	-0.386635	1.40E-05	-0.371994	6.00E-06	0	0	0	-0.13	0	0.305	0	0	0
6.405	-36.577091	687.316162	8.079632	0.189577	0	-0.386635	9.00E-06	-0.404545	6.00E-06	0	0	0	-0.13	0	0.305	0	0	0
6.406	-36.577091	687.835754	7.844679	0.189715	0	-0.386491	9.00E-06	-0.351366	6.00E-06	0	0	0	-0.13	0	0.305	0	0	0
6.407	-36.577091	687.835754	7.844679	0.189117	0	-0.386491	5.00E-06	-0.319103	1.10E-05	0	0	0	-0.13	0	0.305	0	0	0
6.408	-36.500687	689.552612	7.452787	0.18944	0	-0.386491	5.00E-06	-0.319103	6.00E-06	0	0	0	-0.13	0	0.305	0	0	0
6.409	-36.577091	688.335632	7.609768	0.18944	0	-0.386638	5.00E-06	-0.398741	4.00E-06	0	0	0	-0.13	0	0.305	0	0	0
6.41	-35.797142	688.335632	7.061092	0.18944	0	-0.386654	2.10E-05	-0.476928	0	0	0	0	-0.13	0	0.305	0	0	0
6.411	-35.717846	687.989258	6.826223	0.189454	0	-0.386757	1.80E-05	-0.476928	0	0	0	0	-0.13	0	0.305	0	0	0
6.412	-35.480682	687.980347	6.826223	0.189429	0	-0.387964	1.80E-05	-0.476928	1.00E-06	0	0	0	-0.13	0	0.305	0	0	0
6.413	-35.480682	687.641235	6.747732	0.189454	0	-0.387964	8.00E-06	-0.418688	5.00E-06	0	0	0	-0.13	0	0.305	0	0	0
6.414	-35.172169	687.641235	6.512659	0.189607	0	-0.388195	5.00E-06	-0.645532	1.00E-06	0	0	0	-0.13	0	0.305	0	0	0
6.415	-34.619995	689.862305	5.415951	0.189607	0	-0.387423	8.00E-06	-0.759419	5.00E-06	0	0	0	-0.13	0	0.305	0	0	0
6.416	-34.619995	689.866089	4.945889	0.189909	0	-0.388195	5.00E-06	-0.759419	6.00E-06	0	0	0	-0.13	0	0.305	0	0	0
6.417	-34.625046	689.866089	4.867477	0.189538	0	-0.388201	1.20E-05	-0.464883	6.00E-06	0	0	0	-0.13	0	0.305	0	0	0
6.418	-34.781467	689.866089	4.632526	0.189902	0	-0.388201	1.00E-06	-0.464883	6.00E-06	0	0	0	-0.13	0	0.305	0	0	0
6.419	-34.781467	690.185852	4.632526	0.189491	0	-0.388482	1.40E-05	-0.464883	6.00E-06	0	0	0	-0.13	0	0.305	0	0	0
6.42	-34.781467	691.243164	4.632526	0.189861	0	-0.388586	8.00E-06	-0.551976	6.00E-06	0	0	0	-0.13	0	0.305	0	0	0
6.421	-34.782188	692.08252	4.475824	0.189861	0	-0.389243	1.40E-05	-0.465435	6.00E-06	0	0	0	-0.13	0	0.305	0	0	0
6.422	-34.700733	692.08252	4.0056	0.189861	0	-0.389877	1.10E-05	-0.5529	5.00E-06	0	0	0	-0.13	0	0.305	0	0	0
6.423	-34.700733	692.417603	3.614107	0.189939	0	-0.390024	1.10E-05	-0.54205	5.00E-06	0	0	0	-0.13	0	0.305	0	0	0
6.424	-34.625767	691.207214	3.692518	0.189512	0	-0.390024	1.10E-05	-0.5529	5.00E-06	0	0	0	-0.13	0	0.305	0	0	0
6.425	-34.467178	690.841125	3.692518	0.189899	0	-0.39085	1.10E-05	-0.559576	9.00E-06	0	0	0	-0.13	0	0.305	0	0	0
6.426	-34.39077	690.841125	3.692518	0.189876	0	-0.391342	-3.00E-06	-0.561959	9.00E-06	0	0	0	-0.13	0	0.305	0	0	0
6.427	-34.390049	690.499756	3.614027	0.189876	0	-0.391394	-3.00E-06	-0.561959	9.00E-06	0	0	0	-0.13	0	0.305	0	0	0
6.428	-33.921501	690.499756	3.065794	0.189876	0	-0.391649	1.00E-06	-0.561959	7.00E-06	0	0	0	-0.13	0	0.305	0	0	0
6.429	-33.921501	689.973633	3.535656	0.189658	0	-0.391649	6.00E-06	-0.536651	8.00E-06	0	0	0	-0.13	0	0.305	0	0	0
6.43	-33.920059	689.973633	3.065794	0.189923	0	-0.391689	6.00E-06	-0.461136	8.00E-06	0	0	0	-0.13	0	0.305	0	0	0
6.431	-33.609375	690.304138	2.830761	0.190099	0	-0.392419	1.10E-05	-0.461136	1.00E-05	0	0	0	-0.13	0	0.305	0	0	0
6.432	-33.300137	690.304138	2.830761	0.190099	0	-0.392677	1.10E-05	-0.461136	1.40E-05	0	0	0	-0.13	0	0.305	0	0	0
6.433	-33.217957	690.304138	2.830761	0.190067	0	-0.392677	2.00E-05	-0.59153	1.40E-05	0	0	0	-0.13	0	0.305	0	0	0
6.434	-33.222282	689.779175	2.360577	0.189746	0	-0.392876	2.00E-05	-0.559877	1.50E-05	0	0	0	-0.13	0	0.305	0	0	0
6.435	-32.907272	690.641602	2.282488	0.190067	0	-0.392904	1.80E-05	-0.559877	1.10E-05	0	0	0	-0.13	0	0.305	0	0	0
6.436	-32.907272	690.974548	2.204079	0.189725	0	-0.393067	1.20E-05	-0.559877	1.40E-05	0	0	0	-0.13	0	0.305	0	0	0
6.437	-32.907272	690.974548	2.203876	0.189987	0	-0.393068	1.20E-05	-0.720163	1.10E-05	0	0	0	-0.13	0	0.305	0	0	0
6.438	-32.985123	690.974548	1.812504	0.189987	0	-0.393883	2.20E-05	-0.720163	4.00E-06	0	0	0	-0.13	0	0.305	0	0	0
6.439	-33.455116	692.503906	1.812504	0.190133	0	-0.394251	2.20E-05	-0.572214	1.00E-06	0	0	0	-0.13	0	0.305	0	0	0
6.44	-33.455116	692.513123	1.498821	0.190133	0	-0.394604	1.70E-05	-0.572214	1.00E-06	0	0	0	-0.13	0	0.305	0	0	0
6.441	-33.377266	692.503906	1.42065	0.19021	0	-0.394622	1.60E-05	-0.572214	8.00E-06	0	0	0	-0.13	0	0.305	0	0	0
6.442	-33.065861	691.639404	1.26399	0.190127	0	-0.395123	1.60E-05	-0.552433	8.00E-06	0	0	0	-0.13	0	0.305	0	0	0
6.443	-33.065861	691.639404	1.42065	0.190416	0	-0.395123	1.70E-05	-0.552433	8.00E-06	0	0	0	-0.13	0	0.305	0	0	0
6.444	-33.065861	690.943237	1.26399	0.190334	0	-0.395228	1.90E-05	-0.664987	1.40E-05	0	0	0	-0.13	0	0.305	0	0	0
6.445	-32.831589	689.901367	1.420692	0.190334	0	-0.395933	1.70E-05	-0.664987	1.40E-05	0	0	0	-0.13	0	0.305	0	0	0
6.446	-33.140827	689.901367	1.107288	0.190308	0	-0.396522	1.40E-05	-0.664987	1.40E-05	0	0	0	-0.13	0	0.305	0	0	0
6.447	-32.908718	691.087097	1.18582	0.190054	0	-0.396522	1.30E-05	-0.620695	6.00E-06	0	0	0	-0.13	0	0.305	0	0	0
6.448	-33.140827	691.087097	1.185741	0.190308	0	-0.396522	1.20E-05	-0.620695	6.00E-06	0	0	0	-0.13	0	0.305	0	0	0
6.449	-32.908718	690.587891	1.185741	0.190054	0	-0.396655	0.00E+00	-0.620695	6.00E-06	0	0	0	-0.13	0	0.305	0	0	0
6.45	-33.145157	689.37207	1.107733	0.190417	0	-0.397005	-1.00E-06	-0.545182	7.00E-06	0	0	0	-0.13	0	0.305	0	0	0
6.451	-32.675163	689.189697	0.480564	0.19028	0	-0.397122	-1.00E-06	-0.558222	6.00E-06	0	0	0	-0.13	0	0.305	0	0	0
6.452	-32.675163	689.015259	0.637346	0.190413	0	-0.397308	8.00E-06	-0.558222	4.00E-06	0	0	0	-0.13	0	0.305	0	0	0
6.453	-32.675163	689.015259	0.245613	0.190413	0	-0.398116	1.00E-05	-0.586786	1.00E-06	0	0	0	-0.13	0	0.305	0	0	0
6.454	-32.909439	689.352417	-0.067709	0.1905	0	-0.398187	1.00E-05	-0.586786	3.00E-06	0	0	0	-0.13	0	0.305	0	0	0
6.455	-33.065861	689.352417	-0.302742	0.19052	0	-0.398187	1.00E-05	-0.586786	3.00E-06	0	0	0	-0.13	0	0.305	0	0	0
6.456	-33.145157	689.352417	-0.380991	0.190582	0	-0.398187	1.80E-05	-0.573431	4.00E-06	0	0	0	-0.13	0	0.305	0	0	0
6.457	-33.612984	690.036621	-0.380991	0.190828	0	-0.399053	2.20E-05	-0.588064	5.00E-06	0	0	0	-0.13	0	0.305	0	0	0
6.458	-33.769405	691.929321	-1.242828	0.190907	0	-0.399053	2.20E-05	-0.554793	1.30E-05	0	0	0	-0.13	0	0.305	0	0	0
6.459	-34.006569	690.538452	-0.537611	0.190907	0	-0.399103	7.00E-06	-0.484545	5.00E-06	0	0	0	-0.13	0	0.305	0	0	0
6.46	-34.006569	690.538452	-1.242828	0.190907	0	-0.399796	7.00E-06	-0.484545	1.30E-05	0	0	0	-0.13	0	0.305	0	0	0
6.461	-34.551525	690.018433	-1.086086	0.190806	0	-0.399959	7.00E-06	-0.484545	9.00E-06	0	0	0	-0.13	0	0.305	0	0	0
6.462	-34.471508	690.018433	-1.556068	0.190763	0	-0.399993	1.60E-05	-0.620614	9.00E-06	0	0	0	-0.13	0	0.305	0	0	0
6.463	-34.786522	691.210327	-1.71273	0.190763	0	-0.400155	7.00E-06	-0.539719	7.00E-06	0	0	0	-0.13	0	0.305	0	0	0
6.464	-34.863647	691.210327	-1.712811	0.190851	0	-0.400575	7.00E-06	-0.539719	7.00E-06	0	0	0	-0.13	0	0.305	0	0	0
6.465	-34.863647	691.208008	-1.712811	0.190852	0	-0.401175	7.00E-06	-0.539719	7.00E-06	0	0	0	-0.13	0	0.305	0	0	0
6.466	-35.33292	691.208008	-1.712811	0.190851	0	-0.401202	7.00E-06	-0.457383	1.10E-05	0	0	0	-0.13	0	0.305	0	0	0
6.467	-34.938614	689.998413	-1.869432	0.190887	0	-0.401433	2.20E-05	-0.551465	6.00E-06	0	0	0	-0.13	0	0.305	0	0	0
6.468	-35.175053	691.022034	-2.026094	0.191092	0	-0.401708	1.10E-05	-0.55979	1.00E-05	0	0	0	-0.13	0	0.305	0	0	0
6.469	-35.175053	689.128174	-2.026094	0.191092	0	-0.402179	1.60E-05	-0.55979	6.00E-06	0	0	0	-0.13	0	0.305	0	0	0
6.47	-35.567196	691.022034	-2.574528	0.191081	0	-0.401739	1.60E-05	-0.55979	4.00E-06	0	0	0	-0.13	0	0.305	0	0	0
6.471	-35.719292	691.196411	-2.652819	0.191081	0	-0.402704	1.60E-05	-0.572859	4.00E-06	0	0	0	-0.13	0	0.305	0	0	0
6.472	-35.719292	691.196411	-2.96594	0.190918	0	-0.402861	1.50E-05	-0.673491	7.00E-06	0	0	0	-0.13	0	0.305	0	0	0
6.473	-36.035744	691.006226	-3.122602	0.191418	0	-0.402921	1.40E-05	-0.601205	7.00E-06	0	0	0	-0.13	0	0.305	0	0	0
6.474	-36.18856	691.006226	-3.357874	0.190899	0	-0.402921	1.00E-05	-0.650151	7.00E-06	0	0	0	-0.13	0	0.305	0	0	0
6.475	-36.42572	691.857056	-3.514536	0.191136	0	-0.402921	1.00E-05	-0.601205	7.00E-06	0	0	0	-0.13	0	0.305	0	0	0
6.476	-36.659271	692.039185	-3.749569	0.191136	0	-0.403407	1.00E-05	-0.638087	7.00E-06	0	0	0	-0.13	0	0.305	0	0	0
6.477	-37.204231	692.708008	-3.749647	0.19141	0	-0.403652	1.70E-05	-0.544075	0	0	0	0	-0.13	0	0.305	0	0	0
6.478	-37.596371	692.898926	-4.14118	0.191531	0	-0.403952	-4.00E-06	-0.638087	0.00E+00	0	0	0	-0.13	0	0.305	0	0	0
6.479	-37.749187	695.122559	-4.689533	0.191531	0	-0.40413	1.00E-05	-0.522758	1.00E-06	0	0	0	-0.13	0	0.305	0	0	0
6.48	-38.142773	695.79187	-4.767982	0.191681	0	-0.404515	7.00E-06	-0.56162	2.00E-06	0	0	0	-0.13	0	0.305	0	0	0
6.481	-38.299915	695.804138	-5.473038	0.191257	0	-0.404801	1.00E-05	-0.522758	1.00E-06	0	0	0	-0.13	0	0.305	0	0	0
6.482	-38.299915	695.804138	-5.473038	0.191398	0	-0.404869	1.10E-05	-0.56162	2.00E-06	0	0	0	-0.13	0	0.305	0	0	0
6.483	-38.453453	695.95575	-5.629982	0.191321	0	-0.405359	1.20E-05	-0.408735	7.00E-06	0	0	0	-0.13	0	0.305	0	0	0
6.484	-38.768463	696.293945	-5.78648	0.191398	0	-0.405965	1.20E-05	-0.460246	7.00E-06	0	0	0	-0.13	0	0.305	0	0	0
6.485	-38.768463	696.293945	-6.021593	0.191341	0	-0.406065	1.20E-05	-0.460246	8.00E-06	0	0	0	-0.13	0	0.305	0	0	0
6.486	-39.002018	696.106445	-6.099924	0.191408	0	-0.406632	1.20E-05	-0.542889	8.00E-06	0	0	0	-0.13	0	0.305	0	0	0
6.487	-38.998409	696.106445	-6.178135	0.1914	0	-0.406939	1.50E-05	-0.667883	9.00E-06	0	0	0	-0.13	0	0.305	0	0	0
6.488	-38.998409	696.445557	-6.648157	0.191541	0	-0.406939	1.50E-05	-0.656219	1.10E-05	0	0	0	-0.13	0	0.305	0	0	0
6.489	-38.998409	696.445557	-6.961521	0.191541	0	-0.407022	1.50E-05	-0.667883	9.00E-06	0	0	0	-0.13	0	0.305	0	0	0
6.49	-38.920559	696.958862	-7.196634	0.191541	0	-0.407139	2.30E-05	-0.656219	7.00E-06	0	0	0	-0.13	0	0.305	0	0	0
6.491	-39.699066	696.958862	-7.353336	0.191614	0	-0.407768	2.30E-05	-0.65198	7.00E-06	0	0	0	-0.13	0	0.305	0	0	0
6.492	-39.699791	696.958862	-7.588125	0.191652	0	-0.408323	1.90E-05	-0.65198	7.00E-06	0	0	0	-0.13	0	0.305	0	0	0
6.493	-40.090488	699.01593	-7.980179	0.191721	0	-0.408323	3.00E-06	-0.531118	7.00E-06	0	0	0	-0.13	0	0.305	0	0	0
6.494	-40.482628	699.363525	-7.980179	0.191721	0	-0.408363	1.50E-05	-0.688269	6.00E-06	0	0	0	-0.13	0	0.305	0	0	0
6.495	-40.482628	699.861816	-8.05839	0.191721	0	-0.408363	1.40E-05	-0.531118	5.00E-06	0	0	0	-0.13	0	0.305	0	0	0
6.496	-40.636166	700.371704	-8.528452	0.191802	0	-0.408805	1.50E-05	-0.578537	6.00E-06	0	0	0	-0.13	0	0.305	0	0	0
6.497	-40.639774	701.223389	-8.606703	0.191802	0	-0.408857	1.50E-05	-0.578537	8.00E-06	0	0	0	-0.13	0	0.305	0	0	0
6.498	-40.714737	702.961487	-8.998438	0.192198	0	-0.409218	1.50E-05	-0.580368	1.20E-05	0	0	0	-0.13	0	0.305	0	0	0
6.499	-41.105434	703.293518	-9.076809	0.192006	0	-0.409661	1.50E-05	-0.618027	1.20E-05	0	0	0	-0.13	0	0.305	0	0	0
6.5	-41.105434	703.293518	-9.076809	0.192006	0	-0.410151	1.30E-05	-0.618027	5.00E-06	0	0	0	-0.13	0	0.305	0	0	0
6.501	-41.105434	703.784485	-9.860155	0.192006	0	-0.410538	1.40E-05	-0.666745	5.00E-06	0	0	0	-0.13	0	0.305	0	0	0
6.502	-41.0247	703.263428	-10.016895	0.191986	0	-0.411025	1.30E-05	-0.727104	5.00E-06	0	0	0	-0.13	0	0.305	0	0	0
6.503	-41.103992	703.784485	-9.860193	0.192077	0	-0.411059	1.40E-05	-0.718145	7.00E-06	0	0	0	-0.13	0	0.305	0	0	0
6.504	-41.103992	704.11969	-9.860193	0.191946	0	-0.411102	1.40E-05	-0.718145	4.00E-06	0	0	0	-0.13	0	0.305	0	0	0
6.505	-41.103992	704.11969	-9.860193	0.192217	0	-0.411555	1.40E-05	-0.718145	6.00E-06	0	0	0	-0.13	0	0.305	0	0	0
6.506	-41.49469	704.277466	-10.095064	0.191688	0	-0.411901	1.80E-05	-0.67758	6.00E-06	0	0	0	-0.13	0	0.305	0	0	0
6.507	-41.026142	704.280579	-10.330057	0.191757	0	-0.411645	1.70E-05	-0.777659	8.00E-06	0	0	0	-0.13	0	0.305	0	0	0
6.508	-40.866833	704.789185	-10.64362	0.191757	0	-0.412422	1.70E-05	-0.862983	8.00E-06	0	0	0	-0.13	0	0.305	0	0	0
6.509	-40.866833	704.789185	-10.721668	0.192107	0	-0.412234	1.70E-05	-0.907558	2.00E-06	0	0	0	-0.13	0	0.305	0	0	0
6.51	-40.868275	704.956299	-10.721827	0.192387	0	-0.412422	1.30E-05	-0.907558	2.00E-06	0	0	0	-0.13	0	0.305	0	0	0
6.511	-40.947571	705.64679	-11.348595	0.192239	0	-0.412883	1.90E-05	-0.842176	2.00E-06	0	0	0	-0.13	0	0.305	0	0	0
6.512	-41.103271	705.979248	-11.426842	0.192239	0	-0.413014	1.30E-05	-0.790471	5.00E-06	0	0	0	-0.13	0	0.305	0	0	0
6.513	-41.262581	708.030457	-11.505173	0.192239	0	-0.413353	1.70E-05	-0.787922	5.00E-06	0	0	0	-0.13	0	0.305	0	0	0
6.514	-41.415398	708.89917	-12.05361	0.192214	0	-0.413014	1.70E-05	-0.720514	5.00E-06	0	0	0	-0.13	0	0.305	0	0	0
6.515	-41.415398	709.066528	-12.131941	0.192355	0	-0.413421	1.70E-05	-0.787922	7.00E-06	0	0	0	-0.13	0	0.305	0	0	0
6.516	-41.648949	709.066528	-12.131941	0.19253	0	-0.41363	1.70E-05	-0.797224	5.00E-06	0	0	0	-0.13	0	0.305	0	0	0
6.517	-41.648949	709.557434	-12.915565	0.19253	0	-0.414224	1.70E-05	-0.797224	5.00E-06	0	0	0	-0.13	0	0.305	0	0	0
6.518	-41.961075	710.41803	-13.150438	0.19253	0	-0.415025	7.00E-06	-0.761056	5.00E-06	0	0	0	-0.13	0	0.305	0	0	0
6.519	-42.041092	710.41803	-13.150438	0.19241	0	-0.415025	7.00E-06	-0.761056	3.00E-06	0	0	0	-0.13	0	0.305	0	0	0
6.52	-41.961075	711.785339	-13.542372	0.19241	0	-0.415057	7.00E-06	-0.846044	4.00E-06	0	0	0	-0.13	0	0.305	0	0	0
6.521	-42.429626	712.646362	-13.85537	0.19241	0	-0.415339	1.10E-05	-0.846044	4.00E-06	0	0	0	-0.13	0	0.305	0	0	0
6.522	-42.116776	711.785339	-13.933865	0.192441	0	-0.415604	1.50E-05	-0.897355	6.00E-06	0	0	0	-0.13	0	0.305	0	0	0
6.523	-42.116776	713.156616	-14.012112	0.192682	0	-0.416254	1.50E-05	-0.850584	6.00E-06	0	0	0	-0.13	0	0.305	0	0	0
6.524	-42.116776	710.736938	-14.012274	0.192613	0	-0.416294	1.70E-05	-0.897355	3.00E-06	0	0	0	-0.13	0	0.305	0	0	0
6.525	-42.118221	713.652649	-14.168854	0.192613	0	-0.416254	7.00E-06	-0.850584	2.00E-06	0	0	0	-0.13	0	0.305	0	0	0
6.526	-42.27248	713.652649	-14.168936	0.192613	0	-0.417331	2.30E-05	-0.818348	1.00E-06	0	0	0	-0.13	0	0.305	0	0	0
6.527	-42.118221	713.652649	-15.187395	0.192544	0	-0.417565	1.50E-05	-0.818348	2.00E-06	0	0	0	-0.13	0	0.305	0	0	0
6.528	-41.955303	713.983154	-15.187395	0.19275	0	-0.417565	2.30E-05	-0.910092	2.00E-06	0	0	0	-0.13	0	0.305	0	0	0
6.529	-41.955303	714.480774	-15.187395	0.192544	0	-0.417565	1.90E-05	-0.95177	4.00E-06	0	0	0	-0.13	0	0.305	0	0	0
6.53	-41.881783	715.538452	-15.579205	0.192661	0	-0.41758	1.90E-05	-0.934968	4.00E-06	0	0	0	-0.13	0	0.305	0	0	0
6.531	-41.881783	715.69812	-15.89245	0.192661	0	-0.418071	1.20E-05	-0.948544	5.00E-06	0	0	0	-0.13	0	0.305	0	0	0
6.532	-41.881058	715.69812	-16.519253	0.192661	0	-0.418071	1.20E-05	-0.948544	6.00E-06	0	0	0	-0.13	0	0.305	0	0	0
6.533	-41.881058	717.927124	-16.832819	0.192772	0	-0.418348	1.80E-05	-0.983662	1.10E-05	0	0	0	-0.13	0	0.305	0	0	0
6.534	-42.504589	718.441711	-16.910948	0.192759	0	-0.418414	1.80E-05	-0.983662	6.00E-06	0	0	0	-0.13	0	0.305	0	0	0
6.535	-42.504589	718.777649	-17.694532	0.192995	0	-0.418348	1.90E-05	-0.983662	6.00E-06	0	0	0	-0.13	0	0.305	0	0	0
6.536	-42.660294	722.210938	-17.772945	0.192968	0	-0.418727	1.90E-05	-0.975061	6.00E-06	0	0	0	-0.13	0	0.305	0	0	0
6.537	-42.660294	722.219849	-18.007856	0.193254	0	-0.418887	1.90E-05	-1.009118	9.00E-06	0	0	0	-0.13	0	0.305	0	0	0
6.538	-42.814548	722.56427	-18.007935	0.193344	0	-0.419038	9.00E-06	-1.009118	9.00E-06	0	0	0	-0.13	0	0.305	0	0	0
6.539	-42.892399	723.93042	-19.104805	0.193344	0	-0.419248	1.00E-06	-1.009118	9.00E-06	0	0	0	-0.13	0	0.305	0	0	0
6.54	-42.895287	723.93042	-19.418207	0.193344	0	-0.419494	9.00E-06	-0.987912	3.00E-06	0	0	0	-0.13	0	0.305	0	0	0
6.541	-43.048103	723.93042	-19.418287	0.193313	0	-0.41961	2.10E-05	-0.908537	7.00E-06	0	0	0	-0.13	0	0.305	0	0	0
6.542	-43.440243	724.770874	-19.888313	0.193342	0	-0.419759	2.70E-05	-0.927619	2.00E-06	0	0	0	-0.13	0	0.305	0	0	0
6.543	-43.512321	726.66449	-19.966724	0.193339	0	-0.420344	2.70E-05	-0.927619	3.00E-06	0	0	0	-0.13	0	0.305	0	0	0
6.544	-43.753815	724.770874	-19.966684	0.193339	0	-0.420689	1.70E-05	-0.927619	2.00E-06	0	0	0	-0.13	0	0.305	0	0	0
6.545	-43.512321	726.474609	-20.201796	0.193284	0	-0.421201	7.00E-06	-1.094961	3.00E-06	0	0	0	-0.13	0	0.305	0	0	0
6.546	-43.753815	726.474609	-20.515156	0.193211	0	-0.421264	1.50E-05	-0.798255	6.00E-06	0	0	0	-0.13	0	0.305	0	0	0
6.547	-44.220917	726.474609	-20.750069	0.193211	0	-0.421504	1.50E-05	-0.922341	6.00E-06	0	0	0	-0.13	0	0.305	0	0	0
6.548	-44.220917	727.673462	-21.533693	0.193211	0	-0.421599	1.60E-05	-0.922341	6.00E-06	0	0	0	-0.13	0	0.305	0	0	0
6.549	-43.984478	728.002808	-21.533415	0.193516	0	-0.422152	1.60E-05	-1.015829	2.00E-06	0	0	0	-0.13	0	0.305	0	0	0
6.55	-43.984478	729.391724	-21.533693	0.193516	0	-0.422152	1.40E-05	-1.015829	6.00E-06	0	0	0	-0.13	0	0.305	0	0	0
6.551	-44.059444	730.074524	-22.552275	0.193516	0	-0.422426	1.40E-05	-1.009027	6.00E-06	0	0	0	-0.13	0	0.305	0	0	0
6.552	-44.138016	732.131592	-22.708977	0.193626	0	-0.422426	2.30E-05	-1.009027	8.00E-06	0	0	0	-0.13	0	0.305	0	0	0
6.553	-44.215866	732.301697	-22.943808	0.193833	0	-0.422426	2.30E-05	-1.030944	8.00E-06	0	0	0	-0.13	0	0.305	0	0	0
6.554	-44.217312	732.301697	-23.335701	0.193626	0	-0.422554	2.10E-05	-1.041723	4.00E-06	0	0	0	-0.13	0	0.305	0	0	0
6.555	-45.000149	734.546204	-23.962423	0.193782	0	-0.422772	1.20E-05	-1.041723	4.00E-06	0	0	0	-0.13	0	0.305	0	0	0
6.556	-45.38652	735.213135	-24.119007	0.193782	0	-0.423465	1.50E-05	-0.920977	4.00E-06	0	0	0	-0.13	0	0.305	0	0	0
6.557	-45.620789	736.423462	-24.589148	0.193782	0	-0.423371	1.40E-05	-0.920977	9.00E-06	0	0	0	-0.13	0	0.305	0	0	0
6.558	-46.405796	737.273987	-24.746052	0.193872	0	-0.423542	1.40E-05	-0.920977	1.00E-05	0	0	0	-0.13	0	0.305	0	0	0
6.559	-46.405796	739.688171	-25.216034	0.193745	0	-0.423568	1.40E-05	-0.968289	1.40E-05	0	0	0	-0.13	0	0.305	0	0	0
6.56	-46.250092	739.837524	-25.451147	0.193745	0	-0.423568	1.90E-05	-0.768658	1.40E-05	0	0	0	-0.13	0	0.305	0	0	0
6.561	-46.250092	740.532227	-25.607769	0.193745	0	-0.424066	1.90E-05	-0.907123	1.00E-05	0	0	0	-0.13	0	0.305	0	0	0
6.562	-46.250092	740.532227	-26.391233	0.194035	0	-0.425246	1.20E-05	-0.907123	5.00E-06	0	0	0	-0.13	0	0.305	0	0	0
6.563	-46.478596	740.689453	-26.391233	0.194099	0	-0.425246	1.20E-05	-0.907123	3.00E-06	0	0	0	-0.13	0	0.305	0	0	0
6.564	-47.262154	739.820374	-26.391233	0.194099	0	-0.425323	1.30E-05	-0.835339	3.00E-06	0	0	0	-0.13	0	0.305	0	0	0
6.565	-47.413528	741.020813	-27.01828	0.193884	0	-0.425791	1.30E-05	-0.824463	3.00E-06	0	0	0	-0.13	0	0.305	0	0	0
6.566	-48.353516	741.020813	-27.17462	0.193781	0	-0.425941	1.10E-05	-0.778264	7.00E-06	0	0	0	-0.13	0	0.305	0	0	0
6.567	-48.42992	741.185791	-27.488102	0.193781	0	-0.426201	1.10E-05	-0.768998	8.00E-06	0	0	0	-0.13	0	0.305	0	0	0
6.568	-48.353516	741.355896	-27.566593	0.19403	0	-0.426201	9.00E-06	-0.778264	7.00E-06	0	0	0	-0.13	0	0.305	0	0	0
6.569	-48.273499	743.255188	-28.820004	0.194392	0	-0.426317	1.70E-05	-0.785686	6.00E-06	0	0	0	-0.13	0	0.305	0	0	0
6.57	-48.272053	743.255188	-28.820004	0.194466	0	-0.4264	2.10E-05	-0.845684	2.00E-06	0	0	0	-0.13	0	0.305	0	0	0
6.571	-48.272053	743.255188	-29.60355	0.194466	0	-0.426813	2.10E-05	-0.845684	1.00E-06	0	0	0	-0.13	0	0.305	0	0	0
6.572	-48.272053	744.111816	-29.603672	0.194466	0	-0.426912	1.40E-05	-0.845684	1.00E-06	0	0	0	-0.13	0	0.305	0	0	0
6.573	-48.426315	746.335205	-29.682083	0.194394	0	-0.426912	1.40E-05	-0.8213	6.00E-06	0	0	0	-0.13	0	0.305	0	0	0
6.574	-49.054173	746.335205	-30.387058	0.194394	0	-0.426912	1.00E-05	-0.774426	6.00E-06	0	0	0	-0.13	0	0.305	0	0	0
6.575	-49.054173	746.838135	-30.622169	0.194394	0	-0.426956	1.80E-05	-0.774426	5.00E-06	0	0	0	-0.13	0	0.305	0	0	0
6.576	-49.054173	749.265503	-31.170523	0.194469	0	-0.427594	7.00E-06	-0.774426	5.00E-06	0	0	0	-0.13	0	0.305	0	0	0
6.577	-49.761322	749.420532	-31.405556	0.194756	0	-0.427931	1.80E-05	-0.633798	5.00E-06	0	0	0	-0.13	0	0.305	0	0	0
6.578	-49.835567	750.610474	-31.87582	0.194756	0	-0.427939	1.60E-05	-0.633798	9.00E-06	0	0	0	-0.13	0	0.305	0	0	0
6.579	-49.991989	750.08905	-32.032158	0.194756	0	-0.428034	1.60E-05	-0.677377	8.00E-06	0	0	0	-0.13	0	0.305	0	0	0
6.58	-49.991989	750.08905	-32.737537	0.19473	0	-0.428474	7.00E-06	-0.75235	1.10E-05	0	0	0	-0.13	0	0.305	0	0	0
6.581	-50.381966	750.08905	-32.815948	0.19473	0	-0.429077	5.00E-06	-0.75235	8.00E-06	0	0	0	-0.13	0	0.305	0	0	0
6.582	-50.536224	750.088623	-33.050819	0.194704	0	-0.429405	5.00E-06	-0.708115	6.00E-06	0	0	0	-0.13	0	0.305	0	0	0
6.583	-50.536224	751.451721	-33.050819	0.194776	0	-0.429405	5.00E-06	-0.693308	6.00E-06	0	0	0	-0.13	0	0.305	0	0	0
6.584	-50.536224	752.468079	-33.129189	0.194711	0	-0.429925	6.00E-06	-0.693308	1.50E-05	0	0	0	-0.13	0	0.305	0	0	0
6.585	-50.378357	752.468079	-33.442711	0.19479	0	-0.430105	8.00E-06	-0.663711	1.50E-05	0	0	0	-0.13	0	0.305	0	0	0
6.586	-50.926201	752.468079	-33.67746	0.19493	0	-0.430183	8.00E-06	-0.663711	1.00E-05	0	0	0	-0.13	0	0.305	0	0	0
6.587	-50.693371	751.786133	-33.990982	0.19493	0	-0.43041	2.20E-05	-0.663711	1.00E-05	0	0	0	-0.13	0	0.305	0	0	0
6.588	-50.693371	753.496338	-33.990982	0.195049	0	-0.43041	2.50E-05	-0.717384	1.10E-05	0	0	0	-0.13	0	0.305	0	0	0
6.589	-50.691929	754.708313	-33.990982	0.195049	0	-0.430747	2.50E-05	-0.656939	1.40E-05	0	0	0	-0.13	0	0.305	0	0	0
6.59	-50.538391	754.708313	-34.382721	0.195049	0	-0.430813	1.30E-05	-0.721367	1.40E-05	0	0	0	-0.13	0	0.305	0	0	0
6.591	-50.45116	756.745728	-35.322968	0.194879	0	-0.431188	1.30E-05	-0.793662	1.10E-05	0	0	0	-0.13	0	0.305	0	0	0
6.592	-50.304115	756.745728	-35.792953	0.194863	0	-0.43091	1.90E-05	-0.793662	8.00E-06	0	0	0	-0.13	0	0.305	0	0	0
6.593	-50.304115	756.913452	-36.106392	0.194863	0	-0.43103	2.20E-05	-0.849708	0.00E+00	0	0	0	-0.13	0	0.305	0	0	0
6.594	-50.304115	756.913452	-36.655029	0.194844	0	-0.43103	2.20E-05	-0.676125	3.00E-06	0	0	0	-0.13	0	0.305	0	0	0
6.595	-50.456211	758.635681	-37.359882	0.195063	0	-0.43146	2.20E-05	-0.821435	3.00E-06	0	0	0	-0.13	0	0.305	0	0	0
6.596	-50.771221	758.635681	-37.516827	0.194906	0	-0.431621	2.20E-05	-0.692239	3.00E-06	0	0	0	-0.13	0	0.305	0	0	0
6.597	-50.769058	759.146729	-37.830349	0.195228	0	-0.431788	1.90E-05	-0.760537	1.00E-05	0	0	0	-0.13	0	0.305	0	0	0
6.598	-50.769058	760.68457	-38.143349	0.195098	0	-0.432173	1.60E-05	-0.692239	0.00E+00	0	0	0	-0.13	0	0.305	0	0	0
6.599	-50.769058	760.68457	-38.535324	0.195098	0	-0.432469	1.00E-05	-0.760537	1.20E-05	0	0	0	-0.13	0	0.305	0	0	0
6.6	-50.768337	761.542847	-39.083637	0.195098	0	-0.432469	1.00E-05	-0.726157	1.10E-05	0	0	0	-0.13	0	0.305	0	0	0
6.601	-50.767616	761.700562	-39.083637	0.195247	0	-0.432621	1.80E-05	-0.726157	1.10E-05	0	0	0	-0.13	0	0.305	0	0	0
6.602	-50.612633	761.855957	-39.475571	0.195247	0	-0.432913	1.80E-05	-0.726157	6.00E-06	0	0	0	-0.13	0	0.305	0	0	0
6.603	-50.531898	764.285278	-39.632195	0.195044	0	-0.432632	1.80E-05	-0.69438	6.00E-06	0	0	0	-0.13	0	0.305	0	0	0
6.604	-50.457653	764.7724	-39.632195	0.195044	0	-0.433782	2.00E-05	-0.762774	7.00E-06	0	0	0	-0.13	0	0.305	0	0	0
6.605	-50.451881	764.7724	-39.632195	0.195044	0	-0.433636	2.50E-05	-0.818319	7.00E-06	0	0	0	-0.13	0	0.305	0	0	0
6.606	-49.594799	764.769714	-40.807392	0.195173	0	-0.433844	2.50E-05	-0.818319	1.20E-05	0	0	0	-0.13	0	0.305	0	0	0
6.607	-49.123363	764.769714	-41.826134	0.195017	0	-0.434121	2.50E-05	-0.869897	1.00E-05	0	0	0	-0.13	0	0.305	0	0	0
6.608	-49.123363	765.279663	-41.904541	0.195017	0	-0.434121	2.30E-05	-0.741776	1.00E-05	0	0	0	-0.13	0	0.305	0	0	0
6.609	-49.123363	766.469971	-42.061287	0.194947	0	-0.434121	2.30E-05	-0.741776	1.00E-05	0	0	0	-0.13	0	0.305	0	0	0
6.61	-48.815567	768.032532	-42.923203	0.194947	0	-0.43402	2.00E-05	-0.741776	7.00E-06	0	0	0	-0.13	0	0.305	0	0	0
6.611	-49.049118	768.032532	-43.628174	0.195178	0	-0.434475	2.00E-05	-0.749943	1.20E-05	0	0	0	-0.13	0	0.305	0	0	0
6.612	-48.579849	768.187561	-44.019951	0.195189	0	-0.434475	1.20E-05	-0.800874	1.10E-05	0	0	0	-0.13	0	0.305	0	0	0
6.613	-48.6577	769.918335	-44.098522	0.195218	0	-0.434929	1.20E-05	-0.800874	1.20E-05	0	0	0	-0.13	0	0.305	0	0	0
6.614	-48.6577	771.114441	-45.351891	0.195218	0	-0.434929	8.00E-06	-0.800874	1.10E-05	0	0	0	-0.13	0	0.305	0	0	0
6.615	-49.047676	771.282227	-45.665535	0.195356	0	-0.434728	1.60E-05	-0.754885	1.20E-05	0	0	0	-0.13	0	0.305	0	0	0
6.616	-49.047676	773.516724	-46.05719	0.195343	0	-0.434728	3.00E-06	-0.743791	7.00E-06	0	0	0	-0.13	0	0.305	0	0	0
6.617	-48.654091	775.566406	-46.213852	0.195403	0	-0.434728	-5.00E-06	-0.743791	1.20E-05	0	0	0	-0.13	0	0.305	0	0	0
6.618	-48.654091	775.928223	-46.21389	0.195343	0	-0.434584	-5.00E-06	-0.679812	7.00E-06	0	0	0	-0.13	0	0.305	0	0	0
6.619	-49.048401	777.47345	-47.232548	0.195272	0	-0.434584	1.20E-05	-0.679812	5.00E-06	0	0	0	-0.13	0	0.305	0	0	0
6.62	-49.048401	777.47345	-47.232548	0.195272	0	-0.435263	1.30E-05	-0.679812	2.00E-06	0	0	0	-0.13	0	0.305	0	0	0
6.621	-48.891975	777.979858	-47.232548	0.195272	0	-0.435519	1.20E-05	-0.655731	2.00E-06	0	0	0	-0.13	0	0.305	0	0	0
6.622	-48.731945	778.65332	-48.094425	0.195333	0	-0.435803	1.30E-05	-0.794751	5.00E-06	0	0	0	-0.13	0	0.305	0	0	0
6.623	-48.653374	779.345337	-48.564606	0.195242	0	-0.435519	1.50E-05	-0.794751	5.00E-06	0	0	0	-0.13	0	0.305	0	0	0
6.624	-48.653374	780.720764	-49.113045	0.195329	0	-0.435748	2.60E-05	-0.794751	5.00E-06	0	0	0	-0.13	0	0.305	0	0	0
6.625	-47.874863	780.720764	-49.97496	0.195242	0	-0.435748	2.60E-05	-0.797458	2.00E-06	0	0	0	-0.13	0	0.305	0	0	0
6.626	-48.106972	780.720764	-50.366734	0.195329	0	-0.435788	1.20E-05	-0.823235	1.00E-06	0	0	0	-0.13	0	0.305	0	0	0
6.627	-47.401985	781.742554	-50.9935	0.195294	0	-0.436198	1.20E-05	-0.839742	1.00E-06	0	0	0	-0.13	0	0.305	0	0	0
6.628	-47.401985	782.604614	-51.620384	0.195454	0	-0.435834	6.00E-06	-0.823235	7.00E-06	0	0	0	-0.13	0	0.305	0	0	0
6.629	-47.092022	782.412842	-52.717453	0.195294	0	-0.436198	1.50E-05	-0.796911	1.10E-05	0	0	0	-0.13	0	0.305	0	0	0
6.63	-47.089134	782.945984	-52.952488	0.195271	0	-0.436016	1.50E-05	-0.796911	1.10E-05	0	0	0	-0.13	0	0.305	0	0	0
6.631	-47.089134	783.629517	-53.34446	0.195271	0	-0.436536	1.70E-05	-0.796911	1.10E-05	0	0	0	-0.13	0	0.305	0	0	0
6.632	-47.089134	785.334473	-53.970985	0.195141	0	-0.436536	1.50E-05	-0.826506	4.00E-06	0	0	0	-0.13	0	0.305	0	0	0
6.633	-47.009842	787.400696	-55.303127	0.195532	0	-0.436536	1.70E-05	-0.850636	4.00E-06	0	0	0	-0.13	0	0.305	0	0	0
6.634	-47.009842	787.755981	-55.851601	0.195548	0	-0.436219	1.00E-05	-0.850636	8.00E-06	0	0	0	-0.13	0	0.305	0	0	0
6.635	-47.09058	787.755981	-56.086674	0.195768	0	-0.436219	5.00E-06	-0.772854	8.00E-06	0	0	0	-0.13	0	0.305	0	0	0
6.636	-47.16843	789.115967	-56.713516	0.195768	0	-0.436631	5.00E-06	-0.729901	8.00E-06	0	0	0	-0.13	0	0.305	0	0	0
6.637	-47.713387	789.115967	-57.575436	0.195768	0	-0.436715	7.00E-06	-0.721372	2.00E-06	0	0	0	-0.13	0	0.305	0	0	0
6.638	-47.713387	790.160583	-57.967171	0.195678	0	-0.436896	7.00E-06	-0.721372	3.00E-06	0	0	0	-0.13	0	0.305	0	0	0
6.639	-48.031288	791.185303	-59.064201	0.195494	0	-0.436896	7.00E-06	-0.545646	2.00E-06	0	0	0	-0.13	0	0.305	0	0	0
6.64	-48.26123	791.185303	-59.220863	0.195678	0	-0.437055	2.00E-05	-0.545646	3.00E-06	0	0	0	-0.13	0	0.305	0	0	0
6.641	-48.26123	792.199036	-59.691086	0.195568	0	-0.43744	3.00E-05	-0.545646	8.00E-06	0	0	0	-0.13	0	0.305	0	0	0
6.642	-48.26123	792.199036	-60.944538	0.195732	0	-0.43744	3.30E-05	-0.608014	9.00E-06	0	0	0	-0.13	0	0.305	0	0	0
6.643	-48.649765	792.199036	-61.101437	0.195732	0	-0.43744	3.30E-05	-0.608014	9.00E-06	0	0	0	-0.13	0	0.305	0	0	0
6.644	-48.962608	791.5271	-61.649994	0.195732	0	-0.437493	2.00E-05	-0.573322	6.00E-06	0	0	0	-0.13	0	0.305	0	0	0
6.645	-48.962608	790.313599	-62.981819	0.195558	0	-0.43777	1.70E-05	-0.573322	5.00E-06	0	0	0	-0.13	0	0.305	0	0	0
6.646	-48.647598	790.313599	-63.373753	0.195558	0	-0.437542	1.70E-05	-0.60749	4.00E-06	0	0	0	-0.13	0	0.305	0	0	0
6.647	-48.414047	792.384949	-63.765526	0.195682	0	-0.437687	1.00E-05	-0.618409	1.00E-06	0	0	0	-0.13	0	0.305	0	0	0
6.648	-48.414047	792.555847	-64.940681	0.195682	0	-0.437564	2.00E-05	-0.609503	4.00E-06	0	0	0	-0.13	0	0.305	0	0	0
6.649	-48.414047	792.384949	-65.645981	0.195983	0	-0.437687	1.50E-05	-0.609503	4.00E-06	0	0	0	-0.13	0	0.305	0	0	0
6.65	-48.335472	791.183044	-66.116043	0.195702	0	-0.437901	1.50E-05	-0.609503	7.00E-06	0	0	0	-0.13	0	0.305	0	0	0
6.651	-48.646156	791.183044	-67.134621	0.195875	0	-0.437901	1.50E-05	-0.601536	7.00E-06	0	0	0	-0.13	0	0.305	0	0	0
6.652	-48.959003	791.183044	-67.21299	0.195828	0	-0.437901	1.90E-05	-0.617657	7.00E-06	0	0	0	-0.13	0	0.305	0	0	0
6.653	-49.976837	791.019897	-68.623108	0.195875	0	-0.438203	2.60E-05	-0.592813	7.00E-06	0	0	0	-0.13	0	0.305	0	0	0
6.654	-50.206783	791.019897	-70.895653	0.195828	0	-0.438335	2.60E-05	-0.456111	7.00E-06	0	0	0	-0.13	0	0.305	0	0	0
6.655	-49.976837	792.040894	-71.75753	0.195931	0	-0.438203	2.60E-05	-0.319058	7.00E-06	0	0	0	-0.13	0	0.305	0	0	0
6.656	-50.285355	792.060181	-72.540962	0.196146	0	-0.438335	2.40E-05	-0.319058	8.00E-06	0	0	0	-0.13	0	0.305	0	0	0
6.657	-51.147491	792.060181	-73.794609	0.196146	0	-0.43846	5.00E-06	-0.272824	9.00E-06	0	0	0	-0.13	0	0.305	0	0	0
6.658	-51.382484	792.060181	-75.283295	0.196326	0	-0.43846	5.00E-06	-0.240363	9.00E-06	0	0	0	-0.13	0	0.305	0	0	0
6.659	-51.382484	791.524353	-76.615509	0.196076	0	-0.438771	2.40E-05	-0.272824	9.00E-06	0	0	0	-0.13	0	0.305	0	0	0
6.66	-51.063866	791.011353	-77.634048	0.196076	0	-0.438872	2.40E-05	-0.332774	2.00E-06	0	0	0	-0.13	0	0.305	0	0	0
6.661	-51.063866	791.011353	-79.044563	0.196076	0	-0.439705	3.30E-05	-0.332774	4.00E-06	0	0	0	-0.13	0	0.305	0	0	0
6.662	-51.219566	791.011353	-79.358246	0.196052	0	-0.439705	1.70E-05	-0.257675	3.00E-06	0	0	0	-0.13	0	0.305	0	0	0
6.663	-51.219566	791.184082	-79.593002	0.196047	0	-0.439705	1.40E-05	-0.257675	4.00E-06	0	0	0	-0.13	0	0.305	0	0	0
6.664	-51.530251	788.778015	-80.454994	0.195824	0	-0.43964	1.40E-05	-0.270592	3.00E-06	0	0	0	-0.13	0	0.305	0	0	0
6.665	-51.219566	788.778015	-81.551865	0.196047	0	-0.439564	3.30E-05	-0.322866	3.00E-06	0	0	0	-0.13	0	0.305	0	0	0
6.666	-51.685951	788.429749	-82.178558	0.195683	0	-0.43964	3.30E-05	-0.322866	2.00E-06	0	0	0	-0.13	0	0.305	0	0	0
6.667	-51.37455	787.217773	-83.197289	0.196001	0	-0.439796	1.70E-05	-0.241352	3.00E-06	0	0	0	-0.13	0	0.305	0	0	0
6.668	-51.37455	785.682251	-83.667389	0.196001	0	-0.439971	1.70E-05	-0.241352	3.00E-06	0	0	0	-0.13	0	0.305	0	0	0
6.669	-51.373104	785.507507	-84.372414	0.196001	0	-0.439971	2.40E-05	-0.269197	1.00E-05	0	0	0	-0.13	0	0.305	0	0	0
6.67	-51.373104	783.102844	-85.234566	0.196228	0	-0.440574	2.40E-05	-0.269197	7.00E-06	0	0	0	-0.13	0	0.305	0	0	0
6.671	-51.528084	783.433411	-86.644714	0.196007	0	-0.440574	-3.00E-06	-0.249285	7.00E-06	0	0	0	-0.13	0	0.305	0	0	0
6.672	-51.528084	783.102844	-87.114899	0.196007	0	-0.440809	-3.00E-06	-0.249285	7.00E-06	0	0	0	-0.13	0	0.305	0	0	0
6.673	-51.528084	781.554199	-87.193314	0.196007	0	-0.440809	2.10E-05	-0.249285	8.00E-06	0	0	0	-0.13	0	0.305	0	0	0
6.674	-51.685226	781.373291	-88.13356	0.196118	0	-0.440475	3.60E-05	-0.198088	1.10E-05	0	0	0	-0.13	0	0.305	0	0	0
6.675	-51.685226	781.373291	-88.603584	0.19614	0	-0.440475	2.10E-05	-0.198088	1.10E-05	0	0	0	-0.13	0	0.305	0	0	0
6.676	-51.765968	780.869202	-89.700577	0.19614	0	-0.440475	2.00E-05	-0.215798	1.10E-05	0	0	0	-0.13	0	0.305	0	0	0
6.677	-51.842377	780.865295	-90.327179	0.196153	0	-0.440592	7.00E-06	-0.223525	1.10E-05	0	0	0	-0.13	0	0.305	0	0	0
6.678	-51.997353	778.28479	-90.405632	0.196153	0	-0.440916	7.00E-06	-0.215798	9.00E-06	0	0	0	-0.13	0	0.305	0	0	0
6.679	-52.234516	776.557495	-90.954185	0.196153	0	-0.441289	7.00E-06	-0.038284	6.00E-06	0	0	0	-0.13	0	0.305	0	0	0
6.68	-52.234516	776.039124	-91.110603	0.196129	0	-0.441289	2.10E-05	-0.038284	6.00E-06	0	0	0	-0.13	0	0.305	0	0	0
6.681	-52.782356	772.944153	-91.737335	0.196129	0	-0.441614	2.10E-05	-0.038284	7.00E-06	0	0	0	-0.13	0	0.305	0	0	0
6.682	-52.312366	772.605896	-91.894348	0.196102	0	-0.441808	2.10E-05	-0.091211	1.00E-05	0	0	0	-0.13	0	0.305	0	0	0
6.683	-52.312366	769.34845	-92.599449	0.196292	0	-0.441614	1.50E-05	-0.091211	1.00E-05	0	0	0	-0.13	0	0.305	0	0	0
6.684	-52.312366	769.162109	-92.991066	0.196198	0	-0.44214	3.00E-05	-0.091211	4.00E-06	0	0	0	-0.13	0	0.305	0	0	0
6.685	-51.690281	765.378967	-93.147804	0.196198	0	-0.441927	3.50E-05	-0.036532	4.00E-06	0	0	0	-0.13	0	0.305	0	0	0
6.686	-52.233795	765.029541	-93.147842	0.196117	0	-0.441995	3.50E-05	-0.036532	8.00E-06	0	0	0	-0.13	0	0.305	0	0	0
6.687	-51.846703	763.153381	-93.461166	0.195827	0	-0.441995	2.10E-05	-0.036532	1.20E-05	0	0	0	-0.13	0	0.305	0	0	0
6.688	-51.846703	759.868591	-93.617867	0.19611	0	-0.44215	9.00E-06	-0.003845	1.20E-05	0	0	0	-0.13	0	0.305	0	0	0
6.689	-51.458893	757.823486	-93.852898	0.195875	0	-0.442462	6.00E-06	-0.003845	3.00E-06	0	0	0	-0.13	0	0.305	0	0	0
6.69	-51.141716	755.916077	-94.322998	0.195875	0	-0.442607	9.00E-06	-0.045871	1.00E-06	0	0	0	-0.13	0	0.305	0	0	0
6.691	-50.912491	752.830688	-94.714577	0.195875	0	-0.442765	1.10E-05	-0.12371	1.00E-06	0	0	0	-0.13	0	0.305	0	0	0
6.692	-50.44178	752.30835	-94.714661	0.19612	0	-0.442607	1.10E-05	-0.082178	1.00E-06	0	0	0	-0.13	0	0.305	0	0	0
6.693	-50.052521	748.527588	-94.792946	0.19612	0	-0.442836	2.00E-05	-0.082178	1.00E-06	0	0	0	-0.13	0	0.305	0	0	0
6.694	-50.052521	747.317139	-94.871361	0.196065	0	-0.442805	2.50E-05	-0.080257	1.00E-06	0	0	0	-0.13	0	0.305	0	0	0
6.695	-49.973953	746.116089	-95.106552	0.195976	0	-0.443257	2.50E-05	-0.080257	5.00E-06	0	0	0	-0.13	0	0.305	0	0	0
6.696	-50.521793	741.986511	-95.497879	0.195898	0	-0.443199	1.60E-05	0.024315	5.00E-06	0	0	0	-0.13	0	0.305	0	0	0
6.697	-49.58614	740.963623	-95.576332	0.195976	0	-0.443257	1.60E-05	-0.039711	5.00E-06	0	0	0	-0.13	0	0.305	0	0	0
6.698	-49.196163	737.009583	-95.811523	0.196336	0	-0.443414	1.60E-05	0.016258	5.00E-06	0	0	0	-0.13	0	0.305	0	0	0
6.699	-49.196163	736.654724	-96.203255	0.196336	0	-0.443414	1.50E-05	0.016258	5.00E-06	0	0	0	-0.13	0	0.305	0	0	0
6.7	-48.730499	733.739075	-96.594872	0.195935	0	-0.443414	1.50E-05	0.016258	6.00E-06	0	0	0	-0.13	0	0.305	0	0	0
6.701	-48.421982	728.914856	-96.673073	0.195901	0	-0.443929	2.10E-05	0.085993	5.00E-06	0	0	0	-0.13	0	0.305	0	0	0
6.702	-48.182655	726.16803	-97.143257	0.195901	0	-0.444129	2.10E-05	-0.107175	6.00E-06	0	0	0	-0.13	0	0.305	0	0	0
6.703	-47.481277	723.743469	-97.143257	0.195828	0	-0.444129	1.10E-05	0.01872	1.10E-05	0	0	0	-0.13	0	0.305	0	0	0
6.704	-47.481277	721.007568	-97.143257	0.195812	0	-0.444706	1.10E-05	0.01872	1.30E-05	0	0	0	-0.13	0	0.305	0	0	0
6.705	-46.470657	715.669128	-96.986603	0.195812	0	-0.444666	1.10E-05	0.01872	1.10E-05	0	0	0	-0.13	0	0.305	0	0	0
6.706	-46.078518	713.43396	-97.456787	0.195812	0	-0.445227	4.10E-05	0.035577	7.00E-06	0	0	0	-0.13	0	0.305	0	0	0
6.707	-45.611412	710.168396	-97.456787	0.195517	0	-0.445227	3.10E-05	-0.009419	3.00E-06	0	0	0	-0.13	0	0.305	0	0	0
6.708	-45.064289	704.143372	-97.456909	0.195722	0	-0.445227	3.10E-05	0.035577	5.00E-06	0	0	0	-0.13	0	0.305	0	0	0
6.709	-44.210815	703.297974	-98.16188	0.195314	0	-0.44574	2.00E-05	-0.009419	5.00E-06	0	0	0	-0.13	0	0.305	0	0	0
6.71	-43.347961	699.672119	-98.16188	0.195317	0	-0.445921	1.90E-05	-0.075057	5.00E-06	0	0	0	-0.13	0	0.305	0	0	0
6.711	-42.801559	694.859131	-98.083473	0.195317	0	-0.445921	1.90E-05	-0.075057	1.20E-05	0	0	0	-0.13	0	0.305	0	0	0
6.712	-42.337341	694.856445	-98.083473	0.195317	0	-0.445755	1.50E-05	-0.023829	5.00E-06	0	0	0	-0.13	0	0.305	0	0	0
6.713	-42.024494	690.224304	-98.24041	0.195767	0	-0.445602	1.50E-05	-0.023829	8.00E-06	0	0	0	-0.13	0	0.305	0	0	0
6.714	-41.243099	686.273376	-98.24041	0.195349	0	-0.445512	6.00E-06	-0.127374	5.00E-06	0	0	0	-0.13	0	0.305	0	0	0
6.715	-40.463867	685.238525	-97.848633	0.195528	0	-0.445512	6.00E-06	-0.127374	8.00E-06	0	0	0	-0.13	0	0.305	0	0	0
6.716	-40.22887	678.191406	-97.848633	0.195478	0	-0.44573	1.50E-05	-0.112343	8.00E-06	0	0	0	-0.13	0	0.305	0	0	0
6.717	-39.919632	676.457886	-97.848633	0.19549	0	-0.445784	1.50E-05	-0.03239	8.00E-06	0	0	0	-0.13	0	0.305	0	0	0
6.718	-39.687523	672.18335	-97.613571	0.19549	0	-0.445784	1.10E-05	-0.03239	7.00E-06	0	0	0	-0.13	0	0.305	0	0	0
6.719	-38.594002	669.085632	-97.613571	0.19549	0	-0.445784	1.10E-05	-0.035261	6.00E-06	0	0	0	-0.13	0	0.305	0	0	0
6.72	-38.204746	664.938354	-97.613571	0.195523	0	-0.446722	2.00E-05	-0.035261	6.00E-06	0	0	0	-0.13	0	0.305	0	0	0
6.721	-37.971916	659.451538	-97.300087	0.195393	0	-0.446722	2.00E-05	0.068555	1.00E-05	0	0	0	-0.13	0	0.305	0	0	0
6.722	-36.882004	656.348389	-97.065094	0.195393	0	-0.446849	2.00E-05	0.072093	1.00E-05	0	0	0	-0.13	0	0.305	0	0	0
6.723	-36.72702	651.538818	-96.125008	0.195393	0	-0.446849	2.00E-05	0.072093	8.00E-06	0	0	0	-0.13	0	0.305	0	0	0
6.724	-35.714237	647.592468	-95.732994	0.195311	0	-0.447094	2.80E-05	0.095254	6.00E-06	0	0	0	-0.13	0	0.305	0	0	0
6.725	-35.085655	642.590515	-95.732994	0.195311	0	-0.447191	2.80E-05	0.042237	6.00E-06	0	0	0	-0.13	0	0.305	0	0	0
6.726	-34.152168	634.164429	-95.654739	0.195022	0	-0.44741	2.80E-05	0.03112	6.00E-06	0	0	0	-0.13	0	0.305	0	0	0
6.727	-34.07143	632.621155	-95.262886	0.195022	0	-0.448135	1.80E-05	0.0261	5.00E-06	0	0	0	-0.13	0	0.305	0	0	0
6.728	-32.90583	625.400024	-95.184677	0.195022	0	-0.447627	1.60E-05	0.0261	-1.00E-06	0	0	0	-0.13	0	0.305	0	0	0
6.729	-32.201565	622.485107	-94.714737	0.195005	0	-0.448135	1.60E-05	-0.032027	-1.00E-06	0	0	0	-0.13	0	0.305	0	0	0
6.73	-32.122269	616.972778	-94.479462	0.19499	0	-0.448151	1.80E-05	-0.03737	1.00E-06	0	0	0	-0.13	0	0.305	0	0	0
6.731	-31.113815	611.65448	-94.479301	0.195005	0	-0.44831	1.90E-05	-0.03737	2.00E-06	0	0	0	-0.13	0	0.305	0	0	0
6.732	-30.56525	607.36145	-93.930908	0.194983	0	-0.44831	1.90E-05	-0.03737	2.00E-06	0	0	0	-0.13	0	0.305	0	0	0
6.733	-30.410271	601.671692	-93.617386	0.19511	0	-0.44831	1.70E-05	0.052506	2.00E-06	0	0	0	-0.13	0	0.305	0	0	0
6.734	-29.476059	597.061951	-93.069153	0.194703	0	-0.448945	1.70E-05	0.052506	9.00E-06	0	0	0	-0.13	0	0.305	0	0	0
6.735	-29.319633	592.392334	-92.28569	0.194702	0	-0.448341	2.00E-05	0.058423	9.00E-06	0	0	0	-0.13	0	0.305	0	0	0
6.736	-28.936153	586.730408	-92.050446	0.194702	0	-0.448341	2.00E-05	0.120922	9.00E-06	0	0	0	-0.13	0	0.305	0	0	0
6.737	-28.778286	582.790649	-91.893837	0.194845	0	-0.448341	2.50E-05	0.315367	5.00E-06	0	0	0	-0.13	0	0.305	0	0	0
6.738	-28.234774	575.893188	-91.815544	0.195131	0	-0.44909	1.10E-05	0.339608	7.00E-06	0	0	0	-0.13	0	0.305	0	0	0
6.739	-27.846241	572.472595	-90.796883	0.194904	0	-0.449467	1.50E-05	0.339608	5.00E-06	0	0	0	-0.13	0	0.305	0	0	0
6.74	-27.766224	566.793579	-90.796883	0.194907	0	-0.44909	1.50E-05	0.265573	7.00E-06	0	0	0	-0.13	0	0.305	0	0	0
6.741	-26.9077	559.581055	-90.796883	0.194904	0	-0.449467	1.70E-05	0.265573	4.00E-06	0	0	0	-0.13	0	0.305	0	0	0
6.742	-26.519886	554.418518	-90.326859	0.19474	0	-0.450069	1.80E-05	0.354036	4.00E-06	0	0	0	-0.13	0	0.305	0	0	0
6.743	-26.131355	547.370239	-89.308281	0.194739	0	-0.450128	1.80E-05	0.354036	4.00E-06	0	0	0	-0.13	0	0.305	0	0	0
6.744	-25.115683	541.694031	-88.995041	0.194365	0	-0.450128	1.80E-05	0.327723	7.00E-06	0	0	0	-0.13	0	0.305	0	0	0
6.745	-24.959261	535.679443	-88.681267	0.194365	0	-0.451274	2.50E-05	0.205013	7.00E-06	0	0	0	-0.13	0	0.305	0	0	0
6.746	-24.023603	528.291687	-88.054512	0.194766	0	-0.451274	1.70E-05	0.327723	7.00E-06	0	0	0	-0.13	0	0.305	0	0	0
6.747	-23.325111	524.688354	-87.976219	0.194766	0	-0.451423	1.70E-05	0.395331	4.00E-06	0	0	0	-0.13	0	0.305	0	0	0
6.748	-23.247982	514.378784	-86.722565	0.194475	0	-0.451082	8.00E-06	0.395331	4.00E-06	0	0	0	-0.13	0	0.305	0	0	0
6.749	-22.158791	511.804901	-86.566147	0.194449	0	-0.451374	8.00E-06	0.463699	4.00E-06	0	0	0	-0.13	0	0.305	0	0	0
6.75	-21.999479	504.421051	-85.782516	0.194385	0	-0.451374	1.20E-05	0.272844	3.00E-06	0	0	0	-0.13	0	0.305	0	0	0
6.751	-21.141676	496.846619	-84.920525	0.194385	0	-0.451388	2.00E-05	0.515438	4.00E-06	0	0	0	-0.13	0	0.305	0	0	0
6.752	-20.916061	492.045563	-84.058601	0.194441	0	-0.451802	2.00E-05	0.507248	1.00E-06	0	0	0	-0.13	0	0.305	0	0	0
6.753	-20.521755	482.592255	-83.666954	0.194491	0	-0.451388	1.50E-05	0.572399	1.00E-06	0	0	0	-0.13	0	0.305	0	0	0
6.754	-19.824705	480.190399	-82.961777	0.194549	0	-0.45254	1.20E-05	0.572399	1.00E-06	0	0	0	-0.13	0	0.305	0	0	0
6.755	-19.666838	472.628693	-81.943153	0.194613	0	-0.45254	1.50E-05	0.572399	2.00E-06	0	0	0	-0.13	0	0.305	0	0	0
6.756	-18.814085	463.693848	-81.551422	0.194825	0	-0.45254	1.50E-05	0.670349	2.00E-06	0	0	0	-0.13	0	0.305	0	0	0
6.757	-18.416893	460.784058	-80.611176	0.194825	0	-0.453075	1.50E-05	0.619164	4.00E-06	0	0	0	-0.13	0	0.305	0	0	0
6.758	-17.799137	452.183197	-79.827751	0.194754	0	-0.453618	1.50E-05	0.769528	3.00E-06	0	0	0	-0.13	0	0.305	0	0	0
6.759	-17.561974	445.131439	-78.809166	0.194635	0	-0.453685	4.00E-06	0.737053	4.00E-06	0	0	0	-0.13	0	0.305	0	0	0
6.76	-17.17705	438.598877	-78.182159	0.194549	0	-0.453618	4.00E-06	0.737053	5.00E-06	0	0	0	-0.13	0	0.305	0	0	0
6.761	-15.852863	432.082947	-77.555481	0.194549	0	-0.454434	6.00E-06	0.737053	6.00E-06	0	0	0	-0.13	0	0.305	0	0	0
6.762	-15.848534	424.683228	-77.085175	0.194184	0	-0.453648	7.00E-06	0.751269	6.00E-06	0	0	0	-0.13	0	0.305	0	0	0
6.763	-15.307184	424.683228	-75.83168	0.194848	0	-0.453648	7.00E-06	0.757536	5.00E-06	0	0	0	-0.13	0	0.305	0	0	0
6.764	-14.215106	418.679535	-74.421333	0.194371	0	-0.453648	1.30E-05	0.751269	4.00E-06	0	0	0	-0.13	0	0.305	0	0	0
6.765	-14.13437	402.171387	-74.264435	0.194371	0	-0.455437	1.10E-05	0.844931	2.00E-06	0	0	0	-0.13	0	0.305	0	0	0
6.766	-13.750165	393.5914	-71.522339	0.194371	0	-0.455867	1.10E-05	0.651513	2.00E-06	0	0	0	-0.13	0	0.305	0	0	0
6.767	-12.498777	387.236267	-70.816963	0.194187	0	-0.45568	1.10E-05	0.700712	2.00E-06	0	0	0	-0.13	0	0.305	0	0	0
6.768	-12.498777	379.155853	-69.563347	0.194827	0	-0.455867	1.30E-05	0.700712	5.00E-06	0	0	0	-0.13	0	0.305	0	0	0
6.769	-12.424534	372.811859	-68.623016	0.194361	0	-0.456288	1.30E-05	0.794325	5.00E-06	0	0	0	-0.13	0	0.305	0	0	0
6.77	-11.101068	366.60791	-67.8396	0.194361	0	-0.456765	1.00E-05	0.857975	5.00E-06	0	0	0	-0.13	0	0.305	0	0	0
6.771	-10.636127	356.988434	-65.567291	0.194361	0	-0.456765	5.00E-06	0.794325	4.00E-06	0	0	0	-0.13	0	0.305	0	0	0
6.772	-9.855453	353.232697	-64.078568	0.194258	0	-0.457618	5.00E-06	0.733072	4.00E-06	0	0	0	-0.13	0	0.305	0	0	0
6.773	-9.85401	341.698456	-62.589798	0.194648	0	-0.457048	6.00E-06	0.726521	4.00E-06	0	0	0	-0.13	0	0.305	0	0	0
6.774	-8.997649	335.529602	-61.806179	0.194648	0	-0.457048	1.00E-05	0.72647	3.00E-06	0	0	0	-0.13	0	0.305	0	0	0
6.775	-8.997649	329.343842	-59.768974	0.195203	0	-0.457048	8.00E-06	0.72647	3.00E-06	0	0	0	-0.13	0	0.305	0	0	0
6.776	-9.081995	320.752319	-57.65321	0.195203	0	-0.457077	1.00E-05	0.856618	3.00E-06	0	0	0	-0.13	0	0.305	0	0	0
6.777	-9.081995	315.774567	-56.634785	0.195334	0	-0.457464	8.00E-06	0.988751	3.00E-06	0	0	0	-0.13	0	0.305	0	0	0
6.778	-8.30637	304.76297	-55.145905	0.195334	0	-0.457832	7.00E-06	0.997487	3.00E-06	0	0	0	-0.13	0	0.305	0	0	0
6.779	-8.07354	301.514435	-53.970585	0.195507	0	-0.457956	6.00E-06	0.997487	3.00E-06	0	0	0	-0.13	0	0.305	0	0	0
6.78	-7.837822	294.47348	-50.836555	0.195631	0	-0.457956	4.00E-06	0.939316	3.00E-06	0	0	0	-0.13	0	0.305	0	0	0
6.781	-7.292866	283.286377	-48.642456	0.195585	0	-0.459335	2.00E-06	0.939316	3.00E-06	0	0	0	-0.13	0	0.305	0	0	0
6.782	-6.987955	277.801453	-46.056946	0.195585	0	-0.461536	2.00E-06	0.945971	3.00E-06	0	0	0	-0.13	0	0.305	0	0	0
6.783	-6.827925	270.740082	-43.941338	0.195585	0	-0.459335	5.00E-06	1.047723	3.00E-06	0	0	0	-0.13	0	0.305	0	0	0
6.784	-6.446608	266.463226	-42.217461	0.19528	0	-0.461729	5.00E-06	1.047723	4.00E-06	0	0	0	-0.13	0	0.305	0	0	0
6.785	-5.818747	256.139374	-40.493587	0.19528	0	-0.462901	5.00E-06	1.047723	1.00E-06	0	0	0	-0.13	0	0.305	0	0	0
6.786	-5.280285	249.433609	-38.221237	0.19528	0	-0.462901	4.00E-06	1.192538	2.00E-06	0	0	0	-0.13	0	0.305	0	0	0
6.787	-5.272348	244.646072	-35.479023	0.195189	0	-0.461363	4.00E-06	0.925413	1.00E-06	0	0	0	-0.13	0	0.305	0	0	0
6.788	-4.963108	238.284775	-33.441704	0.195403	0	-0.461363	4.00E-06	0.96157	2.00E-06	0	0	0	-0.13	0	0.305	0	0	0
6.789	-3.48394	229.856781	-31.561411	0.195403	0	-0.461659	2.00E-06	0.925413	2.00E-06	0	0	0	-0.13	0	0.305	0	0	0
6.79	-3.481775	224.186264	-29.915705	0.195403	0	-0.46487	5.00E-06	0.919316	2.00E-06	0	0	0	-0.13	0	0.305	0	0	0
6.791	-2.468992	214.904266	-27.643637	0.195549	0	-0.46487	5.00E-06	0.870561	2.00E-06	0	0	0	-0.13	0	0.305	0	0	0
6.792	-2.468992	211.99054	-24.822733	0.194991	0	-0.464595	6.00E-06	0.870561	2.00E-06	0	0	0	-0.13	0	0.305	0	0	0
6.793	-2.233995	204.771408	-23.804073	0.196824	0	-0.463749	6.00E-06	0.752839	3.00E-06	0	0	0	-0.13	0	0.305	0	0	0
6.794	-1.615519	200.141617	-22.31535	0.196506	0	-0.463073	6.00E-06	0.908529	2.00E-06	0	0	0	-0.13	0	0.305	0	0	0
6.795	-1.615519	197.910233	-21.531965	0.197337	0	-0.463073	2.00E-06	0.93442	2.00E-06	0	0	0	-0.13	0	0.305	0	0	0
6.796	-1.849792	189.326385	-19.259657	0.197031	0	-0.46311	5.00E-06	0.93442	1.00E-06	0	0	0	-0.13	0	0.305	0	0	0
6.797	-1.849792	183.135559	-18.319447	0.197096	0	-0.464636	0.00E+00	0.976811	1.00E-06	0	0	0	-0.13	0	0.305	0	0	0
6.798	-1.61624	177.472412	-17.06604	0.197096	0	-0.465505	3.00E-06	0.916566	1.00E-06	0	0	0	-0.13	0	0.305	0	0	0
6.799	-1.386295	174.712173	-17.065836	0.197096	0	-0.465505	3.00E-06	1.025043	1.00E-06	0	0	0	-0.13	0	0.305	0	0	0
6.8	-1.303392	170.586151	-14.480206	0.197376	0	-0.464694	3.00E-06	1.049668	1.00E-06	0	0	0	-0.13	0	0.305	0	0	0
6.801	-0.916302	164.76062	-11.894772	0.196971	0	-0.464601	3.00E-06	1.049668	1.00E-06	0	0	0	-0.13	0	0.305	0	0	0
6.802	-0.683472	162.003891	-10.719494	0.196971	0	-0.464694	3.00E-06	1.00147	2.00E-06	0	0	0	-0.13	0	0.305	0	0	0
6.803	-0.135628	156.49617	-7.585308	0.196971	0	-0.465924	5.00E-06	0.964099	1.00E-06	0	0	0	-0.13	0	0.305	0	0	0
6.804	-0.683472	151.009262	-6.018295	0.196554	0	-0.465924	5.00E-06	1.00147	2.00E-06	0	0	0	-0.13	0	0.305	0	0	0
6.805	-0.134907	146.188934	-4.607986	0.197222	0	-0.466935	5.00E-06	0.877071	1.00E-06	0	0	0	-0.13	0	0.305	0	0	0
6.806	0.255791	137.933304	-2.962563	0.197222	0	-0.466523	3.00E-06	0.845453	2.00E-06	0	0	0	-0.13	0	0.305	0	0	0
6.807	0.255791	136.747253	-1.70903	0.197222	0	-0.471509	5.00E-06	0.845453	2.00E-06	0	0	0	-0.13	0	0.305	0	0	0
6.808	0.255791	132.095062	-1.395508	0.196939	0	-0.466523	3.00E-06	0.845453	2.00E-06	0	0	0	-0.13	0	0.305	0	0	0
6.809	0.722897	128.681473	-0.455498	0.196939	0	-0.469154	3.00E-06	0.844831	2.00E-06	0	0	0	-0.13	0	0.305	0	0	0
6.81	0.880043	124.202461	0.014805	0.197136	0	-0.468265	3.00E-06	0.806969	2.00E-06	0	0	0	-0.13	0	0.305	0	0	0
6.811	1.505735	120.087212	0.876278	0.198257	0	-0.468265	1.00E-06	0.806969	2.00E-06	0	0	0	-0.13	0	0.305	0	0	0
6.812	1.505735	117.692291	0.876278	0.197136	0	-0.468265	3.00E-06	0.715742	1.00E-06	0	0	0	-0.13	0	0.305	0	0	0
6.813	1.272905	112.515137	0.876278	0.198708	0	-0.465531	2.00E-06	0.827942	1.00E-06	0	0	0	-0.13	0	0.305	0	0	0
6.814	1.040794	108.078979	1.581455	0.198708	0	-0.46561	2.00E-06	0.715742	1.00E-06	0	0	0	-0.13	0	0.305	0	0	0
6.815	1.037188	107.559807	1.97319	0.198708	0	-0.46561	2.00E-06	0.855356	1.00E-06	0	0	0	-0.13	0	0.305	0	0	0
6.816	1.037188	101.382072	1.659584	0.199775	0	-0.469613	3.00E-06	0.822029	1.00E-06	0	0	0	-0.13	0	0.305	0	0	0
6.817	0.572969	100.509186	1.97319	0.196225	0	-0.469613	3.00E-06	0.874763	1.00E-06	0	0	0	-0.13	0	0.305	0	0	0
6.818	0.572247	96.728783	2.756657	0.199874	0	-0.468424	2.00E-06	0.822029	1.00E-06	0	0	0	-0.13	0	0.305	0	0	0
6.819	0.572247	94.854546	2.756657	0.198827	0	-0.468424	2.00E-06	0.836518	1.00E-06	0	0	0	-0.13	0	0.305	0	0	0
6.82	0.725784	89.862541	2.756657	0.199874	0	-0.468424	2.00E-06	0.836518	1.00E-06	0	0	0	-0.13	0	0.305	0	0	0
6.821	0.807241	87.296761	3.539963	0.199438	0	-0.473593	2.00E-06	0.836518	1.00E-06	0	0	0	-0.13	0	0.305	0	0	0
6.822	0.807964	83.167191	3.853523	0.199438	0	-0.474414	1.00E-06	0.783763	1.00E-06	0	0	0	-0.13	0	0.305	0	0	0
6.823	1.12009	80.065247	4.480289	0.198655	0	-0.475171	2.00E-06	0.746719	1.00E-06	0	0	0	-0.13	0	0.305	0	0	0
6.824	1.12009	77.661812	4.480289	0.198573	0	-0.474595	2.00E-06	0.746719	1.00E-06	0	0	0	-0.13	0	0.305	0	0	0
6.825	1.278677	74.746552	4.480289	0.198655	0	-0.47639	2.00E-06	0.711829	1.00E-06	0	0	0	-0.13	0	0.305	0	0	0
6.826	1.276512	71.837868	5.106812	0.196131	0	-0.474595	2.00E-06	0.837949	1.00E-06	0	0	0	-0.13	0	0.305	0	0	0
6.827	1.278677	70.619324	5.420498	0.199305	0	-0.479083	2.00E-06	0.763929	1.00E-06	0	0	0	-0.13	0	0.305	0	0	0
6.828	1.278677	64.450912	5.342045	0.19882	0	-0.471981	2.00E-06	0.763929	1.00E-06	0	0	0	-0.13	0	0.305	0	0	0
6.829	1.355808	64.101425	5.733498	0.19882	0	-0.471981	2.00E-06	0.763929	1.00E-06	0	0	0	-0.13	0	0.305	0	0	0
6.83	1.670097	61.539894	6.04686	0.198635	0	-0.471981	1.00E-06	0.645158	1.00E-06	0	0	0	-0.13	0	0.305	0	0	0
6.831	1.671539	58.262432	6.125271	0.196796	0	-0.470732	1.00E-06	0.738376	1.00E-06	0	0	0	-0.13	0	0.305	0	0	0
6.832	1.671539	57.923351	6.125351	0.198635	0	-0.473371	1.00E-06	0.738376	0.00E+00	0	0	0	-0.13	0	0.305	0	0	0
6.833	1.746506	54.500477	6.281849	0.195593	0	-0.470732	1.00E-06	0.738376	0	0	0	0	-0.13	0	0.305	0	0	0
6.834	1.905092	52.942585	6.595371	0.201948	0	-0.469404	2.00E-06	0.667592	0	0	0	0	-0.13	0	0.305	0	0	0
6.835	1.905092	52.443825	6.751877	0.199176	0	-0.469404	1.00E-06	0.667592	0.00E+00	0	0	0	-0.13	0	0.305	0	0	0
6.836	1.748671	47.278252	6.908817	0.204155	0	-0.469404	1.00E-06	0.741736	0	0	0	0	-0.13	0	0.305	0	0	0
6.837	1.748671	46.946564	7.14365	0.199176	0	-0.476454	1.00E-06	0.741736	0	0	0	0	-0.13	0	0.305	0	0	0
6.838	1.357971	44.877136	7.221897	0.205331	0	-0.462636	1.00E-06	0.754427	0	0	0	0	-0.13	0	0.305	0	0	0
6.839	1.358694	44.032837	7.300346	0.201985	0	-0.477772	1.00E-06	0.693813	0.00E+00	0	0	0	-0.13	0	0.305	0	0	0
6.84	1.357971	42.644581	7.300346	0.201985	0	-0.470349	1.00E-06	0.754427	0	0	0	0	-0.13	0	0.305	0	0	0
6.841	1.358694	41.289963	7.613953	0.201985	0	-0.470349	1.00E-06	0.793956	0	0	0	0	-0.13	0	0.305	0	0	0
6.842	1.438709	40.76152	8.005566	0.195251	0	-0.470349	1.00E-06	0.793956	1.00E-06	0	0	0	-0.13	0	0.305	0	0	0
6.843	1.438709	37.837379	8.240475	0.202116	0	-0.470518	1.00E-06	0.756097	1.00E-06	0	0	0	-0.13	0	0.305	0	0	0
6.844	1.283007	36.470367	8.240475	0.195944	0	-0.473758	1.00E-06	0.683746	0	0	0	0	-0.13	0	0.305	0	0	0
6.845	1.283007	35.426998	9.180767	0.195944	0	-0.473758	1.00E-06	0.655697	0	0	0	0	-0.13	0	0.305	0	0	0
6.846	1.678757	31.655823	9.102356	0.195944	0	-0.476429	1.00E-06	0.584265	0	0	0	0	-0.13	0	0.305	0	0	0
6.847	1.829407	31.486481	9.102356	0.201355	0	-0.476429	1.00E-06	0.584265	0	0	0	0	-0.13	0	0.305	0	0	0
6.848	1.753721	29.102364	9.102356	0.202342	0	-0.476429	1.00E-06	0.456659	0	0	0	0	-0.13	0	0.305	0	0	0
6.849	1.829407	29.075729	9.180725	0.201355	0	-0.479359	1.00E-06	0.604147	0	0	0	0	-0.13	0	0.305	0	0	0
6.85	1.753721	26.835472	9.337505	0.20101	0	-0.462035	1.00E-06	0.592155	0	0	0	0	-0.13	0	0.305	0	0	0
6.851	1.83013	25.308411	9.415676	0.20101	0	-0.469933	1.00E-06	0.592155	0	0	0	0	-0.13	0	0.305	0	0	0
6.852	1.595854	25.307657	9.493927	0.201701	0	-0.462035	1.00E-06	0.592155	0	0	0	0	-0.13	0	0.305	0	0	0
6.853	1.833015	23.944523	9.493927	0.203187	0	-0.454728	1.00E-06	0.525791	0	0	0	0	-0.13	0	0.305	0	0	0
6.854	1.599463	23.933746	10.199141	0.203187	0	-0.446575	1.00E-06	0.444295	0	0	0	0	-0.13	0	0.305	0	0	0
6.855	1.599463	23.42535	9.024025	0.203187	0	-0.442967	1.00E-06	0	0	0	0	0	-0.13	0	0.305	0	0	0
6.856	0.34663	23.260664	9.807249	0.201985	0	-0.436923	1.00E-06	0	0	0	0	0	-0.13	0	0.305	0	0	0
6.857	0	0	0	0.2	0	-0.3	0.00E+00	0	0	0	0	0	-0.13	0	0.305	0	0	0
6.858	0	0	0	0.2	0	-0.3	0	0	0	0	0	0	-0.13	0	0.305	0	0	0
6.859	0	0	0	0.2	0	-0.3	0	0	0	0	0	0	-0.13	0	0.305	0	0	0
6.86	0	0	0	0.2	0	-0.3	0	0	0	0	0	0	-0.13	0	0.305	0	0	0
6.861	0	0	0	0.2	0	-0.3	0	0	0	0	0	0	-0.13	0	0.305	0	0	0
6.862	0	0	0	0.2	0	-0.3	0	0	0	0	0	0	-0.13	0	0.305	0	0	0
6.863	0	0	0	0.2	0	-0.3	0	0	0	0	0	0	-0.13	0	0.305	0	0	0
6.864	0	0	0	0.2	0	-0.3	0	0	0	0	0	0	-0.13	0	0.305	0	0	0
6.865	0	0	0	0.2	0	-0.3	0	0	0	0	0	0	-0.13	0	0.305	0	0	0
6.866	0	0	0	0.2	0	-0.3	0	0	0	0	0	0	-0.13	0	0.305	0	0	0
6.867	0	0	0	0.2	0	-0.3	0	0	0	0	0	0	-0.13	0	0.305	0	0	0
6.868	0	0	0	0.2	0	-0.3	0	0	0	0	0	0	-0.13	0	0.305	0	0	0
6.869	0	0	0	0.2	0	-0.3	0	0	0	0	0	0	-0.13	0	0.305	0	0	0
6.87	0	0	0	0.2	0	-0.3	0	0	0	0	0	0	-0.13	0	0.305	0	0	0
6.871	0	0	0	0.2	0	-0.3	0	0	0	0	0	0	-0.13	0	0.305	0	0	0
6.872	0	0	0	0.2	0	-0.3	0	0	0	0	0	0	-0.13	0	0.305	0	0	0
6.873	0	0	0	0.2	0	-0.3	0	0	0	0	0	0	-0.13	0	0.305	0	0	0
6.874	0	0	0	0.2	0	-0.3	0	0	0	0	0	0	-0.13	0	0.305	0	0	0
6.875	0	0	0	0.2	0	-0.3	0	0	0	0	0	0	-0.13	0	0.305	0	0	0
6.876	0	0	0	0.2	0	-0.3	0	0	0	0	0	0	-0.13	0	0.305	0	0	0
6.877	0	0	0	0.2	0	-0.3	0	0	0	0	0	0	-0.13	0	0.305	0	0	0
6.878	0	0	0	0.2	0	-0.3	0	0	0	0	0	0	-0.13	0	0.305	0	0	0
6.879	0	0	0	0.2	0	-0.3	0	0	0	0	0	0	-0.13	0	0.305	0	0	0
6.88	0	0	0	0.2	0	-0.3	0	0	0	0	0	0	-0.13	0	0.305	0	0	0
6.881	0	0	0	0.2	0	-0.3	0	0	0	0	0	0	-0.13	0	0.305	0	0	0
6.882	0	0	0	0.2	0	-0.3	0	0	0	0	0	0	-0.13	0	0.305	0	0	0
6.883	0	0	0	0.2	0	-0.3	0	0	0	0	0	0	-0.13	0	0.305	0	0	0
6.884	0	0	0	0.2	0	-0.3	0	0	0	0	0	0	-0.13	0	0.305	0	0	0
6.885	0	0	0	0.2	0	-0.3	0	0	0	0	0	0	-0.13	0	0.305	0	0	0
6.886	0	0	0	0.2	0	-0.3	0	0	0	0	0	0	-0.13	0	0.305	0	0	0
6.887	0	0	0	0.2	0	-0.3	0	0	0	0	0	0	-0.13	0	0.305	0	0	0
6.888	0	0	0	0.2	0	-0.3	0	0	0	0	0	0	-0.13	0	0.305	0	0	0
6.889	0	0	0	0.2	0	-0.3	0	0	0	0	0	0	-0.13	0	0.305	0	0	0
6.89	0	0	0	0.2	0	-0.3	0	0	0	0	0	0	-0.13	0	0.305	0	0	0
6.891	0	0	0	0.2	0	-0.3	0	0	0	0	0	0	-0.13	0	0.305	0	0	0
6.892	0	0	0	0.2	0	-0.3	0	0	0	0	0	0	-0.13	0	0.305	0	0	0
6.893	0	0	0	0.2	0	-0.3	0	0	0	0	0	0	-0.13	0	0.305	0	0	0
6.894	0	0	0	0.2	0	-0.3	0	0	0	0	0	0	-0.13	0	0.305	0	0	0
6.895	0	0	0	0.2	0	-0.3	0	0	0	0	0	0	-0.13	0	0.305	0	0	0
6.896	0	0	0	0.2	0	-0.3	0	0	0	0	0	0	-0.13	0	0.305	0	0	0
6.897	0	0	0	0.2	0	-0.3	0	0	0	0	0	0	-0.13	0	0.305	0	0	0
6.898	0	0	0	0.2	0	-0.3	0	0	0	0	0	0	-0.13	0	0.305	0	0	0
6.899	0	0	0	0.2	0	-0.3	0	0	0	0	0	0	-0.13	0	0.305	0	0	0
6.9	0	0	0	0.2	0	-0.3	0	0	0	0	0	0	-0.13	0	0.305	0	0	0
6.901	0	0	0	0.2	0	-0.3	0	0	0	0	0	0	-0.13	0	0.305	0	0	0
6.902	0	0	0	0.2	0	-0.3	0	0	0	0	0	0	-0.13	0	0.305	0	0	0
6.903	0	0	0	0.2	0	-0.3	0	0	0	0	0	0	-0.13	0	0.305	0	0	0
6.904	0	0	0	0.2	0	-0.3	0	0	0	0	0	0	-0.13	0	0.305	0	0	0
6.905	0	0	0	0.2	0	-0.3	0	0	0	0	0	0	-0.13	0	0.305	0	0	0
6.906	0	0	0	0.2	0	-0.3	0	0	0	0	0	0	-0.13	0	0.305	0	0	0
6.907	0	0	0	0.2	0	-0.3	0	0	0	0	0	0	-0.13	0	0.305	0	0	0
6.908	0	0	0	0.2	0	-0.3	0	0	0	0	0	0	-0.13	0	0.305	0	0	0
6.909	0	0	0	0.2	0	-0.3	0	0	0	0	0	0	-0.13	0	0.305	0	0	0
6.91	0	0	0	0.2	0	-0.3	0	0	0	0	0	0	-0.13	0	0.305	0	0	0
6.911	0	0	0	0.2	0	-0.3	0	0	0	0	0	0	-0.13	0	0.305	0	0	0
6.912	0	0	0	0.2	0	-0.3	0	0	0	0	0	0	-0.13	0	0.305	0	0	0
6.913	0	0	0	0.2	0	-0.3	0	0	0	0	0	0	-0.13	0	0.305	0	0	0
6.914	0	0	0	0.2	0	-0.3	0	0	0	0	0	0	-0.13	0	0.305	0	0	0
6.915	0	0	0	0.2	0	-0.3	0	0	0	0	0	0	-0.13	0	0.305	0	0	0
6.916	0	0	0	0.2	0	-0.3	0	0	0	0	0	0	-0.13	0	0.305	0	0	0
6.917	0	0	0	0.2	0	-0.3	0	0	0	0	0	0	-0.13	0	0.305	0	0	0
6.918	0	0	0	0.2	0	-0.3	0	0	0	0	0	0	-0.13	0	0.305	0	0	0
6.919	0	0	0	0.2	0	-0.3	0	0	0	0	0	0	-0.13	0	0.305	0	0	0
6.92	0	0	0	0.2	0	-0.3	0	0	0	0	0	0	-0.13	0	0.305	0	0	0
6.921	0	0	0	0.2	0	-0.3	0	0	0	0	0	0	-0.13	0	0.305	0	0	0
6.922	0	0	0	0.2	0	-0.3	0	0	0	0	0	0	-0.13	0	0.305	0	0	0
6.923	0	0	0	0.2	0	-0.3	0	0	0	0	0	0	-0.13	0	0.305	0	0	0
6.924	0	0	0	0.2	0	-0.3	0	0	0	0	0	0	-0.13	0	0.305	0	0	0
6.925	0	0	0	0.2	0	-0.3	0	0	0	0	0	0	-0.13	0	0.305	0	0	0
6.926	0	0	0	0.2	0	-0.3	0	0	0	0	0	0	-0.13	0	0.305	0	0	0
6.927	0	0	0	0.2	0	-0.3	0	0	0	0	0	0	-0.13	0	0.305	0	0	0
6.928	0	0	0	0.2	0	-0.3	0	0	0	0	0	0	-0.13	0	0.305	0	0	0
6.929	0	0	0	0.2	0	-0.3	0	0	0	0	0	0	-0.13	0	0.305	0	0	0
6.93	0	0	0	0.2	0	-0.3	0	0	0	0	0	0	-0.13	0	0.305	0	0	0
6.931	0	0	0	0.2	0	-0.3	0	0	0	0	0	0	-0.13	0	0.305	0	0	0
6.932	0	0	0	0.2	0	-0.3	0	0	0	0	0	0	-0.13	0	0.305	0	0	0
6.933	0	0	0	0.2	0	-0.3	0	0	0	0	0	0	-0.13	0	0.305	0	0	0
6.934	0	0	0	0.2	0	-0.3	0	0	0	0	0	0	-0.13	0	0.305	0	0	0
6.935	0	0	0	0.2	0	-0.3	0	0	0	0	0	0	-0.13	0	0.305	0	0	0
6.936	0	0	0	0.2	0	-0.3	0	0	0	0	0	0	-0.13	0	0.305	0	0	0
6.937	0	0	0	0.2	0	-0.3	0	0	0	0	0	0	-0.13	0	0.305	0	0	0
6.938	0	0	0	0.2	0	-0.3	0	0	0	0	0	0	-0.13	0	0.305	0	0	0
6.939	0	0	0	0.2	0	-0.3	0	0	0	0	0	0	-0.13	0	0.305	0	0	0
6.94	0	0	0	0.2	0	-0.3	0	0	0	0	0	0	-0.13	0	0.305	0	0	0
6.941	0	0	0	0.2	0	-0.3	0	0	0	0	0	0	-0.13	0	0.305	0	0	0
6.942	0	0	0	0.2	0	-0.3	0	0	0	0	0	0	-0.13	0	0.305	0	0	0
6.943	0	0	0	0.2	0	-0.3	0	0	0	0	0	0	-0.13	0	0.305	0	0	0
6.944	0	0	0	0.2	0	-0.3	0	0	0	0	0	0	-0.13	0	0.305	0	0	0
6.945	0	0	0	0.2	0	-0.3	0	0	0	0	0	0	-0.13	0	0.305	0	0	0
6.946	0	0	0	0.2	0	-0.3	0	0	0	0	0	0	-0.13	0	0.305	0	0	0
6.947	0	0	0	0.2	0	-0.3	0	0	0	0	0	0	-0.13	0	0.305	0	0	0
6.948	0	0	0	0.2	0	-0.3	0	0	0	0	0	0	-0.13	0	0.305	0	0	0
6.949	0	0	0	0.2	0	-0.3	0	0	0	0	0	0	-0.13	0	0.305	0	0	0
6.95	0	0	0	0.2	0	-0.3	0	0	0	0	0	0	-0.13	0	0.305	0	0	0
6.951	0	0	0	0.2	0	-0.3	0	0	0	0	0	0	-0.13	0	0.305	0	0	0
6.952	0	0	0	0.2	0	-0.3	0	0	0	0	0	0	-0.13	0	0.305	0	0	0
6.953	0	0	0	0.2	0	-0.3	0	0	0	0	0	0	-0.13	0	0.305	0	0	0
6.954	0	0	0	0.2	0	-0.3	0	0	0	0	0	0	-0.13	0	0.305	0	0	0
6.955	0	0	0	0.2	0	-0.3	0	0	0	0	0	0	-0.13	0	0.305	0	0	0
6.956	0	0	0	0.2	0	-0.3	0	0	0	0	0	0	-0.13	0	0.305	0	0	0
6.957	0	0	0	0.2	0	-0.3	0	0	0	0	0	0	-0.13	0	0.305	0	0	0
6.958	0	0	0	0.2	0	-0.3	0	0	0	0	0	0	-0.13	0	0.305	0	0	0
6.959	0	0	0	0.2	0	-0.3	0	0	0	0	0	0	-0.13	0	0.305	0	0	0
6.96	0	0	0	0.2	0	-0.3	0	0	0	0	0	0	-0.13	0	0.305	0	0	0
6.961	0	0	0	0.2	0	-0.3	0	0	0	0	0	0	-0.13	0	0.305	0	0	0
6.962	0	0	0	0.2	0	-0.3	0	0	0	0	0	0	-0.13	0	0.305	0	0	0
6.963	0	0	0	0.2	0	-0.3	0	0	0	0	0	0	-0.13	0	0.305	0	0	0
6.964	0	0	0	0.2	0	-0.3	0	0	0	0	0	0	-0.13	0	0.305	0	0	0
6.965	0	0	0	0.2	0	-0.3	0	0	0	0	0	0	-0.13	0	0.305	0	0	0
6.966	0	0	0	0.2	0	-0.3	0	0	0	0	0	0	-0.13	0	0.305	0	0	0
6.967	0	0	0	0.2	0	-0.3	0	0	0	0	0	0	-0.13	0	0.305	0	0	0
6.968	0	0	0	0.2	0	-0.3	0	0	0	0	0	0	-0.13	0	0.305	0	0	0
6.969	0	0	0	0.2	0	-0.3	0	0	0	0	0	0	-0.13	0	0.305	0	0	0
6.97	0	0	0	0.2	0	-0.3	0	0	0	0	0	0	-0.13	0	0.305	0	0	0
6.971	0	0	0	0.2	0	-0.3	0	0	0	0	0	0	-0.13	0	0.305	0	0	0
6.972	0	0	0	0.2	0	-0.3	0	0	0	0	0	0	-0.13	0	0.305	0	0	0
6.973	0	0	0	0.2	0	-0.3	0	0	0	0	0	0	-0.13	0	0.305	0	0	0
6.974	0	0	0	0.2	0	-0.3	0	0	0	0	0	0	-0.13	0	0.305	0	0	0
6.975	0	0	0	0.2	0	-0.3	0	0	0	0	0	0	-0.13	0	0.305	0	0	0
6.976	0	0	0	0.2	0	-0.3	0	0	0	0	0	0	-0.13	0	0.305	0	0	0
6.977	0	0	0	0.2	0	-0.3	0	0	0	0	0	0	-0.13	0	0.305	0	0	0
6.978	0	0	0	0.2	0	-0.3	0	0	0	0	0	0	-0.13	0	0.305	0	0	0
6.979	0	0	0	0.2	0	-0.3	0	0	0	0	0	0	-0.13	0	0.305	0	0	0
6.98	0	0	0	0.2	0	-0.3	0	0	0	0	0	0	-0.13	0	0.305	0	0	0
6.981	0	0	0	0.2	0	-0.3	0	0	0	0	0	0	-0.13	0	0.305	0	0	0
6.982	0	0	0	0.2	0	-0.3	0	0	0	0	0	0	-0.13	0	0.305	0	0	0
6.983	0	0	0	0.2	0	-0.3	0	0	0	0	0	0	-0.13	0	0.305	0	0	0
6.984	0	0	0	0.2	0	-0.3	0	0	0	0	0	0	-0.13	0	0.305	0	0	0
6.985	0	0	0	0.2	0	-0.3	0	0	0	0	0	0	-0.13	0	0.305	0	0	0
6.986	0	0	0	0.2	0	-0.3	0	0	0	0	0	0	-0.13	0	0.305	0	0	0
6.987	0	0	0	0.2	0	-0.3	0	0	0	0	0	0	-0.13	0	0.305	0	0	0
6.988	0	0	0	0.2	0	-0.3	0	0	0	0	0	0	-0.13	0	0.305	0	0	0
6.989	0	0	0	0.2	0	-0.3	0	0	0	0	0	0	-0.13	0	0.305	0	0	0
6.99	0	0	0	0.2	0	-0.3	0	0	0	0	0	0	-0.13	0	0.305	0	0	0
6.991	0	0	0	0.2	0	-0.3	0	0	0	0	0	0	-0.13	0	0.305	0	0	0
6.992	0	0	0	0.2	0	-0.3	0	0	0	0	0	0	-0.13	0	0.305	0	0	0
6.993	0	0	0	0.2	0	-0.3	0	0	0	0	0	0	-0.13	0	0.305	0	0	0
6.994	0	0	0	0.2	0	-0.3	0	0	0	0	0	0	-0.13	0	0.305	0	0	0
6.995	0	0	0	0.2	0	-0.3	0	0	0	0	0	0	-0.13	0	0.305	0	0	0
6.996	0	0	0	0.2	0	-0.3	0	0	0	0	0	0	-0.13	0	0.305	0	0	0
6.997	0	0	0	0.2	0	-0.3	0	0	0	0	0	0	-0.13	0	0.305	0	0	0
6.998	0	0	0	0.2	0	-0.3	0	0	0	0	0	0	-0.13	0	0.305	0	0	0
6.999	0	0	0	0.2	0	-0.3	0	0	0	0	0	0	-0.13	0	0.305	0	0	0
7	0	0	0	0.2	0	-0.3	0	0	0	0	0	0	-0.13	0	0.305	0	0	0
7.001	0	0	0	0.2	0	-0.3	0	0	0	0	0	0	-0.13	0	0.305	0	0	0
7.002	0	0	0	0.2	0	-0.3	0	0	0	0	0	0	-0.13	0	0.305	0	0	0
7.003	0	0	0	0.2	0	-0.3	0	0	0	0	0	0	-0.13	0	0.305	0	0	0
7.004	0	0	0	0.2	0	-0.3	0	0	0	0	0	0	-0.13	0	0.305	0	0	0
7.005	0	0	0	0.2	0	-0.3	0	0	0	0	0	0	-0.13	0	0.305	0	0	0
7.006	0	0	0	0.2	0	-0.3	0	0	0	0	0	0	-0.13	0	0.305	0	0	0
7.007	0	0	0	0.2	0	-0.3	0	0	0	0	0	0	-0.13	0	0.305	0	0	0
7.008	0	0	0	0.2	0	-0.3	0	0	0	0	0	0	-0.13	0	0.305	0	0	0
7.009	0	0	0	0.2	0	-0.3	0	0	0	0	0	0	-0.13	0	0.305	0	0	0
7.01	0	0	0	0.2	0	-0.3	0	0	0	0	0	0	-0.13	0	0.305	0	0	0
7.011	0	0	0	0.2	0	-0.3	0	0	0	0	0	0	-0.13	0	0.305	0	0	0
7.012	0	0	0	0.2	0	-0.3	0	0	0	0	0	0	-0.13	0	0.305	0	0	0
7.013	0	0	0	0.2	0	-0.3	0	0	0	0	0	0	-0.13	0	0.305	0	0	0
7.014	0	0	0	0.2	0	-0.3	0	0	0	0	0	0	-0.13	0	0.305	0	0	0
7.015	0	0	0	0.2	0	-0.3	0	0	0	0	0	0	-0.13	0	0.305	0	0	0
7.016	0	0	0	0.2	0	-0.3	0	0	0	0	0	0	-0.13	0	0.305	0	0	0
7.017	0	0	0	0.2	0	-0.3	0	0	0	0	0	0	-0.13	0	0.305	0	0	0
7.018	0	0	0	0.2	0	-0.3	0	0	0	0	0	0	-0.13	0	0.305	0	0	0
7.019	0	0	0	0.2	0	-0.3	0	0	0	0	0	0	-0.13	0	0.305	0	0	0
7.02	0	0	0	0.2	0	-0.3	0	0	0	0	0	0	-0.13	0	0.305	0	0	0
7.021	0	0	0	0.2	0	-0.3	0	0	0	0	0	0	-0.13	0	0.305	0	0	0
7.022	0	0	0	0.2	0	-0.3	0	0	0	0	0	0	-0.13	0	0.305	0	0	0
7.023	0	0	0	0.2	0	-0.3	0	0	0	0	0	0	-0.13	0	0.305	0	0	0
7.024	0	0	0	0.2	0	-0.3	0	0	0	0	0	0	-0.13	0	0.305	0	0	0
7.025	0	0	0	0.2	0	-0.3	0	0	0	0	0	0	-0.13	0	0.305	0	0	0
7.026	0	0	0	0.2	0	-0.3	0	0	0	0	0	0	-0.13	0	0.305	0	0	0
7.027	0	0	0	0.2	0	-0.3	0	0	0	0	0	0	-0.13	0	0.305	0	0	0
7.028	0	0	0	0.2	0	-0.3	0	0	0	0	0	0	-0.13	0	0.305	0	0	0
7.029	0	0	0	0.2	0	-0.3	0	0	0	0	0	0	-0.13	0	0.305	0	0	0
7.03	0	0	0	0.2	0	-0.3	0	0	0	0	0	0	-0.13	0	0.305	0	0	0
7.031	0	0	0	0.2	0	-0.3	0	0	0	0	0	0	-0.13	0	0.305	0	0	0
7.032	0	0	0	0.2	0	-0.3	0	0	0	0	0	0	-0.13	0	0.305	0	0	0
7.033	0	0	0	0.2	0	-0.3	0	0	0	0	0	0	-0.13	0	0.305	0	0	0
7.034	0	0	0	0.2	0	-0.3	0	0	0	0	0	0	-0.13	0	0.305	0	0	0
7.035	0	0	0	0.2	0	-0.3	0	0	0	0	0	0	-0.13	0	0.305	0	0	0
7.036	0	0	0	0.2	0	-0.3	0	0	0	0	0	0	-0.13	0	0.305	0	0	0
7.037	0	0	0	0.2	0	-0.3	0	0	0	0	0	0	-0.13	0	0.305	0	0	0
7.038	0	0	0	0.2	0	-0.3	0	0	0	0	0	0	-0.13	0	0.305	0	0	0
7.039	0	0	0	0.2	0	-0.3	0	0	0	0	0	0	-0.13	0	0.305	0	0	0
7.04	0	0	0	0.2	0	-0.3	0	0	0	0	0	0	-0.13	0	0.305	0	0	0
7.041	0	0	0	0.2	0	-0.3	0	0	0	0	0	0	-0.13	0	0.305	0	0	0
7.042	0	0	0	0.2	0	-0.3	0	0	0	0	0	0	-0.13	0	0.305	0	0	0
7.043	0	0	0	0.2	0	-0.3	0	0	0	0	0	0	-0.13	0	0.305	0	0	0
7.044	0	0	0	0.2	0	-0.3	0	0	0	0	0	0	-0.13	0	0.305	0	0	0
7.045	0	0	0	0.2	0	-0.3	0	0	0	0	0	0	-0.13	0	0.305	0	0	0
7.046	0	0	0	0.2	0	-0.3	0	0	0	0	0	0	-0.13	0	0.305	0	0	0
7.047	0	0	0	0.2	0	-0.3	0	0	0	0	0	0	-0.13	0	0.305	0	0	0
7.048	0	0	0	0.2	0	-0.3	0	0	0	0	0	0	-0.13	0	0.305	0	0	0
7.049	0	0	0	0.2	0	-0.3	0	0	0	0	0	0	-0.13	0	0.305	0	0	0
7.05	0	0	0	0.2	0	-0.3	0	0	0	0	0	0	-0.13	0	0.305	0	0	0
7.051	0	0	0	0.2	0	-0.3	0	0	0	0	0	0	-0.13	0	0.305	0	0	0
7.052	0	0	0	0.2	0	-0.3	0	0	0	0	0	0	-0.13	0	0.305	0	0	0
7.053	0	0	0	0.2	0	-0.3	0	0	0	0	0	0	-0.13	0	0.305	0	0	0
7.054	0	0	0	0.2	0	-0.3	0	0	0	0	0	0	-0.13	0	0.305	0	0	0
7.055	0	0	0	0.2	0	-0.3	0	0	0	0	0	0	-0.13	0	0.305	0	0	0
7.056	0	0	0	0.2	0	-0.3	0	0	0	0	0	0	-0.13	0	0.305	0	0	0
7.057	0	0	0	0.2	0	-0.3	0	0	0	0	0	0	-0.13	0	0.305	0	0	0
7.058	0	0	0	0.2	0	-0.3	0	0	0	0	0	0	-0.13	0	0.305	0	0	0
7.059	0	0	0	0.2	0	-0.3	0	0	0	0	0	0	-0.13	0	0.305	0	0	0
7.06	0	0	0	0.2	0	-0.3	0	0	0	0	0	0	-0.13	0	0.305	0	0	0
7.061	0	0	0	0.2	0	-0.3	0	0	0	0	0	0	-0.13	0	0.305	0	0	0
7.062	0	0	0	0.2	0	-0.3	0	0	0	0	0	0	-0.13	0	0.305	0	0	0
7.063	0	0	0	0.2	0	-0.3	0	0	0	0	0	0	-0.13	0	0.305	0	0	0
7.064	0	0	0	0.2	0	-0.3	0	0	0	0	0	0	-0.13	0	0.305	0	0	0
7.065	0	0	0	0.2	0	-0.3	0	0	0	0	0	0	-0.13	0	0.305	0	0	0
7.066	0	0	0	0.2	0	-0.3	0	0	0	0	0	0	-0.13	0	0.305	0	0	0
7.067	0	0	0	0.2	0	-0.3	0	0	0	0	0	0	-0.13	0	0.305	0	0	0
7.068	0	0	0	0.2	0	-0.3	0	0	0	0	0	0	-0.13	0	0.305	0	0	0
7.069	0	0	0	0.2	0	-0.3	0	0	0	0	0	0	-0.13	0	0.305	0	0	0
7.07	0	0	0	0.2	0	-0.3	0	0	0	0	0	0	-0.13	0	0.305	0	0	0
7.071	0	0	0	0.2	0	-0.3	0	0	0	0	0	0	-0.13	0	0.305	0	0	0
7.072	0	0	0	0.2	0	-0.3	0	0	0	0	0	0	-0.13	0	0.305	0	0	0
7.073	0	0	0	0.2	0	-0.3	0	0	0	0	0	0	-0.13	0	0.305	0	0	0
7.074	0	0	0	0.2	0	-0.3	0	0	0	0	0	0	-0.13	0	0.305	0	0	0
7.075	0	0	0	0.2	0	-0.3	0	0	0	0	0	0	-0.13	0	0.305	0	0	0
7.076	0	0	0	0.2	0	-0.3	0	0	0	0	0	0	-0.13	0	0.305	0	0	0
7.077	0	0	0	0.2	0	-0.3	0	0	0	0	0	0	-0.13	0	0.305	0	0	0
7.078	0	0	0	0.2	0	-0.3	0	0	0	0	0	0	-0.13	0	0.305	0	0	0
7.079	0	0	0	0.2	0	-0.3	0	0	0	0	0	0	-0.13	0	0.305	0	0	0
7.08	0	0	0	0.2	0	-0.3	0	0	0	0	0	0	-0.13	0	0.305	0	0	0
7.081	0	0	0	0.2	0	-0.3	0	0	0	0	0	0	-0.13	0	0.305	0	0	0
7.082	0	0	0	0.2	0	-0.3	0	0	0	0	0	0	-0.13	0	0.305	0	0	0
7.083	0	0	0	0.2	0	-0.3	0	0	0	0	0	0	-0.13	0	0.305	0	0	0
7.084	0	0	0	0.2	0	-0.3	0	0	0	0	0	0	-0.13	0	0.305	0	0	0
7.085	0	0	0	0.2	0	-0.3	0	0	0	0	0	0	-0.13	0	0.305	0	0	0
7.086	0	0	0	0.2	0	-0.3	0	0	0	0	0	0	-0.13	0	0.305	0	0	0
7.087	0	0	0	0.2	0	-0.3	0	0	0	0	0	0	-0.13	0	0.305	0	0	0
7.088	0	0	0	0.2	0	-0.3	0	0	0	0	0	0	-0.13	0	0.305	0	0	0
7.089	0	0	0	0.2	0	-0.3	0	0	0	0	0	0	-0.13	0	0.305	0	0	0
7.09	0	0	0	0.2	0	-0.3	0	0	0	0	0	0	-0.13	0	0.305	0	0	0
7.091	0	0	0	0.2	0	-0.3	0	0	0	0	0	0	-0.13	0	0.305	0	0	0
7.092	0	0	0	0.2	0	-0.3	0	0	0	0	0	0	-0.13	0	0.305	0	0	0
7.093	0	0	0	0.2	0	-0.3	0	0	0	0	0	0	-0.13	0	0.305	0	0	0
7.094	0	0	0	0.2	0	-0.3	0	0	0	0	0	0	-0.13	0	0.305	0	0	0
7.095	0	0	0	0.2	0	-0.3	0	0	0	0	0	0	-0.13	0	0.305	0	0	0
7.096	0	0	0	0.2	0	-0.3	0	0	0	0	0	0	-0.13	0	0.305	0	0	0
7.097	0	0	0	0.2	0	-0.3	0	0	0	0	0	0	-0.13	0	0.305	0	0	0
7.098	0	0	0	0.2	0	-0.3	0	0	0	0	0	0	-0.13	0	0.305	0	0	0
7.099	0	0	0	0.2	0	-0.3	0	0	0	0	0	0	-0.13	0	0.305	0	0	0
7.1	0	0	0	0.2	0	-0.3	0	0	0	0	0	0	-0.13	0	0.305	0	0	0
7.101	0	0	0	0.2	0	-0.3	0	0	0	0	0	0	-0.13	0	0.305	0	0	0
7.102	0	0	0	0.2	0	-0.3	0	0	0	0	0	0	-0.13	0	0.305	0	0	0
7.103	0	0	0	0.2	0	-0.3	0	0	0	0	0	0	-0.13	0	0.305	0	0	0
7.104	0	0	0	0.2	0	-0.3	0	0	0	0	0	0	-0.13	0	0.305	0	0	0
7.105	0	0	0	0.2	0	-0.3	0	0	0	0	0	0	-0.13	0	0.305	0	0	0
7.106	0	0	0	0.2	0	-0.3	0	0	0	0	0	0	-0.13	0	0.305	0	0	0
7.107	0	0	0	0.2	0	-0.3	0	0	0	0	0	0	-0.13	0	0.305	0	0	0
7.108	0	0	0	0.2	0	-0.3	0	0	0	0	0	0	-0.13	0	0.305	0	0	0
7.109	0	0	0	0.2	0	-0.3	0	0	0	0	0	0	-0.13	0	0.305	0	0	0
7.11	0	0	0	0.2	0	-0.3	0	0	0	0	0	0	-0.13	0	0.305	0	0	0
7.111	0	0	0	0.2	0	-0.3	0	0	0	0	0	0	-0.13	0	0.305	0	0	0
7.112	0	0	0	0.2	0	-0.3	0	0	0	0	0	0	-0.13	0	0.305	0	0	0
7.113	0	0	0	0.2	0	-0.3	0	0	0	0	0	0	-0.13	0	0.305	0	0	0
7.114	0	0	0	0.2	0	-0.3	0	0	0	0	0	0	-0.13	0	0.305	0	0	0
7.115	0	0	0	0.2	0	-0.3	0	0	0	0	0	0	-0.13	0	0.305	0	0	0
7.116	0	0	0	0.2	0	-0.3	0	0	0	0	0	0	-0.13	0	0.305	0	0	0
7.117	0	0	0	0.2	0	-0.3	0	0	0	0	0	0	-0.13	0	0.305	0	0	0
7.118	0	0	0	0.2	0	-0.3	0	0	0	0	0	0	-0.13	0	0.305	0	0	0
7.119	0	0	0	0.2	0	-0.3	0	0	0	0	0	0	-0.13	0	0.305	0	0	0
7.12	0	0	0	0.2	0	-0.3	0	0	0	0	0	0	-0.13	0	0.305	0	0	0
7.121	0	0	0	0.2	0	-0.3	0	0	0	0	0	0	-0.13	0	0.305	0	0	0
7.122	0	0	0	0.2	0	-0.3	0	0	0	0	0	0	-0.13	0	0.305	0	0	0
7.123	0	0	0	0.2	0	-0.3	0	0	0	0	0	0	-0.13	0	0.305	0	0	0
7.124	0	0	0	0.2	0	-0.3	0	0	0	0	0	0	-0.13	0	0.305	0	0	0
7.125	0	0	0	0.2	0	-0.3	0	0	0	0	0	0	-0.13	0	0.305	0	0	0
7.126	0	0	0	0.2	0	-0.3	0	0	0	0	0	0	-0.13	0	0.305	0	0	0
7.127	0	0	0	0.2	0	-0.3	0	0	0	0	0	0	-0.13	0	0.305	0	0	0
7.128	0	0	0	0.2	0	-0.3	0	0	0	0	0	0	-0.13	0	0.305	0	0	0
7.129	0	0	0	0.2	0	-0.3	0	0	0	0	0	0	-0.13	0	0.305	0	0	0
7.13	0	0	0	0.2	0	-0.3	0	0	0	0	0	0	-0.13	0	0.305	0	0	0
7.131	0	0	0	0.2	0	-0.3	0	0	0	0	0	0	-0.13	0	0.305	0	0	0
7.132	0	0	0	0.2	0	-0.3	0	0	0	0	0	0	-0.13	0	0.305	0	0	0
7.133	0	0	0	0.2	0	-0.3	0	0	0	0	0	0	-0.13	0	0.305	0	0	0
7.134	0	0	0	0.2	0	-0.3	0	0	0	0	0	0	-0.13	0	0.305	0	0	0
7.135	0	0	0	0.2	0	-0.3	0	0	0	0	0	0	-0.13	0	0.305	0	0	0
7.136	0	0	0	0.2	0	-0.3	0	0	0	0	0	0	-0.13	0	0.305	0	0	0
7.137	0	0	0	0.2	0	-0.3	0	0	0	0	0	0	-0.13	0	0.305	0	0	0
7.138	0	0	0	0.2	0	-0.3	0	0	0	0	0	0	-0.13	0	0.305	0	0	0
7.139	0	0	0	0.2	0	-0.3	0	0	0	0	0	0	-0.13	0	0.305	0	0	0
7.14	0	0	0	0.2	0	-0.3	0	0	0	0	0	0	-0.13	0	0.305	0	0	0
7.141	0	0	0	0.2	0	-0.3	0	0	0	0	0	0	-0.13	0	0.305	0	0	0
7.142	0	0	0	0.2	0	-0.3	0	0	0	0	0	0	-0.13	0	0.305	0	0	0
7.143	0	0	0	0.2	0	-0.3	0	0	0	0	0	0	-0.13	0	0.305	0	0	0
7.144	0	0	0	0.2	0	-0.3	0	0	0	0	0	0	-0.13	0	0.305	0	0	0
7.145	0	0	0	0.2	0	-0.3	0	0	0	0	0	0	-0.13	0	0.305	0	0	0
7.146	0	0	0	0.2	0	-0.3	0	0	0	0	0	0	-0.13	0	0.305	0	0	0
7.147	0	0	0	0.2	0	-0.3	0	0	0	0	0	0	-0.13	0	0.305	0	0	0
7.148	0	0	0	0.2	0	-0.3	0	0	0	0	0	0	-0.13	0	0.305	0	0	0
7.149	0	0	0	0.2	0	-0.3	0	0	0	0	0	0	-0.13	0	0.305	0	0	0
7.15	0	0	0	0.2	0	-0.3	0	0	0	0	0	0	-0.13	0	0.305	0	0	0
7.151	0	0	0	0.2	0	-0.3	0	0	0	0	0	0	-0.13	0	0.305	0	0	0
7.152	0	0	0	0.2	0	-0.3	0	0	0	0	0	0	-0.13	0	0.305	0	0	0
7.153	0	0	0	0.2	0	-0.3	0	0	0	0	0	0	-0.13	0	0.305	0	0	0
7.154	0	0	0	0.2	0	-0.3	0	0	0	0	0	0	-0.13	0	0.305	0	0	0
7.155	0	0	0	0.2	0	-0.3	0	0	0	0	0	0	-0.13	0	0.305	0	0	0
7.156	0	0	0	0.2	0	-0.3	0	0	0	0	0	0	-0.13	0	0.305	0	0	0
7.157	0	0	0	0.2	0	-0.3	0	0	0	0	0	0	-0.13	0	0.305	0	0	0
7.158	0	0	0	0.2	0	-0.3	0	0	0	0	0	0	-0.13	0	0.305	0	0	0
7.159	0	0	0	0.2	0	-0.3	0	0	0	0	0	0	-0.13	0	0.305	0	0	0
7.16	0	0	0	0.2	0	-0.3	0	0	0	0	0	0	-0.13	0	0.305	0	0	0
7.161	0	0	0	0.2	0	-0.3	0	0	0	0	0	0	-0.13	0	0.305	0	0	0
7.162	0	0	0	0.2	0	-0.3	0	0	0	0	0	0	-0.13	0	0.305	0	0	0
7.163	0	0	0	0.2	0	-0.3	0	0	0	0	0	0	-0.13	0	0.305	0	0	0
7.164	0	0	0	0.2	0	-0.3	0	0	0	0	0	0	-0.13	0	0.305	0	0	0
7.165	0	0	0	0.2	0	-0.3	0	0	0	0	0	0	-0.13	0	0.305	0	0	0
7.166	0	0	0	0.2	0	-0.3	0	0	0	0	0	0	-0.13	0	0.305	0	0	0
7.167	0	0	0	0.2	0	-0.3	0	0	0	0	0	0	-0.13	0	0.305	0	0	0
7.168	0	0	0	0.2	0	-0.3	0	0	0	0	0	0	-0.13	0	0.305	0	0	0
7.169	0	0	0	0.2	0	-0.3	0	0	0	0	0	0	-0.13	0	0.305	0	0	0
7.17	0	0	0	0.2	0	-0.3	0	0	0	0	0	0	-0.13	0	0.305	0	0	0
7.171	0	0	0	0.2	0	-0.3	0	0	0	0	0	0	-0.13	0	0.305	0	0	0
7.172	0	0	0	0.2	0	-0.3	0	0	0	0	0	0	-0.13	0	0.305	0	0	0
7.173	0	0	0	0.2	0	-0.3	0	0	0	0	0	0	-0.13	0	0.305	0	0	0
7.174	0	0	0	0.2	0	-0.3	0	0	0	0	0	0	-0.13	0	0.305	0	0	0
7.175	0	0	0	0.2	0	-0.3	0	0	0	0	0	0	-0.13	0	0.305	0	0	0
7.176	0	0	0	0.2	0	-0.3	0	0	0	0	0	0	-0.13	0	0.305	0	0	0
7.177	0	0	0	0.2	0	-0.3	0	0	0	0	0	0	-0.13	0	0.305	0	0	0
7.178	0	0	0	0.2	0	-0.3	0	0	0	0	0	0	-0.13	0	0.305	0	0	0
7.179	0	0	0	0.2	0	-0.3	0	0	0	0	0	0	-0.13	0	0.305	0	0	0
7.18	0	0	0	0.2	0	-0.3	0	0	0	0	0	0	-0.13	0	0.305	0	0	0
7.181	0	0	0	0.2	0	-0.3	0	0	0	0	0	0	-0.13	0	0.305	0	0	0
7.182	0	0	0	0.2	0	-0.3	0	0	0	0	0	0	-0.13	0	0.305	0	0	0
7.183	0	0	0	0.2	0	-0.3	0	0	0	0	0	0	-0.13	0	0.305	0	0	0
7.184	0	0	0	0.2	0	-0.3	0	0	0	0	0	0	-0.13	0	0.305	0	0	0
7.185	0	0	0	0.2	0	-0.3	0	0	0	0	0	0	-0.13	0	0.305	0	0	0
7.186	0	0	0	0.2	0	-0.3	0	0	0	0	0	0	-0.13	0	0.305	0	0	0
7.187	0	0	0	0.2	0	-0.3	0	0	0	0	0	0	-0.13	0	0.305	0	0	0
7.188	0	0	0	0.2	0	-0.3	0	0	0	0	0	0	-0.13	0	0.305	0	0	0
7.189	0	0	0	0.2	0	-0.3	0	0	0	0	0	0	-0.13	0	0.305	0	0	0
7.19	0	0	0	0.2	0	-0.3	0	0	0	0	0	0	-0.13	0	0.305	0	0	0
7.191	0	0	0	0.2	0	-0.3	0	0	0	0	0	0	-0.13	0	0.305	0	0	0
7.192	0	0	0	0.2	0	-0.3	0	0	0	0	0	0	-0.13	0	0.305	0	0	0
7.193	0	0	0	0.2	0	-0.3	0	0	0	0	0	0	-0.13	0	0.305	0	0	0
7.194	0	0	0	0.2	0	-0.3	0	0	0	0	0	0	-0.13	0	0.305	0	0	0
7.195	0	0	0	0.2	0	-0.3	0	0	0	0	0	0	-0.13	0	0.305	0	0	0
7.196	0	0	0	0.2	0	-0.3	0	0	0	0	0	0	-0.13	0	0.305	0	0	0
7.197	0	0	0	0.2	0	-0.3	0	0	0	0	0	0	-0.13	0	0.305	0	0	0
7.198	0	0	0	0.2	0	-0.3	0	0	0	0	0	0	-0.13	0	0.305	0	0	0
7.199	0	0	0	0.2	0	-0.3	0	0	0	0	0	0	-0.13	0	0.305	0	0	0
7.2	0	0	0	0.2	0	-0.3	0	0	0	0	0	0	-0.13	0	0.305	0	0	0
7.201	0	0	0	0.2	0	-0.3	0	0	0	0	0	0	-0.13	0	0.305	0	0	0
7.202	0	0	0	0.2	0	-0.3	0	0	0	0	0	0	-0.13	0	0.305	0	0	0
7.203	0	0	0	0.2	0	-0.3	0	0	0	0	0	0	-0.13	0	0.305	0	0	0
7.204	0	0	0	0.2	0	-0.3	0	0	0	0	0	0	-0.13	0	0.305	0	0	0
7.205	0	0	0	0.2	0	-0.3	0	0	0	0	0	0	-0.13	0	0.305	0	0	0
7.206	0	0	0	0.2	0	-0.3	0	0	0	0	0	0	-0.13	0	0.305	0	0	0
7.207	0	0	0	0.2	0	-0.3	0	0	0	0	0	0	-0.13	0	0.305	0	0	0
7.208	0	0	0	0.2	0	-0.3	0	0	0	0	0	0	-0.13	0	0.305	0	0	0
7.209	0	0	0	0.2	0	-0.3	0	0	0	0	0	0	-0.13	0	0.305	0	0	0
7.21	0	0	0	0.2	0	-0.3	0	0	0	0	0	0	-0.13	0	0.305	0	0	0
7.211	0	0	0	0.2	0	-0.3	0	0	0	0	0	0	-0.13	0	0.305	0	0	0
7.212	0	0	0	0.2	0	-0.3	0	0	0	0	0	0	-0.13	0	0.305	0	0	0
7.213	0	0	0	0.2	0	-0.3	0	0	0	0	0	0	-0.13	0	0.305	0	0	0
7.214	0	0	0	0.2	0	-0.3	0	0	0	0	0	0	-0.13	0	0.305	0	0	0
7.215	0	0	0	0.2	0	-0.3	0	0	0	0	0	0	-0.13	0	0.305	0	0	0
7.216	0	0	0	0.2	0	-0.3	0	0	0	0	0	0	-0.13	0	0.305	0	0	0
7.217	0	0	0	0.2	0	-0.3	0	0	0	0	0	0	-0.13	0	0.305	0	0	0
7.218	0	0	0	0.2	0	-0.3	0	0	0	0	0	0	-0.13	0	0.305	0	0	0
7.219	0	0	0	0.2	0	-0.3	0	0	0	0	0	0	-0.13	0	0.305	0	0	0
7.22	0	0	0	0.2	0	-0.3	0	0	0	0	0	0	-0.13	0	0.305	0	0	0
7.221	0	0	0	0.2	0	-0.3	0	0	0	0	0	0	-0.13	0	0.305	0	0	0
7.222	0	0	0	0.2	0	-0.3	0	0	0	0	0	0	-0.13	0	0.305	0	0	0
7.223	0	0	0	0.2	0	-0.3	0	0	0	0	0	0	-0.13	0	0.305	0	0	0
7.224	0	0	0	0.2	0	-0.3	0	0	0	0	0	0	-0.13	0	0.305	0	0	0
7.225	0	0	0	0.2	0	-0.3	0	0	0	0	0	0	-0.13	0	0.305	0	0	0
7.226	0	0	0	0.2	0	-0.3	0	0	0	0	0	0	-0.13	0	0.305	0	0	0
7.227	0	0	0	0.2	0	-0.3	0	0	0	0	0	0	-0.13	0	0.305	0	0	0
7.228	0	0	0	0.2	0	-0.3	0	0	0	0	0	0	-0.13	0	0.305	0	0	0
7.229	0	0	0	0.2	0	-0.3	0	0	0	0	0	0	-0.13	0	0.305	0	0	0
7.23	0	0	0	0.2	0	-0.3	0	0	0	0	0	0	-0.13	0	0.305	0	0	0
7.231	0	0	0	0.2	0	-0.3	0	0	0	0	0	0	-0.13	0	0.305	0	0	0
7.232	0	0	0	0.2	0	-0.3	0	0	0	0	0	0	-0.13	0	0.305	0	0	0
7.233	0	0	0	0.2	0	-0.3	0	0	0	0	0	0	-0.13	0	0.305	0	0	0
7.234	0	0	0	0.2	0	-0.3	0	0	0	0	0	0	-0.13	0	0.305	0	0	0
7.235	0	0	0	0.2	0	-0.3	0	0	0	0	0	0	-0.13	0	0.305	0	0	0
7.236	0	0	0	0.2	0	-0.3	0	0	0	0	0	0	-0.13	0	0.305	0	0	0
7.237	0	0	0	0.2	0	-0.3	0	0	0	0	0	0	-0.13	0	0.305	0	0	0
7.238	0	0	0	0.2	0	-0.3	0	0	0	0	0	0	-0.13	0	0.305	0	0	0
7.239	0	0	0	0.2	0	-0.3	0	0	0	0	0	0	-0.13	0	0.305	0	0	0
7.24	0	0	0	0.2	0	-0.3	0	0	0	0	0	0	-0.13	0	0.305	0	0	0
7.241	0	0	0	0.2	0	-0.3	0	0	0	0	0	0	-0.13	0	0.305	0	0	0
7.242	0	0	0	0.2	0	-0.3	0	0	0	0	0	0	-0.13	0	0.305	0	0	0
7.243	0	0	0	0.2	0	-0.3	0	0	0	0	0	0	-0.13	0	0.305	0	0	0
7.244	0	0	0	0.2	0	-0.3	0	0	0	0	0	0	-0.13	0	0.305	0	0	0
7.245	0	0	0	0.2	0	-0.3	0	0	0	0	0	0	-0.13	0	0.305	0	0	0
7.246	0	0	0	0.2	0	-0.3	0	0	0	0	0	0	-0.13	0	0.305	0	0	0
7.247	0	0	0	0.2	0	-0.3	0	0	0	0	0	0	-0.13	0	0.305	0	0	0
7.248	0	0	0	0.2	0	-0.3	0	0	0	0	0	0	-0.13	0	0.305	0	0	0
7.249	0	0	0	0.2	0	-0.3	0	0	0	0	0	0	-0.13	0	0.305	0	0	0
7.25	0	0	0	0.2	0	-0.3	0	0	0	0	0	0	-0.13	0	0.305	0	0	0
7.251	0	0	0	0.2	0	-0.3	0	0	0	0	0	0	-0.13	0	0.305	0	0	0
7.252	0	0	0	0.2	0	-0.3	0	0	0	0	0	0	-0.13	0	0.305	0	0	0
7.253	0	0	0	0.2	0	-0.3	0	0	0	0	0	0	-0.13	0	0.305	0	0	0
7.254	0	0	0	0.2	0	-0.3	0	0	0	0	0	0	-0.13	0	0.305	0	0	0
7.255	0	0	0	0.2	0	-0.3	0	0	0	0	0	0	-0.13	0	0.305	0	0	0
7.256	0	0	0	0.2	0	-0.3	0	0	0	0	0	0	-0.13	0	0.305	0	0	0
7.257	0	0	0	0.2	0	-0.3	0	0	0	0	0	0	-0.13	0	0.305	0	0	0
7.258	0	0	0	0.2	0	-0.3	0	0	0	0	0	0	-0.13	0	0.305	0	0	0
7.259	0	0	0	0.2	0	-0.3	0	0	0	0	0	0	-0.13	0	0.305	0	0	0
7.26	0	0	0	0.2	0	-0.3	0	0	0	0	0	0	-0.13	0	0.305	0	0	0
7.261	0	0	0	0.2	0	-0.3	0	0	0	0	0	0	-0.13	0	0.305	0	0	0
7.262	0	0	0	0.2	0	-0.3	0	0	0	0	0	0	-0.13	0	0.305	0	0	0
7.263	0	0	0	0.2	0	-0.3	0	0	0	0	0	0	-0.13	0	0.305	0	0	0
7.264	0	0	0	0.2	0	-0.3	0	0	0	0	0	0	-0.13	0	0.305	0	0	0
7.265	0	0	0	0.2	0	-0.3	0	0	0	0	0	0	-0.13	0	0.305	0	0	0
7.266	0	0	0	0.2	0	-0.3	0	0	0	0	0	0	-0.13	0	0.305	0	0	0
7.267	0	0	0	0.2	0	-0.3	0	0	0	0	0	0	-0.13	0	0.305	0	0	0
7.268	0	0	0	0.2	0	-0.3	0	0	0	0	0	0	-0.13	0	0.305	0	0	0
7.269	0	0	0	0.2	0	-0.3	0	0	0	0	0	0	-0.13	0	0.305	0	0	0
7.27	0	0	0	0.2	0	-0.3	0	0	0	0	0	0	-0.13	0	0.305	0	0	0
7.271	0	0	0	0.2	0	-0.3	0	0	0	0	0	0	-0.13	0	0.305	0	0	0
7.272	0	0	0	0.2	0	-0.3	0	0	0	0	0	0	-0.13	0	0.305	0	0	0
7.273	0	0	0	0.2	0	-0.3	0	0	0	0	0	0	-0.13	0	0.305	0	0	0
7.274	0	0	0	0.2	0	-0.3	0	0	0	0	0	0	-0.13	0	0.305	0	0	0
7.275	0	0	0	0.2	0	-0.3	0	0	0	0	0	0	-0.13	0	0.305	0	0	0
7.276	0	0	0	0.2	0	-0.3	0	0	0	0	0	0	-0.13	0	0.305	0	0	0
7.277	0	0	0	0.2	0	-0.3	0	0	0	0	0	0	-0.13	0	0.305	0	0	0
7.278	0	0	0	0.2	0	-0.3	0	0	0	0	0	0	-0.13	0	0.305	0	0	0
7.279	0	0	0	0.2	0	-0.3	0	0	0	0	0	0	-0.13	0	0.305	0	0	0
7.28	0	0	0	0.2	0	-0.3	0	0	0	0	0	0	-0.13	0	0.305	0	0	0
7.281	0	0	0	0.2	0	-0.3	0	0	0	0	0	0	-0.13	0	0.305	0	0	0
7.282	0	0	0	0.2	0	-0.3	0	0	0	0	0	0	-0.13	0	0.305	0	0	0
7.283	0	0	0	0.2	0	-0.3	0	0	0	0	0	0	-0.13	0	0.305	0	0	0
7.284	0	0	0	0.2	0	-0.3	0	0	0	0	0	0	-0.13	0	0.305	0	0	0
7.285	0	0	0	0.2	0	-0.3	0	0	0	0	0	0	-0.13	0	0.305	0	0	0
7.286	0	0	0	0.2	0	-0.3	0	0	0	0	0	0	-0.13	0	0.305	0	0	0
7.287	0	0	0	0.2	0	-0.3	0	0	0	0	0	0	-0.13	0	0.305	0	0	0
7.288	0	0	0	0.2	0	-0.3	0	0	0	0	0	0	-0.13	0	0.305	0	0	0
7.289	0	0	0	0.2	0	-0.3	0	0	0	0	0	0	-0.13	0	0.305	0	0	0
7.29	0	0	0	0.2	0	-0.3	0	0	0	0	0	0	-0.13	0	0.305	0	0	0
7.291	0	0	0	0.2	0	-0.3	0	0	0	0	0	0	-0.13	0	0.305	0	0	0
7.292	0	0	0	0.2	0	-0.3	0	0	0	0	0	0	-0.13	0	0.305	0	0	0
7.293	0	0	0	0.2	0	-0.3	0	0	0	0	0	0	-0.13	0	0.305	0	0	0
7.294	0	0	0	0.2	0	-0.3	0	0	0	0	0	0	-0.13	0	0.305	0	0	0
7.295	0	0	0	0.2	0	-0.3	0	0	0	0	0	0	-0.13	0	0.305	0	0	0
7.296	0	0	0	0.2	0	-0.3	0	0	0	0	0	0	-0.13	0	0.305	0	0	0
7.297	0	0	0	0.2	0	-0.3	0	0	0	0	0	0	-0.13	0	0.305	0	0	0
7.298	0	0	0	0.2	0	-0.3	0	0	0	0	0	0	-0.13	0	0.305	0	0	0
7.299	0	0	0	0.2	0	-0.3	0	0	0	0	0	0	-0.13	0	0.305	0	0	0
7.3	0	0	0	0.2	0	-0.3	0	0	0	0	0	0	-0.13	0	0.305	0	0	0
7.301	0	0	0	0.2	0	-0.3	0	0	0	0	0	0	-0.13	0	0.305	0	0	0
7.302	0	0	0	0.2	0	-0.3	0	0	0	0	0	0	-0.13	0	0.305	0	0	0
7.303	0	0	0	0.2	0	-0.3	0	0	0	0	0	0	-0.13	0	0.305	0	0	0
7.304	0	0	0	0.2	0	-0.3	0	0	0	0	0	0	-0.13	0	0.305	0	0	0
7.305	0	0	0	0.2	0	-0.3	0	0	0	0	0	0	-0.13	0	0.305	0	0	0
7.306	0	0	0	0.2	0	-0.3	0	0	0	0	0	0	-0.13	0	0.305	0	0	0
7.307	0	0	0	0.2	0	-0.3	0	0	0	0	0	0	-0.13	0	0.305	0	0	0
7.308	0	0	0	0.2	0	-0.3	0	0	0	0	0	0	-0.13	0	0.305	0	0	0
7.309	0	0	0	0.2	0	-0.3	0	0	0	0	0	0	-0.13	0	0.305	0	0	0
7.31	0	0	0	0.2	0	-0.3	0	0	0	0	0	0	-0.13	0	0.305	0	0	0
7.311	0	0	0	0.2	0	-0.3	0	0	0	0	0	0	-0.13	0	0.305	0	0	0
7.312	0	0	0	0.2	0	-0.3	0	0	0	0	0	0	-0.13	0	0.305	0	0	0
7.313	0	0	0	0.2	0	-0.3	0	0	0	0	0	0	-0.13	0	0.305	0	0	0
7.314	0	0	0	0.2	0	-0.3	0	0	0	0	0	0	-0.13	0	0.305	0	0	0
7.315	0	0	0	0.2	0	-0.3	0	0	0	0	0	0	-0.13	0	0.305	0	0	0
7.316	0	0	0	0.2	0	-0.3	0	0	0	0	0	0	-0.13	0	0.305	0	0	0
7.317	0	0	0	0.2	0	-0.3	0	0	0	0	0	0	-0.13	0	0.305	0	0	0
7.318	0	0	0	0.2	0	-0.3	0	0	0	0	0	0	-0.13	0	0.305	0	0	0
7.319	0	0	0	0.2	0	-0.3	0	0	0	0	0	0	-0.13	0	0.305	0	0	0
7.32	0	0	0	0.2	0	-0.3	0	0	0	0	0	0	-0.13	0	0.305	0	0	0
7.321	0	0	0	0.2	0	-0.3	0	0	0	0	0	0	-0.13	0	0.305	0	0	0
7.322	0	0	0	0.2	0	-0.3	0	0	0	0	0	0	-0.13	0	0.305	0	0	0
7.323	0	0	0	0.2	0	-0.3	0	0	0	0	0	0	-0.13	0	0.305	0	0	0
7.324	0	0	0	0.2	0	-0.3	0	0	0	0	0	0	-0.13	0	0.305	0	0	0
7.325	0	0	0	0.2	0	-0.3	0	0	0	0	0	0	-0.13	0	0.305	0	0	0
7.326	0	0	0	0.2	0	-0.3	0	0	0	0	0	0	-0.13	0	0.305	0	0	0
7.327	0	0	0	0.2	0	-0.3	0	0	0	0	0	0	-0.13	0	0.305	0	0	0
7.328	0	0	0	0.2	0	-0.3	0	0	0	0	0	0	-0.13	0	0.305	0	0	0
7.329	0	0	0	0.2	0	-0.3	0	0	0	0	0	0	-0.13	0	0.305	0	0	0
7.33	0	0	0	0.2	0	-0.3	0	0	0	0	0	0	-0.13	0	0.305	0	0	0
7.331	0	0	0	0.2	0	-0.3	0	0	0	0	0	0	-0.13	0	0.305	0	0	0
7.332	0	0	0	0.2	0	-0.3	0	0	0	0	0	0	-0.13	0	0.305	0	0	0
7.333	0	0	0	0.2	0	-0.3	0	0	0	0	0	0	-0.13	0	0.305	0	0	0
7.334	0	0	0	0.2	0	-0.3	0	0	0	0	0	0	-0.13	0	0.305	0	0	0
7.335	0	0	0	0.2	0	-0.3	0	0	0	0	0	0	-0.13	0	0.305	0	0	0
7.336	0	0	0	0.2	0	-0.3	0	0	0	0	0	0	-0.13	0	0.305	0	0	0
7.337	0	0	0	0.2	0	-0.3	0	0	0	0	0	0	-0.13	0	0.305	0	0	0
7.338	0	0	0	0.2	0	-0.3	0	0	0	0	0	0	-0.13	0	0.305	0	0	0
7.339	0	0	0	0.2	0	-0.3	0	0	0	0	0	0	-0.13	0	0.305	0	0	0
7.34	0	0	0	0.2	0	-0.3	0	0	0	0	0	0	-0.13	0	0.305	0	0	0
7.341	0	0	0	0.2	0	-0.3	0	0	0	0	0	0	-0.13	0	0.305	0	0	0
7.342	0	0	0	0.2	0	-0.3	0	0	0	0	0	0	-0.13	0	0.305	0	0	0
7.343	0	0	0	0.2	0	-0.3	0	0	0	0	0	0	-0.13	0	0.305	0	0	0
7.344	0	0	0	0.2	0	-0.3	0	0	0	0	0	0	-0.13	0	0.305	0	0	0
7.345	0	0	0	0.2	0	-0.3	0	0	0	0	0	0	-0.13	0	0.305	0	0	0
7.346	0	0	0	0.2	0	-0.3	0	0	0	0	0	0	-0.13	0	0.305	0	0	0
7.347	0	0	0	0.2	0	-0.3	0	0	0	0	0	0	-0.13	0	0.305	0	0	0
7.348	0	0	0	0.2	0	-0.3	0	0	0	0	0	0	-0.13	0	0.305	0	0	0
7.349	0	0	0	0.2	0	-0.3	0	0	0	0	0	0	-0.13	0	0.305	0	0	0
7.35	0	0	0	0.2	0	-0.3	0	0	0	0	0	0	-0.13	0	0.305	0	0	0
7.351	0	0	0	0.2	0	-0.3	0	0	0	0	0	0	-0.13	0	0.305	0	0	0
7.352	0	0	0	0.2	0	-0.3	0	0	0	0	0	0	-0.13	0	0.305	0	0	0
7.353	0	0	0	0.2	0	-0.3	0	0	0	0	0	0	-0.13	0	0.305	0	0	0
7.354	0	0	0	0.2	0	-0.3	0	0	0	0	0	0	-0.13	0	0.305	0	0	0
7.355	0	0	0	0.2	0	-0.3	0	0	0	0	0	0	-0.13	0	0.305	0	0	0
7.356	0	0	0	0.2	0	-0.3	0	0	0	0	0	0	-0.13	0	0.305	0	0	0
7.357	0	0	0	0.2	0	-0.3	0	0	0	0	0	0	-0.13	0	0.305	0	0	0
7.358	0	0	0	0.2	0	-0.3	0	0	0	0	0	0	-0.13	0	0.305	0	0	0
7.359	0	0	0	0.2	0	-0.3	0	0	0	0	0	0	-0.13	0	0.305	0	0	0
7.36	0	0	0	0.2	0	-0.3	0	0	0	0	0	0	-0.13	0	0.305	0	0	0
7.361	0	0	0	0.2	0	-0.3	0	0	0	0	0	0	-0.13	0	0.305	0	0	0
7.362	0	0	0	0.2	0	-0.3	0	0	0	0	0	0	-0.13	0	0.305	0	0	0
7.363	0	0	0	0.2	0	-0.3	0	0	0	0	0	0	-0.13	0	0.305	0	0	0
7.364	0	0	0	0.2	0	-0.3	0	0	0	0	0	0	-0.13	0	0.305	0	0	0
7.365	0	0	0	0.2	0	-0.3	0	0	0	0	0	0	-0.13	0	0.305	0	0	0
7.366	0	0	0	0.2	0	-0.3	0	0	0	0	0	0	-0.13	0	0.305	0	0	0
7.367	0	0	0	0.2	0	-0.3	0	0	0	0	0	0	-0.13	0	0.305	0	0	0
7.368	0	0	0	0.2	0	-0.3	0	0	0	0	0	0	-0.13	0	0.305	0	0	0
7.369	0	0	0	0.2	0	-0.3	0	0	0	0	0	0	-0.13	0	0.305	0	0	0
7.37	0	0	0	0.2	0	-0.3	0	0	0	0	0	0	-0.13	0	0.305	0	0	0
7.371	0	0	0	0.2	0	-0.3	0	0	0	0	0	0	-0.13	0	0.305	0	0	0
7.372	0	0	0	0.2	0	-0.3	0	0	0	0	0	0	-0.13	0	0.305	0	0	0
7.373	0	0	0	0.2	0	-0.3	0	0	0	0	0	0	-0.13	0	0.305	0	0	0
7.374	0	0	0	0.2	0	-0.3	0	0	0	0	0	0	-0.13	0	0.305	0	0	0
7.375	0	0	0	0.2	0	-0.3	0	0	0	0	0	0	-0.13	0	0.305	0	0	0
7.376	0	0	0	0.2	0	-0.3	0	0	0	0	0	0	-0.13	0	0.305	0	0	0
7.377	0	0	0	0.2	0	-0.3	0	0	0	0	0	0	-0.13	0	0.305	0	0	0
7.378	0	0	0	0.2	0	-0.3	0	0	0	0	0	0	-0.13	0	0.305	0	0	0
7.379	0	0	0	0.2	0	-0.3	0	0	0	0	0	0	-0.13	0	0.305	0	0	0
7.38	0	0	0	0.2	0	-0.3	0	0	0	0	0	0	-0.13	0	0.305	0	0	0
7.381	0	0	0	0.2	0	-0.3	0	0	0	0	0	0	-0.13	0	0.305	0	0	0
7.382	0	0	0	0.2	0	-0.3	0	0	0	0	0	0	-0.13	0	0.305	0	0	0
7.383	0	0	0	0.2	0	-0.3	0	0	0	0	0	0	-0.13	0	0.305	0	0	0
7.384	0	0	0	0.2	0	-0.3	0	0	0	0	0	0	-0.13	0	0.305	0	0	0
7.385	0	0	0	0.2	0	-0.3	0	0	0	0	0	0	-0.13	0	0.305	0	0	0
7.386	0	0	0	0.2	0	-0.3	0	0	0	0	0	0	-0.13	0	0.305	0	0	0
7.387	0	0	0	0.2	0	-0.3	0	0	0	0	0	0	-0.13	0	0.305	0	0	0
7.388	0	0	0	0.2	0	-0.3	0	0	0	0	0	0	-0.13	0	0.305	0	0	0
7.389	0	0	0	0.2	0	-0.3	0	0	0	0	0	0	-0.13	0	0.305	0	0	0
