LG_Walk_Normal09																		
version=1																		
nRows=2800																		
nColumns=19																		
inDegrees=yes																		
endheader																		
time	ground_force2_vx	ground_force2_vy	ground_force2_vz	ground_force2_px	ground_force2_py	ground_force2_pz	ground_torque2_x	ground_torque2_y	ground_torque2_z	ground_force1_vx	ground_force1_vy	ground_force1_vz	ground_force1_px	ground_force1_py	ground_force1_pz	ground_torque1_x	ground_torque1_y	ground_torque1_z
4.73	0	0	0	0.2	0	-0.3	0	0	0	0	0	0	-0.13	0	0.305	0	0	0
4.731	0	0	0	0.2	0	-0.3	0	0	0	0	0	0	-0.13	0	0.305	0	0	0
4.732	0	0	0	0.2	0	-0.3	0	0	0	0	0	0	-0.13	0	0.305	0	0	0
4.733	0	0	0	0.2	0	-0.3	0	0	0	0	0	0	-0.13	0	0.305	0	0	0
4.734	0	0	0	0.2	0	-0.3	0	0	0	0	0	0	-0.13	0	0.305	0	0	0
4.735	0	0	0	0.2	0	-0.3	0	0	0	0	0	0	-0.13	0	0.305	0	0	0
4.736	0	0	0	0.2	0	-0.3	0	0	0	0	0	0	-0.13	0	0.305	0	0	0
4.737	0	0	0	0.2	0	-0.3	0	0	0	0	0	0	-0.13	0	0.305	0	0	0
4.738	0	0	0	0.2	0	-0.3	0	0	0	0	0	0	-0.13	0	0.305	0	0	0
4.739	0	0	0	0.2	0	-0.3	0	0	0	0	0	0	-0.13	0	0.305	0	0	0
4.74	0	0	0	0.2	0	-0.3	0	0	0	0	0	0	-0.13	0	0.305	0	0	0
4.741	0	0	0	0.2	0	-0.3	0	0	0	0	0	0	-0.13	0	0.305	0	0	0
4.742	0	0	0	0.2	0	-0.3	0	0	0	0	0	0	-0.13	0	0.305	0	0	0
4.743	0	0	0	0.2	0	-0.3	0	0	0	0	0	0	-0.13	0	0.305	0	0	0
4.744	0	0	0	0.2	0	-0.3	0	0	0	0	0	0	-0.13	0	0.305	0	0	0
4.745	0	0	0	0.2	0	-0.3	0	0	0	0	0	0	-0.13	0	0.305	0	0	0
4.746	0	0	0	0.2	0	-0.3	0	0	0	0	0	0	-0.13	0	0.305	0	0	0
4.747	0	0	0	0.2	0	-0.3	0	0	0	0	0	0	-0.13	0	0.305	0	0	0
4.748	0	0	0	0.2	0	-0.3	0	0	0	0	0	0	-0.13	0	0.305	0	0	0
4.749	0	0	0	0.2	0	-0.3	0	0	0	0	0	0	-0.13	0	0.305	0	0	0
4.75	0	0	0	0.2	0	-0.3	0	0	0	0	0	0	-0.13	0	0.305	0	0	0
4.751	0	0	0	0.2	0	-0.3	0	0	0	0	0	0	-0.13	0	0.305	0	0	0
4.752	0	0	0	0.2	0	-0.3	0	0	0	0	0	0	-0.13	0	0.305	0	0	0
4.753	0	0	0	0.2	0	-0.3	0	0	0	0	0	0	-0.13	0	0.305	0	0	0
4.754	0	0	0	0.2	0	-0.3	0	0	0	0	0	0	-0.13	0	0.305	0	0	0
4.755	0	0	0	0.2	0	-0.3	0	0	0	0	0	0	-0.13	0	0.305	0	0	0
4.756	0	0	0	0.2	0	-0.3	0	0	0	0	0	0	-0.13	0	0.305	0	0	0
4.757	0	0	0	0.2	0	-0.3	0	0	0	0	0	0	-0.13	0	0.305	0	0	0
4.758	0	0	0	0.2	0	-0.3	0	0	0	0	0	0	-0.13	0	0.305	0	0	0
4.759	0	0	0	0.2	0	-0.3	0	0	0	0	0	0	-0.13	0	0.305	0	0	0
4.76	0	0	0	0.2	0	-0.3	0	0	0	0	0	0	-0.13	0	0.305	0	0	0
4.761	0	0	0	0.2	0	-0.3	0	0	0	0	0	0	-0.13	0	0.305	0	0	0
4.762	0	0	0	0.2	0	-0.3	0	0	0	0	0	0	-0.13	0	0.305	0	0	0
4.763	0	0	0	0.2	0	-0.3	0	0	0	0	0	0	-0.13	0	0.305	0	0	0
4.764	0	0	0	0.2	0	-0.3	0	0	0	0	0	0	-0.13	0	0.305	0	0	0
4.765	0	0	0	0.2	0	-0.3	0	0	0	0	0	0	-0.13	0	0.305	0	0	0
4.766	0	0	0	0.2	0	-0.3	0	0	0	0	0	0	-0.13	0	0.305	0	0	0
4.767	0	0	0	0.2	0	-0.3	0	0	0	0	0	0	-0.13	0	0.305	0	0	0
4.768	0	0	0	0.2	0	-0.3	0	0	0	0	0	0	-0.13	0	0.305	0	0	0
4.769	0	0	0	0.2	0	-0.3	0	0	0	0	0	0	-0.13	0	0.305	0	0	0
4.77	0	0	0	0.2	0	-0.3	0	0	0	0	0	0	-0.13	0	0.305	0	0	0
4.771	0	0	0	0.2	0	-0.3	0	0	0	0	0	0	-0.13	0	0.305	0	0	0
4.772	0	0	0	0.2	0	-0.3	0	0	0	0	0	0	-0.13	0	0.305	0	0	0
4.773	0	0	0	0.2	0	-0.3	0	0	0	0	0	0	-0.13	0	0.305	0	0	0
4.774	0	0	0	0.2	0	-0.3	0	0	0	0	0	0	-0.13	0	0.305	0	0	0
4.775	0	0	0	0.2	0	-0.3	0	0	0	0	0	0	-0.13	0	0.305	0	0	0
4.776	0	0	0	0.2	0	-0.3	0	0	0	0	0	0	-0.13	0	0.305	0	0	0
4.777	0	0	0	0.2	0	-0.3	0	0	0	0	0	0	-0.13	0	0.305	0	0	0
4.778	0	0	0	0.2	0	-0.3	0	0	0	0	0	0	-0.13	0	0.305	0	0	0
4.779	0	0	0	0.2	0	-0.3	0	0	0	0	0	0	-0.13	0	0.305	0	0	0
4.78	0	0	0	0.2	0	-0.3	0	0	0	0	0	0	-0.13	0	0.305	0	0	0
4.781	0	0	0	0.2	0	-0.3	0	0	0	0	0	0	-0.13	0	0.305	0	0	0
4.782	0	0	0	0.2	0	-0.3	0	0	0	0	0	0	-0.13	0	0.305	0	0	0
4.783	0	0	0	0.2	0	-0.3	0	0	0	0	0	0	-0.13	0	0.305	0	0	0
4.784	0	0	0	0.2	0	-0.3	0	0	0	0	0	0	-0.13	0	0.305	0	0	0
4.785	0	0	0	0.2	0	-0.3	0	0	0	0	0	0	-0.13	0	0.305	0	0	0
4.786	0	0	0	0.2	0	-0.3	0	0	0	0	0	0	-0.13	0	0.305	0	0	0
4.787	0	0	0	0.2	0	-0.3	0	0	0	0	0	0	-0.13	0	0.305	0	0	0
4.788	0	0	0	0.2	0	-0.3	0	0	0	0	0	0	-0.13	0	0.305	0	0	0
4.789	0	0	0	0.2	0	-0.3	0	0	0	0	0	0	-0.13	0	0.305	0	0	0
4.79	0	0	0	0.2	0	-0.3	0	0	0	0	0	0	-0.13	0	0.305	0	0	0
4.791	0	0	0	0.2	0	-0.3	0	0	0	0	0	0	-0.13	0	0.305	0	0	0
4.792	0	0	0	0.2	0	-0.3	0	0	0	0	0	0	-0.13	0	0.305	0	0	0
4.793	0	0	0	0.2	0	-0.3	0	0	0	0	0	0	-0.13	0	0.305	0	0	0
4.794	0	0	0	0.2	0	-0.3	0	0	0	0	0	0	-0.13	0	0.305	0	0	0
4.795	0	0	0	0.2	0	-0.3	0	0	0	0	0	0	-0.13	0	0.305	0	0	0
4.796	0	0	0	0.2	0	-0.3	0	0	0	0	0	0	-0.13	0	0.305	0	0	0
4.797	0	0	0	0.2	0	-0.3	0	0	0	0	0	0	-0.13	0	0.305	0	0	0
4.798	0	0	0	0.2	0	-0.3	0	0	0	0	0	0	-0.13	0	0.305	0	0	0
4.799	0	0	0	0.2	0	-0.3	0	0	0	0	0	0	-0.13	0	0.305	0	0	0
4.8	0	0	0	0.2	0	-0.3	0	0	0	0	0	0	-0.13	0	0.305	0	0	0
4.801	0	0	0	0.2	0	-0.3	0	0	0	0	0	0	-0.13	0	0.305	0	0	0
4.802	0	0	0	0.2	0	-0.3	0	0	0	0	0	0	-0.13	0	0.305	0	0	0
4.803	0	0	0	0.2	0	-0.3	0	0	0	0	0	0	-0.13	0	0.305	0	0	0
4.804	0	0	0	0.2	0	-0.3	0	0	0	0	0	0	-0.13	0	0.305	0	0	0
4.805	0	0	0	0.2	0	-0.3	0	0	0	0	0	0	-0.13	0	0.305	0	0	0
4.806	0	0	0	0.2	0	-0.3	0	0	0	0	0	0	-0.13	0	0.305	0	0	0
4.807	0	0	0	0.2	0	-0.3	0	0	0	0	0	0	-0.13	0	0.305	0	0	0
4.808	0	0	0	0.2	0	-0.3	0	0	0	0	0	0	-0.13	0	0.305	0	0	0
4.809	0	0	0	0.2	0	-0.3	0	0	0	0	0	0	-0.13	0	0.305	0	0	0
4.81	0	0	0	0.2	0	-0.3	0	0	0	0	0	0	-0.13	0	0.305	0	0	0
4.811	0	0	0	0.2	0	-0.3	0	0	0	0	0	0	-0.13	0	0.305	0	0	0
4.812	0	0	0	0.2	0	-0.3	0	0	0	0	0	0	-0.13	0	0.305	0	0	0
4.813	0	0	0	0.2	0	-0.3	0	0	0	0	0	0	-0.13	0	0.305	0	0	0
4.814	0	0	0	0.2	0	-0.3	0	0	0	0	0	0	-0.13	0	0.305	0	0	0
4.815	0	0	0	0.2	0	-0.3	0	0	0	0	0	0	-0.13	0	0.305	0	0	0
4.816	0	0	0	0.2	0	-0.3	0	0	0	0	0	0	-0.13	0	0.305	0	0	0
4.817	0	0	0	0.2	0	-0.3	0	0	0	0	0	0	-0.13	0	0.305	0	0	0
4.818	0	0	0	0.2	0	-0.3	0	0	0	0	0	0	-0.13	0	0.305	0	0	0
4.819	0	0	0	0.2	0	-0.3	0	0	0	0	0	0	-0.13	0	0.305	0	0	0
4.82	0	0	0	0.2	0	-0.3	0	0	0	0	0	0	-0.13	0	0.305	0	0	0
4.821	0	0	0	0.2	0	-0.3	0	0	0	0	0	0	-0.13	0	0.305	0	0	0
4.822	0	0	0	0.2	0	-0.3	0	0	0	0	0	0	-0.13	0	0.305	0	0	0
4.823	0	0	0	0.2	0	-0.3	0	0	0	0	0	0	-0.13	0	0.305	0	0	0
4.824	0	0	0	0.2	0	-0.3	0	0	0	0	0	0	-0.13	0	0.305	0	0	0
4.825	0	0	0	0.2	0	-0.3	0	0	0	0	0	0	-0.13	0	0.305	0	0	0
4.826	0	0	0	0.2	0	-0.3	0	0	0	0	0	0	-0.13	0	0.305	0	0	0
4.827	0	0	0	0.2	0	-0.3	0	0	0	0	0	0	-0.13	0	0.305	0	0	0
4.828	0	0	0	0.2	0	-0.3	0	0	0	0	0	0	-0.13	0	0.305	0	0	0
4.829	0	0	0	0.2	0	-0.3	0	0	0	0	0	0	-0.13	0	0.305	0	0	0
4.83	0	0	0	0.2	0	-0.3	0	0	0	0	0	0	-0.13	0	0.305	0	0	0
4.831	0	0	0	0.2	0	-0.3	0	0	0	0	0	0	-0.13	0	0.305	0	0	0
4.832	0	0	0	0.2	0	-0.3	0	0	0	0	0	0	-0.13	0	0.305	0	0	0
4.833	0	0	0	0.2	0	-0.3	0	0	0	0	0	0	-0.13	0	0.305	0	0	0
4.834	0	0	0	0.2	0	-0.3	0	0	0	0	0	0	-0.13	0	0.305	0	0	0
4.835	0	0	0	0.2	0	-0.3	0	0	0	0	0	0	-0.13	0	0.305	0	0	0
4.836	0	0	0	0.2	0	-0.3	0	0	0	0	0	0	-0.13	0	0.305	0	0	0
4.837	0	0	0	0.2	0	-0.3	0	0	0	0	0	0	-0.13	0	0.305	0	0	0
4.838	0	0	0	0.2	0	-0.3	0	0	0	0	0	0	-0.13	0	0.305	0	0	0
4.839	0	0	0	0.2	0	-0.3	0	0	0	0	0	0	-0.13	0	0.305	0	0	0
4.84	0	0	0	0.2	0	-0.3	0	0	0	0	0	0	-0.13	0	0.305	0	0	0
4.841	0	0	0	0.2	0	-0.3	0	0	0	0	0	0	-0.13	0	0.305	0	0	0
4.842	0	0	0	0.2	0	-0.3	0	0	0	0	0	0	-0.13	0	0.305	0	0	0
4.843	0	0	0	0.2	0	-0.3	0	0	0	0	0	0	-0.13	0	0.305	0	0	0
4.844	0	0	0	0.2	0	-0.3	0	0	0	0	0	0	-0.13	0	0.305	0	0	0
4.845	0	0	0	0.2	0	-0.3	0	0	0	0	0	0	-0.13	0	0.305	0	0	0
4.846	0	0	0	0.2	0	-0.3	0	0	0	0	0	0	-0.13	0	0.305	0	0	0
4.847	0	0	0	0.2	0	-0.3	0	0	0	0	0	0	-0.13	0	0.305	0	0	0
4.848	0	0	0	0.2	0	-0.3	0	0	0	0	0	0	-0.13	0	0.305	0	0	0
4.849	0	0	0	0.2	0	-0.3	0	0	0	0	0	0	-0.13	0	0.305	0	0	0
4.85	0	0	0	0.2	0	-0.3	0	0	0	0	0	0	-0.13	0	0.305	0	0	0
4.851	0	0	0	0.2	0	-0.3	0	0	0	0	0	0	-0.13	0	0.305	0	0	0
4.852	0	0	0	0.2	0	-0.3	0	0	0	0	0	0	-0.13	0	0.305	0	0	0
4.853	0	0	0	0.2	0	-0.3	0	0	0	0	0	0	-0.13	0	0.305	0	0	0
4.854	0	0	0	0.2	0	-0.3	0	0	0	0	0	0	-0.13	0	0.305	0	0	0
4.855	0	0	0	0.2	0	-0.3	0	0	0	0	0	0	-0.13	0	0.305	0	0	0
4.856	0	0	0	0.2	0	-0.3	0	0	0	0	0	0	-0.13	0	0.305	0	0	0
4.857	0	0	0	0.2	0	-0.3	0	0	0	0	0	0	-0.13	0	0.305	0	0	0
4.858	0	0	0	0.2	0	-0.3	0	0	0	0	0	0	-0.13	0	0.305	0	0	0
4.859	0	0	0	0.2	0	-0.3	0	0	0	0	0	0	-0.13	0	0.305	0	0	0
4.86	0	0	0	0.2	0	-0.3	0	0	0	0	0	0	-0.13	0	0.305	0	0	0
4.861	0	0	0	0.2	0	-0.3	0	0	0	0	0	0	-0.13	0	0.305	0	0	0
4.862	0	0	0	0.2	0	-0.3	0	0	0	0	0	0	-0.13	0	0.305	0	0	0
4.863	0	0	0	0.2	0	-0.3	0	0	0	0	0	0	-0.13	0	0.305	0	0	0
4.864	0	0	0	0.2	0	-0.3	0	0	0	0	0	0	-0.13	0	0.305	0	0	0
4.865	0	0	0	0.2	0	-0.3	0	0	0	0	0	0	-0.13	0	0.305	0	0	0
4.866	0	0	0	0.2	0	-0.3	0	0	0	0	0	0	-0.13	0	0.305	0	0	0
4.867	0	0	0	0.2	0	-0.3	0	0	0	0	0	0	-0.13	0	0.305	0	0	0
4.868	0	0	0	0.2	0	-0.3	0	0	0	0	0	0	-0.13	0	0.305	0	0	0
4.869	0	0	0	0.2	0	-0.3	0	0	0	0	0	0	-0.13	0	0.305	0	0	0
4.87	0	0	0	0.2	0	-0.3	0	0	0	0	0	0	-0.13	0	0.305	0	0	0
4.871	0	0	0	0.2	0	-0.3	0	0	0	0	0	0	-0.13	0	0.305	0	0	0
4.872	0	0	0	0.2	0	-0.3	0	0	0	0	0	0	-0.13	0	0.305	0	0	0
4.873	0	0	0	0.2	0	-0.3	0	0	0	0	0	0	-0.13	0	0.305	0	0	0
4.874	0	0	0	0.2	0	-0.3	0	0	0	0	0	0	-0.13	0	0.305	0	0	0
4.875	0	0	0	0.2	0	-0.3	0	0	0	0	0	0	-0.13	0	0.305	0	0	0
4.876	0	0	0	0.2	0	-0.3	0	0	0	0	0	0	-0.13	0	0.305	0	0	0
4.877	0	0	0	0.2	0	-0.3	0	0	0	0	0	0	-0.13	0	0.305	0	0	0
4.878	0	0	0	0.2	0	-0.3	0	0	0	0	0	0	-0.13	0	0.305	0	0	0
4.879	0	0	0	0.2	0	-0.3	0	0	0	0	0	0	-0.13	0	0.305	0	0	0
4.88	0	0	0	0.2	0	-0.3	0	0	0	0	0	0	-0.13	0	0.305	0	0	0
4.881	0	0	0	0.2	0	-0.3	0	0	0	0	0	0	-0.13	0	0.305	0	0	0
4.882	0	0	0	0.2	0	-0.3	0	0	0	0	0	0	-0.13	0	0.305	0	0	0
4.883	0	0	0	0.2	0	-0.3	0	0	0	0	0	0	-0.13	0	0.305	0	0	0
4.884	0	0	0	0.2	0	-0.3	0	0	0	0	0	0	-0.13	0	0.305	0	0	0
4.885	0	0	0	0.2	0	-0.3	0	0	0	0	0	0	-0.13	0	0.305	0	0	0
4.886	0	0	0	0.2	0	-0.3	0	0	0	0	0	0	-0.13	0	0.305	0	0	0
4.887	0	0	0	0.2	0	-0.3	0	0	0	0	0	0	-0.13	0	0.305	0	0	0
4.888	0	0	0	0.2	0	-0.3	0	0	0	0	0	0	-0.13	0	0.305	0	0	0
4.889	0	0	0	0.2	0	-0.3	0	0	0	0	0	0	-0.13	0	0.305	0	0	0
4.89	0	0	0	0.2	0	-0.3	0	0	0	0	0	0	-0.13	0	0.305	0	0	0
4.891	0	0	0	0.2	0	-0.3	0	0	0	0	0	0	-0.13	0	0.305	0	0	0
4.892	0	0	0	0.2	0	-0.3	0	0	0	0	0	0	-0.13	0	0.305	0	0	0
4.893	0	0	0	0.2	0	-0.3	0	0	0	0	0	0	-0.13	0	0.305	0	0	0
4.894	0	0	0	0.2	0	-0.3	0	0	0	0	0	0	-0.13	0	0.305	0	0	0
4.895	0	0	0	0.2	0	-0.3	0	0	0	0	0	0	-0.13	0	0.305	0	0	0
4.896	0	0	0	0.2	0	-0.3	0	0	0	0	0	0	-0.13	0	0.305	0	0	0
4.897	0	0	0	0.2	0	-0.3	0	0	0	0	0	0	-0.13	0	0.305	0	0	0
4.898	0	0	0	0.2	0	-0.3	0	0	0	0	0	0	-0.13	0	0.305	0	0	0
4.899	0	0	0	0.2	0	-0.3	0	0	0	0	0	0	-0.13	0	0.305	0	0	0
4.9	0	0	0	0.2	0	-0.3	0	0	0	0	0	0	-0.13	0	0.305	0	0	0
4.901	0	0	0	0.2	0	-0.3	0	0	0	0	0	0	-0.13	0	0.305	0	0	0
4.902	0	0	0	0.2	0	-0.3	0	0	0	0	0	0	-0.13	0	0.305	0	0	0
4.903	0	0	0	0.2	0	-0.3	0	0	0	0	0	0	-0.13	0	0.305	0	0	0
4.904	0	0	0	0.2	0	-0.3	0	0	0	0	0	0	-0.13	0	0.305	0	0	0
4.905	0	0	0	0.2	0	-0.3	0	0	0	0	0	0	-0.13	0	0.305	0	0	0
4.906	0	0	0	0.2	0	-0.3	0	0	0	0	0	0	-0.13	0	0.305	0	0	0
4.907	0	0	0	0.2	0	-0.3	0	0	0	0	0	0	-0.13	0	0.305	0	0	0
4.908	0	0	0	0.2	0	-0.3	0	0	0	0	0	0	-0.13	0	0.305	0	0	0
4.909	0	0	0	0.2	0	-0.3	0	0	0	0	0	0	-0.13	0	0.305	0	0	0
4.91	0	0	0	0.2	0	-0.3	0	0	0	0	0	0	-0.13	0	0.305	0	0	0
4.911	0	0	0	0.2	0	-0.3	0	0	0	0	0	0	-0.13	0	0.305	0	0	0
4.912	0	0	0	0.2	0	-0.3	0	0	0	0	0	0	-0.13	0	0.305	0	0	0
4.913	0	0	0	0.2	0	-0.3	0	0	0	0	0	0	-0.13	0	0.305	0	0	0
4.914	0	0	0	0.2	0	-0.3	0	0	0	0	0	0	-0.13	0	0.305	0	0	0
4.915	0	0	0	0.2	0	-0.3	0	0	0	0	0	0	-0.13	0	0.305	0	0	0
4.916	0	0	0	0.2	0	-0.3	0	0	0	0	0	0	-0.13	0	0.305	0	0	0
4.917	0	0	0	0.2	0	-0.3	0	0	0	0	0	0	-0.13	0	0.305	0	0	0
4.918	0	0	0	0.2	0	-0.3	0	0	0	0	0	0	-0.13	0	0.305	0	0	0
4.919	0	0	0	0.2	0	-0.3	0	0	0	0	0	0	-0.13	0	0.305	0	0	0
4.92	0	0	0	0.2	0	-0.3	0	0	0	0	0	0	-0.13	0	0.305	0	0	0
4.921	0	0	0	0.2	0	-0.3	0	0	0	0	0	0	-0.13	0	0.305	0	0	0
4.922	0	0	0	0.2	0	-0.3	0	0	0	0	0	0	-0.13	0	0.305	0	0	0
4.923	0	0	0	0.2	0	-0.3	0	0	0	0	0	0	-0.13	0	0.305	0	0	0
4.924	0	0	0	0.2	0	-0.3	0	0	0	0	0	0	-0.13	0	0.305	0	0	0
4.925	0	0	0	0.2	0	-0.3	0	0	0	0	0	0	-0.13	0	0.305	0	0	0
4.926	0	0	0	0.2	0	-0.3	0	0	0	0	0	0	-0.13	0	0.305	0	0	0
4.927	0	0	0	0.2	0	-0.3	0	0	0	0	0	0	-0.13	0	0.305	0	0	0
4.928	0	0	0	0.2	0	-0.3	0	0	0	0	0	0	-0.13	0	0.305	0	0	0
4.929	0	0	0	0.2	0	-0.3	0	0	0	0	0	0	-0.13	0	0.305	0	0	0
4.93	0	0	0	0.2	0	-0.3	0	0	0	0	0	0	-0.13	0	0.305	0	0	0
4.931	0	0	0	0.2	0	-0.3	0	0	0	0	0	0	-0.13	0	0.305	0	0	0
4.932	0	0	0	0.2	0	-0.3	0	0	0	0	0	0	-0.13	0	0.305	0	0	0
4.933	0	0	0	0.2	0	-0.3	0	0	0	0	0	0	-0.13	0	0.305	0	0	0
4.934	0	0	0	0.2	0	-0.3	0	0	0	0	0	0	-0.13	0	0.305	0	0	0
4.935	0	0	0	0.2	0	-0.3	0	0	0	0	0	0	-0.13	0	0.305	0	0	0
4.936	0	0	0	0.2	0	-0.3	0	0	0	0	0	0	-0.13	0	0.305	0	0	0
4.937	0	0	0	0.2	0	-0.3	0	0	0	0	0	0	-0.13	0	0.305	0	0	0
4.938	0	0	0	0.2	0	-0.3	0	0	0	0	0	0	-0.13	0	0.305	0	0	0
4.939	0	0	0	0.2	0	-0.3	0	0	0	0	0	0	-0.13	0	0.305	0	0	0
4.94	0	0	0	0.2	0	-0.3	0	0	0	0	0	0	-0.13	0	0.305	0	0	0
4.941	0	0	0	0.2	0	-0.3	0	0	0	0	0	0	-0.13	0	0.305	0	0	0
4.942	0	0	0	0.2	0	-0.3	0	0	0	0	0	0	-0.13	0	0.305	0	0	0
4.943	0	0	0	0.2	0	-0.3	0	0	0	0	0	0	-0.13	0	0.305	0	0	0
4.944	0	0	0	0.2	0	-0.3	0	0	0	0	0	0	-0.13	0	0.305	0	0	0
4.945	0	0	0	0.2	0	-0.3	0	0	0	0	0	0	-0.13	0	0.305	0	0	0
4.946	0	0	0	0.2	0	-0.3	0	0	0	0	0	0	-0.13	0	0.305	0	0	0
4.947	0	0	0	0.2	0	-0.3	0	0	0	0	0	0	-0.13	0	0.305	0	0	0
4.948	0	0	0	0.2	0	-0.3	0	0	0	0	0	0	-0.13	0	0.305	0	0	0
4.949	0	0	0	0.2	0	-0.3	0	0	0	0	0	0	-0.13	0	0.305	0	0	0
4.95	0	0	0	0.2	0	-0.3	0	0	0	0	0	0	-0.13	0	0.305	0	0	0
4.951	0	0	0	0.2	0	-0.3	0	0	0	0	0	0	-0.13	0	0.305	0	0	0
4.952	0	0	0	0.2	0	-0.3	0	0	0	0	0	0	-0.13	0	0.305	0	0	0
4.953	0	0	0	0.2	0	-0.3	0	0	0	0	0	0	-0.13	0	0.305	0	0	0
4.954	0	0	0	0.2	0	-0.3	0	0	0	0	0	0	-0.13	0	0.305	0	0	0
4.955	0	0	0	0.2	0	-0.3	0	0	0	0	0	0	-0.13	0	0.305	0	0	0
4.956	0	0	0	0.2	0	-0.3	0	0	0	0	0	0	-0.13	0	0.305	0	0	0
4.957	0	0	0	0.2	0	-0.3	0	0	0	0	0	0	-0.13	0	0.305	0	0	0
4.958	0	0	0	0.2	0	-0.3	0	0	0	0	0	0	-0.13	0	0.305	0	0	0
4.959	0	0	0	0.2	0	-0.3	0	0	0	0	0	0	-0.13	0	0.305	0	0	0
4.96	0	0	0	0.2	0	-0.3	0	0	0	0	0	0	-0.13	0	0.305	0	0	0
4.961	0	0	0	0.2	0	-0.3	0	0	0	0	0	0	-0.13	0	0.305	0	0	0
4.962	0	0	0	0.2	0	-0.3	0	0	0	0	0	0	-0.13	0	0.305	0	0	0
4.963	0	0	0	0.2	0	-0.3	0	0	0	0	0	0	-0.13	0	0.305	0	0	0
4.964	0	0	0	0.2	0	-0.3	0	0	0	0	0	0	-0.13	0	0.305	0	0	0
4.965	0	0	0	0.2	0	-0.3	0	0	0	0	0	0	-0.13	0	0.305	0	0	0
4.966	0	0	0	0.2	0	-0.3	0	0	0	0	0	0	-0.13	0	0.305	0	0	0
4.967	0	0	0	0.2	0	-0.3	0	0	0	0	0	0	-0.13	0	0.305	0	0	0
4.968	0	0	0	0.2	0	-0.3	0	0	0	0	0	0	-0.13	0	0.305	0	0	0
4.969	0	0	0	0.2	0	-0.3	0	0	0	0	0	0	-0.13	0	0.305	0	0	0
4.97	0	0	0	0.2	0	-0.3	0	0	0	0	0	0	-0.13	0	0.305	0	0	0
4.971	0	0	0	0.2	0	-0.3	0	0	0	0	0	0	-0.13	0	0.305	0	0	0
4.972	0	0	0	0.2	0	-0.3	0	0	0	0	0	0	-0.13	0	0.305	0	0	0
4.973	0	0	0	0.2	0	-0.3	0	0	0	0	0	0	-0.13	0	0.305	0	0	0
4.974	0	0	0	0.2	0	-0.3	0	0	0	0	0	0	-0.13	0	0.305	0	0	0
4.975	0	0	0	0.2	0	-0.3	0	0	0	0	0	0	-0.13	0	0.305	0	0	0
4.976	0	0	0	0.2	0	-0.3	0	0	0	0	0	0	-0.13	0	0.305	0	0	0
4.977	0	0	0	0.2	0	-0.3	0	0	0	0	0	0	-0.13	0	0.305	0	0	0
4.978	0	0	0	0.2	0	-0.3	0	0	0	0	0	0	-0.13	0	0.305	0	0	0
4.979	0	0	0	0.2	0	-0.3	0	0	0	0	0	0	-0.13	0	0.305	0	0	0
4.98	0	0	0	0.2	0	-0.3	0	0	0	0	0	0	-0.13	0	0.305	0	0	0
4.981	0	0	0	0.2	0	-0.3	0	0	0	0	0	0	-0.13	0	0.305	0	0	0
4.982	0	0	0	0.2	0	-0.3	0	0	0	0	0	0	-0.13	0	0.305	0	0	0
4.983	0	0	0	0.2	0	-0.3	0	0	0	0	0	0	-0.13	0	0.305	0	0	0
4.984	0	0	0	0.2	0	-0.3	0	0	0	0	0	0	-0.13	0	0.305	0	0	0
4.985	0	0	0	0.2	0	-0.3	0	0	0	0	0	0	-0.13	0	0.305	0	0	0
4.986	0	0	0	0.2	0	-0.3	0	0	0	0	0	0	-0.13	0	0.305	0	0	0
4.987	0	0	0	0.2	0	-0.3	0	0	0	0	0	0	-0.13	0	0.305	0	0	0
4.988	0	0	0	0.2	0	-0.3	0	0	0	0	0	0	-0.13	0	0.305	0	0	0
4.989	0	0	0	0.2	0	-0.3	0	0	0	0	0	0	-0.13	0	0.305	0	0	0
4.99	0	0	0	0.2	0	-0.3	0	0	0	0	0	0	-0.13	0	0.305	0	0	0
4.991	0	0	0	0.2	0	-0.3	0	0	0	0	0	0	-0.13	0	0.305	0	0	0
4.992	0	0	0	0.2	0	-0.3	0	0	0	0	0	0	-0.13	0	0.305	0	0	0
4.993	0	0	0	0.2	0	-0.3	0	0	0	0	0	0	-0.13	0	0.305	0	0	0
4.994	0	0	0	0.2	0	-0.3	0	0	0	0	0	0	-0.13	0	0.305	0	0	0
4.995	0	0	0	0.2	0	-0.3	0	0	0	0	0	0	-0.13	0	0.305	0	0	0
4.996	0	0	0	0.2	0	-0.3	0	0	0	0	0	0	-0.13	0	0.305	0	0	0
4.997	0	0	0	0.2	0	-0.3	0	0	0	0	0	0	-0.13	0	0.305	0	0	0
4.998	0	0	0	0.2	0	-0.3	0	0	0	0	0	0	-0.13	0	0.305	0	0	0
4.999	0	0	0	0.2	0	-0.3	0	0	0	0	0	0	-0.13	0	0.305	0	0	0
5	0	0	0	0.2	0	-0.3	0	0	0	0	0	0	-0.13	0	0.305	0	0	0
5.001	0	0	0	0.2	0	-0.3	0	0	0	0	0	0	-0.13	0	0.305	0	0	0
5.002	0	0	0	0.2	0	-0.3	0	0	0	0	0	0	-0.13	0	0.305	0	0	0
5.003	0	0	0	0.2	0	-0.3	0	0	0	0	0	0	-0.13	0	0.305	0	0	0
5.004	0	0	0	0.2	0	-0.3	0	0	0	0	0	0	-0.13	0	0.305	0	0	0
5.005	0	0	0	0.2	0	-0.3	0	0	0	0	0	0	-0.13	0	0.305	0	0	0
5.006	0	0	0	0.2	0	-0.3	0	0	0	0	0	0	-0.13	0	0.305	0	0	0
5.007	0	0	0	0.2	0	-0.3	0	0	0	0	0	0	-0.13	0	0.305	0	0	0
5.008	0	0	0	0.2	0	-0.3	0	0	0	0	0	0	-0.13	0	0.305	0	0	0
5.009	0	0	0	0.2	0	-0.3	0	0	0	0	0	0	-0.13	0	0.305	0	0	0
5.01	0	0	0	0.2	0	-0.3	0	0	0	0	0	0	-0.13	0	0.305	0	0	0
5.011	0	0	0	0.2	0	-0.3	0	0	0	0	0	0	-0.13	0	0.305	0	0	0
5.012	0	0	0	0.2	0	-0.3	0	0	0	0	0	0	-0.13	0	0.305	0	0	0
5.013	0	0	0	0.2	0	-0.3	0	0	0	0	0	0	-0.13	0	0.305	0	0	0
5.014	0	0	0	0.2	0	-0.3	0	0	0	0	0	0	-0.13	0	0.305	0	0	0
5.015	0	0	0	0.2	0	-0.3	0	0	0	0	0	0	-0.13	0	0.305	0	0	0
5.016	0	0	0	0.2	0	-0.3	0	0	0	0	0	0	-0.13	0	0.305	0	0	0
5.017	0	0	0	0.2	0	-0.3	0	0	0	0	0	0	-0.13	0	0.305	0	0	0
5.018	0	0	0	0.2	0	-0.3	0	0	0	0	0	0	-0.13	0	0.305	0	0	0
5.019	0	0	0	0.2	0	-0.3	0	0	0	0	0	0	-0.13	0	0.305	0	0	0
5.02	0	0	0	0.2	0	-0.3	0	0	0	0	0	0	-0.13	0	0.305	0	0	0
5.021	0	0	0	0.2	0	-0.3	0	0	0	0	0	0	-0.13	0	0.305	0	0	0
5.022	0	0	0	0.2	0	-0.3	0	0	0	0	0	0	-0.13	0	0.305	0	0	0
5.023	0	0	0	0.2	0	-0.3	0	0	0	0	0	0	-0.13	0	0.305	0	0	0
5.024	0	0	0	0.2	0	-0.3	0	0	0	0	0	0	-0.13	0	0.305	0	0	0
5.025	0	0	0	0.2	0	-0.3	0	0	0	0	0	0	-0.13	0	0.305	0	0	0
5.026	0	0	0	0.2	0	-0.3	0	0	0	0	0	0	-0.13	0	0.305	0	0	0
5.027	0	0	0	0.2	0	-0.3	0	0	0	0	0	0	-0.13	0	0.305	0	0	0
5.028	0	0	0	0.2	0	-0.3	0	0	0	0	0	0	-0.13	0	0.305	0	0	0
5.029	0	0	0	0.2	0	-0.3	0	0	0	0	0	0	-0.13	0	0.305	0	0	0
5.03	0	0	0	0.2	0	-0.3	0	0	0	0	0	0	-0.13	0	0.305	0	0	0
5.031	0	0	0	0.2	0	-0.3	0	0	0	0	0	0	-0.13	0	0.305	0	0	0
5.032	0	0	0	0.2	0	-0.3	0	0	0	0	0	0	-0.13	0	0.305	0	0	0
5.033	0	0	0	0.2	0	-0.3	0	0	0	0	0	0	-0.13	0	0.305	0	0	0
5.034	0	0	0	0.2	0	-0.3	0	0	0	0	0	0	-0.13	0	0.305	0	0	0
5.035	0	0	0	0.2	0	-0.3	0	0	0	0	0	0	-0.13	0	0.305	0	0	0
5.036	0	0	0	0.2	0	-0.3	0	0	0	0	0	0	-0.13	0	0.305	0	0	0
5.037	0	0	0	0.2	0	-0.3	0	0	0	0	0	0	-0.13	0	0.305	0	0	0
5.038	0	0	0	0.2	0	-0.3	0	0	0	0	0	0	-0.13	0	0.305	0	0	0
5.039	0	0	0	0.2	0	-0.3	0	0	0	0	0	0	-0.13	0	0.305	0	0	0
5.04	0	0	0	0.2	0	-0.3	0	0	0	0	0	0	-0.13	0	0.305	0	0	0
5.041	0	0	0	0.2	0	-0.3	0	0	0	0	0	0	-0.13	0	0.305	0	0	0
5.042	0	0	0	0.2	0	-0.3	0	0	0	0	0	0	-0.13	0	0.305	0	0	0
5.043	0	0	0	0.2	0	-0.3	0	0	0	0	0	0	-0.13	0	0.305	0	0	0
5.044	0	0	0	0.2	0	-0.3	0	0	0	0	0	0	-0.13	0	0.305	0	0	0
5.045	0	0	0	0.2	0	-0.3	0	0	0	0	0	0	-0.13	0	0.305	0	0	0
5.046	0	0	0	0.2	0	-0.3	0	0	0	0	0	0	-0.13	0	0.305	0	0	0
5.047	0	0	0	0.2	0	-0.3	0	0	0	0	0	0	-0.13	0	0.305	0	0	0
5.048	0	0	0	0.2	0	-0.3	0	0	0	0	0	0	-0.13	0	0.305	0	0	0
5.049	0	0	0	0.2	0	-0.3	0	0	0	0	0	0	-0.13	0	0.305	0	0	0
5.05	0	0	0	0.2	0	-0.3	0	0	0	0	0	0	-0.13	0	0.305	0	0	0
5.051	0	0	0	0.2	0	-0.3	0	0	0	0	0	0	-0.13	0	0.305	0	0	0
5.052	0	0	0	0.2	0	-0.3	0	0	0	0	0	0	-0.13	0	0.305	0	0	0
5.053	0	0	0	0.2	0	-0.3	0	0	0	0	0	0	-0.13	0	0.305	0	0	0
5.054	0	0	0	0.2	0	-0.3	0	0	0	0	0	0	-0.13	0	0.305	0	0	0
5.055	0	0	0	0.2	0	-0.3	0	0	0	0	0	0	-0.13	0	0.305	0	0	0
5.056	0	0	0	0.2	0	-0.3	0	0	0	0	0	0	-0.13	0	0.305	0	0	0
5.057	0	0	0	0.2	0	-0.3	0	0	0	0	0	0	-0.13	0	0.305	0	0	0
5.058	0	0	0	0.2	0	-0.3	0	0	0	0	0	0	-0.13	0	0.305	0	0	0
5.059	0	0	0	0.2	0	-0.3	0	0	0	0	0	0	-0.13	0	0.305	0	0	0
5.06	0	0	0	0.2	0	-0.3	0	0	0	0	0	0	-0.13	0	0.305	0	0	0
5.061	0	0	0	0.2	0	-0.3	0	0	0	0	0	0	-0.13	0	0.305	0	0	0
5.062	0	0	0	0.2	0	-0.3	0	0	0	0	0	0	-0.13	0	0.305	0	0	0
5.063	0	0	0	0.2	0	-0.3	0	0	0	0	0	0	-0.13	0	0.305	0	0	0
5.064	0	0	0	0.2	0	-0.3	0	0	0	0	0	0	-0.13	0	0.305	0	0	0
5.065	0	0	0	0.2	0	-0.3	0	0	0	0	0	0	-0.13	0	0.305	0	0	0
5.066	0	0	0	0.2	0	-0.3	0	0	0	0	0	0	-0.13	0	0.305	0	0	0
5.067	0	0	0	0.2	0	-0.3	0	0	0	0	0	0	-0.13	0	0.305	0	0	0
5.068	0	0	0	0.2	0	-0.3	0	0	0	0	0	0	-0.13	0	0.305	0	0	0
5.069	0	0	0	0.2	0	-0.3	0	0	0	0	0	0	-0.13	0	0.305	0	0	0
5.07	0	0	0	0.2	0	-0.3	0	0	0	0	0	0	-0.13	0	0.305	0	0	0
5.071	0	0	0	0.2	0	-0.3	0	0	0	0	0	0	-0.13	0	0.305	0	0	0
5.072	0	0	0	0.2	0	-0.3	0	0	0	0	0	0	-0.13	0	0.305	0	0	0
5.073	0	0	0	0.2	0	-0.3	0	0	0	0	0	0	-0.13	0	0.305	0	0	0
5.074	0	0	0	0.2	0	-0.3	0	0	0	0	0	0	-0.13	0	0.305	0	0	0
5.075	0	0	0	0.2	0	-0.3	0	0	0	0	0	0	-0.13	0	0.305	0	0	0
5.076	0	0	0	0.2	0	-0.3	0	0	0	0	0	0	-0.13	0	0.305	0	0	0
5.077	0	0	0	0.2	0	-0.3	0	0	0	0	0	0	-0.13	0	0.305	0	0	0
5.078	0	0	0	0.2	0	-0.3	0	0	0	0	0	0	-0.13	0	0.305	0	0	0
5.079	0	0	0	0.2	0	-0.3	0	0	0	0	0	0	-0.13	0	0.305	0	0	0
5.08	0	0	0	0.2	0	-0.3	0	0	0	0	0	0	-0.13	0	0.305	0	0	0
5.081	0	0	0	0.2	0	-0.3	0	0	0	0	0	0	-0.13	0	0.305	0	0	0
5.082	0	0	0	0.2	0	-0.3	0	0	0	0	0	0	-0.13	0	0.305	0	0	0
5.083	0	0	0	0.2	0	-0.3	0	0	0	0	0	0	-0.13	0	0.305	0	0	0
5.084	0	0	0	0.2	0	-0.3	0	0	0	0	0	0	-0.13	0	0.305	0	0	0
5.085	0	0	0	0.2	0	-0.3	0	0	0	0	0	0	-0.13	0	0.305	0	0	0
5.086	0	0	0	0.2	0	-0.3	0	0	0	0	0	0	-0.13	0	0.305	0	0	0
5.087	0	0	0	0.2	0	-0.3	0	0	0	0	0	0	-0.13	0	0.305	0	0	0
5.088	0	0	0	0.2	0	-0.3	0	0	0	0	0	0	-0.13	0	0.305	0	0	0
5.089	0	0	0	0.2	0	-0.3	0	0	0	0	0	0	-0.13	0	0.305	0	0	0
5.09	0	0	0	0.2	0	-0.3	0	0	0	0	0	0	-0.13	0	0.305	0	0	0
5.091	0	0	0	0.2	0	-0.3	0	0	0	0	0	0	-0.13	0	0.305	0	0	0
5.092	0	0	0	0.2	0	-0.3	0	0	0	0	0	0	-0.13	0	0.305	0	0	0
5.093	0	0	0	0.2	0	-0.3	0	0	0	0	0	0	-0.13	0	0.305	0	0	0
5.094	0	0	0	0.2	0	-0.3	0	0	0	0	0	0	-0.13	0	0.305	0	0	0
5.095	0	0	0	0.2	0	-0.3	0	0	0	0	0	0	-0.13	0	0.305	0	0	0
5.096	0	0	0	0.2	0	-0.3	0	0	0	0	0	0	-0.13	0	0.305	0	0	0
5.097	0	0	0	0.2	0	-0.3	0	0	0	0	0	0	-0.13	0	0.305	0	0	0
5.098	0	0	0	0.2	0	-0.3	0	0	0	0	0	0	-0.13	0	0.305	0	0	0
5.099	0	0	0	0.2	0	-0.3	0	0	0	0	0	0	-0.13	0	0.305	0	0	0
5.1	0	0	0	0.2	0	-0.3	0	0	0	0	0	0	-0.13	0	0.305	0	0	0
5.101	0	0	0	0.2	0	-0.3	0	0	0	0	0	0	-0.13	0	0.305	0	0	0
5.102	0	0	0	0.2	0	-0.3	0	0	0	0	0	0	-0.13	0	0.305	0	0	0
5.103	0	0	0	0.2	0	-0.3	0	0	0	0	0	0	-0.13	0	0.305	0	0	0
5.104	0	0	0	0.2	0	-0.3	0	0	0	0	0	0	-0.13	0	0.305	0	0	0
5.105	0	0	0	0.2	0	-0.3	0	0	0	0	0	0	-0.13	0	0.305	0	0	0
5.106	0	0	0	0.2	0	-0.3	0	0	0	0	0	0	-0.13	0	0.305	0	0	0
5.107	0	0	0	0.2	0	-0.3	0	0	0	0	0	0	-0.13	0	0.305	0	0	0
5.108	0	0	0	0.2	0	-0.3	0	0	0	0	0	0	-0.13	0	0.305	0	0	0
5.109	0	0	0	0.2	0	-0.3	0	0	0	0	0	0	-0.13	0	0.305	0	0	0
5.11	0	0	0	0.2	0	-0.3	0	0	0	0	0	0	-0.13	0	0.305	0	0	0
5.111	0	0	0	0.2	0	-0.3	0	0	0	0	0	0	-0.13	0	0.305	0	0	0
5.112	0	0	0	0.2	0	-0.3	0	0	0	0	0	0	-0.13	0	0.305	0	0	0
5.113	0	0	0	0.2	0	-0.3	0	0	0	0	0	0	-0.13	0	0.305	0	0	0
5.114	0	0	0	0.2	0	-0.3	0	0	0	0	0	0	-0.13	0	0.305	0	0	0
5.115	0	0	0	0.2	0	-0.3	0	0	0	0	0	0	-0.13	0	0.305	0	0	0
5.116	0	0	0	0.2	0	-0.3	0	0	0	0	0	0	-0.13	0	0.305	0	0	0
5.117	0	0	0	0.2	0	-0.3	0	0	0	0	0	0	-0.13	0	0.305	0	0	0
5.118	0	0	0	0.2	0	-0.3	0	0	0	0	0	0	-0.13	0	0.305	0	0	0
5.119	0	0	0	0.2	0	-0.3	0	0	0	0	0	0	-0.13	0	0.305	0	0	0
5.12	0	0	0	0.2	0	-0.3	0	0	0	0	0	0	-0.13	0	0.305	0	0	0
5.121	0	0	0	0.2	0	-0.3	0	0	0	0	0	0	-0.13	0	0.305	0	0	0
5.122	0	0	0	0.2	0	-0.3	0	0	0	0	0	0	-0.13	0	0.305	0	0	0
5.123	0	0	0	0.2	0	-0.3	0	0	0	0	0	0	-0.13	0	0.305	0	0	0
5.124	0	0	0	0.2	0	-0.3	0	0	0	0	0	0	-0.13	0	0.305	0	0	0
5.125	0	0	0	0.2	0	-0.3	0	0	0	0	0	0	-0.13	0	0.305	0	0	0
5.126	0	0	0	0.2	0	-0.3	0	0	0	0	0	0	-0.13	0	0.305	0	0	0
5.127	0	0	0	0.2	0	-0.3	0	0	0	0	0	0	-0.13	0	0.305	0	0	0
5.128	0	0	0	0.2	0	-0.3	0	0	0	0	0	0	-0.13	0	0.305	0	0	0
5.129	0	0	0	0.2	0	-0.3	0	0	0	0	0	0	-0.13	0	0.305	0	0	0
5.13	0	0	0	0.2	0	-0.3	0	0	0	0	0	0	-0.13	0	0.305	0	0	0
5.131	0	0	0	0.2	0	-0.3	0	0	0	0	0	0	-0.13	0	0.305	0	0	0
5.132	0	0	0	0.2	0	-0.3	0	0	0	0	0	0	-0.13	0	0.305	0	0	0
5.133	0	0	0	0.2	0	-0.3	0	0	0	0	0	0	-0.13	0	0.305	0	0	0
5.134	0	0	0	0.2	0	-0.3	0	0	0	0	0	0	-0.13	0	0.305	0	0	0
5.135	0	0	0	0.2	0	-0.3	0	0	0	0	0	0	-0.13	0	0.305	0	0	0
5.136	0	0	0	0.2	0	-0.3	0	0	0	0	0	0	-0.13	0	0.305	0	0	0
5.137	0	0	0	0.2	0	-0.3	0	0	0	0	0	0	-0.13	0	0.305	0	0	0
5.138	0	0	0	0.2	0	-0.3	0	0	0	0	0	0	-0.13	0	0.305	0	0	0
5.139	0	0	0	0.2	0	-0.3	0	0	0	0	0	0	-0.13	0	0.305	0	0	0
5.14	0	0	0	0.2	0	-0.3	0	0	0	0	0	0	-0.13	0	0.305	0	0	0
5.141	0	0	0	0.2	0	-0.3	0	0	0	0	0	0	-0.13	0	0.305	0	0	0
5.142	0	0	0	0.2	0	-0.3	0	0	0	0	0	0	-0.13	0	0.305	0	0	0
5.143	0	0	0	0.2	0	-0.3	0	0	0	0	0	0	-0.13	0	0.305	0	0	0
5.144	0	0	0	0.2	0	-0.3	0	0	0	0	0	0	-0.13	0	0.305	0	0	0
5.145	0	0	0	0.2	0	-0.3	0	0	0	0	0	0	-0.13	0	0.305	0	0	0
5.146	0	0	0	0.2	0	-0.3	0	0	0	0	0	0	-0.13	0	0.305	0	0	0
5.147	0	0	0	0.2	0	-0.3	0	0	0	0	0	0	-0.13	0	0.305	0	0	0
5.148	0	0	0	0.2	0	-0.3	0	0	0	0	0	0	-0.13	0	0.305	0	0	0
5.149	0	0	0	0.2	0	-0.3	0	0	0	0	0	0	-0.13	0	0.305	0	0	0
5.15	0	0	0	0.2	0	-0.3	0	0	0	0	0	0	-0.13	0	0.305	0	0	0
5.151	0	0	0	0.2	0	-0.3	0	0	0	0	0	0	-0.13	0	0.305	0	0	0
5.152	0	0	0	0.2	0	-0.3	0	0	0	0	0	0	-0.13	0	0.305	0	0	0
5.153	0	0	0	0.2	0	-0.3	0	0	0	0	0	0	-0.13	0	0.305	0	0	0
5.154	0	0	0	0.2	0	-0.3	0	0	0	0	0	0	-0.13	0	0.305	0	0	0
5.155	0	0	0	0.2	0	-0.3	0	0	0	0	0	0	-0.13	0	0.305	0	0	0
5.156	0	0	0	0.2	0	-0.3	0	0	0	0	0	0	-0.13	0	0.305	0	0	0
5.157	0	0	0	0.2	0	-0.3	0	0	0	0	0	0	-0.13	0	0.305	0	0	0
5.158	0	0	0	0.2	0	-0.3	0	0	0	0	0	0	-0.13	0	0.305	0	0	0
5.159	0	0	0	0.2	0	-0.3	0	0	0	0	0	0	-0.13	0	0.305	0	0	0
5.16	0	0	0	0.2	0	-0.3	0	0	0	0	0	0	-0.13	0	0.305	0	0	0
5.161	0	0	0	0.2	0	-0.3	0	0	0	0	0	0	-0.13	0	0.305	0	0	0
5.162	0	0	0	0.2	0	-0.3	0	0	0	0	0	0	-0.13	0	0.305	0	0	0
5.163	0	0	0	0.2	0	-0.3	0	0	0	0	0	0	-0.13	0	0.305	0	0	0
5.164	0	0	0	0.2	0	-0.3	0	0	0	0	0	0	-0.13	0	0.305	0	0	0
5.165	0	0	0	0.2	0	-0.3	0	0	0	0	0	0	-0.13	0	0.305	0	0	0
5.166	0	0	0	0.2	0	-0.3	0	0	0	0	0	0	-0.13	0	0.305	0	0	0
5.167	0	0	0	0.2	0	-0.3	0	0	0	0	0	0	-0.13	0	0.305	0	0	0
5.168	0	0	0	0.2	0	-0.3	0	0	0	0	0	0	-0.13	0	0.305	0	0	0
5.169	0	0	0	0.2	0	-0.3	0	0	0	0	0	0	-0.13	0	0.305	0	0	0
5.17	0	0	0	0.2	0	-0.3	0	0	0	0	0	0	-0.13	0	0.305	0	0	0
5.171	0	0	0	0.2	0	-0.3	0	0	0	0	0	0	-0.13	0	0.305	0	0	0
5.172	0	0	0	0.2	0	-0.3	0	0	0	0	0	0	-0.13	0	0.305	0	0	0
5.173	0	0	0	0.2	0	-0.3	0	0	0	0	0	0	-0.13	0	0.305	0	0	0
5.174	0	0	0	0.2	0	-0.3	0	0	0	0	0	0	-0.13	0	0.305	0	0	0
5.175	0	0	0	0.2	0	-0.3	0	0	0	0	0	0	-0.13	0	0.305	0	0	0
5.176	0	0	0	0.2	0	-0.3	0	0	0	0	0	0	-0.13	0	0.305	0	0	0
5.177	0	0	0	0.2	0	-0.3	0	0	0	0	0	0	-0.13	0	0.305	0	0	0
5.178	0	0	0	0.2	0	-0.3	0	0	0	0	0	0	-0.13	0	0.305	0	0	0
5.179	0	0	0	0.2	0	-0.3	0	0	0	0	0	0	-0.13	0	0.305	0	0	0
5.18	0	0	0	0.2	0	-0.3	0	0	0	0	0	0	-0.13	0	0.305	0	0	0
5.181	0	0	0	0.2	0	-0.3	0	0	0	0	0	0	-0.13	0	0.305	0	0	0
5.182	0	0	0	0.2	0	-0.3	0	0	0	0	0	0	-0.13	0	0.305	0	0	0
5.183	0	0	0	0.2	0	-0.3	0	0	0	0	0	0	-0.13	0	0.305	0	0	0
5.184	0	0	0	0.2	0	-0.3	0	0	0	0	0	0	-0.13	0	0.305	0	0	0
5.185	0	0	0	0.2	0	-0.3	0	0	0	0	0	0	-0.13	0	0.305	0	0	0
5.186	0	0	0	0.2	0	-0.3	0	0	0	0	0	0	-0.13	0	0.305	0	0	0
5.187	0	0	0	0.2	0	-0.3	0	0	0	0	0	0	-0.13	0	0.305	0	0	0
5.188	0	0	0	0.2	0	-0.3	0	0	0	0	0	0	-0.13	0	0.305	0	0	0
5.189	0	0	0	0.2	0	-0.3	0	0	0	0	0	0	-0.13	0	0.305	0	0	0
5.19	0	0	0	0.2	0	-0.3	0	0	0	0	0	0	-0.13	0	0.305	0	0	0
5.191	0	0	0	0.2	0	-0.3	0	0	0	0	0	0	-0.13	0	0.305	0	0	0
5.192	0	0	0	0.2	0	-0.3	0	0	0	0	0	0	-0.13	0	0.305	0	0	0
5.193	0	0	0	0.2	0	-0.3	0	0	0	0	0	0	-0.13	0	0.305	0	0	0
5.194	0	0	0	0.2	0	-0.3	0	0	0	0	0	0	-0.13	0	0.305	0	0	0
5.195	0	0	0	0.2	0	-0.3	0	0	0	0	0	0	-0.13	0	0.305	0	0	0
5.196	0	0	0	0.2	0	-0.3	0	0	0	0	0	0	-0.13	0	0.305	0	0	0
5.197	0	0	0	0.2	0	-0.3	0	0	0	0	0	0	-0.13	0	0.305	0	0	0
5.198	0	0	0	0.2	0	-0.3	0	0	0	0	0	0	-0.13	0	0.305	0	0	0
5.199	0	0	0	0.2	0	-0.3	0	0	0	0	0	0	-0.13	0	0.305	0	0	0
5.2	0	0	0	0.2	0	-0.3	0	0	0	0	0	0	-0.13	0	0.305	0	0	0
5.201	0	0	0	0.2	0	-0.3	0	0	0	0	0	0	-0.13	0	0.305	0	0	0
5.202	0	0	0	0.2	0	-0.3	0	0	0	0	0	0	-0.13	0	0.305	0	0	0
5.203	0	0	0	0.2	0	-0.3	0	0	0	0	0	0	-0.13	0	0.305	0	0	0
5.204	0	0	0	0.2	0	-0.3	0	0	0	0	0	0	-0.13	0	0.305	0	0	0
5.205	0	0	0	0.2	0	-0.3	0	0	0	0	0	0	-0.13	0	0.305	0	0	0
5.206	0	0	0	0.2	0	-0.3	0	0	0	0	0	0	-0.13	0	0.305	0	0	0
5.207	0	0	0	0.2	0	-0.3	0	0	0	0	0	0	-0.13	0	0.305	0	0	0
5.208	0	0	0	0.2	0	-0.3	0	0	0	0	0	0	-0.13	0	0.305	0	0	0
5.209	0	0	0	0.2	0	-0.3	0	0	0	0	0	0	-0.13	0	0.305	0	0	0
5.21	0	0	0	0.2	0	-0.3	0	0	0	0	0	0	-0.13	0	0.305	0	0	0
5.211	0	0	0	0.2	0	-0.3	0	0	0	0	0	0	-0.13	0	0.305	0	0	0
5.212	0	0	0	0.2	0	-0.3	0	0	0	0	0	0	-0.13	0	0.305	0	0	0
5.213	0	0	0	0.2	0	-0.3	0	0	0	0	0	0	-0.13	0	0.305	0	0	0
5.214	0	0	0	0.2	0	-0.3	0	0	0	0	0	0	-0.13	0	0.305	0	0	0
5.215	0	0	0	0.2	0	-0.3	0	0	0	0	0	0	-0.13	0	0.305	0	0	0
5.216	0	0	0	0.2	0	-0.3	0	0	0	0	0	0	-0.13	0	0.305	0	0	0
5.217	0	0	0	0.2	0	-0.3	0	0	0	0	0	0	-0.13	0	0.305	0	0	0
5.218	0	0	0	0.2	0	-0.3	0	0	0	0	0	0	-0.13	0	0.305	0	0	0
5.219	0	0	0	0.2	0	-0.3	0	0	0	0	0	0	-0.13	0	0.305	0	0	0
5.22	0	0	0	0.2	0	-0.3	0	0	0	0	0	0	-0.13	0	0.305	0	0	0
5.221	0	0	0	0.2	0	-0.3	0	0	0	0	0	0	-0.13	0	0.305	0	0	0
5.222	0	0	0	0.2	0	-0.3	0	0	0	0	0	0	-0.13	0	0.305	0	0	0
5.223	0	0	0	0.2	0	-0.3	0	0	0	0	0	0	-0.13	0	0.305	0	0	0
5.224	0	0	0	0.2	0	-0.3	0	0	0	0	0	0	-0.13	0	0.305	0	0	0
5.225	0	0	0	0.2	0	-0.3	0	0	0	0	0	0	-0.13	0	0.305	0	0	0
5.226	0	0	0	0.2	0	-0.3	0	0	0	0	0	0	-0.13	0	0.305	0	0	0
5.227	0	0	0	0.2	0	-0.3	0	0	0	0	0	0	-0.13	0	0.305	0	0	0
5.228	0	0	0	0.2	0	-0.3	0	0	0	0	0	0	-0.13	0	0.305	0	0	0
5.229	0	0	0	0.2	0	-0.3	0	0	0	0	0	0	-0.13	0	0.305	0	0	0
5.23	0	0	0	0.2	0	-0.3	0	0	0	0	0	0	-0.13	0	0.305	0	0	0
5.231	0	0	0	0.2	0	-0.3	0	0	0	0	0	0	-0.13	0	0.305	0	0	0
5.232	0	0	0	0.2	0	-0.3	0	0	0	0	0	0	-0.13	0	0.305	0	0	0
5.233	0	0	0	0.2	0	-0.3	0	0	0	0	0	0	-0.13	0	0.305	0	0	0
5.234	0	0	0	0.2	0	-0.3	0	0	0	0	0	0	-0.13	0	0.305	0	0	0
5.235	0	0	0	0.2	0	-0.3	0	0	0	0	0	0	-0.13	0	0.305	0	0	0
5.236	0	0	0	0.2	0	-0.3	0	0	0	0	0	0	-0.13	0	0.305	0	0	0
5.237	0	0	0	0.2	0	-0.3	0	0	0	0	0	0	-0.13	0	0.305	0	0	0
5.238	0	0	0	0.2	0	-0.3	0	0	0	0	0	0	-0.13	0	0.305	0	0	0
5.239	0	0	0	0.2	0	-0.3	0	0	0	0	0	0	-0.13	0	0.305	0	0	0
5.24	0	0	0	0.2	0	-0.3	0	0	0	0	0	0	-0.13	0	0.305	0	0	0
5.241	0	0	0	0.2	0	-0.3	0	0	0	0	0	0	-0.13	0	0.305	0	0	0
5.242	0	0	0	0.2	0	-0.3	0	0	0	0	0	0	-0.13	0	0.305	0	0	0
5.243	0	0	0	0.2	0	-0.3	0	0	0	0	0	0	-0.13	0	0.305	0	0	0
5.244	0	0	0	0.2	0	-0.3	0	0	0	0	0	0	-0.13	0	0.305	0	0	0
5.245	0	0	0	0.2	0	-0.3	0	0	0	0	0	0	-0.13	0	0.305	0	0	0
5.246	0	0	0	0.2	0	-0.3	0	0	0	0	0	0	-0.13	0	0.305	0	0	0
5.247	0	0	0	0.2	0	-0.3	0	0	0	0	0	0	-0.13	0	0.305	0	0	0
5.248	0	0	0	0.2	0	-0.3	0	0	0	0	0	0	-0.13	0	0.305	0	0	0
5.249	0	0	0	0.2	0	-0.3	0	0	0	0	0	0	-0.13	0	0.305	0	0	0
5.25	0	0	0	0.2	0	-0.3	0	0	0	0	0	0	-0.13	0	0.305	0	0	0
5.251	0	0	0	0.2	0	-0.3	0	0	0	0	0	0	-0.13	0	0.305	0	0	0
5.252	0	0	0	0.2	0	-0.3	0	0	0	0	0	0	-0.13	0	0.305	0	0	0
5.253	0	0	0	0.2	0	-0.3	0	0	0	0	0	0	-0.13	0	0.305	0	0	0
5.254	0	0	0	0.2	0	-0.3	0	0	0	0	0	0	-0.13	0	0.305	0	0	0
5.255	0	0	0	0.2	0	-0.3	0	0	0	0	0	0	-0.13	0	0.305	0	0	0
5.256	0	0	0	0.2	0	-0.3	0	0	0	0	0	0	-0.13	0	0.305	0	0	0
5.257	0	0	0	0.2	0	-0.3	0	0	0	0	0	0	-0.13	0	0.305	0	0	0
5.258	0	0	0	0.2	0	-0.3	0	0	0	0	0	0	-0.13	0	0.305	0	0	0
5.259	0	0	0	0.2	0	-0.3	0	0	0	0	0	0	-0.13	0	0.305	0	0	0
5.26	0	0	0	0.2	0	-0.3	0	0	0	0	0	0	-0.13	0	0.305	0	0	0
5.261	0	0	0	0.2	0	-0.3	0	0	0	0	0	0	-0.13	0	0.305	0	0	0
5.262	0	0	0	0.2	0	-0.3	0	0	0	0	0	0	-0.13	0	0.305	0	0	0
5.263	0	0	0	0.2	0	-0.3	0	0	0	0	0	0	-0.13	0	0.305	0	0	0
5.264	0	0	0	0.2	0	-0.3	0	0	0	0	0	0	-0.13	0	0.305	0	0	0
5.265	0	0	0	0.2	0	-0.3	0	0	0	0	0	0	-0.13	0	0.305	0	0	0
5.266	0	0	0	0.2	0	-0.3	0	0	0	0	0	0	-0.13	0	0.305	0	0	0
5.267	0	0	0	0.2	0	-0.3	0	0	0	0	0	0	-0.13	0	0.305	0	0	0
5.268	0	0	0	0.2	0	-0.3	0	0	0	0	0	0	-0.13	0	0.305	0	0	0
5.269	0	0	0	0.2	0	-0.3	0	0	0	0	0	0	-0.13	0	0.305	0	0	0
5.27	0	0	0	0.2	0	-0.3	0	0	0	0	0	0	-0.13	0	0.305	0	0	0
5.271	0	0	0	0.2	0	-0.3	0	0	0	0	0	0	-0.13	0	0.305	0	0	0
5.272	0	0	0	0.2	0	-0.3	0	0	0	0	0	0	-0.13	0	0.305	0	0	0
5.273	0	0	0	0.2	0	-0.3	0	0	0	0	0	0	-0.13	0	0.305	0	0	0
5.274	0	0	0	0.2	0	-0.3	0	0	0	0	0	0	-0.13	0	0.305	0	0	0
5.275	0	0	0	0.2	0	-0.3	0	0	0	0	0	0	-0.13	0	0.305	0	0	0
5.276	0	0	0	0.2	0	-0.3	0	0	0	0	0	0	-0.13	0	0.305	0	0	0
5.277	0	0	0	0.2	0	-0.3	0	0	0	0	0	0	-0.13	0	0.305	0	0	0
5.278	0	0	0	0.2	0	-0.3	0	0	0	0	0	0	-0.13	0	0.305	0	0	0
5.279	0	0	0	0.2	0	-0.3	0	0	0	0	0	0	-0.13	0	0.305	0	0	0
5.28	0	0	0	0.2	0	-0.3	0	0	0	0	0	0	-0.13	0	0.305	0	0	0
5.281	0	0	0	0.2	0	-0.3	0	0	0	0	0	0	-0.13	0	0.305	0	0	0
5.282	0	0	0	0.2	0	-0.3	0	0	0	0	0	0	-0.13	0	0.305	0	0	0
5.283	0	0	0	0.2	0	-0.3	0	0	0	0	0	0	-0.13	0	0.305	0	0	0
5.284	0	0	0	0.2	0	-0.3	0	0	0	0	0	0	-0.13	0	0.305	0	0	0
5.285	0	0	0	0.2	0	-0.3	0	0	0	0	0	0	-0.13	0	0.305	0	0	0
5.286	0	0	0	0.2	0	-0.3	0	0	0	0	0	0	-0.13	0	0.305	0	0	0
5.287	0	0	0	0.2	0	-0.3	0	0	0	0	0	0	-0.13	0	0.305	0	0	0
5.288	0	0	0	0.2	0	-0.3	0	0	0	0	0	0	-0.13	0	0.305	0	0	0
5.289	0	0	0	0.2	0	-0.3	0	0	0	0	0	0	-0.13	0	0.305	0	0	0
5.29	0	0	0	0.2	0	-0.3	0	0	0	0	0	0	-0.13	0	0.305	0	0	0
5.291	0	0	0	0.2	0	-0.3	0	0	0	0	0	0	-0.13	0	0.305	0	0	0
5.292	0	0	0	0.2	0	-0.3	0	0	0	0	0	0	-0.13	0	0.305	0	0	0
5.293	0	0	0	0.2	0	-0.3	0	0	0	0	0	0	-0.13	0	0.305	0	0	0
5.294	0	0	0	0.2	0	-0.3	0	0	0	0	0	0	-0.13	0	0.305	0	0	0
5.295	0	0	0	0.2	0	-0.3	0	0	0	0	0	0	-0.13	0	0.305	0	0	0
5.296	0	0	0	0.2	0	-0.3	0	0	0	0	0	0	-0.13	0	0.305	0	0	0
5.297	0	0	0	0.2	0	-0.3	0	0	0	0	0	0	-0.13	0	0.305	0	0	0
5.298	0	0	0	0.2	0	-0.3	0	0	0	0	0	0	-0.13	0	0.305	0	0	0
5.299	0	0	0	0.2	0	-0.3	0	0	0	0	0	0	-0.13	0	0.305	0	0	0
5.3	0	0	0	0.2	0	-0.3	0	0	0	0	0	0	-0.13	0	0.305	0	0	0
5.301	0	0	0	0.2	0	-0.3	0	0	0	0	0	0	-0.13	0	0.305	0	0	0
5.302	0	0	0	0.2	0	-0.3	0	0	0	0	0	0	-0.13	0	0.305	0	0	0
5.303	0	0	0	0.2	0	-0.3	0	0	0	0	0	0	-0.13	0	0.305	0	0	0
5.304	0	0	0	0.2	0	-0.3	0	0	0	0	0	0	-0.13	0	0.305	0	0	0
5.305	0	0	0	0.2	0	-0.3	0	0	0	0	0	0	-0.13	0	0.305	0	0	0
5.306	0	0	0	0.2	0	-0.3	0	0	0	0	0	0	-0.13	0	0.305	0	0	0
5.307	0	0	0	0.2	0	-0.3	0	0	0	0	0	0	-0.13	0	0.305	0	0	0
5.308	0	0	0	0.2	0	-0.3	0	0	0	0	0	0	-0.13	0	0.305	0	0	0
5.309	0	0	0	0.2	0	-0.3	0	0	0	0	0	0	-0.13	0	0.305	0	0	0
5.31	0	0	0	0.2	0	-0.3	0	0	0	0	0	0	-0.13	0	0.305	0	0	0
5.311	0	0	0	0.2	0	-0.3	0	0	0	0	0	0	-0.13	0	0.305	0	0	0
5.312	0	0	0	0.2	0	-0.3	0	0	0	0	0	0	-0.13	0	0.305	0	0	0
5.313	0	0	0	0.2	0	-0.3	0	0	0	0	0	0	-0.13	0	0.305	0	0	0
5.314	0	0	0	0.2	0	-0.3	0	0	0	0	0	0	-0.13	0	0.305	0	0	0
5.315	0	0	0	0.2	0	-0.3	0	0	0	0	0	0	-0.13	0	0.305	0	0	0
5.316	0	0	0	0.2	0	-0.3	0	0	0	0	0	0	-0.13	0	0.305	0	0	0
5.317	0	0	0	0.2	0	-0.3	0	0	0	0	0	0	-0.13	0	0.305	0	0	0
5.318	0	0	0	0.2	0	-0.3	0	0	0	0	0	0	-0.13	0	0.305	0	0	0
5.319	0	0	0	0.2	0	-0.3	0	0	0	0	0	0	-0.13	0	0.305	0	0	0
5.32	0	0	0	0.2	0	-0.3	0	0	0	0	0	0	-0.13	0	0.305	0	0	0
5.321	0	0	0	0.2	0	-0.3	0	0	0	0	0	0	-0.13	0	0.305	0	0	0
5.322	0	0	0	0.2	0	-0.3	0	0	0	0	0	0	-0.13	0	0.305	0	0	0
5.323	0	0	0	0.2	0	-0.3	0	0	0	0	0	0	-0.13	0	0.305	0	0	0
5.324	0	0	0	0.2	0	-0.3	0	0	0	0	0	0	-0.13	0	0.305	0	0	0
5.325	0	0	0	0.2	0	-0.3	0	0	0	0	0	0	-0.13	0	0.305	0	0	0
5.326	0	0	0	0.2	0	-0.3	0	0	0	0	0	0	-0.13	0	0.305	0	0	0
5.327	0	0	0	0.2	0	-0.3	0	0	0	0	0	0	-0.13	0	0.305	0	0	0
5.328	0	0	0	0.2	0	-0.3	0	0	0	0	0	0	-0.13	0	0.305	0	0	0
5.329	0	0	0	0.2	0	-0.3	0	0	0	0	0	0	-0.13	0	0.305	0	0	0
5.33	0	0	0	0.2	0	-0.3	0	0	0	0	0	0	-0.13	0	0.305	0	0	0
5.331	0	0	0	0.2	0	-0.3	0	0	0	0	0	0	-0.13	0	0.305	0	0	0
5.332	0	0	0	0.2	0	-0.3	0	0	0	0	0	0	-0.13	0	0.305	0	0	0
5.333	0	0	0	0.2	0	-0.3	0	0	0	0	0	0	-0.13	0	0.305	0	0	0
5.334	0	0	0	0.2	0	-0.3	0	0	0	0	0	0	-0.13	0	0.305	0	0	0
5.335	0	0	0	0.2	0	-0.3	0	0	0	0	0	0	-0.13	0	0.305	0	0	0
5.336	0	0	0	0.2	0	-0.3	0	0	0	0	0	0	-0.13	0	0.305	0	0	0
5.337	0	0	0	0.2	0	-0.3	0	0	0	0	0	0	-0.13	0	0.305	0	0	0
5.338	0	0	0	0.2	0	-0.3	0	0	0	0	0	0	-0.13	0	0.305	0	0	0
5.339	0	0	0	0.2	0	-0.3	0	0	0	0	0	0	-0.13	0	0.305	0	0	0
5.34	0	0	0	0.2	0	-0.3	0	0	0	0	0	0	-0.13	0	0.305	0	0	0
5.341	0	0	0	0.2	0	-0.3	0	0	0	0	0	0	-0.13	0	0.305	0	0	0
5.342	0	0	0	0.2	0	-0.3	0	0	0	0	0	0	-0.13	0	0.305	0	0	0
5.343	0	0	0	0.2	0	-0.3	0	0	0	0	0	0	-0.13	0	0.305	0	0	0
5.344	0	0	0	0.2	0	-0.3	0	0	0	0	0	0	-0.13	0	0.305	0	0	0
5.345	0	0	0	0.2	0	-0.3	0	0	0	0	0	0	-0.13	0	0.305	0	0	0
5.346	0	0	0	0.2	0	-0.3	0	0	0	0	0	0	-0.13	0	0.305	0	0	0
5.347	0	0	0	0.2	0	-0.3	0	0	0	0	0	0	-0.13	0	0.305	0	0	0
5.348	0	0	0	0.2	0	-0.3	0	0	0	0	0	0	-0.13	0	0.305	0	0	0
5.349	0	0	0	0.2	0	-0.3	0	0	0	0	0	0	-0.13	0	0.305	0	0	0
5.35	0	0	0	0.2	0	-0.3	0	0	0	0	0	0	-0.13	0	0.305	0	0	0
5.351	0	0	0	0.2	0	-0.3	0	0	0	0	0	0	-0.13	0	0.305	0	0	0
5.352	0	0	0	0.2	0	-0.3	0	0	0	0	0	0	-0.13	0	0.305	0	0	0
5.353	0	0	0	0.2	0	-0.3	0	0	0	0	0	0	-0.13	0	0.305	0	0	0
5.354	0	0	0	0.2	0	-0.3	0	0	0	0	0	0	-0.13	0	0.305	0	0	0
5.355	0	0	0	0.2	0	-0.3	0	0	0	0	0	0	-0.13	0	0.305	0	0	0
5.356	0	0	0	0.2	0	-0.3	0	0	0	0	0	0	-0.13	0	0.305	0	0	0
5.357	0	0	0	0.2	0	-0.3	0	0	0	0	0	0	-0.13	0	0.305	0	0	0
5.358	0	0	0	0.2	0	-0.3	0	0	0	0	0	0	-0.13	0	0.305	0	0	0
5.359	0	0	0	0.2	0	-0.3	0	0	0	0	0	0	-0.13	0	0.305	0	0	0
5.36	0	0	0	0.2	0	-0.3	0	0	0	0	0	0	-0.13	0	0.305	0	0	0
5.361	0	0	0	0.2	0	-0.3	0	0	0	0	0	0	-0.13	0	0.305	0	0	0
5.362	0	0	0	0.2	0	-0.3	0	0	0	0	0	0	-0.13	0	0.305	0	0	0
5.363	0	0	0	0.2	0	-0.3	0	0	0	0	0	0	-0.13	0	0.305	0	0	0
5.364	0	0	0	0.2	0	-0.3	0	0	0	0	0	0	-0.13	0	0.305	0	0	0
5.365	0	0	0	0.2	0	-0.3	0	0	0	0	0	0	-0.13	0	0.305	0	0	0
5.366	0	0	0	0.2	0	-0.3	0	0	0	0	0	0	-0.13	0	0.305	0	0	0
5.367	0	0	0	0.2	0	-0.3	0	0	0	0	0	0	-0.13	0	0.305	0	0	0
5.368	0	0	0	0.2	0	-0.3	0	0	0	0	0	0	-0.13	0	0.305	0	0	0
5.369	0	0	0	0.2	0	-0.3	0	0	0	0	0	0	-0.13	0	0.305	0	0	0
5.37	0	0	0	0.2	0	-0.3	0	0	0	0	0	0	-0.13	0	0.305	0	0	0
5.371	0	0	0	0.2	0	-0.3	0	0	0	0	0	0	-0.13	0	0.305	0	0	0
5.372	0	0	0	0.2	0	-0.3	0	0	0	0	0	0	-0.13	0	0.305	0	0	0
5.373	0	0	0	0.2	0	-0.3	0	0	0	0	0	0	-0.13	0	0.305	0	0	0
5.374	0	0	0	0.2	0	-0.3	0	0	0	0	0	0	-0.13	0	0.305	0	0	0
5.375	0	0	0	0.2	0	-0.3	0	0	0	0	0	0	-0.13	0	0.305	0	0	0
5.376	0	0	0	0.2	0	-0.3	0	0	0	0	0	0	-0.13	0	0.305	0	0	0
5.377	0	0	0	0.2	0	-0.3	0	0	0	0	0	0	-0.13	0	0.305	0	0	0
5.378	0	0	0	0.2	0	-0.3	0	0	0	0	0	0	-0.13	0	0.305	0	0	0
5.379	0	0	0	0.2	0	-0.3	0	0	0	0	0	0	-0.13	0	0.305	0	0	0
5.38	0	0	0	0.2	0	-0.3	0	0	0	0	0	0	-0.13	0	0.305	0	0	0
5.381	0	0	0	0.2	0	-0.3	0	0	0	0	0	0	-0.13	0	0.305	0	0	0
5.382	0	0	0	0.2	0	-0.3	0	0	0	0	0	0	-0.13	0	0.305	0	0	0
5.383	0	0	0	0.2	0	-0.3	0	0	0	0	0	0	-0.13	0	0.305	0	0	0
5.384	0	0	0	0.2	0	-0.3	0	0	0	0	0	0	-0.13	0	0.305	0	0	0
5.385	0	0	0	0.2	0	-0.3	0	0	0	0	0	0	-0.13	0	0.305	0	0	0
5.386	0	0	0	0.2	0	-0.3	0	0	0	0	0	0	-0.13	0	0.305	0	0	0
5.387	0	0	0	0.2	0	-0.3	0	0	0	0	0	0	-0.13	0	0.305	0	0	0
5.388	0	0	0	0.2	0	-0.3	0	0	0	0	0	0	-0.13	0	0.305	0	0	0
5.389	0	0	0	0.2	0	-0.3	0	0	0	0	0	0	-0.13	0	0.305	0	0	0
5.39	0	0	0	0.2	0	-0.3	0	0	0	0	0	0	-0.13	0	0.305	0	0	0
5.391	0	0	0	0.2	0	-0.3	0	0	0	0	0	0	-0.13	0	0.305	0	0	0
5.392	0	0	0	0.2	0	-0.3	0	0	0	0	0	0	-0.13	0	0.305	0	0	0
5.393	0	0	0	0.2	0	-0.3	0	0	0	0	0	0	-0.13	0	0.305	0	0	0
5.394	0	0	0	0.2	0	-0.3	0	0	0	0	0	0	-0.13	0	0.305	0	0	0
5.395	0	0	0	0.2	0	-0.3	0	0	0	0	0	0	-0.13	0	0.305	0	0	0
5.396	0	0	0	0.2	0	-0.3	0	0	0	0	0	0	-0.13	0	0.305	0	0	0
5.397	0	0	0	0.2	0	-0.3	0	0	0	0	0	0	-0.13	0	0.305	0	0	0
5.398	0	0	0	0.2	0	-0.3	0	0	0	0	0	0	-0.13	0	0.305	0	0	0
5.399	0	0	0	0.2	0	-0.3	0	0	0	0	0	0	-0.13	0	0.305	0	0	0
5.4	0	0	0	0.2	0	-0.3	0	0	0	0	0	0	-0.13	0	0.305	0	0	0
5.401	0	0	0	0.2	0	-0.3	0	0	0	0	0	0	-0.13	0	0.305	0	0	0
5.402	0	0	0	0.2	0	-0.3	0	0	0	0	0	0	-0.13	0	0.305	0	0	0
5.403	0	0	0	0.2	0	-0.3	0	0	0	0	0	0	-0.13	0	0.305	0	0	0
5.404	0	0	0	0.2	0	-0.3	0	0	0	0	0	0	-0.13	0	0.305	0	0	0
5.405	0	0	0	0.2	0	-0.3	0	0	0	0	0	0	-0.13	0	0.305	0	0	0
5.406	0	0	0	0.2	0	-0.3	0	0	0	0	0	0	-0.13	0	0.305	0	0	0
5.407	0	0	0	0.2	0	-0.3	0	0	0	0	0	0	-0.13	0	0.305	0	0	0
5.408	0	0	0	0.2	0	-0.3	0	0	0	0	0	0	-0.13	0	0.305	0	0	0
5.409	0	0	0	0.2	0	-0.3	0	0	0	0	0	0	-0.13	0	0.305	0	0	0
5.41	0	0	0	0.2	0	-0.3	0	0	0	0	0	0	-0.13	0	0.305	0	0	0
5.411	0	0	0	0.2	0	-0.3	0	0	0	0	0	0	-0.13	0	0.305	0	0	0
5.412	0	0	0	0.2	0	-0.3	0	0	0	0	0	0	-0.13	0	0.305	0	0	0
5.413	0	0	0	0.2	0	-0.3	0	0	0	0	0	0	-0.13	0	0.305	0	0	0
5.414	0	0	0	0.2	0	-0.3	0	0	0	0	0	0	-0.13	0	0.305	0	0	0
5.415	0	0	0	0.2	0	-0.3	0	0	0	0	0	0	-0.13	0	0.305	0	0	0
5.416	0	0	0	0.2	0	-0.3	0	0	0	0	0	0	-0.13	0	0.305	0	0	0
5.417	0	0	0	0.2	0	-0.3	0	0	0	0	0	0	-0.13	0	0.305	0	0	0
5.418	0	0	0	0.2	0	-0.3	0	0	0	0	0	0	-0.13	0	0.305	0	0	0
5.419	0	0	0	0.2	0	-0.3	0	0	0	0	0	0	-0.13	0	0.305	0	0	0
5.42	0	0	0	0.2	0	-0.3	0	0	0	0	0	0	-0.13	0	0.305	0	0	0
5.421	0	0	0	0.2	0	-0.3	0	0	0	0	0	0	-0.13	0	0.305	0	0	0
5.422	0	28.635386	12.465216	0.157578	0	-0.343274	0	0.434752	0	0	0	0	-0.13	0	0.305	0	0	0
5.423	0.672548	41.552505	13.953497	0.143396	0	-0.35218	1.00E-06	0.72948	0	0	0	0	-0.13	0	0.305	0	0	0
5.424	0.82825	49.616421	13.953859	0.14259	0	-0.367062	1.00E-06	0.72948	0	0	0	0	-0.13	0	0.305	0	0	0
5.425	2.073866	49.616421	14.110357	0.139675	0	-0.374045	1.00E-06	0.72948	0	0	0	0	-0.13	0	0.305	0	0	0
5.426	2.699559	49.616421	14.816139	0.125124	0	-0.387049	1.00E-06	0.73972	0	0	0	0	-0.13	0	0.305	0	0	0
5.427	2.699559	46.53405	14.816139	0.125124	0	-0.387049	1.00E-06	0.73972	0	0	0	0	-0.13	0	0.305	0	0	0
5.428	2.699559	43.392738	14.816139	0.125124	0	-0.387049	1.00E-06	0.73972	0	0	0	0	-0.13	0	0.305	0	0	0
5.429	2.229568	43.392738	21.320791	0.074653	0	-0.407234	1.00E-06	1.815003	0	0	0	0	-0.13	0	0.305	0	0	0
5.43	1.845364	49.206429	22.495869	0.074653	0	-0.407234	1.00E-06	1.815003	0	0	0	0	-0.13	0	0.305	0	0	0
5.431	2.229568	59.524479	23.279055	0.095432	0	-0.405264	1.00E-06	1.339164	0	0	0	0	-0.13	0	0.305	0	0	0
5.432	4.040344	73.826363	24.218296	0.107886	0	-0.378899	2.00E-06	1.124324	0	0	0	0	-0.13	0	0.305	0	0	0
5.433	4.040344	87.59166	24.375282	0.11979	0	-0.372763	3.00E-06	0.776825	0	0	0	0	-0.13	0	0.305	0	0	0
5.434	3.034777	89.335114	25.001482	0.120468	0	-0.370831	2.00E-06	0.776825	1.00E-06	0	0	0	-0.13	0	0.305	0	0	0
5.435	2.169756	91.239075	25.001482	0.120468	0	-0.368604	2.00E-06	0.946321	1.00E-06	0	0	0	-0.13	0	0.305	0	0	0
5.436	2.169756	92.047157	24.374838	0.116148	0	-0.368604	1.00E-06	0.971579	0	0	0	0	-0.13	0	0.305	0	0	0
5.437	2.792563	92.240784	23.43483	0.113852	0	-0.372572	1.00E-06	1.019823	0	0	0	0	-0.13	0	0.305	0	0	0
5.438	3.64243	93.556496	21.789648	0.110364	0	-0.379166	1.00E-06	1.03799	0	0	0	0	-0.13	0	0.305	0	0	0
5.439	3.64243	93.70459	21.00618	0.109714	0	-0.385101	1.00E-06	1.089414	0.00E+00	0	0	0	-0.13	0	0.305	0	0	0
5.44	3.318038	94.699783	18.812243	0.109546	0	-0.38566	2.00E-06	1.235195	1.00E-06	0	0	0	-0.13	0	0.305	0	0	0
5.441	3.318038	94.699783	16.226528	0.103994	0	-0.390744	1.00E-06	1.235195	1.00E-06	0	0	0	-0.13	0	0.305	0	0	0
5.442	3.548704	94.699783	13.95414	0.103994	0	-0.390744	2.00E-06	1.34228	1.00E-06	0	0	0	-0.13	0	0.305	0	0	0
5.443	4.330823	97.309601	11.289816	0.106177	0	-0.384744	2.00E-06	1.262876	1.00E-06	0	0	0	-0.13	0	0.305	0	0	0
5.444	4.327935	98.15976	9.330708	0.106866	0	-0.383883	2.00E-06	1.312377	1.00E-06	0	0	0	-0.13	0	0.305	0	0	0
5.445	4.327935	99.723068	6.039457	0.107761	0	-0.383883	1.00E-06	1.312377	0	0	0	0	-0.13	0	0.305	0	0	0
5.446	3.857943	99.723068	4.080631	0.107761	0	-0.384765	1.00E-06	1.312377	0	0	0	0	-0.13	0	0.305	0	0	0
5.447	3.857943	99.723068	0.632759	0.107761	0	-0.386668	5.00E-06	1.111862	0.00E+00	0	0	0	-0.13	0	0.305	0	0	0
5.448	3.857943	97.497452	-1.56114	0.106964	0	-0.386668	5.00E-06	1.111862	0	0	0	0	-0.13	0	0.305	0	0	0
5.449	4.159245	97.6819	-2.814791	0.10495	0	-0.384504	3.00E-06	1.120014	0	0	0	0	-0.13	0	0.305	0	0	0
5.45	3.997047	95.774864	-4.930721	0.102182	0	-0.384504	3.00E-06	1.272856	0	0	0	0	-0.13	0	0.305	0	0	0
5.451	4.159245	95.774864	-7.829674	0.10234	0	-0.385984	3.00E-06	1.272856	0	0	0	0	-0.13	0	0.305	0	0	0
5.452	4.150585	95.774864	-9.710089	0.102134	0	-0.385984	3.00E-06	1.272856	0.00E+00	0	0	0	-0.13	0	0.305	0	0	0
5.453	4.622742	96.105812	-11.434286	0.102134	0	-0.386312	2.00E-06	1.053753	1.00E-06	0	0	0	-0.13	0	0.305	0	0	0
5.454	4.77195	96.105812	-13.549492	0.10021	0	-0.386332	2.00E-06	0.95328	1.00E-06	0	0	0	-0.13	0	0.305	0	0	0
5.455	4.846191	96.105812	-15.116627	0.10021	0	-0.386332	2.00E-06	0.95328	1.00E-06	0	0	0	-0.13	0	0.305	0	0	0
5.456	4.846191	100.07341	-16.370682	0.101787	0	-0.381854	2.00E-06	0.978429	1.00E-06	0	0	0	-0.13	0	0.305	0	0	0
5.457	5.236891	101.438461	-18.250893	0.103156	0	-0.381854	2.00E-06	0.978429	0.00E+00	0	0	0	-0.13	0	0.305	0	0	0
5.458	5.62903	102.130859	-18.251175	0.103156	0	-0.382971	2.00E-06	0.969497	0	0	0	0	-0.13	0	0.305	0	0	0
5.459	5.62903	105.906693	-18.878021	0.103462	0	-0.385697	2.00E-06	0.89454	0	0	0	0	-0.13	0	0.305	0	0	0
5.46	4.769062	107.962204	-19.975212	0.102502	0	-0.384584	2.00E-06	0.969497	0	0	0	0	-0.13	0	0.305	0	0	0
5.461	4.769062	109.325745	-20.444994	0.101008	0	-0.384584	2.00E-06	0.89454	0	0	0	0	-0.13	0	0.305	0	0	0
5.462	5.004059	110.866737	-20.993629	0.100997	0	-0.384584	4.00E-06	0.809487	0	0	0	0	-0.13	0	0.305	0	0	0
5.463	5.236168	116.001068	-21.542225	0.099378	0	-0.383919	4.00E-06	0.809487	0.00E+00	0	0	0	-0.13	0	0.305	0	0	0
5.464	5.004059	117.721039	-22.639294	0.100847	0	-0.383919	4.00E-06	0.845225	0	0	0	0	-0.13	0	0.305	0	0	0
5.465	4.765455	124.23938	-23.187771	0.099378	0	-0.382989	2.00E-06	0.845225	0	0	0	0	-0.13	0	0.305	0	0	0
5.466	4.765455	129.376831	-23.422962	0.098593	0	-0.382914	3.00E-06	0.879184	0.00E+00	0	0	0	-0.13	0	0.305	0	0	0
5.467	5.390429	135.54921	-23.814735	0.098593	0	-0.380735	3.00E-06	0.766067	0	0	0	0	-0.13	0	0.305	0	0	0
5.468	5.938992	143.949112	-24.206429	0.098104	0	-0.379114	3.00E-06	0.766067	0	0	0	0	-0.13	0	0.305	0	0	0
5.469	6.332577	147.20578	-24.206429	0.098667	0	-0.378702	2.00E-06	0.766067	0.00E+00	0	0	0	-0.13	0	0.305	0	0	0
5.47	6.563965	156.654877	-24.441742	0.097506	0	-0.379114	2.00E-06	0.665539	0	0	0	0	-0.13	0	0.305	0	0	0
5.471	6.803289	160.572632	-24.128138	0.098667	0	-0.37569	2.00E-06	0.769199	0	0	0	0	-0.13	0	0.305	0	0	0
5.472	7.269674	170.022888	-23.971598	0.098415	0	-0.37647	3.00E-06	0.769199	0.00E+00	0	0	0	-0.13	0	0.305	0	0	0
5.473	7.658928	177.373627	-23.736607	0.098415	0	-0.37569	4.00E-06	0.769199	1.00E-06	0	0	0	-0.13	0	0.305	0	0	0
5.474	9.540341	186.979324	-23.736607	0.098415	0	-0.375455	4.00E-06	0.50396	2.00E-06	0	0	0	-0.13	0	0.305	0	0	0
5.475	10.630976	197.614868	-24.990095	0.099132	0	-0.375073	4.00E-06	0.502763	2.00E-06	0	0	0	-0.13	0	0.305	0	0	0
5.476	10.864529	205.842773	-25.146837	0.09943	0	-0.373754	4.00E-06	0.472004	0	0	0	0	-0.13	0	0.305	0	0	0
5.477	12.038788	216.48761	-25.146837	0.099568	0	-0.373754	4.00E-06	0.502763	0	0	0	0	-0.13	0	0.305	0	0	0
5.478	12.346583	222.809586	-25.068748	0.099568	0	-0.371343	4.00E-06	0.671482	0	0	0	0	-0.13	0	0.305	0	0	0
5.479	12.893704	231.564789	-25.068748	0.099568	0	-0.371343	2.00E-06	0.701322	0	0	0	0	-0.13	0	0.305	0	0	0
5.48	12.970113	240.318375	-25.617222	0.099478	0	-0.371343	2.00E-06	0.701322	1.00E-06	0	0	0	-0.13	0	0.305	0	0	0
5.481	12.972278	246.986786	-25.930666	0.099643	0	-0.371312	4.00E-06	0.720278	1.00E-06	0	0	0	-0.13	0	0.305	0	0	0
5.482	13.985062	254.202881	-26.322601	0.099133	0	-0.37053	5.00E-06	0.617379	2.00E-06	0	0	0	-0.13	0	0.305	0	0	0
5.483	13.985784	262.257233	-27.967983	0.099322	0	-0.370412	4.00E-06	0.639768	1.00E-06	0	0	0	-0.13	0	0.305	0	0	0
5.484	14.531462	265.343018	-28.437967	0.099133	0	-0.369624	4.00E-06	0.639768	1.00E-06	0	0	0	-0.13	0	0.305	0	0	0
5.485	14.531462	271.690491	-28.751772	0.099036	0	-0.369624	4.00E-06	0.661119	1.00E-06	0	0	0	-0.13	0	0.305	0	0	0
5.486	14.370709	275.624115	-29.84856	0.099036	0	-0.369624	5.00E-06	0.673696	1.00E-06	0	0	0	-0.13	0	0.305	0	0	0
5.487	14.138599	281.128387	-30.55414	0.097924	0	-0.368654	5.00E-06	0.761574	1.00E-06	0	0	0	-0.13	0	0.305	0	0	0
5.488	13.90216	286.620728	-31.807911	0.097924	0	-0.367763	5.00E-06	0.761574	2.00E-06	0	0	0	-0.13	0	0.305	0	0	0
5.489	13.352874	288.666626	-32.826408	0.097924	0	-0.367673	6.00E-06	0.771171	2.00E-06	0	0	0	-0.13	0	0.305	0	0	0
5.49	12.572921	297.083099	-33.531666	0.098179	0	-0.367673	6.00E-06	0.771171	2.00E-06	0	0	0	-0.13	0	0.305	0	0	0
5.491	12.488576	297.274811	-34.942177	0.098801	0	-0.366503	2.00E-06	0.855444	2.00E-06	0	0	0	-0.13	0	0.305	0	0	0
5.492	12.177173	301.897705	-36.117538	0.098604	0	-0.367057	1.00E-06	0.930127	1.00E-06	0	0	0	-0.13	0	0.305	0	0	0
5.493	11.079321	305.673553	-36.744545	0.098604	0	-0.36644	2.00E-06	0.956651	4.00E-06	0	0	0	-0.13	0	0.305	0	0	0
5.494	10.691507	310.141846	-37.371269	0.098604	0	-0.366576	6.00E-06	0.956651	1.00E-06	0	0	0	-0.13	0	0.305	0	0	0
5.495	9.832262	313.389221	-38.15506	0.098458	0	-0.365391	6.00E-06	0.931698	1.00E-06	0	0	0	-0.13	0	0.305	0	0	0
5.496	8.736574	316.48584	-39.016853	0.098808	0	-0.365391	6.00E-06	0.931698	1.00E-06	0	0	0	-0.13	0	0.305	0	0	0
5.497	7.639446	322.165619	-39.487118	0.098458	0	-0.365391	1.00E-05	1.026572	1.00E-06	0	0	0	-0.13	0	0.305	0	0	0
5.498	6.860214	322.835205	-39.722229	0.099412	0	-0.363758	1.00E-05	1.171524	2.00E-06	0	0	0	-0.13	0	0.305	0	0	0
5.499	5.99736	330.408142	-39.800438	0.099412	0	-0.364144	5.00E-06	1.066209	3.00E-06	0	0	0	-0.13	0	0.305	0	0	0
5.5	5.061705	334.00769	-41.211113	0.099564	0	-0.363437	3.00E-06	1.127216	2.00E-06	0	0	0	-0.13	0	0.305	0	0	0
5.501	4.516027	339.515839	-41.681137	0.0999	0	-0.363867	5.00E-06	1.127216	3.00E-06	0	0	0	-0.13	0	0.305	0	0	0
5.502	2.562536	345.514984	-41.681259	0.0999	0	-0.363024	5.00E-06	1.127216	1.00E-06	0	0	0	-0.13	0	0.305	0	0	0
5.503	2.251133	349.120789	-42.464848	0.099754	0	-0.362741	1.10E-05	1.167762	2.00E-06	0	0	0	-0.13	0	0.305	0	0	0
5.504	1.309706	352.89856	-42.699879	0.099754	0	-0.362643	1.10E-05	1.194172	1.00E-06	0	0	0	-0.13	0	0.305	0	0	0
5.505	-0.2502	359.079742	-42.935352	0.099602	0	-0.362643	3.00E-06	1.204432	2.00E-06	0	0	0	-0.13	0	0.305	0	0	0
5.506	-0.563046	363.899017	-43.013481	0.100254	0	-0.36175	3.00E-06	1.204432	2.00E-06	0	0	0	-0.13	0	0.305	0	0	0
5.507	-1.968693	367.151031	-43.326763	0.099973	0	-0.361033	4.00E-06	1.130693	2.00E-06	0	0	0	-0.13	0	0.305	0	0	0
5.508	-2.66791	370.761841	-43.405296	0.099973	0	-0.360496	1.10E-05	1.130693	2.00E-06	0	0	0	-0.13	0	0.305	0	0	0
5.509	-3.141508	375.067261	-44.032223	0.099882	0	-0.360496	1.20E-05	1.136938	2.00E-06	0	0	0	-0.13	0	0.305	0	0	0
5.51	-3.298655	378.130707	-44.580818	0.099722	0	-0.360494	1.20E-05	1.136938	1.00E-06	0	0	0	-0.13	0	0.305	0	0	0
5.511	-4.387846	381.74762	-44.659027	0.099722	0	-0.360494	6.00E-06	1.136938	1.00E-06	0	0	0	-0.13	0	0.305	0	0	0
5.512	-4.860723	388.459595	-44.972549	0.099963	0	-0.35989	6.00E-06	1.099984	1.00E-06	0	0	0	-0.13	0	0.305	0	0	0
5.513	-5.869179	390.165649	-45.051003	0.100602	0	-0.35975	1.00E-06	1.143795	2.00E-06	0	0	0	-0.13	0	0.305	0	0	0
5.514	-6.340614	395.162323	-45.442612	0.100911	0	-0.358815	1.00E-06	1.143795	2.00E-06	0	0	0	-0.13	0	0.305	0	0	0
5.515	-7.046324	399.639832	-45.756096	0.100911	0	-0.358295	2.00E-06	1.143795	1.00E-06	0	0	0	-0.13	0	0.305	0	0	0
5.516	-7.432692	401.17038	-46.0695	0.101525	0	-0.357714	2.00E-06	1.179917	1.00E-06	0	0	0	-0.13	0	0.305	0	0	0
5.517	-8.841947	405.656738	-46.06958	0.100987	0	-0.357892	6.00E-06	1.047839	2.00E-06	0	0	0	-0.13	0	0.305	0	0	0
5.518	-9.230479	406.84436	-46.06958	0.101912	0	-0.357486	6.00E-06	1.047839	2.00E-06	0	0	0	-0.13	0	0.305	0	0	0
5.519	-9.771829	411.158691	-45.912956	0.101218	0	-0.356923	6.00E-06	1.047839	2.00E-06	0	0	0	-0.13	0	0.305	0	0	0
5.52	-11.651796	412.352905	-45.912956	0.101377	0	-0.356843	6.00E-06	1.086484	2.00E-06	0	0	0	-0.13	0	0.305	0	0	0
5.521	-11.731812	415.273987	-45.912956	0.101377	0	-0.356923	6.00E-06	1.086484	2.00E-06	0	0	0	-0.13	0	0.305	0	0	0
5.522	-12.586008	418.542572	-45.912956	0.102118	0	-0.356872	1.00E-06	1.086484	1.00E-06	0	0	0	-0.13	0	0.305	0	0	0
5.523	-14.148079	420.092834	-45.912956	0.102289	0	-0.356872	1.00E-06	1.023278	1.00E-06	0	0	0	-0.13	0	0.305	0	0	0
5.524	-14.228095	424.22702	-45.834671	0.102283	0	-0.356263	2.00E-06	1.03567	1.00E-06	0	0	0	-0.13	0	0.305	0	0	0
5.525	-15.710149	424.914368	-45.834671	0.102293	0	-0.355956	2.00E-06	1.033486	2.00E-06	0	0	0	-0.13	0	0.305	0	0	0
5.526	-16.804392	426.133667	-45.756378	0.102293	0	-0.355071	1.40E-05	1.033486	2.00E-06	0	0	0	-0.13	0	0.305	0	0	0
5.527	-18.752831	427.168152	-45.286114	0.102293	0	-0.354331	1.40E-05	0.900642	2.00E-06	0	0	0	-0.13	0	0.305	0	0	0
5.528	-19.377804	428.550232	-45.521465	0.102308	0	-0.354331	5.00E-06	0.900642	1.00E-06	0	0	0	-0.13	0	0.305	0	0	0
5.529	-21.57062	431.30661	-45.521465	0.102426	0	-0.353871	5.00E-06	1.075885	2.00E-06	0	0	0	-0.13	0	0.305	0	0	0
5.53	-22.348408	431.30661	-46.383545	0.102933	0	-0.353243	7.00E-06	1.075885	1.00E-06	0	0	0	-0.13	0	0.305	0	0	0
5.531	-23.051952	432.002441	-46.618378	0.103064	0	-0.353243	8.00E-06	1.075885	1.00E-06	0	0	0	-0.13	0	0.305	0	0	0
5.532	-25.083292	434.250793	-46.775398	0.103064	0	-0.352822	9.00E-06	1.119184	1.00E-06	0	0	0	-0.13	0	0.305	0	0	0
5.533	-25.396862	436.502686	-47.480614	0.103437	0	-0.351989	1.00E-05	1.119184	1.00E-06	0	0	0	-0.13	0	0.305	0	0	0
5.534	-26.414696	436.504211	-48.57724	0.103628	0	-0.351709	1.00E-05	1.097134	3.00E-06	0	0	0	-0.13	0	0.305	0	0	0
5.535	-28.288172	436.515442	-48.655933	0.103628	0	-0.351561	1.00E-05	1.090084	1.00E-06	0	0	0	-0.13	0	0.305	0	0	0
5.536	-28.443872	437.550323	-48.655975	0.103628	0	-0.351368	6.00E-06	1.097134	2.00E-06	0	0	0	-0.13	0	0.305	0	0	0
5.537	-30.242382	439.616272	-49.361473	0.103876	0	-0.351429	1.10E-05	1.112145	0.00E+00	0	0	0	-0.13	0	0.305	0	0	0
5.538	-30.864468	440.655029	-49.674595	0.103907	0	-0.351269	8.00E-06	1.112145	1.00E-06	0	0	0	-0.13	0	0.305	0	0	0
5.539	-31.648029	443.58844	-50.614922	0.104441	0	-0.350833	8.00E-06	1.091715	1.00E-06	0	0	0	-0.13	0	0.305	0	0	0
5.54	-33.676483	445.678284	-50.615044	0.10457	0	-0.350686	7.00E-06	1.018494	1.00E-06	0	0	0	-0.13	0	0.305	0	0	0
5.541	-33.990051	445.678284	-51.320343	0.10457	0	-0.349437	5.00E-06	1.018494	2.00E-06	0	0	0	-0.13	0	0.305	0	0	0
5.542	-35.320736	448.760223	-52.025475	0.10457	0	-0.349437	7.00E-06	1.018494	3.00E-06	0	0	0	-0.13	0	0.305	0	0	0
5.543	-36.490665	450.829651	-52.652321	0.104608	0	-0.349146	6.00E-06	1.039888	3.00E-06	0	0	0	-0.13	0	0.305	0	0	0
5.544	-37.196373	452.900208	-53.200878	0.104753	0	-0.349146	6.00E-06	0.930365	3.00E-06	0	0	0	-0.13	0	0.305	0	0	0
5.545	-37.347023	454.981995	-53.279289	0.104923	0	-0.34872	5.00E-06	0.837071	2.00E-06	0	0	0	-0.13	0	0.305	0	0	0
5.546	-38.754112	456.166565	-54.219612	0.104923	0	-0.348702	5.00E-06	0.837071	2.00E-06	0	0	0	-0.13	0	0.305	0	0	0
5.547	-39.847633	457.889587	-54.22002	0.104726	0	-0.348338	5.00E-06	0.943491	1.00E-06	0	0	0	-0.13	0	0.305	0	0	0
5.548	-39.932701	459.962067	-54.376396	0.104726	0	-0.347653	6.00E-06	0.943491	1.00E-06	0	0	0	-0.13	0	0.305	0	0	0
5.549	-41.334743	463.936981	-55.316689	0.10509	0	-0.346986	6.00E-06	0.866682	2.00E-06	0	0	0	-0.13	0	0.305	0	0	0
5.55	-41.334743	465.303223	-55.473427	0.105502	0	-0.34656	8.00E-06	0.828137	5.00E-06	0	0	0	-0.13	0	0.305	0	0	0
5.551	-41.334743	466.182678	-55.70874	0.105404	0	-0.346473	7.00E-06	0.828137	4.00E-06	0	0	0	-0.13	0	0.305	0	0	0
5.552	-42.116859	469.445099	-55.786873	0.105404	0	-0.346132	7.00E-06	0.828137	4.00E-06	0	0	0	-0.13	0	0.305	0	0	0
5.553	-42.663258	470.642395	-56.100353	0.105404	0	-0.345459	7.00E-06	0.833684	2.00E-06	0	0	0	-0.13	0	0.305	0	0	0
5.554	-42.975384	476.335266	-56.413712	0.105834	0	-0.345427	6.00E-06	0.775298	1.00E-06	0	0	0	-0.13	0	0.305	0	0	0
5.555	-43.364639	478.562134	-56.805649	0.105941	0	-0.345128	1.70E-05	0.692494	2.00E-06	0	0	0	-0.13	0	0.305	0	0	0
5.556	-44.068905	481.671814	-57.589195	0.105941	0	-0.345128	8.00E-06	0.692494	2.00E-06	0	0	0	-0.13	0	0.305	0	0	0
5.557	-44.541061	484.241455	-58.372826	0.106183	0	-0.343949	8.00E-06	0.700401	3.00E-06	0	0	0	-0.13	0	0.305	0	0	0
5.558	-44.928871	486.832397	-58.450951	0.106261	0	-0.343737	3.00E-06	0.779722	3.00E-06	0	0	0	-0.13	0	0.305	0	0	0
5.559	-45.635303	493.015198	-59.469933	0.106359	0	-0.343737	3.00E-06	0.704036	2.00E-06	0	0	0	-0.13	0	0.305	0	0	0
5.56	-45.635303	493.712158	-60.018127	0.106496	0	-0.343737	9.00E-06	0.704036	1.00E-06	0	0	0	-0.13	0	0.305	0	0	0
5.561	-45.713875	498.186615	-61.193565	0.106359	0	-0.343132	1.90E-05	0.704036	2.00E-06	0	0	0	-0.13	0	0.305	0	0	0
5.562	-45.793171	502.641724	-61.50713	0.106226	0	-0.342947	9.00E-06	0.664261	1.00E-06	0	0	0	-0.13	0	0.305	0	0	0
5.563	-46.420311	503.676208	-63.387505	0.106226	0	-0.342947	1.90E-05	0.689739	1.00E-06	0	0	0	-0.13	0	0.305	0	0	0
5.564	-46.420311	510.215027	-63.387627	0.106226	0	-0.342793	7.00E-06	0.67491	1.00E-06	0	0	0	-0.13	0	0.305	0	0	0
5.565	-46.265327	512.94751	-64.484657	0.106592	0	-0.342116	7.00E-06	0.67491	2.00E-06	0	0	0	-0.13	0	0.305	0	0	0
5.566	-46.188198	515.717773	-65.111542	0.106023	0	-0.341682	4.00E-06	0.617501	3.00E-06	0	0	0	-0.13	0	0.305	0	0	0
5.567	-46.188198	519.154968	-65.973419	0.106023	0	-0.341345	4.00E-06	0.537003	4.00E-06	0	0	0	-0.13	0	0.305	0	0	0
5.568	-44.857517	522.420532	-66.443443	0.106023	0	-0.341162	4.00E-06	0.301562	6.00E-06	0	0	0	-0.13	0	0.305	0	0	0
5.569	-44.628292	528.091064	-67.22699	0.105875	0	-0.34066	4.00E-06	0.301562	5.00E-06	0	0	0	-0.13	0	0.305	0	0	0
5.57	-44.628292	529.975708	-67.54039	0.106209	0	-0.340524	6.00E-06	0.385355	5.00E-06	0	0	0	-0.13	0	0.305	0	0	0
5.571	-44.628292	535.133667	-68.010414	0.106031	0	-0.340524	1.20E-05	0.427821	0	0	0	0	-0.13	0	0.305	0	0	0
5.572	-44.081894	538.902893	-68.010414	0.106209	0	-0.339936	1.20E-05	0.417753	0	0	0	0	-0.13	0	0.305	0	0	0
5.573	-43.383396	544.064697	-68.167198	0.106268	0	-0.33962	1.60E-05	0.427821	0	0	0	0	-0.13	0	0.305	0	0	0
5.574	-43.06839	549.38501	-68.480316	0.106338	0	-0.339387	7.00E-06	0.417753	4.00E-06	0	0	0	-0.13	0	0.305	0	0	0
5.575	-42.989094	553.347168	-68.715553	0.106338	0	-0.339374	6.00E-06	0.345029	4.00E-06	0	0	0	-0.13	0	0.305	0	0	0
5.576	-42.681297	558.171082	-68.871849	0.10678	0	-0.33923	6.00E-06	0.303021	6.00E-06	0	0	0	-0.13	0	0.305	0	0	0
5.577	-42.681297	562.622314	-68.871849	0.10678	0	-0.338457	3.00E-06	0.345029	5.00E-06	0	0	0	-0.13	0	0.305	0	0	0
5.578	-42.209141	566.39624	-68.872009	0.106575	0	-0.339053	1.00E-05	0.303021	6.00E-06	0	0	0	-0.13	0	0.305	0	0	0
5.579	-41.976311	571.197754	-69.733727	0.106248	0	-0.338631	1.00E-05	0.204135	5.00E-06	0	0	0	-0.13	0	0.305	0	0	0
5.58	-41.745644	576.011963	-70.12542	0.106575	0	-0.33874	1.00E-05	0.15871	3.00E-06	0	0	0	-0.13	0	0.305	0	0	0
5.581	-41.976311	582.715088	-70.281998	0.106846	0	-0.338631	1.10E-05	0.15871	1.00E-06	0	0	0	-0.13	0	0.305	0	0	0
5.582	-41.745644	587.179443	-70.516876	0.106846	0	-0.338046	1.10E-05	0.159718	2.00E-06	0	0	0	-0.13	0	0.305	0	0	0
5.583	-41.592827	589.583618	-70.595123	0.106307	0	-0.338046	1.10E-05	0.259538	2.00E-06	0	0	0	-0.13	0	0.305	0	0	0
5.584	-41.438568	593.523071	-70.595123	0.106284	0	-0.338046	1.00E-05	0.187818	3.00E-06	0	0	0	-0.13	0	0.305	0	0	0
5.585	-41.357113	597.13501	-70.751862	0.105975	0	-0.337967	8.00E-06	0.187818	3.00E-06	0	0	0	-0.13	0	0.305	0	0	0
5.586	-41.357113	602.451782	-70.829872	0.105883	0	-0.33787	8.00E-06	0.134579	4.00E-06	0	0	0	-0.13	0	0.305	0	0	0
5.587	-41.283588	605.197021	-71.064987	0.105975	0	-0.337579	7.00E-06	0.114332	1.00E-06	0	0	0	-0.13	0	0.305	0	0	0
5.588	-41.209347	611.906738	-71.378464	0.106116	0	-0.337555	7.00E-06	0.105546	1.00E-06	0	0	0	-0.13	0	0.305	0	0	0
5.589	-40.424339	617.054932	-71.378464	0.106116	0	-0.336899	6.00E-06	0.077614	1.00E-06	0	0	0	-0.13	0	0.305	0	0	0
5.59	-40.424339	620.328613	-72.396805	0.106144	0	-0.336515	6.00E-06	0.105546	1.00E-06	0	0	0	-0.13	0	0.305	0	0	0
5.591	-40.424339	626.168457	-72.631516	0.105961	0	-0.336515	6.00E-06	-0.007197	6.00E-06	0	0	0	-0.13	0	0.305	0	0	0
5.592	-40.040859	627.866455	-72.631516	0.106144	0	-0.336515	1.10E-05	0.02396	1.00E-06	0	0	0	-0.13	0	0.305	0	0	0
5.593	-40.434444	635.79541	-72.631516	0.106136	0	-0.335621	1.10E-05	0.02396	3.00E-06	0	0	0	-0.13	0	0.305	0	0	0
5.594	-39.88588	639.912231	-72.86647	0.106136	0	-0.335621	8.00E-06	0.02396	3.00E-06	0	0	0	-0.13	0	0.305	0	0	0
5.595	-39.88588	642.825989	-72.944962	0.106136	0	-0.335823	5.00E-06	0.105623	3.00E-06	0	0	0	-0.13	0	0.305	0	0	0
5.596	-39.88588	647.296509	-72.86647	0.106304	0	-0.335866	7.00E-06	0.067199	4.00E-06	0	0	0	-0.13	0	0.305	0	0	0
5.597	-39.577362	653.126343	-73.258163	0.106604	0	-0.336132	6.00E-06	0.067199	4.00E-06	0	0	0	-0.13	0	0.305	0	0	0
5.598	-39.895985	657.941345	-72.787895	0.106304	0	-0.336118	7.00E-06	0.067199	4.00E-06	0	0	0	-0.13	0	0.305	0	0	0
5.599	-39.573753	660.503723	-73.335968	0.106237	0	-0.336118	6.00E-06	-0.084564	2.00E-06	0	0	0	-0.13	0	0.305	0	0	0
5.6	-39.501675	661.534058	-73.335968	0.106237	0	-0.335484	-2.00E-06	-0.084564	2.00E-06	0	0	0	-0.13	0	0.305	0	0	0
5.601	-39.501675	668.248718	-73.335968	0.105912	0	-0.335111	-2.00E-06	-0.084564	2.00E-06	0	0	0	-0.13	0	0.305	0	0	0
5.602	-39.189548	669.952881	-73.257393	0.10577	0	-0.335111	-2.00E-06	-0.116094	2.00E-06	0	0	0	-0.13	0	0.305	0	0	0
5.603	-39.350304	672.184631	-72.552017	0.10577	0	-0.335206	5.00E-06	-0.007054	2.00E-06	0	0	0	-0.13	0	0.305	0	0	0
5.604	-39.189548	678.025635	-72.552017	0.105977	0	-0.335206	2.00E-06	0.01119	4.00E-06	0	0	0	-0.13	0	0.305	0	0	0
5.605	-39.118195	681.285034	-72.552017	0.106052	0	-0.335414	5.00E-06	0.01119	4.00E-06	0	0	0	-0.13	0	0.305	0	0	0
5.606	-38.960327	686.098877	-72.943512	0.105977	0	-0.335098	2.00E-05	-0.171934	4.00E-06	0	0	0	-0.13	0	0.305	0	0	0
5.607	-38.879589	687.637939	-72.943512	0.106052	0	-0.335068	2.00E-05	-0.171934	5.00E-06	0	0	0	-0.13	0	0.305	0	0	0
5.608	-38.960327	692.63147	-72.943314	0.105783	0	-0.334541	1.00E-05	-0.120244	8.00E-06	0	0	0	-0.13	0	0.305	0	0	0
5.609	-38.491776	695.890869	-72.316177	0.106193	0	-0.334541	7.00E-06	-0.058902	5.00E-06	0	0	0	-0.13	0	0.305	0	0	0
5.61	-38.732544	698.806519	-72.316467	0.106068	0	-0.334693	7.00E-06	0.010011	4.00E-06	0	0	0	-0.13	0	0.305	0	0	0
5.611	-38.264717	703.442993	-72.316467	0.106068	0	-0.334702	7.00E-06	0.010011	2.00E-06	0	0	0	-0.13	0	0.305	0	0	0
5.612	-38.340405	706.186646	-72.55085	0.105957	0	-0.334702	1.00E-05	-0.179495	2.00E-06	0	0	0	-0.13	0	0.305	0	0	0
5.613	-38.264	708.769043	-72.55085	0.105957	0	-0.333912	1.70E-05	-0.179495	0.00E+00	0	0	0	-0.13	0	0.305	0	0	0
5.614	-38.340405	715.124634	-72.55085	0.105957	0	-0.333912	2.00E-05	-0.230237	3.00E-06	0	0	0	-0.13	0	0.305	0	0	0
5.615	-38.500435	717.724792	-72.002419	0.106283	0	-0.33346	1.70E-05	-0.090993	2.00E-06	0	0	0	-0.13	0	0.305	0	0	0
5.616	-38.500435	722.360046	-72.002419	0.106255	0	-0.334031	2.00E-05	-0.045538	5.00E-06	0	0	0	-0.13	0	0.305	0	0	0
5.617	-38.577568	724.915527	-72.002419	0.106487	0	-0.33346	2.20E-05	-0.045538	4.00E-06	0	0	0	-0.13	0	0.305	0	0	0
5.618	-38.421864	728.53241	-71.767303	0.106391	0	-0.333703	2.20E-05	-0.1494	4.00E-06	0	0	0	-0.13	0	0.305	0	0	0
5.619	-38.577568	731.449646	-71.688652	0.106391	0	-0.333458	4.00E-06	-0.187547	3.00E-06	0	0	0	-0.13	0	0.305	0	0	0
5.62	-38.657581	733.165771	-71.688652	0.106391	0	-0.333254	4.00E-06	-0.187547	3.00E-06	0	0	0	-0.13	0	0.305	0	0	0
5.621	-38.657581	740.561646	-71.688652	0.106891	0	-0.333249	9.00E-06	-0.187547	3.00E-06	0	0	0	-0.13	0	0.305	0	0	0
5.622	-37.9562	743.815613	-71.845352	0.106891	0	-0.333246	1.00E-05	-0.169846	3.00E-06	0	0	0	-0.13	0	0.305	0	0	0
5.623	-37.9562	744.692383	-72.002052	0.106455	0	-0.333246	1.20E-05	-0.169846	2.00E-06	0	0	0	-0.13	0	0.305	0	0	0
5.624	-37.958366	746.033142	-72.002052	0.106317	0	-0.333398	1.20E-05	-0.169846	4.00E-06	0	0	0	-0.13	0	0.305	0	0	0
5.625	-37.958366	747.595215	-71.845314	0.106173	0	-0.333398	1.20E-05	-0.296299	2.00E-06	0	0	0	-0.13	0	0.305	0	0	0
5.626	-37.71904	752.048523	-70.98336	0.105627	0	-0.333347	1.10E-05	-0.307974	3.00E-06	0	0	0	-0.13	0	0.305	0	0	0
5.627	-37.485489	753.07959	-71.140182	0.106173	0	-0.333084	1.10E-05	-0.307974	2.00E-06	0	0	0	-0.13	0	0.305	0	0	0
5.628	-37.48188	757.560913	-71.140182	0.106015	0	-0.332877	1.00E-05	-0.287706	3.00E-06	0	0	0	-0.13	0	0.305	0	0	0
5.629	-37.48188	758.06958	-71.140182	0.106015	0	-0.332721	1.00E-05	-0.202006	2.00E-06	0	0	0	-0.13	0	0.305	0	0	0
5.63	-37.406193	760.986511	-71.37545	0.106015	0	-0.332721	1.30E-05	-0.216375	1.00E-06	0	0	0	-0.13	0	0.305	0	0	0
5.631	-37.246162	764.950195	-70.748611	0.10626	0	-0.332721	1.30E-05	-0.216375	1.00E-06	0	0	0	-0.13	0	0.305	0	0	0
5.632	-37.406193	767.175415	-70.748611	0.106521	0	-0.332321	2.40E-05	-0.216375	1.00E-06	0	0	0	-0.13	0	0.305	0	0	0
5.633	-37.406193	770.278625	-70.356674	0.106521	0	-0.332321	1.70E-05	-0.214865	2.00E-06	0	0	0	-0.13	0	0.305	0	0	0
5.634	-37.560455	773.031128	-70.278259	0.106521	0	-0.332084	1.70E-05	-0.214865	1.00E-06	0	0	0	-0.13	0	0.305	0	0	0
5.635	-37.796894	773.549927	-69.886368	0.106702	0	-0.332084	1.50E-05	-0.275257	7.00E-06	0	0	0	-0.13	0	0.305	0	0	0
5.636	-37.796894	777.841431	-69.02417	0.106699	0	-0.332173	8.00E-06	-0.283462	4.00E-06	0	0	0	-0.13	0	0.305	0	0	0
5.637	-38.265438	778.531555	-67.927216	0.107038	0	-0.332173	5.00E-06	-0.283462	5.00E-06	0	0	0	-0.13	0	0.305	0	0	0
5.638	-38.576843	780.924561	-67.143105	0.106762	0	-0.332173	5.00E-06	-0.421419	4.00E-06	0	0	0	-0.13	0	0.305	0	0	0
5.639	-39.67181	780.944641	-66.829826	0.106762	0	-0.331935	5.00E-06	-0.421419	5.00E-06	0	0	0	-0.13	0	0.305	0	0	0
5.64	-39.674694	782.494507	-66.829826	0.106762	0	-0.331404	1.00E-05	-0.408532	2.00E-06	0	0	0	-0.13	0	0.305	0	0	0
5.641	-39.903919	784.382996	-66.829826	0.106603	0	-0.331366	3.00E-06	-0.408532	5.00E-06	0	0	0	-0.13	0	0.305	0	0	0
5.642	-39.903919	785.930542	-66.594551	0.106678	0	-0.331362	1.00E-05	-0.469624	8.00E-06	0	0	0	-0.13	0	0.305	0	0	0
5.643	-39.903919	784.382996	-65.889534	0.106471	0	-0.331362	1.80E-05	-0.55551	8.00E-06	0	0	0	-0.13	0	0.305	0	0	0
5.644	-39.900311	785.939331	-65.02774	0.106366	0	-0.331305	1.80E-05	-0.55551	7.00E-06	0	0	0	-0.13	0	0.305	0	0	0
5.645	-39.97744	785.939331	-64.401054	0.106366	0	-0.331009	1.70E-05	-0.457072	5.00E-06	0	0	0	-0.13	0	0.305	0	0	0
5.646	-39.97744	788.867798	-64.244278	0.106861	0	-0.330989	8.00E-06	-0.457072	4.00E-06	0	0	0	-0.13	0	0.305	0	0	0
5.647	-40.520954	790.577759	-64.08757	0.106867	0	-0.330896	1.70E-05	-0.457072	4.00E-06	0	0	0	-0.13	0	0.305	0	0	0
5.648	-40.604576	791.621521	-64.087532	0.106867	0	-0.330756	1.40E-05	-0.541741	4.00E-06	0	0	0	-0.13	0	0.305	0	0	0
5.649	-40.988781	791.792358	-62.990585	0.10709	0	-0.330677	2.80E-05	-0.501987	1.00E-05	0	0	0	-0.13	0	0.305	0	0	0
5.65	-41.145924	792.669067	-62.990585	0.10709	0	-0.330677	1.40E-05	-0.501987	1.00E-05	0	0	0	-0.13	0	0.305	0	0	0
5.651	-41.379478	792.669067	-62.912334	0.10707	0	-0.330651	1.20E-05	-0.501987	1.00E-05	0	0	0	-0.13	0	0.305	0	0	0
5.652	-41.460938	793.340332	-62.363739	0.10707	0	-0.330632	1.20E-05	-0.424725	4.00E-06	0	0	0	-0.13	0	0.305	0	0	0
5.653	-42.241611	794.210083	-62.050373	0.107079	0	-0.330344	1.20E-05	-0.510702	4.00E-06	0	0	0	-0.13	0	0.305	0	0	0
5.654	-42.627983	795.951599	-61.266911	0.107651	0	-0.330305	7.00E-06	-0.457743	3.00E-06	0	0	0	-0.13	0	0.305	0	0	0
5.655	-43.411541	795.951599	-60.953465	0.107625	0	-0.330215	7.00E-06	-0.510702	2.00E-06	0	0	0	-0.13	0	0.305	0	0	0
5.656	-43.093643	795.951599	-60.79644	0.107625	0	-0.33009	1.60E-05	-0.551825	2.00E-06	0	0	0	-0.13	0	0.305	0	0	0
5.657	-43.093643	795.953552	-60.404831	0.107625	0	-0.33009	1.90E-05	-0.551825	6.00E-06	0	0	0	-0.13	0	0.305	0	0	0
5.658	-43.093643	794.749756	-60.248333	0.107577	0	-0.33009	1.90E-05	-0.551825	6.00E-06	0	0	0	-0.13	0	0.305	0	0	0
5.659	-43.327194	793.374634	-58.916187	0.107577	0	-0.330049	1.80E-05	-0.583264	2.00E-06	0	0	0	-0.13	0	0.305	0	0	0
5.66	-43.405766	793.374634	-58.680916	0.107577	0	-0.32998	1.10E-05	-0.583264	2.00E-06	0	0	0	-0.13	0	0.305	0	0	0
5.661	-43.873596	793.039795	-57.740627	0.107648	0	-0.329468	1.10E-05	-0.51782	5.00E-06	0	0	0	-0.13	0	0.305	0	0	0
5.662	-44.110035	792.716553	-57.192234	0.107652	0	-0.32929	3.00E-05	-0.497341	5.00E-06	0	0	0	-0.13	0	0.305	0	0	0
5.663	-44.029297	792.018005	-56.722168	0.107652	0	-0.32929	3.00E-05	-0.497341	9.00E-06	0	0	0	-0.13	0	0.305	0	0	0
5.664	-44.029297	791.671265	-56.408363	0.107703	0	-0.329266	1.40E-05	-0.647846	1.10E-05	0	0	0	-0.13	0	0.305	0	0	0
5.665	-43.249344	790.487061	-55.781677	0.107794	0	-0.329266	1.30E-05	-0.647846	1.10E-05	0	0	0	-0.13	0	0.305	0	0	0
5.666	-43.249344	788.932617	-55.233246	0.107794	0	-0.329266	1.30E-05	-0.647846	5.00E-06	0	0	0	-0.13	0	0.305	0	0	0
5.667	-43.249344	786.904114	-54.371246	0.107949	0	-0.328956	1.30E-05	-0.569775	5.00E-06	0	0	0	-0.13	0	0.305	0	0	0
5.668	-43.556419	786.370239	-54.214466	0.107736	0	-0.328859	7.00E-06	-0.621557	3.00E-06	0	0	0	-0.13	0	0.305	0	0	0
5.669	-42.934334	786.370239	-53.900982	0.108096	0	-0.328292	7.00E-06	-0.609787	2.00E-06	0	0	0	-0.13	0	0.305	0	0	0
5.67	-43.404327	785.356201	-52.804035	0.107954	0	-0.328484	7.00E-06	-0.609787	2.00E-06	0	0	0	-0.13	0	0.305	0	0	0
5.671	-43.16428	784.153137	-52.569042	0.107994	0	-0.328292	1.20E-05	-0.609787	4.00E-06	0	0	0	-0.13	0	0.305	0	0	0
5.672	-43.16428	784.153137	-51.942036	0.107994	0	-0.328104	1.40E-05	-0.492064	4.00E-06	0	0	0	-0.13	0	0.305	0	0	0
5.673	-42.932892	783.464233	-51.39352	0.108224	0	-0.328063	1.20E-05	-0.492064	4.00E-06	0	0	0	-0.13	0	0.305	0	0	0
5.674	-42.45929	782.791138	-51.158367	0.108758	0	-0.327877	1.00E-05	-0.492064	2.00E-06	0	0	0	-0.13	0	0.305	0	0	0
5.675	-42.45929	781.087402	-51.001625	0.108758	0	-0.327877	8.00E-06	-0.414858	2.00E-06	0	0	0	-0.13	0	0.305	0	0	0
5.676	-42.856483	780.403076	-50.21804	0.108758	0	-0.327877	9.00E-06	-0.414858	4.00E-06	0	0	0	-0.13	0	0.305	0	0	0
5.677	-42.856483	777.824951	-49.512863	0.108602	0	-0.327942	9.00E-06	-0.414858	4.00E-06	0	0	0	-0.13	0	0.305	0	0	0
5.678	-42.618603	777.471558	-49.356163	0.108578	0	-0.327942	9.00E-06	-0.465003	1.00E-06	0	0	0	-0.13	0	0.305	0	0	0
5.679	-42.305752	776.107666	-48.650906	0.108602	0	-0.327942	1.70E-05	-0.510899	1.00E-06	0	0	0	-0.13	0	0.305	0	0	0
5.68	-41.990742	774.916504	-48.415871	0.108756	0	-0.328127	1.70E-05	-0.521731	2.00E-06	0	0	0	-0.13	0	0.305	0	0	0
5.681	-41.990742	774.74646	-47.945732	0.108756	0	-0.327215	1.70E-05	-0.521731	4.00E-06	0	0	0	-0.13	0	0.305	0	0	0
5.682	-41.834316	770.455261	-47.240475	0.108617	0	-0.32751	1.00E-05	-0.521731	2.00E-06	0	0	0	-0.13	0	0.305	0	0	0
5.683	-41.600044	770.452576	-46.770168	0.108559	0	-0.32751	5.00E-06	-0.545918	0	0	0	0	-0.13	0	0.305	0	0	0
5.684	-41.287197	767.186646	-46.299984	0.108617	0	-0.32751	5.00E-06	-0.590414	0	0	0	0	-0.13	0	0.305	0	0	0
5.685	-40.897221	766.684082	-45.202991	0.108965	0	-0.327141	1.50E-05	-0.590414	0.00E+00	0	0	0	-0.13	0	0.305	0	0	0
5.686	-40.506523	766.176392	-45.202835	0.108965	0	-0.326805	1.60E-05	-0.49485	4.00E-06	0	0	0	-0.13	0	0.305	0	0	0
5.687	-40.506523	762.743469	-44.340958	0.109007	0	-0.326762	1.60E-05	-0.49485	3.00E-06	0	0	0	-0.13	0	0.305	0	0	0
5.688	-40.272968	762.57959	-44.262543	0.108891	0	-0.32668	1.30E-05	-0.505714	3.00E-06	0	0	0	-0.13	0	0.305	0	0	0
5.689	-40.272968	759.826233	-44.105846	0.10914	0	-0.32668	1.30E-05	-0.51883	3.00E-06	0	0	0	-0.13	0	0.305	0	0	0
5.69	-39.802979	759.654663	-43.243885	0.10921	0	-0.326841	2.30E-05	-0.505714	2.00E-06	0	0	0	-0.13	0	0.305	0	0	0
5.691	-39.412277	758.471619	-43.165436	0.109446	0	-0.326841	2.30E-05	-0.469726	1.00E-05	0	0	0	-0.13	0	0.305	0	0	0
5.692	-39.100876	758.113647	-42.30368	0.10947	0	-0.326113	2.50E-05	-0.469726	4.00E-06	0	0	0	-0.13	0	0.305	0	0	0
5.693	-39.100876	755.898804	-42.068443	0.109446	0	-0.325963	7.00E-06	-0.431934	4.00E-06	0	0	0	-0.13	0	0.305	0	0	0
5.694	-39.020859	754.699585	-41.206406	0.109607	0	-0.325963	6.00E-06	-0.431934	4.00E-06	0	0	0	-0.13	0	0.305	0	0	0
5.695	-38.861549	754.698425	-40.893204	0.109558	0	-0.32609	3.00E-06	-0.431934	4.00E-06	0	0	0	-0.13	0	0.305	0	0	0
5.696	-38.861549	751.776123	-40.344608	0.109643	0	-0.32609	6.00E-06	-0.420954	5.00E-06	0	0	0	-0.13	0	0.305	0	0	0
5.697	-38.861549	751.776123	-39.796055	0.109643	0	-0.325533	1.10E-05	-0.500196	4.00E-06	0	0	0	-0.13	0	0.305	0	0	0
5.698	-38.393723	750.765625	-39.482533	0.109643	0	-0.325533	1.10E-05	-0.499328	4.00E-06	0	0	0	-0.13	0	0.305	0	0	0
5.699	-38.393002	745.954102	-39.40424	0.109618	0	-0.325533	1.30E-05	-0.499328	2.00E-06	0	0	0	-0.13	0	0.305	0	0	0
5.7	-38.083042	745.954102	-38.542122	0.109618	0	-0.325602	9.00E-06	-0.499328	4.00E-06	0	0	0	-0.13	0	0.305	0	0	0
5.701	-37.848766	745.954102	-37.915359	0.109617	0	-0.325362	9.00E-06	-0.452587	2.00E-06	0	0	0	-0.13	0	0.305	0	0	0
5.702	-37.530865	741.322327	-36.975151	0.109574	0	-0.325168	9.00E-06	-0.397779	2.00E-06	0	0	0	-0.13	0	0.305	0	0	0
5.703	-37.301643	740.811646	-36.739838	0.109574	0	-0.325168	7.00E-06	-0.397779	2.00E-06	0	0	0	-0.13	0	0.305	0	0	0
5.704	-36.983746	739.602356	-36.583336	0.109719	0	-0.325031	7.00E-06	-0.397779	3.00E-06	0	0	0	-0.13	0	0.305	0	0	0
5.705	-36.753799	738.928894	-35.956291	0.109985	0	-0.325336	1.60E-05	-0.405442	3.00E-06	0	0	0	-0.13	0	0.305	0	0	0
5.706	-36.595936	736.348389	-35.642849	0.109988	0	-0.325031	2.20E-05	-0.367156	3.00E-06	0	0	0	-0.13	0	0.305	0	0	0
5.707	-36.595936	735.504822	-35.329483	0.110104	0	-0.324833	2.20E-05	-0.367156	3.00E-06	0	0	0	-0.13	0	0.305	0	0	0
5.708	-36.205235	734.648926	-34.780811	0.110104	0	-0.324833	2.20E-05	-0.367156	3.00E-06	0	0	0	-0.13	0	0.305	0	0	0
5.709	-35.892391	731.04126	-34.70256	0.109999	0	-0.324642	-1.00E-06	-0.385793	3.00E-06	0	0	0	-0.13	0	0.305	0	0	0
5.71	-35.815979	730.353516	-34.310665	0.109945	0	-0.324642	-1.00E-06	-0.385793	3.00E-06	0	0	0	-0.13	0	0.305	0	0	0
5.711	-35.815979	730.353516	-33.370537	0.109963	0	-0.324395	1.60E-05	-0.459627	1.00E-06	0	0	0	-0.13	0	0.305	0	0	0
5.712	-35.815979	730.353516	-33.05685	0.109963	0	-0.324395	1.70E-05	-0.331937	2.00E-06	0	0	0	-0.13	0	0.305	0	0	0
5.713	-35.967354	728.30188	-32.351639	0.110677	0	-0.323921	1.70E-05	-0.292173	2.00E-06	0	0	0	-0.13	0	0.305	0	0	0
5.714	-35.42384	726.779358	-32.194977	0.110802	0	-0.323855	1.20E-05	-0.292173	4.00E-06	0	0	0	-0.13	0	0.305	0	0	0
5.715	-35.892391	726.249329	-31.960106	0.110802	0	-0.323855	1.20E-05	-0.312147	4.00E-06	0	0	0	-0.13	0	0.305	0	0	0
5.716	-35.42384	726.249329	-31.41119	0.110872	0	-0.323855	1.90E-05	-0.312147	6.00E-06	0	0	0	-0.13	0	0.305	0	0	0
5.717	-35.500969	724.383179	-30.862793	0.110965	0	-0.323565	1.90E-05	-0.345544	4.00E-06	0	0	0	-0.13	0	0.305	0	0	0
5.718	-35.500969	722.831848	-30.784546	0.110872	0	-0.323565	1.00E-05	-0.345544	4.00E-06	0	0	0	-0.13	0	0.305	0	0	0
5.719	-35.500969	720.609253	-30.471022	0.111014	0	-0.323565	1.00E-05	-0.345544	4.00E-06	0	0	0	-0.13	0	0.305	0	0	0
5.72	-35.890224	719.910339	-29.844296	0.110893	0	-0.323745	9.00E-06	-0.323961	2.00E-06	0	0	0	-0.13	0	0.305	0	0	0
5.721	-35.183792	719.910339	-29.844095	0.110893	0	-0.323533	1.40E-05	-0.323961	5.00E-06	0	0	0	-0.13	0	0.305	0	0	0
5.722	-35.735966	716.323486	-28.825516	0.110863	0	-0.323206	1.40E-05	-0.323961	6.00E-06	0	0	0	-0.13	0	0.305	0	0	0
5.723	-35.499527	714.078979	-28.590401	0.110643	0	-0.323206	1.40E-05	-0.266228	7.00E-06	0	0	0	-0.13	0	0.305	0	0	0
5.724	-35.499527	713.069946	-28.041969	0.110643	0	-0.323206	5.00E-06	-0.246971	7.00E-06	0	0	0	-0.13	0	0.305	0	0	0
5.725	-34.952404	712.875488	-27.493534	0.110768	0	-0.32294	5.00E-06	-0.222321	6.00E-06	0	0	0	-0.13	0	0.305	0	0	0
5.726	-34.875999	710.827332	-26.78824	0.111193	0	-0.322769	5.00E-06	-0.222321	4.00E-06	0	0	0	-0.13	0	0.305	0	0	0
5.727	-34.952404	709.469238	-26.318096	0.111182	0	-0.322569	1.10E-05	-0.222321	2.00E-06	0	0	0	-0.13	0	0.305	0	0	0
5.728	-35.111717	709.126709	-25.534546	0.111182	0	-0.322328	1.20E-05	-0.209425	2.00E-06	0	0	0	-0.13	0	0.305	0	0	0
5.729	-35.111717	707.591553	-25.456097	0.111182	0	-0.322328	1.20E-05	-0.147915	5.00E-06	0	0	0	-0.13	0	0.305	0	0	0
5.73	-35.342384	706.202881	-24.829288	0.111182	0	-0.322443	1.60E-05	-0.147915	5.00E-06	0	0	0	-0.13	0	0.305	0	0	0
5.731	-34.560986	705.864258	-24.829288	0.111637	0	-0.322443	1.60E-05	-0.147915	2.00E-06	0	0	0	-0.13	0	0.305	0	0	0
5.732	-35.500248	705.864258	-24.672468	0.111659	0	-0.321993	2.30E-05	-0.110844	2.00E-06	0	0	0	-0.13	0	0.305	0	0	0
5.733	-35.263809	704.508423	-23.497149	0.111794	0	-0.321675	2.30E-05	-0.185493	0.00E+00	0	0	0	-0.13	0	0.305	0	0	0
5.734	-35.263809	703.846863	-23.418938	0.11212	0	-0.321675	1.90E-05	-0.113968	0	0	0	0	-0.13	0	0.305	0	0	0
5.735	-35.263809	701.770142	-23.418777	0.111947	0	-0.321888	1.90E-05	-0.146379	0	0	0	0	-0.13	0	0.305	0	0	0
5.736	-35.106667	700.742188	-22.71352	0.111996	0	-0.321888	1.20E-05	-0.113968	6.00E-06	0	0	0	-0.13	0	0.305	0	0	0
5.737	-35.340218	698.85675	-22.008507	0.111996	0	-0.32178	1.20E-05	-0.146379	6.00E-06	0	0	0	-0.13	0	0.305	0	0	0
5.738	-35.340218	698.17865	-22.008308	0.112126	0	-0.321545	1.20E-05	-0.140731	7.00E-06	0	0	0	-0.13	0	0.305	0	0	0
5.739	-35.340939	694.393921	-21.616692	0.112126	0	-0.321545	1.90E-05	-0.140731	4.00E-06	0	0	0	-0.13	0	0.305	0	0	0
5.74	-35.41951	694.238525	-21.146347	0.112126	0	-0.321147	1.90E-05	-0.096771	4.00E-06	0	0	0	-0.13	0	0.305	0	0	0
5.741	-35.41951	693.549561	-20.049276	0.112067	0	-0.321139	1.50E-05	-0.096771	4.00E-06	0	0	0	-0.13	0	0.305	0	0	0
5.742	-35.418789	691.32782	-19.970865	0.112257	0	-0.320716	1.30E-05	-0.172967	4.00E-06	0	0	0	-0.13	0	0.305	0	0	0
5.743	-35.183792	689.09375	-19.814165	0.112007	0	-0.320716	4.00E-06	-0.225275	4.00E-06	0	0	0	-0.13	0	0.305	0	0	0
5.744	-35.183071	688.603027	-18.482264	0.112338	0	-0.320716	4.00E-06	-0.225275	2.00E-06	0	0	0	-0.13	0	0.305	0	0	0
5.745	-34.795261	687.715942	-18.482264	0.112065	0	-0.320509	7.00E-06	-0.170298	2.00E-06	0	0	0	-0.13	0	0.305	0	0	0
5.746	-34.795261	686.176514	-18.168779	0.112663	0	-0.319859	7.00E-06	-0.156223	2.00E-06	0	0	0	-0.13	0	0.305	0	0	0
5.747	-34.947353	685.184753	-17.93371	0.112663	0	-0.319635	6.00E-06	0.036815	7.00E-06	0	0	0	-0.13	0	0.305	0	0	0
5.748	-34.94952	684.828003	-17.306824	0.112663	0	-0.319567	6.00E-06	-0.006533	7.00E-06	0	0	0	-0.13	0	0.305	0	0	0
5.749	-34.94952	685.028931	-17.306824	0.112947	0	-0.319421	1.10E-05	-0.006533	4.00E-06	0	0	0	-0.13	0	0.305	0	0	0
5.75	-34.638115	683.800842	-17.306824	0.112524	0	-0.319251	1.10E-05	-0.006533	4.00E-06	0	0	0	-0.13	0	0.305	0	0	0
5.751	-34.638115	681.916931	-16.836798	0.112907	0	-0.319092	9.00E-06	-0.128652	2.00E-06	0	0	0	-0.13	0	0.305	0	0	0
5.752	-34.790207	681.916931	-16.444988	0.112907	0	-0.319092	9.00E-06	0.041679	4.00E-06	0	0	0	-0.13	0	0.305	0	0	0
5.753	-35.807323	681.246582	-16.366617	0.113189	0	-0.318379	9.00E-06	-0.084418	5.00E-06	0	0	0	-0.13	0	0.305	0	0	0
5.754	-35.807323	681.266235	-15.896513	0.113683	0	-0.318751	1.40E-05	0.022624	5.00E-06	0	0	0	-0.13	0	0.305	0	0	0
5.755	-35.415905	680.224731	-15.582989	0.113631	0	-0.318751	7.00E-06	0.006578	4.00E-06	0	0	0	-0.13	0	0.305	0	0	0
5.756	-35.183071	679.204102	-15.347958	0.113631	0	-0.318751	7.00E-06	0.006578	4.00E-06	0	0	0	-0.13	0	0.305	0	0	0
5.757	-35.25948	679.204102	-14.799524	0.113631	0	-0.318836	7.00E-06	0.006578	4.00E-06	0	0	0	-0.13	0	0.305	0	0	0
5.758	-35.25948	679.20752	-14.250929	0.113529	0	-0.318239	1.90E-05	-0.036407	3.00E-06	0	0	0	-0.13	0	0.305	0	0	0
5.759	-35.338055	679.20752	-14.250929	0.113691	0	-0.31813	1.90E-05	0.056001	3.00E-06	0	0	0	-0.13	0	0.305	0	0	0
5.76	-35.338055	674.412659	-14.250929	0.11368	0	-0.318086	1.60E-05	0.044056	4.00E-06	0	0	0	-0.13	0	0.305	0	0	0
5.761	-34.868057	674.412659	-13.54587	0.113691	0	-0.318086	9.00E-06	0.056001	4.00E-06	0	0	0	-0.13	0	0.305	0	0	0
5.762	-34.868057	674.075195	-13.38913	0.11377	0	-0.317444	-1.00E-06	0.055447	4.00E-06	0	0	0	-0.13	0	0.305	0	0	0
5.763	-35.028091	672.716248	-13.075769	0.113965	0	-0.317376	9.00E-06	0.095607	5.00E-06	0	0	0	-0.13	0	0.305	0	0	0
5.764	-35.028091	672.716248	-12.448763	0.113965	0	-0.317099	1.90E-05	0.158035	5.00E-06	0	0	0	-0.13	0	0.305	0	0	0
5.765	-34.86734	671.861877	-12.21381	0.113965	0	-0.316682	1.90E-05	0.164635	3.00E-06	0	0	0	-0.13	0	0.305	0	0	0
5.766	-34.323101	669.638916	-11.900208	0.114363	0	-0.316676	1.50E-05	0.158035	3.00E-06	0	0	0	-0.13	0	0.305	0	0	0
5.767	-34.240921	669.309937	-11.900208	0.114449	0	-0.316415	8.00E-06	0.070308	4.00E-06	0	0	0	-0.13	0	0.305	0	0	0
5.768	-34.240921	668.981323	-11.351851	0.114584	0	-0.316332	1.50E-05	0.070308	4.00E-06	0	0	0	-0.13	0	0.305	0	0	0
5.769	-34.477364	668.981323	-11.195232	0.114708	0	-0.315613	9.00E-06	0.072595	2.00E-06	0	0	0	-0.13	0	0.305	0	0	0
5.77	-34.557381	667.612	-10.725166	0.114711	0	-0.315604	1.40E-05	0.268692	2.00E-06	0	0	0	-0.13	0	0.305	0	0	0
5.771	-34.712357	667.612	-10.725166	0.114751	0	-0.31559	9.00E-06	0.268692	4.00E-06	0	0	0	-0.13	0	0.305	0	0	0
5.772	-34.712357	666.413574	-10.176655	0.115063	0	-0.315544	1.40E-05	0.114877	5.00E-06	0	0	0	-0.13	0	0.305	0	0	0
5.773	-34.712357	666.08374	-9.941622	0.115271	0	-0.31554	2.00E-06	0.114877	8.00E-06	0	0	0	-0.13	0	0.305	0	0	0
5.774	-34.398067	666.08374	-9.941582	0.115437	0	-0.315355	1.60E-05	0.165507	8.00E-06	0	0	0	-0.13	0	0.305	0	0	0
5.775	-34.243809	665.416443	-9.62818	0.115437	0	-0.314875	2.00E-06	0.236021	2.00E-06	0	0	0	-0.13	0	0.305	0	0	0
5.776	-34.243809	664.895325	-9.393026	0.115498	0	-0.314875	-3.00E-06	0.236021	2.00E-06	0	0	0	-0.13	0	0.305	0	0	0
5.777	-33.69236	664.20874	-9.079742	0.115498	0	-0.314875	-3.00E-06	0.236021	3.00E-06	0	0	0	-0.13	0	0.305	0	0	0
5.778	-33.463856	662.664307	-8.844551	0.115498	0	-0.314819	-3.00E-06	0.306419	3.00E-06	0	0	0	-0.13	0	0.305	0	0	0
5.779	-33.69236	661.807617	-8.531147	0.115504	0	-0.314872	1.00E-06	0.342136	3.00E-06	0	0	0	-0.13	0	0.305	0	0	0
5.78	-33.463856	661.475464	-7.904345	0.115504	0	-0.314872	2.00E-06	0.342136	3.00E-06	0	0	0	-0.13	0	0.305	0	0	0
5.781	-33.228859	661.475464	-7.59086	0.115836	0	-0.314872	1.40E-05	0.342136	3.00E-06	0	0	0	-0.13	0	0.305	0	0	0
5.782	-32.988811	661.145325	-7.59086	0.115836	0	-0.314439	1.20E-05	0.281776	3.00E-06	0	0	0	-0.13	0	0.305	0	0	0
5.783	-32.910961	658.231567	-7.59086	0.115679	0	-0.31367	1.60E-05	0.277384	5.00E-06	0	0	0	-0.13	0	0.305	0	0	0
5.784	-32.603165	658.231567	-7.277538	0.115679	0	-0.31367	2.60E-05	0.277384	5.00E-06	0	0	0	-0.13	0	0.305	0	0	0
5.785	-32.365284	658.231567	-6.415741	0.115766	0	-0.31367	2.60E-05	0.35545	6.00E-06	0	0	0	-0.13	0	0.305	0	0	0
5.786	-31.817442	658.407104	-6.415741	0.116094	0	-0.313319	1.30E-05	0.35545	6.00E-06	0	0	0	-0.13	0	0.305	0	0	0
5.787	-31.817442	659.10791	-6.415741	0.116409	0	-0.313075	1.30E-05	0.35545	4.00E-06	0	0	0	-0.13	0	0.305	0	0	0
5.788	-31.817442	659.10791	-5.788774	0.116409	0	-0.312294	6.00E-06	0.36775	3.00E-06	0	0	0	-0.13	0	0.305	0	0	0
5.789	-32.053158	659.10791	-5.631914	0.116409	0	-0.312294	1.40E-05	0.376087	1.00E-06	0	0	0	-0.13	0	0.305	0	0	0
5.79	-32.055325	658.265137	-5.553865	0.11672	0	-0.31228	1.40E-05	0.377408	1.00E-06	0	0	0	-0.13	0	0.305	0	0	0
5.791	-32.055325	658.796631	-4.926857	0.116728	0	-0.312246	1.40E-05	0.49775	1.00E-06	0	0	0	-0.13	0	0.305	0	0	0
5.792	-31.507483	658.796631	-4.770397	0.116728	0	-0.312246	7.00E-06	0.49775	6.00E-06	0	0	0	-0.13	0	0.305	0	0	0
5.793	-31.352501	658.805176	-4.770115	0.117085	0	-0.31219	7.00E-06	0.516342	6.00E-06	0	0	0	-0.13	0	0.305	0	0	0
5.794	-31.507483	658.964417	-4.300053	0.117095	0	-0.312215	6.00E-06	0.45951	6.00E-06	0	0	0	-0.13	0	0.305	0	0	0
5.795	-31.271765	658.805176	-3.90844	0.117095	0	-0.312005	6.00E-06	0.509292	9.00E-06	0	0	0	-0.13	0	0.305	0	0	0
5.796	-31.270319	660.518555	-3.516666	0.117095	0	-0.312005	6.00E-06	0.509292	7.00E-06	0	0	0	-0.13	0	0.305	0	0	0
5.797	-31.270319	659.146851	-3.516666	0.11708	0	-0.312005	1.00E-05	0.509292	7.00E-06	0	0	0	-0.13	0	0.305	0	0	0
5.798	-30.881065	659.146851	-3.516666	0.117082	0	-0.311535	1.00E-05	0.492848	7.00E-06	0	0	0	-0.13	0	0.305	0	0	0
5.799	-30.958916	657.794189	-2.498047	0.117082	0	-0.311388	9.00E-06	0.492848	6.00E-06	0	0	0	-0.13	0	0.305	0	0	0
5.8	-30.721754	656.757324	-2.184725	0.117082	0	-0.311294	9.00E-06	0.492848	6.00E-06	0	0	0	-0.13	0	0.305	0	0	0
5.801	-30.489645	657.794189	-1.714582	0.11719	0	-0.311388	1.20E-05	0.671954	8.00E-06	0	0	0	-0.13	0	0.305	0	0	0
5.802	-30.331778	657.278442	-1.636011	0.116957	0	-0.31115	1.20E-05	0.505901	8.00E-06	0	0	0	-0.13	0	0.305	0	0	0
5.803	-30.331778	657.278442	-1.636011	0.117217	0	-0.310965	1.20E-05	0.505901	7.00E-06	0	0	0	-0.13	0	0.305	0	0	0
5.804	-29.943968	657.278442	-0.930954	0.117217	0	-0.310779	7.00E-06	0.505901	7.00E-06	0	0	0	-0.13	0	0.305	0	0	0
5.805	-29.474697	657.993225	-0.774172	0.117409	0	-0.310397	2.00E-06	0.712216	9.00E-06	0	0	0	-0.13	0	0.305	0	0	0
5.806	-29.474697	659.186279	-0.460772	0.117568	0	-0.310397	2.00E-06	0.729735	9.00E-06	0	0	0	-0.13	0	0.305	0	0	0
5.807	-29.472532	659.194702	-0.382641	0.117796	0	-0.310298	7.00E-06	0.737704	7.00E-06	0	0	0	-0.13	0	0.305	0	0	0
5.808	-29.316107	660.057983	-0.225939	0.117796	0	-0.309951	9.00E-06	0.737704	4.00E-06	0	0	0	-0.13	0	0.305	0	0	0
5.809	-28.923246	660.23938	0.479357	0.117799	0	-0.309522	7.00E-06	0.721363	6.00E-06	0	0	0	-0.13	0	0.305	0	0	0
5.81	-28.846836	661.455872	0.479357	0.118077	0	-0.309222	8.00E-06	0.721363	4.00E-06	0	0	0	-0.13	0	0.305	0	0	0
5.811	-28.844671	661.973145	0.71443	0.118309	0	-0.309522	8.00E-06	0.721363	6.00E-06	0	0	0	-0.13	0	0.305	0	0	0
5.812	-28.691133	662.140869	0.792721	0.118309	0	-0.309905	2.10E-05	0.682742	5.00E-06	0	0	0	-0.13	0	0.305	0	0	0
5.813	-28.844671	662.310181	1.889708	0.118413	0	-0.309905	2.10E-05	0.682742	5.00E-06	0	0	0	-0.13	0	0.305	0	0	0
5.814	-28.764656	663.357544	2.046329	0.118524	0	-0.309674	1.90E-05	0.697238	2.00E-06	0	0	0	-0.13	0	0.305	0	0	0
5.815	-28.922522	663.357544	2.046329	0.118524	0	-0.30944	1.70E-05	0.699016	2.00E-06	0	0	0	-0.13	0	0.305	0	0	0
5.816	-28.923965	664.557861	2.594564	0.118527	0	-0.30944	9.00E-06	0.776946	3.00E-06	0	0	0	-0.13	0	0.305	0	0	0
5.817	-28.923965	663.18811	2.673336	0.118222	0	-0.309224	7.00E-06	0.776946	3.00E-06	0	0	0	-0.13	0	0.305	0	0	0
5.818	-28.531101	664.223022	2.830118	0.118587	0	-0.308863	9.00E-06	0.664156	4.00E-06	0	0	0	-0.13	0	0.305	0	0	0
5.819	-28.531101	664.223022	3.300222	0.118341	0	-0.308863	1.00E-05	0.664156	3.00E-06	0	0	0	-0.13	0	0.305	0	0	0
5.82	-28.295387	664.747253	4.083286	0.118341	0	-0.308645	1.20E-05	0.77671	3.00E-06	0	0	0	-0.13	0	0.305	0	0	0
5.821	-28.371796	665.943726	4.553631	0.118341	0	-0.308644	1.30E-05	0.77671	3.00E-06	0	0	0	-0.13	0	0.305	0	0	0
5.822	-28.371796	665.963074	4.553751	0.118243	0	-0.30813	2.20E-05	0.77671	5.00E-06	0	0	0	-0.13	0	0.305	0	0	0
5.823	-28.371796	666.64856	4.788864	0.118658	0	-0.308097	1.30E-05	0.73883	5.00E-06	0	0	0	-0.13	0	0.305	0	0	0
5.824	-28.291058	666.989136	5.102064	0.118566	0	-0.307921	1.00E-05	0.74698	5.00E-06	0	0	0	-0.13	0	0.305	0	0	0
5.825	-27.748987	667.689575	5.72883	0.118657	0	-0.307921	1.00E-05	0.74698	4.00E-06	0	0	0	-0.13	0	0.305	0	0	0
5.826	-27.748987	667.875488	5.807322	0.118657	0	-0.307447	1.30E-05	0.786852	4.00E-06	0	0	0	-0.13	0	0.305	0	0	0
5.827	-27.433254	668.732178	6.120644	0.118692	0	-0.307447	1.30E-05	0.842242	4.00E-06	0	0	0	-0.13	0	0.305	0	0	0
5.828	-27.433254	672.171326	6.120644	0.119258	0	-0.307447	1.10E-05	0.842242	0	0	0	0	-0.13	0	0.305	0	0	0
5.829	-27.58679	674.244995	6.434046	0.119258	0	-0.307196	1.10E-05	0.842242	0	0	0	0	-0.13	0	0.305	0	0	0
5.83	-27.669691	674.244995	6.825741	0.119258	0	-0.306973	1.00E-05	0.955653	4.00E-06	0	0	0	-0.13	0	0.305	0	0	0
5.831	-27.669691	674.417786	7.139103	0.119522	0	-0.306973	1.10E-05	0.972226	4.00E-06	0	0	0	-0.13	0	0.305	0	0	0
5.832	-27.669691	675.287964	7.217514	0.119381	0	-0.306714	1.00E-05	0.972226	1.00E-06	0	0	0	-0.13	0	0.305	0	0	0
5.833	-27.511826	677.02417	8.236212	0.119742	0	-0.30663	1.60E-05	0.934433	1.00E-06	0	0	0	-0.13	0	0.305	0	0	0
5.834	-27.19537	677.005249	8.236212	0.119381	0	-0.306714	7.00E-06	0.920275	3.00E-06	0	0	0	-0.13	0	0.305	0	0	0
5.835	-27.19537	677.02417	8.236212	0.11967	0	-0.30654	1.90E-05	0.934433	3.00E-06	0	0	0	-0.13	0	0.305	0	0	0
5.836	-27.19537	679.083862	8.862818	0.119607	0	-0.30654	1.60E-05	0.942202	1.00E-06	0	0	0	-0.13	0	0.305	0	0	0
5.837	-27.194649	679.083862	8.941187	0.119607	0	-0.30654	1.60E-05	0.987655	1.00E-06	0	0	0	-0.13	0	0.305	0	0	0
5.838	-27.194649	679.081543	8.941187	0.119434	0	-0.306624	2.00E-06	0.987655	1.00E-06	0	0	0	-0.13	0	0.305	0	0	0
5.839	-27.193207	679.081543	9.176098	0.119434	0	-0.306624	2.00E-06	0.987655	4.00E-06	0	0	0	-0.13	0	0.305	0	0	0
5.84	-26.803228	680.637573	10.116226	0.119494	0	-0.305883	2.00E-06	0.936159	4.00E-06	0	0	0	-0.13	0	0.305	0	0	0
5.841	-26.723934	681.17572	10.273048	0.119614	0	-0.305307	0.00E+00	0.973583	6.00E-06	0	0	0	-0.13	0	0.305	0	0	0
5.842	-26.723934	681.17572	10.899771	0.119494	0	-0.305307	0	0.973583	4.00E-06	0	0	0	-0.13	0	0.305	0	0	0
5.843	-26.335403	682.722412	10.899771	0.119659	0	-0.305307	4.00E-06	0.973583	2.00E-06	0	0	0	-0.13	0	0.305	0	0	0
5.844	-26.961096	683.249756	10.899771	0.119659	0	-0.305243	4.00E-06	1.030729	2.00E-06	0	0	0	-0.13	0	0.305	0	0	0
5.845	-26.410366	683.58374	10.978382	0.120004	0	-0.305021	4.00E-06	1.014409	2.00E-06	0	0	0	-0.13	0	0.305	0	0	0
5.846	-26.961096	683.600403	11.213297	0.120042	0	-0.30479	4.00E-06	1.020895	2.00E-06	0	0	0	-0.13	0	0.305	0	0	0
5.847	-26.646807	686.698914	11.448246	0.120327	0	-0.304546	4.00E-06	1.020895	2.00E-06	0	0	0	-0.13	0	0.305	0	0	0
5.848	-26.646807	688.073242	11.761612	0.1204	0	-0.304546	1.10E-05	1.053056	4.00E-06	0	0	0	-0.13	0	0.305	0	0	0
5.849	-26.411808	689.627258	11.996723	0.120357	0	-0.304546	2.00E-05	1.105178	4.00E-06	0	0	0	-0.13	0	0.305	0	0	0
5.85	-26.333958	689.627258	12.075134	0.120436	0	-0.303901	2.00E-05	1.053056	3.00E-06	0	0	0	-0.13	0	0.305	0	0	0
5.851	-26.333958	689.474182	12.545156	0.120601	0	-0.303991	2.20E-05	1.105178	3.00E-06	0	0	0	-0.13	0	0.305	0	0	0
5.852	-26.25178	689.474182	12.545198	0.120753	0	-0.303991	1.10E-05	1.07066	7.00E-06	0	0	0	-0.13	0	0.305	0	0	0
5.853	-26.642477	691.360352	13.407154	0.120768	0	-0.303991	1.10E-05	1.07066	7.00E-06	0	0	0	-0.13	0	0.305	0	0	0
5.854	-26.642477	691.360352	13.563776	0.120768	0	-0.304038	6.00E-06	1.07066	4.00E-06	0	0	0	-0.13	0	0.305	0	0	0
5.855	-26.642477	691.886841	13.798807	0.120889	0	-0.303951	6.00E-06	1.018006	3.00E-06	0	0	0	-0.13	0	0.305	0	0	0
5.856	-26.646807	691.886841	13.877218	0.120889	0	-0.303918	6.00E-06	1.21511	3.00E-06	0	0	0	-0.13	0	0.305	0	0	0
5.857	-26.48966	691.886841	14.112167	0.120889	0	-0.303888	1.10E-05	1.21511	3.00E-06	0	0	0	-0.13	0	0.305	0	0	0
5.858	-26.48966	691.210693	14.425531	0.120493	0	-0.303254	8.00E-06	1.21511	3.00E-06	0	0	0	-0.13	0	0.305	0	0	0
5.859	-26.486774	690.871643	14.817385	0.120393	0	-0.303125	1.10E-05	1.225647	3.00E-06	0	0	0	-0.13	0	0.305	0	0	0
5.86	-26.174648	690.871643	15.287451	0.120393	0	-0.302991	1.60E-05	1.198242	2.00E-06	0	0	0	-0.13	0	0.305	0	0	0
5.861	-25.938931	693.124634	15.287451	0.120883	0	-0.302991	1.60E-05	1.225647	2.00E-06	0	0	0	-0.13	0	0.305	0	0	0
5.862	-25.938931	693.124634	15.287451	0.120883	0	-0.302437	2.00E-06	1.198242	2.00E-06	0	0	0	-0.13	0	0.305	0	0	0
5.863	-25.938931	693.124634	15.757471	0.121007	0	-0.302408	2.00E-06	1.223127	4.00E-06	0	0	0	-0.13	0	0.305	0	0	0
5.864	-25.782509	693.47644	15.835884	0.12094	0	-0.302408	1.00E-06	1.198087	4.00E-06	0	0	0	-0.13	0	0.305	0	0	0
5.865	-25.782509	694.686462	15.835884	0.121007	0	-0.302408	1.10E-05	1.223127	4.00E-06	0	0	0	-0.13	0	0.305	0	0	0
5.866	-26.249615	696.073547	16.541059	0.121416	0	-0.302093	1.00E-06	1.22823	8.00E-06	0	0	0	-0.13	0	0.305	0	0	0
5.867	-26.249615	697.102295	16.932673	0.121416	0	-0.301773	1.10E-05	1.260302	8.00E-06	0	0	0	-0.13	0	0.305	0	0	0
5.868	-26.249615	697.453735	17.089573	0.121416	0	-0.301552	-2.00E-06	1.256158	6.00E-06	0	0	0	-0.13	0	0.305	0	0	0
5.869	-25.543903	698.335083	17.167704	0.121448	0	-0.301461	1.20E-05	1.256158	4.00E-06	0	0	0	-0.13	0	0.305	0	0	0
5.87	-25.621754	699.185181	17.324446	0.121997	0	-0.301302	1.20E-05	1.154307	4.00E-06	0	0	0	-0.13	0	0.305	0	0	0
5.871	-25.621754	700.753906	17.637806	0.122504	0	-0.3012	1.20E-05	1.154307	4.00E-06	0	0	0	-0.13	0	0.305	0	0	0
5.872	-25.701771	701.608276	17.873079	0.122504	0	-0.301076	8.00E-06	1.20845	5.00E-06	0	0	0	-0.13	0	0.305	0	0	0
5.873	-26.170319	703.160034	18.264732	0.122332	0	-0.301076	8.00E-06	1.20845	1.00E-06	0	0	0	-0.13	0	0.305	0	0	0
5.874	-26.24745	703.160034	18.813328	0.122283	0	-0.300633	9.00E-06	1.222718	5.00E-06	0	0	0	-0.13	0	0.305	0	0	0
5.875	-26.24745	703.160034	19.204741	0.122283	0	-0.300618	1.40E-05	1.29413	6.00E-06	0	0	0	-0.13	0	0.305	0	0	0
5.876	-26.165991	702.312622	19.283152	0.122109	0	-0.300618	1.40E-05	1.29413	6.00E-06	0	0	0	-0.13	0	0.305	0	0	0
5.877	-26.012451	701.619873	19.831705	0.122097	0	-0.300374	1.40E-05	1.2875	5.00E-06	0	0	0	-0.13	0	0.305	0	0	0
5.878	-26.012451	701.619873	19.909998	0.122068	0	-0.299828	6.00E-06	1.2875	4.00E-06	0	0	0	-0.13	0	0.305	0	0	0
5.879	-25.932438	701.987488	20.06674	0.122068	0	-0.299828	1.50E-05	1.2875	5.00E-06	0	0	0	-0.13	0	0.305	0	0	0
5.88	-25.858194	702.493958	20.458511	0.122091	0	-0.299828	1.50E-05	1.301619	4.00E-06	0	0	0	-0.13	0	0.305	0	0	0
5.881	-25.932438	704.583496	20.53676	0.122324	0	-0.299553	1.50E-05	1.296732	6.00E-06	0	0	0	-0.13	0	0.305	0	0	0
5.882	-26.011009	704.583496	20.53676	0.122412	0	-0.29912	1.00E-05	1.296732	6.00E-06	0	0	0	-0.13	0	0.305	0	0	0
5.883	-26.011009	705.615234	20.771872	0.122344	0	-0.299088	1.00E-05	1.296732	6.00E-06	0	0	0	-0.13	0	0.305	0	0	0
5.884	-25.934601	704.596924	20.928576	0.122347	0	-0.298761	1.20E-05	1.244627	3.00E-06	0	0	0	-0.13	0	0.305	0	0	0
5.885	-25.934601	705.615234	21.006824	0.122347	0	-0.298596	1.20E-05	1.345751	0.00E+00	0	0	0	-0.13	0	0.305	0	0	0
5.886	-26.245285	706.327698	21.476929	0.122685	0	-0.298388	1.20E-05	1.345751	0	0	0	0	-0.13	0	0.305	0	0	0
5.887	-26.245285	707.541565	21.946953	0.122968	0	-0.298372	8.00E-06	1.345751	0	0	0	0	-0.13	0	0.305	0	0	0
5.888	-26.3253	708.234741	21.946953	0.123182	0	-0.2982	1.70E-05	1.396741	5.00E-06	0	0	0	-0.13	0	0.305	0	0	0
5.889	-26.243841	709.10144	22.573999	0.123282	0	-0.298199	1.80E-05	1.397855	6.00E-06	0	0	0	-0.13	0	0.305	0	0	0
5.89	-26.868092	710.996826	22.730379	0.12348	0	-0.298199	1.80E-05	1.397855	5.00E-06	0	0	0	-0.13	0	0.305	0	0	0
5.891	-26.868092	709.106079	22.730379	0.123298	0	-0.298199	1.20E-05	1.294015	2.00E-06	0	0	0	-0.13	0	0.305	0	0	0
5.892	-26.868092	710.996826	22.730497	0.123431	0	-0.298021	1.20E-05	1.294015	2.00E-06	0	0	0	-0.13	0	0.305	0	0	0
5.893	-26.870256	711.175903	23.278812	0.123431	0	-0.297849	1.20E-05	1.405621	6.00E-06	0	0	0	-0.13	0	0.305	0	0	0
5.894	-26.788076	711.175903	23.670746	0.123431	0	-0.297343	1.60E-05	1.405621	6.00E-06	0	0	0	-0.13	0	0.305	0	0	0
5.895	-27.10453	711.175903	23.670746	0.123483	0	-0.297641	1.10E-05	1.353081	6.00E-06	0	0	0	-0.13	0	0.305	0	0	0
5.896	-27.181662	710.333496	23.905657	0.123483	0	-0.297343	1.10E-05	1.327822	5.00E-06	0	0	0	-0.13	0	0.305	0	0	0
5.897	-27.183104	710.333496	24.297714	0.123483	0	-0.296983	1.10E-05	1.353081	5.00E-06	0	0	0	-0.13	0	0.305	0	0	0
5.898	-27.260954	710.333496	24.454174	0.123483	0	-0.296625	5.00E-06	1.475188	2.00E-06	0	0	0	-0.13	0	0.305	0	0	0
5.899	-27.258068	709.83429	24.610874	0.123413	0	-0.296441	1.40E-05	1.475188	2.00E-06	0	0	0	-0.13	0	0.305	0	0	0
5.9	-27.258068	710.515869	25.08094	0.123413	0	-0.296021	2.70E-05	1.396772	2.00E-06	0	0	0	-0.13	0	0.305	0	0	0
5.901	-27.258068	711.570435	25.08094	0.123593	0	-0.296021	2.70E-05	1.348989	2.00E-06	0	0	0	-0.13	0	0.305	0	0	0
5.902	-27.570194	711.570435	25.081059	0.123767	0	-0.296021	1.30E-05	1.348989	5.00E-06	0	0	0	-0.13	0	0.305	0	0	0
5.903	-27.570194	711.406921	25.707664	0.123593	0	-0.29564	9.00E-06	1.437147	7.00E-06	0	0	0	-0.13	0	0.305	0	0	0
5.904	-27.649487	711.406921	25.707703	0.123995	0	-0.295537	7.00E-06	1.437147	7.00E-06	0	0	0	-0.13	0	0.305	0	0	0
5.905	-27.649487	713.313965	25.707741	0.124152	0	-0.295276	6.00E-06	1.395465	1.00E-06	0	0	0	-0.13	0	0.305	0	0	0
5.906	-28.353756	713.496399	25.707783	0.124209	0	-0.295024	4.00E-06	1.395465	1.00E-06	0	0	0	-0.13	0	0.305	0	0	0
5.907	-28.353756	714.530884	26.334549	0.124712	0	-0.294937	4.00E-06	1.440951	0.00E+00	0	0	0	-0.13	0	0.305	0	0	0
5.908	-28.353756	715.236023	26.56942	0.124654	0	-0.294599	7.00E-06	1.470621	1.00E-06	0	0	0	-0.13	0	0.305	0	0	0
5.909	-28.273018	715.403442	26.961235	0.12466	0	-0.294427	2.00E-05	1.482984	1.00E-06	0	0	0	-0.13	0	0.305	0	0	0
5.91	-28.744453	715.236023	27.196346	0.124654	0	-0.294427	7.00E-06	1.482984	2.00E-06	0	0	0	-0.13	0	0.305	0	0	0
5.911	-28.819416	714.880371	27.196426	0.124381	0	-0.294266	2.00E-06	1.482984	4.00E-06	0	0	0	-0.13	0	0.305	0	0	0
5.912	-29.054413	714.880371	27.588037	0.124381	0	-0.294291	2.00E-06	1.446845	4.00E-06	0	0	0	-0.13	0	0.305	0	0	0
5.913	-29.135872	715.581665	28.293175	0.124642	0	-0.294291	2.00E-06	1.499828	1.00E-06	0	0	0	-0.13	0	0.305	0	0	0
5.914	-29.13443	715.590088	28.215006	0.12467	0	-0.294291	1.00E-06	1.454672	0.00E+00	0	0	0	-0.13	0	0.305	0	0	0
5.915	-29.44511	715.590088	28.293175	0.124642	0	-0.294083	1.00E-06	1.454672	1.00E-06	0	0	0	-0.13	0	0.305	0	0	0
5.916	-29.13443	713.363342	28.371544	0.124707	0	-0.293664	1.70E-05	1.418193	2.00E-06	0	0	0	-0.13	0	0.305	0	0	0
5.917	-29.521519	713.363342	28.841732	0.124707	0	-0.293664	1.70E-05	1.418193	4.00E-06	0	0	0	-0.13	0	0.305	0	0	0
5.918	-29.601536	713.029297	28.841732	0.124707	0	-0.293496	1.60E-05	1.442192	2.00E-06	0	0	0	-0.13	0	0.305	0	0	0
5.919	-29.601536	713.563965	28.841732	0.125181	0	-0.292819	7.00E-06	1.442192	4.00E-06	0	0	0	-0.13	0	0.305	0	0	0
5.92	-29.679386	713.563965	29.311872	0.125137	0	-0.292819	5.00E-06	1.49625	2.00E-06	0	0	0	-0.13	0	0.305	0	0	0
5.921	-29.600813	713.563965	29.781979	0.125137	0	-0.292819	1.00E-06	1.4537	2.00E-06	0	0	0	-0.13	0	0.305	0	0	0
5.922	-29.91366	713.416992	29.781979	0.125137	0	-0.292484	1.00E-06	1.4537	1.00E-06	0	0	0	-0.13	0	0.305	0	0	0
5.923	-29.992233	713.416992	29.625114	0.12547	0	-0.29221	4.00E-06	1.4537	1.00E-06	0	0	0	-0.13	0	0.305	0	0	0
5.924	-30.149378	713.948486	29.311752	0.125635	0	-0.291651	1.20E-05	1.451854	4.00E-06	0	0	0	-0.13	0	0.305	0	0	0
5.925	-30.149378	714.813721	29.625114	0.12575	0	-0.291565	5.00E-06	1.451854	4.00E-06	0	0	0	-0.13	0	0.305	0	0	0
5.926	-30.225786	714.813721	30.330452	0.125635	0	-0.291265	5.00E-06	1.451854	6.00E-06	0	0	0	-0.13	0	0.305	0	0	0
5.927	-30.929329	714.813721	30.643734	0.12575	0	-0.291565	5.00E-06	1.496614	6.00E-06	0	0	0	-0.13	0	0.305	0	0	0
5.928	-31.394993	714.311096	30.722023	0.125809	0	-0.291093	8.00E-06	1.496614	7.00E-06	0	0	0	-0.13	0	0.305	0	0	0
5.929	-31.394993	716.214722	30.878483	0.126096	0	-0.29107	9.00E-06	1.50641	7.00E-06	0	0	0	-0.13	0	0.305	0	0	0
5.93	-31.24362	716.214722	31.1138	0.126069	0	-0.291008	2.00E-05	1.533852	3.00E-06	0	0	0	-0.13	0	0.305	0	0	0
5.931	-31.24362	716.214722	31.1138	0.12612	0	-0.290875	2.00E-05	1.533852	3.00E-06	0	0	0	-0.13	0	0.305	0	0	0
5.932	-31.24362	715.705078	31.662231	0.12612	0	-0.290673	1.30E-05	1.525926	3.00E-06	0	0	0	-0.13	0	0.305	0	0	0
5.933	-31.082146	713.814697	31.818893	0.12612	0	-0.290496	1.00E-05	1.437449	3.00E-06	0	0	0	-0.13	0	0.305	0	0	0
5.934	-31.082146	712.783691	31.818893	0.126008	0	-0.29029	1.30E-05	1.525926	1.00E-06	0	0	0	-0.13	0	0.305	0	0	0
5.935	-31.40221	712.114014	32.288956	0.12587	0	-0.289867	2.00E-05	1.726421	1.00E-06	0	0	0	-0.13	0	0.305	0	0	0
5.936	-31.475008	711.761902	32.75898	0.125851	0	-0.289776	2.00E-05	1.726421	3.00E-06	0	0	0	-0.13	0	0.305	0	0	0
5.937	-31.950052	711.761902	32.759022	0.125851	0	-0.289776	2.00E-05	1.561276	3.00E-06	0	0	0	-0.13	0	0.305	0	0	0
5.938	-31.710726	711.761902	32.75898	0.125937	0	-0.289634	1.30E-05	1.561097	4.00E-06	0	0	0	-0.13	0	0.305	0	0	0
5.939	-31.710726	712.979187	33.072464	0.126354	0	-0.289353	1.10E-05	1.561097	4.00E-06	0	0	0	-0.13	0	0.305	0	0	0
5.94	-31.710726	711.275879	33.072464	0.126412	0	-0.288838	2.00E-06	1.566496	5.00E-06	0	0	0	-0.13	0	0.305	0	0	0
5.941	-31.476452	711.275879	33.229004	0.126412	0	-0.288838	2.00E-06	1.587681	5.00E-06	0	0	0	-0.13	0	0.305	0	0	0
5.942	-31.791464	710.947266	33.229004	0.126412	0	-0.288838	8.00E-06	1.660048	5.00E-06	0	0	0	-0.13	0	0.305	0	0	0
5.943	-31.791464	710.074341	33.229004	0.126368	0	-0.288588	1.10E-05	1.660048	5.00E-06	0	0	0	-0.13	0	0.305	0	0	0
5.944	-32.104309	710.947266	33.464195	0.126523	0	-0.288401	1.10E-05	1.618644	5.00E-06	0	0	0	-0.13	0	0.305	0	0	0
5.945	-32.260014	711.99176	34.012875	0.127005	0	-0.288242	1.10E-05	1.565632	8.00E-06	0	0	0	-0.13	0	0.305	0	0	0
5.946	-32.337143	712.170776	34.091122	0.127104	0	-0.288154	-6.00E-06	1.563921	3.00E-06	0	0	0	-0.13	0	0.305	0	0	0
5.947	-32.727119	712.691467	34.169411	0.127005	0	-0.288242	-6.00E-06	1.563921	7.00E-06	0	0	0	-0.13	0	0.305	0	0	0
5.948	-32.885704	713.215698	34.169411	0.127276	0	-0.287879	9.00E-06	1.488834	7.00E-06	0	0	0	-0.13	0	0.305	0	0	0
5.949	-32.885704	713.215698	34.796417	0.127564	0	-0.287696	1.80E-05	1.564162	7.00E-06	0	0	0	-0.13	0	0.305	0	0	0
5.95	-33.118538	712.533691	35.03125	0.127564	0	-0.287472	1.80E-05	1.564162	3.00E-06	0	0	0	-0.13	0	0.305	0	0	0
5.951	-33.356422	711.84137	35.03125	0.127067	0	-0.287465	1.00E-05	1.564162	0.00E+00	0	0	0	-0.13	0	0.305	0	0	0
5.952	-33.356422	711.84137	35.03125	0.127067	0	-0.287248	7.00E-06	1.616724	0	0	0	0	-0.13	0	0.305	0	0	0
5.953	-32.963558	709.959839	35.736385	0.127067	0	-0.287244	1.00E-05	1.616724	2.00E-06	0	0	0	-0.13	0	0.305	0	0	0
5.954	-32.963558	711.005859	35.971497	0.127316	0	-0.286914	1.00E-05	1.616724	7.00E-06	0	0	0	-0.13	0	0.305	0	0	0
5.955	-33.431385	709.959839	36.284981	0.126975	0	-0.286763	1.40E-05	1.671699	7.00E-06	0	0	0	-0.13	0	0.305	0	0	0
5.956	-33.431385	710.845825	36.51989	0.127378	0	-0.2861	1.00E-05	1.657381	7.00E-06	0	0	0	-0.13	0	0.305	0	0	0
5.957	-33.196388	710.330811	36.67675	0.127401	0	-0.2861	1.80E-05	1.66215	6.00E-06	0	0	0	-0.13	0	0.305	0	0	0
5.958	-32.964279	710.845825	36.990036	0.127452	0	-0.286199	1.80E-05	1.66215	6.00E-06	0	0	0	-0.13	0	0.305	0	0	0
5.959	-33.196388	710.330811	37.068527	0.127501	0	-0.286199	1.80E-05	1.706842	0	0	0	0	-0.13	0	0.305	0	0	0
5.96	-33.117092	709.474243	37.538513	0.127567	0	-0.286002	1.70E-05	1.706842	0.00E+00	0	0	0	-0.13	0	0.305	0	0	0
5.961	-33.201439	708.804932	37.695171	0.127567	0	-0.285496	1.00E-06	1.726077	5.00E-06	0	0	0	-0.13	0	0.305	0	0	0
5.962	-33.201439	708.626404	37.852036	0.127567	0	-0.28502	1.70E-05	1.674756	5.00E-06	0	0	0	-0.13	0	0.305	0	0	0
5.963	-33.201439	707.773193	38.165394	0.127573	0	-0.284978	9.00E-06	1.674756	0	0	0	0	-0.13	0	0.305	0	0	0
5.964	-33.587811	708.626404	38.478878	0.127653	0	-0.284543	1.70E-05	1.674756	0	0	0	0	-0.13	0	0.305	0	0	0
5.965	-34.138535	709.513184	38.94878	0.127796	0	-0.284543	1.50E-05	1.692037	2.00E-06	0	0	0	-0.13	0	0.305	0	0	0
5.966	-34.138535	709.700317	38.94878	0.128155	0	-0.284298	1.50E-05	1.692037	2.00E-06	0	0	0	-0.13	0	0.305	0	0	0
5.967	-34.212059	709.513184	38.94878	0.127937	0	-0.284283	9.00E-06	1.692037	2.00E-06	0	0	0	-0.13	0	0.305	0	0	0
5.968	-33.901379	709.015625	39.810818	0.128095	0	-0.284145	9.00E-06	1.575046	1.00E-06	0	0	0	-0.13	0	0.305	0	0	0
5.969	-33.901379	709.015625	39.810818	0.128095	0	-0.284145	1.10E-05	1.737616	4.00E-06	0	0	0	-0.13	0	0.305	0	0	0
5.97	-33.901379	709.015625	39.810818	0.1282	0	-0.284052	1.70E-05	1.697249	9.00E-06	0	0	0	-0.13	0	0.305	0	0	0
5.971	-34.369923	709.870361	40.124142	0.128201	0	-0.28394	1.70E-05	1.716701	9.00E-06	0	0	0	-0.13	0	0.305	0	0	0
5.972	-34.604202	709.372803	40.280926	0.128305	0	-0.283579	5.00E-06	1.716701	8.00E-06	0	0	0	-0.13	0	0.305	0	0	0
5.973	-34.369923	709.372803	41.221012	0.128305	0	-0.283383	5.00E-06	1.747297	6.00E-06	0	0	0	-0.13	0	0.305	0	0	0
5.974	-34.444168	708.354492	41.221252	0.128268	0	-0.282877	8.00E-06	1.747297	-1.00E-06	0	0	0	-0.13	0	0.305	0	0	0
5.975	-34.444168	705.943726	41.221333	0.128122	0	-0.282821	1.40E-05	1.68145	5.00E-06	0	0	0	-0.13	0	0.305	0	0	0
5.976	-35.152763	707.513672	41.456322	0.128268	0	-0.282329	1.40E-05	1.68145	5.00E-06	0	0	0	-0.13	0	0.305	0	0	0
5.977	-35.387039	706.471802	41.456322	0.128122	0	-0.282227	1.40E-05	1.68145	5.00E-06	0	0	0	-0.13	0	0.305	0	0	0
5.978	-35.388481	706.471802	41.456203	0.127962	0	-0.282109	9.00E-06	1.668308	5.00E-06	0	0	0	-0.13	0	0.305	0	0	0
5.979	-35.463448	705.809509	41.456203	0.127962	0	-0.281382	8.00E-06	1.668308	5.00E-06	0	0	0	-0.13	0	0.305	0	0	0
5.98	-35.698444	705.809509	41.612827	0.128042	0	-0.281276	9.00E-06	1.627666	6.00E-06	0	0	0	-0.13	0	0.305	0	0	0
5.981	-36.012012	706.494995	41.691437	0.12831	0	-0.281197	1.30E-05	1.63887	1.00E-05	0	0	0	-0.13	0	0.305	0	0	0
5.982	-36.166992	706.494995	42.004478	0.12837	0	-0.280128	1.30E-05	1.63887	6.00E-06	0	0	0	-0.13	0	0.305	0	0	0
5.983	-36.16988	706.004395	42.004478	0.128371	0	-0.280128	1.30E-05	1.719297	1.00E-06	0	0	0	-0.13	0	0.305	0	0	0
5.984	-36.16988	706.004395	42.004559	0.128371	0	-0.280122	7.00E-06	1.719297	1.00E-06	0	0	0	-0.13	0	0.305	0	0	0
5.985	-37.107697	706.004395	42.004559	0.128418	0	-0.280122	1.40E-05	1.719297	1.00E-06	0	0	0	-0.13	0	0.305	0	0	0
5.986	-37.181942	706.881104	42.004559	0.128861	0	-0.280035	7.00E-06	1.681241	9.00E-06	0	0	0	-0.13	0	0.305	0	0	0
5.987	-37.187714	707.062378	42.552994	0.128809	0	-0.279816	4.00E-06	1.814744	4.00E-06	0	0	0	-0.13	0	0.305	0	0	0
5.988	-37.265564	708.088806	43.023094	0.128861	0	-0.279813	4.00E-06	1.743066	4.00E-06	0	0	0	-0.13	0	0.305	0	0	0
5.989	-37.265564	708.264343	43.101547	0.128809	0	-0.279496	2.20E-05	1.767031	1.00E-06	0	0	0	-0.13	0	0.305	0	0	0
5.99	-37.500561	708.264343	43.179756	0.128838	0	-0.279292	2.20E-05	1.767031	1.00E-06	0	0	0	-0.13	0	0.305	0	0	0
5.991	-37.500561	708.109619	43.179756	0.128838	0	-0.27883	1.50E-05	1.780999	5.00E-06	0	0	0	-0.13	0	0.305	0	0	0
5.992	-37.500561	706.905396	43.649902	0.128838	0	-0.278784	1.50E-05	1.780999	5.00E-06	0	0	0	-0.13	0	0.305	0	0	0
5.993	-37.423431	706.905396	44.041637	0.128863	0	-0.278	1.50E-05	1.780176	2.00E-06	0	0	0	-0.13	0	0.305	0	0	0
5.994	-37.339809	704.675171	44.041637	0.128441	0	-0.278	1.60E-05	1.731635	2.00E-06	0	0	0	-0.13	0	0.305	0	0	0
5.995	-37.339809	705.376099	44.276947	0.128441	0	-0.278	1.00E-05	1.780176	3.00E-06	0	0	0	-0.13	0	0.305	0	0	0
5.996	-37.186993	705.376099	44.276749	0.128441	0	-0.277919	6.00E-06	1.763116	3.00E-06	0	0	0	-0.13	0	0.305	0	0	0
5.997	-37.186993	707.119995	44.433327	0.128678	0	-0.277529	3.00E-06	1.851749	3.00E-06	0	0	0	-0.13	0	0.305	0	0	0
5.998	-37.188438	707.119995	44.276749	0.128678	0	-0.27693	6.00E-06	1.827032	1.00E-06	0	0	0	-0.13	0	0.305	0	0	0
5.999	-37.421265	707.119995	44.66832	0.128678	0	-0.276887	1.00E-06	1.827032	1.00E-06	0	0	0	-0.13	0	0.305	0	0	0
6	-37.496952	707.47876	44.746731	0.128649	0	-0.276774	2.00E-06	1.806447	-5.00E-06	0	0	0	-0.13	0	0.305	0	0	0
6.001	-37.579132	708.326904	45.059933	0.129037	0	-0.276576	2.00E-06	1.806447	8.00E-06	0	0	0	-0.13	0	0.305	0	0	0
6.002	-37.579132	707.833191	45.138584	0.128976	0	-0.275899	1.00E-05	1.806447	8.00E-06	0	0	0	-0.13	0	0.305	0	0	0
6.003	-37.579132	709.021973	45.60873	0.129297	0	-0.275486	1.10E-05	1.837387	8.00E-06	0	0	0	-0.13	0	0.305	0	0	0
6.004	-38.356922	710.233948	45.843639	0.128976	0	-0.275486	1.30E-05	1.678907	-4.00E-06	0	0	0	-0.13	0	0.305	0	0	0
6.005	-38.201939	711.290039	45.843719	0.129213	0	-0.275504	1.30E-05	1.843286	-4.00E-06	0	0	0	-0.13	0	0.305	0	0	0
6.006	-38.201939	712.144836	46.783806	0.129186	0	-0.275504	1.30E-05	1.843286	0.00E+00	0	0	0	-0.13	0	0.305	0	0	0
6.007	-38.199055	712.144836	46.783844	0.129186	0	-0.275395	1.00E-05	1.843286	4.00E-06	0	0	0	-0.13	0	0.305	0	0	0
6.008	-38.199055	712.838318	47.09737	0.129186	0	-0.275395	-2.00E-06	1.94634	6.00E-06	0	0	0	-0.13	0	0.305	0	0	0
6.009	-38.595524	713.708191	47.723854	0.129063	0	-0.275395	1.00E-05	1.94634	6.00E-06	0	0	0	-0.13	0	0.305	0	0	0
6.01	-38.595524	713.708191	47.880714	0.12899	0	-0.274469	1.70E-05	1.94634	1.00E-05	0	0	0	-0.13	0	0.305	0	0	0
6.011	-38.359085	713.541565	48.115788	0.128955	0	-0.274401	1.70E-05	1.909252	3.00E-06	0	0	0	-0.13	0	0.305	0	0	0
6.012	-38.356201	713.541565	48.429272	0.128955	0	-0.274369	1.40E-05	1.799046	4.00E-06	0	0	0	-0.13	0	0.305	0	0	0
6.013	-38.359085	713.551575	48.821045	0.128955	0	-0.273775	1.00E-05	1.816082	4.00E-06	0	0	0	-0.13	0	0.305	0	0	0
6.014	-38.434772	714.759338	49.291107	0.128931	0	-0.273587	1.40E-05	1.816082	9.00E-06	0	0	0	-0.13	0	0.305	0	0	0
6.015	-38.434772	714.759338	49.447689	0.128782	0	-0.273412	1.00E-05	1.999031	9.00E-06	0	0	0	-0.13	0	0.305	0	0	0
6.016	-38.438377	714.759338	49.839462	0.128782	0	-0.273177	9.00E-06	1.999031	3.00E-06	0	0	0	-0.13	0	0.305	0	0	0
6.017	-38.512623	716.843384	50.231316	0.128957	0	-0.27292	9.00E-06	1.879997	1.00E-06	0	0	0	-0.13	0	0.305	0	0	0
6.018	-38.512623	716.843384	50.231316	0.128957	0	-0.27225	1.20E-05	1.879997	0.00E+00	0	0	0	-0.13	0	0.305	0	0	0
6.019	-38.67049	717.025513	50.544762	0.128874	0	-0.272124	1.20E-05	1.919749	1.00E-06	0	0	0	-0.13	0	0.305	0	0	0
6.02	-38.436939	717.892944	50.779591	0.128874	0	-0.271838	-3.00E-06	1.999958	3.00E-06	0	0	0	-0.13	0	0.305	0	0	0
6.021	-38.436939	720.828369	50.858002	0.129352	0	-0.272124	-3.00E-06	2.021594	4.00E-06	0	0	0	-0.13	0	0.305	0	0	0
6.022	-38.436939	721.005371	51.563057	0.129354	0	-0.272288	1.90E-05	2.026187	3.00E-06	0	0	0	-0.13	0	0.305	0	0	0
6.023	-39.063351	722.376221	51.719837	0.12949	0	-0.272288	1.90E-05	2.026187	-4.00E-06	0	0	0	-0.13	0	0.305	0	0	0
6.024	-39.063351	723.08252	52.346645	0.129354	0	-0.271805	1.40E-05	2.047774	-4.00E-06	0	0	0	-0.13	0	0.305	0	0	0
6.025	-38.982613	724.793579	52.581676	0.129555	0	-0.271345	1.10E-05	2.047774	-4.00E-06	0	0	0	-0.13	0	0.305	0	0	0
6.026	-38.982613	725.841614	52.895279	0.129555	0	-0.271105	1.10E-05	2.060697	-1.00E-06	0	0	0	-0.13	0	0.305	0	0	0
6.027	-38.672657	725.841614	53.521759	0.129555	0	-0.271103	1.40E-05	2.082467	-1.00E-06	0	0	0	-0.13	0	0.305	0	0	0
6.028	-39.059025	725.841614	53.600414	0.129597	0	-0.271043	1.40E-05	2.060697	-1.00E-06	0	0	0	-0.13	0	0.305	0	0	0
6.029	-39.214725	726.363159	53.678703	0.129437	0	-0.270661	1.20E-05	2.054589	2.00E-06	0	0	0	-0.13	0	0.305	0	0	0
6.03	-39.214725	729.283081	54.618752	0.129554	0	-0.270626	9.00E-06	2.054589	1.00E-05	0	0	0	-0.13	0	0.305	0	0	0
6.031	-39.214725	727.066345	54.618752	0.129437	0	-0.269435	9.00E-06	2.054589	1.00E-05	0	0	0	-0.13	0	0.305	0	0	0
6.032	-39.060467	729.145752	54.697201	0.129279	0	-0.269432	1.00E-05	2.039618	1.00E-05	0	0	0	-0.13	0	0.305	0	0	0
6.033	-38.982613	729.145752	55.010605	0.129279	0	-0.269365	1.00E-05	2.039618	7.00E-06	0	0	0	-0.13	0	0.305	0	0	0
6.034	-38.982613	729.145752	55.637371	0.129363	0	-0.269349	1.70E-05	2.096264	4.00E-06	0	0	0	-0.13	0	0.305	0	0	0
6.035	-38.982613	730.866455	56.342587	0.129366	0	-0.268883	1.70E-05	2.103746	7.00E-06	0	0	0	-0.13	0	0.305	0	0	0
6.036	-39.057579	731.058228	56.734119	0.129363	0	-0.268463	3.00E-06	2.162186	4.00E-06	0	0	0	-0.13	0	0.305	0	0	0
6.037	-39.13615	731.058228	56.342587	0.129366	0	-0.268393	3.00E-06	2.170812	8.00E-06	0	0	0	-0.13	0	0.305	0	0	0
6.038	-39.296185	731.917603	56.342468	0.129271	0	-0.268402	1.20E-05	2.162186	6.00E-06	0	0	0	-0.13	0	0.305	0	0	0
6.039	-39.601818	731.917603	56.342468	0.129467	0	-0.268162	1.30E-05	2.149984	8.00E-06	0	0	0	-0.13	0	0.305	0	0	0
6.04	-39.766174	734.171021	56.734119	0.129676	0	-0.268031	1.20E-05	2.149984	1.00E-05	0	0	0	-0.13	0	0.305	0	0	0
6.041	-39.766174	734.714172	57.831066	0.129676	0	-0.267253	2.20E-05	2.239366	1.00E-05	0	0	0	-0.13	0	0.305	0	0	0
6.042	-39.766174	735.209839	57.831066	0.129472	0	-0.267253	0.00E+00	2.272209	9.00E-06	0	0	0	-0.13	0	0.305	0	0	0
6.043	-39.921875	736.072266	57.831066	0.129472	0	-0.267424	7.00E-06	2.272209	9.00E-06	0	0	0	-0.13	0	0.305	0	0	0
6.044	-39.999008	736.072266	58.144588	0.12945	0	-0.267424	7.00E-06	2.206746	1.10E-05	0	0	0	-0.13	0	0.305	0	0	0
6.045	-40.229675	738.489258	58.849564	0.12964	0	-0.266755	7.00E-06	2.206746	1.10E-05	0	0	0	-0.13	0	0.305	0	0	0
6.046	-40.232559	739.87561	59.006306	0.129481	0	-0.266559	9.00E-06	2.243875	1.00E-05	0	0	0	-0.13	0	0.305	0	0	0
6.047	-40.232559	739.87561	59.476532	0.129481	0	-0.266559	2.40E-05	2.243875	1.00E-05	0	0	0	-0.13	0	0.305	0	0	0
6.048	-40.465393	739.87561	59.554741	0.129481	0	-0.266559	2.40E-05	2.212413	5.00E-06	0	0	0	-0.13	0	0.305	0	0	0
6.049	-40.152542	740.241577	59.554783	0.129458	0	-0.266115	1.10E-05	2.212413	0.00E+00	0	0	0	-0.13	0	0.305	0	0	0
6.05	-40.464668	740.253235	60.259796	0.129416	0	-0.265669	1.10E-05	2.223556	3.00E-06	0	0	0	-0.13	0	0.305	0	0	0
6.051	-40.464668	740.253235	60.495029	0.12938	0	-0.265226	1.10E-05	2.223556	3.00E-06	0	0	0	-0.13	0	0.305	0	0	0
6.052	-40.464668	741.626831	60.495029	0.129376	0	-0.26518	1.40E-05	2.215341	6.00E-06	0	0	0	-0.13	0	0.305	0	0	0
6.053	-40.778961	741.982056	60.495029	0.129376	0	-0.26478	1.40E-05	2.215341	6.00E-06	0	0	0	-0.13	0	0.305	0	0	0
6.054	-40.936829	742.328857	60.65173	0.129376	0	-0.26474	1.40E-05	2.249625	6.00E-06	0	0	0	-0.13	0	0.305	0	0	0
6.055	-41.248951	743.533447	60.65173	0.12949	0	-0.26474	5.00E-06	2.258915	5.00E-06	0	0	0	-0.13	0	0.305	0	0	0
6.056	-41.172546	745.273071	60.729858	0.12949	0	-0.264418	5.00E-06	2.302694	-1.00E-06	0	0	0	-0.13	0	0.305	0	0	0
6.057	-41.248951	745.437805	60.729858	0.129404	0	-0.263882	1.40E-05	2.302694	-1.00E-06	0	0	0	-0.13	0	0.305	0	0	0
6.058	-41.638927	745.454041	60.808029	0.129343	0	-0.263466	1.40E-05	2.344523	3.00E-06	0	0	0	-0.13	0	0.305	0	0	0
6.059	-41.876091	746.661011	60.651649	0.129343	0	-0.263326	2.00E-05	2.243497	4.00E-06	0	0	0	-0.13	0	0.305	0	0	0
6.06	-42.031071	746.836426	60.808029	0.129343	0	-0.263466	7.00E-06	2.243497	4.00E-06	0	0	0	-0.13	0	0.305	0	0	0
6.061	-42.421768	748.221191	61.278336	0.129309	0	-0.263235	1.70E-05	2.243497	-3.00E-06	0	0	0	-0.13	0	0.305	0	0	0
6.062	-42.421768	748.746216	61.278336	0.129297	0	-0.262799	1.50E-05	2.329143	-3.00E-06	0	0	0	-0.13	0	0.305	0	0	0
6.063	-42.500343	748.910889	61.356503	0.129297	0	-0.262799	1.70E-05	2.329143	-4.00E-06	0	0	0	-0.13	0	0.305	0	0	0
6.064	-42.659649	750.130615	62.06176	0.129297	0	-0.262799	1.50E-05	2.347257	6.00E-06	0	0	0	-0.13	0	0.305	0	0	0
6.065	-42.659649	750.477295	62.21854	0.129295	0	-0.262021	9.00E-06	2.244483	1.00E-06	0	0	0	-0.13	0	0.305	0	0	0
6.066	-42.659649	750.477295	62.453533	0.129295	0	-0.262021	9.00E-06	2.316728	7.00E-06	0	0	0	-0.13	0	0.305	0	0	0
6.067	-42.738945	751.683533	62.766979	0.129295	0	-0.262021	0.00E+00	2.316728	1.00E-06	0	0	0	-0.13	0	0.305	0	0	0
6.068	-42.968887	752.726501	63.550484	0.128985	0	-0.261901	2.10E-05	2.370058	5.00E-06	0	0	0	-0.13	0	0.305	0	0	0
6.069	-42.738945	752.561401	64.17733	0.128985	0	-0.261597	4.00E-06	2.419302	5.00E-06	0	0	0	-0.13	0	0.305	0	0	0
6.07	-42.968887	752.561401	64.17733	0.128985	0	-0.26127	4.00E-06	2.370058	8.00E-06	0	0	0	-0.13	0	0.305	0	0	0
6.071	-42.887432	752.389038	64.412361	0.128935	0	-0.261043	-1.00E-06	2.248064	8.00E-06	0	0	0	-0.13	0	0.305	0	0	0
6.072	-43.123871	752.389038	64.882545	0.128935	0	-0.2608	-1.00E-06	2.248064	6.00E-06	0	0	0	-0.13	0	0.305	0	0	0
6.073	-43.43816	755.158936	64.882545	0.129084	0	-0.260332	3.00E-06	2.220666	2.00E-06	0	0	0	-0.13	0	0.305	0	0	0
6.074	-43.43816	756.205078	65.666138	0.129519	0	-0.260332	3.00E-06	2.236278	2.00E-06	0	0	0	-0.13	0	0.305	0	0	0
6.075	-42.965282	756.201599	65.744385	0.129175	0	-0.260332	1.00E-06	2.236278	1.00E-06	0	0	0	-0.13	0	0.305	0	0	0
6.076	-42.810303	756.201599	66.527847	0.129175	0	-0.259994	1.00E-06	2.256838	-6.00E-06	0	0	0	-0.13	0	0.305	0	0	0
6.077	-42.809582	756.201599	66.606422	0.129175	0	-0.259326	2.00E-06	2.256838	-6.00E-06	0	0	0	-0.13	0	0.305	0	0	0
6.078	-42.809582	755.869873	67.155014	0.128923	0	-0.259214	1.40E-05	2.324657	3.00E-06	0	0	0	-0.13	0	0.305	0	0	0
6.079	-42.811745	757.591736	67.468338	0.129002	0	-0.259011	2.00E-06	2.189757	4.00E-06	0	0	0	-0.13	0	0.305	0	0	0
6.08	-42.811745	757.955566	68.095062	0.129002	0	-0.258765	1.40E-05	2.257071	4.00E-06	0	0	0	-0.13	0	0.305	0	0	0
6.081	-42.572418	758.291504	69.11396	0.129348	0	-0.258765	1.30E-05	2.207874	4.00E-06	0	0	0	-0.13	0	0.305	0	0	0
6.082	-42.26318	759.151978	69.662239	0.129348	0	-0.258765	1.30E-05	2.257071	7.00E-06	0	0	0	-0.13	0	0.305	0	0	0
6.083	-42.493847	759.151978	69.819061	0.129228	0	-0.258631	1.30E-05	2.207874	1.00E-06	0	0	0	-0.13	0	0.305	0	0	0
6.084	-42.028908	760.367432	70.054169	0.129122	0	-0.258197	1.20E-05	2.272525	7.00E-06	0	0	0	-0.13	0	0.305	0	0	0
6.085	-41.792465	760.866577	71.229416	0.128829	0	-0.258449	1.20E-05	2.272525	5.00E-06	0	0	0	-0.13	0	0.305	0	0	0
6.086	-41.792465	760.866577	71.464279	0.128829	0	-0.258058	1.20E-05	2.272525	1.00E-05	0	0	0	-0.13	0	0.305	0	0	0
6.087	-41.792465	760.866577	72.404648	0.128829	0	-0.257586	2.00E-06	2.3452	5.00E-06	0	0	0	-0.13	0	0.305	0	0	0
6.088	-41.790298	762.097778	72.483063	0.128692	0	-0.257552	1.00E-06	2.3452	3.00E-06	0	0	0	-0.13	0	0.305	0	0	0
6.089	-41.322472	762.77594	72.953293	0.128629	0	-0.257309	1.00E-06	2.413752	2.00E-06	0	0	0	-0.13	0	0.305	0	0	0
6.09	-41.010349	762.77594	73.031616	0.128629	0	-0.257303	8.00E-06	2.417211	3.00E-06	0	0	0	-0.13	0	0.305	0	0	0
6.091	-40.776073	762.265625	73.423347	0.128483	0	-0.256575	8.00E-06	2.417211	6.00E-06	0	0	0	-0.13	0	0.305	0	0	0
6.092	-40.771748	762.265625	73.971825	0.128641	0	-0.256575	1.30E-05	2.412789	6.00E-06	0	0	0	-0.13	0	0.305	0	0	0
6.093	-40.696056	762.621704	74.755455	0.128381	0	-0.25638	9.00E-06	2.412789	6.00E-06	0	0	0	-0.13	0	0.305	0	0	0
6.094	-40.541798	762.621704	75.382217	0.128431	0	-0.256009	9.00E-06	2.515108	4.00E-06	0	0	0	-0.13	0	0.305	0	0	0
6.095	-40.30608	762.621704	75.617371	0.128431	0	-0.256009	9.00E-06	2.515108	5.00E-06	0	0	0	-0.13	0	0.305	0	0	0
6.096	-39.600372	763.834839	75.852524	0.128431	0	-0.255971	2.00E-05	2.490386	5.00E-06	0	0	0	-0.13	0	0.305	0	0	0
6.097	-39.911777	764.535645	76.009224	0.128688	0	-0.255829	2.00E-05	2.423076	5.00E-06	0	0	0	-0.13	0	0.305	0	0	0
6.098	-39.911777	763.834839	76.557663	0.128477	0	-0.25558	7.00E-06	2.423076	5.00E-06	0	0	0	-0.13	0	0.305	0	0	0
6.099	-39.911777	766.264526	77.027718	0.128663	0	-0.255218	7.00E-06	2.424417	0.00E+00	0	0	0	-0.13	0	0.305	0	0	0
6.1	-39.988182	766.264526	77.106293	0.128663	0	-0.255218	7.00E-06	2.424417	0	0	0	0	-0.13	0	0.305	0	0	0
6.101	-39.913219	767.297119	77.811348	0.128861	0	-0.255096	9.00E-06	2.366103	5.00E-06	0	0	0	-0.13	0	0.305	0	0	0
6.102	-39.988182	767.297119	78.516922	0.128861	0	-0.254918	6.00E-06	2.366103	5.00E-06	0	0	0	-0.13	0	0.305	0	0	0
6.103	-39.913219	766.608215	78.751595	0.128267	0	-0.25486	9.00E-06	2.460319	6.00E-06	0	0	0	-0.13	0	0.305	0	0	0
6.104	-39.756794	766.608215	79.613838	0.128267	0	-0.254894	1.00E-05	2.460319	5.00E-06	0	0	0	-0.13	0	0.305	0	0	0
6.105	-39.756794	768.512939	80.475677	0.128267	0	-0.25486	1.00E-05	2.460319	3.00E-06	0	0	0	-0.13	0	0.305	0	0	0
6.106	-39.75391	768.512939	80.710587	0.128472	0	-0.254414	1.00E-06	2.43005	3.00E-06	0	0	0	-0.13	0	0.305	0	0	0
6.107	-39.90889	767.481506	80.867569	0.128419	0	-0.254393	1.00E-06	2.373394	9.00E-06	0	0	0	-0.13	0	0.305	0	0	0
6.108	-39.75391	767.481506	81.650948	0.128419	0	-0.254205	1.00E-06	2.373394	9.00E-06	0	0	0	-0.13	0	0.305	0	0	0
6.109	-39.284637	767.481506	82.356285	0.128231	0	-0.253491	1.90E-05	2.417241	1.50E-05	0	0	0	-0.13	0	0.305	0	0	0
6.11	-39.284637	766.799561	82.512871	0.128089	0	-0.253433	3.00E-06	2.541867	1.00E-05	0	0	0	-0.13	0	0.305	0	0	0
6.111	-39.284637	766.799561	82.904602	0.128126	0	-0.253491	1.90E-05	2.541867	1.00E-05	0	0	0	-0.13	0	0.305	0	0	0
6.112	-38.969627	765.777405	83.218285	0.128126	0	-0.25333	5.00E-06	2.541867	4.00E-06	0	0	0	-0.13	0	0.305	0	0	0
6.113	-38.581093	766.306641	84.001755	0.128126	0	-0.25333	5.00E-06	2.547132	4.00E-06	0	0	0	-0.13	0	0.305	0	0	0
6.114	-38.581093	766.306641	84.785133	0.128076	0	-0.252951	-3.00E-06	2.602099	4.00E-06	0	0	0	-0.13	0	0.305	0	0	0
6.115	-38.581093	767.846863	84.863831	0.128076	0	-0.252513	-3.00E-06	2.602099	9.00E-06	0	0	0	-0.13	0	0.305	0	0	0
6.116	-38.114708	767.846863	85.020576	0.128076	0	-0.252513	5.00E-06	2.602099	5.00E-06	0	0	0	-0.13	0	0.305	0	0	0
6.117	-38.581093	768.195923	85.333939	0.127993	0	-0.252361	6.00E-06	2.501087	9.00E-06	0	0	0	-0.13	0	0.305	0	0	0
6.118	-38.581093	766.136963	85.725792	0.127993	0	-0.252235	5.00E-06	2.501087	8.00E-06	0	0	0	-0.13	0	0.305	0	0	0
6.119	-38.818253	767.856567	85.804123	0.127993	0	-0.252235	1.60E-05	2.501087	9.00E-06	0	0	0	-0.13	0	0.305	0	0	0
6.12	-38.818253	767.856567	86.979439	0.127979	0	-0.252137	1.40E-05	2.556203	8.00E-06	0	0	0	-0.13	0	0.305	0	0	0
6.121	-38.503242	768.879883	87.371292	0.127979	0	-0.251921	1.60E-05	2.556203	7.00E-06	0	0	0	-0.13	0	0.305	0	0	0
6.122	-38.503242	770.275757	87.919807	0.128312	0	-0.251834	1.50E-05	2.537389	4.00E-06	0	0	0	-0.13	0	0.305	0	0	0
6.123	-38.503242	770.275757	88.076508	0.128312	0	-0.251826	1.50E-05	2.525444	7.00E-06	0	0	0	-0.13	0	0.305	0	0	0
6.124	-38.813923	769.928223	88.938393	0.128011	0	-0.251789	5.00E-06	2.500685	8.00E-06	0	0	0	-0.13	0	0.305	0	0	0
6.125	-38.108936	766.833191	89.722214	0.127762	0	-0.251558	3.00E-06	2.487458	8.00E-06	0	0	0	-0.13	0	0.305	0	0	0
6.126	-38.108936	767.187622	90.035461	0.127799	0	-0.251149	5.00E-06	2.487458	1.00E-05	0	0	0	-0.13	0	0.305	0	0	0
6.127	-37.796089	767.187622	90.113831	0.127654	0	-0.251149	3.00E-06	2.487458	1.00E-05	0	0	0	-0.13	0	0.305	0	0	0
6.128	-37.17112	767.516357	91.759621	0.127654	0	-0.251149	3.00E-06	2.491474	1.00E-05	0	0	0	-0.13	0	0.305	0	0	0
6.129	-37.561092	767.516357	92.934731	0.127578	0	-0.251097	3.00E-06	2.491474	8.00E-06	0	0	0	-0.13	0	0.305	0	0	0
6.13	-37.013252	766.830078	93.405121	0.127473	0	-0.250529	9.00E-06	2.491474	3.00E-06	0	0	0	-0.13	0	0.305	0	0	0
6.131	-37.013252	764.095337	94.267197	0.127473	0	-0.250284	9.00E-06	2.495462	3.00E-06	0	0	0	-0.13	0	0.305	0	0	0
6.132	-37.013252	763.90979	94.42366	0.127451	0	-0.250184	9.00E-06	2.520825	3.00E-06	0	0	0	-0.13	0	0.305	0	0	0
6.133	-37.013969	763.90979	95.677635	0.127264	0	-0.249961	9.00E-06	2.520825	9.00E-06	0	0	0	-0.13	0	0.305	0	0	0
6.134	-37.013969	763.90979	96.382927	0.127264	0	-0.249521	1.50E-05	2.520583	9.00E-06	10.046554	13.84207	21.243853	-0.131117	0	0.305	0	0.797262	0
6.135	-36.853939	762.022949	97.322891	0.127264	0	-0.249406	1.50E-05	2.520583	4.00E-06	11.295055	14.035364	23.594252	-0.131117	0	0.286073	0.00E+00	0.797262	0
6.136	-36.619667	762.219971	97.871529	0.127351	0	-0.249205	1.30E-05	2.551544	4.00E-06	11.375793	17.846395	25.866199	-0.115271	0	0.224033	0	-0.17911	0
6.137	-36.461079	762.219971	99.360008	0.127123	0	-0.249406	8.00E-06	2.57532	4.00E-06	12.865784	25.273911	27.511787	-0.114363	0	0.218866	0	-0.39341	0
6.138	-36.461079	762.219971	99.438263	0.127302	0	-0.2491	1.00E-05	2.57532	1.00E-06	12.865784	26.134893	27.511787	-0.095042	0	0.206643	0	-0.796813	0
6.139	-36.923134	763.101685	99.438301	0.127302	0	-0.249141	8.00E-06	2.49774	9.00E-06	13.342993	38.374352	24.769091	-0.095042	0	0.202571	0	-0.800658	0
6.14	-36.923134	762.589478	100.848328	0.127405	0	-0.2491	9.00E-06	2.49774	1.00E-06	13.105109	46.135559	24.769091	-0.095042	0	0.202571	-1.00E-06	-0.800658	0
6.141	-36.29311	763.101685	101.005028	0.127581	0	-0.249141	7.00E-06	2.49774	5.00E-06	13.105109	50.449986	26.492363	-0.089139	0	0.185117	-1.00E-06	-1.180123	0
6.142	-36.29311	762.589478	101.240143	0.127405	0	-0.248676	9.00E-06	2.596615	1.00E-06	9.510256	59.767593	29.156202	-0.089139	0	0.185117	-1.00E-06	-1.180123	0
6.143	-36.29311	758.116943	102.493668	0.127144	0	-0.248424	1.20E-05	2.528541	2.00E-06	8.252373	66.80246	29.547653	-0.089139	0	0.197355	-1.00E-06	-1.180123	0
6.144	-36.686691	757.958496	102.963943	0.127144	0	-0.248424	1.40E-05	2.576441	2.00E-06	8.252373	69.057816	29.547653	-0.089468	0	0.197355	-1.00E-06	-1.23503	0
6.145	-36.610283	757.958496	103.277588	0.127144	0	-0.248269	1.40E-05	2.551809	2.00E-06	9.274538	69.057816	26.883652	-0.089468	0	0.197355	-1.00E-06	-1.23503	0
6.146	-36.610283	757.941101	103.277588	0.127298	0	-0.248552	1.50E-05	2.551809	4.00E-06	9.274538	76.452164	25.316439	-0.092868	0	0.197364	-1.00E-06	-0.759219	0
6.147	-35.595337	756.216553	103.277588	0.126784	0	-0.248064	1.20E-05	2.461815	2.00E-06	8.422506	83.157242	24.297174	-0.099424	0	0.2008	-1.00E-06	-0.751267	0
6.148	-35.278881	756.216553	103.434814	0.127032	0	-0.248064	9.00E-06	2.461815	4.00E-06	7.881158	89.626617	24.297174	-0.100213	0	0.218927	-1.00E-06	-0.742733	0
6.149	-35.128952	755.359131	103.434814	0.126844	0	-0.24791	7.00E-06	2.491174	4.00E-06	7.096154	92.41729	22.808252	-0.103703	0	0.218927	-1.00E-06	-0.742733	0.00E+00
6.15	-35.055431	752.434143	103.513138	0.126844	0	-0.24759	7.00E-06	2.5625	4.00E-06	7.502006	95.311073	22.650141	-0.10644	0	0.218927	-1.00E-06	-0.742733	-1.00E-06
6.151	-34.894676	750.028076	103.592072	0.126729	0	-0.247081	7.00E-06	2.491174	8.00E-06	7.269175	108.536041	18.262346	-0.107413	0	0.225318	-1.00E-06	-0.241247	-1.00E-06
6.152	-34.503983	748.821899	103.905434	0.126689	0	-0.247081	1.20E-05	2.5625	2.00E-06	7.269175	117.637177	16.303038	-0.112663	0	0.231577	-1.00E-06	-0.241247	-1.00E-06
6.153	-33.958302	747.449097	104.140701	0.126689	0	-0.247081	8.00E-06	2.438799	8.00E-06	5.936329	118.84182	14.030605	-0.112663	0	0.231577	-2.00E-06	-0.218271	-1.00E-06
6.154	-33.95686	746.409546	104.140701	0.126683	0	-0.247111	8.00E-06	2.476148	9.00E-06	5.157097	119.001541	11.679964	-0.109651	0	0.231577	-2.00E-06	-0.33254	-1.00E-06
6.155	-33.254036	746.240601	104.140701	0.126779	0	-0.246728	8.00E-06	2.438799	9.00E-06	5.149882	119.001541	9.956211	-0.109013	0	0.229834	-2.00E-06	-0.337407	-1.00E-06
6.156	-33.722584	745.237732	104.375816	0.126779	0	-0.246355	7.00E-06	2.426222	1.00E-06	5.149882	118.537521	7.213957	-0.107596	0	0.22259	0.00E+00	-0.45914	0
6.157	-33.253315	743.669312	104.375977	0.126779	0	-0.246355	1.00E-05	2.394146	1.00E-06	5.776297	118.176468	4.236674	-0.106343	0	0.218162	-2.00E-06	-0.493916	0
6.158	-32.781879	742.467041	104.375977	0.127125	0	-0.246299	3.00E-06	2.273192	3.00E-06	5.776297	118.537521	2.826401	-0.103105	0	0.217641	-1.00E-06	-0.45914	0
6.159	-32.781879	739.888489	104.375977	0.126974	0	-0.246299	6.00E-06	2.273192	3.00E-06	2.327765	123.541916	-3.206659	-0.101757	0	0.21514	-2.00E-06	-0.305896	-1.00E-06
6.16	-32.630505	738.335205	104.76767	0.126974	0	-0.246088	6.00E-06	2.35157	3.00E-06	2.327765	123.722099	-4.538759	-0.101205	0	0.209815	-1.00E-06	-0.305896	-1.00E-06
6.161	-32.630505	736.430054	105.238052	0.126773	0	-0.246088	9.00E-06	2.353147	3.00E-06	2.796314	124.569542	-5.949272	-0.101205	0	0.209458	-2.00E-06	-0.458053	-1.00E-06
6.162	-32.239086	734.189392	105.238258	0.12638	0	-0.246058	1.10E-05	2.468899	3.00E-06	2.796314	129.745605	-7.594778	-0.100971	0	0.209815	-1.00E-06	-0.458053	-1.00E-06
6.163	-32.006977	729.374451	105.238258	0.12616	0	-0.245952	1.50E-05	2.387824	3.00E-06	2.172064	137.462769	-10.258902	-0.100971	0	0.213791	-1.00E-06	-0.363109	-1.00E-06
6.164	-31.849112	728.841309	104.846725	0.126132	0	-0.245508	1.10E-05	2.387824	2.00E-06	1.781366	139.184692	-12.296219	-0.099688	0	0.217895	-1.00E-06	-0.340269	-1.00E-06
6.165	-31.227024	724.714478	104.846725	0.125982	0	-0.245508	1.10E-05	2.387824	2.00E-06	1.238573	144.462936	-14.568729	-0.099688	0	0.219194	-1.00E-06	-0.289176	-1.00E-06
6.166	-31.149895	722.298706	104.847168	0.125982	0	-0.245135	8.00E-06	2.339552	4.00E-06	1.238573	146.048645	-15.900752	-0.102747	0	0.221915	-1.00E-06	-0.289176	-1.00E-06
6.167	-30.052044	721.980469	105.00383	0.126014	0	-0.244383	1.10E-05	2.306226	4.00E-06	1.238573	151.203461	-17.860022	-0.103423	0	0.221008	-1.00E-06	-0.208763	-1.00E-06
6.168	-29.660625	718.009094	105.00383	0.126027	0	-0.244656	1.20E-05	2.306226	4.00E-06	2.100708	160.141953	-18.56588	-0.103423	0	0.221008	-1.00E-06	-0.391811	-1.00E-06
6.169	-28.648561	717.499939	105.082245	0.126014	0	-0.244383	1.20E-05	2.344195	3.00E-06	2.74372	160.663025	-20.446739	-0.103058	0	0.221008	0	-0.146715	0.00E+00
6.17	-28.643511	714.390259	105.082245	0.126036	0	-0.244314	4.00E-06	2.344195	8.00E-06	2.74372	169.750732	-20.446739	-0.103058	0	0.218581	0	-0.355733	-1.00E-06
6.171	-28.489252	710.279541	104.612297	0.125877	0	-0.243987	4.00E-06	2.344195	4.00E-06	1.888802	183.026321	-22.406088	-0.106032	0	0.224425	0.00E+00	-0.161584	0.00E+00
6.172	-28.102882	709.221558	104.612297	0.125723	0	-0.243758	4.00E-06	2.371022	8.00E-06	1.100191	195.905228	-23.816521	-0.106714	0	0.226295	-2.00E-06	-0.161584	-1.00E-06
6.173	-27.317158	705.780884	104.220726	0.125723	0	-0.243691	8.00E-06	2.371022	5.00E-06	1.735988	201.232147	-23.817043	-0.106714	0	0.226295	-2.00E-06	-0.161584	0.00E+00
6.174	-27.087214	705.279053	103.985931	0.125471	0	-0.243552	0.00E+00	2.371022	6.00E-06	1.735988	206.908524	-25.227396	-0.105118	0	0.226295	-2.00E-06	-0.16055	-1.00E-06
6.175	-26.850773	699.403687	103.985931	0.125548	0	-0.243275	8.00E-06	2.35354	5.00E-06	1.735988	217.586151	-26.324709	-0.105105	0	0.226249	-1.00E-06	-0.16693	-1.00E-06
6.176	-26.853661	696.661621	103.985931	0.125548	0	-0.243275	5.00E-06	2.35354	0	0.719596	222.059052	-26.87306	-0.105118	0	0.226676	-1.00E-06	-0.16055	-1.00E-06
6.177	-26.226522	695.788269	103.672974	0.125548	0	-0.243061	5.00E-06	2.300231	0.00E+00	0.178247	233.076904	-27.42222	-0.105105	0	0.227009	-1.00E-06	-0.172295	-2.00E-06
6.178	-25.990805	691.485168	103.594368	0.125428	0	-0.243482	2.00E-06	2.252983	5.00E-06	-0.683165	238.391083	-28.126871	-0.104419	0	0.227549	-3.00E-06	0.060152	-1.00E-06
6.179	-25.443684	688.38739	103.594368	0.125428	0	-0.243313	2.00E-06	2.252983	5.00E-06	-3.731619	254.044983	-30.713591	-0.104093	0	0.22795	-1.00E-06	0.14616	-2.00E-06
6.18	-25.365833	687.343994	103.672859	0.125448	0	-0.243313	6.00E-06	2.252983	3.00E-06	-4.19656	263.507263	-30.713591	-0.104419	0	0.228771	-2.00E-06	0.14616	-2.00E-06
6.181	-24.81871	685.116882	103.672859	0.125448	0	-0.243308	9.00E-06	2.248518	0	-4.353705	273.990906	-30.322262	-0.104619	0	0.229049	0.00E+00	-0.048025	-2.00E-06
6.182	-24.663731	680.796326	103.359818	0.125409	0	-0.242331	1.00E-05	2.248518	0.00E+00	-4.665831	282.775024	-30.322262	-0.104619	0	0.229463	-2.00E-06	-0.048025	-2.00E-06
6.183	-23.723747	676.844238	103.203194	0.125321	0	-0.242331	1.00E-05	2.225805	4.00E-06	-6.067869	292.394257	-31.811264	-0.105252	0	0.230555	0.00E+00	0.090168	-2.00E-06
6.184	-23.178791	674.784058	103.203194	0.125094	0	-0.242306	1.40E-05	2.1799	7.00E-06	-6.069313	297.205414	-32.594852	-0.104673	0	0.230779	-1.00E-06	0.199953	-2.00E-06
6.185	-23.098774	669.078064	103.517036	0.125094	0	-0.242297	4.00E-06	2.1799	4.00E-06	-6.927837	300.987122	-33.456772	-0.104695	0	0.230779	-1.00E-06	0.246825	-2.00E-06
6.186	-22.472359	666.682312	103.517036	0.12472	0	-0.241731	1.00E-05	2.1799	7.00E-06	-6.930724	307.526703	-33.926994	-0.104695	0	0.230779	-3.00E-06	0.246825	-2.00E-06
6.187	-21.537426	664.610168	103.517036	0.12472	0	-0.241699	1.00E-05	2.146169	4.00E-06	-7.004246	314.39679	-35.024025	-0.105777	0	0.233661	-3.00E-06	0.044085	-2.00E-06
6.188	-20.910288	660.833984	103.517365	0.12472	0	-0.241383	1.30E-05	2.146169	6.00E-06	-6.930724	318.32666	-35.49453	-0.105777	0	0.233661	-3.00E-06	0.01594	-2.00E-06
6.189	-20.518867	658.06604	103.595894	0.124683	0	-0.24136	1.30E-05	2.146169	6.00E-06	-6.847822	322.131378	-37.374863	-0.105394	0	0.232904	-2.00E-06	0.044085	-2.00E-06
6.19	-19.663231	655.134094	103.595894	0.125183	0	-0.24136	1.30E-05	2.106782	6.00E-06	-6.847822	326.933716	-37.609978	-0.105115	0	0.232904	-2.00E-06	0.091091	-2.00E-06
6.191	-18.721081	649.813843	103.28257	0.124683	0	-0.240436	1.00E-05	2.149478	2.00E-06	-7.314206	333.798492	-39.020248	-0.105394	0	0.233741	-2.00E-06	0.116321	-2.00E-06
6.192	-18.56538	645.683105	103.125908	0.125002	0	-0.240117	8.00E-06	2.149478	2.00E-06	-7.314206	343.094421	-40.19561	-0.105994	0	0.235486	-2.00E-06	0.116321	-1.00E-06
6.193	-17.548988	644.984192	103.047859	0.125002	0	-0.240117	6.00E-06	2.149478	1.00E-06	-7.70779	344.796631	-40.430679	-0.105994	0	0.235486	-6.00E-06	0.116321	-1.00E-06
6.194	-17.086212	641.536926	102.656128	0.125002	0	-0.240117	7.00E-06	2.184062	3.00E-06	-8.333484	346.188416	-41.762661	-0.105994	0	0.234365	-6.00E-06	0.247088	-1.00E-06
6.195	-17.086212	635.337219	102.656128	0.12508	0	-0.240582	7.00E-06	1.992857	1.00E-06	-8.333484	352.733368	-42.075783	-0.106169	0	0.234365	-6.00E-06	0.310668	-1.00E-06
6.196	-16.144062	630.005676	102.577957	0.125091	0	-0.240368	7.00E-06	1.953519	2.00E-06	-7.942786	353.740112	-42.859329	-0.106644	0	0.23542	-6.00E-06	0.310668	-1.00E-06
6.197	-15.438352	626.198242	102.18647	0.125091	0	-0.240368	1.00E-05	1.953519	1.00E-06	-7.160668	354.942413	-42.859329	-0.106279	0	0.23562	-6.00E-06	0.274964	-1.00E-06
6.198	-14.817709	626.198242	102.108299	0.124446	0	-0.239999	1.00E-05	2.006469	2.00E-06	-7.160668	356.840149	-42.93758	-0.106565	0	0.235865	-4.00E-06	0.24137	-1.00E-06
6.199	-13.798431	621.199219	102.108299	0.124446	0	-0.239753	1.00E-05	2.006493	1.00E-06	-7.94495	366.456299	-44.426304	-0.106565	0	0.236408	-6.00E-06	0.24137	-1.00E-06
6.2	-13.485583	618.452454	102.187035	0.124601	0	-0.239753	8.00E-06	2.006493	2.00E-06	-7.94495	368.188629	-44.426304	-0.106936	0	0.237154	-3.00E-06	0.24137	-2.00E-06
6.201	-11.922791	615.346252	102.343567	0.124601	0	-0.239388	9.00E-06	2.067418	1.00E-06	-6.535696	372.484802	-43.956238	-0.107106	0	0.237154	-3.00E-06	0.163839	-3.00E-06
6.202	-11.453521	609.143005	102.344208	0.124151	0	-0.239237	6.00E-06	2.070656	2.00E-06	-6.457123	375.21109	-43.799458	-0.107106	0	0.238956	-3.00E-06	0.163839	-3.00E-06
6.203	-11.222133	602.590332	102.344208	0.123789	0	-0.239096	6.00E-06	2.070656	4.00E-06	-6.377829	378.483948	-43.799458	-0.107106	0	0.238956	-7.00E-06	0.224371	-2.00E-06
6.204	-9.890729	599.830872	101.090767	0.123619	0	-0.238822	6.00E-06	2.076215	4.00E-06	-5.750692	378.483948	-43.877869	-0.107012	0	0.237927	-7.00E-06	0.242837	-2.00E-06
6.205	-9.345052	594.501709	100.855492	0.123789	0	-0.238671	5.00E-06	2.032701	4.00E-06	-5.592825	378.310059	-43.877869	-0.107012	0	0.237836	-7.00E-06	0.299553	-2.00E-06
6.206	-8.641506	592.090942	100.464127	0.123804	0	-0.238475	7.00E-06	1.950775	3.00E-06	-5.12139	378.310059	-43.87767	-0.107239	0	0.237836	-5.00E-06	0.270519	-2.00E-06
6.207	-8.405066	587.092712	99.994019	0.123804	0	-0.238053	7.00E-06	1.950775	3.00E-06	-4.575712	385.165497	-43.87767	-0.107396	0	0.241136	-5.00E-06	0.277805	-2.00E-06
6.208	-6.532315	581.41333	99.7593	0.123804	0	-0.238053	8.00E-06	1.987382	3.00E-06	-3.871445	385.165497	-43.87767	-0.107396	0	0.241136	-5.00E-06	0.270519	0.00E+00
6.209	-6.063045	580.887939	99.289207	0.123674	0	-0.237653	1.10E-05	1.987382	3.00E-06	-1.755759	384.994263	-42.859329	-0.107031	0	0.239709	-5.00E-06	0.277805	-2.00E-06
6.21	-5.904456	572.460266	98.897354	0.123966	0	-0.236883	1.10E-05	1.983419	3.00E-06	-1.042833	384.994263	-42.859329	-0.107031	0	0.239709	-3.00E-06	0.297438	-2.00E-06
6.211	-5.047373	566.106995	97.801086	0.123781	0	-0.236816	8.00E-06	1.850359	3.00E-06	-0.578614	387.730164	-43.329353	-0.107364	0	0.241318	-3.00E-06	0.35732	-2.00E-06
6.212	-4.65884	563.66803	97.565895	0.123781	0	-0.236816	7.00E-06	1.850359	3.00E-06	-0.027163	390.133636	-43.329353	-0.108161	0	0.242236	-3.00E-06	0.35732	-2.00E-06
6.213	-3.876723	560.049927	97.252525	0.123753	0	-0.237364	7.00E-06	1.788366	3.00E-06	1.066359	390.133636	-43.721287	-0.108313	0	0.241318	-7.00E-06	0.321579	-2.00E-06
6.214	-3.488189	556.764343	96.547676	0.123753	0	-0.237364	6.00E-06	1.78767	3.00E-06	1.070688	388.068085	-43.956398	-0.108313	0	0.241121	-7.00E-06	0.321579	-2.00E-06
6.215	-2.938904	551.785767	96.547638	0.12403	0	-0.237723	6.00E-06	1.78767	3.00E-06	1.854249	388.068085	-43.956398	-0.108517	0	0.241121	-7.00E-06	0.347449	-2.00E-06
6.216	-2.084708	548.670227	95.842865	0.12403	0	-0.237125	7.00E-06	1.78767	1.00E-06	2.479942	391.154633	-43.956398	-0.10849	0	0.241995	-7.00E-06	0.406768	-1.00E-06
6.217	-1.76753	539.203003	95.685997	0.123679	0	-0.236822	1.00E-05	1.905249	0	3.577072	391.154633	-43.95636	-0.10849	0	0.241995	-4.00E-06	0.347449	-1.00E-06
6.218	-0.831877	535.600464	95.216095	0.123679	0	-0.235882	7.00E-06	1.770419	0	3.581402	391.154633	-44.034569	-0.10849	0	0.243036	-7.00E-06	0.467572	-2.00E-06
6.219	-0.677616	535.077332	94.432785	0.123481	0	-0.235882	1.00E-06	1.789906	3.00E-06	4.051394	389.789948	-44.818359	-0.109386	0	0.241672	-4.00E-06	0.452393	-2.00E-06
6.22	0.413738	524.896851	93.649406	0.123334	0	-0.236754	1.00E-06	1.789906	3.00E-06	4.051394	389.95932	-44.818359	-0.109386	0	0.241462	-9.00E-06	0.452393	-2.00E-06
6.221	0.418068	519.715027	93.414413	0.122871	0	-0.236754	1.00E-06	1.789906	3.00E-06	7.334123	389.95932	-43.329716	-0.109416	0	0.241462	-2.00E-06	0.420477	-1.00E-06
6.222	0.965191	512.838013	92.787811	0.122871	0	-0.235843	6.00E-06	1.792958	3.00E-06	7.651299	389.95932	-43.329674	-0.109416	0	0.243723	-4.00E-06	0.357284	-1.00E-06
6.223	1.118006	508.193848	91.847565	0.122871	0	-0.235694	7.00E-06	1.792958	3.00E-06	7.887738	389.93689	-42.546169	-0.109467	0	0.243797	-4.00E-06	0.383665	-2.00E-06
6.224	1.73937	502.313507	91.534317	0.122233	0	-0.235657	7.00E-06	1.796411	6.00E-06	8.827722	388.051086	-42.546169	-0.109654	0	0.243797	-4.00E-06	0.371548	-2.00E-06
6.225	2.760092	497.154419	90.594154	0.122233	0	-0.235091	7.00E-06	1.796411	2.00E-06	10.002702	386.823669	-42.154514	-0.109822	0	0.24385	-4.00E-06	0.383665	-3.00E-06
6.226	2.912908	492.688477	89.654106	0.122703	0	-0.235026	2.00E-06	1.761151	3.00E-06	10.473416	386.823669	-41.997452	-0.109751	0	0.24534	-2.00E-06	0.447728	-3.00E-06
6.227	3.460029	486.661957	88.557159	0.122796	0	-0.234804	2.00E-06	1.756243	2.00E-06	11.018373	387.508362	-41.997452	-0.109751	0	0.24553	-1.00E-06	0.447728	-2.00E-06
6.228	3.772154	482.348389	88.557159	0.122796	0	-0.23468	2.00E-06	1.657829	3.00E-06	11.255533	387.508362	-41.449139	-0.109696	0	0.24553	-2.00E-06	0.411715	-2.00E-06
6.229	4.007872	478.386597	88.087212	0.122796	0	-0.23468	3.00E-06	1.657732	2.00E-06	13.915455	380.46228	-39.647057	-0.109696	0	0.244595	0.00E+00	0.330836	-3.00E-06
6.23	4.168626	469.25885	87.225578	0.123127	0	-0.23468	5.00E-06	1.457944	2.00E-06	14.621886	380.46228	-39.647057	-0.109976	0	0.244595	-3.00E-06	0.330836	-3.00E-06
6.231	4.788548	466.50354	86.599174	0.122779	0	-0.233426	3.00E-06	1.457944	2.00E-06	14.702623	383.882507	-39.803715	-0.110037	0	0.246526	-3.00E-06	0.502849	-2.00E-06
6.232	5.411354	457.028992	86.442352	0.123176	0	-0.233605	1.00E-06	1.538239	2.00E-06	15.642608	383.882507	-39.803715	-0.110377	0	0.24708	-5.00E-06	0.502849	-1.00E-06
6.233	6.037049	452.895935	86.442352	0.122779	0	-0.233605	1.00E-06	1.538402	2.00E-06	16.263973	382.674011	-39.490231	-0.110282	0	0.246526	-6.00E-06	0.378994	-1.00E-06
6.234	6.349895	444.268433	86.442352	0.123188	0	-0.233605	2.00E-06	1.538402	1.00E-06	17.053307	381.303955	-39.490231	-0.110491	0	0.245759	-6.00E-06	0.378994	-1.00E-06
6.235	6.817723	438.934631	86.364304	0.122518	0	-0.234019	3.00E-06	1.511664	3.00E-06	17.12755	381.303955	-39.490231	-0.110863	0	0.245759	-5.00E-06	0.404181	-2.00E-06
6.236	6.974868	432.381531	85.502464	0.122518	0	-0.233478	6.00E-06	1.494928	3.00E-06	19.164663	383.014618	-38.941917	-0.110863	0	0.247853	-4.00E-06	0.404181	-4.00E-06
6.237	6.974868	423.251099	85.34613	0.122485	0	-0.233382	6.00E-06	1.511664	3.00E-06	19.633934	383.014618	-38.863426	-0.110776	0	0.247853	-4.00E-06	0.376935	-4.00E-06
6.238	7.206257	417.915283	84.327583	0.12217	0	-0.233198	2.00E-06	1.494928	3.00E-06	19.633934	383.014618	-38.941917	-0.110776	0	0.247853	-4.00E-06	0.376935	-3.00E-06
6.239	7.519824	410.160706	84.327545	0.12217	0	-0.233353	2.00E-06	1.448119	3.00E-06	19.954718	384.383148	-39.569046	-0.112261	0	0.24833	-3.00E-06	0.455141	-2.00E-06
6.24	7.75482	404.291504	83.857483	0.122392	0	-0.232901	4.00E-06	1.312854	3.00E-06	19.954718	384.383148	-39.569046	-0.112261	0	0.24833	-3.00E-06	0.455141	-1.00E-06
6.241	8.616233	398.444672	83.779236	0.122392	0	-0.232901	6.00E-06	1.312854	2.00E-06	22.924599	384.383148	-38.863789	-0.112035	0	0.24833	-3.00E-06	0.455141	-1.00E-06
6.242	8.616233	390.174377	82.525787	0.122238	0	-0.231832	6.00E-06	1.309889	1.00E-06	23.866749	385.918335	-38.863789	-0.111817	0	0.249003	-3.00E-06	0.446442	-1.00E-06
6.243	9.161189	380.182556	82.134056	0.122191	0	-0.231742	7.00E-06	1.296191	2.00E-06	23.869635	385.918335	-39.490753	-0.112035	0	0.249003	-3.00E-06	0.485454	-5.00E-06
6.244	9.161189	373.815002	81.742279	0.122054	0	-0.230737	6.00E-06	1.296191	2.00E-06	24.419643	384.884613	-39.490753	-0.11214	0	0.248864	-5.00E-06	0.486611	-5.00E-06
6.245	10.01755	364.85965	80.958969	0.122054	0	-0.230737	7.00E-06	1.296191	2.00E-06	25.751045	384.884613	-39.490753	-0.11214	0	0.248853	-7.00E-06	0.512144	-5.00E-06
6.246	10.09973	359.165527	80.25367	0.122159	0	-0.230127	7.00E-06	1.309409	3.00E-06	28.024599	386.605347	-40.039429	-0.112395	0	0.248864	-7.00E-06	0.523442	-2.00E-06
6.247	10.173251	350.380646	80.018806	0.122732	0	-0.230327	7.00E-06	1.278394	3.00E-06	28.024599	391.592316	-40.196171	-0.112275	0	0.250154	-6.00E-06	0.597659	-2.00E-06
6.248	10.173251	344.862457	79.235176	0.122868	0	-0.230189	2.00E-06	1.278394	4.00E-06	28.024599	391.592316	-40.275021	-0.112616	0	0.250154	-5.00E-06	0.523442	-1.00E-06
6.249	10.407526	337.982666	79.000267	0.122868	0	-0.230189	2.00E-06	1.278394	1.00E-06	30.84383	391.730835	-40.275021	-0.112616	0	0.250783	-5.00E-06	0.450152	0
6.25	9.94042	329.531433	77.433174	0.122487	0	-0.229161	2.00E-06	1.224569	1.00E-06	30.848881	391.730835	-40.275021	-0.11337	0	0.250783	-4.00E-06	0.267038	0.00E+00
6.251	9.857518	320.568359	76.101112	0.121954	0	-0.229161	1.00E-06	1.224569	1.00E-06	31.317432	402.215973	-41.921169	-0.113607	0	0.251137	-4.00E-06	0.450152	-2.00E-06
6.252	9.622523	312.995392	74.769089	0.121954	0	-0.229045	1.00E-06	1.131712	1.00E-06	32.185337	403.234283	-41.99934	-0.113607	0	0.251858	-6.00E-06	0.506322	-2.00E-06
6.253	9.385361	308.176544	72.888794	0.12337	0	-0.229173	2.00E-06	0.934655	1.00E-06	33.596035	403.234283	-42.783009	-0.113607	0	0.25189	-6.00E-06	0.506322	-1.00E-06
6.254	8.836798	298.702332	71.634949	0.123687	0	-0.229045	4.00E-06	0.894189	1.00E-06	34.30463	406.671112	-42.940151	-0.113753	0	0.252233	-7.00E-06	0.519184	-1.00E-06
6.255	8.208938	293.361572	70.067932	0.123558	0	-0.229017	4.00E-06	0.852665	1.00E-06	35.402481	409.245453	-44.193802	-0.113782	0	0.252311	-5.00E-06	0.501705	-4.00E-06
6.256	8.208938	285.432251	67.482063	0.123687	0	-0.228501	4.00E-06	0.843827	1.00E-06	37.598183	417.676605	-45.291111	-0.114181	0	0.253072	-9.00E-06	0.501705	-4.00E-06
6.257	7.97322	276.483398	65.601639	0.123726	0	-0.228501	4.00E-06	0.800152	2.00E-06	38.616741	417.676605	-45.369884	-0.114181	0	0.253072	-6.00E-06	0.497241	-2.00E-06
6.258	7.888874	269.751343	63.877892	0.123726	0	-0.228501	4.00E-06	0.800152	2.00E-06	38.616741	422.114349	-45.918201	-0.114181	0	0.255158	-6.00E-06	0.497241	-2.00E-06
6.259	7.178112	260.466217	63.877892	0.123135	0	-0.225529	4.00E-06	0.906797	2.00E-06	40.10601	432.092316	-48.347492	-0.11491	0	0.255539	-4.00E-06	0.649769	-2.00E-06
6.26	7.020967	253.749939	61.840485	0.123135	0	-0.225529	5.00E-06	0.906797	1.00E-06	40.11467	434.307556	-48.347492	-0.115679	0	0.255593	-4.00E-06	0.709839	-1.00E-06
6.261	7.020967	245.8125	58.23632	0.123135	0	-0.225529	3.00E-06	1.023444	1.00E-06	41.44968	434.465637	-48.896812	-0.115399	0	0.256807	2.00E-06	0.709839	-1.00E-06
6.262	6.548811	240.482941	55.806984	0.123152	0	-0.226016	5.00E-06	0.865812	0	42.000408	442.204468	-48.896812	-0.115399	0	0.256807	3.00E-06	0.709839	-2.00E-06
6.263	6.155228	231.175385	53.143383	0.123557	0	-0.225454	3.00E-06	0.784908	0	42.084755	443.395599	-50.150703	-0.115399	0	0.256672	2.00E-06	0.764345	-2.00E-06
6.264	6.14801	223.085999	51.576172	0.123805	0	-0.224423	4.00E-06	0.784908	2.00E-06	42.084755	447.01413	-50.46423	-0.115615	0	0.256577	-1.00E-06	0.764345	-4.00E-06
6.265	5.995916	220.167175	49.460365	0.123805	0	-0.223834	1.00E-06	0.87042	2.00E-06	42.632599	450.445892	-50.46423	-0.115655	0	0.256577	-1.00E-06	0.703355	-1.00E-06
6.266	6.14801	211.712875	46.718071	0.123793	0	-0.223834	1.00E-06	0.900548	0	42.788303	456.46167	-51.091434	-0.115655	0	0.256814	-1.10E-05	0.703355	-2.00E-06
6.267	6.450754	205.005508	45.229187	0.123476	0	-0.223834	1.00E-06	1.027077	0	42.632599	460.232574	-51.326427	-0.115837	0	0.257362	0.00E+00	0.729209	-2.00E-06
6.268	6.450754	200.513306	43.348694	0.123793	0	-0.222228	0.00E+00	1.027077	1.00E-06	42.948334	462.125732	-51.326427	-0.11545	0	0.256814	0	0.729209	-2.00E-06
6.269	6.450754	194.150818	40.763138	0.124654	0	-0.222043	1.00E-06	1.045219	1.00E-06	43.894089	467.451477	-50.621731	-0.115781	0	0.256299	0	0.720449	-3.00E-06
6.27	6.296497	189.332336	39.11747	0.124654	0	-0.221228	1.00E-06	1.034308	1.00E-06	43.894089	467.451477	-50.621731	-0.115781	0	0.256231	-7.00E-06	0.658809	-3.00E-06
6.271	5.975712	183.12912	36.688545	0.125193	0	-0.221228	2.00E-06	1.034308	0.00E+00	43.894089	480.523621	-50.935577	-0.115906	0	0.256231	-1.40E-05	0.720449	-4.00E-06
6.272	5.583572	179.161926	35.513184	0.125765	0	-0.221054	1.00E-06	0.986879	1.00E-06	43.821289	481.585938	-51.405643	-0.115906	0	0.256238	-1.40E-05	0.771129	-4.00E-06
6.273	5.975712	173.483276	34.102913	0.126437	0	-0.221194	1.00E-06	0.899005	0.00E+00	43.821289	483.958557	-51.562588	-0.115906	0	0.25736	-7.00E-06	0.797926	-4.00E-06
6.274	6.127085	168.657837	32.927589	0.127186	0	-0.221194	1.00E-06	0.899005	2.00E-06	43.669918	489.109131	-51.640713	-0.116022	0	0.257337	-7.00E-06	0.880548	-3.00E-06
6.275	6.127085	163.136139	31.752308	0.127186	0	-0.221194	2.00E-06	0.899005	2.00E-06	43.669918	494.260895	-51.641277	-0.11639	0	0.257735	-7.00E-06	0.914665	-3.00E-06
6.276	5.497784	155.899994	31.047096	0.125519	0	-0.219796	2.00E-06	0.897414	2.00E-06	43.829227	501.31308	-51.954395	-0.116095	0	0.258645	-1.00E-05	0.916263	-3.00E-06
6.277	5.497784	151.753845	30.106926	0.125519	0	-0.219796	2.00E-06	0.897414	0	44.299942	502.318359	-51.641277	-0.116095	0	0.258645	-1.00E-05	0.916263	-4.00E-06
6.278	5.497784	146.934952	29.244808	0.12488	0	-0.219726	3.00E-06	0.897414	0.00E+00	44.299942	507.308777	-52.189991	-0.116095	0	0.258013	-1.00E-05	0.918668	-1.00E-06
6.279	4.868481	138.329468	27.756207	0.125872	0	-0.219416	1.00E-06	0.850059	0	43.369335	516.08374	-53.287304	-0.116612	0	0.258013	-1.00E-05	1.116028	-1.00E-06
6.28	4.712057	136.081039	25.875591	0.125195	0	-0.218851	2.00E-06	0.850059	1.00E-06	43.369335	522.771362	-53.287304	-0.116629	0	0.259879	-1.00E-05	1.116028	-1.00E-06
6.281	4.553471	132.290527	23.995132	0.125872	0	-0.218851	1.00E-06	0.841171	1.00E-06	44.229305	525.17981	-53.287304	-0.116682	0	0.259879	-1.00E-05	1.00263	-1.00E-06
6.282	4.07987	128.682465	21.095898	0.125195	0	-0.217577	1.00E-06	0.81711	1.00E-06	44.935738	532.578064	-53.992924	-0.116716	0	0.260158	-1.00E-05	0.953644	-2.00E-06
6.283	4.07987	121.269577	18.823467	0.126377	0	-0.216844	1.00E-06	0.841171	1.00E-06	44.935738	539.436646	-54.61977	-0.116694	0	0.259138	-1.00E-05	1.00263	-2.00E-06
6.284	3.924168	118.856491	17.96167	0.126377	0	-0.217577	1.00E-06	0.811151	1.00E-06	44.935738	539.622986	-54.77663	-0.116716	0	0.259071	-1.00E-05	1.05687	-4.00E-06
6.285	4.309814	116.268646	16.707859	0.126377	0	-0.216844	1.00E-06	0.941123	1.00E-06	45.255077	548.045654	-55.089832	-0.116865	0	0.259071	-1.00E-05	1.133937	-4.00E-06
6.286	3.369108	107.838264	16.472744	0.128384	0	-0.217019	1.00E-06	0.860386	1.00E-06	46.195061	556.10614	-55.325108	-0.116865	0	0.26027	-1.70E-05	1.05687	-4.00E-06
6.287	3.369108	107.486458	15.297424	0.127399	0	-0.217019	1.00E-06	0.992164	1.00E-06	46.195061	557.646729	-55.48209	-0.116865	0	0.26043	-1.90E-05	1.109924	-3.00E-06
6.288	3.369108	104.545677	14.827042	0.128686	0	-0.217019	0	0.992164	1.00E-06	46.195061	563.66333	-55.638828	-0.116693	0	0.26027	-1.70E-05	1.02067	-3.00E-06
6.289	3.522646	100.93222	14.121944	0.128686	0	-0.219193	0	0.992164	1.00E-06	47.135044	569.685242	-57.362545	-0.117296	0	0.259435	-9.00E-06	1.109924	-2.00E-06
6.29	3.522646	97.476089	12.55489	0.129141	0	-0.217008	1.00E-06	1.081185	0.00E+00	47.135044	572.100708	-56.971134	-0.1174	0	0.259435	-7.00E-06	0.956593	-2.00E-06
6.291	3.286928	91.807114	12.084427	0.130455	0	-0.217056	1.00E-06	0.882622	0.00E+00	47.135044	585.84021	-58.381565	-0.1174	0	0.261255	-9.00E-06	0.979325	-2.00E-06
6.292	2.665564	90.765259	12.084427	0.130455	0	-0.217056	1.00E-06	0.853262	-1.00E-06	47.607201	586.845398	-57.911583	-0.117032	0	0.261255	-7.00E-06	0.978593	-4.00E-06
6.293	2.665564	85.930946	13.4949	0.130711	0	-0.217056	1.00E-06	0.853262	0.00E+00	47.688663	591.503906	-58.381565	-0.117032	0	0.261144	-5.00E-06	0.979325	-4.00E-06
6.294	2.665564	83.362411	13.4949	0.130711	0	-0.217741	1.00E-06	0.853262	0	48.002232	600.260559	-58.773258	-0.117231	0	0.260706	-5.00E-06	1.051995	-4.00E-06
6.295	2.352716	79.370895	12.397911	0.130397	0	-0.214634	1.00E-06	0.871124	0.00E+00	48.395817	607.137268	-58.930202	-0.117431	0	0.260923	-8.00E-06	1.103293	-2.00E-06
6.296	2.352716	73.871246	12.319462	0.130397	0	-0.216728	1.00E-06	0.871124	1.00E-06	48.629368	612.287109	-59.321972	-0.117431	0	0.260923	-8.00E-06	1.086668	-2.00E-06
6.297	2.352716	73.690346	10.909065	0.129087	0	-0.216728	1.00E-06	0.871124	0.00E+00	49.099358	617.079407	-59.321972	-0.117431	0	0.260923	-1.40E-05	1.086668	-4.00E-06
6.298	1.331274	67.998566	10.51717	0.130126	0	-0.216728	1.00E-06	0.838829	0	49.099358	621.044189	-59.400425	-0.117322	0	0.26116	-1.40E-05	1.086668	-4.00E-06
6.299	1.331274	63.360245	9.420341	0.130126	0	-0.218707	1.00E-06	0.831422	0	47.851578	633.768921	-61.751064	-0.117322	0	0.260929	-1.40E-05	1.103997	-3.00E-06
6.3	1.722694	62.135159	9.185268	0.130752	0	-0.218778	1.00E-06	0.831422	0	47.851578	639.967957	-61.751064	-0.117322	0	0.26116	-7.00E-06	1.184828	-3.00E-06
6.301	1.722694	57.83276	8.401443	0.132048	0	-0.218778	1.00E-06	0.831422	0	48.242279	641.642334	-61.437626	-0.117611	0	0.261853	-7.00E-06	1.210767	-4.00E-06
6.302	1.641233	52.879333	7.931339	0.132048	0	-0.209689	1.00E-06	0.934048	0	48.242279	647.169861	-61.437626	-0.117408	0	0.262339	-1.00E-05	1.210767	-4.00E-06
6.303	1.409124	51.454838	6.755978	0.131038	0	-0.209689	1.00E-06	0.961124	0	48.083687	654.721619	-61.516117	-0.117408	0	0.261853	-1.00E-05	1.210767	-3.00E-06
6.304	1.408403	50.942955	6.442375	0.131038	0	-0.212819	1.00E-06	0.935472	0	47.773727	655.410889	-61.986057	-0.117408	0	0.261499	-1.00E-05	1.258702	-3.00E-06
6.305	1.409124	49.556286	6.442337	0.131187	0	-0.213728	1.00E-06	0.961124	0	47.773727	661.949646	-61.594364	-0.117395	0	0.261499	-1.00E-05	1.258702	-2.00E-06
6.306	0.939133	45.595642	6.363804	0.132076	0	-0.213728	0	0.948802	0	47.773727	669.500183	-61.986057	-0.117395	0	0.262483	-1.40E-05	1.265098	-2.00E-06
6.307	1.254143	44.731224	6.207226	0.132573	0	-0.213728	0	0.980161	0	47.147312	672.076477	-62.142879	-0.117395	0	0.262483	-1.00E-05	1.255571	-2.00E-06
6.308	1.254143	43.005089	5.423431	0.134768	0	-0.217636	0	0.961742	0	47.147312	678.253174	-62.142879	-0.117342	0	0.262164	-3.00E-06	1.255571	-5.00E-06
6.309	1.254143	41.457226	5.03162	0.132573	0	-0.213796	0.00E+00	0.980161	0.00E+00	48.007282	681.37207	-60.497456	-0.117497	0	0.262112	-3.00E-06	1.202384	-5.00E-06
6.31	1.017706	37.132072	4.796631	0.142311	0	-0.213796	0	0.961742	0	48.007282	681.53418	-60.419209	-0.117497	0	0.262164	-3.00E-06	1.164616	-5.00E-06
6.311	0.786318	36.981239	4.639809	0.136412	0	-0.213796	0	0.925269	0	47.30518	694.619385	-60.497456	-0.117746	0	0.262461	-7.00E-06	1.164616	-4.00E-06
6.312	0.786318	34.887882	3.934589	0.145497	0	-0.225654	0	0.861402	0	45.977383	695.268677	-60.811024	-0.117746	0	0.262461	0.00E+00	1.27646	-4.00E-06
6.313	0.862003	34.887882	3.386154	0.145497	0	-0.231007	0.00E+00	0.861402	0.00E+00	45.977383	695.271301	-60.967838	-0.117709	0	0.262454	-7.00E-06	1.281345	-4.00E-06
6.314	0.862003	34.887882	2.759029	0.145497	0	-0.233248	1.00E-06	0.861402	1.00E-06	45.977383	701.118225	-61.046089	-0.117709	0	0.262454	-9.00E-06	1.299415	-6.00E-06
6.315	0.549877	31.433321	2.759029	0.146651	0	-0.233248	0.00E+00	0.779138	0.00E+00	46.370247	707.64856	-61.046089	-0.117709	0	0.262831	-9.00E-06	1.332471	-6.00E-06
6.316	0.395618	30.404188	3.464367	0.147263	0	-0.237706	1.00E-06	0.779138	0	46.680927	711.591797	-61.046089	-0.117722	0	0.262997	-8.00E-06	1.332471	-7.00E-06
6.317	0.317047	29.890041	4.247753	0.147263	0	-0.231489	0.00E+00	0.831971	0	46.837353	711.591797	-60.497738	-0.117724	0	0.262997	-8.00E-06	1.322102	-7.00E-06
6.318	0	26.094501	4.247753	0.150327	0	-0.23913	0	0.831971	0	46.837353	715.88916	-60.497738	-0.117745	0	0.263278	-1.50E-05	1.322102	-6.00E-06
6.319	0	0	0	0.2	0	-0.3	0	0	0	45.823124	723.618347	-61.437943	-0.117808	0	0.263278	-1.50E-05	1.408552	-5.00E-06
6.32	0	0	0	0.2	0	-0.3	0	0	0	45.823124	728.405945	-61.437943	-0.117808	0	0.263607	-1.50E-05	1.465385	-5.00E-06
6.321	0	0	0	0.2	0	-0.3	0	0	0	45.823124	728.614197	-59.87093	-0.117772	0	0.263607	-1.10E-05	1.465385	-5.00E-06
6.322	0	0	0	0.2	0	-0.3	0	0	0	45.508835	730.160706	-59.87093	-0.117772	0	0.263765	-7.00E-06	1.361081	-3.00E-06
6.323	0	0	0	0.2	0	-0.3	0	0	0	45.508835	734.623474	-59.871056	-0.117772	0	0.26294	-7.00E-06	1.361081	-4.00E-06
6.324	0	0	0	0.2	0	-0.3	0	0	0	45.274559	735.656006	-59.871056	-0.11797	0	0.263308	-7.00E-06	1.405465	-4.00E-06
6.325	0	0	0	0.2	0	-0.3	0	0	0	45.667423	740.129761	-59.165874	-0.117848	0	0.263308	-1.60E-05	1.443005	-5.00E-06
6.326	0	0	0	0.2	0	-0.3	0	0	0	45.666702	743.377136	-59.165836	-0.117848	0	0.263525	-1.40E-05	1.443005	-7.00E-06
6.327	0	0	0	0.2	0	-0.3	0	0	0	45.666702	744.75769	-59.165836	-0.117848	0	0.263525	-1.40E-05	1.473512	-7.00E-06
6.328	0	0	0	0.2	0	-0.3	0	0	0	45.666702	747.154175	-58.930843	-0.117821	0	0.263525	-1.30E-05	1.433181	-7.00E-06
6.329	0	0	0	0.2	0	-0.3	0	0	0	46.296005	748.531555	-57.285622	-0.118014	0	0.26351	-1.00E-06	1.446274	-4.00E-06
6.33	0	0	0	0.2	0	-0.3	0	0	0	46.296005	748.531555	-57.050751	-0.118014	0	0.263665	-1.30E-05	1.433181	-4.00E-06
6.331	0	0	0	0.2	0	-0.3	0	0	0	45.593182	756.271118	-56.972137	-0.118014	0	0.263665	-4.00E-06	1.446274	-4.00E-06
6.332	0	0	0	0.2	0	-0.3	0	0	0	45.1203	756.271118	-57.050751	-0.117859	0	0.263748	-1.70E-05	1.36961	-5.00E-06
6.333	0	0	0	0.2	0	-0.3	0	0	0	45.1203	754.208374	-56.658859	-0.117859	0	0.263748	-1.40E-05	1.454567	-5.00E-06
6.334	0	0	0	0.2	0	-0.3	0	0	0	45.1203	754.208374	-56.502155	-0.11816	0	0.263748	-1.40E-05	1.454567	-5.00E-06
6.335	0	0	0	0.2	0	-0.3	0	0	0	45.201038	760.726624	-56.267082	-0.11816	0	0.26435	-4.00E-06	1.482992	-3.00E-06
6.336	0	0	0	0.2	0	-0.3	0	0	0	45.201038	760.726624	-55.640156	-0.118085	0	0.264405	6.00E-06	1.483838	-3.00E-06
6.337	0	0	0	0.2	0	-0.3	0	0	0	45.357464	760.202881	-55.013435	-0.118085	0	0.264405	6.00E-06	1.483838	-3.00E-06
6.338	0	0	0	0.2	0	-0.3	0	0	0	45.044613	760.202881	-55.013435	-0.118243	0	0.264581	-2.20E-05	1.483838	-4.00E-06
6.339	0	0	0	0.2	0	-0.3	0	0	0	44.420361	763.472717	-54.072945	-0.118343	0	0.264738	-2.20E-05	1.571045	-4.00E-06
6.34	0	0	0	0.2	0	-0.3	0	0	0	44.420361	766.578857	-54.072945	-0.11884	0	0.265023	-7.00E-06	1.571045	-2.00E-06
6.341	0	0	0	0.2	0	-0.3	0	0	0	45.044613	766.578857	-53.759541	-0.11884	0	0.265023	-5.00E-06	1.575953	-2.00E-06
6.342	0	0	0	0.2	0	-0.3	0	0	0	45.044613	764.856262	-53.524509	-0.11884	0	0.264823	-7.00E-06	1.565612	-4.00E-06
6.343	0	0	0	0.2	0	-0.3	0	0	0	45.435314	764.856262	-53.524509	-0.118896	0	0.264823	-1.10E-05	1.575953	-7.00E-06
6.344	0	0	0	0.2	0	-0.3	0	0	0	45.750324	764.856262	-52.584343	-0.118896	0	0.265072	-2.30E-05	1.565612	-7.00E-06
6.345	0	0	0	0.2	0	-0.3	0	0	0	46.061008	765.530884	-52.114315	-0.118888	0	0.265239	-2.30E-05	1.521615	-7.00E-06
6.346	0	0	0	0.2	0	-0.3	0	0	0	46.373131	764.328918	-51.644173	-0.118882	0	0.26562	-1.50E-05	1.447339	-7.00E-06
6.347	0	0	0	0.2	0	-0.3	0	0	0	46.373131	766.897888	-51.644173	-0.118882	0	0.26562	-6.00E-06	1.521615	-5.00E-06
6.348	0	0	0	0.2	0	-0.3	0	0	0	46.685978	763.962158	-51.644173	-0.11901	0	0.265304	-3.00E-06	1.449301	-7.00E-06
6.349	0	0	0	0.2	0	-0.3	0	0	0	47.780941	760.702026	-49.685188	-0.11901	0	0.265171	-3.00E-06	1.452733	-2.00E-06
6.35	0	0	0	0.2	0	-0.3	0	0	0	47.780941	760.702026	-49.685188	-0.11901	0	0.265304	-5.00E-06	1.449301	-7.00E-06
6.351	0	0	0	0.2	0	-0.3	0	0	0	47.313839	763.45105	-49.450314	-0.11888	0	0.265687	-1.40E-05	1.452733	0.00E+00
6.352	0	0	0	0.2	0	-0.3	0	0	0	47.313839	763.45105	-49.450314	-0.119027	0	0.265777	-1.60E-05	1.535873	-1.00E-06
6.353	0	0	0	0.2	0	-0.3	0	0	0	47.313839	760.008423	-49.371704	-0.119027	0	0.265777	-1.80E-05	1.563855	-1.00E-06
6.354	0	0	0	0.2	0	-0.3	0	0	0	47.623077	760.008423	-48.588161	-0.119248	0	0.265777	-1.80E-05	1.563855	-3.00E-06
6.355	0	0	0	0.2	0	-0.3	0	0	0	48.01738	760.51062	-47.804489	-0.119248	0	0.266415	-1.90E-05	1.590986	-5.00E-06
6.356	0	0	0	0.2	0	-0.3	0	0	0	48.092346	760.51062	-47.804489	-0.119014	0	0.26651	-1.30E-05	1.590986	-3.00E-06
6.357	0	0	0	0.2	0	-0.3	0	0	0	48.406635	757.924377	-47.804489	-0.119014	0	0.26651	-9.00E-06	1.558687	-5.00E-06
6.358	0	0	0	0.2	0	-0.3	0	0	0	48.092346	757.924377	-47.725998	-0.119261	0	0.26651	-9.00E-06	1.558687	0.00E+00
6.359	0	0	0	0.2	0	-0.3	0	0	0	47.623077	758.624756	-46.158947	-0.119294	0	0.266767	-1.40E-05	1.594185	-5.00E-06
6.36	0	0	0	0.2	0	-0.3	0	0	0	47.623077	758.624756	-46.158947	-0.119717	0	0.267016	-1.40E-05	1.594185	-3.00E-06
6.361	0	0	0	0.2	0	-0.3	0	0	0	48.640186	758.269104	-45.061794	-0.119717	0	0.267016	-1.40E-05	1.556604	-3.00E-06
6.362	0	0	0	0.2	0	-0.3	0	0	0	48.640186	753.115112	-44.905132	-0.119757	0	0.267191	-6.00E-06	1.541327	-3.00E-06
6.363	0	0	0	0.2	0	-0.3	0	0	0	49.106575	751.748413	-44.905132	-0.119894	0	0.267191	-6.00E-06	1.553005	-3.00E-06
6.364	0	0	0	0.2	0	-0.3	0	0	0	49.808678	751.748413	-44.043015	-0.119894	0	0.267191	-6.00E-06	1.508697	-3.00E-06
6.365	0	0	0	0.2	0	-0.3	0	0	0	49.965099	748.810364	-43.808022	-0.119832	0	0.267457	1.00E-06	1.553005	-5.00E-06
6.366	0	0	0	0.2	0	-0.3	0	0	0	49.963654	747.267456	-43.102688	-0.119802	0	0.267652	-1.00E-05	1.582191	-5.00E-06
6.367	0	0	0	0.2	0	-0.3	0	0	0	49.963654	748.810364	-43.102688	-0.119832	0	0.267713	-1.20E-05	1.588732	-6.00E-06
6.368	0	0	0	0.2	0	-0.3	0	0	0	49.963654	746.917664	-43.024273	-0.119917	0	0.267652	-1.30E-05	1.582191	-5.00E-06
6.369	0	0	0	0.2	0	-0.3	0	0	0	51.762886	741.400208	-40.908588	-0.119988	0	0.267713	-1.30E-05	1.588732	-4.00E-06
6.37	0	0	0	0.2	0	-0.3	0	0	0	51.762886	741.400208	-40.516975	-0.120132	0	0.268353	-1.10E-05	1.591552	-2.00E-06
6.371	0	0	0	0.2	0	-0.3	0	0	0	51.055012	741.400208	-40.830173	-0.120141	0	0.268353	-9.00E-06	1.591552	-4.00E-06
6.372	0	0	0	0.2	0	-0.3	0	0	0	51.055012	739.5271	-40.046669	-0.120141	0	0.268308	-9.00E-06	1.755296	-4.00E-06
6.373	0	0	0	0.2	0	-0.3	0	0	0	51.287846	735.564209	-39.889889	-0.120141	0	0.26767	-7.00E-06	1.479179	-4.00E-06
6.374	0	0	0	0.2	0	-0.3	0	0	0	51.757114	735.564209	-39.889767	-0.120325	0	0.268308	-1.00E-05	1.559675	-4.00E-06
6.375	0	0	0	0.2	0	-0.3	0	0	0	51.757114	735.726135	-39.497875	-0.120479	0	0.268678	-1.20E-05	1.559675	-4.00E-06
6.376	0	0	0	0.2	0	-0.3	0	0	0	51.757114	735.726135	-39.497753	-0.120517	0	0.268678	-1.20E-05	1.565009	-5.00E-06
6.377	0	0	0	0.2	0	-0.3	0	0	0	51.99139	732.298645	-38.792576	-0.120479	0	0.268383	-1.20E-05	1.565009	-5.00E-06
6.378	0	0	0	0.2	0	-0.3	0	0	0	51.521397	732.298645	-38.792416	-0.120518	0	0.268383	-1.20E-05	1.565009	-5.00E-06
6.379	0	0	0	0.2	0	-0.3	0	0	0	51.832077	732.281555	-38.635593	-0.1206	0	0.269237	-9.00E-06	1.630815	-2.00E-06
6.38	0	0	0	0.2	0	-0.3	0	0	0	51.59203	732.281555	-38.635593	-0.120613	0	0.269237	-2.00E-05	1.630815	-2.00E-06
6.381	0	0	0	0.2	0	-0.3	0	0	0	51.832077	729.878906	-36.911678	-0.120613	0	0.269163	-2.00E-06	1.630815	-5.00E-06
6.382	0	0	0	0.2	0	-0.3	0	0	0	51.832077	724.901489	-36.833427	-0.12071	0	0.268741	-9.00E-06	1.62319	-5.00E-06
6.383	0	0	0	0.2	0	-0.3	0	0	0	52.222057	724.542053	-36.833427	-0.12071	0	0.268741	-9.00E-06	1.62319	-1.00E-06
6.384	0	0	0	0.2	0	-0.3	0	0	0	52.377033	724.53772	-35.81461	-0.120792	0	0.268904	-2.00E-05	1.610908	-1.00E-06
6.385	0	0	0	0.2	0	-0.3	0	0	0	53.079861	723.35437	-35.422955	-0.121009	0	0.269332	-2.00E-05	1.595234	-4.00E-06
6.386	0	0	0	0.2	0	-0.3	0	0	0	53.156986	721.284973	-35.031021	-0.120872	0	0.269583	-1.90E-05	1.595234	-4.00E-06
6.387	0	0	0	0.2	0	-0.3	0	0	0	53.079861	721.281128	-35.031021	-0.121009	0	0.269583	-8.00E-06	1.627894	-4.00E-06
6.388	0	0	0	0.2	0	-0.3	0	0	0	53.23484	720.24231	-34.795788	-0.121155	0	0.269739	-1.90E-05	1.627894	-4.00E-06
6.389	0	0	0	0.2	0	-0.3	0	0	0	53.466946	716.106201	-33.071953	-0.121263	0	0.269779	-4.00E-06	1.584056	-4.00E-06
6.39	0	0	0	0.2	0	-0.3	0	0	0	53.466946	715.60907	-33.071953	-0.121263	0	0.269739	-1.90E-05	1.583393	-6.00E-06
6.391	0	0	0	0.2	0	-0.3	0	0	0	53.15266	715.60907	-32.99342	-0.121128	0	0.269336	-9.00E-06	1.546801	-4.00E-06
6.392	0	0	0	0.2	0	-0.3	0	0	0	52.760517	713.017273	-32.99342	-0.121128	0	0.269336	-1.90E-05	1.546801	-3.00E-06
6.393	0	0	0	0.2	0	-0.3	0	0	0	52.760517	710.616211	-32.601688	-0.121329	0	0.269936	-1.50E-05	1.546801	-3.00E-06
6.394	0	0	0	0.2	0	-0.3	0	0	0	52.760517	709.916443	-32.523277	-0.121412	0	0.270452	-2.10E-05	1.595459	-5.00E-06
6.395	0	0	0	0.2	0	-0.3	0	0	0	52.683388	709.916443	-32.053211	-0.12147	0	0.270726	-1.50E-05	1.589905	-5.00E-06
6.396	0	0	0	0.2	0	-0.3	0	0	0	52.524082	709.916443	-31.661318	-0.121528	0	0.270726	-1.10E-05	1.589905	-5.00E-06
6.397	0	0	0	0.2	0	-0.3	0	0	0	52.524082	705.624451	-31.347836	-0.121528	0	0.270524	-6.00E-06	1.589905	-5.00E-06
6.398	0	0	0	0.2	0	-0.3	0	0	0	52.289082	705.624451	-31.112762	-0.121528	0	0.270524	-6.00E-06	1.601063	-5.00E-06
6.399	0	0	0	0.2	0	-0.3	0	0	0	51.897663	706.637695	-30.720787	-0.121746	0	0.271364	-6.00E-06	1.72459	-5.00E-06
6.4	0	0	0	0.2	0	-0.3	0	0	0	51.897663	706.637695	-30.720787	-0.121746	0	0.271364	-4.00E-06	1.72459	-5.00E-06
6.401	0	0	0	0.2	0	-0.3	0	0	0	51.971188	702.523987	-30.328976	-0.121672	0	0.270963	-4.00E-06	1.635186	-5.00E-06
6.402	0	0	0	0.2	0	-0.3	0	0	0	51.971188	702.523193	-29.937	-0.121672	0	0.270963	-4.00E-06	1.635186	-4.00E-06
6.403	0	0	0	0.2	0	-0.3	0	0	0	51.737633	702.523193	-29.858833	-0.121902	0	0.271409	-4.00E-06	1.707342	-2.00E-06
6.404	0	0	0	0.2	0	-0.3	0	0	0	51.737633	701.48175	-29.231825	-0.121902	0	0.27156	-4.00E-06	1.707342	-2.00E-06
6.405	0	0	0	0.2	0	-0.3	0	0	0	51.737633	701.46814	-28.996754	-0.121892	0	0.27156	-5.00E-06	1.704811	-5.00E-06
6.406	0	0	0	0.2	0	-0.3	0	0	0	51.736187	695.984375	-28.291576	-0.121892	0	0.271487	-8.00E-06	1.680931	-5.00E-06
6.407	0	0	0	0.2	0	-0.3	0	0	0	51.266197	695.984375	-28.604939	-0.121732	0	0.271487	-1.10E-05	1.680931	-5.00E-06
6.408	0	0	0	0.2	0	-0.3	0	0	0	51.266197	695.984375	-27.899723	-0.121796	0	0.271487	-1.50E-05	1.680931	-4.00E-06
6.409	0	0	0	0.2	0	-0.3	0	0	0	52.043262	692.69873	-26.332588	-0.121796	0	0.2722	-1.50E-05	1.664995	-4.00E-06
6.41	0	0	0	0.2	0	-0.3	0	0	0	52.043262	691.160522	-26.332588	-0.121796	0	0.271379	-1.50E-05	1.629406	-4.00E-06
6.411	0	0	0	0.2	0	-0.3	0	0	0	51.023266	691.160522	-26.097397	-0.122064	0	0.271479	-1.20E-05	1.396374	-5.00E-06
6.412	0	0	0	0.2	0	-0.3	0	0	0	50.788986	688.748535	-26.097397	-0.122064	0	0.271479	-9.00E-06	1.396374	-4.00E-06
6.413	0	0	0	0.2	0	-0.3	0	0	0	50.396126	688.748535	-24.921917	-0.122318	0	0.271479	-8.00E-06	1.501707	-5.00E-06
6.414	0	0	0	0.2	0	-0.3	0	0	0	50.083275	688.748535	-24.843384	-0.122601	0	0.272252	-6.00E-06	1.588839	-5.00E-06
6.415	0	0	0	0.2	0	-0.3	0	0	0	50.083275	688.05188	-24.765175	-0.122601	0	0.273043	-6.00E-06	1.564094	-5.00E-06
6.416	0	0	0	0.2	0	-0.3	0	0	0	50.083275	687.705872	-24.373402	-0.122318	0	0.273115	-7.00E-06	1.63519	-3.00E-06
6.417	0	0	0	0.2	0	-0.3	0	0	0	50.006149	682.537964	-24.294828	-0.122242	0	0.273043	-8.00E-06	1.63519	-3.00E-06
6.418	0	0	0	0.2	0	-0.3	0	0	0	50.003262	682.537964	-24.059715	-0.122242	0	0.273115	-7.00E-06	1.679232	-3.00E-06
6.419	0	0	0	0.2	0	-0.3	0	0	0	48.513992	684.934448	-23.276131	-0.122497	0	0.273875	-8.00E-06	1.679232	-2.00E-06
6.42	0	0	0	0.2	0	-0.3	0	0	0	48.513992	684.934448	-23.276131	-0.122507	0	0.273875	-2.00E-05	1.653927	-2.00E-06
6.421	0	0	0	0.2	0	-0.3	0	0	0	48.671135	679.61261	-23.119549	-0.122507	0	0.273759	-2.00E-05	1.653927	-4.00E-06
6.422	0	0	0	0.2	0	-0.3	0	0	0	48.671135	679.61261	-22.805904	-0.122696	0	0.273174	-1.90E-05	1.594632	-4.00E-06
6.423	0	0	0	0.2	0	-0.3	0	0	0	48.278992	679.61261	-22.649162	-0.122696	0	0.273759	-7.00E-06	1.710384	-6.00E-06
6.424	0	0	0	0.2	0	-0.3	0	0	0	48.278992	678.073486	-21.1604	-0.122696	0	0.274053	-1.40E-05	1.598985	-3.00E-06
6.425	0	0	0	0.2	0	-0.3	0	0	0	48.278992	678.053467	-21.0037	-0.122666	0	0.274497	-4.00E-06	1.648726	0.00E+00
6.426	0	0	0	0.2	0	-0.3	0	0	0	48.041111	673.583313	-20.925247	-0.122666	0	0.274497	-9.00E-06	1.607214	0
6.427	0	0	0	0.2	0	-0.3	0	0	0	47.727547	673.583313	-20.925247	-0.122686	0	0.274139	4.00E-06	1.648726	-1.00E-06
6.428	0	0	0	0.2	0	-0.3	0	0	0	47.727547	672.740845	-20.925247	-0.122794	0	0.274139	-2.00E-06	1.607214	-4.00E-06
6.429	0	0	0	0.2	0	-0.3	0	0	0	48.269615	669.118591	-18.966381	-0.122757	0	0.274303	-2.00E-06	1.500703	-4.00E-06
6.43	0	0	0	0.2	0	-0.3	0	0	0	48.425316	667.565247	-18.966381	-0.122757	0	0.274448	-2.00E-06	1.500703	-5.00E-06
6.431	0	0	0	0.2	0	-0.3	0	0	0	48.269615	666.507568	-19.671234	-0.122757	0	0.274448	-2.00E-06	1.646971	-4.00E-06
6.432	0	0	0	0.2	0	-0.3	0	0	0	46.940376	665.511169	-19.671234	-0.122864	0	0.274773	-2.00E-06	1.648391	-4.00E-06
6.433	0	0	0	0.2	0	-0.3	0	0	0	46.940376	665.511169	-18.417545	-0.122864	0	0.274773	-4.00E-06	1.646971	-4.00E-06
6.434	0	0	0	0.2	0	-0.3	0	0	0	46.940376	665.511169	-18.260803	-0.12306	0	0.275639	-8.00E-06	1.641916	-6.00E-06
6.435	0	0	0	0.2	0	-0.3	0	0	0	45.91893	664.46582	-17.320475	-0.12304	0	0.275677	-1.00E-05	1.641916	-6.00E-06
6.436	0	0	0	0.2	0	-0.3	0	0	0	45.91893	664.288025	-17.320475	-0.12304	0	0.275677	-1.00E-05	1.590418	-4.00E-06
6.437	0	0	0	0.2	0	-0.3	0	0	0	46.310349	661.029114	-17.320312	-0.12304	0	0.275162	-1.00E-05	1.572812	-4.00E-06
6.438	0	0	0	0.2	0	-0.3	0	0	0	46.310349	661.029114	-17.242023	-0.123235	0	0.275162	-1.60E-05	1.572812	-3.00E-06
6.439	0	0	0	0.2	0	-0.3	0	0	0	44.74395	661.358459	-16.301775	-0.123332	0	0.276367	-1.60E-05	1.452279	-2.00E-06
6.44	0	0	0	0.2	0	-0.3	0	0	0	44.74395	661.358459	-16.301775	-0.123332	0	0.276407	-8.00E-06	1.46889	-2.00E-06
6.441	0	0	0	0.2	0	-0.3	0	0	0	44.738178	656.894104	-15.596357	-0.123332	0	0.276407	3.00E-06	1.46889	-6.00E-06
6.442	0	0	0	0.2	0	-0.3	0	0	0	44.737457	656.894104	-15.204704	-0.123321	0	0.276208	3.00E-06	1.46889	-6.00E-06
6.443	0	0	0	0.2	0	-0.3	0	0	0	44.737457	656.894104	-15.048044	-0.123362	0	0.276172	3.00E-06	1.4629	-3.00E-06
6.444	0	0	0	0.2	0	-0.3	0	0	0	44.971733	655.335327	-14.812771	-0.123506	0	0.276172	3.00E-06	1.412323	-3.00E-06
6.445	0	0	0	0.2	0	-0.3	0	0	0	44.971733	654.325928	-13.480669	-0.123506	0	0.276603	3.00E-06	1.412323	-4.00E-06
6.446	0	0	0	0.2	0	-0.3	0	0	0	44.811699	648.820862	-13.402458	-0.123506	0	0.276603	-9.00E-06	1.412323	-4.00E-06
6.447	0	0	0	0.2	0	-0.3	0	0	0	44.032471	648.820862	-13.480669	-0.12393	0	0.276603	-1.40E-05	1.539155	-4.00E-06
6.448	0	0	0	0.2	0	-0.3	0	0	0	44.032471	648.820862	-13.245558	-0.12393	0	0.276817	-9.00E-06	1.539155	-3.00E-06
6.449	0	0	0	0.2	0	-0.3	0	0	0	45.748798	646.059082	-11.36506	-0.123409	0	0.277087	4.00E-06	1.401543	-5.00E-06
6.45	0	0	0	0.2	0	-0.3	0	0	0	45.748798	646.059082	-11.36506	-0.123409	0	0.277673	4.00E-06	1.31342	-5.00E-06
6.451	0	0	0	0.2	0	-0.3	0	0	0	44.807373	642.937012	-11.36494	-0.123633	0	0.277673	-1.20E-05	1.31342	-6.00E-06
6.452	0	0	0	0.2	0	-0.3	0	0	0	44.728077	642.779175	-11.36494	-0.123642	0	0.277266	-1.20E-05	1.31342	-7.00E-06
6.453	0	0	0	0.2	0	-0.3	0	0	0	44.571655	642.779175	-11.129587	-0.123665	0	0.277266	-1.20E-05	1.454658	-6.00E-06
6.454	0	0	0	0.2	0	-0.3	0	0	0	44.3381	642.27771	-10.267708	-0.12376	0	0.277899	-5.00E-06	1.454658	-6.00E-06
6.455	0	0	0	0.2	0	-0.3	0	0	0	44.256641	641.229431	-9.954307	-0.123839	0	0.277919	-2.00E-06	1.351393	-4.00E-06
6.456	0	0	0	0.2	0	-0.3	0	0	0	44.020924	639.679504	-9.562613	-0.123875	0	0.277899	6.00E-06	1.343189	-4.00E-06
6.457	0	0	0	0.2	0	-0.3	0	0	0	44.256641	637.788696	-9.170679	-0.123875	0	0.277817	6.00E-06	1.343189	-3.00E-06
6.458	0	0	0	0.2	0	-0.3	0	0	0	43.941628	628.859558	-9.170679	-0.123875	0	0.277817	3.00E-06	1.343189	-3.00E-06
6.459	0	0	0	0.2	0	-0.3	0	0	0	44.093727	628.859558	-8.465384	-0.124073	0	0.278201	-8.00E-06	1.325682	-2.00E-06
6.46	0	0	0	0.2	0	-0.3	0	0	0	44.093727	630.550903	-8.465384	-0.123533	0	0.278557	-8.00E-06	1.350321	-3.00E-06
6.461	0	0	0	0.2	0	-0.3	0	0	0	44.253754	632.46759	-8.38677	-0.124284	0	0.278201	-8.00E-06	1.350321	-3.00E-06
6.462	0	0	0	0.2	0	-0.3	0	0	0	44.253754	632.46759	-7.368433	-0.123878	0	0.278557	-1.60E-05	1.370588	-3.00E-06
6.463	0	0	0	0.2	0	-0.3	0	0	0	44.250145	632.46759	-7.05479	-0.124213	0	0.278397	-1.60E-05	1.370588	-2.00E-06
6.464	0	0	0	0.2	0	-0.3	0	0	0	44.250145	631.774109	-6.192791	-0.124213	0	0.278691	-1.40E-05	1.353526	-2.00E-06
6.465	0	0	0	0.2	0	-0.3	0	0	0	44.790771	631.771301	-5.487616	-0.124213	0	0.27917	-4.00E-06	1.205188	-1.00E-06
6.466	0	0	0	0.2	0	-0.3	0	0	0	44.790771	627.973511	-5.487616	-0.124077	0	0.27917	-4.00E-06	1.205188	-1.00E-06
6.467	0	0	0	0.2	0	-0.3	0	0	0	44.09156	627.973511	-5.409124	-0.124077	0	0.279095	-4.00E-06	1.285376	-4.00E-06
6.468	0	0	0	0.2	0	-0.3	0	0	0	44.09156	626.781189	-4.939221	-0.124199	0	0.279095	-3.00E-06	1.285376	-4.00E-06
6.469	0	0	0	0.2	0	-0.3	0	0	0	45.416466	622.827515	-3.058523	-0.124233	0	0.279095	-4.00E-06	1.196581	-5.00E-06
6.47	0	0	0	0.2	0	-0.3	0	0	0	45.416466	622.827515	-2.901782	-0.124199	0	0.279425	-4.00E-06	1.196581	-5.00E-06
6.471	0	0	0	0.2	0	-0.3	0	0	0	44.947922	622.827515	-2.431759	-0.124233	0	0.279357	-1.70E-05	1.265879	-5.00E-06
6.472	0	0	0	0.2	0	-0.3	0	0	0	44.947922	621.102966	-2.431759	-0.124349	0	0.279357	-2.20E-05	1.265879	-3.00E-06
6.473	0	0	0	0.2	0	-0.3	0	0	0	44.942867	621.102966	-1.804833	-0.124686	0	0.279357	-1.70E-05	1.185696	-1.00E-06
6.474	0	0	0	0.2	0	-0.3	0	0	0	45.177864	619.396912	-1.49135	-0.124349	0	0.279952	-1.40E-05	1.109002	-3.00E-06
6.475	0	0	0	0.2	0	-0.3	0	0	0	44.942867	619.372925	-1.021166	-0.124423	0	0.279952	-7.00E-06	1.109002	-3.00E-06
6.476	0	0	0	0.2	0	-0.3	0	0	0	44.861412	618.862671	-0.785852	-0.124423	0	0.279952	-7.00E-06	1.109002	-3.00E-06
6.477	0	0	0	0.2	0	-0.3	0	0	0	44.861412	618.351929	-0.394239	-0.124423	0	0.27948	-6.00E-06	1.134517	-4.00E-06
6.478	0	0	0	0.2	0	-0.3	0	0	0	44.861412	618.351929	0.232727	-0.124834	0	0.280158	-6.00E-06	1.134517	-4.00E-06
6.479	0	0	0	0.2	0	-0.3	0	0	0	44.778507	618.875732	0.232727	-0.124876	0	0.280203	-6.00E-06	1.009778	-5.00E-06
6.48	0	0	0	0.2	0	-0.3	0	0	0	44.778507	618.875732	0.232727	-0.124876	0	0.280203	-7.00E-06	0.97482	-4.00E-06
6.481	0	0	0	0.2	0	-0.3	0	0	0	44.388531	614.054932	0.54613	-0.124606	0	0.279881	-7.00E-06	1.009778	-5.00E-06
6.482	0	0	0	0.2	0	-0.3	0	0	0	44.622803	614.054932	1.408086	-0.124606	0	0.279881	-1.70E-05	1.098785	-2.00E-06
6.483	0	0	0	0.2	0	-0.3	0	0	0	44.622803	615.255676	1.956641	-0.124867	0	0.280284	-1.80E-05	1.098785	-2.00E-06
6.484	0	0	0	0.2	0	-0.3	0	0	0	44.935654	615.255676	2.661697	-0.124867	0	0.280531	-1.80E-05	1.051678	-2.00E-06
6.485	0	0	0	0.2	0	-0.3	0	0	0	45.007732	614.389771	3.445364	-0.124794	0	0.280531	-1.50E-05	1.020687	-3.00E-06
6.486	0	0	0	0.2	0	-0.3	0	0	0	45.007732	611.644592	3.837058	-0.12465	0	0.280838	-9.00E-06	0.983328	-3.00E-06
6.487	0	0	0	0.2	0	-0.3	0	0	0	44.384201	611.644592	3.837058	-0.124794	0	0.28086	-8.00E-06	0.983328	-3.00E-06
6.488	0	0	0	0.2	0	-0.3	0	0	0	44.384201	609.239929	4.150541	-0.124653	0	0.280969	-3.00E-06	1.00637	-4.00E-06
6.489	0	0	0	0.2	0	-0.3	0	0	0	45.945549	609.239929	6.109649	-0.124653	0	0.281146	-3.00E-06	1.00637	-2.00E-06
6.49	0	0	0	0.2	0	-0.3	0	0	0	45.945549	609.239929	6.736212	-0.124653	0	0.28139	-1.20E-05	1.00637	-2.00E-06
6.491	0	0	0	0.2	0	-0.3	0	0	0	45.945549	607.84668	6.736373	-0.124424	0	0.281755	-1.20E-05	1.05616	-2.00E-06
6.492	0	0	0	0.2	0	-0.3	0	0	0	46.023399	607.84668	7.206518	-0.124518	0	0.281755	0	1.05616	-2.00E-06
6.493	0	0	0	0.2	0	-0.3	0	0	0	46.260559	607.84668	7.51984	-0.124363	0	0.281744	1.00E-06	0.959704	-2.00E-06
6.494	0	0	0	0.2	0	-0.3	0	0	0	46.414101	608.702148	7.51984	-0.124363	0	0.281744	1.00E-06	0.887162	-2.00E-06
6.495	0	0	0	0.2	0	-0.3	0	0	0	46.414101	608.702148	7.676662	-0.124363	0	0.281744	1.00E-06	0.740289	-1.00E-06
6.496	0	0	0	0.2	0	-0.3	0	0	0	45.861927	604.410278	7.990024	-0.124486	0	0.281665	-8.00E-06	0.740289	-2.00E-06
6.497	0	0	0	0.2	0	-0.3	0	0	0	45.861927	604.239746	8.61683	-0.124675	0	0.281599	-1.30E-05	0.765757	-2.00E-06
6.498	0	0	0	0.2	0	-0.3	0	0	0	45.627651	604.410278	8.616991	-0.124714	0	0.281665	-2.10E-05	0.789943	-3.00E-06
6.499	0	0	0	0.2	0	-0.3	0	0	0	46.644043	606.812927	8.852103	-0.124675	0	0.28204	-1.30E-05	0.816098	-3.00E-06
6.5	0	0	0	0.2	0	-0.3	0	0	0	46.096199	606.812927	8.852103	-0.124403	0	0.282155	2.00E-06	0.84098	-4.00E-06
6.501	0	0	0	0.2	0	-0.3	0	0	0	46.096199	600.958374	10.575938	-0.124403	0	0.28204	2.00E-06	0.84098	-4.00E-06
6.502	0	0	0	0.2	0	-0.3	0	0	0	46.096199	600.958374	10.575938	-0.124665	0	0.281888	0.00E+00	0.764141	-4.00E-06
6.503	0	0	0	0.2	0	-0.3	0	0	0	46.326866	604.759705	10.575938	-0.124665	0	0.281888	-1.40E-05	0.764141	-4.00E-06
6.504	0	0	0	0.2	0	-0.3	0	0	0	46.326866	604.759705	11.516106	-0.1244	0	0.282916	-1.40E-05	0.764141	-2.00E-06
6.505	0	0	0	0.2	0	-0.3	0	0	0	46.403999	603.378052	11.594758	-0.1244	0	0.282916	-1.40E-05	0.652809	-2.00E-06
6.506	0	0	0	0.2	0	-0.3	0	0	0	46.090427	600.963745	11.672928	-0.1244	0	0.282557	-1.30E-05	0.577073	-2.00E-06
6.507	0	0	0	0.2	0	-0.3	0	0	0	45.851826	603.378052	11.907999	-0.124421	0	0.282401	-6.00E-06	0.577073	-2.00E-06
6.508	0	0	0	0.2	0	-0.3	0	0	0	45.851826	600.451965	12.064822	-0.124045	0	0.282401	-1.30E-05	0.593814	-2.00E-06
6.509	0	0	0	0.2	0	-0.3	0	0	0	47.568874	600.451965	13.631674	-0.123927	0	0.282528	-2.00E-05	0.593814	-3.00E-06
6.51	0	0	0	0.2	0	-0.3	0	0	0	47.568874	598.038513	13.631674	-0.123852	0	0.282528	-2.00E-05	0.451818	-4.00E-06
6.511	0	0	0	0.2	0	-0.3	0	0	0	46.083931	598.038513	13.631674	-0.123806	0	0.282528	-1.70E-05	0.451818	-4.00E-06
6.512	0	0	0	0.2	0	-0.3	0	0	0	46.083931	598.038513	14.18035	-0.123852	0	0.282496	-8.00E-06	0.483863	-4.00E-06
6.513	0	0	0	0.2	0	-0.3	0	0	0	46.47319	600.459167	14.415421	-0.123898	0	0.282597	-1.10E-05	0.483863	-6.00E-06
6.514	0	0	0	0.2	0	-0.3	0	0	0	46.47319	599.394226	14.493874	-0.123898	0	0.282979	-1.10E-05	0.474122	-6.00E-06
6.515	0	0	0	0.2	0	-0.3	0	0	0	46.158897	599.394226	15.120637	-0.123954	0	0.283257	-1.10E-05	0.441137	-4.00E-06
6.516	0	0	0	0.2	0	-0.3	0	0	0	46.081768	596.505188	15.669072	-0.123954	0	0.283257	-1.10E-05	0.439102	-4.00E-06
6.517	0	0	0	0.2	0	-0.3	0	0	0	46.081768	595.809692	15.747443	-0.123954	0	0.283257	-6.00E-06	0.335982	-4.00E-06
6.518	0	0	0	0.2	0	-0.3	0	0	0	46.081768	596.505188	15.747562	-0.12369	0	0.283626	-6.00E-06	0.364125	-4.00E-06
6.519	0	0	0	0.2	0	-0.3	0	0	0	45.062492	600.260925	15.747562	-0.123524	0	0.284031	-1.10E-05	0.364125	-4.00E-06
6.52	0	0	0	0.2	0	-0.3	0	0	0	44.824608	600.260925	15.747562	-0.123524	0	0.284031	-1.10E-05	0.364125	-4.00E-06
6.521	0	0	0	0.2	0	-0.3	0	0	0	44.824608	598.043457	16.766064	-0.123524	0	0.283709	-8.00E-06	0.181548	-2.00E-06
6.522	0	0	0	0.2	0	-0.3	0	0	0	44.433189	598.043457	17.549568	-0.123604	0	0.283709	-8.00E-06	0.181548	-2.00E-06
6.523	0	0	0	0.2	0	-0.3	0	0	0	44.433189	599.059448	17.549568	-0.123503	0	0.284092	-2.00E-05	0.181548	-3.00E-06
6.524	0	0	0	0.2	0	-0.3	0	0	0	44.586723	599.059448	17.70639	-0.123387	0	0.284092	-2.00E-05	0.226998	-7.00E-06
6.525	0	0	0	0.2	0	-0.3	0	0	0	44.586723	598.713379	18.176495	-0.123308	0	0.284116	-8.00E-06	0.207704	-7.00E-06
6.526	0	0	0	0.2	0	-0.3	0	0	0	44.352451	598.02533	18.411646	-0.123281	0	0.284066	2.00E-06	0.207704	-4.00E-06
6.527	0	0	0	0.2	0	-0.3	0	0	0	44.03672	598.713379	18.176495	-0.123181	0	0.284066	-8.00E-06	0.146757	-4.00E-06
6.528	0	0	0	0.2	0	-0.3	0	0	0	44.03672	601.119202	19.195114	-0.122923	0	0.284066	-7.00E-06	0.10071	-4.00E-06
6.529	0	0	0	0.2	0	-0.3	0	0	0	45.680969	601.119202	19.586685	-0.122597	0	0.28393	-7.00E-06	0.070539	-4.00E-06
6.53	0	0	0	0.2	0	-0.3	0	0	0	45.680969	598.023438	19.743427	-0.122597	0	0.284103	-7.00E-06	0.023627	-2.00E-06
6.531	0	0	0	0.2	0	-0.3	0	0	0	43.485268	598.023438	19.743427	-0.122613	0	0.284103	-1.00E-06	-0.054796	-2.00E-06
6.532	0	0	0	0.2	0	-0.3	0	0	0	43.485268	600.09082	20.135281	-0.122613	0	0.28478	-1.00E-06	-0.057791	-5.00E-06
6.533	0	0	0	0.2	0	-0.3	0	0	0	43.485268	600.421387	20.683636	-0.122539	0	0.285175	-1.00E-06	-0.057791	-5.00E-06
6.534	0	0	0	0.2	0	-0.3	0	0	0	43.250271	601.447449	21.075489	-0.122197	0	0.285214	-1.50E-05	-0.079596	-5.00E-06
6.535	0	0	0	0.2	0	-0.3	0	0	0	43.173141	601.447449	21.153818	-0.122081	0	0.285214	-1.50E-05	-0.079596	-3.00E-06
6.536	0	0	0	0.2	0	-0.3	0	0	0	43.170975	600.767822	21.232231	-0.122081	0	0.284936	-1.30E-05	-0.079596	-4.00E-06
6.537	0	0	0	0.2	0	-0.3	0	0	0	43.170975	600.597778	21.858994	-0.122081	0	0.284936	-6.00E-06	-0.100839	-1.00E-06
6.538	0	0	0	0.2	0	-0.3	0	0	0	42.155304	600.767822	21.858994	-0.121936	0	0.285441	3.00E-06	-0.100839	-3.00E-06
6.539	0	0	0	0.2	0	-0.3	0	0	0	41.448875	605.40387	22.250647	-0.121936	0	0.285441	3.00E-06	-0.213097	-3.00E-06
6.54	0	0	0	0.2	0	-0.3	0	0	0	41.2146	605.40387	22.250647	-0.122079	0	0.284946	-5.00E-06	-0.233405	-3.00E-06
6.541	0	0	0	0.2	0	-0.3	0	0	0	41.135307	603.514954	23.425808	-0.122079	0	0.284939	-6.00E-06	-0.213097	-1.00E-06
6.542	0	0	0	0.2	0	-0.3	0	0	0	40.978165	603.514954	23.425808	-0.121997	0	0.284946	-6.00E-06	-0.249561	-1.00E-06
6.543	0	0	0	0.2	0	-0.3	0	0	0	41.135307	608.8302	23.504379	-0.121975	0	0.285718	-1.10E-05	-0.249561	-2.00E-06
6.544	0	0	0	0.2	0	-0.3	0	0	0	41.367416	608.8302	24.287603	-0.12156	0	0.285718	-2.00E-06	-0.342859	-4.00E-06
6.545	0	0	0	0.2	0	-0.3	0	0	0	41.367416	608.14856	24.366014	-0.121437	0	0.285663	-2.00E-06	-0.342859	-2.00E-06
6.546	0	0	0	0.2	0	-0.3	0	0	0	40.895981	606.746094	24.601086	-0.121131	0	0.285663	-2.00E-06	-0.424498	-3.00E-06
6.547	0	0	0	0.2	0	-0.3	0	0	0	40.587463	608.14856	24.601086	-0.121437	0	0.286002	-8.00E-06	-0.397669	-3.00E-06
6.548	0	0	0	0.2	0	-0.3	0	0	0	40.895981	607.26886	24.836199	-0.120988	0	0.286171	-8.00E-06	-0.439367	-4.00E-06
6.549	0	0	0	0.2	0	-0.3	0	0	0	40.738831	607.26886	26.403131	-0.121108	0	0.286171	-7.00E-06	-0.455657	-4.00E-06
6.55	0	0	0	0.2	0	-0.3	0	0	0	40.738831	607.26886	26.403131	-0.121063	0	0.286171	-6.00E-06	-0.458535	-4.00E-06
6.551	0	0	0	0.2	0	-0.3	0	0	0	39.255337	609.014282	26.638042	-0.121108	0	0.285592	-6.00E-06	-0.474313	-3.00E-06
6.552	0	0	0	0.2	0	-0.3	0	0	0	39.255337	610.025208	26.638042	-0.121063	0	0.285592	-9.00E-06	-0.476313	-3.00E-06
6.553	0	0	0	0.2	0	-0.3	0	0	0	39.64603	610.701721	27.108147	-0.121036	0	0.286324	-9.00E-06	-0.476313	-5.00E-06
6.554	0	0	0	0.2	0	-0.3	0	0	0	39.720997	611.738159	27.421751	-0.12091	0	0.286449	-2.00E-06	-0.480111	-7.00E-06
6.555	0	0	0	0.2	0	-0.3	0	0	0	39.64603	612.57605	27.108147	-0.120687	0	0.286449	-1.00E-06	-0.527374	-6.00E-06
6.556	0	0	0	0.2	0	-0.3	0	0	0	38.940323	612.57605	27.421751	-0.120662	0	0.286449	-2.00E-06	-0.527374	-6.00E-06
6.557	0	0	0	0.2	0	-0.3	0	0	0	38.940323	612.57605	27.813364	-0.120507	0	0.286756	-6.00E-06	-0.514581	-4.00E-06
6.558	0	0	0	0.2	0	-0.3	0	0	0	38.786064	613.267944	27.813364	-0.120507	0	0.287661	-1.50E-05	-0.514581	-4.00E-06
6.559	0	0	0	0.2	0	-0.3	0	0	0	38.391758	616.005127	28.205095	-0.120263	0	0.287661	-6.00E-06	-0.514581	-5.00E-06
6.56	0	0	0	0.2	0	-0.3	0	0	0	38.162533	616.005127	28.205095	-0.120022	0	0.287907	-1.00E-05	-0.490774	-5.00E-06
6.561	0	0	0	0.2	0	-0.3	0	0	0	38.162533	616.000793	29.301882	-0.119936	0	0.287714	-8.00E-06	-0.490774	-4.00E-06
6.562	0	0	0	0.2	0	-0.3	0	0	0	37.924652	616.000793	29.301882	-0.120022	0	0.287714	-8.00E-06	-0.490774	-1.00E-06
6.563	0	0	0	0.2	0	-0.3	0	0	0	38.391758	621.327698	29.458626	-0.119844	0	0.287714	-5.00E-06	-0.512899	-1.00E-06
6.564	0	0	0	0.2	0	-0.3	0	0	0	38.313187	621.327698	29.77195	-0.119844	0	0.287824	0.00E+00	-0.64712	-4.00E-06
6.565	0	0	0	0.2	0	-0.3	0	0	0	38.313187	617.193481	30.242012	-0.119425	0	0.287923	0	-0.66596	-4.00E-06
6.566	0	0	0	0.2	0	-0.3	0	0	0	37.842472	617.193481	30.633783	-0.119425	0	0.287907	-7.00E-06	-0.688023	-2.00E-06
6.567	0	0	0	0.2	0	-0.3	0	0	0	37.686047	622.015442	30.633783	-0.119695	0	0.287923	-7.00E-06	-0.721488	-2.00E-06
6.568	0	0	0	0.2	0	-0.3	0	0	0	37.686047	622.015442	30.633783	-0.119695	0	0.288123	-7.00E-06	-0.721488	-4.00E-06
6.569	0	0	0	0.2	0	-0.3	0	0	0	37.998898	619.768555	32.122425	-0.119642	0	0.288239	-4.00E-06	-0.723581	-4.00E-06
6.57	0	0	0	0.2	0	-0.3	0	0	0	37.998898	619.768555	32.122425	-0.119397	0	0.288239	-1.00E-05	-0.740447	-4.00E-06
6.571	0	0	0	0.2	0	-0.3	0	0	0	37.684605	621.33313	32.200718	-0.119559	0	0.287943	-1.00E-05	-0.765863	-4.00E-06
6.572	0	0	0	0.2	0	-0.3	0	0	0	37.684605	624.250305	32.514042	-0.119448	0	0.287943	-1.00E-05	-0.936977	-5.00E-06
6.573	0	0	0	0.2	0	-0.3	0	0	0	37.686771	624.250305	32.670582	-0.119448	0	0.288764	-4.00E-06	-0.805557	-5.00E-06
6.574	0	0	0	0.2	0	-0.3	0	0	0	37.686771	625.259399	32.670662	-0.119346	0	0.288764	-4.00E-06	-0.805557	-2.00E-06
6.575	0	0	0	0.2	0	-0.3	0	0	0	37.139648	625.259399	33.219296	-0.119249	0	0.288764	-1.40E-05	-0.728336	-2.00E-06
6.576	0	0	0	0.2	0	-0.3	0	0	0	37.06324	627.833313	33.375877	-0.118919	0	0.289027	-1.40E-05	-0.687475	-2.00E-06
6.577	0	0	0	0.2	0	-0.3	0	0	0	37.06324	627.833313	33.375919	-0.119049	0	0.289091	-8.00E-06	-0.687475	-1.00E-06
6.578	0	0	0	0.2	0	-0.3	0	0	0	37.06324	627.833313	33.375877	-0.119049	0	0.289852	-8.00E-06	-0.695141	-1.00E-06
6.579	0	0	0	0.2	0	-0.3	0	0	0	36.35825	630.235596	33.297466	-0.119053	0	0.289852	-4.00E-06	-0.701846	-3.00E-06
6.58	0	0	0	0.2	0	-0.3	0	0	0	36.35825	630.235596	33.297466	-0.119053	0	0.290159	-7.00E-06	-0.695141	-3.00E-06
6.581	0	0	0	0.2	0	-0.3	0	0	0	36.596134	630.235596	34.707859	-0.118885	0	0.289768	-7.00E-06	-0.701846	-2.00E-06
6.582	0	0	0	0.2	0	-0.3	0	0	0	36.596134	631.248901	34.707859	-0.118849	0	0.290159	-7.00E-06	-0.7246	-2.00E-06
6.583	0	0	0	0.2	0	-0.3	0	0	0	36.516842	633.642273	34.942646	-0.118834	0	0.290335	-1.50E-05	-0.7246	-3.00E-06
6.584	0	0	0	0.2	0	-0.3	0	0	0	36.516842	633.642273	35.177921	-0.118702	0	0.290401	-8.00E-06	-0.853676	-6.00E-06
6.585	0	0	0	0.2	0	-0.3	0	0	0	36.516842	631.579834	35.569332	-0.118634	0	0.290644	-8.00E-06	-0.715232	-6.00E-06
6.586	0	0	0	0.2	0	-0.3	0	0	0	36.906094	631.579834	36.353039	-0.11855	0	0.290436	-8.00E-06	-0.856938	-4.00E-06
6.587	0	0	0	0.2	0	-0.3	0	0	0	36.046848	635.015869	36.353039	-0.118634	0	0.290644	-2.00E-06	-0.821241	-3.00E-06
6.588	0	0	0	0.2	0	-0.3	0	0	0	36.906094	635.015869	36.979725	-0.118308	0	0.29098	-2.00E-06	-0.821241	-4.00E-06
6.589	0	0	0	0.2	0	-0.3	0	0	0	37.530346	633.29364	37.449951	-0.11866	0	0.29098	-2.00E-06	-0.821241	-6.00E-06
6.59	0	0	0	0.2	0	-0.3	0	0	0	37.686047	633.29364	37.449951	-0.118144	0	0.29098	-2.00E-06	-0.818995	-6.00E-06
6.591	0	0	0	0.2	0	-0.3	0	0	0	37.530346	633.951599	37.684902	-0.118156	0	0.290945	-6.00E-06	-0.811103	-6.00E-06
6.592	0	0	0	0.2	0	-0.3	0	0	0	37.060352	636.042297	37.684902	-0.118156	0	0.291325	-6.00E-06	-0.811103	-5.00E-06
6.593	0	0	0	0.2	0	-0.3	0	0	0	37.060352	638.087769	38.311626	-0.118156	0	0.292193	3.00E-06	-0.834486	-4.00E-06
6.594	0	0	0	0.2	0	-0.3	0	0	0	37.060352	638.087769	38.311626	-0.117935	0	0.292193	4.00E-06	-0.834486	-4.00E-06
6.595	0	0	0	0.2	0	-0.3	0	0	0	36.906094	638.947449	38.468609	-0.117935	0	0.292193	4.00E-06	-0.834486	-4.00E-06
6.596	0	0	0	0.2	0	-0.3	0	0	0	36.906094	637.742493	38.781731	-0.117959	0	0.291868	4.00E-06	-0.847368	-4.00E-06
6.597	0	0	0	0.2	0	-0.3	0	0	0	37.219666	637.742493	39.486828	-0.117959	0	0.292239	4.00E-06	-0.855538	-3.00E-06
6.598	0	0	0	0.2	0	-0.3	0	0	0	37.219666	637.742493	39.486828	-0.118081	0	0.292239	4.00E-06	-0.855538	-5.00E-06
6.599	0	0	0	0.2	0	-0.3	0	0	0	36.201828	641.845459	39.251793	-0.118182	0	0.29277	-1.00E-05	-0.824293	-3.00E-06
6.6	0	0	0	0.2	0	-0.3	0	0	0	36.201828	641.845459	39.251793	-0.118182	0	0.292909	-1.00E-05	-0.814655	-5.00E-06
6.601	0	0	0	0.2	0	-0.3	0	0	0	36.672543	641.845459	40.348743	-0.118173	0	0.292909	3.00E-06	-0.824293	-5.00E-06
6.602	0	0	0	0.2	0	-0.3	0	0	0	36.672543	644.933228	40.661983	-0.117774	0	0.293491	3.00E-06	-0.834661	-5.00E-06
6.603	0	0	0	0.2	0	-0.3	0	0	0	36.673264	644.933228	40.740437	-0.117813	0	0.29379	-8.00E-06	-0.834661	-4.00E-06
6.604	0	0	0	0.2	0	-0.3	0	0	0	36.673264	644.571411	40.740437	-0.117813	0	0.29379	-8.00E-06	-0.945059	-3.00E-06
6.605	0	0	0	0.2	0	-0.3	0	0	0	36.906818	643.375244	41.523945	-0.117813	0	0.293688	-3.00E-06	-0.858123	-4.00E-06
6.606	0	0	0	0.2	0	-0.3	0	0	0	37.138203	643.375244	41.759014	-0.117844	0	0.293688	-3.00E-06	-0.858123	-3.00E-06
6.607	0	0	0	0.2	0	-0.3	0	0	0	36.906818	645.609009	41.523945	-0.117774	0	0.293907	-1.80E-05	-0.772042	-2.00E-06
6.608	0	0	0	0.2	0	-0.3	0	0	0	37.378254	645.609009	42.072334	-0.117774	0	0.29438	-1.80E-05	-0.772042	-2.00E-06
6.609	0	0	0	0.2	0	-0.3	0	0	0	37.762455	643.181152	43.247456	-0.117774	0	0.29438	-1.80E-05	-0.987837	-2.00E-06
6.61	0	0	0	0.2	0	-0.3	0	0	0	38.078911	643.181152	43.247456	-0.117555	0	0.29438	-1.50E-05	-0.987837	-4.00E-06
6.611	0	0	0	0.2	0	-0.3	0	0	0	37.762455	643.66333	43.482731	-0.117922	0	0.294597	-1.30E-05	-0.745627	-2.00E-06
6.612	0	0	0	0.2	0	-0.3	0	0	0	38.627476	645.762085	43.482731	-0.117415	0	0.295667	-9.00E-06	-0.745627	-4.00E-06
6.613	0	0	0	0.2	0	-0.3	0	0	0	38.00034	649.173462	43.717518	-0.117499	0	0.295827	-9.00E-06	-0.865215	-3.00E-06
6.614	0	0	0	0.2	0	-0.3	0	0	0	38.00034	649.173462	43.874382	-0.117499	0	0.295827	-3.00E-06	-0.865215	-3.00E-06
6.615	0	0	0	0.2	0	-0.3	0	0	0	37.769672	648.651123	44.109371	-0.117629	0	0.296042	-3.00E-06	-0.794942	-3.00E-06
6.616	0	0	0	0.2	0	-0.3	0	0	0	37.769672	648.651123	44.422775	-0.11763	0	0.296042	2.00E-06	-0.794942	-1.00E-06
6.617	0	0	0	0.2	0	-0.3	0	0	0	38.31535	648.651123	44.579395	-0.117629	0	0.296476	-1.00E-06	-0.813158	0
6.618	0	0	0	0.2	0	-0.3	0	0	0	38.31535	650.368042	44.422775	-0.117718	0	0.296772	-1.00E-06	-0.841136	0
6.619	0	0	0	0.2	0	-0.3	0	0	0	37.218945	649.828369	44.657604	-0.117614	0	0.297171	-3.00E-06	-0.893099	0.00E+00
6.62	0	0	0	0.2	0	-0.3	0	0	0	37.218945	649.828369	44.657604	-0.117614	0	0.297171	-1.30E-05	-0.921246	-3.00E-06
6.621	0	0	0	0.2	0	-0.3	0	0	0	37.531788	649.828369	45.284252	-0.117614	0	0.297171	-8.00E-06	-0.893099	-5.00E-06
6.622	0	0	0	0.2	0	-0.3	0	0	0	37.926094	651.208069	45.36274	-0.117601	0	0.297626	-1.30E-05	-0.816408	-5.00E-06
6.623	0	0	0	0.2	0	-0.3	0	0	0	38.551067	651.35083	46.146168	-0.117365	0	0.297872	-1.30E-05	-0.816408	-4.00E-06
6.624	0	0	0	0.2	0	-0.3	0	0	0	38.395367	652.395264	46.146168	-0.117365	0	0.298063	-1.30E-05	-0.873619	-1.00E-06
6.625	0	0	0	0.2	0	-0.3	0	0	0	38.39753	651.873413	46.851303	-0.117537	0	0.297872	-1.00E-06	-0.873619	-1.00E-06
6.626	0	0	0	0.2	0	-0.3	0	0	0	38.39753	652.395264	46.929592	-0.117537	0	0.29815	1.00E-06	-0.826203	-2.00E-06
6.627	0	0	0	0.2	0	-0.3	0	0	0	38.39753	653.589172	46.929592	-0.11756	0	0.298457	1.00E-06	-0.826203	-3.00E-06
6.628	0	0	0	0.2	0	-0.3	0	0	0	38.631084	653.589172	47.321445	-0.117513	0	0.29857	1.00E-06	-0.857179	-3.00E-06
6.629	0	0	0	0.2	0	-0.3	0	0	0	39.176762	650.643799	48.653187	-0.117324	0	0.298906	-1.30E-05	-0.961652	-4.00E-06
6.63	0	0	0	0.2	0	-0.3	0	0	0	39.56818	650.643799	48.653187	-0.117324	0	0.298874	5.00E-06	-0.961652	-3.00E-06
6.631	0	0	0	0.2	0	-0.3	0	0	0	39.411758	654.24292	48.261574	-0.117519	0	0.298906	-2.10E-05	-0.909266	-5.00E-06
6.632	0	0	0	0.2	0	-0.3	0	0	0	39.56818	655.455627	48.261574	-0.117519	0	0.299577	-1.00E-05	-0.859934	-5.00E-06
6.633	0	0	0	0.2	0	-0.3	0	0	0	39.569626	656.814148	49.123173	-0.117348	0	0.299841	-1.00E-05	-0.859934	-5.00E-06
6.634	0	0	0	0.2	0	-0.3	0	0	0	39.569626	656.814148	49.51498	-0.117348	0	0.300189	-1.00E-05	-0.860128	-5.00E-06
6.635	0	0	0	0.2	0	-0.3	0	0	0	39.33535	657.312866	49.515026	-0.117605	0	0.300284	-3.00E-06	-0.860128	-4.00E-06
6.636	0	0	0	0.2	0	-0.3	0	0	0	39.33535	658.167969	49.906597	-0.11786	0	0.300922	-1.10E-05	-0.813724	-4.00E-06
6.637	0	0	0	0.2	0	-0.3	0	0	0	39.886082	658.167969	50.219997	-0.11786	0	0.301109	-3.00E-06	-0.813724	-4.00E-06
6.638	0	0	0	0.2	0	-0.3	0	0	0	39.886082	660.054626	50.219997	-0.117802	0	0.301388	-1.10E-05	-0.764681	-5.00E-06
6.639	0	0	0	0.2	0	-0.3	0	0	0	39.337513	660.898193	49.906635	-0.117334	0	0.301655	-1.40E-05	-0.784136	-3.00E-06
6.64	0	0	0	0.2	0	-0.3	0	0	0	39.337513	660.898193	49.906635	-0.117802	0	0.301876	-1.40E-05	-0.764681	-3.00E-06
6.641	0	0	0	0.2	0	-0.3	0	0	0	40.046833	663.467468	51.081474	-0.117859	0	0.302429	-5.00E-06	-0.756417	-3.00E-06
6.642	0	0	0	0.2	0	-0.3	0	0	0	40.51466	663.467468	51.081474	-0.117882	0	0.303264	-5.00E-06	-0.733768	-3.00E-06
6.643	0	0	0	0.2	0	-0.3	0	0	0	40.51466	663.467468	51.081474	-0.117882	0	0.302876	0.00E+00	-0.756417	-1.00E-06
6.644	0	0	0	0.2	0	-0.3	0	0	0	40.591068	662.581116	51.394997	-0.117859	0	0.303305	-1.90E-05	-0.733768	-5.00E-06
6.645	0	0	0	0.2	0	-0.3	0	0	0	41.29678	662.581116	51.62991	-0.117694	0	0.303537	-7.00E-06	-0.748757	-1.00E-06
6.646	0	0	0	0.2	0	-0.3	0	0	0	41.29678	663.247559	51.394997	-0.117859	0	0.303756	-7.00E-06	-0.743951	-5.00E-06
6.647	0	0	0	0.2	0	-0.3	0	0	0	40.904636	666.172913	51.394878	-0.117865	0	0.304104	-7.00E-06	-0.743951	-5.00E-06
6.648	0	0	0	0.2	0	-0.3	0	0	0	40.904636	666.172913	51.394878	-0.117865	0	0.304243	-1.60E-05	-0.743951	-5.00E-06
6.649	0	0	0	0.2	0	-0.3	0	0	0	42.391743	664.25238	52.569874	-0.117865	0	0.304759	-1.90E-05	-0.804331	-5.00E-06
6.65	0	0	0	0.2	0	-0.3	0	0	0	42.391743	664.25238	52.569874	-0.117999	0	0.30487	-1.90E-05	-0.831786	-5.00E-06
6.651	0	0	0	0.2	0	-0.3	0	0	0	42.313168	665.630981	52.569874	-0.117999	0	0.30487	-1.90E-05	-0.846108	-5.00E-06
6.652	0	0	0	0.2	0	-0.3	0	0	0	42.313168	666.297852	52.334682	-0.117981	0	0.306077	-1.00E-05	-0.831786	-3.00E-06
6.653	0	0	0	0.2	0	-0.3	0	0	0	42.939587	668.34021	52.491261	-0.117891	0	0.306099	-1.00E-05	-0.811076	-5.00E-06
6.654	0	0	0	0.2	0	-0.3	0	0	0	42.939587	666.297852	52.334682	-0.117707	0	0.306593	-7.00E-06	-0.810975	-5.00E-06
6.655	0	0	0	0.2	0	-0.3	0	0	0	42.94175	666.101074	52.491261	-0.117707	0	0.306685	-4.00E-06	-0.768304	-5.00E-06
6.656	0	0	0	0.2	0	-0.3	0	0	0	42.94175	666.101074	52.412891	-0.11811	0	0.306865	-4.00E-06	-0.768304	-5.00E-06
6.657	0	0	0	0.2	0	-0.3	0	0	0	43.408855	666.101074	52.569675	-0.11811	0	0.307555	-4.00E-06	-0.702794	-3.00E-06
6.658	0	0	0	0.2	0	-0.3	0	0	0	43.408855	667.784363	52.412891	-0.118216	0	0.308191	-1.20E-05	-0.64799	-4.00E-06
6.659	0	0	0	0.2	0	-0.3	0	0	0	43.722424	667.784363	52.491222	-0.118071	0	0.308421	-1.20E-05	-0.64799	-4.00E-06
6.66	0	0	0	0.2	0	-0.3	0	0	0	43.646015	667.784363	52.491222	-0.118071	0	0.308436	-1.20E-05	-0.64799	-4.00E-06
6.661	0	0	0	0.2	0	-0.3	0	0	0	43.722424	670.868591	53.588169	-0.118071	0	0.30948	-1.50E-05	-0.70052	-2.00E-06
6.662	0	0	0	0.2	0	-0.3	0	0	0	43.646015	670.868591	53.588169	-0.118176	0	0.309988	-1.50E-05	-0.527104	-2.00E-06
6.663	0	0	0	0.2	0	-0.3	0	0	0	44.503819	671.016296	52.726334	-0.118176	0	0.309867	-7.00E-06	-0.658727	-3.00E-06
6.664	0	0	0	0.2	0	-0.3	0	0	0	44.19025	671.016296	52.726334	-0.118112	0	0.309867	-7.00E-06	-0.658727	-3.00E-06
6.665	0	0	0	0.2	0	-0.3	0	0	0	44.658077	671.016296	53.431469	-0.118112	0	0.309867	-5.00E-06	-0.7313	-3.00E-06
6.666	0	0	0	0.2	0	-0.3	0	0	0	44.658077	670.131042	53.5098	-0.118112	0	0.310645	-1.00E-05	-0.7313	-3.00E-06
6.667	0	0	0	0.2	0	-0.3	0	0	0	44.658077	671.353088	53.5098	-0.118253	0	0.311258	-2.00E-06	-0.70818	-4.00E-06
6.668	0	0	0	0.2	0	-0.3	0	0	0	44.893795	670.131042	54.058235	-0.118063	0	0.311478	-1.00E-05	-0.70818	-4.00E-06
6.669	0	0	0	0.2	0	-0.3	0	0	0	45.750881	669.939331	54.136646	-0.117785	0	0.311786	-1.70E-05	-0.785325	-4.00E-06
6.67	0	0	0	0.2	0	-0.3	0	0	0	45.750881	669.939331	54.685123	-0.117785	0	0.312246	-1.70E-05	-0.785325	-1.00E-06
6.671	0	0	0	0.2	0	-0.3	0	0	0	45.750881	671.303955	54.136646	-0.118303	0	0.31298	-1.60E-05	-0.748267	-3.00E-06
6.672	0	0	0	0.2	0	-0.3	0	0	0	45.986599	671.303955	54.685123	-0.118466	0	0.313513	-6.00E-06	-0.66895	-3.00E-06
6.673	0	0	0	0.2	0	-0.3	0	0	0	45.986599	671.628357	54.136688	-0.118466	0	0.313513	-1.10E-05	-0.741034	-3.00E-06
6.674	0	0	0	0.2	0	-0.3	0	0	0	45.986599	671.095337	54.293388	-0.118513	0	0.313927	-1.10E-05	-0.736382	-3.00E-06
6.675	0	0	0	0.2	0	-0.3	0	0	0	45.98299	671.095337	54.293388	-0.11856	0	0.313967	-1.40E-05	-0.741034	-6.00E-06
6.676	0	0	0	0.2	0	-0.3	0	0	0	46.139412	671.095337	54.450008	-0.11862	0	0.314334	-1.40E-05	-0.748969	-4.00E-06
6.677	0	0	0	0.2	0	-0.3	0	0	0	46.842957	670.410217	54.763172	-0.11862	0	0.314754	-9.00E-06	-0.805889	-6.00E-06
6.678	0	0	0	0.2	0	-0.3	0	0	0	46.842957	670.200378	54.450008	-0.11857	0	0.315604	-9.00E-06	-0.803766	-6.00E-06
6.679	0	0	0	0.2	0	-0.3	0	0	0	45.825123	670.200378	54.136726	-0.11857	0	0.315881	-1.60E-05	-0.803766	-6.00E-06
6.68	0	0	0	0.2	0	-0.3	0	0	0	45.825123	670.731506	54.136726	-0.119024	0	0.315604	-1.60E-05	-0.803766	-6.00E-06
6.681	0	0	0	0.2	0	-0.3	0	0	0	46.523617	673.106018	55.233475	-0.119024	0	0.315966	-1.60E-05	-0.831585	-4.00E-06
6.682	0	0	0	0.2	0	-0.3	0	0	0	47.072903	673.106018	55.233475	-0.118718	0	0.316614	-1.20E-05	-0.876772	-6.00E-06
6.683	0	0	0	0.2	0	-0.3	0	0	0	47.147865	673.106018	55.076775	-0.118538	0	0.317426	-2.00E-06	-0.876772	-5.00E-06
6.684	0	0	0	0.2	0	-0.3	0	0	0	47.147865	671.876282	55.076775	-0.118574	0	0.31763	-2.00E-06	-0.877375	-5.00E-06
6.685	0	0	0	0.2	0	-0.3	0	0	0	47.147865	671.876282	55.155426	-0.118574	0	0.317698	-5.00E-06	-0.877375	-5.00E-06
6.686	0	0	0	0.2	0	-0.3	0	0	0	47.461437	676.519287	55.46859	-0.118652	0	0.318172	-1.20E-05	-0.877375	-5.00E-06
6.687	0	0	0	0.2	0	-0.3	0	0	0	47.461437	676.668091	55.155426	-0.118883	0	0.318848	-1.90E-05	-0.825694	-5.00E-06
6.688	0	0	0	0.2	0	-0.3	0	0	0	48.632084	676.668091	55.46859	-0.118652	0	0.318974	-2.00E-05	-0.887377	-4.00E-06
6.689	0	0	0	0.2	0	-0.3	0	0	0	48.943493	673.894348	56.487408	-0.118463	0	0.31959	-2.00E-05	-0.887377	-3.00E-06
6.69	0	0	0	0.2	0	-0.3	0	0	0	48.943493	673.894348	56.722439	-0.118463	0	0.320069	-2.00E-05	-0.887377	-3.00E-06
6.691	0	0	0	0.2	0	-0.3	0	0	0	48.550625	676.479004	56.957634	-0.118769	0	0.320291	-1.80E-05	-0.833594	-3.00E-06
6.692	0	0	0	0.2	0	-0.3	0	0	0	48.550625	676.479004	57.035801	-0.118874	0	0.321025	2.00E-06	-0.833594	-3.00E-06
6.693	0	0	0	0.2	0	-0.3	0	0	0	48.783459	675.572205	56.957634	-0.118769	0	0.321091	2.00E-06	-0.954075	-5.00E-06
6.694	0	0	0	0.2	0	-0.3	0	0	0	48.783459	675.572205	57.035801	-0.118819	0	0.321595	-2.00E-06	-0.963599	-4.00E-06
6.695	0	0	0	0.2	0	-0.3	0	0	0	48.624149	678.31311	57.505985	-0.118819	0	0.321991	-5.00E-06	-1.032042	-4.00E-06
6.696	0	0	0	0.2	0	-0.3	0	0	0	48.624149	678.992798	57.662487	-0.118819	0	0.322287	-1.70E-05	-1.032042	-1.00E-06
6.697	0	0	0	0.2	0	-0.3	0	0	0	49.097748	678.31311	57.662487	-0.118741	0	0.322589	-1.70E-05	-0.913756	-1.00E-06
6.698	0	0	0	0.2	0	-0.3	0	0	0	49.097748	680.872803	57.662487	-0.118718	0	0.323296	-1.30E-05	-0.913756	-6.00E-06
6.699	0	0	0	0.2	0	-0.3	0	0	0	48.701275	681.364563	57.505623	-0.118718	0	0.323296	-1.30E-05	-1.084182	-6.00E-06
6.7	0	0	0	0.2	0	-0.3	0	0	0	48.701275	682.743591	57.505623	-0.119139	0	0.323296	-8.00E-06	-1.197226	-6.00E-06
6.701	0	0	0	0.2	0	-0.3	0	0	0	49.871929	684.108276	58.367504	-0.119293	0	0.323501	-1.50E-05	-1.197226	-4.00E-06
6.702	0	0	0	0.2	0	-0.3	0	0	0	49.871929	686.507446	58.367542	-0.119293	0	0.323956	-8.00E-06	-1.143665	-3.00E-06
6.703	0	0	0	0.2	0	-0.3	0	0	0	49.716228	686.507446	58.680904	-0.118951	0	0.324512	-8.00E-06	-1.138559	-3.00E-06
6.704	0	0	0	0.2	0	-0.3	0	0	0	49.63549	685.786865	59.151047	-0.118951	0	0.324579	-5.00E-06	-1.143665	-4.00E-06
6.705	0	0	0	0.2	0	-0.3	0	0	0	49.716228	685.786865	59.621029	-0.11899	0	0.32531	-5.00E-06	-1.185495	-4.00E-06
6.706	0	0	0	0.2	0	-0.3	0	0	0	50.10548	689.539124	59.621029	-0.11899	0	0.325631	-5.00E-06	-1.185495	-3.00E-06
6.707	0	0	0	0.2	0	-0.3	0	0	0	50.10548	689.908691	59.072716	-0.119093	0	0.325993	-6.00E-06	-1.17133	-3.00E-06
6.708	0	0	0	0.2	0	-0.3	0	0	0	51.043304	690.052124	59.072716	-0.118921	0	0.326714	-1.20E-05	-1.171098	-6.00E-06
6.709	0	0	0	0.2	0	-0.3	0	0	0	51.121876	690.370361	60.482948	-0.118754	0	0.326714	-6.00E-06	-1.171098	-6.00E-06
6.71	0	0	0	0.2	0	-0.3	0	0	0	51.121876	690.370361	61.423115	-0.118754	0	0.326714	-6.00E-06	-1.171098	-7.00E-06
6.711	0	0	0	0.2	0	-0.3	0	0	0	50.180447	694.534241	61.423115	-0.118877	0	0.327763	-6.00E-06	-1.316369	-7.00E-06
6.712	0	0	0	0.2	0	-0.3	0	0	0	50.180447	694.652649	61.97147	-0.118877	0	0.327856	-1.10E-05	-1.316369	-7.00E-06
6.713	0	0	0	0.2	0	-0.3	0	0	0	50.180447	694.652649	62.128452	-0.118619	0	0.328003	-1.10E-05	-1.254342	-5.00E-06
6.714	0	0	0	0.2	0	-0.3	0	0	0	48.928337	694.652649	62.206661	-0.118619	0	0.328226	-1.10E-05	-1.254342	-5.00E-06
6.715	0	0	0	0.2	0	-0.3	0	0	0	48.928337	695.187988	63.303493	-0.11905	0	0.328226	-1.80E-05	-1.359097	-4.00E-06
6.716	0	0	0	0.2	0	-0.3	0	0	0	49.396885	696.910645	64.322227	-0.11905	0	0.328634	-1.90E-05	-1.359097	-5.00E-06
6.717	0	0	0	0.2	0	-0.3	0	0	0	49.706848	696.910645	64.557259	-0.118515	0	0.329659	-1.80E-05	-1.389741	-2.00E-06
6.718	0	0	0	0.2	0	-0.3	0	0	0	49.396885	698.94873	64.949112	-0.118515	0	0.329931	-1.80E-05	-1.320633	-5.00E-06
6.719	0	0	0	0.2	0	-0.3	0	0	0	48.065483	700.324646	66.202484	-0.118586	0	0.330256	-1.80E-05	-1.320633	-6.00E-06
6.72	0	0	0	0.2	0	-0.3	0	0	0	48.065483	702.541016	66.202606	-0.118807	0	0.330342	-1.80E-05	-1.320633	-6.00E-06
6.721	0	0	0	0.2	0	-0.3	0	0	0	49.865437	705.507202	67.925949	-0.119044	0	0.331061	-1.30E-05	-1.392252	-4.00E-06
6.722	0	0	0	0.2	0	-0.3	0	0	0	49.865437	707.357483	67.926193	-0.119587	0	0.33227	-9.00E-06	-1.392252	-4.00E-06
6.723	0	0	0	0.2	0	-0.3	0	0	0	50.176117	710.47522	67.926399	-0.11974	0	0.332828	-9.00E-06	-1.169963	-4.00E-06
6.724	0	0	0	0.2	0	-0.3	0	0	0	50.643948	711.512695	67.926193	-0.12006	0	0.334245	-9.00E-06	-1.111906	-5.00E-06
6.725	0	0	0	0.2	0	-0.3	0	0	0	52.360275	711.512695	67.926399	-0.120527	0	0.335373	-2.00E-06	-1.012355	-4.00E-06
6.726	0	0	0	0.2	0	-0.3	0	0	0	54.700855	707.603149	68.475685	-0.12129	0	0.336342	-2.00E-06	-0.8486	-4.00E-06
6.727	0	0	0	0.2	0	-0.3	0	0	0	55.155689	707.086731	68.475685	-0.12129	0	0.338157	-2.00E-06	-0.8486	-4.00E-06
6.728	0	0	0	0.2	0	-0.3	0	0	0	56.179302	703.311584	68.790375	-0.121138	0	0.338157	-4.00E-06	-0.817136	-4.00E-06
6.729	0	0	0	0.2	0	-0.3	0	0	0	56.874187	694.40564	68.790375	-0.121027	0	0.338626	-4.00E-06	-0.811638	-4.00E-06
6.73	0	0	0	0.2	0	-0.3	0	0	0	56.874187	694.40564	69.338608	-0.121138	0	0.339063	-5.00E-06	-0.744945	-4.00E-06
6.731	0	0	0	0.2	0	-0.3	0	0	0	57.434296	701.584656	69.729454	-0.120667	0	0.339063	-5.00E-06	-0.744945	-4.00E-06
6.732	0	0	0	0.2	0	-0.3	0	0	0	57.434296	705.34436	69.729454	-0.120495	0	0.338656	-5.00E-06	-0.790614	-6.00E-06
6.733	0	0	0	0.2	0	-0.3	0	0	0	57.523693	711.32666	68.083351	-0.119917	0	0.338098	-1.40E-05	-0.961516	-6.00E-06
6.734	0	0	0	0.2	0	-0.3	0	0	0	57.604427	715.799194	68.004333	-0.119573	0	0.336909	0.00E+00	-1.003299	-6.00E-06
6.735	0	0	0	0.2	0	-0.3	0	0	0	57.604427	718.700623	68.004333	-0.119573	0	0.336909	-8.00E-06	-1.040977	-1.00E-06
6.736	0	0	0	0.2	0	-0.3	0	0	0	57.908619	718.700623	68.631744	-0.11953	0	0.337317	-2.00E-06	-1.081014	-6.00E-06
6.737	0	0	0	0.2	0	-0.3	0	0	0	58.303646	715.253723	68.787956	-0.119052	0	0.337601	-8.00E-06	-1.098114	-4.00E-06
6.738	0	0	0	0.2	0	-0.3	0	0	0	57.908619	707.168884	68.631744	-0.118956	0	0.338163	-9.00E-06	-1.081014	-4.00E-06
6.739	0	0	0	0.2	0	-0.3	0	0	0	57.431412	706.67749	68.00618	-0.118956	0	0.338364	-9.00E-06	-1.057689	-3.00E-06
6.74	0	0	0	0.2	0	-0.3	0	0	0	57.431412	706.67749	68.00618	-0.119057	0	0.339137	-4.00E-06	-0.912618	-1.00E-06
6.741	0	0	0	0.2	0	-0.3	0	0	0	58.517715	706.67749	70.043297	-0.119485	0	0.340772	-4.00E-06	-1.057689	-3.00E-06
6.742	0	0	0	0.2	0	-0.3	0	0	0	58.517715	711.820251	70.12159	-0.119485	0	0.340871	-2.00E-06	-1.102611	-4.00E-06
6.743	0	0	0	0.2	0	-0.3	0	0	0	58.359848	714.053589	70.12159	-0.119485	0	0.340871	-1.90E-05	-1.102611	-4.00E-06
6.744	0	0	0	0.2	0	-0.3	0	0	0	58.359848	714.411499	70.121635	-0.119611	0	0.341002	-8.00E-06	-1.05881	-4.00E-06
6.745	0	0	0	0.2	0	-0.3	0	0	0	58.359848	716.968018	70.199959	-0.119783	0	0.341984	-1.90E-05	-1.053291	-4.00E-06
6.746	0	0	0	0.2	0	-0.3	0	0	0	58.517715	718.870728	70.513161	-0.119954	0	0.342475	-1.20E-05	-1.053291	-2.00E-06
6.747	0	0	0	0.2	0	-0.3	0	0	0	58.428318	719.224854	70.199959	-0.119954	0	0.342816	-1.20E-05	-1.099796	-5.00E-06
6.748	0	0	0	0.2	0	-0.3	0	0	0	59.370472	718.870728	70.748558	-0.119954	0	0.343359	-1.20E-05	-1.099796	-5.00E-06
6.749	0	0	0	0.2	0	-0.3	0	0	0	60.143204	711.496765	71.454292	-0.119982	0	0.343609	-4.00E-06	-1.035982	-5.00E-06
6.75	0	0	0	0.2	0	-0.3	0	0	0	60.146091	711.496765	71.454292	-0.12008	0	0.3442	-1.60E-05	-1.035982	-5.00E-06
6.751	0	0	0	0.2	0	-0.3	0	0	0	60.143204	713.036133	70.906021	-0.12034	0	0.345173	-1.50E-05	-1.079198	-3.00E-06
6.752	0	0	0	0.2	0	-0.3	0	0	0	60.452446	714.416687	70.906021	-0.120376	0	0.345685	-1.50E-05	-1.079198	-3.00E-06
6.753	0	0	0	0.2	0	-0.3	0	0	0	60.997402	715.450378	70.984428	-0.120712	0	0.34636	-1.50E-05	-1.041822	-4.00E-06
6.754	0	0	0	0.2	0	-0.3	0	0	0	60.997402	715.450378	71.297997	-0.120561	0	0.346597	-1.70E-05	-1.034005	-4.00E-06
6.755	0	0	0	0.2	0	-0.3	0	0	0	60.997402	715.450378	71.297997	-0.120712	0	0.346738	-1.70E-05	-0.94735	-2.00E-06
6.756	0	0	0	0.2	0	-0.3	0	0	0	61.464508	715.253906	71.53315	-0.120561	0	0.347394	4.00E-06	-0.923786	-2.00E-06
6.757	0	0	0	0.2	0	-0.3	0	0	0	62.323757	715.253906	71.53315	-0.120478	0	0.34773	4.00E-06	-0.94735	-2.00E-06
6.758	0	0	0	0.2	0	-0.3	0	0	0	62.323757	715.253906	71.53315	-0.120209	0	0.348073	-2.00E-06	-0.96678	-2.00E-06
6.759	0	0	0	0.2	0	-0.3	0	0	0	60.445229	715.940918	71.45446	-0.120014	0	0.34773	-2.00E-06	-1.132819	-2.00E-06
6.76	0	0	0	0.2	0	-0.3	0	0	0	60.445229	717.649353	71.45446	-0.119648	0	0.348073	-2.00E-06	-1.132819	-4.00E-06
6.761	0	0	0	0.2	0	-0.3	0	0	0	61.307362	718.33905	72.551491	-0.119648	0	0.348151	-2.00E-06	-1.133673	-4.00E-06
6.762	0	0	0	0.2	0	-0.3	0	0	0	61.307362	721.415894	72.551491	-0.119862	0	0.348151	-1.50E-05	-1.133673	-4.00E-06
6.763	0	0	0	0.2	0	-0.3	0	0	0	60.680225	721.415894	72.786438	-0.119862	0	0.348666	-9.00E-06	-1.133673	-4.00E-06
6.764	0	0	0	0.2	0	-0.3	0	0	0	60.680225	721.415894	73.648598	-0.119764	0	0.348921	-1.50E-05	-1.191561	-2.00E-06
6.765	0	0	0	0.2	0	-0.3	0	0	0	60.990906	720.388672	74.353691	-0.119764	0	0.349067	-9.00E-06	-1.191561	-2.00E-06
6.766	0	0	0	0.2	0	-0.3	0	0	0	61.378719	720.388672	74.432182	-0.119951	0	0.349832	-1.50E-05	-1.191561	-3.00E-06
6.767	0	0	0	0.2	0	-0.3	0	0	0	61.378719	720.388672	74.432182	-0.119951	0	0.350108	-1.80E-05	-1.205838	-4.00E-06
6.768	0	0	0	0.2	0	-0.3	0	0	0	61.140114	720.215088	74.824081	-0.119893	0	0.350538	-1.80E-05	-1.195162	-4.00E-06
6.769	0	0	0	0.2	0	-0.3	0	0	0	60.592266	717.122314	76.077888	-0.119893	0	0.350681	-1.40E-05	-1.195162	-4.00E-06
6.77	0	0	0	0.2	0	-0.3	0	0	0	61.140114	717.122314	76.077888	-0.119979	0	0.35158	-1.40E-05	-1.15782	-4.00E-06
6.771	0	0	0	0.2	0	-0.3	0	0	0	60.592266	721.574585	76.077766	-0.1202	0	0.352018	-1.40E-05	-1.132016	-4.00E-06
6.772	0	0	0	0.2	0	-0.3	0	0	0	61.998638	722.27002	76.077766	-0.119984	0	0.352495	-1.60E-05	-1.028147	-5.00E-06
6.773	0	0	0	0.2	0	-0.3	0	0	0	61.213631	721.574585	76.15638	-0.119984	0	0.352647	-1.60E-05	-1.13077	-5.00E-06
6.774	0	0	0	0.2	0	-0.3	0	0	0	61.213631	722.27002	76.313042	-0.119984	0	0.353344	-1.60E-05	-1.050116	-4.00E-06
6.775	0	0	0	0.2	0	-0.3	0	0	0	61.213631	722.275024	76.313042	-0.120337	0	0.353958	-8.00E-06	-1.050116	-4.00E-06
6.776	0	0	0	0.2	0	-0.3	0	0	0	61.680019	723.144409	76.156746	-0.120533	0	0.354074	-8.00E-06	-0.977262	-4.00E-06
6.777	0	0	0	0.2	0	-0.3	0	0	0	62.460693	723.144409	76.156746	-0.120533	0	0.354943	-1.60E-05	-0.977262	-4.00E-06
6.778	0	0	0	0.2	0	-0.3	0	0	0	62.460693	723.823608	76	-0.120533	0	0.355136	-1.80E-05	-0.98523	-4.00E-06
6.779	0	0	0	0.2	0	-0.3	0	0	0	61.515659	723.823608	75.530098	-0.120397	0	0.355253	-1.80E-05	-1.053457	-4.00E-06
6.78	0	0	0	0.2	0	-0.3	0	0	0	61.515659	724.667236	75.530098	-0.120397	0	0.355304	-1.80E-05	-1.133462	-4.00E-06
6.781	0	0	0	0.2	0	-0.3	0	0	0	62.452755	724.841553	75.687042	-0.120397	0	0.35535	-2.00E-05	-1.133462	-2.00E-06
6.782	0	0	0	0.2	0	-0.3	0	0	0	62.529167	725.685486	75.687042	-0.119913	0	0.355879	-1.40E-05	-1.133462	-2.00E-06
6.783	0	0	0	0.2	0	-0.3	0	0	0	62.529167	725.685486	74.981911	-0.120144	0	0.355977	-1.00E-05	-0.999038	-2.00E-06
6.784	0	0	0	0.2	0	-0.3	0	0	0	61.829227	724.478882	74.981911	-0.120144	0	0.356103	-1.00E-05	-1.06187	-4.00E-06
6.785	0	0	0	0.2	0	-0.3	0	0	0	61.829227	724.144043	75.451927	-0.120144	0	0.356633	-2.20E-05	-1.06187	-4.00E-06
6.786	0	0	0	0.2	0	-0.3	0	0	0	61.827061	724.144043	75.451927	-0.120118	0	0.356786	-2.20E-05	-1.06187	-3.00E-06
6.787	0	0	0	0.2	0	-0.3	0	0	0	61.827061	724.144043	75.138771	-0.120096	0	0.357281	-2.00E-05	-1.037528	-3.00E-06
6.788	0	0	0	0.2	0	-0.3	0	0	0	61.827061	724.132446	75.138771	-0.119934	0	0.357281	-1.00E-05	-0.961367	-3.00E-06
6.789	0	0	0	0.2	0	-0.3	0	0	0	61.826344	722.240967	75.295547	-0.119934	0	0.357281	-1.00E-05	-0.961367	-4.00E-06
6.79	0	0	0	0.2	0	-0.3	0	0	0	62.289837	722.240967	75.295547	-0.119897	0	0.357629	-1.00E-05	-0.910555	-3.00E-06
6.791	0	0	0	0.2	0	-0.3	0	0	0	62.134136	723.091003	74.98259	-0.120025	0	0.358519	-1.20E-05	-0.855784	-3.00E-06
6.792	0	0	0	0.2	0	-0.3	0	0	0	62.134136	723.091003	74.98259	-0.120025	0	0.359052	-1.20E-05	-0.910555	-3.00E-06
6.793	0	0	0	0.2	0	-0.3	0	0	0	61.741276	723.091003	75.687729	-0.120171	0	0.359361	-1.70E-05	-0.825563	-4.00E-06
6.794	0	0	0	0.2	0	-0.3	0	0	0	61.741276	721.546509	75.766335	-0.120393	0	0.359757	-1.80E-05	-0.74597	-6.00E-06
6.795	0	0	0	0.2	0	-0.3	0	0	0	61.741276	723.9646	76.47155	-0.120432	0	0.360358	-1.80E-05	-0.730439	-6.00E-06
6.796	0	0	0	0.2	0	-0.3	0	0	0	62.522667	724.318237	76.549843	-0.120399	0	0.360563	-1.20E-05	-0.640001	-5.00E-06
6.797	0	0	0	0.2	0	-0.3	0	0	0	62.522667	724.318237	76.78508	-0.120399	0	0.361416	-1.20E-05	-0.599104	-2.00E-06
6.798	0	0	0	0.2	0	-0.3	0	0	0	62.522667	722.256104	76.549843	-0.120399	0	0.361416	-1.20E-05	-0.640001	-5.00E-06
6.799	0	0	0	0.2	0	-0.3	0	0	0	61.11414	722.256104	75.766457	-0.120614	0	0.361232	-1.90E-05	-0.665471	-4.00E-06
6.8	0	0	0	0.2	0	-0.3	0	0	0	61.11414	722.256104	75.766457	-0.120702	0	0.361232	-1.30E-05	-0.665471	-5.00E-06
6.801	0	0	0	0.2	0	-0.3	0	0	0	61.739826	727.245483	77.333748	-0.120702	0	0.361977	-1.90E-05	-0.637755	-4.00E-06
6.802	0	0	0	0.2	0	-0.3	0	0	0	61.739826	723.768921	77.333748	-0.120702	0	0.362614	-1.70E-05	-0.609924	-4.00E-06
6.803	0	0	0	0.2	0	-0.3	0	0	0	61.193428	723.768921	77.020027	-0.120536	0	0.362099	-1.70E-05	-0.609924	-4.00E-06
6.804	0	0	0	0.2	0	-0.3	0	0	0	61.193428	722.924072	77.020027	-0.120217	0	0.362614	-1.60E-05	-0.601895	-4.00E-06
6.805	0	0	0	0.2	0	-0.3	0	0	0	62.134132	722.924072	78.978493	-0.120274	0	0.362671	-1.30E-05	-0.591341	-4.00E-06
6.806	0	0	0	0.2	0	-0.3	0	0	0	62.134132	722.924072	79.135231	-0.120274	0	0.363022	-1.30E-05	-0.547098	-7.00E-06
6.807	0	0	0	0.2	0	-0.3	0	0	0	60.962761	723.946289	78.978493	-0.120274	0	0.363022	-2.10E-05	-0.591341	-6.00E-06
6.808	0	0	0	0.2	0	-0.3	0	0	0	60.962761	722.223633	79.135231	-0.120236	0	0.363165	-2.10E-05	-0.550676	-6.00E-06
6.809	0	0	0	0.2	0	-0.3	0	0	0	60.572784	720.842041	80.232063	-0.120007	0	0.363118	-1.10E-05	-0.599015	-6.00E-06
6.81	0	0	0	0.2	0	-0.3	0	0	0	61.038445	720.842041	80.78054	-0.120007	0	0.363118	-6.00E-06	-0.599015	-6.00E-06
6.811	0	0	0	0.2	0	-0.3	0	0	0	60.572784	722.204712	80.858948	-0.120007	0	0.363118	-1.10E-05	-0.674657	-5.00E-06
6.812	0	0	0	0.2	0	-0.3	0	0	0	59.630638	722.204712	80.937363	-0.119746	0	0.364193	-1.10E-05	-0.682421	-4.00E-06
6.813	0	0	0	0.2	0	-0.3	0	0	0	59.395638	721.184082	81.01577	-0.119746	0	0.36425	-1.10E-05	-0.682421	-5.00E-06
6.814	0	0	0	0.2	0	-0.3	0	0	0	58.616409	720.832642	81.251045	-0.119703	0	0.36445	-1.00E-05	-0.620811	-4.00E-06
6.815	0	0	0	0.2	0	-0.3	0	0	0	58.609913	721.184082	81.956337	-0.120198	0	0.36462	-1.00E-05	-0.564325	-3.00E-06
6.816	0	0	0	0.2	0	-0.3	0	0	0	58.222099	721.697815	82.035194	-0.120113	0	0.365022	-1.80E-05	-0.564325	-3.00E-06
6.817	0	0	0	0.2	0	-0.3	0	0	0	58.606304	721.697815	82.583389	-0.120113	0	0.365544	-1.80E-05	-0.540784	-4.00E-06
6.818	0	0	0	0.2	0	-0.3	0	0	0	58.216331	716.538757	82.035194	-0.120008	0	0.365544	-2.00E-05	-0.529434	-4.00E-06
6.819	0	0	0	0.2	0	-0.3	0	0	0	56.571358	716.538757	81.722313	-0.120008	0	0.365544	-2.00E-05	-0.529434	-4.00E-06
6.82	0	0	0	0.2	0	-0.3	0	0	0	56.571358	716.538757	81.722313	-0.120008	0	0.365617	-2.00E-05	-0.642508	-1.00E-06
6.821	0	0	0	0.2	0	-0.3	0	0	0	55.784187	716.189636	82.114571	-0.119724	0	0.365999	-2.40E-05	-0.672911	-1.00E-06
6.822	0	0	0	0.2	0	-0.3	0	0	0	55.544144	716.189636	82.271637	-0.119589	0	0.366067	-1.70E-05	-0.676417	-1.00E-06
6.823	0	0	0	0.2	0	-0.3	0	0	0	54.839153	716.189636	82.271637	-0.119724	0	0.366015	-2.40E-05	-0.735432	-2.00E-06
6.824	0	0	0	0.2	0	-0.3	0	0	0	54.287704	712.069336	82.271637	-0.119589	0	0.366015	-1.70E-05	-0.735432	-5.00E-06
6.825	0	0	0	0.2	0	-0.3	0	0	0	54.204803	712.069336	83.134315	-0.119847	0	0.366015	-1.70E-05	-0.726335	-5.00E-06
6.826	0	0	0	0.2	0	-0.3	0	0	0	54.054871	712.401062	83.134354	-0.119847	0	0.366531	-1.70E-05	-0.726335	-4.00E-06
6.827	0	0	0	0.2	0	-0.3	0	0	0	53.420517	714.289246	83.134315	-0.119847	0	0.366531	-1.70E-05	-0.834837	-4.00E-06
6.828	0	0	0	0.2	0	-0.3	0	0	0	53.10334	712.401062	83.134354	-0.119357	0	0.366531	-1.70E-05	-0.834837	-6.00E-06
6.829	0	0	0	0.2	0	-0.3	0	0	0	52.401962	708.105286	84.858711	-0.119328	0	0.366531	-7.00E-06	-0.834837	-6.00E-06
6.83	0	0	0	0.2	0	-0.3	0	0	0	51.92836	707.421753	84.858711	-0.119328	0	0.36698	-7.00E-06	-0.848165	-1.00E-06
6.831	0	0	0	0.2	0	-0.3	0	0	0	51.456924	705.865417	84.624001	-0.119251	0	0.367097	-7.00E-06	-0.883345	-1.00E-06
6.832	0	0	0	0.2	0	-0.3	0	0	0	51.221207	705.865417	84.624001	-0.119157	0	0.367221	-1.50E-05	-0.859699	-2.00E-06
6.833	0	0	0	0.2	0	-0.3	0	0	0	50.829067	699.344666	84.781105	-0.119157	0	0.367319	-1.50E-05	-0.859699	-6.00E-06
6.834	0	0	0	0.2	0	-0.3	0	0	0	50.049114	697.441895	86.191444	-0.119119	0	0.3676	-9.00E-06	-0.857901	-5.00E-06
6.835	0	0	0	0.2	0	-0.3	0	0	0	49.344124	697.441895	86.348434	-0.119287	0	0.367906	-4.00E-06	-0.857901	-5.00E-06
6.836	0	0	0	0.2	0	-0.3	0	0	0	48.791233	696.76178	86.426888	-0.119202	0	0.36806	-4.00E-06	-0.908415	-4.00E-06
6.837	0	0	0	0.2	0	-0.3	0	0	0	48.789066	695.228271	86.426888	-0.119202	0	0.368908	-4.00E-06	-0.984603	-4.00E-06
6.838	0	0	0	0.2	0	-0.3	0	0	0	48.789066	686.275208	87.288963	-0.118667	0	0.368908	-8.00E-06	-0.933577	-2.00E-06
6.839	0	0	0	0.2	0	-0.3	0	0	0	45.744221	686.275208	87.602371	-0.118667	0	0.368903	-1.50E-05	-0.98325	-2.00E-06
6.84	0	0	0	0.2	0	-0.3	0	0	0	45.744221	686.275208	87.524078	-0.118488	0	0.368903	-1.50E-05	-0.98325	-2.00E-06
6.841	0	0	0	0.2	0	-0.3	0	0	0	45.665649	684.221985	87.602371	-0.118434	0	0.368915	-1.00E-05	-0.98325	-2.00E-06
6.842	0	0	0	0.2	0	-0.3	0	0	0	45.665649	683.356018	88.385872	-0.118434	0	0.369326	-5.00E-06	-0.978205	-2.00E-06
6.843	0	0	0	0.2	0	-0.3	0	0	0	45.195656	683.019226	88.620903	-0.118411	0	0.369647	-5.00E-06	-0.978205	-2.00E-06
6.844	0	0	0	0.2	0	-0.3	0	0	0	43.63142	675.460266	89.952965	-0.118679	0	0.369677	-5.00E-06	-1.042929	-5.00E-06
6.845	0	0	0	0.2	0	-0.3	0	0	0	43.63142	674.963074	89.952965	-0.11871	0	0.369867	-6.00E-06	-1.042929	-5.00E-06
6.846	0	0	0	0.2	0	-0.3	0	0	0	43.08358	674.606201	90.109787	-0.11871	0	0.369926	-6.00E-06	-0.905734	-5.00E-06
6.847	0	0	0	0.2	0	-0.3	0	0	0	42.695766	671.333374	89.718056	-0.118488	0	0.369867	-9.00E-06	-0.905734	-6.00E-06
6.848	0	0	0	0.2	0	-0.3	0	0	0	42.540066	670.322388	90.501801	-0.118388	0	0.370393	-1.00E-05	-0.798129	-6.00E-06
6.849	0	0	0	0.2	0	-0.3	0	0	0	41.20866	664.994019	90.501801	-0.118488	0	0.370393	-1.00E-05	-0.971727	0
6.85	0	0	0	0.2	0	-0.3	0	0	0	41.207939	658.973633	90.501801	-0.118388	0	0.370527	-1.00E-05	-0.947015	0
6.851	0	0	0	0.2	0	-0.3	0	0	0	40.582245	658.973633	90.971786	-0.1182	0	0.370563	-1.30E-05	-0.959951	-4.00E-06
6.852	0	0	0	0.2	0	-0.3	0	0	0	40.426544	658.973633	90.267014	-0.118167	0	0.371005	-1.30E-05	-0.959951	-4.00E-06
6.853	0	0	0	0.2	0	-0.3	0	0	0	39.800129	649.18158	90.580536	-0.11814	0	0.370956	-1.30E-05	-0.959951	-4.00E-06
6.854	0	0	0	0.2	0	-0.3	0	0	0	38.706604	648.679077	90.580536	-0.117837	0	0.371139	-6.00E-06	-0.922264	-4.00E-06
6.855	0	0	0	0.2	0	-0.3	0	0	0	38.628033	645.925354	90.659149	-0.11814	0	0.370961	-6.00E-06	-0.842239	-2.00E-06
6.856	0	0	0	0.2	0	-0.3	0	0	0	38.235168	643.378357	90.659149	-0.118001	0	0.371139	-4.00E-06	-0.794724	-2.00E-06
6.857	0	0	0	0.2	0	-0.3	0	0	0	38.235168	639.592163	91.051155	-0.118001	0	0.371429	-8.00E-06	-0.699742	-2.00E-06
6.858	0	0	0	0.2	0	-0.3	0	0	0	37.689491	629.78241	90.738045	-0.117585	0	0.372523	-1.30E-05	-0.699742	-4.00E-06
6.859	0	0	0	0.2	0	-0.3	0	0	0	35.813133	629.64856	91.835152	-0.117585	0	0.372523	-1.30E-05	-0.709875	-1.00E-06
6.86	0	0	0	0.2	0	-0.3	0	0	0	35.813133	626.345581	91.835152	-0.117911	0	0.372768	-1.30E-05	-0.709875	-3.00E-06
6.861	0	0	0	0.2	0	-0.3	0	0	0	35.338089	625.349609	92.619057	-0.118154	0	0.372542	-1.10E-05	-0.690802	-3.00E-06
6.862	0	0	0	0.2	0	-0.3	0	0	0	35.338089	618.655823	92.619057	-0.117911	0	0.372678	-1.40E-05	-0.612256	-3.00E-06
6.863	0	0	0	0.2	0	-0.3	0	0	0	34.713116	616.937378	92.462601	-0.117768	0	0.372678	-1.60E-05	-0.612256	-4.00E-06
6.864	0	0	0	0.2	0	-0.3	0	0	0	34.557415	610.758057	92.462601	-0.117687	0	0.37342	-2.30E-05	-0.612256	-1.00E-06
6.865	0	0	0	0.2	0	-0.3	0	0	0	34.089588	603.727051	92.854576	-0.117687	0	0.373794	-1.60E-05	-0.592814	-4.00E-06
6.866	0	0	0	0.2	0	-0.3	0	0	0	33.538136	602.509399	93.403015	-0.117562	0	0.373829	-2.00E-05	-0.615845	-2.00E-06
6.867	0	0	0	0.2	0	-0.3	0	0	0	33.461006	598.726929	93.403015	-0.117048	0	0.373794	-9.00E-06	-0.614494	-4.00E-06
6.868	0	0	0	0.2	0	-0.3	0	0	0	32.758904	595.996094	93.87323	-0.117048	0	0.374468	-1.40E-05	-0.614494	-4.00E-06
6.869	0	0	0	0.2	0	-0.3	0	0	0	32.758904	586.039734	94.343658	-0.117048	0	0.374543	-9.00E-06	-0.456389	-7.00E-06
6.87	0	0	0	0.2	0	-0.3	0	0	0	32.758904	580.404785	94.578644	-0.117169	0	0.374543	-1.40E-05	-0.456389	-5.00E-06
6.871	0	0	0	0.2	0	-0.3	0	0	0	31.350372	579.494019	94.343658	-0.11705	0	0.375048	-1.60E-05	-0.424144	-5.00E-06
6.872	0	0	0	0.2	0	-0.3	0	0	0	31.194668	577.637146	93.638802	-0.11705	0	0.375048	-1.60E-05	-0.438907	-4.00E-06
6.873	0	0	0	0.2	0	-0.3	0	0	0	31.194668	566.124817	93.638802	-0.116387	0	0.375048	-1.70E-05	-0.424144	-2.00E-06
6.874	0	0	0	0.2	0	-0.3	0	0	0	29.712616	561.840637	93.717255	-0.116387	0	0.375111	-1.70E-05	-0.331808	-4.00E-06
6.875	0	0	0	0.2	0	-0.3	0	0	0	29.397604	558.919495	93.717255	-0.116841	0	0.376047	-1.70E-05	-0.323295	-4.00E-06
6.876	0	0	0	0.2	0	-0.3	0	0	0	29.242624	554.114136	93.090691	-0.116841	0	0.376047	-1.20E-05	-0.26412	-5.00E-06
6.877	0	0	0	0.2	0	-0.3	0	0	0	29.242624	548.975952	93.090691	-0.116523	0	0.376351	-9.00E-06	-0.235662	-5.00E-06
6.878	0	0	0	0.2	0	-0.3	0	0	0	28.774075	540.545593	93.090691	-0.116494	0	0.376942	-1.20E-05	-0.199021	-5.00E-06
6.879	0	0	0	0.2	0	-0.3	0	0	0	26.664883	534.895447	92.699036	-0.116333	0	0.377006	-1.30E-05	-0.198278	-3.00E-06
6.88	0	0	0	0.2	0	-0.3	0	0	0	26.664883	534.563293	92.699036	-0.116494	0	0.377171	-1.30E-05	-0.181978	-3.00E-06
6.881	0	0	0	0.2	0	-0.3	0	0	0	26.428444	527.875183	92.54274	-0.116394	0	0.377171	-3.00E-06	0.077375	-3.00E-06
6.882	0	0	0	0.2	0	-0.3	0	0	0	26.428444	520.309265	92.307907	-0.11644	0	0.377146	-3.00E-06	0.077375	-3.00E-06
6.883	0	0	0	0.2	0	-0.3	0	0	0	25.332756	517.24469	92.151215	-0.116394	0	0.377146	-1.00E-06	-0.091927	-3.00E-06
6.884	0	0	0	0.2	0	-0.3	0	0	0	25.019188	509.330811	92.151215	-0.116307	0	0.377935	-1.10E-05	-0.091927	-3.00E-06
6.885	0	0	0	0.2	0	-0.3	0	0	0	25.019188	502.653534	91.916336	-0.116307	0	0.378222	-1.10E-05	-0.06713	-3.00E-06
6.886	0	0	0	0.2	0	-0.3	0	0	0	24.785637	499.579681	91.759872	-0.116307	0	0.378222	-1.10E-05	0.034887	-2.00E-06
6.887	0	0	0	0.2	0	-0.3	0	0	0	24.629215	492.86499	91.524765	-0.115596	0	0.379019	-4.00E-06	0.034887	-2.00E-06
6.888	0	0	0	0.2	0	-0.3	0	0	0	23.688507	488.582703	90.741615	-0.115596	0	0.379019	-4.00E-06	0.034887	-2.00E-06
6.889	0	0	0	0.2	0	-0.3	0	0	0	23.688507	471.410278	90.663368	-0.115363	0	0.379019	-6.00E-06	0.158806	-1.00E-06
6.89	0	0	0	0.2	0	-0.3	0	0	0	23.688507	468.34491	90.663368	-0.116326	0	0.380383	-9.00E-06	0.21324	-2.00E-06
6.891	0	0	0	0.2	0	-0.3	0	0	0	21.657887	468.34491	90.35009	-0.116054	0	0.380383	-9.00E-06	0.224005	-2.00E-06
6.892	0	0	0	0.2	0	-0.3	0	0	0	21.657887	463.544556	89.253258	-0.116054	0	0.380421	-8.00E-06	0.224005	-2.00E-06
6.893	0	0	0	0.2	0	-0.3	0	0	0	21.657887	454.086243	89.175217	-0.115129	0	0.380951	-8.00E-06	0.213821	-4.00E-06
6.894	0	0	0	0.2	0	-0.3	0	0	0	20.407223	444.648773	89.175171	-0.115035	0	0.381187	-1.00E-05	0.213821	-2.00E-06
6.895	0	0	0	0.2	0	-0.3	0	0	0	20.172226	444.149597	88.235245	-0.115129	0	0.381739	-1.00E-05	0.351411	-2.00E-06
6.896	0	0	0	0.2	0	-0.3	0	0	0	20.171505	435.566071	87.451782	-0.115035	0	0.381973	-6.00E-06	0.351411	-2.00E-06
6.897	0	0	0	0.2	0	-0.3	0	0	0	20.171505	430.588318	87.451782	-0.114964	0	0.382311	-6.00E-06	0.351411	-3.00E-06
6.898	0	0	0	0.2	0	-0.3	0	0	0	19.543646	420.290649	87.060287	-0.114781	0	0.383367	-7.00E-06	0.299386	-4.00E-06
6.899	0	0	0	0.2	0	-0.3	0	0	0	17.90156	413.763031	86.041786	-0.114509	0	0.383367	-7.00E-06	0.466773	-4.00E-06
6.9	0	0	0	0.2	0	-0.3	0	0	0	17.899393	410.538422	86.041786	-0.114509	0	0.381843	-1.20E-05	0.441836	-4.00E-06
6.901	0	0	0	0.2	0	-0.3	0	0	0	17.740084	406.957733	85.337334	-0.114509	0	0.381843	-7.00E-06	0.441836	-4.00E-06
6.902	0	0	0	0.2	0	-0.3	0	0	0	17.740084	397.663696	85.337334	-0.114624	0	0.383284	-7.00E-06	0.388627	-1.00E-06
6.903	0	0	0	0.2	0	-0.3	0	0	0	16.647284	390.814819	84.475586	-0.114462	0	0.383572	-7.00E-06	0.388627	-1.00E-06
6.904	0	0	0	0.2	0	-0.3	0	0	0	16.100164	380.850739	83.927307	-0.114535	0	0.384449	-8.00E-06	0.480429	-1.00E-06
6.905	0	0	0	0.2	0	-0.3	0	0	0	16.335882	374.168884	83.927269	-0.114466	0	0.384749	-8.00E-06	0.501425	-1.00E-06
6.906	0	0	0	0.2	0	-0.3	0	0	0	15.943738	367.487	83.300667	-0.114466	0	0.384997	-7.00E-06	0.553103	-1.00E-06
6.907	0	0	0	0.2	0	-0.3	0	0	0	15.863723	365.432983	82.674057	-0.113979	0	0.385375	-1.00E-06	0.553103	-3.00E-06
6.908	0	0	0	0.2	0	-0.3	0	0	0	14.848053	355.464722	81.263786	-0.113979	0	0.385409	-7.00E-06	0.553103	-3.00E-06
6.909	0	0	0	0.2	0	-0.3	0	0	0	14.377339	345.873718	81.263786	-0.114009	0	0.386076	-6.00E-06	0.56188	-3.00E-06
6.91	0	0	0	0.2	0	-0.3	0	0	0	14.848053	335.732635	81.263786	-0.114009	0	0.385635	-6.00E-06	0.627752	-1.00E-06
6.911	0	0	0	0.2	0	-0.3	0	0	0	14.377339	330.962433	78.757172	-0.113925	0	0.38776	-5.00E-06	0.668951	-1.00E-06
6.912	0	0	0	0.2	0	-0.3	0	0	0	14.140179	324.945099	78.208412	-0.113504	0	0.38776	-5.00E-06	0.668951	-3.00E-06
6.913	0	0	0	0.2	0	-0.3	0	0	0	14.063771	316.16217	77.268448	-0.113425	0	0.389808	-5.00E-06	0.644711	-3.00E-06
6.914	0	0	0	0.2	0	-0.3	0	0	0	12.573778	305.20224	76.641846	-0.113425	0	0.389808	-5.00E-06	0.644711	-2.00E-06
6.915	0	0	0	0.2	0	-0.3	0	0	0	12.418077	301.110046	75.231857	-0.113864	0	0.389808	-9.00E-06	0.772621	-1.00E-06
6.916	0	0	0	0.2	0	-0.3	0	0	0	11.715975	296.132294	75.153488	-0.113864	0	0.390253	-9.00E-06	0.772621	-1.00E-06
6.917	0	0	0	0.2	0	-0.3	0	0	0	12.418077	287.027649	73.586876	-0.112645	0	0.391812	-9.00E-06	0.780208	-1.00E-06
6.918	0	0	0	0.2	0	-0.3	0	0	0	11.479536	275.702423	73.194862	-0.112403	0	0.393247	-4.00E-06	0.710277	-1.00E-06
6.919	0	0	0	0.2	0	-0.3	0	0	0	9.911694	269.005829	70.923073	-0.111505	0	0.393853	-3.00E-06	0.781663	-1.00E-06
6.92	0	0	0	0.2	0	-0.3	0	0	0	9.911694	264.72821	69.356377	-0.112403	0	0.393853	-3.00E-06	0.781663	-1.00E-06
6.921	0	0	0	0.2	0	-0.3	0	0	0	10.220933	258.065582	69.121185	-0.112637	0	0.393853	-4.00E-06	0.781663	-1.00E-06
6.922	0	0	0	0.2	0	-0.3	0	0	0	10.220933	252.89917	68.181183	-0.112637	0	0.396358	-6.00E-06	0.777086	-2.00E-06
6.923	0	0	0	0.2	0	-0.3	0	0	0	8.814565	243.641815	65.360596	-0.11222	0	0.396497	-6.00E-06	0.758983	-2.00E-06
6.924	0	0	0	0.2	0	-0.3	0	0	0	8.811679	235.062927	64.969147	-0.111897	0	0.397162	-6.00E-06	0.751546	-2.00E-06
6.925	0	0	0	0.2	0	-0.3	0	0	0	8.578847	224.416168	63.245392	-0.111897	0	0.39746	-6.00E-06	0.758983	-2.00E-06
6.926	0	0	0	0.2	0	-0.3	0	0	0	8.264558	221.183838	61.521873	-0.112162	0	0.400302	-6.00E-06	0.84034	-2.00E-06
6.927	0	0	0	0.2	0	-0.3	0	0	0	8.182376	216.886429	59.798325	-0.112162	0	0.400515	-8.00E-06	0.84034	-2.00E-06
6.928	0	0	0	0.2	0	-0.3	0	0	0	7.401702	212.948181	57.526215	-0.111531	0	0.401306	-8.00E-06	0.84034	-1.00E-06
6.929	0	0	0	0.2	0	-0.3	0	0	0	7.401702	198.197372	56.899452	-0.111531	0	0.401306	-4.00E-06	0.862136	-1.00E-06
6.93	0	0	0	0.2	0	-0.3	0	0	0	7.71022	193.046371	56.116024	-0.111531	0	0.403356	-4.00E-06	0.887007	-1.00E-06
6.931	0	0	0	0.2	0	-0.3	0	0	0	7.71022	186.016586	52.277023	-0.110338	0	0.405148	-3.00E-06	0.862136	-1.00E-06
6.932	0	0	0	0.2	0	-0.3	0	0	0	6.693827	182.071777	51.650337	-0.110338	0	0.405165	-4.00E-06	0.914118	-1.00E-06
6.933	0	0	0	0.2	0	-0.3	0	0	0	6.300245	173.147629	50.083408	-0.110704	0	0.40965	-5.00E-06	0.736504	-1.00E-06
6.934	0	0	0	0.2	0	-0.3	0	0	0	5.280966	165.431259	48.438065	-0.110704	0	0.410364	-5.00E-06	0.796474	-1.00E-06
6.935	0	0	0	0.2	0	-0.3	0	0	0	5.280966	157.880707	47.263107	-0.110704	0	0.412176	-5.00E-06	0.796474	-1.00E-06
6.936	0	0	0	0.2	0	-0.3	0	0	0	4.655993	156.520981	45.539352	-0.109981	0	0.414815	-5.00E-06	0.851203	-1.00E-06
6.937	0	0	0	0.2	0	-0.3	0	0	0	4.655993	148.276917	44.207451	-0.110014	0	0.417295	-6.00E-06	0.978159	-1.00E-06
6.938	0	0	0	0.2	0	-0.3	0	0	0	3.635272	137.447357	43.267326	-0.109441	0	0.421795	-5.00E-06	0.851203	0
6.939	0	0	0	0.2	0	-0.3	0	0	0	1.838206	134.555176	40.133293	-0.110014	0	0.421795	-2.00E-06	0.780356	0
6.94	0	0	0	0.2	0	-0.3	0	0	0	3.635272	130.972946	38.488113	-0.110454	0	0.421555	-2.00E-06	0.780356	-1.00E-06
6.941	0	0	0	0.2	0	-0.3	0	0	0	3.951005	124.641708	36.84277	-0.110454	0	0.421555	-2.00E-06	1.027747	-1.00E-06
6.942	0	0	0	0.2	0	-0.3	0	0	0	3.951005	121.874481	35.510788	-0.109455	0	0.425708	-5.00E-06	1.027747	-1.00E-06
6.943	0	0	0	0.2	0	-0.3	0	0	0	2.463901	113.303741	32.92524	-0.109455	0	0.426631	-5.00E-06	0.832745	-1.00E-06
6.944	0	0	0	0.2	0	-0.3	0	0	0	2.151054	106.445541	31.985233	-0.106283	0	0.433163	-5.00E-06	0.832745	-1.00E-06
6.945	0	0	0	0.2	0	-0.3	0	0	0	1.759634	100.096939	29.869667	-0.109672	0	0.434497	-2.00E-06	0.890636	0
6.946	0	0	0	0.2	0	-0.3	0	0	0	2.151054	96.67746	28.537727	-0.107757	0	0.438492	-2.00E-06	0.986706	0
6.947	0	0	0	0.2	0	-0.3	0	0	0	1.759634	92.567963	27.127697	-0.107757	0	0.439289	-3.00E-06	0.986706	0
6.948	0	0	0	0.2	0	-0.3	0	0	0	2.071039	90.673264	24.306911	-0.107423	0	0.444046	-3.00E-06	1.015939	0
6.949	0	0	0	0.2	0	-0.3	0	0	0	1.835322	79.529343	24.30687	-0.107423	0	0.449411	-3.00E-06	0.980404	0.00E+00
6.95	0	0	0	0.2	0	-0.3	0	0	0	1.835322	74.207054	23.053101	-0.109595	0	0.459828	-1.00E-06	1.015939	-1.00E-06
6.951	0	0	0	0.2	0	-0.3	0	0	0	1.21612	73.187637	22.113132	-0.109595	0	0.468224	-1.00E-06	0.980404	0.00E+00
6.952	0	0	0	0.2	0	-0.3	0	0	0	1.208907	66.136978	20.232719	-0.105336	0	0.47278	-1.00E-06	0.937344	-1.00E-06
6.953	0	0	0	0.2	0	-0.3	0	0	0	0.741078	64.093422	18.665585	-0.10479	0	0.475958	-1.00E-06	0.923342	0.00E+00
6.954	0	0	0	0.2	0	-0.3	0	0	0	-0.117448	56.022915	16.78521	-0.104337	0	0.487788	-1.00E-06	0.892023	0
6.955	0	0	0	0.2	0	-0.3	0	0	0	-0.117448	53.810799	16.471725	-0.104337	0	0.487788	-1.00E-06	0.892023	0
6.956	0	0	0	0.2	0	-0.3	0	0	0	0.821816	53.303185	16.471687	-0.104337	0	0.487788	-1.00E-06	0.984362	0
6.957	0	0	0	0.2	0	-0.3	0	0	0	0.898946	51.417389	16.393394	-0.10023	0	0.489602	-1.00E-06	1.087087	0
6.958	0	0	0	0.2	0	-0.3	0	0	0	0.898946	42.310051	15.217957	-0.10023	0	0.52162	-3.00E-06	0.984362	0
6.959	0	0	0	0.2	0	-0.3	0	0	0	-0.350278	42.159611	11.535374	-0.101481	0	0.52162	-3.00E-06	0.897589	0
6.96	0	0	0	0.2	0	-0.3	0	0	0	-0.350278	42.159611	9.733047	-0.101481	0	0.52162	-3.00E-06	0.897589	0
6.961	0	0	0	0.2	0	-0.3	0	0	0	1.372546	35.459976	9.028072	-0.096935	0	0.548726	0	1.350619	0
6.962	0	0	0	0.2	0	-0.3	0	0	0	1.372546	34.582451	8.714588	-0.085857	0	0.559395	0	1.350619	0
6.963	0	0	0	0.2	0	-0.3	0	0	0	0.978961	31.677967	7.382568	-0.089704	0	0.564546	-1.00E-06	1.047292	0
6.964	0	0	0	0.2	0	-0.3	0	0	0	0.978961	25.512939	6.912346	-0.081753	0	0.605494	-1.00E-06	1.047292	0
6.965	0	0	0	0.2	0	-0.3	0	0	0	0.510414	25.164646	5.658733	-0.089704	0	0.605494	0.00E+00	0.999184	0
6.966	0	0	0	0.2	0	-0.3	0	0	0	0	0	0	-0.13	0	0.305	0	0	0
6.967	0	0	0	0.2	0	-0.3	0	0	0	0	0	0	-0.13	0	0.305	0	0	0
6.968	0	0	0	0.2	0	-0.3	0	0	0	0	0	0	-0.13	0	0.305	0	0	0
6.969	0	0	0	0.2	0	-0.3	0	0	0	0	0	0	-0.13	0	0.305	0	0	0
6.97	0	0	0	0.2	0	-0.3	0	0	0	0	0	0	-0.13	0	0.305	0	0	0
6.971	0	0	0	0.2	0	-0.3	0	0	0	0	0	0	-0.13	0	0.305	0	0	0
6.972	0	0	0	0.2	0	-0.3	0	0	0	0	0	0	-0.13	0	0.305	0	0	0
6.973	0	0	0	0.2	0	-0.3	0	0	0	0	0	0	-0.13	0	0.305	0	0	0
6.974	0	0	0	0.2	0	-0.3	0	0	0	0	0	0	-0.13	0	0.305	0	0	0
6.975	0	0	0	0.2	0	-0.3	0	0	0	0	0	0	-0.13	0	0.305	0	0	0
6.976	0	0	0	0.2	0	-0.3	0	0	0	0	0	0	-0.13	0	0.305	0	0	0
6.977	0	0	0	0.2	0	-0.3	0	0	0	0	0	0	-0.13	0	0.305	0	0	0
6.978	0	0	0	0.2	0	-0.3	0	0	0	0	0	0	-0.13	0	0.305	0	0	0
6.979	0	0	0	0.2	0	-0.3	0	0	0	0	0	0	-0.13	0	0.305	0	0	0
6.98	0	0	0	0.2	0	-0.3	0	0	0	0	0	0	-0.13	0	0.305	0	0	0
6.981	0	0	0	0.2	0	-0.3	0	0	0	0	0	0	-0.13	0	0.305	0	0	0
6.982	0	0	0	0.2	0	-0.3	0	0	0	0	0	0	-0.13	0	0.305	0	0	0
6.983	0	0	0	0.2	0	-0.3	0	0	0	0	0	0	-0.13	0	0.305	0	0	0
6.984	0	0	0	0.2	0	-0.3	0	0	0	0	0	0	-0.13	0	0.305	0	0	0
6.985	0	0	0	0.2	0	-0.3	0	0	0	0	0	0	-0.13	0	0.305	0	0	0
6.986	0	0	0	0.2	0	-0.3	0	0	0	0	0	0	-0.13	0	0.305	0	0	0
6.987	0	0	0	0.2	0	-0.3	0	0	0	0	0	0	-0.13	0	0.305	0	0	0
6.988	0	0	0	0.2	0	-0.3	0	0	0	0	0	0	-0.13	0	0.305	0	0	0
6.989	0	0	0	0.2	0	-0.3	0	0	0	0	0	0	-0.13	0	0.305	0	0	0
6.99	0	0	0	0.2	0	-0.3	0	0	0	0	0	0	-0.13	0	0.305	0	0	0
6.991	0	0	0	0.2	0	-0.3	0	0	0	0	0	0	-0.13	0	0.305	0	0	0
6.992	0	0	0	0.2	0	-0.3	0	0	0	0	0	0	-0.13	0	0.305	0	0	0
6.993	0	0	0	0.2	0	-0.3	0	0	0	0	0	0	-0.13	0	0.305	0	0	0
6.994	0	0	0	0.2	0	-0.3	0	0	0	0	0	0	-0.13	0	0.305	0	0	0
6.995	0	0	0	0.2	0	-0.3	0	0	0	0	0	0	-0.13	0	0.305	0	0	0
6.996	0	0	0	0.2	0	-0.3	0	0	0	0	0	0	-0.13	0	0.305	0	0	0
6.997	0	0	0	0.2	0	-0.3	0	0	0	0	0	0	-0.13	0	0.305	0	0	0
6.998	0	0	0	0.2	0	-0.3	0	0	0	0	0	0	-0.13	0	0.305	0	0	0
6.999	0	0	0	0.2	0	-0.3	0	0	0	0	0	0	-0.13	0	0.305	0	0	0
7	0	0	0	0.2	0	-0.3	0	0	0	0	0	0	-0.13	0	0.305	0	0	0
7.001	0	0	0	0.2	0	-0.3	0	0	0	0	0	0	-0.13	0	0.305	0	0	0
7.002	0	0	0	0.2	0	-0.3	0	0	0	0	0	0	-0.13	0	0.305	0	0	0
7.003	0	0	0	0.2	0	-0.3	0	0	0	0	0	0	-0.13	0	0.305	0	0	0
7.004	0	0	0	0.2	0	-0.3	0	0	0	0	0	0	-0.13	0	0.305	0	0	0
7.005	0	0	0	0.2	0	-0.3	0	0	0	0	0	0	-0.13	0	0.305	0	0	0
7.006	0	0	0	0.2	0	-0.3	0	0	0	0	0	0	-0.13	0	0.305	0	0	0
7.007	0	0	0	0.2	0	-0.3	0	0	0	0	0	0	-0.13	0	0.305	0	0	0
7.008	0	0	0	0.2	0	-0.3	0	0	0	0	0	0	-0.13	0	0.305	0	0	0
7.009	0	0	0	0.2	0	-0.3	0	0	0	0	0	0	-0.13	0	0.305	0	0	0
7.01	0	0	0	0.2	0	-0.3	0	0	0	0	0	0	-0.13	0	0.305	0	0	0
7.011	0	0	0	0.2	0	-0.3	0	0	0	0	0	0	-0.13	0	0.305	0	0	0
7.012	0	0	0	0.2	0	-0.3	0	0	0	0	0	0	-0.13	0	0.305	0	0	0
7.013	0	0	0	0.2	0	-0.3	0	0	0	0	0	0	-0.13	0	0.305	0	0	0
7.014	0	0	0	0.2	0	-0.3	0	0	0	0	0	0	-0.13	0	0.305	0	0	0
7.015	0	0	0	0.2	0	-0.3	0	0	0	0	0	0	-0.13	0	0.305	0	0	0
7.016	0	0	0	0.2	0	-0.3	0	0	0	0	0	0	-0.13	0	0.305	0	0	0
7.017	0	0	0	0.2	0	-0.3	0	0	0	0	0	0	-0.13	0	0.305	0	0	0
7.018	0	0	0	0.2	0	-0.3	0	0	0	0	0	0	-0.13	0	0.305	0	0	0
7.019	0	0	0	0.2	0	-0.3	0	0	0	0	0	0	-0.13	0	0.305	0	0	0
7.02	0	0	0	0.2	0	-0.3	0	0	0	0	0	0	-0.13	0	0.305	0	0	0
7.021	0	0	0	0.2	0	-0.3	0	0	0	0	0	0	-0.13	0	0.305	0	0	0
7.022	0	0	0	0.2	0	-0.3	0	0	0	0	0	0	-0.13	0	0.305	0	0	0
7.023	0	0	0	0.2	0	-0.3	0	0	0	0	0	0	-0.13	0	0.305	0	0	0
7.024	0	0	0	0.2	0	-0.3	0	0	0	0	0	0	-0.13	0	0.305	0	0	0
7.025	0	0	0	0.2	0	-0.3	0	0	0	0	0	0	-0.13	0	0.305	0	0	0
7.026	0	0	0	0.2	0	-0.3	0	0	0	0	0	0	-0.13	0	0.305	0	0	0
7.027	0	0	0	0.2	0	-0.3	0	0	0	0	0	0	-0.13	0	0.305	0	0	0
7.028	0	0	0	0.2	0	-0.3	0	0	0	0	0	0	-0.13	0	0.305	0	0	0
7.029	0	0	0	0.2	0	-0.3	0	0	0	0	0	0	-0.13	0	0.305	0	0	0
7.03	0	0	0	0.2	0	-0.3	0	0	0	0	0	0	-0.13	0	0.305	0	0	0
7.031	0	0	0	0.2	0	-0.3	0	0	0	0	0	0	-0.13	0	0.305	0	0	0
7.032	0	0	0	0.2	0	-0.3	0	0	0	0	0	0	-0.13	0	0.305	0	0	0
7.033	0	0	0	0.2	0	-0.3	0	0	0	0	0	0	-0.13	0	0.305	0	0	0
7.034	0	0	0	0.2	0	-0.3	0	0	0	0	0	0	-0.13	0	0.305	0	0	0
7.035	0	0	0	0.2	0	-0.3	0	0	0	0	0	0	-0.13	0	0.305	0	0	0
7.036	0	0	0	0.2	0	-0.3	0	0	0	0	0	0	-0.13	0	0.305	0	0	0
7.037	0	0	0	0.2	0	-0.3	0	0	0	0	0	0	-0.13	0	0.305	0	0	0
7.038	0	0	0	0.2	0	-0.3	0	0	0	0	0	0	-0.13	0	0.305	0	0	0
7.039	0	0	0	0.2	0	-0.3	0	0	0	0	0	0	-0.13	0	0.305	0	0	0
7.04	0	0	0	0.2	0	-0.3	0	0	0	0	0	0	-0.13	0	0.305	0	0	0
7.041	0	0	0	0.2	0	-0.3	0	0	0	0	0	0	-0.13	0	0.305	0	0	0
7.042	0	0	0	0.2	0	-0.3	0	0	0	0	0	0	-0.13	0	0.305	0	0	0
7.043	0	0	0	0.2	0	-0.3	0	0	0	0	0	0	-0.13	0	0.305	0	0	0
7.044	0	0	0	0.2	0	-0.3	0	0	0	0	0	0	-0.13	0	0.305	0	0	0
7.045	0	0	0	0.2	0	-0.3	0	0	0	0	0	0	-0.13	0	0.305	0	0	0
7.046	0	0	0	0.2	0	-0.3	0	0	0	0	0	0	-0.13	0	0.305	0	0	0
7.047	0	0	0	0.2	0	-0.3	0	0	0	0	0	0	-0.13	0	0.305	0	0	0
7.048	0	0	0	0.2	0	-0.3	0	0	0	0	0	0	-0.13	0	0.305	0	0	0
7.049	0	0	0	0.2	0	-0.3	0	0	0	0	0	0	-0.13	0	0.305	0	0	0
7.05	0	0	0	0.2	0	-0.3	0	0	0	0	0	0	-0.13	0	0.305	0	0	0
7.051	0	0	0	0.2	0	-0.3	0	0	0	0	0	0	-0.13	0	0.305	0	0	0
7.052	0	0	0	0.2	0	-0.3	0	0	0	0	0	0	-0.13	0	0.305	0	0	0
7.053	0	0	0	0.2	0	-0.3	0	0	0	0	0	0	-0.13	0	0.305	0	0	0
7.054	0	0	0	0.2	0	-0.3	0	0	0	0	0	0	-0.13	0	0.305	0	0	0
7.055	0	0	0	0.2	0	-0.3	0	0	0	0	0	0	-0.13	0	0.305	0	0	0
7.056	0	0	0	0.2	0	-0.3	0	0	0	0	0	0	-0.13	0	0.305	0	0	0
7.057	0	0	0	0.2	0	-0.3	0	0	0	0	0	0	-0.13	0	0.305	0	0	0
7.058	0	0	0	0.2	0	-0.3	0	0	0	0	0	0	-0.13	0	0.305	0	0	0
7.059	0	0	0	0.2	0	-0.3	0	0	0	0	0	0	-0.13	0	0.305	0	0	0
7.06	0	0	0	0.2	0	-0.3	0	0	0	0	0	0	-0.13	0	0.305	0	0	0
7.061	0	0	0	0.2	0	-0.3	0	0	0	0	0	0	-0.13	0	0.305	0	0	0
7.062	0	0	0	0.2	0	-0.3	0	0	0	0	0	0	-0.13	0	0.305	0	0	0
7.063	0	0	0	0.2	0	-0.3	0	0	0	0	0	0	-0.13	0	0.305	0	0	0
7.064	0	0	0	0.2	0	-0.3	0	0	0	0	0	0	-0.13	0	0.305	0	0	0
7.065	0	0	0	0.2	0	-0.3	0	0	0	0	0	0	-0.13	0	0.305	0	0	0
7.066	0	0	0	0.2	0	-0.3	0	0	0	0	0	0	-0.13	0	0.305	0	0	0
7.067	0	0	0	0.2	0	-0.3	0	0	0	0	0	0	-0.13	0	0.305	0	0	0
7.068	0	0	0	0.2	0	-0.3	0	0	0	0	0	0	-0.13	0	0.305	0	0	0
7.069	0	0	0	0.2	0	-0.3	0	0	0	0	0	0	-0.13	0	0.305	0	0	0
7.07	0	0	0	0.2	0	-0.3	0	0	0	0	0	0	-0.13	0	0.305	0	0	0
7.071	0	0	0	0.2	0	-0.3	0	0	0	0	0	0	-0.13	0	0.305	0	0	0
7.072	0	0	0	0.2	0	-0.3	0	0	0	0	0	0	-0.13	0	0.305	0	0	0
7.073	0	0	0	0.2	0	-0.3	0	0	0	0	0	0	-0.13	0	0.305	0	0	0
7.074	0	0	0	0.2	0	-0.3	0	0	0	0	0	0	-0.13	0	0.305	0	0	0
7.075	0	0	0	0.2	0	-0.3	0	0	0	0	0	0	-0.13	0	0.305	0	0	0
7.076	0	0	0	0.2	0	-0.3	0	0	0	0	0	0	-0.13	0	0.305	0	0	0
7.077	0	0	0	0.2	0	-0.3	0	0	0	0	0	0	-0.13	0	0.305	0	0	0
7.078	0	0	0	0.2	0	-0.3	0	0	0	0	0	0	-0.13	0	0.305	0	0	0
7.079	0	0	0	0.2	0	-0.3	0	0	0	0	0	0	-0.13	0	0.305	0	0	0
7.08	0	0	0	0.2	0	-0.3	0	0	0	0	0	0	-0.13	0	0.305	0	0	0
7.081	0	0	0	0.2	0	-0.3	0	0	0	0	0	0	-0.13	0	0.305	0	0	0
7.082	0	0	0	0.2	0	-0.3	0	0	0	0	0	0	-0.13	0	0.305	0	0	0
7.083	0	0	0	0.2	0	-0.3	0	0	0	0	0	0	-0.13	0	0.305	0	0	0
7.084	0	0	0	0.2	0	-0.3	0	0	0	0	0	0	-0.13	0	0.305	0	0	0
7.085	0	0	0	0.2	0	-0.3	0	0	0	0	0	0	-0.13	0	0.305	0	0	0
7.086	0	0	0	0.2	0	-0.3	0	0	0	0	0	0	-0.13	0	0.305	0	0	0
7.087	0	0	0	0.2	0	-0.3	0	0	0	0	0	0	-0.13	0	0.305	0	0	0
7.088	0	0	0	0.2	0	-0.3	0	0	0	0	0	0	-0.13	0	0.305	0	0	0
7.089	0	0	0	0.2	0	-0.3	0	0	0	0	0	0	-0.13	0	0.305	0	0	0
7.09	0	0	0	0.2	0	-0.3	0	0	0	0	0	0	-0.13	0	0.305	0	0	0
7.091	0	0	0	0.2	0	-0.3	0	0	0	0	0	0	-0.13	0	0.305	0	0	0
7.092	0	0	0	0.2	0	-0.3	0	0	0	0	0	0	-0.13	0	0.305	0	0	0
7.093	0	0	0	0.2	0	-0.3	0	0	0	0	0	0	-0.13	0	0.305	0	0	0
7.094	0	0	0	0.2	0	-0.3	0	0	0	0	0	0	-0.13	0	0.305	0	0	0
7.095	0	0	0	0.2	0	-0.3	0	0	0	0	0	0	-0.13	0	0.305	0	0	0
7.096	0	0	0	0.2	0	-0.3	0	0	0	0	0	0	-0.13	0	0.305	0	0	0
7.097	0	0	0	0.2	0	-0.3	0	0	0	0	0	0	-0.13	0	0.305	0	0	0
7.098	0	0	0	0.2	0	-0.3	0	0	0	0	0	0	-0.13	0	0.305	0	0	0
7.099	0	0	0	0.2	0	-0.3	0	0	0	0	0	0	-0.13	0	0.305	0	0	0
7.1	0	0	0	0.2	0	-0.3	0	0	0	0	0	0	-0.13	0	0.305	0	0	0
7.101	0	0	0	0.2	0	-0.3	0	0	0	0	0	0	-0.13	0	0.305	0	0	0
7.102	0	0	0	0.2	0	-0.3	0	0	0	0	0	0	-0.13	0	0.305	0	0	0
7.103	0	0	0	0.2	0	-0.3	0	0	0	0	0	0	-0.13	0	0.305	0	0	0
7.104	0	0	0	0.2	0	-0.3	0	0	0	0	0	0	-0.13	0	0.305	0	0	0
7.105	0	0	0	0.2	0	-0.3	0	0	0	0	0	0	-0.13	0	0.305	0	0	0
7.106	0	0	0	0.2	0	-0.3	0	0	0	0	0	0	-0.13	0	0.305	0	0	0
7.107	0	0	0	0.2	0	-0.3	0	0	0	0	0	0	-0.13	0	0.305	0	0	0
7.108	0	0	0	0.2	0	-0.3	0	0	0	0	0	0	-0.13	0	0.305	0	0	0
7.109	0	0	0	0.2	0	-0.3	0	0	0	0	0	0	-0.13	0	0.305	0	0	0
7.11	0	0	0	0.2	0	-0.3	0	0	0	0	0	0	-0.13	0	0.305	0	0	0
7.111	0	0	0	0.2	0	-0.3	0	0	0	0	0	0	-0.13	0	0.305	0	0	0
7.112	0	0	0	0.2	0	-0.3	0	0	0	0	0	0	-0.13	0	0.305	0	0	0
7.113	0	0	0	0.2	0	-0.3	0	0	0	0	0	0	-0.13	0	0.305	0	0	0
7.114	0	0	0	0.2	0	-0.3	0	0	0	0	0	0	-0.13	0	0.305	0	0	0
7.115	0	0	0	0.2	0	-0.3	0	0	0	0	0	0	-0.13	0	0.305	0	0	0
7.116	0	0	0	0.2	0	-0.3	0	0	0	0	0	0	-0.13	0	0.305	0	0	0
7.117	0	0	0	0.2	0	-0.3	0	0	0	0	0	0	-0.13	0	0.305	0	0	0
7.118	0	0	0	0.2	0	-0.3	0	0	0	0	0	0	-0.13	0	0.305	0	0	0
7.119	0	0	0	0.2	0	-0.3	0	0	0	0	0	0	-0.13	0	0.305	0	0	0
7.12	0	0	0	0.2	0	-0.3	0	0	0	0	0	0	-0.13	0	0.305	0	0	0
7.121	0	0	0	0.2	0	-0.3	0	0	0	0	0	0	-0.13	0	0.305	0	0	0
7.122	0	0	0	0.2	0	-0.3	0	0	0	0	0	0	-0.13	0	0.305	0	0	0
7.123	0	0	0	0.2	0	-0.3	0	0	0	0	0	0	-0.13	0	0.305	0	0	0
7.124	0	0	0	0.2	0	-0.3	0	0	0	0	0	0	-0.13	0	0.305	0	0	0
7.125	0	0	0	0.2	0	-0.3	0	0	0	0	0	0	-0.13	0	0.305	0	0	0
7.126	0	0	0	0.2	0	-0.3	0	0	0	0	0	0	-0.13	0	0.305	0	0	0
7.127	0	0	0	0.2	0	-0.3	0	0	0	0	0	0	-0.13	0	0.305	0	0	0
7.128	0	0	0	0.2	0	-0.3	0	0	0	0	0	0	-0.13	0	0.305	0	0	0
7.129	0	0	0	0.2	0	-0.3	0	0	0	0	0	0	-0.13	0	0.305	0	0	0
7.13	0	0	0	0.2	0	-0.3	0	0	0	0	0	0	-0.13	0	0.305	0	0	0
7.131	0	0	0	0.2	0	-0.3	0	0	0	0	0	0	-0.13	0	0.305	0	0	0
7.132	0	0	0	0.2	0	-0.3	0	0	0	0	0	0	-0.13	0	0.305	0	0	0
7.133	0	0	0	0.2	0	-0.3	0	0	0	0	0	0	-0.13	0	0.305	0	0	0
7.134	0	0	0	0.2	0	-0.3	0	0	0	0	0	0	-0.13	0	0.305	0	0	0
7.135	0	0	0	0.2	0	-0.3	0	0	0	0	0	0	-0.13	0	0.305	0	0	0
7.136	0	0	0	0.2	0	-0.3	0	0	0	0	0	0	-0.13	0	0.305	0	0	0
7.137	0	0	0	0.2	0	-0.3	0	0	0	0	0	0	-0.13	0	0.305	0	0	0
7.138	0	0	0	0.2	0	-0.3	0	0	0	0	0	0	-0.13	0	0.305	0	0	0
7.139	0	0	0	0.2	0	-0.3	0	0	0	0	0	0	-0.13	0	0.305	0	0	0
7.14	0	0	0	0.2	0	-0.3	0	0	0	0	0	0	-0.13	0	0.305	0	0	0
7.141	0	0	0	0.2	0	-0.3	0	0	0	0	0	0	-0.13	0	0.305	0	0	0
7.142	0	0	0	0.2	0	-0.3	0	0	0	0	0	0	-0.13	0	0.305	0	0	0
7.143	0	0	0	0.2	0	-0.3	0	0	0	0	0	0	-0.13	0	0.305	0	0	0
7.144	0	0	0	0.2	0	-0.3	0	0	0	0	0	0	-0.13	0	0.305	0	0	0
7.145	0	0	0	0.2	0	-0.3	0	0	0	0	0	0	-0.13	0	0.305	0	0	0
7.146	0	0	0	0.2	0	-0.3	0	0	0	0	0	0	-0.13	0	0.305	0	0	0
7.147	0	0	0	0.2	0	-0.3	0	0	0	0	0	0	-0.13	0	0.305	0	0	0
7.148	0	0	0	0.2	0	-0.3	0	0	0	0	0	0	-0.13	0	0.305	0	0	0
7.149	0	0	0	0.2	0	-0.3	0	0	0	0	0	0	-0.13	0	0.305	0	0	0
7.15	0	0	0	0.2	0	-0.3	0	0	0	0	0	0	-0.13	0	0.305	0	0	0
7.151	0	0	0	0.2	0	-0.3	0	0	0	0	0	0	-0.13	0	0.305	0	0	0
7.152	0	0	0	0.2	0	-0.3	0	0	0	0	0	0	-0.13	0	0.305	0	0	0
7.153	0	0	0	0.2	0	-0.3	0	0	0	0	0	0	-0.13	0	0.305	0	0	0
7.154	0	0	0	0.2	0	-0.3	0	0	0	0	0	0	-0.13	0	0.305	0	0	0
7.155	0	0	0	0.2	0	-0.3	0	0	0	0	0	0	-0.13	0	0.305	0	0	0
7.156	0	0	0	0.2	0	-0.3	0	0	0	0	0	0	-0.13	0	0.305	0	0	0
7.157	0	0	0	0.2	0	-0.3	0	0	0	0	0	0	-0.13	0	0.305	0	0	0
7.158	0	0	0	0.2	0	-0.3	0	0	0	0	0	0	-0.13	0	0.305	0	0	0
7.159	0	0	0	0.2	0	-0.3	0	0	0	0	0	0	-0.13	0	0.305	0	0	0
7.16	0	0	0	0.2	0	-0.3	0	0	0	0	0	0	-0.13	0	0.305	0	0	0
7.161	0	0	0	0.2	0	-0.3	0	0	0	0	0	0	-0.13	0	0.305	0	0	0
7.162	0	0	0	0.2	0	-0.3	0	0	0	0	0	0	-0.13	0	0.305	0	0	0
7.163	0	0	0	0.2	0	-0.3	0	0	0	0	0	0	-0.13	0	0.305	0	0	0
7.164	0	0	0	0.2	0	-0.3	0	0	0	0	0	0	-0.13	0	0.305	0	0	0
7.165	0	0	0	0.2	0	-0.3	0	0	0	0	0	0	-0.13	0	0.305	0	0	0
7.166	0	0	0	0.2	0	-0.3	0	0	0	0	0	0	-0.13	0	0.305	0	0	0
7.167	0	0	0	0.2	0	-0.3	0	0	0	0	0	0	-0.13	0	0.305	0	0	0
7.168	0	0	0	0.2	0	-0.3	0	0	0	0	0	0	-0.13	0	0.305	0	0	0
7.169	0	0	0	0.2	0	-0.3	0	0	0	0	0	0	-0.13	0	0.305	0	0	0
7.17	0	0	0	0.2	0	-0.3	0	0	0	0	0	0	-0.13	0	0.305	0	0	0
7.171	0	0	0	0.2	0	-0.3	0	0	0	0	0	0	-0.13	0	0.305	0	0	0
7.172	0	0	0	0.2	0	-0.3	0	0	0	0	0	0	-0.13	0	0.305	0	0	0
7.173	0	0	0	0.2	0	-0.3	0	0	0	0	0	0	-0.13	0	0.305	0	0	0
7.174	0	0	0	0.2	0	-0.3	0	0	0	0	0	0	-0.13	0	0.305	0	0	0
7.175	0	0	0	0.2	0	-0.3	0	0	0	0	0	0	-0.13	0	0.305	0	0	0
7.176	0	0	0	0.2	0	-0.3	0	0	0	0	0	0	-0.13	0	0.305	0	0	0
7.177	0	0	0	0.2	0	-0.3	0	0	0	0	0	0	-0.13	0	0.305	0	0	0
7.178	0	0	0	0.2	0	-0.3	0	0	0	0	0	0	-0.13	0	0.305	0	0	0
7.179	0	0	0	0.2	0	-0.3	0	0	0	0	0	0	-0.13	0	0.305	0	0	0
7.18	0	0	0	0.2	0	-0.3	0	0	0	0	0	0	-0.13	0	0.305	0	0	0
7.181	0	0	0	0.2	0	-0.3	0	0	0	0	0	0	-0.13	0	0.305	0	0	0
7.182	0	0	0	0.2	0	-0.3	0	0	0	0	0	0	-0.13	0	0.305	0	0	0
7.183	0	0	0	0.2	0	-0.3	0	0	0	0	0	0	-0.13	0	0.305	0	0	0
7.184	0	0	0	0.2	0	-0.3	0	0	0	0	0	0	-0.13	0	0.305	0	0	0
7.185	0	0	0	0.2	0	-0.3	0	0	0	0	0	0	-0.13	0	0.305	0	0	0
7.186	0	0	0	0.2	0	-0.3	0	0	0	0	0	0	-0.13	0	0.305	0	0	0
7.187	0	0	0	0.2	0	-0.3	0	0	0	0	0	0	-0.13	0	0.305	0	0	0
7.188	0	0	0	0.2	0	-0.3	0	0	0	0	0	0	-0.13	0	0.305	0	0	0
7.189	0	0	0	0.2	0	-0.3	0	0	0	0	0	0	-0.13	0	0.305	0	0	0
7.19	0	0	0	0.2	0	-0.3	0	0	0	0	0	0	-0.13	0	0.305	0	0	0
7.191	0	0	0	0.2	0	-0.3	0	0	0	0	0	0	-0.13	0	0.305	0	0	0
7.192	0	0	0	0.2	0	-0.3	0	0	0	0	0	0	-0.13	0	0.305	0	0	0
7.193	0	0	0	0.2	0	-0.3	0	0	0	0	0	0	-0.13	0	0.305	0	0	0
7.194	0	0	0	0.2	0	-0.3	0	0	0	0	0	0	-0.13	0	0.305	0	0	0
7.195	0	0	0	0.2	0	-0.3	0	0	0	0	0	0	-0.13	0	0.305	0	0	0
7.196	0	0	0	0.2	0	-0.3	0	0	0	0	0	0	-0.13	0	0.305	0	0	0
7.197	0	0	0	0.2	0	-0.3	0	0	0	0	0	0	-0.13	0	0.305	0	0	0
7.198	0	0	0	0.2	0	-0.3	0	0	0	0	0	0	-0.13	0	0.305	0	0	0
7.199	0	0	0	0.2	0	-0.3	0	0	0	0	0	0	-0.13	0	0.305	0	0	0
7.2	0	0	0	0.2	0	-0.3	0	0	0	0	0	0	-0.13	0	0.305	0	0	0
7.201	0	0	0	0.2	0	-0.3	0	0	0	0	0	0	-0.13	0	0.305	0	0	0
7.202	0	0	0	0.2	0	-0.3	0	0	0	0	0	0	-0.13	0	0.305	0	0	0
7.203	0	0	0	0.2	0	-0.3	0	0	0	0	0	0	-0.13	0	0.305	0	0	0
7.204	0	0	0	0.2	0	-0.3	0	0	0	0	0	0	-0.13	0	0.305	0	0	0
7.205	0	0	0	0.2	0	-0.3	0	0	0	0	0	0	-0.13	0	0.305	0	0	0
7.206	0	0	0	0.2	0	-0.3	0	0	0	0	0	0	-0.13	0	0.305	0	0	0
7.207	0	0	0	0.2	0	-0.3	0	0	0	0	0	0	-0.13	0	0.305	0	0	0
7.208	0	0	0	0.2	0	-0.3	0	0	0	0	0	0	-0.13	0	0.305	0	0	0
7.209	0	0	0	0.2	0	-0.3	0	0	0	0	0	0	-0.13	0	0.305	0	0	0
7.21	0	0	0	0.2	0	-0.3	0	0	0	0	0	0	-0.13	0	0.305	0	0	0
7.211	0	0	0	0.2	0	-0.3	0	0	0	0	0	0	-0.13	0	0.305	0	0	0
7.212	0	0	0	0.2	0	-0.3	0	0	0	0	0	0	-0.13	0	0.305	0	0	0
7.213	0	0	0	0.2	0	-0.3	0	0	0	0	0	0	-0.13	0	0.305	0	0	0
7.214	0	0	0	0.2	0	-0.3	0	0	0	0	0	0	-0.13	0	0.305	0	0	0
7.215	0	0	0	0.2	0	-0.3	0	0	0	0	0	0	-0.13	0	0.305	0	0	0
7.216	0	0	0	0.2	0	-0.3	0	0	0	0	0	0	-0.13	0	0.305	0	0	0
7.217	0	0	0	0.2	0	-0.3	0	0	0	0	0	0	-0.13	0	0.305	0	0	0
7.218	0	0	0	0.2	0	-0.3	0	0	0	0	0	0	-0.13	0	0.305	0	0	0
7.219	0	0	0	0.2	0	-0.3	0	0	0	0	0	0	-0.13	0	0.305	0	0	0
7.22	0	0	0	0.2	0	-0.3	0	0	0	0	0	0	-0.13	0	0.305	0	0	0
7.221	0	0	0	0.2	0	-0.3	0	0	0	0	0	0	-0.13	0	0.305	0	0	0
7.222	0	0	0	0.2	0	-0.3	0	0	0	0	0	0	-0.13	0	0.305	0	0	0
7.223	0	0	0	0.2	0	-0.3	0	0	0	0	0	0	-0.13	0	0.305	0	0	0
7.224	0	0	0	0.2	0	-0.3	0	0	0	0	0	0	-0.13	0	0.305	0	0	0
7.225	0	0	0	0.2	0	-0.3	0	0	0	0	0	0	-0.13	0	0.305	0	0	0
7.226	0	0	0	0.2	0	-0.3	0	0	0	0	0	0	-0.13	0	0.305	0	0	0
7.227	0	0	0	0.2	0	-0.3	0	0	0	0	0	0	-0.13	0	0.305	0	0	0
7.228	0	0	0	0.2	0	-0.3	0	0	0	0	0	0	-0.13	0	0.305	0	0	0
7.229	0	0	0	0.2	0	-0.3	0	0	0	0	0	0	-0.13	0	0.305	0	0	0
7.23	0	0	0	0.2	0	-0.3	0	0	0	0	0	0	-0.13	0	0.305	0	0	0
7.231	0	0	0	0.2	0	-0.3	0	0	0	0	0	0	-0.13	0	0.305	0	0	0
7.232	0	0	0	0.2	0	-0.3	0	0	0	0	0	0	-0.13	0	0.305	0	0	0
7.233	0	0	0	0.2	0	-0.3	0	0	0	0	0	0	-0.13	0	0.305	0	0	0
7.234	0	0	0	0.2	0	-0.3	0	0	0	0	0	0	-0.13	0	0.305	0	0	0
7.235	0	0	0	0.2	0	-0.3	0	0	0	0	0	0	-0.13	0	0.305	0	0	0
7.236	0	0	0	0.2	0	-0.3	0	0	0	0	0	0	-0.13	0	0.305	0	0	0
7.237	0	0	0	0.2	0	-0.3	0	0	0	0	0	0	-0.13	0	0.305	0	0	0
7.238	0	0	0	0.2	0	-0.3	0	0	0	0	0	0	-0.13	0	0.305	0	0	0
7.239	0	0	0	0.2	0	-0.3	0	0	0	0	0	0	-0.13	0	0.305	0	0	0
7.24	0	0	0	0.2	0	-0.3	0	0	0	0	0	0	-0.13	0	0.305	0	0	0
7.241	0	0	0	0.2	0	-0.3	0	0	0	0	0	0	-0.13	0	0.305	0	0	0
7.242	0	0	0	0.2	0	-0.3	0	0	0	0	0	0	-0.13	0	0.305	0	0	0
7.243	0	0	0	0.2	0	-0.3	0	0	0	0	0	0	-0.13	0	0.305	0	0	0
7.244	0	0	0	0.2	0	-0.3	0	0	0	0	0	0	-0.13	0	0.305	0	0	0
7.245	0	0	0	0.2	0	-0.3	0	0	0	0	0	0	-0.13	0	0.305	0	0	0
7.246	0	0	0	0.2	0	-0.3	0	0	0	0	0	0	-0.13	0	0.305	0	0	0
7.247	0	0	0	0.2	0	-0.3	0	0	0	0	0	0	-0.13	0	0.305	0	0	0
7.248	0	0	0	0.2	0	-0.3	0	0	0	0	0	0	-0.13	0	0.305	0	0	0
7.249	0	0	0	0.2	0	-0.3	0	0	0	0	0	0	-0.13	0	0.305	0	0	0
7.25	0	0	0	0.2	0	-0.3	0	0	0	0	0	0	-0.13	0	0.305	0	0	0
7.251	0	0	0	0.2	0	-0.3	0	0	0	0	0	0	-0.13	0	0.305	0	0	0
7.252	0	0	0	0.2	0	-0.3	0	0	0	0	0	0	-0.13	0	0.305	0	0	0
7.253	0	0	0	0.2	0	-0.3	0	0	0	0	0	0	-0.13	0	0.305	0	0	0
7.254	0	0	0	0.2	0	-0.3	0	0	0	0	0	0	-0.13	0	0.305	0	0	0
7.255	0	0	0	0.2	0	-0.3	0	0	0	0	0	0	-0.13	0	0.305	0	0	0
7.256	0	0	0	0.2	0	-0.3	0	0	0	0	0	0	-0.13	0	0.305	0	0	0
7.257	0	0	0	0.2	0	-0.3	0	0	0	0	0	0	-0.13	0	0.305	0	0	0
7.258	0	0	0	0.2	0	-0.3	0	0	0	0	0	0	-0.13	0	0.305	0	0	0
7.259	0	0	0	0.2	0	-0.3	0	0	0	0	0	0	-0.13	0	0.305	0	0	0
7.26	0	0	0	0.2	0	-0.3	0	0	0	0	0	0	-0.13	0	0.305	0	0	0
7.261	0	0	0	0.2	0	-0.3	0	0	0	0	0	0	-0.13	0	0.305	0	0	0
7.262	0	0	0	0.2	0	-0.3	0	0	0	0	0	0	-0.13	0	0.305	0	0	0
7.263	0	0	0	0.2	0	-0.3	0	0	0	0	0	0	-0.13	0	0.305	0	0	0
7.264	0	0	0	0.2	0	-0.3	0	0	0	0	0	0	-0.13	0	0.305	0	0	0
7.265	0	0	0	0.2	0	-0.3	0	0	0	0	0	0	-0.13	0	0.305	0	0	0
7.266	0	0	0	0.2	0	-0.3	0	0	0	0	0	0	-0.13	0	0.305	0	0	0
7.267	0	0	0	0.2	0	-0.3	0	0	0	0	0	0	-0.13	0	0.305	0	0	0
7.268	0	0	0	0.2	0	-0.3	0	0	0	0	0	0	-0.13	0	0.305	0	0	0
7.269	0	0	0	0.2	0	-0.3	0	0	0	0	0	0	-0.13	0	0.305	0	0	0
7.27	0	0	0	0.2	0	-0.3	0	0	0	0	0	0	-0.13	0	0.305	0	0	0
7.271	0	0	0	0.2	0	-0.3	0	0	0	0	0	0	-0.13	0	0.305	0	0	0
7.272	0	0	0	0.2	0	-0.3	0	0	0	0	0	0	-0.13	0	0.305	0	0	0
7.273	0	0	0	0.2	0	-0.3	0	0	0	0	0	0	-0.13	0	0.305	0	0	0
7.274	0	0	0	0.2	0	-0.3	0	0	0	0	0	0	-0.13	0	0.305	0	0	0
7.275	0	0	0	0.2	0	-0.3	0	0	0	0	0	0	-0.13	0	0.305	0	0	0
7.276	0	0	0	0.2	0	-0.3	0	0	0	0	0	0	-0.13	0	0.305	0	0	0
7.277	0	0	0	0.2	0	-0.3	0	0	0	0	0	0	-0.13	0	0.305	0	0	0
7.278	0	0	0	0.2	0	-0.3	0	0	0	0	0	0	-0.13	0	0.305	0	0	0
7.279	0	0	0	0.2	0	-0.3	0	0	0	0	0	0	-0.13	0	0.305	0	0	0
7.28	0	0	0	0.2	0	-0.3	0	0	0	0	0	0	-0.13	0	0.305	0	0	0
7.281	0	0	0	0.2	0	-0.3	0	0	0	0	0	0	-0.13	0	0.305	0	0	0
7.282	0	0	0	0.2	0	-0.3	0	0	0	0	0	0	-0.13	0	0.305	0	0	0
7.283	0	0	0	0.2	0	-0.3	0	0	0	0	0	0	-0.13	0	0.305	0	0	0
7.284	0	0	0	0.2	0	-0.3	0	0	0	0	0	0	-0.13	0	0.305	0	0	0
7.285	0	0	0	0.2	0	-0.3	0	0	0	0	0	0	-0.13	0	0.305	0	0	0
7.286	0	0	0	0.2	0	-0.3	0	0	0	0	0	0	-0.13	0	0.305	0	0	0
7.287	0	0	0	0.2	0	-0.3	0	0	0	0	0	0	-0.13	0	0.305	0	0	0
7.288	0	0	0	0.2	0	-0.3	0	0	0	0	0	0	-0.13	0	0.305	0	0	0
7.289	0	0	0	0.2	0	-0.3	0	0	0	0	0	0	-0.13	0	0.305	0	0	0
7.29	0	0	0	0.2	0	-0.3	0	0	0	0	0	0	-0.13	0	0.305	0	0	0
7.291	0	0	0	0.2	0	-0.3	0	0	0	0	0	0	-0.13	0	0.305	0	0	0
7.292	0	0	0	0.2	0	-0.3	0	0	0	0	0	0	-0.13	0	0.305	0	0	0
7.293	0	0	0	0.2	0	-0.3	0	0	0	0	0	0	-0.13	0	0.305	0	0	0
7.294	0	0	0	0.2	0	-0.3	0	0	0	0	0	0	-0.13	0	0.305	0	0	0
7.295	0	0	0	0.2	0	-0.3	0	0	0	0	0	0	-0.13	0	0.305	0	0	0
7.296	0	0	0	0.2	0	-0.3	0	0	0	0	0	0	-0.13	0	0.305	0	0	0
7.297	0	0	0	0.2	0	-0.3	0	0	0	0	0	0	-0.13	0	0.305	0	0	0
7.298	0	0	0	0.2	0	-0.3	0	0	0	0	0	0	-0.13	0	0.305	0	0	0
7.299	0	0	0	0.2	0	-0.3	0	0	0	0	0	0	-0.13	0	0.305	0	0	0
7.3	0	0	0	0.2	0	-0.3	0	0	0	0	0	0	-0.13	0	0.305	0	0	0
7.301	0	0	0	0.2	0	-0.3	0	0	0	0	0	0	-0.13	0	0.305	0	0	0
7.302	0	0	0	0.2	0	-0.3	0	0	0	0	0	0	-0.13	0	0.305	0	0	0
7.303	0	0	0	0.2	0	-0.3	0	0	0	0	0	0	-0.13	0	0.305	0	0	0
7.304	0	0	0	0.2	0	-0.3	0	0	0	0	0	0	-0.13	0	0.305	0	0	0
7.305	0	0	0	0.2	0	-0.3	0	0	0	0	0	0	-0.13	0	0.305	0	0	0
7.306	0	0	0	0.2	0	-0.3	0	0	0	0	0	0	-0.13	0	0.305	0	0	0
7.307	0	0	0	0.2	0	-0.3	0	0	0	0	0	0	-0.13	0	0.305	0	0	0
7.308	0	0	0	0.2	0	-0.3	0	0	0	0	0	0	-0.13	0	0.305	0	0	0
7.309	0	0	0	0.2	0	-0.3	0	0	0	0	0	0	-0.13	0	0.305	0	0	0
7.31	0	0	0	0.2	0	-0.3	0	0	0	0	0	0	-0.13	0	0.305	0	0	0
7.311	0	0	0	0.2	0	-0.3	0	0	0	0	0	0	-0.13	0	0.305	0	0	0
7.312	0	0	0	0.2	0	-0.3	0	0	0	0	0	0	-0.13	0	0.305	0	0	0
7.313	0	0	0	0.2	0	-0.3	0	0	0	0	0	0	-0.13	0	0.305	0	0	0
7.314	0	0	0	0.2	0	-0.3	0	0	0	0	0	0	-0.13	0	0.305	0	0	0
7.315	0	0	0	0.2	0	-0.3	0	0	0	0	0	0	-0.13	0	0.305	0	0	0
7.316	0	0	0	0.2	0	-0.3	0	0	0	0	0	0	-0.13	0	0.305	0	0	0
7.317	0	0	0	0.2	0	-0.3	0	0	0	0	0	0	-0.13	0	0.305	0	0	0
7.318	0	0	0	0.2	0	-0.3	0	0	0	0	0	0	-0.13	0	0.305	0	0	0
7.319	0	0	0	0.2	0	-0.3	0	0	0	0	0	0	-0.13	0	0.305	0	0	0
7.32	0	0	0	0.2	0	-0.3	0	0	0	0	0	0	-0.13	0	0.305	0	0	0
7.321	0	0	0	0.2	0	-0.3	0	0	0	0	0	0	-0.13	0	0.305	0	0	0
7.322	0	0	0	0.2	0	-0.3	0	0	0	0	0	0	-0.13	0	0.305	0	0	0
7.323	0	0	0	0.2	0	-0.3	0	0	0	0	0	0	-0.13	0	0.305	0	0	0
7.324	0	0	0	0.2	0	-0.3	0	0	0	0	0	0	-0.13	0	0.305	0	0	0
7.325	0	0	0	0.2	0	-0.3	0	0	0	0	0	0	-0.13	0	0.305	0	0	0
7.326	0	0	0	0.2	0	-0.3	0	0	0	0	0	0	-0.13	0	0.305	0	0	0
7.327	0	0	0	0.2	0	-0.3	0	0	0	0	0	0	-0.13	0	0.305	0	0	0
7.328	0	0	0	0.2	0	-0.3	0	0	0	0	0	0	-0.13	0	0.305	0	0	0
7.329	0	0	0	0.2	0	-0.3	0	0	0	0	0	0	-0.13	0	0.305	0	0	0
7.33	0	0	0	0.2	0	-0.3	0	0	0	0	0	0	-0.13	0	0.305	0	0	0
7.331	0	0	0	0.2	0	-0.3	0	0	0	0	0	0	-0.13	0	0.305	0	0	0
7.332	0	0	0	0.2	0	-0.3	0	0	0	0	0	0	-0.13	0	0.305	0	0	0
7.333	0	0	0	0.2	0	-0.3	0	0	0	0	0	0	-0.13	0	0.305	0	0	0
7.334	0	0	0	0.2	0	-0.3	0	0	0	0	0	0	-0.13	0	0.305	0	0	0
7.335	0	0	0	0.2	0	-0.3	0	0	0	0	0	0	-0.13	0	0.305	0	0	0
7.336	0	0	0	0.2	0	-0.3	0	0	0	0	0	0	-0.13	0	0.305	0	0	0
7.337	0	0	0	0.2	0	-0.3	0	0	0	0	0	0	-0.13	0	0.305	0	0	0
7.338	0	0	0	0.2	0	-0.3	0	0	0	0	0	0	-0.13	0	0.305	0	0	0
7.339	0	0	0	0.2	0	-0.3	0	0	0	0	0	0	-0.13	0	0.305	0	0	0
7.34	0	0	0	0.2	0	-0.3	0	0	0	0	0	0	-0.13	0	0.305	0	0	0
7.341	0	0	0	0.2	0	-0.3	0	0	0	0	0	0	-0.13	0	0.305	0	0	0
7.342	0	0	0	0.2	0	-0.3	0	0	0	0	0	0	-0.13	0	0.305	0	0	0
7.343	0	0	0	0.2	0	-0.3	0	0	0	0	0	0	-0.13	0	0.305	0	0	0
7.344	0	0	0	0.2	0	-0.3	0	0	0	0	0	0	-0.13	0	0.305	0	0	0
7.345	0	0	0	0.2	0	-0.3	0	0	0	0	0	0	-0.13	0	0.305	0	0	0
7.346	0	0	0	0.2	0	-0.3	0	0	0	0	0	0	-0.13	0	0.305	0	0	0
7.347	0	0	0	0.2	0	-0.3	0	0	0	0	0	0	-0.13	0	0.305	0	0	0
7.348	0	0	0	0.2	0	-0.3	0	0	0	0	0	0	-0.13	0	0.305	0	0	0
7.349	0	0	0	0.2	0	-0.3	0	0	0	0	0	0	-0.13	0	0.305	0	0	0
7.35	0	0	0	0.2	0	-0.3	0	0	0	0	0	0	-0.13	0	0.305	0	0	0
7.351	0	0	0	0.2	0	-0.3	0	0	0	0	0	0	-0.13	0	0.305	0	0	0
7.352	0	0	0	0.2	0	-0.3	0	0	0	0	0	0	-0.13	0	0.305	0	0	0
7.353	0	0	0	0.2	0	-0.3	0	0	0	0	0	0	-0.13	0	0.305	0	0	0
7.354	0	0	0	0.2	0	-0.3	0	0	0	0	0	0	-0.13	0	0.305	0	0	0
7.355	0	0	0	0.2	0	-0.3	0	0	0	0	0	0	-0.13	0	0.305	0	0	0
7.356	0	0	0	0.2	0	-0.3	0	0	0	0	0	0	-0.13	0	0.305	0	0	0
7.357	0	0	0	0.2	0	-0.3	0	0	0	0	0	0	-0.13	0	0.305	0	0	0
7.358	0	0	0	0.2	0	-0.3	0	0	0	0	0	0	-0.13	0	0.305	0	0	0
7.359	0	0	0	0.2	0	-0.3	0	0	0	0	0	0	-0.13	0	0.305	0	0	0
7.36	0	0	0	0.2	0	-0.3	0	0	0	0	0	0	-0.13	0	0.305	0	0	0
7.361	0	0	0	0.2	0	-0.3	0	0	0	0	0	0	-0.13	0	0.305	0	0	0
7.362	0	0	0	0.2	0	-0.3	0	0	0	0	0	0	-0.13	0	0.305	0	0	0
7.363	0	0	0	0.2	0	-0.3	0	0	0	0	0	0	-0.13	0	0.305	0	0	0
7.364	0	0	0	0.2	0	-0.3	0	0	0	0	0	0	-0.13	0	0.305	0	0	0
7.365	0	0	0	0.2	0	-0.3	0	0	0	0	0	0	-0.13	0	0.305	0	0	0
7.366	0	0	0	0.2	0	-0.3	0	0	0	0	0	0	-0.13	0	0.305	0	0	0
7.367	0	0	0	0.2	0	-0.3	0	0	0	0	0	0	-0.13	0	0.305	0	0	0
7.368	0	0	0	0.2	0	-0.3	0	0	0	0	0	0	-0.13	0	0.305	0	0	0
7.369	0	0	0	0.2	0	-0.3	0	0	0	0	0	0	-0.13	0	0.305	0	0	0
7.37	0	0	0	0.2	0	-0.3	0	0	0	0	0	0	-0.13	0	0.305	0	0	0
7.371	0	0	0	0.2	0	-0.3	0	0	0	0	0	0	-0.13	0	0.305	0	0	0
7.372	0	0	0	0.2	0	-0.3	0	0	0	0	0	0	-0.13	0	0.305	0	0	0
7.373	0	0	0	0.2	0	-0.3	0	0	0	0	0	0	-0.13	0	0.305	0	0	0
7.374	0	0	0	0.2	0	-0.3	0	0	0	0	0	0	-0.13	0	0.305	0	0	0
7.375	0	0	0	0.2	0	-0.3	0	0	0	0	0	0	-0.13	0	0.305	0	0	0
7.376	0	0	0	0.2	0	-0.3	0	0	0	0	0	0	-0.13	0	0.305	0	0	0
7.377	0	0	0	0.2	0	-0.3	0	0	0	0	0	0	-0.13	0	0.305	0	0	0
7.378	0	0	0	0.2	0	-0.3	0	0	0	0	0	0	-0.13	0	0.305	0	0	0
7.379	0	0	0	0.2	0	-0.3	0	0	0	0	0	0	-0.13	0	0.305	0	0	0
7.38	0	0	0	0.2	0	-0.3	0	0	0	0	0	0	-0.13	0	0.305	0	0	0
7.381	0	0	0	0.2	0	-0.3	0	0	0	0	0	0	-0.13	0	0.305	0	0	0
7.382	0	0	0	0.2	0	-0.3	0	0	0	0	0	0	-0.13	0	0.305	0	0	0
7.383	0	0	0	0.2	0	-0.3	0	0	0	0	0	0	-0.13	0	0.305	0	0	0
7.384	0	0	0	0.2	0	-0.3	0	0	0	0	0	0	-0.13	0	0.305	0	0	0
7.385	0	0	0	0.2	0	-0.3	0	0	0	0	0	0	-0.13	0	0.305	0	0	0
7.386	0	0	0	0.2	0	-0.3	0	0	0	0	0	0	-0.13	0	0.305	0	0	0
7.387	0	0	0	0.2	0	-0.3	0	0	0	0	0	0	-0.13	0	0.305	0	0	0
7.388	0	0	0	0.2	0	-0.3	0	0	0	0	0	0	-0.13	0	0.305	0	0	0
7.389	0	0	0	0.2	0	-0.3	0	0	0	0	0	0	-0.13	0	0.305	0	0	0
7.39	0	0	0	0.2	0	-0.3	0	0	0	0	0	0	-0.13	0	0.305	0	0	0
7.391	0	0	0	0.2	0	-0.3	0	0	0	0	0	0	-0.13	0	0.305	0	0	0
7.392	0	0	0	0.2	0	-0.3	0	0	0	0	0	0	-0.13	0	0.305	0	0	0
7.393	0	0	0	0.2	0	-0.3	0	0	0	0	0	0	-0.13	0	0.305	0	0	0
7.394	0	0	0	0.2	0	-0.3	0	0	0	0	0	0	-0.13	0	0.305	0	0	0
7.395	0	0	0	0.2	0	-0.3	0	0	0	0	0	0	-0.13	0	0.305	0	0	0
7.396	0	0	0	0.2	0	-0.3	0	0	0	0	0	0	-0.13	0	0.305	0	0	0
7.397	0	0	0	0.2	0	-0.3	0	0	0	0	0	0	-0.13	0	0.305	0	0	0
7.398	0	0	0	0.2	0	-0.3	0	0	0	0	0	0	-0.13	0	0.305	0	0	0
7.399	0	0	0	0.2	0	-0.3	0	0	0	0	0	0	-0.13	0	0.305	0	0	0
7.4	0	0	0	0.2	0	-0.3	0	0	0	0	0	0	-0.13	0	0.305	0	0	0
7.401	0	0	0	0.2	0	-0.3	0	0	0	0	0	0	-0.13	0	0.305	0	0	0
7.402	0	0	0	0.2	0	-0.3	0	0	0	0	0	0	-0.13	0	0.305	0	0	0
7.403	0	0	0	0.2	0	-0.3	0	0	0	0	0	0	-0.13	0	0.305	0	0	0
7.404	0	0	0	0.2	0	-0.3	0	0	0	0	0	0	-0.13	0	0.305	0	0	0
7.405	0	0	0	0.2	0	-0.3	0	0	0	0	0	0	-0.13	0	0.305	0	0	0
7.406	0	0	0	0.2	0	-0.3	0	0	0	0	0	0	-0.13	0	0.305	0	0	0
7.407	0	0	0	0.2	0	-0.3	0	0	0	0	0	0	-0.13	0	0.305	0	0	0
7.408	0	0	0	0.2	0	-0.3	0	0	0	0	0	0	-0.13	0	0.305	0	0	0
7.409	0	0	0	0.2	0	-0.3	0	0	0	0	0	0	-0.13	0	0.305	0	0	0
7.41	0	0	0	0.2	0	-0.3	0	0	0	0	0	0	-0.13	0	0.305	0	0	0
7.411	0	0	0	0.2	0	-0.3	0	0	0	0	0	0	-0.13	0	0.305	0	0	0
7.412	0	0	0	0.2	0	-0.3	0	0	0	0	0	0	-0.13	0	0.305	0	0	0
7.413	0	0	0	0.2	0	-0.3	0	0	0	0	0	0	-0.13	0	0.305	0	0	0
7.414	0	0	0	0.2	0	-0.3	0	0	0	0	0	0	-0.13	0	0.305	0	0	0
7.415	0	0	0	0.2	0	-0.3	0	0	0	0	0	0	-0.13	0	0.305	0	0	0
7.416	0	0	0	0.2	0	-0.3	0	0	0	0	0	0	-0.13	0	0.305	0	0	0
7.417	0	0	0	0.2	0	-0.3	0	0	0	0	0	0	-0.13	0	0.305	0	0	0
7.418	0	0	0	0.2	0	-0.3	0	0	0	0	0	0	-0.13	0	0.305	0	0	0
7.419	0	0	0	0.2	0	-0.3	0	0	0	0	0	0	-0.13	0	0.305	0	0	0
7.42	0	0	0	0.2	0	-0.3	0	0	0	0	0	0	-0.13	0	0.305	0	0	0
7.421	0	0	0	0.2	0	-0.3	0	0	0	0	0	0	-0.13	0	0.305	0	0	0
7.422	0	0	0	0.2	0	-0.3	0	0	0	0	0	0	-0.13	0	0.305	0	0	0
7.423	0	0	0	0.2	0	-0.3	0	0	0	0	0	0	-0.13	0	0.305	0	0	0
7.424	0	0	0	0.2	0	-0.3	0	0	0	0	0	0	-0.13	0	0.305	0	0	0
7.425	0	0	0	0.2	0	-0.3	0	0	0	0	0	0	-0.13	0	0.305	0	0	0
7.426	0	0	0	0.2	0	-0.3	0	0	0	0	0	0	-0.13	0	0.305	0	0	0
7.427	0	0	0	0.2	0	-0.3	0	0	0	0	0	0	-0.13	0	0.305	0	0	0
7.428	0	0	0	0.2	0	-0.3	0	0	0	0	0	0	-0.13	0	0.305	0	0	0
7.429	0	0	0	0.2	0	-0.3	0	0	0	0	0	0	-0.13	0	0.305	0	0	0
7.43	0	0	0	0.2	0	-0.3	0	0	0	0	0	0	-0.13	0	0.305	0	0	0
7.431	0	0	0	0.2	0	-0.3	0	0	0	0	0	0	-0.13	0	0.305	0	0	0
7.432	0	0	0	0.2	0	-0.3	0	0	0	0	0	0	-0.13	0	0.305	0	0	0
7.433	0	0	0	0.2	0	-0.3	0	0	0	0	0	0	-0.13	0	0.305	0	0	0
7.434	0	0	0	0.2	0	-0.3	0	0	0	0	0	0	-0.13	0	0.305	0	0	0
7.435	0	0	0	0.2	0	-0.3	0	0	0	0	0	0	-0.13	0	0.305	0	0	0
7.436	0	0	0	0.2	0	-0.3	0	0	0	0	0	0	-0.13	0	0.305	0	0	0
7.437	0	0	0	0.2	0	-0.3	0	0	0	0	0	0	-0.13	0	0.305	0	0	0
7.438	0	0	0	0.2	0	-0.3	0	0	0	0	0	0	-0.13	0	0.305	0	0	0
7.439	0	0	0	0.2	0	-0.3	0	0	0	0	0	0	-0.13	0	0.305	0	0	0
7.44	0	0	0	0.2	0	-0.3	0	0	0	0	0	0	-0.13	0	0.305	0	0	0
7.441	0	0	0	0.2	0	-0.3	0	0	0	0	0	0	-0.13	0	0.305	0	0	0
7.442	0	0	0	0.2	0	-0.3	0	0	0	0	0	0	-0.13	0	0.305	0	0	0
7.443	0	0	0	0.2	0	-0.3	0	0	0	0	0	0	-0.13	0	0.305	0	0	0
7.444	0	0	0	0.2	0	-0.3	0	0	0	0	0	0	-0.13	0	0.305	0	0	0
7.445	0	0	0	0.2	0	-0.3	0	0	0	0	0	0	-0.13	0	0.305	0	0	0
7.446	0	0	0	0.2	0	-0.3	0	0	0	0	0	0	-0.13	0	0.305	0	0	0
7.447	0	0	0	0.2	0	-0.3	0	0	0	0	0	0	-0.13	0	0.305	0	0	0
7.448	0	0	0	0.2	0	-0.3	0	0	0	0	0	0	-0.13	0	0.305	0	0	0
7.449	0	0	0	0.2	0	-0.3	0	0	0	0	0	0	-0.13	0	0.305	0	0	0
7.45	0	0	0	0.2	0	-0.3	0	0	0	0	0	0	-0.13	0	0.305	0	0	0
7.451	0	0	0	0.2	0	-0.3	0	0	0	0	0	0	-0.13	0	0.305	0	0	0
7.452	0	0	0	0.2	0	-0.3	0	0	0	0	0	0	-0.13	0	0.305	0	0	0
7.453	0	0	0	0.2	0	-0.3	0	0	0	0	0	0	-0.13	0	0.305	0	0	0
7.454	0	0	0	0.2	0	-0.3	0	0	0	0	0	0	-0.13	0	0.305	0	0	0
7.455	0	0	0	0.2	0	-0.3	0	0	0	0	0	0	-0.13	0	0.305	0	0	0
7.456	0	0	0	0.2	0	-0.3	0	0	0	0	0	0	-0.13	0	0.305	0	0	0
7.457	0	0	0	0.2	0	-0.3	0	0	0	0	0	0	-0.13	0	0.305	0	0	0
7.458	0	0	0	0.2	0	-0.3	0	0	0	0	0	0	-0.13	0	0.305	0	0	0
7.459	0	0	0	0.2	0	-0.3	0	0	0	0	0	0	-0.13	0	0.305	0	0	0
7.46	0	0	0	0.2	0	-0.3	0	0	0	0	0	0	-0.13	0	0.305	0	0	0
7.461	0	0	0	0.2	0	-0.3	0	0	0	0	0	0	-0.13	0	0.305	0	0	0
7.462	0	0	0	0.2	0	-0.3	0	0	0	0	0	0	-0.13	0	0.305	0	0	0
7.463	0	0	0	0.2	0	-0.3	0	0	0	0	0	0	-0.13	0	0.305	0	0	0
7.464	0	0	0	0.2	0	-0.3	0	0	0	0	0	0	-0.13	0	0.305	0	0	0
7.465	0	0	0	0.2	0	-0.3	0	0	0	0	0	0	-0.13	0	0.305	0	0	0
7.466	0	0	0	0.2	0	-0.3	0	0	0	0	0	0	-0.13	0	0.305	0	0	0
7.467	0	0	0	0.2	0	-0.3	0	0	0	0	0	0	-0.13	0	0.305	0	0	0
7.468	0	0	0	0.2	0	-0.3	0	0	0	0	0	0	-0.13	0	0.305	0	0	0
7.469	0	0	0	0.2	0	-0.3	0	0	0	0	0	0	-0.13	0	0.305	0	0	0
7.47	0	0	0	0.2	0	-0.3	0	0	0	0	0	0	-0.13	0	0.305	0	0	0
7.471	0	0	0	0.2	0	-0.3	0	0	0	0	0	0	-0.13	0	0.305	0	0	0
7.472	0	0	0	0.2	0	-0.3	0	0	0	0	0	0	-0.13	0	0.305	0	0	0
7.473	0	0	0	0.2	0	-0.3	0	0	0	0	0	0	-0.13	0	0.305	0	0	0
7.474	0	0	0	0.2	0	-0.3	0	0	0	0	0	0	-0.13	0	0.305	0	0	0
7.475	0	0	0	0.2	0	-0.3	0	0	0	0	0	0	-0.13	0	0.305	0	0	0
7.476	0	0	0	0.2	0	-0.3	0	0	0	0	0	0	-0.13	0	0.305	0	0	0
7.477	0	0	0	0.2	0	-0.3	0	0	0	0	0	0	-0.13	0	0.305	0	0	0
7.478	0	0	0	0.2	0	-0.3	0	0	0	0	0	0	-0.13	0	0.305	0	0	0
7.479	0	0	0	0.2	0	-0.3	0	0	0	0	0	0	-0.13	0	0.305	0	0	0
7.48	0	0	0	0.2	0	-0.3	0	0	0	0	0	0	-0.13	0	0.305	0	0	0
7.481	0	0	0	0.2	0	-0.3	0	0	0	0	0	0	-0.13	0	0.305	0	0	0
7.482	0	0	0	0.2	0	-0.3	0	0	0	0	0	0	-0.13	0	0.305	0	0	0
7.483	0	0	0	0.2	0	-0.3	0	0	0	0	0	0	-0.13	0	0.305	0	0	0
7.484	0	0	0	0.2	0	-0.3	0	0	0	0	0	0	-0.13	0	0.305	0	0	0
7.485	0	0	0	0.2	0	-0.3	0	0	0	0	0	0	-0.13	0	0.305	0	0	0
7.486	0	0	0	0.2	0	-0.3	0	0	0	0	0	0	-0.13	0	0.305	0	0	0
7.487	0	0	0	0.2	0	-0.3	0	0	0	0	0	0	-0.13	0	0.305	0	0	0
7.488	0	0	0	0.2	0	-0.3	0	0	0	0	0	0	-0.13	0	0.305	0	0	0
7.489	0	0	0	0.2	0	-0.3	0	0	0	0	0	0	-0.13	0	0.305	0	0	0
7.49	0	0	0	0.2	0	-0.3	0	0	0	0	0	0	-0.13	0	0.305	0	0	0
7.491	0	0	0	0.2	0	-0.3	0	0	0	0	0	0	-0.13	0	0.305	0	0	0
7.492	0	0	0	0.2	0	-0.3	0	0	0	0	0	0	-0.13	0	0.305	0	0	0
7.493	0	0	0	0.2	0	-0.3	0	0	0	0	0	0	-0.13	0	0.305	0	0	0
7.494	0	0	0	0.2	0	-0.3	0	0	0	0	0	0	-0.13	0	0.305	0	0	0
7.495	0	0	0	0.2	0	-0.3	0	0	0	0	0	0	-0.13	0	0.305	0	0	0
7.496	0	0	0	0.2	0	-0.3	0	0	0	0	0	0	-0.13	0	0.305	0	0	0
7.497	0	0	0	0.2	0	-0.3	0	0	0	0	0	0	-0.13	0	0.305	0	0	0
7.498	0	0	0	0.2	0	-0.3	0	0	0	0	0	0	-0.13	0	0.305	0	0	0
7.499	0	0	0	0.2	0	-0.3	0	0	0	0	0	0	-0.13	0	0.305	0	0	0
7.5	0	0	0	0.2	0	-0.3	0	0	0	0	0	0	-0.13	0	0.305	0	0	0
7.501	0	0	0	0.2	0	-0.3	0	0	0	0	0	0	-0.13	0	0.305	0	0	0
7.502	0	0	0	0.2	0	-0.3	0	0	0	0	0	0	-0.13	0	0.305	0	0	0
7.503	0	0	0	0.2	0	-0.3	0	0	0	0	0	0	-0.13	0	0.305	0	0	0
7.504	0	0	0	0.2	0	-0.3	0	0	0	0	0	0	-0.13	0	0.305	0	0	0
7.505	0	0	0	0.2	0	-0.3	0	0	0	0	0	0	-0.13	0	0.305	0	0	0
7.506	0	0	0	0.2	0	-0.3	0	0	0	0	0	0	-0.13	0	0.305	0	0	0
7.507	0	0	0	0.2	0	-0.3	0	0	0	0	0	0	-0.13	0	0.305	0	0	0
7.508	0	0	0	0.2	0	-0.3	0	0	0	0	0	0	-0.13	0	0.305	0	0	0
7.509	0	0	0	0.2	0	-0.3	0	0	0	0	0	0	-0.13	0	0.305	0	0	0
7.51	0	0	0	0.2	0	-0.3	0	0	0	0	0	0	-0.13	0	0.305	0	0	0
7.511	0	0	0	0.2	0	-0.3	0	0	0	0	0	0	-0.13	0	0.305	0	0	0
7.512	0	0	0	0.2	0	-0.3	0	0	0	0	0	0	-0.13	0	0.305	0	0	0
7.513	0	0	0	0.2	0	-0.3	0	0	0	0	0	0	-0.13	0	0.305	0	0	0
7.514	0	0	0	0.2	0	-0.3	0	0	0	0	0	0	-0.13	0	0.305	0	0	0
7.515	0	0	0	0.2	0	-0.3	0	0	0	0	0	0	-0.13	0	0.305	0	0	0
7.516	0	0	0	0.2	0	-0.3	0	0	0	0	0	0	-0.13	0	0.305	0	0	0
7.517	0	0	0	0.2	0	-0.3	0	0	0	0	0	0	-0.13	0	0.305	0	0	0
7.518	0	0	0	0.2	0	-0.3	0	0	0	0	0	0	-0.13	0	0.305	0	0	0
7.519	0	0	0	0.2	0	-0.3	0	0	0	0	0	0	-0.13	0	0.305	0	0	0
7.52	0	0	0	0.2	0	-0.3	0	0	0	0	0	0	-0.13	0	0.305	0	0	0
7.521	0	0	0	0.2	0	-0.3	0	0	0	0	0	0	-0.13	0	0.305	0	0	0
7.522	0	0	0	0.2	0	-0.3	0	0	0	0	0	0	-0.13	0	0.305	0	0	0
7.523	0	0	0	0.2	0	-0.3	0	0	0	0	0	0	-0.13	0	0.305	0	0	0
7.524	0	0	0	0.2	0	-0.3	0	0	0	0	0	0	-0.13	0	0.305	0	0	0
7.525	0	0	0	0.2	0	-0.3	0	0	0	0	0	0	-0.13	0	0.305	0	0	0
7.526	0	0	0	0.2	0	-0.3	0	0	0	0	0	0	-0.13	0	0.305	0	0	0
7.527	0	0	0	0.2	0	-0.3	0	0	0	0	0	0	-0.13	0	0.305	0	0	0
7.528	0	0	0	0.2	0	-0.3	0	0	0	0	0	0	-0.13	0	0.305	0	0	0
7.529	0	0	0	0.2	0	-0.3	0	0	0	0	0	0	-0.13	0	0.305	0	0	0
